=== task 0 : dataset=a10 seed=0 ===
NVIDIA A100-SXM4-80GB
----------------- Options ---------------
               batch_size: 64                            
                    beta1: 0.0                           	[default: 0.5]
          checkpoints_dir: ./checkpoints                 
           continue_train: False                         
                crop_size: 256                           
               cycle_loss: ce                            
                 dataroot: .                             	[default: None]
             dataset_mode: cipher                        
                direction: AtoB                          
             display_freq: 20000                         	[default: 400]
               display_id: 0                             
          display_winsize: 256                           
                embed_dim: 256                           	[default: 64]
                    epoch: latest                        
              epoch_count: 1                             
                 gan_mode: lsgan                         
                   gumbel: False                         
                init_gain: 0.02                          
                init_type: normal                        
                 input_nc: 3                             
                  isTrain: True                          	[default: None]
                     kw_D: 15                            	[default: 4]
                 lambda_A: 1.0                           	[default: 10.0]
                 lambda_B: 1.0                           	[default: 10.0]
                lambda_gp: 1.0                           	[default: 10.0]
          lambda_identity: 0.0                           
                load_iter: 0                             	[default: 0]
                load_size: 286                           
                       lr: 0.0002                        
           lr_decay_iters: 50                            
                lr_policy: linear                        
         matched_softness: True                          	[default: False]
         max_dataset_size: inf                           
                    model: cipher_cycle_gan              	[default: cycle_gan]
               n_blocks_G: 5                             	[default: 4]
                 n_critic: 1                             
                 n_epochs: 40                            	[default: 100]
           n_epochs_decay: 10                            	[default: 100]
               n_layers_D: 5                             	[default: 3]
                     name: a10_s0_gp1                    	[default: experiment_name]
                      ndf: 32                            	[default: 128]
                     netD: seq                           
                     netG: seq                           
                      ngf: 128                           
               no_dropout: True                          
                  no_flip: True                          
                  no_html: False                         
                     norm: layer                         	[default: instance]
                 npz_path: data/a10/dataset.npz          	[default: None]
              num_threads: 8                             	[default: 4]
                output_nc: 3                             
                pair_seed: 0                             
                    phase: train                         
              pointwise_G: True                          	[default: False]
                pool_size: 50                            
               preprocess: none                          
               print_freq: 100                           
         real_logit_scale: 5.0                           
             save_by_iter: False                         
          save_epoch_freq: 50                            	[default: 5]
         save_latest_freq: 5000                          
           serial_batches: False                         
         straight_through: True                          	[default: False]
                   suffix:                               
                  tau_end: 0.1                           
                tau_start: 0.5                           	[default: 1.0]
         update_html_freq: 1000                          
                   use_gp: True                          	[default: False]
                use_wandb: False                         
                  verbose: False                         
               vocab_size: -1                            
       wandb_project_name: CycleGAN-and-pix2pix          
----------------- End -------------------
Initialized with device cuda:0
[cipher] train: A(cipher)=(21883, 64) B(plain)=(21883, 64) vocab=11 cipher=substitution paired=False
dataset [CipherDataset] was created
The number of training images = 21883
Initialized with device cuda:0
initialize network with normal
Initialized with device cuda:0
initialize network with normal
Initialized with device cuda:0
initialize network with normal
Initialized with device cuda:0
initialize network with normal
model [CipherCycleGANModel] was created
Initialized with device cuda:0
initialize network with normal
Initialized with device cuda:0
initialize network with normal
Initialized with device cuda:0
initialize network with normal
Initialized with device cuda:0
initialize network with normal
---------- Networks initialized -------------
[Network G_A] Total number of parameters : 0.205 M
[Network G_B] Total number of parameters : 0.205 M
[Network D_A] Total number of parameters : 0.473 M
[Network D_B] Total number of parameters : 0.473 M
-----------------------------------------------
create web directory checkpoints/a10_s0_gp1/web...
[Rank 0] (epoch: 1, iters: 1600, time: 0.001, data: 0.102) , D_A: 1.142, G_A: 0.077, cycle_A: 1.723, D_B: 0.734, G_B: 0.420, cycle_B: 0.768, gp: 0.535

[Rank 0] (epoch: 1, iters: 3200, time: 0.001, data: 0.001) , D_A: 0.686, G_A: 0.981, cycle_A: 1.357, D_B: 0.764, G_B: 0.476, cycle_B: 0.845, gp: 0.532

[Rank 0] (epoch: 1, iters: 4800, time: 0.001, data: 0.001) , D_A: 0.628, G_A: 0.307, cycle_A: 0.994, D_B: 0.752, G_B: 0.360, cycle_B: 0.407, gp: 0.448

[Rank 0] (epoch: 1, iters: 6400, time: 0.001, data: 0.002) , D_A: 0.444, G_A: 1.267, cycle_A: 0.750, D_B: 0.788, G_B: 0.313, cycle_B: 0.548, gp: 0.450

[Rank 0] (epoch: 1, iters: 8000, time: 0.001, data: 0.001) , D_A: 0.455, G_A: 0.496, cycle_A: 0.822, D_B: 0.703, G_B: 0.560, cycle_B: 0.289, gp: 0.429

[Rank 0] (epoch: 1, iters: 9600, time: 0.001, data: 0.001) , D_A: 0.566, G_A: 1.784, cycle_A: 0.559, D_B: 0.828, G_B: 0.409, cycle_B: 0.883, gp: 0.511

[Rank 0] (epoch: 1, iters: 11200, time: 0.001, data: 0.001) , D_A: 0.443, G_A: 1.298, cycle_A: 0.420, D_B: 0.686, G_B: 1.470, cycle_B: 0.424, gp: 0.428

[Rank 0] (epoch: 1, iters: 12800, time: 0.001, data: 0.001) , D_A: 0.357, G_A: 1.113, cycle_A: 0.310, D_B: 0.643, G_B: 0.814, cycle_B: 0.337, gp: 0.516

[Rank 0] (epoch: 1, iters: 14400, time: 0.001, data: 0.001) , D_A: 0.372, G_A: 0.598, cycle_A: 0.515, D_B: 0.559, G_B: 0.479, cycle_B: 0.196, gp: 0.381

[Rank 0] (epoch: 1, iters: 16000, time: 0.001, data: 0.001) , D_A: 0.597, G_A: 0.172, cycle_A: 0.374, D_B: 0.526, G_B: 1.069, cycle_B: 0.153, gp: 0.366

[Rank 0] (epoch: 1, iters: 17600, time: 0.001, data: 0.001) , D_A: 0.374, G_A: 0.792, cycle_A: 0.247, D_B: 0.527, G_B: 0.883, cycle_B: 0.305, gp: 0.369

[Rank 0] (epoch: 1, iters: 19200, time: 0.001, data: 0.001) , D_A: 0.522, G_A: 1.693, cycle_A: 0.373, D_B: 0.458, G_B: 0.646, cycle_B: 0.271, gp: 0.370

[Rank 0] (epoch: 1, iters: 20800, time: 0.001, data: 0.001) , D_A: 0.330, G_A: 0.772, cycle_A: 0.373, D_B: 0.450, G_B: 1.440, cycle_B: 0.360, gp: 0.351

learning rate 0.0002000 -> 0.0002000
temperature tau = 0.4838
End of epoch 1 / 50 	 Time Taken: 19 sec
[Rank 0] (epoch: 2, iters: 512, time: 0.001, data: 0.001) , D_A: 0.364, G_A: 1.025, cycle_A: 0.232, D_B: 0.384, G_B: 0.802, cycle_B: 0.402, gp: 0.254

[Rank 0] (epoch: 2, iters: 2112, time: 0.001, data: 0.001) , D_A: 0.357, G_A: 0.970, cycle_A: 0.238, D_B: 0.394, G_B: 0.527, cycle_B: 0.403, gp: 0.257

[Rank 0] (epoch: 2, iters: 3712, time: 0.001, data: 0.001) , D_A: 0.301, G_A: 0.912, cycle_A: 0.348, D_B: 0.345, G_B: 0.885, cycle_B: 0.281, gp: 0.286

[Rank 0] (epoch: 2, iters: 5312, time: 0.001, data: 0.001) , D_A: 0.237, G_A: 0.815, cycle_A: 0.203, D_B: 0.373, G_B: 0.986, cycle_B: 0.346, gp: 0.307

[Rank 0] (epoch: 2, iters: 6912, time: 0.001, data: 0.002) , D_A: 0.285, G_A: 1.337, cycle_A: 0.202, D_B: 0.295, G_B: 1.090, cycle_B: 0.391, gp: 0.237

[Rank 0] (epoch: 2, iters: 8512, time: 0.001, data: 0.002) , D_A: 0.309, G_A: 1.224, cycle_A: 0.423, D_B: 0.352, G_B: 0.980, cycle_B: 0.274, gp: 0.284

[Rank 0] (epoch: 2, iters: 10112, time: 0.001, data: 0.001) , D_A: 0.328, G_A: 0.918, cycle_A: 0.326, D_B: 0.415, G_B: 0.831, cycle_B: 0.271, gp: 0.365

[Rank 0] (epoch: 2, iters: 11712, time: 0.001, data: 0.001) , D_A: 0.472, G_A: 1.481, cycle_A: 0.204, D_B: 0.479, G_B: 0.231, cycle_B: 0.326, gp: 0.312

[Rank 0] (epoch: 2, iters: 13312, time: 0.001, data: 0.001) , D_A: 0.255, G_A: 0.916, cycle_A: 0.340, D_B: 0.387, G_B: 1.021, cycle_B: 0.269, gp: 0.335

[Rank 0] (epoch: 2, iters: 14912, time: 0.001, data: 0.002) , D_A: 0.375, G_A: 0.237, cycle_A: 0.202, D_B: 0.387, G_B: 1.028, cycle_B: 0.328, gp: 0.335

[Rank 0] (epoch: 2, iters: 16512, time: 0.001, data: 0.001) , D_A: 0.337, G_A: 1.244, cycle_A: 0.339, D_B: 0.480, G_B: 1.062, cycle_B: 0.265, gp: 0.386

--- iter tau=0.4838 ---
  cipher in : adbadbfibidbadbadbffddhbaibdiedbfbadbdeadbaicabebdaieicbdbgddbcd
  decrypted : ha ha dg ga ha ha ddaac hg agia d ha aiha hgih i ahgigi a haa ia
  real plain: g hi fi gd a he dia ia die hee iieae b ccied f iage a ac he caia
  cipher in : hbiabicihdbibidbfbadbei bfbdebedbebddhbfbiibgedbibaedbadbddbfbed
  decrypted : c gh gigca g ga d ha igb d ai ia i aac d gg hia g hia ha aa d ia
  real plain:  gd f i he cea a f he he a begd baee ca c he fa adiai eeh f he i
[Rank 0] (epoch: 2, iters: 18112, time: 0.001, data: 0.001) , D_A: 0.319, G_A: 0.952, cycle_A: 0.329, D_B: 0.305, G_B: 0.980, cycle_B: 0.268, gp: 0.256

saving the latest model (epoch 2, total_iters 40000)
[Rank 0] (epoch: 2, iters: 19712, time: 0.001, data: 0.001) , D_A: 0.230, G_A: 0.842, cycle_A: 0.339, D_B: 0.487, G_B: 0.966, cycle_B: 0.227, gp: 0.396

[Rank 0] (epoch: 2, iters: 21312, time: 0.001, data: 0.001) , D_A: 0.255, G_A: 1.015, cycle_A: 0.194, D_B: 0.365, G_B: 0.935, cycle_B: 0.268, gp: 0.322

learning rate 0.0002000 -> 0.0002000
temperature tau = 0.4682
End of epoch 2 / 50 	 Time Taken: 20 sec
[Rank 0] (epoch: 3, iters: 1024, time: 0.001, data: 0.001) , D_A: 0.331, G_A: 1.005, cycle_A: 0.198, D_B: 0.503, G_B: 0.438, cycle_B: 0.283, gp: 0.391

[Rank 0] (epoch: 3, iters: 2624, time: 0.001, data: 0.000) , D_A: 0.270, G_A: 0.892, cycle_A: 0.187, D_B: 0.392, G_B: 1.051, cycle_B: 0.259, gp: 0.292

[Rank 0] (epoch: 3, iters: 4224, time: 0.001, data: 0.001) , D_A: 0.276, G_A: 1.398, cycle_A: 0.193, D_B: 0.324, G_B: 1.119, cycle_B: 0.271, gp: 0.282

[Rank 0] (epoch: 3, iters: 5824, time: 0.001, data: 0.001) , D_A: 0.344, G_A: 0.979, cycle_A: 0.203, D_B: 0.393, G_B: 0.734, cycle_B: 0.276, gp: 0.342

[Rank 0] (epoch: 3, iters: 7424, time: 0.001, data: 0.001) , D_A: 0.286, G_A: 1.024, cycle_A: 0.197, D_B: 0.295, G_B: 0.947, cycle_B: 0.270, gp: 0.260

[Rank 0] (epoch: 3, iters: 9024, time: 0.001, data: 0.001) , D_A: 0.579, G_A: 2.364, cycle_A: 0.356, D_B: 0.452, G_B: 1.243, cycle_B: 0.264, gp: 0.376

[Rank 0] (epoch: 3, iters: 10624, time: 0.001, data: 0.001) , D_A: 0.208, G_A: 0.972, cycle_A: 0.323, D_B: 0.398, G_B: 1.039, cycle_B: 0.267, gp: 0.358

[Rank 0] (epoch: 3, iters: 12224, time: 0.001, data: 0.001) , D_A: 0.223, G_A: 0.824, cycle_A: 0.181, D_B: 0.396, G_B: 1.036, cycle_B: 0.331, gp: 0.352

[Rank 0] (epoch: 3, iters: 13824, time: 0.001, data: 0.001) , D_A: 0.290, G_A: 1.061, cycle_A: 0.363, D_B: 0.382, G_B: 0.904, cycle_B: 0.344, gp: 0.331

[Rank 0] (epoch: 3, iters: 15424, time: 0.001, data: 0.001) , D_A: 0.300, G_A: 0.959, cycle_A: 0.328, D_B: 0.346, G_B: 0.878, cycle_B: 0.323, gp: 0.311

[Rank 0] (epoch: 3, iters: 17024, time: 0.001, data: 0.001) , D_A: 0.350, G_A: 1.427, cycle_A: 0.329, D_B: 0.319, G_B: 0.588, cycle_B: 0.290, gp: 0.236

[Rank 0] (epoch: 3, iters: 18624, time: 0.001, data: 0.001) , D_A: 0.347, G_A: 0.904, cycle_A: 0.195, D_B: 0.302, G_B: 1.085, cycle_B: 0.331, gp: 0.264

[Rank 0] (epoch: 3, iters: 20224, time: 0.001, data: 0.001) , D_A: 0.241, G_A: 1.052, cycle_A: 0.176, D_B: 0.336, G_B: 0.872, cycle_B: 0.337, gp: 0.272

[Rank 0] (epoch: 3, iters: 21824, time: 0.001, data: 0.001) , D_A: 0.254, G_A: 0.955, cycle_A: 0.186, D_B: 0.404, G_B: 0.839, cycle_B: 0.228, gp: 0.347

learning rate 0.0002000 -> 0.0002000
temperature tau = 0.4531
End of epoch 3 / 50 	 Time Taken: 18 sec
[Rank 0] (epoch: 4, iters: 1536, time: 0.001, data: 0.001) , D_A: 0.362, G_A: 1.367, cycle_A: 0.201, D_B: 0.383, G_B: 0.781, cycle_B: 0.266, gp: 0.341

[Rank 0] (epoch: 4, iters: 3136, time: 0.001, data: 0.001) , D_A: 0.293, G_A: 0.935, cycle_A: 0.184, D_B: 0.368, G_B: 0.772, cycle_B: 0.344, gp: 0.300

[Rank 0] (epoch: 4, iters: 4736, time: 0.001, data: 0.001) , D_A: 0.323, G_A: 0.899, cycle_A: 0.211, D_B: 0.408, G_B: 0.484, cycle_B: 0.274, gp: 0.323

[Rank 0] (epoch: 4, iters: 6336, time: 0.001, data: 0.001) , D_A: 0.227, G_A: 0.665, cycle_A: 0.324, D_B: 0.359, G_B: 1.045, cycle_B: 0.252, gp: 0.293

[Rank 0] (epoch: 4, iters: 7936, time: 0.001, data: 0.001) , D_A: 0.266, G_A: 0.883, cycle_A: 0.205, D_B: 0.514, G_B: 0.367, cycle_B: 0.268, gp: 0.364

[Rank 0] (epoch: 4, iters: 9536, time: 0.001, data: 0.001) , D_A: 0.228, G_A: 0.911, cycle_A: 0.182, D_B: 0.498, G_B: 0.933, cycle_B: 0.257, gp: 0.414

[Rank 0] (epoch: 4, iters: 11136, time: 0.001, data: 0.001) , D_A: 0.240, G_A: 0.979, cycle_A: 0.187, D_B: 0.388, G_B: 0.894, cycle_B: 0.329, gp: 0.349

[Rank 0] (epoch: 4, iters: 12736, time: 0.001, data: 0.001) , D_A: 0.272, G_A: 1.098, cycle_A: 0.181, D_B: 0.313, G_B: 0.714, cycle_B: 0.338, gp: 0.240

--- iter tau=0.4531 ---
  cipher in :  bebcebcgbaibaibeebebfbcdbaicabgegbeccdhbfbaibdhdcbddbaidfb eab 
  decrypted : b e ie ih hg hg ee e d ia hgih heh eiiac d hg acai aa hgad beh b
  real plain: a ai i e ch e ha he aiai i he eii a d be eeced f he eaai f iddig
  cipher in : ebiidhbebfdbabefdbadbebeddhbadbebifdhbadbebfbebidb bfbdbddbii b 
  decrypted : e ggac e da h eda ha e eaac ha e gdac ha e d e ga b d a aa ggb b
  real plain: ch e bide ad he didig bia de a e a a fae ad gae e f hich ae aia 
[Rank 0] (epoch: 4, iters: 14336, time: 0.001, data: 0.001) , D_A: 0.242, G_A: 1.031, cycle_A: 0.221, D_B: 0.409, G_B: 0.405, cycle_B: 0.267, gp: 0.318

saving the latest model (epoch 4, total_iters 80000)
[Rank 0] (epoch: 4, iters: 15936, time: 0.001, data: 0.001) , D_A: 0.304, G_A: 0.781, cycle_A: 0.192, D_B: 0.435, G_B: 0.214, cycle_B: 0.288, gp: 0.292

[Rank 0] (epoch: 4, iters: 17536, time: 0.001, data: 0.001) , D_A: 0.269, G_A: 1.174, cycle_A: 0.189, D_B: 0.335, G_B: 0.729, cycle_B: 0.343, gp: 0.291

[Rank 0] (epoch: 4, iters: 19136, time: 0.001, data: 0.001) , D_A: 0.193, G_A: 1.032, cycle_A: 0.193, D_B: 0.354, G_B: 0.860, cycle_B: 0.265, gp: 0.327

[Rank 0] (epoch: 4, iters: 20736, time: 0.001, data: 0.001) , D_A: 0.242, G_A: 0.991, cycle_A: 0.328, D_B: 0.342, G_B: 1.033, cycle_B: 0.271, gp: 0.312

learning rate 0.0002000 -> 0.0002000
temperature tau = 0.4384
End of epoch 4 / 50 	 Time Taken: 18 sec
[Rank 0] (epoch: 5, iters: 448, time: 0.001, data: 0.001) , D_A: 0.396, G_A: 0.403, cycle_A: 0.201, D_B: 0.313, G_B: 0.840, cycle_B: 0.345, gp: 0.269

[Rank 0] (epoch: 5, iters: 2048, time: 0.001, data: 0.000) , D_A: 0.322, G_A: 1.044, cycle_A: 0.182, D_B: 0.388, G_B: 0.982, cycle_B: 0.361, gp: 0.353

[Rank 0] (epoch: 5, iters: 3648, time: 0.001, data: 0.001) , D_A: 0.306, G_A: 1.001, cycle_A: 0.175, D_B: 0.349, G_B: 0.749, cycle_B: 0.277, gp: 0.311

[Rank 0] (epoch: 5, iters: 5248, time: 0.001, data: 0.002) , D_A: 0.296, G_A: 0.943, cycle_A: 0.206, D_B: 0.274, G_B: 0.650, cycle_B: 0.277, gp: 0.216

[Rank 0] (epoch: 5, iters: 6848, time: 0.001, data: 0.001) , D_A: 0.249, G_A: 1.112, cycle_A: 0.349, D_B: 0.477, G_B: 0.586, cycle_B: 0.349, gp: 0.363

[Rank 0] (epoch: 5, iters: 8448, time: 0.001, data: 0.001) , D_A: 0.271, G_A: 1.014, cycle_A: 0.321, D_B: 0.291, G_B: 0.834, cycle_B: 0.245, gp: 0.256

[Rank 0] (epoch: 5, iters: 10048, time: 0.001, data: 0.001) , D_A: 0.246, G_A: 0.945, cycle_A: 0.194, D_B: 0.397, G_B: 1.024, cycle_B: 0.268, gp: 0.339

[Rank 0] (epoch: 5, iters: 11648, time: 0.001, data: 0.001) , D_A: 0.316, G_A: 0.718, cycle_A: 0.194, D_B: 0.338, G_B: 0.746, cycle_B: 0.301, gp: 0.293

[Rank 0] (epoch: 5, iters: 13248, time: 0.001, data: 0.001) , D_A: 0.218, G_A: 1.072, cycle_A: 0.354, D_B: 0.343, G_B: 1.075, cycle_B: 0.352, gp: 0.308

[Rank 0] (epoch: 5, iters: 14848, time: 0.001, data: 0.001) , D_A: 0.252, G_A: 0.993, cycle_A: 0.197, D_B: 0.313, G_B: 0.615, cycle_B: 0.272, gp: 0.251

[Rank 0] (epoch: 5, iters: 16448, time: 0.001, data: 0.001) , D_A: 0.252, G_A: 0.778, cycle_A: 0.197, D_B: 0.365, G_B: 1.031, cycle_B: 0.264, gp: 0.314

[Rank 0] (epoch: 5, iters: 18048, time: 0.001, data: 0.002) , D_A: 0.205, G_A: 0.979, cycle_A: 0.327, D_B: 0.275, G_B: 0.760, cycle_B: 0.341, gp: 0.239

[Rank 0] (epoch: 5, iters: 19648, time: 0.001, data: 0.001) , D_A: 0.284, G_A: 0.965, cycle_A: 0.188, D_B: 0.264, G_B: 0.864, cycle_B: 0.338, gp: 0.225

[Rank 0] (epoch: 5, iters: 21248, time: 0.001, data: 0.003) , D_A: 0.248, G_A: 0.921, cycle_A: 0.188, D_B: 0.366, G_B: 0.933, cycle_B: 0.341, gp: 0.326

learning rate 0.0002000 -> 0.0002000
temperature tau = 0.4243
End of epoch 5 / 50 	 Time Taken: 20 sec
[Rank 0] (epoch: 6, iters: 960, time: 0.001, data: 0.001) , D_A: 0.184, G_A: 1.114, cycle_A: 0.195, D_B: 0.272, G_B: 0.929, cycle_B: 0.273, gp: 0.252

[Rank 0] (epoch: 6, iters: 2560, time: 0.001, data: 0.000) , D_A: 0.243, G_A: 0.997, cycle_A: 0.205, D_B: 0.513, G_B: 0.265, cycle_B: 0.358, gp: 0.382

[Rank 0] (epoch: 6, iters: 4160, time: 0.001, data: 0.001) , D_A: 0.250, G_A: 0.974, cycle_A: 0.186, D_B: 0.206, G_B: 0.932, cycle_B: 0.340, gp: 0.183

[Rank 0] (epoch: 6, iters: 5760, time: 0.001, data: 0.001) , D_A: 0.230, G_A: 0.840, cycle_A: 0.208, D_B: 0.349, G_B: 0.829, cycle_B: 0.267, gp: 0.309

[Rank 0] (epoch: 6, iters: 7360, time: 0.001, data: 0.001) , D_A: 0.251, G_A: 0.995, cycle_A: 0.194, D_B: 0.265, G_B: 0.689, cycle_B: 0.259, gp: 0.226

[Rank 0] (epoch: 6, iters: 8960, time: 0.001, data: 0.001) , D_A: 0.341, G_A: 1.018, cycle_A: 0.325, D_B: 0.341, G_B: 1.017, cycle_B: 0.261, gp: 0.312

--- iter tau=0.4243 ---
  cipher in : ebaibaehbidhbadbihbaebebfbidbgddbadbeihbidbibdbebaibgbibeihbedib
  decrypted : e hg hec gac ha gc he e d ga haa ha egc ga g a e hg h g egc eag 
  real plain: e ad e d ge a ai a e he cd ha ed i ad ha gi h he eeh ei d ade a 
  cipher in : adbhbaddbaddbibebcabgdb eidhbgbei bdbfbadbegiiidbfbadbcebddbabed
  decrypted : ha c haa haa g e ih ha begac h egb a d ha ehggga d ha ie aa h ea
  real plain:  aica igificace hee he ie f da he fac aig a a i he ee f a eice a
[Rank 0] (epoch: 6, iters: 10560, time: 0.001, data: 0.001) , D_A: 0.257, G_A: 1.001, cycle_A: 0.189, D_B: 0.400, G_B: 1.064, cycle_B: 0.269, gp: 0.342

saving the latest model (epoch 6, total_iters 120000)
[Rank 0] (epoch: 6, iters: 12160, time: 0.001, data: 0.001) , D_A: 0.303, G_A: 0.871, cycle_A: 0.331, D_B: 0.408, G_B: 0.722, cycle_B: 0.338, gp: 0.360

[Rank 0] (epoch: 6, iters: 13760, time: 0.001, data: 0.001) , D_A: 0.294, G_A: 0.908, cycle_A: 0.193, D_B: 0.282, G_B: 1.002, cycle_B: 0.343, gp: 0.256

[Rank 0] (epoch: 6, iters: 15360, time: 0.001, data: 0.001) , D_A: 0.278, G_A: 0.975, cycle_A: 0.193, D_B: 0.410, G_B: 1.195, cycle_B: 0.267, gp: 0.369

[Rank 0] (epoch: 6, iters: 16960, time: 0.001, data: 0.001) , D_A: 0.248, G_A: 0.961, cycle_A: 0.201, D_B: 0.284, G_B: 1.072, cycle_B: 0.266, gp: 0.249

[Rank 0] (epoch: 6, iters: 18560, time: 0.001, data: 0.001) , D_A: 0.330, G_A: 0.971, cycle_A: 0.337, D_B: 0.431, G_B: 0.807, cycle_B: 0.341, gp: 0.401

[Rank 0] (epoch: 6, iters: 20160, time: 0.001, data: 0.001) , D_A: 0.187, G_A: 0.924, cycle_A: 0.207, D_B: 0.410, G_B: 1.155, cycle_B: 0.264, gp: 0.382

[Rank 0] (epoch: 6, iters: 21760, time: 0.001, data: 0.001) , D_A: 0.176, G_A: 1.048, cycle_A: 0.196, D_B: 0.440, G_B: 0.860, cycle_B: 0.291, gp: 0.406

learning rate 0.0002000 -> 0.0002000
temperature tau = 0.4106
End of epoch 6 / 50 	 Time Taken: 18 sec
[Rank 0] (epoch: 7, iters: 1472, time: 0.001, data: 0.001) , D_A: 0.195, G_A: 1.012, cycle_A: 0.336, D_B: 0.270, G_B: 0.994, cycle_B: 0.338, gp: 0.246

[Rank 0] (epoch: 7, iters: 3072, time: 0.001, data: 0.001) , D_A: 0.174, G_A: 1.050, cycle_A: 0.332, D_B: 0.360, G_B: 0.623, cycle_B: 0.265, gp: 0.300

[Rank 0] (epoch: 7, iters: 4672, time: 0.001, data: 0.001) , D_A: 0.276, G_A: 0.743, cycle_A: 0.199, D_B: 0.367, G_B: 1.241, cycle_B: 0.266, gp: 0.331

[Rank 0] (epoch: 7, iters: 6272, time: 0.001, data: 0.001) , D_A: 0.248, G_A: 1.098, cycle_A: 0.339, D_B: 0.380, G_B: 1.355, cycle_B: 0.338, gp: 0.317

[Rank 0] (epoch: 7, iters: 7872, time: 0.001, data: 0.001) , D_A: 0.219, G_A: 1.011, cycle_A: 0.183, D_B: 0.401, G_B: 1.199, cycle_B: 0.341, gp: 0.292

[Rank 0] (epoch: 7, iters: 9472, time: 0.001, data: 0.001) , D_A: 0.223, G_A: 1.011, cycle_A: 0.327, D_B: 0.369, G_B: 1.201, cycle_B: 0.338, gp: 0.292

[Rank 0] (epoch: 7, iters: 11072, time: 0.001, data: 0.001) , D_A: 0.197, G_A: 0.960, cycle_A: 0.187, D_B: 0.272, G_B: 0.789, cycle_B: 0.338, gp: 0.232

[Rank 0] (epoch: 7, iters: 12672, time: 0.001, data: 0.001) , D_A: 0.287, G_A: 0.979, cycle_A: 0.195, D_B: 0.352, G_B: 0.815, cycle_B: 0.335, gp: 0.303

[Rank 0] (epoch: 7, iters: 14272, time: 0.001, data: 0.001) , D_A: 0.275, G_A: 1.052, cycle_A: 0.193, D_B: 0.270, G_B: 1.130, cycle_B: 0.268, gp: 0.234

[Rank 0] (epoch: 7, iters: 15872, time: 0.001, data: 0.001) , D_A: 0.268, G_A: 0.936, cycle_A: 0.195, D_B: 0.268, G_B: 1.084, cycle_B: 0.255, gp: 0.237

[Rank 0] (epoch: 7, iters: 17472, time: 0.001, data: 0.001) , D_A: 0.194, G_A: 0.949, cycle_A: 0.183, D_B: 0.292, G_B: 0.882, cycle_B: 0.334, gp: 0.262

[Rank 0] (epoch: 7, iters: 19072, time: 0.001, data: 0.001) , D_A: 0.215, G_A: 0.819, cycle_A: 0.201, D_B: 0.361, G_B: 0.704, cycle_B: 0.354, gp: 0.319

[Rank 0] (epoch: 7, iters: 20672, time: 0.001, data: 0.001) , D_A: 0.286, G_A: 0.886, cycle_A: 0.188, D_B: 0.282, G_B: 1.023, cycle_B: 0.270, gp: 0.243

learning rate 0.0002000 -> 0.0002000
temperature tau = 0.3973
End of epoch 7 / 50 	 Time Taken: 18 sec
[Rank 0] (epoch: 8, iters: 384, time: 0.001, data: 0.001) , D_A: 0.232, G_A: 1.022, cycle_A: 0.194, D_B: 0.283, G_B: 0.750, cycle_B: 0.260, gp: 0.242

[Rank 0] (epoch: 8, iters: 1984, time: 0.001, data: 0.003) , D_A: 0.290, G_A: 0.922, cycle_A: 0.203, D_B: 0.323, G_B: 1.430, cycle_B: 0.270, gp: 0.269

[Rank 0] (epoch: 8, iters: 3584, time: 0.001, data: 0.001) , D_A: 0.251, G_A: 0.748, cycle_A: 0.197, D_B: 0.281, G_B: 1.045, cycle_B: 0.338, gp: 0.246

[Rank 0] (epoch: 8, iters: 5184, time: 0.001, data: 0.001) , D_A: 0.294, G_A: 1.004, cycle_A: 0.210, D_B: 0.295, G_B: 0.677, cycle_B: 0.351, gp: 0.243

--- iter tau=0.3973 ---
  cipher in : bebicdbibadbhbehiibfbadbcddbdebabadbed bfbcaibfbaibedbaicabceibi
  decrypted :  e fie f he c ecff d he iee ee h he eeb d ihf d hf ee hfih ief f
  real plain: ig hi i deed i he iche he ef a e he abe eig hi ha had haeed i de
  cipher in : ecbfbaibibciiiebcadbebiffccaegdhbedbdbai hbdciebadbadbebadbhebai
  decrypted : ei d hf f ifffe ihe e fddiihehec ee e hfbc eife he he e he ce hf
  real plain: deecie ii eaiig hi ea adad he d i cci defiace f hi cie he i h ce
[Rank 0] (epoch: 8, iters: 6784, time: 0.001, data: 0.001) , D_A: 0.302, G_A: 0.970, cycle_A: 0.192, D_B: 0.322, G_B: 1.232, cycle_B: 0.228, gp: 0.267

saving the latest model (epoch 8, total_iters 160000)
[Rank 0] (epoch: 8, iters: 8384, time: 0.001, data: 0.001) , D_A: 0.220, G_A: 0.888, cycle_A: 0.194, D_B: 0.258, G_B: 0.823, cycle_B: 0.267, gp: 0.231

[Rank 0] (epoch: 8, iters: 9984, time: 0.001, data: 0.001) , D_A: 0.228, G_A: 0.966, cycle_A: 0.189, D_B: 0.298, G_B: 0.797, cycle_B: 0.338, gp: 0.265

[Rank 0] (epoch: 8, iters: 11584, time: 0.001, data: 0.001) , D_A: 0.151, G_A: 0.884, cycle_A: 0.204, D_B: 0.315, G_B: 1.028, cycle_B: 0.261, gp: 0.286

[Rank 0] (epoch: 8, iters: 13184, time: 0.001, data: 0.001) , D_A: 0.184, G_A: 1.023, cycle_A: 0.321, D_B: 0.282, G_B: 0.998, cycle_B: 0.265, gp: 0.260

[Rank 0] (epoch: 8, iters: 14784, time: 0.001, data: 0.001) , D_A: 0.212, G_A: 0.951, cycle_A: 0.187, D_B: 0.324, G_B: 0.959, cycle_B: 0.341, gp: 0.298

[Rank 0] (epoch: 8, iters: 16384, time: 0.001, data: 0.001) , D_A: 0.219, G_A: 1.069, cycle_A: 0.339, D_B: 0.313, G_B: 0.812, cycle_B: 0.342, gp: 0.274

[Rank 0] (epoch: 8, iters: 17984, time: 0.001, data: 0.001) , D_A: 0.290, G_A: 0.919, cycle_A: 0.203, D_B: 0.397, G_B: 0.817, cycle_B: 0.266, gp: 0.323

[Rank 0] (epoch: 8, iters: 19584, time: 0.001, data: 0.001) , D_A: 0.228, G_A: 1.029, cycle_A: 0.198, D_B: 0.353, G_B: 0.610, cycle_B: 0.262, gp: 0.285

[Rank 0] (epoch: 8, iters: 21184, time: 0.001, data: 0.001) , D_A: 0.254, G_A: 0.941, cycle_A: 0.187, D_B: 0.222, G_B: 0.933, cycle_B: 0.334, gp: 0.187

learning rate 0.0002000 -> 0.0002000
temperature tau = 0.3845
End of epoch 8 / 50 	 Time Taken: 18 sec
[Rank 0] (epoch: 9, iters: 896, time: 0.001, data: 0.001) , D_A: 0.327, G_A: 0.667, cycle_A: 0.186, D_B: 0.397, G_B: 0.905, cycle_B: 0.345, gp: 0.364

[Rank 0] (epoch: 9, iters: 2496, time: 0.001, data: 0.000) , D_A: 0.187, G_A: 0.990, cycle_A: 0.199, D_B: 0.303, G_B: 0.590, cycle_B: 0.269, gp: 0.235

[Rank 0] (epoch: 9, iters: 4096, time: 0.001, data: 0.001) , D_A: 0.281, G_A: 1.351, cycle_A: 0.325, D_B: 0.309, G_B: 0.770, cycle_B: 0.279, gp: 0.270

[Rank 0] (epoch: 9, iters: 5696, time: 0.001, data: 0.001) , D_A: 0.253, G_A: 0.883, cycle_A: 0.191, D_B: 0.261, G_B: 1.125, cycle_B: 0.255, gp: 0.221

[Rank 0] (epoch: 9, iters: 7296, time: 0.001, data: 0.001) , D_A: 0.200, G_A: 0.966, cycle_A: 0.331, D_B: 0.448, G_B: 0.705, cycle_B: 0.246, gp: 0.390

[Rank 0] (epoch: 9, iters: 8896, time: 0.001, data: 0.001) , D_A: 0.137, G_A: 0.782, cycle_A: 0.327, D_B: 0.364, G_B: 1.012, cycle_B: 0.332, gp: 0.336

[Rank 0] (epoch: 9, iters: 10496, time: 0.001, data: 0.001) , D_A: 0.181, G_A: 0.962, cycle_A: 0.184, D_B: 0.340, G_B: 1.069, cycle_B: 0.268, gp: 0.303

[Rank 0] (epoch: 9, iters: 12096, time: 0.001, data: 0.001) , D_A: 0.365, G_A: 1.149, cycle_A: 0.317, D_B: 0.268, G_B: 0.932, cycle_B: 0.245, gp: 0.245

[Rank 0] (epoch: 9, iters: 13696, time: 0.001, data: 0.001) , D_A: 0.215, G_A: 1.078, cycle_A: 0.329, D_B: 0.439, G_B: 0.965, cycle_B: 0.344, gp: 0.397

[Rank 0] (epoch: 9, iters: 15296, time: 0.001, data: 0.001) , D_A: 0.193, G_A: 1.096, cycle_A: 0.330, D_B: 0.409, G_B: 0.515, cycle_B: 0.251, gp: 0.318

[Rank 0] (epoch: 9, iters: 16896, time: 0.001, data: 0.001) , D_A: 0.265, G_A: 1.005, cycle_A: 0.192, D_B: 0.275, G_B: 0.799, cycle_B: 0.266, gp: 0.245

[Rank 0] (epoch: 9, iters: 18496, time: 0.001, data: 0.001) , D_A: 0.218, G_A: 0.966, cycle_A: 0.191, D_B: 0.279, G_B: 1.296, cycle_B: 0.348, gp: 0.215

[Rank 0] (epoch: 9, iters: 20096, time: 0.001, data: 0.001) , D_A: 0.248, G_A: 1.052, cycle_A: 0.195, D_B: 0.273, G_B: 1.161, cycle_B: 0.336, gp: 0.226

[Rank 0] (epoch: 9, iters: 21696, time: 0.001, data: 0.001) , D_A: 0.237, G_A: 1.002, cycle_A: 0.201, D_B: 0.315, G_B: 1.046, cycle_B: 0.270, gp: 0.295

learning rate 0.0002000 -> 0.0002000
temperature tau = 0.3720
End of epoch 9 / 50 	 Time Taken: 18 sec
[Rank 0] (epoch: 10, iters: 1408, time: 0.001, data: 0.000) , D_A: 0.185, G_A: 0.874, cycle_A: 0.190, D_B: 0.261, G_B: 1.103, cycle_B: 0.341, gp: 0.213

--- iter tau=0.3720 ---
  cipher in : bhidibi abhdidbcebfidbadbcdbadehb dbdecbedbddbhibebadbebehbidbeb
  decrypted :  cgag gbh caga ii dga ha ia haic ba aii ia aa cg i ha i ic ga i 
  real plain: e ahe ae he a ee he igh he ia de eiai a bc a igai e f he edid ba
  cipher in : ddbdedhbibadbidedbgbaicabdbgdiddbedbebi ificebcigibdeii badbe di
  decrypted : aa aiac g ha gaia h hgih a hagaa ia i gbgdgii ighg aiggb ha ibag
  real plain:  a ecee cce a aa dig hi ce i ih he chea i a id icia ad he hihaic
[Rank 0] (epoch: 10, iters: 3008, time: 0.001, data: 0.001) , D_A: 0.131, G_A: 1.000, cycle_A: 0.195, D_B: 0.328, G_B: 0.708, cycle_B: 0.278, gp: 0.289

saving the latest model (epoch 10, total_iters 200000)
[Rank 0] (epoch: 10, iters: 4608, time: 0.001, data: 0.001) , D_A: 0.219, G_A: 0.926, cycle_A: 0.192, D_B: 0.295, G_B: 1.114, cycle_B: 0.255, gp: 0.252

[Rank 0] (epoch: 10, iters: 6208, time: 0.001, data: 0.001) , D_A: 0.287, G_A: 0.957, cycle_A: 0.196, D_B: 0.367, G_B: 0.826, cycle_B: 0.342, gp: 0.327

[Rank 0] (epoch: 10, iters: 7808, time: 0.001, data: 0.001) , D_A: 0.166, G_A: 0.981, cycle_A: 0.194, D_B: 0.288, G_B: 0.933, cycle_B: 0.263, gp: 0.268

[Rank 0] (epoch: 10, iters: 9408, time: 0.001, data: 0.001) , D_A: 0.179, G_A: 1.040, cycle_A: 0.342, D_B: 0.391, G_B: 0.207, cycle_B: 0.250, gp: 0.236

[Rank 0] (epoch: 10, iters: 11008, time: 0.001, data: 0.001) , D_A: 0.225, G_A: 0.955, cycle_A: 0.207, D_B: 0.301, G_B: 1.044, cycle_B: 0.264, gp: 0.274

[Rank 0] (epoch: 10, iters: 12608, time: 0.001, data: 0.001) , D_A: 0.256, G_A: 0.934, cycle_A: 0.190, D_B: 0.244, G_B: 1.253, cycle_B: 0.344, gp: 0.151

[Rank 0] (epoch: 10, iters: 14208, time: 0.001, data: 0.001) , D_A: 0.260, G_A: 0.954, cycle_A: 0.196, D_B: 0.328, G_B: 0.845, cycle_B: 0.333, gp: 0.303

[Rank 0] (epoch: 10, iters: 15808, time: 0.001, data: 0.001) , D_A: 0.223, G_A: 0.974, cycle_A: 0.191, D_B: 0.275, G_B: 0.970, cycle_B: 0.257, gp: 0.249

[Rank 0] (epoch: 10, iters: 17408, time: 0.001, data: 0.001) , D_A: 0.243, G_A: 1.016, cycle_A: 0.192, D_B: 0.329, G_B: 1.230, cycle_B: 0.266, gp: 0.285

[Rank 0] (epoch: 10, iters: 19008, time: 0.001, data: 0.001) , D_A: 0.246, G_A: 0.972, cycle_A: 0.198, D_B: 0.355, G_B: 0.858, cycle_B: 0.340, gp: 0.334

[Rank 0] (epoch: 10, iters: 20608, time: 0.001, data: 0.001) , D_A: 0.260, G_A: 0.942, cycle_A: 0.188, D_B: 0.332, G_B: 1.045, cycle_B: 0.271, gp: 0.311

learning rate 0.0002000 -> 0.0002000
temperature tau = 0.3600
End of epoch 10 / 50 	 Time Taken: 18 sec
[Rank 0] (epoch: 11, iters: 320, time: 0.001, data: 0.001) , D_A: 0.217, G_A: 0.884, cycle_A: 0.190, D_B: 0.269, G_B: 0.986, cycle_B: 0.258, gp: 0.241

[Rank 0] (epoch: 11, iters: 1920, time: 0.001, data: 0.000) , D_A: 0.202, G_A: 1.024, cycle_A: 0.191, D_B: 0.348, G_B: 1.055, cycle_B: 0.343, gp: 0.305

[Rank 0] (epoch: 11, iters: 3520, time: 0.001, data: 0.001) , D_A: 0.166, G_A: 0.987, cycle_A: 0.194, D_B: 0.326, G_B: 1.105, cycle_B: 0.268, gp: 0.285

[Rank 0] (epoch: 11, iters: 5120, time: 0.001, data: 0.001) , D_A: 0.138, G_A: 1.006, cycle_A: 0.318, D_B: 0.291, G_B: 0.785, cycle_B: 0.256, gp: 0.264

[Rank 0] (epoch: 11, iters: 6720, time: 0.001, data: 0.001) , D_A: 0.252, G_A: 0.988, cycle_A: 0.198, D_B: 0.281, G_B: 0.885, cycle_B: 0.356, gp: 0.245

[Rank 0] (epoch: 11, iters: 8320, time: 0.001, data: 0.001) , D_A: 0.208, G_A: 0.968, cycle_A: 0.209, D_B: 0.392, G_B: 1.064, cycle_B: 0.269, gp: 0.362

[Rank 0] (epoch: 11, iters: 9920, time: 0.001, data: 0.001) , D_A: 0.221, G_A: 0.966, cycle_A: 0.199, D_B: 0.362, G_B: 0.756, cycle_B: 0.266, gp: 0.339

[Rank 0] (epoch: 11, iters: 11520, time: 0.001, data: 0.001) , D_A: 0.134, G_A: 0.943, cycle_A: 0.188, D_B: 0.483, G_B: 1.153, cycle_B: 0.228, gp: 0.341

[Rank 0] (epoch: 11, iters: 13120, time: 0.001, data: 0.001) , D_A: 0.264, G_A: 0.986, cycle_A: 0.196, D_B: 0.368, G_B: 0.756, cycle_B: 0.241, gp: 0.320

[Rank 0] (epoch: 11, iters: 14720, time: 0.001, data: 0.001) , D_A: 0.330, G_A: 0.814, cycle_A: 0.186, D_B: 0.275, G_B: 1.217, cycle_B: 0.272, gp: 0.250

[Rank 0] (epoch: 11, iters: 16320, time: 0.001, data: 0.001) , D_A: 0.380, G_A: 0.998, cycle_A: 0.185, D_B: 0.275, G_B: 0.832, cycle_B: 0.244, gp: 0.252

[Rank 0] (epoch: 11, iters: 17920, time: 0.001, data: 0.001) , D_A: 0.292, G_A: 0.916, cycle_A: 0.201, D_B: 0.268, G_B: 0.967, cycle_B: 0.267, gp: 0.243

[Rank 0] (epoch: 11, iters: 19520, time: 0.001, data: 0.001) , D_A: 0.287, G_A: 0.976, cycle_A: 0.194, D_B: 0.361, G_B: 0.495, cycle_B: 0.347, gp: 0.292

--- iter tau=0.3600 ---
  cipher in : ebicdedbibadbgdbfbgcaiebedidbddbiaibadbgecdbfbadb bebdhbaibebecc
  decrypted : i fiaia f ha ha d hihfi iafa aa fhf ha hiia d ha b i ac hf i iii
  real plain:  aici eci he baia egie did dib he ci ch a e e e h ee aeged be ci
  cipher in : biabcabfehbei biddbfhbedbedhbgdcedbefeci bfeciiidbedbcddhbgdfdba
  decrypted :  fh ih dic ifb faa dc ia iac haiia idiifb diifffa ia iaac hada h
  real plain:  accdig he ei hich added ha he a ae he ce f ieihd f had f eighb 
[Rank 0] (epoch: 11, iters: 21120, time: 0.001, data: 0.001) , D_A: 0.236, G_A: 1.011, cycle_A: 0.321, D_B: 0.281, G_B: 0.929, cycle_B: 0.259, gp: 0.262

saving the latest model (epoch 11, total_iters 240000)
learning rate 0.0002000 -> 0.0002000
temperature tau = 0.3484
End of epoch 11 / 50 	 Time Taken: 19 sec
[Rank 0] (epoch: 12, iters: 832, time: 0.001, data: 0.001) , D_A: 0.286, G_A: 0.997, cycle_A: 0.196, D_B: 0.307, G_B: 1.022, cycle_B: 0.339, gp: 0.286

[Rank 0] (epoch: 12, iters: 2432, time: 0.001, data: 0.000) , D_A: 0.229, G_A: 0.937, cycle_A: 0.191, D_B: 0.261, G_B: 1.073, cycle_B: 0.342, gp: 0.244

[Rank 0] (epoch: 12, iters: 4032, time: 0.001, data: 0.001) , D_A: 0.508, G_A: 1.705, cycle_A: 0.337, D_B: 0.287, G_B: 0.617, cycle_B: 0.275, gp: 0.241

[Rank 0] (epoch: 12, iters: 5632, time: 0.001, data: 0.001) , D_A: 0.260, G_A: 0.946, cycle_A: 0.336, D_B: 0.274, G_B: 0.898, cycle_B: 0.264, gp: 0.244

[Rank 0] (epoch: 12, iters: 7232, time: 0.001, data: 0.001) , D_A: 0.145, G_A: 0.960, cycle_A: 1.288, D_B: 0.505, G_B: 0.838, cycle_B: 6.749, gp: 0.409

[Rank 0] (epoch: 12, iters: 8832, time: 0.001, data: 0.001) , D_A: 0.409, G_A: 0.968, cycle_A: 1.349, D_B: 0.621, G_B: 1.055, cycle_B: 1.554, gp: 0.606

[Rank 0] (epoch: 12, iters: 10432, time: 0.001, data: 0.001) , D_A: 0.578, G_A: 0.994, cycle_A: 1.151, D_B: 0.935, G_B: 0.771, cycle_B: 1.037, gp: 0.294

[Rank 0] (epoch: 12, iters: 12032, time: 0.001, data: 0.001) , D_A: 0.441, G_A: 0.966, cycle_A: 1.180, D_B: 0.630, G_B: 1.109, cycle_B: 0.615, gp: 0.547

[Rank 0] (epoch: 12, iters: 13632, time: 0.001, data: 0.001) , D_A: 0.398, G_A: 0.953, cycle_A: 1.205, D_B: 0.441, G_B: 0.911, cycle_B: 0.484, gp: 0.380

[Rank 0] (epoch: 12, iters: 15232, time: 0.001, data: 0.001) , D_A: 0.299, G_A: 0.900, cycle_A: 0.972, D_B: 0.477, G_B: 0.681, cycle_B: 0.749, gp: 0.413

[Rank 0] (epoch: 12, iters: 16832, time: 0.001, data: 0.001) , D_A: 0.271, G_A: 0.966, cycle_A: 1.083, D_B: 0.389, G_B: 1.159, cycle_B: 1.145, gp: 0.309

[Rank 0] (epoch: 12, iters: 18432, time: 0.001, data: 0.001) , D_A: 0.360, G_A: 0.946, cycle_A: 0.604, D_B: 0.386, G_B: 1.365, cycle_B: 0.719, gp: 0.258

[Rank 0] (epoch: 12, iters: 20032, time: 0.001, data: 0.001) , D_A: 0.331, G_A: 0.963, cycle_A: 0.907, D_B: 0.487, G_B: 0.544, cycle_B: 0.519, gp: 0.389

[Rank 0] (epoch: 12, iters: 21632, time: 0.001, data: 0.001) , D_A: 0.359, G_A: 0.933, cycle_A: 0.812, D_B: 0.386, G_B: 1.003, cycle_B: 0.515, gp: 0.368

learning rate 0.0002000 -> 0.0002000
temperature tau = 0.3371
End of epoch 12 / 50 	 Time Taken: 18 sec
[Rank 0] (epoch: 13, iters: 1344, time: 0.001, data: 0.000) , D_A: 0.433, G_A: 0.966, cycle_A: 0.845, D_B: 0.369, G_B: 1.062, cycle_B: 0.586, gp: 0.323

[Rank 0] (epoch: 13, iters: 2944, time: 0.001, data: 0.001) , D_A: 0.323, G_A: 0.959, cycle_A: 0.782, D_B: 0.370, G_B: 0.845, cycle_B: 0.751, gp: 0.327

[Rank 0] (epoch: 13, iters: 4544, time: 0.001, data: 0.001) , D_A: 0.292, G_A: 1.000, cycle_A: 1.011, D_B: 0.400, G_B: 1.089, cycle_B: 1.007, gp: 0.380

[Rank 0] (epoch: 13, iters: 6144, time: 0.001, data: 0.001) , D_A: 0.330, G_A: 1.002, cycle_A: 0.709, D_B: 0.256, G_B: 0.585, cycle_B: 0.553, gp: 0.195

[Rank 0] (epoch: 13, iters: 7744, time: 0.001, data: 0.001) , D_A: 0.370, G_A: 0.941, cycle_A: 0.774, D_B: 0.361, G_B: 1.040, cycle_B: 0.484, gp: 0.337

[Rank 0] (epoch: 13, iters: 9344, time: 0.001, data: 0.001) , D_A: 0.257, G_A: 0.904, cycle_A: 0.689, D_B: 0.428, G_B: 1.012, cycle_B: 0.808, gp: 0.389

[Rank 0] (epoch: 13, iters: 10944, time: 0.001, data: 0.001) , D_A: 0.242, G_A: 0.954, cycle_A: 0.381, D_B: 0.409, G_B: 1.237, cycle_B: 1.054, gp: 0.382

[Rank 0] (epoch: 13, iters: 12544, time: 0.001, data: 0.001) , D_A: 0.387, G_A: 0.944, cycle_A: 0.758, D_B: 0.288, G_B: 0.794, cycle_B: 0.411, gp: 0.256

[Rank 0] (epoch: 13, iters: 14144, time: 0.001, data: 0.001) , D_A: 0.274, G_A: 1.009, cycle_A: 0.693, D_B: 0.260, G_B: 0.642, cycle_B: 0.635, gp: 0.207

[Rank 0] (epoch: 13, iters: 15744, time: 0.001, data: 0.001) , D_A: 0.327, G_A: 0.901, cycle_A: 0.946, D_B: 0.338, G_B: 0.889, cycle_B: 0.991, gp: 0.312

--- iter tau=0.3371 ---
  cipher in : adbacbadeidbecbididbadbaaeeicbgeecdbai icebddidbehbciicebgdeibae
  decrypted :  ae ie aifaeiiefafae ae  iifie iiiae f fiieaafaeiceiffiie aife i
  real plain: e b cd hae i eheaa e ee he dce had a ea he f geig i bac bada b b
  cipher in : bebedbdbaebcee dhbfbdebdfddcdbehbiaheebadbie dbfbadbibcddhbeidbe
  decrypted : eieiaeae ieiii aceheaieahaaiaeicef ciie aefi aehe aefeiaaceifaei
  real plain: a aie decaic e he eed he a a iica aeic a efe ih hi ga deeied bde
[Rank 0] (epoch: 13, iters: 17344, time: 0.001, data: 0.001) , D_A: 0.290, G_A: 1.003, cycle_A: 0.785, D_B: 0.469, G_B: 1.355, cycle_B: 1.010, gp: 0.383

saving the latest model (epoch 13, total_iters 280000)
[Rank 0] (epoch: 13, iters: 18944, time: 0.001, data: 0.001) , D_A: 0.291, G_A: 0.998, cycle_A: 0.758, D_B: 0.390, G_B: 1.105, cycle_B: 1.017, gp: 0.362

[Rank 0] (epoch: 13, iters: 20544, time: 0.001, data: 0.001) , D_A: 0.228, G_A: 0.930, cycle_A: 0.705, D_B: 0.385, G_B: 0.895, cycle_B: 0.582, gp: 0.353

learning rate 0.0002000 -> 0.0002000
temperature tau = 0.3262
End of epoch 13 / 50 	 Time Taken: 18 sec
[Rank 0] (epoch: 14, iters: 256, time: 0.001, data: 0.001) , D_A: 0.246, G_A: 0.988, cycle_A: 0.787, D_B: 0.376, G_B: 0.839, cycle_B: 0.427, gp: 0.360

[Rank 0] (epoch: 14, iters: 1856, time: 0.001, data: 0.001) , D_A: 0.212, G_A: 0.957, cycle_A: 0.755, D_B: 0.901, G_B: 0.355, cycle_B: 1.028, gp: 0.622

[Rank 0] (epoch: 14, iters: 3456, time: 0.001, data: 0.001) , D_A: 0.338, G_A: 1.023, cycle_A: 1.012, D_B: 0.380, G_B: 0.880, cycle_B: 0.666, gp: 0.345

[Rank 0] (epoch: 14, iters: 5056, time: 0.001, data: 0.001) , D_A: 0.268, G_A: 0.936, cycle_A: 0.732, D_B: 0.303, G_B: 0.805, cycle_B: 0.520, gp: 0.276

[Rank 0] (epoch: 14, iters: 6656, time: 0.001, data: 0.001) , D_A: 0.360, G_A: 0.966, cycle_A: 0.737, D_B: 0.209, G_B: 1.038, cycle_B: 0.403, gp: 0.195

[Rank 0] (epoch: 14, iters: 8256, time: 0.001, data: 0.001) , D_A: 0.296, G_A: 0.880, cycle_A: 0.434, D_B: 0.353, G_B: 1.166, cycle_B: 1.038, gp: 0.313

[Rank 0] (epoch: 14, iters: 9856, time: 0.001, data: 0.001) , D_A: 0.301, G_A: 0.974, cycle_A: 0.983, D_B: 0.401, G_B: 1.136, cycle_B: 1.014, gp: 0.367

[Rank 0] (epoch: 14, iters: 11456, time: 0.001, data: 0.001) , D_A: 0.270, G_A: 0.921, cycle_A: 0.712, D_B: 0.340, G_B: 1.074, cycle_B: 0.471, gp: 0.323

[Rank 0] (epoch: 14, iters: 13056, time: 0.001, data: 0.001) , D_A: 0.312, G_A: 0.983, cycle_A: 0.724, D_B: 0.375, G_B: 1.086, cycle_B: 0.988, gp: 0.341

[Rank 0] (epoch: 14, iters: 14656, time: 0.001, data: 0.001) , D_A: 0.294, G_A: 1.023, cycle_A: 0.726, D_B: 0.329, G_B: 1.234, cycle_B: 1.032, gp: 0.306

[Rank 0] (epoch: 14, iters: 16256, time: 0.001, data: 0.001) , D_A: 0.250, G_A: 1.117, cycle_A: 0.975, D_B: 0.322, G_B: 0.990, cycle_B: 1.029, gp: 0.298

[Rank 0] (epoch: 14, iters: 17856, time: 0.001, data: 0.001) , D_A: 0.313, G_A: 0.980, cycle_A: 0.740, D_B: 0.340, G_B: 1.097, cycle_B: 0.397, gp: 0.313

[Rank 0] (epoch: 14, iters: 19456, time: 0.001, data: 0.001) , D_A: 0.212, G_A: 0.888, cycle_A: 0.753, D_B: 0.327, G_B: 1.049, cycle_B: 1.018, gp: 0.309

[Rank 0] (epoch: 14, iters: 21056, time: 0.001, data: 0.001) , D_A: 0.263, G_A: 0.918, cycle_A: 0.781, D_B: 0.284, G_B: 0.908, cycle_B: 0.467, gp: 0.257

learning rate 0.0002000 -> 0.0002000
temperature tau = 0.3157
End of epoch 14 / 50 	 Time Taken: 18 sec
[Rank 0] (epoch: 15, iters: 768, time: 0.001, data: 0.001) , D_A: 0.257, G_A: 1.064, cycle_A: 0.345, D_B: 0.306, G_B: 0.983, cycle_B: 0.485, gp: 0.296

[Rank 0] (epoch: 15, iters: 2368, time: 0.001, data: 0.000) , D_A: 0.192, G_A: 0.871, cycle_A: 0.733, D_B: 0.309, G_B: 0.889, cycle_B: 0.925, gp: 0.269

[Rank 0] (epoch: 15, iters: 3968, time: 0.001, data: 0.001) , D_A: 0.284, G_A: 1.062, cycle_A: 0.960, D_B: 0.366, G_B: 1.223, cycle_B: 1.107, gp: 0.323

[Rank 0] (epoch: 15, iters: 5568, time: 0.001, data: 0.001) , D_A: 0.279, G_A: 0.955, cycle_A: 0.989, D_B: 0.364, G_B: 0.974, cycle_B: 1.013, gp: 0.340

[Rank 0] (epoch: 15, iters: 7168, time: 0.001, data: 0.001) , D_A: 0.259, G_A: 0.957, cycle_A: 0.730, D_B: 0.398, G_B: 0.871, cycle_B: 1.030, gp: 0.381

[Rank 0] (epoch: 15, iters: 8768, time: 0.001, data: 0.001) , D_A: 0.320, G_A: 0.924, cycle_A: 0.671, D_B: 0.259, G_B: 1.105, cycle_B: 1.033, gp: 0.238

[Rank 0] (epoch: 15, iters: 10368, time: 0.001, data: 0.001) , D_A: 0.302, G_A: 0.966, cycle_A: 0.722, D_B: 0.317, G_B: 0.908, cycle_B: 0.635, gp: 0.301

[Rank 0] (epoch: 15, iters: 11968, time: 0.001, data: 0.001) , D_A: 0.325, G_A: 1.025, cycle_A: 0.675, D_B: 0.286, G_B: 0.763, cycle_B: 0.983, gp: 0.268

--- iter tau=0.3157 ---
  cipher in : bicbebge eii be dbebdehbiafidhbebddbdbdbfbgddbcicdbebibeifecbchi
  decrypted : efieie i iff ei aeieaicef hfaceieaaeaeaehe aaeifiaeiefeifhiieicf
  real plain: ach ih i hea hee e ae e eeie ha ead fced ai e he ii c f a aeage 
  cipher in : hbdfficidcbaddbddbegbgbadbddbdebdbaddbebcfibehbidbidbfbaddbdebdd
  decrypted : ceahhfifaie aaeaaei e e aeaaeaieae aaeieihfeicefaefaehe aaeaieaa
  real plain: he ae a e eai ad e cec efed i iceae feibii f he eg i eed ce gh a
[Rank 0] (epoch: 15, iters: 13568, time: 0.001, data: 0.001) , D_A: 0.312, G_A: 1.068, cycle_A: 0.338, D_B: 0.337, G_B: 1.226, cycle_B: 0.417, gp: 0.321

saving the latest model (epoch 15, total_iters 320000)
[Rank 0] (epoch: 15, iters: 15168, time: 0.001, data: 0.001) , D_A: 0.198, G_A: 0.992, cycle_A: 1.011, D_B: 0.308, G_B: 0.948, cycle_B: 0.405, gp: 0.289

[Rank 0] (epoch: 15, iters: 16768, time: 0.001, data: 0.001) , D_A: 0.304, G_A: 0.966, cycle_A: 0.729, D_B: 0.295, G_B: 1.016, cycle_B: 1.023, gp: 0.278

[Rank 0] (epoch: 15, iters: 18368, time: 0.001, data: 0.001) , D_A: 0.242, G_A: 0.984, cycle_A: 0.555, D_B: 0.406, G_B: 0.864, cycle_B: 0.950, gp: 0.380

[Rank 0] (epoch: 15, iters: 19968, time: 0.001, data: 0.001) , D_A: 0.269, G_A: 1.099, cycle_A: 0.946, D_B: 0.415, G_B: 1.360, cycle_B: 1.143, gp: 0.389

[Rank 0] (epoch: 15, iters: 21568, time: 0.001, data: 0.001) , D_A: 0.223, G_A: 0.921, cycle_A: 0.928, D_B: 0.315, G_B: 0.998, cycle_B: 0.545, gp: 0.299

learning rate 0.0002000 -> 0.0002000
temperature tau = 0.3055
End of epoch 15 / 50 	 Time Taken: 18 sec
[Rank 0] (epoch: 16, iters: 1280, time: 0.001, data: 0.001) , D_A: 0.362, G_A: 1.080, cycle_A: 0.566, D_B: 0.287, G_B: 1.106, cycle_B: 0.675, gp: 0.268

[Rank 0] (epoch: 16, iters: 2880, time: 0.001, data: 0.002) , D_A: 0.312, G_A: 1.270, cycle_A: 0.758, D_B: 0.411, G_B: 1.129, cycle_B: 0.508, gp: 0.386

[Rank 0] (epoch: 16, iters: 4480, time: 0.001, data: 0.001) , D_A: 0.244, G_A: 0.961, cycle_A: 0.775, D_B: 0.382, G_B: 0.848, cycle_B: 0.961, gp: 0.346

[Rank 0] (epoch: 16, iters: 6080, time: 0.001, data: 0.002) , D_A: 0.256, G_A: 0.999, cycle_A: 0.758, D_B: 0.280, G_B: 0.888, cycle_B: 0.477, gp: 0.266

[Rank 0] (epoch: 16, iters: 7680, time: 0.001, data: 0.001) , D_A: 0.328, G_A: 0.925, cycle_A: 0.813, D_B: 0.319, G_B: 0.906, cycle_B: 0.399, gp: 0.299

[Rank 0] (epoch: 16, iters: 9280, time: 0.001, data: 0.001) , D_A: 0.265, G_A: 0.901, cycle_A: 0.702, D_B: 0.294, G_B: 1.092, cycle_B: 0.733, gp: 0.259

[Rank 0] (epoch: 16, iters: 10880, time: 0.001, data: 0.001) , D_A: 0.292, G_A: 1.008, cycle_A: 0.931, D_B: 0.338, G_B: 0.955, cycle_B: 1.138, gp: 0.319

[Rank 0] (epoch: 16, iters: 12480, time: 0.001, data: 0.001) , D_A: 0.234, G_A: 0.991, cycle_A: 0.719, D_B: 0.354, G_B: 0.828, cycle_B: 0.463, gp: 0.306

[Rank 0] (epoch: 16, iters: 14080, time: 0.001, data: 0.001) , D_A: 0.242, G_A: 0.970, cycle_A: 0.900, D_B: 0.301, G_B: 0.936, cycle_B: 0.408, gp: 0.274

[Rank 0] (epoch: 16, iters: 15680, time: 0.001, data: 0.001) , D_A: 0.264, G_A: 0.993, cycle_A: 0.997, D_B: 0.653, G_B: 1.024, cycle_B: 0.605, gp: 0.473

[Rank 0] (epoch: 16, iters: 17280, time: 0.001, data: 0.001) , D_A: 0.319, G_A: 0.808, cycle_A: 0.737, D_B: 0.276, G_B: 0.780, cycle_B: 0.687, gp: 0.245

[Rank 0] (epoch: 16, iters: 18880, time: 0.001, data: 0.001) , D_A: 0.267, G_A: 0.996, cycle_A: 0.944, D_B: 0.351, G_B: 0.916, cycle_B: 0.640, gp: 0.340

[Rank 0] (epoch: 16, iters: 20480, time: 0.001, data: 0.001) , D_A: 0.259, G_A: 0.949, cycle_A: 0.724, D_B: 0.237, G_B: 0.914, cycle_B: 1.078, gp: 0.212

learning rate 0.0002000 -> 0.0002000
temperature tau = 0.2956
End of epoch 16 / 50 	 Time Taken: 18 sec
[Rank 0] (epoch: 17, iters: 192, time: 0.001, data: 0.001) , D_A: 0.288, G_A: 1.041, cycle_A: 0.619, D_B: 0.391, G_B: 0.950, cycle_B: 0.583, gp: 0.359

[Rank 0] (epoch: 17, iters: 1792, time: 0.001, data: 0.002) , D_A: 0.327, G_A: 0.894, cycle_A: 0.726, D_B: 0.433, G_B: 0.640, cycle_B: 1.031, gp: 0.331

[Rank 0] (epoch: 17, iters: 3392, time: 0.001, data: 0.001) , D_A: 0.269, G_A: 1.015, cycle_A: 0.952, D_B: 0.297, G_B: 1.011, cycle_B: 1.099, gp: 0.284

[Rank 0] (epoch: 17, iters: 4992, time: 0.001, data: 0.001) , D_A: 0.253, G_A: 1.025, cycle_A: 0.735, D_B: 0.337, G_B: 1.016, cycle_B: 0.402, gp: 0.295

[Rank 0] (epoch: 17, iters: 6592, time: 0.001, data: 0.001) , D_A: 0.306, G_A: 0.955, cycle_A: 0.821, D_B: 0.327, G_B: 1.053, cycle_B: 0.403, gp: 0.317

[Rank 0] (epoch: 17, iters: 8192, time: 0.001, data: 0.001) , D_A: 0.235, G_A: 0.994, cycle_A: 0.401, D_B: 0.251, G_B: 1.087, cycle_B: 1.146, gp: 0.233

--- iter tau=0.2956 ---
  cipher in : edbaebgddbedhbee dbdeibadbedbhdcbea abcebcaehdidbaedbgddbiedhbeg
  decrypted : ee  e  ee eec ee e eeg  e ee cei e    ie i ecege  ee  ee geec e 
  real plain:  i ig gd igh ad he afaid e i g cae ade e ce b hi id a b a he cid
  cipher in : adbhihbhedbcigbgecbadbehbadbebhddbibedbgbebdebadbchbdecabaibaddb
  decrypted :  e cgc cee ig   ei  e ec  e e cee g ee   e ee  e ic eei   g  ee 
  real plain: ad acceig hi adice e i egh aceai hehe he ha a edge f ie a ed ha 
[Rank 0] (epoch: 17, iters: 9792, time: 0.001, data: 0.001) , D_A: 0.202, G_A: 0.985, cycle_A: 0.335, D_B: 0.244, G_B: 1.016, cycle_B: 0.393, gp: 0.231

saving the latest model (epoch 17, total_iters 360000)
[Rank 0] (epoch: 17, iters: 11392, time: 0.001, data: 0.001) , D_A: 0.341, G_A: 0.930, cycle_A: 0.781, D_B: 0.347, G_B: 1.026, cycle_B: 0.453, gp: 0.333

[Rank 0] (epoch: 17, iters: 12992, time: 0.001, data: 0.001) , D_A: 0.237, G_A: 0.857, cycle_A: 0.913, D_B: 0.215, G_B: 0.980, cycle_B: 1.012, gp: 0.204

[Rank 0] (epoch: 17, iters: 14592, time: 0.001, data: 0.001) , D_A: 0.238, G_A: 0.842, cycle_A: 0.746, D_B: 0.332, G_B: 1.037, cycle_B: 0.385, gp: 0.298

[Rank 0] (epoch: 17, iters: 16192, time: 0.001, data: 0.001) , D_A: 0.306, G_A: 0.911, cycle_A: 0.766, D_B: 0.316, G_B: 0.930, cycle_B: 0.402, gp: 0.305

[Rank 0] (epoch: 17, iters: 17792, time: 0.001, data: 0.001) , D_A: 0.248, G_A: 1.008, cycle_A: 0.695, D_B: 0.375, G_B: 0.933, cycle_B: 1.100, gp: 0.361

[Rank 0] (epoch: 17, iters: 19392, time: 0.001, data: 0.001) , D_A: 0.208, G_A: 0.954, cycle_A: 0.722, D_B: 0.363, G_B: 0.817, cycle_B: 0.600, gp: 0.330

[Rank 0] (epoch: 17, iters: 20992, time: 0.001, data: 0.001) , D_A: 0.286, G_A: 0.929, cycle_A: 0.932, D_B: 0.338, G_B: 0.953, cycle_B: 0.486, gp: 0.312

learning rate 0.0002000 -> 0.0002000
temperature tau = 0.2861
End of epoch 17 / 50 	 Time Taken: 18 sec
[Rank 0] (epoch: 18, iters: 704, time: 0.001, data: 0.000) , D_A: 0.260, G_A: 0.940, cycle_A: 0.384, D_B: 0.274, G_B: 1.028, cycle_B: 0.864, gp: 0.233

[Rank 0] (epoch: 18, iters: 2304, time: 0.001, data: 0.000) , D_A: 0.327, G_A: 0.865, cycle_A: 0.945, D_B: 0.331, G_B: 0.925, cycle_B: 1.030, gp: 0.317

[Rank 0] (epoch: 18, iters: 3904, time: 0.001, data: 0.001) , D_A: 0.265, G_A: 0.808, cycle_A: 0.677, D_B: 0.396, G_B: 0.697, cycle_B: 0.859, gp: 0.341

[Rank 0] (epoch: 18, iters: 5504, time: 0.001, data: 0.001) , D_A: 0.296, G_A: 0.941, cycle_A: 0.720, D_B: 0.340, G_B: 1.075, cycle_B: 0.409, gp: 0.311

[Rank 0] (epoch: 18, iters: 7104, time: 0.001, data: 0.001) , D_A: 0.198, G_A: 1.066, cycle_A: 0.574, D_B: 0.200, G_B: 1.055, cycle_B: 1.035, gp: 0.190

[Rank 0] (epoch: 18, iters: 8704, time: 0.001, data: 0.001) , D_A: 0.268, G_A: 0.998, cycle_A: 0.385, D_B: 0.276, G_B: 0.984, cycle_B: 1.041, gp: 0.262

[Rank 0] (epoch: 18, iters: 10304, time: 0.001, data: 0.001) , D_A: 0.272, G_A: 1.006, cycle_A: 0.937, D_B: 0.315, G_B: 0.826, cycle_B: 0.728, gp: 0.284

[Rank 0] (epoch: 18, iters: 11904, time: 0.001, data: 0.002) , D_A: 0.247, G_A: 1.010, cycle_A: 0.741, D_B: 0.320, G_B: 1.046, cycle_B: 0.479, gp: 0.308

[Rank 0] (epoch: 18, iters: 13504, time: 0.001, data: 0.001) , D_A: 0.241, G_A: 0.894, cycle_A: 0.570, D_B: 0.353, G_B: 0.920, cycle_B: 1.030, gp: 0.342

[Rank 0] (epoch: 18, iters: 15104, time: 0.001, data: 0.001) , D_A: 0.190, G_A: 0.913, cycle_A: 0.748, D_B: 0.314, G_B: 1.137, cycle_B: 0.994, gp: 0.293

[Rank 0] (epoch: 18, iters: 16704, time: 0.001, data: 0.001) , D_A: 0.181, G_A: 0.986, cycle_A: 0.398, D_B: 0.298, G_B: 1.110, cycle_B: 1.135, gp: 0.281

[Rank 0] (epoch: 18, iters: 18304, time: 0.001, data: 0.001) , D_A: 0.346, G_A: 1.033, cycle_A: 0.738, D_B: 0.305, G_B: 0.958, cycle_B: 0.392, gp: 0.292

[Rank 0] (epoch: 18, iters: 19904, time: 0.001, data: 0.001) , D_A: 0.209, G_A: 1.053, cycle_A: 0.878, D_B: 0.322, G_B: 1.070, cycle_B: 1.044, gp: 0.310

[Rank 0] (epoch: 18, iters: 21504, time: 0.001, data: 0.001) , D_A: 0.193, G_A: 0.968, cycle_A: 0.756, D_B: 0.439, G_B: 1.195, cycle_B: 0.478, gp: 0.366

learning rate 0.0002000 -> 0.0002000
temperature tau = 0.2768
End of epoch 18 / 50 	 Time Taken: 18 sec
[Rank 0] (epoch: 19, iters: 1216, time: 0.001, data: 0.001) , D_A: 0.228, G_A: 1.026, cycle_A: 0.673, D_B: 0.286, G_B: 1.228, cycle_B: 1.009, gp: 0.260

[Rank 0] (epoch: 19, iters: 2816, time: 0.001, data: 0.001) , D_A: 0.243, G_A: 1.003, cycle_A: 0.736, D_B: 0.315, G_B: 1.092, cycle_B: 0.402, gp: 0.298

[Rank 0] (epoch: 19, iters: 4416, time: 0.001, data: 0.001) , D_A: 0.154, G_A: 1.016, cycle_A: 0.722, D_B: 0.250, G_B: 1.024, cycle_B: 0.646, gp: 0.233

--- iter tau=0.2768 ---
  cipher in : dd dcdbfbadbciibidfbhbddbcidbebeebfbadbicbfbhihdbehbibhbddbaebai
  decrypted : aa aia h  a iff fah c aa ifa e ee h  a fi h cfca ec f c aa  e  f
  real plain: be ci ih abe idea deaig ih faiia iai a ge adeae he a fi a he eid
  cipher in : ibehbcdhbadbedbiabaibdchbei abdhbebddbibedbebehebefdbedbaehbedhb
  decrypted : f ec iac  a ea f   f aic ef   ac e aa f ea e ece eha ea  ec eac 
  real plain: d ae ee cace i diaic hi he be ih he a ha he a ee ed ad i fac a a
[Rank 0] (epoch: 19, iters: 6016, time: 0.001, data: 0.001) , D_A: 0.245, G_A: 1.065, cycle_A: 0.934, D_B: 0.336, G_B: 1.098, cycle_B: 1.014, gp: 0.325

saving the latest model (epoch 19, total_iters 400000)
[Rank 0] (epoch: 19, iters: 7616, time: 0.001, data: 0.001) , D_A: 0.327, G_A: 0.977, cycle_A: 0.766, D_B: 0.279, G_B: 1.154, cycle_B: 0.387, gp: 0.268

[Rank 0] (epoch: 19, iters: 9216, time: 0.001, data: 0.001) , D_A: 0.218, G_A: 0.997, cycle_A: 0.764, D_B: 0.326, G_B: 1.077, cycle_B: 0.752, gp: 0.297

[Rank 0] (epoch: 19, iters: 10816, time: 0.001, data: 0.001) , D_A: 0.169, G_A: 0.949, cycle_A: 0.768, D_B: 0.322, G_B: 1.052, cycle_B: 0.467, gp: 0.312

[Rank 0] (epoch: 19, iters: 12416, time: 0.001, data: 0.001) , D_A: 0.250, G_A: 1.045, cycle_A: 0.749, D_B: 0.360, G_B: 1.060, cycle_B: 1.026, gp: 0.333

[Rank 0] (epoch: 19, iters: 14016, time: 0.001, data: 0.001) , D_A: 0.318, G_A: 1.069, cycle_A: 0.342, D_B: 0.265, G_B: 0.919, cycle_B: 1.119, gp: 0.254

[Rank 0] (epoch: 19, iters: 15616, time: 0.001, data: 0.001) , D_A: 0.169, G_A: 0.871, cycle_A: 0.713, D_B: 0.375, G_B: 0.702, cycle_B: 0.994, gp: 0.331

[Rank 0] (epoch: 19, iters: 17216, time: 0.001, data: 0.001) , D_A: 0.224, G_A: 0.923, cycle_A: 0.712, D_B: 0.286, G_B: 0.881, cycle_B: 0.854, gp: 0.255

[Rank 0] (epoch: 19, iters: 18816, time: 0.001, data: 0.001) , D_A: 0.322, G_A: 0.970, cycle_A: 0.740, D_B: 0.321, G_B: 0.926, cycle_B: 0.400, gp: 0.309

[Rank 0] (epoch: 19, iters: 20416, time: 0.001, data: 0.001) , D_A: 0.335, G_A: 1.023, cycle_A: 0.608, D_B: 0.351, G_B: 0.932, cycle_B: 0.629, gp: 0.337

learning rate 0.0002000 -> 0.0002000
temperature tau = 0.2679
End of epoch 19 / 50 	 Time Taken: 18 sec
[Rank 0] (epoch: 20, iters: 128, time: 0.001, data: 0.001) , D_A: 0.242, G_A: 0.882, cycle_A: 0.752, D_B: 0.229, G_B: 1.126, cycle_B: 0.390, gp: 0.221

[Rank 0] (epoch: 20, iters: 1728, time: 0.001, data: 0.000) , D_A: 0.247, G_A: 1.070, cycle_A: 0.385, D_B: 0.363, G_B: 0.657, cycle_B: 0.511, gp: 0.315

[Rank 0] (epoch: 20, iters: 3328, time: 0.001, data: 0.001) , D_A: 0.175, G_A: 1.046, cycle_A: 0.957, D_B: 0.208, G_B: 0.899, cycle_B: 0.516, gp: 0.188

[Rank 0] (epoch: 20, iters: 4928, time: 0.001, data: 0.001) , D_A: 0.246, G_A: 0.880, cycle_A: 0.331, D_B: 0.342, G_B: 1.163, cycle_B: 0.940, gp: 0.326

[Rank 0] (epoch: 20, iters: 6528, time: 0.001, data: 0.001) , D_A: 0.360, G_A: 0.841, cycle_A: 0.326, D_B: 0.302, G_B: 0.925, cycle_B: 0.479, gp: 0.279

[Rank 0] (epoch: 20, iters: 8128, time: 0.001, data: 0.001) , D_A: 0.229, G_A: 0.986, cycle_A: 0.604, D_B: 0.324, G_B: 1.177, cycle_B: 1.169, gp: 0.301

[Rank 0] (epoch: 20, iters: 9728, time: 0.001, data: 0.001) , D_A: 0.192, G_A: 0.983, cycle_A: 0.567, D_B: 0.268, G_B: 0.983, cycle_B: 1.056, gp: 0.239

[Rank 0] (epoch: 20, iters: 11328, time: 0.001, data: 0.001) , D_A: 0.348, G_A: 0.995, cycle_A: 0.672, D_B: 0.284, G_B: 0.899, cycle_B: 0.984, gp: 0.266

[Rank 0] (epoch: 20, iters: 12928, time: 0.001, data: 0.001) , D_A: 0.283, G_A: 1.025, cycle_A: 0.878, D_B: 0.296, G_B: 0.810, cycle_B: 1.015, gp: 0.281

[Rank 0] (epoch: 20, iters: 14528, time: 0.001, data: 0.001) , D_A: 0.266, G_A: 0.794, cycle_A: 0.984, D_B: 0.315, G_B: 0.818, cycle_B: 0.397, gp: 0.283

[Rank 0] (epoch: 20, iters: 16128, time: 0.001, data: 0.001) , D_A: 0.237, G_A: 0.954, cycle_A: 0.883, D_B: 0.229, G_B: 0.952, cycle_B: 1.046, gp: 0.214

[Rank 0] (epoch: 20, iters: 17728, time: 0.001, data: 0.001) , D_A: 0.301, G_A: 1.032, cycle_A: 0.544, D_B: 0.294, G_B: 1.002, cycle_B: 1.126, gp: 0.287

[Rank 0] (epoch: 20, iters: 19328, time: 0.001, data: 0.001) , D_A: 0.225, G_A: 0.910, cycle_A: 0.934, D_B: 0.338, G_B: 0.949, cycle_B: 0.388, gp: 0.331

[Rank 0] (epoch: 20, iters: 20928, time: 0.001, data: 0.001) , D_A: 0.200, G_A: 0.881, cycle_A: 0.933, D_B: 0.328, G_B: 0.979, cycle_B: 0.536, gp: 0.315

learning rate 0.0002000 -> 0.0002000
temperature tau = 0.2592
End of epoch 20 / 50 	 Time Taken: 18 sec
[Rank 0] (epoch: 21, iters: 640, time: 0.001, data: 0.001) , D_A: 0.338, G_A: 0.836, cycle_A: 0.329, D_B: 0.274, G_B: 0.930, cycle_B: 1.003, gp: 0.258

--- iter tau=0.2592 ---
  cipher in : db edhbeaddbhbgdbgddbaebadbehbfbadbecdbaddbebai b biabadbgbaehbg
  decrypted : ad iacdi aadcd ad aad id adicdhd adiiad aadid b d db d ad d icd 
  real plain: eae he gee agecie ad f acc i ce ig ce ia he ia ad iea ga e hae e
  cipher in : caebdcdbaebebidbgabicbehbicbfbddeb badbebgdbadb bidbddbaedbceged
  decrypted : i idaiad ididbad  dbidicdbidhdaaid d adid ad ad dbadaad iadii ia
  real plain:  ha d beefi b e fac aei ahgh facie ii geig heee he ga ie eige a 
[Rank 0] (epoch: 21, iters: 2240, time: 0.001, data: 0.000) , D_A: 0.293, G_A: 1.107, cycle_A: 0.672, D_B: 0.232, G_B: 0.926, cycle_B: 0.396, gp: 0.224

saving the latest model (epoch 21, total_iters 440000)
[Rank 0] (epoch: 21, iters: 3840, time: 0.001, data: 0.001) , D_A: 0.243, G_A: 0.966, cycle_A: 0.670, D_B: 0.312, G_B: 1.323, cycle_B: 0.482, gp: 0.245

[Rank 0] (epoch: 21, iters: 5440, time: 0.001, data: 0.001) , D_A: 0.304, G_A: 0.994, cycle_A: 0.379, D_B: 0.243, G_B: 0.911, cycle_B: 0.597, gp: 0.223

[Rank 0] (epoch: 21, iters: 7040, time: 0.001, data: 0.001) , D_A: 0.117, G_A: 0.938, cycle_A: 0.586, D_B: 0.199, G_B: 0.980, cycle_B: 0.376, gp: 0.185

[Rank 0] (epoch: 21, iters: 8640, time: 0.001, data: 0.001) , D_A: 0.307, G_A: 0.842, cycle_A: 0.666, D_B: 0.241, G_B: 0.899, cycle_B: 0.432, gp: 0.231

[Rank 0] (epoch: 21, iters: 10240, time: 0.001, data: 0.001) , D_A: 0.267, G_A: 0.980, cycle_A: 0.788, D_B: 0.273, G_B: 0.940, cycle_B: 0.393, gp: 0.258

[Rank 0] (epoch: 21, iters: 11840, time: 0.001, data: 0.001) , D_A: 0.210, G_A: 0.973, cycle_A: 0.737, D_B: 0.279, G_B: 1.168, cycle_B: 0.405, gp: 0.269

[Rank 0] (epoch: 21, iters: 13440, time: 0.001, data: 0.001) , D_A: 0.253, G_A: 0.962, cycle_A: 0.730, D_B: 0.400, G_B: 0.948, cycle_B: 0.467, gp: 0.389

[Rank 0] (epoch: 21, iters: 15040, time: 0.001, data: 0.001) , D_A: 0.225, G_A: 0.833, cycle_A: 0.734, D_B: 0.354, G_B: 1.014, cycle_B: 0.919, gp: 0.331

[Rank 0] (epoch: 21, iters: 16640, time: 0.001, data: 0.001) , D_A: 0.156, G_A: 1.120, cycle_A: 0.912, D_B: 0.311, G_B: 1.069, cycle_B: 1.121, gp: 0.304

[Rank 0] (epoch: 21, iters: 18240, time: 0.001, data: 0.001) , D_A: 0.264, G_A: 0.948, cycle_A: 0.336, D_B: 0.313, G_B: 1.060, cycle_B: 0.725, gp: 0.296

[Rank 0] (epoch: 21, iters: 19840, time: 0.001, data: 0.001) , D_A: 0.208, G_A: 1.017, cycle_A: 0.948, D_B: 0.353, G_B: 1.128, cycle_B: 1.103, gp: 0.318

[Rank 0] (epoch: 21, iters: 21440, time: 0.001, data: 0.001) , D_A: 0.257, G_A: 0.921, cycle_A: 0.884, D_B: 0.349, G_B: 0.860, cycle_B: 1.101, gp: 0.309

learning rate 0.0002000 -> 0.0002000
temperature tau = 0.2508
End of epoch 21 / 50 	 Time Taken: 18 sec
[Rank 0] (epoch: 22, iters: 1152, time: 0.001, data: 0.001) , D_A: 0.223, G_A: 0.912, cycle_A: 0.953, D_B: 0.237, G_B: 0.967, cycle_B: 0.399, gp: 0.223

[Rank 0] (epoch: 22, iters: 2752, time: 0.001, data: 0.001) , D_A: 0.202, G_A: 0.947, cycle_A: 0.329, D_B: 0.275, G_B: 1.042, cycle_B: 0.871, gp: 0.263

[Rank 0] (epoch: 22, iters: 4352, time: 0.001, data: 0.001) , D_A: 0.188, G_A: 0.967, cycle_A: 0.797, D_B: 0.227, G_B: 0.904, cycle_B: 0.397, gp: 0.217

[Rank 0] (epoch: 22, iters: 5952, time: 0.001, data: 0.001) , D_A: 0.258, G_A: 0.947, cycle_A: 0.858, D_B: 0.297, G_B: 0.892, cycle_B: 1.018, gp: 0.284

[Rank 0] (epoch: 22, iters: 7552, time: 0.001, data: 0.001) , D_A: 0.213, G_A: 0.924, cycle_A: 1.000, D_B: 0.303, G_B: 0.888, cycle_B: 0.942, gp: 0.289

[Rank 0] (epoch: 22, iters: 9152, time: 0.001, data: 0.001) , D_A: 0.254, G_A: 0.903, cycle_A: 0.326, D_B: 0.311, G_B: 1.025, cycle_B: 0.622, gp: 0.281

[Rank 0] (epoch: 22, iters: 10752, time: 0.001, data: 0.001) , D_A: 0.228, G_A: 1.012, cycle_A: 0.986, D_B: 0.311, G_B: 0.912, cycle_B: 0.393, gp: 0.303

[Rank 0] (epoch: 22, iters: 12352, time: 0.001, data: 0.001) , D_A: 0.204, G_A: 0.893, cycle_A: 0.925, D_B: 0.299, G_B: 1.070, cycle_B: 1.104, gp: 0.289

[Rank 0] (epoch: 22, iters: 13952, time: 0.001, data: 0.001) , D_A: 0.224, G_A: 0.926, cycle_A: 0.785, D_B: 0.302, G_B: 1.480, cycle_B: 0.376, gp: 0.225

[Rank 0] (epoch: 22, iters: 15552, time: 0.001, data: 0.001) , D_A: 0.193, G_A: 0.994, cycle_A: 0.540, D_B: 0.248, G_B: 1.067, cycle_B: 1.047, gp: 0.238

[Rank 0] (epoch: 22, iters: 17152, time: 0.001, data: 0.001) , D_A: 0.271, G_A: 1.017, cycle_A: 0.924, D_B: 0.310, G_B: 1.152, cycle_B: 1.023, gp: 0.303

[Rank 0] (epoch: 22, iters: 18752, time: 0.001, data: 0.001) , D_A: 0.188, G_A: 0.986, cycle_A: 0.334, D_B: 0.267, G_B: 1.035, cycle_B: 0.399, gp: 0.257

--- iter tau=0.2508 ---
  cipher in : dbccdbfbdcaebeidbfddbibdecdbehbebadbdcaebeidbibadbfabebfbhdfddbf
  decrypted : ediiedhdei idifedheedfdeiiedicdid edei idifedfd edh didhdceheedh
  real plain: i a ceai i he ee f a e iiee f ec a eie f ai a ea d f he a eie f 
  cipher in : dibdh dbfbaebadbddidcdbahbgdbadbcae dbibdcdibgbdbfbadbaed eidbgd
  decrypted : efdec edhd id edeefeied cd ed edi i edfdeiefd dedhd ed ie ifed e
  real plain: ig he ie be f hi diaga ih he adiia ie ice a a a de hi eaed he dd
[Rank 0] (epoch: 22, iters: 20352, time: 0.001, data: 0.001) , D_A: 0.132, G_A: 0.973, cycle_A: 0.716, D_B: 0.256, G_B: 1.066, cycle_B: 0.617, gp: 0.238

saving the latest model (epoch 22, total_iters 480000)
learning rate 0.0002000 -> 0.0002000
temperature tau = 0.2427
End of epoch 22 / 50 	 Time Taken: 18 sec
[Rank 0] (epoch: 23, iters: 64, time: 0.001, data: 0.001) , D_A: 0.234, G_A: 0.937, cycle_A: 0.785, D_B: 0.193, G_B: 0.965, cycle_B: 0.626, gp: 0.178

[Rank 0] (epoch: 23, iters: 1664, time: 0.001, data: 0.001) , D_A: 0.178, G_A: 0.975, cycle_A: 0.729, D_B: 0.272, G_B: 1.218, cycle_B: 0.663, gp: 0.237

[Rank 0] (epoch: 23, iters: 3264, time: 0.001, data: 0.001) , D_A: 0.208, G_A: 0.987, cycle_A: 0.339, D_B: 0.264, G_B: 0.912, cycle_B: 1.037, gp: 0.257

[Rank 0] (epoch: 23, iters: 4864, time: 0.001, data: 0.001) , D_A: 0.248, G_A: 0.950, cycle_A: 0.752, D_B: 0.271, G_B: 1.041, cycle_B: 0.467, gp: 0.265

[Rank 0] (epoch: 23, iters: 6464, time: 0.001, data: 0.001) , D_A: 0.204, G_A: 0.985, cycle_A: 0.882, D_B: 0.356, G_B: 1.269, cycle_B: 1.041, gp: 0.347

[Rank 0] (epoch: 23, iters: 8064, time: 0.001, data: 0.001) , D_A: 0.336, G_A: 0.939, cycle_A: 0.733, D_B: 0.323, G_B: 0.928, cycle_B: 1.024, gp: 0.307

[Rank 0] (epoch: 23, iters: 9664, time: 0.001, data: 0.001) , D_A: 0.232, G_A: 0.971, cycle_A: 0.670, D_B: 0.229, G_B: 1.166, cycle_B: 0.885, gp: 0.206

[Rank 0] (epoch: 23, iters: 11264, time: 0.001, data: 0.001) , D_A: 0.233, G_A: 1.021, cycle_A: 0.610, D_B: 0.340, G_B: 1.155, cycle_B: 1.153, gp: 0.328

[Rank 0] (epoch: 23, iters: 12864, time: 0.001, data: 0.001) , D_A: 0.410, G_A: 0.971, cycle_A: 0.376, D_B: 0.257, G_B: 0.920, cycle_B: 0.468, gp: 0.243

[Rank 0] (epoch: 23, iters: 14464, time: 0.001, data: 0.001) , D_A: 0.134, G_A: 0.992, cycle_A: 0.640, D_B: 0.201, G_B: 1.141, cycle_B: 0.942, gp: 0.191

[Rank 0] (epoch: 23, iters: 16064, time: 0.001, data: 0.001) , D_A: 0.235, G_A: 0.895, cycle_A: 0.922, D_B: 0.316, G_B: 0.988, cycle_B: 0.393, gp: 0.308

[Rank 0] (epoch: 23, iters: 17664, time: 0.001, data: 0.001) , D_A: 0.220, G_A: 0.955, cycle_A: 0.591, D_B: 0.264, G_B: 1.005, cycle_B: 1.137, gp: 0.257

[Rank 0] (epoch: 23, iters: 19264, time: 0.001, data: 0.001) , D_A: 0.373, G_A: 0.976, cycle_A: 0.738, D_B: 0.418, G_B: 0.725, cycle_B: 0.555, gp: 0.355

[Rank 0] (epoch: 23, iters: 20864, time: 0.001, data: 0.001) , D_A: 0.255, G_A: 0.971, cycle_A: 0.748, D_B: 0.294, G_B: 1.149, cycle_B: 0.687, gp: 0.277

learning rate 0.0002000 -> 0.0002000
temperature tau = 0.2349
End of epoch 23 / 50 	 Time Taken: 18 sec
[Rank 0] (epoch: 24, iters: 576, time: 0.001, data: 0.001) , D_A: 0.252, G_A: 1.014, cycle_A: 0.867, D_B: 0.225, G_B: 0.978, cycle_B: 0.401, gp: 0.218

[Rank 0] (epoch: 24, iters: 2176, time: 0.001, data: 0.000) , D_A: 0.208, G_A: 0.933, cycle_A: 0.949, D_B: 0.313, G_B: 1.040, cycle_B: 1.103, gp: 0.303

[Rank 0] (epoch: 24, iters: 3776, time: 0.001, data: 0.001) , D_A: 0.209, G_A: 0.922, cycle_A: 0.536, D_B: 0.318, G_B: 1.162, cycle_B: 0.473, gp: 0.283

[Rank 0] (epoch: 24, iters: 5376, time: 0.001, data: 0.001) , D_A: 0.184, G_A: 1.015, cycle_A: 0.599, D_B: 0.376, G_B: 0.800, cycle_B: 0.922, gp: 0.351

[Rank 0] (epoch: 24, iters: 6976, time: 0.001, data: 0.001) , D_A: 0.298, G_A: 0.995, cycle_A: 0.731, D_B: 0.293, G_B: 0.980, cycle_B: 0.396, gp: 0.286

[Rank 0] (epoch: 24, iters: 8576, time: 0.001, data: 0.001) , D_A: 0.176, G_A: 0.964, cycle_A: 0.549, D_B: 0.256, G_B: 0.862, cycle_B: 1.105, gp: 0.248

[Rank 0] (epoch: 24, iters: 10176, time: 0.001, data: 0.001) , D_A: 0.210, G_A: 1.001, cycle_A: 0.372, D_B: 0.236, G_B: 0.949, cycle_B: 0.390, gp: 0.231

[Rank 0] (epoch: 24, iters: 11776, time: 0.001, data: 0.001) , D_A: 0.155, G_A: 1.000, cycle_A: 0.343, D_B: 0.183, G_B: 0.957, cycle_B: 1.066, gp: 0.157

[Rank 0] (epoch: 24, iters: 13376, time: 0.001, data: 0.001) , D_A: 0.322, G_A: 0.928, cycle_A: 0.714, D_B: 0.361, G_B: 1.115, cycle_B: 1.011, gp: 0.346

[Rank 0] (epoch: 24, iters: 14976, time: 0.001, data: 0.001) , D_A: 0.241, G_A: 0.970, cycle_A: 0.743, D_B: 0.345, G_B: 0.765, cycle_B: 0.401, gp: 0.340

--- iter tau=0.2349 ---
  cipher in : baddbgbdebfbebcdbaabgedbaicabibidhbebiieddbfeai adbggbdbaedbabae
  decrypted :   aa   ae h e ia     ea  fi  f fac e ffeaa he f  a    a  ea    e
  real plain:  he b i be adig i hee aea hi i iig he e cide ha e ece f he ead b
  cipher in : dhbibaibifdidbadbadbdihdbfbadbabcdbdbegehbfbadibfiai badbedicebi
  decrypted : ac f  f fhafa  a  a afca h  a   ia a e ec h  af hf f   a eafie f
  real plain: h he cad f he idde ea eae ic a ac di igiaed i he he beeage ae ad
[Rank 0] (epoch: 24, iters: 16576, time: 0.001, data: 0.001) , D_A: 0.261, G_A: 0.978, cycle_A: 0.549, D_B: 0.264, G_B: 1.078, cycle_B: 0.551, gp: 0.253

saving the latest model (epoch 24, total_iters 520000)
[Rank 0] (epoch: 24, iters: 18176, time: 0.001, data: 0.001) , D_A: 0.715, G_A: 0.059, cycle_A: 0.656, D_B: 0.312, G_B: 1.286, cycle_B: 0.598, gp: 0.246

[Rank 0] (epoch: 24, iters: 19776, time: 0.001, data: 0.001) , D_A: 0.259, G_A: 0.940, cycle_A: 0.987, D_B: 0.300, G_B: 1.120, cycle_B: 0.465, gp: 0.282

[Rank 0] (epoch: 24, iters: 21376, time: 0.001, data: 0.001) , D_A: 0.243, G_A: 0.974, cycle_A: 0.933, D_B: 0.296, G_B: 1.160, cycle_B: 0.821, gp: 0.282

learning rate 0.0002000 -> 0.0002000
temperature tau = 0.2273
End of epoch 24 / 50 	 Time Taken: 18 sec
[Rank 0] (epoch: 25, iters: 1088, time: 0.001, data: 0.001) , D_A: 0.325, G_A: 0.902, cycle_A: 0.926, D_B: 0.360, G_B: 0.927, cycle_B: 0.402, gp: 0.354

[Rank 0] (epoch: 25, iters: 2688, time: 0.001, data: 0.001) , D_A: 0.224, G_A: 0.945, cycle_A: 0.976, D_B: 0.183, G_B: 1.328, cycle_B: 0.831, gp: 0.163

[Rank 0] (epoch: 25, iters: 4288, time: 0.001, data: 0.001) , D_A: 0.244, G_A: 0.905, cycle_A: 0.326, D_B: 0.377, G_B: 1.207, cycle_B: 0.813, gp: 0.353

[Rank 0] (epoch: 25, iters: 5888, time: 0.001, data: 0.001) , D_A: 0.197, G_A: 0.917, cycle_A: 0.327, D_B: 0.250, G_B: 1.016, cycle_B: 1.080, gp: 0.244

[Rank 0] (epoch: 25, iters: 7488, time: 0.001, data: 0.001) , D_A: 0.258, G_A: 0.962, cycle_A: 0.394, D_B: 0.335, G_B: 1.785, cycle_B: 0.819, gp: 0.286

[Rank 0] (epoch: 25, iters: 9088, time: 0.001, data: 0.001) , D_A: 0.319, G_A: 0.386, cycle_A: 0.929, D_B: 0.222, G_B: 1.036, cycle_B: 1.097, gp: 0.213

[Rank 0] (epoch: 25, iters: 10688, time: 0.001, data: 0.001) , D_A: 0.199, G_A: 0.965, cycle_A: 0.365, D_B: 0.273, G_B: 0.855, cycle_B: 1.011, gp: 0.260

[Rank 0] (epoch: 25, iters: 12288, time: 0.001, data: 0.001) , D_A: 0.185, G_A: 1.001, cycle_A: 0.598, D_B: 0.275, G_B: 0.917, cycle_B: 1.150, gp: 0.266

[Rank 0] (epoch: 25, iters: 13888, time: 0.001, data: 0.001) , D_A: 0.235, G_A: 0.941, cycle_A: 0.340, D_B: 0.345, G_B: 0.774, cycle_B: 0.667, gp: 0.308

[Rank 0] (epoch: 25, iters: 15488, time: 0.001, data: 0.001) , D_A: 0.250, G_A: 1.032, cycle_A: 0.794, D_B: 0.259, G_B: 1.009, cycle_B: 0.465, gp: 0.237

[Rank 0] (epoch: 25, iters: 17088, time: 0.001, data: 0.001) , D_A: 0.224, G_A: 0.928, cycle_A: 0.926, D_B: 0.250, G_B: 0.922, cycle_B: 1.127, gp: 0.242

[Rank 0] (epoch: 25, iters: 18688, time: 0.001, data: 0.001) , D_A: 0.275, G_A: 1.021, cycle_A: 0.553, D_B: 0.388, G_B: 0.882, cycle_B: 1.127, gp: 0.383

[Rank 0] (epoch: 25, iters: 20288, time: 0.001, data: 0.001) , D_A: 0.229, G_A: 0.991, cycle_A: 0.718, D_B: 0.356, G_B: 1.065, cycle_B: 0.603, gp: 0.349

[Rank 0] (epoch: 25, iters: 21888, time: 0.001, data: 0.001) , D_A: 0.292, G_A: 0.962, cycle_A: 0.535, D_B: 0.266, G_B: 0.901, cycle_B: 1.120, gp: 0.258

learning rate 0.0002000 -> 0.0002000
temperature tau = 0.2200
End of epoch 25 / 50 	 Time Taken: 18 sec
[Rank 0] (epoch: 26, iters: 1600, time: 0.001, data: 0.097) , D_A: 0.244, G_A: 0.763, cycle_A: 0.811, D_B: 0.343, G_B: 0.688, cycle_B: 0.674, gp: 0.316

[Rank 0] (epoch: 26, iters: 3200, time: 0.001, data: 0.001) , D_A: 0.164, G_A: 0.862, cycle_A: 0.790, D_B: 0.241, G_B: 0.899, cycle_B: 0.621, gp: 0.222

[Rank 0] (epoch: 26, iters: 4800, time: 0.001, data: 0.001) , D_A: 0.253, G_A: 0.927, cycle_A: 0.593, D_B: 0.335, G_B: 0.963, cycle_B: 1.041, gp: 0.326

[Rank 0] (epoch: 26, iters: 6400, time: 0.001, data: 0.001) , D_A: 0.253, G_A: 0.749, cycle_A: 0.928, D_B: 0.218, G_B: 0.998, cycle_B: 1.094, gp: 0.212

[Rank 0] (epoch: 26, iters: 8000, time: 0.001, data: 0.001) , D_A: 0.137, G_A: 0.958, cycle_A: 0.740, D_B: 0.327, G_B: 1.130, cycle_B: 0.402, gp: 0.316

[Rank 0] (epoch: 26, iters: 9600, time: 0.001, data: 0.001) , D_A: 0.147, G_A: 1.007, cycle_A: 0.389, D_B: 0.315, G_B: 1.018, cycle_B: 0.467, gp: 0.306

[Rank 0] (epoch: 26, iters: 11200, time: 0.001, data: 0.001) , D_A: 0.181, G_A: 1.036, cycle_A: 0.601, D_B: 0.304, G_B: 0.821, cycle_B: 0.464, gp: 0.293

--- iter tau=0.2200 ---
  cipher in : biadbadbaehbdbddi bibdbdebe badbaehbcdbadbadbgdbididdhbadbibehba
  decrypted : ef ee ee eceeeeef efeeeeeee e ee eceiee ee ee eefefeece eefeece 
  real plain:  c ih he dead f be he chie ae caed aiai a d ih a big bb f a e ae
  cipher in : bfdabebebibabgdebebdidbdbgdcedbibebdidbcigdbibibabaebadbgi adbfb
  decrypted : ehe eeeeefe e eeeeeefeeee eieeefeeeefeeif eefefe e ee ee f  eehe
  real plain: a deadig hih ca ee he ig ciei f becig hf ad efce b ig he ai ad e
[Rank 0] (epoch: 26, iters: 12800, time: 0.001, data: 0.001) , D_A: 0.255, G_A: 0.968, cycle_A: 0.734, D_B: 0.266, G_B: 0.899, cycle_B: 1.027, gp: 0.250

saving the latest model (epoch 26, total_iters 560000)
[Rank 0] (epoch: 26, iters: 14400, time: 0.001, data: 0.001) , D_A: 0.130, G_A: 1.073, cycle_A: 0.726, D_B: 0.261, G_B: 1.009, cycle_B: 1.014, gp: 0.248

[Rank 0] (epoch: 26, iters: 16000, time: 0.001, data: 0.001) , D_A: 0.250, G_A: 0.967, cycle_A: 0.936, D_B: 0.414, G_B: 1.125, cycle_B: 0.924, gp: 0.395

[Rank 0] (epoch: 26, iters: 17600, time: 0.001, data: 0.001) , D_A: 0.267, G_A: 0.887, cycle_A: 0.732, D_B: 0.268, G_B: 0.874, cycle_B: 1.029, gp: 0.260

[Rank 0] (epoch: 26, iters: 19200, time: 0.001, data: 0.001) , D_A: 0.191, G_A: 0.975, cycle_A: 0.745, D_B: 0.275, G_B: 0.956, cycle_B: 0.465, gp: 0.267

[Rank 0] (epoch: 26, iters: 20800, time: 0.001, data: 0.001) , D_A: 0.311, G_A: 0.929, cycle_A: 0.919, D_B: 0.304, G_B: 1.324, cycle_B: 1.127, gp: 0.289

learning rate 0.0002000 -> 0.0002000
temperature tau = 0.2129
End of epoch 26 / 50 	 Time Taken: 18 sec
[Rank 0] (epoch: 27, iters: 512, time: 0.001, data: 0.001) , D_A: 0.213, G_A: 0.931, cycle_A: 0.536, D_B: 0.237, G_B: 0.968, cycle_B: 0.546, gp: 0.227

[Rank 0] (epoch: 27, iters: 2112, time: 0.001, data: 0.000) , D_A: 0.192, G_A: 0.949, cycle_A: 0.319, D_B: 0.194, G_B: 0.972, cycle_B: 0.955, gp: 0.185

[Rank 0] (epoch: 27, iters: 3712, time: 0.001, data: 0.001) , D_A: 0.297, G_A: 0.928, cycle_A: 0.741, D_B: 0.281, G_B: 1.087, cycle_B: 0.770, gp: 0.249

[Rank 0] (epoch: 27, iters: 5312, time: 0.001, data: 0.001) , D_A: 0.226, G_A: 0.967, cycle_A: 0.810, D_B: 0.318, G_B: 0.826, cycle_B: 0.478, gp: 0.310

[Rank 0] (epoch: 27, iters: 6912, time: 0.001, data: 0.001) , D_A: 0.288, G_A: 1.065, cycle_A: 0.592, D_B: 0.300, G_B: 0.995, cycle_B: 1.027, gp: 0.288

[Rank 0] (epoch: 27, iters: 8512, time: 0.001, data: 0.001) , D_A: 0.250, G_A: 0.912, cycle_A: 0.584, D_B: 0.286, G_B: 0.817, cycle_B: 0.398, gp: 0.273

[Rank 0] (epoch: 27, iters: 10112, time: 0.001, data: 0.001) , D_A: 0.239, G_A: 0.962, cycle_A: 0.614, D_B: 0.297, G_B: 1.083, cycle_B: 1.130, gp: 0.290

[Rank 0] (epoch: 27, iters: 11712, time: 0.001, data: 0.001) , D_A: 0.361, G_A: 0.999, cycle_A: 0.401, D_B: 0.227, G_B: 0.941, cycle_B: 0.964, gp: 0.219

[Rank 0] (epoch: 27, iters: 13312, time: 0.001, data: 0.001) , D_A: 0.217, G_A: 1.058, cycle_A: 0.600, D_B: 0.354, G_B: 0.944, cycle_B: 1.031, gp: 0.336

[Rank 0] (epoch: 27, iters: 14912, time: 0.001, data: 0.001) , D_A: 0.157, G_A: 0.943, cycle_A: 0.556, D_B: 0.288, G_B: 0.761, cycle_B: 0.511, gp: 0.256

[Rank 0] (epoch: 27, iters: 16512, time: 0.001, data: 0.001) , D_A: 0.227, G_A: 0.887, cycle_A: 0.938, D_B: 0.218, G_B: 0.973, cycle_B: 1.044, gp: 0.214

[Rank 0] (epoch: 27, iters: 18112, time: 0.001, data: 0.001) , D_A: 0.234, G_A: 0.974, cycle_A: 0.697, D_B: 0.251, G_B: 0.895, cycle_B: 1.023, gp: 0.245

[Rank 0] (epoch: 27, iters: 19712, time: 0.001, data: 0.001) , D_A: 0.211, G_A: 0.798, cycle_A: 0.775, D_B: 0.237, G_B: 1.039, cycle_B: 0.994, gp: 0.217

[Rank 0] (epoch: 27, iters: 21312, time: 0.001, data: 0.001) , D_A: 0.309, G_A: 0.929, cycle_A: 0.728, D_B: 0.207, G_B: 0.796, cycle_B: 0.483, gp: 0.201

learning rate 0.0002000 -> 0.0002000
temperature tau = 0.2060
End of epoch 27 / 50 	 Time Taken: 18 sec
[Rank 0] (epoch: 28, iters: 1024, time: 0.001, data: 0.001) , D_A: 0.190, G_A: 0.963, cycle_A: 0.716, D_B: 0.287, G_B: 1.252, cycle_B: 0.476, gp: 0.255

[Rank 0] (epoch: 28, iters: 2624, time: 0.001, data: 0.001) , D_A: 0.152, G_A: 1.006, cycle_A: 1.001, D_B: 0.207, G_B: 1.226, cycle_B: 0.514, gp: 0.180

[Rank 0] (epoch: 28, iters: 4224, time: 0.001, data: 0.001) , D_A: 0.242, G_A: 1.004, cycle_A: 0.930, D_B: 0.328, G_B: 0.930, cycle_B: 1.038, gp: 0.324

[Rank 0] (epoch: 28, iters: 5824, time: 0.001, data: 0.001) , D_A: 0.139, G_A: 0.915, cycle_A: 0.781, D_B: 0.140, G_B: 0.953, cycle_B: 0.964, gp: 0.133

[Rank 0] (epoch: 28, iters: 7424, time: 0.001, data: 0.001) , D_A: 0.153, G_A: 0.951, cycle_A: 0.335, D_B: 0.349, G_B: 1.001, cycle_B: 0.954, gp: 0.344

--- iter tau=0.2060 ---
  cipher in : bfbdedbabfhbaebaddbebcabdicebhiedcicbdbadbeihbgdbh eicbibe dbidb
  decrypted :  h eie   hc  i  ee i i  efii cfieifi e  e ifc  e c ifi f i e fe 
  real plain:  a g a ecei i ee a ced f iaed ee daa f he ai ad iececede f eiece
  cipher in : bdeidbcigibefdbfbidcib ebdghi bebi afdbehbgbi afdbdfcddbeaibadbd
  decrypted :  eife if f ihe h feif  i e cf  i f  he ic   f  he ehiee i f  e e
  real plain:  da ce ad he he eee ae ad a ece a ac iia ih fded had he caic f e
[Rank 0] (epoch: 28, iters: 9024, time: 0.001, data: 0.001) , D_A: 0.147, G_A: 0.969, cycle_A: 0.737, D_B: 0.224, G_B: 1.105, cycle_B: 0.467, gp: 0.219

saving the latest model (epoch 28, total_iters 600000)
[Rank 0] (epoch: 28, iters: 10624, time: 0.001, data: 0.001) , D_A: 0.225, G_A: 0.963, cycle_A: 0.343, D_B: 0.222, G_B: 0.794, cycle_B: 1.112, gp: 0.215

[Rank 0] (epoch: 28, iters: 12224, time: 0.001, data: 0.001) , D_A: 0.208, G_A: 0.927, cycle_A: 0.741, D_B: 0.184, G_B: 1.005, cycle_B: 0.400, gp: 0.176

[Rank 0] (epoch: 28, iters: 13824, time: 0.001, data: 0.001) , D_A: 0.217, G_A: 0.977, cycle_A: 0.915, D_B: 0.233, G_B: 0.953, cycle_B: 1.104, gp: 0.220

[Rank 0] (epoch: 28, iters: 15424, time: 0.001, data: 0.001) , D_A: 0.205, G_A: 0.957, cycle_A: 0.547, D_B: 0.355, G_B: 0.625, cycle_B: 1.104, gp: 0.300

[Rank 0] (epoch: 28, iters: 17024, time: 0.001, data: 0.001) , D_A: 0.239, G_A: 1.120, cycle_A: 0.791, D_B: 0.225, G_B: 1.123, cycle_B: 1.114, gp: 0.215

[Rank 0] (epoch: 28, iters: 18624, time: 0.001, data: 0.001) , D_A: 0.238, G_A: 0.998, cycle_A: 0.698, D_B: 0.269, G_B: 1.095, cycle_B: 1.095, gp: 0.250

[Rank 0] (epoch: 28, iters: 20224, time: 0.001, data: 0.001) , D_A: 0.212, G_A: 0.868, cycle_A: 0.978, D_B: 0.298, G_B: 1.046, cycle_B: 1.001, gp: 0.285

[Rank 0] (epoch: 28, iters: 21824, time: 0.001, data: 0.001) , D_A: 0.142, G_A: 1.031, cycle_A: 0.325, D_B: 0.303, G_B: 0.912, cycle_B: 1.010, gp: 0.293

learning rate 0.0002000 -> 0.0002000
temperature tau = 0.1993
End of epoch 28 / 50 	 Time Taken: 18 sec
[Rank 0] (epoch: 29, iters: 1536, time: 0.001, data: 0.001) , D_A: 0.226, G_A: 0.930, cycle_A: 0.726, D_B: 0.197, G_B: 1.091, cycle_B: 1.027, gp: 0.192

[Rank 0] (epoch: 29, iters: 3136, time: 0.001, data: 0.001) , D_A: 0.285, G_A: 1.010, cycle_A: 0.916, D_B: 0.304, G_B: 1.195, cycle_B: 0.470, gp: 0.293

[Rank 0] (epoch: 29, iters: 4736, time: 0.001, data: 0.001) , D_A: 0.190, G_A: 1.022, cycle_A: 0.738, D_B: 0.277, G_B: 0.807, cycle_B: 1.105, gp: 0.272

[Rank 0] (epoch: 29, iters: 6336, time: 0.001, data: 0.001) , D_A: 0.181, G_A: 0.953, cycle_A: 0.738, D_B: 0.268, G_B: 1.009, cycle_B: 0.412, gp: 0.265

[Rank 0] (epoch: 29, iters: 7936, time: 0.001, data: 0.001) , D_A: 0.246, G_A: 0.892, cycle_A: 0.763, D_B: 0.219, G_B: 1.058, cycle_B: 0.399, gp: 0.216

[Rank 0] (epoch: 29, iters: 9536, time: 0.001, data: 0.001) , D_A: 0.288, G_A: 0.786, cycle_A: 0.774, D_B: 0.218, G_B: 0.958, cycle_B: 0.551, gp: 0.213

[Rank 0] (epoch: 29, iters: 11136, time: 0.001, data: 0.001) , D_A: 0.243, G_A: 0.941, cycle_A: 0.910, D_B: 0.220, G_B: 1.060, cycle_B: 0.628, gp: 0.213

[Rank 0] (epoch: 29, iters: 12736, time: 0.001, data: 0.001) , D_A: 0.151, G_A: 0.955, cycle_A: 0.730, D_B: 0.253, G_B: 0.957, cycle_B: 0.466, gp: 0.249

[Rank 0] (epoch: 29, iters: 14336, time: 0.001, data: 0.001) , D_A: 0.257, G_A: 0.914, cycle_A: 0.788, D_B: 0.240, G_B: 0.992, cycle_B: 0.544, gp: 0.232

[Rank 0] (epoch: 29, iters: 15936, time: 0.001, data: 0.001) , D_A: 0.387, G_A: 1.011, cycle_A: 0.786, D_B: 0.290, G_B: 0.961, cycle_B: 0.602, gp: 0.279

[Rank 0] (epoch: 29, iters: 17536, time: 0.001, data: 0.001) , D_A: 0.244, G_A: 0.944, cycle_A: 0.730, D_B: 0.345, G_B: 0.633, cycle_B: 0.536, gp: 0.327

[Rank 0] (epoch: 29, iters: 19136, time: 0.001, data: 0.001) , D_A: 0.267, G_A: 0.904, cycle_A: 0.717, D_B: 0.279, G_B: 0.918, cycle_B: 1.116, gp: 0.273

[Rank 0] (epoch: 29, iters: 20736, time: 0.001, data: 0.001) , D_A: 0.212, G_A: 1.072, cycle_A: 0.951, D_B: 0.221, G_B: 1.007, cycle_B: 0.530, gp: 0.214

learning rate 0.0002000 -> 0.0002000
temperature tau = 0.1929
End of epoch 29 / 50 	 Time Taken: 18 sec
[Rank 0] (epoch: 30, iters: 448, time: 0.001, data: 0.001) , D_A: 0.266, G_A: 0.968, cycle_A: 0.709, D_B: 0.241, G_B: 0.966, cycle_B: 1.114, gp: 0.235

[Rank 0] (epoch: 30, iters: 2048, time: 0.001, data: 0.000) , D_A: 0.224, G_A: 1.013, cycle_A: 0.724, D_B: 0.220, G_B: 0.974, cycle_B: 0.924, gp: 0.211

[Rank 0] (epoch: 30, iters: 3648, time: 0.001, data: 0.001) , D_A: 0.220, G_A: 0.960, cycle_A: 0.746, D_B: 0.292, G_B: 0.931, cycle_B: 0.806, gp: 0.277

--- iter tau=0.1929 ---
  cipher in : bcidebibhbdehbdiceba abebddi bfbheci behbaehdbhdciibfbddbdibhb i
  decrypted : digeedgdcdeecdegied   dedeeg dhdceig decd ecedceiggdhdeedegdcd g
  real plain: a bdiii decide fi ha he ace i h ad fai a a he i cai ih ha i d c 
  cipher in : bcdebdeibgdfdbaibcdibadbgbfbehdii bibcicdbddbiabdi badbaebaddbgd
  decrypted : dieedeegd ehed gdiegd ed dhdecegg dgdigiedeedg deg d ed ed eed e
  real plain:  ae ae i a hee e a a be b agai he ca ee he igd f gd h be b agai 
[Rank 0] (epoch: 30, iters: 5248, time: 0.001, data: 0.001) , D_A: 0.295, G_A: 0.868, cycle_A: 0.780, D_B: 0.242, G_B: 1.063, cycle_B: 0.404, gp: 0.238

saving the latest model (epoch 30, total_iters 640000)
[Rank 0] (epoch: 30, iters: 6848, time: 0.001, data: 0.001) , D_A: 0.202, G_A: 1.018, cycle_A: 0.940, D_B: 0.228, G_B: 1.011, cycle_B: 1.114, gp: 0.222

[Rank 0] (epoch: 30, iters: 8448, time: 0.001, data: 0.001) , D_A: 0.313, G_A: 0.999, cycle_A: 1.007, D_B: 0.327, G_B: 0.974, cycle_B: 1.140, gp: 0.319

[Rank 0] (epoch: 30, iters: 10048, time: 0.001, data: 0.001) , D_A: 0.178, G_A: 0.999, cycle_A: 0.914, D_B: 0.336, G_B: 1.161, cycle_B: 0.383, gp: 0.332

[Rank 0] (epoch: 30, iters: 11648, time: 0.001, data: 0.001) , D_A: 0.327, G_A: 0.975, cycle_A: 0.717, D_B: 0.317, G_B: 1.403, cycle_B: 0.655, gp: 0.272

[Rank 0] (epoch: 30, iters: 13248, time: 0.001, data: 0.001) , D_A: 0.270, G_A: 0.817, cycle_A: 0.942, D_B: 0.223, G_B: 0.967, cycle_B: 1.039, gp: 0.216

[Rank 0] (epoch: 30, iters: 14848, time: 0.001, data: 0.001) , D_A: 0.253, G_A: 0.981, cycle_A: 0.788, D_B: 0.288, G_B: 1.211, cycle_B: 1.061, gp: 0.282

[Rank 0] (epoch: 30, iters: 16448, time: 0.001, data: 0.001) , D_A: 0.256, G_A: 0.973, cycle_A: 0.940, D_B: 0.275, G_B: 0.987, cycle_B: 0.998, gp: 0.266

[Rank 0] (epoch: 30, iters: 18048, time: 0.001, data: 0.001) , D_A: 0.185, G_A: 0.967, cycle_A: 0.383, D_B: 0.291, G_B: 1.106, cycle_B: 0.980, gp: 0.284

[Rank 0] (epoch: 30, iters: 19648, time: 0.001, data: 0.001) , D_A: 0.289, G_A: 0.589, cycle_A: 0.999, D_B: 0.254, G_B: 0.851, cycle_B: 0.393, gp: 0.238

[Rank 0] (epoch: 30, iters: 21248, time: 0.001, data: 0.001) , D_A: 0.214, G_A: 0.918, cycle_A: 0.719, D_B: 0.431, G_B: 1.279, cycle_B: 0.983, gp: 0.386

learning rate 0.0002000 -> 0.0002000
temperature tau = 0.1867
End of epoch 30 / 50 	 Time Taken: 18 sec
[Rank 0] (epoch: 31, iters: 960, time: 0.001, data: 0.001) , D_A: 0.340, G_A: 0.934, cycle_A: 0.772, D_B: 0.279, G_B: 0.886, cycle_B: 0.401, gp: 0.266

[Rank 0] (epoch: 31, iters: 2560, time: 0.001, data: 0.001) , D_A: 0.274, G_A: 1.002, cycle_A: 0.546, D_B: 0.228, G_B: 1.149, cycle_B: 1.039, gp: 0.219

[Rank 0] (epoch: 31, iters: 4160, time: 0.001, data: 0.001) , D_A: 0.264, G_A: 0.931, cycle_A: 0.743, D_B: 0.236, G_B: 0.770, cycle_B: 0.568, gp: 0.196

[Rank 0] (epoch: 31, iters: 5760, time: 0.001, data: 0.001) , D_A: 0.233, G_A: 0.991, cycle_A: 0.599, D_B: 0.252, G_B: 0.964, cycle_B: 1.105, gp: 0.243

[Rank 0] (epoch: 31, iters: 7360, time: 0.001, data: 0.001) , D_A: 0.259, G_A: 0.896, cycle_A: 0.781, D_B: 0.303, G_B: 0.923, cycle_B: 1.098, gp: 0.295

[Rank 0] (epoch: 31, iters: 8960, time: 0.001, data: 0.001) , D_A: 0.231, G_A: 0.951, cycle_A: 0.737, D_B: 0.157, G_B: 1.114, cycle_B: 0.468, gp: 0.141

[Rank 0] (epoch: 31, iters: 10560, time: 0.001, data: 0.002) , D_A: 0.305, G_A: 0.926, cycle_A: 0.337, D_B: 0.248, G_B: 0.928, cycle_B: 1.103, gp: 0.243

[Rank 0] (epoch: 31, iters: 12160, time: 0.001, data: 0.001) , D_A: 0.184, G_A: 0.980, cycle_A: 0.779, D_B: 0.238, G_B: 0.966, cycle_B: 0.400, gp: 0.232

[Rank 0] (epoch: 31, iters: 13760, time: 0.001, data: 0.001) , D_A: 0.227, G_A: 0.817, cycle_A: 0.327, D_B: 0.256, G_B: 0.966, cycle_B: 1.021, gp: 0.232

[Rank 0] (epoch: 31, iters: 15360, time: 0.001, data: 0.001) , D_A: 0.327, G_A: 0.687, cycle_A: 0.936, D_B: 0.263, G_B: 0.958, cycle_B: 0.470, gp: 0.258

[Rank 0] (epoch: 31, iters: 16960, time: 0.001, data: 0.002) , D_A: 0.182, G_A: 0.953, cycle_A: 0.730, D_B: 0.299, G_B: 1.311, cycle_B: 1.000, gp: 0.262

[Rank 0] (epoch: 31, iters: 18560, time: 0.001, data: 0.002) , D_A: 0.242, G_A: 1.016, cycle_A: 0.738, D_B: 0.277, G_B: 0.781, cycle_B: 0.659, gp: 0.253

[Rank 0] (epoch: 31, iters: 20160, time: 0.001, data: 0.001) , D_A: 0.185, G_A: 0.881, cycle_A: 0.555, D_B: 0.293, G_B: 1.049, cycle_B: 0.397, gp: 0.288

[Rank 0] (epoch: 31, iters: 21760, time: 0.001, data: 0.001) , D_A: 0.232, G_A: 1.029, cycle_A: 0.330, D_B: 0.358, G_B: 0.807, cycle_B: 1.060, gp: 0.343

learning rate 0.0002000 -> 0.0002000
temperature tau = 0.1806
End of epoch 31 / 50 	 Time Taken: 21 sec
--- iter tau=0.1806 ---
  cipher in : bgdi bidi dbedbgbadbaehba abebfdbhifficbedbadbabib edhbehbidbgba
  decrypted : d eg dgeg edeed d ed ecd   dedhedcghhgideed ed dgd eecdecdged d 
  real plain:  dge id hee i he c ached eeig dge ea eaced a da ha had ef hi gea
  cipher in : icdbfbfebhcbedbai bfebicdbei bibigdbfbfedbeffhbadbdbecaidbddbfba
  decrypted : giedhdhedcideed g dhedgiedeg dgdg edhdheedehhcd ededei gedeedhd 
  real plain: eica ad bie achie aface ad bihe hee aed iece f cedece he adeiig 
[Rank 0] (epoch: 32, iters: 1472, time: 0.001, data: 0.002) , D_A: 0.178, G_A: 0.994, cycle_A: 0.791, D_B: 0.248, G_B: 0.995, cycle_B: 0.478, gp: 0.241

saving the latest model (epoch 32, total_iters 680000)
[Rank 0] (epoch: 32, iters: 3072, time: 0.001, data: 0.001) , D_A: 0.223, G_A: 0.964, cycle_A: 0.935, D_B: 0.239, G_B: 0.904, cycle_B: 1.020, gp: 0.235

[Rank 0] (epoch: 32, iters: 4672, time: 0.001, data: 0.001) , D_A: 0.276, G_A: 1.002, cycle_A: 0.335, D_B: 0.204, G_B: 1.028, cycle_B: 0.987, gp: 0.194

[Rank 0] (epoch: 32, iters: 6272, time: 0.001, data: 0.001) , D_A: 0.181, G_A: 0.945, cycle_A: 0.536, D_B: 0.280, G_B: 1.076, cycle_B: 0.402, gp: 0.267

[Rank 0] (epoch: 32, iters: 7872, time: 0.001, data: 0.001) , D_A: 0.184, G_A: 0.985, cycle_A: 0.960, D_B: 0.253, G_B: 0.910, cycle_B: 0.392, gp: 0.247

[Rank 0] (epoch: 32, iters: 9472, time: 0.001, data: 0.001) , D_A: 0.165, G_A: 1.051, cycle_A: 0.993, D_B: 0.232, G_B: 0.970, cycle_B: 1.112, gp: 0.223

[Rank 0] (epoch: 32, iters: 11072, time: 0.001, data: 0.001) , D_A: 0.260, G_A: 1.048, cycle_A: 0.876, D_B: 0.274, G_B: 0.613, cycle_B: 0.399, gp: 0.235

[Rank 0] (epoch: 32, iters: 12672, time: 0.001, data: 0.001) , D_A: 0.268, G_A: 0.921, cycle_A: 0.759, D_B: 0.149, G_B: 0.925, cycle_B: 0.852, gp: 0.140

[Rank 0] (epoch: 32, iters: 14272, time: 0.001, data: 0.001) , D_A: 0.219, G_A: 0.946, cycle_A: 0.704, D_B: 0.394, G_B: 0.403, cycle_B: 0.837, gp: 0.308

[Rank 0] (epoch: 32, iters: 15872, time: 0.001, data: 0.001) , D_A: 0.196, G_A: 1.007, cycle_A: 0.925, D_B: 0.343, G_B: 1.006, cycle_B: 1.033, gp: 0.320

[Rank 0] (epoch: 32, iters: 17472, time: 0.001, data: 0.001) , D_A: 0.213, G_A: 0.977, cycle_A: 0.939, D_B: 0.209, G_B: 1.116, cycle_B: 0.641, gp: 0.200

[Rank 0] (epoch: 32, iters: 19072, time: 0.001, data: 0.001) , D_A: 0.168, G_A: 0.938, cycle_A: 0.785, D_B: 0.302, G_B: 0.950, cycle_B: 0.466, gp: 0.296

[Rank 0] (epoch: 32, iters: 20672, time: 0.001, data: 0.001) , D_A: 0.244, G_A: 0.939, cycle_A: 0.959, D_B: 0.263, G_B: 1.008, cycle_B: 0.472, gp: 0.255

learning rate 0.0002000 -> 0.0002000
temperature tau = 0.1748
End of epoch 32 / 50 	 Time Taken: 18 sec
[Rank 0] (epoch: 33, iters: 384, time: 0.001, data: 0.001) , D_A: 0.216, G_A: 0.927, cycle_A: 0.728, D_B: 0.157, G_B: 0.902, cycle_B: 0.467, gp: 0.151

[Rank 0] (epoch: 33, iters: 1984, time: 0.001, data: 0.000) , D_A: 0.338, G_A: 0.785, cycle_A: 0.786, D_B: 0.147, G_B: 0.848, cycle_B: 1.112, gp: 0.139

[Rank 0] (epoch: 33, iters: 3584, time: 0.001, data: 0.001) , D_A: 0.195, G_A: 0.925, cycle_A: 0.734, D_B: 0.263, G_B: 1.253, cycle_B: 1.033, gp: 0.257

[Rank 0] (epoch: 33, iters: 5184, time: 0.001, data: 0.001) , D_A: 0.183, G_A: 0.967, cycle_A: 0.863, D_B: 0.331, G_B: 0.995, cycle_B: 0.396, gp: 0.326

[Rank 0] (epoch: 33, iters: 6784, time: 0.001, data: 0.001) , D_A: 0.194, G_A: 1.082, cycle_A: 0.787, D_B: 0.229, G_B: 1.127, cycle_B: 0.395, gp: 0.225

[Rank 0] (epoch: 33, iters: 8384, time: 0.001, data: 0.001) , D_A: 0.222, G_A: 0.830, cycle_A: 0.734, D_B: 0.170, G_B: 1.016, cycle_B: 0.633, gp: 0.157

[Rank 0] (epoch: 33, iters: 9984, time: 0.001, data: 0.001) , D_A: 0.202, G_A: 0.894, cycle_A: 0.596, D_B: 0.294, G_B: 0.938, cycle_B: 1.048, gp: 0.283

[Rank 0] (epoch: 33, iters: 11584, time: 0.001, data: 0.001) , D_A: 0.246, G_A: 0.909, cycle_A: 0.968, D_B: 0.256, G_B: 0.969, cycle_B: 0.383, gp: 0.242

[Rank 0] (epoch: 33, iters: 13184, time: 0.001, data: 0.001) , D_A: 0.299, G_A: 0.975, cycle_A: 0.928, D_B: 0.299, G_B: 0.848, cycle_B: 0.757, gp: 0.277

[Rank 0] (epoch: 33, iters: 14784, time: 0.001, data: 0.001) , D_A: 0.196, G_A: 0.910, cycle_A: 0.327, D_B: 0.277, G_B: 0.646, cycle_B: 0.768, gp: 0.244

[Rank 0] (epoch: 33, iters: 16384, time: 0.001, data: 0.001) , D_A: 0.262, G_A: 0.921, cycle_A: 0.605, D_B: 0.299, G_B: 0.860, cycle_B: 1.033, gp: 0.271

[Rank 0] (epoch: 33, iters: 17984, time: 0.001, data: 0.001) , D_A: 0.292, G_A: 0.662, cycle_A: 0.399, D_B: 0.215, G_B: 0.963, cycle_B: 1.104, gp: 0.206

--- iter tau=0.1748 ---
  cipher in : ibebii bfebebadbdbaibfeadbchbgdbaddbaebhihbibdebcei badbgcbadbdb
  decrypted : b i bb  hi i  a a  b hi a ic  a  aa  i cbc b ai iib   a  i  a a 
  real plain: ecibed b a a eih b i hei fi ea i high ch eih b i hi ae e eei i i
  cipher in : b bdihbibibgdbdiegbdbdcicebehbeifecbefdbadbfibabedbedbcihdegbdbe
  decrypted :    abc b b  a abi  a aibii ic ibhii iha  a hb   ia ia ibcai  a i
  real plain: i i he ga ef b he ecedig gaaie if hi i e he he iee da a i did ii
[Rank 0] (epoch: 33, iters: 19584, time: 0.001, data: 0.001) , D_A: 0.183, G_A: 0.957, cycle_A: 0.988, D_B: 0.170, G_B: 0.930, cycle_B: 1.114, gp: 0.166

saving the latest model (epoch 33, total_iters 720000)
[Rank 0] (epoch: 33, iters: 21184, time: 0.001, data: 0.001) , D_A: 0.145, G_A: 1.085, cycle_A: 0.664, D_B: 0.303, G_B: 0.936, cycle_B: 0.389, gp: 0.298

learning rate 0.0002000 -> 0.0002000
temperature tau = 0.1691
End of epoch 33 / 50 	 Time Taken: 18 sec
[Rank 0] (epoch: 34, iters: 896, time: 0.001, data: 0.001) , D_A: 0.176, G_A: 0.659, cycle_A: 0.925, D_B: 0.226, G_B: 1.066, cycle_B: 0.843, gp: 0.182

[Rank 0] (epoch: 34, iters: 2496, time: 0.001, data: 0.000) , D_A: 0.212, G_A: 0.933, cycle_A: 0.378, D_B: 0.193, G_B: 0.977, cycle_B: 0.467, gp: 0.186

[Rank 0] (epoch: 34, iters: 4096, time: 0.001, data: 0.001) , D_A: 0.185, G_A: 1.088, cycle_A: 0.910, D_B: 0.185, G_B: 1.005, cycle_B: 0.400, gp: 0.180

[Rank 0] (epoch: 34, iters: 5696, time: 0.001, data: 0.001) , D_A: 0.235, G_A: 0.945, cycle_A: 0.932, D_B: 0.235, G_B: 0.974, cycle_B: 0.920, gp: 0.220

[Rank 0] (epoch: 34, iters: 7296, time: 0.001, data: 0.001) , D_A: 0.250, G_A: 0.917, cycle_A: 0.321, D_B: 0.371, G_B: 1.001, cycle_B: 0.563, gp: 0.352

[Rank 0] (epoch: 34, iters: 8896, time: 0.001, data: 0.001) , D_A: 0.329, G_A: 0.974, cycle_A: 0.871, D_B: 0.215, G_B: 0.989, cycle_B: 1.108, gp: 0.206

[Rank 0] (epoch: 34, iters: 10496, time: 0.001, data: 0.001) , D_A: 0.223, G_A: 0.979, cycle_A: 0.933, D_B: 0.183, G_B: 0.976, cycle_B: 0.766, gp: 0.169

[Rank 0] (epoch: 34, iters: 12096, time: 0.001, data: 0.001) , D_A: 0.237, G_A: 0.909, cycle_A: 0.944, D_B: 0.299, G_B: 0.782, cycle_B: 0.953, gp: 0.257

[Rank 0] (epoch: 34, iters: 13696, time: 0.001, data: 0.001) , D_A: 0.241, G_A: 0.972, cycle_A: 0.907, D_B: 0.208, G_B: 0.931, cycle_B: 0.470, gp: 0.203

[Rank 0] (epoch: 34, iters: 15296, time: 0.001, data: 0.001) , D_A: 0.185, G_A: 0.851, cycle_A: 0.933, D_B: 0.237, G_B: 0.823, cycle_B: 0.472, gp: 0.231

[Rank 0] (epoch: 34, iters: 16896, time: 0.001, data: 0.001) , D_A: 0.279, G_A: 0.944, cycle_A: 0.728, D_B: 0.305, G_B: 1.039, cycle_B: 1.113, gp: 0.297

[Rank 0] (epoch: 34, iters: 18496, time: 0.001, data: 0.001) , D_A: 0.269, G_A: 0.937, cycle_A: 0.757, D_B: 0.266, G_B: 0.852, cycle_B: 1.067, gp: 0.257

[Rank 0] (epoch: 34, iters: 20096, time: 0.001, data: 0.001) , D_A: 0.176, G_A: 0.974, cycle_A: 0.918, D_B: 0.186, G_B: 1.160, cycle_B: 1.117, gp: 0.178

[Rank 0] (epoch: 34, iters: 21696, time: 0.001, data: 0.001) , D_A: 0.190, G_A: 0.953, cycle_A: 0.865, D_B: 0.229, G_B: 1.014, cycle_B: 0.398, gp: 0.225

learning rate 0.0002000 -> 0.0002000
temperature tau = 0.1637
End of epoch 34 / 50 	 Time Taken: 18 sec
[Rank 0] (epoch: 35, iters: 1408, time: 0.001, data: 0.001) , D_A: 0.228, G_A: 0.963, cycle_A: 0.862, D_B: 0.209, G_B: 0.927, cycle_B: 1.122, gp: 0.194

[Rank 0] (epoch: 35, iters: 3008, time: 0.001, data: 0.001) , D_A: 0.190, G_A: 0.921, cycle_A: 0.543, D_B: 0.182, G_B: 0.850, cycle_B: 0.408, gp: 0.168

[Rank 0] (epoch: 35, iters: 4608, time: 0.001, data: 0.001) , D_A: 0.217, G_A: 0.974, cycle_A: 1.006, D_B: 0.293, G_B: 0.759, cycle_B: 1.046, gp: 0.283

[Rank 0] (epoch: 35, iters: 6208, time: 0.001, data: 0.001) , D_A: 0.219, G_A: 0.977, cycle_A: 0.951, D_B: 0.263, G_B: 0.896, cycle_B: 1.126, gp: 0.255

[Rank 0] (epoch: 35, iters: 7808, time: 0.001, data: 0.001) , D_A: 0.204, G_A: 0.941, cycle_A: 0.732, D_B: 0.272, G_B: 1.115, cycle_B: 0.520, gp: 0.265

[Rank 0] (epoch: 35, iters: 9408, time: 0.001, data: 0.001) , D_A: 0.221, G_A: 0.981, cycle_A: 0.733, D_B: 0.300, G_B: 0.964, cycle_B: 0.471, gp: 0.289

[Rank 0] (epoch: 35, iters: 11008, time: 0.001, data: 0.001) , D_A: 0.111, G_A: 0.926, cycle_A: 0.955, D_B: 0.327, G_B: 1.013, cycle_B: 0.394, gp: 0.317

[Rank 0] (epoch: 35, iters: 12608, time: 0.001, data: 0.001) , D_A: 0.277, G_A: 0.887, cycle_A: 0.344, D_B: 0.328, G_B: 1.027, cycle_B: 0.392, gp: 0.316

[Rank 0] (epoch: 35, iters: 14208, time: 0.001, data: 0.001) , D_A: 0.165, G_A: 0.927, cycle_A: 0.918, D_B: 0.200, G_B: 1.039, cycle_B: 0.408, gp: 0.191

--- iter tau=0.1637 ---
  cipher in : bhbgdbdfbfbadbcaeecdieibfbebcdciebediebebdbebaddicebhidbadbdeici
  decrypted : ece aeahehe aei iiiabibeheieiaibieiabieieaeie aabiiecbae aeaibib
  real plain: caai heefe ha e e die i ha hee ee a i he bad ee i hich e ce he d
  cipher in : bdehi bebdbhidcdhbaibeadbibddbaebghbgbaibfeadbddbdhbadbaedbeebgb
  decrypted : eaicb eieaecbaiace bei aebeaae ie ce e behi aeaaeace ae iaeiie e
  real plain:  ca ad f e achie a ad eie a eeah iied e beiee ha hee ied faciiie
[Rank 0] (epoch: 35, iters: 15808, time: 0.001, data: 0.001) , D_A: 0.242, G_A: 0.955, cycle_A: 0.913, D_B: 0.177, G_B: 0.904, cycle_B: 0.720, gp: 0.166

saving the latest model (epoch 35, total_iters 760000)
[Rank 0] (epoch: 35, iters: 17408, time: 0.001, data: 0.001) , D_A: 0.166, G_A: 0.972, cycle_A: 0.753, D_B: 0.327, G_B: 0.983, cycle_B: 0.396, gp: 0.318

[Rank 0] (epoch: 35, iters: 19008, time: 0.001, data: 0.001) , D_A: 0.188, G_A: 0.843, cycle_A: 0.997, D_B: 0.263, G_B: 0.896, cycle_B: 1.136, gp: 0.256

[Rank 0] (epoch: 35, iters: 20608, time: 0.001, data: 0.001) , D_A: 0.211, G_A: 0.839, cycle_A: 0.666, D_B: 0.293, G_B: 1.201, cycle_B: 0.820, gp: 0.271

learning rate 0.0002000 -> 0.0002000
temperature tau = 0.1584
End of epoch 35 / 50 	 Time Taken: 18 sec
[Rank 0] (epoch: 36, iters: 320, time: 0.001, data: 0.001) , D_A: 0.300, G_A: 1.027, cycle_A: 0.751, D_B: 0.306, G_B: 1.050, cycle_B: 0.394, gp: 0.294

[Rank 0] (epoch: 36, iters: 1920, time: 0.001, data: 0.001) , D_A: 0.245, G_A: 1.010, cycle_A: 0.740, D_B: 0.194, G_B: 1.095, cycle_B: 0.600, gp: 0.183

[Rank 0] (epoch: 36, iters: 3520, time: 0.001, data: 0.001) , D_A: 0.266, G_A: 0.928, cycle_A: 1.004, D_B: 0.226, G_B: 1.022, cycle_B: 0.513, gp: 0.217

[Rank 0] (epoch: 36, iters: 5120, time: 0.001, data: 0.001) , D_A: 0.227, G_A: 1.045, cycle_A: 0.744, D_B: 0.259, G_B: 0.787, cycle_B: 0.524, gp: 0.242

[Rank 0] (epoch: 36, iters: 6720, time: 0.001, data: 0.001) , D_A: 0.303, G_A: 1.017, cycle_A: 0.793, D_B: 0.285, G_B: 1.068, cycle_B: 0.477, gp: 0.275

[Rank 0] (epoch: 36, iters: 8320, time: 0.001, data: 0.001) , D_A: 0.288, G_A: 0.961, cycle_A: 0.922, D_B: 0.238, G_B: 0.948, cycle_B: 0.404, gp: 0.233

[Rank 0] (epoch: 36, iters: 9920, time: 0.001, data: 0.001) , D_A: 0.261, G_A: 0.972, cycle_A: 0.787, D_B: 0.293, G_B: 0.918, cycle_B: 1.001, gp: 0.281

[Rank 0] (epoch: 36, iters: 11520, time: 0.001, data: 0.001) , D_A: 0.164, G_A: 1.000, cycle_A: 0.923, D_B: 0.357, G_B: 1.094, cycle_B: 0.877, gp: 0.332

[Rank 0] (epoch: 36, iters: 13120, time: 0.001, data: 0.001) , D_A: 0.166, G_A: 0.988, cycle_A: 0.983, D_B: 0.323, G_B: 0.810, cycle_B: 0.594, gp: 0.305

[Rank 0] (epoch: 36, iters: 14720, time: 0.001, data: 0.001) , D_A: 0.177, G_A: 0.950, cycle_A: 1.002, D_B: 0.247, G_B: 1.034, cycle_B: 0.404, gp: 0.241

[Rank 0] (epoch: 36, iters: 16320, time: 0.001, data: 0.001) , D_A: 0.273, G_A: 0.880, cycle_A: 0.936, D_B: 0.214, G_B: 1.132, cycle_B: 0.942, gp: 0.192

[Rank 0] (epoch: 36, iters: 17920, time: 0.001, data: 0.001) , D_A: 0.287, G_A: 0.878, cycle_A: 0.952, D_B: 0.142, G_B: 0.931, cycle_B: 0.402, gp: 0.137

[Rank 0] (epoch: 36, iters: 19520, time: 0.001, data: 0.001) , D_A: 0.225, G_A: 0.632, cycle_A: 0.925, D_B: 0.291, G_B: 1.133, cycle_B: 0.815, gp: 0.264

[Rank 0] (epoch: 36, iters: 21120, time: 0.001, data: 0.001) , D_A: 0.199, G_A: 0.935, cycle_A: 1.011, D_B: 0.265, G_B: 1.193, cycle_B: 0.599, gp: 0.230

learning rate 0.0002000 -> 0.0002000
temperature tau = 0.1533
End of epoch 36 / 50 	 Time Taken: 19 sec
[Rank 0] (epoch: 37, iters: 832, time: 0.001, data: 0.001) , D_A: 0.207, G_A: 0.963, cycle_A: 0.706, D_B: 0.218, G_B: 0.957, cycle_B: 1.041, gp: 0.213

[Rank 0] (epoch: 37, iters: 2432, time: 0.001, data: 0.000) , D_A: 0.268, G_A: 0.930, cycle_A: 0.719, D_B: 0.190, G_B: 0.997, cycle_B: 0.480, gp: 0.184

[Rank 0] (epoch: 37, iters: 4032, time: 0.001, data: 0.001) , D_A: 0.211, G_A: 0.820, cycle_A: 0.690, D_B: 0.283, G_B: 0.912, cycle_B: 0.601, gp: 0.273

[Rank 0] (epoch: 37, iters: 5632, time: 0.001, data: 0.001) , D_A: 0.191, G_A: 0.871, cycle_A: 0.741, D_B: 0.246, G_B: 1.022, cycle_B: 1.033, gp: 0.242

[Rank 0] (epoch: 37, iters: 7232, time: 0.001, data: 0.001) , D_A: 0.224, G_A: 0.992, cycle_A: 0.862, D_B: 0.368, G_B: 1.017, cycle_B: 1.128, gp: 0.364

[Rank 0] (epoch: 37, iters: 8832, time: 0.001, data: 0.001) , D_A: 0.214, G_A: 0.996, cycle_A: 0.922, D_B: 0.177, G_B: 0.839, cycle_B: 0.893, gp: 0.161

[Rank 0] (epoch: 37, iters: 10432, time: 0.001, data: 0.001) , D_A: 0.245, G_A: 1.053, cycle_A: 0.929, D_B: 0.274, G_B: 0.986, cycle_B: 0.396, gp: 0.270

--- iter tau=0.1533 ---
  cipher in : adbddhbehdedbdcibfbadbcdbebibhdbdddbdcicbid eibadbc d eibibfibeh
  decrypted :  e eec eceee eig h  e ie e g ce eee eigi ge eg  e i e eg g hg ec
  real plain: e cgica cce ch a aai eedi eea h he idde be f he h a ia igifica f
  cipher in : bihidbfbihbehbadahbhdbeecbadbiddbfbadbaded dbdbadbaebgddbii bibe
  decrypted :  gcge h gc ec  e c ce eei  e gee h  e  eee e e  e  e  ee gg  g e
  real plain: icae i he ace ided ha hee i a eae f a ad he a a efded ad he a a 
[Rank 0] (epoch: 37, iters: 12032, time: 0.001, data: 0.001) , D_A: 0.310, G_A: 0.916, cycle_A: 0.733, D_B: 0.300, G_B: 0.947, cycle_B: 0.406, gp: 0.292

saving the latest model (epoch 37, total_iters 800000)
[Rank 0] (epoch: 37, iters: 13632, time: 0.001, data: 0.001) , D_A: 0.265, G_A: 1.114, cycle_A: 0.931, D_B: 0.290, G_B: 1.014, cycle_B: 0.997, gp: 0.275

[Rank 0] (epoch: 37, iters: 15232, time: 0.001, data: 0.001) , D_A: 0.251, G_A: 0.848, cycle_A: 0.545, D_B: 0.251, G_B: 0.859, cycle_B: 0.657, gp: 0.233

[Rank 0] (epoch: 37, iters: 16832, time: 0.001, data: 0.001) , D_A: 0.167, G_A: 0.997, cycle_A: 0.929, D_B: 0.313, G_B: 0.950, cycle_B: 0.478, gp: 0.306

[Rank 0] (epoch: 37, iters: 18432, time: 0.001, data: 0.001) , D_A: 0.254, G_A: 0.856, cycle_A: 0.958, D_B: 0.280, G_B: 0.937, cycle_B: 1.111, gp: 0.273

[Rank 0] (epoch: 37, iters: 20032, time: 0.001, data: 0.001) , D_A: 0.197, G_A: 1.002, cycle_A: 0.537, D_B: 0.252, G_B: 0.916, cycle_B: 0.395, gp: 0.242

[Rank 0] (epoch: 37, iters: 21632, time: 0.001, data: 0.001) , D_A: 0.223, G_A: 0.948, cycle_A: 0.879, D_B: 0.330, G_B: 0.972, cycle_B: 0.397, gp: 0.326

learning rate 0.0002000 -> 0.0002000
temperature tau = 0.1483
End of epoch 37 / 50 	 Time Taken: 18 sec
[Rank 0] (epoch: 38, iters: 1344, time: 0.001, data: 0.001) , D_A: 0.205, G_A: 0.942, cycle_A: 0.853, D_B: 0.351, G_B: 0.904, cycle_B: 1.001, gp: 0.336

[Rank 0] (epoch: 38, iters: 2944, time: 0.001, data: 0.001) , D_A: 0.283, G_A: 0.856, cycle_A: 0.950, D_B: 0.290, G_B: 0.868, cycle_B: 0.721, gp: 0.254

[Rank 0] (epoch: 38, iters: 4544, time: 0.001, data: 0.001) , D_A: 0.267, G_A: 0.908, cycle_A: 0.710, D_B: 0.238, G_B: 0.979, cycle_B: 0.485, gp: 0.232

[Rank 0] (epoch: 38, iters: 6144, time: 0.001, data: 0.001) , D_A: 0.158, G_A: 0.937, cycle_A: 0.746, D_B: 0.332, G_B: 0.978, cycle_B: 0.403, gp: 0.326

[Rank 0] (epoch: 38, iters: 7744, time: 0.001, data: 0.001) , D_A: 0.213, G_A: 0.968, cycle_A: 0.723, D_B: 0.268, G_B: 1.022, cycle_B: 1.137, gp: 0.259

[Rank 0] (epoch: 38, iters: 9344, time: 0.001, data: 0.001) , D_A: 0.154, G_A: 0.954, cycle_A: 0.648, D_B: 0.256, G_B: 0.902, cycle_B: 1.133, gp: 0.251

[Rank 0] (epoch: 38, iters: 10944, time: 0.001, data: 0.002) , D_A: 0.185, G_A: 0.964, cycle_A: 0.331, D_B: 0.187, G_B: 0.925, cycle_B: 1.133, gp: 0.183

[Rank 0] (epoch: 38, iters: 12544, time: 0.001, data: 0.001) , D_A: 0.214, G_A: 1.006, cycle_A: 0.330, D_B: 0.332, G_B: 0.962, cycle_B: 0.889, gp: 0.319

[Rank 0] (epoch: 38, iters: 14144, time: 0.001, data: 0.001) , D_A: 0.117, G_A: 0.999, cycle_A: 0.745, D_B: 0.209, G_B: 0.947, cycle_B: 1.053, gp: 0.197

[Rank 0] (epoch: 38, iters: 15744, time: 0.001, data: 0.001) , D_A: 0.227, G_A: 0.825, cycle_A: 0.660, D_B: 0.222, G_B: 0.978, cycle_B: 0.472, gp: 0.214

[Rank 0] (epoch: 38, iters: 17344, time: 0.001, data: 0.001) , D_A: 0.301, G_A: 1.070, cycle_A: 0.921, D_B: 0.236, G_B: 0.982, cycle_B: 0.395, gp: 0.231

[Rank 0] (epoch: 38, iters: 18944, time: 0.001, data: 0.001) , D_A: 0.285, G_A: 0.985, cycle_A: 0.921, D_B: 0.295, G_B: 0.820, cycle_B: 1.134, gp: 0.289

[Rank 0] (epoch: 38, iters: 20544, time: 0.001, data: 0.001) , D_A: 0.298, G_A: 0.963, cycle_A: 0.727, D_B: 0.185, G_B: 1.023, cycle_B: 1.136, gp: 0.182

learning rate 0.0002000 -> 0.0002000
temperature tau = 0.1435
End of epoch 38 / 50 	 Time Taken: 19 sec
[Rank 0] (epoch: 39, iters: 256, time: 0.001, data: 0.001) , D_A: 0.197, G_A: 1.018, cycle_A: 0.916, D_B: 0.247, G_B: 0.992, cycle_B: 0.387, gp: 0.243

[Rank 0] (epoch: 39, iters: 1856, time: 0.001, data: 0.001) , D_A: 0.283, G_A: 0.525, cycle_A: 0.786, D_B: 0.285, G_B: 0.825, cycle_B: 0.403, gp: 0.272

[Rank 0] (epoch: 39, iters: 3456, time: 0.001, data: 0.001) , D_A: 0.263, G_A: 0.982, cycle_A: 0.732, D_B: 0.176, G_B: 1.015, cycle_B: 0.468, gp: 0.168

[Rank 0] (epoch: 39, iters: 5056, time: 0.001, data: 0.001) , D_A: 0.269, G_A: 0.937, cycle_A: 0.370, D_B: 0.320, G_B: 0.945, cycle_B: 0.922, gp: 0.301

[Rank 0] (epoch: 39, iters: 6656, time: 0.001, data: 0.001) , D_A: 0.175, G_A: 0.912, cycle_A: 0.727, D_B: 0.250, G_B: 0.863, cycle_B: 0.885, gp: 0.215

--- iter tau=0.1435 ---
  cipher in : adbcfidbfbadbgedbgdcedbebdbgdi ba afbdbaebhcbi abaedbhebdbdhiceb
  decrypted :  aeihgaehe ae eae aieaeeeae ag e   heae eecieg  e eaeceeaeacgiee
  real plain:  eeda afe a hee ad a a a ag he e geig hie ad hie igh befe ee ad 
  cipher in : ehbecicdbfbebfibadbdchbdbibcdi bebcedbadbddbfbceidbadbeiebibiaba
  decrypted : eceeigiaeheeehge aeaiceaegeiag eeeieae aeaaeheiegae aeegeegeg e 
  real plain: e aiig f i dead h fee ab he chid he he d ba ice a ghe ha di had 
[Rank 0] (epoch: 39, iters: 8256, time: 0.001, data: 0.001) , D_A: 0.279, G_A: 0.879, cycle_A: 0.402, D_B: 0.265, G_B: 0.832, cycle_B: 0.882, gp: 0.255

saving the latest model (epoch 39, total_iters 840000)
[Rank 0] (epoch: 39, iters: 9856, time: 0.001, data: 0.001) , D_A: 0.211, G_A: 0.935, cycle_A: 0.934, D_B: 0.315, G_B: 0.957, cycle_B: 0.390, gp: 0.308

[Rank 0] (epoch: 39, iters: 11456, time: 0.001, data: 0.001) , D_A: 0.200, G_A: 0.995, cycle_A: 0.741, D_B: 0.272, G_B: 1.074, cycle_B: 1.117, gp: 0.265

[Rank 0] (epoch: 39, iters: 13056, time: 0.001, data: 0.001) , D_A: 0.178, G_A: 0.928, cycle_A: 0.874, D_B: 0.151, G_B: 0.830, cycle_B: 0.464, gp: 0.142

[Rank 0] (epoch: 39, iters: 14656, time: 0.001, data: 0.001) , D_A: 0.328, G_A: 0.880, cycle_A: 0.745, D_B: 0.375, G_B: 0.935, cycle_B: 1.029, gp: 0.364

[Rank 0] (epoch: 39, iters: 16256, time: 0.001, data: 0.001) , D_A: 0.221, G_A: 0.904, cycle_A: 0.918, D_B: 0.325, G_B: 0.992, cycle_B: 0.847, gp: 0.307

[Rank 0] (epoch: 39, iters: 17856, time: 0.001, data: 0.001) , D_A: 0.200, G_A: 0.929, cycle_A: 0.923, D_B: 0.233, G_B: 0.828, cycle_B: 0.469, gp: 0.226

[Rank 0] (epoch: 39, iters: 19456, time: 0.001, data: 0.001) , D_A: 0.317, G_A: 0.978, cycle_A: 0.999, D_B: 0.290, G_B: 0.945, cycle_B: 1.025, gp: 0.272

[Rank 0] (epoch: 39, iters: 21056, time: 0.001, data: 0.001) , D_A: 0.240, G_A: 0.913, cycle_A: 0.994, D_B: 0.288, G_B: 1.100, cycle_B: 0.634, gp: 0.271

learning rate 0.0002000 -> 0.0002000
temperature tau = 0.1389
End of epoch 39 / 50 	 Time Taken: 18 sec
[Rank 0] (epoch: 40, iters: 768, time: 0.001, data: 0.002) , D_A: 0.143, G_A: 0.817, cycle_A: 0.745, D_B: 0.262, G_B: 0.924, cycle_B: 0.476, gp: 0.257

[Rank 0] (epoch: 40, iters: 2368, time: 0.001, data: 0.000) , D_A: 0.291, G_A: 0.731, cycle_A: 0.750, D_B: 0.268, G_B: 1.083, cycle_B: 0.474, gp: 0.242

[Rank 0] (epoch: 40, iters: 3968, time: 0.001, data: 0.001) , D_A: 0.220, G_A: 1.014, cycle_A: 0.377, D_B: 0.237, G_B: 0.955, cycle_B: 1.109, gp: 0.228

[Rank 0] (epoch: 40, iters: 5568, time: 0.001, data: 0.001) , D_A: 0.219, G_A: 0.994, cycle_A: 0.316, D_B: 0.180, G_B: 0.959, cycle_B: 1.026, gp: 0.166

[Rank 0] (epoch: 40, iters: 7168, time: 0.001, data: 0.001) , D_A: 0.238, G_A: 0.939, cycle_A: 0.915, D_B: 0.189, G_B: 0.937, cycle_B: 1.082, gp: 0.182

[Rank 0] (epoch: 40, iters: 8768, time: 0.001, data: 0.001) , D_A: 0.234, G_A: 0.952, cycle_A: 0.926, D_B: 0.237, G_B: 0.862, cycle_B: 0.467, gp: 0.232

[Rank 0] (epoch: 40, iters: 10368, time: 0.001, data: 0.001) , D_A: 0.259, G_A: 1.024, cycle_A: 0.735, D_B: 0.296, G_B: 0.877, cycle_B: 0.731, gp: 0.276

[Rank 0] (epoch: 40, iters: 11968, time: 0.001, data: 0.001) , D_A: 0.170, G_A: 0.889, cycle_A: 0.646, D_B: 0.210, G_B: 1.032, cycle_B: 0.471, gp: 0.203

[Rank 0] (epoch: 40, iters: 13568, time: 0.001, data: 0.001) , D_A: 0.165, G_A: 0.936, cycle_A: 0.752, D_B: 0.374, G_B: 0.871, cycle_B: 0.734, gp: 0.356

[Rank 0] (epoch: 40, iters: 15168, time: 0.001, data: 0.001) , D_A: 0.207, G_A: 0.908, cycle_A: 0.709, D_B: 0.210, G_B: 0.885, cycle_B: 0.641, gp: 0.195

[Rank 0] (epoch: 40, iters: 16768, time: 0.001, data: 0.001) , D_A: 0.231, G_A: 0.927, cycle_A: 0.711, D_B: 0.166, G_B: 1.008, cycle_B: 1.011, gp: 0.153

[Rank 0] (epoch: 40, iters: 18368, time: 0.001, data: 0.001) , D_A: 0.211, G_A: 0.948, cycle_A: 0.741, D_B: 0.173, G_B: 1.039, cycle_B: 0.636, gp: 0.157

[Rank 0] (epoch: 40, iters: 19968, time: 0.001, data: 0.001) , D_A: 0.190, G_A: 0.939, cycle_A: 0.785, D_B: 0.261, G_B: 0.821, cycle_B: 0.865, gp: 0.247

[Rank 0] (epoch: 40, iters: 21568, time: 0.001, data: 0.001) , D_A: 0.157, G_A: 0.953, cycle_A: 0.877, D_B: 0.177, G_B: 0.801, cycle_B: 0.926, gp: 0.165

learning rate 0.0002000 -> 0.0001818
temperature tau = 0.1344
End of epoch 40 / 50 	 Time Taken: 18 sec
[Rank 0] (epoch: 41, iters: 1280, time: 0.001, data: 0.000) , D_A: 0.182, G_A: 0.962, cycle_A: 0.745, D_B: 0.189, G_B: 1.191, cycle_B: 0.646, gp: 0.166

[Rank 0] (epoch: 41, iters: 2880, time: 0.001, data: 0.001) , D_A: 0.209, G_A: 0.993, cycle_A: 0.922, D_B: 0.224, G_B: 0.889, cycle_B: 0.861, gp: 0.210

--- iter tau=0.1344 ---
  cipher in : adbcdbfbadbiebedbgibihddhdbihddhbadbddidbibgddbiddhbebcii bfbdbg
  decrypted :  e ie h  e fi ie  f fceece fceec  e eefe f  ee feec i iff  h e  
  real plain: i aied be eaied b a ige fa ecd he hif a if e fica ea i f ief ie 
  cipher in : bdebhihbidbadbeii bdecibibehhiibadbdedbdei badbdcibiabebaddbdbfb
  decrypted :  ei cfc fe  e iff  eiif f iccff  e eie eif   e eif f  i  ee e h 
  real plain:  deceae ei a eide hae eabihed a adig adi ciee ih hich he ca dic 
[Rank 0] (epoch: 41, iters: 4480, time: 0.001, data: 0.001) , D_A: 0.252, G_A: 0.976, cycle_A: 0.325, D_B: 0.237, G_B: 0.909, cycle_B: 0.393, gp: 0.228

saving the latest model (epoch 41, total_iters 880000)
[Rank 0] (epoch: 41, iters: 6080, time: 0.001, data: 0.001) , D_A: 0.206, G_A: 0.991, cycle_A: 0.739, D_B: 0.207, G_B: 0.976, cycle_B: 1.084, gp: 0.195

[Rank 0] (epoch: 41, iters: 7680, time: 0.001, data: 0.001) , D_A: 0.195, G_A: 0.977, cycle_A: 0.918, D_B: 0.241, G_B: 0.817, cycle_B: 1.105, gp: 0.236

[Rank 0] (epoch: 41, iters: 9280, time: 0.001, data: 0.001) , D_A: 0.243, G_A: 0.774, cycle_A: 0.781, D_B: 0.226, G_B: 0.900, cycle_B: 1.007, gp: 0.208

[Rank 0] (epoch: 41, iters: 10880, time: 0.001, data: 0.001) , D_A: 0.252, G_A: 0.990, cycle_A: 0.872, D_B: 0.301, G_B: 1.006, cycle_B: 0.467, gp: 0.296

[Rank 0] (epoch: 41, iters: 12480, time: 0.001, data: 0.001) , D_A: 0.234, G_A: 0.960, cycle_A: 0.918, D_B: 0.219, G_B: 0.952, cycle_B: 0.464, gp: 0.212

[Rank 0] (epoch: 41, iters: 14080, time: 0.001, data: 0.001) , D_A: 0.227, G_A: 1.023, cycle_A: 1.004, D_B: 0.183, G_B: 0.927, cycle_B: 0.395, gp: 0.175

[Rank 0] (epoch: 41, iters: 15680, time: 0.001, data: 0.001) , D_A: 0.240, G_A: 0.974, cycle_A: 0.739, D_B: 0.230, G_B: 0.850, cycle_B: 0.561, gp: 0.206

[Rank 0] (epoch: 41, iters: 17280, time: 0.001, data: 0.001) , D_A: 0.183, G_A: 0.956, cycle_A: 0.648, D_B: 0.197, G_B: 0.929, cycle_B: 0.389, gp: 0.188

[Rank 0] (epoch: 41, iters: 18880, time: 0.001, data: 0.001) , D_A: 0.221, G_A: 0.918, cycle_A: 0.712, D_B: 0.250, G_B: 0.954, cycle_B: 0.636, gp: 0.240

[Rank 0] (epoch: 41, iters: 20480, time: 0.001, data: 0.001) , D_A: 0.318, G_A: 0.862, cycle_A: 0.736, D_B: 0.270, G_B: 0.826, cycle_B: 0.824, gp: 0.244

learning rate 0.0001818 -> 0.0001636
temperature tau = 0.1301
End of epoch 41 / 50 	 Time Taken: 18 sec
[Rank 0] (epoch: 42, iters: 192, time: 0.001, data: 0.001) , D_A: 0.393, G_A: 0.635, cycle_A: 0.661, D_B: 0.178, G_B: 0.823, cycle_B: 0.641, gp: 0.162

[Rank 0] (epoch: 42, iters: 1792, time: 0.001, data: 0.000) , D_A: 0.197, G_A: 1.002, cycle_A: 0.733, D_B: 0.279, G_B: 1.000, cycle_B: 1.106, gp: 0.271

[Rank 0] (epoch: 42, iters: 3392, time: 0.001, data: 0.001) , D_A: 0.195, G_A: 0.957, cycle_A: 0.906, D_B: 0.243, G_B: 0.906, cycle_B: 0.390, gp: 0.235

[Rank 0] (epoch: 42, iters: 4992, time: 0.001, data: 0.001) , D_A: 0.177, G_A: 0.985, cycle_A: 1.000, D_B: 0.257, G_B: 0.929, cycle_B: 0.646, gp: 0.245

[Rank 0] (epoch: 42, iters: 6592, time: 0.001, data: 0.001) , D_A: 0.335, G_A: 0.845, cycle_A: 0.947, D_B: 0.310, G_B: 0.940, cycle_B: 0.757, gp: 0.285

[Rank 0] (epoch: 42, iters: 8192, time: 0.001, data: 0.001) , D_A: 0.232, G_A: 0.970, cycle_A: 0.721, D_B: 0.263, G_B: 0.994, cycle_B: 1.106, gp: 0.257

[Rank 0] (epoch: 42, iters: 9792, time: 0.001, data: 0.001) , D_A: 0.218, G_A: 0.934, cycle_A: 0.746, D_B: 0.232, G_B: 0.965, cycle_B: 0.568, gp: 0.228

[Rank 0] (epoch: 42, iters: 11392, time: 0.001, data: 0.001) , D_A: 0.222, G_A: 1.022, cycle_A: 0.735, D_B: 0.209, G_B: 0.987, cycle_B: 0.378, gp: 0.201

[Rank 0] (epoch: 42, iters: 12992, time: 0.001, data: 0.001) , D_A: 0.308, G_A: 0.950, cycle_A: 0.735, D_B: 0.311, G_B: 0.876, cycle_B: 0.846, gp: 0.304

[Rank 0] (epoch: 42, iters: 14592, time: 0.001, data: 0.001) , D_A: 0.145, G_A: 0.997, cycle_A: 0.717, D_B: 0.310, G_B: 0.864, cycle_B: 0.936, gp: 0.299

[Rank 0] (epoch: 42, iters: 16192, time: 0.001, data: 0.001) , D_A: 0.220, G_A: 0.938, cycle_A: 0.737, D_B: 0.269, G_B: 1.033, cycle_B: 0.467, gp: 0.250

[Rank 0] (epoch: 42, iters: 17792, time: 0.001, data: 0.001) , D_A: 0.281, G_A: 0.894, cycle_A: 0.750, D_B: 0.238, G_B: 0.999, cycle_B: 0.568, gp: 0.231

[Rank 0] (epoch: 42, iters: 19392, time: 0.001, data: 0.001) , D_A: 0.217, G_A: 1.017, cycle_A: 0.906, D_B: 0.321, G_B: 0.984, cycle_B: 0.646, gp: 0.313

[Rank 0] (epoch: 42, iters: 20992, time: 0.001, data: 0.001) , D_A: 0.216, G_A: 0.975, cycle_A: 0.648, D_B: 0.253, G_B: 1.007, cycle_B: 0.396, gp: 0.249

learning rate 0.0001636 -> 0.0001455
temperature tau = 0.1258
End of epoch 42 / 50 	 Time Taken: 18 sec
--- iter tau=0.1258 ---
  cipher in : fdbebgicbdc iibfbadbgadahbfbebcaihbabaehbcdbe idhbfbdhi bdhibefd
  decrypted : ha i  fi ai ff h  a   a c h i i fc    ic ia i fac h acf  acf iha
  real plain: ad diffic acig a de i b ide f he ci i he ci he aid he aiig i f h
  cipher in : eidbi abidibebeidhbgbei badbhiecdbfbadbebfbadbdecibcdbdbadbe dbf
  decrypted : ifa f   faf i ifac   if   a cfiia h  a i h  a aiif ia a  a i a h
  real plain: eie f bea ad iiai e i aa a ie ied b i ch idiida diici he i i eec
[Rank 0] (epoch: 43, iters: 704, time: 0.001, data: 0.001) , D_A: 0.210, G_A: 1.002, cycle_A: 0.901, D_B: 0.277, G_B: 0.892, cycle_B: 1.020, gp: 0.272

saving the latest model (epoch 43, total_iters 920000)
[Rank 0] (epoch: 43, iters: 2304, time: 0.001, data: 0.002) , D_A: 0.154, G_A: 0.902, cycle_A: 0.942, D_B: 0.241, G_B: 1.055, cycle_B: 1.106, gp: 0.234

[Rank 0] (epoch: 43, iters: 3904, time: 0.001, data: 0.001) , D_A: 0.199, G_A: 0.961, cycle_A: 0.913, D_B: 0.279, G_B: 0.961, cycle_B: 0.565, gp: 0.271

[Rank 0] (epoch: 43, iters: 5504, time: 0.001, data: 0.001) , D_A: 0.185, G_A: 1.023, cycle_A: 0.956, D_B: 0.357, G_B: 0.985, cycle_B: 0.475, gp: 0.352

[Rank 0] (epoch: 43, iters: 7104, time: 0.001, data: 0.001) , D_A: 0.136, G_A: 0.991, cycle_A: 0.863, D_B: 0.281, G_B: 0.949, cycle_B: 0.638, gp: 0.269

[Rank 0] (epoch: 43, iters: 8704, time: 0.001, data: 0.001) , D_A: 0.291, G_A: 0.929, cycle_A: 0.936, D_B: 0.272, G_B: 0.996, cycle_B: 0.397, gp: 0.264

[Rank 0] (epoch: 43, iters: 10304, time: 0.001, data: 0.001) , D_A: 0.317, G_A: 0.992, cycle_A: 0.923, D_B: 0.246, G_B: 0.939, cycle_B: 0.923, gp: 0.229

[Rank 0] (epoch: 43, iters: 11904, time: 0.001, data: 0.001) , D_A: 0.200, G_A: 0.963, cycle_A: 0.657, D_B: 0.333, G_B: 0.847, cycle_B: 0.838, gp: 0.311

[Rank 0] (epoch: 43, iters: 13504, time: 0.001, data: 0.001) , D_A: 0.180, G_A: 0.894, cycle_A: 0.937, D_B: 0.240, G_B: 1.018, cycle_B: 1.099, gp: 0.224

[Rank 0] (epoch: 43, iters: 15104, time: 0.001, data: 0.002) , D_A: 0.187, G_A: 0.946, cycle_A: 0.392, D_B: 0.249, G_B: 0.992, cycle_B: 0.639, gp: 0.236

[Rank 0] (epoch: 43, iters: 16704, time: 0.001, data: 0.001) , D_A: 0.198, G_A: 0.908, cycle_A: 0.698, D_B: 0.211, G_B: 0.817, cycle_B: 0.469, gp: 0.207

[Rank 0] (epoch: 43, iters: 18304, time: 0.001, data: 0.001) , D_A: 0.158, G_A: 0.965, cycle_A: 0.921, D_B: 0.279, G_B: 1.007, cycle_B: 1.097, gp: 0.271

[Rank 0] (epoch: 43, iters: 19904, time: 0.001, data: 0.001) , D_A: 0.208, G_A: 0.830, cycle_A: 0.748, D_B: 0.284, G_B: 1.035, cycle_B: 1.109, gp: 0.277

[Rank 0] (epoch: 43, iters: 21504, time: 0.001, data: 0.001) , D_A: 0.243, G_A: 0.884, cycle_A: 0.743, D_B: 0.340, G_B: 0.887, cycle_B: 0.636, gp: 0.313

learning rate 0.0001455 -> 0.0001273
temperature tau = 0.1218
End of epoch 43 / 50 	 Time Taken: 19 sec
[Rank 0] (epoch: 44, iters: 1216, time: 0.001, data: 0.001) , D_A: 0.200, G_A: 1.016, cycle_A: 0.918, D_B: 0.257, G_B: 0.925, cycle_B: 1.106, gp: 0.247

[Rank 0] (epoch: 44, iters: 2816, time: 0.001, data: 0.001) , D_A: 0.284, G_A: 0.906, cycle_A: 0.583, D_B: 0.335, G_B: 0.896, cycle_B: 0.627, gp: 0.321

[Rank 0] (epoch: 44, iters: 4416, time: 0.001, data: 0.001) , D_A: 0.280, G_A: 0.994, cycle_A: 0.910, D_B: 0.276, G_B: 0.895, cycle_B: 0.473, gp: 0.266

[Rank 0] (epoch: 44, iters: 6016, time: 0.001, data: 0.001) , D_A: 0.248, G_A: 0.879, cycle_A: 0.582, D_B: 0.272, G_B: 0.943, cycle_B: 0.472, gp: 0.262

[Rank 0] (epoch: 44, iters: 7616, time: 0.001, data: 0.001) , D_A: 0.298, G_A: 0.935, cycle_A: 0.753, D_B: 0.292, G_B: 0.984, cycle_B: 0.388, gp: 0.287

[Rank 0] (epoch: 44, iters: 9216, time: 0.001, data: 0.001) , D_A: 0.283, G_A: 0.922, cycle_A: 0.664, D_B: 0.309, G_B: 0.990, cycle_B: 0.391, gp: 0.296

[Rank 0] (epoch: 44, iters: 10816, time: 0.001, data: 0.001) , D_A: 0.204, G_A: 0.958, cycle_A: 0.754, D_B: 0.237, G_B: 0.962, cycle_B: 0.641, gp: 0.228

[Rank 0] (epoch: 44, iters: 12416, time: 0.001, data: 0.001) , D_A: 0.124, G_A: 0.925, cycle_A: 0.742, D_B: 0.296, G_B: 0.925, cycle_B: 0.463, gp: 0.281

[Rank 0] (epoch: 44, iters: 14016, time: 0.001, data: 0.001) , D_A: 0.166, G_A: 0.942, cycle_A: 0.989, D_B: 0.299, G_B: 0.938, cycle_B: 0.472, gp: 0.292

[Rank 0] (epoch: 44, iters: 15616, time: 0.001, data: 0.001) , D_A: 0.266, G_A: 0.912, cycle_A: 0.728, D_B: 0.299, G_B: 0.940, cycle_B: 0.569, gp: 0.291

[Rank 0] (epoch: 44, iters: 17216, time: 0.001, data: 0.001) , D_A: 0.285, G_A: 0.994, cycle_A: 0.905, D_B: 0.255, G_B: 0.909, cycle_B: 0.835, gp: 0.235

--- iter tau=0.1218 ---
  cipher in : badbdfdhbcae dbaibeecabehbidehbadbeecdhbai abehbadbfficiebfbadib
  decrypted : e aeahacei i ae feiii eicefaice aeiiiace f  eice aehhfifiehe afe
  real plain: ha eided hi f hi fi da i he ai ad befe i cae he e ie i fied a fi
  cipher in : ae dhbibaebgddbebidbicdbedbhdhbcbhdciibibebebibadbabehbgdcedbebh
  decrypted :  i acefe ie aaeiefaefiaeiaecaceiecaiffefeieiefe ae eice aiiaeiec
  real plain: f eaia cede f eicaiic die a e hbe id ad iied bai i d e fi a abad
[Rank 0] (epoch: 44, iters: 18816, time: 0.001, data: 0.001) , D_A: 0.245, G_A: 0.870, cycle_A: 0.940, D_B: 0.265, G_B: 0.980, cycle_B: 0.939, gp: 0.255

saving the latest model (epoch 44, total_iters 960000)
[Rank 0] (epoch: 44, iters: 20416, time: 0.001, data: 0.001) , D_A: 0.199, G_A: 0.985, cycle_A: 0.747, D_B: 0.240, G_B: 0.891, cycle_B: 0.851, gp: 0.228

learning rate 0.0001273 -> 0.0001091
temperature tau = 0.1178
End of epoch 44 / 50 	 Time Taken: 18 sec
[Rank 0] (epoch: 45, iters: 128, time: 0.001, data: 0.001) , D_A: 0.230, G_A: 0.877, cycle_A: 0.861, D_B: 0.210, G_B: 0.899, cycle_B: 0.384, gp: 0.200

[Rank 0] (epoch: 45, iters: 1728, time: 0.001, data: 0.004) , D_A: 0.258, G_A: 1.019, cycle_A: 0.335, D_B: 0.281, G_B: 0.962, cycle_B: 0.472, gp: 0.275

[Rank 0] (epoch: 45, iters: 3328, time: 0.001, data: 0.001) , D_A: 0.300, G_A: 0.930, cycle_A: 0.930, D_B: 0.264, G_B: 0.915, cycle_B: 0.857, gp: 0.255

[Rank 0] (epoch: 45, iters: 4928, time: 0.001, data: 0.001) , D_A: 0.203, G_A: 0.961, cycle_A: 0.922, D_B: 0.277, G_B: 0.912, cycle_B: 0.850, gp: 0.266

[Rank 0] (epoch: 45, iters: 6528, time: 0.001, data: 0.001) , D_A: 0.240, G_A: 0.866, cycle_A: 0.995, D_B: 0.286, G_B: 0.940, cycle_B: 1.108, gp: 0.275

[Rank 0] (epoch: 45, iters: 8128, time: 0.001, data: 0.001) , D_A: 0.297, G_A: 0.909, cycle_A: 0.758, D_B: 0.250, G_B: 1.027, cycle_B: 0.391, gp: 0.242

[Rank 0] (epoch: 45, iters: 9728, time: 0.001, data: 0.001) , D_A: 0.152, G_A: 0.870, cycle_A: 0.998, D_B: 0.305, G_B: 0.862, cycle_B: 1.008, gp: 0.289

[Rank 0] (epoch: 45, iters: 11328, time: 0.001, data: 0.001) , D_A: 0.190, G_A: 0.962, cycle_A: 0.928, D_B: 0.242, G_B: 0.891, cycle_B: 1.025, gp: 0.232

[Rank 0] (epoch: 45, iters: 12928, time: 0.001, data: 0.001) , D_A: 0.212, G_A: 0.948, cycle_A: 0.747, D_B: 0.255, G_B: 0.837, cycle_B: 0.826, gp: 0.233

[Rank 0] (epoch: 45, iters: 14528, time: 0.001, data: 0.001) , D_A: 0.208, G_A: 0.850, cycle_A: 0.668, D_B: 0.215, G_B: 0.861, cycle_B: 0.835, gp: 0.200

[Rank 0] (epoch: 45, iters: 16128, time: 0.001, data: 0.001) , D_A: 0.181, G_A: 0.889, cycle_A: 0.383, D_B: 0.242, G_B: 0.930, cycle_B: 0.995, gp: 0.223

[Rank 0] (epoch: 45, iters: 17728, time: 0.001, data: 0.001) , D_A: 0.246, G_A: 0.942, cycle_A: 0.919, D_B: 0.252, G_B: 0.966, cycle_B: 0.833, gp: 0.236

[Rank 0] (epoch: 45, iters: 19328, time: 0.001, data: 0.001) , D_A: 0.205, G_A: 0.921, cycle_A: 0.749, D_B: 0.206, G_B: 0.908, cycle_B: 1.109, gp: 0.199

[Rank 0] (epoch: 45, iters: 20928, time: 0.001, data: 0.001) , D_A: 0.224, G_A: 0.942, cycle_A: 0.742, D_B: 0.298, G_B: 0.898, cycle_B: 0.394, gp: 0.293

learning rate 0.0001091 -> 0.0000909
temperature tau = 0.1140
End of epoch 45 / 50 	 Time Taken: 18 sec
[Rank 0] (epoch: 46, iters: 640, time: 0.001, data: 0.001) , D_A: 0.208, G_A: 0.830, cycle_A: 0.948, D_B: 0.211, G_B: 0.905, cycle_B: 0.474, gp: 0.201

[Rank 0] (epoch: 46, iters: 2240, time: 0.001, data: 0.001) , D_A: 0.192, G_A: 0.852, cycle_A: 0.704, D_B: 0.153, G_B: 0.863, cycle_B: 1.026, gp: 0.144

[Rank 0] (epoch: 46, iters: 3840, time: 0.001, data: 0.001) , D_A: 0.261, G_A: 0.917, cycle_A: 0.333, D_B: 0.265, G_B: 0.864, cycle_B: 0.403, gp: 0.255

[Rank 0] (epoch: 46, iters: 5440, time: 0.001, data: 0.003) , D_A: 0.197, G_A: 0.977, cycle_A: 0.921, D_B: 0.235, G_B: 0.931, cycle_B: 0.393, gp: 0.228

[Rank 0] (epoch: 46, iters: 7040, time: 0.001, data: 0.001) , D_A: 0.171, G_A: 0.894, cycle_A: 0.741, D_B: 0.216, G_B: 0.887, cycle_B: 0.634, gp: 0.200

[Rank 0] (epoch: 46, iters: 8640, time: 0.001, data: 0.001) , D_A: 0.164, G_A: 0.881, cycle_A: 0.800, D_B: 0.233, G_B: 0.985, cycle_B: 1.100, gp: 0.228

[Rank 0] (epoch: 46, iters: 10240, time: 0.001, data: 0.001) , D_A: 0.316, G_A: 0.935, cycle_A: 0.921, D_B: 0.219, G_B: 0.980, cycle_B: 0.390, gp: 0.213

[Rank 0] (epoch: 46, iters: 11840, time: 0.001, data: 0.001) , D_A: 0.291, G_A: 0.935, cycle_A: 0.919, D_B: 0.281, G_B: 0.954, cycle_B: 1.119, gp: 0.273

[Rank 0] (epoch: 46, iters: 13440, time: 0.001, data: 0.001) , D_A: 0.159, G_A: 0.897, cycle_A: 0.954, D_B: 0.228, G_B: 0.898, cycle_B: 1.098, gp: 0.217

--- iter tau=0.1140 ---
  cipher in : edbcdcibfbcaiddbcdeibehbebfegbeebfbidbhidbdicdbdbibibebcdbdcibia
  decrypted : ia iaib h i baa iaib ic i hi  ii h ba cba abia a b b i ia aib b 
  real plain:  hi e ha he hd he ea h ab e i a a faaic ee i he ae f iii e ha i 
  cipher in : cbfbebhdedbadbidbdb ddebai bfbibebidbifbaedbedehbg abdbedbeccdig
  decrypted : i h i caia  a ba a  aai  b  h b i ba bh  ia iaic     a ia iiiab 
  real plain:  chaged dig hee hded ea a egede he a ea he cahic ide f he ide i 
[Rank 0] (epoch: 46, iters: 15040, time: 0.001, data: 0.001) , D_A: 0.315, G_A: 0.937, cycle_A: 0.864, D_B: 0.180, G_B: 0.938, cycle_B: 0.865, gp: 0.171

saving the latest model (epoch 46, total_iters 1000000)
[Rank 0] (epoch: 46, iters: 16640, time: 0.001, data: 0.001) , D_A: 0.179, G_A: 0.937, cycle_A: 0.916, D_B: 0.286, G_B: 0.872, cycle_B: 0.839, gp: 0.270

[Rank 0] (epoch: 46, iters: 18240, time: 0.001, data: 0.001) , D_A: 0.252, G_A: 0.897, cycle_A: 0.657, D_B: 0.245, G_B: 0.914, cycle_B: 0.929, gp: 0.233

[Rank 0] (epoch: 46, iters: 19840, time: 0.001, data: 0.001) , D_A: 0.235, G_A: 0.822, cycle_A: 0.795, D_B: 0.200, G_B: 0.927, cycle_B: 0.566, gp: 0.189

[Rank 0] (epoch: 46, iters: 21440, time: 0.001, data: 0.001) , D_A: 0.200, G_A: 0.965, cycle_A: 0.920, D_B: 0.298, G_B: 0.841, cycle_B: 0.466, gp: 0.290

learning rate 0.0000909 -> 0.0000727
temperature tau = 0.1104
End of epoch 46 / 50 	 Time Taken: 19 sec
[Rank 0] (epoch: 47, iters: 1152, time: 0.001, data: 0.001) , D_A: 0.159, G_A: 0.970, cycle_A: 0.330, D_B: 0.225, G_B: 0.906, cycle_B: 0.673, gp: 0.215

[Rank 0] (epoch: 47, iters: 2752, time: 0.001, data: 0.001) , D_A: 0.228, G_A: 0.995, cycle_A: 0.911, D_B: 0.278, G_B: 0.910, cycle_B: 1.093, gp: 0.269

[Rank 0] (epoch: 47, iters: 4352, time: 0.001, data: 0.001) , D_A: 0.222, G_A: 0.848, cycle_A: 0.792, D_B: 0.296, G_B: 0.865, cycle_B: 0.391, gp: 0.286

[Rank 0] (epoch: 47, iters: 5952, time: 0.001, data: 0.001) , D_A: 0.177, G_A: 0.962, cycle_A: 0.918, D_B: 0.218, G_B: 0.929, cycle_B: 0.555, gp: 0.210

[Rank 0] (epoch: 47, iters: 7552, time: 0.001, data: 0.001) , D_A: 0.199, G_A: 0.963, cycle_A: 0.920, D_B: 0.238, G_B: 0.925, cycle_B: 0.471, gp: 0.227

[Rank 0] (epoch: 47, iters: 9152, time: 0.001, data: 0.001) , D_A: 0.260, G_A: 0.896, cycle_A: 0.741, D_B: 0.267, G_B: 0.791, cycle_B: 0.929, gp: 0.247

[Rank 0] (epoch: 47, iters: 10752, time: 0.001, data: 0.001) , D_A: 0.130, G_A: 0.869, cycle_A: 0.333, D_B: 0.163, G_B: 0.954, cycle_B: 0.385, gp: 0.150

[Rank 0] (epoch: 47, iters: 12352, time: 0.001, data: 0.001) , D_A: 0.227, G_A: 0.920, cycle_A: 0.745, D_B: 0.173, G_B: 0.970, cycle_B: 0.384, gp: 0.165

[Rank 0] (epoch: 47, iters: 13952, time: 0.001, data: 0.001) , D_A: 0.229, G_A: 0.921, cycle_A: 0.382, D_B: 0.240, G_B: 0.883, cycle_B: 0.394, gp: 0.230

[Rank 0] (epoch: 47, iters: 15552, time: 0.001, data: 0.001) , D_A: 0.283, G_A: 0.922, cycle_A: 0.335, D_B: 0.267, G_B: 0.958, cycle_B: 1.105, gp: 0.258

[Rank 0] (epoch: 47, iters: 17152, time: 0.001, data: 0.001) , D_A: 0.219, G_A: 0.763, cycle_A: 0.660, D_B: 0.232, G_B: 0.817, cycle_B: 1.009, gp: 0.219

[Rank 0] (epoch: 47, iters: 18752, time: 0.001, data: 0.001) , D_A: 0.226, G_A: 0.886, cycle_A: 0.754, D_B: 0.171, G_B: 0.795, cycle_B: 0.656, gp: 0.155

[Rank 0] (epoch: 47, iters: 20352, time: 0.001, data: 0.001) , D_A: 0.192, G_A: 0.943, cycle_A: 0.596, D_B: 0.177, G_B: 0.835, cycle_B: 0.929, gp: 0.166

learning rate 0.0000727 -> 0.0000545
temperature tau = 0.1068
End of epoch 47 / 50 	 Time Taken: 18 sec
[Rank 0] (epoch: 48, iters: 64, time: 0.001, data: 0.001) , D_A: 0.240, G_A: 0.924, cycle_A: 0.750, D_B: 0.186, G_B: 0.951, cycle_B: 1.108, gp: 0.177

[Rank 0] (epoch: 48, iters: 1664, time: 0.001, data: 0.001) , D_A: 0.238, G_A: 1.010, cycle_A: 0.918, D_B: 0.244, G_B: 0.981, cycle_B: 1.111, gp: 0.235

[Rank 0] (epoch: 48, iters: 3264, time: 0.001, data: 0.001) , D_A: 0.189, G_A: 0.960, cycle_A: 0.737, D_B: 0.279, G_B: 0.925, cycle_B: 0.388, gp: 0.270

[Rank 0] (epoch: 48, iters: 4864, time: 0.001, data: 0.001) , D_A: 0.272, G_A: 0.985, cycle_A: 0.912, D_B: 0.245, G_B: 0.890, cycle_B: 0.573, gp: 0.225

[Rank 0] (epoch: 48, iters: 6464, time: 0.001, data: 0.001) , D_A: 0.153, G_A: 0.861, cycle_A: 1.001, D_B: 0.247, G_B: 0.966, cycle_B: 0.395, gp: 0.234

[Rank 0] (epoch: 48, iters: 8064, time: 0.001, data: 0.001) , D_A: 0.156, G_A: 0.934, cycle_A: 0.910, D_B: 0.239, G_B: 0.890, cycle_B: 1.113, gp: 0.230

[Rank 0] (epoch: 48, iters: 9664, time: 0.001, data: 0.001) , D_A: 0.254, G_A: 0.909, cycle_A: 0.540, D_B: 0.262, G_B: 0.809, cycle_B: 1.009, gp: 0.244

--- iter tau=0.1068 ---
  cipher in : dbadhbebii bchcbegdbebibaebibadbidibabei abadbcdbfbadbicbebfi bg
  decrypted : e  ec e gg  ici e e e g  e g  e geg   eg    e ie h  e gi e hg   
  real plain: i de faabe cdii f ea eigi deee ad ffe iie hgh he cic ad heie f d
  cipher in : ebfbihbccdedhbii bhbebcdebebdhbdbdcdbddbe badbiidbecbibeb bidbib
  decrypted : e h gc iieeec gg  c e iee e ec e eie ee e   e gge ei g e   ge g 
  real plain: ice gaaeed ee e i che hi dc ad hia d a dc he a de ce dc bi he d 
[Rank 0] (epoch: 48, iters: 11264, time: 0.001, data: 0.001) , D_A: 0.238, G_A: 0.854, cycle_A: 0.747, D_B: 0.255, G_B: 0.927, cycle_B: 0.855, gp: 0.243

saving the latest model (epoch 48, total_iters 1040000)
[Rank 0] (epoch: 48, iters: 12864, time: 0.001, data: 0.001) , D_A: 0.181, G_A: 0.796, cycle_A: 0.780, D_B: 0.172, G_B: 0.894, cycle_B: 0.927, gp: 0.164

[Rank 0] (epoch: 48, iters: 14464, time: 0.001, data: 0.001) , D_A: 0.259, G_A: 0.792, cycle_A: 0.743, D_B: 0.187, G_B: 0.968, cycle_B: 0.395, gp: 0.180

[Rank 0] (epoch: 48, iters: 16064, time: 0.001, data: 0.001) , D_A: 0.249, G_A: 0.940, cycle_A: 0.591, D_B: 0.315, G_B: 0.758, cycle_B: 0.732, gp: 0.293

[Rank 0] (epoch: 48, iters: 17664, time: 0.001, data: 0.001) , D_A: 0.229, G_A: 0.878, cycle_A: 0.995, D_B: 0.208, G_B: 0.863, cycle_B: 1.113, gp: 0.201

[Rank 0] (epoch: 48, iters: 19264, time: 0.001, data: 0.001) , D_A: 0.223, G_A: 0.879, cycle_A: 0.666, D_B: 0.291, G_B: 0.890, cycle_B: 0.647, gp: 0.275

[Rank 0] (epoch: 48, iters: 20864, time: 0.001, data: 0.001) , D_A: 0.215, G_A: 0.933, cycle_A: 0.930, D_B: 0.256, G_B: 0.950, cycle_B: 0.467, gp: 0.247

learning rate 0.0000545 -> 0.0000364
temperature tau = 0.1033
End of epoch 48 / 50 	 Time Taken: 18 sec
[Rank 0] (epoch: 49, iters: 576, time: 0.001, data: 0.001) , D_A: 0.219, G_A: 0.895, cycle_A: 0.745, D_B: 0.245, G_B: 0.894, cycle_B: 0.397, gp: 0.235

[Rank 0] (epoch: 49, iters: 2176, time: 0.001, data: 0.000) , D_A: 0.218, G_A: 0.926, cycle_A: 0.339, D_B: 0.237, G_B: 0.839, cycle_B: 0.566, gp: 0.221

[Rank 0] (epoch: 49, iters: 3776, time: 0.001, data: 0.001) , D_A: 0.209, G_A: 0.989, cycle_A: 0.911, D_B: 0.185, G_B: 0.904, cycle_B: 1.027, gp: 0.175

[Rank 0] (epoch: 49, iters: 5376, time: 0.001, data: 0.001) , D_A: 0.282, G_A: 0.838, cycle_A: 0.954, D_B: 0.279, G_B: 0.970, cycle_B: 0.473, gp: 0.270

[Rank 0] (epoch: 49, iters: 6976, time: 0.001, data: 0.001) , D_A: 0.227, G_A: 0.943, cycle_A: 0.923, D_B: 0.247, G_B: 0.709, cycle_B: 0.741, gp: 0.225

[Rank 0] (epoch: 49, iters: 8576, time: 0.001, data: 0.001) , D_A: 0.189, G_A: 0.868, cycle_A: 0.954, D_B: 0.183, G_B: 0.880, cycle_B: 0.397, gp: 0.174

[Rank 0] (epoch: 49, iters: 10176, time: 0.001, data: 0.001) , D_A: 0.193, G_A: 0.896, cycle_A: 0.747, D_B: 0.265, G_B: 0.924, cycle_B: 0.390, gp: 0.253

[Rank 0] (epoch: 49, iters: 11776, time: 0.001, data: 0.001) , D_A: 0.230, G_A: 0.860, cycle_A: 0.747, D_B: 0.205, G_B: 0.912, cycle_B: 1.044, gp: 0.198

[Rank 0] (epoch: 49, iters: 13376, time: 0.001, data: 0.001) , D_A: 0.232, G_A: 0.823, cycle_A: 0.648, D_B: 0.140, G_B: 0.915, cycle_B: 1.017, gp: 0.133

[Rank 0] (epoch: 49, iters: 14976, time: 0.001, data: 0.001) , D_A: 0.185, G_A: 0.886, cycle_A: 0.694, D_B: 0.229, G_B: 0.764, cycle_B: 0.759, gp: 0.211

[Rank 0] (epoch: 49, iters: 16576, time: 0.001, data: 0.001) , D_A: 0.243, G_A: 0.913, cycle_A: 0.718, D_B: 0.237, G_B: 0.749, cycle_B: 1.012, gp: 0.223

[Rank 0] (epoch: 49, iters: 18176, time: 0.001, data: 0.001) , D_A: 0.223, G_A: 0.915, cycle_A: 0.332, D_B: 0.316, G_B: 0.769, cycle_B: 0.995, gp: 0.296

[Rank 0] (epoch: 49, iters: 19776, time: 0.001, data: 0.001) , D_A: 0.195, G_A: 0.987, cycle_A: 0.748, D_B: 0.271, G_B: 0.904, cycle_B: 0.466, gp: 0.261

[Rank 0] (epoch: 49, iters: 21376, time: 0.001, data: 0.001) , D_A: 0.180, G_A: 0.902, cycle_A: 0.995, D_B: 0.260, G_B: 0.911, cycle_B: 0.385, gp: 0.250

learning rate 0.0000364 -> 0.0000182
temperature tau = 0.1000
End of epoch 49 / 50 	 Time Taken: 19 sec
[Rank 0] (epoch: 50, iters: 1088, time: 0.001, data: 0.001) , D_A: 0.215, G_A: 0.850, cycle_A: 0.749, D_B: 0.185, G_B: 0.816, cycle_B: 0.672, gp: 0.172

[Rank 0] (epoch: 50, iters: 2688, time: 0.001, data: 0.001) , D_A: 0.226, G_A: 0.866, cycle_A: 0.738, D_B: 0.260, G_B: 0.915, cycle_B: 0.628, gp: 0.250

[Rank 0] (epoch: 50, iters: 4288, time: 0.001, data: 0.001) , D_A: 0.183, G_A: 0.857, cycle_A: 0.957, D_B: 0.200, G_B: 0.834, cycle_B: 0.473, gp: 0.186

[Rank 0] (epoch: 50, iters: 5888, time: 0.001, data: 0.001) , D_A: 0.202, G_A: 0.865, cycle_A: 0.742, D_B: 0.200, G_B: 0.905, cycle_B: 1.093, gp: 0.192

--- iter tau=0.1000 ---
  cipher in : ci bibebebiabadbibaebibedbai ibdbfebhiidbcabedidbhddebebadbeadei
  decrypted : ib  b e e b   a b  e b ea  b b a he cbba i  eaba caae e  a e aeb
  real plain: ie e i he aaie he e i a iece f aiae ecia eadig ie ih he hea ad f
  cipher in : beicb idhbaibe eibadbfdcdbaibdf dbadbadbdebhdeabcedbei bebaibebe
  decrypted :  ebi  bac  b e eb  a haia  b ah a  a  a ae cae  iea eb  e  b e e
  real plain: e fgh f he ie a f he gae fea ha he beieed d be a faa ecache b he
[Rank 0] (epoch: 50, iters: 7488, time: 0.001, data: 0.001) , D_A: 0.259, G_A: 0.914, cycle_A: 0.334, D_B: 0.212, G_B: 0.937, cycle_B: 0.387, gp: 0.199

saving the latest model (epoch 50, total_iters 1080000)
[Rank 0] (epoch: 50, iters: 9088, time: 0.001, data: 0.001) , D_A: 0.205, G_A: 0.851, cycle_A: 0.944, D_B: 0.286, G_B: 0.934, cycle_B: 0.464, gp: 0.275

[Rank 0] (epoch: 50, iters: 10688, time: 0.001, data: 0.001) , D_A: 0.198, G_A: 0.883, cycle_A: 0.751, D_B: 0.183, G_B: 0.950, cycle_B: 0.385, gp: 0.171

[Rank 0] (epoch: 50, iters: 12288, time: 0.001, data: 0.001) , D_A: 0.207, G_A: 0.975, cycle_A: 0.923, D_B: 0.284, G_B: 0.724, cycle_B: 0.946, gp: 0.264

[Rank 0] (epoch: 50, iters: 13888, time: 0.001, data: 0.001) , D_A: 0.225, G_A: 0.894, cycle_A: 0.745, D_B: 0.312, G_B: 0.859, cycle_B: 0.394, gp: 0.296

[Rank 0] (epoch: 50, iters: 15488, time: 0.001, data: 0.001) , D_A: 0.283, G_A: 0.876, cycle_A: 0.748, D_B: 0.208, G_B: 0.823, cycle_B: 0.670, gp: 0.195

[Rank 0] (epoch: 50, iters: 17088, time: 0.001, data: 0.001) , D_A: 0.133, G_A: 0.859, cycle_A: 0.739, D_B: 0.216, G_B: 0.829, cycle_B: 0.670, gp: 0.205

[Rank 0] (epoch: 50, iters: 18688, time: 0.001, data: 0.001) , D_A: 0.176, G_A: 0.760, cycle_A: 0.739, D_B: 0.174, G_B: 0.942, cycle_B: 0.392, gp: 0.163

[Rank 0] (epoch: 50, iters: 20288, time: 0.001, data: 0.001) , D_A: 0.268, G_A: 0.932, cycle_A: 0.380, D_B: 0.265, G_B: 0.969, cycle_B: 0.384, gp: 0.255

[Rank 0] (epoch: 50, iters: 21888, time: 0.001, data: 0.001) , D_A: 0.265, G_A: 0.940, cycle_A: 0.911, D_B: 0.194, G_B: 0.922, cycle_B: 0.462, gp: 0.185

learning rate 0.0000182 -> 0.0000000
temperature tau = 0.1000
saving the model at the end of epoch 50, iters 1094400
End of epoch 50 / 50 	 Time Taken: 18 sec
----------------- Options ---------------
             aspect_ratio: 1.0                           
               batch_size: 64                            
          checkpoints_dir: ./checkpoints                 
                crop_size: 256                           
                 dataroot: .                             	[default: None]
             dataset_mode: cipher                        
                direction: AtoB                          
               display_id: 0                             
          display_winsize: 256                           
                embed_dim: 256                           	[default: 64]
                    epoch: latest                        
                     eval: False                         
                 gan_mode: lsgan                         
                   gumbel: False                         
                init_gain: 0.02                          
                init_type: normal                        
                 input_nc: 3                             
                  isTrain: False                         	[default: None]
                     kw_D: 15                            	[default: 4]
                 lambda_A: 10.0                          
                 lambda_B: 10.0                          
                lambda_gp: 10.0                          
          lambda_identity: 0.0                           
                load_iter: 0                             	[default: 0]
                load_size: 256                           
                       lr: 0.0002                        
         matched_softness: True                          	[default: False]
         max_dataset_size: inf                           
                    model: cipher_cycle_gan              	[default: test]
               n_blocks_G: 5                             	[default: 4]
                 n_critic: 1                             
               n_layers_D: 5                             	[default: 3]
                     name: a10_s0_gp1                    	[default: experiment_name]
                      ndf: 32                            	[default: 128]
                     netD: seq                           
                     netG: seq                           
                      ngf: 128                           
               no_dropout: True                          
                  no_flip: True                          
                     norm: layer                         	[default: instance]
                 npz_path: data/a10/dataset.npz          	[default: None]
                 num_test: 50                            
              num_threads: 4                             
                output_nc: 3                             
                pair_seed: 0                             
                    phase: test                          
              pointwise_G: True                          	[default: False]
               preprocess: none                          
         real_logit_scale: 5.0                           
              results_dir: ./results/                    
           serial_batches: False                         
         straight_through: True                          	[default: False]
                   suffix:                               
                  tau_end: 0.1                           
                tau_start: 1.0                           
                   use_gp: False                         
                use_wandb: False                         
                  verbose: False                         
               vocab_size: -1                            
       wandb_project_name: CycleGAN-and-pix2pix          
----------------- End -------------------
[cipher] eval: A(cipher)=(4863, 64) B(plain)=(4863, 64) vocab=11 cipher=substitution paired=True
dataset [CipherDataset] was created
Initialized with device cuda:0
initialize network with normal
Initialized with device cuda:0
initialize network with normal
model [CipherCycleGANModel] was created
Initialized with device cuda:0
initialize network with normal
loading the model from checkpoints/a10_s0_gp1/latest_net_G_A.pth
Initialized with device cuda:0
initialize network with normal
loading the model from checkpoints/a10_s0_gp1/latest_net_G_B.pth
---------- Networks initialized -------------
[Network G_A] Total number of parameters : 0.205 M
[Network G_B] Total number of parameters : 0.205 M
-----------------------------------------------

==============================================================
cipher              substitution (key=perm-seed0)
samples             4863 x 64
character accuracy  0.0000   (chance ~0.1000)
character error     1.0000
key recovery        0.0000   (coverage 1.000)
==============================================================
cipher in : ebddi baedbedbaiebhdbebedhbedbabibebidbaebeb ibebaebebebedbgdebh
decrypted : idaag d iadiad gidcadidiacdiad dgdidgad idid gdid idididiad aidc
truth     : a eeig hae ae hia de a aed ae h i a ie ha a gi a ha a a ae bea d

wrote ./checkpoints/a10_s0_gp1/eval_metrics.json
wrote ./checkpoints/a10_s0_gp1/curves_a10_s0_gp1.png

loss             first      last       min       max
D_A              1.142     0.265     0.111     1.142
G_A              0.077     0.940     0.059     2.364
cycle_A          1.723     0.911     0.175     1.723
D_B              0.734     0.194     0.140     0.935
G_B              0.420     0.922     0.207     1.785
cycle_B          0.768     0.462     0.153     6.749
gp               0.535     0.185     0.133     0.622

D_A over the final window: 0.215
  -> at LSGAN equilibrium: the two networks are balanced.
