=== task 0 : dataset=identity seed=0 ===
NVIDIA A100-SXM4-80GB
----------------- Options ---------------
               batch_size: 64                            
                    beta1: 0.0                           	[default: 0.5]
          checkpoints_dir: ./checkpoints                 
           continue_train: False                         
                crop_size: 256                           
               cycle_loss: ce                            
                 dataroot: .                             	[default: None]
             dataset_mode: cipher                        
                direction: AtoB                          
             display_freq: 20000                         	[default: 400]
               display_id: 0                             
          display_winsize: 256                           
                embed_dim: 256                           	[default: 64]
                    epoch: latest                        
              epoch_count: 1                             
                 gan_mode: lsgan                         
                   gumbel: False                         
                init_gain: 0.02                          
                init_type: normal                        
                 input_nc: 3                             
                  isTrain: True                          	[default: None]
                     kw_D: 15                            	[default: 4]
                 lambda_A: 1.0                           	[default: 10.0]
                 lambda_B: 1.0                           	[default: 10.0]
                lambda_gp: 1.0                           	[default: 10.0]
          lambda_identity: 0.0                           
                load_iter: 0                             	[default: 0]
                load_size: 286                           
                       lr: 0.0002                        
           lr_decay_iters: 50                            
                lr_policy: linear                        
         matched_softness: True                          	[default: False]
         max_dataset_size: inf                           
                    model: cipher_cycle_gan              	[default: cycle_gan]
               n_blocks_G: 5                             	[default: 4]
                 n_critic: 1                             
                 n_epochs: 40                            	[default: 100]
           n_epochs_decay: 10                            	[default: 100]
               n_layers_D: 5                             	[default: 3]
                     name: identity_s0_gp1               	[default: experiment_name]
                      ndf: 32                            	[default: 128]
                     netD: seq                           
                     netG: seq                           
                      ngf: 128                           
               no_dropout: True                          
                  no_flip: True                          
                  no_html: False                         
                     norm: layer                         	[default: instance]
                 npz_path: data/identity/dataset.npz     	[default: None]
              num_threads: 8                             	[default: 4]
                output_nc: 3                             
                pair_seed: 0                             
                    phase: train                         
              pointwise_G: True                          	[default: False]
                pool_size: 50                            
               preprocess: none                          
               print_freq: 100                           
         real_logit_scale: 5.0                           
             save_by_iter: False                         
          save_epoch_freq: 50                            	[default: 5]
         save_latest_freq: 5000                          
           serial_batches: False                         
         straight_through: True                          	[default: False]
                   suffix:                               
                  tau_end: 0.1                           
                tau_start: 0.5                           	[default: 1.0]
         update_html_freq: 1000                          
                   use_gp: True                          	[default: False]
                use_wandb: False                         
                  verbose: False                         
               vocab_size: -1                            
       wandb_project_name: CycleGAN-and-pix2pix          
----------------- End -------------------
Initialized with device cuda:0
[cipher] train: A(cipher)=(40436, 64) B(plain)=(40436, 64) vocab=28 cipher=identity paired=False
dataset [CipherDataset] was created
The number of training images = 40436
Initialized with device cuda:0
initialize network with normal
Initialized with device cuda:0
initialize network with normal
Initialized with device cuda:0
initialize network with normal
Initialized with device cuda:0
initialize network with normal
model [CipherCycleGANModel] was created
Initialized with device cuda:0
initialize network with normal
Initialized with device cuda:0
initialize network with normal
Initialized with device cuda:0
initialize network with normal
Initialized with device cuda:0
initialize network with normal
---------- Networks initialized -------------
[Network G_A] Total number of parameters : 0.212 M
[Network G_B] Total number of parameters : 0.212 M
[Network D_A] Total number of parameters : 0.477 M
[Network D_B] Total number of parameters : 0.477 M
-----------------------------------------------
create web directory checkpoints/identity_s0_gp1/web...
[Rank 0] (epoch: 1, iters: 1600, time: 0.001, data: 0.099) , D_A: 0.978, G_A: 0.211, cycle_A: 2.685, D_B: 0.597, G_B: 0.933, cycle_B: 1.827, gp: 0.393

[Rank 0] (epoch: 1, iters: 3200, time: 0.001, data: 0.001) , D_A: 0.799, G_A: 0.923, cycle_A: 1.951, D_B: 0.643, G_B: 0.428, cycle_B: 1.390, gp: 0.426

[Rank 0] (epoch: 1, iters: 4800, time: 0.001, data: 0.001) , D_A: 0.568, G_A: 0.336, cycle_A: 1.428, D_B: 0.656, G_B: 1.291, cycle_B: 0.799, gp: 0.333

[Rank 0] (epoch: 1, iters: 6400, time: 0.001, data: 0.001) , D_A: 0.466, G_A: 0.770, cycle_A: 1.071, D_B: 0.651, G_B: 0.796, cycle_B: 0.879, gp: 0.394

[Rank 0] (epoch: 1, iters: 8000, time: 0.001, data: 0.001) , D_A: 0.354, G_A: 1.495, cycle_A: 0.773, D_B: 0.581, G_B: 0.289, cycle_B: 0.515, gp: 0.369

[Rank 0] (epoch: 1, iters: 9600, time: 0.001, data: 0.001) , D_A: 0.325, G_A: 0.961, cycle_A: 0.689, D_B: 0.637, G_B: 0.689, cycle_B: 0.484, gp: 0.449

[Rank 0] (epoch: 1, iters: 11200, time: 0.001, data: 0.001) , D_A: 0.394, G_A: 0.806, cycle_A: 0.617, D_B: 1.115, G_B: 0.049, cycle_B: 0.366, gp: 0.368

[Rank 0] (epoch: 1, iters: 12800, time: 0.001, data: 0.001) , D_A: 0.368, G_A: 1.561, cycle_A: 0.531, D_B: 0.571, G_B: 1.728, cycle_B: 0.339, gp: 0.406

[Rank 0] (epoch: 1, iters: 14400, time: 0.001, data: 0.001) , D_A: 0.242, G_A: 0.726, cycle_A: 0.494, D_B: 0.557, G_B: 1.825, cycle_B: 0.393, gp: 0.358

[Rank 0] (epoch: 1, iters: 16000, time: 0.001, data: 0.001) , D_A: 0.305, G_A: 1.173, cycle_A: 0.520, D_B: 0.351, G_B: 1.174, cycle_B: 0.416, gp: 0.287

[Rank 0] (epoch: 1, iters: 17600, time: 0.001, data: 0.001) , D_A: 0.491, G_A: 0.835, cycle_A: 0.532, D_B: 0.392, G_B: 1.084, cycle_B: 0.479, gp: 0.347

[Rank 0] (epoch: 1, iters: 19200, time: 0.001, data: 0.001) , D_A: 0.424, G_A: 1.159, cycle_A: 0.486, D_B: 0.594, G_B: 0.377, cycle_B: 0.404, gp: 0.352

[Rank 0] (epoch: 1, iters: 20800, time: 0.001, data: 0.001) , D_A: 0.323, G_A: 0.847, cycle_A: 0.478, D_B: 0.356, G_B: 0.918, cycle_B: 0.429, gp: 0.321

[Rank 0] (epoch: 1, iters: 22400, time: 0.001, data: 0.001) , D_A: 0.381, G_A: 1.283, cycle_A: 0.534, D_B: 0.263, G_B: 0.886, cycle_B: 0.391, gp: 0.238

[Rank 0] (epoch: 1, iters: 24000, time: 0.001, data: 0.001) , D_A: 0.311, G_A: 1.248, cycle_A: 0.464, D_B: 0.244, G_B: 1.043, cycle_B: 0.422, gp: 0.213

[Rank 0] (epoch: 1, iters: 25600, time: 0.001, data: 0.001) , D_A: 0.238, G_A: 0.934, cycle_A: 0.420, D_B: 0.298, G_B: 0.970, cycle_B: 0.365, gp: 0.271

[Rank 0] (epoch: 1, iters: 27200, time: 0.001, data: 0.001) , D_A: 0.236, G_A: 0.818, cycle_A: 0.425, D_B: 0.285, G_B: 1.216, cycle_B: 0.384, gp: 0.259

[Rank 0] (epoch: 1, iters: 28800, time: 0.001, data: 0.001) , D_A: 0.277, G_A: 1.246, cycle_A: 0.410, D_B: 0.214, G_B: 1.179, cycle_B: 0.330, gp: 0.193

[Rank 0] (epoch: 1, iters: 30400, time: 0.001, data: 0.001) , D_A: 0.304, G_A: 1.199, cycle_A: 0.434, D_B: 0.285, G_B: 1.055, cycle_B: 0.405, gp: 0.257

[Rank 0] (epoch: 1, iters: 32000, time: 0.001, data: 0.001) , D_A: 0.294, G_A: 0.970, cycle_A: 0.434, D_B: 0.356, G_B: 1.425, cycle_B: 0.369, gp: 0.310

[Rank 0] (epoch: 1, iters: 33600, time: 0.001, data: 0.001) , D_A: 0.276, G_A: 1.017, cycle_A: 0.434, D_B: 0.280, G_B: 0.945, cycle_B: 0.363, gp: 0.259

[Rank 0] (epoch: 1, iters: 35200, time: 0.001, data: 0.001) , D_A: 0.247, G_A: 1.093, cycle_A: 0.401, D_B: 0.296, G_B: 0.779, cycle_B: 0.354, gp: 0.244

[Rank 0] (epoch: 1, iters: 36800, time: 0.001, data: 0.001) , D_A: 0.254, G_A: 0.868, cycle_A: 0.410, D_B: 0.299, G_B: 0.941, cycle_B: 0.313, gp: 0.278

[Rank 0] (epoch: 1, iters: 38400, time: 0.001, data: 0.001) , D_A: 0.315, G_A: 1.181, cycle_A: 0.404, D_B: 0.317, G_B: 0.862, cycle_B: 0.354, gp: 0.300

--- iter tau=0.5000 ---
  cipher in : may lie as between the parties failure to recognize these change
  decrypted : f galtsa  adsepssraeosao iets ac tlhisaeuaiseu rtdsaeos saeo r s
  real plain: o that it should originate in londons royal albert hall where tr
  cipher in :  the moon can be properly interpreted the observations of mayer 
  decrypted : aeosafuurae radsaoiuosilgatresioises aeosaud sii etur aucaf gsia
  real plain: itizens of equal protection of the law the group upon the issuan
[Rank 0] (epoch: 1, iters: 40000, time: 0.001, data: 0.001) , D_A: 0.361, G_A: 1.082, cycle_A: 0.410, D_B: 0.277, G_B: 0.503, cycle_B: 0.341, gp: 0.209

saving the latest model (epoch 1, total_iters 40000)
learning rate 0.0002000 -> 0.0002000
temperature tau = 0.4838
End of epoch 1 / 50 	 Time Taken: 35 sec
[Rank 0] (epoch: 2, iters: 1152, time: 0.001, data: 0.001) , D_A: 0.213, G_A: 0.986, cycle_A: 0.411, D_B: 0.390, G_B: 0.967, cycle_B: 0.384, gp: 0.371

[Rank 0] (epoch: 2, iters: 2752, time: 0.001, data: 0.001) , D_A: 0.283, G_A: 1.102, cycle_A: 0.391, D_B: 0.272, G_B: 1.205, cycle_B: 0.371, gp: 0.251

[Rank 0] (epoch: 2, iters: 4352, time: 0.001, data: 0.001) , D_A: 0.298, G_A: 1.299, cycle_A: 0.413, D_B: 0.605, G_B: 0.153, cycle_B: 0.316, gp: 0.325

[Rank 0] (epoch: 2, iters: 5952, time: 0.001, data: 0.001) , D_A: 0.520, G_A: 0.636, cycle_A: 0.409, D_B: 0.292, G_B: 1.227, cycle_B: 0.361, gp: 0.218

[Rank 0] (epoch: 2, iters: 7552, time: 0.001, data: 0.001) , D_A: 0.226, G_A: 0.921, cycle_A: 0.392, D_B: 0.261, G_B: 1.053, cycle_B: 0.356, gp: 0.246

[Rank 0] (epoch: 2, iters: 9152, time: 0.001, data: 0.001) , D_A: 0.314, G_A: 0.932, cycle_A: 0.399, D_B: 0.328, G_B: 1.153, cycle_B: 0.352, gp: 0.314

[Rank 0] (epoch: 2, iters: 10752, time: 0.001, data: 0.001) , D_A: 0.259, G_A: 1.385, cycle_A: 0.394, D_B: 0.204, G_B: 1.021, cycle_B: 0.342, gp: 0.192

[Rank 0] (epoch: 2, iters: 12352, time: 0.001, data: 0.001) , D_A: 0.263, G_A: 0.976, cycle_A: 0.400, D_B: 0.298, G_B: 1.053, cycle_B: 0.329, gp: 0.286

[Rank 0] (epoch: 2, iters: 13952, time: 0.001, data: 0.001) , D_A: 0.194, G_A: 1.080, cycle_A: 0.395, D_B: 0.273, G_B: 0.948, cycle_B: 0.337, gp: 0.253

[Rank 0] (epoch: 2, iters: 15552, time: 0.001, data: 0.001) , D_A: 0.200, G_A: 0.962, cycle_A: 0.428, D_B: 0.335, G_B: 0.897, cycle_B: 0.345, gp: 0.315

[Rank 0] (epoch: 2, iters: 17152, time: 0.001, data: 0.001) , D_A: 0.267, G_A: 0.862, cycle_A: 0.394, D_B: 0.287, G_B: 0.972, cycle_B: 0.327, gp: 0.271

[Rank 0] (epoch: 2, iters: 18752, time: 0.001, data: 0.001) , D_A: 0.286, G_A: 0.954, cycle_A: 0.405, D_B: 0.278, G_B: 0.964, cycle_B: 0.318, gp: 0.266

[Rank 0] (epoch: 2, iters: 20352, time: 0.001, data: 0.001) , D_A: 0.339, G_A: 1.213, cycle_A: 0.412, D_B: 0.186, G_B: 1.013, cycle_B: 0.326, gp: 0.177

[Rank 0] (epoch: 2, iters: 21952, time: 0.001, data: 0.001) , D_A: 0.406, G_A: 0.882, cycle_A: 0.377, D_B: 0.217, G_B: 0.981, cycle_B: 0.320, gp: 0.208

[Rank 0] (epoch: 2, iters: 23552, time: 0.001, data: 0.001) , D_A: 0.223, G_A: 0.929, cycle_A: 0.388, D_B: 0.235, G_B: 0.968, cycle_B: 0.321, gp: 0.225

[Rank 0] (epoch: 2, iters: 25152, time: 0.001, data: 0.001) , D_A: 0.251, G_A: 1.334, cycle_A: 0.468, D_B: 0.271, G_B: 1.005, cycle_B: 0.317, gp: 0.258

[Rank 0] (epoch: 2, iters: 26752, time: 0.001, data: 0.001) , D_A: 0.296, G_A: 1.043, cycle_A: 0.394, D_B: 0.295, G_B: 0.967, cycle_B: 0.321, gp: 0.283

[Rank 0] (epoch: 2, iters: 28352, time: 0.001, data: 0.001) , D_A: 0.251, G_A: 1.039, cycle_A: 0.397, D_B: 0.218, G_B: 0.924, cycle_B: 0.338, gp: 0.206

[Rank 0] (epoch: 2, iters: 29952, time: 0.001, data: 0.001) , D_A: 0.304, G_A: 1.014, cycle_A: 0.383, D_B: 0.233, G_B: 1.009, cycle_B: 0.300, gp: 0.223

[Rank 0] (epoch: 2, iters: 31552, time: 0.001, data: 0.001) , D_A: 0.191, G_A: 1.014, cycle_A: 0.381, D_B: 0.228, G_B: 0.989, cycle_B: 0.322, gp: 0.219

[Rank 0] (epoch: 2, iters: 33152, time: 0.001, data: 0.001) , D_A: 0.239, G_A: 1.151, cycle_A: 0.387, D_B: 0.303, G_B: 1.149, cycle_B: 0.307, gp: 0.294

[Rank 0] (epoch: 2, iters: 34752, time: 0.001, data: 0.001) , D_A: 0.199, G_A: 0.982, cycle_A: 0.428, D_B: 0.347, G_B: 1.005, cycle_B: 0.302, gp: 0.339

[Rank 0] (epoch: 2, iters: 36352, time: 0.001, data: 0.001) , D_A: 0.223, G_A: 1.113, cycle_A: 0.378, D_B: 0.273, G_B: 0.935, cycle_B: 0.324, gp: 0.265

[Rank 0] (epoch: 2, iters: 37952, time: 0.001, data: 0.001) , D_A: 0.226, G_A: 0.928, cycle_A: 0.402, D_B: 0.266, G_B: 1.244, cycle_B: 0.338, gp: 0.218

--- iter tau=0.4838 ---
  cipher in : ristian view of creation for it teaches salvation from not salva
  decrypted : it et raitmpaucaeim eturacuiateaem eom a  li eturaciufaruea  li 
  real plain: ibly upset she told a girlfriend i wrote bill in my last letter 
  cipher in :  and sausages to know what i mean go a step further and list all
  decrypted : a r a  h   m aeuabrupapo eatafm ra ua a emoachieomia r alt ea ll
  real plain: i cannot imagine a single scene that isnt done in a far naughtie
[Rank 0] (epoch: 2, iters: 39552, time: 0.001, data: 0.001) , D_A: 0.257, G_A: 1.166, cycle_A: 0.405, D_B: 0.235, G_B: 0.981, cycle_B: 0.304, gp: 0.224

saving the latest model (epoch 2, total_iters 80000)
learning rate 0.0002000 -> 0.0002000
temperature tau = 0.4682
End of epoch 2 / 50 	 Time Taken: 35 sec
[Rank 0] (epoch: 3, iters: 704, time: 0.001, data: 0.001) , D_A: 0.279, G_A: 0.961, cycle_A: 0.402, D_B: 0.218, G_B: 0.913, cycle_B: 0.306, gp: 0.211

[Rank 0] (epoch: 3, iters: 2304, time: 0.001, data: 0.000) , D_A: 0.219, G_A: 0.961, cycle_A: 0.397, D_B: 0.224, G_B: 1.022, cycle_B: 0.288, gp: 0.217

[Rank 0] (epoch: 3, iters: 3904, time: 0.001, data: 0.001) , D_A: 0.176, G_A: 0.981, cycle_A: 0.410, D_B: 0.276, G_B: 0.980, cycle_B: 0.285, gp: 0.266

[Rank 0] (epoch: 3, iters: 5504, time: 0.001, data: 0.001) , D_A: 0.215, G_A: 0.919, cycle_A: 0.408, D_B: 0.242, G_B: 1.083, cycle_B: 0.318, gp: 0.235

[Rank 0] (epoch: 3, iters: 7104, time: 0.001, data: 0.001) , D_A: 0.258, G_A: 0.986, cycle_A: 0.397, D_B: 0.206, G_B: 0.967, cycle_B: 0.330, gp: 0.195

[Rank 0] (epoch: 3, iters: 8704, time: 0.001, data: 0.001) , D_A: 0.287, G_A: 1.085, cycle_A: 0.424, D_B: 0.303, G_B: 1.125, cycle_B: 0.319, gp: 0.294

[Rank 0] (epoch: 3, iters: 10304, time: 0.001, data: 0.001) , D_A: 0.314, G_A: 0.932, cycle_A: 0.404, D_B: 0.252, G_B: 0.951, cycle_B: 0.339, gp: 0.241

[Rank 0] (epoch: 3, iters: 11904, time: 0.001, data: 0.001) , D_A: 0.280, G_A: 1.015, cycle_A: 0.409, D_B: 0.173, G_B: 1.023, cycle_B: 0.270, gp: 0.166

[Rank 0] (epoch: 3, iters: 13504, time: 0.001, data: 0.001) , D_A: 0.234, G_A: 1.189, cycle_A: 0.383, D_B: 0.306, G_B: 1.053, cycle_B: 0.331, gp: 0.298

[Rank 0] (epoch: 3, iters: 15104, time: 0.001, data: 0.001) , D_A: 0.236, G_A: 0.880, cycle_A: 0.396, D_B: 0.224, G_B: 1.066, cycle_B: 0.320, gp: 0.215

[Rank 0] (epoch: 3, iters: 16704, time: 0.001, data: 0.001) , D_A: 0.248, G_A: 1.053, cycle_A: 0.401, D_B: 0.302, G_B: 0.973, cycle_B: 0.300, gp: 0.295

[Rank 0] (epoch: 3, iters: 18304, time: 0.001, data: 0.001) , D_A: 0.296, G_A: 0.980, cycle_A: 0.383, D_B: 0.249, G_B: 0.984, cycle_B: 0.286, gp: 0.243

[Rank 0] (epoch: 3, iters: 19904, time: 0.001, data: 0.001) , D_A: 0.186, G_A: 1.114, cycle_A: 0.392, D_B: 0.252, G_B: 1.054, cycle_B: 0.322, gp: 0.247

[Rank 0] (epoch: 3, iters: 21504, time: 0.001, data: 0.001) , D_A: 0.230, G_A: 0.888, cycle_A: 0.396, D_B: 0.190, G_B: 1.017, cycle_B: 0.320, gp: 0.182

[Rank 0] (epoch: 3, iters: 23104, time: 0.001, data: 0.001) , D_A: 0.232, G_A: 1.284, cycle_A: 0.397, D_B: 0.247, G_B: 1.022, cycle_B: 0.314, gp: 0.240

[Rank 0] (epoch: 3, iters: 24704, time: 0.001, data: 0.001) , D_A: 0.178, G_A: 1.118, cycle_A: 0.400, D_B: 0.200, G_B: 0.997, cycle_B: 0.287, gp: 0.192

[Rank 0] (epoch: 3, iters: 26304, time: 0.001, data: 0.001) , D_A: 0.268, G_A: 0.921, cycle_A: 0.378, D_B: 0.188, G_B: 0.973, cycle_B: 0.302, gp: 0.178

[Rank 0] (epoch: 3, iters: 27904, time: 0.001, data: 0.001) , D_A: 0.246, G_A: 1.035, cycle_A: 0.395, D_B: 0.296, G_B: 1.115, cycle_B: 0.284, gp: 0.289

[Rank 0] (epoch: 3, iters: 29504, time: 0.001, data: 0.001) , D_A: 0.156, G_A: 1.124, cycle_A: 0.404, D_B: 0.225, G_B: 1.429, cycle_B: 0.348, gp: 0.185

[Rank 0] (epoch: 3, iters: 31104, time: 0.001, data: 0.001) , D_A: 0.209, G_A: 1.035, cycle_A: 0.399, D_B: 0.342, G_B: 0.926, cycle_B: 0.291, gp: 0.330

[Rank 0] (epoch: 3, iters: 32704, time: 0.001, data: 0.001) , D_A: 0.241, G_A: 0.565, cycle_A: 0.414, D_B: 0.168, G_B: 0.972, cycle_B: 0.297, gp: 0.162

[Rank 0] (epoch: 3, iters: 34304, time: 0.001, data: 0.001) , D_A: 0.213, G_A: 1.082, cycle_A: 0.393, D_B: 0.237, G_B: 1.028, cycle_B: 0.303, gp: 0.230

[Rank 0] (epoch: 3, iters: 35904, time: 0.001, data: 0.001) , D_A: 0.201, G_A: 0.965, cycle_A: 0.396, D_B: 0.162, G_B: 1.006, cycle_B: 0.292, gp: 0.154

[Rank 0] (epoch: 3, iters: 37504, time: 0.001, data: 0.001) , D_A: 0.314, G_A: 0.985, cycle_A: 0.373, D_B: 0.234, G_B: 0.979, cycle_B: 0.295, gp: 0.227

--- iter tau=0.4682 ---
  cipher in : ough the armored vest fitted the upper part of his body snugly h
  decrypted : uh oneomn ifuim nim encteem neomnhoomino ienucnot ndu gn rh lgno
  real plain: not happen the same can be said about the halfhearted cuban inva
  cipher in : rking positions all applicants were generally familiar with the 
  decrypted : ibtr nou tetur n lln oolte re npmimn mrmi llgnc ftlt inpteoneomn
  real plain: t was issued was filed by leo blaber an attorney for the associa
[Rank 0] (epoch: 3, iters: 39104, time: 0.001, data: 0.001) , D_A: 0.246, G_A: 1.076, cycle_A: 0.370, D_B: 0.283, G_B: 1.035, cycle_B: 0.301, gp: 0.272

saving the latest model (epoch 3, total_iters 120000)
learning rate 0.0002000 -> 0.0002000
temperature tau = 0.4531
End of epoch 3 / 50 	 Time Taken: 36 sec
[Rank 0] (epoch: 4, iters: 256, time: 0.001, data: 0.001) , D_A: 0.287, G_A: 0.923, cycle_A: 0.389, D_B: 0.317, G_B: 0.886, cycle_B: 0.288, gp: 0.306

[Rank 0] (epoch: 4, iters: 1856, time: 0.001, data: 0.002) , D_A: 0.253, G_A: 0.966, cycle_A: 0.406, D_B: 0.206, G_B: 0.997, cycle_B: 0.292, gp: 0.201

[Rank 0] (epoch: 4, iters: 3456, time: 0.001, data: 0.001) , D_A: 0.259, G_A: 0.813, cycle_A: 0.396, D_B: 0.280, G_B: 1.019, cycle_B: 0.309, gp: 0.273

[Rank 0] (epoch: 4, iters: 5056, time: 0.001, data: 0.001) , D_A: 0.212, G_A: 1.066, cycle_A: 0.399, D_B: 0.184, G_B: 0.852, cycle_B: 0.328, gp: 0.174

[Rank 0] (epoch: 4, iters: 6656, time: 0.001, data: 0.001) , D_A: 0.288, G_A: 1.098, cycle_A: 0.404, D_B: 0.349, G_B: 0.839, cycle_B: 0.290, gp: 0.333

[Rank 0] (epoch: 4, iters: 8256, time: 0.001, data: 0.001) , D_A: 0.189, G_A: 1.172, cycle_A: 0.400, D_B: 0.305, G_B: 1.024, cycle_B: 0.320, gp: 0.300

[Rank 0] (epoch: 4, iters: 9856, time: 0.001, data: 0.001) , D_A: 0.144, G_A: 1.178, cycle_A: 0.406, D_B: 0.328, G_B: 1.057, cycle_B: 0.290, gp: 0.318

[Rank 0] (epoch: 4, iters: 11456, time: 0.001, data: 0.001) , D_A: 0.174, G_A: 0.958, cycle_A: 0.399, D_B: 0.208, G_B: 1.017, cycle_B: 0.321, gp: 0.202

[Rank 0] (epoch: 4, iters: 13056, time: 0.001, data: 0.001) , D_A: 0.158, G_A: 1.037, cycle_A: 0.388, D_B: 0.237, G_B: 1.014, cycle_B: 0.327, gp: 0.230

[Rank 0] (epoch: 4, iters: 14656, time: 0.001, data: 0.001) , D_A: 0.190, G_A: 0.921, cycle_A: 0.401, D_B: 0.270, G_B: 0.949, cycle_B: 0.309, gp: 0.264

[Rank 0] (epoch: 4, iters: 16256, time: 0.001, data: 0.001) , D_A: 0.219, G_A: 1.057, cycle_A: 0.392, D_B: 0.254, G_B: 0.893, cycle_B: 0.326, gp: 0.247

[Rank 0] (epoch: 4, iters: 17856, time: 0.001, data: 0.001) , D_A: 0.192, G_A: 1.046, cycle_A: 0.385, D_B: 0.212, G_B: 0.977, cycle_B: 0.274, gp: 0.208

[Rank 0] (epoch: 4, iters: 19456, time: 0.001, data: 0.001) , D_A: 0.288, G_A: 1.074, cycle_A: 1.137, D_B: 0.849, G_B: 0.297, cycle_B: 1.071, gp: 0.553

[Rank 0] (epoch: 4, iters: 21056, time: 0.001, data: 0.001) , D_A: 0.246, G_A: 1.110, cycle_A: 0.547, D_B: 0.236, G_B: 0.948, cycle_B: 0.493, gp: 0.222

[Rank 0] (epoch: 4, iters: 22656, time: 0.001, data: 0.001) , D_A: 0.232, G_A: 1.005, cycle_A: 0.477, D_B: 0.291, G_B: 1.055, cycle_B: 0.457, gp: 0.284

[Rank 0] (epoch: 4, iters: 24256, time: 0.001, data: 0.001) , D_A: 0.275, G_A: 1.043, cycle_A: 0.445, D_B: 0.225, G_B: 0.923, cycle_B: 0.377, gp: 0.217

[Rank 0] (epoch: 4, iters: 25856, time: 0.001, data: 0.001) , D_A: 0.250, G_A: 0.984, cycle_A: 0.444, D_B: 0.195, G_B: 0.994, cycle_B: 0.422, gp: 0.188

[Rank 0] (epoch: 4, iters: 27456, time: 0.001, data: 0.001) , D_A: 0.181, G_A: 0.980, cycle_A: 0.428, D_B: 0.259, G_B: 0.960, cycle_B: 0.379, gp: 0.251

[Rank 0] (epoch: 4, iters: 29056, time: 0.001, data: 0.001) , D_A: 0.184, G_A: 0.985, cycle_A: 0.422, D_B: 0.283, G_B: 1.133, cycle_B: 0.335, gp: 0.275

[Rank 0] (epoch: 4, iters: 30656, time: 0.001, data: 0.001) , D_A: 0.261, G_A: 0.923, cycle_A: 0.421, D_B: 0.244, G_B: 1.098, cycle_B: 0.354, gp: 0.237

[Rank 0] (epoch: 4, iters: 32256, time: 0.001, data: 0.001) , D_A: 0.202, G_A: 0.968, cycle_A: 0.430, D_B: 0.207, G_B: 1.016, cycle_B: 0.339, gp: 0.202

[Rank 0] (epoch: 4, iters: 33856, time: 0.001, data: 0.001) , D_A: 0.265, G_A: 1.038, cycle_A: 0.408, D_B: 0.239, G_B: 0.943, cycle_B: 0.359, gp: 0.232

[Rank 0] (epoch: 4, iters: 35456, time: 0.001, data: 0.001) , D_A: 0.189, G_A: 1.001, cycle_A: 0.430, D_B: 0.210, G_B: 1.014, cycle_B: 0.334, gp: 0.203

[Rank 0] (epoch: 4, iters: 37056, time: 0.001, data: 0.001) , D_A: 0.260, G_A: 1.013, cycle_A: 0.415, D_B: 0.187, G_B: 1.030, cycle_B: 0.355, gp: 0.182

--- iter tau=0.4531 ---
  cipher in :  c o b o provides the backbone of centrals revenues these revenu
  decrypted : aeauadauaoiuit m aeomad ebdudmaucaemdei l aimimdhm aeom maimimdh
  real plain: ok and croaks of pain broke from his throat the stored pain shat
  cipher in : to its delicate long alveolar ducts and short large bronchioles 
  decrypted : euate a mlte emaludra limul ia hee a d a ouieal irmadiudeotulm a
  real plain: s programs and identifying those types of property that small bu
[Rank 0] (epoch: 4, iters: 38656, time: 0.001, data: 0.001) , D_A: 0.282, G_A: 0.940, cycle_A: 0.425, D_B: 0.226, G_B: 1.033, cycle_B: 0.359, gp: 0.221

saving the latest model (epoch 4, total_iters 160000)
[Rank 0] (epoch: 4, iters: 40256, time: 0.001, data: 0.001) , D_A: 0.208, G_A: 0.974, cycle_A: 0.426, D_B: 0.183, G_B: 1.030, cycle_B: 0.369, gp: 0.176

learning rate 0.0002000 -> 0.0002000
temperature tau = 0.4384
End of epoch 4 / 50 	 Time Taken: 35 sec
[Rank 0] (epoch: 5, iters: 1408, time: 0.001, data: 0.001) , D_A: 0.227, G_A: 1.114, cycle_A: 0.417, D_B: 0.216, G_B: 1.011, cycle_B: 0.370, gp: 0.210

[Rank 0] (epoch: 5, iters: 3008, time: 0.001, data: 0.001) , D_A: 0.106, G_A: 1.031, cycle_A: 0.425, D_B: 0.257, G_B: 1.038, cycle_B: 0.349, gp: 0.252

[Rank 0] (epoch: 5, iters: 4608, time: 0.001, data: 0.001) , D_A: 0.174, G_A: 1.109, cycle_A: 0.422, D_B: 0.219, G_B: 0.906, cycle_B: 0.338, gp: 0.208

[Rank 0] (epoch: 5, iters: 6208, time: 0.001, data: 0.001) , D_A: 0.217, G_A: 1.030, cycle_A: 0.424, D_B: 0.260, G_B: 0.944, cycle_B: 0.361, gp: 0.255

[Rank 0] (epoch: 5, iters: 7808, time: 0.001, data: 0.001) , D_A: 0.207, G_A: 0.961, cycle_A: 0.413, D_B: 0.231, G_B: 0.957, cycle_B: 0.356, gp: 0.226

[Rank 0] (epoch: 5, iters: 9408, time: 0.001, data: 0.001) , D_A: 0.259, G_A: 0.990, cycle_A: 0.417, D_B: 0.270, G_B: 0.839, cycle_B: 0.330, gp: 0.257

[Rank 0] (epoch: 5, iters: 11008, time: 0.001, data: 0.001) , D_A: 0.180, G_A: 0.968, cycle_A: 0.409, D_B: 0.226, G_B: 0.982, cycle_B: 0.347, gp: 0.223

[Rank 0] (epoch: 5, iters: 12608, time: 0.001, data: 0.001) , D_A: 0.218, G_A: 0.973, cycle_A: 0.414, D_B: 0.164, G_B: 1.049, cycle_B: 0.327, gp: 0.158

[Rank 0] (epoch: 5, iters: 14208, time: 0.001, data: 0.001) , D_A: 0.232, G_A: 1.083, cycle_A: 0.421, D_B: 0.341, G_B: 0.930, cycle_B: 0.334, gp: 0.335

[Rank 0] (epoch: 5, iters: 15808, time: 0.001, data: 0.001) , D_A: 0.180, G_A: 1.122, cycle_A: 0.420, D_B: 0.186, G_B: 0.972, cycle_B: 0.337, gp: 0.183

[Rank 0] (epoch: 5, iters: 17408, time: 0.001, data: 0.001) , D_A: 0.191, G_A: 0.985, cycle_A: 0.427, D_B: 0.270, G_B: 1.131, cycle_B: 0.347, gp: 0.265

[Rank 0] (epoch: 5, iters: 19008, time: 0.001, data: 0.001) , D_A: 0.211, G_A: 0.936, cycle_A: 0.419, D_B: 0.180, G_B: 1.014, cycle_B: 0.339, gp: 0.174

[Rank 0] (epoch: 5, iters: 20608, time: 0.001, data: 0.001) , D_A: 0.174, G_A: 0.940, cycle_A: 0.415, D_B: 0.346, G_B: 0.958, cycle_B: 0.357, gp: 0.341

[Rank 0] (epoch: 5, iters: 22208, time: 0.001, data: 0.001) , D_A: 0.118, G_A: 1.075, cycle_A: 0.414, D_B: 0.285, G_B: 1.022, cycle_B: 0.332, gp: 0.280

[Rank 0] (epoch: 5, iters: 23808, time: 0.001, data: 0.001) , D_A: 0.164, G_A: 1.017, cycle_A: 0.420, D_B: 0.238, G_B: 0.976, cycle_B: 0.345, gp: 0.234

[Rank 0] (epoch: 5, iters: 25408, time: 0.001, data: 0.001) , D_A: 0.359, G_A: 2.120, cycle_A: 0.429, D_B: 0.192, G_B: 0.983, cycle_B: 0.334, gp: 0.187

[Rank 0] (epoch: 5, iters: 27008, time: 0.001, data: 0.001) , D_A: 0.176, G_A: 0.988, cycle_A: 0.425, D_B: 0.366, G_B: 0.968, cycle_B: 0.347, gp: 0.361

[Rank 0] (epoch: 5, iters: 28608, time: 0.001, data: 0.001) , D_A: 0.188, G_A: 0.992, cycle_A: 0.416, D_B: 0.250, G_B: 0.991, cycle_B: 0.364, gp: 0.246

[Rank 0] (epoch: 5, iters: 30208, time: 0.001, data: 0.001) , D_A: 0.265, G_A: 0.973, cycle_A: 0.405, D_B: 0.452, G_B: 0.675, cycle_B: 0.346, gp: 0.213

[Rank 0] (epoch: 5, iters: 31808, time: 0.001, data: 0.001) , D_A: 0.214, G_A: 0.991, cycle_A: 0.407, D_B: 0.171, G_B: 0.979, cycle_B: 0.341, gp: 0.166

[Rank 0] (epoch: 5, iters: 33408, time: 0.001, data: 0.001) , D_A: 0.214, G_A: 0.909, cycle_A: 0.398, D_B: 0.214, G_B: 0.975, cycle_B: 0.348, gp: 0.208

[Rank 0] (epoch: 5, iters: 35008, time: 0.001, data: 0.001) , D_A: 0.232, G_A: 0.871, cycle_A: 0.416, D_B: 0.238, G_B: 1.035, cycle_B: 0.339, gp: 0.234

[Rank 0] (epoch: 5, iters: 36608, time: 0.001, data: 0.001) , D_A: 0.148, G_A: 0.945, cycle_A: 0.409, D_B: 0.173, G_B: 0.956, cycle_B: 0.330, gp: 0.168

--- iter tau=0.4384 ---
  cipher in : nly calling for a reconsideration of the justice of the objectio
  decrypted : dlgne lltdrncuin niseud t si etudnucneosn h etesnucneosnud seetu
  real plain: class stations operating on clear channels are required to cease
  cipher in : eneral motors of any specified percentage of its requirements of
  decrypted : sdsi lnfueui nucn dgn osetcts nosiesde rsnucnte nisohtisfsde nuc
  real plain:  schools to be more impersonal and demanding while the atmospher
[Rank 0] (epoch: 5, iters: 38208, time: 0.001, data: 0.001) , D_A: 0.133, G_A: 1.039, cycle_A: 0.416, D_B: 0.252, G_B: 0.912, cycle_B: 0.356, gp: 0.244

saving the latest model (epoch 5, total_iters 200000)
[Rank 0] (epoch: 5, iters: 39808, time: 0.001, data: 0.001) , D_A: 0.172, G_A: 0.963, cycle_A: 0.392, D_B: 0.173, G_B: 0.986, cycle_B: 0.349, gp: 0.167

learning rate 0.0002000 -> 0.0002000
temperature tau = 0.4243
End of epoch 5 / 50 	 Time Taken: 35 sec
[Rank 0] (epoch: 6, iters: 960, time: 0.001, data: 0.001) , D_A: 0.268, G_A: 0.906, cycle_A: 0.425, D_B: 0.254, G_B: 1.027, cycle_B: 0.351, gp: 0.249

[Rank 0] (epoch: 6, iters: 2560, time: 0.001, data: 0.000) , D_A: 0.167, G_A: 0.986, cycle_A: 0.419, D_B: 0.218, G_B: 0.986, cycle_B: 0.324, gp: 0.214

[Rank 0] (epoch: 6, iters: 4160, time: 0.001, data: 0.001) , D_A: 0.148, G_A: 0.967, cycle_A: 0.409, D_B: 0.208, G_B: 0.958, cycle_B: 0.326, gp: 0.203

[Rank 0] (epoch: 6, iters: 5760, time: 0.001, data: 0.001) , D_A: 0.206, G_A: 1.033, cycle_A: 0.398, D_B: 0.260, G_B: 0.934, cycle_B: 0.318, gp: 0.251

[Rank 0] (epoch: 6, iters: 7360, time: 0.001, data: 0.001) , D_A: 0.214, G_A: 0.997, cycle_A: 0.407, D_B: 0.111, G_B: 0.991, cycle_B: 0.316, gp: 0.108

[Rank 0] (epoch: 6, iters: 8960, time: 0.001, data: 0.001) , D_A: 0.219, G_A: 0.985, cycle_A: 0.419, D_B: 0.300, G_B: 1.051, cycle_B: 0.321, gp: 0.292

[Rank 0] (epoch: 6, iters: 10560, time: 0.001, data: 0.001) , D_A: 0.199, G_A: 0.966, cycle_A: 0.411, D_B: 0.187, G_B: 1.016, cycle_B: 0.333, gp: 0.184

[Rank 0] (epoch: 6, iters: 12160, time: 0.001, data: 0.001) , D_A: 0.161, G_A: 0.985, cycle_A: 0.392, D_B: 0.217, G_B: 1.036, cycle_B: 0.306, gp: 0.213

[Rank 0] (epoch: 6, iters: 13760, time: 0.001, data: 0.001) , D_A: 0.233, G_A: 1.014, cycle_A: 0.414, D_B: 0.348, G_B: 0.762, cycle_B: 0.330, gp: 0.306

[Rank 0] (epoch: 6, iters: 15360, time: 0.001, data: 0.001) , D_A: 0.205, G_A: 0.971, cycle_A: 0.406, D_B: 0.264, G_B: 1.036, cycle_B: 0.329, gp: 0.261

[Rank 0] (epoch: 6, iters: 16960, time: 0.001, data: 0.001) , D_A: 0.178, G_A: 1.046, cycle_A: 0.412, D_B: 0.203, G_B: 1.003, cycle_B: 0.326, gp: 0.200

[Rank 0] (epoch: 6, iters: 18560, time: 0.001, data: 0.001) , D_A: 0.195, G_A: 0.885, cycle_A: 0.420, D_B: 0.265, G_B: 0.962, cycle_B: 0.326, gp: 0.261

[Rank 0] (epoch: 6, iters: 20160, time: 0.001, data: 0.001) , D_A: 0.137, G_A: 1.012, cycle_A: 0.398, D_B: 0.241, G_B: 1.020, cycle_B: 0.311, gp: 0.237

[Rank 0] (epoch: 6, iters: 21760, time: 0.001, data: 0.001) , D_A: 0.117, G_A: 1.010, cycle_A: 0.396, D_B: 0.193, G_B: 1.018, cycle_B: 0.337, gp: 0.188

[Rank 0] (epoch: 6, iters: 23360, time: 0.001, data: 0.001) , D_A: 0.238, G_A: 1.017, cycle_A: 0.406, D_B: 0.197, G_B: 1.025, cycle_B: 0.343, gp: 0.194

[Rank 0] (epoch: 6, iters: 24960, time: 0.001, data: 0.001) , D_A: 0.172, G_A: 0.989, cycle_A: 0.411, D_B: 0.307, G_B: 0.974, cycle_B: 0.335, gp: 0.304

[Rank 0] (epoch: 6, iters: 26560, time: 0.001, data: 0.001) , D_A: 0.194, G_A: 0.964, cycle_A: 0.404, D_B: 0.277, G_B: 0.979, cycle_B: 0.360, gp: 0.273

[Rank 0] (epoch: 6, iters: 28160, time: 0.001, data: 0.001) , D_A: 0.114, G_A: 0.955, cycle_A: 0.430, D_B: 0.293, G_B: 1.007, cycle_B: 0.323, gp: 0.289

[Rank 0] (epoch: 6, iters: 29760, time: 0.001, data: 0.001) , D_A: 0.234, G_A: 0.999, cycle_A: 0.430, D_B: 0.280, G_B: 1.023, cycle_B: 0.323, gp: 0.276

[Rank 0] (epoch: 6, iters: 31360, time: 0.001, data: 0.001) , D_A: 0.289, G_A: 0.920, cycle_A: 0.403, D_B: 0.218, G_B: 0.953, cycle_B: 0.338, gp: 0.213

[Rank 0] (epoch: 6, iters: 32960, time: 0.001, data: 0.001) , D_A: 0.341, G_A: 0.990, cycle_A: 0.395, D_B: 0.192, G_B: 1.008, cycle_B: 0.313, gp: 0.188

[Rank 0] (epoch: 6, iters: 34560, time: 0.001, data: 0.001) , D_A: 0.245, G_A: 0.965, cycle_A: 0.398, D_B: 0.203, G_B: 1.001, cycle_B: 0.352, gp: 0.199

[Rank 0] (epoch: 6, iters: 36160, time: 0.001, data: 0.001) , D_A: 0.262, G_A: 1.002, cycle_A: 0.414, D_B: 0.259, G_B: 0.967, cycle_B: 0.326, gp: 0.253

--- iter tau=0.4243 ---
  cipher in : when she was a child now some of the acknowledgments were cautio
  decrypted : eosdn osne  n neotl nduen ufsnucneosn ebduels rfsde nesisne hetu
  real plain: ich badness is involved at all whatever was bad in the first cas
  cipher in : efinements which had come to dominate the polite letters of the 
  decrypted : sctdsfsde neoteono  neufsneun uftd esneosnoultesnlseesi nucneosn
  real plain: rd denial of the spiritual world and a vigorous defense of pure 
[Rank 0] (epoch: 6, iters: 37760, time: 0.001, data: 0.001) , D_A: 0.229, G_A: 1.046, cycle_A: 0.418, D_B: 0.222, G_B: 1.024, cycle_B: 0.347, gp: 0.218

saving the latest model (epoch 6, total_iters 240000)
[Rank 0] (epoch: 6, iters: 39360, time: 0.001, data: 0.001) , D_A: 0.266, G_A: 0.981, cycle_A: 0.388, D_B: 0.252, G_B: 0.999, cycle_B: 0.358, gp: 0.249

learning rate 0.0002000 -> 0.0002000
temperature tau = 0.4106
End of epoch 6 / 50 	 Time Taken: 35 sec
[Rank 0] (epoch: 7, iters: 512, time: 0.001, data: 0.024) , D_A: 0.220, G_A: 1.006, cycle_A: 0.411, D_B: 0.207, G_B: 0.991, cycle_B: 0.325, gp: 0.205

[Rank 0] (epoch: 7, iters: 2112, time: 0.001, data: 0.001) , D_A: 0.209, G_A: 0.995, cycle_A: 0.405, D_B: 0.209, G_B: 1.002, cycle_B: 0.316, gp: 0.206

[Rank 0] (epoch: 7, iters: 3712, time: 0.001, data: 0.001) , D_A: 0.222, G_A: 1.020, cycle_A: 0.429, D_B: 0.224, G_B: 0.970, cycle_B: 0.317, gp: 0.220

[Rank 0] (epoch: 7, iters: 5312, time: 0.001, data: 0.001) , D_A: 0.123, G_A: 1.007, cycle_A: 0.416, D_B: 0.253, G_B: 0.988, cycle_B: 0.317, gp: 0.249

[Rank 0] (epoch: 7, iters: 6912, time: 0.001, data: 0.001) , D_A: 0.123, G_A: 1.043, cycle_A: 0.425, D_B: 0.256, G_B: 1.031, cycle_B: 0.323, gp: 0.251

[Rank 0] (epoch: 7, iters: 8512, time: 0.001, data: 0.001) , D_A: 0.227, G_A: 0.902, cycle_A: 0.421, D_B: 0.117, G_B: 0.991, cycle_B: 0.339, gp: 0.112

[Rank 0] (epoch: 7, iters: 10112, time: 0.001, data: 0.001) , D_A: 0.177, G_A: 1.005, cycle_A: 0.407, D_B: 0.274, G_B: 0.990, cycle_B: 0.330, gp: 0.271

[Rank 0] (epoch: 7, iters: 11712, time: 0.001, data: 0.001) , D_A: 0.158, G_A: 1.012, cycle_A: 0.414, D_B: 0.262, G_B: 1.015, cycle_B: 0.354, gp: 0.259

[Rank 0] (epoch: 7, iters: 13312, time: 0.001, data: 0.001) , D_A: 0.136, G_A: 1.028, cycle_A: 0.410, D_B: 0.216, G_B: 1.053, cycle_B: 0.329, gp: 0.212

[Rank 0] (epoch: 7, iters: 14912, time: 0.001, data: 0.001) , D_A: 0.170, G_A: 0.970, cycle_A: 0.400, D_B: 0.136, G_B: 0.987, cycle_B: 0.326, gp: 0.131

[Rank 0] (epoch: 7, iters: 16512, time: 0.001, data: 0.001) , D_A: 0.253, G_A: 0.986, cycle_A: 0.414, D_B: 0.143, G_B: 0.982, cycle_B: 0.325, gp: 0.141

[Rank 0] (epoch: 7, iters: 18112, time: 0.001, data: 0.001) , D_A: 0.203, G_A: 1.001, cycle_A: 0.391, D_B: 0.223, G_B: 0.964, cycle_B: 0.316, gp: 0.220

[Rank 0] (epoch: 7, iters: 19712, time: 0.001, data: 0.001) , D_A: 0.168, G_A: 1.093, cycle_A: 0.410, D_B: 0.230, G_B: 0.936, cycle_B: 0.325, gp: 0.225

[Rank 0] (epoch: 7, iters: 21312, time: 0.001, data: 0.001) , D_A: 0.286, G_A: 0.972, cycle_A: 0.410, D_B: 0.223, G_B: 0.975, cycle_B: 0.322, gp: 0.219

[Rank 0] (epoch: 7, iters: 22912, time: 0.001, data: 0.001) , D_A: 0.170, G_A: 0.951, cycle_A: 0.424, D_B: 0.228, G_B: 1.024, cycle_B: 0.342, gp: 0.225

[Rank 0] (epoch: 7, iters: 24512, time: 0.001, data: 0.001) , D_A: 0.204, G_A: 0.971, cycle_A: 0.407, D_B: 0.189, G_B: 0.955, cycle_B: 0.336, gp: 0.185

[Rank 0] (epoch: 7, iters: 26112, time: 0.001, data: 0.001) , D_A: 0.163, G_A: 1.008, cycle_A: 0.417, D_B: 0.090, G_B: 0.979, cycle_B: 0.325, gp: 0.087

[Rank 0] (epoch: 7, iters: 27712, time: 0.001, data: 0.001) , D_A: 0.161, G_A: 0.928, cycle_A: 0.401, D_B: 0.175, G_B: 1.049, cycle_B: 0.318, gp: 0.171

[Rank 0] (epoch: 7, iters: 29312, time: 0.001, data: 0.001) , D_A: 0.199, G_A: 0.939, cycle_A: 0.413, D_B: 0.276, G_B: 0.996, cycle_B: 0.326, gp: 0.273

[Rank 0] (epoch: 7, iters: 30912, time: 0.001, data: 0.001) , D_A: 0.170, G_A: 1.040, cycle_A: 0.383, D_B: 0.298, G_B: 0.948, cycle_B: 0.322, gp: 0.293

[Rank 0] (epoch: 7, iters: 32512, time: 0.001, data: 0.001) , D_A: 0.241, G_A: 1.026, cycle_A: 0.384, D_B: 0.161, G_B: 0.988, cycle_B: 0.318, gp: 0.157

[Rank 0] (epoch: 7, iters: 34112, time: 0.001, data: 0.001) , D_A: 0.176, G_A: 0.940, cycle_A: 0.411, D_B: 0.125, G_B: 1.000, cycle_B: 0.345, gp: 0.121

[Rank 0] (epoch: 7, iters: 35712, time: 0.001, data: 0.001) , D_A: 0.226, G_A: 0.958, cycle_A: 0.400, D_B: 0.223, G_B: 0.999, cycle_B: 0.323, gp: 0.219

--- iter tau=0.4106 ---
  cipher in : rity and prepared to choke off debate on the filibuster battle t
  decrypted : itegn d noiso is neuneoubsnuccn sd esnudneosnctltdh esind eelsne
  real plain: e carolina traders who swarmed over the country almost to the mi
  cipher in : nough that all of our internationalist one worlders are advocati
  decrypted : duhroneo en llnucnuhintdesid etud lt enudsneuil si n isn  iue et
  real plain: sics interactions of the free electron and atomic constants whic
[Rank 0] (epoch: 7, iters: 37312, time: 0.001, data: 0.001) , D_A: 0.192, G_A: 1.030, cycle_A: 0.397, D_B: 0.258, G_B: 0.999, cycle_B: 0.335, gp: 0.255

saving the latest model (epoch 7, total_iters 280000)
[Rank 0] (epoch: 7, iters: 38912, time: 0.001, data: 0.001) , D_A: 0.149, G_A: 0.956, cycle_A: 0.391, D_B: 0.292, G_B: 1.002, cycle_B: 0.327, gp: 0.289

learning rate 0.0002000 -> 0.0002000
temperature tau = 0.3973
End of epoch 7 / 50 	 Time Taken: 34 sec
[Rank 0] (epoch: 8, iters: 64, time: 0.001, data: 0.002) , D_A: 0.167, G_A: 0.946, cycle_A: 0.399, D_B: 0.252, G_B: 0.992, cycle_B: 0.330, gp: 0.250

[Rank 0] (epoch: 8, iters: 1664, time: 0.001, data: 0.001) , D_A: 0.199, G_A: 1.037, cycle_A: 0.395, D_B: 0.220, G_B: 0.993, cycle_B: 0.322, gp: 0.217

[Rank 0] (epoch: 8, iters: 3264, time: 0.001, data: 0.001) , D_A: 0.160, G_A: 1.004, cycle_A: 0.388, D_B: 0.305, G_B: 1.020, cycle_B: 0.314, gp: 0.302

[Rank 0] (epoch: 8, iters: 4864, time: 0.001, data: 0.001) , D_A: 0.211, G_A: 1.043, cycle_A: 0.408, D_B: 0.214, G_B: 1.040, cycle_B: 0.318, gp: 0.211

[Rank 0] (epoch: 8, iters: 6464, time: 0.001, data: 0.001) , D_A: 0.195, G_A: 1.032, cycle_A: 0.403, D_B: 0.216, G_B: 1.033, cycle_B: 0.331, gp: 0.214

[Rank 0] (epoch: 8, iters: 8064, time: 0.001, data: 0.001) , D_A: 0.246, G_A: 1.020, cycle_A: 0.417, D_B: 0.133, G_B: 0.969, cycle_B: 0.325, gp: 0.131

[Rank 0] (epoch: 8, iters: 9664, time: 0.001, data: 0.001) , D_A: 0.178, G_A: 0.952, cycle_A: 0.435, D_B: 0.209, G_B: 0.990, cycle_B: 0.314, gp: 0.206

[Rank 0] (epoch: 8, iters: 11264, time: 0.001, data: 0.001) , D_A: 0.286, G_A: 0.843, cycle_A: 0.399, D_B: 0.261, G_B: 1.043, cycle_B: 0.321, gp: 0.257

[Rank 0] (epoch: 8, iters: 12864, time: 0.001, data: 0.001) , D_A: 0.224, G_A: 1.075, cycle_A: 0.412, D_B: 0.236, G_B: 0.997, cycle_B: 0.344, gp: 0.233

[Rank 0] (epoch: 8, iters: 14464, time: 0.001, data: 0.001) , D_A: 0.239, G_A: 0.976, cycle_A: 0.410, D_B: 0.249, G_B: 0.990, cycle_B: 0.345, gp: 0.246

[Rank 0] (epoch: 8, iters: 16064, time: 0.001, data: 0.001) , D_A: 0.216, G_A: 0.963, cycle_A: 0.423, D_B: 0.248, G_B: 0.988, cycle_B: 0.324, gp: 0.246

[Rank 0] (epoch: 8, iters: 17664, time: 0.001, data: 0.001) , D_A: 0.168, G_A: 0.979, cycle_A: 0.410, D_B: 0.240, G_B: 1.007, cycle_B: 0.316, gp: 0.236

[Rank 0] (epoch: 8, iters: 19264, time: 0.001, data: 0.001) , D_A: 0.219, G_A: 0.946, cycle_A: 0.392, D_B: 0.212, G_B: 1.012, cycle_B: 0.317, gp: 0.210

[Rank 0] (epoch: 8, iters: 20864, time: 0.001, data: 0.001) , D_A: 0.148, G_A: 0.987, cycle_A: 0.397, D_B: 0.206, G_B: 0.994, cycle_B: 0.332, gp: 0.203

[Rank 0] (epoch: 8, iters: 22464, time: 0.001, data: 0.001) , D_A: 0.180, G_A: 1.007, cycle_A: 0.392, D_B: 0.152, G_B: 1.007, cycle_B: 0.312, gp: 0.150

[Rank 0] (epoch: 8, iters: 24064, time: 0.001, data: 0.001) , D_A: 0.206, G_A: 1.006, cycle_A: 0.399, D_B: 0.215, G_B: 1.019, cycle_B: 0.326, gp: 0.212

[Rank 0] (epoch: 8, iters: 25664, time: 0.001, data: 0.001) , D_A: 0.122, G_A: 0.971, cycle_A: 0.396, D_B: 0.189, G_B: 0.979, cycle_B: 0.322, gp: 0.186

[Rank 0] (epoch: 8, iters: 27264, time: 0.001, data: 0.001) , D_A: 0.151, G_A: 1.007, cycle_A: 0.392, D_B: 0.227, G_B: 1.006, cycle_B: 0.330, gp: 0.224

[Rank 0] (epoch: 8, iters: 28864, time: 0.001, data: 0.001) , D_A: 0.188, G_A: 0.979, cycle_A: 0.399, D_B: 0.235, G_B: 0.933, cycle_B: 0.308, gp: 0.231

[Rank 0] (epoch: 8, iters: 30464, time: 0.001, data: 0.001) , D_A: 0.183, G_A: 1.010, cycle_A: 0.406, D_B: 0.952, G_B: 0.907, cycle_B: 0.321, gp: 0.293

[Rank 0] (epoch: 8, iters: 32064, time: 0.001, data: 0.001) , D_A: 0.204, G_A: 1.016, cycle_A: 0.378, D_B: 0.157, G_B: 0.975, cycle_B: 0.312, gp: 0.152

[Rank 0] (epoch: 8, iters: 33664, time: 0.001, data: 0.001) , D_A: 0.214, G_A: 0.988, cycle_A: 0.388, D_B: 0.190, G_B: 1.007, cycle_B: 0.320, gp: 0.187

[Rank 0] (epoch: 8, iters: 35264, time: 0.001, data: 0.001) , D_A: 0.408, G_A: 1.420, cycle_A: 0.440, D_B: 0.220, G_B: 0.988, cycle_B: 0.351, gp: 0.216

--- iter tau=0.3973 ---
  cipher in : ification of certain major events in their lives two marriages t
  decrypted : tcte etvrnvcnesie trnf  vinsisre ntrneostinltis nervnf iit rs ne
  real plain: all expenses attributable to earning a salary commission or othe
  cipher in : any thing mor to doo with you for he thought it was no more yuse
  decrypted :  rgneotrrnfvinevn vvnrteongvhncvinosneovhroentenr  nrvnfvisngh s
  real plain: toric and bookkeeping soon the office work claimed all her time 
[Rank 0] (epoch: 8, iters: 36864, time: 0.001, data: 0.001) , D_A: 0.219, G_A: 1.020, cycle_A: 0.455, D_B: 0.261, G_B: 0.998, cycle_B: 0.420, gp: 0.258

saving the latest model (epoch 8, total_iters 320000)
[Rank 0] (epoch: 8, iters: 38464, time: 0.001, data: 0.001) , D_A: 0.146, G_A: 1.010, cycle_A: 0.456, D_B: 0.233, G_B: 0.979, cycle_B: 0.419, gp: 0.230

[Rank 0] (epoch: 8, iters: 40064, time: 0.001, data: 0.001) , D_A: 0.253, G_A: 1.014, cycle_A: 0.458, D_B: 0.227, G_B: 1.031, cycle_B: 0.401, gp: 0.222

learning rate 0.0002000 -> 0.0002000
temperature tau = 0.3845
End of epoch 8 / 50 	 Time Taken: 34 sec
[Rank 0] (epoch: 9, iters: 1216, time: 0.001, data: 0.001) , D_A: 0.204, G_A: 0.985, cycle_A: 0.408, D_B: 0.301, G_B: 1.010, cycle_B: 0.357, gp: 0.286

[Rank 0] (epoch: 9, iters: 2816, time: 0.001, data: 0.001) , D_A: 0.201, G_A: 0.979, cycle_A: 0.387, D_B: 0.289, G_B: 1.040, cycle_B: 0.332, gp: 0.285

[Rank 0] (epoch: 9, iters: 4416, time: 0.001, data: 0.001) , D_A: 0.209, G_A: 1.029, cycle_A: 0.409, D_B: 0.249, G_B: 0.984, cycle_B: 0.322, gp: 0.246

[Rank 0] (epoch: 9, iters: 6016, time: 0.001, data: 0.001) , D_A: 0.297, G_A: 0.992, cycle_A: 0.376, D_B: 0.186, G_B: 0.994, cycle_B: 0.321, gp: 0.182

[Rank 0] (epoch: 9, iters: 7616, time: 0.001, data: 0.001) , D_A: 0.255, G_A: 1.006, cycle_A: 0.394, D_B: 0.331, G_B: 0.958, cycle_B: 0.336, gp: 0.325

[Rank 0] (epoch: 9, iters: 9216, time: 0.001, data: 0.001) , D_A: 0.178, G_A: 1.016, cycle_A: 0.379, D_B: 0.263, G_B: 0.988, cycle_B: 0.324, gp: 0.259

[Rank 0] (epoch: 9, iters: 10816, time: 0.001, data: 0.001) , D_A: 0.211, G_A: 0.968, cycle_A: 0.388, D_B: 0.169, G_B: 0.967, cycle_B: 0.317, gp: 0.164

[Rank 0] (epoch: 9, iters: 12416, time: 0.001, data: 0.001) , D_A: 0.236, G_A: 0.993, cycle_A: 0.378, D_B: 0.228, G_B: 1.001, cycle_B: 0.318, gp: 0.225

[Rank 0] (epoch: 9, iters: 14016, time: 0.001, data: 0.001) , D_A: 0.143, G_A: 1.010, cycle_A: 0.381, D_B: 0.181, G_B: 0.947, cycle_B: 0.321, gp: 0.176

[Rank 0] (epoch: 9, iters: 15616, time: 0.001, data: 0.001) , D_A: 0.251, G_A: 0.983, cycle_A: 0.391, D_B: 0.270, G_B: 0.987, cycle_B: 0.323, gp: 0.267

[Rank 0] (epoch: 9, iters: 17216, time: 0.001, data: 0.001) , D_A: 0.176, G_A: 0.984, cycle_A: 0.392, D_B: 0.225, G_B: 0.993, cycle_B: 0.326, gp: 0.222

[Rank 0] (epoch: 9, iters: 18816, time: 0.001, data: 0.001) , D_A: 0.192, G_A: 0.974, cycle_A: 0.369, D_B: 0.228, G_B: 0.974, cycle_B: 0.321, gp: 0.224

[Rank 0] (epoch: 9, iters: 20416, time: 0.001, data: 0.001) , D_A: 0.193, G_A: 0.987, cycle_A: 0.374, D_B: 0.293, G_B: 1.014, cycle_B: 0.320, gp: 0.290

[Rank 0] (epoch: 9, iters: 22016, time: 0.001, data: 0.001) , D_A: 0.251, G_A: 1.030, cycle_A: 0.384, D_B: 0.197, G_B: 1.014, cycle_B: 0.352, gp: 0.194

[Rank 0] (epoch: 9, iters: 23616, time: 0.001, data: 0.001) , D_A: 0.219, G_A: 0.999, cycle_A: 0.357, D_B: 0.255, G_B: 0.989, cycle_B: 0.345, gp: 0.251

[Rank 0] (epoch: 9, iters: 25216, time: 0.001, data: 0.001) , D_A: 0.202, G_A: 0.980, cycle_A: 0.387, D_B: 0.145, G_B: 1.009, cycle_B: 0.330, gp: 0.142

[Rank 0] (epoch: 9, iters: 26816, time: 0.001, data: 0.001) , D_A: 0.412, G_A: 0.353, cycle_A: 0.367, D_B: 0.296, G_B: 0.969, cycle_B: 0.331, gp: 0.291

[Rank 0] (epoch: 9, iters: 28416, time: 0.001, data: 0.001) , D_A: 0.270, G_A: 1.028, cycle_A: 0.374, D_B: 0.231, G_B: 1.004, cycle_B: 0.372, gp: 0.228

[Rank 0] (epoch: 9, iters: 30016, time: 0.001, data: 0.001) , D_A: 0.221, G_A: 1.000, cycle_A: 0.377, D_B: 0.222, G_B: 1.028, cycle_B: 0.327, gp: 0.219

[Rank 0] (epoch: 9, iters: 31616, time: 0.001, data: 0.001) , D_A: 0.254, G_A: 1.085, cycle_A: 0.370, D_B: 0.231, G_B: 0.980, cycle_B: 0.340, gp: 0.227

[Rank 0] (epoch: 9, iters: 33216, time: 0.001, data: 0.001) , D_A: 0.267, G_A: 0.682, cycle_A: 0.374, D_B: 0.212, G_B: 0.982, cycle_B: 0.376, gp: 0.209

[Rank 0] (epoch: 9, iters: 34816, time: 0.001, data: 0.001) , D_A: 0.213, G_A: 0.998, cycle_A: 0.377, D_B: 0.160, G_B: 1.004, cycle_B: 0.337, gp: 0.157

--- iter tau=0.3845 ---
  cipher in : inclined to argue in fact that an independence of mind and actio
  decrypted : tdeltds aewa irhsatdac eeaeo ea datd sosd sdesawcaftd a d a eetw
  real plain: all expenses attributable to earning a salary commission or othe
  cipher in : se women and others i had met in catatonia were distinguished on
  decrypted :  sarwfsda d aweosi atao  afseatdae e ewdt arsisa t etdrht os awd
  real plain: toric and bookkeeping soon the office work claimed all her time 
[Rank 0] (epoch: 9, iters: 36416, time: 0.001, data: 0.001) , D_A: 0.174, G_A: 0.962, cycle_A: 0.374, D_B: 0.199, G_B: 0.959, cycle_B: 0.333, gp: 0.196

saving the latest model (epoch 9, total_iters 360000)
[Rank 0] (epoch: 9, iters: 38016, time: 0.001, data: 0.001) , D_A: 0.268, G_A: 1.000, cycle_A: 0.379, D_B: 0.251, G_B: 1.018, cycle_B: 0.347, gp: 0.248

[Rank 0] (epoch: 9, iters: 39616, time: 0.001, data: 0.001) , D_A: 0.182, G_A: 1.011, cycle_A: 0.389, D_B: 0.172, G_B: 1.010, cycle_B: 0.332, gp: 0.168

learning rate 0.0002000 -> 0.0002000
temperature tau = 0.3720
End of epoch 9 / 50 	 Time Taken: 35 sec
[Rank 0] (epoch: 10, iters: 768, time: 0.001, data: 0.001) , D_A: 0.193, G_A: 0.977, cycle_A: 0.380, D_B: 0.242, G_B: 1.010, cycle_B: 0.319, gp: 0.239

[Rank 0] (epoch: 10, iters: 2368, time: 0.001, data: 0.001) , D_A: 0.270, G_A: 0.994, cycle_A: 0.373, D_B: 0.261, G_B: 0.974, cycle_B: 0.321, gp: 0.259

[Rank 0] (epoch: 10, iters: 3968, time: 0.001, data: 0.001) , D_A: 0.193, G_A: 1.018, cycle_A: 0.372, D_B: 0.296, G_B: 0.974, cycle_B: 0.319, gp: 0.293

[Rank 0] (epoch: 10, iters: 5568, time: 0.001, data: 0.001) , D_A: 0.155, G_A: 1.008, cycle_A: 0.363, D_B: 0.283, G_B: 0.992, cycle_B: 0.320, gp: 0.281

[Rank 0] (epoch: 10, iters: 7168, time: 0.001, data: 0.001) , D_A: 0.241, G_A: 0.991, cycle_A: 0.365, D_B: 0.256, G_B: 1.014, cycle_B: 0.331, gp: 0.253

[Rank 0] (epoch: 10, iters: 8768, time: 0.001, data: 0.001) , D_A: 0.234, G_A: 0.984, cycle_A: 0.342, D_B: 0.823, G_B: 0.241, cycle_B: 0.318, gp: 0.592

[Rank 0] (epoch: 10, iters: 10368, time: 0.001, data: 0.001) , D_A: 0.240, G_A: 0.986, cycle_A: 0.378, D_B: 0.282, G_B: 0.995, cycle_B: 0.329, gp: 0.273

[Rank 0] (epoch: 10, iters: 11968, time: 0.001, data: 0.001) , D_A: 0.167, G_A: 1.003, cycle_A: 0.382, D_B: 0.263, G_B: 0.968, cycle_B: 0.307, gp: 0.257

[Rank 0] (epoch: 10, iters: 13568, time: 0.001, data: 0.001) , D_A: 0.236, G_A: 0.969, cycle_A: 0.382, D_B: 0.200, G_B: 1.015, cycle_B: 0.329, gp: 0.197

[Rank 0] (epoch: 10, iters: 15168, time: 0.001, data: 0.001) , D_A: 0.142, G_A: 0.989, cycle_A: 0.391, D_B: 0.112, G_B: 0.989, cycle_B: 0.335, gp: 0.109

[Rank 0] (epoch: 10, iters: 16768, time: 0.001, data: 0.001) , D_A: 0.220, G_A: 1.028, cycle_A: 0.381, D_B: 0.223, G_B: 0.978, cycle_B: 0.340, gp: 0.220

[Rank 0] (epoch: 10, iters: 18368, time: 0.001, data: 0.001) , D_A: 0.212, G_A: 0.995, cycle_A: 0.377, D_B: 0.203, G_B: 1.000, cycle_B: 0.339, gp: 0.200

[Rank 0] (epoch: 10, iters: 19968, time: 0.001, data: 0.001) , D_A: 0.182, G_A: 1.002, cycle_A: 0.375, D_B: 0.221, G_B: 0.956, cycle_B: 0.337, gp: 0.218

[Rank 0] (epoch: 10, iters: 21568, time: 0.001, data: 0.001) , D_A: 0.166, G_A: 1.003, cycle_A: 0.389, D_B: 0.266, G_B: 1.022, cycle_B: 0.324, gp: 0.264

[Rank 0] (epoch: 10, iters: 23168, time: 0.001, data: 0.001) , D_A: 0.138, G_A: 1.006, cycle_A: 0.367, D_B: 0.249, G_B: 1.000, cycle_B: 0.322, gp: 0.246

[Rank 0] (epoch: 10, iters: 24768, time: 0.001, data: 0.001) , D_A: 0.156, G_A: 1.031, cycle_A: 0.381, D_B: 0.208, G_B: 0.988, cycle_B: 0.317, gp: 0.204

[Rank 0] (epoch: 10, iters: 26368, time: 0.001, data: 0.001) , D_A: 0.300, G_A: 0.993, cycle_A: 0.363, D_B: 0.224, G_B: 0.969, cycle_B: 0.339, gp: 0.221

[Rank 0] (epoch: 10, iters: 27968, time: 0.001, data: 0.001) , D_A: 0.146, G_A: 1.017, cycle_A: 0.376, D_B: 0.238, G_B: 0.967, cycle_B: 0.322, gp: 0.234

[Rank 0] (epoch: 10, iters: 29568, time: 0.001, data: 0.001) , D_A: 0.164, G_A: 1.002, cycle_A: 0.377, D_B: 0.214, G_B: 0.987, cycle_B: 0.321, gp: 0.211

[Rank 0] (epoch: 10, iters: 31168, time: 0.001, data: 0.001) , D_A: 0.146, G_A: 1.018, cycle_A: 0.361, D_B: 0.202, G_B: 0.996, cycle_B: 0.321, gp: 0.199

[Rank 0] (epoch: 10, iters: 32768, time: 0.001, data: 0.001) , D_A: 0.178, G_A: 1.006, cycle_A: 0.372, D_B: 0.225, G_B: 0.993, cycle_B: 0.305, gp: 0.223

[Rank 0] (epoch: 10, iters: 34368, time: 0.001, data: 0.001) , D_A: 0.144, G_A: 1.072, cycle_A: 0.376, D_B: 0.191, G_B: 1.025, cycle_B: 0.338, gp: 0.189

--- iter tau=0.3720 ---
  cipher in : while wet stuff referred to cows givin milk the cowboys humorous
  decrypted : rotlsarsea ehccaiscsiis aeuaeur artitdaftlbaeosaeurrug aohfuiuh 
  real plain: ht down the temptation to orate on his skills or cut up in publi
  cipher in :  row or stitch tie contrasting thread around end of row or stitc
  decrypted : aiurauia eteeoaetsaeudei  etdraeois  a iuhd asd aucaiurauia etee
  real plain: the latter the entrylimiting price will also be raised for poten
[Rank 0] (epoch: 10, iters: 35968, time: 0.001, data: 0.001) , D_A: 0.207, G_A: 0.975, cycle_A: 0.377, D_B: 0.269, G_B: 0.998, cycle_B: 0.320, gp: 0.267

saving the latest model (epoch 10, total_iters 400000)
[Rank 0] (epoch: 10, iters: 37568, time: 0.001, data: 0.001) , D_A: 0.230, G_A: 0.983, cycle_A: 0.365, D_B: 0.208, G_B: 0.994, cycle_B: 0.333, gp: 0.205

[Rank 0] (epoch: 10, iters: 39168, time: 0.001, data: 0.001) , D_A: 0.170, G_A: 1.038, cycle_A: 0.373, D_B: 0.231, G_B: 1.012, cycle_B: 0.333, gp: 0.228

learning rate 0.0002000 -> 0.0002000
temperature tau = 0.3600
End of epoch 10 / 50 	 Time Taken: 34 sec
[Rank 0] (epoch: 11, iters: 320, time: 0.001, data: 0.001) , D_A: 0.109, G_A: 0.931, cycle_A: 0.377, D_B: 0.258, G_B: 0.999, cycle_B: 0.333, gp: 0.256

[Rank 0] (epoch: 11, iters: 1920, time: 0.001, data: 0.000) , D_A: 0.165, G_A: 1.010, cycle_A: 0.379, D_B: 0.262, G_B: 1.000, cycle_B: 0.322, gp: 0.260

[Rank 0] (epoch: 11, iters: 3520, time: 0.001, data: 0.001) , D_A: 0.217, G_A: 0.987, cycle_A: 0.365, D_B: 0.182, G_B: 0.992, cycle_B: 0.321, gp: 0.180

[Rank 0] (epoch: 11, iters: 5120, time: 0.001, data: 0.001) , D_A: 0.121, G_A: 0.974, cycle_A: 0.375, D_B: 0.275, G_B: 0.997, cycle_B: 0.323, gp: 0.272

[Rank 0] (epoch: 11, iters: 6720, time: 0.001, data: 0.001) , D_A: 0.157, G_A: 0.982, cycle_A: 0.370, D_B: 0.152, G_B: 1.025, cycle_B: 0.330, gp: 0.150

[Rank 0] (epoch: 11, iters: 8320, time: 0.001, data: 0.001) , D_A: 0.279, G_A: 0.976, cycle_A: 0.377, D_B: 0.287, G_B: 0.996, cycle_B: 0.318, gp: 0.285

[Rank 0] (epoch: 11, iters: 9920, time: 0.001, data: 0.001) , D_A: 0.279, G_A: 1.007, cycle_A: 0.386, D_B: 0.280, G_B: 0.943, cycle_B: 0.328, gp: 0.277

[Rank 0] (epoch: 11, iters: 11520, time: 0.001, data: 0.001) , D_A: 0.191, G_A: 0.942, cycle_A: 0.401, D_B: 0.166, G_B: 1.016, cycle_B: 0.345, gp: 0.162

[Rank 0] (epoch: 11, iters: 13120, time: 0.001, data: 0.001) , D_A: 0.175, G_A: 1.021, cycle_A: 0.383, D_B: 0.249, G_B: 0.964, cycle_B: 0.334, gp: 0.246

[Rank 0] (epoch: 11, iters: 14720, time: 0.001, data: 0.001) , D_A: 0.136, G_A: 1.000, cycle_A: 0.377, D_B: 0.106, G_B: 0.963, cycle_B: 0.332, gp: 0.104

[Rank 0] (epoch: 11, iters: 16320, time: 0.001, data: 0.001) , D_A: 0.193, G_A: 1.100, cycle_A: 0.389, D_B: 0.244, G_B: 0.987, cycle_B: 0.321, gp: 0.242

[Rank 0] (epoch: 11, iters: 17920, time: 0.001, data: 0.001) , D_A: 0.274, G_A: 1.029, cycle_A: 0.372, D_B: 0.211, G_B: 0.995, cycle_B: 0.321, gp: 0.208

[Rank 0] (epoch: 11, iters: 19520, time: 0.001, data: 0.001) , D_A: 0.183, G_A: 1.022, cycle_A: 0.369, D_B: 0.263, G_B: 0.976, cycle_B: 0.327, gp: 0.259

[Rank 0] (epoch: 11, iters: 21120, time: 0.001, data: 0.001) , D_A: 0.173, G_A: 0.907, cycle_A: 0.362, D_B: 0.225, G_B: 0.993, cycle_B: 0.323, gp: 0.221

[Rank 0] (epoch: 11, iters: 22720, time: 0.001, data: 0.001) , D_A: 0.280, G_A: 1.037, cycle_A: 0.363, D_B: 0.216, G_B: 0.996, cycle_B: 0.347, gp: 0.213

[Rank 0] (epoch: 11, iters: 24320, time: 0.001, data: 0.001) , D_A: 0.221, G_A: 1.035, cycle_A: 0.381, D_B: 0.209, G_B: 0.976, cycle_B: 0.335, gp: 0.207

[Rank 0] (epoch: 11, iters: 25920, time: 0.001, data: 0.001) , D_A: 0.220, G_A: 1.023, cycle_A: 0.374, D_B: 0.195, G_B: 0.982, cycle_B: 0.325, gp: 0.192

[Rank 0] (epoch: 11, iters: 27520, time: 0.001, data: 0.001) , D_A: 0.162, G_A: 0.991, cycle_A: 0.365, D_B: 0.159, G_B: 0.982, cycle_B: 0.335, gp: 0.157

[Rank 0] (epoch: 11, iters: 29120, time: 0.001, data: 0.001) , D_A: 0.253, G_A: 1.011, cycle_A: 0.373, D_B: 0.205, G_B: 0.999, cycle_B: 0.313, gp: 0.202

[Rank 0] (epoch: 11, iters: 30720, time: 0.001, data: 0.001) , D_A: 0.166, G_A: 0.996, cycle_A: 0.361, D_B: 0.253, G_B: 1.027, cycle_B: 0.325, gp: 0.250

[Rank 0] (epoch: 11, iters: 32320, time: 0.001, data: 0.001) , D_A: 0.166, G_A: 0.988, cycle_A: 0.376, D_B: 0.250, G_B: 1.003, cycle_B: 0.315, gp: 0.248

[Rank 0] (epoch: 11, iters: 33920, time: 0.001, data: 0.001) , D_A: 0.271, G_A: 1.059, cycle_A: 0.369, D_B: 0.214, G_B: 0.987, cycle_B: 0.334, gp: 0.211

--- iter tau=0.3600 ---
  cipher in : dle of selfpity shivering with terror because her bubble had bur
  decrypted :  lsnwcn slcotegn otisitdrnrteonesiiwinrse h snosinrhrrlsno  nrhi
  real plain: oor with signs pointing the way there and has a terrace overlook
  cipher in : dom from the problems involved in maintaining a house convenienc
  decrypted :  wfnciwfneosnoiwrlsf ntdiwlis ntdnf tde tdtdrn nowh snewdisdtsde
  real plain:  paid two to three hundred dollars for a painting it was all gra
[Rank 0] (epoch: 11, iters: 35520, time: 0.001, data: 0.001) , D_A: 0.239, G_A: 0.883, cycle_A: 0.377, D_B: 0.158, G_B: 1.016, cycle_B: 0.320, gp: 0.155

saving the latest model (epoch 11, total_iters 440000)
[Rank 0] (epoch: 11, iters: 37120, time: 0.001, data: 0.001) , D_A: 0.191, G_A: 1.044, cycle_A: 0.372, D_B: 0.143, G_B: 0.951, cycle_B: 0.337, gp: 0.140

[Rank 0] (epoch: 11, iters: 38720, time: 0.001, data: 0.001) , D_A: 0.227, G_A: 0.955, cycle_A: 0.365, D_B: 0.158, G_B: 1.014, cycle_B: 0.334, gp: 0.155

[Rank 0] (epoch: 11, iters: 40320, time: 0.001, data: 0.001) , D_A: 0.086, G_A: 1.002, cycle_A: 0.372, D_B: 0.110, G_B: 0.998, cycle_B: 0.336, gp: 0.107

learning rate 0.0002000 -> 0.0002000
temperature tau = 0.3484
End of epoch 11 / 50 	 Time Taken: 35 sec
[Rank 0] (epoch: 12, iters: 1472, time: 0.001, data: 0.001) , D_A: 0.247, G_A: 0.996, cycle_A: 0.378, D_B: 0.203, G_B: 1.007, cycle_B: 0.340, gp: 0.199

[Rank 0] (epoch: 12, iters: 3072, time: 0.001, data: 0.001) , D_A: 0.258, G_A: 0.966, cycle_A: 0.361, D_B: 0.184, G_B: 0.986, cycle_B: 0.329, gp: 0.181

[Rank 0] (epoch: 12, iters: 4672, time: 0.001, data: 0.001) , D_A: 0.178, G_A: 1.017, cycle_A: 0.378, D_B: 0.243, G_B: 1.018, cycle_B: 0.326, gp: 0.241

[Rank 0] (epoch: 12, iters: 6272, time: 0.001, data: 0.001) , D_A: 0.179, G_A: 0.949, cycle_A: 0.360, D_B: 0.354, G_B: 1.010, cycle_B: 0.328, gp: 0.351

[Rank 0] (epoch: 12, iters: 7872, time: 0.001, data: 0.001) , D_A: 0.185, G_A: 0.936, cycle_A: 0.363, D_B: 0.272, G_B: 0.971, cycle_B: 0.322, gp: 0.269

[Rank 0] (epoch: 12, iters: 9472, time: 0.001, data: 0.001) , D_A: 0.133, G_A: 0.985, cycle_A: 0.383, D_B: 0.246, G_B: 1.004, cycle_B: 0.320, gp: 0.244

[Rank 0] (epoch: 12, iters: 11072, time: 0.001, data: 0.001) , D_A: 0.197, G_A: 0.943, cycle_A: 0.385, D_B: 0.219, G_B: 0.998, cycle_B: 0.313, gp: 0.217

[Rank 0] (epoch: 12, iters: 12672, time: 0.001, data: 0.001) , D_A: 0.190, G_A: 0.866, cycle_A: 0.378, D_B: 0.221, G_B: 1.013, cycle_B: 0.314, gp: 0.218

[Rank 0] (epoch: 12, iters: 14272, time: 0.001, data: 0.001) , D_A: 0.186, G_A: 0.962, cycle_A: 0.398, D_B: 0.202, G_B: 0.994, cycle_B: 0.318, gp: 0.199

[Rank 0] (epoch: 12, iters: 15872, time: 0.001, data: 0.001) , D_A: 0.166, G_A: 0.986, cycle_A: 0.372, D_B: 0.184, G_B: 0.982, cycle_B: 0.324, gp: 0.181

[Rank 0] (epoch: 12, iters: 17472, time: 0.001, data: 0.001) , D_A: 0.174, G_A: 0.941, cycle_A: 0.375, D_B: 0.205, G_B: 0.978, cycle_B: 0.322, gp: 0.203

[Rank 0] (epoch: 12, iters: 19072, time: 0.001, data: 0.001) , D_A: 0.139, G_A: 0.847, cycle_A: 0.395, D_B: 0.200, G_B: 1.185, cycle_B: 0.331, gp: 0.155

[Rank 0] (epoch: 12, iters: 20672, time: 0.001, data: 0.001) , D_A: 0.188, G_A: 0.905, cycle_A: 0.383, D_B: 0.221, G_B: 0.999, cycle_B: 0.341, gp: 0.218

[Rank 0] (epoch: 12, iters: 22272, time: 0.001, data: 0.001) , D_A: 0.153, G_A: 0.830, cycle_A: 0.386, D_B: 0.214, G_B: 0.971, cycle_B: 0.311, gp: 0.211

[Rank 0] (epoch: 12, iters: 23872, time: 0.001, data: 0.001) , D_A: 0.193, G_A: 0.973, cycle_A: 0.372, D_B: 0.238, G_B: 1.044, cycle_B: 0.330, gp: 0.236

[Rank 0] (epoch: 12, iters: 25472, time: 0.001, data: 0.001) , D_A: 0.171, G_A: 0.971, cycle_A: 0.374, D_B: 0.254, G_B: 1.016, cycle_B: 0.321, gp: 0.251

[Rank 0] (epoch: 12, iters: 27072, time: 0.001, data: 0.001) , D_A: 0.132, G_A: 0.988, cycle_A: 0.372, D_B: 0.207, G_B: 0.997, cycle_B: 0.329, gp: 0.205

[Rank 0] (epoch: 12, iters: 28672, time: 0.001, data: 0.001) , D_A: 0.162, G_A: 0.992, cycle_A: 0.357, D_B: 0.164, G_B: 1.016, cycle_B: 0.351, gp: 0.162

[Rank 0] (epoch: 12, iters: 30272, time: 0.001, data: 0.001) , D_A: 0.140, G_A: 0.996, cycle_A: 0.366, D_B: 0.172, G_B: 0.981, cycle_B: 0.326, gp: 0.169

[Rank 0] (epoch: 12, iters: 31872, time: 0.001, data: 0.001) , D_A: 0.240, G_A: 1.088, cycle_A: 0.376, D_B: 0.237, G_B: 0.999, cycle_B: 0.324, gp: 0.235

[Rank 0] (epoch: 12, iters: 33472, time: 0.001, data: 0.001) , D_A: 0.164, G_A: 0.973, cycle_A: 0.368, D_B: 0.206, G_B: 0.935, cycle_B: 0.332, gp: 0.201

--- iter tau=0.3484 ---
  cipher in :  to do so at any moment as it is all that is needed is for one m
  decrypted : neun un un en dgnfufsden  ntent n llneo ent ndss s nt ncuinudsnf
  real plain: rin that stayed bleakly in place even when he was pumping bullet
  cipher in : fell upon her verses an overwhelming yea but all this i am well 
  decrypted : csllnhoudnosinisi s n dnuisiroslftdrngs nrhen llneot ntn fnrslln
  real plain: exibility they often fail however to develop real abdominal back
[Rank 0] (epoch: 12, iters: 35072, time: 0.001, data: 0.001) , D_A: 0.097, G_A: 0.974, cycle_A: 0.362, D_B: 0.171, G_B: 0.962, cycle_B: 0.322, gp: 0.168

saving the latest model (epoch 12, total_iters 480000)
[Rank 0] (epoch: 12, iters: 36672, time: 0.001, data: 0.001) , D_A: 0.558, G_A: 0.389, cycle_A: 0.366, D_B: 0.116, G_B: 0.998, cycle_B: 0.335, gp: 0.114

[Rank 0] (epoch: 12, iters: 38272, time: 0.001, data: 0.001) , D_A: 0.152, G_A: 0.947, cycle_A: 0.368, D_B: 0.183, G_B: 0.994, cycle_B: 0.364, gp: 0.181

[Rank 0] (epoch: 12, iters: 39872, time: 0.001, data: 0.001) , D_A: 0.198, G_A: 1.023, cycle_A: 0.380, D_B: 0.202, G_B: 0.984, cycle_B: 0.333, gp: 0.200

learning rate 0.0002000 -> 0.0002000
temperature tau = 0.3371
End of epoch 12 / 50 	 Time Taken: 34 sec
[Rank 0] (epoch: 13, iters: 1024, time: 0.001, data: 0.001) , D_A: 0.195, G_A: 1.015, cycle_A: 0.362, D_B: 0.217, G_B: 0.979, cycle_B: 0.342, gp: 0.215

[Rank 0] (epoch: 13, iters: 2624, time: 0.001, data: 0.000) , D_A: 0.148, G_A: 0.998, cycle_A: 0.379, D_B: 0.287, G_B: 0.982, cycle_B: 0.331, gp: 0.285

[Rank 0] (epoch: 13, iters: 4224, time: 0.001, data: 0.001) , D_A: 0.272, G_A: 0.980, cycle_A: 0.363, D_B: 0.250, G_B: 0.965, cycle_B: 0.319, gp: 0.247

[Rank 0] (epoch: 13, iters: 5824, time: 0.001, data: 0.001) , D_A: 0.158, G_A: 1.034, cycle_A: 0.380, D_B: 0.139, G_B: 0.973, cycle_B: 0.318, gp: 0.137

[Rank 0] (epoch: 13, iters: 7424, time: 0.001, data: 0.001) , D_A: 0.180, G_A: 1.009, cycle_A: 0.382, D_B: 0.261, G_B: 1.029, cycle_B: 0.316, gp: 0.258

[Rank 0] (epoch: 13, iters: 9024, time: 0.001, data: 0.001) , D_A: 0.349, G_A: 0.993, cycle_A: 0.362, D_B: 0.202, G_B: 0.988, cycle_B: 0.316, gp: 0.200

[Rank 0] (epoch: 13, iters: 10624, time: 0.001, data: 0.001) , D_A: 0.096, G_A: 0.989, cycle_A: 0.354, D_B: 0.136, G_B: 0.967, cycle_B: 0.334, gp: 0.133

[Rank 0] (epoch: 13, iters: 12224, time: 0.001, data: 0.001) , D_A: 0.188, G_A: 0.999, cycle_A: 0.378, D_B: 0.230, G_B: 1.045, cycle_B: 0.314, gp: 0.225

[Rank 0] (epoch: 13, iters: 13824, time: 0.001, data: 0.001) , D_A: 0.200, G_A: 1.001, cycle_A: 0.370, D_B: 0.215, G_B: 1.010, cycle_B: 0.328, gp: 0.212

[Rank 0] (epoch: 13, iters: 15424, time: 0.001, data: 0.001) , D_A: 0.309, G_A: 0.995, cycle_A: 0.382, D_B: 0.267, G_B: 0.982, cycle_B: 0.329, gp: 0.265

[Rank 0] (epoch: 13, iters: 17024, time: 0.001, data: 0.001) , D_A: 0.199, G_A: 0.972, cycle_A: 0.357, D_B: 0.202, G_B: 0.940, cycle_B: 0.329, gp: 0.198

[Rank 0] (epoch: 13, iters: 18624, time: 0.001, data: 0.001) , D_A: 0.206, G_A: 0.989, cycle_A: 0.357, D_B: 0.333, G_B: 0.413, cycle_B: 0.319, gp: 0.191

[Rank 0] (epoch: 13, iters: 20224, time: 0.001, data: 0.001) , D_A: 0.179, G_A: 0.977, cycle_A: 0.370, D_B: 0.250, G_B: 1.039, cycle_B: 0.317, gp: 0.247

[Rank 0] (epoch: 13, iters: 21824, time: 0.001, data: 0.001) , D_A: 0.160, G_A: 1.016, cycle_A: 0.367, D_B: 0.213, G_B: 0.986, cycle_B: 0.325, gp: 0.210

[Rank 0] (epoch: 13, iters: 23424, time: 0.001, data: 0.002) , D_A: 0.164, G_A: 0.980, cycle_A: 0.381, D_B: 0.262, G_B: 0.988, cycle_B: 0.323, gp: 0.260

[Rank 0] (epoch: 13, iters: 25024, time: 0.001, data: 0.001) , D_A: 0.228, G_A: 0.980, cycle_A: 0.388, D_B: 0.245, G_B: 1.011, cycle_B: 0.322, gp: 0.242

[Rank 0] (epoch: 13, iters: 26624, time: 0.001, data: 0.001) , D_A: 0.128, G_A: 0.979, cycle_A: 0.390, D_B: 0.192, G_B: 0.993, cycle_B: 0.342, gp: 0.190

[Rank 0] (epoch: 13, iters: 28224, time: 0.001, data: 0.001) , D_A: 0.134, G_A: 0.991, cycle_A: 0.377, D_B: 0.143, G_B: 1.013, cycle_B: 0.356, gp: 0.140

[Rank 0] (epoch: 13, iters: 29824, time: 0.001, data: 0.001) , D_A: 0.116, G_A: 1.007, cycle_A: 0.375, D_B: 0.102, G_B: 0.970, cycle_B: 0.327, gp: 0.099

[Rank 0] (epoch: 13, iters: 31424, time: 0.001, data: 0.001) , D_A: 0.246, G_A: 1.000, cycle_A: 0.380, D_B: 0.252, G_B: 0.999, cycle_B: 0.335, gp: 0.249

[Rank 0] (epoch: 13, iters: 33024, time: 0.001, data: 0.001) , D_A: 0.185, G_A: 0.981, cycle_A: 0.371, D_B: 0.262, G_B: 1.000, cycle_B: 0.313, gp: 0.260

--- iter tau=0.3371 ---
  cipher in : ury upon the concurrence of the secretary of state is authorized
  decrypted : higahoudaeosaeudehiisdesaucaeosa seise igauca e esat a heouitos 
  real plain: that could materialize anywhere at any time to dispense an ancie
  cipher in : l quaker oatss quota and other calorie milk formulas that are cu
  decrypted : laoh bsiau e  aohue a d aueosiae luitsaftlbacuifhl  aeo ea isaeh
  real plain: knew too when things got a little out of hand they very rapidly 
[Rank 0] (epoch: 13, iters: 34624, time: 0.001, data: 0.001) , D_A: 0.225, G_A: 1.008, cycle_A: 0.375, D_B: 0.230, G_B: 1.004, cycle_B: 0.337, gp: 0.227

saving the latest model (epoch 13, total_iters 520000)
[Rank 0] (epoch: 13, iters: 36224, time: 0.001, data: 0.001) , D_A: 0.243, G_A: 1.022, cycle_A: 0.372, D_B: 0.170, G_B: 0.970, cycle_B: 0.319, gp: 0.168

[Rank 0] (epoch: 13, iters: 37824, time: 0.001, data: 0.001) , D_A: 0.196, G_A: 1.014, cycle_A: 0.372, D_B: 0.249, G_B: 0.977, cycle_B: 0.331, gp: 0.247

[Rank 0] (epoch: 13, iters: 39424, time: 0.001, data: 0.001) , D_A: 0.203, G_A: 1.008, cycle_A: 0.375, D_B: 0.246, G_B: 0.974, cycle_B: 0.325, gp: 0.244

learning rate 0.0002000 -> 0.0002000
temperature tau = 0.3262
End of epoch 13 / 50 	 Time Taken: 34 sec
[Rank 0] (epoch: 14, iters: 576, time: 0.001, data: 0.001) , D_A: 0.288, G_A: 0.985, cycle_A: 0.364, D_B: 0.286, G_B: 0.958, cycle_B: 0.319, gp: 0.283

[Rank 0] (epoch: 14, iters: 2176, time: 0.001, data: 0.000) , D_A: 0.174, G_A: 0.997, cycle_A: 0.384, D_B: 0.142, G_B: 1.020, cycle_B: 0.319, gp: 0.138

[Rank 0] (epoch: 14, iters: 3776, time: 0.001, data: 0.001) , D_A: 0.187, G_A: 0.983, cycle_A: 0.360, D_B: 0.298, G_B: 1.012, cycle_B: 0.320, gp: 0.296

[Rank 0] (epoch: 14, iters: 5376, time: 0.001, data: 0.001) , D_A: 0.139, G_A: 0.989, cycle_A: 0.388, D_B: 0.208, G_B: 1.000, cycle_B: 0.318, gp: 0.205

[Rank 0] (epoch: 14, iters: 6976, time: 0.001, data: 0.001) , D_A: 0.213, G_A: 1.000, cycle_A: 0.385, D_B: 0.218, G_B: 0.924, cycle_B: 0.328, gp: 0.213

[Rank 0] (epoch: 14, iters: 8576, time: 0.001, data: 0.001) , D_A: 0.191, G_A: 1.006, cycle_A: 0.368, D_B: 0.184, G_B: 0.973, cycle_B: 0.318, gp: 0.181

[Rank 0] (epoch: 14, iters: 10176, time: 0.001, data: 0.001) , D_A: 0.166, G_A: 0.991, cycle_A: 0.379, D_B: 0.197, G_B: 1.000, cycle_B: 0.321, gp: 0.195

[Rank 0] (epoch: 14, iters: 11776, time: 0.001, data: 0.001) , D_A: 0.166, G_A: 0.994, cycle_A: 0.367, D_B: 0.166, G_B: 1.001, cycle_B: 0.339, gp: 0.163

[Rank 0] (epoch: 14, iters: 13376, time: 0.001, data: 0.001) , D_A: 0.137, G_A: 0.968, cycle_A: 0.381, D_B: 0.242, G_B: 1.001, cycle_B: 0.331, gp: 0.239

[Rank 0] (epoch: 14, iters: 14976, time: 0.001, data: 0.001) , D_A: 0.205, G_A: 0.992, cycle_A: 0.359, D_B: 0.192, G_B: 1.003, cycle_B: 0.332, gp: 0.189

[Rank 0] (epoch: 14, iters: 16576, time: 0.001, data: 0.001) , D_A: 0.179, G_A: 0.996, cycle_A: 0.364, D_B: 0.230, G_B: 0.994, cycle_B: 0.328, gp: 0.226

[Rank 0] (epoch: 14, iters: 18176, time: 0.001, data: 0.001) , D_A: 0.234, G_A: 1.015, cycle_A: 0.374, D_B: 0.303, G_B: 0.986, cycle_B: 0.317, gp: 0.300

[Rank 0] (epoch: 14, iters: 19776, time: 0.001, data: 0.001) , D_A: 0.194, G_A: 0.989, cycle_A: 0.375, D_B: 0.253, G_B: 0.992, cycle_B: 0.326, gp: 0.251

[Rank 0] (epoch: 14, iters: 21376, time: 0.001, data: 0.001) , D_A: 0.231, G_A: 0.987, cycle_A: 0.372, D_B: 0.224, G_B: 1.011, cycle_B: 0.322, gp: 0.221

[Rank 0] (epoch: 14, iters: 22976, time: 0.001, data: 0.001) , D_A: 0.215, G_A: 1.020, cycle_A: 0.376, D_B: 0.280, G_B: 0.985, cycle_B: 0.350, gp: 0.278

[Rank 0] (epoch: 14, iters: 24576, time: 0.001, data: 0.001) , D_A: 0.133, G_A: 1.015, cycle_A: 0.374, D_B: 0.241, G_B: 0.695, cycle_B: 0.337, gp: 0.179

[Rank 0] (epoch: 14, iters: 26176, time: 0.001, data: 0.001) , D_A: 0.339, G_A: 0.906, cycle_A: 0.361, D_B: 0.289, G_B: 1.008, cycle_B: 0.348, gp: 0.286

[Rank 0] (epoch: 14, iters: 27776, time: 0.001, data: 0.001) , D_A: 0.137, G_A: 0.956, cycle_A: 0.368, D_B: 0.163, G_B: 1.019, cycle_B: 0.320, gp: 0.161

[Rank 0] (epoch: 14, iters: 29376, time: 0.001, data: 0.001) , D_A: 0.114, G_A: 0.993, cycle_A: 0.360, D_B: 0.256, G_B: 0.959, cycle_B: 0.321, gp: 0.253

[Rank 0] (epoch: 14, iters: 30976, time: 0.001, data: 0.001) , D_A: 0.120, G_A: 0.972, cycle_A: 0.370, D_B: 0.275, G_B: 1.035, cycle_B: 0.319, gp: 0.271

[Rank 0] (epoch: 14, iters: 32576, time: 0.001, data: 0.001) , D_A: 0.141, G_A: 0.981, cycle_A: 0.368, D_B: 0.253, G_B: 0.971, cycle_B: 0.305, gp: 0.250

--- iter tau=0.3262 ---
  cipher in : th laura and he had no idea what they would be like mcfeeley not
  decrypted : eoal hi a d aomao  aduat m aro eaeomgaruhl armaltbmafecmmlmgadue
  real plain: r minutes well work hard tuesday wednesday and thursday meek sai
  cipher in : on very favorable to leesona interim financing of construction c
  decrypted : udaimigac iui rlmaeualmm ud atdemitfactd detdraucaeud eiheetudae
  real plain: the department of economic affairs will indicate to the exportim
[Rank 0] (epoch: 14, iters: 34176, time: 0.001, data: 0.001) , D_A: 0.230, G_A: 0.986, cycle_A: 0.365, D_B: 0.216, G_B: 0.950, cycle_B: 0.347, gp: 0.213

saving the latest model (epoch 14, total_iters 560000)
[Rank 0] (epoch: 14, iters: 35776, time: 0.001, data: 0.001) , D_A: 0.052, G_A: 1.000, cycle_A: 0.380, D_B: 0.199, G_B: 1.014, cycle_B: 0.320, gp: 0.197

[Rank 0] (epoch: 14, iters: 37376, time: 0.001, data: 0.001) , D_A: 0.180, G_A: 0.994, cycle_A: 0.375, D_B: 0.325, G_B: 0.981, cycle_B: 0.342, gp: 0.322

[Rank 0] (epoch: 14, iters: 38976, time: 0.001, data: 0.001) , D_A: 0.188, G_A: 0.968, cycle_A: 0.363, D_B: 0.205, G_B: 1.031, cycle_B: 0.337, gp: 0.203

learning rate 0.0002000 -> 0.0002000
temperature tau = 0.3157
End of epoch 14 / 50 	 Time Taken: 34 sec
[Rank 0] (epoch: 15, iters: 128, time: 0.001, data: 0.001) , D_A: 0.162, G_A: 1.001, cycle_A: 0.372, D_B: 0.214, G_B: 0.957, cycle_B: 0.326, gp: 0.210

[Rank 0] (epoch: 15, iters: 1728, time: 0.001, data: 0.001) , D_A: 0.225, G_A: 1.001, cycle_A: 0.375, D_B: 0.253, G_B: 0.957, cycle_B: 0.323, gp: 0.249

[Rank 0] (epoch: 15, iters: 3328, time: 0.001, data: 0.001) , D_A: 0.174, G_A: 0.988, cycle_A: 0.371, D_B: 0.167, G_B: 0.986, cycle_B: 0.320, gp: 0.163

[Rank 0] (epoch: 15, iters: 4928, time: 0.001, data: 0.001) , D_A: 0.171, G_A: 0.985, cycle_A: 0.367, D_B: 0.160, G_B: 1.054, cycle_B: 0.323, gp: 0.158

[Rank 0] (epoch: 15, iters: 6528, time: 0.001, data: 0.001) , D_A: 0.258, G_A: 0.985, cycle_A: 0.372, D_B: 0.169, G_B: 1.001, cycle_B: 0.327, gp: 0.167

[Rank 0] (epoch: 15, iters: 8128, time: 0.001, data: 0.001) , D_A: 0.164, G_A: 0.989, cycle_A: 0.357, D_B: 0.235, G_B: 1.001, cycle_B: 0.321, gp: 0.234

[Rank 0] (epoch: 15, iters: 9728, time: 0.001, data: 0.001) , D_A: 0.227, G_A: 0.979, cycle_A: 0.401, D_B: 0.250, G_B: 0.989, cycle_B: 0.318, gp: 0.246

[Rank 0] (epoch: 15, iters: 11328, time: 0.001, data: 0.001) , D_A: 0.271, G_A: 0.918, cycle_A: 3.852, D_B: 0.274, G_B: 1.104, cycle_B: 3.410, gp: 0.266

[Rank 0] (epoch: 15, iters: 12928, time: 0.001, data: 0.001) , D_A: 0.356, G_A: 0.865, cycle_A: 0.671, D_B: 0.311, G_B: 1.034, cycle_B: 0.498, gp: 0.300

[Rank 0] (epoch: 15, iters: 14528, time: 0.001, data: 0.001) , D_A: 0.419, G_A: 0.987, cycle_A: 0.620, D_B: 0.249, G_B: 0.913, cycle_B: 0.460, gp: 0.241

[Rank 0] (epoch: 15, iters: 16128, time: 0.001, data: 0.001) , D_A: 0.305, G_A: 0.995, cycle_A: 0.607, D_B: 0.346, G_B: 1.054, cycle_B: 0.445, gp: 0.341

[Rank 0] (epoch: 15, iters: 17728, time: 0.001, data: 0.001) , D_A: 0.236, G_A: 0.886, cycle_A: 0.607, D_B: 0.269, G_B: 1.032, cycle_B: 0.453, gp: 0.263

[Rank 0] (epoch: 15, iters: 19328, time: 0.001, data: 0.001) , D_A: 0.241, G_A: 0.968, cycle_A: 0.612, D_B: 0.229, G_B: 0.995, cycle_B: 0.426, gp: 0.225

[Rank 0] (epoch: 15, iters: 20928, time: 0.001, data: 0.001) , D_A: 0.250, G_A: 0.979, cycle_A: 0.582, D_B: 0.210, G_B: 0.977, cycle_B: 0.403, gp: 0.207

[Rank 0] (epoch: 15, iters: 22528, time: 0.001, data: 0.001) , D_A: 0.230, G_A: 1.012, cycle_A: 0.612, D_B: 0.209, G_B: 0.979, cycle_B: 0.391, gp: 0.206

[Rank 0] (epoch: 15, iters: 24128, time: 0.001, data: 0.001) , D_A: 0.304, G_A: 0.968, cycle_A: 0.603, D_B: 0.216, G_B: 0.941, cycle_B: 0.405, gp: 0.210

[Rank 0] (epoch: 15, iters: 25728, time: 0.001, data: 0.001) , D_A: 0.186, G_A: 0.964, cycle_A: 0.598, D_B: 0.186, G_B: 0.992, cycle_B: 0.406, gp: 0.183

[Rank 0] (epoch: 15, iters: 27328, time: 0.001, data: 0.001) , D_A: 0.157, G_A: 0.979, cycle_A: 0.570, D_B: 0.166, G_B: 0.978, cycle_B: 0.403, gp: 0.163

[Rank 0] (epoch: 15, iters: 28928, time: 0.001, data: 0.001) , D_A: 0.240, G_A: 0.994, cycle_A: 0.592, D_B: 0.310, G_B: 0.951, cycle_B: 0.381, gp: 0.307

[Rank 0] (epoch: 15, iters: 30528, time: 0.001, data: 0.001) , D_A: 0.173, G_A: 1.006, cycle_A: 0.573, D_B: 0.101, G_B: 0.960, cycle_B: 0.398, gp: 0.097

[Rank 0] (epoch: 15, iters: 32128, time: 0.001, data: 0.001) , D_A: 0.165, G_A: 0.984, cycle_A: 0.720, D_B: 0.340, G_B: 0.999, cycle_B: 0.537, gp: 0.337

--- iter tau=0.3157 ---
  cipher in : udden death but you realize i am sure how much old deeds incite 
  decrypted : h  oen o exnshengchnio lttontn fn hionxcrnfhexncl n oo  nteeteon
  real plain: e private detectives zeal perry mason and hamilton burger nero w
  cipher in : d the revolt against the crown among bourbons the racial issue m
  decrypted :  nexonioiclen m te enexoneicren fcemnschisce nexoni et lnt  honf
  real plain: these dimensions roughly some six and a half times bigger than a
[Rank 0] (epoch: 15, iters: 33728, time: 0.001, data: 0.001) , D_A: 0.148, G_A: 0.983, cycle_A: 0.476, D_B: 0.221, G_B: 1.039, cycle_B: 0.376, gp: 0.218

saving the latest model (epoch 15, total_iters 600000)
[Rank 0] (epoch: 15, iters: 35328, time: 0.001, data: 0.001) , D_A: 0.201, G_A: 0.977, cycle_A: 0.471, D_B: 0.193, G_B: 0.980, cycle_B: 0.380, gp: 0.190

[Rank 0] (epoch: 15, iters: 36928, time: 0.001, data: 0.001) , D_A: 0.207, G_A: 0.974, cycle_A: 0.469, D_B: 0.151, G_B: 0.999, cycle_B: 0.378, gp: 0.148

[Rank 0] (epoch: 15, iters: 38528, time: 0.001, data: 0.001) , D_A: 0.211, G_A: 0.986, cycle_A: 0.482, D_B: 0.191, G_B: 1.004, cycle_B: 0.379, gp: 0.188

[Rank 0] (epoch: 15, iters: 40128, time: 0.001, data: 0.001) , D_A: 0.206, G_A: 0.985, cycle_A: 0.472, D_B: 0.246, G_B: 0.941, cycle_B: 0.388, gp: 0.242

learning rate 0.0002000 -> 0.0002000
temperature tau = 0.3055
End of epoch 15 / 50 	 Time Taken: 34 sec
[Rank 0] (epoch: 16, iters: 1280, time: 0.001, data: 0.001) , D_A: 0.207, G_A: 0.998, cycle_A: 0.475, D_B: 0.200, G_B: 0.951, cycle_B: 0.381, gp: 0.195

[Rank 0] (epoch: 16, iters: 2880, time: 0.001, data: 0.001) , D_A: 0.218, G_A: 0.989, cycle_A: 0.468, D_B: 0.231, G_B: 1.011, cycle_B: 0.374, gp: 0.229

[Rank 0] (epoch: 16, iters: 4480, time: 0.001, data: 0.001) , D_A: 0.221, G_A: 0.999, cycle_A: 0.472, D_B: 0.250, G_B: 0.992, cycle_B: 0.365, gp: 0.247

[Rank 0] (epoch: 16, iters: 6080, time: 0.001, data: 0.001) , D_A: 0.141, G_A: 1.013, cycle_A: 0.496, D_B: 0.239, G_B: 0.960, cycle_B: 0.373, gp: 0.236

[Rank 0] (epoch: 16, iters: 7680, time: 0.001, data: 0.001) , D_A: 0.210, G_A: 0.987, cycle_A: 0.470, D_B: 0.161, G_B: 0.983, cycle_B: 0.374, gp: 0.156

[Rank 0] (epoch: 16, iters: 9280, time: 0.001, data: 0.001) , D_A: 0.263, G_A: 0.972, cycle_A: 0.487, D_B: 0.254, G_B: 1.011, cycle_B: 0.383, gp: 0.251

[Rank 0] (epoch: 16, iters: 10880, time: 0.001, data: 0.001) , D_A: 0.194, G_A: 1.008, cycle_A: 0.497, D_B: 0.223, G_B: 0.978, cycle_B: 0.364, gp: 0.219

[Rank 0] (epoch: 16, iters: 12480, time: 0.001, data: 0.001) , D_A: 0.176, G_A: 1.021, cycle_A: 0.471, D_B: 0.237, G_B: 0.967, cycle_B: 0.364, gp: 0.233

[Rank 0] (epoch: 16, iters: 14080, time: 0.001, data: 0.001) , D_A: 0.290, G_A: 0.967, cycle_A: 0.472, D_B: 0.164, G_B: 0.993, cycle_B: 0.366, gp: 0.160

[Rank 0] (epoch: 16, iters: 15680, time: 0.001, data: 0.001) , D_A: 0.256, G_A: 0.976, cycle_A: 0.473, D_B: 0.173, G_B: 1.027, cycle_B: 0.376, gp: 0.170

[Rank 0] (epoch: 16, iters: 17280, time: 0.001, data: 0.001) , D_A: 0.261, G_A: 1.049, cycle_A: 0.465, D_B: 0.183, G_B: 0.997, cycle_B: 0.375, gp: 0.180

[Rank 0] (epoch: 16, iters: 18880, time: 0.001, data: 0.001) , D_A: 0.180, G_A: 0.994, cycle_A: 0.480, D_B: 0.194, G_B: 1.016, cycle_B: 0.379, gp: 0.191

[Rank 0] (epoch: 16, iters: 20480, time: 0.001, data: 0.001) , D_A: 0.229, G_A: 1.001, cycle_A: 0.458, D_B: 0.326, G_B: 1.011, cycle_B: 0.372, gp: 0.233

[Rank 0] (epoch: 16, iters: 22080, time: 0.001, data: 0.001) , D_A: 0.209, G_A: 0.955, cycle_A: 0.480, D_B: 0.267, G_B: 0.962, cycle_B: 0.380, gp: 0.263

[Rank 0] (epoch: 16, iters: 23680, time: 0.001, data: 0.001) , D_A: 0.236, G_A: 1.014, cycle_A: 0.480, D_B: 0.234, G_B: 0.986, cycle_B: 0.390, gp: 0.231

[Rank 0] (epoch: 16, iters: 25280, time: 0.001, data: 0.001) , D_A: 0.280, G_A: 1.000, cycle_A: 0.490, D_B: 0.237, G_B: 1.028, cycle_B: 0.363, gp: 0.234

[Rank 0] (epoch: 16, iters: 26880, time: 0.001, data: 0.001) , D_A: 0.214, G_A: 1.027, cycle_A: 0.485, D_B: 0.201, G_B: 1.017, cycle_B: 0.390, gp: 0.198

[Rank 0] (epoch: 16, iters: 28480, time: 0.001, data: 0.001) , D_A: 0.242, G_A: 0.995, cycle_A: 0.473, D_B: 0.206, G_B: 1.000, cycle_B: 0.406, gp: 0.203

[Rank 0] (epoch: 16, iters: 30080, time: 0.001, data: 0.001) , D_A: 0.214, G_A: 0.987, cycle_A: 0.470, D_B: 0.176, G_B: 1.005, cycle_B: 0.377, gp: 0.172

[Rank 0] (epoch: 16, iters: 31680, time: 0.001, data: 0.001) , D_A: 0.179, G_A: 0.967, cycle_A: 0.481, D_B: 0.235, G_B: 0.945, cycle_B: 0.383, gp: 0.232

--- iter tau=0.3055 ---
  cipher in :  company began operation in with hardware and oil mill supplies 
  decrypted : aedfx egasom eadxoi etdeateartexax i r ioa e adtlaftlla hxxlto a
  real plain: mptuous and ecstatic their props were two stepladders a chair an
  cipher in : i italian consul general in boston at a ceremony at pm on dec at
  decrypted : tate lt eaede hlamoeoi lateasd edea ea aeoiofdega eaxfadea oea e
  real plain: arried unloaded m rifles the maneuvers were held in secret after
[Rank 0] (epoch: 16, iters: 33280, time: 0.002, data: 0.001) , D_A: 0.260, G_A: 0.973, cycle_A: 0.475, D_B: 0.200, G_B: 1.012, cycle_B: 0.365, gp: 0.198

saving the latest model (epoch 16, total_iters 640000)
[Rank 0] (epoch: 16, iters: 34880, time: 0.001, data: 0.001) , D_A: 0.209, G_A: 0.964, cycle_A: 0.487, D_B: 0.147, G_B: 0.968, cycle_B: 0.381, gp: 0.144

[Rank 0] (epoch: 16, iters: 36480, time: 0.001, data: 0.001) , D_A: 0.282, G_A: 0.997, cycle_A: 0.477, D_B: 0.306, G_B: 1.000, cycle_B: 0.377, gp: 0.302

[Rank 0] (epoch: 16, iters: 38080, time: 0.001, data: 0.001) , D_A: 0.156, G_A: 1.002, cycle_A: 0.467, D_B: 0.337, G_B: 0.992, cycle_B: 0.389, gp: 0.334

[Rank 0] (epoch: 16, iters: 39680, time: 0.001, data: 0.001) , D_A: 0.274, G_A: 0.942, cycle_A: 0.489, D_B: 0.249, G_B: 0.977, cycle_B: 0.384, gp: 0.247

learning rate 0.0002000 -> 0.0002000
temperature tau = 0.2956
End of epoch 16 / 50 	 Time Taken: 35 sec
[Rank 0] (epoch: 17, iters: 832, time: 0.001, data: 0.001) , D_A: 0.210, G_A: 0.967, cycle_A: 0.481, D_B: 0.176, G_B: 0.967, cycle_B: 0.375, gp: 0.172

[Rank 0] (epoch: 17, iters: 2432, time: 0.001, data: 0.000) , D_A: 0.227, G_A: 1.011, cycle_A: 0.474, D_B: 0.221, G_B: 0.991, cycle_B: 0.372, gp: 0.218

[Rank 0] (epoch: 17, iters: 4032, time: 0.001, data: 0.001) , D_A: 0.259, G_A: 1.020, cycle_A: 0.479, D_B: 0.228, G_B: 1.014, cycle_B: 0.374, gp: 0.223

[Rank 0] (epoch: 17, iters: 5632, time: 0.001, data: 0.002) , D_A: 0.182, G_A: 0.968, cycle_A: 0.509, D_B: 0.248, G_B: 0.971, cycle_B: 0.376, gp: 0.245

[Rank 0] (epoch: 17, iters: 7232, time: 0.001, data: 0.001) , D_A: 0.229, G_A: 1.001, cycle_A: 0.466, D_B: 0.210, G_B: 0.942, cycle_B: 0.372, gp: 0.207

[Rank 0] (epoch: 17, iters: 8832, time: 0.001, data: 0.001) , D_A: 0.195, G_A: 0.981, cycle_A: 0.470, D_B: 0.315, G_B: 0.961, cycle_B: 0.367, gp: 0.310

[Rank 0] (epoch: 17, iters: 10432, time: 0.001, data: 0.001) , D_A: 0.275, G_A: 0.989, cycle_A: 0.479, D_B: 0.244, G_B: 0.957, cycle_B: 0.376, gp: 0.241

[Rank 0] (epoch: 17, iters: 12032, time: 0.001, data: 0.001) , D_A: 0.253, G_A: 0.975, cycle_A: 0.467, D_B: 0.172, G_B: 1.009, cycle_B: 0.379, gp: 0.170

[Rank 0] (epoch: 17, iters: 13632, time: 0.001, data: 0.001) , D_A: 0.245, G_A: 1.007, cycle_A: 0.454, D_B: 0.161, G_B: 0.956, cycle_B: 0.391, gp: 0.157

[Rank 0] (epoch: 17, iters: 15232, time: 0.001, data: 0.001) , D_A: 0.176, G_A: 1.015, cycle_A: 0.477, D_B: 0.210, G_B: 1.035, cycle_B: 0.393, gp: 0.206

[Rank 0] (epoch: 17, iters: 16832, time: 0.001, data: 0.001) , D_A: 0.233, G_A: 0.982, cycle_A: 0.452, D_B: 0.258, G_B: 0.972, cycle_B: 0.383, gp: 0.256

[Rank 0] (epoch: 17, iters: 18432, time: 0.001, data: 0.001) , D_A: 0.212, G_A: 0.979, cycle_A: 0.482, D_B: 0.114, G_B: 1.000, cycle_B: 0.357, gp: 0.111

[Rank 0] (epoch: 17, iters: 20032, time: 0.001, data: 0.001) , D_A: 0.247, G_A: 0.969, cycle_A: 0.482, D_B: 0.221, G_B: 0.960, cycle_B: 0.374, gp: 0.218

[Rank 0] (epoch: 17, iters: 21632, time: 0.001, data: 0.001) , D_A: 0.174, G_A: 1.053, cycle_A: 0.473, D_B: 0.230, G_B: 0.991, cycle_B: 0.393, gp: 0.225

[Rank 0] (epoch: 17, iters: 23232, time: 0.001, data: 0.001) , D_A: 0.175, G_A: 0.957, cycle_A: 0.481, D_B: 0.158, G_B: 1.032, cycle_B: 0.396, gp: 0.155

[Rank 0] (epoch: 17, iters: 24832, time: 0.001, data: 0.001) , D_A: 0.329, G_A: 1.011, cycle_A: 0.467, D_B: 0.187, G_B: 0.995, cycle_B: 0.354, gp: 0.184

[Rank 0] (epoch: 17, iters: 26432, time: 0.001, data: 0.001) , D_A: 0.196, G_A: 0.984, cycle_A: 0.473, D_B: 0.213, G_B: 1.002, cycle_B: 0.402, gp: 0.210

[Rank 0] (epoch: 17, iters: 28032, time: 0.001, data: 0.001) , D_A: 0.198, G_A: 0.996, cycle_A: 0.458, D_B: 0.225, G_B: 0.978, cycle_B: 0.376, gp: 0.223

[Rank 0] (epoch: 17, iters: 29632, time: 0.001, data: 0.001) , D_A: 0.134, G_A: 0.995, cycle_A: 0.460, D_B: 0.230, G_B: 0.995, cycle_B: 0.384, gp: 0.227

[Rank 0] (epoch: 17, iters: 31232, time: 0.001, data: 0.001) , D_A: 0.196, G_A: 1.022, cycle_A: 0.493, D_B: 0.281, G_B: 0.969, cycle_B: 0.372, gp: 0.278

--- iter tau=0.2956 ---
  cipher in : spondence can be established between the lines of two such penci
  decrypted :  xce oeeoae easoao e slt xo asoerooeaexoalteo ac aerca hexaxoeet
  real plain: mptuous and ecstatic their props were two stepladders a chair an
  cipher in : ng about the world view of the old chinese which they felt they 
  decrypted : ema scheaexoarcil aitorac aexoacl aexteo oarxtexaexoga oleaexoga
  real plain: arried unloaded m rifles the maneuvers were held in secret after
[Rank 0] (epoch: 17, iters: 32832, time: 0.001, data: 0.001) , D_A: 0.126, G_A: 0.968, cycle_A: 0.458, D_B: 0.194, G_B: 0.966, cycle_B: 0.372, gp: 0.191

saving the latest model (epoch 17, total_iters 680000)
[Rank 0] (epoch: 17, iters: 34432, time: 0.001, data: 0.001) , D_A: 0.215, G_A: 0.988, cycle_A: 0.468, D_B: 0.177, G_B: 0.941, cycle_B: 0.397, gp: 0.173

[Rank 0] (epoch: 17, iters: 36032, time: 0.001, data: 0.001) , D_A: 0.208, G_A: 1.025, cycle_A: 0.474, D_B: 0.121, G_B: 0.970, cycle_B: 0.378, gp: 0.118

[Rank 0] (epoch: 17, iters: 37632, time: 0.001, data: 0.001) , D_A: 0.151, G_A: 1.006, cycle_A: 0.490, D_B: 0.190, G_B: 1.044, cycle_B: 0.381, gp: 0.187

[Rank 0] (epoch: 17, iters: 39232, time: 0.001, data: 0.001) , D_A: 0.156, G_A: 1.018, cycle_A: 0.467, D_B: 0.233, G_B: 0.964, cycle_B: 0.375, gp: 0.227

learning rate 0.0002000 -> 0.0002000
temperature tau = 0.2861
End of epoch 17 / 50 	 Time Taken: 35 sec
[Rank 0] (epoch: 18, iters: 384, time: 0.001, data: 0.001) , D_A: 0.145, G_A: 1.080, cycle_A: 0.481, D_B: 0.182, G_B: 0.983, cycle_B: 0.378, gp: 0.179

[Rank 0] (epoch: 18, iters: 1984, time: 0.001, data: 0.000) , D_A: 0.209, G_A: 0.964, cycle_A: 0.470, D_B: 0.156, G_B: 0.990, cycle_B: 0.378, gp: 0.154

[Rank 0] (epoch: 18, iters: 3584, time: 0.001, data: 0.001) , D_A: 0.248, G_A: 1.048, cycle_A: 0.477, D_B: 0.112, G_B: 0.974, cycle_B: 0.377, gp: 0.110

[Rank 0] (epoch: 18, iters: 5184, time: 0.001, data: 0.001) , D_A: 0.187, G_A: 0.992, cycle_A: 0.462, D_B: 0.241, G_B: 1.002, cycle_B: 0.383, gp: 0.239

[Rank 0] (epoch: 18, iters: 6784, time: 0.001, data: 0.001) , D_A: 0.148, G_A: 0.948, cycle_A: 0.480, D_B: 0.251, G_B: 0.978, cycle_B: 0.381, gp: 0.248

[Rank 0] (epoch: 18, iters: 8384, time: 0.001, data: 0.001) , D_A: 0.196, G_A: 1.028, cycle_A: 0.484, D_B: 0.154, G_B: 0.999, cycle_B: 0.375, gp: 0.152

[Rank 0] (epoch: 18, iters: 9984, time: 0.001, data: 0.001) , D_A: 0.145, G_A: 0.981, cycle_A: 0.473, D_B: 0.304, G_B: 0.986, cycle_B: 0.372, gp: 0.301

[Rank 0] (epoch: 18, iters: 11584, time: 0.001, data: 0.001) , D_A: 0.232, G_A: 0.957, cycle_A: 0.451, D_B: 0.220, G_B: 0.977, cycle_B: 0.377, gp: 0.218

[Rank 0] (epoch: 18, iters: 13184, time: 0.001, data: 0.001) , D_A: 0.189, G_A: 0.979, cycle_A: 0.452, D_B: 0.122, G_B: 0.995, cycle_B: 0.379, gp: 0.120

[Rank 0] (epoch: 18, iters: 14784, time: 0.001, data: 0.001) , D_A: 0.307, G_A: 1.034, cycle_A: 0.462, D_B: 0.105, G_B: 0.937, cycle_B: 0.390, gp: 0.103

[Rank 0] (epoch: 18, iters: 16384, time: 0.001, data: 0.001) , D_A: 0.141, G_A: 1.024, cycle_A: 0.470, D_B: 0.213, G_B: 0.975, cycle_B: 0.371, gp: 0.211

[Rank 0] (epoch: 18, iters: 17984, time: 0.001, data: 0.001) , D_A: 0.127, G_A: 0.978, cycle_A: 0.483, D_B: 0.310, G_B: 0.999, cycle_B: 0.360, gp: 0.306

[Rank 0] (epoch: 18, iters: 19584, time: 0.001, data: 0.001) , D_A: 0.159, G_A: 0.897, cycle_A: 0.471, D_B: 0.167, G_B: 0.991, cycle_B: 0.391, gp: 0.164

[Rank 0] (epoch: 18, iters: 21184, time: 0.001, data: 0.001) , D_A: 0.211, G_A: 1.027, cycle_A: 0.467, D_B: 0.139, G_B: 0.999, cycle_B: 0.374, gp: 0.137

[Rank 0] (epoch: 18, iters: 22784, time: 0.001, data: 0.001) , D_A: 0.184, G_A: 0.906, cycle_A: 0.470, D_B: 0.202, G_B: 1.012, cycle_B: 0.407, gp: 0.200

[Rank 0] (epoch: 18, iters: 24384, time: 0.001, data: 0.001) , D_A: 0.198, G_A: 0.986, cycle_A: 0.466, D_B: 0.189, G_B: 1.045, cycle_B: 0.390, gp: 0.186

[Rank 0] (epoch: 18, iters: 25984, time: 0.001, data: 0.001) , D_A: 0.260, G_A: 0.975, cycle_A: 0.468, D_B: 0.253, G_B: 1.001, cycle_B: 0.378, gp: 0.250

[Rank 0] (epoch: 18, iters: 27584, time: 0.001, data: 0.001) , D_A: 0.159, G_A: 1.020, cycle_A: 0.473, D_B: 0.179, G_B: 1.040, cycle_B: 0.391, gp: 0.177

[Rank 0] (epoch: 18, iters: 29184, time: 0.001, data: 0.001) , D_A: 0.228, G_A: 0.997, cycle_A: 0.470, D_B: 0.196, G_B: 0.989, cycle_B: 0.370, gp: 0.194

[Rank 0] (epoch: 18, iters: 30784, time: 0.001, data: 0.001) , D_A: 0.249, G_A: 1.029, cycle_A: 0.477, D_B: 0.175, G_B: 0.922, cycle_B: 0.372, gp: 0.168

--- iter tau=0.2861 ---
  cipher in : n boris first monologue for example even then the flexibility of
  decrypted : easuit a ti eafueulumhoa uiaob fxloaoioeaexoeaexoa lobtstltegau 
  real plain: ered navy capandball pistol a bayonet hung in a belt scabbard he
  cipher in : minishing outline of a jump seat piled high with luggage herrys 
  decrypted : ftet xtemauhelteoau a anhfxa o eaxtlo axtmxartexalhmm moaxoiig a
  real plain: rocklins aerials skorich however is a strong advocate of a balan
[Rank 0] (epoch: 18, iters: 32384, time: 0.001, data: 0.001) , D_A: 0.167, G_A: 0.990, cycle_A: 0.483, D_B: 0.163, G_B: 0.974, cycle_B: 0.370, gp: 0.157

saving the latest model (epoch 18, total_iters 720000)
[Rank 0] (epoch: 18, iters: 33984, time: 0.001, data: 0.001) , D_A: 0.138, G_A: 1.001, cycle_A: 0.470, D_B: 0.250, G_B: 1.011, cycle_B: 0.389, gp: 0.248

[Rank 0] (epoch: 18, iters: 35584, time: 0.001, data: 0.001) , D_A: 0.126, G_A: 1.000, cycle_A: 0.479, D_B: 0.165, G_B: 0.964, cycle_B: 0.359, gp: 0.162

[Rank 0] (epoch: 18, iters: 37184, time: 0.001, data: 0.001) , D_A: 0.268, G_A: 0.922, cycle_A: 0.508, D_B: 0.145, G_B: 0.965, cycle_B: 0.429, gp: 0.143

[Rank 0] (epoch: 18, iters: 38784, time: 0.001, data: 0.001) , D_A: 0.207, G_A: 0.969, cycle_A: 0.503, D_B: 0.140, G_B: 1.008, cycle_B: 0.382, gp: 0.137

[Rank 0] (epoch: 18, iters: 40384, time: 0.001, data: 0.001) , D_A: 0.225, G_A: 0.988, cycle_A: 0.458, D_B: 0.165, G_B: 0.965, cycle_B: 0.389, gp: 0.161

learning rate 0.0002000 -> 0.0002000
temperature tau = 0.2768
End of epoch 18 / 50 	 Time Taken: 35 sec
[Rank 0] (epoch: 19, iters: 1536, time: 0.001, data: 0.001) , D_A: 0.479, G_A: 0.929, cycle_A: 0.607, D_B: 0.379, G_B: 0.978, cycle_B: 0.506, gp: 0.373

[Rank 0] (epoch: 19, iters: 3136, time: 0.001, data: 0.001) , D_A: 0.400, G_A: 0.956, cycle_A: 0.477, D_B: 0.249, G_B: 0.865, cycle_B: 0.293, gp: 0.227

[Rank 0] (epoch: 19, iters: 4736, time: 0.001, data: 0.001) , D_A: 0.393, G_A: 0.908, cycle_A: 0.420, D_B: 0.170, G_B: 0.976, cycle_B: 0.279, gp: 0.167

[Rank 0] (epoch: 19, iters: 6336, time: 0.001, data: 0.001) , D_A: 0.366, G_A: 0.990, cycle_A: 0.389, D_B: 0.232, G_B: 0.983, cycle_B: 0.182, gp: 0.228

[Rank 0] (epoch: 19, iters: 7936, time: 0.001, data: 0.001) , D_A: 0.297, G_A: 0.988, cycle_A: 0.391, D_B: 0.194, G_B: 0.996, cycle_B: 0.172, gp: 0.191

[Rank 0] (epoch: 19, iters: 9536, time: 0.001, data: 0.001) , D_A: 0.279, G_A: 0.974, cycle_A: 0.366, D_B: 0.169, G_B: 0.968, cycle_B: 0.174, gp: 0.165

[Rank 0] (epoch: 19, iters: 11136, time: 0.001, data: 0.001) , D_A: 0.341, G_A: 1.026, cycle_A: 0.340, D_B: 0.308, G_B: 0.973, cycle_B: 0.157, gp: 0.304

[Rank 0] (epoch: 19, iters: 12736, time: 0.001, data: 0.001) , D_A: 0.340, G_A: 1.009, cycle_A: 0.369, D_B: 0.226, G_B: 1.014, cycle_B: 0.160, gp: 0.224

[Rank 0] (epoch: 19, iters: 14336, time: 0.001, data: 0.001) , D_A: 0.253, G_A: 0.983, cycle_A: 0.356, D_B: 0.144, G_B: 0.996, cycle_B: 0.142, gp: 0.141

[Rank 0] (epoch: 19, iters: 15936, time: 0.001, data: 0.001) , D_A: 0.206, G_A: 0.917, cycle_A: 0.372, D_B: 0.166, G_B: 1.018, cycle_B: 0.157, gp: 0.163

[Rank 0] (epoch: 19, iters: 17536, time: 0.001, data: 0.001) , D_A: 0.305, G_A: 1.004, cycle_A: 0.356, D_B: 0.165, G_B: 1.027, cycle_B: 0.145, gp: 0.163

[Rank 0] (epoch: 19, iters: 19136, time: 0.001, data: 0.001) , D_A: 0.204, G_A: 0.968, cycle_A: 0.365, D_B: 0.158, G_B: 0.994, cycle_B: 0.147, gp: 0.156

[Rank 0] (epoch: 19, iters: 20736, time: 0.001, data: 0.001) , D_A: 0.239, G_A: 1.000, cycle_A: 0.361, D_B: 0.228, G_B: 0.997, cycle_B: 0.154, gp: 0.225

[Rank 0] (epoch: 19, iters: 22336, time: 0.001, data: 0.001) , D_A: 0.230, G_A: 1.054, cycle_A: 0.349, D_B: 0.230, G_B: 1.000, cycle_B: 0.162, gp: 0.227

[Rank 0] (epoch: 19, iters: 23936, time: 0.001, data: 0.001) , D_A: 0.201, G_A: 0.972, cycle_A: 0.355, D_B: 0.204, G_B: 0.969, cycle_B: 0.159, gp: 0.202

[Rank 0] (epoch: 19, iters: 25536, time: 0.001, data: 0.001) , D_A: 0.227, G_A: 1.013, cycle_A: 0.361, D_B: 0.245, G_B: 1.008, cycle_B: 0.153, gp: 0.242

[Rank 0] (epoch: 19, iters: 27136, time: 0.001, data: 0.001) , D_A: 0.147, G_A: 1.006, cycle_A: 0.339, D_B: 0.246, G_B: 1.000, cycle_B: 0.155, gp: 0.243

[Rank 0] (epoch: 19, iters: 28736, time: 0.001, data: 0.001) , D_A: 0.263, G_A: 1.008, cycle_A: 0.370, D_B: 0.271, G_B: 1.037, cycle_B: 0.153, gp: 0.268

[Rank 0] (epoch: 19, iters: 30336, time: 0.001, data: 0.001) , D_A: 0.270, G_A: 1.116, cycle_A: 0.363, D_B: 0.121, G_B: 1.000, cycle_B: 0.159, gp: 0.117

--- iter tau=0.2768 ---
  cipher in : r family interest also winslow had musical talents as had his fa
  decrypted : ia  ftlgateeoio ea l darte ldran  afh tu lae loee a  an  ant a  
  real plain: to recognize two cardinal facts concerning nationalism and inter
  cipher in :  has not that way been lit always by the lamp of liberalism up u
  decrypted : an  aedeaen ear gasooealtea lr g asgaenoal fjad altsoi lt fahjah
  real plain: uary fifteen report recommended that bangjensen be instructed to
[Rank 0] (epoch: 19, iters: 31936, time: 0.001, data: 0.001) , D_A: 0.270, G_A: 1.036, cycle_A: 0.363, D_B: 0.137, G_B: 0.977, cycle_B: 0.170, gp: 0.133

saving the latest model (epoch 19, total_iters 760000)
[Rank 0] (epoch: 19, iters: 33536, time: 0.001, data: 0.001) , D_A: 0.225, G_A: 1.032, cycle_A: 0.370, D_B: 0.271, G_B: 0.970, cycle_B: 0.149, gp: 0.269

[Rank 0] (epoch: 19, iters: 35136, time: 0.001, data: 0.001) , D_A: 0.259, G_A: 0.942, cycle_A: 0.351, D_B: 0.211, G_B: 0.978, cycle_B: 0.156, gp: 0.209

[Rank 0] (epoch: 19, iters: 36736, time: 0.001, data: 0.001) , D_A: 0.253, G_A: 0.967, cycle_A: 0.353, D_B: 0.227, G_B: 0.965, cycle_B: 0.154, gp: 0.224

[Rank 0] (epoch: 19, iters: 38336, time: 0.001, data: 0.001) , D_A: 0.326, G_A: 1.037, cycle_A: 0.362, D_B: 0.246, G_B: 1.002, cycle_B: 0.163, gp: 0.244

[Rank 0] (epoch: 19, iters: 39936, time: 0.001, data: 0.001) , D_A: 0.256, G_A: 1.166, cycle_A: 0.367, D_B: 0.143, G_B: 1.005, cycle_B: 0.158, gp: 0.139

learning rate 0.0002000 -> 0.0002000
temperature tau = 0.2679
End of epoch 19 / 50 	 Time Taken: 35 sec
[Rank 0] (epoch: 20, iters: 1088, time: 0.001, data: 0.000) , D_A: 0.257, G_A: 1.025, cycle_A: 0.373, D_B: 0.197, G_B: 0.979, cycle_B: 0.165, gp: 0.194

[Rank 0] (epoch: 20, iters: 2688, time: 0.001, data: 0.001) , D_A: 0.219, G_A: 1.007, cycle_A: 0.356, D_B: 0.169, G_B: 0.980, cycle_B: 0.146, gp: 0.168

[Rank 0] (epoch: 20, iters: 4288, time: 0.001, data: 0.001) , D_A: 0.280, G_A: 0.979, cycle_A: 0.353, D_B: 0.202, G_B: 0.985, cycle_B: 0.145, gp: 0.200

[Rank 0] (epoch: 20, iters: 5888, time: 0.001, data: 0.001) , D_A: 0.274, G_A: 0.899, cycle_A: 0.355, D_B: 0.219, G_B: 0.974, cycle_B: 0.145, gp: 0.216

[Rank 0] (epoch: 20, iters: 7488, time: 0.001, data: 0.001) , D_A: 0.263, G_A: 0.949, cycle_A: 0.364, D_B: 0.257, G_B: 1.020, cycle_B: 0.154, gp: 0.254

[Rank 0] (epoch: 20, iters: 9088, time: 0.001, data: 0.001) , D_A: 0.178, G_A: 1.027, cycle_A: 0.369, D_B: 0.282, G_B: 1.004, cycle_B: 0.148, gp: 0.280

[Rank 0] (epoch: 20, iters: 10688, time: 0.001, data: 0.001) , D_A: 0.176, G_A: 0.943, cycle_A: 0.367, D_B: 0.279, G_B: 0.968, cycle_B: 0.165, gp: 0.277

[Rank 0] (epoch: 20, iters: 12288, time: 0.001, data: 0.001) , D_A: 0.188, G_A: 0.955, cycle_A: 0.356, D_B: 0.188, G_B: 0.977, cycle_B: 0.157, gp: 0.186

[Rank 0] (epoch: 20, iters: 13888, time: 0.001, data: 0.001) , D_A: 0.270, G_A: 0.867, cycle_A: 0.355, D_B: 0.134, G_B: 0.970, cycle_B: 0.122, gp: 0.130

[Rank 0] (epoch: 20, iters: 15488, time: 0.001, data: 0.001) , D_A: 0.280, G_A: 0.970, cycle_A: 0.349, D_B: 0.092, G_B: 0.961, cycle_B: 0.110, gp: 0.087

[Rank 0] (epoch: 20, iters: 17088, time: 0.001, data: 0.001) , D_A: 0.225, G_A: 1.158, cycle_A: 0.355, D_B: 0.222, G_B: 0.955, cycle_B: 0.117, gp: 0.219

[Rank 0] (epoch: 20, iters: 18688, time: 0.001, data: 0.001) , D_A: 0.241, G_A: 0.912, cycle_A: 0.352, D_B: 0.149, G_B: 1.020, cycle_B: 0.111, gp: 0.145

[Rank 0] (epoch: 20, iters: 20288, time: 0.001, data: 0.002) , D_A: 0.259, G_A: 0.948, cycle_A: 0.344, D_B: 0.190, G_B: 0.940, cycle_B: 0.122, gp: 0.187

[Rank 0] (epoch: 20, iters: 21888, time: 0.001, data: 0.001) , D_A: 0.291, G_A: 1.003, cycle_A: 0.350, D_B: 0.187, G_B: 1.063, cycle_B: 0.111, gp: 0.184

[Rank 0] (epoch: 20, iters: 23488, time: 0.001, data: 0.001) , D_A: 0.268, G_A: 0.947, cycle_A: 0.349, D_B: 0.241, G_B: 0.992, cycle_B: 0.110, gp: 0.239

[Rank 0] (epoch: 20, iters: 25088, time: 0.001, data: 0.001) , D_A: 0.217, G_A: 0.956, cycle_A: 0.341, D_B: 0.174, G_B: 1.027, cycle_B: 0.104, gp: 0.170

[Rank 0] (epoch: 20, iters: 26688, time: 0.001, data: 0.001) , D_A: 0.253, G_A: 0.909, cycle_A: 0.343, D_B: 0.311, G_B: 1.009, cycle_B: 0.109, gp: 0.308

[Rank 0] (epoch: 20, iters: 28288, time: 0.001, data: 0.001) , D_A: 0.218, G_A: 0.979, cycle_A: 0.342, D_B: 0.120, G_B: 1.005, cycle_B: 0.120, gp: 0.117

[Rank 0] (epoch: 20, iters: 29888, time: 0.001, data: 0.001) , D_A: 0.239, G_A: 1.125, cycle_A: 0.366, D_B: 0.216, G_B: 0.991, cycle_B: 0.111, gp: 0.213

--- iter tau=0.2679 ---
  cipher in : voyage occurred only a few miles down the thames there at the ri
  decrypted : icg moacuuhiio acelga a oraftlo a creaenoaen fo aenoioa eaenoait
  real plain: ton burnside and eben jackson summing up their final reckoning f
  cipher in : nd teller are accused of selling worth of heroin to a convicted 
  decrypted : e aeolloia ioa uuh o ac a olltemarcienac anoicteaeca auceitueo a
  real plain: ildren exhibit the child with high anxiety may first direct his 
[Rank 0] (epoch: 20, iters: 31488, time: 0.001, data: 0.001) , D_A: 0.236, G_A: 1.002, cycle_A: 0.362, D_B: 0.226, G_B: 0.985, cycle_B: 0.112, gp: 0.223

saving the latest model (epoch 20, total_iters 800000)
[Rank 0] (epoch: 20, iters: 33088, time: 0.001, data: 0.001) , D_A: 0.240, G_A: 1.040, cycle_A: 0.335, D_B: 0.221, G_B: 1.026, cycle_B: 0.109, gp: 0.218

[Rank 0] (epoch: 20, iters: 34688, time: 0.001, data: 0.001) , D_A: 0.271, G_A: 0.975, cycle_A: 0.344, D_B: 0.207, G_B: 1.027, cycle_B: 0.102, gp: 0.206

[Rank 0] (epoch: 20, iters: 36288, time: 0.001, data: 0.001) , D_A: 0.158, G_A: 1.019, cycle_A: 0.339, D_B: 0.256, G_B: 0.974, cycle_B: 0.104, gp: 0.254

[Rank 0] (epoch: 20, iters: 37888, time: 0.001, data: 0.001) , D_A: 0.248, G_A: 0.997, cycle_A: 0.344, D_B: 0.260, G_B: 0.969, cycle_B: 0.112, gp: 0.257

[Rank 0] (epoch: 20, iters: 39488, time: 0.001, data: 0.001) , D_A: 0.199, G_A: 1.016, cycle_A: 0.351, D_B: 0.177, G_B: 0.965, cycle_B: 0.106, gp: 0.175

learning rate 0.0002000 -> 0.0002000
temperature tau = 0.2592
End of epoch 20 / 50 	 Time Taken: 35 sec
[Rank 0] (epoch: 21, iters: 640, time: 0.001, data: 0.001) , D_A: 0.267, G_A: 0.880, cycle_A: 0.363, D_B: 0.272, G_B: 1.010, cycle_B: 0.113, gp: 0.270

[Rank 0] (epoch: 21, iters: 2240, time: 0.001, data: 0.000) , D_A: 0.201, G_A: 1.020, cycle_A: 0.359, D_B: 0.312, G_B: 0.960, cycle_B: 0.106, gp: 0.308

[Rank 0] (epoch: 21, iters: 3840, time: 0.001, data: 0.001) , D_A: 0.221, G_A: 0.993, cycle_A: 0.356, D_B: 0.198, G_B: 0.952, cycle_B: 0.103, gp: 0.195

[Rank 0] (epoch: 21, iters: 5440, time: 0.001, data: 0.001) , D_A: 0.293, G_A: 0.996, cycle_A: 0.347, D_B: 0.170, G_B: 0.954, cycle_B: 0.101, gp: 0.167

[Rank 0] (epoch: 21, iters: 7040, time: 0.001, data: 0.001) , D_A: 0.193, G_A: 1.026, cycle_A: 0.352, D_B: 0.264, G_B: 1.036, cycle_B: 0.111, gp: 0.263

[Rank 0] (epoch: 21, iters: 8640, time: 0.001, data: 0.001) , D_A: 0.280, G_A: 1.168, cycle_A: 0.338, D_B: 0.199, G_B: 0.989, cycle_B: 0.121, gp: 0.195

[Rank 0] (epoch: 21, iters: 10240, time: 0.001, data: 0.001) , D_A: 0.138, G_A: 1.038, cycle_A: 0.363, D_B: 0.201, G_B: 1.000, cycle_B: 0.118, gp: 0.199

[Rank 0] (epoch: 21, iters: 11840, time: 0.001, data: 0.001) , D_A: 0.203, G_A: 1.031, cycle_A: 0.344, D_B: 0.155, G_B: 0.998, cycle_B: 0.112, gp: 0.152

[Rank 0] (epoch: 21, iters: 13440, time: 0.001, data: 0.001) , D_A: 0.291, G_A: 0.634, cycle_A: 0.358, D_B: 0.225, G_B: 1.007, cycle_B: 0.114, gp: 0.223

[Rank 0] (epoch: 21, iters: 15040, time: 0.001, data: 0.001) , D_A: 0.112, G_A: 0.973, cycle_A: 0.351, D_B: 0.140, G_B: 0.990, cycle_B: 0.117, gp: 0.138

[Rank 0] (epoch: 21, iters: 16640, time: 0.001, data: 0.001) , D_A: 0.198, G_A: 0.945, cycle_A: 0.343, D_B: 0.164, G_B: 1.000, cycle_B: 0.110, gp: 0.162

[Rank 0] (epoch: 21, iters: 18240, time: 0.001, data: 0.001) , D_A: 0.245, G_A: 1.018, cycle_A: 0.351, D_B: 0.157, G_B: 0.964, cycle_B: 0.099, gp: 0.154

[Rank 0] (epoch: 21, iters: 19840, time: 0.001, data: 0.001) , D_A: 0.257, G_A: 1.004, cycle_A: 0.351, D_B: 0.193, G_B: 0.997, cycle_B: 0.117, gp: 0.191

[Rank 0] (epoch: 21, iters: 21440, time: 0.001, data: 0.001) , D_A: 0.329, G_A: 0.972, cycle_A: 0.342, D_B: 0.196, G_B: 1.016, cycle_B: 0.106, gp: 0.193

[Rank 0] (epoch: 21, iters: 23040, time: 0.001, data: 0.001) , D_A: 0.245, G_A: 1.022, cycle_A: 0.338, D_B: 0.205, G_B: 0.961, cycle_B: 0.108, gp: 0.202

[Rank 0] (epoch: 21, iters: 24640, time: 0.001, data: 0.001) , D_A: 0.185, G_A: 1.032, cycle_A: 0.350, D_B: 0.217, G_B: 1.037, cycle_B: 0.107, gp: 0.215

[Rank 0] (epoch: 21, iters: 26240, time: 0.001, data: 0.001) , D_A: 0.249, G_A: 1.089, cycle_A: 0.340, D_B: 0.125, G_B: 0.997, cycle_B: 0.118, gp: 0.123

[Rank 0] (epoch: 21, iters: 27840, time: 0.001, data: 0.001) , D_A: 0.234, G_A: 1.085, cycle_A: 0.343, D_B: 0.215, G_B: 1.000, cycle_B: 0.112, gp: 0.212

[Rank 0] (epoch: 21, iters: 29440, time: 0.001, data: 0.001) , D_A: 0.169, G_A: 0.937, cycle_A: 0.344, D_B: 0.159, G_B: 0.978, cycle_B: 0.111, gp: 0.156

--- iter tau=0.2592 ---
  cipher in :  never admit to herself that male companionship was a very natur
  decrypted : aeoioia  fteaecanoi ol aen eaf loaucfv etce ntvar  a aioigae ehi
  real plain: hem there would be very little left worth saving it cannot be sa
  cipher in : hem that believe on his name it is to those who believe on his n
  decrypted : nofaen easoltoioaceant ae foateat aecaenc oarncasoltoioaceant ae
  real plain: ics it is to be hoped that the dispatch of general clay to west 
[Rank 0] (epoch: 21, iters: 31040, time: 0.001, data: 0.001) , D_A: 0.257, G_A: 0.893, cycle_A: 0.372, D_B: 0.199, G_B: 1.028, cycle_B: 0.103, gp: 0.196

saving the latest model (epoch 21, total_iters 840000)
[Rank 0] (epoch: 21, iters: 32640, time: 0.001, data: 0.001) , D_A: 0.203, G_A: 0.919, cycle_A: 0.335, D_B: 0.268, G_B: 0.937, cycle_B: 0.097, gp: 0.265

[Rank 0] (epoch: 21, iters: 34240, time: 0.001, data: 0.001) , D_A: 0.226, G_A: 1.096, cycle_A: 0.341, D_B: 0.212, G_B: 0.972, cycle_B: 0.114, gp: 0.209

[Rank 0] (epoch: 21, iters: 35840, time: 0.001, data: 0.002) , D_A: 0.143, G_A: 0.995, cycle_A: 0.343, D_B: 0.116, G_B: 1.017, cycle_B: 0.103, gp: 0.114

[Rank 0] (epoch: 21, iters: 37440, time: 0.001, data: 0.001) , D_A: 0.326, G_A: 1.041, cycle_A: 0.354, D_B: 0.310, G_B: 0.964, cycle_B: 0.113, gp: 0.307

[Rank 0] (epoch: 21, iters: 39040, time: 0.001, data: 0.001) , D_A: 0.201, G_A: 1.040, cycle_A: 0.325, D_B: 0.252, G_B: 1.023, cycle_B: 0.101, gp: 0.250

learning rate 0.0002000 -> 0.0002000
temperature tau = 0.2508
End of epoch 21 / 50 	 Time Taken: 34 sec
[Rank 0] (epoch: 22, iters: 192, time: 0.001, data: 0.001) , D_A: 0.194, G_A: 0.921, cycle_A: 0.350, D_B: 0.160, G_B: 0.866, cycle_B: 0.101, gp: 0.152

[Rank 0] (epoch: 22, iters: 1792, time: 0.001, data: 0.004) , D_A: 0.317, G_A: 1.003, cycle_A: 0.347, D_B: 0.225, G_B: 0.977, cycle_B: 0.102, gp: 0.223

[Rank 0] (epoch: 22, iters: 3392, time: 0.001, data: 0.001) , D_A: 0.182, G_A: 1.094, cycle_A: 0.351, D_B: 0.195, G_B: 1.001, cycle_B: 0.107, gp: 0.193

[Rank 0] (epoch: 22, iters: 4992, time: 0.001, data: 0.001) , D_A: 0.178, G_A: 0.986, cycle_A: 0.360, D_B: 0.185, G_B: 0.989, cycle_B: 0.100, gp: 0.183

[Rank 0] (epoch: 22, iters: 6592, time: 0.001, data: 0.001) , D_A: 0.208, G_A: 1.057, cycle_A: 0.349, D_B: 0.209, G_B: 0.942, cycle_B: 0.101, gp: 0.205

[Rank 0] (epoch: 22, iters: 8192, time: 0.001, data: 0.001) , D_A: 0.204, G_A: 0.991, cycle_A: 0.346, D_B: 0.187, G_B: 0.976, cycle_B: 0.101, gp: 0.185

[Rank 0] (epoch: 22, iters: 9792, time: 0.001, data: 0.001) , D_A: 0.183, G_A: 1.026, cycle_A: 0.351, D_B: 0.130, G_B: 0.988, cycle_B: 0.114, gp: 0.128

[Rank 0] (epoch: 22, iters: 11392, time: 0.001, data: 0.001) , D_A: 0.199, G_A: 0.944, cycle_A: 0.344, D_B: 0.141, G_B: 0.993, cycle_B: 0.105, gp: 0.138

[Rank 0] (epoch: 22, iters: 12992, time: 0.001, data: 0.001) , D_A: 0.203, G_A: 1.026, cycle_A: 0.344, D_B: 0.433, G_B: 1.043, cycle_B: 0.116, gp: 0.425

[Rank 0] (epoch: 22, iters: 14592, time: 0.001, data: 0.001) , D_A: 0.336, G_A: 0.994, cycle_A: 0.350, D_B: 0.241, G_B: 1.051, cycle_B: 0.118, gp: 0.238

[Rank 0] (epoch: 22, iters: 16192, time: 0.001, data: 0.001) , D_A: 0.133, G_A: 1.001, cycle_A: 0.356, D_B: 0.159, G_B: 1.017, cycle_B: 0.109, gp: 0.157

[Rank 0] (epoch: 22, iters: 17792, time: 0.001, data: 0.001) , D_A: 0.169, G_A: 1.010, cycle_A: 0.359, D_B: 0.239, G_B: 0.902, cycle_B: 0.098, gp: 0.236

[Rank 0] (epoch: 22, iters: 19392, time: 0.001, data: 0.001) , D_A: 0.190, G_A: 0.859, cycle_A: 0.353, D_B: 0.119, G_B: 1.012, cycle_B: 0.102, gp: 0.117

[Rank 0] (epoch: 22, iters: 20992, time: 0.001, data: 0.001) , D_A: 0.232, G_A: 1.132, cycle_A: 0.339, D_B: 0.138, G_B: 0.956, cycle_B: 0.109, gp: 0.135

[Rank 0] (epoch: 22, iters: 22592, time: 0.001, data: 0.001) , D_A: 0.189, G_A: 0.994, cycle_A: 0.349, D_B: 0.103, G_B: 1.006, cycle_B: 0.106, gp: 0.100

[Rank 0] (epoch: 22, iters: 24192, time: 0.001, data: 0.001) , D_A: 0.154, G_A: 0.914, cycle_A: 0.334, D_B: 0.218, G_B: 1.007, cycle_B: 0.110, gp: 0.214

[Rank 0] (epoch: 22, iters: 25792, time: 0.001, data: 0.001) , D_A: 0.180, G_A: 0.951, cycle_A: 0.349, D_B: 0.139, G_B: 0.974, cycle_B: 0.111, gp: 0.137

[Rank 0] (epoch: 22, iters: 27392, time: 0.001, data: 0.001) , D_A: 0.175, G_A: 1.057, cycle_A: 0.348, D_B: 0.122, G_B: 0.980, cycle_B: 0.106, gp: 0.120

[Rank 0] (epoch: 22, iters: 28992, time: 0.001, data: 0.001) , D_A: 0.223, G_A: 0.948, cycle_A: 0.343, D_B: 0.150, G_B: 1.013, cycle_B: 0.106, gp: 0.148

--- iter tau=0.2508 ---
  cipher in : nt with the anecdotal small talk of a somewhat unusual travelogu
  decrypted : eeartenaenoa eou ce la f llae lbac a a cforn eaheh h laei iolcmh
  real plain: any his narrative a bleak motif with barren octaves creating a r
  cipher in : ified product was stored at degrees in a tube equipped with a br
  decrypted : t to avic huear  a ecio a ea omioo atea aehsoaoqhtvvo artena asi
  real plain: ropped his earlier and delightful hamming which is about the onl
[Rank 0] (epoch: 22, iters: 30592, time: 0.001, data: 0.001) , D_A: 0.242, G_A: 0.885, cycle_A: 0.370, D_B: 0.182, G_B: 1.041, cycle_B: 0.119, gp: 0.180

saving the latest model (epoch 22, total_iters 880000)
[Rank 0] (epoch: 22, iters: 32192, time: 0.001, data: 0.001) , D_A: 0.180, G_A: 1.055, cycle_A: 0.348, D_B: 0.140, G_B: 0.962, cycle_B: 0.112, gp: 0.138

[Rank 0] (epoch: 22, iters: 33792, time: 0.001, data: 0.001) , D_A: 0.176, G_A: 1.067, cycle_A: 0.350, D_B: 0.165, G_B: 0.966, cycle_B: 0.102, gp: 0.163

[Rank 0] (epoch: 22, iters: 35392, time: 0.001, data: 0.001) , D_A: 0.228, G_A: 0.903, cycle_A: 0.355, D_B: 0.165, G_B: 0.964, cycle_B: 0.104, gp: 0.163

[Rank 0] (epoch: 22, iters: 36992, time: 0.001, data: 0.001) , D_A: 0.214, G_A: 1.000, cycle_A: 0.345, D_B: 0.233, G_B: 0.938, cycle_B: 0.108, gp: 0.230

[Rank 0] (epoch: 22, iters: 38592, time: 0.001, data: 0.001) , D_A: 0.189, G_A: 1.110, cycle_A: 0.334, D_B: 0.150, G_B: 0.970, cycle_B: 0.111, gp: 0.148

[Rank 0] (epoch: 22, iters: 40192, time: 0.001, data: 0.001) , D_A: 0.222, G_A: 1.038, cycle_A: 0.345, D_B: 0.123, G_B: 0.951, cycle_B: 0.105, gp: 0.121

learning rate 0.0002000 -> 0.0002000
temperature tau = 0.2427
End of epoch 22 / 50 	 Time Taken: 35 sec
[Rank 0] (epoch: 23, iters: 1344, time: 0.001, data: 0.001) , D_A: 0.193, G_A: 1.012, cycle_A: 0.360, D_B: 0.177, G_B: 0.871, cycle_B: 0.116, gp: 0.169

[Rank 0] (epoch: 23, iters: 2944, time: 0.001, data: 0.001) , D_A: 0.145, G_A: 1.000, cycle_A: 0.358, D_B: 0.133, G_B: 1.015, cycle_B: 0.100, gp: 0.130

[Rank 0] (epoch: 23, iters: 4544, time: 0.001, data: 0.001) , D_A: 0.233, G_A: 0.938, cycle_A: 0.350, D_B: 0.200, G_B: 1.141, cycle_B: 0.099, gp: 0.195

[Rank 0] (epoch: 23, iters: 6144, time: 0.001, data: 0.001) , D_A: 0.285, G_A: 1.051, cycle_A: 0.360, D_B: 0.173, G_B: 1.020, cycle_B: 0.102, gp: 0.170

[Rank 0] (epoch: 23, iters: 7744, time: 0.001, data: 0.001) , D_A: 0.266, G_A: 1.045, cycle_A: 0.365, D_B: 0.131, G_B: 0.989, cycle_B: 0.102, gp: 0.129

[Rank 0] (epoch: 23, iters: 9344, time: 0.001, data: 0.001) , D_A: 0.179, G_A: 0.986, cycle_A: 0.344, D_B: 0.237, G_B: 0.988, cycle_B: 0.118, gp: 0.235

[Rank 0] (epoch: 23, iters: 10944, time: 0.001, data: 0.001) , D_A: 0.228, G_A: 0.822, cycle_A: 0.342, D_B: 0.197, G_B: 1.016, cycle_B: 0.103, gp: 0.195

[Rank 0] (epoch: 23, iters: 12544, time: 0.001, data: 0.001) , D_A: 0.137, G_A: 1.017, cycle_A: 0.335, D_B: 0.151, G_B: 0.973, cycle_B: 0.111, gp: 0.149

[Rank 0] (epoch: 23, iters: 14144, time: 0.001, data: 0.001) , D_A: 0.359, G_A: 1.151, cycle_A: 0.349, D_B: 0.258, G_B: 0.972, cycle_B: 0.106, gp: 0.256

[Rank 0] (epoch: 23, iters: 15744, time: 0.001, data: 0.001) , D_A: 0.227, G_A: 0.925, cycle_A: 0.353, D_B: 0.197, G_B: 0.920, cycle_B: 0.101, gp: 0.193

[Rank 0] (epoch: 23, iters: 17344, time: 0.001, data: 0.001) , D_A: 0.191, G_A: 1.072, cycle_A: 0.351, D_B: 0.204, G_B: 0.948, cycle_B: 0.102, gp: 0.201

[Rank 0] (epoch: 23, iters: 18944, time: 0.001, data: 0.001) , D_A: 0.221, G_A: 0.966, cycle_A: 0.375, D_B: 0.171, G_B: 1.003, cycle_B: 0.106, gp: 0.169

[Rank 0] (epoch: 23, iters: 20544, time: 0.001, data: 0.001) , D_A: 0.273, G_A: 0.994, cycle_A: 0.352, D_B: 0.249, G_B: 1.181, cycle_B: 0.110, gp: 0.240

[Rank 0] (epoch: 23, iters: 22144, time: 0.001, data: 0.001) , D_A: 0.117, G_A: 1.044, cycle_A: 0.354, D_B: 0.244, G_B: 1.016, cycle_B: 0.105, gp: 0.241

[Rank 0] (epoch: 23, iters: 23744, time: 0.001, data: 0.001) , D_A: 0.266, G_A: 0.951, cycle_A: 0.359, D_B: 0.202, G_B: 0.986, cycle_B: 0.107, gp: 0.200

[Rank 0] (epoch: 23, iters: 25344, time: 0.001, data: 0.001) , D_A: 0.246, G_A: 1.001, cycle_A: 0.347, D_B: 0.185, G_B: 1.096, cycle_B: 0.107, gp: 0.180

[Rank 0] (epoch: 23, iters: 26944, time: 0.001, data: 0.001) , D_A: 0.179, G_A: 1.007, cycle_A: 0.353, D_B: 0.262, G_B: 1.005, cycle_B: 0.105, gp: 0.260

[Rank 0] (epoch: 23, iters: 28544, time: 0.001, data: 0.001) , D_A: 0.230, G_A: 0.939, cycle_A: 0.352, D_B: 0.196, G_B: 0.978, cycle_B: 0.117, gp: 0.193

--- iter tau=0.2427 ---
  cipher in : e confederate forces had won jonathan and ben were not on the li
  decrypted : oauce o oi eoa ciuo an  arceayce en ea e asoearoioaeceaceaenoalt
  real plain: o a minimum height of feet but fenced or unfenced no poolside is
  cipher in : n the saving of interest costs heavy when shortterm money rates 
  decrypted : eaenoa  itemac ateeoio eauc e ano igarnoea ncieeoifafceogai eo a
  real plain: hool mr and mrs stewart were puzzled and concerned then one day 
[Rank 0] (epoch: 23, iters: 30144, time: 0.001, data: 0.001) , D_A: 0.169, G_A: 0.988, cycle_A: 0.361, D_B: 0.220, G_B: 0.987, cycle_B: 0.112, gp: 0.217

saving the latest model (epoch 23, total_iters 920000)
[Rank 0] (epoch: 23, iters: 31744, time: 0.001, data: 0.001) , D_A: 0.172, G_A: 0.964, cycle_A: 0.364, D_B: 0.231, G_B: 0.965, cycle_B: 0.111, gp: 0.226

[Rank 0] (epoch: 23, iters: 33344, time: 0.001, data: 0.001) , D_A: 0.165, G_A: 1.018, cycle_A: 0.359, D_B: 0.237, G_B: 0.933, cycle_B: 0.111, gp: 0.235

[Rank 0] (epoch: 23, iters: 34944, time: 0.001, data: 0.001) , D_A: 0.128, G_A: 0.953, cycle_A: 0.351, D_B: 0.285, G_B: 0.988, cycle_B: 0.108, gp: 0.282

[Rank 0] (epoch: 23, iters: 36544, time: 0.001, data: 0.001) , D_A: 0.104, G_A: 0.974, cycle_A: 0.345, D_B: 0.197, G_B: 0.988, cycle_B: 0.108, gp: 0.195

[Rank 0] (epoch: 23, iters: 38144, time: 0.001, data: 0.001) , D_A: 0.248, G_A: 0.977, cycle_A: 0.355, D_B: 0.212, G_B: 0.958, cycle_B: 0.111, gp: 0.211

[Rank 0] (epoch: 23, iters: 39744, time: 0.001, data: 0.001) , D_A: 0.309, G_A: 0.963, cycle_A: 0.332, D_B: 0.172, G_B: 0.983, cycle_B: 0.106, gp: 0.170

learning rate 0.0002000 -> 0.0002000
temperature tau = 0.2349
End of epoch 23 / 50 	 Time Taken: 34 sec
[Rank 0] (epoch: 24, iters: 896, time: 0.001, data: 0.001) , D_A: 0.173, G_A: 0.963, cycle_A: 0.344, D_B: 0.241, G_B: 0.986, cycle_B: 0.108, gp: 0.239

[Rank 0] (epoch: 24, iters: 2496, time: 0.001, data: 0.000) , D_A: 0.138, G_A: 1.035, cycle_A: 0.368, D_B: 0.194, G_B: 0.986, cycle_B: 0.103, gp: 0.192

[Rank 0] (epoch: 24, iters: 4096, time: 0.001, data: 0.001) , D_A: 0.144, G_A: 0.989, cycle_A: 0.358, D_B: 0.195, G_B: 1.008, cycle_B: 0.102, gp: 0.193

[Rank 0] (epoch: 24, iters: 5696, time: 0.001, data: 0.001) , D_A: 0.200, G_A: 1.039, cycle_A: 0.344, D_B: 0.150, G_B: 0.969, cycle_B: 0.102, gp: 0.148

[Rank 0] (epoch: 24, iters: 7296, time: 0.001, data: 0.001) , D_A: 0.162, G_A: 1.019, cycle_A: 0.361, D_B: 0.224, G_B: 0.969, cycle_B: 0.107, gp: 0.223

[Rank 0] (epoch: 24, iters: 8896, time: 0.001, data: 0.001) , D_A: 0.178, G_A: 0.961, cycle_A: 0.359, D_B: 0.241, G_B: 0.984, cycle_B: 0.096, gp: 0.239

[Rank 0] (epoch: 24, iters: 10496, time: 0.001, data: 0.001) , D_A: 0.213, G_A: 0.972, cycle_A: 0.351, D_B: 0.261, G_B: 0.990, cycle_B: 0.110, gp: 0.259

[Rank 0] (epoch: 24, iters: 12096, time: 0.001, data: 0.001) , D_A: 0.184, G_A: 0.915, cycle_A: 0.348, D_B: 0.195, G_B: 1.007, cycle_B: 0.106, gp: 0.193

[Rank 0] (epoch: 24, iters: 13696, time: 0.001, data: 0.001) , D_A: 0.239, G_A: 1.005, cycle_A: 0.340, D_B: 0.267, G_B: 0.964, cycle_B: 0.110, gp: 0.264

[Rank 0] (epoch: 24, iters: 15296, time: 0.001, data: 0.001) , D_A: 0.242, G_A: 0.931, cycle_A: 0.359, D_B: 0.225, G_B: 0.991, cycle_B: 0.117, gp: 0.224

[Rank 0] (epoch: 24, iters: 16896, time: 0.001, data: 0.001) , D_A: 0.196, G_A: 1.055, cycle_A: 0.340, D_B: 0.159, G_B: 0.988, cycle_B: 0.109, gp: 0.158

[Rank 0] (epoch: 24, iters: 18496, time: 0.001, data: 0.001) , D_A: 0.247, G_A: 0.983, cycle_A: 0.339, D_B: 0.224, G_B: 1.013, cycle_B: 0.108, gp: 0.223

[Rank 0] (epoch: 24, iters: 20096, time: 0.001, data: 0.001) , D_A: 0.230, G_A: 1.082, cycle_A: 0.351, D_B: 0.281, G_B: 1.033, cycle_B: 0.118, gp: 0.279

[Rank 0] (epoch: 24, iters: 21696, time: 0.001, data: 0.001) , D_A: 0.182, G_A: 0.940, cycle_A: 0.343, D_B: 0.190, G_B: 0.996, cycle_B: 0.111, gp: 0.188

[Rank 0] (epoch: 24, iters: 23296, time: 0.001, data: 0.001) , D_A: 0.111, G_A: 0.995, cycle_A: 0.349, D_B: 0.220, G_B: 0.979, cycle_B: 0.107, gp: 0.219

[Rank 0] (epoch: 24, iters: 24896, time: 0.001, data: 0.001) , D_A: 0.126, G_A: 0.970, cycle_A: 0.345, D_B: 0.247, G_B: 0.984, cycle_B: 0.105, gp: 0.246

[Rank 0] (epoch: 24, iters: 26496, time: 0.001, data: 0.001) , D_A: 0.242, G_A: 1.030, cycle_A: 0.345, D_B: 0.241, G_B: 0.999, cycle_B: 0.118, gp: 0.240

[Rank 0] (epoch: 24, iters: 28096, time: 0.001, data: 0.001) , D_A: 0.280, G_A: 0.940, cycle_A: 0.339, D_B: 0.189, G_B: 0.984, cycle_B: 0.112, gp: 0.188

--- iter tau=0.2349 ---
  cipher in : ig house said you wore yourself out cleaning all these empty roo
  decrypted : tmanch oa  t agcharcioagchi ol acheaulo etema llaeno oaofvegaicc
  real plain: american activities the minute women the economic council and ot
  cipher in :  going to give us work the grateful way she looked at morgan mad
  decrypted : amctemaecamtioah arcibaenoami eo hlar ga noalccbo a eafcim eaf  
  real plain: me around we both knew we were hopelessly in love yet even then 
[Rank 0] (epoch: 24, iters: 29696, time: 0.001, data: 0.001) , D_A: 0.213, G_A: 0.931, cycle_A: 0.355, D_B: 0.210, G_B: 0.997, cycle_B: 0.111, gp: 0.207

saving the latest model (epoch 24, total_iters 960000)
[Rank 0] (epoch: 24, iters: 31296, time: 0.001, data: 0.001) , D_A: 0.169, G_A: 0.983, cycle_A: 0.358, D_B: 0.162, G_B: 1.026, cycle_B: 0.114, gp: 0.160

[Rank 0] (epoch: 24, iters: 32896, time: 0.001, data: 0.001) , D_A: 0.255, G_A: 0.943, cycle_A: 0.350, D_B: 0.196, G_B: 1.039, cycle_B: 0.116, gp: 0.194

[Rank 0] (epoch: 24, iters: 34496, time: 0.001, data: 0.001) , D_A: 0.224, G_A: 1.030, cycle_A: 0.344, D_B: 0.207, G_B: 0.979, cycle_B: 0.101, gp: 0.206

[Rank 0] (epoch: 24, iters: 36096, time: 0.001, data: 0.001) , D_A: 0.244, G_A: 1.014, cycle_A: 0.349, D_B: 0.200, G_B: 1.009, cycle_B: 0.105, gp: 0.198

[Rank 0] (epoch: 24, iters: 37696, time: 0.001, data: 0.001) , D_A: 0.178, G_A: 0.969, cycle_A: 0.351, D_B: 0.251, G_B: 0.969, cycle_B: 0.112, gp: 0.249

[Rank 0] (epoch: 24, iters: 39296, time: 0.001, data: 0.001) , D_A: 0.198, G_A: 0.975, cycle_A: 0.349, D_B: 0.223, G_B: 0.942, cycle_B: 0.099, gp: 0.220

learning rate 0.0002000 -> 0.0002000
temperature tau = 0.2273
End of epoch 24 / 50 	 Time Taken: 34 sec
[Rank 0] (epoch: 25, iters: 448, time: 0.001, data: 0.001) , D_A: 0.276, G_A: 0.966, cycle_A: 0.351, D_B: 0.163, G_B: 0.991, cycle_B: 0.100, gp: 0.162

[Rank 0] (epoch: 25, iters: 2048, time: 0.001, data: 0.001) , D_A: 0.152, G_A: 1.014, cycle_A: 0.340, D_B: 0.282, G_B: 0.966, cycle_B: 0.102, gp: 0.280

[Rank 0] (epoch: 25, iters: 3648, time: 0.001, data: 0.001) , D_A: 0.170, G_A: 1.005, cycle_A: 0.346, D_B: 0.159, G_B: 0.962, cycle_B: 0.102, gp: 0.157

[Rank 0] (epoch: 25, iters: 5248, time: 0.001, data: 0.001) , D_A: 0.240, G_A: 1.127, cycle_A: 0.366, D_B: 0.201, G_B: 0.940, cycle_B: 0.104, gp: 0.199

[Rank 0] (epoch: 25, iters: 6848, time: 0.001, data: 0.001) , D_A: 0.184, G_A: 1.004, cycle_A: 0.363, D_B: 0.157, G_B: 1.006, cycle_B: 0.112, gp: 0.156

[Rank 0] (epoch: 25, iters: 8448, time: 0.001, data: 0.001) , D_A: 0.166, G_A: 0.952, cycle_A: 0.345, D_B: 0.175, G_B: 0.991, cycle_B: 0.116, gp: 0.173

[Rank 0] (epoch: 25, iters: 10048, time: 0.001, data: 0.001) , D_A: 0.251, G_A: 1.032, cycle_A: 0.354, D_B: 0.152, G_B: 0.989, cycle_B: 0.112, gp: 0.151

[Rank 0] (epoch: 25, iters: 11648, time: 0.001, data: 0.001) , D_A: 0.189, G_A: 1.041, cycle_A: 0.346, D_B: 0.184, G_B: 0.968, cycle_B: 0.105, gp: 0.181

[Rank 0] (epoch: 25, iters: 13248, time: 0.001, data: 0.001) , D_A: 0.202, G_A: 1.016, cycle_A: 0.355, D_B: 0.254, G_B: 0.974, cycle_B: 0.114, gp: 0.252

[Rank 0] (epoch: 25, iters: 14848, time: 0.001, data: 0.001) , D_A: 0.150, G_A: 0.827, cycle_A: 0.347, D_B: 0.133, G_B: 0.979, cycle_B: 0.110, gp: 0.130

[Rank 0] (epoch: 25, iters: 16448, time: 0.001, data: 0.001) , D_A: 0.182, G_A: 0.959, cycle_A: 0.349, D_B: 0.125, G_B: 0.987, cycle_B: 0.110, gp: 0.123

[Rank 0] (epoch: 25, iters: 18048, time: 0.001, data: 0.001) , D_A: 0.224, G_A: 0.923, cycle_A: 0.354, D_B: 0.217, G_B: 0.990, cycle_B: 0.097, gp: 0.216

[Rank 0] (epoch: 25, iters: 19648, time: 0.001, data: 0.001) , D_A: 0.171, G_A: 0.946, cycle_A: 0.349, D_B: 0.201, G_B: 1.001, cycle_B: 0.118, gp: 0.199

[Rank 0] (epoch: 25, iters: 21248, time: 0.001, data: 0.001) , D_A: 0.153, G_A: 0.904, cycle_A: 0.353, D_B: 0.151, G_B: 1.014, cycle_B: 0.106, gp: 0.149

[Rank 0] (epoch: 25, iters: 22848, time: 0.001, data: 0.001) , D_A: 0.153, G_A: 1.080, cycle_A: 0.342, D_B: 0.185, G_B: 1.013, cycle_B: 0.106, gp: 0.183

[Rank 0] (epoch: 25, iters: 24448, time: 0.001, data: 0.001) , D_A: 0.238, G_A: 0.969, cycle_A: 0.358, D_B: 0.195, G_B: 0.966, cycle_B: 0.110, gp: 0.193

[Rank 0] (epoch: 25, iters: 26048, time: 0.001, data: 0.001) , D_A: 0.233, G_A: 0.988, cycle_A: 0.341, D_B: 0.217, G_B: 0.997, cycle_B: 0.111, gp: 0.215

[Rank 0] (epoch: 25, iters: 27648, time: 0.001, data: 0.001) , D_A: 0.171, G_A: 1.004, cycle_A: 0.354, D_B: 0.201, G_B: 1.003, cycle_B: 0.107, gp: 0.200

--- iter tau=0.2273 ---
  cipher in : i puerto rico or the virgin islands and you have no legal reside
  decrypted : tavhoiedaitudadiaenoaitimteat l e  a e agdhan ioaedalom laio t o
  real plain: american activities the minute women the economic council and ot
  cipher in : raped back and customers hastily vacated their tables as the tal
  decrypted : i vo as uba e auh edfoi an  etlgai u eo aenotiae slo a  aenoae l
  real plain: me around we both knew we were hopelessly in love yet even then 
[Rank 0] (epoch: 25, iters: 29248, time: 0.001, data: 0.001) , D_A: 0.266, G_A: 1.070, cycle_A: 0.346, D_B: 0.150, G_B: 1.002, cycle_B: 0.112, gp: 0.148

saving the latest model (epoch 25, total_iters 1000000)
[Rank 0] (epoch: 25, iters: 30848, time: 0.001, data: 0.001) , D_A: 0.132, G_A: 1.035, cycle_A: 0.345, D_B: 0.190, G_B: 0.941, cycle_B: 0.103, gp: 0.188

[Rank 0] (epoch: 25, iters: 32448, time: 0.001, data: 0.001) , D_A: 0.197, G_A: 0.849, cycle_A: 0.342, D_B: 0.167, G_B: 0.972, cycle_B: 0.097, gp: 0.165

[Rank 0] (epoch: 25, iters: 34048, time: 0.001, data: 0.001) , D_A: 0.206, G_A: 1.056, cycle_A: 0.359, D_B: 0.111, G_B: 0.984, cycle_B: 0.114, gp: 0.109

[Rank 0] (epoch: 25, iters: 35648, time: 0.001, data: 0.001) , D_A: 0.200, G_A: 0.989, cycle_A: 0.354, D_B: 0.190, G_B: 0.974, cycle_B: 0.103, gp: 0.188

[Rank 0] (epoch: 25, iters: 37248, time: 0.001, data: 0.001) , D_A: 0.151, G_A: 0.963, cycle_A: 0.369, D_B: 0.144, G_B: 1.066, cycle_B: 0.109, gp: 0.141

[Rank 0] (epoch: 25, iters: 38848, time: 0.001, data: 0.001) , D_A: 0.171, G_A: 0.972, cycle_A: 0.345, D_B: 0.233, G_B: 0.994, cycle_B: 0.110, gp: 0.231

[Rank 0] (epoch: 25, iters: 40448, time: 0.001, data: 0.001) , D_A: 0.167, G_A: 0.965, cycle_A: 0.342, D_B: 0.258, G_B: 0.982, cycle_B: 0.105, gp: 0.257

learning rate 0.0002000 -> 0.0002000
temperature tau = 0.2200
End of epoch 25 / 50 	 Time Taken: 34 sec
[Rank 0] (epoch: 26, iters: 1600, time: 0.001, data: 0.102) , D_A: 0.179, G_A: 0.990, cycle_A: 0.354, D_B: 0.154, G_B: 0.993, cycle_B: 0.109, gp: 0.152

[Rank 0] (epoch: 26, iters: 3200, time: 0.001, data: 0.001) , D_A: 0.202, G_A: 1.024, cycle_A: 0.338, D_B: 0.152, G_B: 0.971, cycle_B: 0.110, gp: 0.150

[Rank 0] (epoch: 26, iters: 4800, time: 0.001, data: 0.001) , D_A: 0.201, G_A: 1.005, cycle_A: 0.366, D_B: 0.199, G_B: 1.005, cycle_B: 0.098, gp: 0.198

[Rank 0] (epoch: 26, iters: 6400, time: 0.001, data: 0.001) , D_A: 0.100, G_A: 1.027, cycle_A: 0.351, D_B: 0.116, G_B: 0.980, cycle_B: 0.101, gp: 0.114

[Rank 0] (epoch: 26, iters: 8000, time: 0.001, data: 0.001) , D_A: 0.209, G_A: 1.023, cycle_A: 0.331, D_B: 0.119, G_B: 0.993, cycle_B: 0.101, gp: 0.118

[Rank 0] (epoch: 26, iters: 9600, time: 0.001, data: 0.001) , D_A: 0.220, G_A: 0.948, cycle_A: 0.364, D_B: 0.179, G_B: 1.000, cycle_B: 0.109, gp: 0.178

[Rank 0] (epoch: 26, iters: 11200, time: 0.001, data: 0.001) , D_A: 0.262, G_A: 0.914, cycle_A: 0.354, D_B: 0.225, G_B: 1.043, cycle_B: 0.104, gp: 0.222

[Rank 0] (epoch: 26, iters: 12800, time: 0.001, data: 0.001) , D_A: 0.158, G_A: 0.949, cycle_A: 0.351, D_B: 0.194, G_B: 0.977, cycle_B: 0.110, gp: 0.192

[Rank 0] (epoch: 26, iters: 14400, time: 0.001, data: 0.001) , D_A: 0.173, G_A: 1.024, cycle_A: 0.354, D_B: 0.105, G_B: 0.988, cycle_B: 0.109, gp: 0.103

[Rank 0] (epoch: 26, iters: 16000, time: 0.001, data: 0.001) , D_A: 0.177, G_A: 1.136, cycle_A: 0.338, D_B: 0.111, G_B: 0.997, cycle_B: 0.110, gp: 0.109

[Rank 0] (epoch: 26, iters: 17600, time: 0.001, data: 0.001) , D_A: 0.204, G_A: 1.018, cycle_A: 0.359, D_B: 0.149, G_B: 0.959, cycle_B: 0.099, gp: 0.146

[Rank 0] (epoch: 26, iters: 19200, time: 0.001, data: 0.001) , D_A: 0.236, G_A: 0.895, cycle_A: 0.338, D_B: 0.197, G_B: 1.005, cycle_B: 0.102, gp: 0.193

[Rank 0] (epoch: 26, iters: 20800, time: 0.001, data: 0.001) , D_A: 0.151, G_A: 0.980, cycle_A: 0.344, D_B: 0.220, G_B: 1.012, cycle_B: 0.108, gp: 0.219

[Rank 0] (epoch: 26, iters: 22400, time: 0.001, data: 0.001) , D_A: 0.241, G_A: 0.943, cycle_A: 0.340, D_B: 0.178, G_B: 0.999, cycle_B: 0.101, gp: 0.176

[Rank 0] (epoch: 26, iters: 24000, time: 0.001, data: 0.001) , D_A: 0.138, G_A: 0.986, cycle_A: 0.339, D_B: 0.199, G_B: 0.990, cycle_B: 0.108, gp: 0.197

[Rank 0] (epoch: 26, iters: 25600, time: 0.001, data: 0.001) , D_A: 0.106, G_A: 0.984, cycle_A: 0.343, D_B: 0.178, G_B: 1.003, cycle_B: 0.108, gp: 0.176

[Rank 0] (epoch: 26, iters: 27200, time: 0.001, data: 0.001) , D_A: 0.203, G_A: 0.966, cycle_A: 0.352, D_B: 0.207, G_B: 0.972, cycle_B: 0.110, gp: 0.206

--- iter tau=0.2200 ---
  cipher in :  into the government market looking for anything they can get an
  decrypted : ateecaenoamcioiefoeeaf iboealccbtema cia egentemaenogau eamoea e
  real plain: the new investigations were selected strictly by application of 
  cipher in :  of texas in tall bushes bluebonnets and stagecoach silhouettes 
  decrypted : ac aeob  ateae llash no aslhosceeoe a e a e mouc una tlnchoeeo a
  real plain: ne or two slow rhythmic motions and then swung his feet up into 
[Rank 0] (epoch: 26, iters: 28800, time: 0.001, data: 0.001) , D_A: 0.196, G_A: 0.997, cycle_A: 0.338, D_B: 0.193, G_B: 0.988, cycle_B: 0.106, gp: 0.191

saving the latest model (epoch 26, total_iters 1040000)
[Rank 0] (epoch: 26, iters: 30400, time: 0.001, data: 0.001) , D_A: 0.200, G_A: 1.031, cycle_A: 0.351, D_B: 0.105, G_B: 1.017, cycle_B: 0.119, gp: 0.103

[Rank 0] (epoch: 26, iters: 32000, time: 0.001, data: 0.001) , D_A: 0.225, G_A: 0.974, cycle_A: 0.345, D_B: 0.150, G_B: 0.992, cycle_B: 0.113, gp: 0.148

[Rank 0] (epoch: 26, iters: 33600, time: 0.001, data: 0.001) , D_A: 0.224, G_A: 0.969, cycle_A: 0.341, D_B: 0.229, G_B: 0.965, cycle_B: 0.103, gp: 0.228

[Rank 0] (epoch: 26, iters: 35200, time: 0.001, data: 0.001) , D_A: 0.232, G_A: 0.996, cycle_A: 0.349, D_B: 0.140, G_B: 0.956, cycle_B: 0.108, gp: 0.138

[Rank 0] (epoch: 26, iters: 36800, time: 0.001, data: 0.001) , D_A: 0.201, G_A: 0.985, cycle_A: 0.347, D_B: 0.211, G_B: 0.998, cycle_B: 0.107, gp: 0.209

[Rank 0] (epoch: 26, iters: 38400, time: 0.001, data: 0.001) , D_A: 0.219, G_A: 0.923, cycle_A: 0.345, D_B: 0.228, G_B: 0.994, cycle_B: 0.110, gp: 0.226

[Rank 0] (epoch: 26, iters: 40000, time: 0.001, data: 0.001) , D_A: 0.247, G_A: 1.069, cycle_A: 0.348, D_B: 0.212, G_B: 1.012, cycle_B: 0.108, gp: 0.210

learning rate 0.0002000 -> 0.0002000
temperature tau = 0.2129
End of epoch 26 / 50 	 Time Taken: 35 sec
[Rank 0] (epoch: 27, iters: 1152, time: 0.001, data: 0.001) , D_A: 0.190, G_A: 1.027, cycle_A: 0.350, D_B: 0.161, G_B: 0.961, cycle_B: 0.116, gp: 0.159

[Rank 0] (epoch: 27, iters: 2752, time: 0.001, data: 0.001) , D_A: 0.206, G_A: 0.930, cycle_A: 0.356, D_B: 0.127, G_B: 0.987, cycle_B: 0.102, gp: 0.125

[Rank 0] (epoch: 27, iters: 4352, time: 0.001, data: 0.001) , D_A: 0.264, G_A: 1.010, cycle_A: 0.357, D_B: 0.238, G_B: 0.943, cycle_B: 0.099, gp: 0.237

[Rank 0] (epoch: 27, iters: 5952, time: 0.001, data: 0.001) , D_A: 0.205, G_A: 1.022, cycle_A: 0.340, D_B: 0.163, G_B: 1.028, cycle_B: 0.103, gp: 0.160

[Rank 0] (epoch: 27, iters: 7552, time: 0.001, data: 0.001) , D_A: 0.160, G_A: 0.968, cycle_A: 0.354, D_B: 0.158, G_B: 0.928, cycle_B: 0.107, gp: 0.155

[Rank 0] (epoch: 27, iters: 9152, time: 0.001, data: 0.001) , D_A: 0.146, G_A: 0.986, cycle_A: 0.348, D_B: 0.192, G_B: 0.987, cycle_B: 0.097, gp: 0.191

[Rank 0] (epoch: 27, iters: 10752, time: 0.001, data: 0.001) , D_A: 0.195, G_A: 1.038, cycle_A: 0.362, D_B: 0.166, G_B: 0.980, cycle_B: 0.114, gp: 0.165

[Rank 0] (epoch: 27, iters: 12352, time: 0.001, data: 0.001) , D_A: 0.211, G_A: 0.935, cycle_A: 0.349, D_B: 0.088, G_B: 0.985, cycle_B: 0.111, gp: 0.087

[Rank 0] (epoch: 27, iters: 13952, time: 0.001, data: 0.001) , D_A: 0.171, G_A: 0.983, cycle_A: 0.340, D_B: 0.169, G_B: 1.033, cycle_B: 0.103, gp: 0.167

[Rank 0] (epoch: 27, iters: 15552, time: 0.001, data: 0.001) , D_A: 0.201, G_A: 1.035, cycle_A: 0.343, D_B: 0.175, G_B: 1.002, cycle_B: 0.107, gp: 0.169

[Rank 0] (epoch: 27, iters: 17152, time: 0.001, data: 0.001) , D_A: 0.213, G_A: 0.912, cycle_A: 0.355, D_B: 0.256, G_B: 0.998, cycle_B: 0.102, gp: 0.254

[Rank 0] (epoch: 27, iters: 18752, time: 0.001, data: 0.001) , D_A: 0.162, G_A: 1.054, cycle_A: 0.338, D_B: 0.191, G_B: 1.003, cycle_B: 0.107, gp: 0.189

[Rank 0] (epoch: 27, iters: 20352, time: 0.001, data: 0.001) , D_A: 0.167, G_A: 1.009, cycle_A: 0.350, D_B: 0.214, G_B: 0.995, cycle_B: 0.118, gp: 0.213

[Rank 0] (epoch: 27, iters: 21952, time: 0.001, data: 0.001) , D_A: 0.190, G_A: 0.936, cycle_A: 0.339, D_B: 0.138, G_B: 0.926, cycle_B: 0.111, gp: 0.135

[Rank 0] (epoch: 27, iters: 23552, time: 0.001, data: 0.001) , D_A: 0.195, G_A: 1.022, cycle_A: 0.350, D_B: 0.172, G_B: 0.984, cycle_B: 0.109, gp: 0.171

[Rank 0] (epoch: 27, iters: 25152, time: 0.001, data: 0.001) , D_A: 0.151, G_A: 0.921, cycle_A: 0.354, D_B: 0.107, G_B: 0.973, cycle_B: 0.108, gp: 0.106

[Rank 0] (epoch: 27, iters: 26752, time: 0.001, data: 0.001) , D_A: 0.155, G_A: 0.995, cycle_A: 0.336, D_B: 0.177, G_B: 1.041, cycle_B: 0.110, gp: 0.172

--- iter tau=0.2129 ---
  cipher in : ips to chicago to confer with andrew lawrence the former san fra
  decrypted : tv aecauntu mcaecauce oiartena e ioral rioeuoaenoa cifoia  ea i 
  real plain: ough there were moments when captain heard pointed out on his co
  cipher in : t sometimes michelangelo could not figure who was master and who
  decrypted : ea cfoetfo aftunol emolcauchl aecea tmhioarncar  af  eoia e arnc
  real plain: u cant give and take down here what the hell do you think itll b
[Rank 0] (epoch: 27, iters: 28352, time: 0.001, data: 0.001) , D_A: 0.199, G_A: 0.968, cycle_A: 0.349, D_B: 0.185, G_B: 0.973, cycle_B: 0.117, gp: 0.183

saving the latest model (epoch 27, total_iters 1080000)
[Rank 0] (epoch: 27, iters: 29952, time: 0.001, data: 0.001) , D_A: 0.215, G_A: 0.918, cycle_A: 0.352, D_B: 0.173, G_B: 1.015, cycle_B: 0.111, gp: 0.171

[Rank 0] (epoch: 27, iters: 31552, time: 0.001, data: 0.001) , D_A: 0.140, G_A: 1.041, cycle_A: 0.355, D_B: 0.129, G_B: 0.994, cycle_B: 0.111, gp: 0.128

[Rank 0] (epoch: 27, iters: 33152, time: 0.001, data: 0.001) , D_A: 0.154, G_A: 0.969, cycle_A: 0.337, D_B: 0.249, G_B: 0.865, cycle_B: 0.107, gp: 0.245

[Rank 0] (epoch: 27, iters: 34752, time: 0.001, data: 0.001) , D_A: 0.213, G_A: 0.961, cycle_A: 0.351, D_B: 0.246, G_B: 0.981, cycle_B: 0.102, gp: 0.244

[Rank 0] (epoch: 27, iters: 36352, time: 0.001, data: 0.001) , D_A: 0.250, G_A: 1.015, cycle_A: 0.345, D_B: 0.159, G_B: 1.024, cycle_B: 0.104, gp: 0.157

[Rank 0] (epoch: 27, iters: 37952, time: 0.001, data: 0.001) , D_A: 0.131, G_A: 1.070, cycle_A: 0.348, D_B: 0.179, G_B: 0.983, cycle_B: 0.112, gp: 0.177

[Rank 0] (epoch: 27, iters: 39552, time: 0.001, data: 0.001) , D_A: 0.133, G_A: 0.955, cycle_A: 0.350, D_B: 0.142, G_B: 0.953, cycle_B: 0.106, gp: 0.140

learning rate 0.0002000 -> 0.0002000
temperature tau = 0.2060
End of epoch 27 / 50 	 Time Taken: 35 sec
[Rank 0] (epoch: 28, iters: 704, time: 0.001, data: 0.001) , D_A: 0.225, G_A: 1.002, cycle_A: 0.344, D_B: 0.200, G_B: 1.000, cycle_B: 0.108, gp: 0.198

[Rank 0] (epoch: 28, iters: 2304, time: 0.001, data: 0.003) , D_A: 0.190, G_A: 1.043, cycle_A: 0.346, D_B: 0.155, G_B: 1.024, cycle_B: 0.103, gp: 0.153

[Rank 0] (epoch: 28, iters: 3904, time: 0.001, data: 0.001) , D_A: 0.153, G_A: 1.039, cycle_A: 0.363, D_B: 0.219, G_B: 1.001, cycle_B: 0.102, gp: 0.217

[Rank 0] (epoch: 28, iters: 5504, time: 0.001, data: 0.001) , D_A: 0.261, G_A: 0.974, cycle_A: 0.343, D_B: 0.197, G_B: 1.013, cycle_B: 0.101, gp: 0.195

[Rank 0] (epoch: 28, iters: 7104, time: 0.001, data: 0.001) , D_A: 0.177, G_A: 0.947, cycle_A: 0.345, D_B: 0.199, G_B: 0.980, cycle_B: 0.112, gp: 0.197

[Rank 0] (epoch: 28, iters: 8704, time: 0.001, data: 0.001) , D_A: 0.257, G_A: 0.956, cycle_A: 0.331, D_B: 0.191, G_B: 1.060, cycle_B: 0.117, gp: 0.189

[Rank 0] (epoch: 28, iters: 10304, time: 0.001, data: 0.001) , D_A: 0.152, G_A: 0.993, cycle_A: 0.345, D_B: 0.283, G_B: 1.006, cycle_B: 0.111, gp: 0.281

[Rank 0] (epoch: 28, iters: 11904, time: 0.001, data: 0.001) , D_A: 0.140, G_A: 1.054, cycle_A: 0.346, D_B: 0.221, G_B: 1.027, cycle_B: 0.107, gp: 0.219

[Rank 0] (epoch: 28, iters: 13504, time: 0.001, data: 0.001) , D_A: 0.146, G_A: 0.827, cycle_A: 0.358, D_B: 0.151, G_B: 0.937, cycle_B: 0.109, gp: 0.148

[Rank 0] (epoch: 28, iters: 15104, time: 0.001, data: 0.001) , D_A: 0.123, G_A: 0.934, cycle_A: 0.357, D_B: 0.135, G_B: 0.983, cycle_B: 0.117, gp: 0.133

[Rank 0] (epoch: 28, iters: 16704, time: 0.001, data: 0.001) , D_A: 0.149, G_A: 0.970, cycle_A: 0.339, D_B: 0.209, G_B: 0.987, cycle_B: 0.110, gp: 0.208

[Rank 0] (epoch: 28, iters: 18304, time: 0.001, data: 0.001) , D_A: 0.186, G_A: 0.976, cycle_A: 0.341, D_B: 0.175, G_B: 1.004, cycle_B: 0.097, gp: 0.173

[Rank 0] (epoch: 28, iters: 19904, time: 0.001, data: 0.001) , D_A: 0.105, G_A: 1.020, cycle_A: 0.354, D_B: 0.198, G_B: 0.973, cycle_B: 0.117, gp: 0.196

[Rank 0] (epoch: 28, iters: 21504, time: 0.001, data: 0.001) , D_A: 0.148, G_A: 1.012, cycle_A: 0.333, D_B: 0.144, G_B: 1.042, cycle_B: 0.107, gp: 0.142

[Rank 0] (epoch: 28, iters: 23104, time: 0.001, data: 0.001) , D_A: 0.173, G_A: 1.015, cycle_A: 0.356, D_B: 0.142, G_B: 0.944, cycle_B: 0.109, gp: 0.140

[Rank 0] (epoch: 28, iters: 24704, time: 0.001, data: 0.001) , D_A: 0.199, G_A: 0.979, cycle_A: 0.361, D_B: 0.195, G_B: 1.042, cycle_B: 0.105, gp: 0.193

[Rank 0] (epoch: 28, iters: 26304, time: 0.001, data: 0.001) , D_A: 0.239, G_A: 1.049, cycle_A: 0.343, D_B: 0.146, G_B: 1.013, cycle_B: 0.119, gp: 0.145

--- iter tau=0.2060 ---
  cipher in :  balls mama small and pretty and gay and papa enormously jocular
  decrypted : as ll af f a f lla e avioeega e am ga e av v aoedifdh lgayduhl i
  real plain: ted in laos and cuba it is not a tool for dealing with these cri
  cipher in : s to some extent the personal inadequacies that prejudices attem
  decrypted :  aeda dfoaobeoeeaenoavoi de late  oqh uto aen eavioyh tuo a eeof
  real plain: hine in dianes body police theorize that a combination of dope d
[Rank 0] (epoch: 28, iters: 27904, time: 0.001, data: 0.002) , D_A: 0.172, G_A: 0.999, cycle_A: 0.344, D_B: 0.212, G_B: 1.000, cycle_B: 0.114, gp: 0.209

saving the latest model (epoch 28, total_iters 1120000)
[Rank 0] (epoch: 28, iters: 29504, time: 0.001, data: 0.001) , D_A: 0.147, G_A: 1.001, cycle_A: 0.350, D_B: 0.168, G_B: 1.042, cycle_B: 0.112, gp: 0.167

[Rank 0] (epoch: 28, iters: 31104, time: 0.001, data: 0.001) , D_A: 0.122, G_A: 1.037, cycle_A: 0.353, D_B: 0.194, G_B: 0.974, cycle_B: 0.103, gp: 0.193

[Rank 0] (epoch: 28, iters: 32704, time: 0.001, data: 0.001) , D_A: 0.169, G_A: 0.822, cycle_A: 0.354, D_B: 0.143, G_B: 1.008, cycle_B: 0.097, gp: 0.142

[Rank 0] (epoch: 28, iters: 34304, time: 0.001, data: 0.001) , D_A: 0.250, G_A: 0.950, cycle_A: 0.348, D_B: 0.159, G_B: 1.039, cycle_B: 0.114, gp: 0.157

[Rank 0] (epoch: 28, iters: 35904, time: 0.001, data: 0.002) , D_A: 0.164, G_A: 1.051, cycle_A: 0.339, D_B: 0.275, G_B: 1.003, cycle_B: 0.105, gp: 0.274

[Rank 0] (epoch: 28, iters: 37504, time: 0.001, data: 0.001) , D_A: 0.160, G_A: 1.000, cycle_A: 0.349, D_B: 0.137, G_B: 1.020, cycle_B: 0.112, gp: 0.134

[Rank 0] (epoch: 28, iters: 39104, time: 0.001, data: 0.001) , D_A: 0.255, G_A: 0.971, cycle_A: 0.334, D_B: 0.228, G_B: 1.025, cycle_B: 0.099, gp: 0.226

learning rate 0.0002000 -> 0.0002000
temperature tau = 0.1993
End of epoch 28 / 50 	 Time Taken: 37 sec
[Rank 0] (epoch: 29, iters: 256, time: 0.001, data: 0.003) , D_A: 0.200, G_A: 0.984, cycle_A: 0.349, D_B: 0.161, G_B: 1.005, cycle_B: 0.099, gp: 0.159

[Rank 0] (epoch: 29, iters: 1856, time: 0.001, data: 0.000) , D_A: 0.231, G_A: 0.964, cycle_A: 0.340, D_B: 0.156, G_B: 1.032, cycle_B: 0.102, gp: 0.154

[Rank 0] (epoch: 29, iters: 3456, time: 0.001, data: 0.001) , D_A: 0.131, G_A: 1.013, cycle_A: 0.345, D_B: 0.242, G_B: 1.030, cycle_B: 0.107, gp: 0.240

[Rank 0] (epoch: 29, iters: 5056, time: 0.001, data: 0.001) , D_A: 0.199, G_A: 0.961, cycle_A: 0.355, D_B: 0.212, G_B: 0.992, cycle_B: 0.100, gp: 0.211

[Rank 0] (epoch: 29, iters: 6656, time: 0.001, data: 0.001) , D_A: 0.104, G_A: 0.958, cycle_A: 0.342, D_B: 0.189, G_B: 0.966, cycle_B: 0.104, gp: 0.187

[Rank 0] (epoch: 29, iters: 8256, time: 0.001, data: 0.001) , D_A: 0.099, G_A: 0.937, cycle_A: 0.355, D_B: 0.150, G_B: 0.957, cycle_B: 0.120, gp: 0.148

[Rank 0] (epoch: 29, iters: 9856, time: 0.001, data: 0.001) , D_A: 0.322, G_A: 0.984, cycle_A: 0.353, D_B: 0.290, G_B: 0.940, cycle_B: 0.113, gp: 0.287

[Rank 0] (epoch: 29, iters: 11456, time: 0.001, data: 0.001) , D_A: 0.283, G_A: 0.863, cycle_A: 0.347, D_B: 0.173, G_B: 1.021, cycle_B: 0.104, gp: 0.171

[Rank 0] (epoch: 29, iters: 13056, time: 0.001, data: 0.001) , D_A: 0.144, G_A: 1.025, cycle_A: 0.342, D_B: 0.189, G_B: 1.015, cycle_B: 0.114, gp: 0.187

[Rank 0] (epoch: 29, iters: 14656, time: 0.001, data: 0.001) , D_A: 0.126, G_A: 0.981, cycle_A: 0.354, D_B: 0.135, G_B: 1.054, cycle_B: 0.109, gp: 0.129

[Rank 0] (epoch: 29, iters: 16256, time: 0.001, data: 0.001) , D_A: 0.196, G_A: 0.876, cycle_A: 0.357, D_B: 0.255, G_B: 0.996, cycle_B: 0.109, gp: 0.253

[Rank 0] (epoch: 29, iters: 17856, time: 0.001, data: 0.001) , D_A: 0.209, G_A: 0.990, cycle_A: 0.346, D_B: 0.261, G_B: 0.990, cycle_B: 0.097, gp: 0.259

[Rank 0] (epoch: 29, iters: 19456, time: 0.001, data: 0.001) , D_A: 0.186, G_A: 0.939, cycle_A: 0.349, D_B: 0.158, G_B: 1.011, cycle_B: 0.102, gp: 0.157

[Rank 0] (epoch: 29, iters: 21056, time: 0.001, data: 0.001) , D_A: 0.276, G_A: 0.970, cycle_A: 0.351, D_B: 0.156, G_B: 0.935, cycle_B: 0.107, gp: 0.154

[Rank 0] (epoch: 29, iters: 22656, time: 0.001, data: 0.001) , D_A: 0.225, G_A: 1.046, cycle_A: 0.355, D_B: 0.106, G_B: 0.948, cycle_B: 0.105, gp: 0.105

[Rank 0] (epoch: 29, iters: 24256, time: 0.001, data: 0.001) , D_A: 0.096, G_A: 0.976, cycle_A: 0.362, D_B: 0.097, G_B: 0.975, cycle_B: 0.110, gp: 0.095

[Rank 0] (epoch: 29, iters: 25856, time: 0.001, data: 0.001) , D_A: 0.171, G_A: 0.981, cycle_A: 0.358, D_B: 0.274, G_B: 0.980, cycle_B: 0.115, gp: 0.273

--- iter tau=0.1993 ---
  cipher in : has been printed derogatory to you purporting to have come from 
  decrypted : n  asooeaviteeo a oicm ecigaecagchavhivcietemaecan ioaucfoa icfa
  real plain: suddenly moist over his cheekbones the surface however was perfe
  cipher in : ective properties of this drug how to feed beef not less than mi
  decrypted : ouetioavicvoieto ac aent a ihmancraeca oo asoo aecealo  aen eaft
  real plain: ave rise to the commune of paris in the revolution and later bro
[Rank 0] (epoch: 29, iters: 27456, time: 0.001, data: 0.001) , D_A: 0.106, G_A: 1.019, cycle_A: 0.344, D_B: 0.116, G_B: 0.975, cycle_B: 0.108, gp: 0.115

saving the latest model (epoch 29, total_iters 1160000)
[Rank 0] (epoch: 29, iters: 29056, time: 0.001, data: 0.001) , D_A: 0.145, G_A: 1.022, cycle_A: 0.344, D_B: 0.248, G_B: 0.998, cycle_B: 0.106, gp: 0.247

[Rank 0] (epoch: 29, iters: 30656, time: 0.001, data: 0.001) , D_A: 0.162, G_A: 0.941, cycle_A: 0.358, D_B: 0.181, G_B: 1.036, cycle_B: 0.122, gp: 0.179

[Rank 0] (epoch: 29, iters: 32256, time: 0.001, data: 0.001) , D_A: 0.387, G_A: 1.024, cycle_A: 0.453, D_B: 1.110, G_B: 0.326, cycle_B: 0.287, gp: 0.423

[Rank 0] (epoch: 29, iters: 33856, time: 0.001, data: 0.001) , D_A: 0.237, G_A: 0.710, cycle_A: 0.348, D_B: 0.199, G_B: 0.916, cycle_B: 0.168, gp: 0.195

[Rank 0] (epoch: 29, iters: 35456, time: 0.001, data: 0.001) , D_A: 0.242, G_A: 0.995, cycle_A: 0.354, D_B: 0.238, G_B: 0.949, cycle_B: 0.149, gp: 0.233

[Rank 0] (epoch: 29, iters: 37056, time: 0.001, data: 0.001) , D_A: 0.204, G_A: 0.965, cycle_A: 0.365, D_B: 0.259, G_B: 0.929, cycle_B: 0.148, gp: 0.254

[Rank 0] (epoch: 29, iters: 38656, time: 0.001, data: 0.001) , D_A: 0.192, G_A: 0.923, cycle_A: 0.352, D_B: 0.192, G_B: 0.960, cycle_B: 0.156, gp: 0.190

[Rank 0] (epoch: 29, iters: 40256, time: 0.001, data: 0.001) , D_A: 0.237, G_A: 0.971, cycle_A: 0.334, D_B: 0.215, G_B: 0.990, cycle_B: 0.156, gp: 0.213

learning rate 0.0002000 -> 0.0002000
temperature tau = 0.1929
End of epoch 29 / 50 	 Time Taken: 35 sec
[Rank 0] (epoch: 30, iters: 1408, time: 0.001, data: 0.001) , D_A: 0.125, G_A: 0.930, cycle_A: 0.351, D_B: 0.177, G_B: 1.005, cycle_B: 0.158, gp: 0.175

[Rank 0] (epoch: 30, iters: 3008, time: 0.001, data: 0.001) , D_A: 0.154, G_A: 0.935, cycle_A: 0.345, D_B: 0.198, G_B: 1.016, cycle_B: 0.144, gp: 0.195

[Rank 0] (epoch: 30, iters: 4608, time: 0.001, data: 0.001) , D_A: 0.156, G_A: 1.074, cycle_A: 0.358, D_B: 0.166, G_B: 0.995, cycle_B: 0.146, gp: 0.164

[Rank 0] (epoch: 30, iters: 6208, time: 0.001, data: 0.001) , D_A: 0.245, G_A: 0.945, cycle_A: 0.351, D_B: 0.179, G_B: 0.962, cycle_B: 0.143, gp: 0.177

[Rank 0] (epoch: 30, iters: 7808, time: 0.001, data: 0.001) , D_A: 0.260, G_A: 1.009, cycle_A: 0.356, D_B: 0.286, G_B: 0.992, cycle_B: 0.145, gp: 0.284

[Rank 0] (epoch: 30, iters: 9408, time: 0.001, data: 0.001) , D_A: 0.241, G_A: 0.994, cycle_A: 0.341, D_B: 0.268, G_B: 0.987, cycle_B: 0.161, gp: 0.267

[Rank 0] (epoch: 30, iters: 11008, time: 0.001, data: 0.001) , D_A: 0.172, G_A: 0.941, cycle_A: 0.341, D_B: 0.208, G_B: 0.974, cycle_B: 0.150, gp: 0.206

[Rank 0] (epoch: 30, iters: 12608, time: 0.001, data: 0.001) , D_A: 0.150, G_A: 0.978, cycle_A: 0.369, D_B: 0.187, G_B: 0.974, cycle_B: 0.149, gp: 0.185

[Rank 0] (epoch: 30, iters: 14208, time: 0.001, data: 0.001) , D_A: 0.254, G_A: 1.020, cycle_A: 0.350, D_B: 0.258, G_B: 0.991, cycle_B: 0.143, gp: 0.257

[Rank 0] (epoch: 30, iters: 15808, time: 0.001, data: 0.001) , D_A: 0.167, G_A: 0.975, cycle_A: 0.366, D_B: 0.210, G_B: 0.973, cycle_B: 0.150, gp: 0.208

[Rank 0] (epoch: 30, iters: 17408, time: 0.001, data: 0.001) , D_A: 0.158, G_A: 0.947, cycle_A: 0.345, D_B: 0.235, G_B: 1.005, cycle_B: 0.144, gp: 0.233

[Rank 0] (epoch: 30, iters: 19008, time: 0.001, data: 0.001) , D_A: 0.119, G_A: 0.984, cycle_A: 0.355, D_B: 0.273, G_B: 1.015, cycle_B: 0.144, gp: 0.271

[Rank 0] (epoch: 30, iters: 20608, time: 0.001, data: 0.001) , D_A: 0.261, G_A: 0.973, cycle_A: 0.356, D_B: 0.141, G_B: 0.997, cycle_B: 0.158, gp: 0.139

[Rank 0] (epoch: 30, iters: 22208, time: 0.001, data: 0.001) , D_A: 0.210, G_A: 0.998, cycle_A: 0.357, D_B: 0.145, G_B: 0.976, cycle_B: 0.142, gp: 0.143

[Rank 0] (epoch: 30, iters: 23808, time: 0.001, data: 0.001) , D_A: 0.272, G_A: 1.016, cycle_A: 0.355, D_B: 0.238, G_B: 0.985, cycle_B: 0.153, gp: 0.236

[Rank 0] (epoch: 30, iters: 25408, time: 0.001, data: 0.001) , D_A: 0.183, G_A: 1.011, cycle_A: 0.354, D_B: 0.227, G_B: 0.962, cycle_B: 0.150, gp: 0.225

--- iter tau=0.1929 ---
  cipher in :  as great a choice of models readily available or you may have t
  decrypted : a  amio ea aunctuoac afc ol aio  tlka i tl sloaciakchaf kan ioae
  real plain:  a literary tradition which including also the closely related s
  cipher in : han radical it seemed to me to sum up the profoundest of politic
  decrypted : n eai  tu latea oofo aecafoaeca hfahyaenoayic che o eac aycltetu
  real plain: rough an example and the simpler and commoner the better there i
[Rank 0] (epoch: 30, iters: 27008, time: 0.001, data: 0.001) , D_A: 0.282, G_A: 0.918, cycle_A: 0.335, D_B: 0.130, G_B: 1.033, cycle_B: 0.149, gp: 0.128

saving the latest model (epoch 30, total_iters 1200000)
[Rank 0] (epoch: 30, iters: 28608, time: 0.001, data: 0.001) , D_A: 0.186, G_A: 0.942, cycle_A: 0.353, D_B: 0.213, G_B: 0.956, cycle_B: 0.162, gp: 0.210

[Rank 0] (epoch: 30, iters: 30208, time: 0.001, data: 0.001) , D_A: 0.234, G_A: 1.014, cycle_A: 0.357, D_B: 0.228, G_B: 1.005, cycle_B: 0.155, gp: 0.226

[Rank 0] (epoch: 30, iters: 31808, time: 0.001, data: 0.001) , D_A: 0.259, G_A: 1.040, cycle_A: 0.351, D_B: 0.124, G_B: 1.024, cycle_B: 0.161, gp: 0.122

[Rank 0] (epoch: 30, iters: 33408, time: 0.001, data: 0.001) , D_A: 0.169, G_A: 1.031, cycle_A: 0.341, D_B: 0.256, G_B: 0.943, cycle_B: 0.143, gp: 0.254

[Rank 0] (epoch: 30, iters: 35008, time: 0.001, data: 0.001) , D_A: 0.074, G_A: 0.997, cycle_A: 0.342, D_B: 0.137, G_B: 0.984, cycle_B: 0.142, gp: 0.135

[Rank 0] (epoch: 30, iters: 36608, time: 0.001, data: 0.001) , D_A: 0.227, G_A: 0.955, cycle_A: 0.342, D_B: 0.243, G_B: 0.982, cycle_B: 0.141, gp: 0.240

[Rank 0] (epoch: 30, iters: 38208, time: 0.001, data: 0.001) , D_A: 0.232, G_A: 0.978, cycle_A: 0.368, D_B: 0.229, G_B: 0.965, cycle_B: 0.158, gp: 0.227

[Rank 0] (epoch: 30, iters: 39808, time: 0.001, data: 0.001) , D_A: 0.193, G_A: 0.963, cycle_A: 0.345, D_B: 0.212, G_B: 0.992, cycle_B: 0.144, gp: 0.211

learning rate 0.0002000 -> 0.0002000
temperature tau = 0.1867
End of epoch 30 / 50 	 Time Taken: 35 sec
[Rank 0] (epoch: 31, iters: 960, time: 0.001, data: 0.001) , D_A: 0.170, G_A: 1.006, cycle_A: 0.338, D_B: 0.329, G_B: 0.780, cycle_B: 0.155, gp: 0.317

[Rank 0] (epoch: 31, iters: 2560, time: 0.001, data: 0.000) , D_A: 0.147, G_A: 1.050, cycle_A: 0.353, D_B: 0.186, G_B: 0.983, cycle_B: 0.148, gp: 0.182

[Rank 0] (epoch: 31, iters: 4160, time: 0.001, data: 0.001) , D_A: 0.116, G_A: 0.969, cycle_A: 0.358, D_B: 0.182, G_B: 0.975, cycle_B: 0.139, gp: 0.181

[Rank 0] (epoch: 31, iters: 5760, time: 0.001, data: 0.001) , D_A: 0.187, G_A: 0.963, cycle_A: 0.368, D_B: 0.214, G_B: 1.033, cycle_B: 0.149, gp: 0.212

[Rank 0] (epoch: 31, iters: 7360, time: 0.001, data: 0.001) , D_A: 0.220, G_A: 0.930, cycle_A: 0.355, D_B: 0.240, G_B: 0.986, cycle_B: 0.160, gp: 0.238

[Rank 0] (epoch: 31, iters: 8960, time: 0.001, data: 0.001) , D_A: 0.134, G_A: 0.996, cycle_A: 0.348, D_B: 0.182, G_B: 0.999, cycle_B: 0.135, gp: 0.180

[Rank 0] (epoch: 31, iters: 10560, time: 0.001, data: 0.001) , D_A: 0.163, G_A: 0.986, cycle_A: 0.358, D_B: 0.106, G_B: 1.018, cycle_B: 0.154, gp: 0.104

[Rank 0] (epoch: 31, iters: 12160, time: 0.001, data: 0.001) , D_A: 0.171, G_A: 1.025, cycle_A: 0.355, D_B: 0.228, G_B: 1.001, cycle_B: 0.148, gp: 0.226

[Rank 0] (epoch: 31, iters: 13760, time: 0.001, data: 0.001) , D_A: 0.183, G_A: 1.003, cycle_A: 0.357, D_B: 0.180, G_B: 0.967, cycle_B: 0.153, gp: 0.179

[Rank 0] (epoch: 31, iters: 15360, time: 0.001, data: 0.001) , D_A: 0.198, G_A: 0.909, cycle_A: 0.339, D_B: 0.119, G_B: 1.000, cycle_B: 0.159, gp: 0.117

[Rank 0] (epoch: 31, iters: 16960, time: 0.001, data: 0.001) , D_A: 0.209, G_A: 1.001, cycle_A: 0.342, D_B: 0.209, G_B: 0.978, cycle_B: 0.145, gp: 0.207

[Rank 0] (epoch: 31, iters: 18560, time: 0.001, data: 0.001) , D_A: 0.131, G_A: 0.989, cycle_A: 0.358, D_B: 0.257, G_B: 0.984, cycle_B: 0.139, gp: 0.256

[Rank 0] (epoch: 31, iters: 20160, time: 0.001, data: 0.001) , D_A: 0.187, G_A: 0.960, cycle_A: 0.350, D_B: 0.310, G_B: 0.973, cycle_B: 0.159, gp: 0.308

[Rank 0] (epoch: 31, iters: 21760, time: 0.001, data: 0.001) , D_A: 0.232, G_A: 1.054, cycle_A: 0.366, D_B: 0.198, G_B: 0.986, cycle_B: 0.152, gp: 0.196

[Rank 0] (epoch: 31, iters: 23360, time: 0.001, data: 0.001) , D_A: 0.178, G_A: 0.941, cycle_A: 0.347, D_B: 0.183, G_B: 0.950, cycle_B: 0.147, gp: 0.181

[Rank 0] (epoch: 31, iters: 24960, time: 0.001, data: 0.001) , D_A: 0.163, G_A: 0.963, cycle_A: 0.344, D_B: 0.189, G_B: 0.998, cycle_B: 0.142, gp: 0.188

--- iter tau=0.1867 ---
  cipher in :  sleep and never think of roads and horses sore haunches of colo
  decrypted : a looya e aeoioiaentebac aic   a e anci o a cioan heuno ac auclc
  real plain: g of french operatic excerpts miss pons is certainly not no sing
  cipher in :  his first philosophical notebook entry made when he was twentyf
  decrypted : ant a ti eayntlc cyntu laeceosccbaoeeikaf  oarnoeanoar  aeroeek 
  real plain: e treasury douglas dillon owns a prize monet femmes dans un jard
[Rank 0] (epoch: 31, iters: 26560, time: 0.001, data: 0.001) , D_A: 0.149, G_A: 0.904, cycle_A: 0.353, D_B: 0.165, G_B: 1.018, cycle_B: 0.161, gp: 0.164

saving the latest model (epoch 31, total_iters 1240000)
[Rank 0] (epoch: 31, iters: 28160, time: 0.001, data: 0.001) , D_A: 0.138, G_A: 0.916, cycle_A: 0.337, D_B: 0.196, G_B: 0.992, cycle_B: 0.152, gp: 0.195

[Rank 0] (epoch: 31, iters: 29760, time: 0.001, data: 0.001) , D_A: 0.184, G_A: 1.097, cycle_A: 0.349, D_B: 0.177, G_B: 0.995, cycle_B: 0.154, gp: 0.176

[Rank 0] (epoch: 31, iters: 31360, time: 0.001, data: 0.001) , D_A: 0.164, G_A: 0.993, cycle_A: 0.366, D_B: 0.196, G_B: 1.001, cycle_B: 0.153, gp: 0.194

[Rank 0] (epoch: 31, iters: 32960, time: 0.001, data: 0.001) , D_A: 0.160, G_A: 1.030, cycle_A: 0.348, D_B: 0.263, G_B: 0.986, cycle_B: 0.146, gp: 0.261

[Rank 0] (epoch: 31, iters: 34560, time: 0.001, data: 0.001) , D_A: 0.165, G_A: 1.047, cycle_A: 0.344, D_B: 0.173, G_B: 0.966, cycle_B: 0.147, gp: 0.169

[Rank 0] (epoch: 31, iters: 36160, time: 0.001, data: 0.001) , D_A: 0.216, G_A: 0.996, cycle_A: 0.347, D_B: 0.186, G_B: 0.942, cycle_B: 0.143, gp: 0.183

[Rank 0] (epoch: 31, iters: 37760, time: 0.001, data: 0.001) , D_A: 0.236, G_A: 0.983, cycle_A: 0.347, D_B: 0.221, G_B: 1.030, cycle_B: 0.160, gp: 0.219

[Rank 0] (epoch: 31, iters: 39360, time: 0.001, data: 0.001) , D_A: 0.181, G_A: 0.955, cycle_A: 0.334, D_B: 0.243, G_B: 1.048, cycle_B: 0.145, gp: 0.241

learning rate 0.0002000 -> 0.0002000
temperature tau = 0.1806
End of epoch 31 / 50 	 Time Taken: 35 sec
[Rank 0] (epoch: 32, iters: 512, time: 0.001, data: 0.014) , D_A: 0.148, G_A: 0.982, cycle_A: 0.346, D_B: 0.213, G_B: 0.998, cycle_B: 0.147, gp: 0.211

[Rank 0] (epoch: 32, iters: 2112, time: 0.001, data: 0.000) , D_A: 0.184, G_A: 0.994, cycle_A: 0.347, D_B: 0.156, G_B: 0.975, cycle_B: 0.151, gp: 0.155

[Rank 0] (epoch: 32, iters: 3712, time: 0.001, data: 0.001) , D_A: 0.175, G_A: 0.974, cycle_A: 0.350, D_B: 0.227, G_B: 0.992, cycle_B: 0.148, gp: 0.225

[Rank 0] (epoch: 32, iters: 5312, time: 0.001, data: 0.001) , D_A: 0.219, G_A: 0.856, cycle_A: 0.341, D_B: 0.147, G_B: 0.991, cycle_B: 0.156, gp: 0.146

[Rank 0] (epoch: 32, iters: 6912, time: 0.001, data: 0.001) , D_A: 0.171, G_A: 0.969, cycle_A: 0.363, D_B: 0.208, G_B: 1.010, cycle_B: 0.155, gp: 0.206

[Rank 0] (epoch: 32, iters: 8512, time: 0.001, data: 0.001) , D_A: 0.247, G_A: 0.983, cycle_A: 0.342, D_B: 0.106, G_B: 0.985, cycle_B: 0.155, gp: 0.105

[Rank 0] (epoch: 32, iters: 10112, time: 0.001, data: 0.001) , D_A: 0.210, G_A: 1.027, cycle_A: 0.344, D_B: 0.172, G_B: 0.993, cycle_B: 0.156, gp: 0.170

[Rank 0] (epoch: 32, iters: 11712, time: 0.001, data: 0.001) , D_A: 0.209, G_A: 0.962, cycle_A: 0.337, D_B: 0.089, G_B: 1.009, cycle_B: 0.148, gp: 0.088

[Rank 0] (epoch: 32, iters: 13312, time: 0.001, data: 0.001) , D_A: 0.156, G_A: 1.002, cycle_A: 0.357, D_B: 0.201, G_B: 0.999, cycle_B: 0.169, gp: 0.200

[Rank 0] (epoch: 32, iters: 14912, time: 0.001, data: 0.001) , D_A: 0.167, G_A: 1.009, cycle_A: 0.346, D_B: 0.178, G_B: 0.987, cycle_B: 0.159, gp: 0.176

[Rank 0] (epoch: 32, iters: 16512, time: 0.001, data: 0.001) , D_A: 0.158, G_A: 0.938, cycle_A: 0.340, D_B: 0.141, G_B: 0.990, cycle_B: 0.152, gp: 0.140

[Rank 0] (epoch: 32, iters: 18112, time: 0.001, data: 0.001) , D_A: 0.215, G_A: 0.978, cycle_A: 0.346, D_B: 0.150, G_B: 1.012, cycle_B: 0.137, gp: 0.149

[Rank 0] (epoch: 32, iters: 19712, time: 0.001, data: 0.001) , D_A: 0.194, G_A: 1.005, cycle_A: 0.352, D_B: 0.167, G_B: 0.957, cycle_B: 0.163, gp: 0.165

[Rank 0] (epoch: 32, iters: 21312, time: 0.001, data: 0.001) , D_A: 0.169, G_A: 1.029, cycle_A: 0.355, D_B: 0.213, G_B: 1.039, cycle_B: 0.144, gp: 0.211

[Rank 0] (epoch: 32, iters: 22912, time: 0.001, data: 0.001) , D_A: 0.216, G_A: 0.992, cycle_A: 0.348, D_B: 0.203, G_B: 0.950, cycle_B: 0.149, gp: 0.201

[Rank 0] (epoch: 32, iters: 24512, time: 0.001, data: 0.001) , D_A: 0.159, G_A: 0.976, cycle_A: 0.348, D_B: 0.181, G_B: 1.036, cycle_B: 0.159, gp: 0.178

--- iter tau=0.1806 ---
  cipher in : t as he has refused to do anything of the kind i then wish that 
  decrypted : ea  anoan  aio h o aeca ca ekentemac aenoabte ataenoeart naen ea
  real plain:  them take the little car now and then when they do that my wife
  cipher in : op our few surviving open shorelines and those who would save th
  decrypted : cyachia ora hiititemacyoea nciolteo a e aenc oarncarchl a  ioaen
  real plain: ppropriate to halloween it made her look sweet and schoolgirlish
[Rank 0] (epoch: 32, iters: 26112, time: 0.001, data: 0.001) , D_A: 0.132, G_A: 0.993, cycle_A: 0.357, D_B: 0.127, G_B: 0.991, cycle_B: 0.146, gp: 0.126

saving the latest model (epoch 32, total_iters 1280000)
[Rank 0] (epoch: 32, iters: 27712, time: 0.001, data: 0.001) , D_A: 0.239, G_A: 1.047, cycle_A: 0.359, D_B: 0.254, G_B: 0.977, cycle_B: 0.152, gp: 0.253

[Rank 0] (epoch: 32, iters: 29312, time: 0.001, data: 0.001) , D_A: 0.130, G_A: 1.006, cycle_A: 0.348, D_B: 0.322, G_B: 0.965, cycle_B: 0.158, gp: 0.321

[Rank 0] (epoch: 32, iters: 30912, time: 0.001, data: 0.001) , D_A: 0.203, G_A: 0.994, cycle_A: 0.349, D_B: 0.156, G_B: 1.099, cycle_B: 0.147, gp: 0.151

[Rank 0] (epoch: 32, iters: 32512, time: 0.001, data: 0.001) , D_A: 0.211, G_A: 1.002, cycle_A: 0.356, D_B: 0.211, G_B: 0.986, cycle_B: 0.139, gp: 0.209

[Rank 0] (epoch: 32, iters: 34112, time: 0.001, data: 0.001) , D_A: 0.176, G_A: 0.991, cycle_A: 0.361, D_B: 0.231, G_B: 1.050, cycle_B: 0.149, gp: 0.230

[Rank 0] (epoch: 32, iters: 35712, time: 0.001, data: 0.001) , D_A: 0.204, G_A: 0.996, cycle_A: 0.351, D_B: 0.144, G_B: 0.980, cycle_B: 0.145, gp: 0.143

[Rank 0] (epoch: 32, iters: 37312, time: 0.001, data: 0.001) , D_A: 0.212, G_A: 0.929, cycle_A: 0.378, D_B: 0.126, G_B: 1.062, cycle_B: 0.143, gp: 0.119

[Rank 0] (epoch: 32, iters: 38912, time: 0.001, data: 0.001) , D_A: 0.201, G_A: 1.007, cycle_A: 0.344, D_B: 0.165, G_B: 0.991, cycle_B: 0.154, gp: 0.163

learning rate 0.0002000 -> 0.0002000
temperature tau = 0.1748
End of epoch 32 / 50 	 Time Taken: 35 sec
[Rank 0] (epoch: 33, iters: 64, time: 0.001, data: 0.001) , D_A: 0.235, G_A: 0.960, cycle_A: 0.358, D_B: 0.145, G_B: 1.011, cycle_B: 0.149, gp: 0.143

[Rank 0] (epoch: 33, iters: 1664, time: 0.001, data: 0.000) , D_A: 0.335, G_A: 0.991, cycle_A: 0.352, D_B: 0.265, G_B: 1.019, cycle_B: 0.147, gp: 0.263

[Rank 0] (epoch: 33, iters: 3264, time: 0.001, data: 0.001) , D_A: 0.223, G_A: 1.017, cycle_A: 0.356, D_B: 0.187, G_B: 1.031, cycle_B: 0.153, gp: 0.186

[Rank 0] (epoch: 33, iters: 4864, time: 0.001, data: 0.001) , D_A: 0.222, G_A: 0.989, cycle_A: 0.365, D_B: 0.213, G_B: 0.993, cycle_B: 0.142, gp: 0.210

[Rank 0] (epoch: 33, iters: 6464, time: 0.001, data: 0.001) , D_A: 0.249, G_A: 0.948, cycle_A: 0.359, D_B: 0.157, G_B: 0.899, cycle_B: 0.139, gp: 0.151

[Rank 0] (epoch: 33, iters: 8064, time: 0.001, data: 0.001) , D_A: 0.230, G_A: 0.990, cycle_A: 0.347, D_B: 0.193, G_B: 1.052, cycle_B: 0.150, gp: 0.190

[Rank 0] (epoch: 33, iters: 9664, time: 0.001, data: 0.001) , D_A: 0.145, G_A: 0.972, cycle_A: 0.342, D_B: 0.300, G_B: 0.987, cycle_B: 0.161, gp: 0.298

[Rank 0] (epoch: 33, iters: 11264, time: 0.001, data: 0.001) , D_A: 0.210, G_A: 1.023, cycle_A: 0.343, D_B: 0.175, G_B: 1.070, cycle_B: 0.150, gp: 0.170

[Rank 0] (epoch: 33, iters: 12864, time: 0.001, data: 0.001) , D_A: 0.167, G_A: 1.073, cycle_A: 0.355, D_B: 0.153, G_B: 1.028, cycle_B: 0.164, gp: 0.151

[Rank 0] (epoch: 33, iters: 14464, time: 0.001, data: 0.001) , D_A: 0.143, G_A: 0.929, cycle_A: 0.352, D_B: 0.169, G_B: 0.995, cycle_B: 0.156, gp: 0.168

[Rank 0] (epoch: 33, iters: 16064, time: 0.001, data: 0.001) , D_A: 0.148, G_A: 0.973, cycle_A: 0.349, D_B: 0.216, G_B: 1.032, cycle_B: 0.151, gp: 0.215

[Rank 0] (epoch: 33, iters: 17664, time: 0.001, data: 0.001) , D_A: 0.138, G_A: 0.941, cycle_A: 0.344, D_B: 0.104, G_B: 0.970, cycle_B: 0.143, gp: 0.102

[Rank 0] (epoch: 33, iters: 19264, time: 0.001, data: 0.001) , D_A: 0.139, G_A: 1.032, cycle_A: 0.341, D_B: 0.226, G_B: 0.953, cycle_B: 0.142, gp: 0.225

[Rank 0] (epoch: 33, iters: 20864, time: 0.001, data: 0.001) , D_A: 0.143, G_A: 0.973, cycle_A: 0.343, D_B: 0.221, G_B: 0.973, cycle_B: 0.157, gp: 0.219

[Rank 0] (epoch: 33, iters: 22464, time: 0.001, data: 0.001) , D_A: 0.159, G_A: 0.976, cycle_A: 0.346, D_B: 0.177, G_B: 0.999, cycle_B: 0.140, gp: 0.176

[Rank 0] (epoch: 33, iters: 24064, time: 0.001, data: 0.001) , D_A: 0.175, G_A: 0.990, cycle_A: 0.354, D_B: 0.200, G_B: 0.991, cycle_B: 0.155, gp: 0.198

--- iter tau=0.1748 ---
  cipher in : nce and management of stateowned transportation since that time 
  decrypted : euoa e af e mofoeeac a e eocreo aei e vcie etcea teuoaen eaetfoa
  real plain:  them take the little car now and then when they do that my wife
  cipher in :  the patriotic songs was written by a new england baptist clergy
  decrypted : aenoav eitcetua cem ar  ariteeoeaska aeoraoeml e as vet eauloimk
  real plain: ppropriate to halloween it made her look sweet and schoolgirlish
[Rank 0] (epoch: 33, iters: 25664, time: 0.001, data: 0.001) , D_A: 0.188, G_A: 0.952, cycle_A: 0.343, D_B: 0.129, G_B: 1.014, cycle_B: 0.144, gp: 0.127

saving the latest model (epoch 33, total_iters 1320000)
[Rank 0] (epoch: 33, iters: 27264, time: 0.001, data: 0.001) , D_A: 0.262, G_A: 0.998, cycle_A: 0.354, D_B: 0.135, G_B: 0.964, cycle_B: 0.150, gp: 0.134

[Rank 0] (epoch: 33, iters: 28864, time: 0.001, data: 0.001) , D_A: 0.233, G_A: 0.980, cycle_A: 0.342, D_B: 0.172, G_B: 0.959, cycle_B: 0.153, gp: 0.171

[Rank 0] (epoch: 33, iters: 30464, time: 0.001, data: 0.001) , D_A: 0.168, G_A: 0.983, cycle_A: 0.356, D_B: 0.156, G_B: 1.010, cycle_B: 0.147, gp: 0.155

[Rank 0] (epoch: 33, iters: 32064, time: 0.001, data: 0.001) , D_A: 0.229, G_A: 1.010, cycle_A: 0.353, D_B: 0.141, G_B: 0.976, cycle_B: 0.158, gp: 0.139

[Rank 0] (epoch: 33, iters: 33664, time: 0.001, data: 0.001) , D_A: 0.158, G_A: 1.017, cycle_A: 0.344, D_B: 0.191, G_B: 0.919, cycle_B: 0.143, gp: 0.186

[Rank 0] (epoch: 33, iters: 35264, time: 0.001, data: 0.001) , D_A: 0.240, G_A: 0.983, cycle_A: 0.340, D_B: 0.164, G_B: 0.955, cycle_B: 0.142, gp: 0.161

[Rank 0] (epoch: 33, iters: 36864, time: 0.001, data: 0.001) , D_A: 0.170, G_A: 0.986, cycle_A: 0.347, D_B: 0.268, G_B: 0.941, cycle_B: 0.140, gp: 0.266

[Rank 0] (epoch: 33, iters: 38464, time: 0.001, data: 0.001) , D_A: 0.210, G_A: 0.980, cycle_A: 0.361, D_B: 0.216, G_B: 1.016, cycle_B: 0.154, gp: 0.213

[Rank 0] (epoch: 33, iters: 40064, time: 0.001, data: 0.001) , D_A: 0.133, G_A: 0.998, cycle_A: 0.358, D_B: 0.241, G_B: 0.966, cycle_B: 0.151, gp: 0.239

learning rate 0.0002000 -> 0.0002000
temperature tau = 0.1691
End of epoch 33 / 50 	 Time Taken: 35 sec
[Rank 0] (epoch: 34, iters: 1216, time: 0.001, data: 0.001) , D_A: 0.222, G_A: 0.977, cycle_A: 0.345, D_B: 0.216, G_B: 0.967, cycle_B: 0.157, gp: 0.214

[Rank 0] (epoch: 34, iters: 2816, time: 0.001, data: 0.001) , D_A: 0.194, G_A: 1.002, cycle_A: 0.349, D_B: 0.149, G_B: 0.871, cycle_B: 0.139, gp: 0.142

[Rank 0] (epoch: 34, iters: 4416, time: 0.001, data: 0.001) , D_A: 0.124, G_A: 0.985, cycle_A: 0.374, D_B: 0.163, G_B: 0.973, cycle_B: 0.139, gp: 0.162

[Rank 0] (epoch: 34, iters: 6016, time: 0.001, data: 0.001) , D_A: 0.154, G_A: 0.973, cycle_A: 0.360, D_B: 0.204, G_B: 1.035, cycle_B: 0.149, gp: 0.202

[Rank 0] (epoch: 34, iters: 7616, time: 0.001, data: 0.001) , D_A: 0.203, G_A: 1.026, cycle_A: 0.341, D_B: 0.097, G_B: 1.004, cycle_B: 0.157, gp: 0.093

[Rank 0] (epoch: 34, iters: 9216, time: 0.001, data: 0.001) , D_A: 0.188, G_A: 0.986, cycle_A: 0.336, D_B: 0.264, G_B: 1.052, cycle_B: 0.135, gp: 0.262

[Rank 0] (epoch: 34, iters: 10816, time: 0.001, data: 0.001) , D_A: 0.173, G_A: 0.980, cycle_A: 0.359, D_B: 0.161, G_B: 0.977, cycle_B: 0.151, gp: 0.160

[Rank 0] (epoch: 34, iters: 12416, time: 0.001, data: 0.001) , D_A: 0.199, G_A: 0.971, cycle_A: 0.355, D_B: 0.200, G_B: 1.024, cycle_B: 0.149, gp: 0.199

[Rank 0] (epoch: 34, iters: 14016, time: 0.001, data: 0.001) , D_A: 0.177, G_A: 1.004, cycle_A: 0.361, D_B: 0.242, G_B: 1.042, cycle_B: 0.147, gp: 0.239

[Rank 0] (epoch: 34, iters: 15616, time: 0.001, data: 0.001) , D_A: 0.160, G_A: 1.019, cycle_A: 0.354, D_B: 0.132, G_B: 1.018, cycle_B: 0.150, gp: 0.130

[Rank 0] (epoch: 34, iters: 17216, time: 0.001, data: 0.001) , D_A: 0.180, G_A: 1.003, cycle_A: 0.347, D_B: 0.184, G_B: 1.032, cycle_B: 0.141, gp: 0.181

[Rank 0] (epoch: 34, iters: 18816, time: 0.001, data: 0.001) , D_A: 0.168, G_A: 0.871, cycle_A: 0.342, D_B: 0.196, G_B: 0.986, cycle_B: 0.139, gp: 0.195

[Rank 0] (epoch: 34, iters: 20416, time: 0.001, data: 0.001) , D_A: 0.072, G_A: 0.986, cycle_A: 0.360, D_B: 0.188, G_B: 1.015, cycle_B: 0.158, gp: 0.187

[Rank 0] (epoch: 34, iters: 22016, time: 0.001, data: 0.001) , D_A: 0.195, G_A: 0.975, cycle_A: 0.342, D_B: 0.105, G_B: 0.978, cycle_B: 0.152, gp: 0.103

[Rank 0] (epoch: 34, iters: 23616, time: 0.001, data: 0.001) , D_A: 0.153, G_A: 0.960, cycle_A: 0.347, D_B: 0.258, G_B: 0.989, cycle_B: 0.159, gp: 0.255

--- iter tau=0.1691 ---
  cipher in : idly and reasons other than employee need contributed to the gro
  decrypted : t lka e aio  de adenoiaen eaofyldkooaeoo audeeitsheo aedaenoamid
  real plain:  registered with them that i had time to read all of balzac dick
  cipher in :  of the shovels struck an object theres something here said the 
  decrypted : ad aenoa ndiol a eihuba eadspoueaenoio a dfoentemanoioa  t aenoa
  real plain: gration in the north than in the south the line is a pretty good
[Rank 0] (epoch: 34, iters: 25216, time: 0.001, data: 0.001) , D_A: 0.202, G_A: 1.020, cycle_A: 0.364, D_B: 0.172, G_B: 1.054, cycle_B: 0.150, gp: 0.170

saving the latest model (epoch 34, total_iters 1360000)
[Rank 0] (epoch: 34, iters: 26816, time: 0.001, data: 0.001) , D_A: 0.242, G_A: 0.961, cycle_A: 0.351, D_B: 0.208, G_B: 1.036, cycle_B: 0.148, gp: 0.206

[Rank 0] (epoch: 34, iters: 28416, time: 0.001, data: 0.001) , D_A: 0.231, G_A: 0.930, cycle_A: 0.355, D_B: 0.150, G_B: 1.026, cycle_B: 0.162, gp: 0.149

[Rank 0] (epoch: 34, iters: 30016, time: 0.001, data: 0.001) , D_A: 0.360, G_A: 1.116, cycle_A: 0.344, D_B: 0.179, G_B: 0.965, cycle_B: 0.170, gp: 0.178

[Rank 0] (epoch: 34, iters: 31616, time: 0.001, data: 0.001) , D_A: 0.160, G_A: 1.017, cycle_A: 0.342, D_B: 0.218, G_B: 0.958, cycle_B: 0.154, gp: 0.216

[Rank 0] (epoch: 34, iters: 33216, time: 0.001, data: 0.001) , D_A: 0.201, G_A: 0.985, cycle_A: 0.365, D_B: 0.221, G_B: 0.980, cycle_B: 0.145, gp: 0.220

[Rank 0] (epoch: 34, iters: 34816, time: 0.001, data: 0.001) , D_A: 0.135, G_A: 1.001, cycle_A: 0.357, D_B: 0.165, G_B: 0.985, cycle_B: 0.148, gp: 0.164

[Rank 0] (epoch: 34, iters: 36416, time: 0.001, data: 0.001) , D_A: 0.206, G_A: 0.943, cycle_A: 0.353, D_B: 0.219, G_B: 0.965, cycle_B: 0.143, gp: 0.218

[Rank 0] (epoch: 34, iters: 38016, time: 0.001, data: 0.001) , D_A: 0.206, G_A: 1.028, cycle_A: 0.345, D_B: 0.200, G_B: 0.954, cycle_B: 0.154, gp: 0.199

[Rank 0] (epoch: 34, iters: 39616, time: 0.001, data: 0.001) , D_A: 0.175, G_A: 0.933, cycle_A: 0.355, D_B: 0.167, G_B: 0.973, cycle_B: 0.144, gp: 0.166

learning rate 0.0002000 -> 0.0002000
temperature tau = 0.1637
End of epoch 34 / 50 	 Time Taken: 35 sec
[Rank 0] (epoch: 35, iters: 768, time: 0.001, data: 0.001) , D_A: 0.121, G_A: 1.007, cycle_A: 0.338, D_B: 0.180, G_B: 0.938, cycle_B: 0.156, gp: 0.178

[Rank 0] (epoch: 35, iters: 2368, time: 0.001, data: 0.000) , D_A: 0.150, G_A: 1.088, cycle_A: 0.339, D_B: 0.291, G_B: 0.991, cycle_B: 0.147, gp: 0.288

[Rank 0] (epoch: 35, iters: 3968, time: 0.001, data: 0.001) , D_A: 0.144, G_A: 0.978, cycle_A: 0.363, D_B: 0.129, G_B: 0.961, cycle_B: 0.143, gp: 0.128

[Rank 0] (epoch: 35, iters: 5568, time: 0.001, data: 0.001) , D_A: 0.143, G_A: 1.010, cycle_A: 0.343, D_B: 0.230, G_B: 0.982, cycle_B: 0.150, gp: 0.228

[Rank 0] (epoch: 35, iters: 7168, time: 0.001, data: 0.001) , D_A: 0.232, G_A: 0.967, cycle_A: 0.352, D_B: 0.149, G_B: 1.024, cycle_B: 0.153, gp: 0.147

[Rank 0] (epoch: 35, iters: 8768, time: 0.001, data: 0.001) , D_A: 0.187, G_A: 0.899, cycle_A: 0.350, D_B: 0.200, G_B: 0.961, cycle_B: 0.136, gp: 0.199

[Rank 0] (epoch: 35, iters: 10368, time: 0.001, data: 0.001) , D_A: 0.207, G_A: 1.005, cycle_A: 0.346, D_B: 0.198, G_B: 0.987, cycle_B: 0.155, gp: 0.196

[Rank 0] (epoch: 35, iters: 11968, time: 0.001, data: 0.001) , D_A: 0.246, G_A: 0.965, cycle_A: 0.341, D_B: 0.145, G_B: 1.036, cycle_B: 0.148, gp: 0.141

[Rank 0] (epoch: 35, iters: 13568, time: 0.001, data: 0.001) , D_A: 0.124, G_A: 0.980, cycle_A: 0.348, D_B: 0.174, G_B: 0.992, cycle_B: 0.153, gp: 0.173

[Rank 0] (epoch: 35, iters: 15168, time: 0.001, data: 0.001) , D_A: 0.223, G_A: 0.971, cycle_A: 0.344, D_B: 0.112, G_B: 1.032, cycle_B: 0.159, gp: 0.110

[Rank 0] (epoch: 35, iters: 16768, time: 0.001, data: 0.001) , D_A: 0.467, G_A: 1.040, cycle_A: 0.350, D_B: 0.118, G_B: 0.960, cycle_B: 0.161, gp: 0.117

[Rank 0] (epoch: 35, iters: 18368, time: 0.001, data: 0.001) , D_A: 0.154, G_A: 0.952, cycle_A: 0.353, D_B: 0.099, G_B: 1.066, cycle_B: 0.136, gp: 0.096

[Rank 0] (epoch: 35, iters: 19968, time: 0.001, data: 0.001) , D_A: 0.260, G_A: 0.997, cycle_A: 0.356, D_B: 0.135, G_B: 0.984, cycle_B: 0.159, gp: 0.133

[Rank 0] (epoch: 35, iters: 21568, time: 0.001, data: 0.001) , D_A: 0.196, G_A: 0.949, cycle_A: 0.346, D_B: 0.206, G_B: 0.983, cycle_B: 0.153, gp: 0.204

[Rank 0] (epoch: 35, iters: 23168, time: 0.001, data: 0.001) , D_A: 0.108, G_A: 0.971, cycle_A: 0.354, D_B: 0.205, G_B: 0.961, cycle_B: 0.146, gp: 0.200

--- iter tau=0.1637 ---
  cipher in : tal schools or enlarging the capacity of existing ones more for 
  decrypted : e la unddl adiaoel imtemaenoau y utekad aobt etemadeo afdioa dia
  real plain: le to extract the optimal rstage policy with respect to the feed
  cipher in : further to the foundations officers dr james f mathias for eleve
  decrypted :  hienoiaedaenoa dhe  etde ad  tuoi a iap fo a af ent  a diaoloio
  real plain: with outstanding buoyancy and impact strength another reports th
[Rank 0] (epoch: 35, iters: 24768, time: 0.001, data: 0.001) , D_A: 0.147, G_A: 1.054, cycle_A: 0.349, D_B: 0.154, G_B: 0.974, cycle_B: 0.145, gp: 0.150

saving the latest model (epoch 35, total_iters 1400000)
[Rank 0] (epoch: 35, iters: 26368, time: 0.001, data: 0.001) , D_A: 0.258, G_A: 1.002, cycle_A: 0.361, D_B: 0.110, G_B: 1.021, cycle_B: 0.163, gp: 0.109

[Rank 0] (epoch: 35, iters: 27968, time: 0.001, data: 0.001) , D_A: 0.158, G_A: 1.014, cycle_A: 0.348, D_B: 0.157, G_B: 1.009, cycle_B: 0.153, gp: 0.152

[Rank 0] (epoch: 35, iters: 29568, time: 0.001, data: 0.001) , D_A: 0.158, G_A: 1.002, cycle_A: 0.353, D_B: 0.152, G_B: 1.002, cycle_B: 0.158, gp: 0.151

[Rank 0] (epoch: 35, iters: 31168, time: 0.001, data: 0.001) , D_A: 0.182, G_A: 0.987, cycle_A: 0.351, D_B: 0.191, G_B: 0.962, cycle_B: 0.145, gp: 0.189

[Rank 0] (epoch: 35, iters: 32768, time: 0.001, data: 0.001) , D_A: 0.125, G_A: 0.963, cycle_A: 0.346, D_B: 0.204, G_B: 0.922, cycle_B: 0.138, gp: 0.203

[Rank 0] (epoch: 35, iters: 34368, time: 0.001, data: 0.001) , D_A: 0.173, G_A: 0.967, cycle_A: 0.348, D_B: 0.110, G_B: 0.996, cycle_B: 0.149, gp: 0.108

[Rank 0] (epoch: 35, iters: 35968, time: 0.001, data: 0.001) , D_A: 0.158, G_A: 0.980, cycle_A: 0.347, D_B: 0.198, G_B: 1.028, cycle_B: 0.143, gp: 0.196

[Rank 0] (epoch: 35, iters: 37568, time: 0.001, data: 0.001) , D_A: 0.171, G_A: 0.968, cycle_A: 0.347, D_B: 0.169, G_B: 0.998, cycle_B: 0.159, gp: 0.167

[Rank 0] (epoch: 35, iters: 39168, time: 0.001, data: 0.001) , D_A: 0.228, G_A: 1.035, cycle_A: 0.359, D_B: 0.153, G_B: 0.962, cycle_B: 0.140, gp: 0.150

learning rate 0.0002000 -> 0.0002000
temperature tau = 0.1584
End of epoch 35 / 50 	 Time Taken: 35 sec
[Rank 0] (epoch: 36, iters: 320, time: 0.001, data: 0.001) , D_A: 0.160, G_A: 1.034, cycle_A: 0.346, D_B: 0.256, G_B: 0.977, cycle_B: 0.145, gp: 0.255

[Rank 0] (epoch: 36, iters: 1920, time: 0.001, data: 0.001) , D_A: 0.122, G_A: 0.964, cycle_A: 0.337, D_B: 0.203, G_B: 1.018, cycle_B: 0.147, gp: 0.201

[Rank 0] (epoch: 36, iters: 3520, time: 0.001, data: 0.001) , D_A: 0.155, G_A: 0.955, cycle_A: 0.345, D_B: 0.118, G_B: 1.005, cycle_B: 0.151, gp: 0.117

[Rank 0] (epoch: 36, iters: 5120, time: 0.001, data: 0.001) , D_A: 0.275, G_A: 0.940, cycle_A: 0.344, D_B: 0.158, G_B: 0.987, cycle_B: 0.141, gp: 0.157

[Rank 0] (epoch: 36, iters: 6720, time: 0.001, data: 0.001) , D_A: 0.092, G_A: 0.992, cycle_A: 0.357, D_B: 0.171, G_B: 0.909, cycle_B: 0.155, gp: 0.167

[Rank 0] (epoch: 36, iters: 8320, time: 0.001, data: 0.001) , D_A: 0.236, G_A: 1.009, cycle_A: 0.347, D_B: 0.140, G_B: 1.005, cycle_B: 0.154, gp: 0.139

[Rank 0] (epoch: 36, iters: 9920, time: 0.001, data: 0.001) , D_A: 0.271, G_A: 0.957, cycle_A: 0.352, D_B: 0.150, G_B: 1.052, cycle_B: 0.156, gp: 0.149

[Rank 0] (epoch: 36, iters: 11520, time: 0.001, data: 0.001) , D_A: 0.204, G_A: 0.910, cycle_A: 0.355, D_B: 0.203, G_B: 1.024, cycle_B: 0.150, gp: 0.201

[Rank 0] (epoch: 36, iters: 13120, time: 0.001, data: 0.001) , D_A: 0.155, G_A: 1.029, cycle_A: 0.358, D_B: 0.165, G_B: 0.936, cycle_B: 0.163, gp: 0.163

[Rank 0] (epoch: 36, iters: 14720, time: 0.001, data: 0.001) , D_A: 0.183, G_A: 1.063, cycle_A: 0.347, D_B: 0.200, G_B: 0.987, cycle_B: 0.152, gp: 0.198

[Rank 0] (epoch: 36, iters: 16320, time: 0.001, data: 0.001) , D_A: 0.093, G_A: 0.921, cycle_A: 0.351, D_B: 0.182, G_B: 0.992, cycle_B: 0.150, gp: 0.180

[Rank 0] (epoch: 36, iters: 17920, time: 0.001, data: 0.001) , D_A: 0.167, G_A: 1.014, cycle_A: 0.338, D_B: 0.143, G_B: 0.967, cycle_B: 0.140, gp: 0.142

[Rank 0] (epoch: 36, iters: 19520, time: 0.001, data: 0.001) , D_A: 0.169, G_A: 0.963, cycle_A: 0.377, D_B: 0.183, G_B: 1.046, cycle_B: 0.161, gp: 0.180

[Rank 0] (epoch: 36, iters: 21120, time: 0.001, data: 0.001) , D_A: 0.199, G_A: 0.974, cycle_A: 0.354, D_B: 0.206, G_B: 1.002, cycle_B: 0.145, gp: 0.205

[Rank 0] (epoch: 36, iters: 22720, time: 0.001, data: 0.001) , D_A: 0.226, G_A: 0.824, cycle_A: 0.358, D_B: 0.106, G_B: 0.999, cycle_B: 0.150, gp: 0.105

--- iter tau=0.1584 ---
  cipher in : andwriting with which she invited me to recall our summer so man
  decrypted :  e ritetemartenarntuna noateiteo afoaewaiou llawhia hffoia waf e
  real plain: ed speed they bore down on him there was nothing he could do exc
  cipher in : the lady twittered helva turned her vision back to magnification
  decrypted : enoal  kaerteeoio anoli aehieo anoiait tweas ubaewaf met tu etwe
  real plain:  enough to obtain their full allocation of outside funds nationa
[Rank 0] (epoch: 36, iters: 24320, time: 0.001, data: 0.001) , D_A: 0.256, G_A: 0.977, cycle_A: 0.348, D_B: 0.152, G_B: 1.010, cycle_B: 0.169, gp: 0.149

saving the latest model (epoch 36, total_iters 1440000)
[Rank 0] (epoch: 36, iters: 25920, time: 0.001, data: 0.001) , D_A: 0.159, G_A: 0.986, cycle_A: 0.349, D_B: 0.156, G_B: 0.986, cycle_B: 0.145, gp: 0.154

[Rank 0] (epoch: 36, iters: 27520, time: 0.001, data: 0.001) , D_A: 0.167, G_A: 0.969, cycle_A: 0.346, D_B: 0.168, G_B: 1.020, cycle_B: 0.151, gp: 0.167

[Rank 0] (epoch: 36, iters: 29120, time: 0.001, data: 0.001) , D_A: 0.182, G_A: 1.058, cycle_A: 0.354, D_B: 0.210, G_B: 0.959, cycle_B: 0.152, gp: 0.209

[Rank 0] (epoch: 36, iters: 30720, time: 0.001, data: 0.001) , D_A: 0.176, G_A: 1.023, cycle_A: 0.350, D_B: 0.210, G_B: 0.986, cycle_B: 0.147, gp: 0.208

[Rank 0] (epoch: 36, iters: 32320, time: 0.001, data: 0.001) , D_A: 0.649, G_A: 0.470, cycle_A: 0.776, D_B: 0.413, G_B: 0.345, cycle_B: 0.840, gp: 0.387

[Rank 0] (epoch: 36, iters: 33920, time: 0.001, data: 0.001) , D_A: 0.296, G_A: 0.944, cycle_A: 0.360, D_B: 0.197, G_B: 0.995, cycle_B: 0.228, gp: 0.194

[Rank 0] (epoch: 36, iters: 35520, time: 0.001, data: 0.001) , D_A: 0.190, G_A: 0.969, cycle_A: 0.363, D_B: 0.139, G_B: 0.990, cycle_B: 0.225, gp: 0.137

[Rank 0] (epoch: 36, iters: 37120, time: 0.001, data: 0.001) , D_A: 0.281, G_A: 0.978, cycle_A: 0.322, D_B: 0.276, G_B: 0.971, cycle_B: 0.155, gp: 0.275

[Rank 0] (epoch: 36, iters: 38720, time: 0.001, data: 0.001) , D_A: 0.180, G_A: 0.978, cycle_A: 0.297, D_B: 0.202, G_B: 0.991, cycle_B: 0.171, gp: 0.199

[Rank 0] (epoch: 36, iters: 40320, time: 0.001, data: 0.001) , D_A: 0.229, G_A: 0.960, cycle_A: 0.272, D_B: 0.301, G_B: 0.994, cycle_B: 0.152, gp: 0.299

learning rate 0.0002000 -> 0.0002000
temperature tau = 0.1533
End of epoch 36 / 50 	 Time Taken: 35 sec
[Rank 0] (epoch: 37, iters: 1472, time: 0.001, data: 0.001) , D_A: 0.230, G_A: 0.976, cycle_A: 0.264, D_B: 0.232, G_B: 0.970, cycle_B: 0.156, gp: 0.230

[Rank 0] (epoch: 37, iters: 3072, time: 0.001, data: 0.001) , D_A: 0.246, G_A: 0.949, cycle_A: 0.281, D_B: 0.158, G_B: 0.967, cycle_B: 0.146, gp: 0.156

[Rank 0] (epoch: 37, iters: 4672, time: 0.001, data: 0.001) , D_A: 0.179, G_A: 0.909, cycle_A: 0.267, D_B: 0.177, G_B: 1.000, cycle_B: 0.148, gp: 0.173

[Rank 0] (epoch: 37, iters: 6272, time: 0.001, data: 0.001) , D_A: 0.204, G_A: 0.970, cycle_A: 0.273, D_B: 0.221, G_B: 0.978, cycle_B: 0.138, gp: 0.219

[Rank 0] (epoch: 37, iters: 7872, time: 0.001, data: 0.001) , D_A: 0.253, G_A: 0.968, cycle_A: 0.272, D_B: 0.153, G_B: 0.964, cycle_B: 0.149, gp: 0.151

[Rank 0] (epoch: 37, iters: 9472, time: 0.001, data: 0.001) , D_A: 0.238, G_A: 0.961, cycle_A: 0.276, D_B: 0.231, G_B: 0.953, cycle_B: 0.157, gp: 0.228

[Rank 0] (epoch: 37, iters: 11072, time: 0.001, data: 0.001) , D_A: 0.205, G_A: 0.929, cycle_A: 0.267, D_B: 0.174, G_B: 0.983, cycle_B: 0.157, gp: 0.172

[Rank 0] (epoch: 37, iters: 12672, time: 0.001, data: 0.001) , D_A: 0.275, G_A: 0.872, cycle_A: 0.277, D_B: 0.218, G_B: 0.974, cycle_B: 0.168, gp: 0.217

[Rank 0] (epoch: 37, iters: 14272, time: 0.001, data: 0.001) , D_A: 0.215, G_A: 1.030, cycle_A: 0.285, D_B: 0.170, G_B: 0.987, cycle_B: 0.152, gp: 0.167

[Rank 0] (epoch: 37, iters: 15872, time: 0.001, data: 0.001) , D_A: 0.250, G_A: 0.998, cycle_A: 0.278, D_B: 0.170, G_B: 0.976, cycle_B: 0.151, gp: 0.169

[Rank 0] (epoch: 37, iters: 17472, time: 0.001, data: 0.001) , D_A: 0.246, G_A: 1.030, cycle_A: 0.279, D_B: 0.181, G_B: 1.016, cycle_B: 0.137, gp: 0.178

[Rank 0] (epoch: 37, iters: 19072, time: 0.001, data: 0.001) , D_A: 0.150, G_A: 0.983, cycle_A: 0.275, D_B: 0.181, G_B: 0.970, cycle_B: 0.143, gp: 0.180

[Rank 0] (epoch: 37, iters: 20672, time: 0.001, data: 0.001) , D_A: 0.191, G_A: 0.945, cycle_A: 0.263, D_B: 0.138, G_B: 0.995, cycle_B: 0.158, gp: 0.136

[Rank 0] (epoch: 37, iters: 22272, time: 0.001, data: 0.001) , D_A: 0.094, G_A: 1.028, cycle_A: 0.274, D_B: 0.150, G_B: 0.981, cycle_B: 0.141, gp: 0.148

--- iter tau=0.1533 ---
  cipher in : xceptional outbursts of solar radio noise the quiescent level of
  decrypted : buoyetde ladheshi e ad a dl iai ptdaedt oaenoaphto uoeealoiolad 
  real plain: an occupation with a future some vocational training schools pro
  cipher in :  members of the professions quit school at an early age and went
  decrypted : afofsoi ad aenoayid o  tde aphtea unddla ea eao ilka moa eparoee
  real plain: ces finally brought the music to life the last program of this f
[Rank 0] (epoch: 37, iters: 23872, time: 0.001, data: 0.001) , D_A: 0.122, G_A: 0.962, cycle_A: 0.269, D_B: 0.131, G_B: 0.981, cycle_B: 0.149, gp: 0.129

saving the latest model (epoch 37, total_iters 1480000)
[Rank 0] (epoch: 37, iters: 25472, time: 0.001, data: 0.001) , D_A: 0.130, G_A: 0.981, cycle_A: 0.273, D_B: 0.243, G_B: 1.006, cycle_B: 0.174, gp: 0.240

[Rank 0] (epoch: 37, iters: 27072, time: 0.001, data: 0.001) , D_A: 0.242, G_A: 0.954, cycle_A: 0.268, D_B: 0.170, G_B: 0.958, cycle_B: 0.148, gp: 0.167

[Rank 0] (epoch: 37, iters: 28672, time: 0.001, data: 0.001) , D_A: 0.115, G_A: 0.980, cycle_A: 0.275, D_B: 0.231, G_B: 1.006, cycle_B: 0.162, gp: 0.229

[Rank 0] (epoch: 37, iters: 30272, time: 0.001, data: 0.001) , D_A: 0.092, G_A: 0.921, cycle_A: 0.278, D_B: 0.235, G_B: 0.993, cycle_B: 0.150, gp: 0.233

[Rank 0] (epoch: 37, iters: 31872, time: 0.001, data: 0.001) , D_A: 0.217, G_A: 0.984, cycle_A: 0.274, D_B: 0.217, G_B: 0.938, cycle_B: 0.155, gp: 0.216

[Rank 0] (epoch: 37, iters: 33472, time: 0.001, data: 0.001) , D_A: 0.149, G_A: 1.031, cycle_A: 0.282, D_B: 0.177, G_B: 0.941, cycle_B: 0.143, gp: 0.176

[Rank 0] (epoch: 37, iters: 35072, time: 0.001, data: 0.001) , D_A: 0.169, G_A: 0.915, cycle_A: 0.272, D_B: 0.124, G_B: 0.949, cycle_B: 0.170, gp: 0.122

[Rank 0] (epoch: 37, iters: 36672, time: 0.001, data: 0.001) , D_A: 0.219, G_A: 0.986, cycle_A: 0.275, D_B: 0.162, G_B: 0.978, cycle_B: 0.138, gp: 0.159

[Rank 0] (epoch: 37, iters: 38272, time: 0.001, data: 0.001) , D_A: 0.175, G_A: 0.989, cycle_A: 0.277, D_B: 0.243, G_B: 0.984, cycle_B: 0.153, gp: 0.240

[Rank 0] (epoch: 37, iters: 39872, time: 0.001, data: 0.001) , D_A: 0.164, G_A: 1.010, cycle_A: 0.279, D_B: 0.215, G_B: 0.976, cycle_B: 0.143, gp: 0.214

learning rate 0.0002000 -> 0.0002000
temperature tau = 0.1483
End of epoch 37 / 50 	 Time Taken: 35 sec
[Rank 0] (epoch: 38, iters: 1024, time: 0.001, data: 0.001) , D_A: 0.194, G_A: 0.930, cycle_A: 0.271, D_B: 0.208, G_B: 0.981, cycle_B: 0.158, gp: 0.207

[Rank 0] (epoch: 38, iters: 2624, time: 0.001, data: 0.000) , D_A: 0.130, G_A: 0.944, cycle_A: 0.273, D_B: 0.158, G_B: 1.016, cycle_B: 0.156, gp: 0.156

[Rank 0] (epoch: 38, iters: 4224, time: 0.001, data: 0.001) , D_A: 0.160, G_A: 0.982, cycle_A: 0.292, D_B: 0.198, G_B: 0.980, cycle_B: 0.135, gp: 0.197

[Rank 0] (epoch: 38, iters: 5824, time: 0.001, data: 0.001) , D_A: 0.238, G_A: 1.015, cycle_A: 0.259, D_B: 0.122, G_B: 0.987, cycle_B: 0.154, gp: 0.120

[Rank 0] (epoch: 38, iters: 7424, time: 0.001, data: 0.002) , D_A: 0.181, G_A: 0.866, cycle_A: 0.276, D_B: 0.230, G_B: 0.975, cycle_B: 0.157, gp: 0.228

[Rank 0] (epoch: 38, iters: 9024, time: 0.001, data: 0.001) , D_A: 0.282, G_A: 0.966, cycle_A: 0.278, D_B: 0.116, G_B: 0.982, cycle_B: 0.132, gp: 0.114

[Rank 0] (epoch: 38, iters: 10624, time: 0.001, data: 0.001) , D_A: 0.202, G_A: 1.014, cycle_A: 0.280, D_B: 0.211, G_B: 0.993, cycle_B: 0.166, gp: 0.209

[Rank 0] (epoch: 38, iters: 12224, time: 0.001, data: 0.001) , D_A: 0.286, G_A: 1.024, cycle_A: 0.266, D_B: 0.166, G_B: 0.997, cycle_B: 0.152, gp: 0.165

[Rank 0] (epoch: 38, iters: 13824, time: 0.001, data: 0.001) , D_A: 0.145, G_A: 0.955, cycle_A: 0.269, D_B: 0.185, G_B: 0.950, cycle_B: 0.150, gp: 0.183

[Rank 0] (epoch: 38, iters: 15424, time: 0.001, data: 0.001) , D_A: 0.219, G_A: 0.998, cycle_A: 0.267, D_B: 0.189, G_B: 0.984, cycle_B: 0.148, gp: 0.187

[Rank 0] (epoch: 38, iters: 17024, time: 0.001, data: 0.001) , D_A: 0.181, G_A: 1.004, cycle_A: 0.279, D_B: 0.283, G_B: 0.993, cycle_B: 0.138, gp: 0.282

[Rank 0] (epoch: 38, iters: 18624, time: 0.001, data: 0.001) , D_A: 0.192, G_A: 1.002, cycle_A: 0.270, D_B: 0.158, G_B: 0.991, cycle_B: 0.137, gp: 0.156

[Rank 0] (epoch: 38, iters: 20224, time: 0.001, data: 0.001) , D_A: 0.116, G_A: 0.919, cycle_A: 0.273, D_B: 0.212, G_B: 1.001, cycle_B: 0.153, gp: 0.210

[Rank 0] (epoch: 38, iters: 21824, time: 0.001, data: 0.001) , D_A: 0.143, G_A: 0.961, cycle_A: 0.279, D_B: 0.192, G_B: 0.994, cycle_B: 0.158, gp: 0.190

--- iter tau=0.1483 ---
  cipher in :  the ultimate in bad taste callous exploitation beyond the bound
  decrypted : aenoahletf eoateas pae  eoau lldh aobyldte etdeasokdepaenoasdhep
  real plain: eaded his calling her back rests on his having once got her acqu
  cipher in : re a bad check may subject the maker to certain penalties all ch
  decrypted : ioa as paunoubaf ka hspoueaenoaf boiaedauoie teayoe leto a llaun
  real plain: as a junior in college that first entry there is the vermont flu
[Rank 0] (epoch: 38, iters: 23424, time: 0.001, data: 0.001) , D_A: 0.156, G_A: 1.006, cycle_A: 0.279, D_B: 0.223, G_B: 0.992, cycle_B: 0.142, gp: 0.221

saving the latest model (epoch 38, total_iters 1520000)
[Rank 0] (epoch: 38, iters: 25024, time: 0.001, data: 0.001) , D_A: 0.125, G_A: 1.044, cycle_A: 0.269, D_B: 0.171, G_B: 1.033, cycle_B: 0.143, gp: 0.169

[Rank 0] (epoch: 38, iters: 26624, time: 0.001, data: 0.001) , D_A: 0.231, G_A: 0.964, cycle_A: 0.266, D_B: 0.186, G_B: 0.999, cycle_B: 0.158, gp: 0.184

[Rank 0] (epoch: 38, iters: 28224, time: 0.001, data: 0.001) , D_A: 0.277, G_A: 1.055, cycle_A: 0.274, D_B: 0.177, G_B: 1.005, cycle_B: 0.163, gp: 0.176

[Rank 0] (epoch: 38, iters: 29824, time: 0.001, data: 0.001) , D_A: 0.167, G_A: 0.957, cycle_A: 0.269, D_B: 0.112, G_B: 1.044, cycle_B: 0.152, gp: 0.111

[Rank 0] (epoch: 38, iters: 31424, time: 0.001, data: 0.001) , D_A: 0.175, G_A: 0.978, cycle_A: 0.274, D_B: 0.171, G_B: 0.940, cycle_B: 0.146, gp: 0.168

[Rank 0] (epoch: 38, iters: 33024, time: 0.001, data: 0.001) , D_A: 0.222, G_A: 1.060, cycle_A: 0.266, D_B: 0.197, G_B: 0.941, cycle_B: 0.150, gp: 0.195

[Rank 0] (epoch: 38, iters: 34624, time: 0.001, data: 0.001) , D_A: 0.177, G_A: 1.058, cycle_A: 0.278, D_B: 0.093, G_B: 0.939, cycle_B: 0.145, gp: 0.091

[Rank 0] (epoch: 38, iters: 36224, time: 0.001, data: 0.001) , D_A: 0.192, G_A: 0.962, cycle_A: 0.258, D_B: 0.133, G_B: 0.963, cycle_B: 0.143, gp: 0.131

[Rank 0] (epoch: 38, iters: 37824, time: 0.001, data: 0.001) , D_A: 0.160, G_A: 0.978, cycle_A: 0.266, D_B: 0.171, G_B: 1.019, cycle_B: 0.156, gp: 0.169

[Rank 0] (epoch: 38, iters: 39424, time: 0.001, data: 0.001) , D_A: 0.257, G_A: 0.994, cycle_A: 0.283, D_B: 0.204, G_B: 1.019, cycle_B: 0.141, gp: 0.203

learning rate 0.0002000 -> 0.0002000
temperature tau = 0.1435
End of epoch 38 / 50 	 Time Taken: 35 sec
[Rank 0] (epoch: 39, iters: 576, time: 0.001, data: 0.001) , D_A: 0.219, G_A: 1.016, cycle_A: 0.278, D_B: 0.224, G_B: 0.948, cycle_B: 0.154, gp: 0.222

[Rank 0] (epoch: 39, iters: 2176, time: 0.001, data: 0.000) , D_A: 0.194, G_A: 1.004, cycle_A: 0.278, D_B: 0.174, G_B: 0.904, cycle_B: 0.144, gp: 0.167

[Rank 0] (epoch: 39, iters: 3776, time: 0.001, data: 0.001) , D_A: 0.164, G_A: 1.041, cycle_A: 0.261, D_B: 0.240, G_B: 1.001, cycle_B: 0.143, gp: 0.239

[Rank 0] (epoch: 39, iters: 5376, time: 0.001, data: 0.001) , D_A: 0.171, G_A: 1.038, cycle_A: 0.265, D_B: 0.174, G_B: 0.991, cycle_B: 0.145, gp: 0.172

[Rank 0] (epoch: 39, iters: 6976, time: 0.001, data: 0.001) , D_A: 0.161, G_A: 0.924, cycle_A: 0.269, D_B: 0.221, G_B: 0.993, cycle_B: 0.168, gp: 0.219

[Rank 0] (epoch: 39, iters: 8576, time: 0.001, data: 0.001) , D_A: 0.188, G_A: 1.007, cycle_A: 0.275, D_B: 0.146, G_B: 0.999, cycle_B: 0.164, gp: 0.145

[Rank 0] (epoch: 39, iters: 10176, time: 0.001, data: 0.001) , D_A: 0.217, G_A: 0.925, cycle_A: 0.263, D_B: 0.249, G_B: 0.993, cycle_B: 0.149, gp: 0.248

[Rank 0] (epoch: 39, iters: 11776, time: 0.001, data: 0.001) , D_A: 0.126, G_A: 1.001, cycle_A: 0.282, D_B: 0.223, G_B: 0.893, cycle_B: 0.151, gp: 0.220

[Rank 0] (epoch: 39, iters: 13376, time: 0.001, data: 0.001) , D_A: 0.163, G_A: 0.952, cycle_A: 0.267, D_B: 0.250, G_B: 0.896, cycle_B: 0.155, gp: 0.248

[Rank 0] (epoch: 39, iters: 14976, time: 0.001, data: 0.001) , D_A: 0.253, G_A: 1.003, cycle_A: 0.290, D_B: 0.187, G_B: 0.995, cycle_B: 0.160, gp: 0.185

[Rank 0] (epoch: 39, iters: 16576, time: 0.001, data: 0.001) , D_A: 0.198, G_A: 0.964, cycle_A: 0.276, D_B: 0.153, G_B: 0.988, cycle_B: 0.145, gp: 0.151

[Rank 0] (epoch: 39, iters: 18176, time: 0.001, data: 0.001) , D_A: 0.204, G_A: 1.074, cycle_A: 0.271, D_B: 0.211, G_B: 0.972, cycle_B: 0.133, gp: 0.209

[Rank 0] (epoch: 39, iters: 19776, time: 0.001, data: 0.001) , D_A: 0.247, G_A: 0.962, cycle_A: 0.277, D_B: 0.083, G_B: 0.992, cycle_B: 0.158, gp: 0.082

[Rank 0] (epoch: 39, iters: 21376, time: 0.001, data: 0.001) , D_A: 0.207, G_A: 0.960, cycle_A: 0.271, D_B: 0.044, G_B: 0.998, cycle_B: 0.147, gp: 0.043

--- iter tau=0.1435 ---
  cipher in : es bathroom to turn on the hotwater heater and on the side of th
  decrypted : o as eniddfaedaehieadeaenoander eoiano eoia epadeaenoa tpoad aen
  real plain: situated within a parenchyma entirely lacking in protective supp
  cipher in : pite the internal and international crises that harassed morocco
  decrypted : yteoaenoateeoie la epateeoie etde lauit o aen ean i   opafdiduud
  real plain: ff that he was moving like a ballet dancer playing for laughs if
[Rank 0] (epoch: 39, iters: 22976, time: 0.001, data: 0.001) , D_A: 0.167, G_A: 1.009, cycle_A: 0.276, D_B: 0.313, G_B: 1.019, cycle_B: 0.150, gp: 0.311

saving the latest model (epoch 39, total_iters 1560000)
[Rank 0] (epoch: 39, iters: 24576, time: 0.001, data: 0.001) , D_A: 0.212, G_A: 0.966, cycle_A: 0.274, D_B: 0.213, G_B: 0.980, cycle_B: 0.161, gp: 0.211

[Rank 0] (epoch: 39, iters: 26176, time: 0.001, data: 0.001) , D_A: 0.215, G_A: 0.958, cycle_A: 0.266, D_B: 0.198, G_B: 0.967, cycle_B: 0.158, gp: 0.197

[Rank 0] (epoch: 39, iters: 27776, time: 0.001, data: 0.001) , D_A: 0.223, G_A: 1.011, cycle_A: 0.277, D_B: 0.112, G_B: 0.811, cycle_B: 0.154, gp: 0.099

[Rank 0] (epoch: 39, iters: 29376, time: 0.001, data: 0.001) , D_A: 0.299, G_A: 0.954, cycle_A: 0.267, D_B: 0.136, G_B: 1.003, cycle_B: 0.158, gp: 0.135

[Rank 0] (epoch: 39, iters: 30976, time: 0.001, data: 0.001) , D_A: 0.146, G_A: 1.020, cycle_A: 0.267, D_B: 0.118, G_B: 0.960, cycle_B: 0.145, gp: 0.116

[Rank 0] (epoch: 39, iters: 32576, time: 0.001, data: 0.001) , D_A: 0.134, G_A: 0.957, cycle_A: 0.273, D_B: 0.219, G_B: 0.959, cycle_B: 0.141, gp: 0.217

[Rank 0] (epoch: 39, iters: 34176, time: 0.001, data: 0.001) , D_A: 0.183, G_A: 0.937, cycle_A: 0.271, D_B: 0.174, G_B: 0.983, cycle_B: 0.145, gp: 0.171

[Rank 0] (epoch: 39, iters: 35776, time: 0.001, data: 0.001) , D_A: 0.156, G_A: 0.964, cycle_A: 0.266, D_B: 0.287, G_B: 0.919, cycle_B: 0.144, gp: 0.282

[Rank 0] (epoch: 39, iters: 37376, time: 0.001, data: 0.001) , D_A: 0.121, G_A: 0.976, cycle_A: 0.279, D_B: 0.204, G_B: 1.014, cycle_B: 0.138, gp: 0.203

[Rank 0] (epoch: 39, iters: 38976, time: 0.001, data: 0.001) , D_A: 0.236, G_A: 0.846, cycle_A: 0.271, D_B: 0.209, G_B: 0.938, cycle_B: 0.145, gp: 0.206

learning rate 0.0002000 -> 0.0002000
temperature tau = 0.1389
End of epoch 39 / 50 	 Time Taken: 35 sec
[Rank 0] (epoch: 40, iters: 128, time: 0.001, data: 0.001) , D_A: 0.204, G_A: 0.899, cycle_A: 0.273, D_B: 0.175, G_B: 0.965, cycle_B: 0.142, gp: 0.173

[Rank 0] (epoch: 40, iters: 1728, time: 0.001, data: 0.001) , D_A: 0.235, G_A: 0.989, cycle_A: 0.272, D_B: 0.146, G_B: 0.938, cycle_B: 0.151, gp: 0.143

[Rank 0] (epoch: 40, iters: 3328, time: 0.001, data: 0.001) , D_A: 0.089, G_A: 0.967, cycle_A: 0.284, D_B: 0.176, G_B: 0.956, cycle_B: 0.152, gp: 0.173

[Rank 0] (epoch: 40, iters: 4928, time: 0.001, data: 0.001) , D_A: 0.211, G_A: 0.919, cycle_A: 0.267, D_B: 0.181, G_B: 0.998, cycle_B: 0.144, gp: 0.180

[Rank 0] (epoch: 40, iters: 6528, time: 0.001, data: 0.001) , D_A: 0.230, G_A: 0.989, cycle_A: 0.280, D_B: 0.169, G_B: 1.007, cycle_B: 0.134, gp: 0.168

[Rank 0] (epoch: 40, iters: 8128, time: 0.001, data: 0.001) , D_A: 0.128, G_A: 0.958, cycle_A: 0.280, D_B: 0.117, G_B: 0.929, cycle_B: 0.143, gp: 0.115

[Rank 0] (epoch: 40, iters: 9728, time: 0.001, data: 0.001) , D_A: 0.287, G_A: 1.054, cycle_A: 0.296, D_B: 0.221, G_B: 0.902, cycle_B: 0.156, gp: 0.220

[Rank 0] (epoch: 40, iters: 11328, time: 0.001, data: 0.001) , D_A: 0.158, G_A: 0.958, cycle_A: 0.278, D_B: 0.203, G_B: 0.986, cycle_B: 0.152, gp: 0.201

[Rank 0] (epoch: 40, iters: 12928, time: 0.001, data: 0.001) , D_A: 0.171, G_A: 1.016, cycle_A: 0.271, D_B: 0.111, G_B: 1.059, cycle_B: 0.162, gp: 0.108

[Rank 0] (epoch: 40, iters: 14528, time: 0.001, data: 0.001) , D_A: 0.108, G_A: 0.924, cycle_A: 0.278, D_B: 0.287, G_B: 0.904, cycle_B: 0.149, gp: 0.281

[Rank 0] (epoch: 40, iters: 16128, time: 0.001, data: 0.001) , D_A: 0.183, G_A: 0.933, cycle_A: 0.279, D_B: 0.252, G_B: 1.024, cycle_B: 0.149, gp: 0.251

[Rank 0] (epoch: 40, iters: 17728, time: 0.001, data: 0.001) , D_A: 0.121, G_A: 1.088, cycle_A: 0.278, D_B: 0.188, G_B: 0.980, cycle_B: 0.136, gp: 0.186

[Rank 0] (epoch: 40, iters: 19328, time: 0.001, data: 0.001) , D_A: 0.237, G_A: 1.050, cycle_A: 0.275, D_B: 0.192, G_B: 0.878, cycle_B: 0.142, gp: 0.190

[Rank 0] (epoch: 40, iters: 20928, time: 0.001, data: 0.001) , D_A: 0.266, G_A: 1.019, cycle_A: 0.283, D_B: 0.187, G_B: 0.996, cycle_B: 0.161, gp: 0.186

--- iter tau=0.1389 ---
  cipher in : lthier children since the change to better nutrition he feels he
  decrypted : lentoiauntlpioea teuoaenoaun emoaedasoeeoiaeheitetdeanoa ool ano
  real plain:  the ottoman nationalism on which enver pasha counted does not e
  cipher in : ge of jewish teenagers in college is that a great many urban jew
  decrypted : moad aport naeooe moi ateaudllomoat aen ea amio eaf ekahis eapor
  real plain: d precision as well as imagination because don was leaving the n
[Rank 0] (epoch: 40, iters: 22528, time: 0.001, data: 0.001) , D_A: 0.144, G_A: 0.978, cycle_A: 0.281, D_B: 0.177, G_B: 1.032, cycle_B: 0.139, gp: 0.175

saving the latest model (epoch 40, total_iters 1600000)
[Rank 0] (epoch: 40, iters: 24128, time: 0.001, data: 0.001) , D_A: 0.113, G_A: 0.974, cycle_A: 0.282, D_B: 0.112, G_B: 0.965, cycle_B: 0.160, gp: 0.111

[Rank 0] (epoch: 40, iters: 25728, time: 0.001, data: 0.001) , D_A: 0.104, G_A: 0.967, cycle_A: 0.269, D_B: 0.165, G_B: 0.952, cycle_B: 0.148, gp: 0.162

[Rank 0] (epoch: 40, iters: 27328, time: 0.001, data: 0.001) , D_A: 0.166, G_A: 1.020, cycle_A: 0.280, D_B: 0.122, G_B: 0.952, cycle_B: 0.150, gp: 0.120

[Rank 0] (epoch: 40, iters: 28928, time: 0.001, data: 0.001) , D_A: 0.214, G_A: 0.982, cycle_A: 0.283, D_B: 0.171, G_B: 0.998, cycle_B: 0.142, gp: 0.168

[Rank 0] (epoch: 40, iters: 30528, time: 0.001, data: 0.001) , D_A: 0.163, G_A: 0.977, cycle_A: 0.266, D_B: 0.169, G_B: 0.992, cycle_B: 0.147, gp: 0.168

[Rank 0] (epoch: 40, iters: 32128, time: 0.001, data: 0.001) , D_A: 0.188, G_A: 0.906, cycle_A: 0.269, D_B: 0.120, G_B: 0.903, cycle_B: 0.158, gp: 0.117

[Rank 0] (epoch: 40, iters: 33728, time: 0.001, data: 0.001) , D_A: 0.250, G_A: 0.971, cycle_A: 0.263, D_B: 0.142, G_B: 0.973, cycle_B: 0.143, gp: 0.140

[Rank 0] (epoch: 40, iters: 35328, time: 0.001, data: 0.001) , D_A: 0.173, G_A: 1.014, cycle_A: 0.273, D_B: 0.133, G_B: 0.971, cycle_B: 0.140, gp: 0.131

[Rank 0] (epoch: 40, iters: 36928, time: 0.001, data: 0.001) , D_A: 0.261, G_A: 1.000, cycle_A: 0.281, D_B: 0.098, G_B: 0.972, cycle_B: 0.141, gp: 0.097

[Rank 0] (epoch: 40, iters: 38528, time: 0.001, data: 0.001) , D_A: 0.257, G_A: 0.915, cycle_A: 0.279, D_B: 0.155, G_B: 0.959, cycle_B: 0.161, gp: 0.154

[Rank 0] (epoch: 40, iters: 40128, time: 0.001, data: 0.001) , D_A: 0.218, G_A: 0.962, cycle_A: 0.271, D_B: 0.127, G_B: 0.990, cycle_B: 0.148, gp: 0.125

learning rate 0.0002000 -> 0.0001818
temperature tau = 0.1344
End of epoch 40 / 50 	 Time Taken: 35 sec
[Rank 0] (epoch: 41, iters: 1280, time: 0.001, data: 0.001) , D_A: 0.215, G_A: 0.985, cycle_A: 0.276, D_B: 0.167, G_B: 1.021, cycle_B: 0.150, gp: 0.166

[Rank 0] (epoch: 41, iters: 2880, time: 0.001, data: 0.001) , D_A: 0.189, G_A: 0.895, cycle_A: 0.279, D_B: 0.154, G_B: 0.976, cycle_B: 0.143, gp: 0.152

[Rank 0] (epoch: 41, iters: 4480, time: 0.001, data: 0.001) , D_A: 0.262, G_A: 0.999, cycle_A: 0.283, D_B: 0.128, G_B: 0.959, cycle_B: 0.133, gp: 0.127

[Rank 0] (epoch: 41, iters: 6080, time: 0.001, data: 0.001) , D_A: 0.181, G_A: 1.009, cycle_A: 0.269, D_B: 0.206, G_B: 0.980, cycle_B: 0.148, gp: 0.205

[Rank 0] (epoch: 41, iters: 7680, time: 0.001, data: 0.001) , D_A: 0.277, G_A: 1.027, cycle_A: 0.277, D_B: 0.243, G_B: 0.999, cycle_B: 0.156, gp: 0.242

[Rank 0] (epoch: 41, iters: 9280, time: 0.001, data: 0.001) , D_A: 0.149, G_A: 0.971, cycle_A: 0.268, D_B: 0.108, G_B: 0.989, cycle_B: 0.157, gp: 0.107

[Rank 0] (epoch: 41, iters: 10880, time: 0.001, data: 0.001) , D_A: 0.186, G_A: 0.870, cycle_A: 0.279, D_B: 0.218, G_B: 0.937, cycle_B: 0.150, gp: 0.216

[Rank 0] (epoch: 41, iters: 12480, time: 0.001, data: 0.001) , D_A: 0.302, G_A: 0.993, cycle_A: 0.269, D_B: 0.119, G_B: 1.012, cycle_B: 0.147, gp: 0.117

[Rank 0] (epoch: 41, iters: 14080, time: 0.001, data: 0.001) , D_A: 0.147, G_A: 0.947, cycle_A: 0.270, D_B: 0.215, G_B: 0.980, cycle_B: 0.143, gp: 0.214

[Rank 0] (epoch: 41, iters: 15680, time: 0.001, data: 0.001) , D_A: 0.182, G_A: 0.937, cycle_A: 0.267, D_B: 0.220, G_B: 0.978, cycle_B: 0.149, gp: 0.218

[Rank 0] (epoch: 41, iters: 17280, time: 0.001, data: 0.001) , D_A: 0.277, G_A: 0.963, cycle_A: 0.273, D_B: 0.147, G_B: 0.996, cycle_B: 0.137, gp: 0.145

[Rank 0] (epoch: 41, iters: 18880, time: 0.001, data: 0.001) , D_A: 0.183, G_A: 1.049, cycle_A: 0.272, D_B: 0.269, G_B: 1.009, cycle_B: 0.145, gp: 0.268

[Rank 0] (epoch: 41, iters: 20480, time: 0.001, data: 0.001) , D_A: 0.195, G_A: 1.005, cycle_A: 0.277, D_B: 0.197, G_B: 0.933, cycle_B: 0.152, gp: 0.196

--- iter tau=0.1344 ---
  cipher in :  down to the stream the coyote was calling again and he hoped th
  decrypted : apwreaewaenoa eio faenoauwkweoar  au lltema m tea epanoanwyopaen
  real plain:  the ottoman nationalism on which enver pasha counted does not e
  cipher in : that fewer protestants are going to church it should be admitted
  decrypted : en ea oroiayiweo e ee a ioamwtemaewaunhiunatea nwhlpasoa pfteeop
  real plain: d precision as well as imagination because don was leaving the n
[Rank 0] (epoch: 41, iters: 22080, time: 0.001, data: 0.001) , D_A: 0.237, G_A: 0.982, cycle_A: 0.261, D_B: 0.160, G_B: 0.982, cycle_B: 0.143, gp: 0.158

saving the latest model (epoch 41, total_iters 1640000)
[Rank 0] (epoch: 41, iters: 23680, time: 0.001, data: 0.001) , D_A: 0.197, G_A: 1.049, cycle_A: 0.278, D_B: 0.148, G_B: 1.001, cycle_B: 0.175, gp: 0.146

[Rank 0] (epoch: 41, iters: 25280, time: 0.001, data: 0.001) , D_A: 0.187, G_A: 0.931, cycle_A: 0.275, D_B: 0.265, G_B: 0.951, cycle_B: 0.154, gp: 0.262

[Rank 0] (epoch: 41, iters: 26880, time: 0.001, data: 0.001) , D_A: 0.199, G_A: 1.005, cycle_A: 0.274, D_B: 0.182, G_B: 0.981, cycle_B: 0.145, gp: 0.180

[Rank 0] (epoch: 41, iters: 28480, time: 0.001, data: 0.001) , D_A: 0.132, G_A: 0.950, cycle_A: 0.272, D_B: 0.254, G_B: 0.973, cycle_B: 0.160, gp: 0.252

[Rank 0] (epoch: 41, iters: 30080, time: 0.001, data: 0.001) , D_A: 0.140, G_A: 1.009, cycle_A: 0.275, D_B: 0.166, G_B: 0.989, cycle_B: 0.145, gp: 0.165

[Rank 0] (epoch: 41, iters: 31680, time: 0.001, data: 0.001) , D_A: 0.155, G_A: 0.968, cycle_A: 0.266, D_B: 0.155, G_B: 0.995, cycle_B: 0.145, gp: 0.154

[Rank 0] (epoch: 41, iters: 33280, time: 0.001, data: 0.001) , D_A: 0.154, G_A: 0.904, cycle_A: 0.274, D_B: 0.206, G_B: 0.995, cycle_B: 0.144, gp: 0.204

[Rank 0] (epoch: 41, iters: 34880, time: 0.001, data: 0.001) , D_A: 0.154, G_A: 0.938, cycle_A: 0.274, D_B: 0.261, G_B: 0.988, cycle_B: 0.146, gp: 0.259

[Rank 0] (epoch: 41, iters: 36480, time: 0.001, data: 0.001) , D_A: 0.262, G_A: 0.967, cycle_A: 0.276, D_B: 0.224, G_B: 0.986, cycle_B: 0.138, gp: 0.222

[Rank 0] (epoch: 41, iters: 38080, time: 0.001, data: 0.001) , D_A: 0.157, G_A: 0.984, cycle_A: 0.284, D_B: 0.134, G_B: 0.974, cycle_B: 0.148, gp: 0.133

[Rank 0] (epoch: 41, iters: 39680, time: 0.001, data: 0.001) , D_A: 0.186, G_A: 0.927, cycle_A: 0.263, D_B: 0.218, G_B: 1.023, cycle_B: 0.148, gp: 0.217

learning rate 0.0001818 -> 0.0001636
temperature tau = 0.1301
End of epoch 41 / 50 	 Time Taken: 35 sec
[Rank 0] (epoch: 42, iters: 832, time: 0.001, data: 0.001) , D_A: 0.124, G_A: 1.009, cycle_A: 0.266, D_B: 0.159, G_B: 1.009, cycle_B: 0.153, gp: 0.158

[Rank 0] (epoch: 42, iters: 2432, time: 0.001, data: 0.000) , D_A: 0.218, G_A: 0.997, cycle_A: 0.264, D_B: 0.257, G_B: 1.030, cycle_B: 0.143, gp: 0.255

[Rank 0] (epoch: 42, iters: 4032, time: 0.001, data: 0.001) , D_A: 0.201, G_A: 0.921, cycle_A: 0.273, D_B: 0.164, G_B: 1.016, cycle_B: 0.147, gp: 0.162

[Rank 0] (epoch: 42, iters: 5632, time: 0.001, data: 0.001) , D_A: 0.104, G_A: 0.936, cycle_A: 0.280, D_B: 0.167, G_B: 0.967, cycle_B: 0.146, gp: 0.166

[Rank 0] (epoch: 42, iters: 7232, time: 0.001, data: 0.001) , D_A: 0.110, G_A: 1.014, cycle_A: 0.272, D_B: 0.134, G_B: 0.984, cycle_B: 0.156, gp: 0.133

[Rank 0] (epoch: 42, iters: 8832, time: 0.001, data: 0.001) , D_A: 0.184, G_A: 1.010, cycle_A: 0.281, D_B: 0.159, G_B: 1.013, cycle_B: 0.132, gp: 0.158

[Rank 0] (epoch: 42, iters: 10432, time: 0.001, data: 0.001) , D_A: 0.168, G_A: 0.944, cycle_A: 0.269, D_B: 0.163, G_B: 0.986, cycle_B: 0.149, gp: 0.162

[Rank 0] (epoch: 42, iters: 12032, time: 0.001, data: 0.001) , D_A: 0.192, G_A: 0.960, cycle_A: 0.267, D_B: 0.158, G_B: 1.030, cycle_B: 0.156, gp: 0.156

[Rank 0] (epoch: 42, iters: 13632, time: 0.001, data: 0.001) , D_A: 0.174, G_A: 0.901, cycle_A: 0.277, D_B: 0.123, G_B: 0.941, cycle_B: 0.156, gp: 0.121

[Rank 0] (epoch: 42, iters: 15232, time: 0.001, data: 0.001) , D_A: 0.235, G_A: 1.020, cycle_A: 0.271, D_B: 0.197, G_B: 0.990, cycle_B: 0.160, gp: 0.196

[Rank 0] (epoch: 42, iters: 16832, time: 0.001, data: 0.001) , D_A: 0.143, G_A: 1.005, cycle_A: 0.266, D_B: 0.159, G_B: 0.998, cycle_B: 0.146, gp: 0.158

[Rank 0] (epoch: 42, iters: 18432, time: 0.001, data: 0.001) , D_A: 0.220, G_A: 0.944, cycle_A: 0.271, D_B: 0.262, G_B: 0.997, cycle_B: 0.134, gp: 0.261

[Rank 0] (epoch: 42, iters: 20032, time: 0.001, data: 0.001) , D_A: 0.272, G_A: 1.021, cycle_A: 0.284, D_B: 0.251, G_B: 0.979, cycle_B: 0.163, gp: 0.250

--- iter tau=0.1301 ---
  cipher in : cial groups to which they belong yet they have accepted most of 
  decrypted : ut lamidhy aedarntunaenokasoldemakoeaenokan ioa uuoyeopafd ead a
  real plain: ney fil terral and carl david page of w h adamson bill burke tom
  cipher in : istration in the early s calling the democrats the party that li
  decrypted : t ei etdeateaenoao ilka au lltemaenoapofdui e aenoay iekaen ealt
  real plain:  to reduce feeding costs have you considered gradual withdrawal 
[Rank 0] (epoch: 42, iters: 21632, time: 0.001, data: 0.001) , D_A: 0.171, G_A: 0.963, cycle_A: 0.279, D_B: 0.242, G_B: 0.995, cycle_B: 0.150, gp: 0.241

saving the latest model (epoch 42, total_iters 1680000)
[Rank 0] (epoch: 42, iters: 23232, time: 0.001, data: 0.001) , D_A: 0.116, G_A: 0.995, cycle_A: 0.284, D_B: 0.183, G_B: 1.011, cycle_B: 0.142, gp: 0.182

[Rank 0] (epoch: 42, iters: 24832, time: 0.001, data: 0.001) , D_A: 0.129, G_A: 0.967, cycle_A: 0.285, D_B: 0.208, G_B: 0.996, cycle_B: 0.139, gp: 0.206

[Rank 0] (epoch: 42, iters: 26432, time: 0.001, data: 0.001) , D_A: 0.197, G_A: 0.994, cycle_A: 0.272, D_B: 0.171, G_B: 0.981, cycle_B: 0.167, gp: 0.169

[Rank 0] (epoch: 42, iters: 28032, time: 0.001, data: 0.001) , D_A: 0.183, G_A: 0.977, cycle_A: 0.266, D_B: 0.132, G_B: 0.948, cycle_B: 0.143, gp: 0.130

[Rank 0] (epoch: 42, iters: 29632, time: 0.001, data: 0.001) , D_A: 0.130, G_A: 1.004, cycle_A: 0.282, D_B: 0.226, G_B: 0.990, cycle_B: 0.151, gp: 0.225

[Rank 0] (epoch: 42, iters: 31232, time: 0.001, data: 0.001) , D_A: 0.166, G_A: 0.995, cycle_A: 0.274, D_B: 0.208, G_B: 0.968, cycle_B: 0.145, gp: 0.207

[Rank 0] (epoch: 42, iters: 32832, time: 0.001, data: 0.001) , D_A: 0.214, G_A: 0.997, cycle_A: 0.267, D_B: 0.215, G_B: 1.005, cycle_B: 0.145, gp: 0.214

[Rank 0] (epoch: 42, iters: 34432, time: 0.001, data: 0.001) , D_A: 0.139, G_A: 1.016, cycle_A: 0.274, D_B: 0.153, G_B: 1.009, cycle_B: 0.145, gp: 0.151

[Rank 0] (epoch: 42, iters: 36032, time: 0.001, data: 0.001) , D_A: 0.195, G_A: 0.992, cycle_A: 0.268, D_B: 0.142, G_B: 0.997, cycle_B: 0.141, gp: 0.141

[Rank 0] (epoch: 42, iters: 37632, time: 0.001, data: 0.001) , D_A: 0.165, G_A: 0.968, cycle_A: 0.273, D_B: 0.085, G_B: 0.996, cycle_B: 0.155, gp: 0.084

[Rank 0] (epoch: 42, iters: 39232, time: 0.001, data: 0.001) , D_A: 0.128, G_A: 0.973, cycle_A: 0.266, D_B: 0.224, G_B: 0.972, cycle_B: 0.138, gp: 0.222

learning rate 0.0001636 -> 0.0001455
temperature tau = 0.1258
End of epoch 42 / 50 	 Time Taken: 35 sec
[Rank 0] (epoch: 43, iters: 384, time: 0.001, data: 0.001) , D_A: 0.192, G_A: 0.974, cycle_A: 0.265, D_B: 0.191, G_B: 1.012, cycle_B: 0.141, gp: 0.189

[Rank 0] (epoch: 43, iters: 1984, time: 0.001, data: 0.003) , D_A: 0.079, G_A: 0.975, cycle_A: 0.273, D_B: 0.196, G_B: 0.977, cycle_B: 0.158, gp: 0.195

[Rank 0] (epoch: 43, iters: 3584, time: 0.001, data: 0.001) , D_A: 0.208, G_A: 1.025, cycle_A: 0.278, D_B: 0.190, G_B: 0.976, cycle_B: 0.151, gp: 0.189

[Rank 0] (epoch: 43, iters: 5184, time: 0.001, data: 0.001) , D_A: 0.179, G_A: 1.018, cycle_A: 0.272, D_B: 0.106, G_B: 0.983, cycle_B: 0.146, gp: 0.105

[Rank 0] (epoch: 43, iters: 6784, time: 0.001, data: 0.001) , D_A: 0.098, G_A: 0.961, cycle_A: 0.277, D_B: 0.234, G_B: 0.964, cycle_B: 0.152, gp: 0.233

[Rank 0] (epoch: 43, iters: 8384, time: 0.001, data: 0.001) , D_A: 0.190, G_A: 0.939, cycle_A: 0.267, D_B: 0.164, G_B: 0.963, cycle_B: 0.155, gp: 0.162

[Rank 0] (epoch: 43, iters: 9984, time: 0.001, data: 0.001) , D_A: 0.217, G_A: 1.002, cycle_A: 0.285, D_B: 0.182, G_B: 0.978, cycle_B: 0.149, gp: 0.180

[Rank 0] (epoch: 43, iters: 11584, time: 0.001, data: 0.001) , D_A: 0.198, G_A: 0.942, cycle_A: 0.273, D_B: 0.135, G_B: 0.967, cycle_B: 0.148, gp: 0.133

[Rank 0] (epoch: 43, iters: 13184, time: 0.001, data: 0.001) , D_A: 0.145, G_A: 0.980, cycle_A: 0.278, D_B: 0.109, G_B: 0.993, cycle_B: 0.160, gp: 0.107

[Rank 0] (epoch: 43, iters: 14784, time: 0.001, data: 0.001) , D_A: 0.199, G_A: 0.989, cycle_A: 0.273, D_B: 0.178, G_B: 0.939, cycle_B: 0.149, gp: 0.177

[Rank 0] (epoch: 43, iters: 16384, time: 0.001, data: 0.001) , D_A: 0.253, G_A: 0.938, cycle_A: 0.283, D_B: 0.149, G_B: 0.947, cycle_B: 0.153, gp: 0.147

[Rank 0] (epoch: 43, iters: 17984, time: 0.001, data: 0.001) , D_A: 0.130, G_A: 0.981, cycle_A: 0.268, D_B: 0.064, G_B: 0.934, cycle_B: 0.133, gp: 0.062

[Rank 0] (epoch: 43, iters: 19584, time: 0.001, data: 0.001) , D_A: 0.076, G_A: 0.957, cycle_A: 0.266, D_B: 0.159, G_B: 0.997, cycle_B: 0.159, gp: 0.158

--- iter tau=0.1258 ---
  cipher in : ssippi and charlottesville virginia the young william faulkner i
  decrypted :   tyyta epaun ilceeo itlloaitimtet aenoakchemartllt fa  hlbeoiat
  real plain: or help and every sound that might be the rain also might be the
  cipher in : hem and we finished up at a cute little night club i forget the 
  decrypted : nofa eparoa tet nopahya ea auheoalteeloaetmneaulhsata cimoeaenoa
  real plain: dirt and leaf stain is easily removed when damp but requires dyn
[Rank 0] (epoch: 43, iters: 21184, time: 0.001, data: 0.001) , D_A: 0.148, G_A: 1.024, cycle_A: 0.270, D_B: 0.124, G_B: 0.985, cycle_B: 0.142, gp: 0.123

saving the latest model (epoch 43, total_iters 1720000)
[Rank 0] (epoch: 43, iters: 22784, time: 0.001, data: 0.001) , D_A: 0.196, G_A: 0.905, cycle_A: 0.261, D_B: 0.180, G_B: 0.946, cycle_B: 0.153, gp: 0.178

[Rank 0] (epoch: 43, iters: 24384, time: 0.001, data: 0.001) , D_A: 0.207, G_A: 0.957, cycle_A: 0.270, D_B: 0.109, G_B: 0.963, cycle_B: 0.160, gp: 0.109

[Rank 0] (epoch: 43, iters: 25984, time: 0.001, data: 0.001) , D_A: 0.098, G_A: 0.943, cycle_A: 0.267, D_B: 0.112, G_B: 1.016, cycle_B: 0.160, gp: 0.111

[Rank 0] (epoch: 43, iters: 27584, time: 0.001, data: 0.001) , D_A: 0.183, G_A: 1.006, cycle_A: 0.278, D_B: 0.155, G_B: 1.023, cycle_B: 0.152, gp: 0.154

[Rank 0] (epoch: 43, iters: 29184, time: 0.001, data: 0.001) , D_A: 0.217, G_A: 0.995, cycle_A: 0.267, D_B: 0.258, G_B: 1.014, cycle_B: 0.141, gp: 0.257

[Rank 0] (epoch: 43, iters: 30784, time: 0.001, data: 0.001) , D_A: 0.163, G_A: 0.962, cycle_A: 0.267, D_B: 0.153, G_B: 1.056, cycle_B: 0.145, gp: 0.152

[Rank 0] (epoch: 43, iters: 32384, time: 0.001, data: 0.001) , D_A: 0.170, G_A: 1.012, cycle_A: 0.279, D_B: 0.235, G_B: 0.994, cycle_B: 0.138, gp: 0.233

[Rank 0] (epoch: 43, iters: 33984, time: 0.001, data: 0.001) , D_A: 0.175, G_A: 0.863, cycle_A: 0.275, D_B: 0.181, G_B: 0.992, cycle_B: 0.145, gp: 0.180

[Rank 0] (epoch: 43, iters: 35584, time: 0.001, data: 0.001) , D_A: 0.201, G_A: 1.011, cycle_A: 0.285, D_B: 0.231, G_B: 0.966, cycle_B: 0.144, gp: 0.230

[Rank 0] (epoch: 43, iters: 37184, time: 0.001, data: 0.001) , D_A: 0.153, G_A: 1.003, cycle_A: 0.269, D_B: 0.166, G_B: 0.966, cycle_B: 0.138, gp: 0.164

[Rank 0] (epoch: 43, iters: 38784, time: 0.001, data: 0.001) , D_A: 0.183, G_A: 0.980, cycle_A: 0.272, D_B: 0.189, G_B: 0.924, cycle_B: 0.157, gp: 0.188

[Rank 0] (epoch: 43, iters: 40384, time: 0.001, data: 0.001) , D_A: 0.177, G_A: 0.966, cycle_A: 0.268, D_B: 0.199, G_B: 1.004, cycle_B: 0.151, gp: 0.199

learning rate 0.0001455 -> 0.0001273
temperature tau = 0.1218
End of epoch 43 / 50 	 Time Taken: 35 sec
[Rank 0] (epoch: 44, iters: 1536, time: 0.001, data: 0.001) , D_A: 0.169, G_A: 0.962, cycle_A: 0.268, D_B: 0.119, G_B: 0.978, cycle_B: 0.153, gp: 0.118

[Rank 0] (epoch: 44, iters: 3136, time: 0.001, data: 0.001) , D_A: 0.158, G_A: 1.000, cycle_A: 0.268, D_B: 0.176, G_B: 0.957, cycle_B: 0.152, gp: 0.174

[Rank 0] (epoch: 44, iters: 4736, time: 0.001, data: 0.001) , D_A: 0.180, G_A: 0.987, cycle_A: 0.269, D_B: 0.151, G_B: 0.960, cycle_B: 0.142, gp: 0.148

[Rank 0] (epoch: 44, iters: 6336, time: 0.001, data: 0.001) , D_A: 0.198, G_A: 0.952, cycle_A: 0.279, D_B: 0.197, G_B: 0.948, cycle_B: 0.135, gp: 0.196

[Rank 0] (epoch: 44, iters: 7936, time: 0.001, data: 0.001) , D_A: 0.213, G_A: 0.993, cycle_A: 0.265, D_B: 0.119, G_B: 0.993, cycle_B: 0.143, gp: 0.118

[Rank 0] (epoch: 44, iters: 9536, time: 0.001, data: 0.001) , D_A: 0.119, G_A: 0.996, cycle_A: 0.266, D_B: 0.284, G_B: 0.967, cycle_B: 0.155, gp: 0.282

[Rank 0] (epoch: 44, iters: 11136, time: 0.001, data: 0.001) , D_A: 0.099, G_A: 0.996, cycle_A: 0.282, D_B: 0.125, G_B: 1.034, cycle_B: 0.149, gp: 0.123

[Rank 0] (epoch: 44, iters: 12736, time: 0.001, data: 0.001) , D_A: 0.169, G_A: 0.981, cycle_A: 0.273, D_B: 0.155, G_B: 1.003, cycle_B: 0.146, gp: 0.154

[Rank 0] (epoch: 44, iters: 14336, time: 0.001, data: 0.001) , D_A: 0.185, G_A: 0.965, cycle_A: 0.285, D_B: 0.117, G_B: 0.993, cycle_B: 0.141, gp: 0.116

[Rank 0] (epoch: 44, iters: 15936, time: 0.001, data: 0.001) , D_A: 0.218, G_A: 0.982, cycle_A: 0.260, D_B: 0.145, G_B: 0.999, cycle_B: 0.150, gp: 0.144

[Rank 0] (epoch: 44, iters: 17536, time: 0.001, data: 0.001) , D_A: 0.162, G_A: 0.957, cycle_A: 0.267, D_B: 0.177, G_B: 0.985, cycle_B: 0.138, gp: 0.176

[Rank 0] (epoch: 44, iters: 19136, time: 0.001, data: 0.001) , D_A: 0.160, G_A: 0.960, cycle_A: 0.267, D_B: 0.208, G_B: 0.992, cycle_B: 0.141, gp: 0.206

--- iter tau=0.1218 ---
  cipher in : ral judgment racial discrimination is wrong then not because it 
  decrypted : i laphpmfoeeai ut lapt uitfte etceat aricemaenoeaeceasou h oatea
  real plain: ng with sympathy upon philip spencer this tragic lad had forged 
  cipher in :  of red as if tiny veins had burst and flooded blood into them a
  decrypted : ac aiopa  at aetekaiote an pashi ea epa lccpopaslccpateecaenofa 
  real plain:  wondered if she ever went to church why did he want her to go t
[Rank 0] (epoch: 44, iters: 20736, time: 0.001, data: 0.001) , D_A: 0.139, G_A: 0.998, cycle_A: 0.268, D_B: 0.221, G_B: 0.974, cycle_B: 0.156, gp: 0.219

saving the latest model (epoch 44, total_iters 1760000)
[Rank 0] (epoch: 44, iters: 22336, time: 0.001, data: 0.001) , D_A: 0.134, G_A: 0.986, cycle_A: 0.267, D_B: 0.187, G_B: 1.021, cycle_B: 0.139, gp: 0.186

[Rank 0] (epoch: 44, iters: 23936, time: 0.001, data: 0.001) , D_A: 0.135, G_A: 0.884, cycle_A: 0.277, D_B: 0.179, G_B: 0.992, cycle_B: 0.148, gp: 0.178

[Rank 0] (epoch: 44, iters: 25536, time: 0.001, data: 0.001) , D_A: 0.175, G_A: 0.994, cycle_A: 0.284, D_B: 0.199, G_B: 1.000, cycle_B: 0.157, gp: 0.197

[Rank 0] (epoch: 44, iters: 27136, time: 0.001, data: 0.001) , D_A: 0.164, G_A: 1.019, cycle_A: 0.265, D_B: 0.163, G_B: 0.971, cycle_B: 0.157, gp: 0.162

[Rank 0] (epoch: 44, iters: 28736, time: 0.001, data: 0.001) , D_A: 0.138, G_A: 0.960, cycle_A: 0.270, D_B: 0.146, G_B: 1.036, cycle_B: 0.146, gp: 0.145

[Rank 0] (epoch: 44, iters: 30336, time: 0.001, data: 0.001) , D_A: 0.146, G_A: 1.002, cycle_A: 0.273, D_B: 0.104, G_B: 0.975, cycle_B: 0.147, gp: 0.103

[Rank 0] (epoch: 44, iters: 31936, time: 0.001, data: 0.001) , D_A: 0.173, G_A: 0.974, cycle_A: 0.272, D_B: 0.183, G_B: 1.000, cycle_B: 0.155, gp: 0.182

[Rank 0] (epoch: 44, iters: 33536, time: 0.001, data: 0.001) , D_A: 0.135, G_A: 1.002, cycle_A: 0.265, D_B: 0.125, G_B: 0.972, cycle_B: 0.143, gp: 0.124

[Rank 0] (epoch: 44, iters: 35136, time: 0.001, data: 0.001) , D_A: 0.175, G_A: 0.973, cycle_A: 0.296, D_B: 0.172, G_B: 1.004, cycle_B: 0.140, gp: 0.171

[Rank 0] (epoch: 44, iters: 36736, time: 0.001, data: 0.001) , D_A: 0.125, G_A: 1.001, cycle_A: 0.271, D_B: 0.202, G_B: 1.009, cycle_B: 0.137, gp: 0.201

[Rank 0] (epoch: 44, iters: 38336, time: 0.001, data: 0.001) , D_A: 0.155, G_A: 0.997, cycle_A: 0.282, D_B: 0.154, G_B: 0.949, cycle_B: 0.156, gp: 0.151

[Rank 0] (epoch: 44, iters: 39936, time: 0.001, data: 0.001) , D_A: 0.150, G_A: 0.998, cycle_A: 0.285, D_B: 0.156, G_B: 0.997, cycle_B: 0.154, gp: 0.156

learning rate 0.0001273 -> 0.0001091
temperature tau = 0.1178
End of epoch 44 / 50 	 Time Taken: 35 sec
[Rank 0] (epoch: 45, iters: 1088, time: 0.001, data: 0.000) , D_A: 0.142, G_A: 0.978, cycle_A: 0.277, D_B: 0.149, G_B: 1.000, cycle_B: 0.152, gp: 0.148

[Rank 0] (epoch: 45, iters: 2688, time: 0.001, data: 0.001) , D_A: 0.176, G_A: 0.986, cycle_A: 0.284, D_B: 0.235, G_B: 0.991, cycle_B: 0.151, gp: 0.234

[Rank 0] (epoch: 45, iters: 4288, time: 0.001, data: 0.001) , D_A: 0.197, G_A: 1.007, cycle_A: 0.267, D_B: 0.184, G_B: 0.987, cycle_B: 0.133, gp: 0.183

[Rank 0] (epoch: 45, iters: 5888, time: 0.001, data: 0.001) , D_A: 0.141, G_A: 0.972, cycle_A: 0.279, D_B: 0.148, G_B: 0.937, cycle_B: 0.147, gp: 0.147

[Rank 0] (epoch: 45, iters: 7488, time: 0.001, data: 0.001) , D_A: 0.230, G_A: 0.978, cycle_A: 0.270, D_B: 0.169, G_B: 0.970, cycle_B: 0.155, gp: 0.169

[Rank 0] (epoch: 45, iters: 9088, time: 0.001, data: 0.001) , D_A: 0.180, G_A: 0.999, cycle_A: 0.275, D_B: 0.150, G_B: 0.966, cycle_B: 0.132, gp: 0.149

[Rank 0] (epoch: 45, iters: 10688, time: 0.001, data: 0.001) , D_A: 0.226, G_A: 0.985, cycle_A: 0.282, D_B: 0.266, G_B: 1.006, cycle_B: 0.151, gp: 0.264

[Rank 0] (epoch: 45, iters: 12288, time: 0.001, data: 0.001) , D_A: 0.136, G_A: 0.981, cycle_A: 0.270, D_B: 0.167, G_B: 0.956, cycle_B: 0.147, gp: 0.166

[Rank 0] (epoch: 45, iters: 13888, time: 0.001, data: 0.001) , D_A: 0.146, G_A: 0.984, cycle_A: 0.254, D_B: 0.093, G_B: 0.957, cycle_B: 0.141, gp: 0.091

[Rank 0] (epoch: 45, iters: 15488, time: 0.001, data: 0.001) , D_A: 0.203, G_A: 1.019, cycle_A: 0.283, D_B: 0.152, G_B: 1.006, cycle_B: 0.148, gp: 0.152

[Rank 0] (epoch: 45, iters: 17088, time: 0.001, data: 0.001) , D_A: 0.158, G_A: 0.970, cycle_A: 0.274, D_B: 0.069, G_B: 0.968, cycle_B: 0.137, gp: 0.065

[Rank 0] (epoch: 45, iters: 18688, time: 0.001, data: 0.001) , D_A: 0.130, G_A: 0.958, cycle_A: 0.276, D_B: 0.094, G_B: 0.960, cycle_B: 0.137, gp: 0.093

--- iter tau=0.1178 ---
  cipher in : ry narrow space when it was finally pointed east he said you sho
  decrypted : ikae iidra y uoarnoeatear  a te llkaydteeopao  eanoa  tpakdha nd
  real plain: one she smoothed the covers on scottys bed and picked things up 
  cipher in : tment had yet been received however board oks pact the commissio
  decrypted : efoeean pakoeasooeaiouotiopandroioiasd ipadb ay ueaenoaudfft  td
  real plain: n neither undo nor redo the past we are limited to the events of
[Rank 0] (epoch: 45, iters: 20288, time: 0.001, data: 0.001) , D_A: 0.173, G_A: 0.999, cycle_A: 0.272, D_B: 0.272, G_B: 0.975, cycle_B: 0.153, gp: 0.272

saving the latest model (epoch 45, total_iters 1800000)
[Rank 0] (epoch: 45, iters: 21888, time: 0.001, data: 0.001) , D_A: 0.204, G_A: 0.975, cycle_A: 0.269, D_B: 0.166, G_B: 0.965, cycle_B: 0.150, gp: 0.164

[Rank 0] (epoch: 45, iters: 23488, time: 0.001, data: 0.001) , D_A: 0.165, G_A: 1.030, cycle_A: 0.265, D_B: 0.156, G_B: 0.990, cycle_B: 0.150, gp: 0.156

[Rank 0] (epoch: 45, iters: 25088, time: 0.001, data: 0.001) , D_A: 0.130, G_A: 0.966, cycle_A: 0.272, D_B: 0.183, G_B: 0.987, cycle_B: 0.140, gp: 0.182

[Rank 0] (epoch: 45, iters: 26688, time: 0.001, data: 0.001) , D_A: 0.240, G_A: 0.987, cycle_A: 0.270, D_B: 0.211, G_B: 0.926, cycle_B: 0.145, gp: 0.210

[Rank 0] (epoch: 45, iters: 28288, time: 0.001, data: 0.001) , D_A: 0.133, G_A: 0.981, cycle_A: 0.266, D_B: 0.145, G_B: 0.946, cycle_B: 0.160, gp: 0.144

[Rank 0] (epoch: 45, iters: 29888, time: 0.001, data: 0.001) , D_A: 0.206, G_A: 0.962, cycle_A: 0.264, D_B: 0.099, G_B: 0.984, cycle_B: 0.152, gp: 0.098

[Rank 0] (epoch: 45, iters: 31488, time: 0.001, data: 0.001) , D_A: 0.119, G_A: 1.007, cycle_A: 0.267, D_B: 0.182, G_B: 0.988, cycle_B: 0.149, gp: 0.181

[Rank 0] (epoch: 45, iters: 33088, time: 0.001, data: 0.001) , D_A: 0.193, G_A: 0.960, cycle_A: 0.275, D_B: 0.131, G_B: 0.988, cycle_B: 0.150, gp: 0.129

[Rank 0] (epoch: 45, iters: 34688, time: 0.001, data: 0.001) , D_A: 0.142, G_A: 0.999, cycle_A: 0.289, D_B: 0.153, G_B: 0.972, cycle_B: 0.152, gp: 0.151

[Rank 0] (epoch: 45, iters: 36288, time: 0.001, data: 0.001) , D_A: 0.146, G_A: 0.988, cycle_A: 0.277, D_B: 0.155, G_B: 0.966, cycle_B: 0.140, gp: 0.154

[Rank 0] (epoch: 45, iters: 37888, time: 0.001, data: 0.001) , D_A: 0.206, G_A: 0.972, cycle_A: 0.281, D_B: 0.132, G_B: 1.002, cycle_B: 0.155, gp: 0.131

[Rank 0] (epoch: 45, iters: 39488, time: 0.001, data: 0.001) , D_A: 0.215, G_A: 0.987, cycle_A: 0.267, D_B: 0.069, G_B: 0.929, cycle_B: 0.144, gp: 0.068

learning rate 0.0001091 -> 0.0000909
temperature tau = 0.1140
End of epoch 45 / 50 	 Time Taken: 35 sec
[Rank 0] (epoch: 46, iters: 640, time: 0.001, data: 0.001) , D_A: 0.115, G_A: 1.009, cycle_A: 0.266, D_B: 0.203, G_B: 0.992, cycle_B: 0.153, gp: 0.202

[Rank 0] (epoch: 46, iters: 2240, time: 0.001, data: 0.000) , D_A: 0.137, G_A: 0.984, cycle_A: 0.284, D_B: 0.128, G_B: 0.968, cycle_B: 0.146, gp: 0.127

[Rank 0] (epoch: 46, iters: 3840, time: 0.001, data: 0.001) , D_A: 0.146, G_A: 1.013, cycle_A: 0.282, D_B: 0.095, G_B: 1.040, cycle_B: 0.143, gp: 0.094

[Rank 0] (epoch: 46, iters: 5440, time: 0.001, data: 0.001) , D_A: 0.249, G_A: 0.992, cycle_A: 0.272, D_B: 0.161, G_B: 0.968, cycle_B: 0.146, gp: 0.160

[Rank 0] (epoch: 46, iters: 7040, time: 0.001, data: 0.001) , D_A: 0.148, G_A: 1.007, cycle_A: 0.282, D_B: 0.126, G_B: 0.973, cycle_B: 0.149, gp: 0.125

[Rank 0] (epoch: 46, iters: 8640, time: 0.001, data: 0.001) , D_A: 0.128, G_A: 0.987, cycle_A: 0.279, D_B: 0.160, G_B: 1.015, cycle_B: 0.155, gp: 0.159

[Rank 0] (epoch: 46, iters: 10240, time: 0.001, data: 0.001) , D_A: 0.151, G_A: 0.994, cycle_A: 0.274, D_B: 0.189, G_B: 1.001, cycle_B: 0.148, gp: 0.186

[Rank 0] (epoch: 46, iters: 11840, time: 0.001, data: 0.001) , D_A: 0.184, G_A: 0.967, cycle_A: 0.275, D_B: 0.171, G_B: 0.978, cycle_B: 0.156, gp: 0.169

[Rank 0] (epoch: 46, iters: 13440, time: 0.001, data: 0.001) , D_A: 0.199, G_A: 0.977, cycle_A: 0.272, D_B: 0.153, G_B: 0.957, cycle_B: 0.153, gp: 0.152

[Rank 0] (epoch: 46, iters: 15040, time: 0.001, data: 0.001) , D_A: 0.228, G_A: 0.969, cycle_A: 0.269, D_B: 0.074, G_B: 0.988, cycle_B: 0.160, gp: 0.072

[Rank 0] (epoch: 46, iters: 16640, time: 0.001, data: 0.001) , D_A: 0.212, G_A: 0.907, cycle_A: 0.275, D_B: 0.176, G_B: 0.977, cycle_B: 0.144, gp: 0.174

[Rank 0] (epoch: 46, iters: 18240, time: 0.001, data: 0.001) , D_A: 0.184, G_A: 0.928, cycle_A: 0.278, D_B: 0.134, G_B: 0.989, cycle_B: 0.133, gp: 0.133

--- iter tau=0.1140 ---
  cipher in : vide another reason for the acceptance of de revolutionibus anot
  decrypted : itpoa edenoiaio  dea diaenoa uuoye euoad apoaioidlhetdetsh a ede
  real plain: d at himself oh he was stupid her old man you never heard nothin
  cipher in :  entire human race so also did mary having a man betrothed to he
  decrypted : aoeetioanhf eai uoa da l daptpaf ikan itema af easoeidenopaedano
  real plain: inue to try to come as close to truth as he can for many readers
[Rank 0] (epoch: 46, iters: 19840, time: 0.001, data: 0.001) , D_A: 0.153, G_A: 1.021, cycle_A: 0.274, D_B: 0.203, G_B: 0.968, cycle_B: 0.157, gp: 0.202

saving the latest model (epoch 46, total_iters 1840000)
[Rank 0] (epoch: 46, iters: 21440, time: 0.001, data: 0.001) , D_A: 0.142, G_A: 0.975, cycle_A: 0.263, D_B: 0.252, G_B: 0.962, cycle_B: 0.142, gp: 0.250

[Rank 0] (epoch: 46, iters: 23040, time: 0.001, data: 0.001) , D_A: 0.186, G_A: 0.970, cycle_A: 0.274, D_B: 0.151, G_B: 1.001, cycle_B: 0.149, gp: 0.151

[Rank 0] (epoch: 46, iters: 24640, time: 0.001, data: 0.001) , D_A: 0.180, G_A: 0.993, cycle_A: 0.264, D_B: 0.245, G_B: 0.996, cycle_B: 0.140, gp: 0.243

[Rank 0] (epoch: 46, iters: 26240, time: 0.001, data: 0.001) , D_A: 0.167, G_A: 1.007, cycle_A: 0.262, D_B: 0.238, G_B: 0.980, cycle_B: 0.158, gp: 0.237

[Rank 0] (epoch: 46, iters: 27840, time: 0.001, data: 0.001) , D_A: 0.135, G_A: 0.971, cycle_A: 0.269, D_B: 0.107, G_B: 0.969, cycle_B: 0.144, gp: 0.106

[Rank 0] (epoch: 46, iters: 29440, time: 0.001, data: 0.001) , D_A: 0.238, G_A: 0.985, cycle_A: 0.275, D_B: 0.126, G_B: 0.969, cycle_B: 0.155, gp: 0.124

[Rank 0] (epoch: 46, iters: 31040, time: 0.001, data: 0.001) , D_A: 0.168, G_A: 0.964, cycle_A: 0.267, D_B: 0.184, G_B: 0.929, cycle_B: 0.149, gp: 0.183

[Rank 0] (epoch: 46, iters: 32640, time: 0.001, data: 0.001) , D_A: 0.162, G_A: 0.989, cycle_A: 0.285, D_B: 0.211, G_B: 0.990, cycle_B: 0.140, gp: 0.209

[Rank 0] (epoch: 46, iters: 34240, time: 0.001, data: 0.001) , D_A: 0.163, G_A: 1.015, cycle_A: 0.273, D_B: 0.160, G_B: 1.007, cycle_B: 0.145, gp: 0.159

[Rank 0] (epoch: 46, iters: 35840, time: 0.001, data: 0.001) , D_A: 0.141, G_A: 0.970, cycle_A: 0.275, D_B: 0.200, G_B: 0.978, cycle_B: 0.144, gp: 0.199

[Rank 0] (epoch: 46, iters: 37440, time: 0.001, data: 0.001) , D_A: 0.108, G_A: 0.957, cycle_A: 0.267, D_B: 0.154, G_B: 0.977, cycle_B: 0.156, gp: 0.153

[Rank 0] (epoch: 46, iters: 39040, time: 0.001, data: 0.001) , D_A: 0.212, G_A: 0.993, cycle_A: 0.281, D_B: 0.119, G_B: 0.965, cycle_B: 0.137, gp: 0.118

learning rate 0.0000909 -> 0.0000727
temperature tau = 0.1104
End of epoch 46 / 50 	 Time Taken: 33 sec
[Rank 0] (epoch: 47, iters: 192, time: 0.001, data: 0.001) , D_A: 0.185, G_A: 0.968, cycle_A: 0.265, D_B: 0.201, G_B: 0.977, cycle_B: 0.142, gp: 0.200

[Rank 0] (epoch: 47, iters: 1792, time: 0.001, data: 0.001) , D_A: 0.239, G_A: 0.978, cycle_A: 0.278, D_B: 0.123, G_B: 0.968, cycle_B: 0.148, gp: 0.122

[Rank 0] (epoch: 47, iters: 3392, time: 0.001, data: 0.001) , D_A: 0.178, G_A: 1.005, cycle_A: 0.287, D_B: 0.214, G_B: 0.983, cycle_B: 0.164, gp: 0.213

[Rank 0] (epoch: 47, iters: 4992, time: 0.001, data: 0.001) , D_A: 0.127, G_A: 0.968, cycle_A: 0.273, D_B: 0.156, G_B: 0.967, cycle_B: 0.143, gp: 0.155

[Rank 0] (epoch: 47, iters: 6592, time: 0.001, data: 0.001) , D_A: 0.238, G_A: 0.875, cycle_A: 0.272, D_B: 0.237, G_B: 0.959, cycle_B: 0.134, gp: 0.236

[Rank 0] (epoch: 47, iters: 8192, time: 0.001, data: 0.001) , D_A: 0.186, G_A: 0.991, cycle_A: 0.271, D_B: 0.156, G_B: 0.998, cycle_B: 0.143, gp: 0.155

[Rank 0] (epoch: 47, iters: 9792, time: 0.001, data: 0.001) , D_A: 0.114, G_A: 0.976, cycle_A: 0.283, D_B: 0.205, G_B: 0.962, cycle_B: 0.149, gp: 0.204

[Rank 0] (epoch: 47, iters: 11392, time: 0.001, data: 0.001) , D_A: 0.178, G_A: 0.941, cycle_A: 0.264, D_B: 0.114, G_B: 0.982, cycle_B: 0.144, gp: 0.113

[Rank 0] (epoch: 47, iters: 12992, time: 0.001, data: 0.001) , D_A: 0.171, G_A: 0.986, cycle_A: 0.282, D_B: 0.136, G_B: 0.986, cycle_B: 0.159, gp: 0.135

[Rank 0] (epoch: 47, iters: 14592, time: 0.001, data: 0.001) , D_A: 0.180, G_A: 0.968, cycle_A: 0.274, D_B: 0.132, G_B: 0.971, cycle_B: 0.149, gp: 0.131

[Rank 0] (epoch: 47, iters: 16192, time: 0.001, data: 0.001) , D_A: 0.086, G_A: 0.956, cycle_A: 0.267, D_B: 0.221, G_B: 0.956, cycle_B: 0.149, gp: 0.220

[Rank 0] (epoch: 47, iters: 17792, time: 0.001, data: 0.001) , D_A: 0.169, G_A: 0.969, cycle_A: 0.283, D_B: 0.120, G_B: 0.969, cycle_B: 0.133, gp: 0.119

--- iter tau=0.1104 ---
  cipher in : he common enemies of the college gathering and with words alone 
  decrypted : noaucffceaoeofto ac aenoaucllomoam enoitema epartenarcip a lceoa
  real plain:  must be assured that that other woman olga will not be in luxur
  cipher in :  in the prize ring and is now trying to forget about it in a qui
  decrypted : ateaenoayitpoaitema epat aecraeiktemaeca cimoea scheateatea apht
  real plain: e to believe it styka shook his head slowly i am only a simple s
[Rank 0] (epoch: 47, iters: 19392, time: 0.001, data: 0.001) , D_A: 0.122, G_A: 0.982, cycle_A: 0.276, D_B: 0.137, G_B: 0.977, cycle_B: 0.140, gp: 0.136

saving the latest model (epoch 47, total_iters 1880000)
[Rank 0] (epoch: 47, iters: 20992, time: 0.001, data: 0.001) , D_A: 0.174, G_A: 0.968, cycle_A: 0.269, D_B: 0.157, G_B: 1.006, cycle_B: 0.156, gp: 0.157

[Rank 0] (epoch: 47, iters: 22592, time: 0.001, data: 0.001) , D_A: 0.134, G_A: 0.962, cycle_A: 0.286, D_B: 0.100, G_B: 0.994, cycle_B: 0.150, gp: 0.100

[Rank 0] (epoch: 47, iters: 24192, time: 0.001, data: 0.001) , D_A: 0.218, G_A: 0.986, cycle_A: 0.282, D_B: 0.151, G_B: 0.982, cycle_B: 0.159, gp: 0.149

[Rank 0] (epoch: 47, iters: 25792, time: 0.001, data: 0.001) , D_A: 0.115, G_A: 0.946, cycle_A: 0.282, D_B: 0.115, G_B: 1.002, cycle_B: 0.141, gp: 0.114

[Rank 0] (epoch: 47, iters: 27392, time: 0.001, data: 0.001) , D_A: 0.127, G_A: 0.971, cycle_A: 0.277, D_B: 0.135, G_B: 0.974, cycle_B: 0.146, gp: 0.135

[Rank 0] (epoch: 47, iters: 28992, time: 0.001, data: 0.001) , D_A: 0.161, G_A: 0.974, cycle_A: 0.280, D_B: 0.122, G_B: 1.002, cycle_B: 0.142, gp: 0.121

[Rank 0] (epoch: 47, iters: 30592, time: 0.001, data: 0.001) , D_A: 0.171, G_A: 0.940, cycle_A: 0.281, D_B: 0.196, G_B: 0.962, cycle_B: 0.153, gp: 0.194

[Rank 0] (epoch: 47, iters: 32192, time: 0.001, data: 0.001) , D_A: 0.184, G_A: 0.989, cycle_A: 0.272, D_B: 0.142, G_B: 1.003, cycle_B: 0.155, gp: 0.141

[Rank 0] (epoch: 47, iters: 33792, time: 0.001, data: 0.001) , D_A: 0.230, G_A: 0.989, cycle_A: 0.271, D_B: 0.144, G_B: 0.992, cycle_B: 0.143, gp: 0.143

[Rank 0] (epoch: 47, iters: 35392, time: 0.001, data: 0.001) , D_A: 0.130, G_A: 0.969, cycle_A: 0.275, D_B: 0.103, G_B: 0.984, cycle_B: 0.144, gp: 0.102

[Rank 0] (epoch: 47, iters: 36992, time: 0.001, data: 0.001) , D_A: 0.125, G_A: 0.958, cycle_A: 0.264, D_B: 0.146, G_B: 0.970, cycle_B: 0.139, gp: 0.144

[Rank 0] (epoch: 47, iters: 38592, time: 0.001, data: 0.001) , D_A: 0.108, G_A: 0.954, cycle_A: 0.284, D_B: 0.197, G_B: 0.973, cycle_B: 0.152, gp: 0.196

[Rank 0] (epoch: 47, iters: 40192, time: 0.001, data: 0.001) , D_A: 0.169, G_A: 0.973, cycle_A: 0.280, D_B: 0.140, G_B: 0.985, cycle_B: 0.147, gp: 0.139

learning rate 0.0000727 -> 0.0000545
temperature tau = 0.1068
End of epoch 47 / 50 	 Time Taken: 35 sec
[Rank 0] (epoch: 48, iters: 1344, time: 0.001, data: 0.001) , D_A: 0.156, G_A: 0.958, cycle_A: 0.285, D_B: 0.162, G_B: 0.989, cycle_B: 0.151, gp: 0.161

[Rank 0] (epoch: 48, iters: 2944, time: 0.001, data: 0.001) , D_A: 0.243, G_A: 0.974, cycle_A: 0.265, D_B: 0.137, G_B: 1.006, cycle_B: 0.143, gp: 0.135

[Rank 0] (epoch: 48, iters: 4544, time: 0.001, data: 0.001) , D_A: 0.164, G_A: 0.965, cycle_A: 0.268, D_B: 0.160, G_B: 0.994, cycle_B: 0.133, gp: 0.158

[Rank 0] (epoch: 48, iters: 6144, time: 0.001, data: 0.001) , D_A: 0.119, G_A: 0.999, cycle_A: 0.262, D_B: 0.214, G_B: 0.999, cycle_B: 0.147, gp: 0.213

[Rank 0] (epoch: 48, iters: 7744, time: 0.001, data: 0.001) , D_A: 0.169, G_A: 0.991, cycle_A: 0.270, D_B: 0.150, G_B: 0.971, cycle_B: 0.144, gp: 0.150

[Rank 0] (epoch: 48, iters: 9344, time: 0.001, data: 0.001) , D_A: 0.201, G_A: 0.965, cycle_A: 0.270, D_B: 0.167, G_B: 0.992, cycle_B: 0.156, gp: 0.166

[Rank 0] (epoch: 48, iters: 10944, time: 0.001, data: 0.001) , D_A: 0.265, G_A: 0.966, cycle_A: 0.275, D_B: 0.128, G_B: 0.966, cycle_B: 0.149, gp: 0.126

[Rank 0] (epoch: 48, iters: 12544, time: 0.001, data: 0.001) , D_A: 0.176, G_A: 0.978, cycle_A: 0.273, D_B: 0.176, G_B: 0.968, cycle_B: 0.146, gp: 0.175

[Rank 0] (epoch: 48, iters: 14144, time: 0.001, data: 0.001) , D_A: 0.103, G_A: 0.975, cycle_A: 0.273, D_B: 0.203, G_B: 0.969, cycle_B: 0.141, gp: 0.201

[Rank 0] (epoch: 48, iters: 15744, time: 0.001, data: 0.001) , D_A: 0.158, G_A: 0.976, cycle_A: 0.271, D_B: 0.182, G_B: 0.962, cycle_B: 0.148, gp: 0.180

[Rank 0] (epoch: 48, iters: 17344, time: 0.001, data: 0.001) , D_A: 0.165, G_A: 0.950, cycle_A: 0.288, D_B: 0.134, G_B: 0.983, cycle_B: 0.137, gp: 0.133

--- iter tau=0.1068 ---
  cipher in : y velocities were computed and still a third center the earth fr
  decrypted : kaiolcuteto aroioaucfyheopa epa etlla aentipauoeeoiaenoao iena i
  real plain: o every epistemology which stems from humes presupposition that 
  cipher in : at does it all add up to indications are that khrushchev and wit
  decrypted :  eapco atea lla ppahyaecateptu etce a ioaen eabnih nunoia eparte
  real plain: pinion would have placed us clearly out of compliance with the w
[Rank 0] (epoch: 48, iters: 18944, time: 0.001, data: 0.001) , D_A: 0.194, G_A: 0.962, cycle_A: 0.272, D_B: 0.155, G_B: 0.991, cycle_B: 0.137, gp: 0.154

saving the latest model (epoch 48, total_iters 1920000)
[Rank 0] (epoch: 48, iters: 20544, time: 0.001, data: 0.001) , D_A: 0.162, G_A: 0.980, cycle_A: 0.280, D_B: 0.221, G_B: 0.971, cycle_B: 0.159, gp: 0.220

[Rank 0] (epoch: 48, iters: 22144, time: 0.001, data: 0.001) , D_A: 0.172, G_A: 0.994, cycle_A: 0.272, D_B: 0.211, G_B: 0.969, cycle_B: 0.140, gp: 0.210

[Rank 0] (epoch: 48, iters: 23744, time: 0.001, data: 0.001) , D_A: 0.153, G_A: 0.997, cycle_A: 0.276, D_B: 0.195, G_B: 0.971, cycle_B: 0.149, gp: 0.194

[Rank 0] (epoch: 48, iters: 25344, time: 0.001, data: 0.001) , D_A: 0.133, G_A: 0.965, cycle_A: 0.274, D_B: 0.208, G_B: 0.969, cycle_B: 0.150, gp: 0.207

[Rank 0] (epoch: 48, iters: 26944, time: 0.001, data: 0.001) , D_A: 0.118, G_A: 0.947, cycle_A: 0.289, D_B: 0.120, G_B: 1.002, cycle_B: 0.144, gp: 0.118

[Rank 0] (epoch: 48, iters: 28544, time: 0.001, data: 0.001) , D_A: 0.124, G_A: 1.000, cycle_A: 0.265, D_B: 0.135, G_B: 0.950, cycle_B: 0.160, gp: 0.133

[Rank 0] (epoch: 48, iters: 30144, time: 0.001, data: 0.001) , D_A: 0.176, G_A: 0.999, cycle_A: 0.278, D_B: 0.158, G_B: 0.966, cycle_B: 0.150, gp: 0.157

[Rank 0] (epoch: 48, iters: 31744, time: 0.001, data: 0.001) , D_A: 0.187, G_A: 0.990, cycle_A: 0.276, D_B: 0.155, G_B: 0.980, cycle_B: 0.149, gp: 0.154

[Rank 0] (epoch: 48, iters: 33344, time: 0.001, data: 0.001) , D_A: 0.224, G_A: 1.013, cycle_A: 0.281, D_B: 0.313, G_B: 0.985, cycle_B: 0.151, gp: 0.312

[Rank 0] (epoch: 48, iters: 34944, time: 0.001, data: 0.001) , D_A: 0.175, G_A: 0.967, cycle_A: 0.278, D_B: 0.149, G_B: 0.979, cycle_B: 0.141, gp: 0.148

[Rank 0] (epoch: 48, iters: 36544, time: 0.001, data: 0.001) , D_A: 0.163, G_A: 0.985, cycle_A: 0.278, D_B: 0.125, G_B: 0.971, cycle_B: 0.138, gp: 0.123

[Rank 0] (epoch: 48, iters: 38144, time: 0.001, data: 0.001) , D_A: 0.135, G_A: 0.993, cycle_A: 0.276, D_B: 0.132, G_B: 0.965, cycle_B: 0.148, gp: 0.131

[Rank 0] (epoch: 48, iters: 39744, time: 0.001, data: 0.001) , D_A: 0.066, G_A: 1.005, cycle_A: 0.276, D_B: 0.173, G_B: 0.955, cycle_B: 0.146, gp: 0.172

learning rate 0.0000545 -> 0.0000364
temperature tau = 0.1033
End of epoch 48 / 50 	 Time Taken: 35 sec
[Rank 0] (epoch: 49, iters: 896, time: 0.001, data: 0.001) , D_A: 0.195, G_A: 1.004, cycle_A: 0.265, D_B: 0.225, G_B: 0.982, cycle_B: 0.154, gp: 0.224

[Rank 0] (epoch: 49, iters: 2496, time: 0.001, data: 0.001) , D_A: 0.208, G_A: 0.963, cycle_A: 0.271, D_B: 0.170, G_B: 0.996, cycle_B: 0.144, gp: 0.169

[Rank 0] (epoch: 49, iters: 4096, time: 0.001, data: 0.001) , D_A: 0.217, G_A: 0.984, cycle_A: 0.272, D_B: 0.105, G_B: 0.983, cycle_B: 0.143, gp: 0.104

[Rank 0] (epoch: 49, iters: 5696, time: 0.001, data: 0.001) , D_A: 0.183, G_A: 0.962, cycle_A: 0.276, D_B: 0.198, G_B: 0.993, cycle_B: 0.147, gp: 0.197

[Rank 0] (epoch: 49, iters: 7296, time: 0.001, data: 0.001) , D_A: 0.168, G_A: 0.984, cycle_A: 0.268, D_B: 0.147, G_B: 0.985, cycle_B: 0.156, gp: 0.146

[Rank 0] (epoch: 49, iters: 8896, time: 0.001, data: 0.001) , D_A: 0.136, G_A: 0.977, cycle_A: 0.280, D_B: 0.177, G_B: 0.959, cycle_B: 0.132, gp: 0.176

[Rank 0] (epoch: 49, iters: 10496, time: 0.001, data: 0.001) , D_A: 0.265, G_A: 0.987, cycle_A: 0.269, D_B: 0.195, G_B: 0.992, cycle_B: 0.149, gp: 0.193

[Rank 0] (epoch: 49, iters: 12096, time: 0.001, data: 0.001) , D_A: 0.234, G_A: 0.966, cycle_A: 0.275, D_B: 0.164, G_B: 0.975, cycle_B: 0.148, gp: 0.162

[Rank 0] (epoch: 49, iters: 13696, time: 0.001, data: 0.001) , D_A: 0.159, G_A: 0.982, cycle_A: 0.290, D_B: 0.241, G_B: 0.936, cycle_B: 0.150, gp: 0.239

[Rank 0] (epoch: 49, iters: 15296, time: 0.001, data: 0.001) , D_A: 0.109, G_A: 0.983, cycle_A: 0.268, D_B: 0.110, G_B: 0.976, cycle_B: 0.160, gp: 0.109

[Rank 0] (epoch: 49, iters: 16896, time: 0.001, data: 0.001) , D_A: 0.197, G_A: 0.949, cycle_A: 0.266, D_B: 0.161, G_B: 0.939, cycle_B: 0.144, gp: 0.158

--- iter tau=0.1033 ---
  cipher in :  had been stirred by maggie brien but when katie wrote on april 
  decrypted : an pasooea etiiopaskaf mmtoasitoeashearnoeab etoariceoacea yitla
  real plain: o every epistemology which stems from humes presupposition that 
  cipher in : ise examine blocks of storage the da and dc statements provide t
  decrypted : t oaob fteoaslcub ac a eci moaenoap a epapua e eofoee ayicitpoae
  real plain: pinion would have placed us clearly out of compliance with the w
[Rank 0] (epoch: 49, iters: 18496, time: 0.001, data: 0.001) , D_A: 0.227, G_A: 0.992, cycle_A: 0.274, D_B: 0.200, G_B: 0.992, cycle_B: 0.138, gp: 0.199

saving the latest model (epoch 49, total_iters 1960000)
[Rank 0] (epoch: 49, iters: 20096, time: 0.001, data: 0.001) , D_A: 0.174, G_A: 0.953, cycle_A: 0.275, D_B: 0.166, G_B: 0.972, cycle_B: 0.153, gp: 0.164

[Rank 0] (epoch: 49, iters: 21696, time: 0.001, data: 0.001) , D_A: 0.101, G_A: 0.996, cycle_A: 0.267, D_B: 0.194, G_B: 0.972, cycle_B: 0.150, gp: 0.193

[Rank 0] (epoch: 49, iters: 23296, time: 0.001, data: 0.001) , D_A: 0.123, G_A: 0.942, cycle_A: 0.283, D_B: 0.166, G_B: 0.978, cycle_B: 0.142, gp: 0.166

[Rank 0] (epoch: 49, iters: 24896, time: 0.001, data: 0.001) , D_A: 0.120, G_A: 0.989, cycle_A: 0.268, D_B: 0.166, G_B: 0.973, cycle_B: 0.139, gp: 0.165

[Rank 0] (epoch: 49, iters: 26496, time: 0.001, data: 0.001) , D_A: 0.232, G_A: 0.996, cycle_A: 0.275, D_B: 0.168, G_B: 0.954, cycle_B: 0.158, gp: 0.166

[Rank 0] (epoch: 49, iters: 28096, time: 0.001, data: 0.001) , D_A: 0.124, G_A: 0.952, cycle_A: 0.280, D_B: 0.120, G_B: 0.987, cycle_B: 0.143, gp: 0.119

[Rank 0] (epoch: 49, iters: 29696, time: 0.001, data: 0.001) , D_A: 0.137, G_A: 0.958, cycle_A: 0.264, D_B: 0.222, G_B: 0.977, cycle_B: 0.151, gp: 0.221

[Rank 0] (epoch: 49, iters: 31296, time: 0.001, data: 0.001) , D_A: 0.168, G_A: 0.982, cycle_A: 0.270, D_B: 0.089, G_B: 0.967, cycle_B: 0.146, gp: 0.088

[Rank 0] (epoch: 49, iters: 32896, time: 0.001, data: 0.001) , D_A: 0.146, G_A: 0.975, cycle_A: 0.280, D_B: 0.229, G_B: 0.983, cycle_B: 0.145, gp: 0.228

[Rank 0] (epoch: 49, iters: 34496, time: 0.001, data: 0.001) , D_A: 0.166, G_A: 0.965, cycle_A: 0.263, D_B: 0.182, G_B: 0.979, cycle_B: 0.145, gp: 0.180

[Rank 0] (epoch: 49, iters: 36096, time: 0.001, data: 0.001) , D_A: 0.095, G_A: 0.977, cycle_A: 0.265, D_B: 0.177, G_B: 0.978, cycle_B: 0.141, gp: 0.176

[Rank 0] (epoch: 49, iters: 37696, time: 0.001, data: 0.001) , D_A: 0.178, G_A: 0.941, cycle_A: 0.274, D_B: 0.120, G_B: 0.954, cycle_B: 0.155, gp: 0.118

[Rank 0] (epoch: 49, iters: 39296, time: 0.001, data: 0.001) , D_A: 0.160, G_A: 0.960, cycle_A: 0.272, D_B: 0.132, G_B: 1.000, cycle_B: 0.144, gp: 0.131

learning rate 0.0000364 -> 0.0000182
temperature tau = 0.1000
End of epoch 49 / 50 	 Time Taken: 35 sec
[Rank 0] (epoch: 50, iters: 448, time: 0.001, data: 0.001) , D_A: 0.133, G_A: 0.949, cycle_A: 0.269, D_B: 0.168, G_B: 0.976, cycle_B: 0.146, gp: 0.167

[Rank 0] (epoch: 50, iters: 2048, time: 0.001, data: 0.001) , D_A: 0.104, G_A: 0.988, cycle_A: 0.279, D_B: 0.161, G_B: 0.977, cycle_B: 0.152, gp: 0.161

[Rank 0] (epoch: 50, iters: 3648, time: 0.001, data: 0.001) , D_A: 0.140, G_A: 0.976, cycle_A: 0.285, D_B: 0.187, G_B: 0.987, cycle_B: 0.151, gp: 0.185

[Rank 0] (epoch: 50, iters: 5248, time: 0.001, data: 0.001) , D_A: 0.165, G_A: 0.973, cycle_A: 0.271, D_B: 0.132, G_B: 0.990, cycle_B: 0.149, gp: 0.131

[Rank 0] (epoch: 50, iters: 6848, time: 0.001, data: 0.001) , D_A: 0.200, G_A: 0.933, cycle_A: 0.287, D_B: 0.073, G_B: 0.988, cycle_B: 0.154, gp: 0.072

[Rank 0] (epoch: 50, iters: 8448, time: 0.001, data: 0.001) , D_A: 0.128, G_A: 0.972, cycle_A: 0.272, D_B: 0.139, G_B: 0.978, cycle_B: 0.164, gp: 0.138

[Rank 0] (epoch: 50, iters: 10048, time: 0.001, data: 0.001) , D_A: 0.167, G_A: 0.955, cycle_A: 0.273, D_B: 0.291, G_B: 0.973, cycle_B: 0.152, gp: 0.289

[Rank 0] (epoch: 50, iters: 11648, time: 0.001, data: 0.001) , D_A: 0.211, G_A: 0.972, cycle_A: 0.269, D_B: 0.224, G_B: 0.990, cycle_B: 0.147, gp: 0.222

[Rank 0] (epoch: 50, iters: 13248, time: 0.001, data: 0.001) , D_A: 0.100, G_A: 0.964, cycle_A: 0.268, D_B: 0.119, G_B: 0.980, cycle_B: 0.163, gp: 0.118

[Rank 0] (epoch: 50, iters: 14848, time: 0.001, data: 0.001) , D_A: 0.173, G_A: 0.959, cycle_A: 0.278, D_B: 0.158, G_B: 0.951, cycle_B: 0.153, gp: 0.157

[Rank 0] (epoch: 50, iters: 16448, time: 0.001, data: 0.001) , D_A: 0.157, G_A: 0.975, cycle_A: 0.274, D_B: 0.179, G_B: 0.992, cycle_B: 0.153, gp: 0.178

--- iter tau=0.1000 ---
  cipher in :  widely read too and the author who seemed the embodiment of fra
  decrypted : artpogkaio paedda epaenoa hendiarnda oofopaenoaofsdptfoeead a i 
  real plain: ve marketing are you experimenting with different selling slants
  cipher in : er or not for a long time had such problems the nightmare of a c
  decrypted : oiadiaedea dia agdemaetfoan pa hunayidsgof aenoaetmnef ioad a au
  real plain: gosh i dont know thirtyfive i guess hes been married and got thi
[Rank 0] (epoch: 50, iters: 18048, time: 0.001, data: 0.001) , D_A: 0.174, G_A: 0.999, cycle_A: 0.274, D_B: 0.161, G_B: 0.985, cycle_B: 0.140, gp: 0.160

saving the latest model (epoch 50, total_iters 2000000)
[Rank 0] (epoch: 50, iters: 19648, time: 0.001, data: 0.001) , D_A: 0.103, G_A: 0.980, cycle_A: 0.275, D_B: 0.143, G_B: 0.995, cycle_B: 0.163, gp: 0.142

[Rank 0] (epoch: 50, iters: 21248, time: 0.001, data: 0.001) , D_A: 0.137, G_A: 0.970, cycle_A: 0.285, D_B: 0.184, G_B: 0.970, cycle_B: 0.146, gp: 0.183

[Rank 0] (epoch: 50, iters: 22848, time: 0.001, data: 0.001) , D_A: 0.074, G_A: 0.984, cycle_A: 0.282, D_B: 0.182, G_B: 0.938, cycle_B: 0.153, gp: 0.180

[Rank 0] (epoch: 50, iters: 24448, time: 0.001, data: 0.001) , D_A: 0.169, G_A: 0.976, cycle_A: 0.286, D_B: 0.143, G_B: 0.979, cycle_B: 0.164, gp: 0.141

[Rank 0] (epoch: 50, iters: 26048, time: 0.001, data: 0.001) , D_A: 0.196, G_A: 0.952, cycle_A: 0.275, D_B: 0.116, G_B: 0.979, cycle_B: 0.148, gp: 0.115

[Rank 0] (epoch: 50, iters: 27648, time: 0.001, data: 0.001) , D_A: 0.120, G_A: 0.991, cycle_A: 0.270, D_B: 0.086, G_B: 0.971, cycle_B: 0.151, gp: 0.085

[Rank 0] (epoch: 50, iters: 29248, time: 0.001, data: 0.001) , D_A: 0.152, G_A: 0.995, cycle_A: 0.282, D_B: 0.114, G_B: 0.997, cycle_B: 0.155, gp: 0.114

[Rank 0] (epoch: 50, iters: 30848, time: 0.001, data: 0.001) , D_A: 0.141, G_A: 0.960, cycle_A: 0.268, D_B: 0.154, G_B: 0.981, cycle_B: 0.149, gp: 0.154

[Rank 0] (epoch: 50, iters: 32448, time: 0.001, data: 0.001) , D_A: 0.110, G_A: 0.999, cycle_A: 0.272, D_B: 0.227, G_B: 0.984, cycle_B: 0.141, gp: 0.225

[Rank 0] (epoch: 50, iters: 34048, time: 0.001, data: 0.001) , D_A: 0.204, G_A: 0.982, cycle_A: 0.274, D_B: 0.169, G_B: 0.987, cycle_B: 0.152, gp: 0.168

[Rank 0] (epoch: 50, iters: 35648, time: 0.001, data: 0.001) , D_A: 0.184, G_A: 0.961, cycle_A: 0.282, D_B: 0.147, G_B: 0.938, cycle_B: 0.150, gp: 0.145

[Rank 0] (epoch: 50, iters: 37248, time: 0.001, data: 0.001) , D_A: 0.323, G_A: 0.986, cycle_A: 0.266, D_B: 0.161, G_B: 0.982, cycle_B: 0.142, gp: 0.160

[Rank 0] (epoch: 50, iters: 38848, time: 0.001, data: 0.001) , D_A: 0.189, G_A: 0.993, cycle_A: 0.270, D_B: 0.134, G_B: 0.956, cycle_B: 0.154, gp: 0.133

[Rank 0] (epoch: 50, iters: 40448, time: 0.001, data: 0.001) , D_A: 0.157, G_A: 0.969, cycle_A: 0.277, D_B: 0.107, G_B: 0.981, cycle_B: 0.147, gp: 0.107

learning rate 0.0000182 -> 0.0000000
temperature tau = 0.1000
saving the model at the end of epoch 50, iters 2022400
End of epoch 50 / 50 	 Time Taken: 36 sec
----------------- Options ---------------
             aspect_ratio: 1.0                           
               batch_size: 64                            
          checkpoints_dir: ./checkpoints                 
                crop_size: 256                           
                 dataroot: .                             	[default: None]
             dataset_mode: cipher                        
                direction: AtoB                          
               display_id: 0                             
          display_winsize: 256                           
                embed_dim: 256                           	[default: 64]
                    epoch: latest                        
                     eval: False                         
                 gan_mode: lsgan                         
                   gumbel: False                         
                init_gain: 0.02                          
                init_type: normal                        
                 input_nc: 3                             
                  isTrain: False                         	[default: None]
                     kw_D: 15                            	[default: 4]
                 lambda_A: 10.0                          
                 lambda_B: 10.0                          
                lambda_gp: 10.0                          
          lambda_identity: 0.0                           
                load_iter: 0                             	[default: 0]
                load_size: 256                           
                       lr: 0.0002                        
         matched_softness: True                          	[default: False]
         max_dataset_size: inf                           
                    model: cipher_cycle_gan              	[default: test]
               n_blocks_G: 5                             	[default: 4]
                 n_critic: 1                             
               n_layers_D: 5                             	[default: 3]
                     name: identity_s0_gp1               	[default: experiment_name]
                      ndf: 32                            	[default: 128]
                     netD: seq                           
                     netG: seq                           
                      ngf: 128                           
               no_dropout: True                          
                  no_flip: True                          
                     norm: layer                         	[default: instance]
                 npz_path: data/identity/dataset.npz     	[default: None]
                 num_test: 50                            
              num_threads: 4                             
                output_nc: 3                             
                pair_seed: 0                             
                    phase: test                          
              pointwise_G: True                          	[default: False]
               preprocess: none                          
         real_logit_scale: 5.0                           
              results_dir: ./results/                    
           serial_batches: False                         
         straight_through: True                          	[default: False]
                   suffix:                               
                  tau_end: 0.1                           
                tau_start: 1.0                           
                   use_gp: False                         
                use_wandb: False                         
                  verbose: False                         
               vocab_size: -1                            
       wandb_project_name: CycleGAN-and-pix2pix          
----------------- End -------------------
[cipher] eval: A(cipher)=(8986, 64) B(plain)=(8986, 64) vocab=28 cipher=identity paired=True
dataset [CipherDataset] was created
Initialized with device cuda:0
initialize network with normal
Initialized with device cuda:0
initialize network with normal
model [CipherCycleGANModel] was created
Initialized with device cuda:0
initialize network with normal
loading the model from checkpoints/identity_s0_gp1/latest_net_G_A.pth
Initialized with device cuda:0
initialize network with normal
loading the model from checkpoints/identity_s0_gp1/latest_net_G_B.pth
---------- Networks initialized -------------
[Network G_A] Total number of parameters : 0.212 M
[Network G_B] Total number of parameters : 0.212 M
-----------------------------------------------

==============================================================
cipher              identity (key=0)
samples             8986 x 64
character accuracy  0.0341   (chance ~0.0370)
character error     0.9659
key recovery        0.0370   (coverage 1.000)
==============================================================
cipher in : olved upon second thought we were forced to realize that we have
decrypted : cliopahycea oucepaenchmnearoaroioa ciuopaecaio ltpoaen earoan io
truth     : olved upon second thought we were forced to realize that we have

wrote ./checkpoints/identity_s0_gp1/eval_metrics.json
wrote ./checkpoints/identity_s0_gp1/curves_identity_s0_gp1.png

loss             first      last       min       max
D_A              0.929     0.286     0.049     1.247
G_A              0.108     0.949     0.030     2.975
cycle_A          1.359     0.258     0.060     4.508
D_B              0.939     0.185     0.044     1.734
G_B              0.172     1.013     0.026     2.127
cycle_B          1.227     0.281     0.096     5.003
gp               0.457     0.181     0.041     0.922

D_A over the final window: 0.207
  -> at LSGAN equilibrium: the two networks are balanced.
