=== task 0 : dataset=a14 seed=0 ===
NVIDIA A100-SXM4-80GB
----------------- Options ---------------
               batch_size: 64                            
                    beta1: 0.0                           	[default: 0.5]
          checkpoints_dir: ./checkpoints                 
           continue_train: False                         
                crop_size: 256                           
               cycle_loss: ce                            
                 dataroot: .                             	[default: None]
             dataset_mode: cipher                        
                direction: AtoB                          
             display_freq: 20000                         	[default: 400]
               display_id: 0                             
          display_winsize: 256                           
                embed_dim: 256                           	[default: 64]
                    epoch: latest                        
              epoch_count: 1                             
                 gan_mode: lsgan                         
                   gumbel: False                         
                init_gain: 0.02                          
                init_type: normal                        
                 input_nc: 3                             
                  isTrain: True                          	[default: None]
                     kw_D: 15                            	[default: 4]
                 lambda_A: 1.0                           	[default: 10.0]
                 lambda_B: 1.0                           	[default: 10.0]
                lambda_gp: 1.0                           	[default: 10.0]
          lambda_identity: 0.0                           
                load_iter: 0                             	[default: 0]
                load_size: 286                           
                       lr: 0.0002                        
           lr_decay_iters: 50                            
                lr_policy: linear                        
         matched_softness: True                          	[default: False]
         max_dataset_size: inf                           
                    model: cipher_cycle_gan              	[default: cycle_gan]
               n_blocks_G: 5                             	[default: 4]
                 n_critic: 1                             
                 n_epochs: 40                            	[default: 100]
           n_epochs_decay: 10                            	[default: 100]
               n_layers_D: 5                             	[default: 3]
                     name: a14_s0_gp1                    	[default: experiment_name]
                      ndf: 32                            	[default: 128]
                     netD: seq                           
                     netG: seq                           
                      ngf: 128                           
               no_dropout: True                          
                  no_flip: True                          
                  no_html: False                         
                     norm: layer                         	[default: instance]
                 npz_path: data/a14/dataset.npz          	[default: None]
              num_threads: 8                             	[default: 4]
                output_nc: 3                             
                pair_seed: 0                             
                    phase: train                         
              pointwise_G: True                          	[default: False]
                pool_size: 50                            
               preprocess: none                          
               print_freq: 100                           
         real_logit_scale: 5.0                           
             save_by_iter: False                         
          save_epoch_freq: 50                            	[default: 5]
         save_latest_freq: 5000                          
           serial_batches: False                         
         straight_through: True                          	[default: False]
                   suffix:                               
                  tau_end: 0.1                           
                tau_start: 0.5                           	[default: 1.0]
         update_html_freq: 1000                          
                   use_gp: True                          	[default: False]
                use_wandb: False                         
                  verbose: False                         
               vocab_size: -1                            
       wandb_project_name: CycleGAN-and-pix2pix          
----------------- End -------------------
Initialized with device cuda:0
[cipher] train: A(cipher)=(24492, 64) B(plain)=(24492, 64) vocab=15 cipher=substitution paired=False
dataset [CipherDataset] was created
The number of training images = 24492
Initialized with device cuda:0
initialize network with normal
Initialized with device cuda:0
initialize network with normal
Initialized with device cuda:0
initialize network with normal
Initialized with device cuda:0
initialize network with normal
model [CipherCycleGANModel] was created
Initialized with device cuda:0
initialize network with normal
Initialized with device cuda:0
initialize network with normal
Initialized with device cuda:0
initialize network with normal
Initialized with device cuda:0
initialize network with normal
---------- Networks initialized -------------
[Network G_A] Total number of parameters : 0.207 M
[Network G_B] Total number of parameters : 0.207 M
[Network D_A] Total number of parameters : 0.474 M
[Network D_B] Total number of parameters : 0.474 M
-----------------------------------------------
create web directory checkpoints/a14_s0_gp1/web...
[Rank 0] (epoch: 1, iters: 1600, time: 0.001, data: 0.053) , D_A: 0.876, G_A: 0.249, cycle_A: 0.734, D_B: 0.837, G_B: 0.336, cycle_B: 0.560, gp: 0.544

[Rank 0] (epoch: 1, iters: 3200, time: 0.001, data: 0.001) , D_A: 0.771, G_A: 0.921, cycle_A: 0.405, D_B: 0.814, G_B: 0.369, cycle_B: 0.397, gp: 0.507

[Rank 0] (epoch: 1, iters: 4800, time: 0.001, data: 0.001) , D_A: 0.622, G_A: 0.405, cycle_A: 0.356, D_B: 0.704, G_B: 0.431, cycle_B: 0.336, gp: 0.473

[Rank 0] (epoch: 1, iters: 6400, time: 0.001, data: 0.001) , D_A: 0.452, G_A: 0.656, cycle_A: 0.312, D_B: 0.567, G_B: 0.860, cycle_B: 0.341, gp: 0.373

[Rank 0] (epoch: 1, iters: 8000, time: 0.001, data: 0.001) , D_A: 0.507, G_A: 0.552, cycle_A: 0.397, D_B: 0.680, G_B: 0.366, cycle_B: 0.425, gp: 0.390

[Rank 0] (epoch: 1, iters: 9600, time: 0.001, data: 0.001) , D_A: 0.401, G_A: 0.566, cycle_A: 0.285, D_B: 0.628, G_B: 0.580, cycle_B: 0.327, gp: 0.437

[Rank 0] (epoch: 1, iters: 11200, time: 0.001, data: 0.001) , D_A: 0.452, G_A: 0.610, cycle_A: 0.400, D_B: 0.731, G_B: 0.189, cycle_B: 0.299, gp: 0.428

[Rank 0] (epoch: 1, iters: 12800, time: 0.001, data: 0.001) , D_A: 0.385, G_A: 0.653, cycle_A: 0.285, D_B: 0.641, G_B: 1.088, cycle_B: 0.320, gp: 0.443

[Rank 0] (epoch: 1, iters: 14400, time: 0.001, data: 0.001) , D_A: 0.437, G_A: 0.312, cycle_A: 0.301, D_B: 0.461, G_B: 0.468, cycle_B: 0.317, gp: 0.307

[Rank 0] (epoch: 1, iters: 16000, time: 0.001, data: 0.001) , D_A: 0.497, G_A: 0.912, cycle_A: 0.346, D_B: 0.510, G_B: 1.301, cycle_B: 0.292, gp: 0.361

[Rank 0] (epoch: 1, iters: 17600, time: 0.001, data: 0.001) , D_A: 0.394, G_A: 0.525, cycle_A: 0.342, D_B: 0.480, G_B: 0.665, cycle_B: 0.276, gp: 0.398

[Rank 0] (epoch: 1, iters: 19200, time: 0.001, data: 0.001) , D_A: 0.512, G_A: 1.060, cycle_A: 0.302, D_B: 0.539, G_B: 1.298, cycle_B: 0.320, gp: 0.406

[Rank 0] (epoch: 1, iters: 20800, time: 0.001, data: 0.001) , D_A: 0.379, G_A: 0.609, cycle_A: 0.310, D_B: 0.398, G_B: 0.760, cycle_B: 0.299, gp: 0.337

[Rank 0] (epoch: 1, iters: 22400, time: 0.001, data: 0.001) , D_A: 0.482, G_A: 1.332, cycle_A: 0.276, D_B: 0.310, G_B: 1.105, cycle_B: 0.294, gp: 0.244

[Rank 0] (epoch: 1, iters: 24000, time: 0.001, data: 0.001) , D_A: 0.402, G_A: 0.329, cycle_A: 0.365, D_B: 0.571, G_B: 0.514, cycle_B: 0.268, gp: 0.378

learning rate 0.0002000 -> 0.0002000
temperature tau = 0.4838
End of epoch 1 / 50 	 Time Taken: 21 sec
[Rank 0] (epoch: 2, iters: 1088, time: 0.001, data: 0.001) , D_A: 0.381, G_A: 0.304, cycle_A: 0.326, D_B: 0.548, G_B: 1.525, cycle_B: 0.273, gp: 0.367

[Rank 0] (epoch: 2, iters: 2688, time: 0.001, data: 0.001) , D_A: 0.281, G_A: 1.001, cycle_A: 0.419, D_B: 0.627, G_B: 0.129, cycle_B: 0.276, gp: 0.404

[Rank 0] (epoch: 2, iters: 4288, time: 0.001, data: 0.001) , D_A: 0.317, G_A: 0.506, cycle_A: 0.356, D_B: 0.327, G_B: 1.132, cycle_B: 0.281, gp: 0.269

[Rank 0] (epoch: 2, iters: 5888, time: 0.001, data: 0.001) , D_A: 0.336, G_A: 0.879, cycle_A: 0.406, D_B: 0.429, G_B: 0.329, cycle_B: 0.280, gp: 0.290

[Rank 0] (epoch: 2, iters: 7488, time: 0.001, data: 0.001) , D_A: 0.355, G_A: 0.679, cycle_A: 0.447, D_B: 0.512, G_B: 0.439, cycle_B: 0.231, gp: 0.388

[Rank 0] (epoch: 2, iters: 9088, time: 0.001, data: 0.001) , D_A: 0.371, G_A: 1.199, cycle_A: 0.374, D_B: 0.371, G_B: 0.634, cycle_B: 0.257, gp: 0.308

[Rank 0] (epoch: 2, iters: 10688, time: 0.001, data: 0.001) , D_A: 0.283, G_A: 0.730, cycle_A: 0.397, D_B: 0.367, G_B: 0.684, cycle_B: 0.214, gp: 0.319

[Rank 0] (epoch: 2, iters: 12288, time: 0.001, data: 0.001) , D_A: 0.294, G_A: 0.972, cycle_A: 0.350, D_B: 0.477, G_B: 1.365, cycle_B: 0.226, gp: 0.365

[Rank 0] (epoch: 2, iters: 13888, time: 0.001, data: 0.001) , D_A: 0.323, G_A: 1.080, cycle_A: 0.342, D_B: 0.489, G_B: 0.646, cycle_B: 0.225, gp: 0.378

--- iter tau=0.4838 ---
  cipher in :  dlbcbeflal bkebdeblmmb bfbklbikbkeblbcdl bklb ebeb eiebdllabkdb
  decrypted : ild i ehdadi ge le daa i h gd ig ge d ildi gd ie e ieie ldda gl 
  real plain: call ie ealiic ma ea hae aed ice a melia adiece head ahig cmaabl
  cipher in : dbk kbhbkdbmdcmebidbdbidbedbmfebkdbiemhbdmk kbkebdbekdbmbebedbmf
  decrypted : l gig h gl aliae il l il el ahe gl ieah lagig ge l egl a e el ah
  real plain: diied eec hah cl ad elicie i fe chamig he ambile acig bea lile e
[Rank 0] (epoch: 2, iters: 15488, time: 0.001, data: 0.001) , D_A: 0.462, G_A: 0.442, cycle_A: 0.345, D_B: 0.290, G_B: 1.053, cycle_B: 0.218, gp: 0.251

saving the latest model (epoch 2, total_iters 40000)
[Rank 0] (epoch: 2, iters: 17088, time: 0.001, data: 0.001) , D_A: 0.297, G_A: 0.397, cycle_A: 0.346, D_B: 0.415, G_B: 0.855, cycle_B: 0.197, gp: 0.381

[Rank 0] (epoch: 2, iters: 18688, time: 0.001, data: 0.001) , D_A: 0.316, G_A: 1.554, cycle_A: 0.320, D_B: 0.345, G_B: 1.213, cycle_B: 0.214, gp: 0.290

[Rank 0] (epoch: 2, iters: 20288, time: 0.001, data: 0.001) , D_A: 0.325, G_A: 0.758, cycle_A: 0.332, D_B: 0.416, G_B: 0.763, cycle_B: 0.209, gp: 0.380

[Rank 0] (epoch: 2, iters: 21888, time: 0.001, data: 0.001) , D_A: 0.252, G_A: 0.943, cycle_A: 0.360, D_B: 0.333, G_B: 0.603, cycle_B: 0.204, gp: 0.265

[Rank 0] (epoch: 2, iters: 23488, time: 0.001, data: 0.001) , D_A: 0.275, G_A: 0.976, cycle_A: 0.307, D_B: 0.280, G_B: 0.949, cycle_B: 0.207, gp: 0.248

learning rate 0.0002000 -> 0.0002000
temperature tau = 0.4682
End of epoch 2 / 50 	 Time Taken: 21 sec
[Rank 0] (epoch: 3, iters: 576, time: 0.001, data: 0.001) , D_A: 0.403, G_A: 1.204, cycle_A: 0.339, D_B: 0.459, G_B: 0.865, cycle_B: 0.245, gp: 0.404

[Rank 0] (epoch: 3, iters: 2176, time: 0.001, data: 0.000) , D_A: 0.408, G_A: 1.403, cycle_A: 0.350, D_B: 0.341, G_B: 1.112, cycle_B: 0.201, gp: 0.288

[Rank 0] (epoch: 3, iters: 3776, time: 0.001, data: 0.001) , D_A: 0.299, G_A: 1.047, cycle_A: 0.349, D_B: 0.460, G_B: 1.103, cycle_B: 0.202, gp: 0.420

[Rank 0] (epoch: 3, iters: 5376, time: 0.001, data: 0.001) , D_A: 0.209, G_A: 0.894, cycle_A: 0.350, D_B: 0.416, G_B: 0.600, cycle_B: 0.198, gp: 0.338

[Rank 0] (epoch: 3, iters: 6976, time: 0.001, data: 0.002) , D_A: 0.345, G_A: 0.574, cycle_A: 0.347, D_B: 0.405, G_B: 0.808, cycle_B: 0.212, gp: 0.370

[Rank 0] (epoch: 3, iters: 8576, time: 0.001, data: 0.001) , D_A: 0.343, G_A: 1.029, cycle_A: 0.332, D_B: 0.400, G_B: 0.775, cycle_B: 0.208, gp: 0.370

[Rank 0] (epoch: 3, iters: 10176, time: 0.001, data: 0.001) , D_A: 0.293, G_A: 0.909, cycle_A: 0.343, D_B: 0.400, G_B: 0.944, cycle_B: 0.200, gp: 0.367

[Rank 0] (epoch: 3, iters: 11776, time: 0.001, data: 0.002) , D_A: 0.323, G_A: 0.993, cycle_A: 0.340, D_B: 0.349, G_B: 1.125, cycle_B: 0.199, gp: 0.282

[Rank 0] (epoch: 3, iters: 13376, time: 0.001, data: 0.001) , D_A: 0.356, G_A: 0.841, cycle_A: 0.313, D_B: 0.317, G_B: 1.159, cycle_B: 0.216, gp: 0.271

[Rank 0] (epoch: 3, iters: 14976, time: 0.001, data: 0.001) , D_A: 0.233, G_A: 0.933, cycle_A: 0.356, D_B: 0.325, G_B: 0.709, cycle_B: 0.217, gp: 0.284

[Rank 0] (epoch: 3, iters: 16576, time: 0.001, data: 0.001) , D_A: 0.260, G_A: 1.006, cycle_A: 0.318, D_B: 0.362, G_B: 0.979, cycle_B: 0.206, gp: 0.335

[Rank 0] (epoch: 3, iters: 18176, time: 0.001, data: 0.001) , D_A: 0.302, G_A: 0.854, cycle_A: 0.338, D_B: 0.434, G_B: 0.516, cycle_B: 0.192, gp: 0.377

[Rank 0] (epoch: 3, iters: 19776, time: 0.001, data: 0.001) , D_A: 0.269, G_A: 1.020, cycle_A: 0.318, D_B: 0.324, G_B: 0.996, cycle_B: 0.201, gp: 0.298

[Rank 0] (epoch: 3, iters: 21376, time: 0.001, data: 0.001) , D_A: 0.470, G_A: 1.608, cycle_A: 0.353, D_B: 0.386, G_B: 0.637, cycle_B: 0.205, gp: 0.313

[Rank 0] (epoch: 3, iters: 22976, time: 0.001, data: 0.001) , D_A: 0.200, G_A: 0.901, cycle_A: 0.348, D_B: 0.326, G_B: 1.295, cycle_B: 0.200, gp: 0.299

learning rate 0.0002000 -> 0.0002000
temperature tau = 0.4531
End of epoch 3 / 50 	 Time Taken: 22 sec
[Rank 0] (epoch: 4, iters: 64, time: 0.001, data: 0.001) , D_A: 0.262, G_A: 0.914, cycle_A: 0.324, D_B: 0.359, G_B: 0.857, cycle_B: 0.212, gp: 0.334

[Rank 0] (epoch: 4, iters: 1664, time: 0.001, data: 0.001) , D_A: 0.241, G_A: 1.020, cycle_A: 0.306, D_B: 0.455, G_B: 1.307, cycle_B: 0.211, gp: 0.401

[Rank 0] (epoch: 4, iters: 3264, time: 0.001, data: 0.001) , D_A: 0.251, G_A: 0.816, cycle_A: 0.339, D_B: 0.359, G_B: 0.945, cycle_B: 0.209, gp: 0.338

[Rank 0] (epoch: 4, iters: 4864, time: 0.001, data: 0.001) , D_A: 0.231, G_A: 0.896, cycle_A: 0.300, D_B: 0.295, G_B: 0.732, cycle_B: 0.206, gp: 0.257

--- iter tau=0.4531 ---
  cipher in : hibaddmbehhladabdfbkdbaddmbehhladablbiekl blemmeadmmbliefbkebmfb
  decrypted : hi acca ehhmaca ch fc acca ehhmaca m iefmi meaaeacaa mieh fe ah 
  real plain:  cme d da he eag ad ead he ciai f medal j like he e e e i f ig a
  cipher in : dfgiebeefefbedcmlkbdblhibdfbafldefbhladmbdbammealbedbadmefdbk kb
  decrypted : chbie eeheh eciamf c mhi ch ahmceh hmaca c aaaeam ec acaehc fif 
  real plain: ld ee hee i aae ea h e hld feel bd b adeh le ad cede ice hi edil
[Rank 0] (epoch: 4, iters: 6464, time: 0.001, data: 0.001) , D_A: 0.311, G_A: 0.565, cycle_A: 0.330, D_B: 0.309, G_B: 0.841, cycle_B: 0.209, gp: 0.281

saving the latest model (epoch 4, total_iters 80000)
[Rank 0] (epoch: 4, iters: 8064, time: 0.001, data: 0.001) , D_A: 0.296, G_A: 1.034, cycle_A: 0.297, D_B: 0.332, G_B: 0.939, cycle_B: 0.213, gp: 0.263

[Rank 0] (epoch: 4, iters: 9664, time: 0.001, data: 0.001) , D_A: 0.244, G_A: 0.996, cycle_A: 0.304, D_B: 0.677, G_B: 0.476, cycle_B: 0.211, gp: 0.494

[Rank 0] (epoch: 4, iters: 11264, time: 0.001, data: 0.001) , D_A: 0.244, G_A: 1.041, cycle_A: 0.298, D_B: 0.540, G_B: 1.781, cycle_B: 0.210, gp: 0.370

[Rank 0] (epoch: 4, iters: 12864, time: 0.001, data: 0.001) , D_A: 0.496, G_A: 0.242, cycle_A: 4.645, D_B: 0.862, G_B: 0.873, cycle_B: 1.058, gp: 0.509

[Rank 0] (epoch: 4, iters: 14464, time: 0.001, data: 0.001) , D_A: 0.593, G_A: 0.339, cycle_A: 0.755, D_B: 0.470, G_B: 1.094, cycle_B: 0.687, gp: 0.403

[Rank 0] (epoch: 4, iters: 16064, time: 0.001, data: 0.001) , D_A: 0.400, G_A: 0.812, cycle_A: 0.611, D_B: 0.657, G_B: 0.714, cycle_B: 0.627, gp: 0.604

[Rank 0] (epoch: 4, iters: 17664, time: 0.001, data: 0.001) , D_A: 0.364, G_A: 1.054, cycle_A: 0.509, D_B: 0.533, G_B: 0.336, cycle_B: 0.589, gp: 0.429

[Rank 0] (epoch: 4, iters: 19264, time: 0.001, data: 0.001) , D_A: 0.346, G_A: 0.908, cycle_A: 0.492, D_B: 0.336, G_B: 0.841, cycle_B: 0.593, gp: 0.314

[Rank 0] (epoch: 4, iters: 20864, time: 0.001, data: 0.001) , D_A: 0.278, G_A: 0.953, cycle_A: 0.435, D_B: 0.468, G_B: 1.177, cycle_B: 0.601, gp: 0.427

[Rank 0] (epoch: 4, iters: 22464, time: 0.001, data: 0.001) , D_A: 0.293, G_A: 0.957, cycle_A: 0.398, D_B: 0.357, G_B: 0.721, cycle_B: 0.576, gp: 0.332

[Rank 0] (epoch: 4, iters: 24064, time: 0.001, data: 0.001) , D_A: 0.285, G_A: 1.015, cycle_A: 0.349, D_B: 0.698, G_B: 0.453, cycle_B: 0.260, gp: 0.533

learning rate 0.0002000 -> 0.0002000
temperature tau = 0.4384
End of epoch 4 / 50 	 Time Taken: 23 sec
[Rank 0] (epoch: 5, iters: 1152, time: 0.001, data: 0.001) , D_A: 0.369, G_A: 0.974, cycle_A: 0.303, D_B: 0.630, G_B: 0.834, cycle_B: 0.275, gp: 0.523

[Rank 0] (epoch: 5, iters: 2752, time: 0.001, data: 0.001) , D_A: 0.236, G_A: 0.928, cycle_A: 0.310, D_B: 0.566, G_B: 0.476, cycle_B: 0.261, gp: 0.494

[Rank 0] (epoch: 5, iters: 4352, time: 0.001, data: 0.001) , D_A: 0.249, G_A: 0.914, cycle_A: 0.293, D_B: 0.530, G_B: 0.581, cycle_B: 0.242, gp: 0.458

[Rank 0] (epoch: 5, iters: 5952, time: 0.001, data: 0.001) , D_A: 0.268, G_A: 0.950, cycle_A: 0.275, D_B: 0.518, G_B: 0.783, cycle_B: 0.237, gp: 0.492

[Rank 0] (epoch: 5, iters: 7552, time: 0.001, data: 0.001) , D_A: 0.211, G_A: 0.984, cycle_A: 0.276, D_B: 0.390, G_B: 1.070, cycle_B: 0.241, gp: 0.355

[Rank 0] (epoch: 5, iters: 9152, time: 0.001, data: 0.001) , D_A: 0.306, G_A: 0.878, cycle_A: 0.297, D_B: 0.400, G_B: 0.866, cycle_B: 0.272, gp: 0.381

[Rank 0] (epoch: 5, iters: 10752, time: 0.001, data: 0.001) , D_A: 0.272, G_A: 0.967, cycle_A: 0.276, D_B: 0.496, G_B: 0.872, cycle_B: 0.241, gp: 0.478

[Rank 0] (epoch: 5, iters: 12352, time: 0.001, data: 0.001) , D_A: 0.179, G_A: 0.999, cycle_A: 0.303, D_B: 0.425, G_B: 0.533, cycle_B: 0.245, gp: 0.399

[Rank 0] (epoch: 5, iters: 13952, time: 0.001, data: 0.001) , D_A: 0.278, G_A: 0.950, cycle_A: 0.288, D_B: 0.469, G_B: 0.872, cycle_B: 0.273, gp: 0.441

[Rank 0] (epoch: 5, iters: 15552, time: 0.001, data: 0.001) , D_A: 0.324, G_A: 1.005, cycle_A: 0.281, D_B: 0.315, G_B: 1.154, cycle_B: 0.254, gp: 0.285

[Rank 0] (epoch: 5, iters: 17152, time: 0.001, data: 0.001) , D_A: 0.234, G_A: 1.033, cycle_A: 0.274, D_B: 0.407, G_B: 1.232, cycle_B: 0.231, gp: 0.381

[Rank 0] (epoch: 5, iters: 18752, time: 0.001, data: 0.001) , D_A: 0.288, G_A: 0.991, cycle_A: 0.267, D_B: 0.295, G_B: 1.101, cycle_B: 0.247, gp: 0.277

[Rank 0] (epoch: 5, iters: 20352, time: 0.001, data: 0.001) , D_A: 0.361, G_A: 0.985, cycle_A: 0.294, D_B: 0.462, G_B: 0.800, cycle_B: 0.256, gp: 0.420

--- iter tau=0.4384 ---
  cipher in : lbdbkeebamajbceheblbhl efblbdbdmmbl kb blbmehbkebdbmlibcfmebhbem
  decrypted : b c gee adaa hehe b hbied b c cdd big i b deh ge c dbd hdde h ed
  real plain: he elemeal e hich i iidl eal i hi la e ae lef helle ce ih i beca
  cipher in : kdbkeblbdbhhel bgebkebmblcmebdebkdblblbdibdbhhel bhdallkidbebdmm
  decrypted : gc ge b c hhebi he ge d bhde ce gc b b cd c hhebi hcabbgdc e cdd
  real plain: gheed he cmmi fce a a el he e i i a bagaiig ii a he ce geea egia
[Rank 0] (epoch: 5, iters: 21952, time: 0.001, data: 0.001) , D_A: 0.262, G_A: 1.006, cycle_A: 0.272, D_B: 0.462, G_B: 0.949, cycle_B: 0.246, gp: 0.443

saving the latest model (epoch 5, total_iters 120000)
[Rank 0] (epoch: 5, iters: 23552, time: 0.001, data: 0.001) , D_A: 0.328, G_A: 0.996, cycle_A: 0.280, D_B: 0.408, G_B: 0.966, cycle_B: 0.246, gp: 0.390

learning rate 0.0002000 -> 0.0002000
temperature tau = 0.4243
End of epoch 5 / 50 	 Time Taken: 23 sec
[Rank 0] (epoch: 6, iters: 640, time: 0.001, data: 0.001) , D_A: 0.304, G_A: 0.963, cycle_A: 0.275, D_B: 0.364, G_B: 1.216, cycle_B: 0.285, gp: 0.342

[Rank 0] (epoch: 6, iters: 2240, time: 0.001, data: 0.000) , D_A: 0.296, G_A: 1.047, cycle_A: 0.302, D_B: 0.465, G_B: 0.759, cycle_B: 0.290, gp: 0.416

[Rank 0] (epoch: 6, iters: 3840, time: 0.001, data: 0.001) , D_A: 0.260, G_A: 0.951, cycle_A: 0.274, D_B: 0.293, G_B: 0.692, cycle_B: 0.262, gp: 0.257

[Rank 0] (epoch: 6, iters: 5440, time: 0.001, data: 0.001) , D_A: 0.337, G_A: 0.953, cycle_A: 0.309, D_B: 0.467, G_B: 1.311, cycle_B: 0.248, gp: 0.437

[Rank 0] (epoch: 6, iters: 7040, time: 0.001, data: 0.001) , D_A: 0.245, G_A: 0.781, cycle_A: 0.311, D_B: 0.445, G_B: 1.005, cycle_B: 0.247, gp: 0.422

[Rank 0] (epoch: 6, iters: 8640, time: 0.001, data: 0.002) , D_A: 0.165, G_A: 0.973, cycle_A: 0.304, D_B: 0.476, G_B: 0.827, cycle_B: 0.241, gp: 0.447

[Rank 0] (epoch: 6, iters: 10240, time: 0.001, data: 0.001) , D_A: 0.216, G_A: 0.934, cycle_A: 0.317, D_B: 0.314, G_B: 1.068, cycle_B: 0.239, gp: 0.293

[Rank 0] (epoch: 6, iters: 11840, time: 0.001, data: 0.001) , D_A: 0.191, G_A: 0.919, cycle_A: 0.290, D_B: 0.338, G_B: 0.987, cycle_B: 0.247, gp: 0.316

[Rank 0] (epoch: 6, iters: 13440, time: 0.001, data: 0.001) , D_A: 0.212, G_A: 0.931, cycle_A: 0.290, D_B: 0.357, G_B: 1.043, cycle_B: 0.249, gp: 0.335

[Rank 0] (epoch: 6, iters: 15040, time: 0.001, data: 0.001) , D_A: 0.282, G_A: 1.022, cycle_A: 0.295, D_B: 0.621, G_B: 0.546, cycle_B: 0.258, gp: 0.453

[Rank 0] (epoch: 6, iters: 16640, time: 0.001, data: 0.001) , D_A: 0.260, G_A: 1.042, cycle_A: 0.268, D_B: 0.525, G_B: 1.313, cycle_B: 0.251, gp: 0.444

[Rank 0] (epoch: 6, iters: 18240, time: 0.001, data: 0.001) , D_A: 0.207, G_A: 0.974, cycle_A: 0.264, D_B: 0.463, G_B: 1.928, cycle_B: 0.221, gp: 0.368

[Rank 0] (epoch: 6, iters: 19840, time: 0.001, data: 0.001) , D_A: 0.212, G_A: 1.048, cycle_A: 0.291, D_B: 0.374, G_B: 0.905, cycle_B: 0.234, gp: 0.343

[Rank 0] (epoch: 6, iters: 21440, time: 0.001, data: 0.001) , D_A: 0.257, G_A: 0.991, cycle_A: 0.253, D_B: 0.476, G_B: 1.577, cycle_B: 0.258, gp: 0.358

[Rank 0] (epoch: 6, iters: 23040, time: 0.001, data: 0.001) , D_A: 0.286, G_A: 1.061, cycle_A: 0.273, D_B: 0.334, G_B: 0.837, cycle_B: 0.268, gp: 0.287

learning rate 0.0002000 -> 0.0002000
temperature tau = 0.4106
End of epoch 6 / 50 	 Time Taken: 23 sec
[Rank 0] (epoch: 7, iters: 128, time: 0.001, data: 0.001) , D_A: 0.273, G_A: 1.012, cycle_A: 0.270, D_B: 0.389, G_B: 1.082, cycle_B: 0.247, gp: 0.362

[Rank 0] (epoch: 7, iters: 1728, time: 0.001, data: 0.000) , D_A: 0.194, G_A: 1.024, cycle_A: 0.272, D_B: 0.342, G_B: 1.188, cycle_B: 0.233, gp: 0.318

[Rank 0] (epoch: 7, iters: 3328, time: 0.001, data: 0.001) , D_A: 0.225, G_A: 0.940, cycle_A: 0.278, D_B: 0.356, G_B: 0.931, cycle_B: 0.261, gp: 0.341

[Rank 0] (epoch: 7, iters: 4928, time: 0.001, data: 0.001) , D_A: 0.270, G_A: 0.892, cycle_A: 0.270, D_B: 0.359, G_B: 1.161, cycle_B: 0.244, gp: 0.335

[Rank 0] (epoch: 7, iters: 6528, time: 0.001, data: 0.001) , D_A: 0.246, G_A: 1.047, cycle_A: 0.264, D_B: 0.288, G_B: 1.121, cycle_B: 0.247, gp: 0.266

[Rank 0] (epoch: 7, iters: 8128, time: 0.001, data: 0.001) , D_A: 0.332, G_A: 0.965, cycle_A: 0.251, D_B: 0.303, G_B: 0.904, cycle_B: 0.254, gp: 0.285

[Rank 0] (epoch: 7, iters: 9728, time: 0.001, data: 0.001) , D_A: 0.227, G_A: 1.003, cycle_A: 0.260, D_B: 0.299, G_B: 1.057, cycle_B: 0.242, gp: 0.277

[Rank 0] (epoch: 7, iters: 11328, time: 0.001, data: 0.001) , D_A: 0.309, G_A: 0.926, cycle_A: 0.260, D_B: 0.265, G_B: 0.968, cycle_B: 0.230, gp: 0.247

--- iter tau=0.4106 ---
  cipher in : bkebdflbeillbhbeblbiakbkl kebkdbkebeeaefbkeidmblelbdmk kbkebeaib
  decrypted :  ge cdb eabb h e b aag gbige gc ge eeaed geacd beb cdgig ge eaa 
  real plain:  amg he fdig fahe he eed a eide f he cieal cge he laed he leadig
  cipher in : ebdefbdfbkebfbkbmedebaieblbkebdlfbkeb lmlkblaebdbedmbdbklebkebdb
  decrypted : e ced cd ge d g dece aae b ge cbd ge ibdbg bae c ecd c gbe ge c 
  real plain: ee ceail deed me ee he edca cialcla ii ad al hi cial hi a ell a 
[Rank 0] (epoch: 7, iters: 12928, time: 0.001, data: 0.001) , D_A: 0.317, G_A: 0.967, cycle_A: 0.260, D_B: 0.327, G_B: 0.898, cycle_B: 0.238, gp: 0.303

saving the latest model (epoch 7, total_iters 160000)
[Rank 0] (epoch: 7, iters: 14528, time: 0.001, data: 0.001) , D_A: 0.216, G_A: 0.937, cycle_A: 0.264, D_B: 0.312, G_B: 0.815, cycle_B: 0.248, gp: 0.276

[Rank 0] (epoch: 7, iters: 16128, time: 0.001, data: 0.001) , D_A: 0.239, G_A: 0.941, cycle_A: 0.254, D_B: 0.342, G_B: 0.679, cycle_B: 0.252, gp: 0.256

[Rank 0] (epoch: 7, iters: 17728, time: 0.001, data: 0.001) , D_A: 0.176, G_A: 0.948, cycle_A: 0.265, D_B: 0.398, G_B: 0.807, cycle_B: 0.246, gp: 0.348

[Rank 0] (epoch: 7, iters: 19328, time: 0.001, data: 0.001) , D_A: 0.186, G_A: 0.998, cycle_A: 0.243, D_B: 0.322, G_B: 0.995, cycle_B: 0.245, gp: 0.294

[Rank 0] (epoch: 7, iters: 20928, time: 0.001, data: 0.001) , D_A: 0.213, G_A: 1.003, cycle_A: 0.251, D_B: 0.423, G_B: 0.991, cycle_B: 0.234, gp: 0.396

[Rank 0] (epoch: 7, iters: 22528, time: 0.001, data: 0.001) , D_A: 0.275, G_A: 1.349, cycle_A: 0.286, D_B: 0.405, G_B: 1.246, cycle_B: 0.239, gp: 0.360

[Rank 0] (epoch: 7, iters: 24128, time: 0.001, data: 0.001) , D_A: 0.285, G_A: 0.984, cycle_A: 0.269, D_B: 0.389, G_B: 0.969, cycle_B: 0.230, gp: 0.367

learning rate 0.0002000 -> 0.0002000
temperature tau = 0.3973
End of epoch 7 / 50 	 Time Taken: 22 sec
[Rank 0] (epoch: 8, iters: 1216, time: 0.001, data: 0.001) , D_A: 0.239, G_A: 1.000, cycle_A: 0.263, D_B: 0.381, G_B: 0.914, cycle_B: 0.256, gp: 0.360

[Rank 0] (epoch: 8, iters: 2816, time: 0.001, data: 0.001) , D_A: 0.250, G_A: 0.969, cycle_A: 0.257, D_B: 0.295, G_B: 1.037, cycle_B: 0.243, gp: 0.276

[Rank 0] (epoch: 8, iters: 4416, time: 0.001, data: 0.002) , D_A: 0.281, G_A: 0.967, cycle_A: 0.263, D_B: 0.446, G_B: 0.903, cycle_B: 0.236, gp: 0.423

[Rank 0] (epoch: 8, iters: 6016, time: 0.001, data: 0.001) , D_A: 0.205, G_A: 0.999, cycle_A: 0.253, D_B: 0.322, G_B: 0.777, cycle_B: 0.236, gp: 0.284

[Rank 0] (epoch: 8, iters: 7616, time: 0.001, data: 0.001) , D_A: 0.253, G_A: 0.815, cycle_A: 0.254, D_B: 0.392, G_B: 1.157, cycle_B: 0.260, gp: 0.366

[Rank 0] (epoch: 8, iters: 9216, time: 0.001, data: 0.001) , D_A: 0.260, G_A: 0.977, cycle_A: 0.258, D_B: 0.285, G_B: 0.946, cycle_B: 0.254, gp: 0.257

[Rank 0] (epoch: 8, iters: 10816, time: 0.001, data: 0.001) , D_A: 0.201, G_A: 0.992, cycle_A: 0.240, D_B: 0.456, G_B: 1.238, cycle_B: 0.243, gp: 0.416

[Rank 0] (epoch: 8, iters: 12416, time: 0.001, data: 0.001) , D_A: 0.109, G_A: 0.963, cycle_A: 0.273, D_B: 0.449, G_B: 1.067, cycle_B: 0.239, gp: 0.414

[Rank 0] (epoch: 8, iters: 14016, time: 0.001, data: 0.001) , D_A: 0.245, G_A: 0.966, cycle_A: 0.267, D_B: 0.392, G_B: 0.925, cycle_B: 0.263, gp: 0.369

[Rank 0] (epoch: 8, iters: 15616, time: 0.001, data: 0.001) , D_A: 0.307, G_A: 0.992, cycle_A: 0.236, D_B: 0.317, G_B: 0.707, cycle_B: 0.254, gp: 0.259

[Rank 0] (epoch: 8, iters: 17216, time: 0.001, data: 0.001) , D_A: 0.196, G_A: 0.971, cycle_A: 0.235, D_B: 0.477, G_B: 1.059, cycle_B: 0.230, gp: 0.467

[Rank 0] (epoch: 8, iters: 18816, time: 0.001, data: 0.002) , D_A: 0.211, G_A: 0.976, cycle_A: 0.251, D_B: 0.336, G_B: 1.008, cycle_B: 0.237, gp: 0.321

[Rank 0] (epoch: 8, iters: 20416, time: 0.001, data: 0.001) , D_A: 0.266, G_A: 1.021, cycle_A: 0.233, D_B: 0.271, G_B: 0.926, cycle_B: 0.251, gp: 0.259

[Rank 0] (epoch: 8, iters: 22016, time: 0.001, data: 0.001) , D_A: 0.216, G_A: 0.962, cycle_A: 0.221, D_B: 0.236, G_B: 0.913, cycle_B: 0.238, gp: 0.221

[Rank 0] (epoch: 8, iters: 23616, time: 0.001, data: 0.001) , D_A: 0.243, G_A: 0.935, cycle_A: 0.248, D_B: 0.300, G_B: 1.098, cycle_B: 0.226, gp: 0.289

learning rate 0.0002000 -> 0.0002000
temperature tau = 0.3845
End of epoch 8 / 50 	 Time Taken: 23 sec
[Rank 0] (epoch: 9, iters: 704, time: 0.001, data: 0.001) , D_A: 0.227, G_A: 1.012, cycle_A: 0.313, D_B: 0.620, G_B: 0.623, cycle_B: 0.236, gp: 0.510

[Rank 0] (epoch: 9, iters: 2304, time: 0.001, data: 0.000) , D_A: 0.176, G_A: 0.979, cycle_A: 0.246, D_B: 0.378, G_B: 1.099, cycle_B: 0.241, gp: 0.331

--- iter tau=0.3845 ---
  cipher in : blbkdbebkdfbdbllalebflmljebhbkebgddeebflfbkebkedefbfecdebhbkebad
  decrypted :  b fl e fld l bbabe dbdbae h fe hllee dbd fe feled dehle h fe al
  real plain: b ha g mehig icadece f hi bahm a milei a hie hea he ble efmace e
  cipher in : ibmedfebkedeefbhibdbebilmldb eieblhbkebdlebhdlmefbl bdbel kblbam
  decrypted : a delde feleed ha l e abdbl ieae bh fe lbe hlbded bi l ebif b ad
  real plain: igle efl jab ha e g eelig ildl ad cahig d ih a hiig ga he aed gg
[Rank 0] (epoch: 9, iters: 3904, time: 0.001, data: 0.001) , D_A: 0.145, G_A: 1.013, cycle_A: 0.266, D_B: 0.547, G_B: 1.409, cycle_B: 0.235, gp: 0.433

saving the latest model (epoch 9, total_iters 200000)
[Rank 0] (epoch: 9, iters: 5504, time: 0.001, data: 0.004) , D_A: 0.255, G_A: 0.970, cycle_A: 0.241, D_B: 0.399, G_B: 0.744, cycle_B: 0.235, gp: 0.328

[Rank 0] (epoch: 9, iters: 7104, time: 0.001, data: 0.001) , D_A: 0.291, G_A: 0.987, cycle_A: 0.254, D_B: 0.393, G_B: 0.708, cycle_B: 0.247, gp: 0.359

[Rank 0] (epoch: 9, iters: 8704, time: 0.001, data: 0.001) , D_A: 0.162, G_A: 0.922, cycle_A: 0.258, D_B: 0.377, G_B: 0.786, cycle_B: 0.240, gp: 0.346

[Rank 0] (epoch: 9, iters: 10304, time: 0.001, data: 0.001) , D_A: 0.187, G_A: 0.939, cycle_A: 0.234, D_B: 0.326, G_B: 0.944, cycle_B: 0.300, gp: 0.306

[Rank 0] (epoch: 9, iters: 11904, time: 0.001, data: 0.001) , D_A: 0.221, G_A: 0.950, cycle_A: 0.276, D_B: 0.402, G_B: 0.692, cycle_B: 0.256, gp: 0.374

[Rank 0] (epoch: 9, iters: 13504, time: 0.001, data: 0.001) , D_A: 0.277, G_A: 1.016, cycle_A: 0.291, D_B: 0.367, G_B: 1.232, cycle_B: 0.245, gp: 0.339

[Rank 0] (epoch: 9, iters: 15104, time: 0.001, data: 0.001) , D_A: 0.260, G_A: 1.025, cycle_A: 0.254, D_B: 0.395, G_B: 0.946, cycle_B: 0.252, gp: 0.369

[Rank 0] (epoch: 9, iters: 16704, time: 0.001, data: 0.001) , D_A: 0.219, G_A: 1.003, cycle_A: 0.255, D_B: 0.368, G_B: 0.725, cycle_B: 0.235, gp: 0.328

[Rank 0] (epoch: 9, iters: 18304, time: 0.001, data: 0.001) , D_A: 0.212, G_A: 0.986, cycle_A: 0.254, D_B: 0.352, G_B: 1.075, cycle_B: 0.219, gp: 0.334

[Rank 0] (epoch: 9, iters: 19904, time: 0.001, data: 0.001) , D_A: 0.265, G_A: 0.937, cycle_A: 0.276, D_B: 0.469, G_B: 1.074, cycle_B: 0.235, gp: 0.448

[Rank 0] (epoch: 9, iters: 21504, time: 0.001, data: 0.001) , D_A: 0.225, G_A: 0.990, cycle_A: 0.266, D_B: 0.347, G_B: 1.022, cycle_B: 0.248, gp: 0.329

[Rank 0] (epoch: 9, iters: 23104, time: 0.001, data: 0.001) , D_A: 0.210, G_A: 0.990, cycle_A: 0.250, D_B: 0.331, G_B: 0.880, cycle_B: 0.236, gp: 0.310

learning rate 0.0002000 -> 0.0002000
temperature tau = 0.3720
End of epoch 9 / 50 	 Time Taken: 22 sec
[Rank 0] (epoch: 10, iters: 192, time: 0.001, data: 0.001) , D_A: 0.242, G_A: 0.978, cycle_A: 0.268, D_B: 0.387, G_B: 1.004, cycle_B: 0.244, gp: 0.374

[Rank 0] (epoch: 10, iters: 1792, time: 0.001, data: 0.000) , D_A: 0.170, G_A: 1.077, cycle_A: 0.241, D_B: 0.305, G_B: 1.123, cycle_B: 0.232, gp: 0.282

[Rank 0] (epoch: 10, iters: 3392, time: 0.001, data: 0.001) , D_A: 0.156, G_A: 0.980, cycle_A: 0.237, D_B: 0.270, G_B: 0.785, cycle_B: 0.243, gp: 0.251

[Rank 0] (epoch: 10, iters: 4992, time: 0.001, data: 0.001) , D_A: 0.273, G_A: 0.976, cycle_A: 0.253, D_B: 0.289, G_B: 0.858, cycle_B: 0.243, gp: 0.275

[Rank 0] (epoch: 10, iters: 6592, time: 0.001, data: 0.001) , D_A: 0.217, G_A: 0.960, cycle_A: 0.260, D_B: 0.399, G_B: 1.020, cycle_B: 0.246, gp: 0.388

[Rank 0] (epoch: 10, iters: 8192, time: 0.001, data: 0.001) , D_A: 0.279, G_A: 0.986, cycle_A: 0.256, D_B: 0.351, G_B: 1.038, cycle_B: 0.240, gp: 0.336

[Rank 0] (epoch: 10, iters: 9792, time: 0.001, data: 0.001) , D_A: 0.128, G_A: 0.989, cycle_A: 0.237, D_B: 0.360, G_B: 1.049, cycle_B: 0.236, gp: 0.341

[Rank 0] (epoch: 10, iters: 11392, time: 0.001, data: 0.001) , D_A: 0.244, G_A: 0.992, cycle_A: 0.236, D_B: 0.528, G_B: 0.689, cycle_B: 0.228, gp: 0.459

[Rank 0] (epoch: 10, iters: 12992, time: 0.001, data: 0.001) , D_A: 0.327, G_A: 0.935, cycle_A: 0.229, D_B: 0.399, G_B: 1.282, cycle_B: 0.235, gp: 0.298

[Rank 0] (epoch: 10, iters: 14592, time: 0.001, data: 0.001) , D_A: 0.367, G_A: 1.002, cycle_A: 0.225, D_B: 0.356, G_B: 0.650, cycle_B: 0.247, gp: 0.300

[Rank 0] (epoch: 10, iters: 16192, time: 0.001, data: 0.001) , D_A: 0.290, G_A: 0.832, cycle_A: 0.243, D_B: 0.318, G_B: 0.892, cycle_B: 0.526, gp: 0.288

[Rank 0] (epoch: 10, iters: 17792, time: 0.001, data: 0.001) , D_A: 0.275, G_A: 0.979, cycle_A: 0.271, D_B: 0.459, G_B: 1.056, cycle_B: 0.244, gp: 0.422

--- iter tau=0.3720 ---
  cipher in : kbkeibdmk kbkeblefbdebdfbkebkdebceebd l bkekebkeebkdmmbcebhbhleb
  decrypted : g gea ldgig ge bed le ld ge gle hee libi gege gee gldd he h hbe 
  real plain: e allme ii f f caial ehabiliai eice he machig eieme ae al baed a
  cipher in : ladmbelbhbakmb dldlbaiebilfbkeebhbebdaaefldlbhbakmbedakeblbdbaeb
  decrypted : bald eb h agd ilblb aae abd gee h e laaedblb h agd elage b l ae 
  real plain: ig i called ill e e f he alliace m difficl blem i he mh cme each
[Rank 0] (epoch: 10, iters: 19392, time: 0.001, data: 0.001) , D_A: 0.231, G_A: 0.972, cycle_A: 0.237, D_B: 0.363, G_B: 0.746, cycle_B: 0.243, gp: 0.319

saving the latest model (epoch 10, total_iters 240000)
[Rank 0] (epoch: 10, iters: 20992, time: 0.001, data: 0.001) , D_A: 0.278, G_A: 0.991, cycle_A: 0.244, D_B: 0.413, G_B: 0.625, cycle_B: 0.259, gp: 0.374

[Rank 0] (epoch: 10, iters: 22592, time: 0.001, data: 0.001) , D_A: 0.228, G_A: 1.011, cycle_A: 0.243, D_B: 0.402, G_B: 0.879, cycle_B: 0.238, gp: 0.356

[Rank 0] (epoch: 10, iters: 24192, time: 0.001, data: 0.001) , D_A: 0.243, G_A: 0.961, cycle_A: 0.251, D_B: 0.400, G_B: 1.006, cycle_B: 0.228, gp: 0.378

learning rate 0.0002000 -> 0.0002000
temperature tau = 0.3600
End of epoch 10 / 50 	 Time Taken: 23 sec
[Rank 0] (epoch: 11, iters: 1280, time: 0.001, data: 0.001) , D_A: 0.253, G_A: 0.995, cycle_A: 0.255, D_B: 0.404, G_B: 0.668, cycle_B: 0.235, gp: 0.337

[Rank 0] (epoch: 11, iters: 2880, time: 0.001, data: 0.001) , D_A: 0.135, G_A: 0.987, cycle_A: 0.238, D_B: 0.389, G_B: 0.726, cycle_B: 0.243, gp: 0.353

[Rank 0] (epoch: 11, iters: 4480, time: 0.001, data: 0.001) , D_A: 0.131, G_A: 0.975, cycle_A: 0.256, D_B: 0.362, G_B: 1.189, cycle_B: 0.232, gp: 0.336

[Rank 0] (epoch: 11, iters: 6080, time: 0.001, data: 0.001) , D_A: 0.231, G_A: 0.984, cycle_A: 0.240, D_B: 0.274, G_B: 1.228, cycle_B: 0.233, gp: 0.239

[Rank 0] (epoch: 11, iters: 7680, time: 0.001, data: 0.001) , D_A: 0.203, G_A: 0.930, cycle_A: 0.237, D_B: 0.353, G_B: 0.929, cycle_B: 0.235, gp: 0.333

[Rank 0] (epoch: 11, iters: 9280, time: 0.001, data: 0.001) , D_A: 0.230, G_A: 0.982, cycle_A: 0.240, D_B: 0.313, G_B: 0.905, cycle_B: 0.244, gp: 0.289

[Rank 0] (epoch: 11, iters: 10880, time: 0.001, data: 0.002) , D_A: 0.186, G_A: 1.024, cycle_A: 0.239, D_B: 0.461, G_B: 0.654, cycle_B: 0.243, gp: 0.381

[Rank 0] (epoch: 11, iters: 12480, time: 0.001, data: 0.003) , D_A: 0.199, G_A: 0.961, cycle_A: 0.240, D_B: 0.311, G_B: 0.795, cycle_B: 0.240, gp: 0.276

[Rank 0] (epoch: 11, iters: 14080, time: 0.001, data: 0.001) , D_A: 0.269, G_A: 0.990, cycle_A: 0.236, D_B: 0.337, G_B: 1.104, cycle_B: 0.244, gp: 0.276

[Rank 0] (epoch: 11, iters: 15680, time: 0.001, data: 0.002) , D_A: 0.233, G_A: 0.983, cycle_A: 0.241, D_B: 0.347, G_B: 0.973, cycle_B: 0.251, gp: 0.314

[Rank 0] (epoch: 11, iters: 17280, time: 0.001, data: 0.001) , D_A: 0.235, G_A: 0.972, cycle_A: 0.251, D_B: 0.361, G_B: 0.896, cycle_B: 0.227, gp: 0.339

[Rank 0] (epoch: 11, iters: 18880, time: 0.001, data: 0.001) , D_A: 0.327, G_A: 0.971, cycle_A: 0.255, D_B: 0.314, G_B: 0.987, cycle_B: 0.237, gp: 0.296

[Rank 0] (epoch: 11, iters: 20480, time: 0.001, data: 0.002) , D_A: 0.215, G_A: 0.986, cycle_A: 0.241, D_B: 0.344, G_B: 0.972, cycle_B: 0.244, gp: 0.326

[Rank 0] (epoch: 11, iters: 22080, time: 0.001, data: 0.001) , D_A: 0.244, G_A: 0.926, cycle_A: 0.243, D_B: 0.286, G_B: 1.022, cycle_B: 0.235, gp: 0.268

[Rank 0] (epoch: 11, iters: 23680, time: 0.001, data: 0.001) , D_A: 0.238, G_A: 0.992, cycle_A: 0.240, D_B: 0.232, G_B: 0.831, cycle_B: 0.228, gp: 0.192

learning rate 0.0002000 -> 0.0002000
temperature tau = 0.3484
End of epoch 11 / 50 	 Time Taken: 23 sec
[Rank 0] (epoch: 12, iters: 768, time: 0.001, data: 0.001) , D_A: 0.232, G_A: 1.005, cycle_A: 0.308, D_B: 0.327, G_B: 0.736, cycle_B: 0.231, gp: 0.267

[Rank 0] (epoch: 12, iters: 2368, time: 0.001, data: 0.000) , D_A: 0.194, G_A: 0.981, cycle_A: 0.243, D_B: 0.471, G_B: 0.881, cycle_B: 0.240, gp: 0.411

[Rank 0] (epoch: 12, iters: 3968, time: 0.001, data: 0.002) , D_A: 0.175, G_A: 0.982, cycle_A: 0.234, D_B: 0.517, G_B: 1.014, cycle_B: 0.232, gp: 0.480

[Rank 0] (epoch: 12, iters: 5568, time: 0.001, data: 0.001) , D_A: 0.298, G_A: 0.983, cycle_A: 0.243, D_B: 0.342, G_B: 1.086, cycle_B: 0.234, gp: 0.309

[Rank 0] (epoch: 12, iters: 7168, time: 0.001, data: 0.001) , D_A: 0.210, G_A: 0.943, cycle_A: 0.257, D_B: 0.313, G_B: 1.060, cycle_B: 0.245, gp: 0.280

[Rank 0] (epoch: 12, iters: 8768, time: 0.001, data: 0.001) , D_A: 0.260, G_A: 0.999, cycle_A: 0.251, D_B: 0.415, G_B: 1.171, cycle_B: 0.251, gp: 0.353

--- iter tau=0.3484 ---
  cipher in : eldmbhlefbi lbmlibhblldbdfbhefelajbcmdfbhblemdfbeebedmbhdleblbke
  decrypted : ebld hbed aib dba h bbl ld hedebaa hdld h bedld ee eld hlbe b fe
  real plain: ha ae eihe h ie ael aicle b mehig mida beee he l ma alie h eem a
  cipher in : badblkbdbded ebhbmbehlhkbklblaiebcbiebadmlebkdbkebadbaiebehl edl
  decrypted :  al bf l lelie h d ehbhf fb baae h ae aldbe fl fe al aae ehbielb
  real plain: iche fibe lae hei aeage hicke ca be ke bel ich ad hei ieal le ma
[Rank 0] (epoch: 12, iters: 10368, time: 0.001, data: 0.001) , D_A: 0.238, G_A: 0.979, cycle_A: 0.232, D_B: 0.359, G_B: 0.924, cycle_B: 0.236, gp: 0.330

saving the latest model (epoch 12, total_iters 280000)
[Rank 0] (epoch: 12, iters: 11968, time: 0.001, data: 0.001) , D_A: 0.206, G_A: 1.017, cycle_A: 0.240, D_B: 0.388, G_B: 1.022, cycle_B: 0.246, gp: 0.371

[Rank 0] (epoch: 12, iters: 13568, time: 0.001, data: 0.002) , D_A: 0.186, G_A: 0.972, cycle_A: 0.237, D_B: 0.358, G_B: 0.972, cycle_B: 0.232, gp: 0.341

[Rank 0] (epoch: 12, iters: 15168, time: 0.001, data: 0.001) , D_A: 0.278, G_A: 1.013, cycle_A: 0.223, D_B: 0.314, G_B: 1.057, cycle_B: 0.265, gp: 0.290

[Rank 0] (epoch: 12, iters: 16768, time: 0.001, data: 0.001) , D_A: 0.179, G_A: 0.976, cycle_A: 0.244, D_B: 0.388, G_B: 0.784, cycle_B: 0.230, gp: 0.365

[Rank 0] (epoch: 12, iters: 18368, time: 0.001, data: 0.001) , D_A: 0.244, G_A: 0.980, cycle_A: 0.223, D_B: 0.301, G_B: 0.859, cycle_B: 0.218, gp: 0.284

[Rank 0] (epoch: 12, iters: 19968, time: 0.001, data: 0.001) , D_A: 0.219, G_A: 1.016, cycle_A: 0.242, D_B: 0.310, G_B: 1.141, cycle_B: 0.234, gp: 0.286

[Rank 0] (epoch: 12, iters: 21568, time: 0.001, data: 0.001) , D_A: 0.295, G_A: 0.954, cycle_A: 0.255, D_B: 0.266, G_B: 1.012, cycle_B: 0.238, gp: 0.238

[Rank 0] (epoch: 12, iters: 23168, time: 0.001, data: 0.001) , D_A: 0.219, G_A: 0.936, cycle_A: 0.236, D_B: 0.336, G_B: 0.874, cycle_B: 0.233, gp: 0.315

learning rate 0.0002000 -> 0.0002000
temperature tau = 0.3371
End of epoch 12 / 50 	 Time Taken: 23 sec
[Rank 0] (epoch: 13, iters: 256, time: 0.001, data: 0.001) , D_A: 0.256, G_A: 1.000, cycle_A: 0.260, D_B: 0.493, G_B: 1.360, cycle_B: 0.243, gp: 0.455

[Rank 0] (epoch: 13, iters: 1856, time: 0.001, data: 0.000) , D_A: 0.222, G_A: 1.063, cycle_A: 0.264, D_B: 0.378, G_B: 0.941, cycle_B: 0.228, gp: 0.352

[Rank 0] (epoch: 13, iters: 3456, time: 0.001, data: 0.001) , D_A: 0.268, G_A: 0.983, cycle_A: 0.258, D_B: 0.467, G_B: 1.321, cycle_B: 0.241, gp: 0.438

[Rank 0] (epoch: 13, iters: 5056, time: 0.001, data: 0.001) , D_A: 0.233, G_A: 1.021, cycle_A: 0.257, D_B: 0.476, G_B: 0.625, cycle_B: 0.243, gp: 0.437

[Rank 0] (epoch: 13, iters: 6656, time: 0.001, data: 0.001) , D_A: 0.199, G_A: 1.021, cycle_A: 0.253, D_B: 0.350, G_B: 0.737, cycle_B: 0.249, gp: 0.321

[Rank 0] (epoch: 13, iters: 8256, time: 0.001, data: 0.001) , D_A: 0.249, G_A: 0.984, cycle_A: 0.236, D_B: 0.333, G_B: 0.797, cycle_B: 0.232, gp: 0.310

[Rank 0] (epoch: 13, iters: 9856, time: 0.001, data: 0.001) , D_A: 0.260, G_A: 1.109, cycle_A: 0.246, D_B: 0.289, G_B: 0.910, cycle_B: 0.301, gp: 0.264

[Rank 0] (epoch: 13, iters: 11456, time: 0.001, data: 0.001) , D_A: 0.208, G_A: 0.977, cycle_A: 0.270, D_B: 0.491, G_B: 0.808, cycle_B: 0.226, gp: 0.366

[Rank 0] (epoch: 13, iters: 13056, time: 0.001, data: 0.001) , D_A: 0.224, G_A: 0.952, cycle_A: 0.289, D_B: 0.410, G_B: 1.216, cycle_B: 0.236, gp: 0.377

[Rank 0] (epoch: 13, iters: 14656, time: 0.001, data: 0.001) , D_A: 0.142, G_A: 1.015, cycle_A: 0.261, D_B: 0.332, G_B: 0.801, cycle_B: 0.245, gp: 0.297

[Rank 0] (epoch: 13, iters: 16256, time: 0.001, data: 0.001) , D_A: 0.189, G_A: 1.002, cycle_A: 0.257, D_B: 0.352, G_B: 0.878, cycle_B: 0.247, gp: 0.328

[Rank 0] (epoch: 13, iters: 17856, time: 0.001, data: 0.001) , D_A: 0.238, G_A: 0.993, cycle_A: 0.263, D_B: 0.320, G_B: 1.018, cycle_B: 0.246, gp: 0.302

[Rank 0] (epoch: 13, iters: 19456, time: 0.001, data: 0.001) , D_A: 0.201, G_A: 0.944, cycle_A: 0.270, D_B: 0.414, G_B: 1.125, cycle_B: 0.243, gp: 0.376

[Rank 0] (epoch: 13, iters: 21056, time: 0.001, data: 0.001) , D_A: 0.266, G_A: 1.017, cycle_A: 0.265, D_B: 0.289, G_B: 0.960, cycle_B: 0.247, gp: 0.277

[Rank 0] (epoch: 13, iters: 22656, time: 0.001, data: 0.001) , D_A: 0.247, G_A: 0.985, cycle_A: 0.273, D_B: 0.321, G_B: 0.970, cycle_B: 0.237, gp: 0.305

[Rank 0] (epoch: 13, iters: 24256, time: 0.001, data: 0.001) , D_A: 0.272, G_A: 0.998, cycle_A: 0.262, D_B: 0.286, G_B: 0.912, cycle_B: 0.230, gp: 0.270

learning rate 0.0002000 -> 0.0002000
temperature tau = 0.3262
End of epoch 13 / 50 	 Time Taken: 23 sec
--- iter tau=0.3262 ---
  cipher in : el bkebedlbhb eieblbdlbdbhbkebmfblbkdebhembkdblbidbldlbkeebmlale
  decrypted : ebi fe ecb h ieae b cb c h fe dd b fce hed fc b ac bcb fee dbabe
  real plain:  a ameded heeiafe efeed a he ac ad f admiiaie eee f he eim bak f
  cipher in : lad ebflkedebelkebkcdfblhebkebheebeefbakeajbdfbflalmlebkliemhbke
  decrypted : bacie dbfece ebfe fhcd bhe fe hee eed afeaa cd dbabdbe fbaedh fe
  real plain: i e he f a immiga iih laee i he h ide lile hell cle b he icilia 
[Rank 0] (epoch: 14, iters: 1344, time: 0.001, data: 0.001) , D_A: 0.199, G_A: 0.984, cycle_A: 0.255, D_B: 0.441, G_B: 0.603, cycle_B: 0.232, gp: 0.361

saving the latest model (epoch 14, total_iters 320000)
[Rank 0] (epoch: 14, iters: 2944, time: 0.001, data: 0.001) , D_A: 0.148, G_A: 1.018, cycle_A: 0.273, D_B: 0.289, G_B: 0.891, cycle_B: 0.242, gp: 0.274

[Rank 0] (epoch: 14, iters: 4544, time: 0.001, data: 0.001) , D_A: 0.258, G_A: 0.923, cycle_A: 0.266, D_B: 0.301, G_B: 1.029, cycle_B: 0.232, gp: 0.292

[Rank 0] (epoch: 14, iters: 6144, time: 0.001, data: 0.001) , D_A: 0.195, G_A: 1.003, cycle_A: 0.234, D_B: 0.346, G_B: 1.004, cycle_B: 0.232, gp: 0.335

[Rank 0] (epoch: 14, iters: 7744, time: 0.001, data: 0.001) , D_A: 0.211, G_A: 0.986, cycle_A: 0.257, D_B: 0.340, G_B: 0.766, cycle_B: 0.239, gp: 0.321

[Rank 0] (epoch: 14, iters: 9344, time: 0.001, data: 0.001) , D_A: 0.204, G_A: 1.002, cycle_A: 0.218, D_B: 0.418, G_B: 1.075, cycle_B: 0.245, gp: 0.384

[Rank 0] (epoch: 14, iters: 10944, time: 0.001, data: 0.001) , D_A: 0.300, G_A: 1.024, cycle_A: 0.226, D_B: 0.346, G_B: 1.164, cycle_B: 0.242, gp: 0.318

[Rank 0] (epoch: 14, iters: 12544, time: 0.001, data: 0.001) , D_A: 0.259, G_A: 0.999, cycle_A: 0.333, D_B: 0.538, G_B: 0.656, cycle_B: 0.239, gp: 0.471

[Rank 0] (epoch: 14, iters: 14144, time: 0.001, data: 0.001) , D_A: 0.186, G_A: 0.976, cycle_A: 0.226, D_B: 0.385, G_B: 0.866, cycle_B: 0.244, gp: 0.350

[Rank 0] (epoch: 14, iters: 15744, time: 0.001, data: 0.001) , D_A: 0.232, G_A: 1.025, cycle_A: 0.226, D_B: 0.307, G_B: 0.799, cycle_B: 0.250, gp: 0.268

[Rank 0] (epoch: 14, iters: 17344, time: 0.001, data: 0.001) , D_A: 0.260, G_A: 0.976, cycle_A: 0.243, D_B: 0.344, G_B: 1.003, cycle_B: 0.227, gp: 0.329

[Rank 0] (epoch: 14, iters: 18944, time: 0.001, data: 0.001) , D_A: 0.178, G_A: 0.996, cycle_A: 0.217, D_B: 0.295, G_B: 1.089, cycle_B: 0.237, gp: 0.264

[Rank 0] (epoch: 14, iters: 20544, time: 0.001, data: 0.001) , D_A: 0.268, G_A: 0.974, cycle_A: 0.222, D_B: 0.303, G_B: 0.872, cycle_B: 0.233, gp: 0.283

[Rank 0] (epoch: 14, iters: 22144, time: 0.001, data: 0.001) , D_A: 0.176, G_A: 0.898, cycle_A: 0.249, D_B: 0.447, G_B: 1.239, cycle_B: 0.237, gp: 0.393

[Rank 0] (epoch: 14, iters: 23744, time: 0.001, data: 0.001) , D_A: 0.198, G_A: 0.961, cycle_A: 0.245, D_B: 0.391, G_B: 0.703, cycle_B: 0.228, gp: 0.331

learning rate 0.0002000 -> 0.0002000
temperature tau = 0.3157
End of epoch 14 / 50 	 Time Taken: 23 sec
[Rank 0] (epoch: 15, iters: 832, time: 0.001, data: 0.001) , D_A: 0.213, G_A: 0.923, cycle_A: 0.228, D_B: 0.392, G_B: 0.896, cycle_B: 0.232, gp: 0.365

[Rank 0] (epoch: 15, iters: 2432, time: 0.001, data: 0.000) , D_A: 0.258, G_A: 0.956, cycle_A: 0.237, D_B: 0.286, G_B: 1.203, cycle_B: 0.240, gp: 0.257

[Rank 0] (epoch: 15, iters: 4032, time: 0.001, data: 0.002) , D_A: 0.234, G_A: 0.945, cycle_A: 0.247, D_B: 0.414, G_B: 1.211, cycle_B: 0.234, gp: 0.383

[Rank 0] (epoch: 15, iters: 5632, time: 0.001, data: 0.001) , D_A: 0.215, G_A: 0.983, cycle_A: 0.232, D_B: 0.245, G_B: 1.021, cycle_B: 0.232, gp: 0.223

[Rank 0] (epoch: 15, iters: 7232, time: 0.001, data: 0.003) , D_A: 0.228, G_A: 0.952, cycle_A: 0.243, D_B: 0.480, G_B: 0.519, cycle_B: 0.237, gp: 0.416

[Rank 0] (epoch: 15, iters: 8832, time: 0.001, data: 0.001) , D_A: 0.268, G_A: 1.022, cycle_A: 0.231, D_B: 0.354, G_B: 0.953, cycle_B: 0.253, gp: 0.336

[Rank 0] (epoch: 15, iters: 10432, time: 0.001, data: 0.001) , D_A: 0.248, G_A: 0.971, cycle_A: 0.232, D_B: 0.319, G_B: 1.182, cycle_B: 0.236, gp: 0.278

[Rank 0] (epoch: 15, iters: 12032, time: 0.001, data: 0.001) , D_A: 0.232, G_A: 0.971, cycle_A: 0.235, D_B: 0.316, G_B: 1.072, cycle_B: 0.251, gp: 0.289

[Rank 0] (epoch: 15, iters: 13632, time: 0.001, data: 0.001) , D_A: 0.265, G_A: 0.915, cycle_A: 0.239, D_B: 0.333, G_B: 0.932, cycle_B: 0.232, gp: 0.307

[Rank 0] (epoch: 15, iters: 15232, time: 0.001, data: 0.001) , D_A: 0.223, G_A: 1.007, cycle_A: 0.219, D_B: 0.251, G_B: 1.014, cycle_B: 0.250, gp: 0.230

--- iter tau=0.3157 ---
  cipher in : bfldbeebhblimlalblbkebmeidlabkeblimebkdbkebaeladbkebmdebelefbg  
  decrypted :  dbl ee h badbab b fe dealba fe bade fl fe aebal fe dle ebed hii
  real plain: el aid ha chl ad agge ccied m f he bildig e eeed e hee he f d d 
  cipher in : eblbkebefbladbdfbcdebmiefbhbkebeeedldmbdfblbmfbeeibkebflfbfemlce
  decrypted : e b fe ed bal ld hle daed h fe eeelbld ld b dd eea fe dbd dedbhe
  real plain: he ieiabl ad m f i faable adelia a he gd e if ala gd le feel eme
[Rank 0] (epoch: 15, iters: 16832, time: 0.001, data: 0.001) , D_A: 0.191, G_A: 1.048, cycle_A: 0.230, D_B: 0.420, G_B: 0.436, cycle_B: 0.229, gp: 0.316

saving the latest model (epoch 15, total_iters 360000)
[Rank 0] (epoch: 15, iters: 18432, time: 0.001, data: 0.001) , D_A: 0.312, G_A: 0.947, cycle_A: 0.224, D_B: 0.353, G_B: 0.914, cycle_B: 0.218, gp: 0.328

[Rank 0] (epoch: 15, iters: 20032, time: 0.001, data: 0.001) , D_A: 0.200, G_A: 1.054, cycle_A: 0.226, D_B: 0.284, G_B: 1.284, cycle_B: 0.242, gp: 0.230

[Rank 0] (epoch: 15, iters: 21632, time: 0.001, data: 0.001) , D_A: 0.219, G_A: 0.922, cycle_A: 0.226, D_B: 0.293, G_B: 1.015, cycle_B: 0.236, gp: 0.275

[Rank 0] (epoch: 15, iters: 23232, time: 0.001, data: 0.001) , D_A: 0.262, G_A: 0.977, cycle_A: 0.227, D_B: 0.343, G_B: 0.886, cycle_B: 0.233, gp: 0.325

learning rate 0.0002000 -> 0.0002000
temperature tau = 0.3055
End of epoch 15 / 50 	 Time Taken: 23 sec
[Rank 0] (epoch: 16, iters: 320, time: 0.001, data: 0.001) , D_A: 0.212, G_A: 1.005, cycle_A: 0.223, D_B: 0.361, G_B: 0.960, cycle_B: 0.242, gp: 0.342

[Rank 0] (epoch: 16, iters: 1920, time: 0.001, data: 0.000) , D_A: 0.168, G_A: 0.990, cycle_A: 0.223, D_B: 0.386, G_B: 0.801, cycle_B: 0.227, gp: 0.366

[Rank 0] (epoch: 16, iters: 3520, time: 0.001, data: 0.001) , D_A: 0.270, G_A: 0.977, cycle_A: 0.237, D_B: 0.434, G_B: 1.431, cycle_B: 0.241, gp: 0.372

[Rank 0] (epoch: 16, iters: 5120, time: 0.001, data: 0.002) , D_A: 0.254, G_A: 1.044, cycle_A: 0.235, D_B: 0.356, G_B: 0.961, cycle_B: 0.244, gp: 0.329

[Rank 0] (epoch: 16, iters: 6720, time: 0.001, data: 0.001) , D_A: 0.283, G_A: 0.965, cycle_A: 0.244, D_B: 0.391, G_B: 0.888, cycle_B: 0.245, gp: 0.370

[Rank 0] (epoch: 16, iters: 8320, time: 0.001, data: 0.001) , D_A: 0.339, G_A: 1.438, cycle_A: 0.235, D_B: 0.341, G_B: 0.919, cycle_B: 0.294, gp: 0.323

[Rank 0] (epoch: 16, iters: 9920, time: 0.001, data: 0.002) , D_A: 0.263, G_A: 0.983, cycle_A: 0.246, D_B: 0.313, G_B: 1.073, cycle_B: 0.238, gp: 0.279

[Rank 0] (epoch: 16, iters: 11520, time: 0.001, data: 0.001) , D_A: 0.163, G_A: 0.962, cycle_A: 0.242, D_B: 0.250, G_B: 1.012, cycle_B: 0.225, gp: 0.235

[Rank 0] (epoch: 16, iters: 13120, time: 0.001, data: 0.002) , D_A: 0.263, G_A: 0.771, cycle_A: 0.222, D_B: 0.293, G_B: 1.087, cycle_B: 0.235, gp: 0.275

[Rank 0] (epoch: 16, iters: 14720, time: 0.001, data: 0.001) , D_A: 0.236, G_A: 0.995, cycle_A: 0.245, D_B: 0.299, G_B: 0.812, cycle_B: 0.245, gp: 0.271

[Rank 0] (epoch: 16, iters: 16320, time: 0.001, data: 0.003) , D_A: 0.206, G_A: 0.957, cycle_A: 0.234, D_B: 0.293, G_B: 1.018, cycle_B: 0.246, gp: 0.282

[Rank 0] (epoch: 16, iters: 17920, time: 0.001, data: 0.001) , D_A: 0.194, G_A: 1.009, cycle_A: 0.212, D_B: 0.315, G_B: 0.930, cycle_B: 0.245, gp: 0.303

[Rank 0] (epoch: 16, iters: 19520, time: 0.001, data: 0.001) , D_A: 0.203, G_A: 0.936, cycle_A: 0.221, D_B: 0.339, G_B: 0.832, cycle_B: 0.232, gp: 0.318

[Rank 0] (epoch: 16, iters: 21120, time: 0.001, data: 0.003) , D_A: 0.158, G_A: 0.984, cycle_A: 0.221, D_B: 0.263, G_B: 0.928, cycle_B: 0.249, gp: 0.243

[Rank 0] (epoch: 16, iters: 22720, time: 0.001, data: 0.001) , D_A: 0.315, G_A: 1.010, cycle_A: 0.228, D_B: 0.406, G_B: 1.178, cycle_B: 0.233, gp: 0.368

[Rank 0] (epoch: 16, iters: 24320, time: 0.001, data: 0.001) , D_A: 0.171, G_A: 1.004, cycle_A: 0.216, D_B: 0.384, G_B: 0.792, cycle_B: 0.228, gp: 0.340

learning rate 0.0002000 -> 0.0002000
temperature tau = 0.2956
End of epoch 16 / 50 	 Time Taken: 23 sec
[Rank 0] (epoch: 17, iters: 1408, time: 0.001, data: 0.001) , D_A: 0.171, G_A: 0.969, cycle_A: 0.227, D_B: 0.338, G_B: 0.696, cycle_B: 0.238, gp: 0.277

[Rank 0] (epoch: 17, iters: 3008, time: 0.001, data: 0.001) , D_A: 0.172, G_A: 0.996, cycle_A: 0.247, D_B: 0.313, G_B: 0.625, cycle_B: 0.241, gp: 0.247

[Rank 0] (epoch: 17, iters: 4608, time: 0.001, data: 0.001) , D_A: 0.204, G_A: 0.981, cycle_A: 0.224, D_B: 0.326, G_B: 0.890, cycle_B: 0.232, gp: 0.297

[Rank 0] (epoch: 17, iters: 6208, time: 0.001, data: 0.001) , D_A: 0.146, G_A: 0.901, cycle_A: 0.241, D_B: 0.280, G_B: 1.012, cycle_B: 0.248, gp: 0.244

--- iter tau=0.2956 ---
  cipher in : blelebkdebmefbedakbhbkeibdbebdealdlbhbkebcmeibahl bkebkebkebdebj
  decrypted :  bebe fle ded elaf h fea l e leablb h fe hdea ahbi fe fe fe le a
  real plain:  he ee heaig he beah efaced fm i he face cle ad chig a ime he gh
  cipher in : kbkeb debklmebkebeebmfbkdbkeebeebiebidmbemebkbedaefbflhheembkdbk
  decrypted : f fe ile fbde fe ee dd fl fee ee ae ald ede f elaed dbhheed fl f
  real plain:  f gde ake emcee jack hebe ii dick i camaig lga f ge f califia i
[Rank 0] (epoch: 17, iters: 7808, time: 0.001, data: 0.001) , D_A: 0.228, G_A: 1.000, cycle_A: 0.231, D_B: 0.313, G_B: 1.000, cycle_B: 0.236, gp: 0.289

saving the latest model (epoch 17, total_iters 400000)
[Rank 0] (epoch: 17, iters: 9408, time: 0.001, data: 0.001) , D_A: 0.270, G_A: 0.903, cycle_A: 0.233, D_B: 0.375, G_B: 0.654, cycle_B: 0.242, gp: 0.336

[Rank 0] (epoch: 17, iters: 11008, time: 0.001, data: 0.001) , D_A: 0.201, G_A: 0.959, cycle_A: 0.226, D_B: 0.336, G_B: 0.843, cycle_B: 0.246, gp: 0.295

[Rank 0] (epoch: 17, iters: 12608, time: 0.001, data: 0.001) , D_A: 0.157, G_A: 0.939, cycle_A: 0.234, D_B: 0.345, G_B: 1.030, cycle_B: 0.238, gp: 0.311

[Rank 0] (epoch: 17, iters: 14208, time: 0.001, data: 0.001) , D_A: 0.209, G_A: 0.986, cycle_A: 0.213, D_B: 0.390, G_B: 1.133, cycle_B: 0.244, gp: 0.347

[Rank 0] (epoch: 17, iters: 15808, time: 0.001, data: 0.001) , D_A: 0.239, G_A: 1.018, cycle_A: 0.217, D_B: 0.266, G_B: 0.992, cycle_B: 0.251, gp: 0.248

[Rank 0] (epoch: 17, iters: 17408, time: 0.001, data: 0.001) , D_A: 0.115, G_A: 0.982, cycle_A: 0.237, D_B: 0.351, G_B: 0.969, cycle_B: 0.226, gp: 0.329

[Rank 0] (epoch: 17, iters: 19008, time: 0.001, data: 0.001) , D_A: 0.170, G_A: 0.975, cycle_A: 0.216, D_B: 0.269, G_B: 0.790, cycle_B: 0.243, gp: 0.237

[Rank 0] (epoch: 17, iters: 20608, time: 0.001, data: 0.001) , D_A: 0.302, G_A: 0.939, cycle_A: 0.228, D_B: 0.418, G_B: 0.975, cycle_B: 0.233, gp: 0.396

[Rank 0] (epoch: 17, iters: 22208, time: 0.001, data: 0.001) , D_A: 0.318, G_A: 1.004, cycle_A: 0.238, D_B: 0.360, G_B: 1.042, cycle_B: 0.237, gp: 0.335

[Rank 0] (epoch: 17, iters: 23808, time: 0.001, data: 0.001) , D_A: 0.209, G_A: 1.014, cycle_A: 0.218, D_B: 0.229, G_B: 0.854, cycle_B: 0.227, gp: 0.202

learning rate 0.0002000 -> 0.0002000
temperature tau = 0.2861
End of epoch 17 / 50 	 Time Taken: 23 sec
[Rank 0] (epoch: 18, iters: 896, time: 0.001, data: 0.001) , D_A: 0.200, G_A: 0.992, cycle_A: 0.224, D_B: 0.348, G_B: 0.972, cycle_B: 0.229, gp: 0.332

[Rank 0] (epoch: 18, iters: 2496, time: 0.001, data: 0.000) , D_A: 0.147, G_A: 0.980, cycle_A: 0.229, D_B: 0.235, G_B: 1.005, cycle_B: 0.240, gp: 0.220

[Rank 0] (epoch: 18, iters: 4096, time: 0.001, data: 0.001) , D_A: 0.201, G_A: 0.993, cycle_A: 0.219, D_B: 0.378, G_B: 0.820, cycle_B: 0.232, gp: 0.338

[Rank 0] (epoch: 18, iters: 5696, time: 0.001, data: 0.001) , D_A: 0.286, G_A: 1.017, cycle_A: 0.226, D_B: 0.282, G_B: 0.868, cycle_B: 0.232, gp: 0.262

[Rank 0] (epoch: 18, iters: 7296, time: 0.001, data: 0.001) , D_A: 1.016, G_A: 0.987, cycle_A: 0.236, D_B: 0.349, G_B: 1.113, cycle_B: 0.248, gp: 0.333

[Rank 0] (epoch: 18, iters: 8896, time: 0.001, data: 0.001) , D_A: 0.173, G_A: 0.980, cycle_A: 0.233, D_B: 0.279, G_B: 0.743, cycle_B: 0.249, gp: 0.247

[Rank 0] (epoch: 18, iters: 10496, time: 0.001, data: 0.001) , D_A: 0.335, G_A: 0.973, cycle_A: 0.232, D_B: 0.369, G_B: 0.942, cycle_B: 0.234, gp: 0.338

[Rank 0] (epoch: 18, iters: 12096, time: 0.001, data: 0.001) , D_A: 0.251, G_A: 0.957, cycle_A: 0.226, D_B: 0.287, G_B: 0.855, cycle_B: 0.247, gp: 0.271

[Rank 0] (epoch: 18, iters: 13696, time: 0.001, data: 0.001) , D_A: 0.233, G_A: 1.003, cycle_A: 0.229, D_B: 0.292, G_B: 0.992, cycle_B: 0.233, gp: 0.274

[Rank 0] (epoch: 18, iters: 15296, time: 0.001, data: 0.001) , D_A: 0.222, G_A: 1.062, cycle_A: 0.243, D_B: 0.231, G_B: 0.964, cycle_B: 0.260, gp: 0.209

[Rank 0] (epoch: 18, iters: 16896, time: 0.001, data: 0.001) , D_A: 0.304, G_A: 0.956, cycle_A: 0.235, D_B: 0.313, G_B: 1.149, cycle_B: 0.230, gp: 0.280

[Rank 0] (epoch: 18, iters: 18496, time: 0.001, data: 0.001) , D_A: 0.200, G_A: 0.972, cycle_A: 0.241, D_B: 0.466, G_B: 1.266, cycle_B: 0.235, gp: 0.438

[Rank 0] (epoch: 18, iters: 20096, time: 0.001, data: 0.001) , D_A: 0.185, G_A: 0.980, cycle_A: 0.238, D_B: 0.344, G_B: 0.917, cycle_B: 0.238, gp: 0.327

[Rank 0] (epoch: 18, iters: 21696, time: 0.001, data: 0.001) , D_A: 0.307, G_A: 1.001, cycle_A: 0.220, D_B: 0.313, G_B: 0.936, cycle_B: 0.235, gp: 0.287

--- iter tau=0.2861 ---
  cipher in : ebeeldmmbidmblhladlbhbkebag deblbdeil bliebealhlalbhbdll bkebhme
  decrypted : e eebldd ald bhbalb h ge ahile b leabi bae eabhbab h lbbi ge hde
  real plain:  i he i i f iee becae i ced ghl he ligh emii f ceial a flece cee
  cipher in : eebedbd blbceadieblcmebhldaebdbcdlmmebefllbhbcmlfbedfebk kbkeebe
  decrypted : ee el li b healae bhde hblae l hlbdde edbb h hdbd elde gig gee e
  real plain: kahaie ad k i a ice h mehee a a lile me me he cld hae eie clhe a
[Rank 0] (epoch: 18, iters: 23296, time: 0.001, data: 0.001) , D_A: 0.258, G_A: 0.990, cycle_A: 0.259, D_B: 0.396, G_B: 0.862, cycle_B: 0.233, gp: 0.323

saving the latest model (epoch 18, total_iters 440000)
learning rate 0.0002000 -> 0.0002000
temperature tau = 0.2768
End of epoch 18 / 50 	 Time Taken: 23 sec
[Rank 0] (epoch: 19, iters: 384, time: 0.001, data: 0.004) , D_A: 0.208, G_A: 0.993, cycle_A: 0.250, D_B: 0.291, G_B: 0.887, cycle_B: 0.241, gp: 0.261

[Rank 0] (epoch: 19, iters: 1984, time: 0.001, data: 0.000) , D_A: 0.255, G_A: 0.984, cycle_A: 0.221, D_B: 0.230, G_B: 1.002, cycle_B: 0.227, gp: 0.207

[Rank 0] (epoch: 19, iters: 3584, time: 0.001, data: 0.001) , D_A: 0.100, G_A: 0.920, cycle_A: 0.224, D_B: 0.325, G_B: 0.632, cycle_B: 0.243, gp: 0.244

[Rank 0] (epoch: 19, iters: 5184, time: 0.001, data: 0.001) , D_A: 0.275, G_A: 0.992, cycle_A: 0.205, D_B: 0.292, G_B: 0.915, cycle_B: 0.233, gp: 0.272

[Rank 0] (epoch: 19, iters: 6784, time: 0.001, data: 0.002) , D_A: 0.257, G_A: 0.971, cycle_A: 0.226, D_B: 0.326, G_B: 0.908, cycle_B: 0.244, gp: 0.304

[Rank 0] (epoch: 19, iters: 8384, time: 0.001, data: 0.003) , D_A: 0.196, G_A: 1.038, cycle_A: 0.223, D_B: 0.313, G_B: 1.111, cycle_B: 0.232, gp: 0.293

[Rank 0] (epoch: 19, iters: 9984, time: 0.001, data: 0.002) , D_A: 0.212, G_A: 0.984, cycle_A: 0.224, D_B: 0.556, G_B: 1.215, cycle_B: 0.238, gp: 0.481

[Rank 0] (epoch: 19, iters: 11584, time: 0.001, data: 0.001) , D_A: 0.186, G_A: 0.940, cycle_A: 0.220, D_B: 0.406, G_B: 0.741, cycle_B: 0.225, gp: 0.379

[Rank 0] (epoch: 19, iters: 13184, time: 0.001, data: 0.001) , D_A: 0.140, G_A: 0.991, cycle_A: 0.223, D_B: 0.399, G_B: 0.699, cycle_B: 0.235, gp: 0.301

[Rank 0] (epoch: 19, iters: 14784, time: 0.001, data: 0.001) , D_A: 0.221, G_A: 0.980, cycle_A: 0.231, D_B: 0.327, G_B: 0.950, cycle_B: 0.245, gp: 0.306

[Rank 0] (epoch: 19, iters: 16384, time: 0.001, data: 0.001) , D_A: 0.189, G_A: 0.983, cycle_A: 0.234, D_B: 0.359, G_B: 0.833, cycle_B: 0.246, gp: 0.333

[Rank 0] (epoch: 19, iters: 17984, time: 0.001, data: 0.001) , D_A: 0.228, G_A: 0.980, cycle_A: 0.234, D_B: 0.282, G_B: 0.929, cycle_B: 0.221, gp: 0.258

[Rank 0] (epoch: 19, iters: 19584, time: 0.001, data: 0.001) , D_A: 0.194, G_A: 0.925, cycle_A: 0.237, D_B: 0.281, G_B: 1.138, cycle_B: 0.231, gp: 0.258

[Rank 0] (epoch: 19, iters: 21184, time: 0.001, data: 0.001) , D_A: 0.191, G_A: 0.974, cycle_A: 0.237, D_B: 0.283, G_B: 1.067, cycle_B: 0.248, gp: 0.265

[Rank 0] (epoch: 19, iters: 22784, time: 0.001, data: 0.002) , D_A: 0.161, G_A: 0.976, cycle_A: 0.234, D_B: 0.246, G_B: 0.726, cycle_B: 0.236, gp: 0.209

[Rank 0] (epoch: 19, iters: 24384, time: 0.001, data: 0.001) , D_A: 0.234, G_A: 0.999, cycle_A: 0.229, D_B: 0.304, G_B: 1.014, cycle_B: 0.228, gp: 0.293

learning rate 0.0002000 -> 0.0002000
temperature tau = 0.2679
End of epoch 19 / 50 	 Time Taken: 23 sec
[Rank 0] (epoch: 20, iters: 1472, time: 0.001, data: 0.001) , D_A: 0.174, G_A: 0.981, cycle_A: 0.215, D_B: 0.293, G_B: 0.874, cycle_B: 0.232, gp: 0.279

[Rank 0] (epoch: 20, iters: 3072, time: 0.001, data: 0.001) , D_A: 0.211, G_A: 1.020, cycle_A: 0.234, D_B: 0.423, G_B: 0.530, cycle_B: 0.241, gp: 0.361

[Rank 0] (epoch: 20, iters: 4672, time: 0.001, data: 0.001) , D_A: 0.209, G_A: 0.987, cycle_A: 0.218, D_B: 0.412, G_B: 1.078, cycle_B: 0.246, gp: 0.389

[Rank 0] (epoch: 20, iters: 6272, time: 0.001, data: 0.001) , D_A: 0.129, G_A: 0.985, cycle_A: 0.217, D_B: 0.323, G_B: 0.924, cycle_B: 0.246, gp: 0.297

[Rank 0] (epoch: 20, iters: 7872, time: 0.001, data: 0.001) , D_A: 0.211, G_A: 0.897, cycle_A: 0.232, D_B: 0.344, G_B: 1.285, cycle_B: 0.238, gp: 0.288

[Rank 0] (epoch: 20, iters: 9472, time: 0.001, data: 0.001) , D_A: 0.173, G_A: 1.040, cycle_A: 0.207, D_B: 0.232, G_B: 0.883, cycle_B: 0.242, gp: 0.214

[Rank 0] (epoch: 20, iters: 11072, time: 0.001, data: 0.001) , D_A: 0.271, G_A: 0.919, cycle_A: 0.226, D_B: 0.387, G_B: 0.772, cycle_B: 0.265, gp: 0.354

[Rank 0] (epoch: 20, iters: 12672, time: 0.001, data: 0.001) , D_A: 0.174, G_A: 0.994, cycle_A: 0.216, D_B: 0.336, G_B: 1.091, cycle_B: 0.237, gp: 0.320

--- iter tau=0.2679 ---
  cipher in : blfefb blbhhlalembmd ebhlmmbdbde ebmlilebkebheebhbkebedmbhbakdhh
  decrypted :  bded i b hhbabed dlie hbdd l leie dbabe ge hee h ge eld h aglhh
  real plain:  ce make e de ab ma hig gd fgie me f eehig i ca mch dam amaeme a
  cipher in : bdfbcl kbdfblbdbdblhbkebcfbkemfbdbhlebhblbdfbkebambadiebk kbkdbd
  decrypted :  ld hbig ld b l l bh ge hd gedd l hbe h b ld ge ad alae gig gl l
  real plain: eelle ad ee badl bheed b iec b m ee aeed a e d achig he abigie i
[Rank 0] (epoch: 20, iters: 14272, time: 0.001, data: 0.001) , D_A: 0.123, G_A: 0.965, cycle_A: 0.211, D_B: 0.249, G_B: 0.881, cycle_B: 0.244, gp: 0.233

saving the latest model (epoch 20, total_iters 480000)
[Rank 0] (epoch: 20, iters: 15872, time: 0.001, data: 0.001) , D_A: 0.194, G_A: 0.975, cycle_A: 0.211, D_B: 0.153, G_B: 0.842, cycle_B: 0.250, gp: 0.138

[Rank 0] (epoch: 20, iters: 17472, time: 0.001, data: 0.001) , D_A: 0.151, G_A: 1.005, cycle_A: 0.225, D_B: 0.233, G_B: 1.019, cycle_B: 0.245, gp: 0.219

[Rank 0] (epoch: 20, iters: 19072, time: 0.001, data: 0.001) , D_A: 0.199, G_A: 0.989, cycle_A: 0.227, D_B: 0.269, G_B: 1.197, cycle_B: 0.243, gp: 0.237

[Rank 0] (epoch: 20, iters: 20672, time: 0.001, data: 0.001) , D_A: 0.224, G_A: 0.955, cycle_A: 0.222, D_B: 0.429, G_B: 0.993, cycle_B: 0.232, gp: 0.410

[Rank 0] (epoch: 20, iters: 22272, time: 0.001, data: 0.002) , D_A: 0.188, G_A: 1.018, cycle_A: 0.236, D_B: 0.386, G_B: 0.856, cycle_B: 0.236, gp: 0.356

[Rank 0] (epoch: 20, iters: 23872, time: 0.001, data: 0.001) , D_A: 0.335, G_A: 0.963, cycle_A: 0.213, D_B: 0.330, G_B: 0.885, cycle_B: 0.228, gp: 0.318

learning rate 0.0002000 -> 0.0002000
temperature tau = 0.2592
End of epoch 20 / 50 	 Time Taken: 23 sec
[Rank 0] (epoch: 21, iters: 960, time: 0.001, data: 0.001) , D_A: 0.185, G_A: 1.008, cycle_A: 0.215, D_B: 0.278, G_B: 1.126, cycle_B: 0.231, gp: 0.255

[Rank 0] (epoch: 21, iters: 2560, time: 0.001, data: 0.001) , D_A: 0.193, G_A: 0.974, cycle_A: 0.234, D_B: 0.290, G_B: 0.967, cycle_B: 0.239, gp: 0.275

[Rank 0] (epoch: 21, iters: 4160, time: 0.001, data: 0.002) , D_A: 0.363, G_A: 0.982, cycle_A: 0.242, D_B: 0.343, G_B: 0.974, cycle_B: 0.232, gp: 0.318

[Rank 0] (epoch: 21, iters: 5760, time: 0.001, data: 0.001) , D_A: 0.115, G_A: 0.943, cycle_A: 0.226, D_B: 0.197, G_B: 0.969, cycle_B: 0.232, gp: 0.181

[Rank 0] (epoch: 21, iters: 7360, time: 0.001, data: 0.001) , D_A: 0.209, G_A: 0.997, cycle_A: 0.219, D_B: 0.342, G_B: 0.891, cycle_B: 0.236, gp: 0.318

[Rank 0] (epoch: 21, iters: 8960, time: 0.001, data: 0.001) , D_A: 0.197, G_A: 0.967, cycle_A: 0.207, D_B: 0.280, G_B: 1.038, cycle_B: 0.250, gp: 0.268

[Rank 0] (epoch: 21, iters: 10560, time: 0.001, data: 0.001) , D_A: 0.327, G_A: 0.945, cycle_A: 0.211, D_B: 0.365, G_B: 1.212, cycle_B: 0.235, gp: 0.342

[Rank 0] (epoch: 21, iters: 12160, time: 0.001, data: 0.001) , D_A: 0.231, G_A: 0.986, cycle_A: 0.215, D_B: 0.296, G_B: 0.930, cycle_B: 0.247, gp: 0.276

[Rank 0] (epoch: 21, iters: 13760, time: 0.001, data: 0.001) , D_A: 0.252, G_A: 0.987, cycle_A: 0.219, D_B: 0.306, G_B: 0.912, cycle_B: 0.234, gp: 0.293

[Rank 0] (epoch: 21, iters: 15360, time: 0.001, data: 0.001) , D_A: 0.184, G_A: 0.983, cycle_A: 0.219, D_B: 0.321, G_B: 0.969, cycle_B: 0.249, gp: 0.308

[Rank 0] (epoch: 21, iters: 16960, time: 0.001, data: 0.001) , D_A: 0.172, G_A: 0.937, cycle_A: 0.228, D_B: 0.301, G_B: 0.746, cycle_B: 0.228, gp: 0.264

[Rank 0] (epoch: 21, iters: 18560, time: 0.001, data: 0.001) , D_A: 0.170, G_A: 1.023, cycle_A: 0.206, D_B: 0.397, G_B: 0.853, cycle_B: 0.235, gp: 0.355

[Rank 0] (epoch: 21, iters: 20160, time: 0.001, data: 0.001) , D_A: 0.262, G_A: 0.957, cycle_A: 0.213, D_B: 0.357, G_B: 0.857, cycle_B: 0.242, gp: 0.341

[Rank 0] (epoch: 21, iters: 21760, time: 0.001, data: 0.001) , D_A: 0.152, G_A: 1.012, cycle_A: 0.242, D_B: 0.300, G_B: 0.760, cycle_B: 0.236, gp: 0.268

[Rank 0] (epoch: 21, iters: 23360, time: 0.001, data: 0.001) , D_A: 0.157, G_A: 0.975, cycle_A: 0.223, D_B: 0.332, G_B: 0.758, cycle_B: 0.233, gp: 0.293

learning rate 0.0002000 -> 0.0002000
temperature tau = 0.2508
End of epoch 21 / 50 	 Time Taken: 23 sec
[Rank 0] (epoch: 22, iters: 448, time: 0.001, data: 0.001) , D_A: 0.132, G_A: 0.993, cycle_A: 0.224, D_B: 0.217, G_B: 0.974, cycle_B: 0.242, gp: 0.201

[Rank 0] (epoch: 22, iters: 2048, time: 0.001, data: 0.000) , D_A: 0.301, G_A: 0.952, cycle_A: 0.209, D_B: 0.317, G_B: 0.985, cycle_B: 0.227, gp: 0.303

[Rank 0] (epoch: 22, iters: 3648, time: 0.001, data: 0.001) , D_A: 0.211, G_A: 0.997, cycle_A: 0.217, D_B: 0.468, G_B: 0.803, cycle_B: 0.233, gp: 0.424

--- iter tau=0.2508 ---
  cipher in : liebafllbedlmbfl bkebdiebelfbdfblebjdebdillblbfeamll blmbdbdcbkb
  decrypted : bae adbb elbd dbi fe lae ebd ld be ale labb b deadbbi bd l lh f 
  real plain:  hee blem a a fi aimai i i ggeed ha aleai i he hhalamic balace i
  cipher in : fblbkebil bdfbebieblbkebdhebklbaefebdbeedefbebfdbdbikbhbhbikbkeb
  decrypted : d b fe abi ld e ae b fe lhe fb aede l eeled e dl l af h h af fe 
  real plain:  ch a ahii hemaim diabee ad cace ele h hae bee able ge elief fm 
[Rank 0] (epoch: 22, iters: 5248, time: 0.001, data: 0.001) , D_A: 0.259, G_A: 1.013, cycle_A: 0.212, D_B: 0.285, G_B: 1.013, cycle_B: 0.232, gp: 0.268

saving the latest model (epoch 22, total_iters 520000)
[Rank 0] (epoch: 22, iters: 6848, time: 0.001, data: 0.001) , D_A: 0.273, G_A: 0.914, cycle_A: 0.215, D_B: 0.272, G_B: 0.830, cycle_B: 0.245, gp: 0.255

[Rank 0] (epoch: 22, iters: 8448, time: 0.001, data: 0.001) , D_A: 0.229, G_A: 0.983, cycle_A: 0.227, D_B: 0.345, G_B: 0.999, cycle_B: 0.232, gp: 0.323

[Rank 0] (epoch: 22, iters: 10048, time: 0.001, data: 0.001) , D_A: 0.216, G_A: 1.015, cycle_A: 0.221, D_B: 0.359, G_B: 0.821, cycle_B: 0.235, gp: 0.316

[Rank 0] (epoch: 22, iters: 11648, time: 0.001, data: 0.001) , D_A: 0.302, G_A: 0.993, cycle_A: 0.205, D_B: 0.368, G_B: 1.001, cycle_B: 0.225, gp: 0.348

[Rank 0] (epoch: 22, iters: 13248, time: 0.001, data: 0.001) , D_A: 0.240, G_A: 0.892, cycle_A: 0.200, D_B: 0.196, G_B: 0.950, cycle_B: 0.235, gp: 0.180

[Rank 0] (epoch: 22, iters: 14848, time: 0.001, data: 0.001) , D_A: 0.190, G_A: 1.018, cycle_A: 0.223, D_B: 0.332, G_B: 0.946, cycle_B: 0.245, gp: 0.322

[Rank 0] (epoch: 22, iters: 16448, time: 0.001, data: 0.001) , D_A: 0.172, G_A: 0.967, cycle_A: 0.221, D_B: 0.284, G_B: 1.061, cycle_B: 0.233, gp: 0.250

[Rank 0] (epoch: 22, iters: 18048, time: 0.001, data: 0.001) , D_A: 0.238, G_A: 1.029, cycle_A: 0.222, D_B: 0.346, G_B: 1.001, cycle_B: 0.217, gp: 0.322

[Rank 0] (epoch: 22, iters: 19648, time: 0.001, data: 0.001) , D_A: 0.213, G_A: 0.964, cycle_A: 0.202, D_B: 0.240, G_B: 1.041, cycle_B: 0.232, gp: 0.223

[Rank 0] (epoch: 22, iters: 21248, time: 0.001, data: 0.001) , D_A: 0.201, G_A: 0.858, cycle_A: 0.199, D_B: 0.271, G_B: 0.997, cycle_B: 0.247, gp: 0.255

[Rank 0] (epoch: 22, iters: 22848, time: 0.001, data: 0.001) , D_A: 0.172, G_A: 1.008, cycle_A: 0.215, D_B: 0.363, G_B: 1.232, cycle_B: 0.236, gp: 0.277

[Rank 0] (epoch: 22, iters: 24448, time: 0.001, data: 0.001) , D_A: 0.188, G_A: 1.017, cycle_A: 0.211, D_B: 0.285, G_B: 1.011, cycle_B: 0.230, gp: 0.270

learning rate 0.0002000 -> 0.0002000
temperature tau = 0.2427
End of epoch 22 / 50 	 Time Taken: 23 sec
[Rank 0] (epoch: 23, iters: 1536, time: 0.001, data: 0.001) , D_A: 0.222, G_A: 0.979, cycle_A: 0.212, D_B: 0.261, G_B: 0.976, cycle_B: 0.233, gp: 0.246

[Rank 0] (epoch: 23, iters: 3136, time: 0.001, data: 0.001) , D_A: 0.191, G_A: 0.944, cycle_A: 0.212, D_B: 0.275, G_B: 1.178, cycle_B: 0.241, gp: 0.249

[Rank 0] (epoch: 23, iters: 4736, time: 0.001, data: 0.001) , D_A: 0.271, G_A: 0.990, cycle_A: 0.206, D_B: 0.405, G_B: 1.105, cycle_B: 0.244, gp: 0.378

[Rank 0] (epoch: 23, iters: 6336, time: 0.001, data: 0.001) , D_A: 0.258, G_A: 0.424, cycle_A: 0.212, D_B: 0.343, G_B: 1.101, cycle_B: 0.247, gp: 0.323

[Rank 0] (epoch: 23, iters: 7936, time: 0.001, data: 0.001) , D_A: 0.257, G_A: 0.990, cycle_A: 0.218, D_B: 0.270, G_B: 1.012, cycle_B: 0.238, gp: 0.260

[Rank 0] (epoch: 23, iters: 9536, time: 0.001, data: 0.001) , D_A: 0.201, G_A: 0.998, cycle_A: 0.204, D_B: 0.325, G_B: 1.020, cycle_B: 0.242, gp: 0.310

[Rank 0] (epoch: 23, iters: 11136, time: 0.001, data: 0.001) , D_A: 0.149, G_A: 0.982, cycle_A: 0.199, D_B: 0.295, G_B: 0.879, cycle_B: 0.242, gp: 0.277

[Rank 0] (epoch: 23, iters: 12736, time: 0.001, data: 0.002) , D_A: 0.242, G_A: 0.987, cycle_A: 0.218, D_B: 0.380, G_B: 0.974, cycle_B: 0.238, gp: 0.361

[Rank 0] (epoch: 23, iters: 14336, time: 0.001, data: 0.001) , D_A: 0.173, G_A: 0.962, cycle_A: 0.233, D_B: 0.305, G_B: 1.259, cycle_B: 0.244, gp: 0.215

[Rank 0] (epoch: 23, iters: 15936, time: 0.001, data: 0.001) , D_A: 0.147, G_A: 0.942, cycle_A: 0.220, D_B: 0.332, G_B: 1.023, cycle_B: 0.265, gp: 0.315

[Rank 0] (epoch: 23, iters: 17536, time: 0.001, data: 0.001) , D_A: 0.128, G_A: 0.992, cycle_A: 0.216, D_B: 0.323, G_B: 0.938, cycle_B: 0.246, gp: 0.309

[Rank 0] (epoch: 23, iters: 19136, time: 0.001, data: 0.001) , D_A: 0.174, G_A: 0.979, cycle_A: 0.217, D_B: 0.304, G_B: 1.008, cycle_B: 0.241, gp: 0.284

--- iter tau=0.2427 ---
  cipher in :  kblbll blbkebillb eedmbdeicmblbdaael bheebhiblfllfdmbdfbadlbkbk
  decrypted : if b bbi b fe abb ieecd ceahd b caaebi hee ha bdbbdcd cd acb f f
  real plain: e e elaihi b e ae he he ca be healh ad ee dage i ca i fac eck a 
  cipher in : lalfeb kmblkbkebeddebeleaebhbkeblefbdebdbdblfeefebelblblbekdbddm
  decrypted : babde ifd bf fe ecce ebeae h fe bed ce c c bdeede eb b b efc ccd
  real plain:  liical gaiai eled ab he bailei ade a j begiig ead he gd h eced 
[Rank 0] (epoch: 23, iters: 20736, time: 0.001, data: 0.001) , D_A: 0.238, G_A: 0.987, cycle_A: 0.204, D_B: 0.278, G_B: 0.926, cycle_B: 0.233, gp: 0.264

saving the latest model (epoch 23, total_iters 560000)
[Rank 0] (epoch: 23, iters: 22336, time: 0.001, data: 0.001) , D_A: 0.065, G_A: 0.980, cycle_A: 0.211, D_B: 0.353, G_B: 1.120, cycle_B: 0.235, gp: 0.318

[Rank 0] (epoch: 23, iters: 23936, time: 0.001, data: 0.001) , D_A: 0.221, G_A: 1.010, cycle_A: 0.203, D_B: 0.365, G_B: 0.878, cycle_B: 0.227, gp: 0.348

learning rate 0.0002000 -> 0.0002000
temperature tau = 0.2349
End of epoch 23 / 50 	 Time Taken: 23 sec
[Rank 0] (epoch: 24, iters: 1024, time: 0.001, data: 0.001) , D_A: 0.240, G_A: 0.959, cycle_A: 0.211, D_B: 0.367, G_B: 1.311, cycle_B: 0.230, gp: 0.334

[Rank 0] (epoch: 24, iters: 2624, time: 0.001, data: 0.001) , D_A: 0.169, G_A: 0.963, cycle_A: 0.234, D_B: 0.317, G_B: 0.780, cycle_B: 0.241, gp: 0.290

[Rank 0] (epoch: 24, iters: 4224, time: 0.001, data: 0.001) , D_A: 0.283, G_A: 0.981, cycle_A: 0.219, D_B: 0.397, G_B: 0.846, cycle_B: 0.232, gp: 0.369

[Rank 0] (epoch: 24, iters: 5824, time: 0.001, data: 0.001) , D_A: 0.188, G_A: 0.958, cycle_A: 0.218, D_B: 0.215, G_B: 0.965, cycle_B: 0.232, gp: 0.201

[Rank 0] (epoch: 24, iters: 7424, time: 0.001, data: 0.001) , D_A: 0.181, G_A: 0.994, cycle_A: 0.219, D_B: 0.275, G_B: 1.274, cycle_B: 0.236, gp: 0.241

[Rank 0] (epoch: 24, iters: 9024, time: 0.001, data: 0.001) , D_A: 0.281, G_A: 0.951, cycle_A: 0.213, D_B: 0.195, G_B: 0.918, cycle_B: 0.250, gp: 0.180

[Rank 0] (epoch: 24, iters: 10624, time: 0.001, data: 0.001) , D_A: 0.188, G_A: 1.007, cycle_A: 0.208, D_B: 0.321, G_B: 0.943, cycle_B: 0.234, gp: 0.306

[Rank 0] (epoch: 24, iters: 12224, time: 0.001, data: 0.001) , D_A: 0.256, G_A: 0.981, cycle_A: 0.219, D_B: 0.369, G_B: 1.102, cycle_B: 0.246, gp: 0.346

[Rank 0] (epoch: 24, iters: 13824, time: 0.001, data: 0.001) , D_A: 0.223, G_A: 0.989, cycle_A: 0.222, D_B: 0.270, G_B: 1.038, cycle_B: 0.233, gp: 0.259

[Rank 0] (epoch: 24, iters: 15424, time: 0.001, data: 0.001) , D_A: 0.222, G_A: 0.979, cycle_A: 0.232, D_B: 0.321, G_B: 1.146, cycle_B: 0.250, gp: 0.298

[Rank 0] (epoch: 24, iters: 17024, time: 0.001, data: 0.001) , D_A: 0.319, G_A: 0.994, cycle_A: 0.232, D_B: 0.229, G_B: 0.904, cycle_B: 0.226, gp: 0.216

[Rank 0] (epoch: 24, iters: 18624, time: 0.001, data: 0.001) , D_A: 0.195, G_A: 0.981, cycle_A: 0.240, D_B: 0.527, G_B: 0.918, cycle_B: 0.236, gp: 0.388

[Rank 0] (epoch: 24, iters: 20224, time: 0.001, data: 0.001) , D_A: 0.140, G_A: 0.957, cycle_A: 0.220, D_B: 0.300, G_B: 1.040, cycle_B: 0.241, gp: 0.272

[Rank 0] (epoch: 24, iters: 21824, time: 0.001, data: 0.001) , D_A: 0.192, G_A: 0.989, cycle_A: 0.217, D_B: 0.306, G_B: 0.782, cycle_B: 0.235, gp: 0.262

[Rank 0] (epoch: 24, iters: 23424, time: 0.001, data: 0.001) , D_A: 0.243, G_A: 0.997, cycle_A: 0.204, D_B: 0.226, G_B: 0.940, cycle_B: 0.232, gp: 0.211

learning rate 0.0002000 -> 0.0002000
temperature tau = 0.2273
End of epoch 24 / 50 	 Time Taken: 22 sec
[Rank 0] (epoch: 25, iters: 512, time: 0.001, data: 0.002) , D_A: 0.170, G_A: 0.998, cycle_A: 0.209, D_B: 0.219, G_B: 0.905, cycle_B: 0.242, gp: 0.205

[Rank 0] (epoch: 25, iters: 2112, time: 0.001, data: 0.000) , D_A: 0.288, G_A: 0.947, cycle_A: 0.214, D_B: 0.211, G_B: 0.873, cycle_B: 0.240, gp: 0.194

[Rank 0] (epoch: 25, iters: 3712, time: 0.001, data: 0.001) , D_A: 0.150, G_A: 1.034, cycle_A: 0.222, D_B: 0.331, G_B: 0.994, cycle_B: 0.232, gp: 0.291

[Rank 0] (epoch: 25, iters: 5312, time: 0.001, data: 0.001) , D_A: 0.131, G_A: 0.964, cycle_A: 0.215, D_B: 0.185, G_B: 0.916, cycle_B: 0.234, gp: 0.171

[Rank 0] (epoch: 25, iters: 6912, time: 0.001, data: 0.001) , D_A: 0.223, G_A: 0.989, cycle_A: 0.215, D_B: 0.329, G_B: 0.868, cycle_B: 0.244, gp: 0.315

[Rank 0] (epoch: 25, iters: 8512, time: 0.001, data: 0.001) , D_A: 0.147, G_A: 0.922, cycle_A: 0.212, D_B: 0.196, G_B: 0.999, cycle_B: 0.232, gp: 0.184

[Rank 0] (epoch: 25, iters: 10112, time: 0.001, data: 0.001) , D_A: 0.133, G_A: 0.968, cycle_A: 0.211, D_B: 0.453, G_B: 1.138, cycle_B: 0.235, gp: 0.434

--- iter tau=0.2273 ---
  cipher in :  ebkeblaebdblhbkefbceebal bdmmbfjblmmb ebklibhbkeebdbdblblcmbadb
  decrypted : ie ge bae c bh ged hee abi cdd da bdd ie gba h gee c c b bhd ac 
  real plain: e alk a mh a he llie e a a el ee ice he he eae eaa eed i he e ig
  cipher in : fbkebkbdadmmb ebkeebhlfbkdblblbjbdbdmmbcbdbclmmldbdbdblmeblbml k
  decrypted : d ge g cacdd ie gee hbd gc b b a c cdd h c hbddbc c c bde b dbig
  real plain: f a ce he came ihi a ace f beig iddled ih blle dig hi lg figh ih
[Rank 0] (epoch: 25, iters: 11712, time: 0.001, data: 0.001) , D_A: 0.139, G_A: 1.002, cycle_A: 0.203, D_B: 0.268, G_B: 0.933, cycle_B: 0.226, gp: 0.260

saving the latest model (epoch 25, total_iters 600000)
[Rank 0] (epoch: 25, iters: 13312, time: 0.001, data: 0.001) , D_A: 0.206, G_A: 0.961, cycle_A: 0.204, D_B: 0.257, G_B: 0.955, cycle_B: 0.235, gp: 0.241

[Rank 0] (epoch: 25, iters: 14912, time: 0.001, data: 0.001) , D_A: 0.174, G_A: 0.932, cycle_A: 0.220, D_B: 0.266, G_B: 1.013, cycle_B: 0.249, gp: 0.231

[Rank 0] (epoch: 25, iters: 16512, time: 0.001, data: 0.001) , D_A: 0.200, G_A: 1.030, cycle_A: 0.224, D_B: 0.303, G_B: 1.070, cycle_B: 0.230, gp: 0.280

[Rank 0] (epoch: 25, iters: 18112, time: 0.001, data: 0.001) , D_A: 0.193, G_A: 0.987, cycle_A: 0.211, D_B: 0.307, G_B: 0.978, cycle_B: 0.219, gp: 0.287

[Rank 0] (epoch: 25, iters: 19712, time: 0.001, data: 0.001) , D_A: 0.190, G_A: 1.039, cycle_A: 0.220, D_B: 0.385, G_B: 0.749, cycle_B: 0.230, gp: 0.351

[Rank 0] (epoch: 25, iters: 21312, time: 0.001, data: 0.001) , D_A: 0.246, G_A: 0.978, cycle_A: 0.221, D_B: 0.303, G_B: 0.789, cycle_B: 0.248, gp: 0.275

[Rank 0] (epoch: 25, iters: 22912, time: 0.001, data: 0.001) , D_A: 0.185, G_A: 0.905, cycle_A: 0.225, D_B: 0.276, G_B: 0.908, cycle_B: 0.233, gp: 0.260

[Rank 0] (epoch: 25, iters: 24512, time: 0.001, data: 0.004) , D_A: 0.113, G_A: 0.969, cycle_A: 0.217, D_B: 0.269, G_B: 0.976, cycle_B: 0.225, gp: 0.255

learning rate 0.0002000 -> 0.0002000
temperature tau = 0.2200
End of epoch 25 / 50 	 Time Taken: 21 sec
[Rank 0] (epoch: 26, iters: 1600, time: 0.001, data: 0.108) , D_A: 0.211, G_A: 0.990, cycle_A: 0.221, D_B: 0.232, G_B: 0.850, cycle_B: 0.228, gp: 0.212

[Rank 0] (epoch: 26, iters: 3200, time: 0.001, data: 0.001) , D_A: 0.264, G_A: 0.987, cycle_A: 0.199, D_B: 0.318, G_B: 0.920, cycle_B: 0.241, gp: 0.307

[Rank 0] (epoch: 26, iters: 4800, time: 0.001, data: 0.001) , D_A: 0.176, G_A: 1.054, cycle_A: 0.206, D_B: 0.325, G_B: 1.063, cycle_B: 0.244, gp: 0.311

[Rank 0] (epoch: 26, iters: 6400, time: 0.001, data: 0.001) , D_A: 0.177, G_A: 0.979, cycle_A: 0.224, D_B: 0.272, G_B: 0.863, cycle_B: 0.245, gp: 0.251

[Rank 0] (epoch: 26, iters: 8000, time: 0.001, data: 0.001) , D_A: 0.220, G_A: 0.929, cycle_A: 0.223, D_B: 0.241, G_B: 1.037, cycle_B: 0.237, gp: 0.227

[Rank 0] (epoch: 26, iters: 9600, time: 0.001, data: 0.001) , D_A: 0.224, G_A: 1.023, cycle_A: 0.209, D_B: 0.218, G_B: 0.805, cycle_B: 0.241, gp: 0.185

[Rank 0] (epoch: 26, iters: 11200, time: 0.001, data: 0.001) , D_A: 0.222, G_A: 1.003, cycle_A: 0.217, D_B: 0.246, G_B: 0.943, cycle_B: 0.242, gp: 0.235

[Rank 0] (epoch: 26, iters: 12800, time: 0.001, data: 0.002) , D_A: 0.179, G_A: 0.991, cycle_A: 0.216, D_B: 0.280, G_B: 1.001, cycle_B: 0.238, gp: 0.267

[Rank 0] (epoch: 26, iters: 14400, time: 0.001, data: 0.001) , D_A: 0.228, G_A: 0.904, cycle_A: 0.222, D_B: 0.348, G_B: 0.626, cycle_B: 0.245, gp: 0.265

[Rank 0] (epoch: 26, iters: 16000, time: 0.001, data: 0.001) , D_A: 0.191, G_A: 1.005, cycle_A: 0.207, D_B: 0.342, G_B: 1.025, cycle_B: 0.246, gp: 0.314

[Rank 0] (epoch: 26, iters: 17600, time: 0.001, data: 0.001) , D_A: 0.220, G_A: 0.945, cycle_A: 0.214, D_B: 0.304, G_B: 1.060, cycle_B: 0.245, gp: 0.280

[Rank 0] (epoch: 26, iters: 19200, time: 0.001, data: 0.001) , D_A: 0.264, G_A: 0.969, cycle_A: 0.219, D_B: 0.304, G_B: 1.021, cycle_B: 0.242, gp: 0.291

[Rank 0] (epoch: 26, iters: 20800, time: 0.001, data: 0.001) , D_A: 0.205, G_A: 1.003, cycle_A: 0.213, D_B: 0.240, G_B: 0.897, cycle_B: 0.231, gp: 0.223

[Rank 0] (epoch: 26, iters: 22400, time: 0.001, data: 0.001) , D_A: 0.301, G_A: 0.938, cycle_A: 0.214, D_B: 0.325, G_B: 1.199, cycle_B: 0.236, gp: 0.286

[Rank 0] (epoch: 26, iters: 24000, time: 0.001, data: 0.001) , D_A: 0.212, G_A: 0.965, cycle_A: 0.216, D_B: 0.212, G_B: 0.898, cycle_B: 0.227, gp: 0.200

learning rate 0.0002000 -> 0.0002000
temperature tau = 0.2129
End of epoch 26 / 50 	 Time Taken: 23 sec
[Rank 0] (epoch: 27, iters: 1088, time: 0.001, data: 0.001) , D_A: 0.183, G_A: 1.011, cycle_A: 0.215, D_B: 0.355, G_B: 1.017, cycle_B: 0.235, gp: 0.338

--- iter tau=0.2129 ---
  cipher in : mmlbdfllbhbkebebjbliebkebemebhbkebkbfllabhbebjbdfblbdbkelbeeedle
  decrypted : ddb cdbb h fe e a bae fe ede h fe f dbba h e a cd b c feb eeecbe
  real plain: id aleed m ielligece b ch che he ae ake hae ld call hee he mie f
  cipher in : eleaebhbkbdjebglbdjeb kbmlebkdbeaembefbkebeafmeembddakblkbkebmd 
  decrypted : ebeae h f cae hb cae if dbe fc eaed ed fe eaddeed ccaf bf fe dci
  real plain:  a ma a a he ca fm ebal iimidai hical ilece b ieiabl he bde hich
[Rank 0] (epoch: 27, iters: 2688, time: 0.001, data: 0.001) , D_A: 0.258, G_A: 1.054, cycle_A: 0.217, D_B: 0.335, G_B: 0.808, cycle_B: 0.241, gp: 0.326

saving the latest model (epoch 27, total_iters 640000)
[Rank 0] (epoch: 27, iters: 4288, time: 0.001, data: 0.002) , D_A: 0.191, G_A: 1.014, cycle_A: 0.216, D_B: 0.237, G_B: 0.837, cycle_B: 0.232, gp: 0.216

[Rank 0] (epoch: 27, iters: 5888, time: 0.001, data: 0.001) , D_A: 0.271, G_A: 1.028, cycle_A: 0.210, D_B: 0.299, G_B: 0.907, cycle_B: 0.232, gp: 0.284

[Rank 0] (epoch: 27, iters: 7488, time: 0.001, data: 0.002) , D_A: 0.160, G_A: 0.989, cycle_A: 0.216, D_B: 0.364, G_B: 0.837, cycle_B: 0.235, gp: 0.344

[Rank 0] (epoch: 27, iters: 9088, time: 0.001, data: 0.001) , D_A: 0.256, G_A: 0.935, cycle_A: 0.216, D_B: 0.280, G_B: 0.987, cycle_B: 0.252, gp: 0.264

[Rank 0] (epoch: 27, iters: 10688, time: 0.001, data: 0.001) , D_A: 0.226, G_A: 0.968, cycle_A: 0.208, D_B: 0.205, G_B: 0.887, cycle_B: 0.249, gp: 0.189

[Rank 0] (epoch: 27, iters: 12288, time: 0.001, data: 0.001) , D_A: 0.227, G_A: 0.983, cycle_A: 0.206, D_B: 0.309, G_B: 0.887, cycle_B: 0.247, gp: 0.293

[Rank 0] (epoch: 27, iters: 13888, time: 0.001, data: 0.001) , D_A: 0.241, G_A: 0.981, cycle_A: 0.227, D_B: 0.405, G_B: 0.595, cycle_B: 0.245, gp: 0.347

[Rank 0] (epoch: 27, iters: 15488, time: 0.001, data: 0.001) , D_A: 0.187, G_A: 0.937, cycle_A: 0.209, D_B: 0.318, G_B: 0.720, cycle_B: 0.250, gp: 0.290

[Rank 0] (epoch: 27, iters: 17088, time: 0.001, data: 0.001) , D_A: 0.229, G_A: 0.972, cycle_A: 0.226, D_B: 0.252, G_B: 1.077, cycle_B: 0.226, gp: 0.233

[Rank 0] (epoch: 27, iters: 18688, time: 0.001, data: 0.001) , D_A: 0.206, G_A: 0.972, cycle_A: 0.210, D_B: 0.382, G_B: 1.042, cycle_B: 0.235, gp: 0.361

[Rank 0] (epoch: 27, iters: 20288, time: 0.001, data: 0.001) , D_A: 0.292, G_A: 0.956, cycle_A: 0.209, D_B: 0.280, G_B: 0.892, cycle_B: 0.242, gp: 0.263

[Rank 0] (epoch: 27, iters: 21888, time: 0.001, data: 0.001) , D_A: 0.273, G_A: 1.016, cycle_A: 0.210, D_B: 0.338, G_B: 0.939, cycle_B: 0.236, gp: 0.323

[Rank 0] (epoch: 27, iters: 23488, time: 0.001, data: 0.001) , D_A: 0.228, G_A: 0.985, cycle_A: 0.215, D_B: 0.218, G_B: 0.872, cycle_B: 0.233, gp: 0.204

learning rate 0.0002000 -> 0.0002000
temperature tau = 0.2060
End of epoch 27 / 50 	 Time Taken: 23 sec
[Rank 0] (epoch: 28, iters: 576, time: 0.001, data: 0.001) , D_A: 0.189, G_A: 0.993, cycle_A: 0.210, D_B: 0.288, G_B: 1.015, cycle_B: 0.234, gp: 0.272

[Rank 0] (epoch: 28, iters: 2176, time: 0.001, data: 0.000) , D_A: 0.232, G_A: 1.011, cycle_A: 0.210, D_B: 0.350, G_B: 0.883, cycle_B: 0.240, gp: 0.337

[Rank 0] (epoch: 28, iters: 3776, time: 0.001, data: 0.003) , D_A: 0.227, G_A: 0.931, cycle_A: 0.207, D_B: 0.220, G_B: 1.044, cycle_B: 0.232, gp: 0.204

[Rank 0] (epoch: 28, iters: 5376, time: 0.001, data: 0.001) , D_A: 0.252, G_A: 1.004, cycle_A: 0.212, D_B: 0.259, G_B: 0.940, cycle_B: 0.232, gp: 0.246

[Rank 0] (epoch: 28, iters: 6976, time: 0.001, data: 0.001) , D_A: 0.194, G_A: 0.908, cycle_A: 0.228, D_B: 0.312, G_B: 1.100, cycle_B: 0.244, gp: 0.296

[Rank 0] (epoch: 28, iters: 8576, time: 0.001, data: 0.001) , D_A: 0.176, G_A: 0.954, cycle_A: 0.216, D_B: 0.277, G_B: 0.727, cycle_B: 0.231, gp: 0.237

[Rank 0] (epoch: 28, iters: 10176, time: 0.001, data: 0.001) , D_A: 0.272, G_A: 0.986, cycle_A: 0.209, D_B: 0.281, G_B: 0.882, cycle_B: 0.235, gp: 0.264

[Rank 0] (epoch: 28, iters: 11776, time: 0.001, data: 0.001) , D_A: 0.186, G_A: 0.985, cycle_A: 0.207, D_B: 0.268, G_B: 0.942, cycle_B: 0.225, gp: 0.256

[Rank 0] (epoch: 28, iters: 13376, time: 0.001, data: 0.001) , D_A: 0.192, G_A: 1.017, cycle_A: 0.216, D_B: 0.319, G_B: 0.853, cycle_B: 0.235, gp: 0.302

[Rank 0] (epoch: 28, iters: 14976, time: 0.001, data: 0.001) , D_A: 0.120, G_A: 0.977, cycle_A: 0.222, D_B: 0.292, G_B: 0.898, cycle_B: 0.249, gp: 0.272

[Rank 0] (epoch: 28, iters: 16576, time: 0.001, data: 0.001) , D_A: 0.178, G_A: 0.992, cycle_A: 0.213, D_B: 0.382, G_B: 0.800, cycle_B: 0.230, gp: 0.353

--- iter tau=0.2060 ---
  cipher in : baiebdm bklbebdbdadmmbiebhbdbedbilbkebcicbm efblbkeb fbedbkebcbe
  decrypted :  aae ldi gb e l laldd ae h l el ab ge hah died b ge id el ge h e
  real plain:  cibed he lic f aeaig ali hich eied il afe he ed f he a ad eache
  cipher in : klibibcemefbdfbibeeldmb dfhmbdlfbkebkll blaeblbkdfblfedbkdbmfbce
  decrypted : gba a heded ld a eebld ildhd lbd ge gbbi bae b gld bdel gl dd he
  real plain:  cclde ha hi i a iai ha ld fe aie he film eeie dici f he blem ee
[Rank 0] (epoch: 28, iters: 18176, time: 0.001, data: 0.001) , D_A: 0.140, G_A: 1.008, cycle_A: 0.216, D_B: 0.276, G_B: 0.907, cycle_B: 0.219, gp: 0.265

saving the latest model (epoch 28, total_iters 680000)
[Rank 0] (epoch: 28, iters: 19776, time: 0.001, data: 0.001) , D_A: 0.203, G_A: 0.891, cycle_A: 0.222, D_B: 0.234, G_B: 0.784, cycle_B: 0.231, gp: 0.208

[Rank 0] (epoch: 28, iters: 21376, time: 0.001, data: 0.001) , D_A: 0.214, G_A: 0.864, cycle_A: 0.198, D_B: 0.211, G_B: 0.827, cycle_B: 0.247, gp: 0.189

[Rank 0] (epoch: 28, iters: 22976, time: 0.001, data: 0.001) , D_A: 0.140, G_A: 0.991, cycle_A: 0.206, D_B: 0.260, G_B: 1.089, cycle_B: 0.233, gp: 0.247

learning rate 0.0002000 -> 0.0002000
temperature tau = 0.1993
End of epoch 28 / 50 	 Time Taken: 22 sec
[Rank 0] (epoch: 29, iters: 64, time: 0.001, data: 0.001) , D_A: 0.166, G_A: 0.993, cycle_A: 0.222, D_B: 0.338, G_B: 0.876, cycle_B: 0.242, gp: 0.326

[Rank 0] (epoch: 29, iters: 1664, time: 0.001, data: 0.000) , D_A: 0.211, G_A: 0.782, cycle_A: 0.208, D_B: 0.235, G_B: 0.913, cycle_B: 0.229, gp: 0.221

[Rank 0] (epoch: 29, iters: 3264, time: 0.001, data: 0.001) , D_A: 0.201, G_A: 1.009, cycle_A: 0.228, D_B: 0.213, G_B: 0.977, cycle_B: 0.241, gp: 0.196

[Rank 0] (epoch: 29, iters: 4864, time: 0.001, data: 0.001) , D_A: 0.233, G_A: 0.973, cycle_A: 0.244, D_B: 0.227, G_B: 0.917, cycle_B: 0.243, gp: 0.212

[Rank 0] (epoch: 29, iters: 6464, time: 0.001, data: 0.001) , D_A: 0.690, G_A: 0.080, cycle_A: 1.502, D_B: 0.540, G_B: 0.510, cycle_B: 1.178, gp: 0.463

[Rank 0] (epoch: 29, iters: 8064, time: 0.001, data: 0.001) , D_A: 0.264, G_A: 0.808, cycle_A: 0.474, D_B: 0.619, G_B: 1.056, cycle_B: 0.284, gp: 0.459

[Rank 0] (epoch: 29, iters: 9664, time: 0.001, data: 0.001) , D_A: 0.257, G_A: 0.910, cycle_A: 0.216, D_B: 0.320, G_B: 0.877, cycle_B: 0.228, gp: 0.287

[Rank 0] (epoch: 29, iters: 11264, time: 0.001, data: 0.001) , D_A: 0.247, G_A: 0.916, cycle_A: 0.203, D_B: 0.449, G_B: 1.047, cycle_B: 0.230, gp: 0.393

[Rank 0] (epoch: 29, iters: 12864, time: 0.001, data: 0.001) , D_A: 0.339, G_A: 0.888, cycle_A: 0.218, D_B: 0.315, G_B: 0.917, cycle_B: 0.211, gp: 0.288

[Rank 0] (epoch: 29, iters: 14464, time: 0.001, data: 0.002) , D_A: 0.274, G_A: 1.015, cycle_A: 0.181, D_B: 0.250, G_B: 0.699, cycle_B: 0.222, gp: 0.210

[Rank 0] (epoch: 29, iters: 16064, time: 0.001, data: 0.001) , D_A: 0.362, G_A: 0.907, cycle_A: 0.181, D_B: 0.314, G_B: 0.877, cycle_B: 0.211, gp: 0.268

[Rank 0] (epoch: 29, iters: 17664, time: 0.001, data: 0.001) , D_A: 0.249, G_A: 0.883, cycle_A: 0.178, D_B: 0.328, G_B: 0.835, cycle_B: 0.221, gp: 0.307

[Rank 0] (epoch: 29, iters: 19264, time: 0.001, data: 0.001) , D_A: 0.211, G_A: 0.930, cycle_A: 0.181, D_B: 0.412, G_B: 0.874, cycle_B: 0.217, gp: 0.390

[Rank 0] (epoch: 29, iters: 20864, time: 0.001, data: 0.001) , D_A: 0.204, G_A: 0.748, cycle_A: 0.190, D_B: 0.272, G_B: 1.016, cycle_B: 0.205, gp: 0.240

[Rank 0] (epoch: 29, iters: 22464, time: 0.001, data: 0.001) , D_A: 0.264, G_A: 1.057, cycle_A: 0.188, D_B: 0.214, G_B: 0.943, cycle_B: 0.231, gp: 0.185

[Rank 0] (epoch: 29, iters: 24064, time: 0.001, data: 0.001) , D_A: 0.265, G_A: 0.991, cycle_A: 0.200, D_B: 0.329, G_B: 0.936, cycle_B: 0.204, gp: 0.313

learning rate 0.0002000 -> 0.0002000
temperature tau = 0.1929
End of epoch 29 / 50 	 Time Taken: 22 sec
[Rank 0] (epoch: 30, iters: 1152, time: 0.001, data: 0.001) , D_A: 0.241, G_A: 0.973, cycle_A: 0.188, D_B: 0.310, G_B: 0.737, cycle_B: 0.201, gp: 0.265

[Rank 0] (epoch: 30, iters: 2752, time: 0.001, data: 0.001) , D_A: 0.295, G_A: 0.955, cycle_A: 0.190, D_B: 0.319, G_B: 0.756, cycle_B: 0.211, gp: 0.287

[Rank 0] (epoch: 30, iters: 4352, time: 0.001, data: 0.001) , D_A: 0.193, G_A: 0.932, cycle_A: 0.192, D_B: 0.268, G_B: 0.811, cycle_B: 0.203, gp: 0.238

[Rank 0] (epoch: 30, iters: 5952, time: 0.001, data: 0.001) , D_A: 0.340, G_A: 0.872, cycle_A: 0.188, D_B: 0.335, G_B: 0.931, cycle_B: 0.205, gp: 0.308

[Rank 0] (epoch: 30, iters: 7552, time: 0.001, data: 0.001) , D_A: 0.292, G_A: 0.958, cycle_A: 0.180, D_B: 0.298, G_B: 0.861, cycle_B: 0.204, gp: 0.277

--- iter tau=0.1929 ---
  cipher in : bddbkeblebmddlblebibfedbklbiblmmbcebedfbkmbkebklaldbmefbkebkebke
  decrypted :  ll fe be mllb be a iel fb a bmm he eli fm fe fbabl mei fe fe fe
  real plain: ablihme f he ae f iael feed ham beee mlim ad je i fiall eeal hel
  cipher in : bfel bkbmfbcebadmml bdbklbkblbdeefbhlfbdflebdbkebkebefbadefbiebk
  decrypted :  iebi f mi he almmbi l fb f b leei hbi libe l fe fe ei alei ae f
  real plain: e f mieal l ilai i he ceilig iche i he ide all iche i he fl ch e
[Rank 0] (epoch: 30, iters: 9152, time: 0.001, data: 0.001) , D_A: 0.197, G_A: 0.935, cycle_A: 0.192, D_B: 0.283, G_B: 0.648, cycle_B: 0.225, gp: 0.230

saving the latest model (epoch 30, total_iters 720000)
[Rank 0] (epoch: 30, iters: 10752, time: 0.001, data: 0.001) , D_A: 0.198, G_A: 0.920, cycle_A: 0.174, D_B: 0.427, G_B: 0.633, cycle_B: 0.204, gp: 0.380

[Rank 0] (epoch: 30, iters: 12352, time: 0.001, data: 0.002) , D_A: 0.177, G_A: 0.915, cycle_A: 0.180, D_B: 0.275, G_B: 1.030, cycle_B: 0.218, gp: 0.234

[Rank 0] (epoch: 30, iters: 13952, time: 0.001, data: 0.001) , D_A: 0.250, G_A: 0.969, cycle_A: 0.201, D_B: 0.279, G_B: 1.047, cycle_B: 0.218, gp: 0.249

[Rank 0] (epoch: 30, iters: 15552, time: 0.001, data: 0.003) , D_A: 0.188, G_A: 0.971, cycle_A: 0.175, D_B: 0.209, G_B: 0.923, cycle_B: 0.226, gp: 0.185

[Rank 0] (epoch: 30, iters: 17152, time: 0.001, data: 0.001) , D_A: 0.237, G_A: 0.936, cycle_A: 0.184, D_B: 0.257, G_B: 0.766, cycle_B: 0.192, gp: 0.219

[Rank 0] (epoch: 30, iters: 18752, time: 0.001, data: 0.001) , D_A: 0.271, G_A: 0.984, cycle_A: 0.183, D_B: 0.415, G_B: 0.978, cycle_B: 0.211, gp: 0.394

[Rank 0] (epoch: 30, iters: 20352, time: 0.001, data: 0.001) , D_A: 0.367, G_A: 0.899, cycle_A: 0.185, D_B: 0.331, G_B: 1.068, cycle_B: 0.214, gp: 0.304

[Rank 0] (epoch: 30, iters: 21952, time: 0.001, data: 0.001) , D_A: 0.250, G_A: 0.817, cycle_A: 0.174, D_B: 0.391, G_B: 0.564, cycle_B: 0.215, gp: 0.349

[Rank 0] (epoch: 30, iters: 23552, time: 0.001, data: 0.001) , D_A: 0.273, G_A: 0.639, cycle_A: 0.195, D_B: 0.269, G_B: 0.927, cycle_B: 0.202, gp: 0.250

learning rate 0.0002000 -> 0.0002000
temperature tau = 0.1867
End of epoch 30 / 50 	 Time Taken: 22 sec
[Rank 0] (epoch: 31, iters: 640, time: 0.001, data: 0.001) , D_A: 0.233, G_A: 1.028, cycle_A: 0.186, D_B: 0.252, G_B: 0.791, cycle_B: 0.209, gp: 0.226

[Rank 0] (epoch: 31, iters: 2240, time: 0.001, data: 0.000) , D_A: 0.221, G_A: 0.925, cycle_A: 0.181, D_B: 0.229, G_B: 0.972, cycle_B: 0.202, gp: 0.209

[Rank 0] (epoch: 31, iters: 3840, time: 0.001, data: 0.001) , D_A: 0.301, G_A: 1.001, cycle_A: 0.200, D_B: 0.364, G_B: 0.992, cycle_B: 0.217, gp: 0.342

[Rank 0] (epoch: 31, iters: 5440, time: 0.001, data: 0.001) , D_A: 0.204, G_A: 0.963, cycle_A: 0.184, D_B: 0.321, G_B: 0.776, cycle_B: 0.200, gp: 0.283

[Rank 0] (epoch: 31, iters: 7040, time: 0.001, data: 0.001) , D_A: 0.215, G_A: 0.909, cycle_A: 0.194, D_B: 0.211, G_B: 0.813, cycle_B: 0.216, gp: 0.188

[Rank 0] (epoch: 31, iters: 8640, time: 0.001, data: 0.001) , D_A: 0.211, G_A: 0.938, cycle_A: 0.178, D_B: 0.210, G_B: 0.849, cycle_B: 0.205, gp: 0.191

[Rank 0] (epoch: 31, iters: 10240, time: 0.001, data: 0.001) , D_A: 0.215, G_A: 0.943, cycle_A: 0.182, D_B: 0.220, G_B: 0.870, cycle_B: 0.207, gp: 0.203

[Rank 0] (epoch: 31, iters: 11840, time: 0.001, data: 0.001) , D_A: 0.180, G_A: 0.922, cycle_A: 0.181, D_B: 0.207, G_B: 1.056, cycle_B: 0.216, gp: 0.187

[Rank 0] (epoch: 31, iters: 13440, time: 0.001, data: 0.001) , D_A: 0.257, G_A: 1.023, cycle_A: 0.195, D_B: 0.345, G_B: 0.983, cycle_B: 0.218, gp: 0.323

[Rank 0] (epoch: 31, iters: 15040, time: 0.001, data: 0.001) , D_A: 0.245, G_A: 0.999, cycle_A: 0.178, D_B: 0.278, G_B: 0.848, cycle_B: 0.222, gp: 0.252

[Rank 0] (epoch: 31, iters: 16640, time: 0.001, data: 0.001) , D_A: 0.230, G_A: 0.960, cycle_A: 0.188, D_B: 0.332, G_B: 0.925, cycle_B: 0.205, gp: 0.313

[Rank 0] (epoch: 31, iters: 18240, time: 0.001, data: 0.001) , D_A: 0.207, G_A: 1.016, cycle_A: 0.169, D_B: 0.358, G_B: 0.793, cycle_B: 0.198, gp: 0.312

[Rank 0] (epoch: 31, iters: 19840, time: 0.001, data: 0.001) , D_A: 0.136, G_A: 0.993, cycle_A: 0.189, D_B: 0.325, G_B: 0.942, cycle_B: 0.205, gp: 0.305

[Rank 0] (epoch: 31, iters: 21440, time: 0.001, data: 0.001) , D_A: 0.760, G_A: 0.170, cycle_A: 0.190, D_B: 0.409, G_B: 1.186, cycle_B: 0.213, gp: 0.316

[Rank 0] (epoch: 31, iters: 23040, time: 0.001, data: 0.001) , D_A: 0.217, G_A: 0.942, cycle_A: 0.195, D_B: 0.235, G_B: 1.050, cycle_B: 0.201, gp: 0.216

learning rate 0.0002000 -> 0.0002000
temperature tau = 0.1806
End of epoch 31 / 50 	 Time Taken: 23 sec
--- iter tau=0.1806 ---
  cipher in : edmbedebcjebkbdbkelbddmbmlael bheebhibkebddmbaadlbmlaeebcjeblbak
  decrypted : elm ele hae f l feb llm mbaebi hee ha fe llm aalb mbaee hae b af
  real plain:  e be aided m b he eae bill hae had difficl aig ch ai becae f he
  cipher in : bkebdddbklbe dlebeeblbemdlefbcbkebemalbkedfbdhblaebklblbhhlalebe
  decrypted :  fe lll fb eilbe ee b emlbei h fe emab feli lh bae fb b hhbabe e
  real plain:  i fig f he em ae meaed b a leimig cici ad a eiace bidge flled b
[Rank 0] (epoch: 32, iters: 128, time: 0.001, data: 0.001) , D_A: 0.236, G_A: 1.001, cycle_A: 0.192, D_B: 0.280, G_B: 1.244, cycle_B: 0.210, gp: 0.236

saving the latest model (epoch 32, total_iters 760000)
[Rank 0] (epoch: 32, iters: 1728, time: 0.001, data: 0.000) , D_A: 0.185, G_A: 0.914, cycle_A: 0.181, D_B: 0.336, G_B: 0.936, cycle_B: 0.201, gp: 0.321

[Rank 0] (epoch: 32, iters: 3328, time: 0.001, data: 0.001) , D_A: 0.230, G_A: 0.979, cycle_A: 0.198, D_B: 0.270, G_B: 1.090, cycle_B: 0.208, gp: 0.247

[Rank 0] (epoch: 32, iters: 4928, time: 0.001, data: 0.001) , D_A: 0.226, G_A: 0.981, cycle_A: 0.173, D_B: 0.303, G_B: 0.876, cycle_B: 0.213, gp: 0.284

[Rank 0] (epoch: 32, iters: 6528, time: 0.001, data: 0.001) , D_A: 0.314, G_A: 0.981, cycle_A: 0.205, D_B: 0.378, G_B: 0.799, cycle_B: 0.220, gp: 0.348

[Rank 0] (epoch: 32, iters: 8128, time: 0.001, data: 0.001) , D_A: 0.255, G_A: 0.911, cycle_A: 0.185, D_B: 0.205, G_B: 1.009, cycle_B: 0.210, gp: 0.182

[Rank 0] (epoch: 32, iters: 9728, time: 0.001, data: 0.001) , D_A: 0.260, G_A: 0.983, cycle_A: 0.176, D_B: 0.275, G_B: 0.995, cycle_B: 0.218, gp: 0.250

[Rank 0] (epoch: 32, iters: 11328, time: 0.001, data: 0.001) , D_A: 0.207, G_A: 1.037, cycle_A: 0.174, D_B: 0.258, G_B: 0.883, cycle_B: 0.211, gp: 0.240

[Rank 0] (epoch: 32, iters: 12928, time: 0.001, data: 0.001) , D_A: 0.335, G_A: 0.965, cycle_A: 0.189, D_B: 0.284, G_B: 0.854, cycle_B: 0.207, gp: 0.250

[Rank 0] (epoch: 32, iters: 14528, time: 0.001, data: 0.001) , D_A: 0.329, G_A: 0.997, cycle_A: 0.185, D_B: 0.258, G_B: 0.820, cycle_B: 0.212, gp: 0.236

[Rank 0] (epoch: 32, iters: 16128, time: 0.001, data: 0.001) , D_A: 0.287, G_A: 0.913, cycle_A: 0.176, D_B: 0.330, G_B: 0.977, cycle_B: 0.210, gp: 0.316

[Rank 0] (epoch: 32, iters: 17728, time: 0.001, data: 0.001) , D_A: 0.180, G_A: 0.958, cycle_A: 0.169, D_B: 0.388, G_B: 0.882, cycle_B: 0.209, gp: 0.365

[Rank 0] (epoch: 32, iters: 19328, time: 0.001, data: 0.001) , D_A: 0.184, G_A: 1.030, cycle_A: 0.184, D_B: 0.352, G_B: 0.921, cycle_B: 0.217, gp: 0.329

[Rank 0] (epoch: 32, iters: 20928, time: 0.001, data: 0.001) , D_A: 0.185, G_A: 0.899, cycle_A: 0.192, D_B: 0.271, G_B: 0.854, cycle_B: 0.204, gp: 0.251

[Rank 0] (epoch: 32, iters: 22528, time: 0.001, data: 0.001) , D_A: 0.290, G_A: 0.994, cycle_A: 0.177, D_B: 0.198, G_B: 0.803, cycle_B: 0.209, gp: 0.176

[Rank 0] (epoch: 32, iters: 24128, time: 0.001, data: 0.001) , D_A: 0.257, G_A: 0.979, cycle_A: 0.188, D_B: 0.222, G_B: 0.851, cycle_B: 0.202, gp: 0.196

learning rate 0.0002000 -> 0.0002000
temperature tau = 0.1748
End of epoch 32 / 50 	 Time Taken: 23 sec
[Rank 0] (epoch: 33, iters: 1216, time: 0.001, data: 0.001) , D_A: 0.211, G_A: 0.746, cycle_A: 0.182, D_B: 0.371, G_B: 0.613, cycle_B: 0.207, gp: 0.319

[Rank 0] (epoch: 33, iters: 2816, time: 0.001, data: 0.001) , D_A: 0.241, G_A: 0.711, cycle_A: 0.200, D_B: 0.224, G_B: 0.930, cycle_B: 0.209, gp: 0.208

[Rank 0] (epoch: 33, iters: 4416, time: 0.001, data: 0.001) , D_A: 0.205, G_A: 0.962, cycle_A: 0.191, D_B: 0.236, G_B: 0.858, cycle_B: 0.203, gp: 0.218

[Rank 0] (epoch: 33, iters: 6016, time: 0.001, data: 0.001) , D_A: 0.272, G_A: 0.970, cycle_A: 0.167, D_B: 0.252, G_B: 0.947, cycle_B: 0.200, gp: 0.239

[Rank 0] (epoch: 33, iters: 7616, time: 0.001, data: 0.001) , D_A: 0.221, G_A: 0.969, cycle_A: 0.199, D_B: 0.293, G_B: 0.933, cycle_B: 0.204, gp: 0.277

[Rank 0] (epoch: 33, iters: 9216, time: 0.001, data: 0.001) , D_A: 0.194, G_A: 0.982, cycle_A: 0.175, D_B: 0.267, G_B: 0.871, cycle_B: 0.219, gp: 0.246

[Rank 0] (epoch: 33, iters: 10816, time: 0.001, data: 0.001) , D_A: 0.251, G_A: 0.981, cycle_A: 0.196, D_B: 0.419, G_B: 1.102, cycle_B: 0.216, gp: 0.392

[Rank 0] (epoch: 33, iters: 12416, time: 0.001, data: 0.001) , D_A: 0.208, G_A: 1.013, cycle_A: 0.167, D_B: 0.203, G_B: 0.980, cycle_B: 0.219, gp: 0.185

[Rank 0] (epoch: 33, iters: 14016, time: 0.001, data: 0.001) , D_A: 0.234, G_A: 0.947, cycle_A: 0.184, D_B: 0.352, G_B: 1.036, cycle_B: 0.218, gp: 0.332

--- iter tau=0.1748 ---
  cipher in : gdibdfdbebhlmmbkebaeblkbkfefbhbcmlbkdbmfbeeibcebddakl bcicebheid
  decrypted : hla lil e hbmm fe ae bf fiei h hmb fl mi eea he llafbi hahe heal
  real plain: call ie ealiic ma ea hae aed ice a melia adiece head ahig cmaabl
  cipher in : dbgbfbdml ebadbaedebdbhlaldmbmfbdkelabkdblbkbkeeblbkebibed embdd
  decrypted : l h i lmbie al aele l hbablm mi lfeba fl b f fee b fe a eliem ll
  real plain: diied eec hah cl ad elicie i fe chamig he ambile acig bea lile e
[Rank 0] (epoch: 33, iters: 15616, time: 0.001, data: 0.001) , D_A: 0.271, G_A: 1.012, cycle_A: 0.192, D_B: 0.325, G_B: 0.985, cycle_B: 0.223, gp: 0.306

saving the latest model (epoch 33, total_iters 800000)
[Rank 0] (epoch: 33, iters: 17216, time: 0.001, data: 0.001) , D_A: 0.241, G_A: 0.893, cycle_A: 0.179, D_B: 0.325, G_B: 0.795, cycle_B: 0.191, gp: 0.304

[Rank 0] (epoch: 33, iters: 18816, time: 0.001, data: 0.001) , D_A: 0.241, G_A: 0.866, cycle_A: 0.196, D_B: 0.277, G_B: 1.107, cycle_B: 0.209, gp: 0.243

[Rank 0] (epoch: 33, iters: 20416, time: 0.001, data: 0.001) , D_A: 0.175, G_A: 0.924, cycle_A: 0.192, D_B: 0.337, G_B: 0.904, cycle_B: 0.213, gp: 0.318

[Rank 0] (epoch: 33, iters: 22016, time: 0.001, data: 0.001) , D_A: 0.256, G_A: 1.003, cycle_A: 0.180, D_B: 0.466, G_B: 0.960, cycle_B: 0.216, gp: 0.447

[Rank 0] (epoch: 33, iters: 23616, time: 0.001, data: 0.001) , D_A: 0.211, G_A: 0.936, cycle_A: 0.171, D_B: 0.250, G_B: 1.006, cycle_B: 0.204, gp: 0.237

learning rate 0.0002000 -> 0.0002000
temperature tau = 0.1691
End of epoch 33 / 50 	 Time Taken: 23 sec
[Rank 0] (epoch: 34, iters: 704, time: 0.001, data: 0.001) , D_A: 0.231, G_A: 0.983, cycle_A: 0.183, D_B: 0.337, G_B: 0.852, cycle_B: 0.205, gp: 0.317

[Rank 0] (epoch: 34, iters: 2304, time: 0.001, data: 0.000) , D_A: 0.217, G_A: 0.917, cycle_A: 0.172, D_B: 0.363, G_B: 0.907, cycle_B: 0.201, gp: 0.350

[Rank 0] (epoch: 34, iters: 3904, time: 0.001, data: 0.001) , D_A: 0.293, G_A: 0.987, cycle_A: 0.179, D_B: 0.275, G_B: 0.903, cycle_B: 0.204, gp: 0.254

[Rank 0] (epoch: 34, iters: 5504, time: 0.001, data: 0.001) , D_A: 0.254, G_A: 1.003, cycle_A: 0.181, D_B: 0.232, G_B: 0.864, cycle_B: 0.204, gp: 0.212

[Rank 0] (epoch: 34, iters: 7104, time: 0.001, data: 0.001) , D_A: 0.216, G_A: 0.600, cycle_A: 0.198, D_B: 0.319, G_B: 0.890, cycle_B: 0.216, gp: 0.299

[Rank 0] (epoch: 34, iters: 8704, time: 0.001, data: 0.001) , D_A: 0.224, G_A: 0.971, cycle_A: 0.185, D_B: 0.295, G_B: 1.020, cycle_B: 0.213, gp: 0.269

[Rank 0] (epoch: 34, iters: 10304, time: 0.001, data: 0.001) , D_A: 0.170, G_A: 1.061, cycle_A: 0.183, D_B: 0.260, G_B: 1.004, cycle_B: 0.205, gp: 0.244

[Rank 0] (epoch: 34, iters: 11904, time: 0.001, data: 0.001) , D_A: 0.233, G_A: 1.077, cycle_A: 0.192, D_B: 0.291, G_B: 1.023, cycle_B: 0.223, gp: 0.273

[Rank 0] (epoch: 34, iters: 13504, time: 0.001, data: 0.001) , D_A: 0.196, G_A: 0.975, cycle_A: 0.178, D_B: 0.328, G_B: 0.978, cycle_B: 0.205, gp: 0.313

[Rank 0] (epoch: 34, iters: 15104, time: 0.001, data: 0.001) , D_A: 0.115, G_A: 0.864, cycle_A: 0.183, D_B: 0.211, G_B: 0.880, cycle_B: 0.227, gp: 0.195

[Rank 0] (epoch: 34, iters: 16704, time: 0.001, data: 0.001) , D_A: 0.223, G_A: 0.881, cycle_A: 0.196, D_B: 0.305, G_B: 0.755, cycle_B: 0.205, gp: 0.277

[Rank 0] (epoch: 34, iters: 18304, time: 0.001, data: 0.001) , D_A: 0.282, G_A: 0.935, cycle_A: 0.178, D_B: 0.340, G_B: 0.954, cycle_B: 0.198, gp: 0.325

[Rank 0] (epoch: 34, iters: 19904, time: 0.001, data: 0.001) , D_A: 0.291, G_A: 0.862, cycle_A: 0.202, D_B: 0.267, G_B: 0.928, cycle_B: 0.204, gp: 0.249

[Rank 0] (epoch: 34, iters: 21504, time: 0.001, data: 0.001) , D_A: 0.337, G_A: 0.980, cycle_A: 0.183, D_B: 0.231, G_B: 0.721, cycle_B: 0.215, gp: 0.212

[Rank 0] (epoch: 34, iters: 23104, time: 0.001, data: 0.001) , D_A: 0.301, G_A: 1.165, cycle_A: 0.193, D_B: 0.299, G_B: 0.943, cycle_B: 0.203, gp: 0.284

learning rate 0.0002000 -> 0.0002000
temperature tau = 0.1637
End of epoch 34 / 50 	 Time Taken: 22 sec
[Rank 0] (epoch: 35, iters: 192, time: 0.001, data: 0.001) , D_A: 0.201, G_A: 1.000, cycle_A: 0.193, D_B: 0.388, G_B: 0.803, cycle_B: 0.217, gp: 0.358

[Rank 0] (epoch: 35, iters: 1792, time: 0.001, data: 0.003) , D_A: 0.262, G_A: 0.824, cycle_A: 0.182, D_B: 0.237, G_B: 1.074, cycle_B: 0.200, gp: 0.221

[Rank 0] (epoch: 35, iters: 3392, time: 0.001, data: 0.001) , D_A: 0.286, G_A: 1.034, cycle_A: 0.173, D_B: 0.320, G_B: 0.903, cycle_B: 0.210, gp: 0.302

[Rank 0] (epoch: 35, iters: 4992, time: 0.001, data: 0.001) , D_A: 0.212, G_A: 0.506, cycle_A: 0.186, D_B: 0.219, G_B: 0.823, cycle_B: 0.217, gp: 0.194

--- iter tau=0.1637 ---
  cipher in : gcbeeebkebleebhbkebhlbhml kbdbjlbkdjblbkebdml mbcl kbehheabhbkeb
  decrypted : hh eee fe bee h fe hb hdbif l ab fla b fe ldbid hbif ehhea h fe 
  real plain:  cme d da he eag ad ead he ciai f medal j like he e e e i f ig a
  cipher in : dmbadkmlabcbdkebkebllldlebeaehmebdfbdalhlaebhblfllfdmbeml lbaiil
  decrypted : ld alfdba h lfe fe bbblbe eaehde li labhbae h bibbild edbib aaab
  real plain: ld ee hee i aae ea h e hld feel bd b adeh le ad cede ice hi edil
[Rank 0] (epoch: 35, iters: 6592, time: 0.001, data: 0.001) , D_A: 0.302, G_A: 0.968, cycle_A: 0.195, D_B: 0.275, G_B: 1.079, cycle_B: 0.215, gp: 0.248

saving the latest model (epoch 35, total_iters 840000)
[Rank 0] (epoch: 35, iters: 8192, time: 0.001, data: 0.001) , D_A: 0.188, G_A: 0.948, cycle_A: 0.180, D_B: 0.307, G_B: 1.017, cycle_B: 0.217, gp: 0.293

[Rank 0] (epoch: 35, iters: 9792, time: 0.001, data: 0.001) , D_A: 0.184, G_A: 0.981, cycle_A: 0.191, D_B: 0.321, G_B: 0.965, cycle_B: 0.204, gp: 0.303

[Rank 0] (epoch: 35, iters: 11392, time: 0.001, data: 0.001) , D_A: 0.167, G_A: 0.938, cycle_A: 0.182, D_B: 0.208, G_B: 0.889, cycle_B: 0.204, gp: 0.197

[Rank 0] (epoch: 35, iters: 12992, time: 0.001, data: 0.001) , D_A: 0.369, G_A: 0.960, cycle_A: 0.186, D_B: 0.403, G_B: 1.044, cycle_B: 0.207, gp: 0.375

[Rank 0] (epoch: 35, iters: 14592, time: 0.001, data: 0.001) , D_A: 0.223, G_A: 0.989, cycle_A: 0.175, D_B: 0.352, G_B: 0.861, cycle_B: 0.211, gp: 0.333

[Rank 0] (epoch: 35, iters: 16192, time: 0.001, data: 0.001) , D_A: 0.196, G_A: 0.915, cycle_A: 0.192, D_B: 0.236, G_B: 0.855, cycle_B: 0.213, gp: 0.216

[Rank 0] (epoch: 35, iters: 17792, time: 0.001, data: 0.001) , D_A: 0.347, G_A: 1.008, cycle_A: 0.186, D_B: 0.288, G_B: 0.947, cycle_B: 0.209, gp: 0.274

[Rank 0] (epoch: 35, iters: 19392, time: 0.001, data: 0.001) , D_A: 0.354, G_A: 0.332, cycle_A: 0.167, D_B: 0.262, G_B: 1.018, cycle_B: 0.210, gp: 0.249

[Rank 0] (epoch: 35, iters: 20992, time: 0.001, data: 0.001) , D_A: 0.120, G_A: 1.020, cycle_A: 0.187, D_B: 0.287, G_B: 1.112, cycle_B: 0.204, gp: 0.268

[Rank 0] (epoch: 35, iters: 22592, time: 0.001, data: 0.001) , D_A: 0.201, G_A: 0.927, cycle_A: 0.190, D_B: 0.283, G_B: 0.933, cycle_B: 0.206, gp: 0.256

[Rank 0] (epoch: 35, iters: 24192, time: 0.001, data: 0.001) , D_A: 0.178, G_A: 1.028, cycle_A: 0.188, D_B: 0.346, G_B: 1.012, cycle_B: 0.201, gp: 0.333

learning rate 0.0002000 -> 0.0002000
temperature tau = 0.1584
End of epoch 35 / 50 	 Time Taken: 21 sec
[Rank 0] (epoch: 36, iters: 1280, time: 0.001, data: 0.001) , D_A: 0.203, G_A: 0.954, cycle_A: 0.174, D_B: 0.193, G_B: 1.011, cycle_B: 0.206, gp: 0.184

[Rank 0] (epoch: 36, iters: 2880, time: 0.001, data: 0.001) , D_A: 0.256, G_A: 0.962, cycle_A: 0.197, D_B: 0.226, G_B: 0.703, cycle_B: 0.208, gp: 0.197

[Rank 0] (epoch: 36, iters: 4480, time: 0.001, data: 0.001) , D_A: 0.267, G_A: 0.991, cycle_A: 0.177, D_B: 0.210, G_B: 1.025, cycle_B: 0.203, gp: 0.195

[Rank 0] (epoch: 36, iters: 6080, time: 0.001, data: 0.001) , D_A: 0.243, G_A: 0.989, cycle_A: 0.192, D_B: 0.330, G_B: 0.962, cycle_B: 0.204, gp: 0.316

[Rank 0] (epoch: 36, iters: 7680, time: 0.001, data: 0.001) , D_A: 0.151, G_A: 0.929, cycle_A: 0.182, D_B: 0.221, G_B: 0.821, cycle_B: 0.204, gp: 0.197

[Rank 0] (epoch: 36, iters: 9280, time: 0.001, data: 0.001) , D_A: 0.179, G_A: 0.932, cycle_A: 0.181, D_B: 0.341, G_B: 1.052, cycle_B: 0.210, gp: 0.320

[Rank 0] (epoch: 36, iters: 10880, time: 0.001, data: 0.001) , D_A: 0.208, G_A: 0.963, cycle_A: 0.178, D_B: 0.211, G_B: 1.016, cycle_B: 0.216, gp: 0.198

[Rank 0] (epoch: 36, iters: 12480, time: 0.001, data: 0.001) , D_A: 0.228, G_A: 0.974, cycle_A: 0.180, D_B: 0.220, G_B: 0.949, cycle_B: 0.212, gp: 0.209

[Rank 0] (epoch: 36, iters: 14080, time: 0.001, data: 0.001) , D_A: 0.243, G_A: 0.866, cycle_A: 0.180, D_B: 0.218, G_B: 0.930, cycle_B: 0.218, gp: 0.205

[Rank 0] (epoch: 36, iters: 15680, time: 0.001, data: 0.001) , D_A: 0.212, G_A: 1.001, cycle_A: 0.173, D_B: 0.259, G_B: 0.917, cycle_B: 0.220, gp: 0.250

[Rank 0] (epoch: 36, iters: 17280, time: 0.001, data: 0.001) , D_A: 0.178, G_A: 0.916, cycle_A: 0.173, D_B: 0.225, G_B: 0.811, cycle_B: 0.196, gp: 0.189

[Rank 0] (epoch: 36, iters: 18880, time: 0.001, data: 0.001) , D_A: 0.172, G_A: 0.983, cycle_A: 0.189, D_B: 0.267, G_B: 0.740, cycle_B: 0.206, gp: 0.235

[Rank 0] (epoch: 36, iters: 20480, time: 0.001, data: 0.001) , D_A: 0.249, G_A: 1.016, cycle_A: 0.179, D_B: 0.329, G_B: 1.113, cycle_B: 0.212, gp: 0.310

--- iter tau=0.1584 ---
  cipher in : ebfeml bdilbhbaeblbkdbmbl kbdfbakbedcmeblbdbealebdfbhmmbfeefdcme
  decrypted : e iedbi cab h ae b gc d big ci ag echde b c eabe ci hdd ieeichde
  real plain: he machie g ce ee a hi h diace he ee l age hae eig he machie g a
  cipher in : dlblbfebillilebeliebdebadehmbelabkebicebhbemebmedebdbebliebkdbdm
  decrypted : cb b ie abbabe ebae ce acehd eba ge ahe h ede dece c e bae gc cd
  real plain: idiecl elaed ciece ad echlg eehele ih all hee alificai ad ecei h
[Rank 0] (epoch: 36, iters: 22080, time: 0.001, data: 0.002) , D_A: 0.495, G_A: 1.347, cycle_A: 0.174, D_B: 0.336, G_B: 0.910, cycle_B: 0.220, gp: 0.321

saving the latest model (epoch 36, total_iters 880000)
[Rank 0] (epoch: 36, iters: 23680, time: 0.001, data: 0.001) , D_A: 0.220, G_A: 0.896, cycle_A: 0.182, D_B: 0.201, G_B: 1.008, cycle_B: 0.208, gp: 0.188

learning rate 0.0002000 -> 0.0002000
temperature tau = 0.1533
End of epoch 36 / 50 	 Time Taken: 23 sec
[Rank 0] (epoch: 37, iters: 768, time: 0.001, data: 0.001) , D_A: 0.186, G_A: 0.974, cycle_A: 0.184, D_B: 0.269, G_B: 0.958, cycle_B: 0.202, gp: 0.257

[Rank 0] (epoch: 37, iters: 2368, time: 0.001, data: 0.000) , D_A: 0.234, G_A: 0.946, cycle_A: 0.169, D_B: 0.214, G_B: 0.913, cycle_B: 0.202, gp: 0.198

[Rank 0] (epoch: 37, iters: 3968, time: 0.001, data: 0.001) , D_A: 0.266, G_A: 0.964, cycle_A: 0.198, D_B: 0.340, G_B: 0.940, cycle_B: 0.210, gp: 0.322

[Rank 0] (epoch: 37, iters: 5568, time: 0.001, data: 0.001) , D_A: 0.224, G_A: 1.008, cycle_A: 0.180, D_B: 0.195, G_B: 0.915, cycle_B: 0.199, gp: 0.181

[Rank 0] (epoch: 37, iters: 7168, time: 0.001, data: 0.001) , D_A: 0.296, G_A: 1.017, cycle_A: 0.188, D_B: 0.167, G_B: 0.977, cycle_B: 0.215, gp: 0.159

[Rank 0] (epoch: 37, iters: 8768, time: 0.001, data: 0.002) , D_A: 0.219, G_A: 0.990, cycle_A: 0.175, D_B: 0.214, G_B: 0.940, cycle_B: 0.217, gp: 0.204

[Rank 0] (epoch: 37, iters: 10368, time: 0.001, data: 0.001) , D_A: 0.218, G_A: 0.841, cycle_A: 0.192, D_B: 0.194, G_B: 0.919, cycle_B: 0.209, gp: 0.184

[Rank 0] (epoch: 37, iters: 11968, time: 0.001, data: 0.001) , D_A: 0.236, G_A: 0.987, cycle_A: 0.176, D_B: 0.300, G_B: 0.883, cycle_B: 0.215, gp: 0.284

[Rank 0] (epoch: 37, iters: 13568, time: 0.001, data: 0.001) , D_A: 0.346, G_A: 1.039, cycle_A: 0.201, D_B: 0.373, G_B: 0.969, cycle_B: 0.214, gp: 0.358

[Rank 0] (epoch: 37, iters: 15168, time: 0.001, data: 0.001) , D_A: 0.278, G_A: 0.982, cycle_A: 0.174, D_B: 0.197, G_B: 0.933, cycle_B: 0.227, gp: 0.182

[Rank 0] (epoch: 37, iters: 16768, time: 0.001, data: 0.001) , D_A: 0.202, G_A: 0.959, cycle_A: 0.202, D_B: 0.374, G_B: 0.902, cycle_B: 0.211, gp: 0.363

[Rank 0] (epoch: 37, iters: 18368, time: 0.001, data: 0.001) , D_A: 0.231, G_A: 0.861, cycle_A: 0.188, D_B: 0.280, G_B: 1.015, cycle_B: 0.192, gp: 0.268

[Rank 0] (epoch: 37, iters: 19968, time: 0.001, data: 0.001) , D_A: 0.169, G_A: 0.930, cycle_A: 0.186, D_B: 0.253, G_B: 1.072, cycle_B: 0.209, gp: 0.230

[Rank 0] (epoch: 37, iters: 21568, time: 0.001, data: 0.001) , D_A: 0.323, G_A: 1.004, cycle_A: 0.185, D_B: 0.298, G_B: 0.975, cycle_B: 0.210, gp: 0.286

[Rank 0] (epoch: 37, iters: 23168, time: 0.001, data: 0.001) , D_A: 0.230, G_A: 0.908, cycle_A: 0.191, D_B: 0.263, G_B: 0.939, cycle_B: 0.202, gp: 0.249

learning rate 0.0002000 -> 0.0002000
temperature tau = 0.1483
End of epoch 37 / 50 	 Time Taken: 23 sec
[Rank 0] (epoch: 38, iters: 256, time: 0.001, data: 0.001) , D_A: 0.244, G_A: 0.942, cycle_A: 0.197, D_B: 0.301, G_B: 0.990, cycle_B: 0.209, gp: 0.288

[Rank 0] (epoch: 38, iters: 1856, time: 0.001, data: 0.005) , D_A: 0.225, G_A: 0.990, cycle_A: 0.175, D_B: 0.266, G_B: 1.162, cycle_B: 0.202, gp: 0.232

[Rank 0] (epoch: 38, iters: 3456, time: 0.001, data: 0.001) , D_A: 0.279, G_A: 0.982, cycle_A: 0.186, D_B: 0.335, G_B: 0.959, cycle_B: 0.209, gp: 0.319

[Rank 0] (epoch: 38, iters: 5056, time: 0.001, data: 0.001) , D_A: 0.134, G_A: 0.970, cycle_A: 0.185, D_B: 0.326, G_B: 0.941, cycle_B: 0.216, gp: 0.313

[Rank 0] (epoch: 38, iters: 6656, time: 0.001, data: 0.003) , D_A: 0.237, G_A: 0.960, cycle_A: 0.177, D_B: 0.313, G_B: 1.052, cycle_B: 0.216, gp: 0.292

[Rank 0] (epoch: 38, iters: 8256, time: 0.001, data: 0.001) , D_A: 0.268, G_A: 1.032, cycle_A: 0.173, D_B: 0.237, G_B: 0.909, cycle_B: 0.209, gp: 0.224

[Rank 0] (epoch: 38, iters: 9856, time: 0.001, data: 0.001) , D_A: 0.206, G_A: 0.878, cycle_A: 0.183, D_B: 0.384, G_B: 1.102, cycle_B: 0.207, gp: 0.364

[Rank 0] (epoch: 38, iters: 11456, time: 0.001, data: 0.001) , D_A: 0.271, G_A: 0.970, cycle_A: 0.186, D_B: 0.306, G_B: 0.825, cycle_B: 0.201, gp: 0.278

--- iter tau=0.1483 ---
  cipher in : babakdebdbdaebdabhbkebdablbcfefbcblmdfbdebflajbdebdfbedlajbdebhb
  decrypted :  a agle l lae la h ge la b hiei h bdli le ibaa le li elbaa le h 
  real plain:  amg he fdig fahe he eed a eide f he cieal cge he laed he leadig
  cipher in : elblhdabkbfebklb lmbjeebdbedeblbkebehl edbkebiefbdmfbekblbdbibjl
  decrypted : eb bhla g ie gb ibd aee l ele b ge ehbiel ge aei ldi eg b l a ab
  real plain: ee ceail deed me ee he edca cialcla ii ad al hi cial hi a ell a 
[Rank 0] (epoch: 38, iters: 13056, time: 0.001, data: 0.001) , D_A: 0.219, G_A: 0.932, cycle_A: 0.186, D_B: 0.308, G_B: 0.928, cycle_B: 0.207, gp: 0.286

saving the latest model (epoch 38, total_iters 920000)
[Rank 0] (epoch: 38, iters: 14656, time: 0.001, data: 0.002) , D_A: 0.171, G_A: 0.968, cycle_A: 0.186, D_B: 0.261, G_B: 0.936, cycle_B: 0.214, gp: 0.245

[Rank 0] (epoch: 38, iters: 16256, time: 0.001, data: 0.002) , D_A: 0.165, G_A: 0.955, cycle_A: 0.191, D_B: 0.379, G_B: 0.876, cycle_B: 0.210, gp: 0.360

[Rank 0] (epoch: 38, iters: 17856, time: 0.001, data: 0.001) , D_A: 0.190, G_A: 0.922, cycle_A: 0.179, D_B: 0.411, G_B: 1.013, cycle_B: 0.213, gp: 0.401

[Rank 0] (epoch: 38, iters: 19456, time: 0.001, data: 0.001) , D_A: 0.134, G_A: 0.908, cycle_A: 0.196, D_B: 0.289, G_B: 1.002, cycle_B: 0.213, gp: 0.276

[Rank 0] (epoch: 38, iters: 21056, time: 0.001, data: 0.001) , D_A: 0.279, G_A: 0.962, cycle_A: 0.182, D_B: 0.278, G_B: 0.988, cycle_B: 0.210, gp: 0.262

[Rank 0] (epoch: 38, iters: 22656, time: 0.001, data: 0.001) , D_A: 0.313, G_A: 0.957, cycle_A: 0.187, D_B: 0.330, G_B: 0.921, cycle_B: 0.201, gp: 0.313

[Rank 0] (epoch: 38, iters: 24256, time: 0.001, data: 0.002) , D_A: 0.193, G_A: 1.009, cycle_A: 0.190, D_B: 0.383, G_B: 1.014, cycle_B: 0.201, gp: 0.363

learning rate 0.0002000 -> 0.0002000
temperature tau = 0.1435
End of epoch 38 / 50 	 Time Taken: 23 sec
[Rank 0] (epoch: 39, iters: 1344, time: 0.001, data: 0.001) , D_A: 0.185, G_A: 0.930, cycle_A: 0.185, D_B: 0.370, G_B: 1.036, cycle_B: 0.202, gp: 0.352

[Rank 0] (epoch: 39, iters: 2944, time: 0.001, data: 0.001) , D_A: 0.201, G_A: 0.977, cycle_A: 0.182, D_B: 0.315, G_B: 0.773, cycle_B: 0.208, gp: 0.294

[Rank 0] (epoch: 39, iters: 4544, time: 0.001, data: 0.001) , D_A: 0.249, G_A: 0.908, cycle_A: 0.189, D_B: 0.201, G_B: 0.962, cycle_B: 0.203, gp: 0.187

[Rank 0] (epoch: 39, iters: 6144, time: 0.001, data: 0.002) , D_A: 0.155, G_A: 0.989, cycle_A: 0.184, D_B: 0.314, G_B: 0.793, cycle_B: 0.206, gp: 0.296

[Rank 0] (epoch: 39, iters: 7744, time: 0.001, data: 0.001) , D_A: 0.203, G_A: 0.908, cycle_A: 0.199, D_B: 0.326, G_B: 0.984, cycle_B: 0.213, gp: 0.312

[Rank 0] (epoch: 39, iters: 9344, time: 0.001, data: 0.001) , D_A: 0.238, G_A: 0.949, cycle_A: 0.176, D_B: 0.367, G_B: 1.006, cycle_B: 0.219, gp: 0.354

[Rank 0] (epoch: 39, iters: 10944, time: 0.001, data: 0.001) , D_A: 0.205, G_A: 0.992, cycle_A: 0.184, D_B: 0.273, G_B: 0.850, cycle_B: 0.211, gp: 0.247

[Rank 0] (epoch: 39, iters: 12544, time: 0.001, data: 0.002) , D_A: 0.259, G_A: 0.911, cycle_A: 0.180, D_B: 0.365, G_B: 0.962, cycle_B: 0.212, gp: 0.348

[Rank 0] (epoch: 39, iters: 14144, time: 0.001, data: 0.001) , D_A: 0.283, G_A: 0.925, cycle_A: 0.179, D_B: 0.283, G_B: 0.981, cycle_B: 0.218, gp: 0.268

[Rank 0] (epoch: 39, iters: 15744, time: 0.001, data: 0.001) , D_A: 0.231, G_A: 0.947, cycle_A: 0.191, D_B: 0.235, G_B: 0.993, cycle_B: 0.219, gp: 0.228

[Rank 0] (epoch: 39, iters: 17344, time: 0.001, data: 0.001) , D_A: 0.295, G_A: 0.940, cycle_A: 0.182, D_B: 0.328, G_B: 0.909, cycle_B: 0.191, gp: 0.310

[Rank 0] (epoch: 39, iters: 18944, time: 0.001, data: 0.002) , D_A: 0.287, G_A: 0.914, cycle_A: 0.182, D_B: 0.322, G_B: 0.920, cycle_B: 0.214, gp: 0.310

[Rank 0] (epoch: 39, iters: 20544, time: 0.001, data: 0.001) , D_A: 0.191, G_A: 0.954, cycle_A: 0.179, D_B: 0.222, G_B: 0.997, cycle_B: 0.205, gp: 0.213

[Rank 0] (epoch: 39, iters: 22144, time: 0.001, data: 0.001) , D_A: 0.138, G_A: 0.922, cycle_A: 0.179, D_B: 0.450, G_B: 0.943, cycle_B: 0.216, gp: 0.417

[Rank 0] (epoch: 39, iters: 23744, time: 0.001, data: 0.001) , D_A: 0.158, G_A: 0.848, cycle_A: 0.182, D_B: 0.331, G_B: 0.958, cycle_B: 0.203, gp: 0.318

learning rate 0.0002000 -> 0.0002000
temperature tau = 0.1389
End of epoch 39 / 50 	 Time Taken: 23 sec
[Rank 0] (epoch: 40, iters: 832, time: 0.001, data: 0.001) , D_A: 0.258, G_A: 0.993, cycle_A: 0.179, D_B: 0.393, G_B: 0.878, cycle_B: 0.202, gp: 0.381

[Rank 0] (epoch: 40, iters: 2432, time: 0.001, data: 0.000) , D_A: 0.249, G_A: 0.993, cycle_A: 0.184, D_B: 0.325, G_B: 0.973, cycle_B: 0.200, gp: 0.316

--- iter tau=0.1389 ---
  cipher in : bdbkebdfladmbehibhbfblebhbkeceblbamme eblmbaeblbkeebfeedlbkebebk
  decrypted :  c ge cibacd eha h i be h gehe b addeie bd ae b gee ieecb ge e g
  real plain: b ha g mehig icadece f hi bahm a milei a hie hea he ble efmace e
  cipher in : dbdbembdmk kbeblmmbidjebebhbklbfllalbkeeblbiakbahlbdbkebiedl bhb
  decrypted : c c ed cdgig e bdd acae e h gb ibbab gee b aag ahb c ge aecbi h 
  real plain: igle efl jab ha e g eelig ildl ad cahig d ih a hiig ga he aed gg
[Rank 0] (epoch: 40, iters: 4032, time: 0.001, data: 0.001) , D_A: 0.257, G_A: 0.943, cycle_A: 0.192, D_B: 0.251, G_B: 0.876, cycle_B: 0.205, gp: 0.238

saving the latest model (epoch 40, total_iters 960000)
[Rank 0] (epoch: 40, iters: 5632, time: 0.001, data: 0.001) , D_A: 0.211, G_A: 1.016, cycle_A: 0.189, D_B: 0.286, G_B: 1.126, cycle_B: 0.204, gp: 0.265

[Rank 0] (epoch: 40, iters: 7232, time: 0.001, data: 0.001) , D_A: 0.229, G_A: 1.020, cycle_A: 0.194, D_B: 0.246, G_B: 0.936, cycle_B: 0.205, gp: 0.226

[Rank 0] (epoch: 40, iters: 8832, time: 0.001, data: 0.001) , D_A: 0.231, G_A: 0.918, cycle_A: 0.182, D_B: 0.412, G_B: 0.731, cycle_B: 0.217, gp: 0.337

[Rank 0] (epoch: 40, iters: 10432, time: 0.001, data: 0.001) , D_A: 0.286, G_A: 0.962, cycle_A: 0.190, D_B: 0.263, G_B: 0.940, cycle_B: 0.209, gp: 0.254

[Rank 0] (epoch: 40, iters: 12032, time: 0.001, data: 0.001) , D_A: 0.217, G_A: 0.982, cycle_A: 0.181, D_B: 0.287, G_B: 0.885, cycle_B: 0.215, gp: 0.275

[Rank 0] (epoch: 40, iters: 13632, time: 0.001, data: 0.001) , D_A: 0.256, G_A: 0.980, cycle_A: 0.185, D_B: 0.300, G_B: 0.966, cycle_B: 0.205, gp: 0.288

[Rank 0] (epoch: 40, iters: 15232, time: 0.001, data: 0.001) , D_A: 0.261, G_A: 1.010, cycle_A: 0.189, D_B: 0.252, G_B: 0.887, cycle_B: 0.227, gp: 0.244

[Rank 0] (epoch: 40, iters: 16832, time: 0.001, data: 0.001) , D_A: 0.157, G_A: 0.957, cycle_A: 0.199, D_B: 0.372, G_B: 0.932, cycle_B: 0.219, gp: 0.358

[Rank 0] (epoch: 40, iters: 18432, time: 0.001, data: 0.001) , D_A: 0.239, G_A: 0.970, cycle_A: 0.177, D_B: 0.233, G_B: 0.971, cycle_B: 0.191, gp: 0.221

[Rank 0] (epoch: 40, iters: 20032, time: 0.001, data: 0.001) , D_A: 0.219, G_A: 0.946, cycle_A: 0.192, D_B: 0.267, G_B: 0.808, cycle_B: 0.217, gp: 0.240

[Rank 0] (epoch: 40, iters: 21632, time: 0.001, data: 0.001) , D_A: 0.210, G_A: 0.938, cycle_A: 0.185, D_B: 0.218, G_B: 0.913, cycle_B: 0.207, gp: 0.209

[Rank 0] (epoch: 40, iters: 23232, time: 0.001, data: 0.001) , D_A: 0.212, G_A: 0.944, cycle_A: 0.185, D_B: 0.271, G_B: 0.937, cycle_B: 0.211, gp: 0.258

learning rate 0.0002000 -> 0.0001818
temperature tau = 0.1344
End of epoch 40 / 50 	 Time Taken: 22 sec
[Rank 0] (epoch: 41, iters: 320, time: 0.001, data: 0.001) , D_A: 0.235, G_A: 0.950, cycle_A: 0.193, D_B: 0.319, G_B: 0.874, cycle_B: 0.209, gp: 0.308

[Rank 0] (epoch: 41, iters: 1920, time: 0.001, data: 0.001) , D_A: 0.227, G_A: 0.976, cycle_A: 0.180, D_B: 0.243, G_B: 0.912, cycle_B: 0.202, gp: 0.231

[Rank 0] (epoch: 41, iters: 3520, time: 0.001, data: 0.001) , D_A: 0.226, G_A: 0.904, cycle_A: 0.187, D_B: 0.301, G_B: 0.987, cycle_B: 0.208, gp: 0.284

[Rank 0] (epoch: 41, iters: 5120, time: 0.001, data: 0.001) , D_A: 0.160, G_A: 0.948, cycle_A: 0.190, D_B: 0.204, G_B: 0.920, cycle_B: 0.212, gp: 0.192

[Rank 0] (epoch: 41, iters: 6720, time: 0.001, data: 0.001) , D_A: 0.189, G_A: 0.977, cycle_A: 0.187, D_B: 0.267, G_B: 0.880, cycle_B: 0.220, gp: 0.255

[Rank 0] (epoch: 41, iters: 8320, time: 0.001, data: 0.001) , D_A: 0.275, G_A: 0.934, cycle_A: 0.186, D_B: 0.316, G_B: 0.876, cycle_B: 0.205, gp: 0.298

[Rank 0] (epoch: 41, iters: 9920, time: 0.001, data: 0.001) , D_A: 0.209, G_A: 0.938, cycle_A: 0.181, D_B: 0.238, G_B: 0.944, cycle_B: 0.208, gp: 0.230

[Rank 0] (epoch: 41, iters: 11520, time: 0.001, data: 0.001) , D_A: 0.157, G_A: 0.877, cycle_A: 0.194, D_B: 0.254, G_B: 0.916, cycle_B: 0.201, gp: 0.239

[Rank 0] (epoch: 41, iters: 13120, time: 0.001, data: 0.001) , D_A: 0.175, G_A: 0.980, cycle_A: 0.172, D_B: 0.239, G_B: 1.011, cycle_B: 0.215, gp: 0.222

[Rank 0] (epoch: 41, iters: 14720, time: 0.001, data: 0.001) , D_A: 0.341, G_A: 0.930, cycle_A: 0.185, D_B: 0.263, G_B: 0.936, cycle_B: 0.211, gp: 0.252

[Rank 0] (epoch: 41, iters: 16320, time: 0.001, data: 0.001) , D_A: 0.276, G_A: 0.969, cycle_A: 0.192, D_B: 0.377, G_B: 0.753, cycle_B: 0.210, gp: 0.346

[Rank 0] (epoch: 41, iters: 17920, time: 0.001, data: 0.001) , D_A: 0.194, G_A: 0.876, cycle_A: 0.169, D_B: 0.314, G_B: 0.915, cycle_B: 0.209, gp: 0.306

--- iter tau=0.1344 ---
  cipher in : bfcbkdbkebmdaefbdbdlhlaldmbdlbgdajebhblbkebedbhbdebel bklakblbed
  decrypted :  ih gl ge mlaei l lbhbablm lb hlaae h b ge el h le ebi gbag b el
  real plain: a i mh i head me hee a l f ae gig hee i g i a ake a lk hi i dame
  cipher in : heeblbdbhdl bklbedkebeebadmbhmmbhbkebfbhbeeibadabidfebcbkebhml k
  decrypted : hee b l hlbi gb elge ee alm hmm h ge i h eea ala alie h ge hmbig
  real plain: mclmbia hae lck feigh kigh deaml hele am ca be cch icble a ligh 
[Rank 0] (epoch: 41, iters: 19520, time: 0.001, data: 0.001) , D_A: 0.327, G_A: 0.911, cycle_A: 0.183, D_B: 0.199, G_B: 0.892, cycle_B: 0.211, gp: 0.186

saving the latest model (epoch 41, total_iters 1000000)
[Rank 0] (epoch: 41, iters: 21120, time: 0.001, data: 0.001) , D_A: 0.186, G_A: 0.809, cycle_A: 0.190, D_B: 0.263, G_B: 0.904, cycle_B: 0.210, gp: 0.247

[Rank 0] (epoch: 41, iters: 22720, time: 0.001, data: 0.001) , D_A: 0.214, G_A: 0.935, cycle_A: 0.185, D_B: 0.234, G_B: 0.903, cycle_B: 0.202, gp: 0.221

[Rank 0] (epoch: 41, iters: 24320, time: 0.001, data: 0.001) , D_A: 0.179, G_A: 1.017, cycle_A: 0.182, D_B: 0.219, G_B: 0.871, cycle_B: 0.205, gp: 0.206

learning rate 0.0001818 -> 0.0001636
temperature tau = 0.1301
End of epoch 41 / 50 	 Time Taken: 23 sec
[Rank 0] (epoch: 42, iters: 1408, time: 0.001, data: 0.001) , D_A: 0.177, G_A: 1.014, cycle_A: 0.173, D_B: 0.317, G_B: 0.971, cycle_B: 0.201, gp: 0.307

[Rank 0] (epoch: 42, iters: 3008, time: 0.001, data: 0.001) , D_A: 0.172, G_A: 0.896, cycle_A: 0.197, D_B: 0.201, G_B: 0.973, cycle_B: 0.208, gp: 0.191

[Rank 0] (epoch: 42, iters: 4608, time: 0.001, data: 0.001) , D_A: 0.226, G_A: 0.997, cycle_A: 0.178, D_B: 0.275, G_B: 0.998, cycle_B: 0.208, gp: 0.266

[Rank 0] (epoch: 42, iters: 6208, time: 0.001, data: 0.001) , D_A: 0.211, G_A: 0.882, cycle_A: 0.179, D_B: 0.282, G_B: 0.991, cycle_B: 0.217, gp: 0.274

[Rank 0] (epoch: 42, iters: 7808, time: 0.001, data: 0.001) , D_A: 0.189, G_A: 0.926, cycle_A: 0.180, D_B: 0.221, G_B: 0.960, cycle_B: 0.210, gp: 0.211

[Rank 0] (epoch: 42, iters: 9408, time: 0.001, data: 0.001) , D_A: 0.209, G_A: 0.924, cycle_A: 0.171, D_B: 0.254, G_B: 0.912, cycle_B: 0.218, gp: 0.240

[Rank 0] (epoch: 42, iters: 11008, time: 0.001, data: 0.001) , D_A: 0.210, G_A: 0.940, cycle_A: 0.184, D_B: 0.257, G_B: 0.945, cycle_B: 0.213, gp: 0.250

[Rank 0] (epoch: 42, iters: 12608, time: 0.001, data: 0.001) , D_A: 0.149, G_A: 1.003, cycle_A: 0.196, D_B: 0.287, G_B: 0.849, cycle_B: 0.217, gp: 0.269

[Rank 0] (epoch: 42, iters: 14208, time: 0.001, data: 0.001) , D_A: 0.223, G_A: 1.003, cycle_A: 0.176, D_B: 0.245, G_B: 0.946, cycle_B: 0.217, gp: 0.232

[Rank 0] (epoch: 42, iters: 15808, time: 0.001, data: 0.001) , D_A: 0.207, G_A: 0.923, cycle_A: 0.175, D_B: 0.229, G_B: 1.018, cycle_B: 0.226, gp: 0.219

[Rank 0] (epoch: 42, iters: 17408, time: 0.001, data: 0.001) , D_A: 0.278, G_A: 1.017, cycle_A: 0.199, D_B: 0.293, G_B: 0.946, cycle_B: 0.194, gp: 0.283

[Rank 0] (epoch: 42, iters: 19008, time: 0.001, data: 0.002) , D_A: 0.204, G_A: 0.935, cycle_A: 0.194, D_B: 0.266, G_B: 0.760, cycle_B: 0.210, gp: 0.241

[Rank 0] (epoch: 42, iters: 20608, time: 0.001, data: 0.001) , D_A: 0.228, G_A: 0.831, cycle_A: 0.175, D_B: 0.207, G_B: 0.976, cycle_B: 0.211, gp: 0.196

[Rank 0] (epoch: 42, iters: 22208, time: 0.001, data: 0.001) , D_A: 0.207, G_A: 0.920, cycle_A: 0.195, D_B: 0.315, G_B: 1.123, cycle_B: 0.210, gp: 0.293

[Rank 0] (epoch: 42, iters: 23808, time: 0.001, data: 0.001) , D_A: 0.220, G_A: 0.976, cycle_A: 0.177, D_B: 0.181, G_B: 0.885, cycle_B: 0.202, gp: 0.168

learning rate 0.0001636 -> 0.0001455
temperature tau = 0.1258
End of epoch 42 / 50 	 Time Taken: 21 sec
[Rank 0] (epoch: 43, iters: 896, time: 0.001, data: 0.001) , D_A: 0.280, G_A: 0.922, cycle_A: 0.170, D_B: 0.290, G_B: 0.970, cycle_B: 0.203, gp: 0.280

[Rank 0] (epoch: 43, iters: 2496, time: 0.001, data: 0.000) , D_A: 0.167, G_A: 0.994, cycle_A: 0.184, D_B: 0.250, G_B: 0.938, cycle_B: 0.203, gp: 0.241

[Rank 0] (epoch: 43, iters: 4096, time: 0.001, data: 0.001) , D_A: 0.294, G_A: 0.912, cycle_A: 0.191, D_B: 0.252, G_B: 1.026, cycle_B: 0.204, gp: 0.240

[Rank 0] (epoch: 43, iters: 5696, time: 0.001, data: 0.001) , D_A: 0.129, G_A: 0.970, cycle_A: 0.171, D_B: 0.245, G_B: 0.953, cycle_B: 0.200, gp: 0.237

[Rank 0] (epoch: 43, iters: 7296, time: 0.001, data: 0.001) , D_A: 0.162, G_A: 0.939, cycle_A: 0.194, D_B: 0.272, G_B: 0.950, cycle_B: 0.207, gp: 0.264

[Rank 0] (epoch: 43, iters: 8896, time: 0.001, data: 0.001) , D_A: 0.250, G_A: 0.922, cycle_A: 0.180, D_B: 0.279, G_B: 0.977, cycle_B: 0.218, gp: 0.267

--- iter tau=0.1258 ---
  cipher in : lbkdebgbmehblbmfbkliblbibkebcebdfl bkebmlebceeebhdaebdfb eidbkeb
  decrypted : b gce h meh b mi gba b a ge he cibi ge mbe heee hcae ci ieac ge 
  real plain: ha ae eihe h ie ael aicle b mehig mida beee he l ma alie h eem a
  cipher in : kebmdbhbhlmibdfbedakl bmdebmlfebebfl bklbelfbdbdmbhbeklclbeebeee
  decrypted : ge mc h hbma ci ecagbi mce mbie e ibi gb ebi c cm h egbhb ee eee
  real plain: iche fibe lae hei aeage hicke ca be ke bel ich ad hei ieal le ma
[Rank 0] (epoch: 43, iters: 10496, time: 0.001, data: 0.001) , D_A: 0.238, G_A: 0.992, cycle_A: 0.190, D_B: 0.278, G_B: 0.920, cycle_B: 0.209, gp: 0.266

saving the latest model (epoch 43, total_iters 1040000)
[Rank 0] (epoch: 43, iters: 12096, time: 0.001, data: 0.001) , D_A: 0.157, G_A: 0.900, cycle_A: 0.173, D_B: 0.230, G_B: 1.001, cycle_B: 0.215, gp: 0.214

[Rank 0] (epoch: 43, iters: 13696, time: 0.001, data: 0.001) , D_A: 0.258, G_A: 0.938, cycle_A: 0.189, D_B: 0.396, G_B: 1.056, cycle_B: 0.205, gp: 0.384

[Rank 0] (epoch: 43, iters: 15296, time: 0.001, data: 0.001) , D_A: 0.269, G_A: 1.074, cycle_A: 0.190, D_B: 0.335, G_B: 0.900, cycle_B: 0.228, gp: 0.321

[Rank 0] (epoch: 43, iters: 16896, time: 0.001, data: 0.001) , D_A: 0.209, G_A: 1.013, cycle_A: 0.187, D_B: 0.264, G_B: 1.022, cycle_B: 0.205, gp: 0.256

[Rank 0] (epoch: 43, iters: 18496, time: 0.001, data: 0.001) , D_A: 0.214, G_A: 0.908, cycle_A: 0.185, D_B: 0.332, G_B: 0.975, cycle_B: 0.207, gp: 0.318

[Rank 0] (epoch: 43, iters: 20096, time: 0.001, data: 0.001) , D_A: 0.228, G_A: 0.972, cycle_A: 0.188, D_B: 0.254, G_B: 1.017, cycle_B: 0.215, gp: 0.244

[Rank 0] (epoch: 43, iters: 21696, time: 0.001, data: 0.001) , D_A: 0.158, G_A: 0.959, cycle_A: 0.196, D_B: 0.273, G_B: 1.025, cycle_B: 0.207, gp: 0.266

[Rank 0] (epoch: 43, iters: 23296, time: 0.001, data: 0.001) , D_A: 0.216, G_A: 0.978, cycle_A: 0.180, D_B: 0.241, G_B: 0.969, cycle_B: 0.202, gp: 0.232

learning rate 0.0001455 -> 0.0001273
temperature tau = 0.1218
End of epoch 43 / 50 	 Time Taken: 22 sec
[Rank 0] (epoch: 44, iters: 384, time: 0.001, data: 0.001) , D_A: 0.235, G_A: 0.977, cycle_A: 0.195, D_B: 0.244, G_B: 1.025, cycle_B: 0.214, gp: 0.230

[Rank 0] (epoch: 44, iters: 1984, time: 0.001, data: 0.000) , D_A: 0.266, G_A: 0.927, cycle_A: 0.177, D_B: 0.307, G_B: 0.946, cycle_B: 0.200, gp: 0.298

[Rank 0] (epoch: 44, iters: 3584, time: 0.001, data: 0.001) , D_A: 0.243, G_A: 0.944, cycle_A: 0.195, D_B: 0.284, G_B: 0.920, cycle_B: 0.208, gp: 0.265

[Rank 0] (epoch: 44, iters: 5184, time: 0.001, data: 0.001) , D_A: 0.166, G_A: 0.942, cycle_A: 0.184, D_B: 0.218, G_B: 0.982, cycle_B: 0.199, gp: 0.207

[Rank 0] (epoch: 44, iters: 6784, time: 0.001, data: 0.001) , D_A: 0.200, G_A: 0.906, cycle_A: 0.176, D_B: 0.256, G_B: 0.914, cycle_B: 0.216, gp: 0.242

[Rank 0] (epoch: 44, iters: 8384, time: 0.001, data: 0.001) , D_A: 0.237, G_A: 0.909, cycle_A: 0.195, D_B: 0.190, G_B: 1.003, cycle_B: 0.206, gp: 0.183

[Rank 0] (epoch: 44, iters: 9984, time: 0.001, data: 0.001) , D_A: 0.246, G_A: 0.946, cycle_A: 0.184, D_B: 0.218, G_B: 0.992, cycle_B: 0.208, gp: 0.207

[Rank 0] (epoch: 44, iters: 11584, time: 0.001, data: 0.001) , D_A: 0.187, G_A: 0.970, cycle_A: 0.181, D_B: 0.232, G_B: 0.901, cycle_B: 0.200, gp: 0.221

[Rank 0] (epoch: 44, iters: 13184, time: 0.001, data: 0.001) , D_A: 0.221, G_A: 0.931, cycle_A: 0.199, D_B: 0.308, G_B: 0.983, cycle_B: 0.207, gp: 0.296

[Rank 0] (epoch: 44, iters: 14784, time: 0.001, data: 0.001) , D_A: 0.212, G_A: 0.909, cycle_A: 0.175, D_B: 0.286, G_B: 1.002, cycle_B: 0.215, gp: 0.278

[Rank 0] (epoch: 44, iters: 16384, time: 0.001, data: 0.001) , D_A: 0.228, G_A: 0.972, cycle_A: 0.175, D_B: 0.322, G_B: 0.903, cycle_B: 0.212, gp: 0.311

[Rank 0] (epoch: 44, iters: 17984, time: 0.001, data: 0.001) , D_A: 0.194, G_A: 0.940, cycle_A: 0.172, D_B: 0.286, G_B: 0.858, cycle_B: 0.200, gp: 0.267

[Rank 0] (epoch: 44, iters: 19584, time: 0.001, data: 0.001) , D_A: 0.252, G_A: 0.924, cycle_A: 0.175, D_B: 0.189, G_B: 0.931, cycle_B: 0.205, gp: 0.177

[Rank 0] (epoch: 44, iters: 21184, time: 0.001, data: 0.001) , D_A: 0.216, G_A: 0.985, cycle_A: 0.186, D_B: 0.235, G_B: 0.926, cycle_B: 0.210, gp: 0.225

[Rank 0] (epoch: 44, iters: 22784, time: 0.001, data: 0.001) , D_A: 0.184, G_A: 0.892, cycle_A: 0.184, D_B: 0.194, G_B: 0.887, cycle_B: 0.206, gp: 0.188

[Rank 0] (epoch: 44, iters: 24384, time: 0.001, data: 0.002) , D_A: 0.201, G_A: 0.971, cycle_A: 0.179, D_B: 0.221, G_B: 0.897, cycle_B: 0.201, gp: 0.214

learning rate 0.0001273 -> 0.0001091
temperature tau = 0.1178
End of epoch 44 / 50 	 Time Taken: 23 sec
--- iter tau=0.1178 ---
  cipher in : akbdfgiebdbidbkdebdbml kbflaihbeebcbdhebdbkbliebklblmmbfldedbdeb
  decrypted : ag cihae c ac gce c mbig ibaah ee h che c g bae gb bmm ibcec ce 
  real plain:  a ameded heeiafe efeed a he ac ad f admiiaie eee f he eim bak f
  cipher in : bkdbkbebebk kbdcblbceheblbdbkdbhbdbcblbeebeeiefbedmbeebeeiefbdbl
  decrypted :  gc g e e gig ch b hehe b c gc h c h b ee eeaei ecm ee eeaei c b
  real plain: i e he f a immiga iih laee i he h ide lile hell cle b he icilia 
[Rank 0] (epoch: 45, iters: 1472, time: 0.001, data: 0.001) , D_A: 0.247, G_A: 0.947, cycle_A: 0.172, D_B: 0.322, G_B: 0.951, cycle_B: 0.205, gp: 0.311

saving the latest model (epoch 45, total_iters 1080000)
[Rank 0] (epoch: 45, iters: 3072, time: 0.001, data: 0.001) , D_A: 0.219, G_A: 0.952, cycle_A: 0.195, D_B: 0.258, G_B: 0.997, cycle_B: 0.214, gp: 0.249

[Rank 0] (epoch: 45, iters: 4672, time: 0.001, data: 0.001) , D_A: 0.215, G_A: 0.878, cycle_A: 0.177, D_B: 0.197, G_B: 0.940, cycle_B: 0.213, gp: 0.184

[Rank 0] (epoch: 45, iters: 6272, time: 0.001, data: 0.001) , D_A: 0.231, G_A: 0.802, cycle_A: 0.185, D_B: 0.334, G_B: 0.935, cycle_B: 0.216, gp: 0.322

[Rank 0] (epoch: 45, iters: 7872, time: 0.001, data: 0.001) , D_A: 0.206, G_A: 0.949, cycle_A: 0.174, D_B: 0.308, G_B: 0.996, cycle_B: 0.218, gp: 0.300

[Rank 0] (epoch: 45, iters: 9472, time: 0.001, data: 0.001) , D_A: 0.268, G_A: 0.959, cycle_A: 0.184, D_B: 0.234, G_B: 0.959, cycle_B: 0.213, gp: 0.220

[Rank 0] (epoch: 45, iters: 11072, time: 0.001, data: 0.001) , D_A: 0.142, G_A: 0.926, cycle_A: 0.175, D_B: 0.222, G_B: 0.974, cycle_B: 0.211, gp: 0.209

[Rank 0] (epoch: 45, iters: 12672, time: 0.001, data: 0.001) , D_A: 0.132, G_A: 0.936, cycle_A: 0.182, D_B: 0.253, G_B: 0.944, cycle_B: 0.211, gp: 0.239

[Rank 0] (epoch: 45, iters: 14272, time: 0.001, data: 0.001) , D_A: 0.251, G_A: 0.912, cycle_A: 0.172, D_B: 0.295, G_B: 1.032, cycle_B: 0.217, gp: 0.286

[Rank 0] (epoch: 45, iters: 15872, time: 0.001, data: 0.001) , D_A: 0.246, G_A: 0.990, cycle_A: 0.192, D_B: 0.186, G_B: 0.902, cycle_B: 0.225, gp: 0.178

[Rank 0] (epoch: 45, iters: 17472, time: 0.001, data: 0.001) , D_A: 0.133, G_A: 0.948, cycle_A: 0.190, D_B: 0.330, G_B: 0.936, cycle_B: 0.210, gp: 0.319

[Rank 0] (epoch: 45, iters: 19072, time: 0.001, data: 0.001) , D_A: 0.319, G_A: 0.941, cycle_A: 0.189, D_B: 0.269, G_B: 0.945, cycle_B: 0.209, gp: 0.254

[Rank 0] (epoch: 45, iters: 20672, time: 0.001, data: 0.001) , D_A: 0.186, G_A: 0.987, cycle_A: 0.174, D_B: 0.296, G_B: 0.943, cycle_B: 0.210, gp: 0.285

[Rank 0] (epoch: 45, iters: 22272, time: 0.001, data: 0.001) , D_A: 0.259, G_A: 0.934, cycle_A: 0.174, D_B: 0.273, G_B: 0.983, cycle_B: 0.215, gp: 0.264

[Rank 0] (epoch: 45, iters: 23872, time: 0.001, data: 0.001) , D_A: 0.204, G_A: 0.947, cycle_A: 0.181, D_B: 0.310, G_B: 0.968, cycle_B: 0.202, gp: 0.305

learning rate 0.0001091 -> 0.0000909
temperature tau = 0.1140
End of epoch 45 / 50 	 Time Taken: 23 sec
[Rank 0] (epoch: 46, iters: 960, time: 0.001, data: 0.001) , D_A: 0.176, G_A: 0.928, cycle_A: 0.183, D_B: 0.288, G_B: 0.952, cycle_B: 0.206, gp: 0.279

[Rank 0] (epoch: 46, iters: 2560, time: 0.001, data: 0.000) , D_A: 0.138, G_A: 0.919, cycle_A: 0.171, D_B: 0.248, G_B: 0.803, cycle_B: 0.203, gp: 0.241

[Rank 0] (epoch: 46, iters: 4160, time: 0.001, data: 0.001) , D_A: 0.123, G_A: 0.955, cycle_A: 0.182, D_B: 0.214, G_B: 0.898, cycle_B: 0.206, gp: 0.202

[Rank 0] (epoch: 46, iters: 5760, time: 0.001, data: 0.001) , D_A: 0.166, G_A: 0.976, cycle_A: 0.188, D_B: 0.224, G_B: 0.954, cycle_B: 0.200, gp: 0.217

[Rank 0] (epoch: 46, iters: 7360, time: 0.001, data: 0.001) , D_A: 0.209, G_A: 0.929, cycle_A: 0.183, D_B: 0.240, G_B: 0.921, cycle_B: 0.204, gp: 0.227

[Rank 0] (epoch: 46, iters: 8960, time: 0.001, data: 0.001) , D_A: 0.162, G_A: 0.939, cycle_A: 0.179, D_B: 0.248, G_B: 0.907, cycle_B: 0.220, gp: 0.239

[Rank 0] (epoch: 46, iters: 10560, time: 0.001, data: 0.002) , D_A: 0.188, G_A: 0.911, cycle_A: 0.188, D_B: 0.188, G_B: 0.992, cycle_B: 0.206, gp: 0.179

[Rank 0] (epoch: 46, iters: 12160, time: 0.001, data: 0.001) , D_A: 0.238, G_A: 1.006, cycle_A: 0.186, D_B: 0.275, G_B: 0.930, cycle_B: 0.216, gp: 0.264

[Rank 0] (epoch: 46, iters: 13760, time: 0.001, data: 0.001) , D_A: 0.231, G_A: 0.935, cycle_A: 0.185, D_B: 0.263, G_B: 0.854, cycle_B: 0.205, gp: 0.253

[Rank 0] (epoch: 46, iters: 15360, time: 0.001, data: 0.001) , D_A: 0.248, G_A: 0.951, cycle_A: 0.182, D_B: 0.168, G_B: 0.980, cycle_B: 0.227, gp: 0.161

--- iter tau=0.1140 ---
  cipher in : eebkebdbkebcfebhbkdbabembeddefbhibe bdfbkeblefbddcbecmlabkdbkebk
  decrypted : ee fe l fe hie h fl a em ellei ha ei li fe bei llh ehmba fl fe f
  real plain: le h ae familia ih hi lieae ma hea a ecelle eamle laed f ca b em
  cipher in : dbfeadefbidebedfbebkebcefblbhlebebedblblimbebkebmdblbkebeidlbhbd
  decrypted : l iealei ale eli e fe hei b hbe e el b bam e fe ml b fe ealb h l
  real plain: e he eae a bill eedig he ae healh deame ahi gie laig aiace ciie 
[Rank 0] (epoch: 46, iters: 16960, time: 0.001, data: 0.001) , D_A: 0.231, G_A: 0.871, cycle_A: 0.198, D_B: 0.364, G_B: 0.867, cycle_B: 0.195, gp: 0.344

saving the latest model (epoch 46, total_iters 1120000)
[Rank 0] (epoch: 46, iters: 18560, time: 0.001, data: 0.001) , D_A: 0.174, G_A: 0.967, cycle_A: 0.196, D_B: 0.308, G_B: 0.819, cycle_B: 0.209, gp: 0.295

[Rank 0] (epoch: 46, iters: 20160, time: 0.001, data: 0.001) , D_A: 0.175, G_A: 0.873, cycle_A: 0.190, D_B: 0.235, G_B: 0.972, cycle_B: 0.213, gp: 0.228

[Rank 0] (epoch: 46, iters: 21760, time: 0.001, data: 0.001) , D_A: 0.191, G_A: 0.871, cycle_A: 0.178, D_B: 0.235, G_B: 0.957, cycle_B: 0.207, gp: 0.225

[Rank 0] (epoch: 46, iters: 23360, time: 0.001, data: 0.001) , D_A: 0.237, G_A: 0.982, cycle_A: 0.179, D_B: 0.218, G_B: 0.919, cycle_B: 0.202, gp: 0.207

learning rate 0.0000909 -> 0.0000727
temperature tau = 0.1104
End of epoch 46 / 50 	 Time Taken: 23 sec
[Rank 0] (epoch: 47, iters: 448, time: 0.001, data: 0.001) , D_A: 0.175, G_A: 0.938, cycle_A: 0.173, D_B: 0.318, G_B: 0.955, cycle_B: 0.209, gp: 0.310

[Rank 0] (epoch: 47, iters: 2048, time: 0.001, data: 0.002) , D_A: 0.208, G_A: 0.919, cycle_A: 0.179, D_B: 0.233, G_B: 0.842, cycle_B: 0.203, gp: 0.225

[Rank 0] (epoch: 47, iters: 3648, time: 0.001, data: 0.001) , D_A: 0.287, G_A: 0.962, cycle_A: 0.170, D_B: 0.271, G_B: 0.912, cycle_B: 0.210, gp: 0.262

[Rank 0] (epoch: 47, iters: 5248, time: 0.001, data: 0.001) , D_A: 0.203, G_A: 0.898, cycle_A: 0.191, D_B: 0.233, G_B: 0.927, cycle_B: 0.200, gp: 0.224

[Rank 0] (epoch: 47, iters: 6848, time: 0.001, data: 0.002) , D_A: 0.249, G_A: 0.954, cycle_A: 0.180, D_B: 0.227, G_B: 0.941, cycle_B: 0.216, gp: 0.220

[Rank 0] (epoch: 47, iters: 8448, time: 0.001, data: 0.001) , D_A: 0.162, G_A: 0.906, cycle_A: 0.196, D_B: 0.292, G_B: 0.905, cycle_B: 0.205, gp: 0.281

[Rank 0] (epoch: 47, iters: 10048, time: 0.001, data: 0.001) , D_A: 0.230, G_A: 0.857, cycle_A: 0.194, D_B: 0.369, G_B: 0.931, cycle_B: 0.209, gp: 0.357

[Rank 0] (epoch: 47, iters: 11648, time: 0.001, data: 0.002) , D_A: 0.142, G_A: 0.920, cycle_A: 0.172, D_B: 0.303, G_B: 0.885, cycle_B: 0.206, gp: 0.290

[Rank 0] (epoch: 47, iters: 13248, time: 0.001, data: 0.001) , D_A: 0.126, G_A: 0.944, cycle_A: 0.186, D_B: 0.326, G_B: 0.948, cycle_B: 0.212, gp: 0.311

[Rank 0] (epoch: 47, iters: 14848, time: 0.001, data: 0.001) , D_A: 0.337, G_A: 0.940, cycle_A: 0.177, D_B: 0.337, G_B: 0.945, cycle_B: 0.210, gp: 0.330

[Rank 0] (epoch: 47, iters: 16448, time: 0.001, data: 0.001) , D_A: 0.309, G_A: 0.841, cycle_A: 0.172, D_B: 0.244, G_B: 0.973, cycle_B: 0.207, gp: 0.236

[Rank 0] (epoch: 47, iters: 18048, time: 0.001, data: 0.001) , D_A: 0.174, G_A: 0.924, cycle_A: 0.178, D_B: 0.294, G_B: 0.879, cycle_B: 0.192, gp: 0.282

[Rank 0] (epoch: 47, iters: 19648, time: 0.001, data: 0.001) , D_A: 0.138, G_A: 0.939, cycle_A: 0.179, D_B: 0.275, G_B: 0.987, cycle_B: 0.212, gp: 0.265

[Rank 0] (epoch: 47, iters: 21248, time: 0.001, data: 0.001) , D_A: 0.198, G_A: 0.968, cycle_A: 0.171, D_B: 0.343, G_B: 0.861, cycle_B: 0.211, gp: 0.332

[Rank 0] (epoch: 47, iters: 22848, time: 0.001, data: 0.001) , D_A: 0.221, G_A: 0.925, cycle_A: 0.180, D_B: 0.316, G_B: 0.905, cycle_B: 0.201, gp: 0.307

[Rank 0] (epoch: 47, iters: 24448, time: 0.001, data: 0.001) , D_A: 0.238, G_A: 0.906, cycle_A: 0.193, D_B: 0.266, G_B: 0.956, cycle_B: 0.201, gp: 0.255

learning rate 0.0000727 -> 0.0000545
temperature tau = 0.1068
End of epoch 47 / 50 	 Time Taken: 23 sec
[Rank 0] (epoch: 48, iters: 1536, time: 0.001, data: 0.001) , D_A: 0.325, G_A: 0.913, cycle_A: 0.186, D_B: 0.180, G_B: 0.954, cycle_B: 0.205, gp: 0.172

[Rank 0] (epoch: 48, iters: 3136, time: 0.001, data: 0.001) , D_A: 0.259, G_A: 0.877, cycle_A: 0.187, D_B: 0.170, G_B: 0.981, cycle_B: 0.212, gp: 0.163

[Rank 0] (epoch: 48, iters: 4736, time: 0.001, data: 0.001) , D_A: 0.106, G_A: 0.927, cycle_A: 0.185, D_B: 0.155, G_B: 0.932, cycle_B: 0.216, gp: 0.145

[Rank 0] (epoch: 48, iters: 6336, time: 0.001, data: 0.001) , D_A: 0.162, G_A: 0.944, cycle_A: 0.175, D_B: 0.342, G_B: 0.924, cycle_B: 0.220, gp: 0.334

--- iter tau=0.1068 ---
  cipher in : ibkliblaedl mbdlfbdfbamfbkebdbe d efblbadbeeliebkdbedakefbhbebfl
  decrypted : a gba baelbid lbi li adi ge l eiliei b al eebae gl elagei h e ib
  real plain:  he ee heaig he beah efaced fm i he face cle ad chig a ime he gh
  cipher in : eblimebdfbaalabiidlbkdbmfbfehlebkebliieebelaebhbklbdlbklbabcbkeb
  decrypted : e bade li aaba aalb gl di iehbe ge baaee ebae h gb lb gb a h ge 
  real plain:  f gde ake emcee jack hebe ii dick i camaig lga f ge f califia i
[Rank 0] (epoch: 48, iters: 7936, time: 0.001, data: 0.001) , D_A: 0.186, G_A: 0.909, cycle_A: 0.183, D_B: 0.208, G_B: 0.874, cycle_B: 0.211, gp: 0.197

saving the latest model (epoch 48, total_iters 1160000)
[Rank 0] (epoch: 48, iters: 9536, time: 0.001, data: 0.001) , D_A: 0.146, G_A: 0.952, cycle_A: 0.181, D_B: 0.341, G_B: 0.977, cycle_B: 0.211, gp: 0.334

[Rank 0] (epoch: 48, iters: 11136, time: 0.001, data: 0.001) , D_A: 0.158, G_A: 0.976, cycle_A: 0.163, D_B: 0.307, G_B: 0.978, cycle_B: 0.212, gp: 0.298

[Rank 0] (epoch: 48, iters: 12736, time: 0.001, data: 0.001) , D_A: 0.248, G_A: 0.951, cycle_A: 0.176, D_B: 0.262, G_B: 0.892, cycle_B: 0.211, gp: 0.248

[Rank 0] (epoch: 48, iters: 14336, time: 0.001, data: 0.001) , D_A: 0.194, G_A: 0.931, cycle_A: 0.175, D_B: 0.151, G_B: 0.930, cycle_B: 0.217, gp: 0.143

[Rank 0] (epoch: 48, iters: 15936, time: 0.001, data: 0.001) , D_A: 0.222, G_A: 0.904, cycle_A: 0.188, D_B: 0.248, G_B: 0.881, cycle_B: 0.213, gp: 0.238

[Rank 0] (epoch: 48, iters: 17536, time: 0.001, data: 0.001) , D_A: 0.166, G_A: 0.949, cycle_A: 0.180, D_B: 0.289, G_B: 0.966, cycle_B: 0.213, gp: 0.277

[Rank 0] (epoch: 48, iters: 19136, time: 0.001, data: 0.001) , D_A: 0.158, G_A: 0.893, cycle_A: 0.173, D_B: 0.252, G_B: 0.879, cycle_B: 0.213, gp: 0.240

[Rank 0] (epoch: 48, iters: 20736, time: 0.001, data: 0.002) , D_A: 0.255, G_A: 0.968, cycle_A: 0.204, D_B: 0.302, G_B: 0.942, cycle_B: 0.204, gp: 0.293

[Rank 0] (epoch: 48, iters: 22336, time: 0.001, data: 0.001) , D_A: 0.149, G_A: 0.974, cycle_A: 0.178, D_B: 0.237, G_B: 0.909, cycle_B: 0.210, gp: 0.226

[Rank 0] (epoch: 48, iters: 23936, time: 0.001, data: 0.001) , D_A: 0.158, G_A: 0.980, cycle_A: 0.171, D_B: 0.259, G_B: 0.966, cycle_B: 0.203, gp: 0.252

learning rate 0.0000545 -> 0.0000364
temperature tau = 0.1033
End of epoch 48 / 50 	 Time Taken: 23 sec
[Rank 0] (epoch: 49, iters: 1024, time: 0.001, data: 0.001) , D_A: 0.164, G_A: 0.961, cycle_A: 0.170, D_B: 0.259, G_B: 0.956, cycle_B: 0.198, gp: 0.252

[Rank 0] (epoch: 49, iters: 2624, time: 0.001, data: 0.000) , D_A: 0.295, G_A: 0.909, cycle_A: 0.176, D_B: 0.326, G_B: 0.937, cycle_B: 0.214, gp: 0.314

[Rank 0] (epoch: 49, iters: 4224, time: 0.001, data: 0.001) , D_A: 0.272, G_A: 0.971, cycle_A: 0.179, D_B: 0.317, G_B: 0.890, cycle_B: 0.209, gp: 0.306

[Rank 0] (epoch: 49, iters: 5824, time: 0.001, data: 0.001) , D_A: 0.231, G_A: 0.953, cycle_A: 0.173, D_B: 0.250, G_B: 0.934, cycle_B: 0.205, gp: 0.242

[Rank 0] (epoch: 49, iters: 7424, time: 0.001, data: 0.001) , D_A: 0.159, G_A: 0.939, cycle_A: 0.178, D_B: 0.281, G_B: 0.925, cycle_B: 0.207, gp: 0.268

[Rank 0] (epoch: 49, iters: 9024, time: 0.001, data: 0.001) , D_A: 0.136, G_A: 0.924, cycle_A: 0.189, D_B: 0.238, G_B: 0.937, cycle_B: 0.218, gp: 0.229

[Rank 0] (epoch: 49, iters: 10624, time: 0.001, data: 0.001) , D_A: 0.246, G_A: 0.931, cycle_A: 0.181, D_B: 0.329, G_B: 0.921, cycle_B: 0.204, gp: 0.318

[Rank 0] (epoch: 49, iters: 12224, time: 0.001, data: 0.001) , D_A: 0.210, G_A: 0.945, cycle_A: 0.183, D_B: 0.255, G_B: 0.849, cycle_B: 0.215, gp: 0.247

[Rank 0] (epoch: 49, iters: 13824, time: 0.001, data: 0.001) , D_A: 0.166, G_A: 0.908, cycle_A: 0.181, D_B: 0.293, G_B: 0.941, cycle_B: 0.205, gp: 0.283

[Rank 0] (epoch: 49, iters: 15424, time: 0.001, data: 0.001) , D_A: 0.116, G_A: 0.957, cycle_A: 0.174, D_B: 0.327, G_B: 0.924, cycle_B: 0.220, gp: 0.320

[Rank 0] (epoch: 49, iters: 17024, time: 0.001, data: 0.001) , D_A: 0.272, G_A: 0.918, cycle_A: 0.178, D_B: 0.171, G_B: 0.907, cycle_B: 0.197, gp: 0.162

[Rank 0] (epoch: 49, iters: 18624, time: 0.001, data: 0.001) , D_A: 0.205, G_A: 0.932, cycle_A: 0.178, D_B: 0.231, G_B: 0.949, cycle_B: 0.212, gp: 0.218

[Rank 0] (epoch: 49, iters: 20224, time: 0.001, data: 0.001) , D_A: 0.316, G_A: 0.959, cycle_A: 0.178, D_B: 0.309, G_B: 0.932, cycle_B: 0.217, gp: 0.301

[Rank 0] (epoch: 49, iters: 21824, time: 0.001, data: 0.001) , D_A: 0.227, G_A: 0.938, cycle_A: 0.169, D_B: 0.253, G_B: 0.905, cycle_B: 0.212, gp: 0.246

--- iter tau=0.1033 ---
  cipher in : bhl bkebdebamfbcebamdlhlefbdbedmbfealbkebmfbcemdabkedebebklakbid
  decrypted :  hbi ge ce ami he amcbhbei c ecm ieab ge mi hemca gece e gbag ac
  real plain:  i he i i f iee becae i ced ghl he ligh emii f ceial a flece cee
  cipher in : hmjbdbdbhbkebdiebdd eieblbkdfblbkebllbhbedaebdfb fblmmbdfblbeakd
  decrypted : hma c c h ge cae ccieae b gci b ge bb h ecae ci ii bmm ci b eagc
  real plain: kahaie ad k i a ice h mehee a a lile me me he cld hae eie clhe a
[Rank 0] (epoch: 49, iters: 23424, time: 0.001, data: 0.001) , D_A: 0.293, G_A: 0.914, cycle_A: 0.177, D_B: 0.190, G_B: 0.969, cycle_B: 0.206, gp: 0.180

saving the latest model (epoch 49, total_iters 1200000)
learning rate 0.0000364 -> 0.0000182
temperature tau = 0.1000
End of epoch 49 / 50 	 Time Taken: 23 sec
[Rank 0] (epoch: 50, iters: 512, time: 0.001, data: 0.002) , D_A: 0.197, G_A: 0.925, cycle_A: 0.171, D_B: 0.282, G_B: 0.947, cycle_B: 0.209, gp: 0.274

[Rank 0] (epoch: 50, iters: 2112, time: 0.001, data: 0.000) , D_A: 0.215, G_A: 0.951, cycle_A: 0.180, D_B: 0.351, G_B: 0.951, cycle_B: 0.201, gp: 0.342

[Rank 0] (epoch: 50, iters: 3712, time: 0.001, data: 0.001) , D_A: 0.307, G_A: 0.905, cycle_A: 0.195, D_B: 0.188, G_B: 0.907, cycle_B: 0.205, gp: 0.177

[Rank 0] (epoch: 50, iters: 5312, time: 0.001, data: 0.001) , D_A: 0.200, G_A: 0.930, cycle_A: 0.180, D_B: 0.270, G_B: 0.935, cycle_B: 0.198, gp: 0.261

[Rank 0] (epoch: 50, iters: 6912, time: 0.001, data: 0.001) , D_A: 0.087, G_A: 0.924, cycle_A: 0.184, D_B: 0.202, G_B: 0.840, cycle_B: 0.216, gp: 0.188

[Rank 0] (epoch: 50, iters: 8512, time: 0.001, data: 0.001) , D_A: 0.255, G_A: 0.901, cycle_A: 0.201, D_B: 0.341, G_B: 0.932, cycle_B: 0.206, gp: 0.327

[Rank 0] (epoch: 50, iters: 10112, time: 0.001, data: 0.001) , D_A: 0.248, G_A: 0.922, cycle_A: 0.198, D_B: 0.333, G_B: 0.913, cycle_B: 0.204, gp: 0.321

[Rank 0] (epoch: 50, iters: 11712, time: 0.001, data: 0.001) , D_A: 0.187, G_A: 0.909, cycle_A: 0.190, D_B: 0.294, G_B: 0.902, cycle_B: 0.200, gp: 0.279

[Rank 0] (epoch: 50, iters: 13312, time: 0.001, data: 0.001) , D_A: 0.181, G_A: 0.899, cycle_A: 0.185, D_B: 0.307, G_B: 0.908, cycle_B: 0.208, gp: 0.298

[Rank 0] (epoch: 50, iters: 14912, time: 0.001, data: 0.001) , D_A: 0.178, G_A: 0.941, cycle_A: 0.185, D_B: 0.204, G_B: 0.866, cycle_B: 0.221, gp: 0.191

[Rank 0] (epoch: 50, iters: 16512, time: 0.001, data: 0.001) , D_A: 0.134, G_A: 0.881, cycle_A: 0.179, D_B: 0.229, G_B: 0.958, cycle_B: 0.215, gp: 0.222

[Rank 0] (epoch: 50, iters: 18112, time: 0.001, data: 0.001) , D_A: 0.224, G_A: 0.855, cycle_A: 0.184, D_B: 0.274, G_B: 0.895, cycle_B: 0.199, gp: 0.264

[Rank 0] (epoch: 50, iters: 19712, time: 0.001, data: 0.001) , D_A: 0.197, G_A: 0.938, cycle_A: 0.175, D_B: 0.274, G_B: 0.926, cycle_B: 0.211, gp: 0.262

[Rank 0] (epoch: 50, iters: 21312, time: 0.001, data: 0.001) , D_A: 0.152, G_A: 0.891, cycle_A: 0.177, D_B: 0.201, G_B: 0.892, cycle_B: 0.213, gp: 0.189

[Rank 0] (epoch: 50, iters: 22912, time: 0.001, data: 0.001) , D_A: 0.186, G_A: 0.906, cycle_A: 0.179, D_B: 0.182, G_B: 0.925, cycle_B: 0.206, gp: 0.172

[Rank 0] (epoch: 50, iters: 24512, time: 0.001, data: 0.001) , D_A: 0.145, G_A: 0.918, cycle_A: 0.175, D_B: 0.266, G_B: 0.962, cycle_B: 0.205, gp: 0.260

learning rate 0.0000182 -> 0.0000000
temperature tau = 0.1000
saving the model at the end of epoch 50, iters 1225600
End of epoch 50 / 50 	 Time Taken: 23 sec
----------------- Options ---------------
             aspect_ratio: 1.0                           
               batch_size: 64                            
          checkpoints_dir: ./checkpoints                 
                crop_size: 256                           
                 dataroot: .                             	[default: None]
             dataset_mode: cipher                        
                direction: AtoB                          
               display_id: 0                             
          display_winsize: 256                           
                embed_dim: 256                           	[default: 64]
                    epoch: latest                        
                     eval: False                         
                 gan_mode: lsgan                         
                   gumbel: False                         
                init_gain: 0.02                          
                init_type: normal                        
                 input_nc: 3                             
                  isTrain: False                         	[default: None]
                     kw_D: 15                            	[default: 4]
                 lambda_A: 10.0                          
                 lambda_B: 10.0                          
                lambda_gp: 10.0                          
          lambda_identity: 0.0                           
                load_iter: 0                             	[default: 0]
                load_size: 256                           
                       lr: 0.0002                        
         matched_softness: True                          	[default: False]
         max_dataset_size: inf                           
                    model: cipher_cycle_gan              	[default: test]
               n_blocks_G: 5                             	[default: 4]
                 n_critic: 1                             
               n_layers_D: 5                             	[default: 3]
                     name: a14_s0_gp1                    	[default: experiment_name]
                      ndf: 32                            	[default: 128]
                     netD: seq                           
                     netG: seq                           
                      ngf: 128                           
               no_dropout: True                          
                  no_flip: True                          
                     norm: layer                         	[default: instance]
                 npz_path: data/a14/dataset.npz          	[default: None]
                 num_test: 50                            
              num_threads: 4                             
                output_nc: 3                             
                pair_seed: 0                             
                    phase: test                          
              pointwise_G: True                          	[default: False]
               preprocess: none                          
         real_logit_scale: 5.0                           
              results_dir: ./results/                    
           serial_batches: False                         
         straight_through: True                          	[default: False]
                   suffix:                               
                  tau_end: 0.1                           
                tau_start: 1.0                           
                   use_gp: False                         
                use_wandb: False                         
                  verbose: False                         
               vocab_size: -1                            
       wandb_project_name: CycleGAN-and-pix2pix          
----------------- End -------------------
[cipher] eval: A(cipher)=(5443, 64) B(plain)=(5443, 64) vocab=15 cipher=substitution paired=True
dataset [CipherDataset] was created
Initialized with device cuda:0
initialize network with normal
Initialized with device cuda:0
initialize network with normal
model [CipherCycleGANModel] was created
Initialized with device cuda:0
initialize network with normal
loading the model from checkpoints/a14_s0_gp1/latest_net_G_A.pth
Initialized with device cuda:0
initialize network with normal
loading the model from checkpoints/a14_s0_gp1/latest_net_G_B.pth
---------- Networks initialized -------------
[Network G_A] Total number of parameters : 0.207 M
[Network G_B] Total number of parameters : 0.207 M
-----------------------------------------------

==============================================================
cipher              substitution (key=perm-seed0)
samples             5443 x 64
character accuracy  0.4399   (chance ~0.0714)
character error     0.5601
key recovery        0.1429   (coverage 1.000)
==============================================================
cipher in : aedlbeeiebjlfbhbejblmmbcebflaefbhblmmdlebebejblmmdl biebealdmbeb
decrypted : aecb eeae abi h ea bmm he ibaei h bmmcbe e ea bmmcbi ae eabcm e 
truth     : ceai eeme kid f ek ill be diced f illaie e ek illaig me ecial e 

wrote ./checkpoints/a14_s0_gp1/eval_metrics.json
wrote ./checkpoints/a14_s0_gp1/curves_a14_s0_gp1.png

loss             first      last       min       max
D_A              0.876     0.145     0.065     1.016
G_A              0.249     0.918     0.080     1.608
cycle_A          0.734     0.175     0.163     4.645
D_B              0.837     0.266     0.151     0.862
G_B              0.336     0.962     0.129     1.928
cycle_B          0.560     0.205     0.191     1.178
gp               0.544     0.260     0.138     0.604

D_A over the final window: 0.207
  -> at LSGAN equilibrium: the two networks are balanced.
