=== task 0 : dataset=a14 seed=2 ===
NVIDIA A100-SXM4-80GB
----------------- Options ---------------
               batch_size: 64                            
                    beta1: 0.0                           	[default: 0.5]
          checkpoints_dir: ./checkpoints                 
           continue_train: False                         
                crop_size: 256                           
               cycle_loss: ce                            
                 dataroot: .                             	[default: None]
             dataset_mode: cipher                        
                direction: AtoB                          
             display_freq: 20000                         	[default: 400]
               display_id: 0                             
          display_winsize: 256                           
                embed_dim: 256                           	[default: 64]
                    epoch: latest                        
              epoch_count: 1                             
                 gan_mode: lsgan                         
                   gumbel: False                         
                init_gain: 0.02                          
                init_type: normal                        
                 input_nc: 3                             
                  isTrain: True                          	[default: None]
                     kw_D: 15                            	[default: 4]
                 lambda_A: 1.0                           	[default: 10.0]
                 lambda_B: 1.0                           	[default: 10.0]
                lambda_gp: 1.0                           	[default: 10.0]
          lambda_identity: 0.0                           
                load_iter: 0                             	[default: 0]
                load_size: 286                           
                       lr: 0.0002                        
           lr_decay_iters: 50                            
                lr_policy: linear                        
         matched_softness: True                          	[default: False]
         max_dataset_size: inf                           
                    model: cipher_cycle_gan              	[default: cycle_gan]
               n_blocks_G: 5                             	[default: 4]
                 n_critic: 1                             
                 n_epochs: 40                            	[default: 100]
           n_epochs_decay: 10                            	[default: 100]
               n_layers_D: 5                             	[default: 3]
                     name: a14_s2_gp1                    	[default: experiment_name]
                      ndf: 32                            	[default: 128]
                     netD: seq                           
                     netG: seq                           
                      ngf: 128                           
               no_dropout: True                          
                  no_flip: True                          
                  no_html: False                         
                     norm: layer                         	[default: instance]
                 npz_path: data/a14/dataset.npz          	[default: None]
              num_threads: 8                             	[default: 4]
                output_nc: 3                             
                pair_seed: 2                             	[default: 0]
                    phase: train                         
              pointwise_G: True                          	[default: False]
                pool_size: 50                            
               preprocess: none                          
               print_freq: 100                           
         real_logit_scale: 5.0                           
             save_by_iter: False                         
          save_epoch_freq: 50                            	[default: 5]
         save_latest_freq: 5000                          
           serial_batches: False                         
         straight_through: True                          	[default: False]
                   suffix:                               
                  tau_end: 0.1                           
                tau_start: 0.5                           	[default: 1.0]
         update_html_freq: 1000                          
                   use_gp: True                          	[default: False]
                use_wandb: False                         
                  verbose: False                         
               vocab_size: -1                            
       wandb_project_name: CycleGAN-and-pix2pix          
----------------- End -------------------
Initialized with device cuda:0
[cipher] train: A(cipher)=(24492, 64) B(plain)=(24492, 64) vocab=15 cipher=substitution paired=False
dataset [CipherDataset] was created
The number of training images = 24492
Initialized with device cuda:0
initialize network with normal
Initialized with device cuda:0
initialize network with normal
Initialized with device cuda:0
initialize network with normal
Initialized with device cuda:0
initialize network with normal
model [CipherCycleGANModel] was created
Initialized with device cuda:0
initialize network with normal
Initialized with device cuda:0
initialize network with normal
Initialized with device cuda:0
initialize network with normal
Initialized with device cuda:0
initialize network with normal
---------- Networks initialized -------------
[Network G_A] Total number of parameters : 0.207 M
[Network G_B] Total number of parameters : 0.207 M
[Network D_A] Total number of parameters : 0.474 M
[Network D_B] Total number of parameters : 0.474 M
-----------------------------------------------
create web directory checkpoints/a14_s2_gp1/web...
[Rank 0] (epoch: 1, iters: 1600, time: 0.001, data: 0.060) , D_A: 0.714, G_A: 0.255, cycle_A: 0.964, D_B: 0.783, G_B: 0.278, cycle_B: 1.069, gp: 0.454

[Rank 0] (epoch: 1, iters: 3200, time: 0.001, data: 0.001) , D_A: 0.729, G_A: 0.679, cycle_A: 0.600, D_B: 0.876, G_B: 0.142, cycle_B: 0.595, gp: 0.370

[Rank 0] (epoch: 1, iters: 4800, time: 0.001, data: 0.001) , D_A: 0.403, G_A: 0.479, cycle_A: 0.552, D_B: 0.391, G_B: 0.885, cycle_B: 0.591, gp: 0.262

[Rank 0] (epoch: 1, iters: 6400, time: 0.001, data: 0.001) , D_A: 0.477, G_A: 1.099, cycle_A: 0.583, D_B: 0.480, G_B: 0.960, cycle_B: 0.566, gp: 0.411

[Rank 0] (epoch: 1, iters: 8000, time: 0.001, data: 0.001) , D_A: 0.452, G_A: 0.974, cycle_A: 0.467, D_B: 0.489, G_B: 1.740, cycle_B: 0.513, gp: 0.377

[Rank 0] (epoch: 1, iters: 9600, time: 0.001, data: 0.001) , D_A: 0.233, G_A: 0.618, cycle_A: 0.453, D_B: 0.416, G_B: 1.024, cycle_B: 0.488, gp: 0.376

[Rank 0] (epoch: 1, iters: 11200, time: 0.001, data: 0.001) , D_A: 0.425, G_A: 0.210, cycle_A: 0.453, D_B: 0.377, G_B: 0.665, cycle_B: 0.512, gp: 0.298

[Rank 0] (epoch: 1, iters: 12800, time: 0.001, data: 0.001) , D_A: 0.322, G_A: 0.934, cycle_A: 0.477, D_B: 0.374, G_B: 1.021, cycle_B: 0.518, gp: 0.347

[Rank 0] (epoch: 1, iters: 14400, time: 0.001, data: 0.001) , D_A: 0.318, G_A: 0.901, cycle_A: 0.429, D_B: 0.274, G_B: 1.092, cycle_B: 0.528, gp: 0.237

[Rank 0] (epoch: 1, iters: 16000, time: 0.001, data: 0.002) , D_A: 0.298, G_A: 1.090, cycle_A: 0.479, D_B: 0.255, G_B: 1.565, cycle_B: 0.510, gp: 0.201

[Rank 0] (epoch: 1, iters: 17600, time: 0.001, data: 0.002) , D_A: 0.339, G_A: 0.584, cycle_A: 0.439, D_B: 0.270, G_B: 1.097, cycle_B: 0.487, gp: 0.249

[Rank 0] (epoch: 1, iters: 19200, time: 0.001, data: 0.001) , D_A: 0.378, G_A: 0.101, cycle_A: 0.447, D_B: 0.229, G_B: 1.276, cycle_B: 0.535, gp: 0.195

[Rank 0] (epoch: 1, iters: 20800, time: 0.001, data: 0.002) , D_A: 0.317, G_A: 0.792, cycle_A: 0.475, D_B: 0.316, G_B: 1.192, cycle_B: 0.519, gp: 0.293

[Rank 0] (epoch: 1, iters: 22400, time: 0.001, data: 0.002) , D_A: 0.214, G_A: 1.048, cycle_A: 0.404, D_B: 0.320, G_B: 0.995, cycle_B: 0.487, gp: 0.301

[Rank 0] (epoch: 1, iters: 24000, time: 0.001, data: 0.001) , D_A: 0.329, G_A: 0.915, cycle_A: 0.437, D_B: 0.352, G_B: 0.253, cycle_B: 0.495, gp: 0.289

learning rate 0.0002000 -> 0.0002000
temperature tau = 0.4838
End of epoch 1 / 50 	 Time Taken: 23 sec
[Rank 0] (epoch: 2, iters: 1088, time: 0.001, data: 0.002) , D_A: 0.358, G_A: 0.799, cycle_A: 0.458, D_B: 0.330, G_B: 0.730, cycle_B: 0.477, gp: 0.309

[Rank 0] (epoch: 2, iters: 2688, time: 0.001, data: 0.001) , D_A: 0.325, G_A: 1.139, cycle_A: 0.428, D_B: 0.335, G_B: 1.096, cycle_B: 0.549, gp: 0.317

[Rank 0] (epoch: 2, iters: 4288, time: 0.001, data: 0.001) , D_A: 0.319, G_A: 1.014, cycle_A: 0.445, D_B: 0.280, G_B: 1.328, cycle_B: 0.521, gp: 0.258

[Rank 0] (epoch: 2, iters: 5888, time: 0.001, data: 0.001) , D_A: 0.274, G_A: 0.901, cycle_A: 0.448, D_B: 0.288, G_B: 0.713, cycle_B: 0.478, gp: 0.266

[Rank 0] (epoch: 2, iters: 7488, time: 0.001, data: 0.001) , D_A: 0.334, G_A: 0.880, cycle_A: 0.438, D_B: 0.246, G_B: 0.812, cycle_B: 0.474, gp: 0.227

[Rank 0] (epoch: 2, iters: 9088, time: 0.001, data: 0.001) , D_A: 0.190, G_A: 0.957, cycle_A: 0.426, D_B: 0.236, G_B: 1.018, cycle_B: 0.550, gp: 0.224

[Rank 0] (epoch: 2, iters: 10688, time: 0.001, data: 0.001) , D_A: 0.328, G_A: 0.705, cycle_A: 0.429, D_B: 0.239, G_B: 1.180, cycle_B: 0.473, gp: 0.218

[Rank 0] (epoch: 2, iters: 12288, time: 0.001, data: 0.001) , D_A: 0.269, G_A: 0.996, cycle_A: 0.430, D_B: 0.298, G_B: 1.029, cycle_B: 0.485, gp: 0.278

[Rank 0] (epoch: 2, iters: 13888, time: 0.001, data: 0.001) , D_A: 0.234, G_A: 0.890, cycle_A: 0.444, D_B: 0.273, G_B: 0.997, cycle_B: 0.535, gp: 0.259

--- iter tau=0.4838 ---
  cipher in : mlebdldmlebdfbkbeedebkebeefbhbaedmlefbdfbdkldldbdalaebdkeb edbfd
  decrypted : a fei ia fei e effife feff ekelfia f ei ei  i ieil lfei fe fie i
  real plain:  embdime f meae ad le eige i he dea f he cma he lde ac i i f ci 
  cipher in : bmebdbemeaefbdblfladl bdiebakefmebdbebdfbaimelbhbklbdlamdbelklbd
  decrypted : eafeiefaflf eie   li  eidfel f afeiefei eldaf eke  ei laief   ei
  real plain:  bael hi a he diee ecei f je clleciel idiidall ha hae bee aeed b
[Rank 0] (epoch: 2, iters: 15488, time: 0.001, data: 0.001) , D_A: 0.300, G_A: 1.205, cycle_A: 0.424, D_B: 0.224, G_B: 1.077, cycle_B: 0.553, gp: 0.212

saving the latest model (epoch 2, total_iters 40000)
[Rank 0] (epoch: 2, iters: 17088, time: 0.001, data: 0.001) , D_A: 0.212, G_A: 0.956, cycle_A: 0.430, D_B: 0.261, G_B: 0.918, cycle_B: 0.477, gp: 0.249

[Rank 0] (epoch: 2, iters: 18688, time: 0.001, data: 0.001) , D_A: 0.185, G_A: 0.752, cycle_A: 0.425, D_B: 0.265, G_B: 1.086, cycle_B: 0.478, gp: 0.256

[Rank 0] (epoch: 2, iters: 20288, time: 0.001, data: 0.001) , D_A: 0.331, G_A: 1.164, cycle_A: 0.416, D_B: 0.265, G_B: 0.733, cycle_B: 0.499, gp: 0.184

[Rank 0] (epoch: 2, iters: 21888, time: 0.001, data: 0.001) , D_A: 0.503, G_A: 0.360, cycle_A: 0.440, D_B: 0.231, G_B: 1.047, cycle_B: 0.487, gp: 0.220

[Rank 0] (epoch: 2, iters: 23488, time: 0.001, data: 0.001) , D_A: 0.369, G_A: 1.268, cycle_A: 0.418, D_B: 0.329, G_B: 1.178, cycle_B: 0.534, gp: 0.319

learning rate 0.0002000 -> 0.0002000
temperature tau = 0.4682
End of epoch 2 / 50 	 Time Taken: 20 sec
[Rank 0] (epoch: 3, iters: 576, time: 0.001, data: 0.001) , D_A: 0.278, G_A: 1.025, cycle_A: 0.444, D_B: 0.286, G_B: 0.866, cycle_B: 0.511, gp: 0.271

[Rank 0] (epoch: 3, iters: 2176, time: 0.001, data: 0.000) , D_A: 0.339, G_A: 1.052, cycle_A: 0.459, D_B: 0.259, G_B: 1.056, cycle_B: 0.498, gp: 0.247

[Rank 0] (epoch: 3, iters: 3776, time: 0.001, data: 0.001) , D_A: 0.293, G_A: 0.913, cycle_A: 0.418, D_B: 0.192, G_B: 1.038, cycle_B: 0.476, gp: 0.183

[Rank 0] (epoch: 3, iters: 5376, time: 0.001, data: 0.001) , D_A: 0.245, G_A: 1.211, cycle_A: 0.444, D_B: 0.303, G_B: 1.034, cycle_B: 0.500, gp: 0.292

[Rank 0] (epoch: 3, iters: 6976, time: 0.001, data: 0.001) , D_A: 0.193, G_A: 1.029, cycle_A: 0.437, D_B: 0.334, G_B: 1.125, cycle_B: 0.468, gp: 0.324

[Rank 0] (epoch: 3, iters: 8576, time: 0.001, data: 0.001) , D_A: 0.259, G_A: 0.704, cycle_A: 0.436, D_B: 0.257, G_B: 0.899, cycle_B: 0.515, gp: 0.243

[Rank 0] (epoch: 3, iters: 10176, time: 0.001, data: 0.001) , D_A: 0.281, G_A: 1.227, cycle_A: 0.449, D_B: 0.321, G_B: 1.014, cycle_B: 0.482, gp: 0.303

[Rank 0] (epoch: 3, iters: 11776, time: 0.001, data: 0.001) , D_A: 0.296, G_A: 0.898, cycle_A: 0.437, D_B: 0.196, G_B: 0.993, cycle_B: 0.485, gp: 0.185

[Rank 0] (epoch: 3, iters: 13376, time: 0.001, data: 0.001) , D_A: 0.264, G_A: 1.072, cycle_A: 0.433, D_B: 0.423, G_B: 0.914, cycle_B: 0.544, gp: 0.414

[Rank 0] (epoch: 3, iters: 14976, time: 0.001, data: 0.001) , D_A: 0.289, G_A: 0.922, cycle_A: 0.431, D_B: 0.289, G_B: 0.985, cycle_B: 0.498, gp: 0.282

[Rank 0] (epoch: 3, iters: 16576, time: 0.001, data: 0.001) , D_A: 0.163, G_A: 1.039, cycle_A: 0.429, D_B: 0.302, G_B: 0.924, cycle_B: 0.502, gp: 0.293

[Rank 0] (epoch: 3, iters: 18176, time: 0.001, data: 0.001) , D_A: 0.231, G_A: 0.926, cycle_A: 0.434, D_B: 0.320, G_B: 1.047, cycle_B: 0.469, gp: 0.311

[Rank 0] (epoch: 3, iters: 19776, time: 0.001, data: 0.001) , D_A: 0.276, G_A: 0.712, cycle_A: 0.427, D_B: 0.379, G_B: 1.245, cycle_B: 0.524, gp: 0.369

[Rank 0] (epoch: 3, iters: 21376, time: 0.001, data: 0.001) , D_A: 0.207, G_A: 1.022, cycle_A: 0.446, D_B: 0.249, G_B: 0.982, cycle_B: 0.510, gp: 0.241

[Rank 0] (epoch: 3, iters: 22976, time: 0.001, data: 0.001) , D_A: 0.217, G_A: 1.153, cycle_A: 0.435, D_B: 0.238, G_B: 1.081, cycle_B: 0.475, gp: 0.232

learning rate 0.0002000 -> 0.0002000
temperature tau = 0.4531
End of epoch 3 / 50 	 Time Taken: 19 sec
[Rank 0] (epoch: 4, iters: 64, time: 0.001, data: 0.001) , D_A: 0.237, G_A: 1.024, cycle_A: 0.441, D_B: 0.280, G_B: 1.022, cycle_B: 0.469, gp: 0.265

[Rank 0] (epoch: 4, iters: 1664, time: 0.001, data: 0.001) , D_A: 0.234, G_A: 0.906, cycle_A: 0.450, D_B: 0.253, G_B: 1.131, cycle_B: 0.457, gp: 0.244

[Rank 0] (epoch: 4, iters: 3264, time: 0.001, data: 0.001) , D_A: 0.262, G_A: 0.941, cycle_A: 0.449, D_B: 0.384, G_B: 1.121, cycle_B: 0.469, gp: 0.378

[Rank 0] (epoch: 4, iters: 4864, time: 0.001, data: 0.001) , D_A: 0.399, G_A: 1.196, cycle_A: 0.451, D_B: 0.247, G_B: 0.865, cycle_B: 0.481, gp: 0.240

--- iter tau=0.4531 ---
  cipher in : lbhbkebklfbhmbdfbeaelebdbebhibklbidbael bkebhmbdcebceheb lhhlkbe
  decrypted :  eke he   ekaei ehlh heiehekde  edielh  e hekaeiaheahkhe  kk  eh
  real plain: ld i al ided he liig ih a a cl he ii ad big hei e diecl bea he e
  cipher in : hbcedbdfblldlbeblbdmdbdbmlmeblefbciblbakblfllfdmbfllalbkeblblbee
  decrypted : keahiei e  i ehe eiaieiea ahe h eade el e     iae   l e he e ehh
  real plain: ad i did a eek f eeach ge he deail j igh he fifeehce am fihig cl
[Rank 0] (epoch: 4, iters: 6464, time: 0.001, data: 0.001) , D_A: 0.222, G_A: 0.940, cycle_A: 0.444, D_B: 0.208, G_B: 1.173, cycle_B: 0.458, gp: 0.202

saving the latest model (epoch 4, total_iters 80000)
[Rank 0] (epoch: 4, iters: 8064, time: 0.001, data: 0.001) , D_A: 0.295, G_A: 1.011, cycle_A: 0.446, D_B: 0.229, G_B: 0.841, cycle_B: 0.462, gp: 0.219

[Rank 0] (epoch: 4, iters: 9664, time: 0.001, data: 0.001) , D_A: 0.370, G_A: 1.576, cycle_A: 0.437, D_B: 0.294, G_B: 1.649, cycle_B: 0.533, gp: 0.267

[Rank 0] (epoch: 4, iters: 11264, time: 0.001, data: 0.001) , D_A: 0.374, G_A: 0.319, cycle_A: 0.427, D_B: 0.168, G_B: 1.036, cycle_B: 0.497, gp: 0.160

[Rank 0] (epoch: 4, iters: 12864, time: 0.001, data: 0.001) , D_A: 0.205, G_A: 0.995, cycle_A: 0.428, D_B: 0.273, G_B: 0.904, cycle_B: 0.486, gp: 0.262

[Rank 0] (epoch: 4, iters: 14464, time: 0.001, data: 0.001) , D_A: 0.235, G_A: 1.047, cycle_A: 0.437, D_B: 0.244, G_B: 0.978, cycle_B: 0.490, gp: 0.237

[Rank 0] (epoch: 4, iters: 16064, time: 0.001, data: 0.001) , D_A: 0.346, G_A: 0.977, cycle_A: 0.424, D_B: 0.216, G_B: 0.688, cycle_B: 0.461, gp: 0.201

[Rank 0] (epoch: 4, iters: 17664, time: 0.001, data: 0.001) , D_A: 0.319, G_A: 0.989, cycle_A: 0.427, D_B: 0.153, G_B: 0.764, cycle_B: 0.457, gp: 0.133

[Rank 0] (epoch: 4, iters: 19264, time: 0.001, data: 0.001) , D_A: 0.192, G_A: 1.084, cycle_A: 0.417, D_B: 0.252, G_B: 0.951, cycle_B: 0.481, gp: 0.247

[Rank 0] (epoch: 4, iters: 20864, time: 0.001, data: 0.001) , D_A: 0.284, G_A: 0.980, cycle_A: 0.442, D_B: 0.208, G_B: 0.956, cycle_B: 0.470, gp: 0.203

[Rank 0] (epoch: 4, iters: 22464, time: 0.001, data: 0.001) , D_A: 0.295, G_A: 0.976, cycle_A: 0.428, D_B: 0.309, G_B: 1.054, cycle_B: 0.463, gp: 0.299

[Rank 0] (epoch: 4, iters: 24064, time: 0.001, data: 0.001) , D_A: 0.208, G_A: 0.868, cycle_A: 0.455, D_B: 0.232, G_B: 1.092, cycle_B: 0.563, gp: 0.220

learning rate 0.0002000 -> 0.0002000
temperature tau = 0.4384
End of epoch 4 / 50 	 Time Taken: 19 sec
[Rank 0] (epoch: 5, iters: 1152, time: 0.001, data: 0.001) , D_A: 0.230, G_A: 0.988, cycle_A: 0.450, D_B: 0.191, G_B: 0.851, cycle_B: 0.486, gp: 0.183

[Rank 0] (epoch: 5, iters: 2752, time: 0.001, data: 0.001) , D_A: 0.230, G_A: 0.934, cycle_A: 0.421, D_B: 0.173, G_B: 1.132, cycle_B: 0.456, gp: 0.167

[Rank 0] (epoch: 5, iters: 4352, time: 0.001, data: 0.002) , D_A: 0.420, G_A: 1.108, cycle_A: 0.435, D_B: 0.192, G_B: 0.874, cycle_B: 0.469, gp: 0.184

[Rank 0] (epoch: 5, iters: 5952, time: 0.001, data: 0.002) , D_A: 0.271, G_A: 0.855, cycle_A: 0.432, D_B: 0.300, G_B: 1.198, cycle_B: 0.469, gp: 0.292

[Rank 0] (epoch: 5, iters: 7552, time: 0.001, data: 0.002) , D_A: 0.229, G_A: 0.959, cycle_A: 0.448, D_B: 0.336, G_B: 1.522, cycle_B: 0.444, gp: 0.300

[Rank 0] (epoch: 5, iters: 9152, time: 0.001, data: 0.002) , D_A: 0.307, G_A: 0.974, cycle_A: 0.425, D_B: 0.171, G_B: 0.909, cycle_B: 0.464, gp: 0.163

[Rank 0] (epoch: 5, iters: 10752, time: 0.001, data: 0.001) , D_A: 0.266, G_A: 0.984, cycle_A: 0.447, D_B: 0.298, G_B: 0.966, cycle_B: 0.451, gp: 0.291

[Rank 0] (epoch: 5, iters: 12352, time: 0.001, data: 0.001) , D_A: 0.234, G_A: 0.997, cycle_A: 0.452, D_B: 0.171, G_B: 0.871, cycle_B: 0.474, gp: 0.165

[Rank 0] (epoch: 5, iters: 13952, time: 0.001, data: 0.002) , D_A: 0.206, G_A: 0.948, cycle_A: 0.442, D_B: 0.240, G_B: 0.869, cycle_B: 0.479, gp: 0.222

[Rank 0] (epoch: 5, iters: 15552, time: 0.001, data: 0.002) , D_A: 0.207, G_A: 0.978, cycle_A: 0.450, D_B: 0.230, G_B: 0.998, cycle_B: 0.441, gp: 0.223

[Rank 0] (epoch: 5, iters: 17152, time: 0.001, data: 0.001) , D_A: 0.246, G_A: 0.671, cycle_A: 0.473, D_B: 0.220, G_B: 1.176, cycle_B: 0.488, gp: 0.211

[Rank 0] (epoch: 5, iters: 18752, time: 0.001, data: 0.001) , D_A: 0.302, G_A: 0.993, cycle_A: 0.444, D_B: 0.274, G_B: 0.955, cycle_B: 0.482, gp: 0.260

[Rank 0] (epoch: 5, iters: 20352, time: 0.001, data: 0.001) , D_A: 0.247, G_A: 0.945, cycle_A: 0.443, D_B: 0.240, G_B: 0.919, cycle_B: 0.491, gp: 0.235

--- iter tau=0.4384 ---
  cipher in : bdmmbeebea lefbkdblfeefeaebdbcbkebhlbebdfbclmfl bdbdlbebkdebdbdl
  decrypted : eiaaeccecl  c e ie  cc clceieae cek ecei ea a   eiei ece iceiei 
  real plain:  iied edig me he hial f eame i iied akeig he field ad eailed hik
  cipher in : ammeblmmbkdebibgkbecmfbdbaiiedbifemblmmbcebibdiembcbfbcdlfbiblmm
  decrypted : laace aae icedea ecaa eielddcied cae aaeacedeidcaeae eai  ede aa
  real plain:  begi b ig hem i e fc e a demabl fale he he f he m a e he fi a h
[Rank 0] (epoch: 5, iters: 21952, time: 0.001, data: 0.001) , D_A: 0.202, G_A: 1.032, cycle_A: 0.425, D_B: 0.287, G_B: 0.825, cycle_B: 0.484, gp: 0.280

saving the latest model (epoch 5, total_iters 120000)
[Rank 0] (epoch: 5, iters: 23552, time: 0.001, data: 0.001) , D_A: 0.253, G_A: 0.994, cycle_A: 0.431, D_B: 0.244, G_B: 0.983, cycle_B: 0.507, gp: 0.239

learning rate 0.0002000 -> 0.0002000
temperature tau = 0.4243
End of epoch 5 / 50 	 Time Taken: 24 sec
[Rank 0] (epoch: 6, iters: 640, time: 0.001, data: 0.002) , D_A: 0.207, G_A: 0.916, cycle_A: 0.472, D_B: 0.251, G_B: 0.986, cycle_B: 0.485, gp: 0.244

[Rank 0] (epoch: 6, iters: 2240, time: 0.001, data: 0.000) , D_A: 0.267, G_A: 1.028, cycle_A: 0.428, D_B: 0.274, G_B: 0.969, cycle_B: 0.459, gp: 0.270

[Rank 0] (epoch: 6, iters: 3840, time: 0.001, data: 0.001) , D_A: 0.166, G_A: 1.117, cycle_A: 0.450, D_B: 0.252, G_B: 0.977, cycle_B: 0.478, gp: 0.248

[Rank 0] (epoch: 6, iters: 5440, time: 0.001, data: 0.001) , D_A: 0.215, G_A: 0.947, cycle_A: 0.433, D_B: 0.185, G_B: 1.361, cycle_B: 0.461, gp: 0.176

[Rank 0] (epoch: 6, iters: 7040, time: 0.001, data: 0.001) , D_A: 0.276, G_A: 1.022, cycle_A: 0.452, D_B: 0.234, G_B: 1.481, cycle_B: 0.479, gp: 0.218

[Rank 0] (epoch: 6, iters: 8640, time: 0.001, data: 0.001) , D_A: 0.220, G_A: 0.925, cycle_A: 0.424, D_B: 0.189, G_B: 0.960, cycle_B: 0.465, gp: 0.185

[Rank 0] (epoch: 6, iters: 10240, time: 0.001, data: 0.001) , D_A: 0.252, G_A: 1.158, cycle_A: 0.433, D_B: 0.284, G_B: 0.789, cycle_B: 0.459, gp: 0.275

[Rank 0] (epoch: 6, iters: 11840, time: 0.001, data: 0.001) , D_A: 0.135, G_A: 0.951, cycle_A: 0.457, D_B: 0.229, G_B: 0.971, cycle_B: 0.469, gp: 0.226

[Rank 0] (epoch: 6, iters: 13440, time: 0.001, data: 0.001) , D_A: 0.220, G_A: 1.002, cycle_A: 0.440, D_B: 0.168, G_B: 1.168, cycle_B: 0.471, gp: 0.165

[Rank 0] (epoch: 6, iters: 15040, time: 0.001, data: 0.001) , D_A: 0.215, G_A: 0.946, cycle_A: 0.431, D_B: 0.289, G_B: 0.891, cycle_B: 0.473, gp: 0.284

[Rank 0] (epoch: 6, iters: 16640, time: 0.001, data: 0.001) , D_A: 0.425, G_A: 0.031, cycle_A: 0.442, D_B: 0.224, G_B: 0.877, cycle_B: 0.509, gp: 0.216

[Rank 0] (epoch: 6, iters: 18240, time: 0.001, data: 0.001) , D_A: 0.241, G_A: 0.785, cycle_A: 0.430, D_B: 0.200, G_B: 1.023, cycle_B: 0.559, gp: 0.196

[Rank 0] (epoch: 6, iters: 19840, time: 0.001, data: 0.001) , D_A: 0.241, G_A: 0.935, cycle_A: 0.438, D_B: 0.189, G_B: 1.060, cycle_B: 0.555, gp: 0.184

[Rank 0] (epoch: 6, iters: 21440, time: 0.001, data: 0.001) , D_A: 0.177, G_A: 0.981, cycle_A: 0.433, D_B: 0.224, G_B: 0.991, cycle_B: 0.502, gp: 0.221

[Rank 0] (epoch: 6, iters: 23040, time: 0.001, data: 0.001) , D_A: 0.267, G_A: 0.956, cycle_A: 0.434, D_B: 0.280, G_B: 0.923, cycle_B: 0.467, gp: 0.275

learning rate 0.0002000 -> 0.0002000
temperature tau = 0.4106
End of epoch 6 / 50 	 Time Taken: 20 sec
[Rank 0] (epoch: 7, iters: 128, time: 0.001, data: 0.001) , D_A: 0.362, G_A: 1.016, cycle_A: 0.435, D_B: 0.285, G_B: 0.989, cycle_B: 0.442, gp: 0.283

[Rank 0] (epoch: 7, iters: 1728, time: 0.001, data: 0.001) , D_A: 0.215, G_A: 0.983, cycle_A: 0.443, D_B: 0.208, G_B: 1.003, cycle_B: 0.426, gp: 0.204

[Rank 0] (epoch: 7, iters: 3328, time: 0.001, data: 0.001) , D_A: 0.299, G_A: 0.965, cycle_A: 0.460, D_B: 0.264, G_B: 1.084, cycle_B: 0.455, gp: 0.257

[Rank 0] (epoch: 7, iters: 4928, time: 0.001, data: 0.001) , D_A: 0.234, G_A: 0.988, cycle_A: 0.436, D_B: 0.240, G_B: 0.976, cycle_B: 0.462, gp: 0.236

[Rank 0] (epoch: 7, iters: 6528, time: 0.001, data: 0.001) , D_A: 0.307, G_A: 1.013, cycle_A: 0.466, D_B: 0.171, G_B: 0.961, cycle_B: 0.449, gp: 0.167

[Rank 0] (epoch: 7, iters: 8128, time: 0.001, data: 0.001) , D_A: 0.144, G_A: 1.015, cycle_A: 0.456, D_B: 0.196, G_B: 0.999, cycle_B: 0.474, gp: 0.193

[Rank 0] (epoch: 7, iters: 9728, time: 0.001, data: 0.001) , D_A: 0.257, G_A: 0.955, cycle_A: 0.432, D_B: 0.157, G_B: 1.052, cycle_B: 0.462, gp: 0.153

[Rank 0] (epoch: 7, iters: 11328, time: 0.001, data: 0.001) , D_A: 0.318, G_A: 1.046, cycle_A: 0.409, D_B: 0.214, G_B: 0.990, cycle_B: 0.481, gp: 0.210

--- iter tau=0.4106 ---
  cipher in : blbll bhdmjeblfeefeaebklbell blhblfeefbakdmme l bkebkebdfllbhdmj
  decrypted : b b   bkiaahb  hh hlhb  bh   b kb  hh bl iaah   b hb hbi   bkiaa
  real plain:  ih le e i he allcai ae ked f hee feecie he ii f lgage eice ha m
  cipher in : l blaedefbilaldmbabidebkbkl kbdbebkdbidbcebklmebaalmidbmbalefbke
  decrypted :   b lhih bd l iablbdihb b    bibhb ibdibahb  ahbll adibabl h b h
  real plain: eed gam f eig he am ace he al demaded ha keed ake addiial meae i
[Rank 0] (epoch: 7, iters: 12928, time: 0.001, data: 0.001) , D_A: 0.213, G_A: 0.968, cycle_A: 0.449, D_B: 0.216, G_B: 1.046, cycle_B: 0.510, gp: 0.210

saving the latest model (epoch 7, total_iters 160000)
[Rank 0] (epoch: 7, iters: 14528, time: 0.001, data: 0.001) , D_A: 0.258, G_A: 0.919, cycle_A: 0.440, D_B: 0.251, G_B: 1.205, cycle_B: 0.418, gp: 0.243

[Rank 0] (epoch: 7, iters: 16128, time: 0.001, data: 0.001) , D_A: 0.260, G_A: 0.981, cycle_A: 0.443, D_B: 0.246, G_B: 1.070, cycle_B: 0.436, gp: 0.241

[Rank 0] (epoch: 7, iters: 17728, time: 0.001, data: 0.001) , D_A: 0.213, G_A: 0.769, cycle_A: 0.433, D_B: 0.174, G_B: 0.924, cycle_B: 0.507, gp: 0.169

[Rank 0] (epoch: 7, iters: 19328, time: 0.001, data: 0.001) , D_A: 0.188, G_A: 0.958, cycle_A: 0.427, D_B: 0.319, G_B: 1.038, cycle_B: 0.504, gp: 0.314

[Rank 0] (epoch: 7, iters: 20928, time: 0.001, data: 0.001) , D_A: 0.245, G_A: 1.007, cycle_A: 0.459, D_B: 0.211, G_B: 1.213, cycle_B: 0.485, gp: 0.203

[Rank 0] (epoch: 7, iters: 22528, time: 0.001, data: 0.001) , D_A: 0.232, G_A: 0.991, cycle_A: 0.442, D_B: 0.261, G_B: 0.793, cycle_B: 0.500, gp: 0.250

[Rank 0] (epoch: 7, iters: 24128, time: 0.001, data: 0.001) , D_A: 0.242, G_A: 1.008, cycle_A: 0.447, D_B: 0.193, G_B: 1.187, cycle_B: 0.468, gp: 0.190

learning rate 0.0002000 -> 0.0002000
temperature tau = 0.3973
End of epoch 7 / 50 	 Time Taken: 20 sec
[Rank 0] (epoch: 8, iters: 1216, time: 0.001, data: 0.001) , D_A: 0.251, G_A: 1.049, cycle_A: 0.429, D_B: 0.214, G_B: 0.863, cycle_B: 0.491, gp: 0.210

[Rank 0] (epoch: 8, iters: 2816, time: 0.001, data: 0.001) , D_A: 0.228, G_A: 0.984, cycle_A: 0.418, D_B: 0.241, G_B: 1.012, cycle_B: 0.479, gp: 0.237

[Rank 0] (epoch: 8, iters: 4416, time: 0.001, data: 0.001) , D_A: 0.252, G_A: 0.925, cycle_A: 0.436, D_B: 0.228, G_B: 0.810, cycle_B: 0.476, gp: 0.219

[Rank 0] (epoch: 8, iters: 6016, time: 0.001, data: 0.001) , D_A: 0.264, G_A: 0.985, cycle_A: 0.432, D_B: 0.142, G_B: 0.940, cycle_B: 0.464, gp: 0.139

[Rank 0] (epoch: 8, iters: 7616, time: 0.001, data: 0.001) , D_A: 0.257, G_A: 1.012, cycle_A: 0.439, D_B: 0.239, G_B: 0.979, cycle_B: 0.461, gp: 0.235

[Rank 0] (epoch: 8, iters: 9216, time: 0.001, data: 0.002) , D_A: 0.215, G_A: 1.011, cycle_A: 0.428, D_B: 0.198, G_B: 0.933, cycle_B: 0.485, gp: 0.194

[Rank 0] (epoch: 8, iters: 10816, time: 0.001, data: 0.001) , D_A: 0.175, G_A: 0.969, cycle_A: 0.438, D_B: 0.176, G_B: 1.077, cycle_B: 0.470, gp: 0.170

[Rank 0] (epoch: 8, iters: 12416, time: 0.001, data: 0.001) , D_A: 0.138, G_A: 0.970, cycle_A: 0.432, D_B: 0.185, G_B: 1.102, cycle_B: 0.480, gp: 0.180

[Rank 0] (epoch: 8, iters: 14016, time: 0.001, data: 0.001) , D_A: 0.275, G_A: 1.005, cycle_A: 0.425, D_B: 0.243, G_B: 1.009, cycle_B: 0.478, gp: 0.239

[Rank 0] (epoch: 8, iters: 15616, time: 0.001, data: 0.001) , D_A: 0.186, G_A: 0.985, cycle_A: 0.441, D_B: 0.318, G_B: 1.066, cycle_B: 0.464, gp: 0.314

[Rank 0] (epoch: 8, iters: 17216, time: 0.001, data: 0.001) , D_A: 0.197, G_A: 0.931, cycle_A: 0.433, D_B: 0.290, G_B: 1.290, cycle_B: 0.495, gp: 0.285

[Rank 0] (epoch: 8, iters: 18816, time: 0.001, data: 0.001) , D_A: 0.238, G_A: 1.039, cycle_A: 0.446, D_B: 0.230, G_B: 0.966, cycle_B: 0.482, gp: 0.227

[Rank 0] (epoch: 8, iters: 20416, time: 0.001, data: 0.002) , D_A: 0.190, G_A: 0.994, cycle_A: 0.424, D_B: 0.249, G_B: 1.058, cycle_B: 0.484, gp: 0.246

[Rank 0] (epoch: 8, iters: 22016, time: 0.001, data: 0.001) , D_A: 0.187, G_A: 0.991, cycle_A: 0.428, D_B: 0.122, G_B: 0.934, cycle_B: 0.468, gp: 0.116

[Rank 0] (epoch: 8, iters: 23616, time: 0.001, data: 0.001) , D_A: 0.235, G_A: 1.041, cycle_A: 0.415, D_B: 0.164, G_B: 0.943, cycle_B: 0.487, gp: 0.160

learning rate 0.0002000 -> 0.0002000
temperature tau = 0.3845
End of epoch 8 / 50 	 Time Taken: 22 sec
[Rank 0] (epoch: 9, iters: 704, time: 0.001, data: 0.001) , D_A: 0.268, G_A: 0.968, cycle_A: 0.424, D_B: 0.351, G_B: 0.931, cycle_B: 0.470, gp: 0.346

[Rank 0] (epoch: 9, iters: 2304, time: 0.001, data: 0.000) , D_A: 0.243, G_A: 1.052, cycle_A: 0.414, D_B: 0.215, G_B: 0.853, cycle_B: 0.465, gp: 0.207

--- iter tau=0.3845 ---
  cipher in : hbaiebeblmmbfeebkebdmebhbhbflhheebaiebcbdhbedakblblkbdcaldbkeb d
  decrypted : keldhehe aae hhe heiahekeke  kkhheldheaeikehil e e  eial ie he i
  real plain: a ha ime he affded me he ce f hi b kda f ch legh a i ma eed eak 
  cipher in : dmbflmdefbkebdclmlblebmdlbeebdmibdblabhbflebkebeebhbaebcebfemlee
  decrypted : iae  aih e heia a e heai ehheiadeie leke  he hehhekelheahe ha hh
  real plain: ed be checked ie ad hae he ie f he aea ale ca be a deemiig fac a
[Rank 0] (epoch: 9, iters: 3904, time: 0.001, data: 0.002) , D_A: 0.200, G_A: 0.922, cycle_A: 0.426, D_B: 0.191, G_B: 0.919, cycle_B: 0.459, gp: 0.186

saving the latest model (epoch 9, total_iters 200000)
[Rank 0] (epoch: 9, iters: 5504, time: 0.001, data: 0.001) , D_A: 0.224, G_A: 0.999, cycle_A: 0.430, D_B: 0.230, G_B: 1.162, cycle_B: 0.467, gp: 0.220

[Rank 0] (epoch: 9, iters: 7104, time: 0.001, data: 0.001) , D_A: 0.168, G_A: 0.988, cycle_A: 0.430, D_B: 0.210, G_B: 1.001, cycle_B: 0.462, gp: 0.206

[Rank 0] (epoch: 9, iters: 8704, time: 0.001, data: 0.001) , D_A: 0.216, G_A: 0.983, cycle_A: 0.420, D_B: 0.178, G_B: 0.939, cycle_B: 0.449, gp: 0.175

[Rank 0] (epoch: 9, iters: 10304, time: 0.001, data: 0.002) , D_A: 0.137, G_A: 1.036, cycle_A: 0.434, D_B: 0.116, G_B: 0.973, cycle_B: 0.467, gp: 0.112

[Rank 0] (epoch: 9, iters: 11904, time: 0.001, data: 0.001) , D_A: 0.246, G_A: 0.896, cycle_A: 0.448, D_B: 0.405, G_B: 0.195, cycle_B: 0.459, gp: 0.259

[Rank 0] (epoch: 9, iters: 13504, time: 0.001, data: 0.001) , D_A: 0.140, G_A: 0.967, cycle_A: 0.418, D_B: 0.390, G_B: 0.654, cycle_B: 0.489, gp: 0.260

[Rank 0] (epoch: 9, iters: 15104, time: 0.001, data: 0.001) , D_A: 0.245, G_A: 0.935, cycle_A: 0.456, D_B: 0.257, G_B: 0.900, cycle_B: 0.485, gp: 0.240

[Rank 0] (epoch: 9, iters: 16704, time: 0.001, data: 0.001) , D_A: 0.287, G_A: 0.996, cycle_A: 0.491, D_B: 0.200, G_B: 1.006, cycle_B: 0.490, gp: 0.195

[Rank 0] (epoch: 9, iters: 18304, time: 0.001, data: 0.001) , D_A: 0.307, G_A: 0.963, cycle_A: 0.409, D_B: 0.215, G_B: 0.949, cycle_B: 0.458, gp: 0.208

[Rank 0] (epoch: 9, iters: 19904, time: 0.001, data: 0.001) , D_A: 0.231, G_A: 0.993, cycle_A: 0.440, D_B: 0.239, G_B: 0.998, cycle_B: 0.473, gp: 0.233

[Rank 0] (epoch: 9, iters: 21504, time: 0.001, data: 0.001) , D_A: 0.290, G_A: 1.007, cycle_A: 0.425, D_B: 0.365, G_B: 1.036, cycle_B: 0.457, gp: 0.359

[Rank 0] (epoch: 9, iters: 23104, time: 0.001, data: 0.001) , D_A: 0.305, G_A: 1.017, cycle_A: 0.431, D_B: 0.172, G_B: 0.965, cycle_B: 0.473, gp: 0.168

learning rate 0.0002000 -> 0.0002000
temperature tau = 0.3720
End of epoch 9 / 50 	 Time Taken: 23 sec
[Rank 0] (epoch: 10, iters: 192, time: 0.001, data: 0.001) , D_A: 0.172, G_A: 0.997, cycle_A: 0.432, D_B: 0.305, G_B: 0.934, cycle_B: 0.448, gp: 0.299

[Rank 0] (epoch: 10, iters: 1792, time: 0.001, data: 0.000) , D_A: 0.222, G_A: 1.037, cycle_A: 0.438, D_B: 0.120, G_B: 1.177, cycle_B: 0.457, gp: 0.111

[Rank 0] (epoch: 10, iters: 3392, time: 0.001, data: 0.001) , D_A: 0.238, G_A: 1.014, cycle_A: 0.435, D_B: 0.168, G_B: 1.048, cycle_B: 0.458, gp: 0.164

[Rank 0] (epoch: 10, iters: 4992, time: 0.001, data: 0.001) , D_A: 0.259, G_A: 0.958, cycle_A: 0.444, D_B: 0.253, G_B: 1.096, cycle_B: 0.521, gp: 0.251

[Rank 0] (epoch: 10, iters: 6592, time: 0.001, data: 0.002) , D_A: 0.545, G_A: 0.399, cycle_A: 0.444, D_B: 0.153, G_B: 1.009, cycle_B: 0.454, gp: 0.150

[Rank 0] (epoch: 10, iters: 8192, time: 0.001, data: 0.001) , D_A: 0.292, G_A: 0.996, cycle_A: 0.410, D_B: 0.259, G_B: 1.028, cycle_B: 0.466, gp: 0.255

[Rank 0] (epoch: 10, iters: 9792, time: 0.001, data: 0.001) , D_A: 0.290, G_A: 1.006, cycle_A: 0.455, D_B: 0.200, G_B: 0.951, cycle_B: 0.431, gp: 0.194

[Rank 0] (epoch: 10, iters: 11392, time: 0.001, data: 0.001) , D_A: 0.182, G_A: 0.933, cycle_A: 0.467, D_B: 0.210, G_B: 1.313, cycle_B: 0.429, gp: 0.205

[Rank 0] (epoch: 10, iters: 12992, time: 0.001, data: 0.001) , D_A: 0.262, G_A: 1.004, cycle_A: 0.458, D_B: 0.157, G_B: 0.961, cycle_B: 0.444, gp: 0.154

[Rank 0] (epoch: 10, iters: 14592, time: 0.001, data: 0.001) , D_A: 0.185, G_A: 1.021, cycle_A: 0.426, D_B: 0.336, G_B: 0.962, cycle_B: 0.433, gp: 0.333

[Rank 0] (epoch: 10, iters: 16192, time: 0.001, data: 0.001) , D_A: 0.290, G_A: 0.965, cycle_A: 0.432, D_B: 0.172, G_B: 0.974, cycle_B: 0.436, gp: 0.168

[Rank 0] (epoch: 10, iters: 17792, time: 0.001, data: 0.002) , D_A: 0.275, G_A: 0.901, cycle_A: 0.424, D_B: 0.269, G_B: 0.959, cycle_B: 0.424, gp: 0.266

--- iter tau=0.3720 ---
  cipher in : ebaiidmbemealbkdbil kbkdebkelebdjebmdaebdbeafbidgblbhbklbedblbed
  decrypted : celddiaecacl e ied   e ice c ceiaceailceiecl ediae eke  ecie eci
  real plain: ma be a had akmae f lecla il becae he a hem deel he aide ad kill
  cipher in : ajbk kbeedmbamibhbebdfbmlebaldmbeblbedakblebkebhfblblbkebefllbhb
  decrypted : lae   ecciaeladekecei ea cel iaece ecil e ce cek e e e cec   eke
  real plain:  e af ma be fficie a cmaed he af hdge am af eied f deeci f he cm
[Rank 0] (epoch: 10, iters: 19392, time: 0.001, data: 0.001) , D_A: 0.244, G_A: 1.046, cycle_A: 0.449, D_B: 0.295, G_B: 1.092, cycle_B: 0.435, gp: 0.291

saving the latest model (epoch 10, total_iters 240000)
[Rank 0] (epoch: 10, iters: 20992, time: 0.001, data: 0.001) , D_A: 0.215, G_A: 0.938, cycle_A: 0.439, D_B: 0.280, G_B: 1.191, cycle_B: 0.416, gp: 0.273

[Rank 0] (epoch: 10, iters: 22592, time: 0.001, data: 0.001) , D_A: 0.171, G_A: 0.979, cycle_A: 0.441, D_B: 0.159, G_B: 1.032, cycle_B: 0.408, gp: 0.156

[Rank 0] (epoch: 10, iters: 24192, time: 0.001, data: 0.002) , D_A: 0.264, G_A: 0.971, cycle_A: 0.428, D_B: 0.234, G_B: 0.915, cycle_B: 0.419, gp: 0.230

learning rate 0.0002000 -> 0.0002000
temperature tau = 0.3600
End of epoch 10 / 50 	 Time Taken: 24 sec
[Rank 0] (epoch: 11, iters: 1280, time: 0.001, data: 0.001) , D_A: 0.238, G_A: 0.984, cycle_A: 0.438, D_B: 0.232, G_B: 0.926, cycle_B: 0.412, gp: 0.228

[Rank 0] (epoch: 11, iters: 2880, time: 0.001, data: 0.001) , D_A: 0.312, G_A: 1.025, cycle_A: 0.446, D_B: 0.194, G_B: 0.938, cycle_B: 0.410, gp: 0.190

[Rank 0] (epoch: 11, iters: 4480, time: 0.001, data: 0.001) , D_A: 0.256, G_A: 0.837, cycle_A: 0.440, D_B: 0.185, G_B: 1.155, cycle_B: 0.413, gp: 0.180

[Rank 0] (epoch: 11, iters: 6080, time: 0.001, data: 0.001) , D_A: 0.474, G_A: 0.714, cycle_A: 1.769, D_B: 0.526, G_B: 1.290, cycle_B: 1.848, gp: 0.463

[Rank 0] (epoch: 11, iters: 7680, time: 0.001, data: 0.002) , D_A: 0.457, G_A: 0.980, cycle_A: 1.145, D_B: 0.344, G_B: 1.043, cycle_B: 1.063, gp: 0.260

[Rank 0] (epoch: 11, iters: 9280, time: 0.001, data: 0.001) , D_A: 0.513, G_A: 0.427, cycle_A: 0.644, D_B: 0.429, G_B: 0.989, cycle_B: 0.618, gp: 0.307

[Rank 0] (epoch: 11, iters: 10880, time: 0.001, data: 0.001) , D_A: 0.498, G_A: 0.241, cycle_A: 0.523, D_B: 0.428, G_B: 1.046, cycle_B: 0.384, gp: 0.332

[Rank 0] (epoch: 11, iters: 12480, time: 0.001, data: 0.001) , D_A: 0.447, G_A: 0.511, cycle_A: 0.466, D_B: 0.487, G_B: 1.463, cycle_B: 0.523, gp: 0.300

[Rank 0] (epoch: 11, iters: 14080, time: 0.001, data: 0.001) , D_A: 0.412, G_A: 0.899, cycle_A: 0.340, D_B: 0.386, G_B: 0.966, cycle_B: 0.222, gp: 0.327

[Rank 0] (epoch: 11, iters: 15680, time: 0.001, data: 0.002) , D_A: 0.437, G_A: 0.892, cycle_A: 0.312, D_B: 0.335, G_B: 0.814, cycle_B: 0.303, gp: 0.284

[Rank 0] (epoch: 11, iters: 17280, time: 0.001, data: 0.001) , D_A: 0.417, G_A: 0.806, cycle_A: 0.252, D_B: 0.334, G_B: 0.810, cycle_B: 0.199, gp: 0.296

[Rank 0] (epoch: 11, iters: 18880, time: 0.001, data: 0.001) , D_A: 0.396, G_A: 0.765, cycle_A: 0.239, D_B: 0.318, G_B: 0.681, cycle_B: 0.278, gp: 0.273

[Rank 0] (epoch: 11, iters: 20480, time: 0.001, data: 0.001) , D_A: 0.377, G_A: 0.539, cycle_A: 0.313, D_B: 0.200, G_B: 0.753, cycle_B: 0.273, gp: 0.162

[Rank 0] (epoch: 11, iters: 22080, time: 0.001, data: 0.001) , D_A: 0.286, G_A: 0.674, cycle_A: 0.236, D_B: 0.296, G_B: 0.753, cycle_B: 0.318, gp: 0.249

[Rank 0] (epoch: 11, iters: 23680, time: 0.001, data: 0.001) , D_A: 0.274, G_A: 1.018, cycle_A: 0.229, D_B: 0.228, G_B: 0.923, cycle_B: 0.211, gp: 0.197

learning rate 0.0002000 -> 0.0002000
temperature tau = 0.3484
End of epoch 11 / 50 	 Time Taken: 23 sec
[Rank 0] (epoch: 12, iters: 768, time: 0.001, data: 0.001) , D_A: 0.288, G_A: 0.868, cycle_A: 0.223, D_B: 0.319, G_B: 1.037, cycle_B: 0.202, gp: 0.276

[Rank 0] (epoch: 12, iters: 2368, time: 0.001, data: 0.001) , D_A: 0.318, G_A: 0.885, cycle_A: 0.298, D_B: 0.270, G_B: 1.096, cycle_B: 0.256, gp: 0.223

[Rank 0] (epoch: 12, iters: 3968, time: 0.001, data: 0.002) , D_A: 0.277, G_A: 0.948, cycle_A: 0.201, D_B: 0.390, G_B: 0.310, cycle_B: 0.224, gp: 0.251

[Rank 0] (epoch: 12, iters: 5568, time: 0.001, data: 0.001) , D_A: 0.329, G_A: 0.848, cycle_A: 0.198, D_B: 0.240, G_B: 1.026, cycle_B: 0.185, gp: 0.215

[Rank 0] (epoch: 12, iters: 7168, time: 0.001, data: 0.001) , D_A: 0.382, G_A: 0.945, cycle_A: 0.261, D_B: 0.197, G_B: 1.031, cycle_B: 0.291, gp: 0.166

[Rank 0] (epoch: 12, iters: 8768, time: 0.001, data: 0.002) , D_A: 0.280, G_A: 1.043, cycle_A: 0.192, D_B: 0.233, G_B: 0.798, cycle_B: 0.281, gp: 0.209

--- iter tau=0.3484 ---
  cipher in : bebhbkebibeidjdcmebiebkbeebmlefbdbcl dkebadmmefbklibkebeidebgkbk
  decrypted :  e h ce a eaiaiaae ae c ee adeg i addice liaaeg cda ce eaie hc c
  real plain: he bili headache f he bae egime h fa ha bee he ead eam f jbeeke 
  cipher in : bebhbkebceakeblbkebfdlbmccbedjbkeibkeblefbkeb bilaldbkdbkebdldmb
  decrypted :  e h ce aelce d ce gid aaa eia cea ce deg ce d adldi ci ce idia 
  real plain: ll iceed e helled childe he hela a j ig fee he he ee fced ceal l
[Rank 0] (epoch: 12, iters: 10368, time: 0.001, data: 0.001) , D_A: 0.330, G_A: 0.865, cycle_A: 0.211, D_B: 0.285, G_B: 0.661, cycle_B: 0.183, gp: 0.257

saving the latest model (epoch 12, total_iters 280000)
[Rank 0] (epoch: 12, iters: 11968, time: 0.001, data: 0.001) , D_A: 0.264, G_A: 0.949, cycle_A: 0.202, D_B: 0.305, G_B: 0.691, cycle_B: 0.195, gp: 0.275

[Rank 0] (epoch: 12, iters: 13568, time: 0.001, data: 0.001) , D_A: 0.241, G_A: 0.827, cycle_A: 0.183, D_B: 0.269, G_B: 0.828, cycle_B: 0.207, gp: 0.248

[Rank 0] (epoch: 12, iters: 15168, time: 0.001, data: 0.001) , D_A: 0.354, G_A: 0.802, cycle_A: 0.202, D_B: 0.191, G_B: 1.009, cycle_B: 0.266, gp: 0.173

[Rank 0] (epoch: 12, iters: 16768, time: 0.001, data: 0.001) , D_A: 0.238, G_A: 0.987, cycle_A: 0.260, D_B: 0.263, G_B: 0.933, cycle_B: 0.264, gp: 0.247

[Rank 0] (epoch: 12, iters: 18368, time: 0.001, data: 0.001) , D_A: 0.204, G_A: 0.885, cycle_A: 0.193, D_B: 0.187, G_B: 0.889, cycle_B: 0.271, gp: 0.164

[Rank 0] (epoch: 12, iters: 19968, time: 0.001, data: 0.001) , D_A: 0.305, G_A: 0.893, cycle_A: 0.187, D_B: 0.231, G_B: 0.783, cycle_B: 0.184, gp: 0.203

[Rank 0] (epoch: 12, iters: 21568, time: 0.001, data: 0.001) , D_A: 0.191, G_A: 0.900, cycle_A: 0.192, D_B: 0.213, G_B: 0.964, cycle_B: 0.302, gp: 0.197

[Rank 0] (epoch: 12, iters: 23168, time: 0.001, data: 0.001) , D_A: 0.265, G_A: 0.924, cycle_A: 0.248, D_B: 0.304, G_B: 0.968, cycle_B: 0.259, gp: 0.286

learning rate 0.0002000 -> 0.0002000
temperature tau = 0.3371
End of epoch 12 / 50 	 Time Taken: 24 sec
[Rank 0] (epoch: 13, iters: 256, time: 0.001, data: 0.002) , D_A: 0.234, G_A: 0.912, cycle_A: 0.205, D_B: 0.300, G_B: 0.719, cycle_B: 0.199, gp: 0.278

[Rank 0] (epoch: 13, iters: 1856, time: 0.001, data: 0.002) , D_A: 0.172, G_A: 0.967, cycle_A: 0.194, D_B: 0.272, G_B: 0.986, cycle_B: 0.267, gp: 0.261

[Rank 0] (epoch: 13, iters: 3456, time: 0.001, data: 0.001) , D_A: 0.231, G_A: 1.013, cycle_A: 0.202, D_B: 0.205, G_B: 0.869, cycle_B: 0.180, gp: 0.189

[Rank 0] (epoch: 13, iters: 5056, time: 0.001, data: 0.001) , D_A: 0.257, G_A: 0.893, cycle_A: 0.266, D_B: 0.198, G_B: 0.973, cycle_B: 0.202, gp: 0.187

[Rank 0] (epoch: 13, iters: 6656, time: 0.001, data: 0.001) , D_A: 0.355, G_A: 0.880, cycle_A: 0.263, D_B: 0.233, G_B: 0.904, cycle_B: 0.251, gp: 0.221

[Rank 0] (epoch: 13, iters: 8256, time: 0.001, data: 0.002) , D_A: 0.182, G_A: 0.983, cycle_A: 0.263, D_B: 0.288, G_B: 0.915, cycle_B: 0.282, gp: 0.276

[Rank 0] (epoch: 13, iters: 9856, time: 0.001, data: 0.001) , D_A: 0.247, G_A: 0.976, cycle_A: 0.200, D_B: 0.288, G_B: 1.097, cycle_B: 0.260, gp: 0.258

[Rank 0] (epoch: 13, iters: 11456, time: 0.001, data: 0.001) , D_A: 0.239, G_A: 0.964, cycle_A: 0.186, D_B: 0.297, G_B: 0.903, cycle_B: 0.185, gp: 0.284

[Rank 0] (epoch: 13, iters: 13056, time: 0.001, data: 0.002) , D_A: 0.321, G_A: 0.414, cycle_A: 0.273, D_B: 0.215, G_B: 0.992, cycle_B: 0.267, gp: 0.200

[Rank 0] (epoch: 13, iters: 14656, time: 0.001, data: 0.001) , D_A: 0.287, G_A: 0.930, cycle_A: 0.190, D_B: 0.239, G_B: 1.055, cycle_B: 0.187, gp: 0.212

[Rank 0] (epoch: 13, iters: 16256, time: 0.001, data: 0.001) , D_A: 0.308, G_A: 0.825, cycle_A: 0.260, D_B: 0.318, G_B: 1.155, cycle_B: 0.254, gp: 0.278

[Rank 0] (epoch: 13, iters: 17856, time: 0.001, data: 0.001) , D_A: 0.338, G_A: 0.966, cycle_A: 0.229, D_B: 0.355, G_B: 0.073, cycle_B: 0.167, gp: 0.221

[Rank 0] (epoch: 13, iters: 19456, time: 0.001, data: 0.001) , D_A: 0.267, G_A: 1.058, cycle_A: 0.199, D_B: 0.155, G_B: 0.977, cycle_B: 0.197, gp: 0.144

[Rank 0] (epoch: 13, iters: 21056, time: 0.001, data: 0.001) , D_A: 0.361, G_A: 1.005, cycle_A: 0.198, D_B: 0.168, G_B: 0.950, cycle_B: 0.260, gp: 0.157

[Rank 0] (epoch: 13, iters: 22656, time: 0.001, data: 0.001) , D_A: 0.247, G_A: 0.885, cycle_A: 0.197, D_B: 0.196, G_B: 0.887, cycle_B: 0.259, gp: 0.177

[Rank 0] (epoch: 13, iters: 24256, time: 0.001, data: 0.001) , D_A: 0.298, G_A: 0.915, cycle_A: 0.182, D_B: 0.271, G_B: 1.043, cycle_B: 0.279, gp: 0.246

learning rate 0.0002000 -> 0.0002000
temperature tau = 0.3262
End of epoch 13 / 50 	 Time Taken: 25 sec
--- iter tau=0.3262 ---
  cipher in : ebfemmebkeedcbeheefb ebkelbdmeblebdbkebmadmbcdjebklakbkdfbdbclaj
  decrypted : e geaae ceeia eheeg de ced iae de i ce alia aiae cdlc cig i adla
  real plain: ad he i f haie he he ima diffeece beee he cii a ha he eide f he 
  cipher in : ldmmbk kbkelbabdbidfebddebieebamdefbedlembkeblajmbefbkelebkeblme
  decrypted : diaa cdc ced l i aige iie aee laieg eidea ce dlaa eg cede ce dae
  real plain: me f eible gamig fi e ca ecage eibili b eablihig a cdii f aiace 
[Rank 0] (epoch: 14, iters: 1344, time: 0.001, data: 0.001) , D_A: 0.220, G_A: 0.960, cycle_A: 0.196, D_B: 0.284, G_B: 1.062, cycle_B: 0.276, gp: 0.271

saving the latest model (epoch 14, total_iters 320000)
[Rank 0] (epoch: 14, iters: 2944, time: 0.001, data: 0.001) , D_A: 0.245, G_A: 1.090, cycle_A: 0.267, D_B: 0.246, G_B: 0.923, cycle_B: 0.199, gp: 0.230

[Rank 0] (epoch: 14, iters: 4544, time: 0.001, data: 0.001) , D_A: 0.253, G_A: 1.100, cycle_A: 0.193, D_B: 0.295, G_B: 0.761, cycle_B: 0.206, gp: 0.269

[Rank 0] (epoch: 14, iters: 6144, time: 0.001, data: 0.002) , D_A: 0.312, G_A: 0.881, cycle_A: 0.207, D_B: 0.305, G_B: 0.961, cycle_B: 0.174, gp: 0.296

[Rank 0] (epoch: 14, iters: 7744, time: 0.001, data: 0.002) , D_A: 0.357, G_A: 0.883, cycle_A: 0.183, D_B: 0.165, G_B: 0.967, cycle_B: 0.178, gp: 0.150

[Rank 0] (epoch: 14, iters: 9344, time: 0.001, data: 0.001) , D_A: 0.239, G_A: 0.798, cycle_A: 0.270, D_B: 0.224, G_B: 0.909, cycle_B: 0.235, gp: 0.210

[Rank 0] (epoch: 14, iters: 10944, time: 0.001, data: 0.001) , D_A: 0.272, G_A: 0.829, cycle_A: 0.265, D_B: 0.181, G_B: 0.953, cycle_B: 0.305, gp: 0.168

[Rank 0] (epoch: 14, iters: 12544, time: 0.001, data: 0.001) , D_A: 0.235, G_A: 0.975, cycle_A: 0.184, D_B: 0.227, G_B: 0.828, cycle_B: 0.174, gp: 0.208

[Rank 0] (epoch: 14, iters: 14144, time: 0.001, data: 0.001) , D_A: 0.237, G_A: 0.870, cycle_A: 0.201, D_B: 0.250, G_B: 1.018, cycle_B: 0.282, gp: 0.236

[Rank 0] (epoch: 14, iters: 15744, time: 0.001, data: 0.002) , D_A: 0.278, G_A: 0.987, cycle_A: 0.200, D_B: 0.190, G_B: 0.893, cycle_B: 0.163, gp: 0.175

[Rank 0] (epoch: 14, iters: 17344, time: 0.001, data: 0.001) , D_A: 0.247, G_A: 0.941, cycle_A: 0.196, D_B: 0.192, G_B: 1.006, cycle_B: 0.269, gp: 0.184

[Rank 0] (epoch: 14, iters: 18944, time: 0.001, data: 0.001) , D_A: 0.205, G_A: 0.926, cycle_A: 0.185, D_B: 0.198, G_B: 0.905, cycle_B: 0.268, gp: 0.182

[Rank 0] (epoch: 14, iters: 20544, time: 0.001, data: 0.001) , D_A: 0.228, G_A: 0.955, cycle_A: 0.239, D_B: 0.213, G_B: 1.048, cycle_B: 0.190, gp: 0.203

[Rank 0] (epoch: 14, iters: 22144, time: 0.001, data: 0.001) , D_A: 0.329, G_A: 0.944, cycle_A: 0.191, D_B: 0.162, G_B: 0.978, cycle_B: 0.207, gp: 0.149

[Rank 0] (epoch: 14, iters: 23744, time: 0.001, data: 0.002) , D_A: 0.233, G_A: 0.845, cycle_A: 0.199, D_B: 0.209, G_B: 0.951, cycle_B: 0.181, gp: 0.195

learning rate 0.0002000 -> 0.0002000
temperature tau = 0.3157
End of epoch 14 / 50 	 Time Taken: 23 sec
[Rank 0] (epoch: 15, iters: 832, time: 0.001, data: 0.001) , D_A: 0.234, G_A: 0.918, cycle_A: 0.194, D_B: 0.232, G_B: 0.929, cycle_B: 0.262, gp: 0.220

[Rank 0] (epoch: 15, iters: 2432, time: 0.001, data: 0.000) , D_A: 0.332, G_A: 0.953, cycle_A: 0.192, D_B: 0.300, G_B: 0.849, cycle_B: 0.288, gp: 0.282

[Rank 0] (epoch: 15, iters: 4032, time: 0.001, data: 0.001) , D_A: 0.304, G_A: 1.000, cycle_A: 0.206, D_B: 0.281, G_B: 0.940, cycle_B: 0.182, gp: 0.266

[Rank 0] (epoch: 15, iters: 5632, time: 0.001, data: 0.001) , D_A: 0.267, G_A: 0.924, cycle_A: 0.197, D_B: 0.247, G_B: 1.000, cycle_B: 0.181, gp: 0.238

[Rank 0] (epoch: 15, iters: 7232, time: 0.001, data: 0.001) , D_A: 0.195, G_A: 1.003, cycle_A: 0.182, D_B: 0.249, G_B: 1.019, cycle_B: 0.276, gp: 0.234

[Rank 0] (epoch: 15, iters: 8832, time: 0.001, data: 0.001) , D_A: 0.195, G_A: 0.962, cycle_A: 0.181, D_B: 0.108, G_B: 1.047, cycle_B: 0.195, gp: 0.099

[Rank 0] (epoch: 15, iters: 10432, time: 0.001, data: 0.001) , D_A: 0.226, G_A: 1.035, cycle_A: 0.195, D_B: 0.221, G_B: 0.990, cycle_B: 0.183, gp: 0.211

[Rank 0] (epoch: 15, iters: 12032, time: 0.001, data: 0.001) , D_A: 0.218, G_A: 0.695, cycle_A: 0.175, D_B: 0.289, G_B: 0.987, cycle_B: 0.288, gp: 0.275

[Rank 0] (epoch: 15, iters: 13632, time: 0.001, data: 0.001) , D_A: 0.224, G_A: 0.805, cycle_A: 0.186, D_B: 0.166, G_B: 0.978, cycle_B: 0.172, gp: 0.158

[Rank 0] (epoch: 15, iters: 15232, time: 0.001, data: 0.001) , D_A: 0.250, G_A: 0.946, cycle_A: 0.165, D_B: 0.293, G_B: 0.882, cycle_B: 0.190, gp: 0.277

--- iter tau=0.3157 ---
  cipher in : ebdbedbebemebcebhbeilmebhbkebmmblfedbdlfbkdbhkebfemdblbkebaiilee
  decrypted : e i ei e eae ae h eamae h ce aa mgei img ci hce geai m ce laamee
  real plain: ee ae ge ad im gig be a h ma he ball clb hi a he fi d fm jee hi 
  cipher in : febdfbkebhdambkebeebmbdbjeiebhbkelbdedbcbkebdmbalcebmeembfeallbi
  decrypted : ge ig ce hila ce ee a i aeae h cem iei a ce ia lmae aeea gelmm a
  real plain: d fi beg d mic ad each i ea had deamed f iecig hgh fame a he el 
[Rank 0] (epoch: 15, iters: 16832, time: 0.001, data: 0.001) , D_A: 0.198, G_A: 0.978, cycle_A: 0.178, D_B: 0.190, G_B: 1.011, cycle_B: 0.193, gp: 0.181

saving the latest model (epoch 15, total_iters 360000)
[Rank 0] (epoch: 15, iters: 18432, time: 0.001, data: 0.001) , D_A: 0.313, G_A: 1.001, cycle_A: 0.172, D_B: 0.251, G_B: 0.998, cycle_B: 0.267, gp: 0.244

[Rank 0] (epoch: 15, iters: 20032, time: 0.001, data: 0.001) , D_A: 0.181, G_A: 0.939, cycle_A: 0.168, D_B: 0.287, G_B: 0.983, cycle_B: 0.174, gp: 0.272

[Rank 0] (epoch: 15, iters: 21632, time: 0.001, data: 0.001) , D_A: 0.304, G_A: 0.808, cycle_A: 0.173, D_B: 0.306, G_B: 1.007, cycle_B: 0.192, gp: 0.290

[Rank 0] (epoch: 15, iters: 23232, time: 0.001, data: 0.001) , D_A: 0.304, G_A: 0.946, cycle_A: 0.168, D_B: 0.229, G_B: 1.016, cycle_B: 0.191, gp: 0.219

learning rate 0.0002000 -> 0.0002000
temperature tau = 0.3055
End of epoch 15 / 50 	 Time Taken: 20 sec
[Rank 0] (epoch: 16, iters: 320, time: 0.001, data: 0.001) , D_A: 0.148, G_A: 1.080, cycle_A: 0.168, D_B: 0.239, G_B: 0.824, cycle_B: 0.175, gp: 0.218

[Rank 0] (epoch: 16, iters: 1920, time: 0.001, data: 0.000) , D_A: 0.253, G_A: 0.889, cycle_A: 0.174, D_B: 0.326, G_B: 0.994, cycle_B: 0.253, gp: 0.313

[Rank 0] (epoch: 16, iters: 3520, time: 0.001, data: 0.001) , D_A: 0.281, G_A: 1.009, cycle_A: 0.183, D_B: 0.265, G_B: 0.854, cycle_B: 0.262, gp: 0.247

[Rank 0] (epoch: 16, iters: 5120, time: 0.001, data: 0.001) , D_A: 0.222, G_A: 1.039, cycle_A: 0.190, D_B: 0.170, G_B: 1.000, cycle_B: 0.267, gp: 0.158

[Rank 0] (epoch: 16, iters: 6720, time: 0.001, data: 0.001) , D_A: 0.587, G_A: 1.184, cycle_A: 0.188, D_B: 0.233, G_B: 1.028, cycle_B: 0.285, gp: 0.210

[Rank 0] (epoch: 16, iters: 8320, time: 0.001, data: 0.001) , D_A: 0.249, G_A: 0.963, cycle_A: 0.185, D_B: 0.217, G_B: 0.981, cycle_B: 0.175, gp: 0.204

[Rank 0] (epoch: 16, iters: 9920, time: 0.001, data: 0.001) , D_A: 0.394, G_A: 0.915, cycle_A: 0.247, D_B: 0.174, G_B: 0.947, cycle_B: 0.242, gp: 0.164

[Rank 0] (epoch: 16, iters: 11520, time: 0.001, data: 0.001) , D_A: 0.244, G_A: 0.951, cycle_A: 0.186, D_B: 0.229, G_B: 0.985, cycle_B: 0.174, gp: 0.220

[Rank 0] (epoch: 16, iters: 13120, time: 0.001, data: 0.001) , D_A: 0.230, G_A: 0.946, cycle_A: 0.194, D_B: 0.265, G_B: 0.916, cycle_B: 0.172, gp: 0.252

[Rank 0] (epoch: 16, iters: 14720, time: 0.001, data: 0.001) , D_A: 0.308, G_A: 0.933, cycle_A: 0.171, D_B: 0.240, G_B: 1.001, cycle_B: 0.202, gp: 0.232

[Rank 0] (epoch: 16, iters: 16320, time: 0.001, data: 0.001) , D_A: 0.242, G_A: 0.971, cycle_A: 0.172, D_B: 0.150, G_B: 0.882, cycle_B: 0.203, gp: 0.134

[Rank 0] (epoch: 16, iters: 17920, time: 0.001, data: 0.002) , D_A: 0.199, G_A: 0.917, cycle_A: 0.181, D_B: 0.135, G_B: 0.973, cycle_B: 0.206, gp: 0.129

[Rank 0] (epoch: 16, iters: 19520, time: 0.001, data: 0.001) , D_A: 0.302, G_A: 1.084, cycle_A: 0.246, D_B: 0.317, G_B: 0.919, cycle_B: 0.250, gp: 0.306

[Rank 0] (epoch: 16, iters: 21120, time: 0.001, data: 0.001) , D_A: 0.161, G_A: 1.002, cycle_A: 0.168, D_B: 0.160, G_B: 0.983, cycle_B: 0.249, gp: 0.149

[Rank 0] (epoch: 16, iters: 22720, time: 0.001, data: 0.002) , D_A: 0.283, G_A: 0.922, cycle_A: 0.186, D_B: 0.263, G_B: 1.024, cycle_B: 0.274, gp: 0.242

[Rank 0] (epoch: 16, iters: 24320, time: 0.001, data: 0.001) , D_A: 0.127, G_A: 0.917, cycle_A: 0.198, D_B: 0.230, G_B: 0.996, cycle_B: 0.253, gp: 0.217

learning rate 0.0002000 -> 0.0002000
temperature tau = 0.2956
End of epoch 16 / 50 	 Time Taken: 23 sec
[Rank 0] (epoch: 17, iters: 1408, time: 0.001, data: 0.001) , D_A: 0.272, G_A: 0.959, cycle_A: 0.177, D_B: 0.203, G_B: 1.025, cycle_B: 0.164, gp: 0.193

[Rank 0] (epoch: 17, iters: 3008, time: 0.001, data: 0.001) , D_A: 0.183, G_A: 0.938, cycle_A: 0.174, D_B: 0.095, G_B: 1.020, cycle_B: 0.234, gp: 0.084

[Rank 0] (epoch: 17, iters: 4608, time: 0.001, data: 0.002) , D_A: 0.369, G_A: 0.894, cycle_A: 0.230, D_B: 0.164, G_B: 1.048, cycle_B: 0.285, gp: 0.156

[Rank 0] (epoch: 17, iters: 6208, time: 0.001, data: 0.001) , D_A: 0.243, G_A: 0.957, cycle_A: 0.186, D_B: 0.130, G_B: 0.997, cycle_B: 0.178, gp: 0.121

--- iter tau=0.2956 ---
  cipher in : ldebabfeleblbdbdbdlefblmebmakbdakembdlfblfbceeb ebklibcefbkebfab
  decrypted : mie l geme m i i imeg mae alc ilcea img mg aee de cma aeg ce gl 
  real plain:  f he mlile eca cide a abia lie l meeig i i af ad af if a i he m
  cipher in : idbkdbhmbdbjleblbkebd labd eblbdbmdhibeefl beadlmbceeebkedebdfbk
  decrypted : ai ci ha i ame m ce idml ide m i aiha eegmd elima aeee ceie ig c
  real plain: b i hig le da da hi g ife he gil h a bh daghe ad ife him da a li
[Rank 0] (epoch: 17, iters: 7808, time: 0.001, data: 0.002) , D_A: 0.280, G_A: 0.938, cycle_A: 0.178, D_B: 0.232, G_B: 0.941, cycle_B: 0.177, gp: 0.222

saving the latest model (epoch 17, total_iters 400000)
[Rank 0] (epoch: 17, iters: 9408, time: 0.001, data: 0.001) , D_A: 0.222, G_A: 0.971, cycle_A: 0.187, D_B: 0.218, G_B: 0.476, cycle_B: 0.295, gp: 0.155

[Rank 0] (epoch: 17, iters: 11008, time: 0.001, data: 0.001) , D_A: 0.213, G_A: 0.965, cycle_A: 0.172, D_B: 0.250, G_B: 0.942, cycle_B: 0.172, gp: 0.239

[Rank 0] (epoch: 17, iters: 12608, time: 0.001, data: 0.003) , D_A: 0.303, G_A: 0.917, cycle_A: 0.181, D_B: 0.228, G_B: 0.950, cycle_B: 0.166, gp: 0.219

[Rank 0] (epoch: 17, iters: 14208, time: 0.001, data: 0.001) , D_A: 0.308, G_A: 0.951, cycle_A: 0.163, D_B: 0.267, G_B: 0.955, cycle_B: 0.170, gp: 0.257

[Rank 0] (epoch: 17, iters: 15808, time: 0.001, data: 0.001) , D_A: 0.312, G_A: 0.921, cycle_A: 0.185, D_B: 0.418, G_B: 0.857, cycle_B: 0.155, gp: 0.400

[Rank 0] (epoch: 17, iters: 17408, time: 0.001, data: 0.001) , D_A: 0.486, G_A: 0.457, cycle_A: 0.163, D_B: 0.255, G_B: 1.011, cycle_B: 0.171, gp: 0.245

[Rank 0] (epoch: 17, iters: 19008, time: 0.001, data: 0.001) , D_A: 0.351, G_A: 0.940, cycle_A: 0.160, D_B: 0.196, G_B: 0.977, cycle_B: 0.173, gp: 0.185

[Rank 0] (epoch: 17, iters: 20608, time: 0.001, data: 0.001) , D_A: 0.275, G_A: 0.902, cycle_A: 0.162, D_B: 0.267, G_B: 0.902, cycle_B: 0.162, gp: 0.253

[Rank 0] (epoch: 17, iters: 22208, time: 0.001, data: 0.001) , D_A: 0.255, G_A: 0.980, cycle_A: 0.174, D_B: 0.209, G_B: 0.984, cycle_B: 0.166, gp: 0.197

[Rank 0] (epoch: 17, iters: 23808, time: 0.001, data: 0.001) , D_A: 0.150, G_A: 0.881, cycle_A: 0.163, D_B: 0.266, G_B: 1.096, cycle_B: 0.164, gp: 0.249

learning rate 0.0002000 -> 0.0002000
temperature tau = 0.2861
End of epoch 17 / 50 	 Time Taken: 24 sec
[Rank 0] (epoch: 18, iters: 896, time: 0.001, data: 0.001) , D_A: 0.325, G_A: 1.012, cycle_A: 0.153, D_B: 0.261, G_B: 0.995, cycle_B: 0.164, gp: 0.253

[Rank 0] (epoch: 18, iters: 2496, time: 0.001, data: 0.000) , D_A: 0.346, G_A: 0.972, cycle_A: 0.168, D_B: 0.359, G_B: 0.999, cycle_B: 0.153, gp: 0.351

[Rank 0] (epoch: 18, iters: 4096, time: 0.001, data: 0.001) , D_A: 0.358, G_A: 0.948, cycle_A: 0.158, D_B: 0.172, G_B: 0.980, cycle_B: 0.162, gp: 0.166

[Rank 0] (epoch: 18, iters: 5696, time: 0.001, data: 0.001) , D_A: 0.290, G_A: 0.979, cycle_A: 0.154, D_B: 0.251, G_B: 0.946, cycle_B: 0.160, gp: 0.243

[Rank 0] (epoch: 18, iters: 7296, time: 0.001, data: 0.001) , D_A: 0.158, G_A: 1.033, cycle_A: 0.155, D_B: 0.289, G_B: 0.905, cycle_B: 0.170, gp: 0.280

[Rank 0] (epoch: 18, iters: 8896, time: 0.001, data: 0.001) , D_A: 0.349, G_A: 0.938, cycle_A: 0.168, D_B: 0.275, G_B: 1.036, cycle_B: 0.186, gp: 0.268

[Rank 0] (epoch: 18, iters: 10496, time: 0.001, data: 0.001) , D_A: 0.281, G_A: 1.011, cycle_A: 0.160, D_B: 0.256, G_B: 0.844, cycle_B: 0.164, gp: 0.243

[Rank 0] (epoch: 18, iters: 12096, time: 0.001, data: 0.001) , D_A: 0.189, G_A: 1.018, cycle_A: 0.165, D_B: 0.179, G_B: 0.911, cycle_B: 0.169, gp: 0.171

[Rank 0] (epoch: 18, iters: 13696, time: 0.001, data: 0.001) , D_A: 0.313, G_A: 0.932, cycle_A: 0.186, D_B: 0.259, G_B: 0.940, cycle_B: 0.153, gp: 0.249

[Rank 0] (epoch: 18, iters: 15296, time: 0.001, data: 0.001) , D_A: 0.234, G_A: 0.962, cycle_A: 0.173, D_B: 0.391, G_B: 1.201, cycle_B: 0.155, gp: 0.356

[Rank 0] (epoch: 18, iters: 16896, time: 0.001, data: 0.001) , D_A: 0.328, G_A: 1.019, cycle_A: 0.160, D_B: 0.135, G_B: 0.952, cycle_B: 0.183, gp: 0.126

[Rank 0] (epoch: 18, iters: 18496, time: 0.001, data: 0.001) , D_A: 0.388, G_A: 0.951, cycle_A: 0.157, D_B: 0.198, G_B: 0.957, cycle_B: 0.150, gp: 0.187

[Rank 0] (epoch: 18, iters: 20096, time: 0.001, data: 0.001) , D_A: 0.293, G_A: 0.997, cycle_A: 0.171, D_B: 0.248, G_B: 1.176, cycle_B: 0.158, gp: 0.231

[Rank 0] (epoch: 18, iters: 21696, time: 0.001, data: 0.001) , D_A: 0.319, G_A: 0.992, cycle_A: 0.172, D_B: 0.297, G_B: 0.937, cycle_B: 0.167, gp: 0.290

--- iter tau=0.2861 ---
  cipher in : fbdfbdllcleblebkeb dbklakbeakefbkdfbmdjebdeebkebkedfdebhbkebefbd
  decrypted : g ig immame me ce di cmlc elceg cig aiae iee ce ceigie h ce eg i
  real plain:  i e ec f ameica agicle he ciig hea f iflai gehe ih he eiig edec
  cipher in :  mdbkeblbcmebkmfbk kbidefbhibkebaebdebkdbkeblbkelbceble lbibebkd
  decrypted : dai ce m aae cag cdc aieg ha ce le ie ci ce m cem ae medm a e ci
  real plain: d ealiic ice he ebdeed leade ea he limi f elfcl e ae leaig h d h
[Rank 0] (epoch: 18, iters: 23296, time: 0.001, data: 0.001) , D_A: 0.255, G_A: 0.953, cycle_A: 0.174, D_B: 0.149, G_B: 0.950, cycle_B: 0.173, gp: 0.136

saving the latest model (epoch 18, total_iters 440000)
learning rate 0.0002000 -> 0.0002000
temperature tau = 0.2768
End of epoch 18 / 50 	 Time Taken: 20 sec
[Rank 0] (epoch: 19, iters: 384, time: 0.001, data: 0.001) , D_A: 0.298, G_A: 0.878, cycle_A: 0.176, D_B: 0.323, G_B: 0.890, cycle_B: 0.161, gp: 0.308

[Rank 0] (epoch: 19, iters: 1984, time: 0.001, data: 0.000) , D_A: 0.378, G_A: 0.858, cycle_A: 0.155, D_B: 0.321, G_B: 1.099, cycle_B: 0.161, gp: 0.312

[Rank 0] (epoch: 19, iters: 3584, time: 0.001, data: 0.001) , D_A: 0.397, G_A: 0.972, cycle_A: 0.166, D_B: 0.215, G_B: 0.911, cycle_B: 0.160, gp: 0.201

[Rank 0] (epoch: 19, iters: 5184, time: 0.001, data: 0.001) , D_A: 0.380, G_A: 1.024, cycle_A: 0.173, D_B: 0.183, G_B: 1.003, cycle_B: 0.165, gp: 0.177

[Rank 0] (epoch: 19, iters: 6784, time: 0.001, data: 0.001) , D_A: 0.277, G_A: 1.210, cycle_A: 0.167, D_B: 0.237, G_B: 1.001, cycle_B: 0.154, gp: 0.229

[Rank 0] (epoch: 19, iters: 8384, time: 0.001, data: 0.001) , D_A: 0.274, G_A: 0.995, cycle_A: 0.175, D_B: 0.217, G_B: 0.812, cycle_B: 0.157, gp: 0.197

[Rank 0] (epoch: 19, iters: 9984, time: 0.001, data: 0.001) , D_A: 0.373, G_A: 1.046, cycle_A: 0.165, D_B: 0.260, G_B: 1.001, cycle_B: 0.159, gp: 0.254

[Rank 0] (epoch: 19, iters: 11584, time: 0.001, data: 0.001) , D_A: 0.256, G_A: 0.958, cycle_A: 0.172, D_B: 0.164, G_B: 0.971, cycle_B: 0.165, gp: 0.157

[Rank 0] (epoch: 19, iters: 13184, time: 0.001, data: 0.001) , D_A: 0.325, G_A: 0.965, cycle_A: 0.177, D_B: 0.284, G_B: 0.985, cycle_B: 0.165, gp: 0.277

[Rank 0] (epoch: 19, iters: 14784, time: 0.001, data: 0.001) , D_A: 0.398, G_A: 0.983, cycle_A: 0.157, D_B: 0.236, G_B: 0.968, cycle_B: 0.163, gp: 0.231

[Rank 0] (epoch: 19, iters: 16384, time: 0.001, data: 0.001) , D_A: 0.354, G_A: 0.990, cycle_A: 0.179, D_B: 0.255, G_B: 0.957, cycle_B: 0.152, gp: 0.244

[Rank 0] (epoch: 19, iters: 17984, time: 0.001, data: 0.001) , D_A: 0.278, G_A: 0.995, cycle_A: 0.164, D_B: 0.241, G_B: 0.947, cycle_B: 0.167, gp: 0.233

[Rank 0] (epoch: 19, iters: 19584, time: 0.001, data: 0.001) , D_A: 0.315, G_A: 0.988, cycle_A: 0.148, D_B: 0.345, G_B: 0.873, cycle_B: 0.168, gp: 0.327

[Rank 0] (epoch: 19, iters: 21184, time: 0.001, data: 0.001) , D_A: 0.369, G_A: 1.024, cycle_A: 0.166, D_B: 0.246, G_B: 0.935, cycle_B: 0.162, gp: 0.238

[Rank 0] (epoch: 19, iters: 22784, time: 0.001, data: 0.001) , D_A: 0.355, G_A: 1.097, cycle_A: 0.159, D_B: 0.228, G_B: 0.969, cycle_B: 0.167, gp: 0.212

[Rank 0] (epoch: 19, iters: 24384, time: 0.001, data: 0.001) , D_A: 0.285, G_A: 0.892, cycle_A: 0.162, D_B: 0.216, G_B: 0.917, cycle_B: 0.158, gp: 0.208

learning rate 0.0002000 -> 0.0002000
temperature tau = 0.2679
End of epoch 19 / 50 	 Time Taken: 19 sec
[Rank 0] (epoch: 20, iters: 1472, time: 0.001, data: 0.001) , D_A: 0.335, G_A: 0.953, cycle_A: 0.153, D_B: 0.187, G_B: 0.835, cycle_B: 0.152, gp: 0.171

[Rank 0] (epoch: 20, iters: 3072, time: 0.001, data: 0.001) , D_A: 0.322, G_A: 1.057, cycle_A: 0.164, D_B: 0.252, G_B: 0.978, cycle_B: 0.152, gp: 0.245

[Rank 0] (epoch: 20, iters: 4672, time: 0.001, data: 0.001) , D_A: 0.422, G_A: 0.941, cycle_A: 0.177, D_B: 0.237, G_B: 0.929, cycle_B: 0.163, gp: 0.229

[Rank 0] (epoch: 20, iters: 6272, time: 0.001, data: 0.001) , D_A: 0.324, G_A: 0.890, cycle_A: 0.166, D_B: 0.198, G_B: 1.029, cycle_B: 0.167, gp: 0.188

[Rank 0] (epoch: 20, iters: 7872, time: 0.001, data: 0.001) , D_A: 0.385, G_A: 0.813, cycle_A: 0.159, D_B: 0.155, G_B: 1.046, cycle_B: 0.163, gp: 0.141

[Rank 0] (epoch: 20, iters: 9472, time: 0.001, data: 0.001) , D_A: 0.231, G_A: 1.005, cycle_A: 0.151, D_B: 0.215, G_B: 0.899, cycle_B: 0.157, gp: 0.206

[Rank 0] (epoch: 20, iters: 11072, time: 0.001, data: 0.001) , D_A: 0.922, G_A: 1.514, cycle_A: 0.169, D_B: 0.235, G_B: 1.123, cycle_B: 0.171, gp: 0.220

[Rank 0] (epoch: 20, iters: 12672, time: 0.001, data: 0.001) , D_A: 0.637, G_A: 1.285, cycle_A: 0.156, D_B: 0.144, G_B: 0.959, cycle_B: 0.501, gp: 0.138

--- iter tau=0.2679 ---
  cipher in : ieieblbdladhbd ebk kbkebiedbkdebdlefbelbelbdcbkebdmebhbkebkl kee
  decrypted : aeae b iblih ide cdc ce aei cie ibeg eb eb ia ce iae h ce cbdcee
  real plain: l he dll ff he bed ad lace hem elehee f he igh mama ala fel ha h
  cipher in : ebkebaebabdbkeblbhbleealbdbfldblblmmbcebdblbhbleealbdbakbkdblbee
  decrypted : e ce le l i ce b h beelb i gbi b baa ae i b h beelb i lc ci b ee
  real plain: mh f he ea b ill gie a a fficiel g ece lae big he fllea fige cle
[Rank 0] (epoch: 20, iters: 14272, time: 0.001, data: 0.001) , D_A: 0.361, G_A: 0.925, cycle_A: 0.164, D_B: 0.301, G_B: 0.952, cycle_B: 0.177, gp: 0.295

saving the latest model (epoch 20, total_iters 480000)
[Rank 0] (epoch: 20, iters: 15872, time: 0.001, data: 0.001) , D_A: 0.393, G_A: 1.017, cycle_A: 0.159, D_B: 0.243, G_B: 1.029, cycle_B: 0.152, gp: 0.225

[Rank 0] (epoch: 20, iters: 17472, time: 0.001, data: 0.001) , D_A: 0.642, G_A: 1.242, cycle_A: 0.170, D_B: 0.213, G_B: 0.971, cycle_B: 0.212, gp: 0.208

[Rank 0] (epoch: 20, iters: 19072, time: 0.001, data: 0.001) , D_A: 0.342, G_A: 0.969, cycle_A: 0.155, D_B: 0.298, G_B: 0.983, cycle_B: 0.167, gp: 0.290

[Rank 0] (epoch: 20, iters: 20672, time: 0.001, data: 0.001) , D_A: 0.300, G_A: 0.921, cycle_A: 0.159, D_B: 0.596, G_B: 0.623, cycle_B: 0.157, gp: 0.334

[Rank 0] (epoch: 20, iters: 22272, time: 0.001, data: 0.001) , D_A: 0.293, G_A: 0.953, cycle_A: 0.155, D_B: 0.216, G_B: 0.969, cycle_B: 0.155, gp: 0.206

[Rank 0] (epoch: 20, iters: 23872, time: 0.001, data: 0.001) , D_A: 0.471, G_A: 0.805, cycle_A: 0.158, D_B: 0.146, G_B: 0.954, cycle_B: 0.185, gp: 0.139

learning rate 0.0002000 -> 0.0002000
temperature tau = 0.2592
End of epoch 20 / 50 	 Time Taken: 20 sec
[Rank 0] (epoch: 21, iters: 960, time: 0.001, data: 0.001) , D_A: 0.361, G_A: 0.922, cycle_A: 0.168, D_B: 0.199, G_B: 0.983, cycle_B: 0.190, gp: 0.188

[Rank 0] (epoch: 21, iters: 2560, time: 0.001, data: 0.001) , D_A: 0.288, G_A: 0.968, cycle_A: 0.156, D_B: 0.198, G_B: 1.024, cycle_B: 0.153, gp: 0.191

[Rank 0] (epoch: 21, iters: 4160, time: 0.001, data: 0.001) , D_A: 0.289, G_A: 0.989, cycle_A: 0.182, D_B: 0.197, G_B: 0.971, cycle_B: 0.166, gp: 0.188

[Rank 0] (epoch: 21, iters: 5760, time: 0.001, data: 0.001) , D_A: 0.297, G_A: 0.966, cycle_A: 0.156, D_B: 0.218, G_B: 0.934, cycle_B: 0.158, gp: 0.209

[Rank 0] (epoch: 21, iters: 7360, time: 0.001, data: 0.001) , D_A: 0.381, G_A: 0.975, cycle_A: 0.150, D_B: 0.280, G_B: 1.003, cycle_B: 0.171, gp: 0.271

[Rank 0] (epoch: 21, iters: 8960, time: 0.001, data: 0.001) , D_A: 0.299, G_A: 0.970, cycle_A: 0.178, D_B: 0.247, G_B: 1.067, cycle_B: 0.167, gp: 0.230

[Rank 0] (epoch: 21, iters: 10560, time: 0.001, data: 0.001) , D_A: 0.292, G_A: 0.934, cycle_A: 0.149, D_B: 0.240, G_B: 0.947, cycle_B: 0.156, gp: 0.233

[Rank 0] (epoch: 21, iters: 12160, time: 0.001, data: 0.001) , D_A: 0.319, G_A: 1.009, cycle_A: 0.154, D_B: 0.209, G_B: 0.937, cycle_B: 0.163, gp: 0.205

[Rank 0] (epoch: 21, iters: 13760, time: 0.001, data: 0.001) , D_A: 0.370, G_A: 0.947, cycle_A: 0.143, D_B: 0.270, G_B: 0.974, cycle_B: 0.153, gp: 0.256

[Rank 0] (epoch: 21, iters: 15360, time: 0.001, data: 0.001) , D_A: 0.294, G_A: 0.969, cycle_A: 0.156, D_B: 0.313, G_B: 0.987, cycle_B: 0.153, gp: 0.306

[Rank 0] (epoch: 21, iters: 16960, time: 0.001, data: 0.001) , D_A: 0.382, G_A: 0.948, cycle_A: 0.159, D_B: 0.202, G_B: 0.948, cycle_B: 0.168, gp: 0.192

[Rank 0] (epoch: 21, iters: 18560, time: 0.001, data: 0.001) , D_A: 0.336, G_A: 0.909, cycle_A: 0.151, D_B: 0.188, G_B: 0.954, cycle_B: 0.152, gp: 0.183

[Rank 0] (epoch: 21, iters: 20160, time: 0.001, data: 0.001) , D_A: 0.365, G_A: 1.097, cycle_A: 0.176, D_B: 0.176, G_B: 1.063, cycle_B: 0.186, gp: 0.162

[Rank 0] (epoch: 21, iters: 21760, time: 0.001, data: 0.001) , D_A: 0.311, G_A: 0.878, cycle_A: 0.171, D_B: 0.133, G_B: 0.895, cycle_B: 0.174, gp: 0.122

[Rank 0] (epoch: 21, iters: 23360, time: 0.001, data: 0.001) , D_A: 0.265, G_A: 0.957, cycle_A: 0.149, D_B: 0.192, G_B: 0.968, cycle_B: 0.177, gp: 0.185

learning rate 0.0002000 -> 0.0002000
temperature tau = 0.2508
End of epoch 21 / 50 	 Time Taken: 23 sec
[Rank 0] (epoch: 22, iters: 448, time: 0.001, data: 0.001) , D_A: 0.409, G_A: 0.898, cycle_A: 0.149, D_B: 0.245, G_B: 0.942, cycle_B: 0.161, gp: 0.238

[Rank 0] (epoch: 22, iters: 2048, time: 0.001, data: 0.000) , D_A: 0.366, G_A: 0.925, cycle_A: 0.163, D_B: 0.183, G_B: 0.945, cycle_B: 0.168, gp: 0.179

[Rank 0] (epoch: 22, iters: 3648, time: 0.001, data: 0.002) , D_A: 0.306, G_A: 0.976, cycle_A: 0.162, D_B: 0.244, G_B: 1.026, cycle_B: 0.161, gp: 0.237

--- iter tau=0.2508 ---
  cipher in : bkdmmbflabkeblidaebhbdd l bdb dibhbkebdadfeiladmmbdmeefbdfbkl km
  decrypted :  ciaa gbl ce baile h iidbd i dia h ce iligeabliaa iaeeg ig cbdca
  real plain: diie he ae a cfed ih aai blem imila he f he idiidal i me hee ble
  cipher in : fbkebdfbkebjbkebdbfabhbkebdbfbebflfbadebkeebkebdbeelbjbkeblkbkli
  decrypted : g ce ig ce a ce i gl h ce i g e gbg lie cee ce i eeb a ce bc cba
  real plain: gaged i a milia aack a eacefl del ele geed b a egime ha had ed i
[Rank 0] (epoch: 22, iters: 5248, time: 0.001, data: 0.001) , D_A: 0.263, G_A: 0.991, cycle_A: 0.166, D_B: 0.269, G_B: 1.014, cycle_B: 0.168, gp: 0.259

saving the latest model (epoch 22, total_iters 520000)
[Rank 0] (epoch: 22, iters: 6848, time: 0.001, data: 0.001) , D_A: 0.355, G_A: 0.918, cycle_A: 0.218, D_B: 0.399, G_B: 0.923, cycle_B: 0.154, gp: 0.253

[Rank 0] (epoch: 22, iters: 8448, time: 0.001, data: 0.001) , D_A: 0.347, G_A: 0.943, cycle_A: 0.165, D_B: 0.243, G_B: 0.981, cycle_B: 0.157, gp: 0.233

[Rank 0] (epoch: 22, iters: 10048, time: 0.001, data: 0.001) , D_A: 0.346, G_A: 0.962, cycle_A: 0.161, D_B: 0.220, G_B: 0.934, cycle_B: 0.158, gp: 0.211

[Rank 0] (epoch: 22, iters: 11648, time: 0.001, data: 0.002) , D_A: 0.352, G_A: 0.960, cycle_A: 0.156, D_B: 0.229, G_B: 1.016, cycle_B: 0.165, gp: 0.221

[Rank 0] (epoch: 22, iters: 13248, time: 0.001, data: 0.001) , D_A: 0.461, G_A: 0.982, cycle_A: 0.170, D_B: 0.227, G_B: 0.934, cycle_B: 0.165, gp: 0.217

[Rank 0] (epoch: 22, iters: 14848, time: 0.001, data: 0.001) , D_A: 0.362, G_A: 0.994, cycle_A: 0.151, D_B: 0.202, G_B: 0.924, cycle_B: 0.163, gp: 0.194

[Rank 0] (epoch: 22, iters: 16448, time: 0.001, data: 0.001) , D_A: 0.489, G_A: 1.027, cycle_A: 0.153, D_B: 0.147, G_B: 0.977, cycle_B: 0.176, gp: 0.139

[Rank 0] (epoch: 22, iters: 18048, time: 0.001, data: 0.001) , D_A: 0.178, G_A: 0.946, cycle_A: 0.160, D_B: 0.247, G_B: 0.903, cycle_B: 0.165, gp: 0.241

[Rank 0] (epoch: 22, iters: 19648, time: 0.001, data: 0.001) , D_A: 0.285, G_A: 0.977, cycle_A: 0.155, D_B: 0.231, G_B: 0.952, cycle_B: 0.167, gp: 0.225

[Rank 0] (epoch: 22, iters: 21248, time: 0.001, data: 0.001) , D_A: 0.352, G_A: 0.980, cycle_A: 0.155, D_B: 0.222, G_B: 0.997, cycle_B: 0.162, gp: 0.213

[Rank 0] (epoch: 22, iters: 22848, time: 0.001, data: 0.001) , D_A: 0.322, G_A: 0.968, cycle_A: 0.168, D_B: 0.312, G_B: 0.898, cycle_B: 0.167, gp: 0.305

[Rank 0] (epoch: 22, iters: 24448, time: 0.001, data: 0.001) , D_A: 0.393, G_A: 0.982, cycle_A: 0.176, D_B: 0.198, G_B: 0.954, cycle_B: 0.159, gp: 0.189

learning rate 0.0002000 -> 0.0002000
temperature tau = 0.2427
End of epoch 22 / 50 	 Time Taken: 24 sec
[Rank 0] (epoch: 23, iters: 1536, time: 0.001, data: 0.001) , D_A: 0.386, G_A: 0.875, cycle_A: 0.154, D_B: 0.246, G_B: 0.950, cycle_B: 0.153, gp: 0.240

[Rank 0] (epoch: 23, iters: 3136, time: 0.001, data: 0.001) , D_A: 0.396, G_A: 0.968, cycle_A: 0.147, D_B: 0.269, G_B: 0.886, cycle_B: 0.161, gp: 0.258

[Rank 0] (epoch: 23, iters: 4736, time: 0.001, data: 0.001) , D_A: 0.389, G_A: 0.985, cycle_A: 0.147, D_B: 0.175, G_B: 0.987, cycle_B: 0.163, gp: 0.168

[Rank 0] (epoch: 23, iters: 6336, time: 0.001, data: 0.001) , D_A: 0.326, G_A: 0.909, cycle_A: 0.147, D_B: 0.230, G_B: 1.013, cycle_B: 0.167, gp: 0.222

[Rank 0] (epoch: 23, iters: 7936, time: 0.001, data: 0.001) , D_A: 0.322, G_A: 0.962, cycle_A: 0.157, D_B: 0.270, G_B: 0.997, cycle_B: 0.161, gp: 0.256

[Rank 0] (epoch: 23, iters: 9536, time: 0.001, data: 0.001) , D_A: 0.374, G_A: 0.972, cycle_A: 0.166, D_B: 0.317, G_B: 0.957, cycle_B: 0.156, gp: 0.309

[Rank 0] (epoch: 23, iters: 11136, time: 0.001, data: 0.001) , D_A: 0.403, G_A: 1.051, cycle_A: 0.161, D_B: 0.270, G_B: 0.947, cycle_B: 0.154, gp: 0.261

[Rank 0] (epoch: 23, iters: 12736, time: 0.001, data: 0.001) , D_A: 0.334, G_A: 1.044, cycle_A: 0.177, D_B: 0.194, G_B: 0.989, cycle_B: 0.157, gp: 0.187

[Rank 0] (epoch: 23, iters: 14336, time: 0.001, data: 0.002) , D_A: 0.441, G_A: 0.982, cycle_A: 0.155, D_B: 0.214, G_B: 0.959, cycle_B: 0.166, gp: 0.210

[Rank 0] (epoch: 23, iters: 15936, time: 0.001, data: 0.002) , D_A: 0.398, G_A: 1.005, cycle_A: 0.160, D_B: 0.275, G_B: 0.931, cycle_B: 0.153, gp: 0.266

[Rank 0] (epoch: 23, iters: 17536, time: 0.001, data: 0.003) , D_A: 0.312, G_A: 1.037, cycle_A: 0.157, D_B: 0.236, G_B: 0.967, cycle_B: 0.155, gp: 0.231

[Rank 0] (epoch: 23, iters: 19136, time: 0.001, data: 0.002) , D_A: 0.400, G_A: 0.978, cycle_A: 0.152, D_B: 0.207, G_B: 0.982, cycle_B: 0.167, gp: 0.203

--- iter tau=0.2427 ---
  cipher in : bekdblmmbkebeedmbklbgeembdfbklbcd dlblebc kbhibdbfedmebkmfblfedm
  decrypted :  eci maa ce eeia cm heea ig cm aidim me adc ha i geiae cag mgeia
  real plain: e fll e kid fll bdied like a ae ie ad j a aaliig he aeie he calf
  cipher in : k kbhbdfbeeliedlblkbhclffebedmbcekdlbkebdfmeaebdmbhdaebkeblfelba
  decrypted : cdc h ig eemaeim mc hamgge eia aecim ce igaele ia hile ce mgem l
  real plain:  h cmmied aci migh fll he e d mill ad badle hadae e ad bgh a fll
[Rank 0] (epoch: 23, iters: 20736, time: 0.001, data: 0.001) , D_A: 0.405, G_A: 0.956, cycle_A: 0.161, D_B: 0.279, G_B: 0.864, cycle_B: 0.158, gp: 0.269

saving the latest model (epoch 23, total_iters 560000)
[Rank 0] (epoch: 23, iters: 22336, time: 0.001, data: 0.001) , D_A: 0.363, G_A: 0.900, cycle_A: 0.156, D_B: 0.279, G_B: 0.949, cycle_B: 0.155, gp: 0.270

[Rank 0] (epoch: 23, iters: 23936, time: 0.001, data: 0.001) , D_A: 0.408, G_A: 0.928, cycle_A: 0.158, D_B: 0.203, G_B: 0.884, cycle_B: 0.163, gp: 0.193

learning rate 0.0002000 -> 0.0002000
temperature tau = 0.2349
End of epoch 23 / 50 	 Time Taken: 24 sec
[Rank 0] (epoch: 24, iters: 1024, time: 0.001, data: 0.001) , D_A: 0.441, G_A: 0.928, cycle_A: 0.145, D_B: 0.266, G_B: 1.024, cycle_B: 0.163, gp: 0.259

[Rank 0] (epoch: 24, iters: 2624, time: 0.001, data: 0.001) , D_A: 0.346, G_A: 0.882, cycle_A: 0.154, D_B: 0.299, G_B: 1.028, cycle_B: 0.152, gp: 0.294

[Rank 0] (epoch: 24, iters: 4224, time: 0.001, data: 0.002) , D_A: 0.469, G_A: 0.893, cycle_A: 0.167, D_B: 0.170, G_B: 0.992, cycle_B: 0.165, gp: 0.163

[Rank 0] (epoch: 24, iters: 5824, time: 0.001, data: 0.001) , D_A: 0.322, G_A: 0.835, cycle_A: 0.153, D_B: 0.189, G_B: 0.970, cycle_B: 0.159, gp: 0.181

[Rank 0] (epoch: 24, iters: 7424, time: 0.001, data: 0.001) , D_A: 0.354, G_A: 0.950, cycle_A: 0.159, D_B: 0.209, G_B: 0.959, cycle_B: 0.170, gp: 0.203

[Rank 0] (epoch: 24, iters: 9024, time: 0.001, data: 0.001) , D_A: 0.358, G_A: 1.055, cycle_A: 0.165, D_B: 0.232, G_B: 1.014, cycle_B: 0.168, gp: 0.225

[Rank 0] (epoch: 24, iters: 10624, time: 0.001, data: 0.001) , D_A: 0.321, G_A: 1.024, cycle_A: 0.154, D_B: 0.216, G_B: 0.918, cycle_B: 0.156, gp: 0.211

[Rank 0] (epoch: 24, iters: 12224, time: 0.001, data: 0.002) , D_A: 0.301, G_A: 0.938, cycle_A: 0.162, D_B: 0.204, G_B: 0.853, cycle_B: 0.162, gp: 0.191

[Rank 0] (epoch: 24, iters: 13824, time: 0.001, data: 0.001) , D_A: 0.350, G_A: 1.071, cycle_A: 0.159, D_B: 0.269, G_B: 0.878, cycle_B: 0.151, gp: 0.257

[Rank 0] (epoch: 24, iters: 15424, time: 0.001, data: 0.001) , D_A: 0.421, G_A: 0.996, cycle_A: 0.164, D_B: 0.410, G_B: 0.961, cycle_B: 0.152, gp: 0.402

[Rank 0] (epoch: 24, iters: 17024, time: 0.001, data: 0.001) , D_A: 0.433, G_A: 0.960, cycle_A: 0.155, D_B: 0.180, G_B: 0.913, cycle_B: 0.156, gp: 0.170

[Rank 0] (epoch: 24, iters: 18624, time: 0.001, data: 0.002) , D_A: 0.339, G_A: 0.897, cycle_A: 0.152, D_B: 0.284, G_B: 1.031, cycle_B: 0.149, gp: 0.278

[Rank 0] (epoch: 24, iters: 20224, time: 0.001, data: 0.001) , D_A: 0.401, G_A: 0.981, cycle_A: 0.158, D_B: 0.235, G_B: 0.940, cycle_B: 0.156, gp: 0.230

[Rank 0] (epoch: 24, iters: 21824, time: 0.001, data: 0.001) , D_A: 0.389, G_A: 0.855, cycle_A: 0.160, D_B: 0.250, G_B: 1.046, cycle_B: 0.167, gp: 0.201

[Rank 0] (epoch: 24, iters: 23424, time: 0.001, data: 0.002) , D_A: 0.412, G_A: 0.930, cycle_A: 0.165, D_B: 0.231, G_B: 0.958, cycle_B: 0.173, gp: 0.225

learning rate 0.0002000 -> 0.0002000
temperature tau = 0.2273
End of epoch 24 / 50 	 Time Taken: 24 sec
[Rank 0] (epoch: 25, iters: 512, time: 0.001, data: 0.002) , D_A: 0.422, G_A: 0.850, cycle_A: 0.165, D_B: 0.214, G_B: 1.103, cycle_B: 0.161, gp: 0.204

[Rank 0] (epoch: 25, iters: 2112, time: 0.001, data: 0.000) , D_A: 0.316, G_A: 1.037, cycle_A: 0.154, D_B: 0.282, G_B: 0.987, cycle_B: 0.152, gp: 0.275

[Rank 0] (epoch: 25, iters: 3712, time: 0.001, data: 0.001) , D_A: 0.288, G_A: 0.939, cycle_A: 0.161, D_B: 0.191, G_B: 0.896, cycle_B: 0.161, gp: 0.179

[Rank 0] (epoch: 25, iters: 5312, time: 0.001, data: 0.002) , D_A: 0.408, G_A: 0.951, cycle_A: 0.152, D_B: 0.284, G_B: 0.869, cycle_B: 0.161, gp: 0.280

[Rank 0] (epoch: 25, iters: 6912, time: 0.001, data: 0.001) , D_A: 0.462, G_A: 0.909, cycle_A: 0.160, D_B: 0.323, G_B: 1.034, cycle_B: 0.153, gp: 0.316

[Rank 0] (epoch: 25, iters: 8512, time: 0.001, data: 0.001) , D_A: 0.361, G_A: 0.913, cycle_A: 0.172, D_B: 0.231, G_B: 0.915, cycle_B: 0.157, gp: 0.223

[Rank 0] (epoch: 25, iters: 10112, time: 0.001, data: 0.001) , D_A: 0.323, G_A: 1.015, cycle_A: 0.149, D_B: 0.284, G_B: 0.978, cycle_B: 0.157, gp: 0.279

--- iter tau=0.2273 ---
  cipher in : bebcbkebdcclbidbeeefblebdbflhheebcmeibk kbklbamebibdjebmdaebklke
  decrypted :  e a ce iaab ai eeeg be i gbhhee aaea cdc cb lae a iae aile cbce
  real plain:  hage ad baflie ai die ad edi ad k e a ell a fied like eli lie a
  cipher in : ebkebifebmlcedmbkedebeedefmbdbl kbhbemlehbhbllebkdj ll bkdbkebda
  decrypted : e ce age abaeia ceie eeiega i bdc h eabeh h bbe ciadbbd ci ce il
  real plain: ciclaed i maci hgh he liea cicle f ee be ied meime lae b ih he a
[Rank 0] (epoch: 25, iters: 11712, time: 0.001, data: 0.001) , D_A: 0.395, G_A: 0.880, cycle_A: 0.164, D_B: 0.160, G_B: 0.853, cycle_B: 0.173, gp: 0.151

saving the latest model (epoch 25, total_iters 600000)
[Rank 0] (epoch: 25, iters: 13312, time: 0.001, data: 0.001) , D_A: 0.456, G_A: 0.964, cycle_A: 0.158, D_B: 0.264, G_B: 1.075, cycle_B: 0.164, gp: 0.257

[Rank 0] (epoch: 25, iters: 14912, time: 0.001, data: 0.001) , D_A: 0.383, G_A: 0.961, cycle_A: 0.159, D_B: 0.149, G_B: 1.058, cycle_B: 0.154, gp: 0.143

[Rank 0] (epoch: 25, iters: 16512, time: 0.001, data: 0.001) , D_A: 0.456, G_A: 1.053, cycle_A: 0.154, D_B: 0.307, G_B: 0.950, cycle_B: 0.176, gp: 0.301

[Rank 0] (epoch: 25, iters: 18112, time: 0.001, data: 0.001) , D_A: 0.335, G_A: 1.000, cycle_A: 0.161, D_B: 0.302, G_B: 0.932, cycle_B: 0.165, gp: 0.294

[Rank 0] (epoch: 25, iters: 19712, time: 0.001, data: 0.001) , D_A: 0.303, G_A: 0.915, cycle_A: 0.157, D_B: 0.287, G_B: 1.011, cycle_B: 0.166, gp: 0.278

[Rank 0] (epoch: 25, iters: 21312, time: 0.001, data: 0.001) , D_A: 0.303, G_A: 0.981, cycle_A: 0.157, D_B: 0.303, G_B: 0.955, cycle_B: 0.160, gp: 0.299

[Rank 0] (epoch: 25, iters: 22912, time: 0.001, data: 0.002) , D_A: 0.343, G_A: 0.913, cycle_A: 0.156, D_B: 0.207, G_B: 0.945, cycle_B: 0.170, gp: 0.203

[Rank 0] (epoch: 25, iters: 24512, time: 0.001, data: 0.002) , D_A: 0.491, G_A: 0.962, cycle_A: 0.191, D_B: 0.324, G_B: 0.964, cycle_B: 0.156, gp: 0.317

learning rate 0.0002000 -> 0.0002000
temperature tau = 0.2200
End of epoch 25 / 50 	 Time Taken: 24 sec
[Rank 0] (epoch: 26, iters: 1600, time: 0.001, data: 0.113) , D_A: 0.375, G_A: 0.892, cycle_A: 0.148, D_B: 0.193, G_B: 1.011, cycle_B: 0.161, gp: 0.189

[Rank 0] (epoch: 26, iters: 3200, time: 0.001, data: 0.001) , D_A: 0.352, G_A: 0.887, cycle_A: 0.162, D_B: 0.153, G_B: 0.971, cycle_B: 0.160, gp: 0.148

[Rank 0] (epoch: 26, iters: 4800, time: 0.001, data: 0.001) , D_A: 0.377, G_A: 1.026, cycle_A: 0.164, D_B: 0.212, G_B: 0.937, cycle_B: 0.163, gp: 0.206

[Rank 0] (epoch: 26, iters: 6400, time: 0.001, data: 0.002) , D_A: 0.376, G_A: 0.969, cycle_A: 0.159, D_B: 0.283, G_B: 0.880, cycle_B: 0.167, gp: 0.277

[Rank 0] (epoch: 26, iters: 8000, time: 0.001, data: 0.002) , D_A: 0.413, G_A: 0.986, cycle_A: 0.154, D_B: 0.189, G_B: 0.951, cycle_B: 0.161, gp: 0.185

[Rank 0] (epoch: 26, iters: 9600, time: 0.001, data: 0.002) , D_A: 0.496, G_A: 0.963, cycle_A: 0.147, D_B: 0.178, G_B: 0.963, cycle_B: 0.156, gp: 0.172

[Rank 0] (epoch: 26, iters: 11200, time: 0.001, data: 0.001) , D_A: 0.440, G_A: 1.022, cycle_A: 0.186, D_B: 0.284, G_B: 1.029, cycle_B: 0.154, gp: 0.278

[Rank 0] (epoch: 26, iters: 12800, time: 0.001, data: 0.001) , D_A: 0.404, G_A: 0.908, cycle_A: 0.174, D_B: 0.226, G_B: 0.963, cycle_B: 0.158, gp: 0.214

[Rank 0] (epoch: 26, iters: 14400, time: 0.001, data: 0.001) , D_A: 0.419, G_A: 1.152, cycle_A: 0.152, D_B: 0.244, G_B: 1.008, cycle_B: 0.182, gp: 0.238

[Rank 0] (epoch: 26, iters: 16000, time: 0.001, data: 0.001) , D_A: 0.394, G_A: 0.922, cycle_A: 0.172, D_B: 0.253, G_B: 1.104, cycle_B: 0.153, gp: 0.242

[Rank 0] (epoch: 26, iters: 17600, time: 0.001, data: 0.001) , D_A: 0.273, G_A: 0.937, cycle_A: 0.175, D_B: 0.131, G_B: 0.967, cycle_B: 0.154, gp: 0.127

[Rank 0] (epoch: 26, iters: 19200, time: 0.001, data: 0.001) , D_A: 0.346, G_A: 1.077, cycle_A: 0.165, D_B: 0.227, G_B: 0.965, cycle_B: 0.167, gp: 0.220

[Rank 0] (epoch: 26, iters: 20800, time: 0.001, data: 0.001) , D_A: 0.322, G_A: 0.961, cycle_A: 0.148, D_B: 0.268, G_B: 1.024, cycle_B: 0.157, gp: 0.261

[Rank 0] (epoch: 26, iters: 22400, time: 0.001, data: 0.002) , D_A: 0.356, G_A: 1.011, cycle_A: 0.157, D_B: 0.276, G_B: 1.002, cycle_B: 0.156, gp: 0.271

[Rank 0] (epoch: 26, iters: 24000, time: 0.001, data: 0.001) , D_A: 0.445, G_A: 0.936, cycle_A: 0.160, D_B: 0.164, G_B: 0.936, cycle_B: 0.163, gp: 0.159

learning rate 0.0002000 -> 0.0002000
temperature tau = 0.2129
End of epoch 26 / 50 	 Time Taken: 25 sec
[Rank 0] (epoch: 27, iters: 1088, time: 0.001, data: 0.001) , D_A: 0.356, G_A: 0.963, cycle_A: 0.152, D_B: 0.259, G_B: 0.947, cycle_B: 0.153, gp: 0.254

--- iter tau=0.2129 ---
  cipher in : cakebcebkebl dmbhbkebdebhbkebdebkl kdbaiillebkebmebkebkmebmbcebk
  decrypted : alce ae ce mdia h ce ie h ce ie cmdci laamme ce ae ce cae a ae c
  real plain: i he lae cae a addiial eame f he deaecellleeaed af ih mg f ee cl
  cipher in : lbdbabalfel blbidjefbmcmdbfeemiebcbaeembflhhlamblid lebklbaal bl
  decrypted : m i l lmgemd m aiaeg aaai geeaae a leea gmhhmla maidme cm llmd m
  real plain:  eeimeal be ill be lied he ccli hall be eached ha fibecled dblea
[Rank 0] (epoch: 27, iters: 2688, time: 0.001, data: 0.001) , D_A: 0.376, G_A: 0.974, cycle_A: 0.158, D_B: 0.336, G_B: 0.906, cycle_B: 0.151, gp: 0.332

saving the latest model (epoch 27, total_iters 640000)
[Rank 0] (epoch: 27, iters: 4288, time: 0.001, data: 0.001) , D_A: 0.403, G_A: 1.087, cycle_A: 0.168, D_B: 0.230, G_B: 0.955, cycle_B: 0.164, gp: 0.223

[Rank 0] (epoch: 27, iters: 5888, time: 0.001, data: 0.002) , D_A: 0.312, G_A: 0.876, cycle_A: 0.147, D_B: 0.295, G_B: 1.113, cycle_B: 0.171, gp: 0.277

[Rank 0] (epoch: 27, iters: 7488, time: 0.001, data: 0.001) , D_A: 0.596, G_A: 1.014, cycle_A: 0.148, D_B: 0.280, G_B: 1.004, cycle_B: 0.173, gp: 0.274

[Rank 0] (epoch: 27, iters: 9088, time: 0.001, data: 0.001) , D_A: 0.344, G_A: 0.825, cycle_A: 0.156, D_B: 0.227, G_B: 1.016, cycle_B: 0.178, gp: 0.219

[Rank 0] (epoch: 27, iters: 10688, time: 0.001, data: 0.001) , D_A: 0.398, G_A: 0.928, cycle_A: 0.153, D_B: 0.223, G_B: 0.977, cycle_B: 0.155, gp: 0.216

[Rank 0] (epoch: 27, iters: 12288, time: 0.001, data: 0.002) , D_A: 0.311, G_A: 0.981, cycle_A: 0.166, D_B: 0.203, G_B: 0.897, cycle_B: 0.162, gp: 0.194

[Rank 0] (epoch: 27, iters: 13888, time: 0.001, data: 0.001) , D_A: 0.271, G_A: 0.911, cycle_A: 0.170, D_B: 0.314, G_B: 0.954, cycle_B: 0.166, gp: 0.309

[Rank 0] (epoch: 27, iters: 15488, time: 0.001, data: 0.001) , D_A: 0.333, G_A: 0.983, cycle_A: 0.154, D_B: 0.304, G_B: 0.902, cycle_B: 0.151, gp: 0.299

[Rank 0] (epoch: 27, iters: 17088, time: 0.001, data: 0.001) , D_A: 0.438, G_A: 0.955, cycle_A: 0.156, D_B: 0.366, G_B: 0.942, cycle_B: 0.154, gp: 0.359

[Rank 0] (epoch: 27, iters: 18688, time: 0.001, data: 0.001) , D_A: 0.332, G_A: 0.982, cycle_A: 0.156, D_B: 0.324, G_B: 0.988, cycle_B: 0.148, gp: 0.318

[Rank 0] (epoch: 27, iters: 20288, time: 0.001, data: 0.001) , D_A: 0.278, G_A: 0.976, cycle_A: 0.156, D_B: 0.189, G_B: 0.928, cycle_B: 0.156, gp: 0.183

[Rank 0] (epoch: 27, iters: 21888, time: 0.001, data: 0.001) , D_A: 0.402, G_A: 0.931, cycle_A: 0.179, D_B: 0.242, G_B: 0.892, cycle_B: 0.166, gp: 0.233

[Rank 0] (epoch: 27, iters: 23488, time: 0.001, data: 0.001) , D_A: 0.575, G_A: 0.743, cycle_A: 0.160, D_B: 0.324, G_B: 0.963, cycle_B: 0.207, gp: 0.317

learning rate 0.0002000 -> 0.0002000
temperature tau = 0.2060
End of epoch 27 / 50 	 Time Taken: 24 sec
[Rank 0] (epoch: 28, iters: 576, time: 0.001, data: 0.001) , D_A: 0.541, G_A: 0.973, cycle_A: 0.156, D_B: 0.157, G_B: 0.832, cycle_B: 0.171, gp: 0.150

[Rank 0] (epoch: 28, iters: 2176, time: 0.001, data: 0.000) , D_A: 0.492, G_A: 0.939, cycle_A: 0.158, D_B: 0.318, G_B: 0.983, cycle_B: 0.160, gp: 0.313

[Rank 0] (epoch: 28, iters: 3776, time: 0.001, data: 0.001) , D_A: 0.274, G_A: 1.026, cycle_A: 0.160, D_B: 0.082, G_B: 0.904, cycle_B: 0.174, gp: 0.077

[Rank 0] (epoch: 28, iters: 5376, time: 0.001, data: 0.001) , D_A: 0.351, G_A: 0.989, cycle_A: 0.162, D_B: 0.267, G_B: 0.982, cycle_B: 0.160, gp: 0.262

[Rank 0] (epoch: 28, iters: 6976, time: 0.001, data: 0.001) , D_A: 0.371, G_A: 0.983, cycle_A: 0.150, D_B: 0.281, G_B: 1.009, cycle_B: 0.152, gp: 0.276

[Rank 0] (epoch: 28, iters: 8576, time: 0.001, data: 0.001) , D_A: 0.364, G_A: 0.990, cycle_A: 0.163, D_B: 0.225, G_B: 0.923, cycle_B: 0.156, gp: 0.220

[Rank 0] (epoch: 28, iters: 10176, time: 0.001, data: 0.001) , D_A: 0.390, G_A: 1.001, cycle_A: 0.157, D_B: 0.164, G_B: 0.932, cycle_B: 0.157, gp: 0.161

[Rank 0] (epoch: 28, iters: 11776, time: 0.001, data: 0.001) , D_A: 0.397, G_A: 0.957, cycle_A: 0.148, D_B: 0.188, G_B: 0.980, cycle_B: 0.163, gp: 0.185

[Rank 0] (epoch: 28, iters: 13376, time: 0.001, data: 0.001) , D_A: 0.546, G_A: 0.938, cycle_A: 0.165, D_B: 0.233, G_B: 0.875, cycle_B: 0.154, gp: 0.228

[Rank 0] (epoch: 28, iters: 14976, time: 0.001, data: 0.001) , D_A: 0.338, G_A: 0.993, cycle_A: 0.159, D_B: 0.354, G_B: 0.932, cycle_B: 0.152, gp: 0.349

[Rank 0] (epoch: 28, iters: 16576, time: 0.001, data: 0.001) , D_A: 0.319, G_A: 1.037, cycle_A: 0.158, D_B: 0.185, G_B: 0.967, cycle_B: 0.174, gp: 0.181

--- iter tau=0.2060 ---
  cipher in : lllldbkbefbkebidelajbemeablbdmmbkeebdedbkebeeiefbaedlbhblabeeald
  decrypted : mmmmi c eg ce aiemla eael m iaa cee iei ce eeaeg leim h ml eelmi
  real plain:  a fe mie d ld make hi jb elligh imible ilfield ke ee a ghgh l h
  cipher in : baihdcmebklbikebkbkdfbeebmlmebhbklibhbhbedbdedefblefbdcbklbdlml 
  decrypted :  lahiaae cm ace c cig ee amae h cma h h ei ieieg meg ia cm imamd
  real plain:  me i bh aie he fial eci f hi amhle i f ecial iee i a cideai f e
[Rank 0] (epoch: 28, iters: 18176, time: 0.001, data: 0.002) , D_A: 0.311, G_A: 0.977, cycle_A: 0.161, D_B: 0.197, G_B: 0.980, cycle_B: 0.165, gp: 0.192

saving the latest model (epoch 28, total_iters 680000)
[Rank 0] (epoch: 28, iters: 19776, time: 0.001, data: 0.001) , D_A: 0.418, G_A: 0.931, cycle_A: 0.160, D_B: 0.219, G_B: 0.913, cycle_B: 0.167, gp: 0.213

[Rank 0] (epoch: 28, iters: 21376, time: 0.001, data: 0.001) , D_A: 0.374, G_A: 0.955, cycle_A: 0.152, D_B: 0.179, G_B: 0.971, cycle_B: 0.161, gp: 0.175

[Rank 0] (epoch: 28, iters: 22976, time: 0.001, data: 0.001) , D_A: 0.273, G_A: 0.957, cycle_A: 0.161, D_B: 0.210, G_B: 0.994, cycle_B: 0.163, gp: 0.203

learning rate 0.0002000 -> 0.0002000
temperature tau = 0.1993
End of epoch 28 / 50 	 Time Taken: 21 sec
[Rank 0] (epoch: 29, iters: 64, time: 0.001, data: 0.001) , D_A: 0.469, G_A: 0.921, cycle_A: 0.162, D_B: 0.114, G_B: 0.927, cycle_B: 0.161, gp: 0.108

[Rank 0] (epoch: 29, iters: 1664, time: 0.001, data: 0.007) , D_A: 0.418, G_A: 0.931, cycle_A: 0.148, D_B: 0.201, G_B: 0.926, cycle_B: 0.159, gp: 0.197

[Rank 0] (epoch: 29, iters: 3264, time: 0.001, data: 0.002) , D_A: 0.305, G_A: 0.977, cycle_A: 0.165, D_B: 0.158, G_B: 1.089, cycle_B: 0.158, gp: 0.150

[Rank 0] (epoch: 29, iters: 4864, time: 0.001, data: 0.001) , D_A: 0.385, G_A: 0.976, cycle_A: 0.166, D_B: 0.215, G_B: 0.986, cycle_B: 0.161, gp: 0.210

[Rank 0] (epoch: 29, iters: 6464, time: 0.001, data: 0.001) , D_A: 0.333, G_A: 0.977, cycle_A: 0.157, D_B: 0.365, G_B: 1.014, cycle_B: 0.165, gp: 0.359

[Rank 0] (epoch: 29, iters: 8064, time: 0.001, data: 0.001) , D_A: 0.415, G_A: 1.075, cycle_A: 0.147, D_B: 0.189, G_B: 0.898, cycle_B: 0.170, gp: 0.183

[Rank 0] (epoch: 29, iters: 9664, time: 0.001, data: 0.002) , D_A: 0.490, G_A: 0.937, cycle_A: 0.151, D_B: 0.252, G_B: 0.984, cycle_B: 0.155, gp: 0.248

[Rank 0] (epoch: 29, iters: 11264, time: 0.001, data: 0.001) , D_A: 0.289, G_A: 0.983, cycle_A: 0.155, D_B: 0.160, G_B: 0.974, cycle_B: 0.157, gp: 0.156

[Rank 0] (epoch: 29, iters: 12864, time: 0.001, data: 0.001) , D_A: 0.363, G_A: 0.977, cycle_A: 0.153, D_B: 0.118, G_B: 0.986, cycle_B: 0.163, gp: 0.114

[Rank 0] (epoch: 29, iters: 14464, time: 0.001, data: 0.001) , D_A: 0.303, G_A: 0.938, cycle_A: 0.158, D_B: 0.318, G_B: 0.984, cycle_B: 0.163, gp: 0.313

[Rank 0] (epoch: 29, iters: 16064, time: 0.001, data: 0.001) , D_A: 0.312, G_A: 0.927, cycle_A: 0.154, D_B: 0.125, G_B: 0.981, cycle_B: 0.151, gp: 0.117

[Rank 0] (epoch: 29, iters: 17664, time: 0.001, data: 0.001) , D_A: 0.344, G_A: 0.993, cycle_A: 0.176, D_B: 0.152, G_B: 1.040, cycle_B: 0.154, gp: 0.147

[Rank 0] (epoch: 29, iters: 19264, time: 0.001, data: 0.001) , D_A: 0.344, G_A: 0.994, cycle_A: 0.151, D_B: 0.201, G_B: 0.872, cycle_B: 0.166, gp: 0.197

[Rank 0] (epoch: 29, iters: 20864, time: 0.001, data: 0.001) , D_A: 0.338, G_A: 1.007, cycle_A: 0.168, D_B: 0.269, G_B: 0.993, cycle_B: 0.157, gp: 0.265

[Rank 0] (epoch: 29, iters: 22464, time: 0.001, data: 0.001) , D_A: 1.227, G_A: 0.331, cycle_A: 0.179, D_B: 0.207, G_B: 0.945, cycle_B: 0.166, gp: 0.204

[Rank 0] (epoch: 29, iters: 24064, time: 0.001, data: 0.001) , D_A: 0.469, G_A: 0.999, cycle_A: 0.155, D_B: 0.225, G_B: 0.954, cycle_B: 0.162, gp: 0.218

learning rate 0.0002000 -> 0.0002000
temperature tau = 0.1929
End of epoch 29 / 50 	 Time Taken: 23 sec
[Rank 0] (epoch: 30, iters: 1152, time: 0.001, data: 0.001) , D_A: 0.379, G_A: 0.844, cycle_A: 0.162, D_B: 0.291, G_B: 0.891, cycle_B: 0.152, gp: 0.274

[Rank 0] (epoch: 30, iters: 2752, time: 0.001, data: 0.001) , D_A: 0.379, G_A: 0.951, cycle_A: 0.169, D_B: 0.128, G_B: 0.961, cycle_B: 0.151, gp: 0.123

[Rank 0] (epoch: 30, iters: 4352, time: 0.001, data: 0.001) , D_A: 0.356, G_A: 1.004, cycle_A: 0.173, D_B: 0.111, G_B: 1.009, cycle_B: 0.163, gp: 0.106

[Rank 0] (epoch: 30, iters: 5952, time: 0.001, data: 0.001) , D_A: 0.331, G_A: 0.970, cycle_A: 0.155, D_B: 0.260, G_B: 0.981, cycle_B: 0.158, gp: 0.254

[Rank 0] (epoch: 30, iters: 7552, time: 0.001, data: 0.001) , D_A: 0.338, G_A: 0.972, cycle_A: 0.160, D_B: 0.178, G_B: 0.934, cycle_B: 0.170, gp: 0.175

--- iter tau=0.1929 ---
  cipher in : ebdfbkebideldmbcebeefbceeebkebcmajbdheblbkdbedakefbeildmbemalbke
  decrypted : e ig ce aiemia ae eeg aeee ce aala ihe m ci eilceg eamia ealm ce
  real plain: ace ad ff cam ice he ca eihe acce ejec hem all he m be geed b he
  cipher in : bfebdblbflfbdcbefl bkdbl kblkbiblhebebckbkdfbkd ebelmeebfeamdefb
  decrypted :  ge i m gmg ia egmd ci mdc mc a mhe e ac cig cide emaee gelaieg 
  real plain: ai hela diceed ha he cld mailae he diahagmic i ai e b elaig he h
[Rank 0] (epoch: 30, iters: 9152, time: 0.001, data: 0.001) , D_A: 0.458, G_A: 0.965, cycle_A: 0.158, D_B: 0.141, G_B: 1.029, cycle_B: 0.167, gp: 0.139

saving the latest model (epoch 30, total_iters 720000)
[Rank 0] (epoch: 30, iters: 10752, time: 0.001, data: 0.001) , D_A: 0.372, G_A: 0.908, cycle_A: 0.167, D_B: 0.304, G_B: 0.852, cycle_B: 0.155, gp: 0.297

[Rank 0] (epoch: 30, iters: 12352, time: 0.001, data: 0.002) , D_A: 0.350, G_A: 0.956, cycle_A: 0.142, D_B: 0.228, G_B: 1.031, cycle_B: 0.158, gp: 0.224

[Rank 0] (epoch: 30, iters: 13952, time: 0.001, data: 0.003) , D_A: 0.328, G_A: 0.976, cycle_A: 0.151, D_B: 0.304, G_B: 0.955, cycle_B: 0.166, gp: 0.298

[Rank 0] (epoch: 30, iters: 15552, time: 0.001, data: 0.001) , D_A: 0.468, G_A: 0.942, cycle_A: 0.157, D_B: 0.258, G_B: 1.019, cycle_B: 0.151, gp: 0.252

[Rank 0] (epoch: 30, iters: 17152, time: 0.001, data: 0.001) , D_A: 0.594, G_A: 1.086, cycle_A: 0.170, D_B: 0.160, G_B: 0.940, cycle_B: 0.166, gp: 0.154

[Rank 0] (epoch: 30, iters: 18752, time: 0.001, data: 0.001) , D_A: 0.364, G_A: 0.867, cycle_A: 0.156, D_B: 0.154, G_B: 0.953, cycle_B: 0.149, gp: 0.148

[Rank 0] (epoch: 30, iters: 20352, time: 0.001, data: 0.002) , D_A: 0.393, G_A: 0.768, cycle_A: 0.165, D_B: 0.208, G_B: 0.946, cycle_B: 0.156, gp: 0.196

[Rank 0] (epoch: 30, iters: 21952, time: 0.001, data: 0.001) , D_A: 0.381, G_A: 1.005, cycle_A: 0.158, D_B: 0.184, G_B: 0.955, cycle_B: 0.166, gp: 0.177

[Rank 0] (epoch: 30, iters: 23552, time: 0.001, data: 0.002) , D_A: 0.370, G_A: 0.982, cycle_A: 0.153, D_B: 0.227, G_B: 0.935, cycle_B: 0.173, gp: 0.222

learning rate 0.0002000 -> 0.0002000
temperature tau = 0.1867
End of epoch 30 / 50 	 Time Taken: 24 sec
[Rank 0] (epoch: 31, iters: 640, time: 0.001, data: 0.001) , D_A: 0.388, G_A: 0.936, cycle_A: 0.159, D_B: 0.177, G_B: 1.001, cycle_B: 0.163, gp: 0.170

[Rank 0] (epoch: 31, iters: 2240, time: 0.001, data: 0.000) , D_A: 0.402, G_A: 1.000, cycle_A: 0.162, D_B: 0.242, G_B: 0.940, cycle_B: 0.151, gp: 0.234

[Rank 0] (epoch: 31, iters: 3840, time: 0.001, data: 0.001) , D_A: 0.406, G_A: 0.981, cycle_A: 0.155, D_B: 0.174, G_B: 0.918, cycle_B: 0.160, gp: 0.170

[Rank 0] (epoch: 31, iters: 5440, time: 0.001, data: 0.002) , D_A: 0.354, G_A: 0.937, cycle_A: 0.160, D_B: 0.178, G_B: 0.969, cycle_B: 0.159, gp: 0.174

[Rank 0] (epoch: 31, iters: 7040, time: 0.001, data: 0.001) , D_A: 0.366, G_A: 0.914, cycle_A: 0.165, D_B: 0.332, G_B: 0.970, cycle_B: 0.152, gp: 0.328

[Rank 0] (epoch: 31, iters: 8640, time: 0.001, data: 0.001) , D_A: 0.419, G_A: 1.029, cycle_A: 0.151, D_B: 0.271, G_B: 0.933, cycle_B: 0.157, gp: 0.264

[Rank 0] (epoch: 31, iters: 10240, time: 0.001, data: 0.001) , D_A: 0.414, G_A: 0.991, cycle_A: 0.158, D_B: 0.226, G_B: 1.000, cycle_B: 0.157, gp: 0.222

[Rank 0] (epoch: 31, iters: 11840, time: 0.001, data: 0.001) , D_A: 0.317, G_A: 0.973, cycle_A: 0.153, D_B: 0.182, G_B: 0.946, cycle_B: 0.163, gp: 0.177

[Rank 0] (epoch: 31, iters: 13440, time: 0.001, data: 0.001) , D_A: 0.360, G_A: 0.993, cycle_A: 0.151, D_B: 0.386, G_B: 0.962, cycle_B: 0.151, gp: 0.381

[Rank 0] (epoch: 31, iters: 15040, time: 0.001, data: 0.001) , D_A: 0.469, G_A: 0.934, cycle_A: 0.149, D_B: 0.407, G_B: 0.947, cycle_B: 0.152, gp: 0.403

[Rank 0] (epoch: 31, iters: 16640, time: 0.001, data: 0.001) , D_A: 0.390, G_A: 0.983, cycle_A: 0.160, D_B: 0.193, G_B: 0.949, cycle_B: 0.174, gp: 0.188

[Rank 0] (epoch: 31, iters: 18240, time: 0.001, data: 0.001) , D_A: 0.867, G_A: 0.088, cycle_A: 0.152, D_B: 0.200, G_B: 0.952, cycle_B: 0.245, gp: 0.195

[Rank 0] (epoch: 31, iters: 19840, time: 0.001, data: 0.001) , D_A: 0.299, G_A: 0.920, cycle_A: 0.151, D_B: 0.180, G_B: 0.946, cycle_B: 0.172, gp: 0.172

[Rank 0] (epoch: 31, iters: 21440, time: 0.001, data: 0.001) , D_A: 0.372, G_A: 0.943, cycle_A: 0.160, D_B: 0.159, G_B: 0.978, cycle_B: 0.160, gp: 0.152

[Rank 0] (epoch: 31, iters: 23040, time: 0.001, data: 0.002) , D_A: 0.269, G_A: 0.944, cycle_A: 0.164, D_B: 0.328, G_B: 1.019, cycle_B: 0.164, gp: 0.322

learning rate 0.0002000 -> 0.0002000
temperature tau = 0.1806
End of epoch 31 / 50 	 Time Taken: 24 sec
--- iter tau=0.1806 ---
  cipher in : bhbfelbdhbeaebhbkebidmmebdlamebklakbibkdebdbkl kebidbfelbeidlblb
  decrypted :  h gem ih ele h ce aiaae imlae cmlc a cie i cmdce ai gem eaim m 
  real plain: ha ecibe f he fe he f a ae f a ce f ieee elai i iall ima ad i i 
  cipher in : bealadmkkdmdilabemdlbmdbdb edbmeblblidebdbiljbleel beeliebkebaii
  decrypted :  elmliacciaiaml eaim ai i dei ae m maie i ama meemd eemae ce laa
  real plain: e ege ld hae cmfable ae i e lea ad abad hi giffe aed him ha he c
[Rank 0] (epoch: 32, iters: 128, time: 0.001, data: 0.001) , D_A: 0.317, G_A: 0.946, cycle_A: 0.154, D_B: 0.209, G_B: 0.935, cycle_B: 0.160, gp: 0.205

saving the latest model (epoch 32, total_iters 760000)
[Rank 0] (epoch: 32, iters: 1728, time: 0.001, data: 0.000) , D_A: 0.411, G_A: 0.932, cycle_A: 0.148, D_B: 0.159, G_B: 0.937, cycle_B: 0.159, gp: 0.153

[Rank 0] (epoch: 32, iters: 3328, time: 0.001, data: 0.001) , D_A: 0.487, G_A: 0.923, cycle_A: 0.161, D_B: 0.155, G_B: 0.964, cycle_B: 0.158, gp: 0.148

[Rank 0] (epoch: 32, iters: 4928, time: 0.001, data: 0.002) , D_A: 0.342, G_A: 0.966, cycle_A: 0.160, D_B: 0.215, G_B: 0.937, cycle_B: 0.160, gp: 0.211

[Rank 0] (epoch: 32, iters: 6528, time: 0.001, data: 0.001) , D_A: 0.516, G_A: 0.822, cycle_A: 0.161, D_B: 0.134, G_B: 0.972, cycle_B: 0.172, gp: 0.130

[Rank 0] (epoch: 32, iters: 8128, time: 0.001, data: 0.001) , D_A: 0.520, G_A: 0.967, cycle_A: 0.164, D_B: 0.129, G_B: 0.943, cycle_B: 0.161, gp: 0.124

[Rank 0] (epoch: 32, iters: 9728, time: 0.001, data: 0.001) , D_A: 0.340, G_A: 0.949, cycle_A: 0.157, D_B: 0.202, G_B: 0.965, cycle_B: 0.155, gp: 0.196

[Rank 0] (epoch: 32, iters: 11328, time: 0.001, data: 0.001) , D_A: 0.346, G_A: 1.008, cycle_A: 0.162, D_B: 0.116, G_B: 0.978, cycle_B: 0.164, gp: 0.112

[Rank 0] (epoch: 32, iters: 12928, time: 0.001, data: 0.002) , D_A: 0.408, G_A: 0.985, cycle_A: 0.172, D_B: 0.151, G_B: 0.930, cycle_B: 0.164, gp: 0.142

[Rank 0] (epoch: 32, iters: 14528, time: 0.001, data: 0.001) , D_A: 0.339, G_A: 0.931, cycle_A: 0.155, D_B: 0.221, G_B: 0.967, cycle_B: 0.162, gp: 0.218

[Rank 0] (epoch: 32, iters: 16128, time: 0.001, data: 0.001) , D_A: 0.366, G_A: 0.948, cycle_A: 0.166, D_B: 0.244, G_B: 0.913, cycle_B: 0.151, gp: 0.229

[Rank 0] (epoch: 32, iters: 17728, time: 0.001, data: 0.002) , D_A: 0.443, G_A: 0.965, cycle_A: 0.166, D_B: 0.243, G_B: 1.050, cycle_B: 0.154, gp: 0.240

[Rank 0] (epoch: 32, iters: 19328, time: 0.001, data: 0.002) , D_A: 0.341, G_A: 1.071, cycle_A: 0.150, D_B: 0.258, G_B: 1.028, cycle_B: 0.166, gp: 0.255

[Rank 0] (epoch: 32, iters: 20928, time: 0.001, data: 0.001) , D_A: 0.290, G_A: 1.011, cycle_A: 0.154, D_B: 0.305, G_B: 1.010, cycle_B: 0.155, gp: 0.300

[Rank 0] (epoch: 32, iters: 22528, time: 0.001, data: 0.001) , D_A: 0.230, G_A: 1.042, cycle_A: 0.154, D_B: 0.277, G_B: 0.964, cycle_B: 0.152, gp: 0.272

[Rank 0] (epoch: 32, iters: 24128, time: 0.001, data: 0.002) , D_A: 0.234, G_A: 0.933, cycle_A: 0.151, D_B: 0.152, G_B: 1.009, cycle_B: 0.157, gp: 0.147

learning rate 0.0002000 -> 0.0002000
temperature tau = 0.1748
End of epoch 32 / 50 	 Time Taken: 25 sec
[Rank 0] (epoch: 33, iters: 1216, time: 0.001, data: 0.001) , D_A: 0.383, G_A: 0.963, cycle_A: 0.154, D_B: 0.261, G_B: 0.952, cycle_B: 0.152, gp: 0.254

[Rank 0] (epoch: 33, iters: 2816, time: 0.001, data: 0.002) , D_A: 0.342, G_A: 0.710, cycle_A: 0.145, D_B: 0.308, G_B: 0.906, cycle_B: 0.163, gp: 0.304

[Rank 0] (epoch: 33, iters: 4416, time: 0.001, data: 0.002) , D_A: 0.421, G_A: 0.953, cycle_A: 0.152, D_B: 0.248, G_B: 0.773, cycle_B: 0.163, gp: 0.240

[Rank 0] (epoch: 33, iters: 6016, time: 0.001, data: 0.001) , D_A: 0.423, G_A: 1.006, cycle_A: 0.165, D_B: 0.180, G_B: 0.985, cycle_B: 0.158, gp: 0.176

[Rank 0] (epoch: 33, iters: 7616, time: 0.001, data: 0.001) , D_A: 0.401, G_A: 0.934, cycle_A: 0.159, D_B: 0.243, G_B: 1.081, cycle_B: 0.169, gp: 0.227

[Rank 0] (epoch: 33, iters: 9216, time: 0.001, data: 0.001) , D_A: 0.384, G_A: 0.964, cycle_A: 0.148, D_B: 0.236, G_B: 1.009, cycle_B: 0.166, gp: 0.232

[Rank 0] (epoch: 33, iters: 10816, time: 0.001, data: 0.001) , D_A: 0.261, G_A: 0.901, cycle_A: 0.144, D_B: 0.123, G_B: 0.991, cycle_B: 0.153, gp: 0.117

[Rank 0] (epoch: 33, iters: 12416, time: 0.001, data: 0.001) , D_A: 0.293, G_A: 0.894, cycle_A: 0.145, D_B: 0.177, G_B: 1.007, cycle_B: 0.164, gp: 0.172

[Rank 0] (epoch: 33, iters: 14016, time: 0.001, data: 0.001) , D_A: 0.374, G_A: 1.036, cycle_A: 0.152, D_B: 0.217, G_B: 0.961, cycle_B: 0.165, gp: 0.214

--- iter tau=0.1748 ---
  cipher in :  baccbmdefbdbfbjeeblbkebidmmbhbklbcdajbkmfl bkliblefbjdbeeblebfd
  decrypted : d laa aieg i g aee m ce aiaa h cm aila cagmd cma meg ai ee me gi
  real plain:  embdime f meae ad le eige i he dea f he cma he lde ac i i f ci 
  cipher in : keebk kbkebieflibhbm bcbdlefbdlhlaldmmbcbmlblbkelbkemmbdhebeelie
  decrypted : cee cdc ce aegma h ad a imeg imhmlmiaa a am m cem ceaa ihe eemae
  real plain:  bael hi a he diee ecei f je clleciel idiidall ha hae bee aeed b
[Rank 0] (epoch: 33, iters: 15616, time: 0.001, data: 0.001) , D_A: 0.361, G_A: 0.993, cycle_A: 0.169, D_B: 0.328, G_B: 0.988, cycle_B: 0.151, gp: 0.320

saving the latest model (epoch 33, total_iters 800000)
[Rank 0] (epoch: 33, iters: 17216, time: 0.001, data: 0.001) , D_A: 0.446, G_A: 0.986, cycle_A: 0.168, D_B: 0.205, G_B: 0.978, cycle_B: 0.154, gp: 0.202

[Rank 0] (epoch: 33, iters: 18816, time: 0.001, data: 0.001) , D_A: 0.407, G_A: 0.994, cycle_A: 0.152, D_B: 0.197, G_B: 1.009, cycle_B: 0.147, gp: 0.193

[Rank 0] (epoch: 33, iters: 20416, time: 0.001, data: 0.001) , D_A: 0.399, G_A: 1.022, cycle_A: 0.169, D_B: 0.223, G_B: 0.992, cycle_B: 0.156, gp: 0.214

[Rank 0] (epoch: 33, iters: 22016, time: 0.001, data: 0.001) , D_A: 0.397, G_A: 1.016, cycle_A: 0.156, D_B: 0.144, G_B: 0.972, cycle_B: 0.166, gp: 0.138

[Rank 0] (epoch: 33, iters: 23616, time: 0.001, data: 0.001) , D_A: 0.308, G_A: 0.955, cycle_A: 0.149, D_B: 0.219, G_B: 0.960, cycle_B: 0.161, gp: 0.215

learning rate 0.0002000 -> 0.0002000
temperature tau = 0.1691
End of epoch 33 / 50 	 Time Taken: 24 sec
[Rank 0] (epoch: 34, iters: 704, time: 0.001, data: 0.001) , D_A: 0.434, G_A: 1.091, cycle_A: 0.159, D_B: 0.187, G_B: 1.063, cycle_B: 0.163, gp: 0.178

[Rank 0] (epoch: 34, iters: 2304, time: 0.001, data: 0.000) , D_A: 0.401, G_A: 1.001, cycle_A: 0.166, D_B: 0.280, G_B: 0.965, cycle_B: 0.150, gp: 0.270

[Rank 0] (epoch: 34, iters: 3904, time: 0.001, data: 0.002) , D_A: 0.514, G_A: 0.905, cycle_A: 0.150, D_B: 0.129, G_B: 0.986, cycle_B: 0.160, gp: 0.126

[Rank 0] (epoch: 34, iters: 5504, time: 0.001, data: 0.002) , D_A: 0.310, G_A: 0.909, cycle_A: 0.152, D_B: 0.119, G_B: 0.981, cycle_B: 0.163, gp: 0.115

[Rank 0] (epoch: 34, iters: 7104, time: 0.001, data: 0.002) , D_A: 0.385, G_A: 0.935, cycle_A: 0.159, D_B: 0.299, G_B: 1.086, cycle_B: 0.152, gp: 0.293

[Rank 0] (epoch: 34, iters: 8704, time: 0.001, data: 0.001) , D_A: 0.325, G_A: 1.046, cycle_A: 0.158, D_B: 0.262, G_B: 1.067, cycle_B: 0.156, gp: 0.255

[Rank 0] (epoch: 34, iters: 10304, time: 0.001, data: 0.001) , D_A: 0.298, G_A: 0.942, cycle_A: 0.173, D_B: 0.231, G_B: 1.008, cycle_B: 0.156, gp: 0.226

[Rank 0] (epoch: 34, iters: 11904, time: 0.001, data: 0.002) , D_A: 0.511, G_A: 0.965, cycle_A: 0.148, D_B: 0.172, G_B: 0.988, cycle_B: 0.162, gp: 0.170

[Rank 0] (epoch: 34, iters: 13504, time: 0.001, data: 0.001) , D_A: 0.415, G_A: 0.925, cycle_A: 0.162, D_B: 0.329, G_B: 1.084, cycle_B: 0.150, gp: 0.317

[Rank 0] (epoch: 34, iters: 15104, time: 0.001, data: 0.001) , D_A: 0.500, G_A: 0.929, cycle_A: 0.149, D_B: 0.397, G_B: 1.021, cycle_B: 0.152, gp: 0.392

[Rank 0] (epoch: 34, iters: 16704, time: 0.001, data: 0.001) , D_A: 0.309, G_A: 0.957, cycle_A: 0.159, D_B: 0.240, G_B: 0.967, cycle_B: 0.174, gp: 0.235

[Rank 0] (epoch: 34, iters: 18304, time: 0.001, data: 0.002) , D_A: 0.319, G_A: 0.982, cycle_A: 0.174, D_B: 0.150, G_B: 0.917, cycle_B: 0.165, gp: 0.141

[Rank 0] (epoch: 34, iters: 19904, time: 0.001, data: 0.001) , D_A: 0.426, G_A: 0.954, cycle_A: 0.154, D_B: 0.193, G_B: 0.973, cycle_B: 0.174, gp: 0.189

[Rank 0] (epoch: 34, iters: 21504, time: 0.001, data: 0.002) , D_A: 0.334, G_A: 0.985, cycle_A: 0.167, D_B: 0.200, G_B: 1.080, cycle_B: 0.160, gp: 0.185

[Rank 0] (epoch: 34, iters: 23104, time: 0.001, data: 0.001) , D_A: 0.344, G_A: 0.970, cycle_A: 0.148, D_B: 0.342, G_B: 0.902, cycle_B: 0.172, gp: 0.335

learning rate 0.0002000 -> 0.0002000
temperature tau = 0.1637
End of epoch 34 / 50 	 Time Taken: 25 sec
[Rank 0] (epoch: 35, iters: 192, time: 0.001, data: 0.002) , D_A: 0.478, G_A: 0.987, cycle_A: 0.145, D_B: 0.171, G_B: 0.984, cycle_B: 0.161, gp: 0.165

[Rank 0] (epoch: 35, iters: 1792, time: 0.001, data: 0.004) , D_A: 0.445, G_A: 0.905, cycle_A: 0.157, D_B: 0.348, G_B: 0.975, cycle_B: 0.159, gp: 0.345

[Rank 0] (epoch: 35, iters: 3392, time: 0.001, data: 0.001) , D_A: 0.452, G_A: 0.940, cycle_A: 0.172, D_B: 0.140, G_B: 1.025, cycle_B: 0.159, gp: 0.130

[Rank 0] (epoch: 35, iters: 4992, time: 0.001, data: 0.001) , D_A: 0.465, G_A: 1.020, cycle_A: 0.162, D_B: 0.169, G_B: 0.900, cycle_B: 0.162, gp: 0.165

--- iter tau=0.1637 ---
  cipher in : blel dlbaeeefbkebhdfbdlfbkdbibkebmfb bkebcbcdjbk kbklakbibieejeb
  decrypted :  memdim leeeg ce hig img ci a ce ag d ce a aia cdc cmlc a aeeae 
  real plain: ld i al ided he liig ih a a cl he ii ad big hei e diecl bea he e
  cipher in : defblbdbamme ebdbidbkdfblbkebflfbdebkdfblbkebdlfbkdbkebiedbdfbme
  decrypted : ieg m i laaede i ai cig m ce gmg ie cig m ce img ci ce aei ig ae
  real plain: ad i did a eek f eeach ge he deail j igh he fifeehce am fihig cl
[Rank 0] (epoch: 35, iters: 6592, time: 0.001, data: 0.001) , D_A: 0.463, G_A: 1.003, cycle_A: 0.158, D_B: 0.329, G_B: 0.951, cycle_B: 0.166, gp: 0.323

saving the latest model (epoch 35, total_iters 840000)
[Rank 0] (epoch: 35, iters: 8192, time: 0.001, data: 0.001) , D_A: 0.394, G_A: 1.004, cycle_A: 0.152, D_B: 0.252, G_B: 0.942, cycle_B: 0.160, gp: 0.246

[Rank 0] (epoch: 35, iters: 9792, time: 0.001, data: 0.001) , D_A: 0.448, G_A: 0.956, cycle_A: 0.143, D_B: 0.309, G_B: 1.037, cycle_B: 0.158, gp: 0.302

[Rank 0] (epoch: 35, iters: 11392, time: 0.001, data: 0.001) , D_A: 0.376, G_A: 0.969, cycle_A: 0.157, D_B: 0.137, G_B: 0.977, cycle_B: 0.163, gp: 0.133

[Rank 0] (epoch: 35, iters: 12992, time: 0.001, data: 0.001) , D_A: 0.419, G_A: 0.861, cycle_A: 0.160, D_B: 0.208, G_B: 0.950, cycle_B: 0.164, gp: 0.205

[Rank 0] (epoch: 35, iters: 14592, time: 0.001, data: 0.002) , D_A: 0.479, G_A: 0.952, cycle_A: 0.157, D_B: 0.294, G_B: 1.094, cycle_B: 0.162, gp: 0.280

[Rank 0] (epoch: 35, iters: 16192, time: 0.001, data: 0.001) , D_A: 0.408, G_A: 0.950, cycle_A: 0.163, D_B: 0.212, G_B: 0.787, cycle_B: 0.151, gp: 0.191

[Rank 0] (epoch: 35, iters: 17792, time: 0.001, data: 0.002) , D_A: 0.326, G_A: 0.947, cycle_A: 0.148, D_B: 0.227, G_B: 1.005, cycle_B: 0.154, gp: 0.224

[Rank 0] (epoch: 35, iters: 19392, time: 0.001, data: 0.001) , D_A: 0.468, G_A: 0.997, cycle_A: 0.175, D_B: 0.188, G_B: 0.973, cycle_B: 0.166, gp: 0.187

[Rank 0] (epoch: 35, iters: 20992, time: 0.001, data: 0.001) , D_A: 0.376, G_A: 0.996, cycle_A: 0.159, D_B: 0.344, G_B: 0.930, cycle_B: 0.156, gp: 0.336

[Rank 0] (epoch: 35, iters: 22592, time: 0.001, data: 0.001) , D_A: 0.363, G_A: 0.967, cycle_A: 0.151, D_B: 0.184, G_B: 0.929, cycle_B: 0.164, gp: 0.176

[Rank 0] (epoch: 35, iters: 24192, time: 0.001, data: 0.001) , D_A: 0.386, G_A: 0.971, cycle_A: 0.161, D_B: 0.640, G_B: 0.398, cycle_B: 0.157, gp: 0.349

learning rate 0.0002000 -> 0.0002000
temperature tau = 0.1584
End of epoch 35 / 50 	 Time Taken: 24 sec
[Rank 0] (epoch: 36, iters: 1280, time: 0.001, data: 0.001) , D_A: 0.391, G_A: 0.972, cycle_A: 0.142, D_B: 0.280, G_B: 0.947, cycle_B: 0.151, gp: 0.276

[Rank 0] (epoch: 36, iters: 2880, time: 0.001, data: 0.001) , D_A: 0.480, G_A: 0.708, cycle_A: 0.153, D_B: 0.166, G_B: 0.800, cycle_B: 0.164, gp: 0.141

[Rank 0] (epoch: 36, iters: 4480, time: 0.001, data: 0.002) , D_A: 0.339, G_A: 0.878, cycle_A: 0.154, D_B: 0.213, G_B: 0.996, cycle_B: 0.164, gp: 0.207

[Rank 0] (epoch: 36, iters: 6080, time: 0.001, data: 0.001) , D_A: 0.467, G_A: 0.919, cycle_A: 0.176, D_B: 0.282, G_B: 1.020, cycle_B: 0.158, gp: 0.264

[Rank 0] (epoch: 36, iters: 7680, time: 0.001, data: 0.001) , D_A: 0.448, G_A: 0.959, cycle_A: 0.182, D_B: 0.205, G_B: 1.024, cycle_B: 0.169, gp: 0.197

[Rank 0] (epoch: 36, iters: 9280, time: 0.001, data: 0.002) , D_A: 0.477, G_A: 0.983, cycle_A: 0.145, D_B: 0.100, G_B: 0.987, cycle_B: 0.156, gp: 0.097

[Rank 0] (epoch: 36, iters: 10880, time: 0.001, data: 0.002) , D_A: 0.481, G_A: 0.883, cycle_A: 0.159, D_B: 0.289, G_B: 0.988, cycle_B: 0.154, gp: 0.286

[Rank 0] (epoch: 36, iters: 12480, time: 0.001, data: 0.001) , D_A: 0.426, G_A: 1.028, cycle_A: 0.148, D_B: 0.292, G_B: 0.926, cycle_B: 0.157, gp: 0.290

[Rank 0] (epoch: 36, iters: 14080, time: 0.001, data: 0.001) , D_A: 0.383, G_A: 0.922, cycle_A: 0.162, D_B: 0.187, G_B: 0.964, cycle_B: 0.173, gp: 0.184

[Rank 0] (epoch: 36, iters: 15680, time: 0.001, data: 0.001) , D_A: 0.484, G_A: 0.978, cycle_A: 0.140, D_B: 0.286, G_B: 0.963, cycle_B: 0.151, gp: 0.280

[Rank 0] (epoch: 36, iters: 17280, time: 0.001, data: 0.001) , D_A: 0.474, G_A: 0.964, cycle_A: 0.146, D_B: 0.150, G_B: 0.979, cycle_B: 0.153, gp: 0.146

[Rank 0] (epoch: 36, iters: 18880, time: 0.001, data: 0.002) , D_A: 0.407, G_A: 0.982, cycle_A: 0.165, D_B: 0.176, G_B: 1.004, cycle_B: 0.147, gp: 0.170

[Rank 0] (epoch: 36, iters: 20480, time: 0.001, data: 0.002) , D_A: 0.451, G_A: 0.995, cycle_A: 0.159, D_B: 0.152, G_B: 0.981, cycle_B: 0.156, gp: 0.147

--- iter tau=0.1584 ---
  cipher in : baedeblbkebmlcdbdbilldebieibhbdieladdbcehebaimeefbehclkl blbelme
  decrypted :  leie m ce amai i ammie aea h iaemlii aehe laaeeg ehamcmd m emae
  real plain: m a iled i he fad he mde he he had ahe idei e he medfield lice h
  cipher in : eielbdfbkebklebhbekeb bemlefblkbcmdbkdbadfdmlefbkeba e dlbdbkebl
  decrypted : eaem ig ce cme h ece d eameg mc aai ci ligiameg ce ldedim i ce m
  real plain: he bdge g i i balaced cdii h he ied ecmie heee he ca ad h he he 
[Rank 0] (epoch: 36, iters: 22080, time: 0.001, data: 0.002) , D_A: 0.334, G_A: 0.935, cycle_A: 0.178, D_B: 0.177, G_B: 0.843, cycle_B: 0.154, gp: 0.157

saving the latest model (epoch 36, total_iters 880000)
[Rank 0] (epoch: 36, iters: 23680, time: 0.001, data: 0.002) , D_A: 0.308, G_A: 0.966, cycle_A: 0.161, D_B: 0.176, G_B: 0.956, cycle_B: 0.160, gp: 0.168

learning rate 0.0002000 -> 0.0002000
temperature tau = 0.1533
End of epoch 36 / 50 	 Time Taken: 24 sec
[Rank 0] (epoch: 37, iters: 768, time: 0.001, data: 0.001) , D_A: 0.369, G_A: 0.965, cycle_A: 0.150, D_B: 0.167, G_B: 1.009, cycle_B: 0.171, gp: 0.162

[Rank 0] (epoch: 37, iters: 2368, time: 0.001, data: 0.000) , D_A: 0.585, G_A: 1.008, cycle_A: 0.163, D_B: 0.308, G_B: 0.945, cycle_B: 0.150, gp: 0.300

[Rank 0] (epoch: 37, iters: 3968, time: 0.001, data: 0.001) , D_A: 0.338, G_A: 0.928, cycle_A: 0.148, D_B: 0.149, G_B: 0.985, cycle_B: 0.160, gp: 0.146

[Rank 0] (epoch: 37, iters: 5568, time: 0.001, data: 0.002) , D_A: 0.290, G_A: 0.956, cycle_A: 0.153, D_B: 0.147, G_B: 0.917, cycle_B: 0.158, gp: 0.144

[Rank 0] (epoch: 37, iters: 7168, time: 0.001, data: 0.001) , D_A: 0.381, G_A: 1.069, cycle_A: 0.142, D_B: 0.242, G_B: 1.058, cycle_B: 0.153, gp: 0.236

[Rank 0] (epoch: 37, iters: 8768, time: 0.001, data: 0.001) , D_A: 0.424, G_A: 1.144, cycle_A: 0.153, D_B: 0.264, G_B: 0.939, cycle_B: 0.176, gp: 0.261

[Rank 0] (epoch: 37, iters: 10368, time: 0.001, data: 0.001) , D_A: 0.343, G_A: 0.941, cycle_A: 0.156, D_B: 0.219, G_B: 0.930, cycle_B: 0.160, gp: 0.213

[Rank 0] (epoch: 37, iters: 11968, time: 0.001, data: 0.001) , D_A: 0.359, G_A: 0.977, cycle_A: 0.157, D_B: 0.181, G_B: 0.958, cycle_B: 0.162, gp: 0.178

[Rank 0] (epoch: 37, iters: 13568, time: 0.001, data: 0.001) , D_A: 0.458, G_A: 0.988, cycle_A: 0.158, D_B: 0.243, G_B: 0.862, cycle_B: 0.151, gp: 0.233

[Rank 0] (epoch: 37, iters: 15168, time: 0.001, data: 0.001) , D_A: 0.403, G_A: 0.981, cycle_A: 0.152, D_B: 0.290, G_B: 0.969, cycle_B: 0.152, gp: 0.286

[Rank 0] (epoch: 37, iters: 16768, time: 0.001, data: 0.002) , D_A: 0.430, G_A: 0.964, cycle_A: 0.132, D_B: 0.118, G_B: 1.017, cycle_B: 0.174, gp: 0.111

[Rank 0] (epoch: 37, iters: 18368, time: 0.001, data: 0.002) , D_A: 0.426, G_A: 1.000, cycle_A: 0.160, D_B: 0.198, G_B: 1.031, cycle_B: 0.165, gp: 0.193

[Rank 0] (epoch: 37, iters: 19968, time: 0.001, data: 0.001) , D_A: 0.358, G_A: 0.922, cycle_A: 0.166, D_B: 0.253, G_B: 0.915, cycle_B: 0.166, gp: 0.245

[Rank 0] (epoch: 37, iters: 21568, time: 0.001, data: 0.001) , D_A: 0.365, G_A: 0.792, cycle_A: 0.163, D_B: 0.336, G_B: 1.042, cycle_B: 0.166, gp: 0.328

[Rank 0] (epoch: 37, iters: 23168, time: 0.001, data: 0.002) , D_A: 0.478, G_A: 0.974, cycle_A: 0.153, D_B: 0.361, G_B: 0.924, cycle_B: 0.171, gp: 0.356

learning rate 0.0002000 -> 0.0002000
temperature tau = 0.1483
End of epoch 37 / 50 	 Time Taken: 24 sec
[Rank 0] (epoch: 38, iters: 256, time: 0.001, data: 0.002) , D_A: 0.496, G_A: 0.886, cycle_A: 0.155, D_B: 0.222, G_B: 0.945, cycle_B: 0.160, gp: 0.217

[Rank 0] (epoch: 38, iters: 1856, time: 0.001, data: 0.000) , D_A: 0.459, G_A: 0.950, cycle_A: 0.152, D_B: 0.258, G_B: 0.973, cycle_B: 0.158, gp: 0.253

[Rank 0] (epoch: 38, iters: 3456, time: 0.001, data: 0.001) , D_A: 0.390, G_A: 0.971, cycle_A: 0.171, D_B: 0.246, G_B: 0.940, cycle_B: 0.158, gp: 0.240

[Rank 0] (epoch: 38, iters: 5056, time: 0.001, data: 0.001) , D_A: 0.555, G_A: 1.107, cycle_A: 0.153, D_B: 0.249, G_B: 0.978, cycle_B: 0.168, gp: 0.246

[Rank 0] (epoch: 38, iters: 6656, time: 0.001, data: 0.001) , D_A: 0.378, G_A: 0.897, cycle_A: 0.150, D_B: 0.221, G_B: 0.960, cycle_B: 0.165, gp: 0.217

[Rank 0] (epoch: 38, iters: 8256, time: 0.001, data: 0.001) , D_A: 0.400, G_A: 0.891, cycle_A: 0.161, D_B: 0.209, G_B: 0.972, cycle_B: 0.156, gp: 0.204

[Rank 0] (epoch: 38, iters: 9856, time: 0.001, data: 0.001) , D_A: 0.491, G_A: 0.980, cycle_A: 0.157, D_B: 0.259, G_B: 0.982, cycle_B: 0.157, gp: 0.256

[Rank 0] (epoch: 38, iters: 11456, time: 0.001, data: 0.001) , D_A: 0.493, G_A: 0.942, cycle_A: 0.163, D_B: 0.257, G_B: 1.047, cycle_B: 0.163, gp: 0.252

--- iter tau=0.1483 ---
  cipher in : ebkebaiibcddfbkemmb ebeibkemmb ebkdbailbeibkebklmefbdcbffemblbdb
  decrypted : e ce laa aiig ceaa de ea ceaa de ci lam ea ce cmaeg ia ggea m i 
  real plain:  ih le e i he allcai ae ked f hee feecie he ii f lgage eice ha m
  cipher in : dblbdbleaebhbkebalebdbdbhbkebidlbkdjbkeb eelbhbibll bgbhdlbelfeb
  decrypted : i m i mele h ce lme i i h ce aim cia ce deem h a mmd h him emge 
  real plain: eed gam f eig he am ace he al demaded ha keed ake addiial meae i
[Rank 0] (epoch: 38, iters: 13056, time: 0.001, data: 0.001) , D_A: 0.494, G_A: 0.968, cycle_A: 0.148, D_B: 0.208, G_B: 0.970, cycle_B: 0.163, gp: 0.202

saving the latest model (epoch 38, total_iters 920000)
[Rank 0] (epoch: 38, iters: 14656, time: 0.001, data: 0.001) , D_A: 0.361, G_A: 0.996, cycle_A: 0.148, D_B: 0.296, G_B: 1.009, cycle_B: 0.162, gp: 0.292

[Rank 0] (epoch: 38, iters: 16256, time: 0.001, data: 0.001) , D_A: 0.432, G_A: 1.018, cycle_A: 0.154, D_B: 0.162, G_B: 0.928, cycle_B: 0.151, gp: 0.159

[Rank 0] (epoch: 38, iters: 17856, time: 0.001, data: 0.001) , D_A: 0.415, G_A: 0.920, cycle_A: 0.158, D_B: 0.241, G_B: 0.972, cycle_B: 0.153, gp: 0.239

[Rank 0] (epoch: 38, iters: 19456, time: 0.001, data: 0.002) , D_A: 0.470, G_A: 0.980, cycle_A: 0.155, D_B: 0.364, G_B: 0.993, cycle_B: 0.165, gp: 0.362

[Rank 0] (epoch: 38, iters: 21056, time: 0.001, data: 0.002) , D_A: 0.355, G_A: 0.943, cycle_A: 0.161, D_B: 0.446, G_B: 0.990, cycle_B: 0.160, gp: 0.441

[Rank 0] (epoch: 38, iters: 22656, time: 0.001, data: 0.002) , D_A: 0.355, G_A: 0.936, cycle_A: 0.158, D_B: 0.265, G_B: 1.042, cycle_B: 0.163, gp: 0.256

[Rank 0] (epoch: 38, iters: 24256, time: 0.001, data: 0.002) , D_A: 0.411, G_A: 1.008, cycle_A: 0.148, D_B: 0.242, G_B: 0.932, cycle_B: 0.157, gp: 0.233

learning rate 0.0002000 -> 0.0002000
temperature tau = 0.1435
End of epoch 38 / 50 	 Time Taken: 24 sec
[Rank 0] (epoch: 39, iters: 1344, time: 0.001, data: 0.001) , D_A: 0.347, G_A: 0.922, cycle_A: 0.158, D_B: 0.325, G_B: 0.971, cycle_B: 0.152, gp: 0.320

[Rank 0] (epoch: 39, iters: 2944, time: 0.001, data: 0.001) , D_A: 0.407, G_A: 0.942, cycle_A: 0.159, D_B: 0.351, G_B: 0.955, cycle_B: 0.151, gp: 0.348

[Rank 0] (epoch: 39, iters: 4544, time: 0.001, data: 0.002) , D_A: 0.353, G_A: 0.972, cycle_A: 0.158, D_B: 0.171, G_B: 0.929, cycle_B: 0.162, gp: 0.165

[Rank 0] (epoch: 39, iters: 6144, time: 0.001, data: 0.001) , D_A: 0.466, G_A: 0.910, cycle_A: 0.145, D_B: 0.319, G_B: 0.940, cycle_B: 0.158, gp: 0.311

[Rank 0] (epoch: 39, iters: 7744, time: 0.001, data: 0.001) , D_A: 0.428, G_A: 0.893, cycle_A: 0.163, D_B: 0.318, G_B: 1.025, cycle_B: 0.160, gp: 0.309

[Rank 0] (epoch: 39, iters: 9344, time: 0.001, data: 0.001) , D_A: 0.333, G_A: 0.975, cycle_A: 0.156, D_B: 0.319, G_B: 0.973, cycle_B: 0.156, gp: 0.315

[Rank 0] (epoch: 39, iters: 10944, time: 0.001, data: 0.001) , D_A: 0.415, G_A: 0.985, cycle_A: 0.170, D_B: 0.267, G_B: 0.974, cycle_B: 0.153, gp: 0.262

[Rank 0] (epoch: 39, iters: 12544, time: 0.001, data: 0.001) , D_A: 0.427, G_A: 0.943, cycle_A: 0.155, D_B: 0.206, G_B: 0.996, cycle_B: 0.157, gp: 0.201

[Rank 0] (epoch: 39, iters: 14144, time: 0.001, data: 0.002) , D_A: 0.413, G_A: 0.943, cycle_A: 0.152, D_B: 0.248, G_B: 0.980, cycle_B: 0.165, gp: 0.243

[Rank 0] (epoch: 39, iters: 15744, time: 0.001, data: 0.002) , D_A: 0.566, G_A: 0.920, cycle_A: 0.154, D_B: 0.323, G_B: 0.965, cycle_B: 0.151, gp: 0.318

[Rank 0] (epoch: 39, iters: 17344, time: 0.001, data: 0.001) , D_A: 0.353, G_A: 0.892, cycle_A: 0.160, D_B: 0.216, G_B: 0.963, cycle_B: 0.154, gp: 0.210

[Rank 0] (epoch: 39, iters: 18944, time: 0.001, data: 0.001) , D_A: 0.446, G_A: 0.969, cycle_A: 0.149, D_B: 0.311, G_B: 0.931, cycle_B: 0.147, gp: 0.305

[Rank 0] (epoch: 39, iters: 20544, time: 0.001, data: 0.001) , D_A: 0.465, G_A: 0.976, cycle_A: 0.160, D_B: 0.225, G_B: 0.985, cycle_B: 0.157, gp: 0.220

[Rank 0] (epoch: 39, iters: 22144, time: 0.001, data: 0.001) , D_A: 0.375, G_A: 0.981, cycle_A: 0.158, D_B: 0.270, G_B: 0.970, cycle_B: 0.152, gp: 0.267

[Rank 0] (epoch: 39, iters: 23744, time: 0.001, data: 0.001) , D_A: 0.360, G_A: 0.911, cycle_A: 0.160, D_B: 0.223, G_B: 0.851, cycle_B: 0.160, gp: 0.210

learning rate 0.0002000 -> 0.0002000
temperature tau = 0.1389
End of epoch 39 / 50 	 Time Taken: 24 sec
[Rank 0] (epoch: 40, iters: 832, time: 0.001, data: 0.001) , D_A: 0.476, G_A: 0.882, cycle_A: 0.161, D_B: 0.385, G_B: 0.973, cycle_B: 0.162, gp: 0.380

[Rank 0] (epoch: 40, iters: 2432, time: 0.001, data: 0.000) , D_A: 0.362, G_A: 0.896, cycle_A: 0.151, D_B: 0.230, G_B: 0.982, cycle_B: 0.149, gp: 0.227

--- iter tau=0.1389 ---
  cipher in : dfelefbkebhbeblebdjeblbhlebalebcefiblaebcelblbkebmbhbdicl lbdbem
  decrypted : igemeg ce h e me iae m hme lme aega mle aem m ce a h iaamdm i ea
  real plain: a ha ime he affded me he ce f hi b kda f ch legh a i ma eed eak 
  cipher in : iebdblajebadmmbkeibkblfefbkebcdlbhbkebheakbeicdbkdbadiebiebfebke
  decrypted : ae i mlae liaa cea c mgeg ce aim h ce helc eaai ci liae ae ge ce
  real plain: ed be checked ie ad hae he ie f he aea ale ca be a deemiig fac a
[Rank 0] (epoch: 40, iters: 4032, time: 0.001, data: 0.001) , D_A: 0.508, G_A: 0.824, cycle_A: 0.170, D_B: 0.199, G_B: 0.976, cycle_B: 0.160, gp: 0.192

saving the latest model (epoch 40, total_iters 960000)
[Rank 0] (epoch: 40, iters: 5632, time: 0.001, data: 0.001) , D_A: 0.525, G_A: 1.018, cycle_A: 0.171, D_B: 0.296, G_B: 1.003, cycle_B: 0.158, gp: 0.290

[Rank 0] (epoch: 40, iters: 7232, time: 0.001, data: 0.001) , D_A: 0.393, G_A: 0.909, cycle_A: 0.167, D_B: 0.287, G_B: 1.084, cycle_B: 0.169, gp: 0.282

[Rank 0] (epoch: 40, iters: 8832, time: 0.001, data: 0.001) , D_A: 0.542, G_A: 0.908, cycle_A: 0.154, D_B: 0.383, G_B: 0.955, cycle_B: 0.167, gp: 0.377

[Rank 0] (epoch: 40, iters: 10432, time: 0.001, data: 0.001) , D_A: 0.430, G_A: 0.875, cycle_A: 0.153, D_B: 0.230, G_B: 0.806, cycle_B: 0.155, gp: 0.221

[Rank 0] (epoch: 40, iters: 12032, time: 0.001, data: 0.001) , D_A: 0.455, G_A: 1.041, cycle_A: 0.149, D_B: 0.215, G_B: 0.945, cycle_B: 0.162, gp: 0.209

[Rank 0] (epoch: 40, iters: 13632, time: 0.001, data: 0.001) , D_A: 0.466, G_A: 0.998, cycle_A: 0.159, D_B: 0.228, G_B: 0.942, cycle_B: 0.150, gp: 0.218

[Rank 0] (epoch: 40, iters: 15232, time: 0.001, data: 0.001) , D_A: 0.440, G_A: 0.884, cycle_A: 0.156, D_B: 0.226, G_B: 1.038, cycle_B: 0.152, gp: 0.219

[Rank 0] (epoch: 40, iters: 16832, time: 0.001, data: 0.002) , D_A: 0.379, G_A: 1.008, cycle_A: 0.145, D_B: 0.247, G_B: 0.997, cycle_B: 0.173, gp: 0.244

[Rank 0] (epoch: 40, iters: 18432, time: 0.001, data: 0.001) , D_A: 0.427, G_A: 0.937, cycle_A: 0.155, D_B: 0.407, G_B: 1.017, cycle_B: 0.164, gp: 0.401

[Rank 0] (epoch: 40, iters: 20032, time: 0.001, data: 0.001) , D_A: 0.302, G_A: 0.912, cycle_A: 0.158, D_B: 0.196, G_B: 0.889, cycle_B: 0.156, gp: 0.186

[Rank 0] (epoch: 40, iters: 21632, time: 0.001, data: 0.001) , D_A: 0.475, G_A: 0.932, cycle_A: 0.153, D_B: 0.262, G_B: 0.955, cycle_B: 0.166, gp: 0.256

[Rank 0] (epoch: 40, iters: 23232, time: 0.001, data: 0.001) , D_A: 0.396, G_A: 0.948, cycle_A: 0.161, D_B: 0.279, G_B: 0.947, cycle_B: 0.171, gp: 0.273

learning rate 0.0002000 -> 0.0001818
temperature tau = 0.1344
End of epoch 40 / 50 	 Time Taken: 24 sec
[Rank 0] (epoch: 41, iters: 320, time: 0.001, data: 0.002) , D_A: 0.274, G_A: 0.899, cycle_A: 0.152, D_B: 0.300, G_B: 1.002, cycle_B: 0.164, gp: 0.296

[Rank 0] (epoch: 41, iters: 1920, time: 0.001, data: 0.000) , D_A: 0.313, G_A: 0.883, cycle_A: 0.171, D_B: 0.322, G_B: 0.949, cycle_B: 0.157, gp: 0.316

[Rank 0] (epoch: 41, iters: 3520, time: 0.001, data: 0.001) , D_A: 0.355, G_A: 0.972, cycle_A: 0.161, D_B: 0.151, G_B: 0.987, cycle_B: 0.157, gp: 0.148

[Rank 0] (epoch: 41, iters: 5120, time: 0.001, data: 0.001) , D_A: 0.397, G_A: 0.900, cycle_A: 0.154, D_B: 0.407, G_B: 0.937, cycle_B: 0.160, gp: 0.404

[Rank 0] (epoch: 41, iters: 6720, time: 0.001, data: 0.001) , D_A: 0.373, G_A: 0.972, cycle_A: 0.163, D_B: 0.309, G_B: 1.001, cycle_B: 0.153, gp: 0.304

[Rank 0] (epoch: 41, iters: 8320, time: 0.001, data: 0.001) , D_A: 0.381, G_A: 0.936, cycle_A: 0.172, D_B: 0.343, G_B: 1.065, cycle_B: 0.156, gp: 0.334

[Rank 0] (epoch: 41, iters: 9920, time: 0.001, data: 0.001) , D_A: 0.594, G_A: 0.781, cycle_A: 0.170, D_B: 0.199, G_B: 0.973, cycle_B: 0.157, gp: 0.196

[Rank 0] (epoch: 41, iters: 11520, time: 0.001, data: 0.001) , D_A: 0.286, G_A: 0.925, cycle_A: 0.155, D_B: 0.127, G_B: 1.031, cycle_B: 0.162, gp: 0.123

[Rank 0] (epoch: 41, iters: 13120, time: 0.001, data: 0.001) , D_A: 0.341, G_A: 0.956, cycle_A: 0.163, D_B: 0.209, G_B: 0.985, cycle_B: 0.171, gp: 0.205

[Rank 0] (epoch: 41, iters: 14720, time: 0.001, data: 0.002) , D_A: 0.432, G_A: 0.987, cycle_A: 0.155, D_B: 0.348, G_B: 1.023, cycle_B: 0.163, gp: 0.343

[Rank 0] (epoch: 41, iters: 16320, time: 0.001, data: 0.001) , D_A: 0.424, G_A: 0.909, cycle_A: 0.148, D_B: 0.249, G_B: 0.908, cycle_B: 0.150, gp: 0.244

[Rank 0] (epoch: 41, iters: 17920, time: 0.001, data: 0.001) , D_A: 0.367, G_A: 1.001, cycle_A: 0.156, D_B: 0.233, G_B: 0.951, cycle_B: 0.153, gp: 0.230

--- iter tau=0.1344 ---
  cipher in : iddlebceakidjbdebmdajl bdfbebfbjblbdbadebkdbiedebhbhflbdfblelbee
  decrypted : aiime aelcaia ie ailamd ig e g a m i lie ci aeie h hgm ig mem ee
  real plain: dced b he ilble maeial fm ea caiig l icmlee aibd acii hi a lae k
  cipher in : cebeefbkebedlebakdibhbieebmljebhfbkliemhblfem ladmbeaaelbmfbiemb
  decrypted : ae eeg ce eime lcia h aee amae hg cmaeah mgeadmlia ellem ag aea 
  real plain:  am ae e he jig ad email baced a iece f heeichide mahga l idh il
[Rank 0] (epoch: 41, iters: 19520, time: 0.001, data: 0.001) , D_A: 0.444, G_A: 0.901, cycle_A: 0.154, D_B: 0.451, G_B: 1.028, cycle_B: 0.168, gp: 0.439

saving the latest model (epoch 41, total_iters 1000000)
[Rank 0] (epoch: 41, iters: 21120, time: 0.001, data: 0.001) , D_A: 0.341, G_A: 1.034, cycle_A: 0.156, D_B: 0.347, G_B: 0.973, cycle_B: 0.160, gp: 0.341

[Rank 0] (epoch: 41, iters: 22720, time: 0.001, data: 0.001) , D_A: 0.383, G_A: 1.009, cycle_A: 0.159, D_B: 0.351, G_B: 0.955, cycle_B: 0.162, gp: 0.346

[Rank 0] (epoch: 41, iters: 24320, time: 0.001, data: 0.002) , D_A: 0.469, G_A: 0.972, cycle_A: 0.166, D_B: 0.181, G_B: 1.012, cycle_B: 0.157, gp: 0.179

learning rate 0.0001818 -> 0.0001636
temperature tau = 0.1301
End of epoch 41 / 50 	 Time Taken: 24 sec
[Rank 0] (epoch: 42, iters: 1408, time: 0.001, data: 0.001) , D_A: 0.460, G_A: 0.979, cycle_A: 0.168, D_B: 0.299, G_B: 0.970, cycle_B: 0.151, gp: 0.294

[Rank 0] (epoch: 42, iters: 3008, time: 0.001, data: 0.001) , D_A: 0.472, G_A: 0.994, cycle_A: 0.151, D_B: 0.302, G_B: 0.897, cycle_B: 0.151, gp: 0.295

[Rank 0] (epoch: 42, iters: 4608, time: 0.001, data: 0.001) , D_A: 0.312, G_A: 1.006, cycle_A: 0.156, D_B: 0.178, G_B: 0.955, cycle_B: 0.162, gp: 0.172

[Rank 0] (epoch: 42, iters: 6208, time: 0.001, data: 0.001) , D_A: 0.409, G_A: 0.941, cycle_A: 0.144, D_B: 0.237, G_B: 0.899, cycle_B: 0.168, gp: 0.231

[Rank 0] (epoch: 42, iters: 7808, time: 0.001, data: 0.001) , D_A: 0.355, G_A: 0.951, cycle_A: 0.163, D_B: 0.353, G_B: 1.032, cycle_B: 0.160, gp: 0.338

[Rank 0] (epoch: 42, iters: 9408, time: 0.001, data: 0.001) , D_A: 0.489, G_A: 0.976, cycle_A: 0.160, D_B: 0.259, G_B: 0.975, cycle_B: 0.155, gp: 0.255

[Rank 0] (epoch: 42, iters: 11008, time: 0.001, data: 0.001) , D_A: 0.490, G_A: 0.973, cycle_A: 0.157, D_B: 0.234, G_B: 0.999, cycle_B: 0.153, gp: 0.227

[Rank 0] (epoch: 42, iters: 12608, time: 0.001, data: 0.001) , D_A: 0.413, G_A: 0.937, cycle_A: 0.157, D_B: 0.143, G_B: 0.919, cycle_B: 0.157, gp: 0.140

[Rank 0] (epoch: 42, iters: 14208, time: 0.001, data: 0.001) , D_A: 0.538, G_A: 0.947, cycle_A: 0.164, D_B: 0.356, G_B: 0.947, cycle_B: 0.164, gp: 0.351

[Rank 0] (epoch: 42, iters: 15808, time: 0.001, data: 0.001) , D_A: 0.495, G_A: 0.988, cycle_A: 0.150, D_B: 0.399, G_B: 0.949, cycle_B: 0.151, gp: 0.393

[Rank 0] (epoch: 42, iters: 17408, time: 0.001, data: 0.001) , D_A: 0.508, G_A: 0.940, cycle_A: 0.159, D_B: 0.378, G_B: 0.983, cycle_B: 0.153, gp: 0.373

[Rank 0] (epoch: 42, iters: 19008, time: 0.001, data: 0.001) , D_A: 0.377, G_A: 0.966, cycle_A: 0.150, D_B: 0.410, G_B: 1.060, cycle_B: 0.167, gp: 0.406

[Rank 0] (epoch: 42, iters: 20608, time: 0.001, data: 0.001) , D_A: 0.418, G_A: 0.979, cycle_A: 0.174, D_B: 0.406, G_B: 0.890, cycle_B: 0.156, gp: 0.398

[Rank 0] (epoch: 42, iters: 22208, time: 0.001, data: 0.001) , D_A: 0.282, G_A: 0.904, cycle_A: 0.153, D_B: 0.154, G_B: 0.908, cycle_B: 0.153, gp: 0.147

[Rank 0] (epoch: 42, iters: 23808, time: 0.001, data: 0.001) , D_A: 0.226, G_A: 0.927, cycle_A: 0.152, D_B: 0.180, G_B: 0.974, cycle_B: 0.164, gp: 0.176

learning rate 0.0001636 -> 0.0001455
temperature tau = 0.1258
End of epoch 42 / 50 	 Time Taken: 21 sec
[Rank 0] (epoch: 43, iters: 896, time: 0.001, data: 0.001) , D_A: 0.495, G_A: 0.966, cycle_A: 0.163, D_B: 0.251, G_B: 0.891, cycle_B: 0.162, gp: 0.239

[Rank 0] (epoch: 43, iters: 2496, time: 0.001, data: 0.000) , D_A: 0.369, G_A: 0.900, cycle_A: 0.166, D_B: 0.245, G_B: 1.010, cycle_B: 0.149, gp: 0.241

[Rank 0] (epoch: 43, iters: 4096, time: 0.001, data: 0.002) , D_A: 0.451, G_A: 0.971, cycle_A: 0.151, D_B: 0.150, G_B: 0.988, cycle_B: 0.160, gp: 0.147

[Rank 0] (epoch: 43, iters: 5696, time: 0.001, data: 0.001) , D_A: 0.369, G_A: 0.926, cycle_A: 0.169, D_B: 0.231, G_B: 0.952, cycle_B: 0.167, gp: 0.224

[Rank 0] (epoch: 43, iters: 7296, time: 0.001, data: 0.001) , D_A: 0.570, G_A: 0.984, cycle_A: 0.160, D_B: 0.423, G_B: 0.947, cycle_B: 0.169, gp: 0.419

[Rank 0] (epoch: 43, iters: 8896, time: 0.001, data: 0.001) , D_A: 0.490, G_A: 0.952, cycle_A: 0.164, D_B: 0.414, G_B: 0.940, cycle_B: 0.166, gp: 0.407

--- iter tau=0.1258 ---
  cipher in : kbieebdgbkebldldbmlebdebkebmlebhbkeba eaebhbeadbhb blaebedakbhbk
  decrypted : c aee ih ce mimi ame ie ce ame h ce ldele h eli h d mle eilc h c
  real plain: he bili headache f he bae egime h fa ha bee he ead eam f jbeeke 
  cipher in : bkdfbdikblbkeibcbmbdmeblemml eaebdffemmbkdfbkedfbkdbkebkdfbceebd
  decrypted :  cig iac m cea a a iae meaamdele iggeaa cig ceig ci ce cig aee i
  real plain: ll iceed e helled childe he hela a j ig fee he he ee fced ceal l
[Rank 0] (epoch: 43, iters: 10496, time: 0.001, data: 0.001) , D_A: 0.456, G_A: 0.954, cycle_A: 0.153, D_B: 0.347, G_B: 0.979, cycle_B: 0.154, gp: 0.343

saving the latest model (epoch 43, total_iters 1040000)
[Rank 0] (epoch: 43, iters: 12096, time: 0.001, data: 0.001) , D_A: 0.281, G_A: 0.873, cycle_A: 0.157, D_B: 0.264, G_B: 0.945, cycle_B: 0.163, gp: 0.259

[Rank 0] (epoch: 43, iters: 13696, time: 0.001, data: 0.001) , D_A: 0.505, G_A: 0.928, cycle_A: 0.143, D_B: 0.329, G_B: 0.995, cycle_B: 0.150, gp: 0.326

[Rank 0] (epoch: 43, iters: 15296, time: 0.001, data: 0.001) , D_A: 0.284, G_A: 1.117, cycle_A: 0.154, D_B: 0.399, G_B: 0.977, cycle_B: 0.155, gp: 0.393

[Rank 0] (epoch: 43, iters: 16896, time: 0.001, data: 0.001) , D_A: 0.400, G_A: 0.849, cycle_A: 0.150, D_B: 0.219, G_B: 0.963, cycle_B: 0.173, gp: 0.212

[Rank 0] (epoch: 43, iters: 18496, time: 0.001, data: 0.001) , D_A: 0.423, G_A: 0.947, cycle_A: 0.147, D_B: 0.351, G_B: 0.998, cycle_B: 0.149, gp: 0.346

[Rank 0] (epoch: 43, iters: 20096, time: 0.001, data: 0.002) , D_A: 0.477, G_A: 0.943, cycle_A: 0.152, D_B: 0.340, G_B: 0.952, cycle_B: 0.156, gp: 0.335

[Rank 0] (epoch: 43, iters: 21696, time: 0.001, data: 0.001) , D_A: 0.495, G_A: 0.965, cycle_A: 0.160, D_B: 0.397, G_B: 1.018, cycle_B: 0.166, gp: 0.391

[Rank 0] (epoch: 43, iters: 23296, time: 0.001, data: 0.001) , D_A: 0.406, G_A: 0.972, cycle_A: 0.152, D_B: 0.270, G_B: 0.965, cycle_B: 0.171, gp: 0.267

learning rate 0.0001455 -> 0.0001273
temperature tau = 0.1218
End of epoch 43 / 50 	 Time Taken: 23 sec
[Rank 0] (epoch: 44, iters: 384, time: 0.001, data: 0.001) , D_A: 0.493, G_A: 0.938, cycle_A: 0.159, D_B: 0.171, G_B: 0.964, cycle_B: 0.160, gp: 0.165

[Rank 0] (epoch: 44, iters: 1984, time: 0.001, data: 0.000) , D_A: 0.439, G_A: 0.927, cycle_A: 0.160, D_B: 0.361, G_B: 0.998, cycle_B: 0.158, gp: 0.357

[Rank 0] (epoch: 44, iters: 3584, time: 0.001, data: 0.002) , D_A: 0.424, G_A: 0.986, cycle_A: 0.158, D_B: 0.264, G_B: 0.826, cycle_B: 0.157, gp: 0.252

[Rank 0] (epoch: 44, iters: 5184, time: 0.001, data: 0.001) , D_A: 0.298, G_A: 0.959, cycle_A: 0.149, D_B: 0.134, G_B: 0.905, cycle_B: 0.159, gp: 0.125

[Rank 0] (epoch: 44, iters: 6784, time: 0.001, data: 0.002) , D_A: 0.442, G_A: 0.970, cycle_A: 0.155, D_B: 0.190, G_B: 0.970, cycle_B: 0.153, gp: 0.186

[Rank 0] (epoch: 44, iters: 8384, time: 0.001, data: 0.001) , D_A: 0.480, G_A: 0.899, cycle_A: 0.160, D_B: 0.173, G_B: 0.932, cycle_B: 0.156, gp: 0.164

[Rank 0] (epoch: 44, iters: 9984, time: 0.001, data: 0.001) , D_A: 0.467, G_A: 0.961, cycle_A: 0.152, D_B: 0.235, G_B: 0.970, cycle_B: 0.156, gp: 0.231

[Rank 0] (epoch: 44, iters: 11584, time: 0.001, data: 0.002) , D_A: 0.471, G_A: 0.973, cycle_A: 0.148, D_B: 0.124, G_B: 0.949, cycle_B: 0.163, gp: 0.118

[Rank 0] (epoch: 44, iters: 13184, time: 0.001, data: 0.001) , D_A: 0.473, G_A: 0.981, cycle_A: 0.165, D_B: 0.149, G_B: 0.950, cycle_B: 0.163, gp: 0.142

[Rank 0] (epoch: 44, iters: 14784, time: 0.001, data: 0.002) , D_A: 0.568, G_A: 0.997, cycle_A: 0.167, D_B: 0.277, G_B: 0.960, cycle_B: 0.162, gp: 0.271

[Rank 0] (epoch: 44, iters: 16384, time: 0.001, data: 0.001) , D_A: 0.538, G_A: 0.920, cycle_A: 0.155, D_B: 0.154, G_B: 1.008, cycle_B: 0.150, gp: 0.142

[Rank 0] (epoch: 44, iters: 17984, time: 0.001, data: 0.002) , D_A: 0.428, G_A: 0.901, cycle_A: 0.148, D_B: 0.247, G_B: 0.929, cycle_B: 0.166, gp: 0.241

[Rank 0] (epoch: 44, iters: 19584, time: 0.001, data: 0.001) , D_A: 0.484, G_A: 0.936, cycle_A: 0.159, D_B: 0.280, G_B: 0.966, cycle_B: 0.166, gp: 0.276

[Rank 0] (epoch: 44, iters: 21184, time: 0.001, data: 0.001) , D_A: 0.442, G_A: 0.855, cycle_A: 0.157, D_B: 0.283, G_B: 0.975, cycle_B: 0.160, gp: 0.280

[Rank 0] (epoch: 44, iters: 22784, time: 0.001, data: 0.001) , D_A: 0.373, G_A: 1.017, cycle_A: 0.162, D_B: 0.282, G_B: 0.945, cycle_B: 0.162, gp: 0.272

[Rank 0] (epoch: 44, iters: 24384, time: 0.001, data: 0.001) , D_A: 0.414, G_A: 0.965, cycle_A: 0.167, D_B: 0.157, G_B: 0.936, cycle_B: 0.157, gp: 0.153

learning rate 0.0001273 -> 0.0001091
temperature tau = 0.1178
End of epoch 44 / 50 	 Time Taken: 24 sec
--- iter tau=0.1178 ---
  cipher in : mbddebhbkebakd efbdikeebebdlefbklbkedfbmmbmjl bhlbdbemdlebkebkdf
  decrypted : a iie h ce lcideg iacee e imeg cm ceig aa aamd hm i eaime ce cig
  real plain: ad he i f haie he he ima diffeece beee he cii a ha he eide f he 
  cipher in : idbcebkdel bidbilmebddbhibcbedmmbkebdebl kbebfbebdebdmmblmefblbk
  decrypted : ai ae ciemd ai amae ii ha a eiaa ce ie mdc e g e ie iaa maeg m c
  real plain: me f eible gamig fi e ca ecage eibili b eablihig a cdii f aiace 
[Rank 0] (epoch: 45, iters: 1472, time: 0.001, data: 0.002) , D_A: 0.491, G_A: 0.941, cycle_A: 0.160, D_B: 0.151, G_B: 0.950, cycle_B: 0.151, gp: 0.146

saving the latest model (epoch 45, total_iters 1080000)
[Rank 0] (epoch: 45, iters: 3072, time: 0.001, data: 0.001) , D_A: 0.458, G_A: 0.987, cycle_A: 0.144, D_B: 0.359, G_B: 0.945, cycle_B: 0.151, gp: 0.348

[Rank 0] (epoch: 45, iters: 4672, time: 0.001, data: 0.001) , D_A: 0.392, G_A: 0.989, cycle_A: 0.149, D_B: 0.328, G_B: 0.974, cycle_B: 0.160, gp: 0.325

[Rank 0] (epoch: 45, iters: 6272, time: 0.001, data: 0.001) , D_A: 0.381, G_A: 0.953, cycle_A: 0.172, D_B: 0.441, G_B: 0.955, cycle_B: 0.165, gp: 0.435

[Rank 0] (epoch: 45, iters: 7872, time: 0.001, data: 0.001) , D_A: 0.457, G_A: 0.989, cycle_A: 0.163, D_B: 0.368, G_B: 0.948, cycle_B: 0.160, gp: 0.365

[Rank 0] (epoch: 45, iters: 9472, time: 0.001, data: 0.002) , D_A: 0.510, G_A: 0.965, cycle_A: 0.156, D_B: 0.335, G_B: 0.955, cycle_B: 0.155, gp: 0.328

[Rank 0] (epoch: 45, iters: 11072, time: 0.001, data: 0.001) , D_A: 0.457, G_A: 0.925, cycle_A: 0.151, D_B: 0.228, G_B: 0.954, cycle_B: 0.153, gp: 0.221

[Rank 0] (epoch: 45, iters: 12672, time: 0.001, data: 0.001) , D_A: 0.412, G_A: 0.936, cycle_A: 0.149, D_B: 0.261, G_B: 0.881, cycle_B: 0.157, gp: 0.255

[Rank 0] (epoch: 45, iters: 14272, time: 0.001, data: 0.001) , D_A: 0.373, G_A: 0.973, cycle_A: 0.162, D_B: 0.160, G_B: 0.975, cycle_B: 0.164, gp: 0.156

[Rank 0] (epoch: 45, iters: 15872, time: 0.001, data: 0.001) , D_A: 0.501, G_A: 0.985, cycle_A: 0.141, D_B: 0.160, G_B: 0.999, cycle_B: 0.151, gp: 0.155

[Rank 0] (epoch: 45, iters: 17472, time: 0.001, data: 0.001) , D_A: 0.339, G_A: 0.998, cycle_A: 0.156, D_B: 0.396, G_B: 0.992, cycle_B: 0.153, gp: 0.394

[Rank 0] (epoch: 45, iters: 19072, time: 0.001, data: 0.001) , D_A: 0.509, G_A: 0.982, cycle_A: 0.148, D_B: 0.429, G_B: 0.959, cycle_B: 0.166, gp: 0.423

[Rank 0] (epoch: 45, iters: 20672, time: 0.001, data: 0.001) , D_A: 0.498, G_A: 0.973, cycle_A: 0.149, D_B: 0.447, G_B: 0.982, cycle_B: 0.156, gp: 0.443

[Rank 0] (epoch: 45, iters: 22272, time: 0.001, data: 0.001) , D_A: 0.342, G_A: 0.881, cycle_A: 0.153, D_B: 0.387, G_B: 0.957, cycle_B: 0.151, gp: 0.381

[Rank 0] (epoch: 45, iters: 23872, time: 0.001, data: 0.002) , D_A: 0.469, G_A: 0.959, cycle_A: 0.154, D_B: 0.351, G_B: 1.006, cycle_B: 0.160, gp: 0.346

learning rate 0.0001091 -> 0.0000909
temperature tau = 0.1140
End of epoch 45 / 50 	 Time Taken: 24 sec
[Rank 0] (epoch: 46, iters: 960, time: 0.001, data: 0.001) , D_A: 0.442, G_A: 0.981, cycle_A: 0.151, D_B: 0.397, G_B: 0.980, cycle_B: 0.162, gp: 0.392

[Rank 0] (epoch: 46, iters: 2560, time: 0.001, data: 0.001) , D_A: 0.497, G_A: 0.958, cycle_A: 0.160, D_B: 0.358, G_B: 0.968, cycle_B: 0.149, gp: 0.353

[Rank 0] (epoch: 46, iters: 4160, time: 0.001, data: 0.001) , D_A: 0.436, G_A: 0.962, cycle_A: 0.151, D_B: 0.165, G_B: 0.958, cycle_B: 0.162, gp: 0.162

[Rank 0] (epoch: 46, iters: 5760, time: 0.001, data: 0.001) , D_A: 0.428, G_A: 0.986, cycle_A: 0.144, D_B: 0.344, G_B: 0.948, cycle_B: 0.158, gp: 0.339

[Rank 0] (epoch: 46, iters: 7360, time: 0.001, data: 0.001) , D_A: 0.499, G_A: 0.888, cycle_A: 0.156, D_B: 0.193, G_B: 0.994, cycle_B: 0.168, gp: 0.190

[Rank 0] (epoch: 46, iters: 8960, time: 0.001, data: 0.001) , D_A: 0.501, G_A: 0.947, cycle_A: 0.155, D_B: 0.335, G_B: 1.004, cycle_B: 0.166, gp: 0.332

[Rank 0] (epoch: 46, iters: 10560, time: 0.001, data: 0.001) , D_A: 0.464, G_A: 0.870, cycle_A: 0.151, D_B: 0.351, G_B: 0.955, cycle_B: 0.154, gp: 0.347

[Rank 0] (epoch: 46, iters: 12160, time: 0.001, data: 0.001) , D_A: 0.471, G_A: 0.940, cycle_A: 0.146, D_B: 0.376, G_B: 0.977, cycle_B: 0.161, gp: 0.372

[Rank 0] (epoch: 46, iters: 13760, time: 0.001, data: 0.001) , D_A: 0.454, G_A: 0.837, cycle_A: 0.155, D_B: 0.328, G_B: 0.942, cycle_B: 0.150, gp: 0.323

[Rank 0] (epoch: 46, iters: 15360, time: 0.001, data: 0.001) , D_A: 0.516, G_A: 0.970, cycle_A: 0.152, D_B: 0.421, G_B: 0.981, cycle_B: 0.152, gp: 0.417

--- iter tau=0.1140 ---
  cipher in : bdabkebedebeakblbkebajbhbkebdibeebhebilebkebmfbddjebhbdbiiebeleb
  decrypted :  il ce eie elc m ce la h ce ia ee he ame ce ag iiae h i aae eme 
  real plain: ll cicide ih deied ee ad d a lea c i em f all hma ale i i bed he
  cipher in : hblfllfdmalcbllblbckbedl bfediebdfblbkebaidlfebelaebedlbkdbdebhl
  decrypted : h mgmmgialma mm m ac eimd geiae ig m ce laimge emle eim ci ie hm
  real plain: ge he che e fm m mille id a lai gia ih fac lih hile he ice a ake
[Rank 0] (epoch: 46, iters: 16960, time: 0.004, data: 0.001) , D_A: 0.388, G_A: 0.963, cycle_A: 0.156, D_B: 0.233, G_B: 0.959, cycle_B: 0.154, gp: 0.230

saving the latest model (epoch 46, total_iters 1120000)
[Rank 0] (epoch: 46, iters: 18560, time: 0.001, data: 0.001) , D_A: 0.503, G_A: 0.906, cycle_A: 0.157, D_B: 0.236, G_B: 0.933, cycle_B: 0.148, gp: 0.226

[Rank 0] (epoch: 46, iters: 20160, time: 0.001, data: 0.001) , D_A: 0.551, G_A: 0.965, cycle_A: 0.144, D_B: 0.293, G_B: 1.011, cycle_B: 0.156, gp: 0.288

[Rank 0] (epoch: 46, iters: 21760, time: 0.001, data: 0.001) , D_A: 0.462, G_A: 0.943, cycle_A: 0.146, D_B: 0.269, G_B: 0.941, cycle_B: 0.166, gp: 0.264

[Rank 0] (epoch: 46, iters: 23360, time: 0.001, data: 0.001) , D_A: 0.365, G_A: 0.887, cycle_A: 0.165, D_B: 0.201, G_B: 0.935, cycle_B: 0.170, gp: 0.195

learning rate 0.0000909 -> 0.0000727
temperature tau = 0.1104
End of epoch 46 / 50 	 Time Taken: 24 sec
[Rank 0] (epoch: 47, iters: 448, time: 0.001, data: 0.001) , D_A: 0.451, G_A: 0.971, cycle_A: 0.153, D_B: 0.169, G_B: 0.993, cycle_B: 0.160, gp: 0.164

[Rank 0] (epoch: 47, iters: 2048, time: 0.001, data: 0.000) , D_A: 0.446, G_A: 0.907, cycle_A: 0.167, D_B: 0.160, G_B: 0.978, cycle_B: 0.158, gp: 0.157

[Rank 0] (epoch: 47, iters: 3648, time: 0.001, data: 0.001) , D_A: 0.518, G_A: 0.961, cycle_A: 0.141, D_B: 0.097, G_B: 0.988, cycle_B: 0.161, gp: 0.095

[Rank 0] (epoch: 47, iters: 5248, time: 0.001, data: 0.001) , D_A: 0.395, G_A: 0.928, cycle_A: 0.164, D_B: 0.166, G_B: 0.978, cycle_B: 0.158, gp: 0.161

[Rank 0] (epoch: 47, iters: 6848, time: 0.001, data: 0.001) , D_A: 0.519, G_A: 0.942, cycle_A: 0.150, D_B: 0.294, G_B: 0.986, cycle_B: 0.152, gp: 0.290

[Rank 0] (epoch: 47, iters: 8448, time: 0.001, data: 0.001) , D_A: 0.424, G_A: 0.995, cycle_A: 0.158, D_B: 0.415, G_B: 0.957, cycle_B: 0.156, gp: 0.412

[Rank 0] (epoch: 47, iters: 10048, time: 0.001, data: 0.001) , D_A: 0.438, G_A: 0.967, cycle_A: 0.146, D_B: 0.394, G_B: 0.923, cycle_B: 0.156, gp: 0.386

[Rank 0] (epoch: 47, iters: 11648, time: 0.001, data: 0.001) , D_A: 0.439, G_A: 0.931, cycle_A: 0.141, D_B: 0.311, G_B: 0.876, cycle_B: 0.163, gp: 0.307

[Rank 0] (epoch: 47, iters: 13248, time: 0.001, data: 0.001) , D_A: 0.526, G_A: 0.964, cycle_A: 0.165, D_B: 0.184, G_B: 0.962, cycle_B: 0.163, gp: 0.180

[Rank 0] (epoch: 47, iters: 14848, time: 0.001, data: 0.001) , D_A: 0.503, G_A: 0.990, cycle_A: 0.146, D_B: 0.336, G_B: 0.953, cycle_B: 0.163, gp: 0.333

[Rank 0] (epoch: 47, iters: 16448, time: 0.001, data: 0.001) , D_A: 0.481, G_A: 0.925, cycle_A: 0.154, D_B: 0.345, G_B: 0.987, cycle_B: 0.174, gp: 0.340

[Rank 0] (epoch: 47, iters: 18048, time: 0.001, data: 0.001) , D_A: 0.466, G_A: 1.039, cycle_A: 0.158, D_B: 0.386, G_B: 0.943, cycle_B: 0.165, gp: 0.382

[Rank 0] (epoch: 47, iters: 19648, time: 0.001, data: 0.001) , D_A: 0.573, G_A: 0.985, cycle_A: 0.154, D_B: 0.413, G_B: 0.930, cycle_B: 0.166, gp: 0.404

[Rank 0] (epoch: 47, iters: 21248, time: 0.001, data: 0.001) , D_A: 0.517, G_A: 0.962, cycle_A: 0.154, D_B: 0.429, G_B: 0.975, cycle_B: 0.160, gp: 0.425

[Rank 0] (epoch: 47, iters: 22848, time: 0.001, data: 0.001) , D_A: 0.363, G_A: 0.904, cycle_A: 0.158, D_B: 0.408, G_B: 0.964, cycle_B: 0.162, gp: 0.403

[Rank 0] (epoch: 47, iters: 24448, time: 0.001, data: 0.001) , D_A: 0.310, G_A: 0.727, cycle_A: 0.150, D_B: 0.281, G_B: 0.914, cycle_B: 0.158, gp: 0.274

learning rate 0.0000727 -> 0.0000545
temperature tau = 0.1068
End of epoch 47 / 50 	 Time Taken: 20 sec
[Rank 0] (epoch: 48, iters: 1536, time: 0.001, data: 0.001) , D_A: 0.281, G_A: 0.882, cycle_A: 0.152, D_B: 0.326, G_B: 0.953, cycle_B: 0.157, gp: 0.323

[Rank 0] (epoch: 48, iters: 3136, time: 0.001, data: 0.001) , D_A: 0.686, G_A: 0.902, cycle_A: 0.158, D_B: 0.317, G_B: 0.940, cycle_B: 0.158, gp: 0.313

[Rank 0] (epoch: 48, iters: 4736, time: 0.001, data: 0.001) , D_A: 0.516, G_A: 0.967, cycle_A: 0.164, D_B: 0.196, G_B: 0.946, cycle_B: 0.160, gp: 0.192

[Rank 0] (epoch: 48, iters: 6336, time: 0.001, data: 0.001) , D_A: 0.520, G_A: 0.939, cycle_A: 0.146, D_B: 0.278, G_B: 0.987, cycle_B: 0.165, gp: 0.273

--- iter tau=0.1068 ---
  cipher in : lehel blkbefalbhbkebheidmebibcbefal bkebicebhbe  bmdlfbdfbeeldmm
  decrypted : mehemd mc eglm h ce heaiae a a eglmd ce aae h edd aimg ig eemiaa
  real plain:  f he mlile eca cide a abia lie l meeig i i af ad af if a i he m
  cipher in : dbdakbhbmedkebebedflefbiekl bdblbcdfbdll bhb e eblefbkdiieb e eb
  decrypted : i ilc h aeice e eigmeg aecmd i m aig immd h dede meg ciaae dede 
  real plain: b i hig le da da hi g ife he gil h a bh daghe ad ife him da a li
[Rank 0] (epoch: 48, iters: 7936, time: 0.001, data: 0.001) , D_A: 0.416, G_A: 0.940, cycle_A: 0.144, D_B: 0.322, G_B: 0.967, cycle_B: 0.160, gp: 0.317

saving the latest model (epoch 48, total_iters 1160000)
[Rank 0] (epoch: 48, iters: 9536, time: 0.001, data: 0.001) , D_A: 0.539, G_A: 0.932, cycle_A: 0.142, D_B: 0.416, G_B: 0.955, cycle_B: 0.155, gp: 0.412

[Rank 0] (epoch: 48, iters: 11136, time: 0.001, data: 0.001) , D_A: 0.494, G_A: 0.919, cycle_A: 0.141, D_B: 0.355, G_B: 0.954, cycle_B: 0.153, gp: 0.350

[Rank 0] (epoch: 48, iters: 12736, time: 0.001, data: 0.001) , D_A: 0.456, G_A: 0.935, cycle_A: 0.148, D_B: 0.276, G_B: 0.951, cycle_B: 0.157, gp: 0.272

[Rank 0] (epoch: 48, iters: 14336, time: 0.001, data: 0.001) , D_A: 0.478, G_A: 0.933, cycle_A: 0.149, D_B: 0.385, G_B: 0.936, cycle_B: 0.164, gp: 0.379

[Rank 0] (epoch: 48, iters: 15936, time: 0.001, data: 0.001) , D_A: 0.590, G_A: 0.951, cycle_A: 0.160, D_B: 0.390, G_B: 0.948, cycle_B: 0.151, gp: 0.384

[Rank 0] (epoch: 48, iters: 17536, time: 0.001, data: 0.001) , D_A: 0.486, G_A: 0.937, cycle_A: 0.155, D_B: 0.339, G_B: 0.982, cycle_B: 0.153, gp: 0.336

[Rank 0] (epoch: 48, iters: 19136, time: 0.001, data: 0.001) , D_A: 0.557, G_A: 0.939, cycle_A: 0.164, D_B: 0.422, G_B: 0.936, cycle_B: 0.166, gp: 0.418

[Rank 0] (epoch: 48, iters: 20736, time: 0.001, data: 0.001) , D_A: 0.507, G_A: 0.948, cycle_A: 0.156, D_B: 0.285, G_B: 0.987, cycle_B: 0.156, gp: 0.283

[Rank 0] (epoch: 48, iters: 22336, time: 0.001, data: 0.001) , D_A: 0.434, G_A: 0.892, cycle_A: 0.166, D_B: 0.446, G_B: 0.956, cycle_B: 0.152, gp: 0.440

[Rank 0] (epoch: 48, iters: 23936, time: 0.001, data: 0.001) , D_A: 0.409, G_A: 0.897, cycle_A: 0.152, D_B: 0.237, G_B: 0.957, cycle_B: 0.160, gp: 0.232

learning rate 0.0000545 -> 0.0000364
temperature tau = 0.1033
End of epoch 48 / 50 	 Time Taken: 20 sec
[Rank 0] (epoch: 49, iters: 1024, time: 0.001, data: 0.001) , D_A: 0.534, G_A: 0.957, cycle_A: 0.151, D_B: 0.399, G_B: 0.994, cycle_B: 0.162, gp: 0.396

[Rank 0] (epoch: 49, iters: 2624, time: 0.001, data: 0.000) , D_A: 0.408, G_A: 0.901, cycle_A: 0.161, D_B: 0.385, G_B: 0.952, cycle_B: 0.151, gp: 0.381

[Rank 0] (epoch: 49, iters: 4224, time: 0.001, data: 0.001) , D_A: 0.480, G_A: 0.929, cycle_A: 0.158, D_B: 0.346, G_B: 0.975, cycle_B: 0.162, gp: 0.342

[Rank 0] (epoch: 49, iters: 5824, time: 0.001, data: 0.001) , D_A: 0.474, G_A: 0.939, cycle_A: 0.150, D_B: 0.412, G_B: 0.912, cycle_B: 0.158, gp: 0.408

[Rank 0] (epoch: 49, iters: 7424, time: 0.001, data: 0.001) , D_A: 0.455, G_A: 0.949, cycle_A: 0.140, D_B: 0.391, G_B: 0.970, cycle_B: 0.168, gp: 0.387

[Rank 0] (epoch: 49, iters: 9024, time: 0.001, data: 0.001) , D_A: 0.586, G_A: 0.965, cycle_A: 0.154, D_B: 0.375, G_B: 0.946, cycle_B: 0.166, gp: 0.369

[Rank 0] (epoch: 49, iters: 10624, time: 0.001, data: 0.001) , D_A: 0.555, G_A: 0.874, cycle_A: 0.159, D_B: 0.479, G_B: 0.979, cycle_B: 0.154, gp: 0.475

[Rank 0] (epoch: 49, iters: 12224, time: 0.001, data: 0.001) , D_A: 0.476, G_A: 0.929, cycle_A: 0.147, D_B: 0.412, G_B: 0.963, cycle_B: 0.162, gp: 0.405

[Rank 0] (epoch: 49, iters: 13824, time: 0.001, data: 0.001) , D_A: 0.512, G_A: 0.921, cycle_A: 0.146, D_B: 0.357, G_B: 0.957, cycle_B: 0.150, gp: 0.352

[Rank 0] (epoch: 49, iters: 15424, time: 0.001, data: 0.001) , D_A: 0.527, G_A: 0.970, cycle_A: 0.153, D_B: 0.407, G_B: 0.934, cycle_B: 0.151, gp: 0.404

[Rank 0] (epoch: 49, iters: 17024, time: 0.001, data: 0.001) , D_A: 0.369, G_A: 0.893, cycle_A: 0.149, D_B: 0.367, G_B: 0.917, cycle_B: 0.153, gp: 0.362

[Rank 0] (epoch: 49, iters: 18624, time: 0.001, data: 0.001) , D_A: 0.476, G_A: 0.964, cycle_A: 0.146, D_B: 0.357, G_B: 0.974, cycle_B: 0.148, gp: 0.353

[Rank 0] (epoch: 49, iters: 20224, time: 0.001, data: 0.001) , D_A: 0.483, G_A: 0.931, cycle_A: 0.153, D_B: 0.289, G_B: 0.956, cycle_B: 0.156, gp: 0.285

[Rank 0] (epoch: 49, iters: 21824, time: 0.001, data: 0.001) , D_A: 0.436, G_A: 0.934, cycle_A: 0.139, D_B: 0.459, G_B: 0.947, cycle_B: 0.166, gp: 0.453

--- iter tau=0.1033 ---
  cipher in : ebebadbeeblbdbkilmldl bkdbdbedbkiebaddmmbhefblbakeilbidblfaebmdb
  decrypted : e e li ee m i camamimd ci i ei cae liiaa heg m lceam ai mgle ai 
  real plain:  i e ec f ameica agicle he ciig hea f iflai gehe ih he eiig edec
  cipher in : lbidldlbkebhmelclmlbhbdml iebkdbkebeibelefbdfbdlfbdkl bddakl bdb
  decrypted : m aimim ce haemamam h iamdae ci ce ea emeg ig img icmd iilcmd i 
  real plain: d ealiic ice he ebdeed leade ea he limi f elfcl e ae leaig h d h
[Rank 0] (epoch: 49, iters: 23424, time: 0.001, data: 0.001) , D_A: 0.494, G_A: 0.900, cycle_A: 0.145, D_B: 0.404, G_B: 0.946, cycle_B: 0.170, gp: 0.400

saving the latest model (epoch 49, total_iters 1200000)
learning rate 0.0000364 -> 0.0000182
temperature tau = 0.1000
End of epoch 49 / 50 	 Time Taken: 20 sec
[Rank 0] (epoch: 50, iters: 512, time: 0.001, data: 0.002) , D_A: 0.466, G_A: 0.912, cycle_A: 0.165, D_B: 0.295, G_B: 0.949, cycle_B: 0.160, gp: 0.290

[Rank 0] (epoch: 50, iters: 2112, time: 0.001, data: 0.001) , D_A: 0.517, G_A: 0.912, cycle_A: 0.159, D_B: 0.336, G_B: 0.978, cycle_B: 0.149, gp: 0.333

[Rank 0] (epoch: 50, iters: 3712, time: 0.001, data: 0.001) , D_A: 0.548, G_A: 0.909, cycle_A: 0.152, D_B: 0.302, G_B: 0.962, cycle_B: 0.161, gp: 0.298

[Rank 0] (epoch: 50, iters: 5312, time: 0.001, data: 0.001) , D_A: 0.524, G_A: 0.910, cycle_A: 0.158, D_B: 0.242, G_B: 0.947, cycle_B: 0.158, gp: 0.238

[Rank 0] (epoch: 50, iters: 6912, time: 0.001, data: 0.002) , D_A: 0.428, G_A: 0.930, cycle_A: 0.146, D_B: 0.406, G_B: 0.974, cycle_B: 0.153, gp: 0.400

[Rank 0] (epoch: 50, iters: 8512, time: 0.001, data: 0.001) , D_A: 0.495, G_A: 0.923, cycle_A: 0.170, D_B: 0.358, G_B: 0.963, cycle_B: 0.156, gp: 0.355

[Rank 0] (epoch: 50, iters: 10112, time: 0.001, data: 0.001) , D_A: 0.479, G_A: 0.953, cycle_A: 0.150, D_B: 0.348, G_B: 0.965, cycle_B: 0.156, gp: 0.342

[Rank 0] (epoch: 50, iters: 11712, time: 0.001, data: 0.001) , D_A: 0.498, G_A: 0.935, cycle_A: 0.158, D_B: 0.348, G_B: 0.967, cycle_B: 0.163, gp: 0.346

[Rank 0] (epoch: 50, iters: 13312, time: 0.001, data: 0.001) , D_A: 0.486, G_A: 0.943, cycle_A: 0.154, D_B: 0.235, G_B: 0.943, cycle_B: 0.163, gp: 0.231

[Rank 0] (epoch: 50, iters: 14912, time: 0.001, data: 0.001) , D_A: 0.419, G_A: 0.950, cycle_A: 0.151, D_B: 0.247, G_B: 0.962, cycle_B: 0.152, gp: 0.243

[Rank 0] (epoch: 50, iters: 16512, time: 0.001, data: 0.001) , D_A: 0.541, G_A: 0.938, cycle_A: 0.140, D_B: 0.285, G_B: 0.970, cycle_B: 0.174, gp: 0.282

[Rank 0] (epoch: 50, iters: 18112, time: 0.001, data: 0.001) , D_A: 0.523, G_A: 0.918, cycle_A: 0.165, D_B: 0.252, G_B: 0.925, cycle_B: 0.165, gp: 0.248

[Rank 0] (epoch: 50, iters: 19712, time: 0.001, data: 0.001) , D_A: 0.572, G_A: 0.928, cycle_A: 0.176, D_B: 0.365, G_B: 0.937, cycle_B: 0.166, gp: 0.359

[Rank 0] (epoch: 50, iters: 21312, time: 0.001, data: 0.001) , D_A: 0.540, G_A: 0.940, cycle_A: 0.162, D_B: 0.333, G_B: 0.966, cycle_B: 0.160, gp: 0.331

[Rank 0] (epoch: 50, iters: 22912, time: 0.001, data: 0.001) , D_A: 0.547, G_A: 0.923, cycle_A: 0.147, D_B: 0.304, G_B: 0.970, cycle_B: 0.162, gp: 0.300

[Rank 0] (epoch: 50, iters: 24512, time: 0.001, data: 0.001) , D_A: 0.486, G_A: 0.915, cycle_A: 0.151, D_B: 0.335, G_B: 0.949, cycle_B: 0.154, gp: 0.331

learning rate 0.0000182 -> 0.0000000
temperature tau = 0.1000
saving the model at the end of epoch 50, iters 1225600
End of epoch 50 / 50 	 Time Taken: 24 sec
----------------- Options ---------------
             aspect_ratio: 1.0                           
               batch_size: 64                            
          checkpoints_dir: ./checkpoints                 
                crop_size: 256                           
                 dataroot: .                             	[default: None]
             dataset_mode: cipher                        
                direction: AtoB                          
               display_id: 0                             
          display_winsize: 256                           
                embed_dim: 256                           	[default: 64]
                    epoch: latest                        
                     eval: False                         
                 gan_mode: lsgan                         
                   gumbel: False                         
                init_gain: 0.02                          
                init_type: normal                        
                 input_nc: 3                             
                  isTrain: False                         	[default: None]
                     kw_D: 15                            	[default: 4]
                 lambda_A: 10.0                          
                 lambda_B: 10.0                          
                lambda_gp: 10.0                          
          lambda_identity: 0.0                           
                load_iter: 0                             	[default: 0]
                load_size: 256                           
                       lr: 0.0002                        
         matched_softness: True                          	[default: False]
         max_dataset_size: inf                           
                    model: cipher_cycle_gan              	[default: test]
               n_blocks_G: 5                             	[default: 4]
                 n_critic: 1                             
               n_layers_D: 5                             	[default: 3]
                     name: a14_s2_gp1                    	[default: experiment_name]
                      ndf: 32                            	[default: 128]
                     netD: seq                           
                     netG: seq                           
                      ngf: 128                           
               no_dropout: True                          
                  no_flip: True                          
                     norm: layer                         	[default: instance]
                 npz_path: data/a14/dataset.npz          	[default: None]
                 num_test: 50                            
              num_threads: 4                             
                output_nc: 3                             
                pair_seed: 0                             
                    phase: test                          
              pointwise_G: True                          	[default: False]
               preprocess: none                          
         real_logit_scale: 5.0                           
              results_dir: ./results/                    
           serial_batches: False                         
         straight_through: True                          	[default: False]
                   suffix:                               
                  tau_end: 0.1                           
                tau_start: 1.0                           
                   use_gp: False                         
                use_wandb: False                         
                  verbose: False                         
               vocab_size: -1                            
       wandb_project_name: CycleGAN-and-pix2pix          
----------------- End -------------------
[cipher] eval: A(cipher)=(5443, 64) B(plain)=(5443, 64) vocab=15 cipher=substitution paired=True
dataset [CipherDataset] was created
Initialized with device cuda:0
initialize network with normal
Initialized with device cuda:0
initialize network with normal
model [CipherCycleGANModel] was created
Initialized with device cuda:0
initialize network with normal
loading the model from checkpoints/a14_s2_gp1/latest_net_G_A.pth
Initialized with device cuda:0
initialize network with normal
loading the model from checkpoints/a14_s2_gp1/latest_net_G_B.pth
---------- Networks initialized -------------
[Network G_A] Total number of parameters : 0.207 M
[Network G_B] Total number of parameters : 0.207 M
-----------------------------------------------

==============================================================
cipher              substitution (key=perm-seed0)
samples             5443 x 64
character accuracy  0.4399   (chance ~0.0714)
character error     0.5601
key recovery        0.1429   (coverage 1.000)
==============================================================
cipher in : aedlbeeiebjlfbhbejblmmbcebflaefbhblmmdlebebejblmmdl biebealdmbeb
decrypted : leim eeae amg h ea maa ae gmleg h maaime e ea maaimd ae elmia e 
truth     : ceai eeme kid f ek ill be diced f illaie e ek illaig me ecial e 

wrote ./checkpoints/a14_s2_gp1/eval_metrics.json
wrote ./checkpoints/a14_s2_gp1/curves_a14_s2_gp1.png

loss             first      last       min       max
D_A              0.714     0.486     0.127     1.227
G_A              0.255     0.915     0.031     1.576
cycle_A          0.964     0.151     0.132     1.769
D_B              0.783     0.335     0.082     0.876
G_B              0.278     0.949     0.073     1.740
cycle_B          1.069     0.154     0.147     1.848
gp               0.454     0.331     0.077     0.475

D_A over the final window: 0.498
  -> neither collapsed nor at equilibrium; inspect the shape.
