=== task 0 : dataset=identity seed=0 ===
NVIDIA A100-SXM4-80GB
----------------- Options ---------------
               batch_size: 64                            
                    beta1: 0.0                           	[default: 0.5]
          checkpoints_dir: ./checkpoints                 
           continue_train: False                         
                crop_size: 256                           
               cycle_loss: ce                            
                 dataroot: .                             	[default: None]
             dataset_mode: cipher                        
                direction: AtoB                          
             display_freq: 20000                         	[default: 400]
               display_id: 0                             
          display_winsize: 256                           
                embed_dim: 256                           	[default: 64]
                    epoch: latest                        
              epoch_count: 1                             
                 gan_mode: lsgan                         
                   gumbel: False                         
                init_gain: 0.02                          
                init_type: normal                        
                 input_nc: 3                             
                  isTrain: True                          	[default: None]
                     kw_D: 15                            	[default: 4]
                 lambda_A: 1.0                           	[default: 10.0]
                 lambda_B: 1.0                           	[default: 10.0]
                lambda_gp: 1.0                           	[default: 10.0]
          lambda_identity: 0.0                           
                load_iter: 0                             	[default: 0]
                load_size: 286                           
                       lr: 0.0002                        
           lr_decay_iters: 50                            
                lr_policy: linear                        
         matched_softness: True                          	[default: False]
         max_dataset_size: inf                           
                    model: cipher_cycle_gan              	[default: cycle_gan]
               n_blocks_G: 5                             	[default: 4]
                 n_critic: 1                             
                 n_epochs: 40                            	[default: 100]
           n_epochs_decay: 10                            	[default: 100]
               n_layers_D: 5                             	[default: 3]
                     name: identity_s0_gp1               	[default: experiment_name]
                      ndf: 32                            	[default: 128]
                     netD: seq                           
                     netG: seq                           
                      ngf: 128                           
               no_dropout: True                          
                  no_flip: True                          
                  no_html: False                         
                     norm: layer                         	[default: instance]
                 npz_path: data/identity/dataset.npz     	[default: None]
              num_threads: 8                             	[default: 4]
                output_nc: 3                             
                pair_seed: 0                             
                    phase: train                         
              pointwise_G: True                          	[default: False]
                pool_size: 50                            
               preprocess: none                          
               print_freq: 100                           
         real_logit_scale: 5.0                           
             save_by_iter: False                         
          save_epoch_freq: 50                            	[default: 5]
         save_latest_freq: 5000                          
           serial_batches: False                         
         straight_through: True                          	[default: False]
                   suffix:                               
                  tau_end: 0.1                           
                tau_start: 0.5                           	[default: 1.0]
         update_html_freq: 1000                          
                   use_gp: True                          	[default: False]
                use_wandb: False                         
                  verbose: False                         
               vocab_size: -1                            
       wandb_project_name: CycleGAN-and-pix2pix          
----------------- End -------------------
Initialized with device cuda:0
[cipher] train: A(cipher)=(40436, 64) B(plain)=(40436, 64) vocab=28 cipher=identity paired=False
dataset [CipherDataset] was created
The number of training images = 40436
Initialized with device cuda:0
initialize network with normal
Initialized with device cuda:0
initialize network with normal
Initialized with device cuda:0
initialize network with normal
Initialized with device cuda:0
initialize network with normal
model [CipherCycleGANModel] was created
Initialized with device cuda:0
initialize network with normal
Initialized with device cuda:0
initialize network with normal
Initialized with device cuda:0
initialize network with normal
Initialized with device cuda:0
initialize network with normal
---------- Networks initialized -------------
[Network G_A] Total number of parameters : 0.212 M
[Network G_B] Total number of parameters : 0.212 M
[Network D_A] Total number of parameters : 0.477 M
[Network D_B] Total number of parameters : 0.477 M
-----------------------------------------------
create web directory checkpoints/identity_s0_gp1/web...
[Rank 0] (epoch: 1, iters: 1600, time: 0.001, data: 0.081) , D_A: 0.861, G_A: 0.366, cycle_A: 2.664, D_B: 0.670, G_B: 0.331, cycle_B: 2.170, gp: 0.342

[Rank 0] (epoch: 1, iters: 3200, time: 0.001, data: 0.001) , D_A: 0.782, G_A: 0.956, cycle_A: 1.739, D_B: 0.641, G_B: 0.767, cycle_B: 1.160, gp: 0.395

[Rank 0] (epoch: 1, iters: 4800, time: 0.001, data: 0.001) , D_A: 0.672, G_A: 0.071, cycle_A: 1.134, D_B: 0.547, G_B: 0.749, cycle_B: 0.745, gp: 0.313

[Rank 0] (epoch: 1, iters: 6400, time: 0.001, data: 0.001) , D_A: 0.489, G_A: 0.798, cycle_A: 0.872, D_B: 0.648, G_B: 0.381, cycle_B: 0.670, gp: 0.390

[Rank 0] (epoch: 1, iters: 8000, time: 0.001, data: 0.001) , D_A: 0.362, G_A: 0.673, cycle_A: 0.639, D_B: 0.474, G_B: 0.966, cycle_B: 0.591, gp: 0.353

[Rank 0] (epoch: 1, iters: 9600, time: 0.001, data: 0.001) , D_A: 0.341, G_A: 0.702, cycle_A: 0.697, D_B: 0.586, G_B: 0.391, cycle_B: 0.511, gp: 0.450

[Rank 0] (epoch: 1, iters: 11200, time: 0.001, data: 0.001) , D_A: 0.442, G_A: 0.426, cycle_A: 0.601, D_B: 0.504, G_B: 1.047, cycle_B: 0.412, gp: 0.312

[Rank 0] (epoch: 1, iters: 12800, time: 0.001, data: 0.001) , D_A: 0.406, G_A: 0.933, cycle_A: 0.606, D_B: 0.497, G_B: 0.578, cycle_B: 0.555, gp: 0.384

[Rank 0] (epoch: 1, iters: 14400, time: 0.001, data: 0.001) , D_A: 0.533, G_A: 0.346, cycle_A: 0.552, D_B: 0.453, G_B: 1.275, cycle_B: 0.430, gp: 0.327

[Rank 0] (epoch: 1, iters: 16000, time: 0.001, data: 0.001) , D_A: 0.379, G_A: 1.108, cycle_A: 0.496, D_B: 0.383, G_B: 0.954, cycle_B: 0.436, gp: 0.333

[Rank 0] (epoch: 1, iters: 17600, time: 0.001, data: 0.001) , D_A: 0.351, G_A: 0.613, cycle_A: 0.460, D_B: 0.395, G_B: 0.902, cycle_B: 0.446, gp: 0.340

[Rank 0] (epoch: 1, iters: 19200, time: 0.001, data: 0.001) , D_A: 0.461, G_A: 0.994, cycle_A: 0.324, D_B: 0.403, G_B: 0.772, cycle_B: 0.363, gp: 0.349

[Rank 0] (epoch: 1, iters: 20800, time: 0.001, data: 0.001) , D_A: 0.348, G_A: 1.041, cycle_A: 0.308, D_B: 0.364, G_B: 0.942, cycle_B: 0.369, gp: 0.333

[Rank 0] (epoch: 1, iters: 22400, time: 0.001, data: 0.001) , D_A: 0.444, G_A: 0.562, cycle_A: 0.257, D_B: 0.260, G_B: 1.022, cycle_B: 0.349, gp: 0.232

[Rank 0] (epoch: 1, iters: 24000, time: 0.001, data: 0.001) , D_A: 0.430, G_A: 0.942, cycle_A: 0.288, D_B: 0.233, G_B: 0.868, cycle_B: 0.356, gp: 0.197

[Rank 0] (epoch: 1, iters: 25600, time: 0.001, data: 0.001) , D_A: 0.300, G_A: 0.679, cycle_A: 0.329, D_B: 0.317, G_B: 1.345, cycle_B: 0.351, gp: 0.263

[Rank 0] (epoch: 1, iters: 27200, time: 0.001, data: 0.001) , D_A: 0.257, G_A: 1.057, cycle_A: 0.330, D_B: 0.284, G_B: 1.245, cycle_B: 0.355, gp: 0.254

[Rank 0] (epoch: 1, iters: 28800, time: 0.001, data: 0.001) , D_A: 0.275, G_A: 0.828, cycle_A: 0.343, D_B: 0.222, G_B: 1.231, cycle_B: 0.375, gp: 0.189

[Rank 0] (epoch: 1, iters: 30400, time: 0.001, data: 0.001) , D_A: 0.297, G_A: 0.962, cycle_A: 0.357, D_B: 0.292, G_B: 0.926, cycle_B: 0.366, gp: 0.259

[Rank 0] (epoch: 1, iters: 32000, time: 0.001, data: 0.001) , D_A: 0.366, G_A: 1.166, cycle_A: 0.312, D_B: 0.348, G_B: 0.735, cycle_B: 0.359, gp: 0.304

[Rank 0] (epoch: 1, iters: 33600, time: 0.001, data: 0.001) , D_A: 0.318, G_A: 0.847, cycle_A: 0.312, D_B: 0.297, G_B: 1.220, cycle_B: 0.437, gp: 0.260

[Rank 0] (epoch: 1, iters: 35200, time: 0.001, data: 0.001) , D_A: 0.280, G_A: 1.080, cycle_A: 0.248, D_B: 0.277, G_B: 0.932, cycle_B: 0.349, gp: 0.256

[Rank 0] (epoch: 1, iters: 36800, time: 0.001, data: 0.001) , D_A: 0.265, G_A: 1.098, cycle_A: 0.231, D_B: 0.305, G_B: 1.149, cycle_B: 0.339, gp: 0.286

[Rank 0] (epoch: 1, iters: 38400, time: 0.001, data: 0.001) , D_A: 0.321, G_A: 0.925, cycle_A: 0.444, D_B: 0.341, G_B: 0.834, cycle_B: 0.360, gp: 0.305

--- iter tau=0.5000 ---
  cipher in : may lie as between the parties failure to recognize these change
  decrypted : fowen seouens xsspe tserot  suego ndtse aetsrayp nse tsusertopys
  real plain: o that it should originate in londons royal albert hall where tr
  cipher in :  the moon can be properly interpreted the observations of mayer 
  decrypted : e tsefaaperopensertarstnwe p strts she tseanustio  apueagefowste
  real plain: itizens of equal protection of the law the group upon the issuan
[Rank 0] (epoch: 1, iters: 40000, time: 0.001, data: 0.001) , D_A: 0.439, G_A: 0.604, cycle_A: 0.327, D_B: 0.234, G_B: 0.809, cycle_B: 0.345, gp: 0.214

saving the latest model (epoch 1, total_iters 40000)
learning rate 0.0002000 -> 0.0002000
temperature tau = 0.4838
End of epoch 1 / 50 	 Time Taken: 33 sec
[Rank 0] (epoch: 2, iters: 1152, time: 0.001, data: 0.001) , D_A: 0.294, G_A: 0.751, cycle_A: 0.314, D_B: 0.378, G_B: 0.960, cycle_B: 0.337, gp: 0.363

[Rank 0] (epoch: 2, iters: 2752, time: 0.001, data: 0.001) , D_A: 0.262, G_A: 0.848, cycle_A: 0.335, D_B: 0.338, G_B: 1.387, cycle_B: 0.390, gp: 0.278

[Rank 0] (epoch: 2, iters: 4352, time: 0.001, data: 0.001) , D_A: 0.335, G_A: 1.171, cycle_A: 0.298, D_B: 0.361, G_B: 0.880, cycle_B: 0.374, gp: 0.337

[Rank 0] (epoch: 2, iters: 5952, time: 0.001, data: 0.001) , D_A: 0.252, G_A: 0.906, cycle_A: 0.234, D_B: 0.249, G_B: 1.264, cycle_B: 0.353, gp: 0.222

[Rank 0] (epoch: 2, iters: 7552, time: 0.001, data: 0.001) , D_A: 0.240, G_A: 0.912, cycle_A: 0.231, D_B: 0.242, G_B: 0.988, cycle_B: 0.331, gp: 0.227

[Rank 0] (epoch: 2, iters: 9152, time: 0.001, data: 0.001) , D_A: 0.325, G_A: 0.971, cycle_A: 0.222, D_B: 0.320, G_B: 0.813, cycle_B: 0.342, gp: 0.304

[Rank 0] (epoch: 2, iters: 10752, time: 0.001, data: 0.001) , D_A: 0.236, G_A: 0.998, cycle_A: 0.230, D_B: 0.286, G_B: 0.566, cycle_B: 0.334, gp: 0.204

[Rank 0] (epoch: 2, iters: 12352, time: 0.001, data: 0.001) , D_A: 0.304, G_A: 0.882, cycle_A: 0.233, D_B: 0.325, G_B: 1.022, cycle_B: 0.339, gp: 0.312

[Rank 0] (epoch: 2, iters: 13952, time: 0.001, data: 0.001) , D_A: 0.261, G_A: 1.066, cycle_A: 0.252, D_B: 0.277, G_B: 0.887, cycle_B: 0.329, gp: 0.262

[Rank 0] (epoch: 2, iters: 15552, time: 0.001, data: 0.001) , D_A: 0.223, G_A: 0.847, cycle_A: 0.225, D_B: 0.318, G_B: 0.924, cycle_B: 0.350, gp: 0.304

[Rank 0] (epoch: 2, iters: 17152, time: 0.001, data: 0.001) , D_A: 0.325, G_A: 1.226, cycle_A: 0.285, D_B: 0.294, G_B: 1.107, cycle_B: 0.353, gp: 0.273

[Rank 0] (epoch: 2, iters: 18752, time: 0.001, data: 0.001) , D_A: 0.297, G_A: 1.067, cycle_A: 0.294, D_B: 0.298, G_B: 0.881, cycle_B: 0.345, gp: 0.282

[Rank 0] (epoch: 2, iters: 20352, time: 0.001, data: 0.001) , D_A: 0.365, G_A: 0.975, cycle_A: 0.277, D_B: 0.225, G_B: 0.807, cycle_B: 0.379, gp: 0.197

[Rank 0] (epoch: 2, iters: 21952, time: 0.001, data: 0.001) , D_A: 0.316, G_A: 0.981, cycle_A: 0.294, D_B: 0.238, G_B: 1.237, cycle_B: 0.337, gp: 0.207

[Rank 0] (epoch: 2, iters: 23552, time: 0.001, data: 0.001) , D_A: 0.221, G_A: 1.002, cycle_A: 0.270, D_B: 0.232, G_B: 0.965, cycle_B: 0.362, gp: 0.217

[Rank 0] (epoch: 2, iters: 25152, time: 0.001, data: 0.001) , D_A: 0.246, G_A: 0.994, cycle_A: 0.225, D_B: 0.282, G_B: 0.973, cycle_B: 0.319, gp: 0.269

[Rank 0] (epoch: 2, iters: 26752, time: 0.001, data: 0.001) , D_A: 0.304, G_A: 0.840, cycle_A: 0.347, D_B: 0.337, G_B: 0.876, cycle_B: 0.343, gp: 0.296

[Rank 0] (epoch: 2, iters: 28352, time: 0.001, data: 0.001) , D_A: 0.253, G_A: 1.054, cycle_A: 0.306, D_B: 0.230, G_B: 1.027, cycle_B: 0.360, gp: 0.219

[Rank 0] (epoch: 2, iters: 29952, time: 0.001, data: 0.001) , D_A: 0.309, G_A: 0.997, cycle_A: 0.300, D_B: 0.258, G_B: 1.269, cycle_B: 0.352, gp: 0.229

[Rank 0] (epoch: 2, iters: 31552, time: 0.001, data: 0.001) , D_A: 0.188, G_A: 1.000, cycle_A: 0.310, D_B: 0.242, G_B: 1.098, cycle_B: 0.367, gp: 0.231

[Rank 0] (epoch: 2, iters: 33152, time: 0.001, data: 0.001) , D_A: 0.254, G_A: 1.025, cycle_A: 0.255, D_B: 0.295, G_B: 1.201, cycle_B: 0.334, gp: 0.281

[Rank 0] (epoch: 2, iters: 34752, time: 0.001, data: 0.001) , D_A: 0.218, G_A: 1.177, cycle_A: 0.264, D_B: 0.348, G_B: 0.846, cycle_B: 0.312, gp: 0.336

[Rank 0] (epoch: 2, iters: 36352, time: 0.001, data: 0.001) , D_A: 0.224, G_A: 1.041, cycle_A: 0.220, D_B: 0.336, G_B: 0.843, cycle_B: 0.320, gp: 0.317

[Rank 0] (epoch: 2, iters: 37952, time: 0.001, data: 0.001) , D_A: 0.219, G_A: 1.016, cycle_A: 0.222, D_B: 0.208, G_B: 1.032, cycle_B: 0.331, gp: 0.194

--- iter tau=0.4838 ---
  cipher in : ristian view of creation for it teaches salvation from not salva
  decrypted : j u  olii mxiagirjmo  aligaji  i mortmuiuonio  aligjafila iuonio
  real plain: ibly upset she told a girlfriend i wrote bill in my last letter 
  cipher in :  and sausages to know what i mean go a step further and list all
  decrypted : iolhiuoduoymui ainlaxixto i ifmoliyaioiu mrigdj tmjiolhin u ionn
  real plain: i cannot imagine a single scene that isnt done in a far naughtie
[Rank 0] (epoch: 2, iters: 39552, time: 0.001, data: 0.001) , D_A: 0.253, G_A: 0.900, cycle_A: 0.211, D_B: 0.250, G_B: 0.887, cycle_B: 0.344, gp: 0.238

saving the latest model (epoch 2, total_iters 80000)
learning rate 0.0002000 -> 0.0002000
temperature tau = 0.4682
End of epoch 2 / 50 	 Time Taken: 35 sec
[Rank 0] (epoch: 3, iters: 704, time: 0.001, data: 0.001) , D_A: 0.279, G_A: 0.993, cycle_A: 0.234, D_B: 0.237, G_B: 0.881, cycle_B: 0.357, gp: 0.226

[Rank 0] (epoch: 3, iters: 2304, time: 0.001, data: 0.000) , D_A: 0.230, G_A: 1.064, cycle_A: 0.256, D_B: 0.260, G_B: 0.776, cycle_B: 0.364, gp: 0.241

[Rank 0] (epoch: 3, iters: 3904, time: 0.001, data: 0.001) , D_A: 0.194, G_A: 1.070, cycle_A: 0.222, D_B: 0.276, G_B: 0.912, cycle_B: 0.339, gp: 0.267

[Rank 0] (epoch: 3, iters: 5504, time: 0.001, data: 0.001) , D_A: 0.223, G_A: 0.973, cycle_A: 0.255, D_B: 0.245, G_B: 0.852, cycle_B: 0.326, gp: 0.230

[Rank 0] (epoch: 3, iters: 7104, time: 0.001, data: 0.001) , D_A: 0.252, G_A: 0.997, cycle_A: 0.234, D_B: 0.215, G_B: 0.926, cycle_B: 0.318, gp: 0.203

[Rank 0] (epoch: 3, iters: 8704, time: 0.001, data: 0.001) , D_A: 0.293, G_A: 0.989, cycle_A: 0.204, D_B: 0.309, G_B: 1.063, cycle_B: 0.312, gp: 0.300

[Rank 0] (epoch: 3, iters: 10304, time: 0.001, data: 0.001) , D_A: 0.311, G_A: 0.771, cycle_A: 0.260, D_B: 0.252, G_B: 1.050, cycle_B: 0.323, gp: 0.238

[Rank 0] (epoch: 3, iters: 11904, time: 0.001, data: 0.001) , D_A: 0.285, G_A: 1.010, cycle_A: 0.208, D_B: 0.176, G_B: 0.898, cycle_B: 0.321, gp: 0.164

[Rank 0] (epoch: 3, iters: 13504, time: 0.001, data: 0.001) , D_A: 0.261, G_A: 1.077, cycle_A: 0.215, D_B: 0.943, G_B: 0.453, cycle_B: 0.305, gp: 0.788

[Rank 0] (epoch: 3, iters: 15104, time: 0.001, data: 0.002) , D_A: 0.241, G_A: 0.984, cycle_A: 0.209, D_B: 0.241, G_B: 0.978, cycle_B: 0.327, gp: 0.230

[Rank 0] (epoch: 3, iters: 16704, time: 0.001, data: 0.001) , D_A: 0.232, G_A: 1.067, cycle_A: 0.242, D_B: 0.328, G_B: 0.999, cycle_B: 0.319, gp: 0.317

[Rank 0] (epoch: 3, iters: 18304, time: 0.001, data: 0.001) , D_A: 0.282, G_A: 0.849, cycle_A: 0.215, D_B: 0.243, G_B: 0.985, cycle_B: 0.326, gp: 0.235

[Rank 0] (epoch: 3, iters: 19904, time: 0.001, data: 0.001) , D_A: 0.193, G_A: 1.040, cycle_A: 0.258, D_B: 0.279, G_B: 0.990, cycle_B: 0.320, gp: 0.271

[Rank 0] (epoch: 3, iters: 21504, time: 0.001, data: 0.001) , D_A: 0.234, G_A: 0.961, cycle_A: 0.258, D_B: 0.201, G_B: 1.026, cycle_B: 0.316, gp: 0.194

[Rank 0] (epoch: 3, iters: 23104, time: 0.001, data: 0.001) , D_A: 0.219, G_A: 1.045, cycle_A: 0.216, D_B: 0.270, G_B: 1.129, cycle_B: 0.390, gp: 0.254

[Rank 0] (epoch: 3, iters: 24704, time: 0.001, data: 0.001) , D_A: 0.210, G_A: 0.950, cycle_A: 0.200, D_B: 0.212, G_B: 0.882, cycle_B: 0.324, gp: 0.199

[Rank 0] (epoch: 3, iters: 26304, time: 0.001, data: 0.001) , D_A: 0.267, G_A: 1.040, cycle_A: 0.209, D_B: 0.185, G_B: 0.897, cycle_B: 0.326, gp: 0.175

[Rank 0] (epoch: 3, iters: 27904, time: 0.001, data: 0.001) , D_A: 0.231, G_A: 1.023, cycle_A: 0.215, D_B: 0.276, G_B: 0.837, cycle_B: 0.271, gp: 0.257

[Rank 0] (epoch: 3, iters: 29504, time: 0.001, data: 0.001) , D_A: 0.178, G_A: 0.911, cycle_A: 0.205, D_B: 0.217, G_B: 0.848, cycle_B: 0.300, gp: 0.205

[Rank 0] (epoch: 3, iters: 31104, time: 0.001, data: 0.001) , D_A: 0.232, G_A: 1.005, cycle_A: 0.205, D_B: 0.336, G_B: 0.910, cycle_B: 0.318, gp: 0.327

[Rank 0] (epoch: 3, iters: 32704, time: 0.001, data: 0.001) , D_A: 0.247, G_A: 0.892, cycle_A: 0.194, D_B: 0.171, G_B: 0.951, cycle_B: 0.278, gp: 0.163

[Rank 0] (epoch: 3, iters: 34304, time: 0.001, data: 0.001) , D_A: 0.199, G_A: 0.970, cycle_A: 0.204, D_B: 0.233, G_B: 0.948, cycle_B: 0.263, gp: 0.225

[Rank 0] (epoch: 3, iters: 35904, time: 0.001, data: 0.001) , D_A: 0.228, G_A: 1.017, cycle_A: 0.193, D_B: 0.165, G_B: 0.936, cycle_B: 0.268, gp: 0.159

[Rank 0] (epoch: 3, iters: 37504, time: 0.001, data: 0.001) , D_A: 0.343, G_A: 1.039, cycle_A: 0.202, D_B: 0.256, G_B: 0.872, cycle_B: 0.323, gp: 0.250

--- iter tau=0.4682 ---
  cipher in : ough the armored vest fitted the upper part of his body snugly h
  decrypted : adyte tceojfajcheicu eg   che tcedrrcjeroj eaget uenahweuldynwet
  real plain: not happen the same can be said about the halfhearted cuban inva
  cipher in : rking positions all applicants were generally familiar with the 
  decrypted : jn lyerau   alueonneorrn rol uexcjceyclcjonnwegof n ojex  te tce
  real plain: t was issued was filed by leo blaber an attorney for the associa
[Rank 0] (epoch: 3, iters: 39104, time: 0.001, data: 0.001) , D_A: 0.264, G_A: 1.002, cycle_A: 0.231, D_B: 0.292, G_B: 0.850, cycle_B: 0.335, gp: 0.280

saving the latest model (epoch 3, total_iters 120000)
learning rate 0.0002000 -> 0.0002000
temperature tau = 0.4531
End of epoch 3 / 50 	 Time Taken: 34 sec
[Rank 0] (epoch: 4, iters: 256, time: 0.001, data: 0.001) , D_A: 0.308, G_A: 1.224, cycle_A: 0.253, D_B: 0.332, G_B: 0.822, cycle_B: 0.346, gp: 0.323

[Rank 0] (epoch: 4, iters: 1856, time: 0.001, data: 0.003) , D_A: 0.270, G_A: 1.009, cycle_A: 0.216, D_B: 0.218, G_B: 1.020, cycle_B: 0.342, gp: 0.210

[Rank 0] (epoch: 4, iters: 3456, time: 0.001, data: 0.001) , D_A: 0.257, G_A: 1.041, cycle_A: 0.200, D_B: 0.305, G_B: 0.950, cycle_B: 0.333, gp: 0.297

[Rank 0] (epoch: 4, iters: 5056, time: 0.001, data: 0.001) , D_A: 0.255, G_A: 1.287, cycle_A: 0.204, D_B: 0.196, G_B: 0.849, cycle_B: 0.322, gp: 0.189

[Rank 0] (epoch: 4, iters: 6656, time: 0.001, data: 0.001) , D_A: 0.324, G_A: 0.953, cycle_A: 0.236, D_B: 0.348, G_B: 0.980, cycle_B: 0.333, gp: 0.342

[Rank 0] (epoch: 4, iters: 8256, time: 0.001, data: 0.001) , D_A: 0.184, G_A: 1.009, cycle_A: 0.211, D_B: 0.321, G_B: 0.985, cycle_B: 0.306, gp: 0.316

[Rank 0] (epoch: 4, iters: 9856, time: 0.001, data: 0.001) , D_A: 0.454, G_A: 0.648, cycle_A: 0.227, D_B: 0.355, G_B: 1.125, cycle_B: 0.323, gp: 0.348

[Rank 0] (epoch: 4, iters: 11456, time: 0.001, data: 0.001) , D_A: 0.189, G_A: 0.998, cycle_A: 0.223, D_B: 0.219, G_B: 1.029, cycle_B: 0.317, gp: 0.211

[Rank 0] (epoch: 4, iters: 13056, time: 0.001, data: 0.001) , D_A: 0.156, G_A: 1.013, cycle_A: 0.203, D_B: 0.239, G_B: 0.909, cycle_B: 0.330, gp: 0.233

[Rank 0] (epoch: 4, iters: 14656, time: 0.001, data: 0.001) , D_A: 0.203, G_A: 0.907, cycle_A: 0.222, D_B: 0.303, G_B: 0.971, cycle_B: 0.339, gp: 0.296

[Rank 0] (epoch: 4, iters: 16256, time: 0.001, data: 0.001) , D_A: 0.236, G_A: 1.020, cycle_A: 0.206, D_B: 0.248, G_B: 1.080, cycle_B: 0.347, gp: 0.241

[Rank 0] (epoch: 4, iters: 17856, time: 0.001, data: 0.001) , D_A: 0.214, G_A: 0.999, cycle_A: 0.241, D_B: 0.239, G_B: 1.036, cycle_B: 0.353, gp: 0.233

[Rank 0] (epoch: 4, iters: 19456, time: 0.001, data: 0.001) , D_A: 0.229, G_A: 1.047, cycle_A: 0.215, D_B: 0.242, G_B: 0.995, cycle_B: 0.320, gp: 0.237

[Rank 0] (epoch: 4, iters: 21056, time: 0.001, data: 0.001) , D_A: 0.190, G_A: 1.024, cycle_A: 0.214, D_B: 0.239, G_B: 1.156, cycle_B: 0.321, gp: 0.233

[Rank 0] (epoch: 4, iters: 22656, time: 0.001, data: 0.001) , D_A: 0.238, G_A: 1.037, cycle_A: 0.200, D_B: 0.230, G_B: 1.104, cycle_B: 0.326, gp: 0.224

[Rank 0] (epoch: 4, iters: 24256, time: 0.001, data: 0.001) , D_A: 0.287, G_A: 1.007, cycle_A: 0.200, D_B: 0.211, G_B: 0.913, cycle_B: 0.313, gp: 0.206

[Rank 0] (epoch: 4, iters: 25856, time: 0.001, data: 0.001) , D_A: 0.234, G_A: 1.013, cycle_A: 0.214, D_B: 0.193, G_B: 1.038, cycle_B: 0.324, gp: 0.185

[Rank 0] (epoch: 4, iters: 27456, time: 0.001, data: 0.001) , D_A: 0.181, G_A: 0.970, cycle_A: 0.192, D_B: 0.228, G_B: 0.977, cycle_B: 0.269, gp: 0.221

[Rank 0] (epoch: 4, iters: 29056, time: 0.001, data: 0.001) , D_A: 0.195, G_A: 1.016, cycle_A: 0.194, D_B: 0.240, G_B: 0.921, cycle_B: 0.259, gp: 0.234

[Rank 0] (epoch: 4, iters: 30656, time: 0.001, data: 0.001) , D_A: 0.262, G_A: 0.978, cycle_A: 0.208, D_B: 0.232, G_B: 0.985, cycle_B: 0.263, gp: 0.227

[Rank 0] (epoch: 4, iters: 32256, time: 0.001, data: 0.001) , D_A: 0.211, G_A: 0.948, cycle_A: 0.198, D_B: 0.191, G_B: 0.932, cycle_B: 0.272, gp: 0.184

[Rank 0] (epoch: 4, iters: 33856, time: 0.001, data: 0.001) , D_A: 0.280, G_A: 0.955, cycle_A: 0.203, D_B: 0.212, G_B: 1.005, cycle_B: 0.319, gp: 0.206

[Rank 0] (epoch: 4, iters: 35456, time: 0.001, data: 0.001) , D_A: 0.194, G_A: 0.985, cycle_A: 0.260, D_B: 0.194, G_B: 1.056, cycle_B: 0.334, gp: 0.188

[Rank 0] (epoch: 4, iters: 37056, time: 0.001, data: 0.001) , D_A: 0.278, G_A: 1.019, cycle_A: 0.218, D_B: 0.183, G_B: 1.019, cycle_B: 0.341, gp: 0.177

--- iter tau=0.4531 ---
  cipher in :  c o b o provides the backbone of centrals revenues these revenu
  decrypted : ereaeneaerjai hsue tsenornnalseagersl jonuejsisldsue tsusejsisld
  real plain: ok and croaks of pain broke from his throat the stored pain shat
  cipher in : to its delicate long alveolar ducts and short large bronchioles 
  decrypted :  ae  uehsn ro senalyeonisanojehdr ueolheutaj enojysenjalrt ansue
  real plain: s programs and identifying those types of property that small bu
[Rank 0] (epoch: 4, iters: 38656, time: 0.001, data: 0.001) , D_A: 0.278, G_A: 1.001, cycle_A: 0.231, D_B: 0.211, G_B: 0.848, cycle_B: 0.329, gp: 0.203

saving the latest model (epoch 4, total_iters 160000)
[Rank 0] (epoch: 4, iters: 40256, time: 0.001, data: 0.001) , D_A: 0.199, G_A: 0.972, cycle_A: 0.208, D_B: 0.158, G_B: 0.950, cycle_B: 0.316, gp: 0.153

learning rate 0.0002000 -> 0.0002000
temperature tau = 0.4384
End of epoch 4 / 50 	 Time Taken: 34 sec
[Rank 0] (epoch: 5, iters: 1408, time: 0.001, data: 0.001) , D_A: 0.207, G_A: 0.944, cycle_A: 0.199, D_B: 0.236, G_B: 1.392, cycle_B: 0.313, gp: 0.187

[Rank 0] (epoch: 5, iters: 3008, time: 0.001, data: 0.001) , D_A: 0.123, G_A: 0.964, cycle_A: 0.207, D_B: 0.242, G_B: 0.908, cycle_B: 0.341, gp: 0.236

[Rank 0] (epoch: 5, iters: 4608, time: 0.001, data: 0.002) , D_A: 0.175, G_A: 0.989, cycle_A: 0.201, D_B: 0.219, G_B: 1.018, cycle_B: 0.321, gp: 0.214

[Rank 0] (epoch: 5, iters: 6208, time: 0.001, data: 0.001) , D_A: 0.189, G_A: 1.015, cycle_A: 0.206, D_B: 0.242, G_B: 1.197, cycle_B: 0.339, gp: 0.232

[Rank 0] (epoch: 5, iters: 7808, time: 0.001, data: 0.001) , D_A: 0.196, G_A: 1.035, cycle_A: 0.201, D_B: 0.223, G_B: 0.826, cycle_B: 0.318, gp: 0.214

[Rank 0] (epoch: 5, iters: 9408, time: 0.001, data: 0.001) , D_A: 0.275, G_A: 1.010, cycle_A: 0.210, D_B: 0.265, G_B: 0.969, cycle_B: 0.276, gp: 0.260

[Rank 0] (epoch: 5, iters: 11008, time: 0.001, data: 0.001) , D_A: 0.214, G_A: 0.975, cycle_A: 0.186, D_B: 0.220, G_B: 0.910, cycle_B: 0.264, gp: 0.214

[Rank 0] (epoch: 5, iters: 12608, time: 0.001, data: 0.001) , D_A: 0.229, G_A: 1.000, cycle_A: 0.192, D_B: 0.151, G_B: 0.860, cycle_B: 0.260, gp: 0.141

[Rank 0] (epoch: 5, iters: 14208, time: 0.001, data: 0.002) , D_A: 0.543, G_A: 0.530, cycle_A: 1.090, D_B: 1.009, G_B: 0.081, cycle_B: 1.284, gp: 0.431

[Rank 0] (epoch: 5, iters: 15808, time: 0.001, data: 0.001) , D_A: 0.410, G_A: 0.483, cycle_A: 0.378, D_B: 0.235, G_B: 0.986, cycle_B: 0.328, gp: 0.219

[Rank 0] (epoch: 5, iters: 17408, time: 0.001, data: 0.001) , D_A: 0.378, G_A: 1.074, cycle_A: 0.312, D_B: 0.259, G_B: 0.931, cycle_B: 0.298, gp: 0.250

[Rank 0] (epoch: 5, iters: 19008, time: 0.001, data: 0.001) , D_A: 0.359, G_A: 1.201, cycle_A: 0.264, D_B: 0.168, G_B: 0.977, cycle_B: 0.267, gp: 0.162

[Rank 0] (epoch: 5, iters: 20608, time: 0.001, data: 0.001) , D_A: 0.237, G_A: 0.983, cycle_A: 0.239, D_B: 0.356, G_B: 1.005, cycle_B: 0.245, gp: 0.349

[Rank 0] (epoch: 5, iters: 22208, time: 0.001, data: 0.001) , D_A: 0.213, G_A: 0.890, cycle_A: 0.238, D_B: 0.285, G_B: 1.015, cycle_B: 0.188, gp: 0.278

[Rank 0] (epoch: 5, iters: 23808, time: 0.001, data: 0.001) , D_A: 0.217, G_A: 0.881, cycle_A: 0.241, D_B: 0.257, G_B: 0.976, cycle_B: 0.226, gp: 0.252

[Rank 0] (epoch: 5, iters: 25408, time: 0.001, data: 0.001) , D_A: 0.309, G_A: 0.962, cycle_A: 0.235, D_B: 0.202, G_B: 0.968, cycle_B: 0.201, gp: 0.196

[Rank 0] (epoch: 5, iters: 27008, time: 0.001, data: 0.001) , D_A: 0.215, G_A: 1.028, cycle_A: 0.235, D_B: 0.370, G_B: 1.056, cycle_B: 0.208, gp: 0.365

[Rank 0] (epoch: 5, iters: 28608, time: 0.001, data: 0.001) , D_A: 0.221, G_A: 0.964, cycle_A: 0.226, D_B: 0.269, G_B: 0.887, cycle_B: 0.233, gp: 0.260

[Rank 0] (epoch: 5, iters: 30208, time: 0.001, data: 0.001) , D_A: 0.308, G_A: 1.093, cycle_A: 0.231, D_B: 0.219, G_B: 0.991, cycle_B: 0.202, gp: 0.214

[Rank 0] (epoch: 5, iters: 31808, time: 0.001, data: 0.001) , D_A: 0.260, G_A: 0.980, cycle_A: 0.248, D_B: 0.169, G_B: 1.047, cycle_B: 0.201, gp: 0.164

[Rank 0] (epoch: 5, iters: 33408, time: 0.001, data: 0.002) , D_A: 0.282, G_A: 0.707, cycle_A: 0.225, D_B: 0.214, G_B: 0.966, cycle_B: 0.245, gp: 0.208

[Rank 0] (epoch: 5, iters: 35008, time: 0.001, data: 0.002) , D_A: 0.219, G_A: 0.968, cycle_A: 0.218, D_B: 0.236, G_B: 1.004, cycle_B: 0.208, gp: 0.232

[Rank 0] (epoch: 5, iters: 36608, time: 0.001, data: 0.001) , D_A: 0.254, G_A: 0.938, cycle_A: 0.231, D_B: 0.175, G_B: 1.011, cycle_B: 0.196, gp: 0.171

--- iter tau=0.4384 ---
  cipher in : nly calling for a reconsideration of the justice of the objectio
  decrypted : lnveronn lyegateoetcralu hcto  aleage icebdu  rceage iceanbcr  a
  real plain: class stations operating on clear channels are required to cease
  cipher in : eneral motors of any specified percentage of its requirements of
  decrypted : clctonefa atueageolveurcr g cherctrcl oyceage  uetcrd tcfcl ueag
  real plain:  schools to be more impersonal and demanding while the atmospher
[Rank 0] (epoch: 5, iters: 38208, time: 0.001, data: 0.001) , D_A: 0.140, G_A: 0.980, cycle_A: 0.223, D_B: 0.224, G_B: 0.986, cycle_B: 0.207, gp: 0.220

saving the latest model (epoch 5, total_iters 200000)
[Rank 0] (epoch: 5, iters: 39808, time: 0.001, data: 0.002) , D_A: 0.224, G_A: 0.874, cycle_A: 0.236, D_B: 0.173, G_B: 0.955, cycle_B: 0.215, gp: 0.168

learning rate 0.0002000 -> 0.0002000
temperature tau = 0.4243
End of epoch 5 / 50 	 Time Taken: 38 sec
[Rank 0] (epoch: 6, iters: 960, time: 0.001, data: 0.001) , D_A: 0.322, G_A: 1.125, cycle_A: 0.234, D_B: 0.298, G_B: 0.851, cycle_B: 0.203, gp: 0.288

[Rank 0] (epoch: 6, iters: 2560, time: 0.001, data: 0.001) , D_A: 0.194, G_A: 1.007, cycle_A: 0.220, D_B: 0.206, G_B: 0.961, cycle_B: 0.203, gp: 0.202

[Rank 0] (epoch: 6, iters: 4160, time: 0.001, data: 0.001) , D_A: 0.192, G_A: 0.940, cycle_A: 0.223, D_B: 0.198, G_B: 0.934, cycle_B: 0.189, gp: 0.193

[Rank 0] (epoch: 6, iters: 5760, time: 0.001, data: 0.001) , D_A: 0.220, G_A: 0.857, cycle_A: 0.247, D_B: 0.252, G_B: 0.989, cycle_B: 0.220, gp: 0.245

[Rank 0] (epoch: 6, iters: 7360, time: 0.001, data: 0.001) , D_A: 0.269, G_A: 0.963, cycle_A: 0.225, D_B: 0.117, G_B: 1.122, cycle_B: 0.203, gp: 0.111

[Rank 0] (epoch: 6, iters: 8960, time: 0.001, data: 0.001) , D_A: 0.252, G_A: 0.958, cycle_A: 0.233, D_B: 0.285, G_B: 0.920, cycle_B: 0.198, gp: 0.278

[Rank 0] (epoch: 6, iters: 10560, time: 0.001, data: 0.001) , D_A: 0.234, G_A: 1.018, cycle_A: 0.230, D_B: 0.198, G_B: 1.023, cycle_B: 0.194, gp: 0.194

[Rank 0] (epoch: 6, iters: 12160, time: 0.001, data: 0.001) , D_A: 0.197, G_A: 0.994, cycle_A: 0.207, D_B: 0.201, G_B: 0.970, cycle_B: 0.182, gp: 0.197

[Rank 0] (epoch: 6, iters: 13760, time: 0.001, data: 0.001) , D_A: 0.233, G_A: 1.016, cycle_A: 0.221, D_B: 0.301, G_B: 0.934, cycle_B: 0.192, gp: 0.295

[Rank 0] (epoch: 6, iters: 15360, time: 0.001, data: 0.001) , D_A: 0.237, G_A: 0.961, cycle_A: 0.207, D_B: 0.248, G_B: 1.063, cycle_B: 0.218, gp: 0.243

[Rank 0] (epoch: 6, iters: 16960, time: 0.001, data: 0.001) , D_A: 0.248, G_A: 1.050, cycle_A: 0.211, D_B: 0.211, G_B: 1.127, cycle_B: 0.194, gp: 0.206

[Rank 0] (epoch: 6, iters: 18560, time: 0.001, data: 0.001) , D_A: 0.207, G_A: 1.022, cycle_A: 0.225, D_B: 0.277, G_B: 0.996, cycle_B: 0.212, gp: 0.273

[Rank 0] (epoch: 6, iters: 20160, time: 0.001, data: 0.001) , D_A: 0.176, G_A: 0.985, cycle_A: 0.238, D_B: 0.239, G_B: 0.832, cycle_B: 0.211, gp: 0.230

[Rank 0] (epoch: 6, iters: 21760, time: 0.001, data: 0.001) , D_A: 0.152, G_A: 0.948, cycle_A: 0.205, D_B: 0.182, G_B: 1.055, cycle_B: 0.189, gp: 0.178

[Rank 0] (epoch: 6, iters: 23360, time: 0.001, data: 0.001) , D_A: 0.245, G_A: 0.977, cycle_A: 0.209, D_B: 0.176, G_B: 0.954, cycle_B: 0.199, gp: 0.170

[Rank 0] (epoch: 6, iters: 24960, time: 0.001, data: 0.001) , D_A: 0.206, G_A: 0.971, cycle_A: 0.239, D_B: 0.316, G_B: 0.919, cycle_B: 0.179, gp: 0.311

[Rank 0] (epoch: 6, iters: 26560, time: 0.001, data: 0.001) , D_A: 0.218, G_A: 0.951, cycle_A: 0.240, D_B: 0.274, G_B: 1.020, cycle_B: 0.201, gp: 0.269

[Rank 0] (epoch: 6, iters: 28160, time: 0.001, data: 0.001) , D_A: 0.139, G_A: 1.043, cycle_A: 0.216, D_B: 0.402, G_B: 0.811, cycle_B: 0.207, gp: 0.385

[Rank 0] (epoch: 6, iters: 29760, time: 0.001, data: 0.001) , D_A: 0.253, G_A: 0.948, cycle_A: 0.235, D_B: 0.281, G_B: 0.971, cycle_B: 0.206, gp: 0.274

[Rank 0] (epoch: 6, iters: 31360, time: 0.001, data: 0.001) , D_A: 0.316, G_A: 0.960, cycle_A: 0.208, D_B: 0.213, G_B: 0.970, cycle_B: 0.201, gp: 0.207

[Rank 0] (epoch: 6, iters: 32960, time: 0.001, data: 0.001) , D_A: 0.355, G_A: 1.003, cycle_A: 0.243, D_B: 0.214, G_B: 0.949, cycle_B: 0.200, gp: 0.208

[Rank 0] (epoch: 6, iters: 34560, time: 0.001, data: 0.001) , D_A: 0.283, G_A: 1.052, cycle_A: 0.229, D_B: 0.202, G_B: 1.031, cycle_B: 0.197, gp: 0.198

[Rank 0] (epoch: 6, iters: 36160, time: 0.001, data: 0.000) , D_A: 0.282, G_A: 1.012, cycle_A: 0.238, D_B: 0.250, G_B: 0.989, cycle_B: 0.184, gp: 0.246

--- iter tau=0.4243 ---
  cipher in : when she was a child now some of the acknowledgments were cautio
  decrypted : disleuisedoueoeri nheladeuafseage iseornladnshyfsl uedstserod  a
  real plain: ich badness is involved at all whatever was bad in the first cas
  cipher in : efinements which had come to dominate the polite letters of the 
  decrypted : sg lsfsl uedi rieioherafse aehaf lo se iseran  sens  stueage ise
  real plain: rd denial of the spiritual world and a vigorous defense of pure 
[Rank 0] (epoch: 6, iters: 37760, time: 0.001, data: 0.001) , D_A: 0.207, G_A: 1.007, cycle_A: 0.228, D_B: 0.205, G_B: 1.020, cycle_B: 0.190, gp: 0.200

saving the latest model (epoch 6, total_iters 240000)
[Rank 0] (epoch: 6, iters: 39360, time: 0.001, data: 0.001) , D_A: 0.304, G_A: 0.923, cycle_A: 0.216, D_B: 0.254, G_B: 1.058, cycle_B: 0.205, gp: 0.250

learning rate 0.0002000 -> 0.0002000
temperature tau = 0.4106
End of epoch 6 / 50 	 Time Taken: 34 sec
[Rank 0] (epoch: 7, iters: 512, time: 0.001, data: 0.013) , D_A: 0.245, G_A: 0.978, cycle_A: 0.233, D_B: 0.220, G_B: 1.010, cycle_B: 0.198, gp: 0.217

[Rank 0] (epoch: 7, iters: 2112, time: 0.001, data: 0.000) , D_A: 0.247, G_A: 1.056, cycle_A: 0.215, D_B: 0.207, G_B: 0.953, cycle_B: 0.193, gp: 0.203

[Rank 0] (epoch: 7, iters: 3712, time: 0.001, data: 0.001) , D_A: 0.254, G_A: 1.010, cycle_A: 0.222, D_B: 0.213, G_B: 1.042, cycle_B: 0.188, gp: 0.210

[Rank 0] (epoch: 7, iters: 5312, time: 0.001, data: 0.001) , D_A: 0.127, G_A: 1.028, cycle_A: 0.215, D_B: 0.241, G_B: 1.020, cycle_B: 0.189, gp: 0.238

[Rank 0] (epoch: 7, iters: 6912, time: 0.001, data: 0.001) , D_A: 0.115, G_A: 0.985, cycle_A: 0.233, D_B: 0.261, G_B: 0.952, cycle_B: 0.182, gp: 0.254

[Rank 0] (epoch: 7, iters: 8512, time: 0.001, data: 0.001) , D_A: 0.241, G_A: 0.989, cycle_A: 0.217, D_B: 0.118, G_B: 0.960, cycle_B: 0.211, gp: 0.114

[Rank 0] (epoch: 7, iters: 10112, time: 0.001, data: 0.001) , D_A: 0.184, G_A: 1.031, cycle_A: 0.215, D_B: 0.265, G_B: 0.971, cycle_B: 0.197, gp: 0.260

[Rank 0] (epoch: 7, iters: 11712, time: 0.001, data: 0.001) , D_A: 0.190, G_A: 0.997, cycle_A: 0.222, D_B: 0.257, G_B: 1.003, cycle_B: 0.187, gp: 0.254

[Rank 0] (epoch: 7, iters: 13312, time: 0.001, data: 0.001) , D_A: 0.173, G_A: 0.962, cycle_A: 0.201, D_B: 0.196, G_B: 0.956, cycle_B: 0.201, gp: 0.191

[Rank 0] (epoch: 7, iters: 14912, time: 0.001, data: 0.001) , D_A: 0.197, G_A: 0.937, cycle_A: 0.194, D_B: 0.119, G_B: 1.002, cycle_B: 0.214, gp: 0.116

[Rank 0] (epoch: 7, iters: 16512, time: 0.001, data: 0.001) , D_A: 0.276, G_A: 0.982, cycle_A: 0.191, D_B: 0.148, G_B: 1.030, cycle_B: 0.206, gp: 0.145

[Rank 0] (epoch: 7, iters: 18112, time: 0.001, data: 0.001) , D_A: 0.233, G_A: 0.943, cycle_A: 0.187, D_B: 0.222, G_B: 0.998, cycle_B: 0.177, gp: 0.218

[Rank 0] (epoch: 7, iters: 19712, time: 0.001, data: 0.001) , D_A: 0.196, G_A: 1.028, cycle_A: 0.205, D_B: 0.222, G_B: 1.013, cycle_B: 0.192, gp: 0.219

[Rank 0] (epoch: 7, iters: 21312, time: 0.001, data: 0.001) , D_A: 0.313, G_A: 0.990, cycle_A: 0.212, D_B: 0.220, G_B: 1.010, cycle_B: 0.194, gp: 0.216

[Rank 0] (epoch: 7, iters: 22912, time: 0.001, data: 0.001) , D_A: 0.198, G_A: 1.066, cycle_A: 0.215, D_B: 0.221, G_B: 0.999, cycle_B: 0.206, gp: 0.217

[Rank 0] (epoch: 7, iters: 24512, time: 0.001, data: 0.001) , D_A: 0.241, G_A: 0.881, cycle_A: 0.184, D_B: 0.187, G_B: 1.010, cycle_B: 0.210, gp: 0.184

[Rank 0] (epoch: 7, iters: 26112, time: 0.001, data: 0.001) , D_A: 0.234, G_A: 1.025, cycle_A: 0.199, D_B: 0.096, G_B: 0.992, cycle_B: 0.211, gp: 0.093

[Rank 0] (epoch: 7, iters: 27712, time: 0.001, data: 0.001) , D_A: 0.195, G_A: 0.939, cycle_A: 0.191, D_B: 0.166, G_B: 1.003, cycle_B: 0.183, gp: 0.162

[Rank 0] (epoch: 7, iters: 29312, time: 0.001, data: 0.001) , D_A: 0.192, G_A: 1.004, cycle_A: 0.185, D_B: 0.278, G_B: 0.999, cycle_B: 0.187, gp: 0.275

[Rank 0] (epoch: 7, iters: 30912, time: 0.001, data: 0.001) , D_A: 0.151, G_A: 0.985, cycle_A: 0.185, D_B: 0.292, G_B: 0.990, cycle_B: 0.180, gp: 0.289

[Rank 0] (epoch: 7, iters: 32512, time: 0.001, data: 0.001) , D_A: 0.275, G_A: 1.015, cycle_A: 0.206, D_B: 0.159, G_B: 0.939, cycle_B: 0.185, gp: 0.155

[Rank 0] (epoch: 7, iters: 34112, time: 0.001, data: 0.001) , D_A: 0.181, G_A: 1.000, cycle_A: 0.191, D_B: 0.126, G_B: 1.006, cycle_B: 0.183, gp: 0.123

[Rank 0] (epoch: 7, iters: 35712, time: 0.001, data: 0.001) , D_A: 0.248, G_A: 0.906, cycle_A: 0.185, D_B: 0.225, G_B: 0.972, cycle_B: 0.195, gp: 0.222

--- iter tau=0.4106 ---
  cipher in : rity and prepared to choke off debate on the filibuster battle t
  decrypted : t  weolhertsrotshe aerianseaggehsno seale iseg n ndu steno  nse 
  real plain: e carolina traders who swarmed over the country almost to the mi
  cipher in : nough that all of our internationalist one worlders are advocati
  decrypted : ladyie io eonneageadte l stlo  alon u ealsexatnhstueotseohbaro  
  real plain: sics interactions of the free electron and atomic constants whic
[Rank 0] (epoch: 7, iters: 37312, time: 0.001, data: 0.001) , D_A: 0.195, G_A: 1.024, cycle_A: 0.188, D_B: 0.244, G_B: 0.951, cycle_B: 0.194, gp: 0.241

saving the latest model (epoch 7, total_iters 280000)
[Rank 0] (epoch: 7, iters: 38912, time: 0.001, data: 0.001) , D_A: 0.175, G_A: 0.983, cycle_A: 0.229, D_B: 0.288, G_B: 0.985, cycle_B: 0.194, gp: 0.285

learning rate 0.0002000 -> 0.0002000
temperature tau = 0.3973
End of epoch 7 / 50 	 Time Taken: 34 sec
[Rank 0] (epoch: 8, iters: 64, time: 0.001, data: 0.001) , D_A: 0.205, G_A: 1.039, cycle_A: 0.204, D_B: 0.234, G_B: 0.993, cycle_B: 0.184, gp: 0.231

[Rank 0] (epoch: 8, iters: 1664, time: 0.001, data: 0.000) , D_A: 0.248, G_A: 0.958, cycle_A: 0.204, D_B: 0.222, G_B: 0.953, cycle_B: 0.211, gp: 0.218

[Rank 0] (epoch: 8, iters: 3264, time: 0.001, data: 0.001) , D_A: 0.179, G_A: 1.000, cycle_A: 0.188, D_B: 0.282, G_B: 1.053, cycle_B: 0.186, gp: 0.278

[Rank 0] (epoch: 8, iters: 4864, time: 0.001, data: 0.001) , D_A: 0.225, G_A: 1.010, cycle_A: 0.190, D_B: 0.232, G_B: 1.097, cycle_B: 0.180, gp: 0.229

[Rank 0] (epoch: 8, iters: 6464, time: 0.001, data: 0.001) , D_A: 0.223, G_A: 0.941, cycle_A: 0.204, D_B: 0.214, G_B: 0.975, cycle_B: 0.193, gp: 0.210

[Rank 0] (epoch: 8, iters: 8064, time: 0.001, data: 0.001) , D_A: 0.268, G_A: 0.987, cycle_A: 0.193, D_B: 0.144, G_B: 0.968, cycle_B: 0.221, gp: 0.140

[Rank 0] (epoch: 8, iters: 9664, time: 0.001, data: 0.001) , D_A: 0.219, G_A: 0.977, cycle_A: 0.187, D_B: 0.209, G_B: 1.011, cycle_B: 0.216, gp: 0.206

[Rank 0] (epoch: 8, iters: 11264, time: 0.001, data: 0.001) , D_A: 0.245, G_A: 1.040, cycle_A: 0.201, D_B: 0.260, G_B: 0.979, cycle_B: 0.199, gp: 0.255

[Rank 0] (epoch: 8, iters: 12864, time: 0.001, data: 0.001) , D_A: 0.267, G_A: 1.010, cycle_A: 0.207, D_B: 0.254, G_B: 0.963, cycle_B: 0.209, gp: 0.248

[Rank 0] (epoch: 8, iters: 14464, time: 0.001, data: 0.001) , D_A: 0.273, G_A: 0.985, cycle_A: 0.189, D_B: 0.218, G_B: 0.991, cycle_B: 0.185, gp: 0.215

[Rank 0] (epoch: 8, iters: 16064, time: 0.001, data: 0.001) , D_A: 0.247, G_A: 0.980, cycle_A: 0.199, D_B: 0.245, G_B: 0.993, cycle_B: 0.187, gp: 0.242

[Rank 0] (epoch: 8, iters: 17664, time: 0.001, data: 0.001) , D_A: 0.201, G_A: 0.986, cycle_A: 0.201, D_B: 0.260, G_B: 0.952, cycle_B: 0.173, gp: 0.255

[Rank 0] (epoch: 8, iters: 19264, time: 0.001, data: 0.001) , D_A: 0.236, G_A: 1.013, cycle_A: 0.205, D_B: 0.212, G_B: 0.980, cycle_B: 0.176, gp: 0.209

[Rank 0] (epoch: 8, iters: 20864, time: 0.001, data: 0.001) , D_A: 0.169, G_A: 0.990, cycle_A: 0.192, D_B: 0.199, G_B: 0.932, cycle_B: 0.203, gp: 0.196

[Rank 0] (epoch: 8, iters: 22464, time: 0.001, data: 0.001) , D_A: 0.201, G_A: 0.970, cycle_A: 0.190, D_B: 0.136, G_B: 1.013, cycle_B: 0.175, gp: 0.133

[Rank 0] (epoch: 8, iters: 24064, time: 0.001, data: 0.001) , D_A: 0.214, G_A: 0.962, cycle_A: 0.189, D_B: 0.201, G_B: 1.034, cycle_B: 0.186, gp: 0.198

[Rank 0] (epoch: 8, iters: 25664, time: 0.001, data: 0.002) , D_A: 0.148, G_A: 1.022, cycle_A: 0.196, D_B: 0.191, G_B: 1.007, cycle_B: 0.197, gp: 0.188

[Rank 0] (epoch: 8, iters: 27264, time: 0.001, data: 0.001) , D_A: 0.171, G_A: 1.049, cycle_A: 0.188, D_B: 0.226, G_B: 0.974, cycle_B: 0.188, gp: 0.222

[Rank 0] (epoch: 8, iters: 28864, time: 0.001, data: 0.001) , D_A: 0.222, G_A: 1.073, cycle_A: 0.187, D_B: 0.218, G_B: 1.002, cycle_B: 0.186, gp: 0.215

[Rank 0] (epoch: 8, iters: 30464, time: 0.001, data: 0.001) , D_A: 0.186, G_A: 1.006, cycle_A: 0.196, D_B: 0.281, G_B: 1.000, cycle_B: 0.220, gp: 0.278

[Rank 0] (epoch: 8, iters: 32064, time: 0.001, data: 0.001) , D_A: 0.231, G_A: 1.039, cycle_A: 0.191, D_B: 0.145, G_B: 0.981, cycle_B: 0.197, gp: 0.142

[Rank 0] (epoch: 8, iters: 33664, time: 0.001, data: 0.001) , D_A: 0.254, G_A: 0.964, cycle_A: 0.196, D_B: 0.171, G_B: 1.002, cycle_B: 0.194, gp: 0.168

[Rank 0] (epoch: 8, iters: 35264, time: 0.001, data: 0.001) , D_A: 0.264, G_A: 1.015, cycle_A: 0.198, D_B: 0.187, G_B: 1.021, cycle_B: 0.188, gp: 0.184

--- iter tau=0.3973 ---
  cipher in : ification of certain major events in their lives two marriages t
  decrypted :  g ro  aleagerst o lefobatesbsl ue le is ten bsue xaefott oysue 
  real plain: all expenses attributable to earning a salary commission or othe
  cipher in : any thing mor to doo with you for he thought it was no more yuse
  decrypted : olve i lyefate aehaaex  ievadegateise iadyi e  exouelaefatsevdus
  real plain: toric and bookkeeping soon the office work claimed all her time 
[Rank 0] (epoch: 8, iters: 36864, time: 0.001, data: 0.001) , D_A: 0.188, G_A: 1.010, cycle_A: 0.192, D_B: 0.230, G_B: 1.037, cycle_B: 0.190, gp: 0.226

saving the latest model (epoch 8, total_iters 320000)
[Rank 0] (epoch: 8, iters: 38464, time: 0.001, data: 0.001) , D_A: 0.152, G_A: 0.984, cycle_A: 0.186, D_B: 0.202, G_B: 1.003, cycle_B: 0.210, gp: 0.200

[Rank 0] (epoch: 8, iters: 40064, time: 0.001, data: 0.001) , D_A: 0.258, G_A: 0.988, cycle_A: 0.221, D_B: 0.211, G_B: 1.038, cycle_B: 0.215, gp: 0.206

learning rate 0.0002000 -> 0.0002000
temperature tau = 0.3845
End of epoch 8 / 50 	 Time Taken: 35 sec
[Rank 0] (epoch: 9, iters: 1216, time: 0.001, data: 0.001) , D_A: 0.182, G_A: 1.029, cycle_A: 0.198, D_B: 0.268, G_B: 0.980, cycle_B: 0.183, gp: 0.265

[Rank 0] (epoch: 9, iters: 2816, time: 0.001, data: 0.001) , D_A: 0.182, G_A: 0.978, cycle_A: 0.202, D_B: 0.303, G_B: 0.857, cycle_B: 0.189, gp: 0.278

[Rank 0] (epoch: 9, iters: 4416, time: 0.001, data: 0.001) , D_A: 0.197, G_A: 1.054, cycle_A: 0.196, D_B: 0.234, G_B: 0.993, cycle_B: 0.189, gp: 0.230

[Rank 0] (epoch: 9, iters: 6016, time: 0.001, data: 0.001) , D_A: 0.274, G_A: 0.991, cycle_A: 0.190, D_B: 0.168, G_B: 0.976, cycle_B: 0.189, gp: 0.164

[Rank 0] (epoch: 9, iters: 7616, time: 0.001, data: 0.001) , D_A: 0.298, G_A: 0.998, cycle_A: 0.196, D_B: 0.298, G_B: 1.005, cycle_B: 0.184, gp: 0.294

[Rank 0] (epoch: 9, iters: 9216, time: 0.001, data: 0.001) , D_A: 0.172, G_A: 1.078, cycle_A: 0.213, D_B: 0.223, G_B: 1.004, cycle_B: 0.179, gp: 0.218

[Rank 0] (epoch: 9, iters: 10816, time: 0.001, data: 0.001) , D_A: 0.211, G_A: 0.833, cycle_A: 0.203, D_B: 0.172, G_B: 0.986, cycle_B: 0.200, gp: 0.168

[Rank 0] (epoch: 9, iters: 12416, time: 0.001, data: 0.001) , D_A: 0.245, G_A: 0.999, cycle_A: 0.189, D_B: 0.218, G_B: 1.024, cycle_B: 0.195, gp: 0.215

[Rank 0] (epoch: 9, iters: 14016, time: 0.001, data: 0.001) , D_A: 0.142, G_A: 0.984, cycle_A: 0.204, D_B: 0.161, G_B: 0.972, cycle_B: 0.177, gp: 0.157

[Rank 0] (epoch: 9, iters: 15616, time: 0.001, data: 0.001) , D_A: 0.263, G_A: 0.999, cycle_A: 0.187, D_B: 0.255, G_B: 0.993, cycle_B: 0.172, gp: 0.251

[Rank 0] (epoch: 9, iters: 17216, time: 0.001, data: 0.001) , D_A: 0.178, G_A: 0.964, cycle_A: 0.189, D_B: 0.194, G_B: 0.998, cycle_B: 0.174, gp: 0.192

[Rank 0] (epoch: 9, iters: 18816, time: 0.001, data: 0.001) , D_A: 0.180, G_A: 0.946, cycle_A: 0.193, D_B: 0.208, G_B: 1.012, cycle_B: 0.206, gp: 0.205

[Rank 0] (epoch: 9, iters: 20416, time: 0.001, data: 0.001) , D_A: 0.183, G_A: 1.014, cycle_A: 0.189, D_B: 0.275, G_B: 1.026, cycle_B: 0.195, gp: 0.273

[Rank 0] (epoch: 9, iters: 22016, time: 0.001, data: 0.001) , D_A: 0.249, G_A: 1.013, cycle_A: 0.198, D_B: 0.193, G_B: 1.013, cycle_B: 0.189, gp: 0.191

[Rank 0] (epoch: 9, iters: 23616, time: 0.001, data: 0.001) , D_A: 0.204, G_A: 0.997, cycle_A: 0.200, D_B: 0.230, G_B: 0.993, cycle_B: 0.199, gp: 0.227

[Rank 0] (epoch: 9, iters: 25216, time: 0.001, data: 0.001) , D_A: 0.210, G_A: 1.021, cycle_A: 0.199, D_B: 0.110, G_B: 0.926, cycle_B: 0.185, gp: 0.108

[Rank 0] (epoch: 9, iters: 26816, time: 0.001, data: 0.001) , D_A: 0.186, G_A: 0.993, cycle_A: 0.201, D_B: 0.276, G_B: 0.976, cycle_B: 0.188, gp: 0.273

[Rank 0] (epoch: 9, iters: 28416, time: 0.001, data: 0.001) , D_A: 0.248, G_A: 0.990, cycle_A: 0.190, D_B: 0.227, G_B: 1.022, cycle_B: 0.201, gp: 0.224

[Rank 0] (epoch: 9, iters: 30016, time: 0.001, data: 0.001) , D_A: 0.229, G_A: 0.977, cycle_A: 0.183, D_B: 0.217, G_B: 0.936, cycle_B: 0.202, gp: 0.214

[Rank 0] (epoch: 9, iters: 31616, time: 0.001, data: 0.001) , D_A: 0.198, G_A: 0.987, cycle_A: 0.182, D_B: 0.221, G_B: 0.989, cycle_B: 0.202, gp: 0.217

[Rank 0] (epoch: 9, iters: 33216, time: 0.001, data: 0.001) , D_A: 0.235, G_A: 1.011, cycle_A: 0.199, D_B: 0.197, G_B: 1.024, cycle_B: 0.187, gp: 0.194

[Rank 0] (epoch: 9, iters: 34816, time: 0.001, data: 0.001) , D_A: 0.220, G_A: 0.989, cycle_A: 0.196, D_B: 0.156, G_B: 1.027, cycle_B: 0.188, gp: 0.154

--- iter tau=0.3845 ---
  cipher in : inclined to argue in fact that an independence of mind and actio
  decrypted :  lrn lshe aeotydse legor e io eole lhsrslhslrseagef lheolheor  a
  real plain: all expenses attributable to earning a salary commission or othe
  cipher in : se women and others i had met in catatonia were distinguished on
  decrypted : usexafsleolhea istue eiohefs e lero o al oexstseh u  lyd uisheal
  real plain: toric and bookkeeping soon the office work claimed all her time 
[Rank 0] (epoch: 9, iters: 36416, time: 0.001, data: 0.001) , D_A: 0.175, G_A: 1.015, cycle_A: 0.208, D_B: 0.158, G_B: 0.978, cycle_B: 0.194, gp: 0.155

saving the latest model (epoch 9, total_iters 360000)
[Rank 0] (epoch: 9, iters: 38016, time: 0.001, data: 0.001) , D_A: 0.250, G_A: 0.973, cycle_A: 0.212, D_B: 0.228, G_B: 1.059, cycle_B: 0.190, gp: 0.225

[Rank 0] (epoch: 9, iters: 39616, time: 0.001, data: 0.001) , D_A: 0.188, G_A: 0.931, cycle_A: 0.203, D_B: 0.166, G_B: 0.989, cycle_B: 0.186, gp: 0.162

learning rate 0.0002000 -> 0.0002000
temperature tau = 0.3720
End of epoch 9 / 50 	 Time Taken: 34 sec
[Rank 0] (epoch: 10, iters: 768, time: 0.001, data: 0.001) , D_A: 0.170, G_A: 1.012, cycle_A: 0.197, D_B: 0.199, G_B: 0.980, cycle_B: 0.191, gp: 0.194

[Rank 0] (epoch: 10, iters: 2368, time: 0.001, data: 0.000) , D_A: 0.303, G_A: 1.052, cycle_A: 0.184, D_B: 0.253, G_B: 1.039, cycle_B: 0.194, gp: 0.250

[Rank 0] (epoch: 10, iters: 3968, time: 0.001, data: 0.001) , D_A: 0.195, G_A: 1.017, cycle_A: 0.191, D_B: 0.251, G_B: 1.054, cycle_B: 0.185, gp: 0.248

[Rank 0] (epoch: 10, iters: 5568, time: 0.001, data: 0.002) , D_A: 0.157, G_A: 1.012, cycle_A: 0.201, D_B: 0.281, G_B: 1.020, cycle_B: 0.175, gp: 0.277

[Rank 0] (epoch: 10, iters: 7168, time: 0.001, data: 0.001) , D_A: 0.239, G_A: 1.004, cycle_A: 0.195, D_B: 0.230, G_B: 1.032, cycle_B: 0.178, gp: 0.227

[Rank 0] (epoch: 10, iters: 8768, time: 0.001, data: 0.001) , D_A: 0.229, G_A: 0.969, cycle_A: 0.193, D_B: 0.174, G_B: 1.056, cycle_B: 0.185, gp: 0.170

[Rank 0] (epoch: 10, iters: 10368, time: 0.001, data: 0.001) , D_A: 0.239, G_A: 1.008, cycle_A: 0.191, D_B: 0.271, G_B: 0.990, cycle_B: 0.192, gp: 0.268

[Rank 0] (epoch: 10, iters: 11968, time: 0.001, data: 0.001) , D_A: 0.173, G_A: 0.944, cycle_A: 0.188, D_B: 0.233, G_B: 1.046, cycle_B: 0.198, gp: 0.230

[Rank 0] (epoch: 10, iters: 13568, time: 0.001, data: 0.001) , D_A: 0.257, G_A: 0.969, cycle_A: 0.201, D_B: 0.178, G_B: 0.993, cycle_B: 0.216, gp: 0.176

[Rank 0] (epoch: 10, iters: 15168, time: 0.001, data: 0.001) , D_A: 0.155, G_A: 0.975, cycle_A: 0.191, D_B: 0.103, G_B: 0.967, cycle_B: 0.211, gp: 0.100

[Rank 0] (epoch: 10, iters: 16768, time: 0.001, data: 0.001) , D_A: 0.210, G_A: 0.923, cycle_A: 0.178, D_B: 0.217, G_B: 0.962, cycle_B: 0.190, gp: 0.213

[Rank 0] (epoch: 10, iters: 18368, time: 0.001, data: 0.001) , D_A: 0.225, G_A: 1.015, cycle_A: 0.190, D_B: 0.185, G_B: 0.991, cycle_B: 0.177, gp: 0.182

[Rank 0] (epoch: 10, iters: 19968, time: 0.001, data: 0.002) , D_A: 0.203, G_A: 1.015, cycle_A: 0.200, D_B: 0.209, G_B: 1.009, cycle_B: 0.195, gp: 0.207

[Rank 0] (epoch: 10, iters: 21568, time: 0.001, data: 0.001) , D_A: 0.172, G_A: 0.989, cycle_A: 0.190, D_B: 0.247, G_B: 1.000, cycle_B: 0.189, gp: 0.245

[Rank 0] (epoch: 10, iters: 23168, time: 0.001, data: 0.001) , D_A: 0.157, G_A: 0.953, cycle_A: 0.193, D_B: 0.248, G_B: 1.003, cycle_B: 0.213, gp: 0.245

[Rank 0] (epoch: 10, iters: 24768, time: 0.001, data: 0.001) , D_A: 0.152, G_A: 0.990, cycle_A: 0.198, D_B: 0.202, G_B: 0.995, cycle_B: 0.184, gp: 0.199

[Rank 0] (epoch: 10, iters: 26368, time: 0.001, data: 0.001) , D_A: 0.301, G_A: 1.039, cycle_A: 0.203, D_B: 0.193, G_B: 1.012, cycle_B: 0.195, gp: 0.191

[Rank 0] (epoch: 10, iters: 27968, time: 0.001, data: 0.001) , D_A: 0.140, G_A: 0.993, cycle_A: 0.212, D_B: 0.213, G_B: 1.001, cycle_B: 0.178, gp: 0.209

[Rank 0] (epoch: 10, iters: 29568, time: 0.001, data: 0.001) , D_A: 0.166, G_A: 1.001, cycle_A: 0.216, D_B: 0.200, G_B: 1.002, cycle_B: 0.191, gp: 0.198

[Rank 0] (epoch: 10, iters: 31168, time: 0.001, data: 0.001) , D_A: 0.144, G_A: 1.070, cycle_A: 0.179, D_B: 0.193, G_B: 1.023, cycle_B: 0.185, gp: 0.191

[Rank 0] (epoch: 10, iters: 32768, time: 0.001, data: 0.002) , D_A: 0.179, G_A: 1.053, cycle_A: 0.191, D_B: 0.222, G_B: 0.983, cycle_B: 0.184, gp: 0.219

[Rank 0] (epoch: 10, iters: 34368, time: 0.001, data: 0.002) , D_A: 0.144, G_A: 0.970, cycle_A: 0.189, D_B: 0.179, G_B: 0.996, cycle_B: 0.185, gp: 0.176

--- iter tau=0.3720 ---
  cipher in : while wet stuff referred to cows givin milk the cowboys humorous
  decrypted : xi nsexs eu dggetsgsttshe aeraxuey b lef nne iseraxnawueidfatadu
  real plain: ht down the temptation to orate on his skills or cut up in publi
  cipher in :  row or stitch tie contrasting thread around end of row or stitc
  decrypted : etaxeateu   rie  seral tou  lye itsoheotadlheslheagetaxeateu   r
  real plain: the latter the entrylimiting price will also be raised for poten
[Rank 0] (epoch: 10, iters: 35968, time: 0.001, data: 0.001) , D_A: 0.202, G_A: 1.003, cycle_A: 0.197, D_B: 0.271, G_B: 0.956, cycle_B: 0.184, gp: 0.267

saving the latest model (epoch 10, total_iters 400000)
[Rank 0] (epoch: 10, iters: 37568, time: 0.001, data: 0.001) , D_A: 0.217, G_A: 0.935, cycle_A: 0.179, D_B: 0.197, G_B: 0.998, cycle_B: 0.190, gp: 0.195

[Rank 0] (epoch: 10, iters: 39168, time: 0.001, data: 0.001) , D_A: 0.311, G_A: 1.619, cycle_A: 0.189, D_B: 0.215, G_B: 0.956, cycle_B: 0.217, gp: 0.212

learning rate 0.0002000 -> 0.0002000
temperature tau = 0.3600
End of epoch 10 / 50 	 Time Taken: 40 sec
[Rank 0] (epoch: 11, iters: 320, time: 0.001, data: 0.001) , D_A: 0.134, G_A: 0.961, cycle_A: 0.192, D_B: 0.251, G_B: 0.995, cycle_B: 0.201, gp: 0.249

[Rank 0] (epoch: 11, iters: 1920, time: 0.001, data: 0.000) , D_A: 0.179, G_A: 0.927, cycle_A: 0.198, D_B: 0.257, G_B: 0.995, cycle_B: 0.198, gp: 0.254

[Rank 0] (epoch: 11, iters: 3520, time: 0.001, data: 0.001) , D_A: 0.238, G_A: 1.051, cycle_A: 0.189, D_B: 0.172, G_B: 0.996, cycle_B: 0.175, gp: 0.170

[Rank 0] (epoch: 11, iters: 5120, time: 0.001, data: 0.001) , D_A: 0.134, G_A: 1.024, cycle_A: 0.185, D_B: 0.266, G_B: 0.989, cycle_B: 0.181, gp: 0.263

[Rank 0] (epoch: 11, iters: 6720, time: 0.001, data: 0.001) , D_A: 0.162, G_A: 0.989, cycle_A: 0.186, D_B: 0.160, G_B: 1.011, cycle_B: 0.188, gp: 0.157

[Rank 0] (epoch: 11, iters: 8320, time: 0.001, data: 0.001) , D_A: 0.270, G_A: 1.011, cycle_A: 0.195, D_B: 0.275, G_B: 0.944, cycle_B: 0.204, gp: 0.271

[Rank 0] (epoch: 11, iters: 9920, time: 0.001, data: 0.001) , D_A: 0.275, G_A: 0.968, cycle_A: 0.177, D_B: 0.239, G_B: 1.002, cycle_B: 0.197, gp: 0.237

[Rank 0] (epoch: 11, iters: 11520, time: 0.001, data: 0.001) , D_A: 0.179, G_A: 0.988, cycle_A: 0.177, D_B: 0.145, G_B: 1.026, cycle_B: 0.186, gp: 0.142

[Rank 0] (epoch: 11, iters: 13120, time: 0.001, data: 0.001) , D_A: 0.179, G_A: 1.009, cycle_A: 0.188, D_B: 0.239, G_B: 1.023, cycle_B: 0.203, gp: 0.237

[Rank 0] (epoch: 11, iters: 14720, time: 0.001, data: 0.001) , D_A: 0.147, G_A: 0.955, cycle_A: 0.192, D_B: 0.094, G_B: 0.992, cycle_B: 0.188, gp: 0.091

[Rank 0] (epoch: 11, iters: 16320, time: 0.001, data: 0.001) , D_A: 0.191, G_A: 0.911, cycle_A: 0.194, D_B: 0.237, G_B: 0.997, cycle_B: 0.188, gp: 0.235

[Rank 0] (epoch: 11, iters: 17920, time: 0.001, data: 0.001) , D_A: 0.269, G_A: 0.979, cycle_A: 0.196, D_B: 0.206, G_B: 0.992, cycle_B: 0.177, gp: 0.204

[Rank 0] (epoch: 11, iters: 19520, time: 0.001, data: 0.001) , D_A: 0.201, G_A: 1.063, cycle_A: 0.192, D_B: 0.257, G_B: 1.021, cycle_B: 0.201, gp: 0.253

[Rank 0] (epoch: 11, iters: 21120, time: 0.001, data: 0.001) , D_A: 0.168, G_A: 0.992, cycle_A: 0.194, D_B: 0.206, G_B: 0.994, cycle_B: 0.182, gp: 0.204

[Rank 0] (epoch: 11, iters: 22720, time: 0.001, data: 0.001) , D_A: 0.277, G_A: 0.998, cycle_A: 0.190, D_B: 0.214, G_B: 1.043, cycle_B: 0.201, gp: 0.212

[Rank 0] (epoch: 11, iters: 24320, time: 0.001, data: 0.001) , D_A: 0.230, G_A: 0.988, cycle_A: 0.190, D_B: 0.198, G_B: 0.974, cycle_B: 0.184, gp: 0.196

[Rank 0] (epoch: 11, iters: 25920, time: 0.001, data: 0.001) , D_A: 0.233, G_A: 1.069, cycle_A: 0.192, D_B: 0.209, G_B: 0.985, cycle_B: 0.206, gp: 0.206

[Rank 0] (epoch: 11, iters: 27520, time: 0.001, data: 0.001) , D_A: 0.160, G_A: 0.979, cycle_A: 0.200, D_B: 0.154, G_B: 0.994, cycle_B: 0.188, gp: 0.153

[Rank 0] (epoch: 11, iters: 29120, time: 0.001, data: 0.001) , D_A: 0.277, G_A: 0.963, cycle_A: 0.193, D_B: 0.189, G_B: 0.993, cycle_B: 0.170, gp: 0.187

[Rank 0] (epoch: 11, iters: 30720, time: 0.001, data: 0.001) , D_A: 0.159, G_A: 0.985, cycle_A: 0.186, D_B: 0.245, G_B: 0.982, cycle_B: 0.194, gp: 0.243

[Rank 0] (epoch: 11, iters: 32320, time: 0.001, data: 0.001) , D_A: 0.545, G_A: 0.241, cycle_A: 0.205, D_B: 0.250, G_B: 1.027, cycle_B: 0.186, gp: 0.246

[Rank 0] (epoch: 11, iters: 33920, time: 0.001, data: 0.001) , D_A: 0.296, G_A: 0.971, cycle_A: 0.190, D_B: 0.212, G_B: 0.975, cycle_B: 0.188, gp: 0.210

--- iter tau=0.3600 ---
  cipher in : dle of selfpity shivering with terror because her bubble had bur
  decrypted : hnseageusngr  weui bst lyex  ie sttatensroduseistendnnnseiohendt
  real plain: oor with signs pointing the way there and has a terrace overlook
  cipher in : dom from the problems involved in maintaining a house convenienc
  decrypted : hafegtafe isertannsfue lbanbshe lefo l o l lyeoeiaduseralbsl slr
  real plain:  paid two to three hundred dollars for a painting it was all gra
[Rank 0] (epoch: 11, iters: 35520, time: 0.001, data: 0.001) , D_A: 0.265, G_A: 0.981, cycle_A: 0.189, D_B: 0.156, G_B: 0.941, cycle_B: 0.203, gp: 0.153

saving the latest model (epoch 11, total_iters 440000)
[Rank 0] (epoch: 11, iters: 37120, time: 0.001, data: 0.001) , D_A: 0.192, G_A: 0.988, cycle_A: 0.199, D_B: 0.125, G_B: 1.029, cycle_B: 0.203, gp: 0.123

[Rank 0] (epoch: 11, iters: 38720, time: 0.001, data: 0.001) , D_A: 0.228, G_A: 0.992, cycle_A: 0.188, D_B: 0.142, G_B: 1.009, cycle_B: 0.196, gp: 0.140

[Rank 0] (epoch: 11, iters: 40320, time: 0.001, data: 0.001) , D_A: 0.085, G_A: 0.989, cycle_A: 0.195, D_B: 0.108, G_B: 1.011, cycle_B: 0.197, gp: 0.105

learning rate 0.0002000 -> 0.0002000
temperature tau = 0.3484
End of epoch 11 / 50 	 Time Taken: 35 sec
[Rank 0] (epoch: 12, iters: 1472, time: 0.001, data: 0.001) , D_A: 0.250, G_A: 0.992, cycle_A: 0.193, D_B: 0.174, G_B: 1.014, cycle_B: 0.182, gp: 0.172

[Rank 0] (epoch: 12, iters: 3072, time: 0.001, data: 0.001) , D_A: 0.227, G_A: 0.982, cycle_A: 0.182, D_B: 0.182, G_B: 0.968, cycle_B: 0.187, gp: 0.177

[Rank 0] (epoch: 12, iters: 4672, time: 0.001, data: 0.001) , D_A: 0.179, G_A: 0.996, cycle_A: 0.188, D_B: 0.228, G_B: 1.027, cycle_B: 0.183, gp: 0.225

[Rank 0] (epoch: 12, iters: 6272, time: 0.001, data: 0.001) , D_A: 0.217, G_A: 0.978, cycle_A: 0.197, D_B: 0.331, G_B: 1.008, cycle_B: 0.188, gp: 0.329

[Rank 0] (epoch: 12, iters: 7872, time: 0.001, data: 0.001) , D_A: 0.188, G_A: 0.980, cycle_A: 0.200, D_B: 0.254, G_B: 0.929, cycle_B: 0.189, gp: 0.250

[Rank 0] (epoch: 12, iters: 9472, time: 0.001, data: 0.001) , D_A: 0.153, G_A: 1.005, cycle_A: 0.206, D_B: 0.228, G_B: 0.952, cycle_B: 0.178, gp: 0.225

[Rank 0] (epoch: 12, iters: 11072, time: 0.001, data: 0.001) , D_A: 0.203, G_A: 0.978, cycle_A: 0.191, D_B: 0.212, G_B: 1.061, cycle_B: 0.179, gp: 0.207

[Rank 0] (epoch: 12, iters: 12672, time: 0.001, data: 0.001) , D_A: 0.188, G_A: 0.955, cycle_A: 0.187, D_B: 0.219, G_B: 1.035, cycle_B: 0.183, gp: 0.216

[Rank 0] (epoch: 12, iters: 14272, time: 0.001, data: 0.001) , D_A: 0.206, G_A: 0.989, cycle_A: 0.200, D_B: 0.178, G_B: 0.981, cycle_B: 0.176, gp: 0.176

[Rank 0] (epoch: 12, iters: 15872, time: 0.001, data: 0.001) , D_A: 0.169, G_A: 0.993, cycle_A: 0.181, D_B: 0.183, G_B: 1.029, cycle_B: 0.169, gp: 0.180

[Rank 0] (epoch: 12, iters: 17472, time: 0.001, data: 0.001) , D_A: 0.173, G_A: 0.969, cycle_A: 0.205, D_B: 0.183, G_B: 1.016, cycle_B: 0.175, gp: 0.181

[Rank 0] (epoch: 12, iters: 19072, time: 0.001, data: 0.001) , D_A: 0.182, G_A: 1.040, cycle_A: 0.199, D_B: 0.124, G_B: 1.004, cycle_B: 0.182, gp: 0.122

[Rank 0] (epoch: 12, iters: 20672, time: 0.001, data: 0.001) , D_A: 0.204, G_A: 0.978, cycle_A: 0.210, D_B: 0.215, G_B: 0.987, cycle_B: 0.240, gp: 0.213

[Rank 0] (epoch: 12, iters: 22272, time: 0.001, data: 0.001) , D_A: 0.155, G_A: 0.994, cycle_A: 0.201, D_B: 0.205, G_B: 0.903, cycle_B: 0.187, gp: 0.198

[Rank 0] (epoch: 12, iters: 23872, time: 0.001, data: 0.001) , D_A: 0.196, G_A: 0.990, cycle_A: 0.190, D_B: 0.199, G_B: 0.961, cycle_B: 0.186, gp: 0.195

[Rank 0] (epoch: 12, iters: 25472, time: 0.001, data: 0.001) , D_A: 0.179, G_A: 0.992, cycle_A: 0.205, D_B: 0.253, G_B: 0.980, cycle_B: 0.190, gp: 0.250

[Rank 0] (epoch: 12, iters: 27072, time: 0.001, data: 0.001) , D_A: 0.145, G_A: 1.014, cycle_A: 0.196, D_B: 0.207, G_B: 0.994, cycle_B: 0.191, gp: 0.205

[Rank 0] (epoch: 12, iters: 28672, time: 0.001, data: 0.001) , D_A: 0.173, G_A: 0.994, cycle_A: 0.202, D_B: 0.155, G_B: 0.988, cycle_B: 0.206, gp: 0.152

[Rank 0] (epoch: 12, iters: 30272, time: 0.001, data: 0.001) , D_A: 0.148, G_A: 1.007, cycle_A: 0.195, D_B: 0.168, G_B: 0.995, cycle_B: 0.204, gp: 0.166

[Rank 0] (epoch: 12, iters: 31872, time: 0.001, data: 0.001) , D_A: 0.240, G_A: 1.007, cycle_A: 0.188, D_B: 0.230, G_B: 1.023, cycle_B: 0.196, gp: 0.227

[Rank 0] (epoch: 12, iters: 33472, time: 0.001, data: 0.001) , D_A: 0.173, G_A: 1.031, cycle_A: 0.197, D_B: 0.193, G_B: 0.989, cycle_B: 0.187, gp: 0.191

--- iter tau=0.3484 ---
  cipher in :  to do so at any moment as it is all that is needed is for one m
  decrypted : e aehaeuaeo eolwefafsl eoue  e ueonne io e uelsshshe uegatealsef
  real plain: rin that stayed bleakly in place even when he was pumping bullet
  cipher in : fell upon her verses an overwhelming yea but all this i am well 
  decrypted : gsnnedraleistebstusueoleabstxisnf lyewsoend eonne i ue eofexsnne
  real plain: exibility they often fail however to develop real abdominal back
[Rank 0] (epoch: 12, iters: 35072, time: 0.001, data: 0.001) , D_A: 0.102, G_A: 0.991, cycle_A: 0.187, D_B: 0.156, G_B: 0.961, cycle_B: 0.185, gp: 0.154

saving the latest model (epoch 12, total_iters 480000)
[Rank 0] (epoch: 12, iters: 36672, time: 0.001, data: 0.001) , D_A: 0.174, G_A: 0.982, cycle_A: 0.189, D_B: 0.128, G_B: 0.972, cycle_B: 0.191, gp: 0.126

[Rank 0] (epoch: 12, iters: 38272, time: 0.001, data: 0.001) , D_A: 0.135, G_A: 0.987, cycle_A: 0.191, D_B: 0.175, G_B: 0.962, cycle_B: 0.189, gp: 0.173

[Rank 0] (epoch: 12, iters: 39872, time: 0.001, data: 0.001) , D_A: 0.198, G_A: 0.976, cycle_A: 0.206, D_B: 0.193, G_B: 0.969, cycle_B: 0.183, gp: 0.191

learning rate 0.0002000 -> 0.0002000
temperature tau = 0.3371
End of epoch 12 / 50 	 Time Taken: 35 sec
[Rank 0] (epoch: 13, iters: 1024, time: 0.001, data: 0.000) , D_A: 0.208, G_A: 0.959, cycle_A: 0.200, D_B: 0.199, G_B: 1.037, cycle_B: 0.190, gp: 0.195

[Rank 0] (epoch: 13, iters: 2624, time: 0.001, data: 0.001) , D_A: 0.190, G_A: 0.936, cycle_A: 0.189, D_B: 0.294, G_B: 0.995, cycle_B: 0.184, gp: 0.291

[Rank 0] (epoch: 13, iters: 4224, time: 0.001, data: 0.001) , D_A: 0.256, G_A: 0.980, cycle_A: 0.193, D_B: 0.240, G_B: 0.934, cycle_B: 0.186, gp: 0.236

[Rank 0] (epoch: 13, iters: 5824, time: 0.001, data: 0.001) , D_A: 0.150, G_A: 1.007, cycle_A: 0.201, D_B: 0.139, G_B: 1.009, cycle_B: 0.187, gp: 0.136

[Rank 0] (epoch: 13, iters: 7424, time: 0.001, data: 0.001) , D_A: 0.204, G_A: 0.959, cycle_A: 0.192, D_B: 0.221, G_B: 0.916, cycle_B: 0.197, gp: 0.219

[Rank 0] (epoch: 13, iters: 9024, time: 0.001, data: 0.001) , D_A: 0.346, G_A: 0.917, cycle_A: 0.206, D_B: 0.206, G_B: 0.931, cycle_B: 0.188, gp: 0.203

[Rank 0] (epoch: 13, iters: 10624, time: 0.001, data: 0.001) , D_A: 0.107, G_A: 0.962, cycle_A: 0.183, D_B: 0.143, G_B: 0.972, cycle_B: 0.191, gp: 0.140

[Rank 0] (epoch: 13, iters: 12224, time: 0.001, data: 0.001) , D_A: 0.197, G_A: 0.977, cycle_A: 0.200, D_B: 0.190, G_B: 1.026, cycle_B: 0.181, gp: 0.188

[Rank 0] (epoch: 13, iters: 13824, time: 0.001, data: 0.001) , D_A: 0.190, G_A: 1.000, cycle_A: 0.192, D_B: 0.187, G_B: 0.957, cycle_B: 0.192, gp: 0.183

[Rank 0] (epoch: 13, iters: 15424, time: 0.001, data: 0.001) , D_A: 0.306, G_A: 0.990, cycle_A: 0.195, D_B: 0.264, G_B: 1.008, cycle_B: 0.187, gp: 0.262

[Rank 0] (epoch: 13, iters: 17024, time: 0.001, data: 0.001) , D_A: 0.200, G_A: 0.983, cycle_A: 0.181, D_B: 0.188, G_B: 0.982, cycle_B: 0.175, gp: 0.186

[Rank 0] (epoch: 13, iters: 18624, time: 0.001, data: 0.001) , D_A: 0.217, G_A: 0.982, cycle_A: 0.205, D_B: 0.155, G_B: 0.974, cycle_B: 0.185, gp: 0.153

[Rank 0] (epoch: 13, iters: 20224, time: 0.001, data: 0.001) , D_A: 0.173, G_A: 0.993, cycle_A: 0.195, D_B: 0.238, G_B: 0.942, cycle_B: 0.186, gp: 0.235

[Rank 0] (epoch: 13, iters: 21824, time: 0.001, data: 0.001) , D_A: 0.146, G_A: 0.962, cycle_A: 0.184, D_B: 0.230, G_B: 1.115, cycle_B: 0.183, gp: 0.224

[Rank 0] (epoch: 13, iters: 23424, time: 0.001, data: 0.001) , D_A: 0.134, G_A: 0.988, cycle_A: 0.180, D_B: 0.245, G_B: 1.002, cycle_B: 0.207, gp: 0.243

[Rank 0] (epoch: 13, iters: 25024, time: 0.001, data: 0.001) , D_A: 0.226, G_A: 0.950, cycle_A: 0.192, D_B: 0.232, G_B: 0.996, cycle_B: 0.183, gp: 0.229

[Rank 0] (epoch: 13, iters: 26624, time: 0.001, data: 0.001) , D_A: 0.118, G_A: 0.986, cycle_A: 0.197, D_B: 0.183, G_B: 1.009, cycle_B: 0.191, gp: 0.180

[Rank 0] (epoch: 13, iters: 28224, time: 0.001, data: 0.001) , D_A: 0.141, G_A: 0.969, cycle_A: 0.197, D_B: 0.146, G_B: 1.001, cycle_B: 0.204, gp: 0.143

[Rank 0] (epoch: 13, iters: 29824, time: 0.001, data: 0.001) , D_A: 0.122, G_A: 0.975, cycle_A: 0.184, D_B: 0.101, G_B: 0.980, cycle_B: 0.193, gp: 0.098

[Rank 0] (epoch: 13, iters: 31424, time: 0.001, data: 0.001) , D_A: 0.233, G_A: 0.929, cycle_A: 0.200, D_B: 0.243, G_B: 1.030, cycle_B: 0.190, gp: 0.240

[Rank 0] (epoch: 13, iters: 33024, time: 0.001, data: 0.001) , D_A: 0.191, G_A: 0.960, cycle_A: 0.208, D_B: 0.261, G_B: 0.955, cycle_B: 0.176, gp: 0.258

--- iter tau=0.3371 ---
  cipher in : ury upon the concurrence of the secretary of state is authorized
  decrypted : dtwedrale iseralrdttslrseage iseusrts otweageu o se ueod iat dsh
  real plain: that could materialize anywhere at any time to dispense an ancie
  cipher in : l quaker oatss quota and other calorie milk formulas that are cu
  decrypted : nerdonsteao uuerda oeolhea isteronat sef nnegatfdnoue io eotserd
  real plain: knew too when things got a little out of hand they very rapidly 
[Rank 0] (epoch: 13, iters: 34624, time: 0.001, data: 0.001) , D_A: 0.288, G_A: 1.028, cycle_A: 0.199, D_B: 0.223, G_B: 1.055, cycle_B: 0.180, gp: 0.218

saving the latest model (epoch 13, total_iters 520000)
[Rank 0] (epoch: 13, iters: 36224, time: 0.001, data: 0.001) , D_A: 0.251, G_A: 0.999, cycle_A: 0.205, D_B: 0.155, G_B: 1.013, cycle_B: 0.180, gp: 0.153

[Rank 0] (epoch: 13, iters: 37824, time: 0.001, data: 0.001) , D_A: 0.205, G_A: 1.001, cycle_A: 0.174, D_B: 0.237, G_B: 0.985, cycle_B: 0.180, gp: 0.234

[Rank 0] (epoch: 13, iters: 39424, time: 0.001, data: 0.001) , D_A: 0.243, G_A: 0.964, cycle_A: 0.199, D_B: 0.247, G_B: 1.011, cycle_B: 0.182, gp: 0.245

learning rate 0.0002000 -> 0.0002000
temperature tau = 0.3262
End of epoch 13 / 50 	 Time Taken: 35 sec
[Rank 0] (epoch: 14, iters: 576, time: 0.001, data: 0.001) , D_A: 0.304, G_A: 0.933, cycle_A: 0.193, D_B: 0.289, G_B: 0.971, cycle_B: 0.189, gp: 0.288

[Rank 0] (epoch: 14, iters: 2176, time: 0.001, data: 0.000) , D_A: 0.213, G_A: 0.970, cycle_A: 0.200, D_B: 1.619, G_B: 0.407, cycle_B: 0.183, gp: 0.835

[Rank 0] (epoch: 14, iters: 3776, time: 0.001, data: 0.001) , D_A: 0.200, G_A: 1.012, cycle_A: 0.405, D_B: 0.335, G_B: 0.902, cycle_B: 0.472, gp: 0.320

[Rank 0] (epoch: 14, iters: 5376, time: 0.001, data: 0.001) , D_A: 0.298, G_A: 0.953, cycle_A: 0.559, D_B: 0.356, G_B: 0.994, cycle_B: 0.590, gp: 0.348

[Rank 0] (epoch: 14, iters: 6976, time: 0.001, data: 0.001) , D_A: 0.401, G_A: 0.943, cycle_A: 0.322, D_B: 0.343, G_B: 0.977, cycle_B: 0.310, gp: 0.337

[Rank 0] (epoch: 14, iters: 8576, time: 0.001, data: 0.001) , D_A: 0.412, G_A: 0.760, cycle_A: 0.288, D_B: 0.257, G_B: 0.982, cycle_B: 0.226, gp: 0.252

[Rank 0] (epoch: 14, iters: 10176, time: 0.001, data: 0.001) , D_A: 0.296, G_A: 1.028, cycle_A: 0.264, D_B: 0.272, G_B: 0.945, cycle_B: 0.228, gp: 0.266

[Rank 0] (epoch: 14, iters: 11776, time: 0.001, data: 0.001) , D_A: 0.270, G_A: 0.921, cycle_A: 0.248, D_B: 0.242, G_B: 1.023, cycle_B: 0.186, gp: 0.238

[Rank 0] (epoch: 14, iters: 13376, time: 0.001, data: 0.001) , D_A: 0.348, G_A: 0.994, cycle_A: 0.247, D_B: 0.278, G_B: 0.973, cycle_B: 0.190, gp: 0.275

[Rank 0] (epoch: 14, iters: 14976, time: 0.001, data: 0.001) , D_A: 0.293, G_A: 0.967, cycle_A: 0.229, D_B: 0.221, G_B: 0.975, cycle_B: 0.190, gp: 0.215

[Rank 0] (epoch: 14, iters: 16576, time: 0.001, data: 0.001) , D_A: 0.277, G_A: 1.014, cycle_A: 0.235, D_B: 0.209, G_B: 0.998, cycle_B: 0.186, gp: 0.206

[Rank 0] (epoch: 14, iters: 18176, time: 0.001, data: 0.001) , D_A: 0.316, G_A: 0.899, cycle_A: 0.232, D_B: 0.342, G_B: 1.003, cycle_B: 0.168, gp: 0.339

[Rank 0] (epoch: 14, iters: 19776, time: 0.001, data: 0.001) , D_A: 0.287, G_A: 0.991, cycle_A: 0.254, D_B: 0.290, G_B: 0.989, cycle_B: 0.185, gp: 0.286

[Rank 0] (epoch: 14, iters: 21376, time: 0.001, data: 0.001) , D_A: 0.340, G_A: 1.047, cycle_A: 0.237, D_B: 0.240, G_B: 0.935, cycle_B: 0.170, gp: 0.236

[Rank 0] (epoch: 14, iters: 22976, time: 0.001, data: 0.001) , D_A: 0.278, G_A: 0.978, cycle_A: 0.238, D_B: 0.309, G_B: 0.962, cycle_B: 0.188, gp: 0.307

[Rank 0] (epoch: 14, iters: 24576, time: 0.001, data: 0.001) , D_A: 0.225, G_A: 0.988, cycle_A: 0.230, D_B: 0.191, G_B: 0.976, cycle_B: 0.184, gp: 0.188

[Rank 0] (epoch: 14, iters: 26176, time: 0.001, data: 0.001) , D_A: 0.277, G_A: 0.971, cycle_A: 0.228, D_B: 0.283, G_B: 0.974, cycle_B: 0.180, gp: 0.280

[Rank 0] (epoch: 14, iters: 27776, time: 0.001, data: 0.001) , D_A: 0.301, G_A: 0.891, cycle_A: 0.241, D_B: 0.184, G_B: 1.011, cycle_B: 0.163, gp: 0.181

[Rank 0] (epoch: 14, iters: 29376, time: 0.001, data: 0.001) , D_A: 0.174, G_A: 1.005, cycle_A: 0.235, D_B: 0.269, G_B: 1.006, cycle_B: 0.173, gp: 0.266

[Rank 0] (epoch: 14, iters: 30976, time: 0.001, data: 0.001) , D_A: 0.196, G_A: 0.986, cycle_A: 0.226, D_B: 0.281, G_B: 1.022, cycle_B: 0.176, gp: 0.278

[Rank 0] (epoch: 14, iters: 32576, time: 0.001, data: 0.001) , D_A: 0.215, G_A: 0.988, cycle_A: 0.233, D_B: 0.274, G_B: 0.979, cycle_B: 0.171, gp: 0.271

--- iter tau=0.3262 ---
  cipher in : th laura and he had no idea what they would be like mcfeeley not
  decrypted :  ienodtoeogleiseiolegae lsoepio e iswepadnlecsen csefrgssnswega 
  real plain: r minutes well work hard tuesday wednesday and thursday meek sai
  cipher in : on very favorable to leesona interim financing of construction c
  decrypted : age stwego atocnse aenssuagoe g st feg gogr gyeageragu tdr  ager
  real plain: the department of economic affairs will indicate to the exportim
[Rank 0] (epoch: 14, iters: 34176, time: 0.001, data: 0.001) , D_A: 0.281, G_A: 0.986, cycle_A: 0.224, D_B: 0.209, G_B: 0.985, cycle_B: 0.179, gp: 0.206

saving the latest model (epoch 14, total_iters 560000)
[Rank 0] (epoch: 14, iters: 35776, time: 0.001, data: 0.001) , D_A: 0.107, G_A: 0.940, cycle_A: 0.244, D_B: 0.196, G_B: 0.993, cycle_B: 0.164, gp: 0.193

[Rank 0] (epoch: 14, iters: 37376, time: 0.001, data: 0.001) , D_A: 0.284, G_A: 0.966, cycle_A: 0.238, D_B: 0.324, G_B: 0.989, cycle_B: 0.165, gp: 0.321

[Rank 0] (epoch: 14, iters: 38976, time: 0.001, data: 0.001) , D_A: 0.265, G_A: 0.981, cycle_A: 0.244, D_B: 0.200, G_B: 0.978, cycle_B: 0.169, gp: 0.197

learning rate 0.0002000 -> 0.0002000
temperature tau = 0.3157
End of epoch 14 / 50 	 Time Taken: 38 sec
[Rank 0] (epoch: 15, iters: 128, time: 0.001, data: 0.001) , D_A: 0.194, G_A: 1.011, cycle_A: 0.228, D_B: 0.219, G_B: 0.997, cycle_B: 0.177, gp: 0.215

[Rank 0] (epoch: 15, iters: 1728, time: 0.001, data: 0.001) , D_A: 0.330, G_A: 0.909, cycle_A: 0.239, D_B: 0.292, G_B: 1.010, cycle_B: 0.179, gp: 0.289

[Rank 0] (epoch: 15, iters: 3328, time: 0.001, data: 0.001) , D_A: 0.241, G_A: 1.023, cycle_A: 0.240, D_B: 0.177, G_B: 1.031, cycle_B: 0.171, gp: 0.174

[Rank 0] (epoch: 15, iters: 4928, time: 0.001, data: 0.001) , D_A: 0.209, G_A: 0.980, cycle_A: 0.230, D_B: 0.147, G_B: 0.986, cycle_B: 0.179, gp: 0.143

[Rank 0] (epoch: 15, iters: 6528, time: 0.001, data: 0.001) , D_A: 0.308, G_A: 1.024, cycle_A: 0.235, D_B: 0.156, G_B: 1.000, cycle_B: 0.163, gp: 0.153

[Rank 0] (epoch: 15, iters: 8128, time: 0.001, data: 0.001) , D_A: 0.224, G_A: 0.985, cycle_A: 0.240, D_B: 0.238, G_B: 1.023, cycle_B: 0.163, gp: 0.235

[Rank 0] (epoch: 15, iters: 9728, time: 0.001, data: 0.001) , D_A: 0.295, G_A: 1.056, cycle_A: 0.237, D_B: 0.248, G_B: 0.975, cycle_B: 0.182, gp: 0.244

[Rank 0] (epoch: 15, iters: 11328, time: 0.001, data: 0.001) , D_A: 0.226, G_A: 0.977, cycle_A: 0.230, D_B: 0.233, G_B: 1.046, cycle_B: 0.168, gp: 0.229

[Rank 0] (epoch: 15, iters: 12928, time: 0.001, data: 0.001) , D_A: 0.297, G_A: 1.004, cycle_A: 0.237, D_B: 0.249, G_B: 1.038, cycle_B: 0.177, gp: 0.246

[Rank 0] (epoch: 15, iters: 14528, time: 0.001, data: 0.001) , D_A: 0.368, G_A: 0.973, cycle_A: 0.235, D_B: 0.182, G_B: 0.990, cycle_B: 0.165, gp: 0.180

[Rank 0] (epoch: 15, iters: 16128, time: 0.001, data: 0.001) , D_A: 0.248, G_A: 0.953, cycle_A: 0.242, D_B: 0.268, G_B: 0.987, cycle_B: 0.165, gp: 0.266

[Rank 0] (epoch: 15, iters: 17728, time: 0.001, data: 0.001) , D_A: 0.164, G_A: 1.024, cycle_A: 0.234, D_B: 0.229, G_B: 1.034, cycle_B: 0.158, gp: 0.227

[Rank 0] (epoch: 15, iters: 19328, time: 0.001, data: 0.001) , D_A: 0.223, G_A: 1.008, cycle_A: 0.240, D_B: 0.195, G_B: 0.988, cycle_B: 0.169, gp: 0.192

[Rank 0] (epoch: 15, iters: 20928, time: 0.001, data: 0.001) , D_A: 0.266, G_A: 0.977, cycle_A: 0.226, D_B: 0.158, G_B: 0.934, cycle_B: 0.178, gp: 0.154

[Rank 0] (epoch: 15, iters: 22528, time: 0.001, data: 0.001) , D_A: 0.193, G_A: 1.019, cycle_A: 0.247, D_B: 0.149, G_B: 1.021, cycle_B: 0.169, gp: 0.147

[Rank 0] (epoch: 15, iters: 24128, time: 0.001, data: 0.001) , D_A: 0.306, G_A: 0.999, cycle_A: 0.245, D_B: 0.151, G_B: 0.993, cycle_B: 0.174, gp: 0.149

[Rank 0] (epoch: 15, iters: 25728, time: 0.001, data: 0.001) , D_A: 0.172, G_A: 0.946, cycle_A: 0.238, D_B: 0.159, G_B: 0.997, cycle_B: 0.166, gp: 0.157

[Rank 0] (epoch: 15, iters: 27328, time: 0.001, data: 0.001) , D_A: 0.163, G_A: 1.005, cycle_A: 0.233, D_B: 0.138, G_B: 1.000, cycle_B: 0.173, gp: 0.135

[Rank 0] (epoch: 15, iters: 28928, time: 0.001, data: 0.001) , D_A: 0.272, G_A: 0.996, cycle_A: 0.238, D_B: 0.247, G_B: 0.999, cycle_B: 0.169, gp: 0.244

[Rank 0] (epoch: 15, iters: 30528, time: 0.001, data: 0.001) , D_A: 0.137, G_A: 1.002, cycle_A: 0.225, D_B: 0.093, G_B: 0.914, cycle_B: 0.162, gp: 0.089

[Rank 0] (epoch: 15, iters: 32128, time: 0.001, data: 0.001) , D_A: 0.151, G_A: 0.969, cycle_A: 0.237, D_B: 0.310, G_B: 1.036, cycle_B: 0.162, gp: 0.307

--- iter tau=0.3157 ---
  cipher in : udden death but you realize i am sure how much old deeds incite 
  decrypted : dhhsgehso iecd ewadetson dse eofeudtseiapefdrieanhehsshue gr  se
  real plain: e private detectives zeal perry mason and hamilton burger nero w
  cipher in : d the revolt against the crown among bourbons the racial issue m
  decrypted : he isets an eoyo gu e isertapgeofagyecadtcague isetor one uudsef
  real plain: these dimensions roughly some six and a half times bigger than a
[Rank 0] (epoch: 15, iters: 33728, time: 0.001, data: 0.001) , D_A: 0.128, G_A: 0.973, cycle_A: 0.243, D_B: 0.202, G_B: 0.962, cycle_B: 0.169, gp: 0.199

saving the latest model (epoch 15, total_iters 600000)
[Rank 0] (epoch: 15, iters: 35328, time: 0.001, data: 0.001) , D_A: 0.231, G_A: 0.986, cycle_A: 0.242, D_B: 0.180, G_B: 1.032, cycle_B: 0.157, gp: 0.177

[Rank 0] (epoch: 15, iters: 36928, time: 0.001, data: 0.001) , D_A: 0.195, G_A: 1.011, cycle_A: 0.237, D_B: 0.152, G_B: 0.992, cycle_B: 0.168, gp: 0.149

[Rank 0] (epoch: 15, iters: 38528, time: 0.001, data: 0.001) , D_A: 0.210, G_A: 0.996, cycle_A: 0.242, D_B: 0.180, G_B: 1.012, cycle_B: 0.173, gp: 0.178

[Rank 0] (epoch: 15, iters: 40128, time: 0.001, data: 0.001) , D_A: 0.225, G_A: 1.004, cycle_A: 0.254, D_B: 0.176, G_B: 0.951, cycle_B: 0.163, gp: 0.173

learning rate 0.0002000 -> 0.0002000
temperature tau = 0.3055
End of epoch 15 / 50 	 Time Taken: 34 sec
[Rank 0] (epoch: 16, iters: 1280, time: 0.001, data: 0.001) , D_A: 0.205, G_A: 0.981, cycle_A: 0.231, D_B: 0.154, G_B: 0.964, cycle_B: 0.168, gp: 0.152

[Rank 0] (epoch: 16, iters: 2880, time: 0.001, data: 0.001) , D_A: 0.217, G_A: 0.941, cycle_A: 0.222, D_B: 0.198, G_B: 1.068, cycle_B: 0.179, gp: 0.195

[Rank 0] (epoch: 16, iters: 4480, time: 0.001, data: 0.001) , D_A: 0.242, G_A: 0.869, cycle_A: 0.236, D_B: 0.217, G_B: 0.993, cycle_B: 0.171, gp: 0.214

[Rank 0] (epoch: 16, iters: 6080, time: 0.001, data: 0.001) , D_A: 0.181, G_A: 0.978, cycle_A: 0.232, D_B: 0.231, G_B: 0.978, cycle_B: 0.173, gp: 0.228

[Rank 0] (epoch: 16, iters: 7680, time: 0.001, data: 0.001) , D_A: 0.233, G_A: 0.954, cycle_A: 0.237, D_B: 0.140, G_B: 0.974, cycle_B: 0.163, gp: 0.137

[Rank 0] (epoch: 16, iters: 9280, time: 0.001, data: 0.001) , D_A: 0.265, G_A: 0.946, cycle_A: 0.235, D_B: 0.246, G_B: 1.008, cycle_B: 0.178, gp: 0.243

[Rank 0] (epoch: 16, iters: 10880, time: 0.001, data: 0.001) , D_A: 0.197, G_A: 1.069, cycle_A: 0.243, D_B: 0.179, G_B: 0.941, cycle_B: 0.170, gp: 0.176

[Rank 0] (epoch: 16, iters: 12480, time: 0.001, data: 0.001) , D_A: 0.193, G_A: 0.971, cycle_A: 0.231, D_B: 0.209, G_B: 0.953, cycle_B: 0.163, gp: 0.205

[Rank 0] (epoch: 16, iters: 14080, time: 0.001, data: 0.001) , D_A: 0.258, G_A: 1.116, cycle_A: 0.242, D_B: 0.151, G_B: 0.984, cycle_B: 0.165, gp: 0.148

[Rank 0] (epoch: 16, iters: 15680, time: 0.001, data: 0.001) , D_A: 0.245, G_A: 1.034, cycle_A: 0.234, D_B: 0.151, G_B: 0.960, cycle_B: 0.164, gp: 0.149

[Rank 0] (epoch: 16, iters: 17280, time: 0.001, data: 0.001) , D_A: 0.268, G_A: 1.041, cycle_A: 0.226, D_B: 0.164, G_B: 1.020, cycle_B: 0.180, gp: 0.161

[Rank 0] (epoch: 16, iters: 18880, time: 0.001, data: 0.001) , D_A: 0.175, G_A: 0.951, cycle_A: 0.224, D_B: 0.162, G_B: 0.994, cycle_B: 0.162, gp: 0.160

[Rank 0] (epoch: 16, iters: 20480, time: 0.001, data: 0.000) , D_A: 0.238, G_A: 0.993, cycle_A: 0.232, D_B: 0.189, G_B: 0.962, cycle_B: 0.166, gp: 0.186

[Rank 0] (epoch: 16, iters: 22080, time: 0.001, data: 0.001) , D_A: 0.202, G_A: 0.988, cycle_A: 0.236, D_B: 0.228, G_B: 0.998, cycle_B: 0.158, gp: 0.226

[Rank 0] (epoch: 16, iters: 23680, time: 0.001, data: 0.001) , D_A: 0.242, G_A: 1.020, cycle_A: 0.235, D_B: 0.231, G_B: 0.992, cycle_B: 0.155, gp: 0.228

[Rank 0] (epoch: 16, iters: 25280, time: 0.001, data: 0.001) , D_A: 0.273, G_A: 1.008, cycle_A: 0.233, D_B: 0.217, G_B: 1.024, cycle_B: 0.170, gp: 0.215

[Rank 0] (epoch: 16, iters: 26880, time: 0.001, data: 0.001) , D_A: 0.201, G_A: 1.023, cycle_A: 0.234, D_B: 0.186, G_B: 0.922, cycle_B: 0.158, gp: 0.183

[Rank 0] (epoch: 16, iters: 28480, time: 0.001, data: 0.001) , D_A: 0.256, G_A: 0.981, cycle_A: 0.239, D_B: 0.177, G_B: 1.011, cycle_B: 0.182, gp: 0.176

[Rank 0] (epoch: 16, iters: 30080, time: 0.001, data: 0.001) , D_A: 0.226, G_A: 0.997, cycle_A: 0.233, D_B: 0.170, G_B: 0.993, cycle_B: 0.163, gp: 0.168

[Rank 0] (epoch: 16, iters: 31680, time: 0.001, data: 0.001) , D_A: 0.207, G_A: 1.092, cycle_A: 0.247, D_B: 0.229, G_B: 1.033, cycle_B: 0.166, gp: 0.226

--- iter tau=0.3055 ---
  cipher in :  company began operation in with hardware and oil mill supplies 
  decrypted : erafrogwecsbogearsto  age gep  ieiotlpotseoglea nef nnemdrrn sme
  real plain: mptuous and ecstatic their props were two stepladders a chair an
  cipher in : i italian consul general in boston at a ceremony at pm on dec at
  decrypted :  e  on ogeragmdnebsgstone gecam ageo eoerstsfagweo erfeagelsreo 
  real plain: arried unloaded m rifles the maneuvers were held in secret after
[Rank 0] (epoch: 16, iters: 33280, time: 0.001, data: 0.001) , D_A: 0.277, G_A: 0.981, cycle_A: 0.243, D_B: 0.168, G_B: 1.000, cycle_B: 0.168, gp: 0.166

saving the latest model (epoch 16, total_iters 640000)
[Rank 0] (epoch: 16, iters: 34880, time: 0.001, data: 0.001) , D_A: 0.216, G_A: 0.995, cycle_A: 0.234, D_B: 0.140, G_B: 0.981, cycle_B: 0.161, gp: 0.138

[Rank 0] (epoch: 16, iters: 36480, time: 0.001, data: 0.001) , D_A: 0.294, G_A: 0.927, cycle_A: 0.225, D_B: 0.248, G_B: 0.947, cycle_B: 0.164, gp: 0.245

[Rank 0] (epoch: 16, iters: 38080, time: 0.001, data: 0.001) , D_A: 0.167, G_A: 1.011, cycle_A: 0.245, D_B: 0.300, G_B: 1.071, cycle_B: 0.166, gp: 0.296

[Rank 0] (epoch: 16, iters: 39680, time: 0.001, data: 0.001) , D_A: 0.276, G_A: 1.028, cycle_A: 0.237, D_B: 0.235, G_B: 0.988, cycle_B: 0.168, gp: 0.233

learning rate 0.0002000 -> 0.0002000
temperature tau = 0.2956
End of epoch 16 / 50 	 Time Taken: 34 sec
[Rank 0] (epoch: 17, iters: 832, time: 0.001, data: 0.001) , D_A: 0.263, G_A: 0.918, cycle_A: 0.239, D_B: 0.145, G_B: 0.881, cycle_B: 0.181, gp: 0.142

[Rank 0] (epoch: 17, iters: 2432, time: 0.001, data: 0.001) , D_A: 0.238, G_A: 0.938, cycle_A: 0.231, D_B: 0.203, G_B: 0.989, cycle_B: 0.161, gp: 0.201

[Rank 0] (epoch: 17, iters: 4032, time: 0.001, data: 0.001) , D_A: 0.245, G_A: 1.012, cycle_A: 0.224, D_B: 0.202, G_B: 1.003, cycle_B: 0.160, gp: 0.200

[Rank 0] (epoch: 17, iters: 5632, time: 0.001, data: 0.001) , D_A: 0.201, G_A: 1.001, cycle_A: 0.244, D_B: 0.225, G_B: 1.014, cycle_B: 0.153, gp: 0.223

[Rank 0] (epoch: 17, iters: 7232, time: 0.001, data: 0.001) , D_A: 0.227, G_A: 0.924, cycle_A: 0.237, D_B: 0.189, G_B: 1.008, cycle_B: 0.165, gp: 0.186

[Rank 0] (epoch: 17, iters: 8832, time: 0.001, data: 0.001) , D_A: 0.203, G_A: 1.007, cycle_A: 0.231, D_B: 0.281, G_B: 0.968, cycle_B: 0.167, gp: 0.279

[Rank 0] (epoch: 17, iters: 10432, time: 0.001, data: 0.001) , D_A: 0.286, G_A: 0.865, cycle_A: 0.233, D_B: 0.238, G_B: 0.914, cycle_B: 0.151, gp: 0.231

[Rank 0] (epoch: 17, iters: 12032, time: 0.001, data: 0.001) , D_A: 0.259, G_A: 1.016, cycle_A: 0.236, D_B: 0.166, G_B: 0.997, cycle_B: 0.159, gp: 0.164

[Rank 0] (epoch: 17, iters: 13632, time: 0.001, data: 0.001) , D_A: 0.240, G_A: 0.874, cycle_A: 0.224, D_B: 0.152, G_B: 0.984, cycle_B: 0.167, gp: 0.149

[Rank 0] (epoch: 17, iters: 15232, time: 0.001, data: 0.001) , D_A: 0.195, G_A: 0.966, cycle_A: 0.245, D_B: 0.201, G_B: 0.969, cycle_B: 0.174, gp: 0.199

[Rank 0] (epoch: 17, iters: 16832, time: 0.001, data: 0.001) , D_A: 0.251, G_A: 1.051, cycle_A: 0.235, D_B: 0.250, G_B: 1.013, cycle_B: 0.164, gp: 0.248

[Rank 0] (epoch: 17, iters: 18432, time: 0.001, data: 0.001) , D_A: 0.197, G_A: 1.033, cycle_A: 0.230, D_B: 0.104, G_B: 0.997, cycle_B: 0.163, gp: 0.101

[Rank 0] (epoch: 17, iters: 20032, time: 0.001, data: 0.001) , D_A: 0.258, G_A: 1.009, cycle_A: 0.239, D_B: 0.212, G_B: 0.992, cycle_B: 0.166, gp: 0.210

[Rank 0] (epoch: 17, iters: 21632, time: 0.001, data: 0.001) , D_A: 0.199, G_A: 1.052, cycle_A: 0.222, D_B: 0.217, G_B: 1.052, cycle_B: 0.167, gp: 0.215

[Rank 0] (epoch: 17, iters: 23232, time: 0.001, data: 0.001) , D_A: 0.241, G_A: 1.050, cycle_A: 0.240, D_B: 0.141, G_B: 1.052, cycle_B: 0.177, gp: 0.138

[Rank 0] (epoch: 17, iters: 24832, time: 0.001, data: 0.001) , D_A: 0.303, G_A: 0.978, cycle_A: 0.239, D_B: 0.160, G_B: 1.029, cycle_B: 0.163, gp: 0.158

[Rank 0] (epoch: 17, iters: 26432, time: 0.001, data: 0.001) , D_A: 0.202, G_A: 1.041, cycle_A: 0.239, D_B: 0.197, G_B: 0.979, cycle_B: 0.171, gp: 0.194

[Rank 0] (epoch: 17, iters: 28032, time: 0.001, data: 0.001) , D_A: 0.222, G_A: 1.048, cycle_A: 0.240, D_B: 0.207, G_B: 1.000, cycle_B: 0.160, gp: 0.204

[Rank 0] (epoch: 17, iters: 29632, time: 0.001, data: 0.001) , D_A: 0.178, G_A: 0.932, cycle_A: 0.233, D_B: 0.195, G_B: 0.940, cycle_B: 0.161, gp: 0.192

[Rank 0] (epoch: 17, iters: 31232, time: 0.001, data: 0.001) , D_A: 0.190, G_A: 0.947, cycle_A: 0.244, D_B: 0.271, G_B: 1.033, cycle_B: 0.174, gp: 0.268

--- iter tau=0.2956 ---
  cipher in : spondence can be established between the lines of two such penci
  decrypted : mraghsgrserogecsesm ocn mishecs pssge isen gsmeage paemdriersgr 
  real plain: mptuous and ecstatic their props were two stepladders a chair an
  cipher in : ng about the world view of the old chinese which they felt they 
  decrypted : gyeocad e isepatnhe  speage iseanheri gsmsepi rie iswegsn e iswe
  real plain: arried unloaded m rifles the maneuvers were held in secret after
[Rank 0] (epoch: 17, iters: 32832, time: 0.001, data: 0.001) , D_A: 0.135, G_A: 1.013, cycle_A: 0.225, D_B: 0.186, G_B: 0.992, cycle_B: 0.163, gp: 0.184

saving the latest model (epoch 17, total_iters 680000)
[Rank 0] (epoch: 17, iters: 34432, time: 0.001, data: 0.001) , D_A: 0.208, G_A: 1.036, cycle_A: 0.240, D_B: 0.155, G_B: 0.926, cycle_B: 0.156, gp: 0.151

[Rank 0] (epoch: 17, iters: 36032, time: 0.001, data: 0.001) , D_A: 0.224, G_A: 1.000, cycle_A: 0.225, D_B: 0.101, G_B: 0.962, cycle_B: 0.160, gp: 0.099

[Rank 0] (epoch: 17, iters: 37632, time: 0.001, data: 0.001) , D_A: 0.140, G_A: 1.028, cycle_A: 0.236, D_B: 0.174, G_B: 0.991, cycle_B: 0.163, gp: 0.172

[Rank 0] (epoch: 17, iters: 39232, time: 0.001, data: 0.001) , D_A: 0.177, G_A: 1.092, cycle_A: 0.245, D_B: 0.203, G_B: 0.972, cycle_B: 0.171, gp: 0.201

learning rate 0.0002000 -> 0.0002000
temperature tau = 0.2861
End of epoch 17 / 50 	 Time Taken: 35 sec
[Rank 0] (epoch: 18, iters: 384, time: 0.001, data: 0.001) , D_A: 0.146, G_A: 1.004, cycle_A: 0.244, D_B: 0.168, G_B: 1.031, cycle_B: 0.171, gp: 0.166

[Rank 0] (epoch: 18, iters: 1984, time: 0.001, data: 0.002) , D_A: 0.233, G_A: 0.894, cycle_A: 0.241, D_B: 0.149, G_B: 0.994, cycle_B: 0.174, gp: 0.147

[Rank 0] (epoch: 18, iters: 3584, time: 0.001, data: 0.001) , D_A: 0.229, G_A: 0.964, cycle_A: 0.239, D_B: 0.111, G_B: 0.932, cycle_B: 0.166, gp: 0.108

[Rank 0] (epoch: 18, iters: 5184, time: 0.001, data: 0.001) , D_A: 0.184, G_A: 1.009, cycle_A: 0.242, D_B: 0.229, G_B: 1.049, cycle_B: 0.155, gp: 0.226

[Rank 0] (epoch: 18, iters: 6784, time: 0.001, data: 0.001) , D_A: 0.159, G_A: 1.015, cycle_A: 0.235, D_B: 0.224, G_B: 1.011, cycle_B: 0.168, gp: 0.221

[Rank 0] (epoch: 18, iters: 8384, time: 0.001, data: 0.001) , D_A: 0.181, G_A: 0.984, cycle_A: 0.238, D_B: 0.144, G_B: 1.041, cycle_B: 0.165, gp: 0.141

[Rank 0] (epoch: 18, iters: 9984, time: 0.001, data: 0.001) , D_A: 0.154, G_A: 1.019, cycle_A: 0.227, D_B: 0.245, G_B: 0.946, cycle_B: 0.171, gp: 0.242

[Rank 0] (epoch: 18, iters: 11584, time: 0.001, data: 0.001) , D_A: 0.236, G_A: 0.957, cycle_A: 0.224, D_B: 0.227, G_B: 1.056, cycle_B: 0.166, gp: 0.223

[Rank 0] (epoch: 18, iters: 13184, time: 0.001, data: 0.001) , D_A: 0.209, G_A: 0.989, cycle_A: 0.235, D_B: 0.123, G_B: 0.913, cycle_B: 0.170, gp: 0.120

[Rank 0] (epoch: 18, iters: 14784, time: 0.001, data: 0.001) , D_A: 0.319, G_A: 0.910, cycle_A: 0.240, D_B: 0.089, G_B: 1.023, cycle_B: 0.163, gp: 0.088

[Rank 0] (epoch: 18, iters: 16384, time: 0.001, data: 0.001) , D_A: 0.144, G_A: 1.072, cycle_A: 0.236, D_B: 0.203, G_B: 1.089, cycle_B: 0.160, gp: 0.201

[Rank 0] (epoch: 18, iters: 17984, time: 0.001, data: 0.001) , D_A: 0.135, G_A: 0.995, cycle_A: 0.229, D_B: 0.295, G_B: 1.037, cycle_B: 0.162, gp: 0.293

[Rank 0] (epoch: 18, iters: 19584, time: 0.001, data: 0.001) , D_A: 0.175, G_A: 0.927, cycle_A: 0.238, D_B: 0.168, G_B: 0.986, cycle_B: 0.172, gp: 0.166

[Rank 0] (epoch: 18, iters: 21184, time: 0.001, data: 0.001) , D_A: 0.215, G_A: 1.030, cycle_A: 0.246, D_B: 0.137, G_B: 0.909, cycle_B: 0.159, gp: 0.133

[Rank 0] (epoch: 18, iters: 22784, time: 0.001, data: 0.001) , D_A: 0.164, G_A: 0.980, cycle_A: 0.236, D_B: 0.192, G_B: 0.902, cycle_B: 0.170, gp: 0.186

[Rank 0] (epoch: 18, iters: 24384, time: 0.001, data: 0.001) , D_A: 0.205, G_A: 0.982, cycle_A: 0.239, D_B: 0.181, G_B: 0.949, cycle_B: 0.171, gp: 0.178

[Rank 0] (epoch: 18, iters: 25984, time: 0.001, data: 0.001) , D_A: 0.284, G_A: 0.982, cycle_A: 0.231, D_B: 0.227, G_B: 0.986, cycle_B: 0.161, gp: 0.225

[Rank 0] (epoch: 18, iters: 27584, time: 0.001, data: 0.001) , D_A: 0.142, G_A: 1.001, cycle_A: 0.241, D_B: 0.165, G_B: 1.071, cycle_B: 0.167, gp: 0.163

[Rank 0] (epoch: 18, iters: 29184, time: 0.001, data: 0.001) , D_A: 0.226, G_A: 0.936, cycle_A: 0.240, D_B: 0.178, G_B: 1.013, cycle_B: 0.156, gp: 0.176

[Rank 0] (epoch: 18, iters: 30784, time: 0.001, data: 0.001) , D_A: 0.455, G_A: 1.406, cycle_A: 0.238, D_B: 0.118, G_B: 0.971, cycle_B: 0.177, gp: 0.115

--- iter tau=0.2861 ---
  cipher in : n boris first monologue for example even then the flexibility of
  decrypted : gecat meg tm efaganaydsegates ofrnses sge isge isegns  c n  weag
  real plain: ered navy capandball pistol a bayonet hung in a belt scabbard he
  cipher in : minishing outline of a jump seat piled high with luggage herrys 
  decrypted : f g mi gyead n gseageoetdfremso er nshei yiep  iendyyoyseisttwme
  real plain: rocklins aerials skorich however is a strong advocate of a balan
[Rank 0] (epoch: 18, iters: 32384, time: 0.001, data: 0.001) , D_A: 0.180, G_A: 0.983, cycle_A: 0.255, D_B: 0.139, G_B: 0.900, cycle_B: 0.161, gp: 0.133

saving the latest model (epoch 18, total_iters 720000)
[Rank 0] (epoch: 18, iters: 33984, time: 0.001, data: 0.001) , D_A: 0.138, G_A: 0.971, cycle_A: 0.237, D_B: 0.242, G_B: 0.960, cycle_B: 0.166, gp: 0.240

[Rank 0] (epoch: 18, iters: 35584, time: 0.001, data: 0.001) , D_A: 0.131, G_A: 1.017, cycle_A: 0.234, D_B: 0.153, G_B: 0.960, cycle_B: 0.171, gp: 0.150

[Rank 0] (epoch: 18, iters: 37184, time: 0.001, data: 0.001) , D_A: 0.189, G_A: 0.989, cycle_A: 0.244, D_B: 0.127, G_B: 0.952, cycle_B: 0.157, gp: 0.124

[Rank 0] (epoch: 18, iters: 38784, time: 0.001, data: 0.001) , D_A: 0.170, G_A: 1.033, cycle_A: 0.257, D_B: 0.138, G_B: 0.982, cycle_B: 0.176, gp: 0.136

[Rank 0] (epoch: 18, iters: 40384, time: 0.001, data: 0.001) , D_A: 0.228, G_A: 0.984, cycle_A: 0.234, D_B: 0.141, G_B: 0.860, cycle_B: 0.163, gp: 0.137

learning rate 0.0002000 -> 0.0002000
temperature tau = 0.2768
End of epoch 18 / 50 	 Time Taken: 34 sec
[Rank 0] (epoch: 19, iters: 1536, time: 0.001, data: 0.001) , D_A: 0.198, G_A: 0.983, cycle_A: 0.230, D_B: 0.313, G_B: 1.004, cycle_B: 0.160, gp: 0.311

[Rank 0] (epoch: 19, iters: 3136, time: 0.001, data: 0.001) , D_A: 0.284, G_A: 1.002, cycle_A: 0.235, D_B: 0.164, G_B: 0.987, cycle_B: 0.165, gp: 0.162

[Rank 0] (epoch: 19, iters: 4736, time: 0.001, data: 0.001) , D_A: 0.206, G_A: 0.999, cycle_A: 0.243, D_B: 0.149, G_B: 1.045, cycle_B: 0.171, gp: 0.147

[Rank 0] (epoch: 19, iters: 6336, time: 0.001, data: 0.001) , D_A: 0.235, G_A: 0.978, cycle_A: 0.246, D_B: 0.218, G_B: 1.010, cycle_B: 0.162, gp: 0.216

[Rank 0] (epoch: 19, iters: 7936, time: 0.001, data: 0.001) , D_A: 0.198, G_A: 0.993, cycle_A: 0.235, D_B: 0.175, G_B: 0.925, cycle_B: 0.165, gp: 0.172

[Rank 0] (epoch: 19, iters: 9536, time: 0.001, data: 0.001) , D_A: 0.175, G_A: 1.008, cycle_A: 0.237, D_B: 0.160, G_B: 0.979, cycle_B: 0.178, gp: 0.158

[Rank 0] (epoch: 19, iters: 11136, time: 0.001, data: 0.001) , D_A: 0.272, G_A: 1.001, cycle_A: 0.226, D_B: 0.277, G_B: 1.001, cycle_B: 0.169, gp: 0.275

[Rank 0] (epoch: 19, iters: 12736, time: 0.001, data: 0.001) , D_A: 0.210, G_A: 0.976, cycle_A: 0.230, D_B: 0.213, G_B: 0.961, cycle_B: 0.165, gp: 0.211

[Rank 0] (epoch: 19, iters: 14336, time: 0.001, data: 0.001) , D_A: 0.194, G_A: 0.994, cycle_A: 0.239, D_B: 0.095, G_B: 1.050, cycle_B: 0.162, gp: 0.093

[Rank 0] (epoch: 19, iters: 15936, time: 0.001, data: 0.001) , D_A: 0.182, G_A: 0.966, cycle_A: 0.255, D_B: 0.166, G_B: 0.930, cycle_B: 0.166, gp: 0.163

[Rank 0] (epoch: 19, iters: 17536, time: 0.001, data: 0.001) , D_A: 0.162, G_A: 1.008, cycle_A: 0.239, D_B: 0.158, G_B: 1.001, cycle_B: 0.158, gp: 0.157

[Rank 0] (epoch: 19, iters: 19136, time: 0.001, data: 0.001) , D_A: 0.115, G_A: 1.008, cycle_A: 0.228, D_B: 0.134, G_B: 0.956, cycle_B: 0.172, gp: 0.132

[Rank 0] (epoch: 19, iters: 20736, time: 0.001, data: 0.001) , D_A: 0.226, G_A: 0.954, cycle_A: 0.239, D_B: 0.188, G_B: 0.975, cycle_B: 0.171, gp: 0.186

[Rank 0] (epoch: 19, iters: 22336, time: 0.001, data: 0.001) , D_A: 0.183, G_A: 0.985, cycle_A: 0.225, D_B: 0.221, G_B: 0.969, cycle_B: 0.160, gp: 0.219

[Rank 0] (epoch: 19, iters: 23936, time: 0.001, data: 0.001) , D_A: 0.225, G_A: 0.973, cycle_A: 0.235, D_B: 0.194, G_B: 1.033, cycle_B: 0.162, gp: 0.192

[Rank 0] (epoch: 19, iters: 25536, time: 0.001, data: 0.001) , D_A: 0.191, G_A: 0.998, cycle_A: 0.223, D_B: 0.214, G_B: 1.038, cycle_B: 0.167, gp: 0.212

[Rank 0] (epoch: 19, iters: 27136, time: 0.001, data: 0.001) , D_A: 0.108, G_A: 0.968, cycle_A: 0.226, D_B: 0.213, G_B: 1.012, cycle_B: 0.157, gp: 0.210

[Rank 0] (epoch: 19, iters: 28736, time: 0.001, data: 0.001) , D_A: 0.236, G_A: 0.999, cycle_A: 0.249, D_B: 0.260, G_B: 0.950, cycle_B: 0.156, gp: 0.253

[Rank 0] (epoch: 19, iters: 30336, time: 0.001, data: 0.001) , D_A: 0.157, G_A: 1.011, cycle_A: 0.241, D_B: 0.133, G_B: 0.978, cycle_B: 0.162, gp: 0.130

--- iter tau=0.2768 ---
  cipher in : r family interest also winslow had musical talents as had his fa
  decrypted : tegof nwe g stsm eonmaep gmnapeiohefdm rone onsg meomeiohei mego
  real plain: to recognize two cardinal facts concerning nationalism and inter
  cipher in :  has not that way been lit always by the lamp of liberalism up u
  decrypted : eiomega e io epowecssgen  eonpowmecwe isenofreagen cston mfedred
  real plain: uary fifteen report recommended that bangjensen be instructed to
[Rank 0] (epoch: 19, iters: 31936, time: 0.001, data: 0.001) , D_A: 0.241, G_A: 0.988, cycle_A: 0.244, D_B: 0.132, G_B: 0.990, cycle_B: 0.162, gp: 0.130

saving the latest model (epoch 19, total_iters 760000)
[Rank 0] (epoch: 19, iters: 33536, time: 0.001, data: 0.001) , D_A: 0.169, G_A: 1.041, cycle_A: 0.235, D_B: 0.252, G_B: 0.838, cycle_B: 0.169, gp: 0.245

[Rank 0] (epoch: 19, iters: 35136, time: 0.001, data: 0.001) , D_A: 0.211, G_A: 0.959, cycle_A: 0.226, D_B: 0.211, G_B: 1.000, cycle_B: 0.158, gp: 0.209

[Rank 0] (epoch: 19, iters: 36736, time: 0.001, data: 0.001) , D_A: 0.235, G_A: 0.987, cycle_A: 0.239, D_B: 0.205, G_B: 1.035, cycle_B: 0.162, gp: 0.203

[Rank 0] (epoch: 19, iters: 38336, time: 0.001, data: 0.001) , D_A: 0.298, G_A: 0.976, cycle_A: 0.236, D_B: 0.225, G_B: 0.974, cycle_B: 0.164, gp: 0.223

[Rank 0] (epoch: 19, iters: 39936, time: 0.001, data: 0.001) , D_A: 0.201, G_A: 1.002, cycle_A: 0.236, D_B: 0.130, G_B: 1.006, cycle_B: 0.163, gp: 0.129

learning rate 0.0002000 -> 0.0002000
temperature tau = 0.2679
End of epoch 19 / 50 	 Time Taken: 34 sec
[Rank 0] (epoch: 20, iters: 1088, time: 0.001, data: 0.001) , D_A: 0.250, G_A: 0.978, cycle_A: 0.231, D_B: 0.188, G_B: 0.948, cycle_B: 0.165, gp: 0.186

[Rank 0] (epoch: 20, iters: 2688, time: 0.001, data: 0.001) , D_A: 0.209, G_A: 0.988, cycle_A: 0.241, D_B: 0.150, G_B: 1.011, cycle_B: 0.178, gp: 0.148

[Rank 0] (epoch: 20, iters: 4288, time: 0.001, data: 0.001) , D_A: 0.273, G_A: 0.968, cycle_A: 0.229, D_B: 0.190, G_B: 0.945, cycle_B: 0.158, gp: 0.188

[Rank 0] (epoch: 20, iters: 5888, time: 0.001, data: 0.001) , D_A: 0.257, G_A: 1.007, cycle_A: 0.234, D_B: 0.194, G_B: 0.967, cycle_B: 0.166, gp: 0.192

[Rank 0] (epoch: 20, iters: 7488, time: 0.001, data: 0.001) , D_A: 0.240, G_A: 0.997, cycle_A: 0.243, D_B: 0.249, G_B: 1.011, cycle_B: 0.165, gp: 0.247

[Rank 0] (epoch: 20, iters: 9088, time: 0.001, data: 0.001) , D_A: 0.168, G_A: 0.963, cycle_A: 0.232, D_B: 0.254, G_B: 0.960, cycle_B: 0.160, gp: 0.252

[Rank 0] (epoch: 20, iters: 10688, time: 0.001, data: 0.001) , D_A: 0.180, G_A: 1.003, cycle_A: 0.241, D_B: 0.261, G_B: 0.996, cycle_B: 0.150, gp: 0.259

[Rank 0] (epoch: 20, iters: 12288, time: 0.001, data: 0.001) , D_A: 0.157, G_A: 1.008, cycle_A: 0.234, D_B: 0.187, G_B: 1.021, cycle_B: 0.163, gp: 0.185

[Rank 0] (epoch: 20, iters: 13888, time: 0.001, data: 0.001) , D_A: 0.249, G_A: 0.951, cycle_A: 0.233, D_B: 0.119, G_B: 1.040, cycle_B: 0.163, gp: 0.116

[Rank 0] (epoch: 20, iters: 15488, time: 0.001, data: 0.001) , D_A: 0.252, G_A: 0.995, cycle_A: 0.234, D_B: 0.078, G_B: 0.974, cycle_B: 0.164, gp: 0.076

[Rank 0] (epoch: 20, iters: 17088, time: 0.001, data: 0.001) , D_A: 0.167, G_A: 1.033, cycle_A: 0.238, D_B: 0.214, G_B: 1.005, cycle_B: 0.165, gp: 0.212

[Rank 0] (epoch: 20, iters: 18688, time: 0.001, data: 0.001) , D_A: 0.216, G_A: 1.019, cycle_A: 0.227, D_B: 0.136, G_B: 1.034, cycle_B: 0.161, gp: 0.134

[Rank 0] (epoch: 20, iters: 20288, time: 0.001, data: 0.001) , D_A: 0.186, G_A: 0.980, cycle_A: 0.239, D_B: 0.189, G_B: 0.963, cycle_B: 0.165, gp: 0.187

[Rank 0] (epoch: 20, iters: 21888, time: 0.001, data: 0.001) , D_A: 0.230, G_A: 1.017, cycle_A: 0.240, D_B: 0.156, G_B: 1.012, cycle_B: 0.161, gp: 0.154

[Rank 0] (epoch: 20, iters: 23488, time: 0.001, data: 0.001) , D_A: 0.188, G_A: 0.991, cycle_A: 0.227, D_B: 0.242, G_B: 0.967, cycle_B: 0.166, gp: 0.240

[Rank 0] (epoch: 20, iters: 25088, time: 0.001, data: 0.001) , D_A: 0.178, G_A: 0.985, cycle_A: 0.235, D_B: 0.158, G_B: 0.991, cycle_B: 0.160, gp: 0.157

[Rank 0] (epoch: 20, iters: 26688, time: 0.001, data: 0.001) , D_A: 0.226, G_A: 0.985, cycle_A: 0.226, D_B: 0.286, G_B: 1.006, cycle_B: 0.158, gp: 0.284

[Rank 0] (epoch: 20, iters: 28288, time: 0.001, data: 0.001) , D_A: 0.174, G_A: 1.031, cycle_A: 0.235, D_B: 0.118, G_B: 1.050, cycle_B: 0.184, gp: 0.116

[Rank 0] (epoch: 20, iters: 29888, time: 0.001, data: 0.001) , D_A: 0.221, G_A: 1.035, cycle_A: 0.237, D_B: 0.201, G_B: 1.025, cycle_B: 0.162, gp: 0.199

--- iter tau=0.2679 ---
  cipher in : voyage occurred only a few miles down the thames there at the ri
  decrypted :  awoysearrdttsheagnweoegspef nsmehapge ise iofsme istseo e iset 
  real plain: ton burnside and eben jackson summing up their final reckoning f
  cipher in : nd teller are accused of selling worth of heroin to a convicted 
  decrypted : ghe snnsteotseorrdmsheagemsnn gyepat ieageista ge aeoerag  r she
  real plain: ildren exhibit the child with high anxiety may first direct his 
[Rank 0] (epoch: 20, iters: 31488, time: 0.001, data: 0.001) , D_A: 0.216, G_A: 0.985, cycle_A: 0.237, D_B: 0.223, G_B: 1.042, cycle_B: 0.166, gp: 0.221

saving the latest model (epoch 20, total_iters 800000)
[Rank 0] (epoch: 20, iters: 33088, time: 0.001, data: 0.001) , D_A: 0.208, G_A: 0.962, cycle_A: 0.236, D_B: 0.230, G_B: 1.197, cycle_B: 0.164, gp: 0.225

[Rank 0] (epoch: 20, iters: 34688, time: 0.001, data: 0.001) , D_A: 0.234, G_A: 0.974, cycle_A: 0.237, D_B: 0.198, G_B: 1.004, cycle_B: 0.153, gp: 0.194

[Rank 0] (epoch: 20, iters: 36288, time: 0.001, data: 0.001) , D_A: 0.135, G_A: 0.966, cycle_A: 0.237, D_B: 0.256, G_B: 1.015, cycle_B: 0.158, gp: 0.255

[Rank 0] (epoch: 20, iters: 37888, time: 0.001, data: 0.001) , D_A: 0.245, G_A: 0.973, cycle_A: 0.260, D_B: 0.255, G_B: 0.958, cycle_B: 0.163, gp: 0.253

[Rank 0] (epoch: 20, iters: 39488, time: 0.001, data: 0.001) , D_A: 0.188, G_A: 0.922, cycle_A: 0.229, D_B: 0.171, G_B: 0.926, cycle_B: 0.164, gp: 0.169

learning rate 0.0002000 -> 0.0002000
temperature tau = 0.2592
End of epoch 20 / 50 	 Time Taken: 35 sec
[Rank 0] (epoch: 21, iters: 640, time: 0.001, data: 0.001) , D_A: 0.219, G_A: 0.995, cycle_A: 0.238, D_B: 0.262, G_B: 0.916, cycle_B: 0.176, gp: 0.258

[Rank 0] (epoch: 21, iters: 2240, time: 0.001, data: 0.000) , D_A: 0.167, G_A: 1.025, cycle_A: 0.245, D_B: 0.283, G_B: 0.996, cycle_B: 0.161, gp: 0.279

[Rank 0] (epoch: 21, iters: 3840, time: 0.001, data: 0.001) , D_A: 0.226, G_A: 0.967, cycle_A: 0.253, D_B: 0.184, G_B: 0.981, cycle_B: 0.163, gp: 0.181

[Rank 0] (epoch: 21, iters: 5440, time: 0.001, data: 0.001) , D_A: 0.266, G_A: 0.974, cycle_A: 0.233, D_B: 0.158, G_B: 0.943, cycle_B: 0.152, gp: 0.155

[Rank 0] (epoch: 21, iters: 7040, time: 0.001, data: 0.001) , D_A: 0.157, G_A: 0.999, cycle_A: 0.238, D_B: 0.258, G_B: 0.986, cycle_B: 0.157, gp: 0.257

[Rank 0] (epoch: 21, iters: 8640, time: 0.001, data: 0.001) , D_A: 0.230, G_A: 0.989, cycle_A: 0.230, D_B: 0.181, G_B: 1.012, cycle_B: 0.166, gp: 0.179

[Rank 0] (epoch: 21, iters: 10240, time: 0.001, data: 0.001) , D_A: 0.147, G_A: 1.071, cycle_A: 0.234, D_B: 0.180, G_B: 1.011, cycle_B: 0.170, gp: 0.177

[Rank 0] (epoch: 21, iters: 11840, time: 0.001, data: 0.001) , D_A: 0.216, G_A: 1.009, cycle_A: 0.231, D_B: 0.154, G_B: 0.992, cycle_B: 0.164, gp: 0.152

[Rank 0] (epoch: 21, iters: 13440, time: 0.001, data: 0.001) , D_A: 0.170, G_A: 0.968, cycle_A: 0.233, D_B: 0.219, G_B: 1.018, cycle_B: 0.171, gp: 0.217

[Rank 0] (epoch: 21, iters: 15040, time: 0.001, data: 0.001) , D_A: 0.086, G_A: 0.995, cycle_A: 0.246, D_B: 0.132, G_B: 0.986, cycle_B: 0.175, gp: 0.130

[Rank 0] (epoch: 21, iters: 16640, time: 0.001, data: 0.001) , D_A: 0.191, G_A: 0.884, cycle_A: 0.245, D_B: 0.155, G_B: 0.973, cycle_B: 0.164, gp: 0.153

[Rank 0] (epoch: 21, iters: 18240, time: 0.001, data: 0.001) , D_A: 0.239, G_A: 1.027, cycle_A: 0.239, D_B: 0.161, G_B: 1.012, cycle_B: 0.162, gp: 0.159

[Rank 0] (epoch: 21, iters: 19840, time: 0.001, data: 0.001) , D_A: 0.217, G_A: 0.977, cycle_A: 0.234, D_B: 0.169, G_B: 0.983, cycle_B: 0.172, gp: 0.168

[Rank 0] (epoch: 21, iters: 21440, time: 0.001, data: 0.001) , D_A: 0.309, G_A: 1.004, cycle_A: 0.241, D_B: 0.163, G_B: 0.991, cycle_B: 0.162, gp: 0.161

[Rank 0] (epoch: 21, iters: 23040, time: 0.001, data: 0.001) , D_A: 0.195, G_A: 0.971, cycle_A: 0.238, D_B: 0.190, G_B: 0.987, cycle_B: 0.167, gp: 0.189

[Rank 0] (epoch: 21, iters: 24640, time: 0.001, data: 0.001) , D_A: 0.178, G_A: 1.029, cycle_A: 0.244, D_B: 0.198, G_B: 0.984, cycle_B: 0.166, gp: 0.196

[Rank 0] (epoch: 21, iters: 26240, time: 0.001, data: 0.001) , D_A: 0.216, G_A: 1.005, cycle_A: 0.238, D_B: 0.128, G_B: 0.973, cycle_B: 0.173, gp: 0.125

[Rank 0] (epoch: 21, iters: 27840, time: 0.001, data: 0.001) , D_A: 0.200, G_A: 0.967, cycle_A: 0.232, D_B: 0.190, G_B: 0.991, cycle_B: 0.156, gp: 0.188

[Rank 0] (epoch: 21, iters: 29440, time: 0.001, data: 0.001) , D_A: 0.147, G_A: 1.024, cycle_A: 0.219, D_B: 0.146, G_B: 1.009, cycle_B: 0.158, gp: 0.144

--- iter tau=0.2592 ---
  cipher in :  never admit to herself that male companionship was a very natur
  decrypted : egs steohf  e aeistusnge io efonserafrog agui repoueoe stwego dt
  real plain: hem there would be very little left worth saving it cannot be sa
  cipher in : hem that believe on his name it is to those who believe on his n
  decrypted : isfe io ecsn s seagei uegofse  e ue ae iausepiaecsn s seagei ueg
  real plain: ics it is to be hoped that the dispatch of general clay to west 
[Rank 0] (epoch: 21, iters: 31040, time: 0.001, data: 0.001) , D_A: 0.274, G_A: 1.032, cycle_A: 0.237, D_B: 0.203, G_B: 0.976, cycle_B: 0.171, gp: 0.201

saving the latest model (epoch 21, total_iters 840000)
[Rank 0] (epoch: 21, iters: 32640, time: 0.001, data: 0.001) , D_A: 0.181, G_A: 1.010, cycle_A: 0.239, D_B: 0.247, G_B: 0.989, cycle_B: 0.162, gp: 0.246

[Rank 0] (epoch: 21, iters: 34240, time: 0.001, data: 0.001) , D_A: 0.162, G_A: 0.980, cycle_A: 0.240, D_B: 0.197, G_B: 0.978, cycle_B: 0.166, gp: 0.196

[Rank 0] (epoch: 21, iters: 35840, time: 0.001, data: 0.001) , D_A: 0.133, G_A: 1.154, cycle_A: 0.236, D_B: 0.122, G_B: 0.980, cycle_B: 0.163, gp: 0.120

[Rank 0] (epoch: 21, iters: 37440, time: 0.001, data: 0.001) , D_A: 0.318, G_A: 0.984, cycle_A: 0.245, D_B: 0.295, G_B: 0.984, cycle_B: 0.161, gp: 0.294

[Rank 0] (epoch: 21, iters: 39040, time: 0.001, data: 0.001) , D_A: 0.195, G_A: 0.991, cycle_A: 0.231, D_B: 0.241, G_B: 1.011, cycle_B: 0.165, gp: 0.239

learning rate 0.0002000 -> 0.0002000
temperature tau = 0.2508
End of epoch 21 / 50 	 Time Taken: 35 sec
[Rank 0] (epoch: 22, iters: 192, time: 0.001, data: 0.001) , D_A: 0.168, G_A: 1.031, cycle_A: 0.231, D_B: 0.144, G_B: 1.006, cycle_B: 0.166, gp: 0.143

[Rank 0] (epoch: 22, iters: 1792, time: 0.001, data: 0.003) , D_A: 0.302, G_A: 0.981, cycle_A: 0.227, D_B: 0.212, G_B: 1.006, cycle_B: 0.171, gp: 0.211

[Rank 0] (epoch: 22, iters: 3392, time: 0.001, data: 0.001) , D_A: 0.163, G_A: 0.949, cycle_A: 0.232, D_B: 0.178, G_B: 1.008, cycle_B: 0.163, gp: 0.177

[Rank 0] (epoch: 22, iters: 4992, time: 0.001, data: 0.001) , D_A: 0.130, G_A: 0.983, cycle_A: 0.244, D_B: 0.182, G_B: 0.989, cycle_B: 0.165, gp: 0.180

[Rank 0] (epoch: 22, iters: 6592, time: 0.001, data: 0.001) , D_A: 0.195, G_A: 0.911, cycle_A: 0.236, D_B: 0.171, G_B: 0.998, cycle_B: 0.161, gp: 0.170

[Rank 0] (epoch: 22, iters: 8192, time: 0.001, data: 0.001) , D_A: 0.175, G_A: 1.005, cycle_A: 0.230, D_B: 0.183, G_B: 1.010, cycle_B: 0.158, gp: 0.181

[Rank 0] (epoch: 22, iters: 9792, time: 0.001, data: 0.001) , D_A: 0.183, G_A: 0.981, cycle_A: 0.235, D_B: 0.135, G_B: 0.975, cycle_B: 0.176, gp: 0.133

[Rank 0] (epoch: 22, iters: 11392, time: 0.001, data: 0.001) , D_A: 0.203, G_A: 0.995, cycle_A: 0.225, D_B: 0.140, G_B: 0.973, cycle_B: 0.167, gp: 0.138

[Rank 0] (epoch: 22, iters: 12992, time: 0.001, data: 0.001) , D_A: 0.195, G_A: 1.016, cycle_A: 0.246, D_B: 0.165, G_B: 0.987, cycle_B: 0.174, gp: 0.163

[Rank 0] (epoch: 22, iters: 14592, time: 0.001, data: 0.001) , D_A: 0.225, G_A: 0.959, cycle_A: 0.236, D_B: 0.229, G_B: 0.958, cycle_B: 0.161, gp: 0.227

[Rank 0] (epoch: 22, iters: 16192, time: 0.001, data: 0.001) , D_A: 0.128, G_A: 0.955, cycle_A: 0.238, D_B: 0.152, G_B: 1.006, cycle_B: 0.167, gp: 0.150

[Rank 0] (epoch: 22, iters: 17792, time: 0.001, data: 0.001) , D_A: 0.187, G_A: 0.999, cycle_A: 0.235, D_B: 0.228, G_B: 1.005, cycle_B: 0.164, gp: 0.227

[Rank 0] (epoch: 22, iters: 19392, time: 0.001, data: 0.001) , D_A: 0.187, G_A: 0.994, cycle_A: 0.233, D_B: 0.128, G_B: 0.981, cycle_B: 0.166, gp: 0.126

[Rank 0] (epoch: 22, iters: 20992, time: 0.001, data: 0.001) , D_A: 0.201, G_A: 1.014, cycle_A: 0.234, D_B: 0.141, G_B: 1.039, cycle_B: 0.171, gp: 0.139

[Rank 0] (epoch: 22, iters: 22592, time: 0.001, data: 0.001) , D_A: 0.181, G_A: 0.976, cycle_A: 0.241, D_B: 0.108, G_B: 0.978, cycle_B: 0.171, gp: 0.107

[Rank 0] (epoch: 22, iters: 24192, time: 0.001, data: 0.001) , D_A: 0.174, G_A: 0.896, cycle_A: 0.223, D_B: 0.208, G_B: 0.966, cycle_B: 0.171, gp: 0.207

[Rank 0] (epoch: 22, iters: 25792, time: 0.001, data: 0.001) , D_A: 0.165, G_A: 0.996, cycle_A: 0.230, D_B: 0.142, G_B: 0.995, cycle_B: 0.161, gp: 0.140

[Rank 0] (epoch: 22, iters: 27392, time: 0.001, data: 0.001) , D_A: 0.149, G_A: 1.008, cycle_A: 0.235, D_B: 0.115, G_B: 0.969, cycle_B: 0.173, gp: 0.112

[Rank 0] (epoch: 22, iters: 28992, time: 0.001, data: 0.001) , D_A: 0.207, G_A: 0.955, cycle_A: 0.234, D_B: 0.138, G_B: 1.020, cycle_B: 0.152, gp: 0.136

--- iter tau=0.2508 ---
  cipher in : nt with the anecdotal small talk of a somewhat unusual travelogu
  decrypted : g ep  ie iseogsrha oneufonne onceageoeuafspio edgdudone to snayd
  real plain: any his narrative a bleak motif with barren octaves creating a r
  cipher in : ified product was stored at degrees in a tube equipped with a br
  decrypted :  g shertahdr epoueu atsheo ehsytssue geoe dcses d rrshep  ieoect
  real plain: ropped his earlier and delightful hamming which is about the onl
[Rank 0] (epoch: 22, iters: 30592, time: 0.001, data: 0.001) , D_A: 0.195, G_A: 0.979, cycle_A: 0.255, D_B: 0.179, G_B: 1.014, cycle_B: 0.159, gp: 0.177

saving the latest model (epoch 22, total_iters 880000)
[Rank 0] (epoch: 22, iters: 32192, time: 0.001, data: 0.002) , D_A: 0.182, G_A: 1.015, cycle_A: 0.234, D_B: 0.133, G_B: 0.990, cycle_B: 0.160, gp: 0.130

[Rank 0] (epoch: 22, iters: 33792, time: 0.001, data: 0.001) , D_A: 0.189, G_A: 0.947, cycle_A: 0.244, D_B: 0.168, G_B: 1.044, cycle_B: 0.170, gp: 0.166

[Rank 0] (epoch: 22, iters: 35392, time: 0.001, data: 0.001) , D_A: 0.209, G_A: 1.001, cycle_A: 0.254, D_B: 0.168, G_B: 0.951, cycle_B: 0.164, gp: 0.167

[Rank 0] (epoch: 22, iters: 36992, time: 0.001, data: 0.001) , D_A: 0.225, G_A: 1.024, cycle_A: 0.239, D_B: 0.237, G_B: 0.971, cycle_B: 0.158, gp: 0.235

[Rank 0] (epoch: 22, iters: 38592, time: 0.001, data: 0.001) , D_A: 0.222, G_A: 0.934, cycle_A: 0.232, D_B: 0.147, G_B: 0.972, cycle_B: 0.174, gp: 0.145

[Rank 0] (epoch: 22, iters: 40192, time: 0.001, data: 0.001) , D_A: 0.208, G_A: 0.989, cycle_A: 0.238, D_B: 0.115, G_B: 0.980, cycle_B: 0.163, gp: 0.112

learning rate 0.0002000 -> 0.0002000
temperature tau = 0.2427
End of epoch 22 / 50 	 Time Taken: 35 sec
[Rank 0] (epoch: 23, iters: 1344, time: 0.001, data: 0.001) , D_A: 0.198, G_A: 0.983, cycle_A: 0.246, D_B: 0.173, G_B: 0.996, cycle_B: 0.164, gp: 0.171

[Rank 0] (epoch: 23, iters: 2944, time: 0.001, data: 0.001) , D_A: 0.163, G_A: 1.011, cycle_A: 0.235, D_B: 0.130, G_B: 1.029, cycle_B: 0.173, gp: 0.128

[Rank 0] (epoch: 23, iters: 4544, time: 0.001, data: 0.001) , D_A: 0.379, G_A: 0.828, cycle_A: 0.433, D_B: 0.485, G_B: 0.494, cycle_B: 0.426, gp: 0.295

[Rank 0] (epoch: 23, iters: 6144, time: 0.001, data: 0.001) , D_A: 0.433, G_A: 0.928, cycle_A: 0.202, D_B: 0.243, G_B: 0.890, cycle_B: 0.134, gp: 0.240

[Rank 0] (epoch: 23, iters: 7744, time: 0.001, data: 0.001) , D_A: 0.331, G_A: 1.019, cycle_A: 0.199, D_B: 0.172, G_B: 0.982, cycle_B: 0.115, gp: 0.169

[Rank 0] (epoch: 23, iters: 9344, time: 0.001, data: 0.001) , D_A: 0.222, G_A: 0.983, cycle_A: 0.176, D_B: 0.272, G_B: 0.948, cycle_B: 0.127, gp: 0.269

[Rank 0] (epoch: 23, iters: 10944, time: 0.001, data: 0.001) , D_A: 0.244, G_A: 0.983, cycle_A: 0.195, D_B: 0.240, G_B: 0.957, cycle_B: 0.124, gp: 0.238

[Rank 0] (epoch: 23, iters: 12544, time: 0.001, data: 0.001) , D_A: 0.230, G_A: 1.011, cycle_A: 0.190, D_B: 0.227, G_B: 1.018, cycle_B: 0.116, gp: 0.225

[Rank 0] (epoch: 23, iters: 14144, time: 0.001, data: 0.001) , D_A: 0.344, G_A: 1.029, cycle_A: 0.183, D_B: 0.274, G_B: 1.009, cycle_B: 0.115, gp: 0.272

[Rank 0] (epoch: 23, iters: 15744, time: 0.001, data: 0.001) , D_A: 0.238, G_A: 0.936, cycle_A: 0.195, D_B: 0.239, G_B: 0.962, cycle_B: 0.109, gp: 0.236

[Rank 0] (epoch: 23, iters: 17344, time: 0.001, data: 0.001) , D_A: 0.253, G_A: 1.015, cycle_A: 0.201, D_B: 0.216, G_B: 0.996, cycle_B: 0.120, gp: 0.213

[Rank 0] (epoch: 23, iters: 18944, time: 0.001, data: 0.001) , D_A: 0.224, G_A: 0.958, cycle_A: 0.209, D_B: 0.191, G_B: 1.000, cycle_B: 0.111, gp: 0.189

[Rank 0] (epoch: 23, iters: 20544, time: 0.001, data: 0.001) , D_A: 0.308, G_A: 0.919, cycle_A: 0.184, D_B: 0.278, G_B: 1.006, cycle_B: 0.121, gp: 0.275

[Rank 0] (epoch: 23, iters: 22144, time: 0.001, data: 0.001) , D_A: 0.460, G_A: 0.896, cycle_A: 0.190, D_B: 0.266, G_B: 0.963, cycle_B: 0.159, gp: 0.263

[Rank 0] (epoch: 23, iters: 23744, time: 0.001, data: 0.001) , D_A: 0.261, G_A: 1.015, cycle_A: 0.197, D_B: 0.246, G_B: 0.986, cycle_B: 0.108, gp: 0.245

[Rank 0] (epoch: 23, iters: 25344, time: 0.001, data: 0.001) , D_A: 0.228, G_A: 0.992, cycle_A: 0.190, D_B: 0.192, G_B: 0.981, cycle_B: 0.111, gp: 0.189

[Rank 0] (epoch: 23, iters: 26944, time: 0.001, data: 0.001) , D_A: 0.241, G_A: 0.956, cycle_A: 0.189, D_B: 0.304, G_B: 0.987, cycle_B: 0.109, gp: 0.302

[Rank 0] (epoch: 23, iters: 28544, time: 0.001, data: 0.001) , D_A: 0.296, G_A: 0.966, cycle_A: 0.204, D_B: 0.227, G_B: 0.988, cycle_B: 0.128, gp: 0.224

--- iter tau=0.2427 ---
  cipher in : e confederate forces had won jonathan and ben were not on the li
  decrypted : seralgshsto segatrsueiohepaletalo ioleolhecslepstsela eale isen 
  real plain: o a minimum height of feet but fenced or unfenced no poolside is
  cipher in : n the saving of interest costs heavy when shortterm money rates 
  decrypted : le iseuo  lyeage l stsu erau ueiso wepisleuiat  stfefalsweto sue
  real plain: hool mr and mrs stewart were puzzled and concerned then one day 
[Rank 0] (epoch: 23, iters: 30144, time: 0.001, data: 0.001) , D_A: 0.230, G_A: 1.030, cycle_A: 0.189, D_B: 0.230, G_B: 0.997, cycle_B: 0.116, gp: 0.228

saving the latest model (epoch 23, total_iters 920000)
[Rank 0] (epoch: 23, iters: 31744, time: 0.001, data: 0.001) , D_A: 0.178, G_A: 1.020, cycle_A: 0.193, D_B: 0.211, G_B: 1.004, cycle_B: 0.119, gp: 0.209

[Rank 0] (epoch: 23, iters: 33344, time: 0.001, data: 0.001) , D_A: 0.209, G_A: 1.001, cycle_A: 0.195, D_B: 0.232, G_B: 1.011, cycle_B: 0.117, gp: 0.230

[Rank 0] (epoch: 23, iters: 34944, time: 0.001, data: 0.001) , D_A: 0.199, G_A: 0.994, cycle_A: 0.179, D_B: 0.321, G_B: 0.963, cycle_B: 0.108, gp: 0.318

[Rank 0] (epoch: 23, iters: 36544, time: 0.001, data: 0.001) , D_A: 0.120, G_A: 1.004, cycle_A: 0.196, D_B: 0.232, G_B: 0.975, cycle_B: 0.114, gp: 0.228

[Rank 0] (epoch: 23, iters: 38144, time: 0.001, data: 0.001) , D_A: 0.285, G_A: 0.983, cycle_A: 0.186, D_B: 0.217, G_B: 0.994, cycle_B: 0.120, gp: 0.214

[Rank 0] (epoch: 23, iters: 39744, time: 0.001, data: 0.001) , D_A: 0.309, G_A: 0.960, cycle_A: 0.195, D_B: 0.215, G_B: 0.982, cycle_B: 0.110, gp: 0.212

learning rate 0.0002000 -> 0.0002000
temperature tau = 0.2349
End of epoch 23 / 50 	 Time Taken: 35 sec
[Rank 0] (epoch: 24, iters: 896, time: 0.001, data: 0.001) , D_A: 0.203, G_A: 0.986, cycle_A: 0.182, D_B: 0.286, G_B: 1.020, cycle_B: 0.119, gp: 0.282

[Rank 0] (epoch: 24, iters: 2496, time: 0.001, data: 0.001) , D_A: 0.189, G_A: 0.986, cycle_A: 0.197, D_B: 0.197, G_B: 0.996, cycle_B: 0.110, gp: 0.196

[Rank 0] (epoch: 24, iters: 4096, time: 0.001, data: 0.001) , D_A: 0.184, G_A: 0.990, cycle_A: 0.201, D_B: 0.210, G_B: 0.988, cycle_B: 0.105, gp: 0.208

[Rank 0] (epoch: 24, iters: 5696, time: 0.001, data: 0.001) , D_A: 0.262, G_A: 0.991, cycle_A: 0.178, D_B: 0.156, G_B: 0.996, cycle_B: 0.116, gp: 0.154

[Rank 0] (epoch: 24, iters: 7296, time: 0.001, data: 0.001) , D_A: 0.203, G_A: 0.984, cycle_A: 0.181, D_B: 0.237, G_B: 0.986, cycle_B: 0.113, gp: 0.235

[Rank 0] (epoch: 24, iters: 8896, time: 0.001, data: 0.001) , D_A: 0.165, G_A: 0.993, cycle_A: 0.193, D_B: 0.271, G_B: 0.942, cycle_B: 0.113, gp: 0.268

[Rank 0] (epoch: 24, iters: 10496, time: 0.001, data: 0.001) , D_A: 0.205, G_A: 1.020, cycle_A: 0.187, D_B: 0.296, G_B: 1.000, cycle_B: 0.102, gp: 0.295

[Rank 0] (epoch: 24, iters: 12096, time: 0.001, data: 0.001) , D_A: 0.204, G_A: 0.994, cycle_A: 0.189, D_B: 0.220, G_B: 1.003, cycle_B: 0.109, gp: 0.218

[Rank 0] (epoch: 24, iters: 13696, time: 0.001, data: 0.001) , D_A: 0.242, G_A: 0.969, cycle_A: 0.199, D_B: 0.276, G_B: 0.945, cycle_B: 0.113, gp: 0.272

[Rank 0] (epoch: 24, iters: 15296, time: 0.001, data: 0.001) , D_A: 0.271, G_A: 0.982, cycle_A: 0.181, D_B: 0.244, G_B: 1.000, cycle_B: 0.120, gp: 0.241

[Rank 0] (epoch: 24, iters: 16896, time: 0.001, data: 0.001) , D_A: 0.229, G_A: 0.924, cycle_A: 0.197, D_B: 0.199, G_B: 1.022, cycle_B: 0.114, gp: 0.195

[Rank 0] (epoch: 24, iters: 18496, time: 0.001, data: 0.001) , D_A: 0.281, G_A: 1.007, cycle_A: 0.175, D_B: 0.241, G_B: 0.987, cycle_B: 0.110, gp: 0.239

[Rank 0] (epoch: 24, iters: 20096, time: 0.001, data: 0.001) , D_A: 0.308, G_A: 0.994, cycle_A: 0.195, D_B: 0.264, G_B: 1.000, cycle_B: 0.117, gp: 0.262

[Rank 0] (epoch: 24, iters: 21696, time: 0.001, data: 0.001) , D_A: 0.179, G_A: 0.968, cycle_A: 0.188, D_B: 0.189, G_B: 0.989, cycle_B: 0.112, gp: 0.187

[Rank 0] (epoch: 24, iters: 23296, time: 0.001, data: 0.001) , D_A: 0.109, G_A: 1.020, cycle_A: 0.174, D_B: 0.257, G_B: 1.026, cycle_B: 0.122, gp: 0.255

[Rank 0] (epoch: 24, iters: 24896, time: 0.001, data: 0.001) , D_A: 0.140, G_A: 0.965, cycle_A: 0.186, D_B: 0.259, G_B: 0.986, cycle_B: 0.109, gp: 0.257

[Rank 0] (epoch: 24, iters: 26496, time: 0.001, data: 0.001) , D_A: 0.229, G_A: 1.071, cycle_A: 0.187, D_B: 0.254, G_B: 0.997, cycle_B: 0.118, gp: 0.251

[Rank 0] (epoch: 24, iters: 28096, time: 0.001, data: 0.001) , D_A: 0.264, G_A: 0.997, cycle_A: 0.192, D_B: 0.211, G_B: 0.973, cycle_B: 0.114, gp: 0.209

--- iter tau=0.2349 ---
  cipher in : ig house said you wore yourself out cleaning all these empty roo
  decrypted :  beiaduseuo hewadepatsewadtusngead ernsol lbeonne isusesfr wetaa
  real plain: american activities the minute women the economic council and ot
  cipher in :  going to give us work the grateful way she looked at morgan mad
  decrypted : eba lbe aeb  seduepatce isebto sgdnepoweuisenaacsheo efatbolefoh
  real plain: me around we both knew we were hopelessly in love yet even then 
[Rank 0] (epoch: 24, iters: 29696, time: 0.001, data: 0.001) , D_A: 0.237, G_A: 0.982, cycle_A: 0.197, D_B: 0.222, G_B: 1.003, cycle_B: 0.114, gp: 0.221

saving the latest model (epoch 24, total_iters 960000)
[Rank 0] (epoch: 24, iters: 31296, time: 0.001, data: 0.001) , D_A: 0.254, G_A: 1.005, cycle_A: 0.193, D_B: 0.187, G_B: 1.029, cycle_B: 0.121, gp: 0.183

[Rank 0] (epoch: 24, iters: 32896, time: 0.001, data: 0.001) , D_A: 0.239, G_A: 0.971, cycle_A: 0.181, D_B: 0.176, G_B: 0.999, cycle_B: 0.109, gp: 0.174

[Rank 0] (epoch: 24, iters: 34496, time: 0.001, data: 0.001) , D_A: 0.220, G_A: 1.025, cycle_A: 0.186, D_B: 0.244, G_B: 1.010, cycle_B: 0.102, gp: 0.243

[Rank 0] (epoch: 24, iters: 36096, time: 0.001, data: 0.001) , D_A: 0.271, G_A: 0.929, cycle_A: 0.197, D_B: 0.219, G_B: 1.055, cycle_B: 0.108, gp: 0.215

[Rank 0] (epoch: 24, iters: 37696, time: 0.001, data: 0.001) , D_A: 0.219, G_A: 0.981, cycle_A: 0.183, D_B: 0.245, G_B: 0.984, cycle_B: 0.112, gp: 0.243

[Rank 0] (epoch: 24, iters: 39296, time: 0.001, data: 0.001) , D_A: 0.241, G_A: 1.051, cycle_A: 0.185, D_B: 0.245, G_B: 1.038, cycle_B: 0.116, gp: 0.244

learning rate 0.0002000 -> 0.0002000
temperature tau = 0.2273
End of epoch 24 / 50 	 Time Taken: 34 sec
[Rank 0] (epoch: 25, iters: 448, time: 0.001, data: 0.001) , D_A: 0.264, G_A: 0.996, cycle_A: 0.189, D_B: 0.202, G_B: 1.019, cycle_B: 0.118, gp: 0.201

[Rank 0] (epoch: 25, iters: 2048, time: 0.001, data: 0.004) , D_A: 0.174, G_A: 0.982, cycle_A: 0.177, D_B: 0.279, G_B: 0.974, cycle_B: 0.119, gp: 0.278

[Rank 0] (epoch: 25, iters: 3648, time: 0.001, data: 0.001) , D_A: 0.203, G_A: 0.981, cycle_A: 0.185, D_B: 0.184, G_B: 0.997, cycle_B: 0.107, gp: 0.182

[Rank 0] (epoch: 25, iters: 5248, time: 0.001, data: 0.001) , D_A: 0.253, G_A: 1.016, cycle_A: 0.176, D_B: 0.190, G_B: 0.920, cycle_B: 0.108, gp: 0.184

[Rank 0] (epoch: 25, iters: 6848, time: 0.001, data: 0.001) , D_A: 0.205, G_A: 0.974, cycle_A: 0.191, D_B: 0.181, G_B: 1.023, cycle_B: 0.116, gp: 0.178

[Rank 0] (epoch: 25, iters: 8448, time: 0.001, data: 0.001) , D_A: 0.191, G_A: 0.973, cycle_A: 0.204, D_B: 0.190, G_B: 0.972, cycle_B: 0.112, gp: 0.189

[Rank 0] (epoch: 25, iters: 10048, time: 0.001, data: 0.001) , D_A: 0.243, G_A: 0.984, cycle_A: 0.192, D_B: 0.170, G_B: 1.009, cycle_B: 0.121, gp: 0.168

[Rank 0] (epoch: 25, iters: 11648, time: 0.001, data: 0.001) , D_A: 0.218, G_A: 0.921, cycle_A: 0.194, D_B: 0.179, G_B: 0.975, cycle_B: 0.117, gp: 0.176

[Rank 0] (epoch: 25, iters: 13248, time: 0.001, data: 0.001) , D_A: 0.203, G_A: 0.994, cycle_A: 0.193, D_B: 0.255, G_B: 1.023, cycle_B: 0.120, gp: 0.253

[Rank 0] (epoch: 25, iters: 14848, time: 0.001, data: 0.001) , D_A: 0.142, G_A: 0.989, cycle_A: 0.187, D_B: 0.147, G_B: 0.986, cycle_B: 0.115, gp: 0.145

[Rank 0] (epoch: 25, iters: 16448, time: 0.001, data: 0.001) , D_A: 0.210, G_A: 0.996, cycle_A: 0.185, D_B: 0.158, G_B: 0.982, cycle_B: 0.115, gp: 0.157

[Rank 0] (epoch: 25, iters: 18048, time: 0.001, data: 0.001) , D_A: 0.246, G_A: 0.984, cycle_A: 0.195, D_B: 0.218, G_B: 0.981, cycle_B: 0.109, gp: 0.215

[Rank 0] (epoch: 25, iters: 19648, time: 0.001, data: 0.001) , D_A: 0.194, G_A: 0.935, cycle_A: 0.198, D_B: 0.214, G_B: 1.040, cycle_B: 0.120, gp: 0.211

[Rank 0] (epoch: 25, iters: 21248, time: 0.001, data: 0.001) , D_A: 0.152, G_A: 0.935, cycle_A: 0.198, D_B: 0.175, G_B: 1.010, cycle_B: 0.115, gp: 0.173

[Rank 0] (epoch: 25, iters: 22848, time: 0.001, data: 0.001) , D_A: 0.168, G_A: 0.991, cycle_A: 0.199, D_B: 0.199, G_B: 0.972, cycle_B: 0.118, gp: 0.197

[Rank 0] (epoch: 25, iters: 24448, time: 0.001, data: 0.001) , D_A: 0.288, G_A: 0.985, cycle_A: 0.193, D_B: 0.198, G_B: 0.975, cycle_B: 0.120, gp: 0.196

[Rank 0] (epoch: 25, iters: 26048, time: 0.001, data: 0.001) , D_A: 0.243, G_A: 0.991, cycle_A: 0.191, D_B: 0.226, G_B: 1.028, cycle_B: 0.114, gp: 0.223

[Rank 0] (epoch: 25, iters: 27648, time: 0.001, data: 0.001) , D_A: 0.182, G_A: 1.003, cycle_A: 0.209, D_B: 0.202, G_B: 0.969, cycle_B: 0.118, gp: 0.201

--- iter tau=0.2273 ---
  cipher in : i puerto rico or the virgin islands and you have no legal reside
  decrypted :  erdst aet raeate ise  ty le mnolhmeolhewadeio selaensyonetsm hs
  real plain: american activities the minute women the economic council and ot
  cipher in : raped back and customers hastily vacated their tables as the tal
  decrypted : torshecorceolherdm afstmeiom  nwe oro she is te ocnsmeome ise on
  real plain: me around we both knew we were hopelessly in love yet even then 
[Rank 0] (epoch: 25, iters: 29248, time: 0.001, data: 0.001) , D_A: 0.274, G_A: 0.992, cycle_A: 0.175, D_B: 0.158, G_B: 1.004, cycle_B: 0.113, gp: 0.156

saving the latest model (epoch 25, total_iters 1000000)
[Rank 0] (epoch: 25, iters: 30848, time: 0.001, data: 0.001) , D_A: 0.185, G_A: 0.994, cycle_A: 0.186, D_B: 0.190, G_B: 0.964, cycle_B: 0.119, gp: 0.189

[Rank 0] (epoch: 25, iters: 32448, time: 0.001, data: 0.001) , D_A: 0.193, G_A: 0.883, cycle_A: 0.202, D_B: 0.202, G_B: 1.110, cycle_B: 0.105, gp: 0.193

[Rank 0] (epoch: 25, iters: 34048, time: 0.001, data: 0.001) , D_A: 0.181, G_A: 0.965, cycle_A: 0.190, D_B: 0.126, G_B: 0.959, cycle_B: 0.112, gp: 0.124

[Rank 0] (epoch: 25, iters: 35648, time: 0.001, data: 0.001) , D_A: 0.191, G_A: 0.953, cycle_A: 0.200, D_B: 0.206, G_B: 0.980, cycle_B: 0.110, gp: 0.205

[Rank 0] (epoch: 25, iters: 37248, time: 0.001, data: 0.001) , D_A: 0.146, G_A: 1.004, cycle_A: 0.178, D_B: 0.148, G_B: 0.983, cycle_B: 0.114, gp: 0.146

[Rank 0] (epoch: 25, iters: 38848, time: 0.001, data: 0.001) , D_A: 0.213, G_A: 0.905, cycle_A: 0.180, D_B: 0.230, G_B: 1.002, cycle_B: 0.127, gp: 0.229

[Rank 0] (epoch: 25, iters: 40448, time: 0.001, data: 0.001) , D_A: 0.200, G_A: 1.004, cycle_A: 0.190, D_B: 0.255, G_B: 1.025, cycle_B: 0.117, gp: 0.254

learning rate 0.0002000 -> 0.0002000
temperature tau = 0.2200
End of epoch 25 / 50 	 Time Taken: 35 sec
[Rank 0] (epoch: 26, iters: 1600, time: 0.001, data: 0.100) , D_A: 0.172, G_A: 0.990, cycle_A: 0.193, D_B: 0.168, G_B: 1.029, cycle_B: 0.120, gp: 0.167

[Rank 0] (epoch: 26, iters: 3200, time: 0.001, data: 0.001) , D_A: 0.199, G_A: 0.999, cycle_A: 0.181, D_B: 0.185, G_B: 0.940, cycle_B: 0.114, gp: 0.181

[Rank 0] (epoch: 26, iters: 4800, time: 0.001, data: 0.001) , D_A: 0.229, G_A: 0.931, cycle_A: 0.199, D_B: 0.215, G_B: 0.981, cycle_B: 0.111, gp: 0.213

[Rank 0] (epoch: 26, iters: 6400, time: 0.001, data: 0.001) , D_A: 0.116, G_A: 0.924, cycle_A: 0.183, D_B: 0.122, G_B: 0.964, cycle_B: 0.110, gp: 0.120

[Rank 0] (epoch: 26, iters: 8000, time: 0.001, data: 0.001) , D_A: 0.245, G_A: 1.040, cycle_A: 0.199, D_B: 0.140, G_B: 1.076, cycle_B: 0.109, gp: 0.135

[Rank 0] (epoch: 26, iters: 9600, time: 0.001, data: 0.001) , D_A: 0.245, G_A: 1.021, cycle_A: 0.192, D_B: 0.185, G_B: 1.019, cycle_B: 0.122, gp: 0.182

[Rank 0] (epoch: 26, iters: 11200, time: 0.001, data: 0.001) , D_A: 0.251, G_A: 0.946, cycle_A: 0.185, D_B: 0.232, G_B: 0.964, cycle_B: 0.116, gp: 0.231

[Rank 0] (epoch: 26, iters: 12800, time: 0.001, data: 0.001) , D_A: 0.186, G_A: 0.910, cycle_A: 0.195, D_B: 0.193, G_B: 0.892, cycle_B: 0.110, gp: 0.188

[Rank 0] (epoch: 26, iters: 14400, time: 0.001, data: 0.001) , D_A: 0.189, G_A: 1.020, cycle_A: 0.183, D_B: 0.111, G_B: 1.011, cycle_B: 0.116, gp: 0.109

[Rank 0] (epoch: 26, iters: 16000, time: 0.001, data: 0.001) , D_A: 0.210, G_A: 0.974, cycle_A: 0.182, D_B: 0.148, G_B: 0.990, cycle_B: 0.114, gp: 0.146

[Rank 0] (epoch: 26, iters: 17600, time: 0.001, data: 0.001) , D_A: 0.218, G_A: 1.015, cycle_A: 0.189, D_B: 0.149, G_B: 0.987, cycle_B: 0.105, gp: 0.148

[Rank 0] (epoch: 26, iters: 19200, time: 0.001, data: 0.001) , D_A: 0.232, G_A: 1.032, cycle_A: 0.186, D_B: 0.213, G_B: 1.046, cycle_B: 0.116, gp: 0.209

[Rank 0] (epoch: 26, iters: 20800, time: 0.001, data: 0.001) , D_A: 0.181, G_A: 1.049, cycle_A: 0.190, D_B: 0.232, G_B: 1.020, cycle_B: 0.118, gp: 0.230

[Rank 0] (epoch: 26, iters: 22400, time: 0.001, data: 0.001) , D_A: 0.234, G_A: 0.968, cycle_A: 0.186, D_B: 0.185, G_B: 0.966, cycle_B: 0.103, gp: 0.183

[Rank 0] (epoch: 26, iters: 24000, time: 0.001, data: 0.001) , D_A: 0.155, G_A: 0.884, cycle_A: 0.193, D_B: 0.186, G_B: 1.017, cycle_B: 0.107, gp: 0.185

[Rank 0] (epoch: 26, iters: 25600, time: 0.001, data: 0.001) , D_A: 0.141, G_A: 1.004, cycle_A: 0.183, D_B: 0.192, G_B: 0.951, cycle_B: 0.110, gp: 0.190

[Rank 0] (epoch: 26, iters: 27200, time: 0.001, data: 0.001) , D_A: 0.208, G_A: 0.992, cycle_A: 0.191, D_B: 0.224, G_B: 0.970, cycle_B: 0.116, gp: 0.222

--- iter tau=0.2200 ---
  cipher in :  into the government market looking for anything they can get an
  decrypted : e l ae iseba stlfsl efotcs enaac lbegateolw i lbe iswerolebs eol
  real plain: the new investigations were selected strictly by application of 
  cipher in :  of texas in tall bushes bluebonnets and stagecoach silhouettes 
  decrypted : eage s oue le onnecduisuecndscalls ueolheu obsraorieu niads  sue
  real plain: ne or two slow rhythmic motions and then swung his feet up into 
[Rank 0] (epoch: 26, iters: 28800, time: 0.001, data: 0.001) , D_A: 0.214, G_A: 1.081, cycle_A: 0.190, D_B: 0.211, G_B: 0.973, cycle_B: 0.108, gp: 0.208

saving the latest model (epoch 26, total_iters 1040000)
[Rank 0] (epoch: 26, iters: 30400, time: 0.001, data: 0.001) , D_A: 0.147, G_A: 0.980, cycle_A: 0.184, D_B: 0.119, G_B: 0.999, cycle_B: 0.113, gp: 0.117

[Rank 0] (epoch: 26, iters: 32000, time: 0.001, data: 0.001) , D_A: 0.211, G_A: 1.032, cycle_A: 0.199, D_B: 0.166, G_B: 1.018, cycle_B: 0.111, gp: 0.164

[Rank 0] (epoch: 26, iters: 33600, time: 0.001, data: 0.001) , D_A: 0.204, G_A: 1.001, cycle_A: 0.188, D_B: 0.263, G_B: 1.044, cycle_B: 0.116, gp: 0.261

[Rank 0] (epoch: 26, iters: 35200, time: 0.001, data: 0.001) , D_A: 0.198, G_A: 0.991, cycle_A: 0.197, D_B: 0.158, G_B: 1.021, cycle_B: 0.108, gp: 0.156

[Rank 0] (epoch: 26, iters: 36800, time: 0.001, data: 0.001) , D_A: 0.210, G_A: 0.966, cycle_A: 0.190, D_B: 0.645, G_B: 0.799, cycle_B: 0.113, gp: 0.232

[Rank 0] (epoch: 26, iters: 38400, time: 0.001, data: 0.001) , D_A: 0.229, G_A: 1.014, cycle_A: 0.196, D_B: 0.231, G_B: 1.004, cycle_B: 0.118, gp: 0.229

[Rank 0] (epoch: 26, iters: 40000, time: 0.001, data: 0.001) , D_A: 0.173, G_A: 1.032, cycle_A: 0.183, D_B: 0.222, G_B: 0.986, cycle_B: 0.116, gp: 0.220

learning rate 0.0002000 -> 0.0002000
temperature tau = 0.2129
End of epoch 26 / 50 	 Time Taken: 34 sec
[Rank 0] (epoch: 27, iters: 1152, time: 0.001, data: 0.001) , D_A: 0.198, G_A: 0.960, cycle_A: 0.193, D_B: 0.184, G_B: 0.988, cycle_B: 0.113, gp: 0.182

[Rank 0] (epoch: 27, iters: 2752, time: 0.001, data: 0.001) , D_A: 0.215, G_A: 0.791, cycle_A: 0.199, D_B: 0.127, G_B: 1.011, cycle_B: 0.122, gp: 0.125

[Rank 0] (epoch: 27, iters: 4352, time: 0.001, data: 0.001) , D_A: 0.262, G_A: 0.940, cycle_A: 0.194, D_B: 0.238, G_B: 0.989, cycle_B: 0.111, gp: 0.236

[Rank 0] (epoch: 27, iters: 5952, time: 0.001, data: 0.001) , D_A: 0.205, G_A: 0.996, cycle_A: 0.208, D_B: 0.167, G_B: 1.016, cycle_B: 0.114, gp: 0.165

[Rank 0] (epoch: 27, iters: 7552, time: 0.001, data: 0.001) , D_A: 0.159, G_A: 0.999, cycle_A: 0.188, D_B: 0.163, G_B: 1.006, cycle_B: 0.113, gp: 0.162

[Rank 0] (epoch: 27, iters: 9152, time: 0.001, data: 0.001) , D_A: 0.197, G_A: 0.927, cycle_A: 0.190, D_B: 0.200, G_B: 0.960, cycle_B: 0.112, gp: 0.198

[Rank 0] (epoch: 27, iters: 10752, time: 0.001, data: 0.001) , D_A: 0.203, G_A: 0.999, cycle_A: 0.190, D_B: 0.164, G_B: 1.015, cycle_B: 0.102, gp: 0.162

[Rank 0] (epoch: 27, iters: 12352, time: 0.001, data: 0.001) , D_A: 0.233, G_A: 0.979, cycle_A: 0.201, D_B: 0.102, G_B: 0.997, cycle_B: 0.113, gp: 0.099

[Rank 0] (epoch: 27, iters: 13952, time: 0.001, data: 0.001) , D_A: 0.158, G_A: 0.987, cycle_A: 0.185, D_B: 0.181, G_B: 0.966, cycle_B: 0.110, gp: 0.179

[Rank 0] (epoch: 27, iters: 15552, time: 0.001, data: 0.001) , D_A: 0.209, G_A: 0.910, cycle_A: 0.182, D_B: 0.192, G_B: 0.996, cycle_B: 0.107, gp: 0.190

[Rank 0] (epoch: 27, iters: 17152, time: 0.001, data: 0.001) , D_A: 0.183, G_A: 1.014, cycle_A: 0.183, D_B: 0.278, G_B: 0.995, cycle_B: 0.116, gp: 0.277

[Rank 0] (epoch: 27, iters: 18752, time: 0.001, data: 0.001) , D_A: 0.226, G_A: 0.939, cycle_A: 0.197, D_B: 0.195, G_B: 1.008, cycle_B: 0.109, gp: 0.194

[Rank 0] (epoch: 27, iters: 20352, time: 0.001, data: 0.001) , D_A: 0.180, G_A: 0.959, cycle_A: 0.197, D_B: 0.219, G_B: 0.977, cycle_B: 0.115, gp: 0.218

[Rank 0] (epoch: 27, iters: 21952, time: 0.001, data: 0.001) , D_A: 0.234, G_A: 0.990, cycle_A: 0.184, D_B: 0.138, G_B: 0.969, cycle_B: 0.111, gp: 0.136

[Rank 0] (epoch: 27, iters: 23552, time: 0.001, data: 0.001) , D_A: 0.211, G_A: 0.865, cycle_A: 0.188, D_B: 0.194, G_B: 0.979, cycle_B: 0.121, gp: 0.192

[Rank 0] (epoch: 27, iters: 25152, time: 0.001, data: 0.001) , D_A: 0.143, G_A: 0.871, cycle_A: 0.203, D_B: 0.115, G_B: 0.976, cycle_B: 0.111, gp: 0.113

[Rank 0] (epoch: 27, iters: 26752, time: 0.001, data: 0.001) , D_A: 0.214, G_A: 0.972, cycle_A: 0.182, D_B: 0.162, G_B: 1.011, cycle_B: 0.107, gp: 0.160

--- iter tau=0.2129 ---
  cipher in : ips to chicago to confer with andrew lawrence the former san fra
  decrypted :  rue aeri robae aeralgstep  ieolhtspenoptslrse isegatfsteuolegto
  real plain: ough there were moments when captain heard pointed out on his co
  cipher in : t sometimes michelangelo could not figure who was master and who
  decrypted :  euafs  fsuef risnolbsnaeradnhela eg bdtsepiaepouefou steolhepia
  real plain: u cant give and take down here what the hell do you think itll b
[Rank 0] (epoch: 27, iters: 28352, time: 0.001, data: 0.001) , D_A: 0.214, G_A: 0.991, cycle_A: 0.182, D_B: 0.205, G_B: 0.974, cycle_B: 0.127, gp: 0.203

saving the latest model (epoch 27, total_iters 1080000)
[Rank 0] (epoch: 27, iters: 29952, time: 0.001, data: 0.001) , D_A: 0.222, G_A: 1.000, cycle_A: 0.188, D_B: 0.188, G_B: 1.000, cycle_B: 0.114, gp: 0.187

[Rank 0] (epoch: 27, iters: 31552, time: 0.001, data: 0.001) , D_A: 0.153, G_A: 1.057, cycle_A: 0.203, D_B: 0.140, G_B: 1.021, cycle_B: 0.117, gp: 0.138

[Rank 0] (epoch: 27, iters: 33152, time: 0.001, data: 0.001) , D_A: 0.188, G_A: 0.981, cycle_A: 0.205, D_B: 0.245, G_B: 1.007, cycle_B: 0.107, gp: 0.243

[Rank 0] (epoch: 27, iters: 34752, time: 0.001, data: 0.001) , D_A: 0.217, G_A: 0.985, cycle_A: 0.195, D_B: 0.253, G_B: 0.979, cycle_B: 0.102, gp: 0.251

[Rank 0] (epoch: 27, iters: 36352, time: 0.001, data: 0.001) , D_A: 0.290, G_A: 1.036, cycle_A: 0.189, D_B: 0.167, G_B: 0.964, cycle_B: 0.108, gp: 0.165

[Rank 0] (epoch: 27, iters: 37952, time: 0.001, data: 0.001) , D_A: 0.119, G_A: 0.990, cycle_A: 0.194, D_B: 0.182, G_B: 0.970, cycle_B: 0.119, gp: 0.181

[Rank 0] (epoch: 27, iters: 39552, time: 0.001, data: 0.001) , D_A: 0.143, G_A: 0.990, cycle_A: 0.190, D_B: 0.135, G_B: 0.978, cycle_B: 0.109, gp: 0.134

learning rate 0.0002000 -> 0.0002000
temperature tau = 0.2060
End of epoch 27 / 50 	 Time Taken: 35 sec
[Rank 0] (epoch: 28, iters: 704, time: 0.001, data: 0.000) , D_A: 0.278, G_A: 0.947, cycle_A: 0.204, D_B: 0.211, G_B: 1.009, cycle_B: 0.117, gp: 0.209

[Rank 0] (epoch: 28, iters: 2304, time: 0.001, data: 0.000) , D_A: 0.223, G_A: 0.996, cycle_A: 0.183, D_B: 0.167, G_B: 1.017, cycle_B: 0.109, gp: 0.165

[Rank 0] (epoch: 28, iters: 3904, time: 0.001, data: 0.001) , D_A: 0.206, G_A: 1.036, cycle_A: 0.185, D_B: 0.232, G_B: 0.969, cycle_B: 0.107, gp: 0.230

[Rank 0] (epoch: 28, iters: 5504, time: 0.001, data: 0.001) , D_A: 0.308, G_A: 1.003, cycle_A: 0.174, D_B: 0.198, G_B: 0.966, cycle_B: 0.108, gp: 0.196

[Rank 0] (epoch: 28, iters: 7104, time: 0.001, data: 0.001) , D_A: 0.167, G_A: 1.008, cycle_A: 0.183, D_B: 0.197, G_B: 0.947, cycle_B: 0.114, gp: 0.195

[Rank 0] (epoch: 28, iters: 8704, time: 0.001, data: 0.001) , D_A: 0.241, G_A: 1.038, cycle_A: 0.191, D_B: 0.204, G_B: 1.002, cycle_B: 0.112, gp: 0.202

[Rank 0] (epoch: 28, iters: 10304, time: 0.001, data: 0.001) , D_A: 0.181, G_A: 0.917, cycle_A: 0.195, D_B: 0.294, G_B: 0.958, cycle_B: 0.103, gp: 0.293

[Rank 0] (epoch: 28, iters: 11904, time: 0.001, data: 0.001) , D_A: 0.187, G_A: 1.025, cycle_A: 0.193, D_B: 0.218, G_B: 1.000, cycle_B: 0.109, gp: 0.216

[Rank 0] (epoch: 28, iters: 13504, time: 0.001, data: 0.001) , D_A: 0.126, G_A: 0.991, cycle_A: 0.191, D_B: 0.165, G_B: 0.990, cycle_B: 0.113, gp: 0.163

[Rank 0] (epoch: 28, iters: 15104, time: 0.001, data: 0.001) , D_A: 0.181, G_A: 1.040, cycle_A: 0.189, D_B: 0.144, G_B: 0.986, cycle_B: 0.120, gp: 0.142

[Rank 0] (epoch: 28, iters: 16704, time: 0.001, data: 0.001) , D_A: 0.123, G_A: 0.951, cycle_A: 0.189, D_B: 0.212, G_B: 0.977, cycle_B: 0.113, gp: 0.210

[Rank 0] (epoch: 28, iters: 18304, time: 0.001, data: 0.001) , D_A: 0.167, G_A: 0.989, cycle_A: 0.186, D_B: 0.170, G_B: 1.002, cycle_B: 0.108, gp: 0.168

[Rank 0] (epoch: 28, iters: 19904, time: 0.001, data: 0.001) , D_A: 0.133, G_A: 1.004, cycle_A: 0.189, D_B: 0.207, G_B: 1.013, cycle_B: 0.119, gp: 0.205

[Rank 0] (epoch: 28, iters: 21504, time: 0.001, data: 0.001) , D_A: 0.157, G_A: 0.974, cycle_A: 0.204, D_B: 0.145, G_B: 1.002, cycle_B: 0.115, gp: 0.142

[Rank 0] (epoch: 28, iters: 23104, time: 0.001, data: 0.001) , D_A: 0.222, G_A: 0.962, cycle_A: 0.194, D_B: 0.152, G_B: 0.977, cycle_B: 0.122, gp: 0.150

[Rank 0] (epoch: 28, iters: 24704, time: 0.001, data: 0.001) , D_A: 0.204, G_A: 0.993, cycle_A: 0.185, D_B: 0.202, G_B: 1.002, cycle_B: 0.107, gp: 0.201

[Rank 0] (epoch: 28, iters: 26304, time: 0.001, data: 0.001) , D_A: 0.232, G_A: 1.020, cycle_A: 0.176, D_B: 0.152, G_B: 1.010, cycle_B: 0.117, gp: 0.150

--- iter tau=0.2060 ---
  cipher in :  balls mama small and pretty and gay and papa enormously jocular
  decrypted : econnuefofoeufonneolherts  weolheyoweolheroroeslatfadunwetardnot
  real plain: ted in laos and cuba it is not a tool for dealing with these cri
  cipher in : s to some extent the personal inadequacies that prejudices attem
  decrypted : ue aeuafses  sl e iserstualone lohs dor sue io ertstdh rsueo  sf
  real plain: hine in dianes body police theorize that a combination of dope d
[Rank 0] (epoch: 28, iters: 27904, time: 0.001, data: 0.001) , D_A: 0.153, G_A: 1.036, cycle_A: 0.194, D_B: 0.217, G_B: 0.978, cycle_B: 0.114, gp: 0.215

saving the latest model (epoch 28, total_iters 1120000)
[Rank 0] (epoch: 28, iters: 29504, time: 0.001, data: 0.001) , D_A: 0.163, G_A: 0.951, cycle_A: 0.184, D_B: 0.169, G_B: 1.002, cycle_B: 0.113, gp: 0.168

[Rank 0] (epoch: 28, iters: 31104, time: 0.001, data: 0.001) , D_A: 0.161, G_A: 0.948, cycle_A: 0.189, D_B: 0.204, G_B: 0.985, cycle_B: 0.120, gp: 0.202

[Rank 0] (epoch: 28, iters: 32704, time: 0.001, data: 0.001) , D_A: 0.174, G_A: 1.013, cycle_A: 0.196, D_B: 0.159, G_B: 1.016, cycle_B: 0.107, gp: 0.156

[Rank 0] (epoch: 28, iters: 34304, time: 0.001, data: 0.001) , D_A: 0.234, G_A: 0.967, cycle_A: 0.196, D_B: 0.152, G_B: 0.984, cycle_B: 0.112, gp: 0.150

[Rank 0] (epoch: 28, iters: 35904, time: 0.001, data: 0.001) , D_A: 0.160, G_A: 0.938, cycle_A: 0.187, D_B: 0.277, G_B: 0.948, cycle_B: 0.109, gp: 0.275

[Rank 0] (epoch: 28, iters: 37504, time: 0.001, data: 0.001) , D_A: 0.165, G_A: 0.949, cycle_A: 0.192, D_B: 0.121, G_B: 0.998, cycle_B: 0.113, gp: 0.120

[Rank 0] (epoch: 28, iters: 39104, time: 0.001, data: 0.001) , D_A: 0.276, G_A: 1.006, cycle_A: 0.176, D_B: 0.230, G_B: 1.006, cycle_B: 0.114, gp: 0.228

learning rate 0.0002000 -> 0.0002000
temperature tau = 0.1993
End of epoch 28 / 50 	 Time Taken: 34 sec
[Rank 0] (epoch: 29, iters: 256, time: 0.001, data: 0.001) , D_A: 0.211, G_A: 0.995, cycle_A: 0.194, D_B: 0.181, G_B: 0.973, cycle_B: 0.117, gp: 0.180

[Rank 0] (epoch: 29, iters: 1856, time: 0.001, data: 0.002) , D_A: 0.240, G_A: 1.003, cycle_A: 0.184, D_B: 0.150, G_B: 1.005, cycle_B: 0.119, gp: 0.148

[Rank 0] (epoch: 29, iters: 3456, time: 0.001, data: 0.001) , D_A: 0.120, G_A: 1.000, cycle_A: 0.200, D_B: 0.248, G_B: 1.050, cycle_B: 0.114, gp: 0.243

[Rank 0] (epoch: 29, iters: 5056, time: 0.001, data: 0.001) , D_A: 0.200, G_A: 1.043, cycle_A: 0.199, D_B: 0.241, G_B: 0.979, cycle_B: 0.110, gp: 0.239

[Rank 0] (epoch: 29, iters: 6656, time: 0.001, data: 0.001) , D_A: 0.122, G_A: 1.016, cycle_A: 0.200, D_B: 0.188, G_B: 0.996, cycle_B: 0.110, gp: 0.186

[Rank 0] (epoch: 29, iters: 8256, time: 0.001, data: 0.001) , D_A: 0.135, G_A: 1.004, cycle_A: 0.185, D_B: 0.146, G_B: 1.043, cycle_B: 0.114, gp: 0.141

[Rank 0] (epoch: 29, iters: 9856, time: 0.001, data: 0.001) , D_A: 0.338, G_A: 1.032, cycle_A: 0.202, D_B: 0.291, G_B: 1.019, cycle_B: 0.122, gp: 0.288

[Rank 0] (epoch: 29, iters: 11456, time: 0.001, data: 0.001) , D_A: 0.248, G_A: 1.035, cycle_A: 0.175, D_B: 0.207, G_B: 1.015, cycle_B: 0.118, gp: 0.204

[Rank 0] (epoch: 29, iters: 13056, time: 0.001, data: 0.002) , D_A: 0.150, G_A: 0.958, cycle_A: 0.191, D_B: 0.251, G_B: 0.976, cycle_B: 0.121, gp: 0.250

[Rank 0] (epoch: 29, iters: 14656, time: 0.001, data: 0.001) , D_A: 0.204, G_A: 1.019, cycle_A: 0.191, D_B: 0.142, G_B: 0.988, cycle_B: 0.117, gp: 0.141

[Rank 0] (epoch: 29, iters: 16256, time: 0.001, data: 0.001) , D_A: 0.178, G_A: 0.981, cycle_A: 0.188, D_B: 0.284, G_B: 0.986, cycle_B: 0.114, gp: 0.283

[Rank 0] (epoch: 29, iters: 17856, time: 0.001, data: 0.001) , D_A: 0.221, G_A: 0.974, cycle_A: 0.176, D_B: 0.254, G_B: 1.000, cycle_B: 0.106, gp: 0.253

[Rank 0] (epoch: 29, iters: 19456, time: 0.001, data: 0.001) , D_A: 0.214, G_A: 0.940, cycle_A: 0.198, D_B: 0.172, G_B: 1.011, cycle_B: 0.115, gp: 0.171

[Rank 0] (epoch: 29, iters: 21056, time: 0.001, data: 0.001) , D_A: 0.279, G_A: 0.966, cycle_A: 0.192, D_B: 0.128, G_B: 0.999, cycle_B: 0.115, gp: 0.127

[Rank 0] (epoch: 29, iters: 22656, time: 0.001, data: 0.001) , D_A: 0.251, G_A: 0.936, cycle_A: 0.191, D_B: 0.122, G_B: 0.957, cycle_B: 0.120, gp: 0.120

[Rank 0] (epoch: 29, iters: 24256, time: 0.001, data: 0.001) , D_A: 0.102, G_A: 1.004, cycle_A: 0.184, D_B: 0.101, G_B: 0.951, cycle_B: 0.119, gp: 0.099

[Rank 0] (epoch: 29, iters: 25856, time: 0.001, data: 0.001) , D_A: 0.155, G_A: 0.950, cycle_A: 0.197, D_B: 0.304, G_B: 0.975, cycle_B: 0.113, gp: 0.303

--- iter tau=0.1993 ---
  cipher in : has been printed derogatory to you purporting to have come from 
  decrypted : iomecsslert l shehstayo atwe aewaderdtrat  lye aeio serafsegtafe
  real plain: suddenly moist over his cheekbones the surface however was perfe
  cipher in : ective properties of this drug how to feed beef not less than mi
  decrypted : sr   sertarst  smeage i mehtdyeiape aegsshecssgela ensmme iolef 
  real plain: ave rise to the commune of paris in the revolution and later bro
[Rank 0] (epoch: 29, iters: 27456, time: 0.001, data: 0.001) , D_A: 0.135, G_A: 0.917, cycle_A: 0.183, D_B: 0.148, G_B: 0.961, cycle_B: 0.116, gp: 0.146

saving the latest model (epoch 29, total_iters 1160000)
[Rank 0] (epoch: 29, iters: 29056, time: 0.001, data: 0.001) , D_A: 0.159, G_A: 0.988, cycle_A: 0.190, D_B: 0.287, G_B: 0.991, cycle_B: 0.110, gp: 0.285

[Rank 0] (epoch: 29, iters: 30656, time: 0.001, data: 0.001) , D_A: 0.155, G_A: 1.053, cycle_A: 0.193, D_B: 0.200, G_B: 1.005, cycle_B: 0.112, gp: 0.198

[Rank 0] (epoch: 29, iters: 32256, time: 0.001, data: 0.001) , D_A: 0.200, G_A: 1.032, cycle_A: 0.184, D_B: 0.228, G_B: 0.911, cycle_B: 0.110, gp: 0.227

[Rank 0] (epoch: 29, iters: 33856, time: 0.001, data: 0.001) , D_A: 0.178, G_A: 0.932, cycle_A: 0.188, D_B: 0.120, G_B: 0.981, cycle_B: 0.115, gp: 0.118

[Rank 0] (epoch: 29, iters: 35456, time: 0.001, data: 0.001) , D_A: 0.217, G_A: 0.937, cycle_A: 0.180, D_B: 0.198, G_B: 0.971, cycle_B: 0.110, gp: 0.196

[Rank 0] (epoch: 29, iters: 37056, time: 0.001, data: 0.001) , D_A: 0.160, G_A: 0.970, cycle_A: 0.192, D_B: 0.227, G_B: 1.011, cycle_B: 0.115, gp: 0.226

[Rank 0] (epoch: 29, iters: 38656, time: 0.001, data: 0.001) , D_A: 0.164, G_A: 0.981, cycle_A: 0.175, D_B: 0.176, G_B: 1.031, cycle_B: 0.126, gp: 0.173

[Rank 0] (epoch: 29, iters: 40256, time: 0.001, data: 0.001) , D_A: 0.236, G_A: 0.875, cycle_A: 0.193, D_B: 0.163, G_B: 0.965, cycle_B: 0.115, gp: 0.161

learning rate 0.0002000 -> 0.0002000
temperature tau = 0.1929
End of epoch 29 / 50 	 Time Taken: 34 sec
[Rank 0] (epoch: 30, iters: 1408, time: 0.001, data: 0.001) , D_A: 0.102, G_A: 0.973, cycle_A: 0.181, D_B: 0.162, G_B: 1.018, cycle_B: 0.112, gp: 0.158

[Rank 0] (epoch: 30, iters: 3008, time: 0.001, data: 0.001) , D_A: 0.130, G_A: 1.011, cycle_A: 0.196, D_B: 0.174, G_B: 0.981, cycle_B: 0.121, gp: 0.172

[Rank 0] (epoch: 30, iters: 4608, time: 0.001, data: 0.001) , D_A: 0.194, G_A: 1.003, cycle_A: 0.184, D_B: 0.188, G_B: 0.986, cycle_B: 0.112, gp: 0.186

[Rank 0] (epoch: 30, iters: 6208, time: 0.001, data: 0.001) , D_A: 0.235, G_A: 0.964, cycle_A: 0.192, D_B: 0.159, G_B: 0.972, cycle_B: 0.111, gp: 0.157

[Rank 0] (epoch: 30, iters: 7808, time: 0.001, data: 0.001) , D_A: 0.234, G_A: 0.954, cycle_A: 0.200, D_B: 0.271, G_B: 0.970, cycle_B: 0.109, gp: 0.270

[Rank 0] (epoch: 30, iters: 9408, time: 0.001, data: 0.001) , D_A: 0.232, G_A: 1.034, cycle_A: 0.196, D_B: 0.215, G_B: 0.986, cycle_B: 0.121, gp: 0.213

[Rank 0] (epoch: 30, iters: 11008, time: 0.001, data: 0.001) , D_A: 0.136, G_A: 0.970, cycle_A: 0.210, D_B: 0.196, G_B: 0.953, cycle_B: 0.115, gp: 0.194

[Rank 0] (epoch: 30, iters: 12608, time: 0.001, data: 0.001) , D_A: 0.132, G_A: 0.984, cycle_A: 0.183, D_B: 0.159, G_B: 0.969, cycle_B: 0.110, gp: 0.157

[Rank 0] (epoch: 30, iters: 14208, time: 0.001, data: 0.001) , D_A: 0.218, G_A: 0.949, cycle_A: 0.199, D_B: 0.246, G_B: 0.984, cycle_B: 0.109, gp: 0.245

[Rank 0] (epoch: 30, iters: 15808, time: 0.001, data: 0.001) , D_A: 0.181, G_A: 1.032, cycle_A: 0.190, D_B: 0.198, G_B: 1.023, cycle_B: 0.106, gp: 0.196

[Rank 0] (epoch: 30, iters: 17408, time: 0.001, data: 0.001) , D_A: 0.122, G_A: 0.983, cycle_A: 0.200, D_B: 0.216, G_B: 1.042, cycle_B: 0.115, gp: 0.212

[Rank 0] (epoch: 30, iters: 19008, time: 0.001, data: 0.001) , D_A: 0.146, G_A: 1.023, cycle_A: 0.191, D_B: 0.257, G_B: 0.984, cycle_B: 0.120, gp: 0.254

[Rank 0] (epoch: 30, iters: 20608, time: 0.001, data: 0.001) , D_A: 0.290, G_A: 0.972, cycle_A: 0.185, D_B: 0.137, G_B: 0.968, cycle_B: 0.119, gp: 0.136

[Rank 0] (epoch: 30, iters: 22208, time: 0.001, data: 0.001) , D_A: 0.193, G_A: 0.930, cycle_A: 0.198, D_B: 0.133, G_B: 1.006, cycle_B: 0.104, gp: 0.130

[Rank 0] (epoch: 30, iters: 23808, time: 0.001, data: 0.001) , D_A: 0.243, G_A: 1.042, cycle_A: 0.197, D_B: 0.221, G_B: 0.983, cycle_B: 0.106, gp: 0.219

[Rank 0] (epoch: 30, iters: 25408, time: 0.001, data: 0.001) , D_A: 0.154, G_A: 0.990, cycle_A: 0.196, D_B: 0.214, G_B: 1.020, cycle_B: 0.110, gp: 0.212

--- iter tau=0.1929 ---
  cipher in :  as great a choice of models readily available or you may have t
  decrypted : eomebtso eoeria rseagefahsnmetsoh nweo o nocnseatewadefoweio se 
  real plain:  a literary tradition which including also the closely related s
  cipher in : han radical it seemed to me to sum up the profoundest of politic
  decrypted : ioletoh rone  emssfshe aefse aemdfedre isertagadlhsm eageran   r
  real plain: rough an example and the simpler and commoner the better there i
[Rank 0] (epoch: 30, iters: 27008, time: 0.001, data: 0.001) , D_A: 0.270, G_A: 1.029, cycle_A: 0.191, D_B: 0.133, G_B: 1.014, cycle_B: 0.106, gp: 0.131

saving the latest model (epoch 30, total_iters 1200000)
[Rank 0] (epoch: 30, iters: 28608, time: 0.001, data: 0.001) , D_A: 0.178, G_A: 0.975, cycle_A: 0.180, D_B: 0.186, G_B: 0.985, cycle_B: 0.127, gp: 0.183

[Rank 0] (epoch: 30, iters: 30208, time: 0.001, data: 0.001) , D_A: 0.198, G_A: 0.973, cycle_A: 0.193, D_B: 0.238, G_B: 0.983, cycle_B: 0.113, gp: 0.237

[Rank 0] (epoch: 30, iters: 31808, time: 0.001, data: 0.001) , D_A: 0.257, G_A: 1.038, cycle_A: 0.189, D_B: 0.121, G_B: 0.966, cycle_B: 0.112, gp: 0.120

[Rank 0] (epoch: 30, iters: 33408, time: 0.001, data: 0.001) , D_A: 0.158, G_A: 0.960, cycle_A: 0.196, D_B: 0.210, G_B: 1.033, cycle_B: 0.116, gp: 0.208

[Rank 0] (epoch: 30, iters: 35008, time: 0.001, data: 0.001) , D_A: 0.176, G_A: 0.964, cycle_A: 0.191, D_B: 0.148, G_B: 1.005, cycle_B: 0.110, gp: 0.147

[Rank 0] (epoch: 30, iters: 36608, time: 0.001, data: 0.001) , D_A: 0.213, G_A: 0.983, cycle_A: 0.184, D_B: 0.213, G_B: 0.980, cycle_B: 0.114, gp: 0.211

[Rank 0] (epoch: 30, iters: 38208, time: 0.001, data: 0.001) , D_A: 0.234, G_A: 0.985, cycle_A: 0.187, D_B: 0.238, G_B: 0.978, cycle_B: 0.119, gp: 0.237

[Rank 0] (epoch: 30, iters: 39808, time: 0.001, data: 0.001) , D_A: 0.186, G_A: 0.959, cycle_A: 0.187, D_B: 0.215, G_B: 0.980, cycle_B: 0.108, gp: 0.214

learning rate 0.0002000 -> 0.0002000
temperature tau = 0.1867
End of epoch 30 / 50 	 Time Taken: 34 sec
[Rank 0] (epoch: 31, iters: 960, time: 0.001, data: 0.000) , D_A: 0.182, G_A: 1.026, cycle_A: 0.184, D_B: 0.264, G_B: 1.004, cycle_B: 0.118, gp: 0.262

[Rank 0] (epoch: 31, iters: 2560, time: 0.001, data: 0.001) , D_A: 0.149, G_A: 0.993, cycle_A: 0.190, D_B: 0.185, G_B: 0.993, cycle_B: 0.107, gp: 0.183

[Rank 0] (epoch: 31, iters: 4160, time: 0.001, data: 0.001) , D_A: 0.169, G_A: 0.909, cycle_A: 0.187, D_B: 0.182, G_B: 0.992, cycle_B: 0.113, gp: 0.180

[Rank 0] (epoch: 31, iters: 5760, time: 0.001, data: 0.001) , D_A: 0.185, G_A: 0.988, cycle_A: 0.196, D_B: 0.195, G_B: 0.995, cycle_B: 0.114, gp: 0.194

[Rank 0] (epoch: 31, iters: 7360, time: 0.001, data: 0.001) , D_A: 0.183, G_A: 0.964, cycle_A: 0.173, D_B: 0.260, G_B: 0.959, cycle_B: 0.113, gp: 0.258

[Rank 0] (epoch: 31, iters: 8960, time: 0.001, data: 0.001) , D_A: 0.127, G_A: 0.990, cycle_A: 0.193, D_B: 0.183, G_B: 0.978, cycle_B: 0.111, gp: 0.182

[Rank 0] (epoch: 31, iters: 10560, time: 0.001, data: 0.001) , D_A: 0.137, G_A: 0.932, cycle_A: 0.189, D_B: 0.093, G_B: 0.962, cycle_B: 0.102, gp: 0.092

[Rank 0] (epoch: 31, iters: 12160, time: 0.001, data: 0.001) , D_A: 0.159, G_A: 1.063, cycle_A: 0.187, D_B: 0.226, G_B: 1.001, cycle_B: 0.110, gp: 0.225

[Rank 0] (epoch: 31, iters: 13760, time: 0.001, data: 0.001) , D_A: 0.189, G_A: 0.966, cycle_A: 0.196, D_B: 0.186, G_B: 0.976, cycle_B: 0.114, gp: 0.184

[Rank 0] (epoch: 31, iters: 15360, time: 0.001, data: 0.001) , D_A: 0.174, G_A: 0.928, cycle_A: 0.177, D_B: 0.096, G_B: 0.949, cycle_B: 0.119, gp: 0.094

[Rank 0] (epoch: 31, iters: 16960, time: 0.001, data: 0.001) , D_A: 0.238, G_A: 1.025, cycle_A: 0.187, D_B: 0.209, G_B: 0.973, cycle_B: 0.117, gp: 0.208

[Rank 0] (epoch: 31, iters: 18560, time: 0.001, data: 0.001) , D_A: 0.194, G_A: 0.996, cycle_A: 0.197, D_B: 0.251, G_B: 1.010, cycle_B: 0.110, gp: 0.248

[Rank 0] (epoch: 31, iters: 20160, time: 0.001, data: 0.001) , D_A: 0.223, G_A: 0.994, cycle_A: 0.183, D_B: 0.319, G_B: 0.993, cycle_B: 0.116, gp: 0.317

[Rank 0] (epoch: 31, iters: 21760, time: 0.001, data: 0.001) , D_A: 0.164, G_A: 0.988, cycle_A: 0.206, D_B: 0.196, G_B: 1.004, cycle_B: 0.111, gp: 0.194

[Rank 0] (epoch: 31, iters: 23360, time: 0.001, data: 0.001) , D_A: 0.157, G_A: 0.944, cycle_A: 0.198, D_B: 0.175, G_B: 1.025, cycle_B: 0.120, gp: 0.172

[Rank 0] (epoch: 31, iters: 24960, time: 0.001, data: 0.001) , D_A: 0.169, G_A: 1.055, cycle_A: 0.202, D_B: 0.180, G_B: 0.977, cycle_B: 0.107, gp: 0.178

--- iter tau=0.1867 ---
  cipher in :  sleep and never think of roads and horses sore haunches of colo
  decrypted : eunssreolhels ste i lceagetaohueolheiatusueuatseiodlrisueagerana
  real plain: g of french operatic excerpts miss pons is certainly not no sing
  cipher in :  his first philosophical notebook entry made when he was twentyf
  decrypted : ei ueg tu eri nauari ronela scaacesl twefohsepisleisepoue psl wg
  real plain: e treasury douglas dillon owns a prize monet femmes dans un jard
[Rank 0] (epoch: 31, iters: 26560, time: 0.001, data: 0.001) , D_A: 0.126, G_A: 1.002, cycle_A: 0.197, D_B: 0.151, G_B: 0.948, cycle_B: 0.117, gp: 0.149

saving the latest model (epoch 31, total_iters 1240000)
[Rank 0] (epoch: 31, iters: 28160, time: 0.001, data: 0.001) , D_A: 0.146, G_A: 0.952, cycle_A: 0.187, D_B: 0.201, G_B: 0.962, cycle_B: 0.113, gp: 0.197

[Rank 0] (epoch: 31, iters: 29760, time: 0.001, data: 0.001) , D_A: 0.210, G_A: 1.027, cycle_A: 0.197, D_B: 0.178, G_B: 1.040, cycle_B: 0.114, gp: 0.176

[Rank 0] (epoch: 31, iters: 31360, time: 0.001, data: 0.001) , D_A: 0.175, G_A: 1.037, cycle_A: 0.192, D_B: 0.193, G_B: 0.971, cycle_B: 0.118, gp: 0.192

[Rank 0] (epoch: 31, iters: 32960, time: 0.001, data: 0.001) , D_A: 0.188, G_A: 0.978, cycle_A: 0.197, D_B: 0.275, G_B: 1.014, cycle_B: 0.109, gp: 0.274

[Rank 0] (epoch: 31, iters: 34560, time: 0.001, data: 0.001) , D_A: 0.146, G_A: 0.959, cycle_A: 0.191, D_B: 0.174, G_B: 1.020, cycle_B: 0.101, gp: 0.172

[Rank 0] (epoch: 31, iters: 36160, time: 0.001, data: 0.001) , D_A: 0.180, G_A: 1.095, cycle_A: 0.194, D_B: 0.195, G_B: 1.004, cycle_B: 0.108, gp: 0.193

[Rank 0] (epoch: 31, iters: 37760, time: 0.001, data: 0.001) , D_A: 0.223, G_A: 0.986, cycle_A: 0.191, D_B: 0.208, G_B: 0.960, cycle_B: 0.112, gp: 0.207

[Rank 0] (epoch: 31, iters: 39360, time: 0.001, data: 0.001) , D_A: 0.175, G_A: 0.927, cycle_A: 0.188, D_B: 0.235, G_B: 0.985, cycle_B: 0.115, gp: 0.232

learning rate 0.0002000 -> 0.0002000
temperature tau = 0.1806
End of epoch 31 / 50 	 Time Taken: 34 sec
[Rank 0] (epoch: 32, iters: 512, time: 0.001, data: 0.002) , D_A: 0.149, G_A: 1.009, cycle_A: 0.196, D_B: 0.191, G_B: 0.997, cycle_B: 0.117, gp: 0.190

[Rank 0] (epoch: 32, iters: 2112, time: 0.001, data: 0.000) , D_A: 0.167, G_A: 0.975, cycle_A: 0.188, D_B: 0.141, G_B: 1.006, cycle_B: 0.108, gp: 0.138

[Rank 0] (epoch: 32, iters: 3712, time: 0.001, data: 0.001) , D_A: 0.139, G_A: 0.954, cycle_A: 0.184, D_B: 0.226, G_B: 0.990, cycle_B: 0.104, gp: 0.224

[Rank 0] (epoch: 32, iters: 5312, time: 0.001, data: 0.001) , D_A: 0.235, G_A: 0.992, cycle_A: 0.185, D_B: 0.141, G_B: 0.993, cycle_B: 0.108, gp: 0.139

[Rank 0] (epoch: 32, iters: 6912, time: 0.001, data: 0.001) , D_A: 0.174, G_A: 1.010, cycle_A: 0.207, D_B: 0.201, G_B: 0.943, cycle_B: 0.114, gp: 0.198

[Rank 0] (epoch: 32, iters: 8512, time: 0.001, data: 0.001) , D_A: 0.281, G_A: 0.996, cycle_A: 0.189, D_B: 0.119, G_B: 0.956, cycle_B: 0.111, gp: 0.117

[Rank 0] (epoch: 32, iters: 10112, time: 0.001, data: 0.001) , D_A: 0.216, G_A: 0.980, cycle_A: 0.196, D_B: 0.153, G_B: 0.965, cycle_B: 0.121, gp: 0.152

[Rank 0] (epoch: 32, iters: 11712, time: 0.001, data: 0.001) , D_A: 0.196, G_A: 1.000, cycle_A: 0.185, D_B: 0.394, G_B: 0.906, cycle_B: 0.116, gp: 0.132

[Rank 0] (epoch: 32, iters: 13312, time: 0.001, data: 0.001) , D_A: 0.149, G_A: 1.016, cycle_A: 0.195, D_B: 0.198, G_B: 0.966, cycle_B: 0.120, gp: 0.196

[Rank 0] (epoch: 32, iters: 14912, time: 0.001, data: 0.001) , D_A: 0.145, G_A: 0.910, cycle_A: 0.190, D_B: 0.178, G_B: 0.974, cycle_B: 0.119, gp: 0.176

[Rank 0] (epoch: 32, iters: 16512, time: 0.001, data: 0.001) , D_A: 0.137, G_A: 0.910, cycle_A: 0.179, D_B: 0.131, G_B: 0.978, cycle_B: 0.114, gp: 0.129

[Rank 0] (epoch: 32, iters: 18112, time: 0.001, data: 0.001) , D_A: 0.221, G_A: 0.985, cycle_A: 0.192, D_B: 0.136, G_B: 0.997, cycle_B: 0.110, gp: 0.135

[Rank 0] (epoch: 32, iters: 19712, time: 0.001, data: 0.001) , D_A: 0.173, G_A: 0.968, cycle_A: 0.193, D_B: 0.163, G_B: 0.988, cycle_B: 0.120, gp: 0.161

[Rank 0] (epoch: 32, iters: 21312, time: 0.001, data: 0.001) , D_A: 0.149, G_A: 1.004, cycle_A: 0.193, D_B: 0.230, G_B: 1.007, cycle_B: 0.114, gp: 0.228

[Rank 0] (epoch: 32, iters: 22912, time: 0.001, data: 0.001) , D_A: 0.205, G_A: 1.019, cycle_A: 0.182, D_B: 0.182, G_B: 0.966, cycle_B: 0.119, gp: 0.181

[Rank 0] (epoch: 32, iters: 24512, time: 0.001, data: 0.001) , D_A: 0.167, G_A: 0.998, cycle_A: 0.197, D_B: 0.185, G_B: 0.983, cycle_B: 0.119, gp: 0.183

--- iter tau=0.1806 ---
  cipher in : t as he has refused to do anything of the kind i then wish that 
  decrypted :  eoueiseiouetsgdushe aehaeolw i lyeage isec lhe e islep uie io e
  real plain:  them take the little car now and then when they do that my wife
  cipher in : op our few surviving open shorelines and those who would save th
  decrypted : areadtegspeudt    lyearsleuiatsn lsueolhe iausepiaepadnheuo se i
  real plain: ppropriate to halloween it made her look sweet and schoolgirlish
[Rank 0] (epoch: 32, iters: 26112, time: 0.001, data: 0.001) , D_A: 0.115, G_A: 1.008, cycle_A: 0.191, D_B: 0.145, G_B: 0.977, cycle_B: 0.113, gp: 0.143

saving the latest model (epoch 32, total_iters 1280000)
[Rank 0] (epoch: 32, iters: 27712, time: 0.001, data: 0.001) , D_A: 0.233, G_A: 1.009, cycle_A: 0.185, D_B: 0.243, G_B: 0.986, cycle_B: 0.115, gp: 0.242

[Rank 0] (epoch: 32, iters: 29312, time: 0.001, data: 0.001) , D_A: 0.133, G_A: 0.938, cycle_A: 0.177, D_B: 0.315, G_B: 0.999, cycle_B: 0.113, gp: 0.314

[Rank 0] (epoch: 32, iters: 30912, time: 0.001, data: 0.001) , D_A: 0.202, G_A: 0.901, cycle_A: 0.197, D_B: 0.149, G_B: 1.002, cycle_B: 0.118, gp: 0.148

[Rank 0] (epoch: 32, iters: 32512, time: 0.001, data: 0.001) , D_A: 0.243, G_A: 1.077, cycle_A: 0.188, D_B: 0.180, G_B: 0.996, cycle_B: 0.105, gp: 0.179

[Rank 0] (epoch: 32, iters: 34112, time: 0.001, data: 0.001) , D_A: 0.183, G_A: 1.015, cycle_A: 0.185, D_B: 0.206, G_B: 0.971, cycle_B: 0.112, gp: 0.205

[Rank 0] (epoch: 32, iters: 35712, time: 0.001, data: 0.001) , D_A: 0.267, G_A: 0.927, cycle_A: 0.196, D_B: 0.142, G_B: 0.967, cycle_B: 0.109, gp: 0.141

[Rank 0] (epoch: 32, iters: 37312, time: 0.001, data: 0.001) , D_A: 0.198, G_A: 0.999, cycle_A: 0.185, D_B: 0.118, G_B: 0.974, cycle_B: 0.115, gp: 0.117

[Rank 0] (epoch: 32, iters: 38912, time: 0.001, data: 0.001) , D_A: 0.176, G_A: 0.967, cycle_A: 0.195, D_B: 0.165, G_B: 0.999, cycle_B: 0.125, gp: 0.164

learning rate 0.0002000 -> 0.0002000
temperature tau = 0.1748
End of epoch 32 / 50 	 Time Taken: 34 sec
[Rank 0] (epoch: 33, iters: 64, time: 0.001, data: 0.001) , D_A: 0.245, G_A: 0.991, cycle_A: 0.189, D_B: 0.149, G_B: 0.992, cycle_B: 0.119, gp: 0.147

[Rank 0] (epoch: 33, iters: 1664, time: 0.001, data: 0.001) , D_A: 0.351, G_A: 1.025, cycle_A: 0.194, D_B: 0.266, G_B: 0.966, cycle_B: 0.119, gp: 0.264

[Rank 0] (epoch: 33, iters: 3264, time: 0.001, data: 0.001) , D_A: 0.183, G_A: 1.040, cycle_A: 0.185, D_B: 0.188, G_B: 0.980, cycle_B: 0.114, gp: 0.186

[Rank 0] (epoch: 33, iters: 4864, time: 0.001, data: 0.001) , D_A: 0.188, G_A: 1.051, cycle_A: 0.200, D_B: 0.216, G_B: 0.936, cycle_B: 0.109, gp: 0.214

[Rank 0] (epoch: 33, iters: 6464, time: 0.001, data: 0.001) , D_A: 0.184, G_A: 1.010, cycle_A: 0.190, D_B: 0.143, G_B: 0.998, cycle_B: 0.110, gp: 0.141

[Rank 0] (epoch: 33, iters: 8064, time: 0.001, data: 0.001) , D_A: 0.213, G_A: 1.064, cycle_A: 0.188, D_B: 0.179, G_B: 0.995, cycle_B: 0.109, gp: 0.178

[Rank 0] (epoch: 33, iters: 9664, time: 0.001, data: 0.001) , D_A: 0.160, G_A: 0.957, cycle_A: 0.187, D_B: 0.308, G_B: 0.995, cycle_B: 0.120, gp: 0.306

[Rank 0] (epoch: 33, iters: 11264, time: 0.001, data: 0.001) , D_A: 0.210, G_A: 0.876, cycle_A: 0.184, D_B: 0.172, G_B: 0.943, cycle_B: 0.116, gp: 0.170

[Rank 0] (epoch: 33, iters: 12864, time: 0.001, data: 0.001) , D_A: 0.122, G_A: 1.018, cycle_A: 0.181, D_B: 0.154, G_B: 1.010, cycle_B: 0.123, gp: 0.151

[Rank 0] (epoch: 33, iters: 14464, time: 0.001, data: 0.001) , D_A: 0.130, G_A: 1.030, cycle_A: 0.180, D_B: 0.163, G_B: 1.010, cycle_B: 0.116, gp: 0.161

[Rank 0] (epoch: 33, iters: 16064, time: 0.001, data: 0.001) , D_A: 0.160, G_A: 1.044, cycle_A: 0.202, D_B: 0.213, G_B: 1.005, cycle_B: 0.114, gp: 0.212

[Rank 0] (epoch: 33, iters: 17664, time: 0.001, data: 0.001) , D_A: 0.147, G_A: 0.954, cycle_A: 0.179, D_B: 0.118, G_B: 0.933, cycle_B: 0.105, gp: 0.117

[Rank 0] (epoch: 33, iters: 19264, time: 0.001, data: 0.001) , D_A: 0.150, G_A: 0.973, cycle_A: 0.176, D_B: 0.255, G_B: 1.033, cycle_B: 0.115, gp: 0.254

[Rank 0] (epoch: 33, iters: 20864, time: 0.001, data: 0.001) , D_A: 0.127, G_A: 1.004, cycle_A: 0.182, D_B: 0.217, G_B: 0.975, cycle_B: 0.118, gp: 0.215

[Rank 0] (epoch: 33, iters: 22464, time: 0.001, data: 0.001) , D_A: 0.164, G_A: 0.989, cycle_A: 0.178, D_B: 0.170, G_B: 0.933, cycle_B: 0.104, gp: 0.167

[Rank 0] (epoch: 33, iters: 24064, time: 0.001, data: 0.001) , D_A: 0.165, G_A: 0.958, cycle_A: 0.178, D_B: 0.218, G_B: 1.011, cycle_B: 0.107, gp: 0.216

--- iter tau=0.1748 ---
  cipher in : nce and management of stateowned transportation since that time 
  decrypted : lrseolhefoloysfsl eagem o saplshe tolmrat o  alem lrse io e  fse
  real plain:  them take the little car now and then when they do that my wife
  cipher in :  the patriotic songs was written by a new england baptist clergy
  decrypted : e isero t a  remalymepomept   slecweoelspeslynolhecor  m ernstyw
  real plain: ppropriate to halloween it made her look sweet and schoolgirlish
[Rank 0] (epoch: 33, iters: 25664, time: 0.001, data: 0.001) , D_A: 0.221, G_A: 1.001, cycle_A: 0.199, D_B: 0.125, G_B: 0.980, cycle_B: 0.113, gp: 0.123

saving the latest model (epoch 33, total_iters 1320000)
[Rank 0] (epoch: 33, iters: 27264, time: 0.001, data: 0.001) , D_A: 0.205, G_A: 0.903, cycle_A: 0.190, D_B: 0.142, G_B: 0.943, cycle_B: 0.115, gp: 0.140

[Rank 0] (epoch: 33, iters: 28864, time: 0.001, data: 0.001) , D_A: 0.192, G_A: 1.006, cycle_A: 0.194, D_B: 0.158, G_B: 0.987, cycle_B: 0.110, gp: 0.156

[Rank 0] (epoch: 33, iters: 30464, time: 0.001, data: 0.001) , D_A: 0.142, G_A: 1.004, cycle_A: 0.189, D_B: 0.183, G_B: 1.001, cycle_B: 0.113, gp: 0.182

[Rank 0] (epoch: 33, iters: 32064, time: 0.001, data: 0.001) , D_A: 0.219, G_A: 0.998, cycle_A: 0.201, D_B: 0.103, G_B: 0.967, cycle_B: 0.111, gp: 0.101

[Rank 0] (epoch: 33, iters: 33664, time: 0.001, data: 0.001) , D_A: 0.146, G_A: 0.945, cycle_A: 0.182, D_B: 0.190, G_B: 0.966, cycle_B: 0.115, gp: 0.187

[Rank 0] (epoch: 33, iters: 35264, time: 0.001, data: 0.001) , D_A: 0.209, G_A: 0.992, cycle_A: 0.187, D_B: 0.168, G_B: 1.019, cycle_B: 0.107, gp: 0.166

[Rank 0] (epoch: 33, iters: 36864, time: 0.001, data: 0.001) , D_A: 0.173, G_A: 0.986, cycle_A: 0.189, D_B: 0.252, G_B: 0.983, cycle_B: 0.113, gp: 0.250

[Rank 0] (epoch: 33, iters: 38464, time: 0.001, data: 0.001) , D_A: 0.211, G_A: 0.884, cycle_A: 0.188, D_B: 0.220, G_B: 0.982, cycle_B: 0.127, gp: 0.218

[Rank 0] (epoch: 33, iters: 40064, time: 0.001, data: 0.001) , D_A: 0.116, G_A: 0.907, cycle_A: 0.194, D_B: 0.228, G_B: 1.016, cycle_B: 0.115, gp: 0.227

learning rate 0.0002000 -> 0.0002000
temperature tau = 0.1691
End of epoch 33 / 50 	 Time Taken: 34 sec
[Rank 0] (epoch: 34, iters: 1216, time: 0.001, data: 0.001) , D_A: 0.209, G_A: 0.897, cycle_A: 0.193, D_B: 0.213, G_B: 0.988, cycle_B: 0.112, gp: 0.211

[Rank 0] (epoch: 34, iters: 2816, time: 0.001, data: 0.001) , D_A: 0.182, G_A: 1.041, cycle_A: 0.202, D_B: 0.130, G_B: 0.957, cycle_B: 0.120, gp: 0.128

[Rank 0] (epoch: 34, iters: 4416, time: 0.001, data: 0.001) , D_A: 0.114, G_A: 0.958, cycle_A: 0.192, D_B: 0.149, G_B: 0.976, cycle_B: 0.111, gp: 0.147

[Rank 0] (epoch: 34, iters: 6016, time: 0.001, data: 0.001) , D_A: 0.146, G_A: 0.950, cycle_A: 0.186, D_B: 0.200, G_B: 0.990, cycle_B: 0.113, gp: 0.198

[Rank 0] (epoch: 34, iters: 7616, time: 0.001, data: 0.001) , D_A: 0.182, G_A: 1.090, cycle_A: 0.186, D_B: 0.109, G_B: 0.923, cycle_B: 0.111, gp: 0.107

[Rank 0] (epoch: 34, iters: 9216, time: 0.001, data: 0.001) , D_A: 0.216, G_A: 0.886, cycle_A: 0.178, D_B: 0.227, G_B: 0.979, cycle_B: 0.111, gp: 0.226

[Rank 0] (epoch: 34, iters: 10816, time: 0.001, data: 0.001) , D_A: 0.249, G_A: 0.965, cycle_A: 0.180, D_B: 0.153, G_B: 1.021, cycle_B: 0.117, gp: 0.152

[Rank 0] (epoch: 34, iters: 12416, time: 0.001, data: 0.001) , D_A: 0.191, G_A: 1.008, cycle_A: 0.197, D_B: 0.224, G_B: 0.986, cycle_B: 0.110, gp: 0.221

[Rank 0] (epoch: 34, iters: 14016, time: 0.001, data: 0.001) , D_A: 0.176, G_A: 0.962, cycle_A: 0.192, D_B: 0.212, G_B: 1.008, cycle_B: 0.109, gp: 0.211

[Rank 0] (epoch: 34, iters: 15616, time: 0.001, data: 0.001) , D_A: 0.212, G_A: 1.017, cycle_A: 0.184, D_B: 0.120, G_B: 1.005, cycle_B: 0.107, gp: 0.118

[Rank 0] (epoch: 34, iters: 17216, time: 0.001, data: 0.001) , D_A: 0.216, G_A: 0.989, cycle_A: 0.182, D_B: 0.192, G_B: 1.065, cycle_B: 0.116, gp: 0.189

[Rank 0] (epoch: 34, iters: 18816, time: 0.001, data: 0.001) , D_A: 0.156, G_A: 1.020, cycle_A: 0.182, D_B: 0.204, G_B: 0.983, cycle_B: 0.108, gp: 0.203

[Rank 0] (epoch: 34, iters: 20416, time: 0.001, data: 0.001) , D_A: 0.120, G_A: 0.986, cycle_A: 0.199, D_B: 0.208, G_B: 1.052, cycle_B: 0.116, gp: 0.207

[Rank 0] (epoch: 34, iters: 22016, time: 0.001, data: 0.001) , D_A: 0.265, G_A: 1.117, cycle_A: 0.192, D_B: 0.104, G_B: 0.979, cycle_B: 0.112, gp: 0.103

[Rank 0] (epoch: 34, iters: 23616, time: 0.001, data: 0.001) , D_A: 0.174, G_A: 1.024, cycle_A: 0.182, D_B: 0.268, G_B: 0.990, cycle_B: 0.109, gp: 0.265

--- iter tau=0.1691 ---
  cipher in : idly and reasons other than employee need contributed to the gro
  decrypted :  hnweolhetsoualuea iste iolesfrnawsselssheral t cd she ae iseyta
  real plain:  registered with them that i had time to read all of balzac dick
  cipher in :  of the shovels struck an object theres something here said the 
  decrypted : eage iseuia snueu tdrceoleactsr e istsueuafs i lyeistseuo he ise
  real plain: gration in the north than in the south the line is a pretty good
[Rank 0] (epoch: 34, iters: 25216, time: 0.001, data: 0.001) , D_A: 0.215, G_A: 0.996, cycle_A: 0.199, D_B: 0.149, G_B: 0.990, cycle_B: 0.112, gp: 0.147

saving the latest model (epoch 34, total_iters 1360000)
[Rank 0] (epoch: 34, iters: 26816, time: 0.001, data: 0.001) , D_A: 0.226, G_A: 0.853, cycle_A: 0.194, D_B: 0.217, G_B: 0.983, cycle_B: 0.107, gp: 0.215

[Rank 0] (epoch: 34, iters: 28416, time: 0.001, data: 0.001) , D_A: 0.229, G_A: 0.992, cycle_A: 0.201, D_B: 0.147, G_B: 0.990, cycle_B: 0.127, gp: 0.145

[Rank 0] (epoch: 34, iters: 30016, time: 0.001, data: 0.001) , D_A: 0.181, G_A: 0.949, cycle_A: 0.195, D_B: 0.189, G_B: 1.011, cycle_B: 0.113, gp: 0.188

[Rank 0] (epoch: 34, iters: 31616, time: 0.001, data: 0.001) , D_A: 0.184, G_A: 0.949, cycle_A: 0.197, D_B: 0.227, G_B: 0.956, cycle_B: 0.117, gp: 0.224

[Rank 0] (epoch: 34, iters: 33216, time: 0.001, data: 0.001) , D_A: 0.201, G_A: 0.992, cycle_A: 0.191, D_B: 0.216, G_B: 0.973, cycle_B: 0.108, gp: 0.215

[Rank 0] (epoch: 34, iters: 34816, time: 0.001, data: 0.001) , D_A: 0.130, G_A: 0.993, cycle_A: 0.195, D_B: 0.158, G_B: 0.978, cycle_B: 0.102, gp: 0.156

[Rank 0] (epoch: 34, iters: 36416, time: 0.001, data: 0.001) , D_A: 0.220, G_A: 1.052, cycle_A: 0.197, D_B: 0.234, G_B: 0.977, cycle_B: 0.115, gp: 0.233

[Rank 0] (epoch: 34, iters: 38016, time: 0.001, data: 0.001) , D_A: 0.202, G_A: 1.029, cycle_A: 0.180, D_B: 0.216, G_B: 1.026, cycle_B: 0.119, gp: 0.214

[Rank 0] (epoch: 34, iters: 39616, time: 0.001, data: 0.001) , D_A: 0.192, G_A: 0.940, cycle_A: 0.185, D_B: 0.175, G_B: 0.920, cycle_B: 0.109, gp: 0.171

learning rate 0.0002000 -> 0.0002000
temperature tau = 0.1637
End of epoch 34 / 50 	 Time Taken: 34 sec
[Rank 0] (epoch: 35, iters: 768, time: 0.001, data: 0.001) , D_A: 0.120, G_A: 0.965, cycle_A: 0.198, D_B: 0.178, G_B: 1.005, cycle_B: 0.117, gp: 0.176

[Rank 0] (epoch: 35, iters: 2368, time: 0.001, data: 0.000) , D_A: 0.131, G_A: 0.970, cycle_A: 0.201, D_B: 0.269, G_B: 0.986, cycle_B: 0.109, gp: 0.267

[Rank 0] (epoch: 35, iters: 3968, time: 0.001, data: 0.001) , D_A: 0.146, G_A: 0.942, cycle_A: 0.190, D_B: 0.124, G_B: 0.977, cycle_B: 0.104, gp: 0.122

[Rank 0] (epoch: 35, iters: 5568, time: 0.001, data: 0.001) , D_A: 0.126, G_A: 1.018, cycle_A: 0.187, D_B: 0.216, G_B: 0.976, cycle_B: 0.106, gp: 0.214

[Rank 0] (epoch: 35, iters: 7168, time: 0.001, data: 0.001) , D_A: 0.228, G_A: 1.009, cycle_A: 0.180, D_B: 0.152, G_B: 1.008, cycle_B: 0.115, gp: 0.151

[Rank 0] (epoch: 35, iters: 8768, time: 0.001, data: 0.001) , D_A: 0.171, G_A: 0.948, cycle_A: 0.187, D_B: 0.199, G_B: 0.978, cycle_B: 0.112, gp: 0.197

[Rank 0] (epoch: 35, iters: 10368, time: 0.001, data: 0.001) , D_A: 0.187, G_A: 0.975, cycle_A: 0.194, D_B: 0.219, G_B: 1.068, cycle_B: 0.102, gp: 0.214

[Rank 0] (epoch: 35, iters: 11968, time: 0.001, data: 0.001) , D_A: 0.258, G_A: 0.960, cycle_A: 0.183, D_B: 0.141, G_B: 1.009, cycle_B: 0.109, gp: 0.140

[Rank 0] (epoch: 35, iters: 13568, time: 0.001, data: 0.001) , D_A: 0.116, G_A: 0.955, cycle_A: 0.186, D_B: 0.172, G_B: 0.960, cycle_B: 0.114, gp: 0.170

[Rank 0] (epoch: 35, iters: 15168, time: 0.001, data: 0.001) , D_A: 0.212, G_A: 1.015, cycle_A: 0.198, D_B: 0.111, G_B: 1.035, cycle_B: 0.119, gp: 0.106

[Rank 0] (epoch: 35, iters: 16768, time: 0.001, data: 0.001) , D_A: 0.275, G_A: 0.977, cycle_A: 0.191, D_B: 0.126, G_B: 0.924, cycle_B: 0.115, gp: 0.123

[Rank 0] (epoch: 35, iters: 18368, time: 0.001, data: 0.001) , D_A: 0.117, G_A: 0.998, cycle_A: 0.196, D_B: 0.132, G_B: 1.023, cycle_B: 0.108, gp: 0.127

[Rank 0] (epoch: 35, iters: 19968, time: 0.001, data: 0.001) , D_A: 0.250, G_A: 0.956, cycle_A: 0.180, D_B: 0.137, G_B: 0.982, cycle_B: 0.119, gp: 0.134

[Rank 0] (epoch: 35, iters: 21568, time: 0.001, data: 0.001) , D_A: 0.197, G_A: 0.999, cycle_A: 0.179, D_B: 0.191, G_B: 0.982, cycle_B: 0.112, gp: 0.189

[Rank 0] (epoch: 35, iters: 23168, time: 0.001, data: 0.001) , D_A: 0.122, G_A: 0.979, cycle_A: 0.183, D_B: 0.199, G_B: 1.002, cycle_B: 0.121, gp: 0.198

--- iter tau=0.1637 ---
  cipher in : tal schools or enlarging the capacity of existing ones more for 
  decrypted :  onemriaanmeateslnotb lbe iseroror  weages  m  lbealsmefatsegate
  real plain: le to extract the optimal rstage policy with respect to the feed
  cipher in : further to the foundations officers dr james f mathias for eleve
  decrypted : gdt iste ae isegadlho  almeagg rstmehtetofsmegefo i omegatesns s
  real plain: with outstanding buoyancy and impact strength another reports th
[Rank 0] (epoch: 35, iters: 24768, time: 0.001, data: 0.001) , D_A: 0.194, G_A: 1.007, cycle_A: 0.189, D_B: 0.149, G_B: 0.972, cycle_B: 0.107, gp: 0.146

saving the latest model (epoch 35, total_iters 1400000)
[Rank 0] (epoch: 35, iters: 26368, time: 0.001, data: 0.001) , D_A: 0.195, G_A: 0.993, cycle_A: 0.190, D_B: 0.118, G_B: 0.972, cycle_B: 0.117, gp: 0.117

[Rank 0] (epoch: 35, iters: 27968, time: 0.001, data: 0.001) , D_A: 0.170, G_A: 1.010, cycle_A: 0.188, D_B: 0.139, G_B: 0.993, cycle_B: 0.113, gp: 0.138

[Rank 0] (epoch: 35, iters: 29568, time: 0.001, data: 0.001) , D_A: 0.135, G_A: 0.943, cycle_A: 0.184, D_B: 0.158, G_B: 0.973, cycle_B: 0.113, gp: 0.156

[Rank 0] (epoch: 35, iters: 31168, time: 0.001, data: 0.001) , D_A: 0.156, G_A: 0.952, cycle_A: 0.184, D_B: 0.198, G_B: 0.976, cycle_B: 0.117, gp: 0.195

[Rank 0] (epoch: 35, iters: 32768, time: 0.001, data: 0.001) , D_A: 0.147, G_A: 1.077, cycle_A: 0.205, D_B: 0.200, G_B: 0.995, cycle_B: 0.105, gp: 0.198

[Rank 0] (epoch: 35, iters: 34368, time: 0.001, data: 0.001) , D_A: 0.212, G_A: 0.939, cycle_A: 0.194, D_B: 0.102, G_B: 0.969, cycle_B: 0.101, gp: 0.101

[Rank 0] (epoch: 35, iters: 35968, time: 0.001, data: 0.001) , D_A: 0.137, G_A: 1.032, cycle_A: 0.193, D_B: 0.198, G_B: 1.004, cycle_B: 0.107, gp: 0.197

[Rank 0] (epoch: 35, iters: 37568, time: 0.001, data: 0.001) , D_A: 0.163, G_A: 0.991, cycle_A: 0.188, D_B: 0.175, G_B: 1.004, cycle_B: 0.111, gp: 0.174

[Rank 0] (epoch: 35, iters: 39168, time: 0.001, data: 0.001) , D_A: 0.208, G_A: 0.990, cycle_A: 0.203, D_B: 0.138, G_B: 1.025, cycle_B: 0.114, gp: 0.137

learning rate 0.0002000 -> 0.0002000
temperature tau = 0.1584
End of epoch 35 / 50 	 Time Taken: 34 sec
[Rank 0] (epoch: 36, iters: 320, time: 0.001, data: 0.001) , D_A: 0.154, G_A: 0.931, cycle_A: 0.193, D_B: 0.250, G_B: 0.998, cycle_B: 0.116, gp: 0.248

[Rank 0] (epoch: 36, iters: 1920, time: 0.001, data: 0.002) , D_A: 0.105, G_A: 1.006, cycle_A: 0.187, D_B: 0.179, G_B: 0.965, cycle_B: 0.118, gp: 0.177

[Rank 0] (epoch: 36, iters: 3520, time: 0.001, data: 0.001) , D_A: 0.138, G_A: 0.970, cycle_A: 0.188, D_B: 0.117, G_B: 0.996, cycle_B: 0.113, gp: 0.115

[Rank 0] (epoch: 36, iters: 5120, time: 0.001, data: 0.001) , D_A: 0.254, G_A: 1.046, cycle_A: 0.189, D_B: 0.171, G_B: 1.004, cycle_B: 0.109, gp: 0.170

[Rank 0] (epoch: 36, iters: 6720, time: 0.001, data: 0.001) , D_A: 0.122, G_A: 0.965, cycle_A: 0.203, D_B: 0.149, G_B: 0.981, cycle_B: 0.116, gp: 0.148

[Rank 0] (epoch: 36, iters: 8320, time: 0.001, data: 0.001) , D_A: 0.221, G_A: 0.949, cycle_A: 0.196, D_B: 0.122, G_B: 0.962, cycle_B: 0.112, gp: 0.120

[Rank 0] (epoch: 36, iters: 9920, time: 0.001, data: 0.001) , D_A: 0.310, G_A: 1.084, cycle_A: 0.187, D_B: 0.153, G_B: 0.996, cycle_B: 0.122, gp: 0.151

[Rank 0] (epoch: 36, iters: 11520, time: 0.001, data: 0.001) , D_A: 0.178, G_A: 1.016, cycle_A: 0.189, D_B: 0.182, G_B: 0.983, cycle_B: 0.116, gp: 0.180

[Rank 0] (epoch: 36, iters: 13120, time: 0.001, data: 0.001) , D_A: 0.185, G_A: 1.038, cycle_A: 0.189, D_B: 0.160, G_B: 1.023, cycle_B: 0.120, gp: 0.159

[Rank 0] (epoch: 36, iters: 14720, time: 0.001, data: 0.001) , D_A: 0.176, G_A: 0.959, cycle_A: 0.194, D_B: 0.197, G_B: 0.995, cycle_B: 0.115, gp: 0.196

[Rank 0] (epoch: 36, iters: 16320, time: 0.001, data: 0.001) , D_A: 0.071, G_A: 0.962, cycle_A: 0.195, D_B: 0.182, G_B: 0.987, cycle_B: 0.114, gp: 0.179

[Rank 0] (epoch: 36, iters: 17920, time: 0.001, data: 0.001) , D_A: 0.155, G_A: 0.997, cycle_A: 0.190, D_B: 0.180, G_B: 1.045, cycle_B: 0.105, gp: 0.178

[Rank 0] (epoch: 36, iters: 19520, time: 0.001, data: 0.001) , D_A: 0.179, G_A: 0.999, cycle_A: 0.184, D_B: 0.180, G_B: 0.995, cycle_B: 0.122, gp: 0.179

[Rank 0] (epoch: 36, iters: 21120, time: 0.001, data: 0.001) , D_A: 0.180, G_A: 0.939, cycle_A: 0.189, D_B: 0.215, G_B: 0.935, cycle_B: 0.114, gp: 0.213

[Rank 0] (epoch: 36, iters: 22720, time: 0.001, data: 0.001) , D_A: 0.210, G_A: 0.960, cycle_A: 0.191, D_B: 0.126, G_B: 0.944, cycle_B: 0.120, gp: 0.123

--- iter tau=0.1584 ---
  cipher in : andwriting with which she invited me to recall our summer so man
  decrypted : olhpt   lyep  iepi rieuise l   shefse aetsronneadteudffsteuaefol
  real plain: ed speed they bore down on him there was nothing he could do exc
  cipher in : the lady twittered helva turned her vision back to magnification
  decrypted :  isenohwe p   stsheisn oe dtlsheiste  u alecorce aefoyl g ro  al
  real plain:  enough to obtain their full allocation of outside funds nationa
[Rank 0] (epoch: 36, iters: 24320, time: 0.001, data: 0.001) , D_A: 0.240, G_A: 0.977, cycle_A: 0.193, D_B: 0.157, G_B: 0.975, cycle_B: 0.118, gp: 0.156

saving the latest model (epoch 36, total_iters 1440000)
[Rank 0] (epoch: 36, iters: 25920, time: 0.001, data: 0.001) , D_A: 0.199, G_A: 1.050, cycle_A: 0.206, D_B: 0.146, G_B: 0.985, cycle_B: 0.113, gp: 0.144

[Rank 0] (epoch: 36, iters: 27520, time: 0.001, data: 0.001) , D_A: 0.160, G_A: 0.912, cycle_A: 0.196, D_B: 0.143, G_B: 1.001, cycle_B: 0.115, gp: 0.142

[Rank 0] (epoch: 36, iters: 29120, time: 0.001, data: 0.001) , D_A: 0.309, G_A: 1.148, cycle_A: 0.205, D_B: 0.415, G_B: 1.102, cycle_B: 0.137, gp: 0.402

[Rank 0] (epoch: 36, iters: 30720, time: 0.001, data: 0.001) , D_A: 0.287, G_A: 0.982, cycle_A: 0.184, D_B: 0.285, G_B: 0.968, cycle_B: 0.127, gp: 0.282

[Rank 0] (epoch: 36, iters: 32320, time: 0.001, data: 0.001) , D_A: 0.239, G_A: 1.000, cycle_A: 0.189, D_B: 0.292, G_B: 0.961, cycle_B: 0.114, gp: 0.288

[Rank 0] (epoch: 36, iters: 33920, time: 0.001, data: 0.001) , D_A: 0.278, G_A: 0.913, cycle_A: 0.187, D_B: 0.165, G_B: 0.980, cycle_B: 0.117, gp: 0.163

[Rank 0] (epoch: 36, iters: 35520, time: 0.001, data: 0.001) , D_A: 0.177, G_A: 0.912, cycle_A: 0.185, D_B: 0.137, G_B: 0.976, cycle_B: 0.114, gp: 0.135

[Rank 0] (epoch: 36, iters: 37120, time: 0.001, data: 0.001) , D_A: 0.254, G_A: 0.949, cycle_A: 0.194, D_B: 0.280, G_B: 0.919, cycle_B: 0.118, gp: 0.277

[Rank 0] (epoch: 36, iters: 38720, time: 0.001, data: 0.001) , D_A: 0.179, G_A: 0.940, cycle_A: 0.197, D_B: 0.205, G_B: 0.942, cycle_B: 0.130, gp: 0.202

[Rank 0] (epoch: 36, iters: 40320, time: 0.001, data: 0.001) , D_A: 0.233, G_A: 1.003, cycle_A: 0.176, D_B: 0.300, G_B: 0.933, cycle_B: 0.119, gp: 0.298

learning rate 0.0002000 -> 0.0002000
temperature tau = 0.1533
End of epoch 36 / 50 	 Time Taken: 34 sec
[Rank 0] (epoch: 37, iters: 1472, time: 0.001, data: 0.001) , D_A: 0.212, G_A: 0.990, cycle_A: 0.184, D_B: 0.228, G_B: 0.988, cycle_B: 0.115, gp: 0.226

[Rank 0] (epoch: 37, iters: 3072, time: 0.001, data: 0.001) , D_A: 0.218, G_A: 0.960, cycle_A: 0.201, D_B: 0.153, G_B: 1.010, cycle_B: 0.123, gp: 0.152

[Rank 0] (epoch: 37, iters: 4672, time: 0.001, data: 0.001) , D_A: 0.135, G_A: 1.012, cycle_A: 0.191, D_B: 0.182, G_B: 0.982, cycle_B: 0.111, gp: 0.180

[Rank 0] (epoch: 37, iters: 6272, time: 0.001, data: 0.001) , D_A: 0.205, G_A: 1.052, cycle_A: 0.189, D_B: 0.245, G_B: 0.966, cycle_B: 0.111, gp: 0.243

[Rank 0] (epoch: 37, iters: 7872, time: 0.001, data: 0.001) , D_A: 0.242, G_A: 0.875, cycle_A: 0.187, D_B: 0.156, G_B: 1.009, cycle_B: 0.114, gp: 0.154

[Rank 0] (epoch: 37, iters: 9472, time: 0.001, data: 0.001) , D_A: 0.199, G_A: 0.990, cycle_A: 0.194, D_B: 0.224, G_B: 1.013, cycle_B: 0.126, gp: 0.223

[Rank 0] (epoch: 37, iters: 11072, time: 0.001, data: 0.001) , D_A: 0.193, G_A: 0.957, cycle_A: 0.178, D_B: 0.178, G_B: 0.988, cycle_B: 0.120, gp: 0.176

[Rank 0] (epoch: 37, iters: 12672, time: 0.001, data: 0.001) , D_A: 0.183, G_A: 1.044, cycle_A: 0.191, D_B: 0.234, G_B: 0.964, cycle_B: 0.112, gp: 0.233

[Rank 0] (epoch: 37, iters: 14272, time: 0.001, data: 0.001) , D_A: 0.188, G_A: 0.978, cycle_A: 0.194, D_B: 0.178, G_B: 1.030, cycle_B: 0.111, gp: 0.176

[Rank 0] (epoch: 37, iters: 15872, time: 0.001, data: 0.001) , D_A: 0.277, G_A: 0.972, cycle_A: 0.193, D_B: 0.174, G_B: 1.008, cycle_B: 0.110, gp: 0.170

[Rank 0] (epoch: 37, iters: 17472, time: 0.001, data: 0.001) , D_A: 0.266, G_A: 0.981, cycle_A: 0.185, D_B: 0.183, G_B: 0.999, cycle_B: 0.109, gp: 0.182

[Rank 0] (epoch: 37, iters: 19072, time: 0.001, data: 0.001) , D_A: 0.150, G_A: 0.970, cycle_A: 0.195, D_B: 0.195, G_B: 0.993, cycle_B: 0.120, gp: 0.194

[Rank 0] (epoch: 37, iters: 20672, time: 0.001, data: 0.001) , D_A: 0.171, G_A: 0.993, cycle_A: 0.183, D_B: 0.151, G_B: 1.038, cycle_B: 0.122, gp: 0.147

[Rank 0] (epoch: 37, iters: 22272, time: 0.001, data: 0.001) , D_A: 0.109, G_A: 0.953, cycle_A: 0.192, D_B: 0.151, G_B: 0.989, cycle_B: 0.107, gp: 0.149

--- iter tau=0.1533 ---
  cipher in : xceptional outbursts of solar radio noise the quiescent level of
  decrypted :  rsr  alonead cdtu ueageuanotetoh aela use ise d sursl ens sneag
  real plain: an occupation with a future some vocational training schools pro
  cipher in :  members of the professions quit school at an early age and went
  decrypted : efsfcstueage isertagsuu alue d  euriaaneo eolesotnweobseolhepsl 
  real plain: ces finally brought the music to life the last program of this f
[Rank 0] (epoch: 37, iters: 23872, time: 0.001, data: 0.001) , D_A: 0.132, G_A: 0.971, cycle_A: 0.177, D_B: 0.141, G_B: 1.009, cycle_B: 0.106, gp: 0.139

saving the latest model (epoch 37, total_iters 1480000)
[Rank 0] (epoch: 37, iters: 25472, time: 0.001, data: 0.001) , D_A: 0.129, G_A: 0.881, cycle_A: 0.182, D_B: 0.226, G_B: 1.007, cycle_B: 0.115, gp: 0.224

[Rank 0] (epoch: 37, iters: 27072, time: 0.001, data: 0.001) , D_A: 0.232, G_A: 1.006, cycle_A: 0.190, D_B: 0.170, G_B: 0.992, cycle_B: 0.109, gp: 0.168

[Rank 0] (epoch: 37, iters: 28672, time: 0.001, data: 0.001) , D_A: 0.130, G_A: 1.044, cycle_A: 0.197, D_B: 0.232, G_B: 0.989, cycle_B: 0.132, gp: 0.230

[Rank 0] (epoch: 37, iters: 30272, time: 0.001, data: 0.001) , D_A: 0.168, G_A: 0.991, cycle_A: 0.195, D_B: 0.241, G_B: 0.991, cycle_B: 0.116, gp: 0.240

[Rank 0] (epoch: 37, iters: 31872, time: 0.001, data: 0.001) , D_A: 0.211, G_A: 0.969, cycle_A: 0.182, D_B: 0.211, G_B: 0.989, cycle_B: 0.114, gp: 0.209

[Rank 0] (epoch: 37, iters: 33472, time: 0.001, data: 0.001) , D_A: 0.177, G_A: 0.962, cycle_A: 0.201, D_B: 0.191, G_B: 1.021, cycle_B: 0.120, gp: 0.189

[Rank 0] (epoch: 37, iters: 35072, time: 0.001, data: 0.001) , D_A: 0.144, G_A: 0.977, cycle_A: 0.196, D_B: 0.137, G_B: 0.973, cycle_B: 0.110, gp: 0.134

[Rank 0] (epoch: 37, iters: 36672, time: 0.001, data: 0.001) , D_A: 0.313, G_A: 0.964, cycle_A: 0.179, D_B: 0.168, G_B: 0.996, cycle_B: 0.116, gp: 0.166

[Rank 0] (epoch: 37, iters: 38272, time: 0.001, data: 0.001) , D_A: 0.173, G_A: 0.942, cycle_A: 0.203, D_B: 0.251, G_B: 0.970, cycle_B: 0.121, gp: 0.250

[Rank 0] (epoch: 37, iters: 39872, time: 0.001, data: 0.001) , D_A: 0.155, G_A: 0.964, cycle_A: 0.191, D_B: 0.197, G_B: 0.983, cycle_B: 0.109, gp: 0.195

learning rate 0.0002000 -> 0.0002000
temperature tau = 0.1483
End of epoch 37 / 50 	 Time Taken: 34 sec
[Rank 0] (epoch: 38, iters: 1024, time: 0.001, data: 0.000) , D_A: 0.193, G_A: 0.941, cycle_A: 0.180, D_B: 0.191, G_B: 0.981, cycle_B: 0.120, gp: 0.189

[Rank 0] (epoch: 38, iters: 2624, time: 0.001, data: 0.000) , D_A: 0.115, G_A: 0.971, cycle_A: 0.180, D_B: 0.183, G_B: 0.982, cycle_B: 0.125, gp: 0.181

[Rank 0] (epoch: 38, iters: 4224, time: 0.001, data: 0.001) , D_A: 0.198, G_A: 1.041, cycle_A: 0.186, D_B: 0.206, G_B: 1.001, cycle_B: 0.115, gp: 0.204

[Rank 0] (epoch: 38, iters: 5824, time: 0.001, data: 0.001) , D_A: 0.256, G_A: 0.983, cycle_A: 0.190, D_B: 0.131, G_B: 0.973, cycle_B: 0.117, gp: 0.129

[Rank 0] (epoch: 38, iters: 7424, time: 0.001, data: 0.001) , D_A: 0.176, G_A: 1.014, cycle_A: 0.193, D_B: 0.233, G_B: 0.955, cycle_B: 0.117, gp: 0.231

[Rank 0] (epoch: 38, iters: 9024, time: 0.001, data: 0.001) , D_A: 0.265, G_A: 0.990, cycle_A: 0.190, D_B: 0.110, G_B: 0.972, cycle_B: 0.114, gp: 0.107

[Rank 0] (epoch: 38, iters: 10624, time: 0.001, data: 0.001) , D_A: 0.202, G_A: 1.001, cycle_A: 0.195, D_B: 0.224, G_B: 0.996, cycle_B: 0.104, gp: 0.221

[Rank 0] (epoch: 38, iters: 12224, time: 0.001, data: 0.001) , D_A: 0.293, G_A: 0.954, cycle_A: 0.184, D_B: 0.169, G_B: 0.969, cycle_B: 0.112, gp: 0.167

[Rank 0] (epoch: 38, iters: 13824, time: 0.001, data: 0.001) , D_A: 0.156, G_A: 0.998, cycle_A: 0.182, D_B: 0.184, G_B: 0.996, cycle_B: 0.116, gp: 0.182

[Rank 0] (epoch: 38, iters: 15424, time: 0.001, data: 0.001) , D_A: 0.218, G_A: 0.936, cycle_A: 0.177, D_B: 0.179, G_B: 0.962, cycle_B: 0.111, gp: 0.177

[Rank 0] (epoch: 38, iters: 17024, time: 0.001, data: 0.002) , D_A: 0.188, G_A: 0.993, cycle_A: 0.186, D_B: 0.284, G_B: 0.996, cycle_B: 0.117, gp: 0.282

[Rank 0] (epoch: 38, iters: 18624, time: 0.001, data: 0.001) , D_A: 0.242, G_A: 0.931, cycle_A: 0.189, D_B: 0.168, G_B: 1.018, cycle_B: 0.111, gp: 0.165

[Rank 0] (epoch: 38, iters: 20224, time: 0.001, data: 0.001) , D_A: 0.114, G_A: 0.967, cycle_A: 0.198, D_B: 0.230, G_B: 0.962, cycle_B: 0.117, gp: 0.229

[Rank 0] (epoch: 38, iters: 21824, time: 0.001, data: 0.001) , D_A: 0.192, G_A: 0.968, cycle_A: 0.180, D_B: 0.171, G_B: 1.012, cycle_B: 0.114, gp: 0.169

--- iter tau=0.1483 ---
  cipher in :  the ultimate in bad taste callous exploitation beyond the bound
  decrypted : e isedn  fo se lecohe ou seronnadues rna  o  alecswalhe isecadlh
  real plain: eaded his calling her back rests on his having once got her acqu
  cipher in : re a bad check may subject the maker to certain penalties all ch
  decrypted : tseoecoherisrcefoweudctsr e isefocste aerst o lerslon  sueonneri
  real plain: as a junior in college that first entry there is the vermont flu
[Rank 0] (epoch: 38, iters: 23424, time: 0.001, data: 0.001) , D_A: 0.173, G_A: 1.007, cycle_A: 0.189, D_B: 0.236, G_B: 0.999, cycle_B: 0.123, gp: 0.234

saving the latest model (epoch 38, total_iters 1520000)
[Rank 0] (epoch: 38, iters: 25024, time: 0.001, data: 0.001) , D_A: 0.126, G_A: 1.021, cycle_A: 0.197, D_B: 0.161, G_B: 0.993, cycle_B: 0.110, gp: 0.159

[Rank 0] (epoch: 38, iters: 26624, time: 0.001, data: 0.001) , D_A: 0.216, G_A: 0.974, cycle_A: 0.189, D_B: 0.194, G_B: 0.995, cycle_B: 0.120, gp: 0.192

[Rank 0] (epoch: 38, iters: 28224, time: 0.001, data: 0.001) , D_A: 0.276, G_A: 0.958, cycle_A: 0.201, D_B: 0.179, G_B: 1.031, cycle_B: 0.134, gp: 0.174

[Rank 0] (epoch: 38, iters: 29824, time: 0.001, data: 0.001) , D_A: 0.183, G_A: 0.987, cycle_A: 0.176, D_B: 0.102, G_B: 1.003, cycle_B: 0.115, gp: 0.100

[Rank 0] (epoch: 38, iters: 31424, time: 0.001, data: 0.001) , D_A: 0.196, G_A: 0.997, cycle_A: 0.190, D_B: 0.179, G_B: 0.970, cycle_B: 0.120, gp: 0.178

[Rank 0] (epoch: 38, iters: 33024, time: 0.001, data: 0.001) , D_A: 0.219, G_A: 0.905, cycle_A: 0.192, D_B: 0.222, G_B: 0.994, cycle_B: 0.112, gp: 0.220

[Rank 0] (epoch: 38, iters: 34624, time: 0.001, data: 0.001) , D_A: 0.151, G_A: 1.094, cycle_A: 0.197, D_B: 0.108, G_B: 0.976, cycle_B: 0.103, gp: 0.105

[Rank 0] (epoch: 38, iters: 36224, time: 0.001, data: 0.001) , D_A: 0.201, G_A: 0.915, cycle_A: 0.188, D_B: 0.142, G_B: 1.001, cycle_B: 0.110, gp: 0.141

[Rank 0] (epoch: 38, iters: 37824, time: 0.001, data: 0.001) , D_A: 0.189, G_A: 0.998, cycle_A: 0.175, D_B: 0.217, G_B: 0.946, cycle_B: 0.113, gp: 0.216

[Rank 0] (epoch: 38, iters: 39424, time: 0.001, data: 0.001) , D_A: 0.236, G_A: 0.975, cycle_A: 0.191, D_B: 0.224, G_B: 1.005, cycle_B: 0.116, gp: 0.222

learning rate 0.0002000 -> 0.0002000
temperature tau = 0.1435
End of epoch 38 / 50 	 Time Taken: 34 sec
[Rank 0] (epoch: 39, iters: 576, time: 0.001, data: 0.001) , D_A: 0.198, G_A: 0.939, cycle_A: 0.194, D_B: 0.262, G_B: 0.959, cycle_B: 0.121, gp: 0.261

[Rank 0] (epoch: 39, iters: 2176, time: 0.001, data: 0.000) , D_A: 0.203, G_A: 1.019, cycle_A: 0.201, D_B: 0.179, G_B: 0.969, cycle_B: 0.111, gp: 0.177

[Rank 0] (epoch: 39, iters: 3776, time: 0.001, data: 0.001) , D_A: 0.172, G_A: 0.994, cycle_A: 0.183, D_B: 0.256, G_B: 0.990, cycle_B: 0.114, gp: 0.252

[Rank 0] (epoch: 39, iters: 5376, time: 0.001, data: 0.001) , D_A: 0.170, G_A: 0.970, cycle_A: 0.192, D_B: 0.181, G_B: 0.974, cycle_B: 0.106, gp: 0.179

[Rank 0] (epoch: 39, iters: 6976, time: 0.001, data: 0.001) , D_A: 0.145, G_A: 0.995, cycle_A: 0.198, D_B: 0.224, G_B: 0.968, cycle_B: 0.120, gp: 0.220

[Rank 0] (epoch: 39, iters: 8576, time: 0.001, data: 0.001) , D_A: 0.194, G_A: 0.981, cycle_A: 0.191, D_B: 0.136, G_B: 1.005, cycle_B: 0.113, gp: 0.135

[Rank 0] (epoch: 39, iters: 10176, time: 0.001, data: 0.001) , D_A: 0.218, G_A: 1.012, cycle_A: 0.189, D_B: 0.235, G_B: 0.994, cycle_B: 0.126, gp: 0.233

[Rank 0] (epoch: 39, iters: 11776, time: 0.001, data: 0.001) , D_A: 0.152, G_A: 0.997, cycle_A: 0.195, D_B: 0.212, G_B: 0.937, cycle_B: 0.118, gp: 0.210

[Rank 0] (epoch: 39, iters: 13376, time: 0.001, data: 0.001) , D_A: 0.160, G_A: 1.007, cycle_A: 0.179, D_B: 0.207, G_B: 0.987, cycle_B: 0.117, gp: 0.206

[Rank 0] (epoch: 39, iters: 14976, time: 0.001, data: 0.001) , D_A: 0.274, G_A: 1.013, cycle_A: 0.199, D_B: 0.218, G_B: 0.994, cycle_B: 0.124, gp: 0.217

[Rank 0] (epoch: 39, iters: 16576, time: 0.001, data: 0.001) , D_A: 0.231, G_A: 0.950, cycle_A: 0.188, D_B: 0.169, G_B: 0.884, cycle_B: 0.117, gp: 0.161

[Rank 0] (epoch: 39, iters: 18176, time: 0.001, data: 0.001) , D_A: 0.231, G_A: 0.938, cycle_A: 0.199, D_B: 0.233, G_B: 0.995, cycle_B: 0.112, gp: 0.232

[Rank 0] (epoch: 39, iters: 19776, time: 0.001, data: 0.001) , D_A: 0.238, G_A: 0.996, cycle_A: 0.189, D_B: 0.084, G_B: 0.960, cycle_B: 0.123, gp: 0.083

[Rank 0] (epoch: 39, iters: 21376, time: 0.001, data: 0.001) , D_A: 0.237, G_A: 1.015, cycle_A: 0.186, D_B: 0.046, G_B: 0.996, cycle_B: 0.119, gp: 0.044

--- iter tau=0.1435 ---
  cipher in : es bathroom to turn on the hotwater heater and on the side of th
  decrypted : sueco itaafe ae dtleale iseia po steiso steolheale iseu hseage i
  real plain: situated within a parenchyma entirely lacking in protective supp
  cipher in : pite the internal and international crises that harassed morocco
  decrypted : r  se ise l stloneolhe l stlo  alonert usue io eiotouushefatarra
  real plain: ff that he was moving like a ballet dancer playing for laughs if
[Rank 0] (epoch: 39, iters: 22976, time: 0.001, data: 0.001) , D_A: 0.167, G_A: 0.974, cycle_A: 0.201, D_B: 0.318, G_B: 0.983, cycle_B: 0.122, gp: 0.317

saving the latest model (epoch 39, total_iters 1560000)
[Rank 0] (epoch: 39, iters: 24576, time: 0.001, data: 0.001) , D_A: 0.224, G_A: 0.981, cycle_A: 0.186, D_B: 0.221, G_B: 1.001, cycle_B: 0.123, gp: 0.220

[Rank 0] (epoch: 39, iters: 26176, time: 0.001, data: 0.001) , D_A: 0.240, G_A: 0.982, cycle_A: 0.192, D_B: 0.187, G_B: 1.025, cycle_B: 0.123, gp: 0.185

[Rank 0] (epoch: 39, iters: 27776, time: 0.001, data: 0.001) , D_A: 0.224, G_A: 0.986, cycle_A: 0.197, D_B: 0.092, G_B: 0.993, cycle_B: 0.115, gp: 0.091

[Rank 0] (epoch: 39, iters: 29376, time: 0.001, data: 0.001) , D_A: 0.278, G_A: 0.999, cycle_A: 0.169, D_B: 0.141, G_B: 1.009, cycle_B: 0.116, gp: 0.139

[Rank 0] (epoch: 39, iters: 30976, time: 0.001, data: 0.001) , D_A: 0.166, G_A: 0.963, cycle_A: 0.183, D_B: 0.110, G_B: 0.972, cycle_B: 0.120, gp: 0.109

[Rank 0] (epoch: 39, iters: 32576, time: 0.001, data: 0.001) , D_A: 0.134, G_A: 0.998, cycle_A: 0.185, D_B: 0.229, G_B: 0.970, cycle_B: 0.107, gp: 0.228

[Rank 0] (epoch: 39, iters: 34176, time: 0.001, data: 0.001) , D_A: 0.179, G_A: 0.982, cycle_A: 0.179, D_B: 0.182, G_B: 0.989, cycle_B: 0.114, gp: 0.180

[Rank 0] (epoch: 39, iters: 35776, time: 0.001, data: 0.001) , D_A: 0.161, G_A: 0.966, cycle_A: 0.191, D_B: 0.282, G_B: 0.957, cycle_B: 0.113, gp: 0.281

[Rank 0] (epoch: 39, iters: 37376, time: 0.001, data: 0.001) , D_A: 0.117, G_A: 0.967, cycle_A: 0.196, D_B: 0.198, G_B: 1.018, cycle_B: 0.116, gp: 0.197

[Rank 0] (epoch: 39, iters: 38976, time: 0.001, data: 0.001) , D_A: 0.233, G_A: 0.980, cycle_A: 0.193, D_B: 0.205, G_B: 0.972, cycle_B: 0.115, gp: 0.200

learning rate 0.0002000 -> 0.0002000
temperature tau = 0.1389
End of epoch 39 / 50 	 Time Taken: 33 sec
[Rank 0] (epoch: 40, iters: 128, time: 0.001, data: 0.001) , D_A: 0.287, G_A: 0.904, cycle_A: 0.215, D_B: 0.241, G_B: 0.951, cycle_B: 0.127, gp: 0.238

[Rank 0] (epoch: 40, iters: 1728, time: 0.001, data: 0.000) , D_A: 0.323, G_A: 0.969, cycle_A: 0.190, D_B: 0.192, G_B: 1.011, cycle_B: 0.124, gp: 0.190

[Rank 0] (epoch: 40, iters: 3328, time: 0.001, data: 0.001) , D_A: 0.144, G_A: 0.961, cycle_A: 0.203, D_B: 0.205, G_B: 0.969, cycle_B: 0.117, gp: 0.202

[Rank 0] (epoch: 40, iters: 4928, time: 0.001, data: 0.001) , D_A: 0.265, G_A: 0.993, cycle_A: 0.192, D_B: 0.203, G_B: 1.001, cycle_B: 0.112, gp: 0.201

[Rank 0] (epoch: 40, iters: 6528, time: 0.001, data: 0.001) , D_A: 0.300, G_A: 1.021, cycle_A: 0.212, D_B: 0.225, G_B: 0.939, cycle_B: 0.111, gp: 0.222

[Rank 0] (epoch: 40, iters: 8128, time: 0.001, data: 0.001) , D_A: 0.190, G_A: 1.032, cycle_A: 0.201, D_B: 0.123, G_B: 0.978, cycle_B: 0.114, gp: 0.121

[Rank 0] (epoch: 40, iters: 9728, time: 0.001, data: 0.001) , D_A: 0.354, G_A: 0.895, cycle_A: 0.213, D_B: 0.233, G_B: 1.045, cycle_B: 0.127, gp: 0.230

[Rank 0] (epoch: 40, iters: 11328, time: 0.001, data: 0.001) , D_A: 0.220, G_A: 0.956, cycle_A: 0.204, D_B: 0.204, G_B: 0.987, cycle_B: 0.119, gp: 0.202

[Rank 0] (epoch: 40, iters: 12928, time: 0.001, data: 0.001) , D_A: 0.287, G_A: 0.835, cycle_A: 0.188, D_B: 0.138, G_B: 0.946, cycle_B: 0.128, gp: 0.135

[Rank 0] (epoch: 40, iters: 14528, time: 0.001, data: 0.001) , D_A: 0.126, G_A: 0.921, cycle_A: 0.195, D_B: 0.279, G_B: 0.987, cycle_B: 0.117, gp: 0.278

[Rank 0] (epoch: 40, iters: 16128, time: 0.001, data: 0.001) , D_A: 0.229, G_A: 0.943, cycle_A: 0.197, D_B: 0.279, G_B: 0.991, cycle_B: 0.118, gp: 0.277

[Rank 0] (epoch: 40, iters: 17728, time: 0.001, data: 0.001) , D_A: 0.149, G_A: 0.996, cycle_A: 0.197, D_B: 0.216, G_B: 0.961, cycle_B: 0.106, gp: 0.213

[Rank 0] (epoch: 40, iters: 19328, time: 0.001, data: 0.001) , D_A: 0.288, G_A: 0.996, cycle_A: 0.192, D_B: 0.225, G_B: 0.996, cycle_B: 0.119, gp: 0.224

[Rank 0] (epoch: 40, iters: 20928, time: 0.001, data: 0.001) , D_A: 0.288, G_A: 0.968, cycle_A: 0.193, D_B: 0.243, G_B: 1.000, cycle_B: 0.122, gp: 0.238

--- iter tau=0.1389 ---
  cipher in : lthier children since the change to better nutrition he feels he
  decrypted : n i steri nhtsleu lrse iseriolbse aecs  steld t   aleisegssnueis
  real plain:  the ottoman nationalism on which enver pasha counted does not e
  cipher in : ge of jewish teenagers in college is that a great many urban jew
  decrypted : bseagetsp uie sslobstue lerannsbse ue io eoebtso efolwedtcoletsp
  real plain: d precision as well as imagination because don was leaving the n
[Rank 0] (epoch: 40, iters: 22528, time: 0.001, data: 0.001) , D_A: 0.176, G_A: 0.953, cycle_A: 0.190, D_B: 0.188, G_B: 0.917, cycle_B: 0.106, gp: 0.186

saving the latest model (epoch 40, total_iters 1600000)
[Rank 0] (epoch: 40, iters: 24128, time: 0.001, data: 0.001) , D_A: 0.131, G_A: 0.894, cycle_A: 0.187, D_B: 0.158, G_B: 1.012, cycle_B: 0.123, gp: 0.157

[Rank 0] (epoch: 40, iters: 25728, time: 0.001, data: 0.001) , D_A: 0.118, G_A: 0.986, cycle_A: 0.195, D_B: 0.176, G_B: 0.978, cycle_B: 0.117, gp: 0.173

[Rank 0] (epoch: 40, iters: 27328, time: 0.001, data: 0.001) , D_A: 0.208, G_A: 0.930, cycle_A: 0.204, D_B: 0.158, G_B: 0.948, cycle_B: 0.116, gp: 0.155

[Rank 0] (epoch: 40, iters: 28928, time: 0.001, data: 0.001) , D_A: 0.253, G_A: 0.976, cycle_A: 0.196, D_B: 0.163, G_B: 0.996, cycle_B: 0.113, gp: 0.161

[Rank 0] (epoch: 40, iters: 30528, time: 0.001, data: 0.001) , D_A: 0.209, G_A: 0.998, cycle_A: 0.180, D_B: 0.166, G_B: 0.978, cycle_B: 0.116, gp: 0.164

[Rank 0] (epoch: 40, iters: 32128, time: 0.001, data: 0.001) , D_A: 0.196, G_A: 1.014, cycle_A: 0.184, D_B: 0.127, G_B: 0.949, cycle_B: 0.115, gp: 0.126

[Rank 0] (epoch: 40, iters: 33728, time: 0.001, data: 0.001) , D_A: 0.289, G_A: 0.970, cycle_A: 0.189, D_B: 0.161, G_B: 0.996, cycle_B: 0.119, gp: 0.158

[Rank 0] (epoch: 40, iters: 35328, time: 0.001, data: 0.001) , D_A: 0.235, G_A: 0.897, cycle_A: 0.196, D_B: 0.147, G_B: 0.960, cycle_B: 0.109, gp: 0.145

[Rank 0] (epoch: 40, iters: 36928, time: 0.001, data: 0.001) , D_A: 0.273, G_A: 1.024, cycle_A: 0.181, D_B: 0.103, G_B: 0.947, cycle_B: 0.117, gp: 0.101

[Rank 0] (epoch: 40, iters: 38528, time: 0.001, data: 0.001) , D_A: 0.280, G_A: 0.952, cycle_A: 0.194, D_B: 0.150, G_B: 0.984, cycle_B: 0.131, gp: 0.149

[Rank 0] (epoch: 40, iters: 40128, time: 0.001, data: 0.001) , D_A: 0.285, G_A: 0.963, cycle_A: 0.209, D_B: 0.137, G_B: 1.000, cycle_B: 0.119, gp: 0.134

learning rate 0.0002000 -> 0.0001818
temperature tau = 0.1344
End of epoch 40 / 50 	 Time Taken: 34 sec
[Rank 0] (epoch: 41, iters: 1280, time: 0.001, data: 0.001) , D_A: 0.229, G_A: 0.959, cycle_A: 0.182, D_B: 0.178, G_B: 1.011, cycle_B: 0.116, gp: 0.176

[Rank 0] (epoch: 41, iters: 2880, time: 0.001, data: 0.001) , D_A: 0.210, G_A: 0.980, cycle_A: 0.193, D_B: 0.169, G_B: 0.974, cycle_B: 0.124, gp: 0.167

[Rank 0] (epoch: 41, iters: 4480, time: 0.001, data: 0.001) , D_A: 0.263, G_A: 0.948, cycle_A: 0.205, D_B: 0.157, G_B: 0.961, cycle_B: 0.115, gp: 0.155

[Rank 0] (epoch: 41, iters: 6080, time: 0.001, data: 0.001) , D_A: 0.181, G_A: 0.869, cycle_A: 0.191, D_B: 0.216, G_B: 0.955, cycle_B: 0.117, gp: 0.215

[Rank 0] (epoch: 41, iters: 7680, time: 0.001, data: 0.001) , D_A: 0.298, G_A: 0.939, cycle_A: 0.193, D_B: 0.261, G_B: 1.023, cycle_B: 0.117, gp: 0.259

[Rank 0] (epoch: 41, iters: 9280, time: 0.001, data: 0.001) , D_A: 0.195, G_A: 0.985, cycle_A: 0.190, D_B: 0.147, G_B: 0.772, cycle_B: 0.127, gp: 0.143

[Rank 0] (epoch: 41, iters: 10880, time: 0.001, data: 0.001) , D_A: 0.210, G_A: 0.900, cycle_A: 0.187, D_B: 0.213, G_B: 0.987, cycle_B: 0.120, gp: 0.211

[Rank 0] (epoch: 41, iters: 12480, time: 0.001, data: 0.001) , D_A: 0.313, G_A: 0.989, cycle_A: 0.180, D_B: 0.130, G_B: 0.978, cycle_B: 0.113, gp: 0.129

[Rank 0] (epoch: 41, iters: 14080, time: 0.001, data: 0.001) , D_A: 0.203, G_A: 1.085, cycle_A: 0.188, D_B: 0.222, G_B: 0.975, cycle_B: 0.112, gp: 0.221

[Rank 0] (epoch: 41, iters: 15680, time: 0.001, data: 0.001) , D_A: 0.184, G_A: 0.970, cycle_A: 0.189, D_B: 0.238, G_B: 0.982, cycle_B: 0.110, gp: 0.236

[Rank 0] (epoch: 41, iters: 17280, time: 0.001, data: 0.001) , D_A: 0.314, G_A: 0.970, cycle_A: 0.199, D_B: 0.154, G_B: 0.983, cycle_B: 0.118, gp: 0.152

[Rank 0] (epoch: 41, iters: 18880, time: 0.001, data: 0.001) , D_A: 0.194, G_A: 0.945, cycle_A: 0.192, D_B: 0.272, G_B: 0.979, cycle_B: 0.111, gp: 0.270

[Rank 0] (epoch: 41, iters: 20480, time: 0.001, data: 0.001) , D_A: 0.226, G_A: 0.982, cycle_A: 0.194, D_B: 0.206, G_B: 0.924, cycle_B: 0.117, gp: 0.205

--- iter tau=0.1344 ---
  cipher in :  down to the stream the coyote was calling again and he hoped th
  decrypted : ehaple ae iseu tsofe iserawa sepoueronn lbeobo leolheiseiarshe i
  real plain:  the ottoman nationalism on which enver pasha counted does not e
  cipher in : that fewer protestants are going to church it should be admitted
  decrypted :  io egspsterta su ol ueotseba lbe aeridtrie  euiadnhecseohf   sh
  real plain: d precision as well as imagination because don was leaving the n
[Rank 0] (epoch: 41, iters: 22080, time: 0.001, data: 0.001) , D_A: 0.200, G_A: 1.015, cycle_A: 0.181, D_B: 0.184, G_B: 0.983, cycle_B: 0.107, gp: 0.182

saving the latest model (epoch 41, total_iters 1640000)
[Rank 0] (epoch: 41, iters: 23680, time: 0.001, data: 0.001) , D_A: 0.238, G_A: 0.962, cycle_A: 0.190, D_B: 0.159, G_B: 0.957, cycle_B: 0.110, gp: 0.158

[Rank 0] (epoch: 41, iters: 25280, time: 0.001, data: 0.001) , D_A: 0.271, G_A: 0.975, cycle_A: 0.197, D_B: 0.285, G_B: 0.957, cycle_B: 0.114, gp: 0.280

[Rank 0] (epoch: 41, iters: 26880, time: 0.001, data: 0.001) , D_A: 0.219, G_A: 0.980, cycle_A: 0.189, D_B: 0.173, G_B: 0.993, cycle_B: 0.106, gp: 0.171

[Rank 0] (epoch: 41, iters: 28480, time: 0.001, data: 0.001) , D_A: 0.163, G_A: 0.788, cycle_A: 0.187, D_B: 0.290, G_B: 1.005, cycle_B: 0.126, gp: 0.288

[Rank 0] (epoch: 41, iters: 30080, time: 0.001, data: 0.001) , D_A: 0.166, G_A: 0.965, cycle_A: 0.209, D_B: 0.159, G_B: 1.018, cycle_B: 0.117, gp: 0.156

[Rank 0] (epoch: 41, iters: 31680, time: 0.001, data: 0.001) , D_A: 0.174, G_A: 0.998, cycle_A: 0.192, D_B: 0.184, G_B: 0.998, cycle_B: 0.123, gp: 0.180

[Rank 0] (epoch: 41, iters: 33280, time: 0.001, data: 0.001) , D_A: 0.174, G_A: 0.979, cycle_A: 0.190, D_B: 0.191, G_B: 1.008, cycle_B: 0.109, gp: 0.186

[Rank 0] (epoch: 41, iters: 34880, time: 0.001, data: 0.001) , D_A: 0.184, G_A: 0.883, cycle_A: 0.194, D_B: 0.277, G_B: 0.986, cycle_B: 0.108, gp: 0.274

[Rank 0] (epoch: 41, iters: 36480, time: 0.001, data: 0.001) , D_A: 0.285, G_A: 1.004, cycle_A: 0.193, D_B: 0.254, G_B: 0.973, cycle_B: 0.116, gp: 0.252

[Rank 0] (epoch: 41, iters: 38080, time: 0.001, data: 0.001) , D_A: 0.187, G_A: 0.959, cycle_A: 0.198, D_B: 0.162, G_B: 0.979, cycle_B: 0.121, gp: 0.160

[Rank 0] (epoch: 41, iters: 39680, time: 0.001, data: 0.001) , D_A: 0.186, G_A: 0.953, cycle_A: 0.184, D_B: 0.220, G_B: 1.000, cycle_B: 0.106, gp: 0.218

learning rate 0.0001818 -> 0.0001636
temperature tau = 0.1301
End of epoch 41 / 50 	 Time Taken: 34 sec
[Rank 0] (epoch: 42, iters: 832, time: 0.001, data: 0.001) , D_A: 0.123, G_A: 1.024, cycle_A: 0.194, D_B: 0.193, G_B: 1.019, cycle_B: 0.116, gp: 0.192

[Rank 0] (epoch: 42, iters: 2432, time: 0.001, data: 0.000) , D_A: 0.220, G_A: 0.985, cycle_A: 0.189, D_B: 0.230, G_B: 0.994, cycle_B: 0.109, gp: 0.229

[Rank 0] (epoch: 42, iters: 4032, time: 0.001, data: 0.001) , D_A: 0.199, G_A: 1.011, cycle_A: 0.195, D_B: 0.180, G_B: 0.998, cycle_B: 0.112, gp: 0.178

[Rank 0] (epoch: 42, iters: 5632, time: 0.001, data: 0.001) , D_A: 0.173, G_A: 0.994, cycle_A: 0.196, D_B: 0.201, G_B: 0.912, cycle_B: 0.110, gp: 0.200

[Rank 0] (epoch: 42, iters: 7232, time: 0.001, data: 0.001) , D_A: 0.124, G_A: 0.969, cycle_A: 0.190, D_B: 0.141, G_B: 0.990, cycle_B: 0.118, gp: 0.140

[Rank 0] (epoch: 42, iters: 8832, time: 0.001, data: 0.001) , D_A: 0.223, G_A: 1.017, cycle_A: 0.195, D_B: 0.159, G_B: 0.967, cycle_B: 0.115, gp: 0.157

[Rank 0] (epoch: 42, iters: 10432, time: 0.001, data: 0.001) , D_A: 0.229, G_A: 0.925, cycle_A: 0.182, D_B: 0.179, G_B: 0.967, cycle_B: 0.106, gp: 0.177

[Rank 0] (epoch: 42, iters: 12032, time: 0.001, data: 0.001) , D_A: 0.203, G_A: 0.983, cycle_A: 0.178, D_B: 0.154, G_B: 1.019, cycle_B: 0.113, gp: 0.152

[Rank 0] (epoch: 42, iters: 13632, time: 0.001, data: 0.001) , D_A: 0.213, G_A: 0.979, cycle_A: 0.191, D_B: 0.155, G_B: 1.002, cycle_B: 0.117, gp: 0.153

[Rank 0] (epoch: 42, iters: 15232, time: 0.001, data: 0.001) , D_A: 0.235, G_A: 0.993, cycle_A: 0.180, D_B: 0.213, G_B: 0.996, cycle_B: 0.124, gp: 0.211

[Rank 0] (epoch: 42, iters: 16832, time: 0.001, data: 0.001) , D_A: 0.197, G_A: 0.953, cycle_A: 0.194, D_B: 0.160, G_B: 1.022, cycle_B: 0.114, gp: 0.159

[Rank 0] (epoch: 42, iters: 18432, time: 0.001, data: 0.001) , D_A: 0.197, G_A: 0.964, cycle_A: 0.184, D_B: 0.281, G_B: 1.013, cycle_B: 0.110, gp: 0.280

[Rank 0] (epoch: 42, iters: 20032, time: 0.001, data: 0.001) , D_A: 0.233, G_A: 0.963, cycle_A: 0.196, D_B: 0.258, G_B: 1.020, cycle_B: 0.118, gp: 0.256

--- iter tau=0.1301 ---
  cipher in : cial groups to which they belong yet they have accepted most of 
  decrypted : r onebtadrme aepi rie iswecsnalbews e isweio seorrsr shefam eage
  real plain: ney fil terral and carl david page of w h adamson bill burke tom
  cipher in : istration in the early s calling the democrats the party that li
  decrypted :  m to  ale le isesotnwemeronn lbe isehsfarto me iserot we io en 
  real plain:  to reduce feeding costs have you considered gradual withdrawal 
[Rank 0] (epoch: 42, iters: 21632, time: 0.001, data: 0.001) , D_A: 0.179, G_A: 0.924, cycle_A: 0.199, D_B: 0.218, G_B: 0.982, cycle_B: 0.114, gp: 0.217

saving the latest model (epoch 42, total_iters 1680000)
[Rank 0] (epoch: 42, iters: 23232, time: 0.001, data: 0.001) , D_A: 0.121, G_A: 0.974, cycle_A: 0.192, D_B: 0.201, G_B: 0.979, cycle_B: 0.124, gp: 0.200

[Rank 0] (epoch: 42, iters: 24832, time: 0.001, data: 0.001) , D_A: 0.133, G_A: 0.903, cycle_A: 0.204, D_B: 0.215, G_B: 0.998, cycle_B: 0.111, gp: 0.213

[Rank 0] (epoch: 42, iters: 26432, time: 0.001, data: 0.001) , D_A: 0.231, G_A: 0.992, cycle_A: 0.195, D_B: 0.192, G_B: 0.983, cycle_B: 0.120, gp: 0.191

[Rank 0] (epoch: 42, iters: 28032, time: 0.001, data: 0.001) , D_A: 0.200, G_A: 0.980, cycle_A: 0.210, D_B: 0.203, G_B: 0.957, cycle_B: 0.117, gp: 0.200

[Rank 0] (epoch: 42, iters: 29632, time: 0.001, data: 0.001) , D_A: 0.121, G_A: 0.969, cycle_A: 0.181, D_B: 0.230, G_B: 1.016, cycle_B: 0.115, gp: 0.228

[Rank 0] (epoch: 42, iters: 31232, time: 0.001, data: 0.001) , D_A: 0.165, G_A: 0.993, cycle_A: 0.178, D_B: 0.213, G_B: 0.980, cycle_B: 0.120, gp: 0.211

[Rank 0] (epoch: 42, iters: 32832, time: 0.001, data: 0.001) , D_A: 0.201, G_A: 1.023, cycle_A: 0.188, D_B: 0.232, G_B: 0.963, cycle_B: 0.111, gp: 0.230

[Rank 0] (epoch: 42, iters: 34432, time: 0.001, data: 0.001) , D_A: 0.173, G_A: 1.010, cycle_A: 0.196, D_B: 0.168, G_B: 0.999, cycle_B: 0.104, gp: 0.167

[Rank 0] (epoch: 42, iters: 36032, time: 0.001, data: 0.001) , D_A: 0.212, G_A: 0.949, cycle_A: 0.196, D_B: 0.176, G_B: 1.061, cycle_B: 0.110, gp: 0.171

[Rank 0] (epoch: 42, iters: 37632, time: 0.001, data: 0.001) , D_A: 0.188, G_A: 0.999, cycle_A: 0.177, D_B: 0.093, G_B: 0.989, cycle_B: 0.115, gp: 0.091

[Rank 0] (epoch: 42, iters: 39232, time: 0.001, data: 0.001) , D_A: 0.120, G_A: 1.022, cycle_A: 0.206, D_B: 0.242, G_B: 0.999, cycle_B: 0.117, gp: 0.240

learning rate 0.0001636 -> 0.0001455
temperature tau = 0.1258
End of epoch 42 / 50 	 Time Taken: 34 sec
[Rank 0] (epoch: 43, iters: 384, time: 0.001, data: 0.001) , D_A: 0.201, G_A: 0.993, cycle_A: 0.185, D_B: 0.199, G_B: 0.974, cycle_B: 0.120, gp: 0.198

[Rank 0] (epoch: 43, iters: 1984, time: 0.001, data: 0.000) , D_A: 0.110, G_A: 0.951, cycle_A: 0.181, D_B: 0.189, G_B: 0.951, cycle_B: 0.121, gp: 0.188

[Rank 0] (epoch: 43, iters: 3584, time: 0.001, data: 0.001) , D_A: 0.222, G_A: 0.970, cycle_A: 0.199, D_B: 0.202, G_B: 0.962, cycle_B: 0.116, gp: 0.200

[Rank 0] (epoch: 43, iters: 5184, time: 0.001, data: 0.001) , D_A: 0.248, G_A: 0.988, cycle_A: 0.187, D_B: 0.128, G_B: 1.022, cycle_B: 0.109, gp: 0.126

[Rank 0] (epoch: 43, iters: 6784, time: 0.001, data: 0.001) , D_A: 0.104, G_A: 0.960, cycle_A: 0.197, D_B: 0.246, G_B: 0.942, cycle_B: 0.119, gp: 0.244

[Rank 0] (epoch: 43, iters: 8384, time: 0.001, data: 0.001) , D_A: 0.200, G_A: 0.909, cycle_A: 0.197, D_B: 0.164, G_B: 0.974, cycle_B: 0.116, gp: 0.162

[Rank 0] (epoch: 43, iters: 9984, time: 0.001, data: 0.001) , D_A: 0.221, G_A: 0.997, cycle_A: 0.196, D_B: 0.185, G_B: 1.019, cycle_B: 0.125, gp: 0.183

[Rank 0] (epoch: 43, iters: 11584, time: 0.001, data: 0.001) , D_A: 0.247, G_A: 0.996, cycle_A: 0.183, D_B: 0.134, G_B: 0.988, cycle_B: 0.119, gp: 0.131

[Rank 0] (epoch: 43, iters: 13184, time: 0.001, data: 0.001) , D_A: 0.167, G_A: 0.996, cycle_A: 0.195, D_B: 0.121, G_B: 0.993, cycle_B: 0.125, gp: 0.119

[Rank 0] (epoch: 43, iters: 14784, time: 0.001, data: 0.002) , D_A: 0.237, G_A: 1.015, cycle_A: 0.199, D_B: 0.188, G_B: 0.972, cycle_B: 0.119, gp: 0.186

[Rank 0] (epoch: 43, iters: 16384, time: 0.001, data: 0.001) , D_A: 0.201, G_A: 1.002, cycle_A: 0.184, D_B: 0.146, G_B: 1.009, cycle_B: 0.115, gp: 0.140

[Rank 0] (epoch: 43, iters: 17984, time: 0.001, data: 0.001) , D_A: 0.126, G_A: 0.978, cycle_A: 0.181, D_B: 0.070, G_B: 0.976, cycle_B: 0.111, gp: 0.069

[Rank 0] (epoch: 43, iters: 19584, time: 0.001, data: 0.001) , D_A: 0.061, G_A: 0.990, cycle_A: 0.188, D_B: 0.158, G_B: 0.968, cycle_B: 0.121, gp: 0.157

--- iter tau=0.1258 ---
  cipher in : ssippi and charlottesville virginia the young william faulkner i
  decrypted : uu rr eolheriotna  su  nnse  ty l oe isewadlyep nn ofegodnclste 
  real plain: or help and every sound that might be the rain also might be the
  cipher in : hem and we finished up at a cute little night club i forget the 
  decrypted : isfeolhepseg l uishedreo eoerd sen   nsel yi erndce egatys e ise
  real plain: dirt and leaf stain is easily removed when damp but requires dyn
[Rank 0] (epoch: 43, iters: 21184, time: 0.001, data: 0.001) , D_A: 0.174, G_A: 0.965, cycle_A: 0.196, D_B: 0.114, G_B: 0.944, cycle_B: 0.115, gp: 0.112

saving the latest model (epoch 43, total_iters 1720000)
[Rank 0] (epoch: 43, iters: 22784, time: 0.001, data: 0.001) , D_A: 0.225, G_A: 1.027, cycle_A: 0.182, D_B: 0.183, G_B: 0.982, cycle_B: 0.120, gp: 0.181

[Rank 0] (epoch: 43, iters: 24384, time: 0.001, data: 0.001) , D_A: 0.194, G_A: 1.004, cycle_A: 0.191, D_B: 0.129, G_B: 0.979, cycle_B: 0.118, gp: 0.128

[Rank 0] (epoch: 43, iters: 25984, time: 0.001, data: 0.001) , D_A: 0.080, G_A: 0.926, cycle_A: 0.193, D_B: 0.119, G_B: 1.001, cycle_B: 0.114, gp: 0.118

[Rank 0] (epoch: 43, iters: 27584, time: 0.001, data: 0.001) , D_A: 0.213, G_A: 0.973, cycle_A: 0.177, D_B: 0.151, G_B: 0.959, cycle_B: 0.119, gp: 0.150

[Rank 0] (epoch: 43, iters: 29184, time: 0.001, data: 0.001) , D_A: 0.260, G_A: 0.979, cycle_A: 0.183, D_B: 0.281, G_B: 0.986, cycle_B: 0.122, gp: 0.279

[Rank 0] (epoch: 43, iters: 30784, time: 0.001, data: 0.001) , D_A: 0.210, G_A: 0.931, cycle_A: 0.204, D_B: 0.143, G_B: 0.981, cycle_B: 0.119, gp: 0.142

[Rank 0] (epoch: 43, iters: 32384, time: 0.001, data: 0.001) , D_A: 0.211, G_A: 0.996, cycle_A: 0.193, D_B: 0.239, G_B: 0.986, cycle_B: 0.104, gp: 0.237

[Rank 0] (epoch: 43, iters: 33984, time: 0.001, data: 0.001) , D_A: 0.169, G_A: 0.950, cycle_A: 0.195, D_B: 0.185, G_B: 0.972, cycle_B: 0.113, gp: 0.183

[Rank 0] (epoch: 43, iters: 35584, time: 0.001, data: 0.001) , D_A: 0.192, G_A: 0.935, cycle_A: 0.198, D_B: 0.232, G_B: 0.986, cycle_B: 0.112, gp: 0.230

[Rank 0] (epoch: 43, iters: 37184, time: 0.001, data: 0.001) , D_A: 0.186, G_A: 0.910, cycle_A: 0.199, D_B: 0.197, G_B: 0.969, cycle_B: 0.116, gp: 0.195

[Rank 0] (epoch: 43, iters: 38784, time: 0.001, data: 0.001) , D_A: 0.224, G_A: 0.970, cycle_A: 0.195, D_B: 0.183, G_B: 0.971, cycle_B: 0.129, gp: 0.181

[Rank 0] (epoch: 43, iters: 40384, time: 0.001, data: 0.001) , D_A: 0.168, G_A: 0.991, cycle_A: 0.178, D_B: 0.184, G_B: 0.968, cycle_B: 0.118, gp: 0.182

learning rate 0.0001455 -> 0.0001273
temperature tau = 0.1218
End of epoch 43 / 50 	 Time Taken: 34 sec
[Rank 0] (epoch: 44, iters: 1536, time: 0.001, data: 0.001) , D_A: 0.189, G_A: 0.923, cycle_A: 0.185, D_B: 0.122, G_B: 0.970, cycle_B: 0.117, gp: 0.121

[Rank 0] (epoch: 44, iters: 3136, time: 0.001, data: 0.001) , D_A: 0.237, G_A: 1.002, cycle_A: 0.174, D_B: 0.190, G_B: 0.964, cycle_B: 0.115, gp: 0.188

[Rank 0] (epoch: 44, iters: 4736, time: 0.001, data: 0.001) , D_A: 0.206, G_A: 1.003, cycle_A: 0.187, D_B: 0.161, G_B: 0.972, cycle_B: 0.112, gp: 0.158

[Rank 0] (epoch: 44, iters: 6336, time: 0.001, data: 0.001) , D_A: 0.171, G_A: 0.962, cycle_A: 0.200, D_B: 0.198, G_B: 0.980, cycle_B: 0.110, gp: 0.197

[Rank 0] (epoch: 44, iters: 7936, time: 0.001, data: 0.001) , D_A: 0.230, G_A: 0.966, cycle_A: 0.194, D_B: 0.122, G_B: 0.969, cycle_B: 0.111, gp: 0.121

[Rank 0] (epoch: 44, iters: 9536, time: 0.001, data: 0.001) , D_A: 0.136, G_A: 1.025, cycle_A: 0.191, D_B: 0.279, G_B: 0.965, cycle_B: 0.126, gp: 0.278

[Rank 0] (epoch: 44, iters: 11136, time: 0.001, data: 0.001) , D_A: 0.111, G_A: 0.968, cycle_A: 0.199, D_B: 0.105, G_B: 1.019, cycle_B: 0.120, gp: 0.102

[Rank 0] (epoch: 44, iters: 12736, time: 0.001, data: 0.001) , D_A: 0.144, G_A: 0.996, cycle_A: 0.187, D_B: 0.156, G_B: 0.991, cycle_B: 0.112, gp: 0.154

[Rank 0] (epoch: 44, iters: 14336, time: 0.001, data: 0.001) , D_A: 0.176, G_A: 0.991, cycle_A: 0.189, D_B: 0.113, G_B: 0.984, cycle_B: 0.111, gp: 0.112

[Rank 0] (epoch: 44, iters: 15936, time: 0.001, data: 0.001) , D_A: 0.220, G_A: 0.909, cycle_A: 0.175, D_B: 0.138, G_B: 0.991, cycle_B: 0.115, gp: 0.136

[Rank 0] (epoch: 44, iters: 17536, time: 0.001, data: 0.001) , D_A: 0.164, G_A: 0.892, cycle_A: 0.190, D_B: 0.186, G_B: 0.972, cycle_B: 0.108, gp: 0.185

[Rank 0] (epoch: 44, iters: 19136, time: 0.001, data: 0.001) , D_A: 0.199, G_A: 0.970, cycle_A: 0.191, D_B: 0.217, G_B: 0.981, cycle_B: 0.119, gp: 0.215

--- iter tau=0.1218 ---
  cipher in : ral judgment racial discrimination is wrong then not because it 
  decrypted : tonetdhyfsl etor oneh mrt f lo  ale meptalye islela ecsrodmse  e
  real plain: ng with sympathy upon philip spencer this tragic lad had forged 
  cipher in :  of red as if tiny veins had burst and flooded blood into them a
  decrypted : eagetsheome ge  lwe s lmeiohecdtm eolhegnaahshecnaahe l ae isfeo
  real plain:  wondered if she ever went to church why did he want her to go t
[Rank 0] (epoch: 44, iters: 20736, time: 0.001, data: 0.001) , D_A: 0.165, G_A: 0.937, cycle_A: 0.194, D_B: 0.216, G_B: 0.964, cycle_B: 0.122, gp: 0.213

saving the latest model (epoch 44, total_iters 1760000)
[Rank 0] (epoch: 44, iters: 22336, time: 0.001, data: 0.001) , D_A: 0.205, G_A: 0.937, cycle_A: 0.185, D_B: 0.209, G_B: 0.898, cycle_B: 0.105, gp: 0.204

[Rank 0] (epoch: 44, iters: 23936, time: 0.001, data: 0.001) , D_A: 0.153, G_A: 0.955, cycle_A: 0.191, D_B: 0.193, G_B: 1.004, cycle_B: 0.112, gp: 0.190

[Rank 0] (epoch: 44, iters: 25536, time: 0.001, data: 0.001) , D_A: 0.205, G_A: 0.926, cycle_A: 0.198, D_B: 0.216, G_B: 1.003, cycle_B: 0.109, gp: 0.215

[Rank 0] (epoch: 44, iters: 27136, time: 0.001, data: 0.001) , D_A: 0.168, G_A: 0.945, cycle_A: 0.191, D_B: 0.187, G_B: 0.970, cycle_B: 0.106, gp: 0.186

[Rank 0] (epoch: 44, iters: 28736, time: 0.001, data: 0.001) , D_A: 0.150, G_A: 0.961, cycle_A: 0.193, D_B: 0.130, G_B: 1.020, cycle_B: 0.109, gp: 0.128

[Rank 0] (epoch: 44, iters: 30336, time: 0.001, data: 0.001) , D_A: 0.185, G_A: 1.033, cycle_A: 0.189, D_B: 0.141, G_B: 1.002, cycle_B: 0.115, gp: 0.140

[Rank 0] (epoch: 44, iters: 31936, time: 0.001, data: 0.001) , D_A: 0.179, G_A: 0.975, cycle_A: 0.193, D_B: 0.193, G_B: 0.934, cycle_B: 0.113, gp: 0.191

[Rank 0] (epoch: 44, iters: 33536, time: 0.001, data: 0.001) , D_A: 0.101, G_A: 0.962, cycle_A: 0.199, D_B: 0.110, G_B: 0.979, cycle_B: 0.127, gp: 0.108

[Rank 0] (epoch: 44, iters: 35136, time: 0.001, data: 0.001) , D_A: 0.198, G_A: 0.970, cycle_A: 0.196, D_B: 0.179, G_B: 0.989, cycle_B: 0.108, gp: 0.177

[Rank 0] (epoch: 44, iters: 36736, time: 0.001, data: 0.001) , D_A: 0.127, G_A: 0.951, cycle_A: 0.193, D_B: 0.209, G_B: 0.988, cycle_B: 0.124, gp: 0.206

[Rank 0] (epoch: 44, iters: 38336, time: 0.001, data: 0.001) , D_A: 0.169, G_A: 0.934, cycle_A: 0.205, D_B: 0.172, G_B: 0.968, cycle_B: 0.120, gp: 0.171

[Rank 0] (epoch: 44, iters: 39936, time: 0.001, data: 0.001) , D_A: 0.177, G_A: 0.953, cycle_A: 0.205, D_B: 0.152, G_B: 0.957, cycle_B: 0.107, gp: 0.150

learning rate 0.0001273 -> 0.0001091
temperature tau = 0.1178
End of epoch 44 / 50 	 Time Taken: 34 sec
[Rank 0] (epoch: 45, iters: 1088, time: 0.001, data: 0.001) , D_A: 0.156, G_A: 0.937, cycle_A: 0.186, D_B: 0.142, G_B: 0.985, cycle_B: 0.115, gp: 0.140

[Rank 0] (epoch: 45, iters: 2688, time: 0.001, data: 0.001) , D_A: 0.181, G_A: 0.955, cycle_A: 0.195, D_B: 0.186, G_B: 0.973, cycle_B: 0.121, gp: 0.184

[Rank 0] (epoch: 45, iters: 4288, time: 0.001, data: 0.001) , D_A: 0.202, G_A: 0.953, cycle_A: 0.201, D_B: 0.176, G_B: 0.995, cycle_B: 0.112, gp: 0.174

[Rank 0] (epoch: 45, iters: 5888, time: 0.001, data: 0.001) , D_A: 0.158, G_A: 0.973, cycle_A: 0.183, D_B: 0.163, G_B: 0.989, cycle_B: 0.113, gp: 0.161

[Rank 0] (epoch: 45, iters: 7488, time: 0.001, data: 0.001) , D_A: 0.284, G_A: 0.983, cycle_A: 0.179, D_B: 0.166, G_B: 1.001, cycle_B: 0.114, gp: 0.165

[Rank 0] (epoch: 45, iters: 9088, time: 0.001, data: 0.001) , D_A: 0.193, G_A: 0.992, cycle_A: 0.186, D_B: 0.180, G_B: 0.994, cycle_B: 0.111, gp: 0.179

[Rank 0] (epoch: 45, iters: 10688, time: 0.001, data: 0.001) , D_A: 0.229, G_A: 0.961, cycle_A: 0.125, D_B: 0.511, G_B: 0.958, cycle_B: 0.100, gp: 0.507

[Rank 0] (epoch: 45, iters: 12288, time: 0.001, data: 0.001) , D_A: 0.150, G_A: 0.921, cycle_A: 0.093, D_B: 0.536, G_B: 0.897, cycle_B: 0.105, gp: 0.531

[Rank 0] (epoch: 45, iters: 13888, time: 0.001, data: 0.001) , D_A: 0.145, G_A: 0.943, cycle_A: 0.087, D_B: 0.451, G_B: 0.947, cycle_B: 0.108, gp: 0.444

[Rank 0] (epoch: 45, iters: 15488, time: 0.001, data: 0.001) , D_A: 0.201, G_A: 1.011, cycle_A: 0.092, D_B: 0.475, G_B: 0.977, cycle_B: 0.103, gp: 0.466

[Rank 0] (epoch: 45, iters: 17088, time: 0.001, data: 0.001) , D_A: 0.169, G_A: 0.948, cycle_A: 0.096, D_B: 0.317, G_B: 0.997, cycle_B: 0.107, gp: 0.313

[Rank 0] (epoch: 45, iters: 18688, time: 0.001, data: 0.001) , D_A: 0.155, G_A: 0.961, cycle_A: 0.091, D_B: 0.446, G_B: 1.018, cycle_B: 0.107, gp: 0.443

--- iter tau=0.1178 ---
  cipher in : ry narrow space when it was finally pointed east he said you sho
  decrypted : twelottapeurorsepisle qepoueg lonnwera lqshesouqeiseuo hewadeuia
  real plain: one she smoothed the covers on scottys bed and picked things up 
  cipher in : tment had yet been received however board oks pact the commissio
  decrypted : qfslqeiohewsqecssletsrs qsheiapsqstecaotheacuerorqeqiseraff uu a
  real plain: n neither undo nor redo the past we are limited to the events of
[Rank 0] (epoch: 45, iters: 20288, time: 0.001, data: 0.001) , D_A: 0.164, G_A: 0.967, cycle_A: 0.092, D_B: 0.445, G_B: 1.027, cycle_B: 0.112, gp: 0.441

saving the latest model (epoch 45, total_iters 1800000)
[Rank 0] (epoch: 45, iters: 21888, time: 0.001, data: 0.001) , D_A: 0.211, G_A: 0.943, cycle_A: 0.088, D_B: 0.340, G_B: 0.954, cycle_B: 0.108, gp: 0.336

[Rank 0] (epoch: 45, iters: 23488, time: 0.001, data: 0.001) , D_A: 0.111, G_A: 1.041, cycle_A: 0.076, D_B: 0.493, G_B: 1.008, cycle_B: 0.116, gp: 0.489

[Rank 0] (epoch: 45, iters: 25088, time: 0.001, data: 0.001) , D_A: 0.127, G_A: 1.008, cycle_A: 0.088, D_B: 0.316, G_B: 0.954, cycle_B: 0.106, gp: 0.312

[Rank 0] (epoch: 45, iters: 26688, time: 0.001, data: 0.001) , D_A: 0.282, G_A: 0.992, cycle_A: 0.095, D_B: 0.320, G_B: 1.027, cycle_B: 0.105, gp: 0.316

[Rank 0] (epoch: 45, iters: 28288, time: 0.001, data: 0.001) , D_A: 0.136, G_A: 0.948, cycle_A: 0.090, D_B: 0.231, G_B: 0.946, cycle_B: 0.122, gp: 0.227

[Rank 0] (epoch: 45, iters: 29888, time: 0.001, data: 0.001) , D_A: 0.223, G_A: 0.974, cycle_A: 0.086, D_B: 0.524, G_B: 1.000, cycle_B: 0.110, gp: 0.520

[Rank 0] (epoch: 45, iters: 31488, time: 0.001, data: 0.001) , D_A: 0.127, G_A: 0.990, cycle_A: 0.095, D_B: 0.539, G_B: 0.974, cycle_B: 0.116, gp: 0.535

[Rank 0] (epoch: 45, iters: 33088, time: 0.001, data: 0.001) , D_A: 0.211, G_A: 0.903, cycle_A: 0.091, D_B: 0.496, G_B: 0.996, cycle_B: 0.106, gp: 0.493

[Rank 0] (epoch: 45, iters: 34688, time: 0.001, data: 0.001) , D_A: 0.156, G_A: 0.999, cycle_A: 0.092, D_B: 0.407, G_B: 0.766, cycle_B: 0.097, gp: 0.358

[Rank 0] (epoch: 45, iters: 36288, time: 0.001, data: 0.001) , D_A: 0.168, G_A: 0.998, cycle_A: 0.094, D_B: 0.266, G_B: 0.974, cycle_B: 0.106, gp: 0.264

[Rank 0] (epoch: 45, iters: 37888, time: 0.001, data: 0.001) , D_A: 0.224, G_A: 0.976, cycle_A: 0.097, D_B: 0.435, G_B: 0.973, cycle_B: 0.107, gp: 0.431

[Rank 0] (epoch: 45, iters: 39488, time: 0.001, data: 0.001) , D_A: 0.260, G_A: 0.979, cycle_A: 0.083, D_B: 0.186, G_B: 0.991, cycle_B: 0.104, gp: 0.184

learning rate 0.0001091 -> 0.0000909
temperature tau = 0.1140
End of epoch 45 / 50 	 Time Taken: 34 sec
[Rank 0] (epoch: 46, iters: 640, time: 0.001, data: 0.001) , D_A: 0.124, G_A: 0.952, cycle_A: 0.092, D_B: 0.331, G_B: 0.944, cycle_B: 0.113, gp: 0.327

[Rank 0] (epoch: 46, iters: 2240, time: 0.001, data: 0.000) , D_A: 0.141, G_A: 0.946, cycle_A: 0.098, D_B: 0.311, G_B: 0.969, cycle_B: 0.108, gp: 0.308

[Rank 0] (epoch: 46, iters: 3840, time: 0.001, data: 0.001) , D_A: 0.138, G_A: 0.962, cycle_A: 0.087, D_B: 0.488, G_B: 0.972, cycle_B: 0.101, gp: 0.486

[Rank 0] (epoch: 46, iters: 5440, time: 0.001, data: 0.001) , D_A: 0.240, G_A: 0.993, cycle_A: 0.083, D_B: 0.380, G_B: 0.983, cycle_B: 0.102, gp: 0.376

[Rank 0] (epoch: 46, iters: 7040, time: 0.001, data: 0.001) , D_A: 0.126, G_A: 1.001, cycle_A: 0.092, D_B: 0.353, G_B: 0.983, cycle_B: 0.112, gp: 0.350

[Rank 0] (epoch: 46, iters: 8640, time: 0.001, data: 0.001) , D_A: 0.152, G_A: 1.015, cycle_A: 0.097, D_B: 0.454, G_B: 0.981, cycle_B: 0.108, gp: 0.452

[Rank 0] (epoch: 46, iters: 10240, time: 0.001, data: 0.001) , D_A: 0.160, G_A: 0.988, cycle_A: 0.088, D_B: 0.328, G_B: 0.935, cycle_B: 0.119, gp: 0.324

[Rank 0] (epoch: 46, iters: 11840, time: 0.001, data: 0.001) , D_A: 0.157, G_A: 0.971, cycle_A: 0.086, D_B: 0.343, G_B: 0.944, cycle_B: 0.106, gp: 0.339

[Rank 0] (epoch: 46, iters: 13440, time: 0.001, data: 0.001) , D_A: 0.187, G_A: 0.980, cycle_A: 0.093, D_B: 0.421, G_B: 0.963, cycle_B: 0.112, gp: 0.419

[Rank 0] (epoch: 46, iters: 15040, time: 0.001, data: 0.001) , D_A: 0.217, G_A: 0.992, cycle_A: 0.087, D_B: 0.321, G_B: 0.960, cycle_B: 0.119, gp: 0.318

[Rank 0] (epoch: 46, iters: 16640, time: 0.001, data: 0.001) , D_A: 0.221, G_A: 0.971, cycle_A: 0.089, D_B: 0.358, G_B: 1.003, cycle_B: 0.112, gp: 0.356

[Rank 0] (epoch: 46, iters: 18240, time: 0.001, data: 0.001) , D_A: 0.170, G_A: 0.952, cycle_A: 0.099, D_B: 0.305, G_B: 0.968, cycle_B: 0.106, gp: 0.301

--- iter tau=0.1140 ---
  cipher in : vide another reason for the acceptance of de revolutionibus anot
  decrypted : q hseolaqistetsoualegateqiseorrsrqolrseagehsetsqandq al cdueolaq
  real plain: d at himself oh he was stupid her old man you never heard nothin
  cipher in :  entire human race so also did mary having a man betrothed to he
  decrypted : eslq tseidfoletorseuaeonuaeh hefotweioq lyeoefolecsqtaqisheqaeis
  real plain: inue to try to come as close to truth as he can for many readers
[Rank 0] (epoch: 46, iters: 19840, time: 0.001, data: 0.001) , D_A: 0.190, G_A: 1.024, cycle_A: 0.085, D_B: 0.439, G_B: 0.977, cycle_B: 0.114, gp: 0.437

saving the latest model (epoch 46, total_iters 1840000)
[Rank 0] (epoch: 46, iters: 21440, time: 0.001, data: 0.001) , D_A: 0.167, G_A: 1.005, cycle_A: 0.087, D_B: 0.411, G_B: 0.974, cycle_B: 0.108, gp: 0.408

[Rank 0] (epoch: 46, iters: 23040, time: 0.001, data: 0.001) , D_A: 0.190, G_A: 0.966, cycle_A: 0.093, D_B: 0.278, G_B: 0.989, cycle_B: 0.114, gp: 0.276

[Rank 0] (epoch: 46, iters: 24640, time: 0.001, data: 0.001) , D_A: 0.172, G_A: 0.996, cycle_A: 0.074, D_B: 0.476, G_B: 0.950, cycle_B: 0.109, gp: 0.473

[Rank 0] (epoch: 46, iters: 26240, time: 0.001, data: 0.001) , D_A: 0.178, G_A: 0.983, cycle_A: 0.078, D_B: 0.384, G_B: 0.978, cycle_B: 0.113, gp: 0.381

[Rank 0] (epoch: 46, iters: 27840, time: 0.001, data: 0.001) , D_A: 0.108, G_A: 0.979, cycle_A: 0.086, D_B: 0.308, G_B: 0.978, cycle_B: 0.111, gp: 0.306

[Rank 0] (epoch: 46, iters: 29440, time: 0.001, data: 0.001) , D_A: 0.273, G_A: 0.969, cycle_A: 0.091, D_B: 0.354, G_B: 1.016, cycle_B: 0.112, gp: 0.351

[Rank 0] (epoch: 46, iters: 31040, time: 0.001, data: 0.001) , D_A: 0.119, G_A: 0.982, cycle_A: 0.094, D_B: 0.452, G_B: 0.950, cycle_B: 0.115, gp: 0.448

[Rank 0] (epoch: 46, iters: 32640, time: 0.001, data: 0.001) , D_A: 0.167, G_A: 0.970, cycle_A: 0.105, D_B: 0.437, G_B: 0.935, cycle_B: 0.102, gp: 0.435

[Rank 0] (epoch: 46, iters: 34240, time: 0.001, data: 0.001) , D_A: 0.208, G_A: 0.991, cycle_A: 0.080, D_B: 0.430, G_B: 0.985, cycle_B: 0.111, gp: 0.427

[Rank 0] (epoch: 46, iters: 35840, time: 0.001, data: 0.001) , D_A: 0.163, G_A: 0.968, cycle_A: 0.090, D_B: 0.565, G_B: 0.936, cycle_B: 0.109, gp: 0.563

[Rank 0] (epoch: 46, iters: 37440, time: 0.001, data: 0.001) , D_A: 0.097, G_A: 1.001, cycle_A: 0.091, D_B: 0.489, G_B: 0.948, cycle_B: 0.108, gp: 0.487

[Rank 0] (epoch: 46, iters: 39040, time: 0.001, data: 0.001) , D_A: 0.208, G_A: 0.981, cycle_A: 0.086, D_B: 0.390, G_B: 0.959, cycle_B: 0.114, gp: 0.387

learning rate 0.0000909 -> 0.0000727
temperature tau = 0.1104
End of epoch 46 / 50 	 Time Taken: 35 sec
[Rank 0] (epoch: 47, iters: 192, time: 0.001, data: 0.001) , D_A: 0.207, G_A: 0.922, cycle_A: 0.085, D_B: 0.537, G_B: 0.951, cycle_B: 0.114, gp: 0.534

[Rank 0] (epoch: 47, iters: 1792, time: 0.001, data: 0.000) , D_A: 0.264, G_A: 0.981, cycle_A: 0.084, D_B: 0.459, G_B: 0.981, cycle_B: 0.115, gp: 0.457

[Rank 0] (epoch: 47, iters: 3392, time: 0.001, data: 0.001) , D_A: 0.188, G_A: 0.958, cycle_A: 0.091, D_B: 0.484, G_B: 0.984, cycle_B: 0.112, gp: 0.481

[Rank 0] (epoch: 47, iters: 4992, time: 0.001, data: 0.002) , D_A: 0.126, G_A: 0.991, cycle_A: 0.080, D_B: 0.475, G_B: 1.004, cycle_B: 0.107, gp: 0.473

[Rank 0] (epoch: 47, iters: 6592, time: 0.001, data: 0.001) , D_A: 0.229, G_A: 0.990, cycle_A: 0.088, D_B: 0.448, G_B: 0.957, cycle_B: 0.109, gp: 0.446

[Rank 0] (epoch: 47, iters: 8192, time: 0.001, data: 0.001) , D_A: 0.192, G_A: 1.025, cycle_A: 0.092, D_B: 0.484, G_B: 0.976, cycle_B: 0.103, gp: 0.481

[Rank 0] (epoch: 47, iters: 9792, time: 0.001, data: 0.001) , D_A: 0.085, G_A: 1.004, cycle_A: 0.089, D_B: 0.452, G_B: 0.991, cycle_B: 0.120, gp: 0.450

[Rank 0] (epoch: 47, iters: 11392, time: 0.001, data: 0.001) , D_A: 0.177, G_A: 0.974, cycle_A: 0.079, D_B: 0.451, G_B: 0.934, cycle_B: 0.116, gp: 0.448

[Rank 0] (epoch: 47, iters: 12992, time: 0.001, data: 0.001) , D_A: 0.185, G_A: 0.984, cycle_A: 0.094, D_B: 0.514, G_B: 0.941, cycle_B: 0.116, gp: 0.511

[Rank 0] (epoch: 47, iters: 14592, time: 0.001, data: 0.001) , D_A: 0.187, G_A: 0.968, cycle_A: 0.089, D_B: 0.409, G_B: 0.980, cycle_B: 0.111, gp: 0.406

[Rank 0] (epoch: 47, iters: 16192, time: 0.001, data: 0.001) , D_A: 0.103, G_A: 0.984, cycle_A: 0.088, D_B: 0.502, G_B: 0.989, cycle_B: 0.109, gp: 0.500

[Rank 0] (epoch: 47, iters: 17792, time: 0.001, data: 0.001) , D_A: 0.198, G_A: 0.955, cycle_A: 0.095, D_B: 0.227, G_B: 0.968, cycle_B: 0.104, gp: 0.225

--- iter tau=0.1104 ---
  cipher in : he common enemies of the college gathering and with words alone 
  decrypted : iseraffaleslsf smeageqiserannsyseyoqist lyeolhep qiepathmeonalse
  real plain:  must be assured that that other woman olga will not be in luxur
  cipher in :  in the prize ring and is now trying to forget about it in a qui
  decrypted : e leqisert lset lyeolhe melapeqtw lyeqaegatysqeocadqe qe leoe d 
  real plain: e to believe it styka shook his head slowly i am only a simple s
[Rank 0] (epoch: 47, iters: 19392, time: 0.001, data: 0.001) , D_A: 0.102, G_A: 0.993, cycle_A: 0.091, D_B: 0.468, G_B: 0.986, cycle_B: 0.116, gp: 0.465

saving the latest model (epoch 47, total_iters 1880000)
[Rank 0] (epoch: 47, iters: 20992, time: 0.001, data: 0.001) , D_A: 0.200, G_A: 0.954, cycle_A: 0.085, D_B: 0.421, G_B: 1.016, cycle_B: 0.115, gp: 0.418

[Rank 0] (epoch: 47, iters: 22592, time: 0.001, data: 0.001) , D_A: 0.160, G_A: 0.997, cycle_A: 0.092, D_B: 0.293, G_B: 1.009, cycle_B: 0.115, gp: 0.291

[Rank 0] (epoch: 47, iters: 24192, time: 0.001, data: 0.001) , D_A: 0.214, G_A: 0.952, cycle_A: 0.094, D_B: 0.442, G_B: 0.951, cycle_B: 0.113, gp: 0.440

[Rank 0] (epoch: 47, iters: 25792, time: 0.001, data: 0.001) , D_A: 0.135, G_A: 0.994, cycle_A: 0.094, D_B: 0.220, G_B: 1.029, cycle_B: 0.111, gp: 0.218

[Rank 0] (epoch: 47, iters: 27392, time: 0.001, data: 0.001) , D_A: 0.136, G_A: 0.977, cycle_A: 0.081, D_B: 0.296, G_B: 0.958, cycle_B: 0.113, gp: 0.294

[Rank 0] (epoch: 47, iters: 28992, time: 0.001, data: 0.001) , D_A: 0.169, G_A: 0.999, cycle_A: 0.092, D_B: 0.335, G_B: 0.972, cycle_B: 0.106, gp: 0.333

[Rank 0] (epoch: 47, iters: 30592, time: 0.001, data: 0.001) , D_A: 0.167, G_A: 0.983, cycle_A: 0.090, D_B: 0.491, G_B: 0.986, cycle_B: 0.114, gp: 0.489

[Rank 0] (epoch: 47, iters: 32192, time: 0.001, data: 0.001) , D_A: 0.196, G_A: 0.999, cycle_A: 0.087, D_B: 0.438, G_B: 0.958, cycle_B: 0.112, gp: 0.434

[Rank 0] (epoch: 47, iters: 33792, time: 0.001, data: 0.001) , D_A: 0.243, G_A: 0.965, cycle_A: 0.089, D_B: 0.417, G_B: 0.981, cycle_B: 0.114, gp: 0.413

[Rank 0] (epoch: 47, iters: 35392, time: 0.001, data: 0.001) , D_A: 0.200, G_A: 0.981, cycle_A: 0.097, D_B: 0.510, G_B: 0.995, cycle_B: 0.111, gp: 0.507

[Rank 0] (epoch: 47, iters: 36992, time: 0.001, data: 0.001) , D_A: 0.105, G_A: 0.998, cycle_A: 0.080, D_B: 0.234, G_B: 0.983, cycle_B: 0.114, gp: 0.232

[Rank 0] (epoch: 47, iters: 38592, time: 0.001, data: 0.001) , D_A: 0.121, G_A: 0.971, cycle_A: 0.098, D_B: 0.495, G_B: 0.981, cycle_B: 0.121, gp: 0.493

[Rank 0] (epoch: 47, iters: 40192, time: 0.001, data: 0.001) , D_A: 0.166, G_A: 1.013, cycle_A: 0.094, D_B: 0.454, G_B: 0.987, cycle_B: 0.109, gp: 0.453

learning rate 0.0000727 -> 0.0000545
temperature tau = 0.1068
End of epoch 47 / 50 	 Time Taken: 35 sec
[Rank 0] (epoch: 48, iters: 1344, time: 0.001, data: 0.001) , D_A: 0.181, G_A: 0.990, cycle_A: 0.084, D_B: 0.581, G_B: 0.975, cycle_B: 0.111, gp: 0.579

[Rank 0] (epoch: 48, iters: 2944, time: 0.001, data: 0.002) , D_A: 0.245, G_A: 0.953, cycle_A: 0.094, D_B: 0.528, G_B: 0.971, cycle_B: 0.118, gp: 0.524

[Rank 0] (epoch: 48, iters: 4544, time: 0.001, data: 0.001) , D_A: 0.181, G_A: 0.966, cycle_A: 0.084, D_B: 0.517, G_B: 0.976, cycle_B: 0.109, gp: 0.514

[Rank 0] (epoch: 48, iters: 6144, time: 0.001, data: 0.001) , D_A: 0.097, G_A: 0.988, cycle_A: 0.082, D_B: 0.495, G_B: 0.972, cycle_B: 0.111, gp: 0.493

[Rank 0] (epoch: 48, iters: 7744, time: 0.001, data: 0.001) , D_A: 0.171, G_A: 0.994, cycle_A: 0.087, D_B: 0.351, G_B: 0.962, cycle_B: 0.105, gp: 0.348

[Rank 0] (epoch: 48, iters: 9344, time: 0.001, data: 0.001) , D_A: 0.198, G_A: 0.965, cycle_A: 0.075, D_B: 0.453, G_B: 0.973, cycle_B: 0.119, gp: 0.451

[Rank 0] (epoch: 48, iters: 10944, time: 0.001, data: 0.001) , D_A: 0.266, G_A: 0.971, cycle_A: 0.083, D_B: 0.462, G_B: 0.983, cycle_B: 0.114, gp: 0.460

[Rank 0] (epoch: 48, iters: 12544, time: 0.001, data: 0.001) , D_A: 0.157, G_A: 0.974, cycle_A: 0.080, D_B: 0.436, G_B: 1.009, cycle_B: 0.109, gp: 0.435

[Rank 0] (epoch: 48, iters: 14144, time: 0.001, data: 0.001) , D_A: 0.095, G_A: 0.977, cycle_A: 0.097, D_B: 0.406, G_B: 0.966, cycle_B: 0.107, gp: 0.404

[Rank 0] (epoch: 48, iters: 15744, time: 0.001, data: 0.001) , D_A: 0.160, G_A: 0.977, cycle_A: 0.089, D_B: 0.489, G_B: 0.984, cycle_B: 0.103, gp: 0.486

[Rank 0] (epoch: 48, iters: 17344, time: 0.001, data: 0.002) , D_A: 0.150, G_A: 0.972, cycle_A: 0.100, D_B: 0.304, G_B: 0.974, cycle_B: 0.107, gp: 0.302

--- iter tau=0.1068 ---
  cipher in : y velocities were computed and still a third center the earth fr
  decrypted : weqsnar q smepstserafrdqsheolhemq nneoeqi therslqsteqisesotqiegt
  real plain: o every epistemology which stems from humes presupposition that 
  cipher in : at does it all add up to indications are that khrushchev and wit
  decrypted : oqehasme qeonneohhedreqae lh roq almeotseqioqecitdmirisqeolhep q
  real plain: pinion would have placed us clearly out of compliance with the w
[Rank 0] (epoch: 48, iters: 18944, time: 0.001, data: 0.001) , D_A: 0.180, G_A: 0.953, cycle_A: 0.095, D_B: 0.448, G_B: 0.980, cycle_B: 0.106, gp: 0.446

saving the latest model (epoch 48, total_iters 1920000)
[Rank 0] (epoch: 48, iters: 20544, time: 0.001, data: 0.001) , D_A: 0.172, G_A: 0.985, cycle_A: 0.089, D_B: 0.451, G_B: 1.014, cycle_B: 0.116, gp: 0.448

[Rank 0] (epoch: 48, iters: 22144, time: 0.001, data: 0.001) , D_A: 0.193, G_A: 0.994, cycle_A: 0.090, D_B: 0.395, G_B: 0.953, cycle_B: 0.101, gp: 0.392

[Rank 0] (epoch: 48, iters: 23744, time: 0.001, data: 0.001) , D_A: 0.132, G_A: 0.943, cycle_A: 0.085, D_B: 0.442, G_B: 0.973, cycle_B: 0.101, gp: 0.441

[Rank 0] (epoch: 48, iters: 25344, time: 0.001, data: 0.001) , D_A: 0.139, G_A: 0.971, cycle_A: 0.085, D_B: 0.424, G_B: 0.964, cycle_B: 0.105, gp: 0.421

[Rank 0] (epoch: 48, iters: 26944, time: 0.001, data: 0.001) , D_A: 0.078, G_A: 0.984, cycle_A: 0.087, D_B: 0.185, G_B: 0.963, cycle_B: 0.104, gp: 0.184

[Rank 0] (epoch: 48, iters: 28544, time: 0.001, data: 0.001) , D_A: 0.124, G_A: 0.988, cycle_A: 0.088, D_B: 0.196, G_B: 0.969, cycle_B: 0.121, gp: 0.194

[Rank 0] (epoch: 48, iters: 30144, time: 0.001, data: 0.001) , D_A: 0.193, G_A: 0.981, cycle_A: 0.093, D_B: 0.419, G_B: 0.964, cycle_B: 0.110, gp: 0.417

[Rank 0] (epoch: 48, iters: 31744, time: 0.001, data: 0.001) , D_A: 0.192, G_A: 0.975, cycle_A: 0.085, D_B: 0.439, G_B: 0.940, cycle_B: 0.115, gp: 0.436

[Rank 0] (epoch: 48, iters: 33344, time: 0.001, data: 0.001) , D_A: 0.211, G_A: 0.972, cycle_A: 0.095, D_B: 0.616, G_B: 0.963, cycle_B: 0.115, gp: 0.613

[Rank 0] (epoch: 48, iters: 34944, time: 0.001, data: 0.001) , D_A: 0.184, G_A: 0.964, cycle_A: 0.079, D_B: 0.456, G_B: 0.968, cycle_B: 0.106, gp: 0.452

[Rank 0] (epoch: 48, iters: 36544, time: 0.001, data: 0.001) , D_A: 0.134, G_A: 0.964, cycle_A: 0.086, D_B: 0.471, G_B: 0.918, cycle_B: 0.115, gp: 0.467

[Rank 0] (epoch: 48, iters: 38144, time: 0.001, data: 0.001) , D_A: 0.132, G_A: 0.976, cycle_A: 0.088, D_B: 0.405, G_B: 0.995, cycle_B: 0.119, gp: 0.403

[Rank 0] (epoch: 48, iters: 39744, time: 0.001, data: 0.001) , D_A: 0.091, G_A: 0.971, cycle_A: 0.093, D_B: 0.434, G_B: 0.975, cycle_B: 0.102, gp: 0.432

learning rate 0.0000545 -> 0.0000364
temperature tau = 0.1033
End of epoch 48 / 50 	 Time Taken: 40 sec
[Rank 0] (epoch: 49, iters: 896, time: 0.001, data: 0.001) , D_A: 0.159, G_A: 0.969, cycle_A: 0.084, D_B: 0.510, G_B: 0.975, cycle_B: 0.113, gp: 0.507

[Rank 0] (epoch: 49, iters: 2496, time: 0.001, data: 0.000) , D_A: 0.189, G_A: 0.987, cycle_A: 0.090, D_B: 0.459, G_B: 0.993, cycle_B: 0.107, gp: 0.456

[Rank 0] (epoch: 49, iters: 4096, time: 0.001, data: 0.001) , D_A: 0.230, G_A: 0.982, cycle_A: 0.091, D_B: 0.521, G_B: 0.964, cycle_B: 0.101, gp: 0.519

[Rank 0] (epoch: 49, iters: 5696, time: 0.001, data: 0.001) , D_A: 0.200, G_A: 0.990, cycle_A: 0.089, D_B: 0.471, G_B: 0.954, cycle_B: 0.111, gp: 0.469

[Rank 0] (epoch: 49, iters: 7296, time: 0.001, data: 0.001) , D_A: 0.167, G_A: 0.980, cycle_A: 0.085, D_B: 0.381, G_B: 0.975, cycle_B: 0.111, gp: 0.380

[Rank 0] (epoch: 49, iters: 8896, time: 0.001, data: 0.001) , D_A: 0.139, G_A: 0.998, cycle_A: 0.094, D_B: 0.509, G_B: 0.970, cycle_B: 0.110, gp: 0.507

[Rank 0] (epoch: 49, iters: 10496, time: 0.001, data: 0.001) , D_A: 0.244, G_A: 0.972, cycle_A: 0.089, D_B: 0.428, G_B: 0.976, cycle_B: 0.100, gp: 0.427

[Rank 0] (epoch: 49, iters: 12096, time: 0.001, data: 0.001) , D_A: 0.237, G_A: 0.999, cycle_A: 0.085, D_B: 0.475, G_B: 0.943, cycle_B: 0.105, gp: 0.472

[Rank 0] (epoch: 49, iters: 13696, time: 0.001, data: 0.001) , D_A: 0.147, G_A: 0.970, cycle_A: 0.108, D_B: 0.528, G_B: 0.995, cycle_B: 0.112, gp: 0.526

[Rank 0] (epoch: 49, iters: 15296, time: 0.001, data: 0.001) , D_A: 0.105, G_A: 0.977, cycle_A: 0.086, D_B: 0.452, G_B: 0.963, cycle_B: 0.119, gp: 0.449

[Rank 0] (epoch: 49, iters: 16896, time: 0.001, data: 0.001) , D_A: 0.253, G_A: 0.977, cycle_A: 0.086, D_B: 0.394, G_B: 0.976, cycle_B: 0.112, gp: 0.392

--- iter tau=0.1033 ---
  cipher in :  had been stirred by maggie brien but when katie wrote on april 
  decrypted : eiohecssleuq ttshecwefobb sect slecdqepislecoq septaqsealeort ne
  real plain: o every epistemology which stems from humes presupposition that 
  cipher in : ise examine blocks of storage the da and dc statements provide t
  decrypted :  uses of lsecnarcueageuqatobseqisehoeolhehreuqoqsfslquertaq hseq
  real plain: pinion would have placed us clearly out of compliance with the w
[Rank 0] (epoch: 49, iters: 18496, time: 0.001, data: 0.001) , D_A: 0.224, G_A: 0.976, cycle_A: 0.086, D_B: 0.463, G_B: 0.981, cycle_B: 0.107, gp: 0.461

saving the latest model (epoch 49, total_iters 1960000)
[Rank 0] (epoch: 49, iters: 20096, time: 0.001, data: 0.001) , D_A: 0.164, G_A: 0.972, cycle_A: 0.098, D_B: 0.414, G_B: 0.959, cycle_B: 0.113, gp: 0.410

[Rank 0] (epoch: 49, iters: 21696, time: 0.001, data: 0.003) , D_A: 0.092, G_A: 0.981, cycle_A: 0.088, D_B: 0.486, G_B: 0.963, cycle_B: 0.108, gp: 0.484

[Rank 0] (epoch: 49, iters: 23296, time: 0.001, data: 0.001) , D_A: 0.138, G_A: 0.983, cycle_A: 0.101, D_B: 0.436, G_B: 0.978, cycle_B: 0.116, gp: 0.434

[Rank 0] (epoch: 49, iters: 24896, time: 0.001, data: 0.001) , D_A: 0.130, G_A: 0.991, cycle_A: 0.081, D_B: 0.468, G_B: 0.966, cycle_B: 0.108, gp: 0.465

[Rank 0] (epoch: 49, iters: 26496, time: 0.001, data: 0.001) , D_A: 0.207, G_A: 0.981, cycle_A: 0.088, D_B: 0.358, G_B: 0.978, cycle_B: 0.113, gp: 0.356

[Rank 0] (epoch: 49, iters: 28096, time: 0.001, data: 0.001) , D_A: 0.110, G_A: 0.963, cycle_A: 0.088, D_B: 0.394, G_B: 0.990, cycle_B: 0.111, gp: 0.392

[Rank 0] (epoch: 49, iters: 29696, time: 0.001, data: 0.001) , D_A: 0.133, G_A: 0.975, cycle_A: 0.079, D_B: 0.528, G_B: 0.991, cycle_B: 0.112, gp: 0.527

[Rank 0] (epoch: 49, iters: 31296, time: 0.001, data: 0.001) , D_A: 0.172, G_A: 0.960, cycle_A: 0.095, D_B: 0.412, G_B: 0.950, cycle_B: 0.117, gp: 0.410

[Rank 0] (epoch: 49, iters: 32896, time: 0.001, data: 0.001) , D_A: 0.154, G_A: 0.975, cycle_A: 0.085, D_B: 0.515, G_B: 0.965, cycle_B: 0.106, gp: 0.513

[Rank 0] (epoch: 49, iters: 34496, time: 0.001, data: 0.001) , D_A: 0.141, G_A: 0.995, cycle_A: 0.084, D_B: 0.528, G_B: 0.976, cycle_B: 0.098, gp: 0.526

[Rank 0] (epoch: 49, iters: 36096, time: 0.001, data: 0.001) , D_A: 0.106, G_A: 1.000, cycle_A: 0.081, D_B: 0.502, G_B: 0.968, cycle_B: 0.107, gp: 0.500

[Rank 0] (epoch: 49, iters: 37696, time: 0.001, data: 0.001) , D_A: 0.199, G_A: 0.974, cycle_A: 0.083, D_B: 0.335, G_B: 0.973, cycle_B: 0.108, gp: 0.333

[Rank 0] (epoch: 49, iters: 39296, time: 0.001, data: 0.001) , D_A: 0.149, G_A: 0.982, cycle_A: 0.081, D_B: 0.373, G_B: 0.984, cycle_B: 0.113, gp: 0.371

learning rate 0.0000364 -> 0.0000182
temperature tau = 0.1000
End of epoch 49 / 50 	 Time Taken: 36 sec
[Rank 0] (epoch: 50, iters: 448, time: 0.001, data: 0.001) , D_A: 0.119, G_A: 0.992, cycle_A: 0.095, D_B: 0.456, G_B: 0.982, cycle_B: 0.114, gp: 0.454

[Rank 0] (epoch: 50, iters: 2048, time: 0.001, data: 0.000) , D_A: 0.112, G_A: 0.979, cycle_A: 0.089, D_B: 0.427, G_B: 0.969, cycle_B: 0.115, gp: 0.425

[Rank 0] (epoch: 50, iters: 3648, time: 0.001, data: 0.001) , D_A: 0.142, G_A: 0.957, cycle_A: 0.104, D_B: 0.478, G_B: 0.985, cycle_B: 0.102, gp: 0.475

[Rank 0] (epoch: 50, iters: 5248, time: 0.001, data: 0.001) , D_A: 0.139, G_A: 0.969, cycle_A: 0.074, D_B: 0.514, G_B: 0.972, cycle_B: 0.102, gp: 0.512

[Rank 0] (epoch: 50, iters: 6848, time: 0.001, data: 0.001) , D_A: 0.202, G_A: 0.996, cycle_A: 0.087, D_B: 0.377, G_B: 0.999, cycle_B: 0.113, gp: 0.375

[Rank 0] (epoch: 50, iters: 8448, time: 0.001, data: 0.001) , D_A: 0.135, G_A: 0.995, cycle_A: 0.081, D_B: 0.495, G_B: 0.969, cycle_B: 0.108, gp: 0.493

[Rank 0] (epoch: 50, iters: 10048, time: 0.001, data: 0.001) , D_A: 0.174, G_A: 0.965, cycle_A: 0.088, D_B: 0.522, G_B: 0.969, cycle_B: 0.119, gp: 0.520

[Rank 0] (epoch: 50, iters: 11648, time: 0.001, data: 0.001) , D_A: 0.162, G_A: 0.976, cycle_A: 0.077, D_B: 0.467, G_B: 0.969, cycle_B: 0.117, gp: 0.465

[Rank 0] (epoch: 50, iters: 13248, time: 0.001, data: 0.001) , D_A: 0.105, G_A: 0.966, cycle_A: 0.088, D_B: 0.390, G_B: 0.957, cycle_B: 0.116, gp: 0.388

[Rank 0] (epoch: 50, iters: 14848, time: 0.001, data: 0.001) , D_A: 0.192, G_A: 0.990, cycle_A: 0.089, D_B: 0.394, G_B: 0.964, cycle_B: 0.112, gp: 0.393

[Rank 0] (epoch: 50, iters: 16448, time: 0.001, data: 0.001) , D_A: 0.165, G_A: 0.964, cycle_A: 0.089, D_B: 0.359, G_B: 0.978, cycle_B: 0.112, gp: 0.357

--- iter tau=0.1000 ---
  cipher in :  widely read too and the author who seemed the embodiment of fra
  decrypted : ep hsnwetsoheqaaeolheqiseodqiatepiaemssfsheqisesfcah fslqeagegto
  real plain: ve marketing are you experimenting with different selling slants
  cipher in : er or not for a long time had such problems the nightmare of a c
  decrypted : steatelaqegateoenalyeq fseiohemdriertacnsfmeqisel yiqfotseageoer
  real plain: gosh i dont know thirtyfive i guess hes been married and got thi
[Rank 0] (epoch: 50, iters: 18048, time: 0.001, data: 0.001) , D_A: 0.159, G_A: 0.989, cycle_A: 0.079, D_B: 0.377, G_B: 0.981, cycle_B: 0.107, gp: 0.375

saving the latest model (epoch 50, total_iters 2000000)
[Rank 0] (epoch: 50, iters: 19648, time: 0.001, data: 0.001) , D_A: 0.126, G_A: 0.979, cycle_A: 0.090, D_B: 0.338, G_B: 0.964, cycle_B: 0.114, gp: 0.336

[Rank 0] (epoch: 50, iters: 21248, time: 0.001, data: 0.001) , D_A: 0.119, G_A: 0.979, cycle_A: 0.093, D_B: 0.374, G_B: 0.958, cycle_B: 0.109, gp: 0.372

[Rank 0] (epoch: 50, iters: 22848, time: 0.001, data: 0.001) , D_A: 0.068, G_A: 0.971, cycle_A: 0.092, D_B: 0.392, G_B: 0.982, cycle_B: 0.114, gp: 0.390

[Rank 0] (epoch: 50, iters: 24448, time: 0.001, data: 0.001) , D_A: 0.169, G_A: 0.965, cycle_A: 0.097, D_B: 0.418, G_B: 0.973, cycle_B: 0.113, gp: 0.415

[Rank 0] (epoch: 50, iters: 26048, time: 0.001, data: 0.001) , D_A: 0.169, G_A: 0.991, cycle_A: 0.089, D_B: 0.300, G_B: 0.978, cycle_B: 0.110, gp: 0.298

[Rank 0] (epoch: 50, iters: 27648, time: 0.001, data: 0.001) , D_A: 0.131, G_A: 0.983, cycle_A: 0.088, D_B: 0.343, G_B: 0.977, cycle_B: 0.113, gp: 0.341

[Rank 0] (epoch: 50, iters: 29248, time: 0.001, data: 0.001) , D_A: 0.132, G_A: 0.978, cycle_A: 0.090, D_B: 0.402, G_B: 0.988, cycle_B: 0.112, gp: 0.400

[Rank 0] (epoch: 50, iters: 30848, time: 0.001, data: 0.001) , D_A: 0.132, G_A: 0.975, cycle_A: 0.089, D_B: 0.446, G_B: 0.991, cycle_B: 0.116, gp: 0.445

[Rank 0] (epoch: 50, iters: 32448, time: 0.001, data: 0.001) , D_A: 0.130, G_A: 0.952, cycle_A: 0.089, D_B: 0.524, G_B: 0.978, cycle_B: 0.102, gp: 0.522

[Rank 0] (epoch: 50, iters: 34048, time: 0.001, data: 0.001) , D_A: 0.221, G_A: 0.969, cycle_A: 0.095, D_B: 0.566, G_B: 0.972, cycle_B: 0.111, gp: 0.564

[Rank 0] (epoch: 50, iters: 35648, time: 0.001, data: 0.001) , D_A: 0.170, G_A: 0.972, cycle_A: 0.093, D_B: 0.532, G_B: 0.959, cycle_B: 0.110, gp: 0.530

[Rank 0] (epoch: 50, iters: 37248, time: 0.001, data: 0.001) , D_A: 0.318, G_A: 0.989, cycle_A: 0.088, D_B: 0.487, G_B: 0.969, cycle_B: 0.113, gp: 0.485

[Rank 0] (epoch: 50, iters: 38848, time: 0.001, data: 0.001) , D_A: 0.172, G_A: 0.967, cycle_A: 0.101, D_B: 0.444, G_B: 0.976, cycle_B: 0.121, gp: 0.442

[Rank 0] (epoch: 50, iters: 40448, time: 0.001, data: 0.001) , D_A: 0.132, G_A: 0.985, cycle_A: 0.101, D_B: 0.369, G_B: 0.976, cycle_B: 0.111, gp: 0.368

learning rate 0.0000182 -> 0.0000000
temperature tau = 0.1000
saving the model at the end of epoch 50, iters 2022400
End of epoch 50 / 50 	 Time Taken: 35 sec
----------------- Options ---------------
             aspect_ratio: 1.0                           
               batch_size: 64                            
          checkpoints_dir: ./checkpoints                 
                crop_size: 256                           
                 dataroot: .                             	[default: None]
             dataset_mode: cipher                        
                direction: AtoB                          
               display_id: 0                             
          display_winsize: 256                           
                embed_dim: 256                           	[default: 64]
                    epoch: latest                        
                     eval: False                         
                 gan_mode: lsgan                         
                   gumbel: False                         
                init_gain: 0.02                          
                init_type: normal                        
                 input_nc: 3                             
                  isTrain: False                         	[default: None]
                     kw_D: 15                            	[default: 4]
                 lambda_A: 10.0                          
                 lambda_B: 10.0                          
                lambda_gp: 10.0                          
          lambda_identity: 0.0                           
                load_iter: 0                             	[default: 0]
                load_size: 256                           
                       lr: 0.0002                        
         matched_softness: True                          	[default: False]
         max_dataset_size: inf                           
                    model: cipher_cycle_gan              	[default: test]
               n_blocks_G: 5                             	[default: 4]
                 n_critic: 1                             
               n_layers_D: 5                             	[default: 3]
                     name: identity_s0_gp1               	[default: experiment_name]
                      ndf: 32                            	[default: 128]
                     netD: seq                           
                     netG: seq                           
                      ngf: 128                           
               no_dropout: True                          
                  no_flip: True                          
                     norm: layer                         	[default: instance]
                 npz_path: data/identity/dataset.npz     	[default: None]
                 num_test: 50                            
              num_threads: 4                             
                output_nc: 3                             
                pair_seed: 0                             
                    phase: test                          
              pointwise_G: True                          	[default: False]
               preprocess: none                          
         real_logit_scale: 5.0                           
              results_dir: ./results/                    
           serial_batches: False                         
         straight_through: True                          	[default: False]
                   suffix:                               
                  tau_end: 0.1                           
                tau_start: 1.0                           
                   use_gp: False                         
                use_wandb: False                         
                  verbose: False                         
               vocab_size: -1                            
       wandb_project_name: CycleGAN-and-pix2pix          
----------------- End -------------------
[cipher] eval: A(cipher)=(8986, 64) B(plain)=(8986, 64) vocab=28 cipher=identity paired=True
dataset [CipherDataset] was created
Initialized with device cuda:0
initialize network with normal
Initialized with device cuda:0
initialize network with normal
model [CipherCycleGANModel] was created
Initialized with device cuda:0
initialize network with normal
loading the model from checkpoints/identity_s0_gp1/latest_net_G_A.pth
Initialized with device cuda:0
initialize network with normal
loading the model from checkpoints/identity_s0_gp1/latest_net_G_B.pth
---------- Networks initialized -------------
[Network G_A] Total number of parameters : 0.212 M
[Network G_B] Total number of parameters : 0.212 M
-----------------------------------------------

==============================================================
cipher              identity (key=0)
samples             8986 x 64
character accuracy  0.1309   (chance ~0.0370)
character error     0.8691
key recovery        0.1111   (coverage 1.000)
==============================================================
cipher in : olved upon second thought we were forced to realize that we have
decrypted : ch oes  ctsqoictes tc bt s os orospcrioes csroahtros ta s osta o
truth     : olved upon second thought we were forced to realize that we have

wrote ./checkpoints/identity_s0_gp1/eval_metrics.json
wrote ./checkpoints/identity_s0_gp1/curves_identity_s0_gp1.png

loss             first      last       min       max
D_A              0.929     0.169     0.049     1.247
G_A              0.108     0.974     0.030     2.975
cycle_A          1.359     0.408     0.060     4.508
D_B              0.939     0.287     0.044     1.734
G_B              0.172     1.007     0.026     2.127
cycle_B          1.227     0.396     0.096     5.003
gp               0.457     0.283     0.041     0.922

D_A over the final window: 0.207
  -> at LSGAN equilibrium: the two networks are balanced.
