=== task 0 : dataset=a20 seed=2 ===
NVIDIA A100-SXM4-80GB
----------------- Options ---------------
               batch_size: 64                            
                    beta1: 0.0                           	[default: 0.5]
          checkpoints_dir: ./checkpoints                 
           continue_train: False                         
                crop_size: 256                           
               cycle_loss: ce                            
                 dataroot: .                             	[default: None]
             dataset_mode: cipher                        
                direction: AtoB                          
             display_freq: 20000                         	[default: 400]
               display_id: 0                             
          display_winsize: 256                           
                embed_dim: 256                           	[default: 64]
                    epoch: latest                        
              epoch_count: 1                             
                 gan_mode: lsgan                         
                   gumbel: False                         
                init_gain: 0.02                          
                init_type: normal                        
                 input_nc: 3                             
                  isTrain: True                          	[default: None]
                     kw_D: 15                            	[default: 4]
                 lambda_A: 1.0                           	[default: 10.0]
                 lambda_B: 1.0                           	[default: 10.0]
                lambda_gp: 1.0                           	[default: 10.0]
          lambda_identity: 0.0                           
                load_iter: 0                             	[default: 0]
                load_size: 286                           
                       lr: 0.0002                        
           lr_decay_iters: 50                            
                lr_policy: linear                        
         matched_softness: True                          	[default: False]
         max_dataset_size: inf                           
                    model: cipher_cycle_gan              	[default: cycle_gan]
               n_blocks_G: 5                             	[default: 4]
                 n_critic: 1                             
                 n_epochs: 40                            	[default: 100]
           n_epochs_decay: 10                            	[default: 100]
               n_layers_D: 5                             	[default: 3]
                     name: a20_s2_gp1                    	[default: experiment_name]
                      ndf: 32                            	[default: 128]
                     netD: seq                           
                     netG: seq                           
                      ngf: 128                           
               no_dropout: True                          
                  no_flip: True                          
                  no_html: False                         
                     norm: layer                         	[default: instance]
                 npz_path: data/a20/dataset.npz          	[default: None]
              num_threads: 8                             	[default: 4]
                output_nc: 3                             
                pair_seed: 2                             	[default: 0]
                    phase: train                         
              pointwise_G: True                          	[default: False]
                pool_size: 50                            
               preprocess: none                          
               print_freq: 100                           
         real_logit_scale: 5.0                           
             save_by_iter: False                         
          save_epoch_freq: 50                            	[default: 5]
         save_latest_freq: 5000                          
           serial_batches: False                         
         straight_through: True                          	[default: False]
                   suffix:                               
                  tau_end: 0.1                           
                tau_start: 0.5                           	[default: 1.0]
         update_html_freq: 1000                          
                   use_gp: True                          	[default: False]
                use_wandb: False                         
                  verbose: False                         
               vocab_size: -1                            
       wandb_project_name: CycleGAN-and-pix2pix          
----------------- End -------------------
Initialized with device cuda:0
[cipher] train: A(cipher)=(34810, 64) B(plain)=(34809, 64) vocab=21 cipher=substitution paired=False
dataset [CipherDataset] was created
The number of training images = 34810
Initialized with device cuda:0
initialize network with normal
Initialized with device cuda:0
initialize network with normal
Initialized with device cuda:0
initialize network with normal
Initialized with device cuda:0
initialize network with normal
model [CipherCycleGANModel] was created
Initialized with device cuda:0
initialize network with normal
Initialized with device cuda:0
initialize network with normal
Initialized with device cuda:0
initialize network with normal
Initialized with device cuda:0
initialize network with normal
---------- Networks initialized -------------
[Network G_A] Total number of parameters : 0.209 M
[Network G_B] Total number of parameters : 0.209 M
[Network D_A] Total number of parameters : 0.475 M
[Network D_B] Total number of parameters : 0.475 M
-----------------------------------------------
create web directory checkpoints/a20_s2_gp1/web...
[Rank 0] (epoch: 1, iters: 1600, time: 0.001, data: 0.068) , D_A: 0.932, G_A: 0.117, cycle_A: 0.932, D_B: 0.763, G_B: 0.224, cycle_B: 0.940, gp: 0.454

[Rank 0] (epoch: 1, iters: 3200, time: 0.001, data: 0.001) , D_A: 0.708, G_A: 0.576, cycle_A: 0.383, D_B: 0.715, G_B: 1.050, cycle_B: 0.397, gp: 0.383

[Rank 0] (epoch: 1, iters: 4800, time: 0.001, data: 0.001) , D_A: 0.403, G_A: 0.382, cycle_A: 0.419, D_B: 0.494, G_B: 0.461, cycle_B: 0.454, gp: 0.267

[Rank 0] (epoch: 1, iters: 6400, time: 0.001, data: 0.001) , D_A: 0.537, G_A: 0.720, cycle_A: 0.298, D_B: 0.580, G_B: 0.524, cycle_B: 0.340, gp: 0.392

[Rank 0] (epoch: 1, iters: 8000, time: 0.001, data: 0.001) , D_A: 0.563, G_A: 0.412, cycle_A: 0.285, D_B: 0.575, G_B: 1.233, cycle_B: 0.314, gp: 0.352

[Rank 0] (epoch: 1, iters: 9600, time: 0.001, data: 0.001) , D_A: 0.336, G_A: 0.853, cycle_A: 0.361, D_B: 0.529, G_B: 0.523, cycle_B: 0.384, gp: 0.386

[Rank 0] (epoch: 1, iters: 11200, time: 0.001, data: 0.001) , D_A: 0.391, G_A: 0.572, cycle_A: 0.311, D_B: 0.484, G_B: 0.730, cycle_B: 0.266, gp: 0.313

[Rank 0] (epoch: 1, iters: 12800, time: 0.001, data: 0.001) , D_A: 0.380, G_A: 0.751, cycle_A: 0.267, D_B: 0.537, G_B: 0.498, cycle_B: 0.253, gp: 0.376

[Rank 0] (epoch: 1, iters: 14400, time: 0.001, data: 0.001) , D_A: 0.578, G_A: 0.185, cycle_A: 0.341, D_B: 0.352, G_B: 0.934, cycle_B: 0.370, gp: 0.265

[Rank 0] (epoch: 1, iters: 16000, time: 0.001, data: 0.001) , D_A: 0.464, G_A: 0.967, cycle_A: 0.239, D_B: 0.289, G_B: 0.436, cycle_B: 0.234, gp: 0.197

[Rank 0] (epoch: 1, iters: 17600, time: 0.001, data: 0.001) , D_A: 0.440, G_A: 0.508, cycle_A: 0.253, D_B: 0.303, G_B: 0.670, cycle_B: 0.232, gp: 0.249

[Rank 0] (epoch: 1, iters: 19200, time: 0.001, data: 0.001) , D_A: 0.340, G_A: 0.552, cycle_A: 0.273, D_B: 0.246, G_B: 0.901, cycle_B: 0.202, gp: 0.213

[Rank 0] (epoch: 1, iters: 20800, time: 0.001, data: 0.001) , D_A: 0.413, G_A: 0.645, cycle_A: 0.311, D_B: 0.419, G_B: 1.215, cycle_B: 0.311, gp: 0.312

[Rank 0] (epoch: 1, iters: 22400, time: 0.001, data: 0.001) , D_A: 0.277, G_A: 1.353, cycle_A: 0.236, D_B: 0.362, G_B: 0.527, cycle_B: 0.214, gp: 0.306

[Rank 0] (epoch: 1, iters: 24000, time: 0.001, data: 0.001) , D_A: 0.419, G_A: 0.714, cycle_A: 0.240, D_B: 0.369, G_B: 1.373, cycle_B: 0.244, gp: 0.299

[Rank 0] (epoch: 1, iters: 25600, time: 0.001, data: 0.001) , D_A: 0.386, G_A: 1.026, cycle_A: 0.257, D_B: 0.314, G_B: 1.027, cycle_B: 0.230, gp: 0.294

[Rank 0] (epoch: 1, iters: 27200, time: 0.001, data: 0.001) , D_A: 0.336, G_A: 0.580, cycle_A: 0.237, D_B: 0.401, G_B: 0.527, cycle_B: 0.212, gp: 0.343

[Rank 0] (epoch: 1, iters: 28800, time: 0.001, data: 0.001) , D_A: 0.284, G_A: 1.220, cycle_A: 0.229, D_B: 0.283, G_B: 1.047, cycle_B: 0.208, gp: 0.258

[Rank 0] (epoch: 1, iters: 30400, time: 0.001, data: 0.001) , D_A: 0.316, G_A: 0.891, cycle_A: 0.221, D_B: 0.376, G_B: 0.475, cycle_B: 0.222, gp: 0.286

[Rank 0] (epoch: 1, iters: 32000, time: 0.001, data: 0.001) , D_A: 0.373, G_A: 0.961, cycle_A: 0.239, D_B: 0.230, G_B: 1.026, cycle_B: 0.224, gp: 0.209

[Rank 0] (epoch: 1, iters: 33600, time: 0.001, data: 0.001) , D_A: 0.230, G_A: 0.912, cycle_A: 0.220, D_B: 0.245, G_B: 0.869, cycle_B: 0.200, gp: 0.222

learning rate 0.0002000 -> 0.0002000
temperature tau = 0.4838
End of epoch 1 / 50 	 Time Taken: 29 sec
[Rank 0] (epoch: 2, iters: 384, time: 0.001, data: 0.001) , D_A: 0.331, G_A: 1.078, cycle_A: 0.250, D_B: 0.220, G_B: 1.076, cycle_B: 0.204, gp: 0.206

[Rank 0] (epoch: 2, iters: 1984, time: 0.001, data: 0.000) , D_A: 0.326, G_A: 0.905, cycle_A: 0.240, D_B: 0.281, G_B: 1.057, cycle_B: 0.201, gp: 0.265

[Rank 0] (epoch: 2, iters: 3584, time: 0.001, data: 0.001) , D_A: 0.245, G_A: 0.769, cycle_A: 0.229, D_B: 0.272, G_B: 0.782, cycle_B: 0.235, gp: 0.243

--- iter tau=0.4838 ---
  cipher in : lnmcpsplenpgsfbnfncpspemmplnprjskbksfbpsqplkbpkmnpqpfslkfdpkfpln
  decrypted : mlar o mil sohelhlr o iaa ml aeonenohe og mne nal g homnhr nh ml
  real plain:  been drab and limp i gae her proprie i gae her he righ o si don
  cipher in : nprsmkgnpjnjfplnfplnprnsrmnpbjkanprplnkjpbsfdpklpnnfphsjnpqnjsjp
  decrypted : l aoansl eleh mlh ml aloaal eenkl a mlne eohr nm llh aoel gleoe 
  real plain: isaken i for m an so ell did her clohes fi him in one hand he gr
[Rank 0] (epoch: 2, iters: 5184, time: 0.001, data: 0.001) , D_A: 0.321, G_A: 0.796, cycle_A: 0.243, D_B: 0.216, G_B: 0.818, cycle_B: 0.210, gp: 0.196

saving the latest model (epoch 2, total_iters 40000)
[Rank 0] (epoch: 2, iters: 6784, time: 0.001, data: 0.001) , D_A: 0.226, G_A: 1.036, cycle_A: 0.252, D_B: 0.252, G_B: 0.914, cycle_B: 0.198, gp: 0.237

[Rank 0] (epoch: 2, iters: 8384, time: 0.001, data: 0.001) , D_A: 0.210, G_A: 1.202, cycle_A: 0.247, D_B: 0.272, G_B: 1.039, cycle_B: 0.198, gp: 0.260

[Rank 0] (epoch: 2, iters: 9984, time: 0.001, data: 0.001) , D_A: 0.362, G_A: 0.893, cycle_A: 0.227, D_B: 0.191, G_B: 1.116, cycle_B: 0.203, gp: 0.179

[Rank 0] (epoch: 2, iters: 11584, time: 0.001, data: 0.001) , D_A: 0.368, G_A: 0.794, cycle_A: 0.628, D_B: 0.297, G_B: 0.842, cycle_B: 0.717, gp: 0.269

[Rank 0] (epoch: 2, iters: 13184, time: 0.001, data: 0.001) , D_A: 0.450, G_A: 1.313, cycle_A: 0.258, D_B: 0.353, G_B: 1.093, cycle_B: 0.324, gp: 0.339

[Rank 0] (epoch: 2, iters: 14784, time: 0.001, data: 0.001) , D_A: 0.351, G_A: 1.017, cycle_A: 0.248, D_B: 0.297, G_B: 0.886, cycle_B: 0.302, gp: 0.283

[Rank 0] (epoch: 2, iters: 16384, time: 0.001, data: 0.001) , D_A: 0.382, G_A: 0.843, cycle_A: 0.235, D_B: 0.256, G_B: 1.137, cycle_B: 0.235, gp: 0.239

[Rank 0] (epoch: 2, iters: 17984, time: 0.001, data: 0.001) , D_A: 0.314, G_A: 0.866, cycle_A: 0.215, D_B: 0.199, G_B: 0.954, cycle_B: 0.236, gp: 0.191

[Rank 0] (epoch: 2, iters: 19584, time: 0.001, data: 0.002) , D_A: 0.282, G_A: 0.999, cycle_A: 0.238, D_B: 0.284, G_B: 0.907, cycle_B: 0.253, gp: 0.269

[Rank 0] (epoch: 2, iters: 21184, time: 0.001, data: 0.001) , D_A: 0.242, G_A: 1.188, cycle_A: 0.221, D_B: 0.328, G_B: 1.050, cycle_B: 0.221, gp: 0.312

[Rank 0] (epoch: 2, iters: 22784, time: 0.001, data: 0.001) , D_A: 0.306, G_A: 1.122, cycle_A: 0.235, D_B: 0.259, G_B: 0.767, cycle_B: 0.296, gp: 0.239

[Rank 0] (epoch: 2, iters: 24384, time: 0.001, data: 0.001) , D_A: 0.404, G_A: 0.379, cycle_A: 0.231, D_B: 0.263, G_B: 1.084, cycle_B: 0.210, gp: 0.249

[Rank 0] (epoch: 2, iters: 25984, time: 0.001, data: 0.001) , D_A: 0.343, G_A: 1.108, cycle_A: 0.223, D_B: 0.197, G_B: 1.093, cycle_B: 0.240, gp: 0.183

[Rank 0] (epoch: 2, iters: 27584, time: 0.001, data: 0.001) , D_A: 0.247, G_A: 0.881, cycle_A: 0.239, D_B: 0.415, G_B: 0.986, cycle_B: 0.224, gp: 0.406

[Rank 0] (epoch: 2, iters: 29184, time: 0.001, data: 0.001) , D_A: 0.316, G_A: 0.959, cycle_A: 0.228, D_B: 0.279, G_B: 1.095, cycle_B: 0.235, gp: 0.265

[Rank 0] (epoch: 2, iters: 30784, time: 0.001, data: 0.001) , D_A: 0.199, G_A: 1.078, cycle_A: 0.216, D_B: 0.316, G_B: 1.022, cycle_B: 0.196, gp: 0.306

[Rank 0] (epoch: 2, iters: 32384, time: 0.001, data: 0.001) , D_A: 0.321, G_A: 1.423, cycle_A: 0.238, D_B: 0.322, G_B: 0.993, cycle_B: 0.284, gp: 0.307

[Rank 0] (epoch: 2, iters: 33984, time: 0.001, data: 0.001) , D_A: 0.285, G_A: 1.031, cycle_A: 0.242, D_B: 0.392, G_B: 0.902, cycle_B: 0.326, gp: 0.382

learning rate 0.0002000 -> 0.0002000
temperature tau = 0.4682
End of epoch 2 / 50 	 Time Taken: 31 sec
[Rank 0] (epoch: 3, iters: 768, time: 0.001, data: 0.001) , D_A: 0.284, G_A: 1.008, cycle_A: 0.228, D_B: 0.283, G_B: 0.977, cycle_B: 0.234, gp: 0.272

[Rank 0] (epoch: 3, iters: 2368, time: 0.001, data: 0.001) , D_A: 0.231, G_A: 0.888, cycle_A: 0.206, D_B: 0.242, G_B: 0.945, cycle_B: 0.207, gp: 0.231

[Rank 0] (epoch: 3, iters: 3968, time: 0.001, data: 0.001) , D_A: 0.272, G_A: 0.842, cycle_A: 0.196, D_B: 0.236, G_B: 0.979, cycle_B: 0.203, gp: 0.229

[Rank 0] (epoch: 3, iters: 5568, time: 0.001, data: 0.001) , D_A: 0.250, G_A: 0.975, cycle_A: 0.236, D_B: 0.228, G_B: 1.007, cycle_B: 0.255, gp: 0.221

[Rank 0] (epoch: 3, iters: 7168, time: 0.001, data: 0.001) , D_A: 0.337, G_A: 0.686, cycle_A: 0.237, D_B: 0.378, G_B: 0.894, cycle_B: 0.245, gp: 0.368

[Rank 0] (epoch: 3, iters: 8768, time: 0.001, data: 0.001) , D_A: 0.280, G_A: 0.916, cycle_A: 0.231, D_B: 0.266, G_B: 1.193, cycle_B: 0.250, gp: 0.236

--- iter tau=0.4682 ---
  cipher in : pspnejbpedspglefdncplnpjskfnpsqplnkjplshnpmkqnplnfpspbefcprpkfpr
  decrypted :  o diee ipo smifpdr md eonfd on mdne moad annd mdf o eifr k nf k
  real plain: or conslan nder scrin o of he inesses said ere pamens and loans 
  cipher in : npgjneknpepnjhpnplnejpklpkfgjnebkfdpqjnonfgplnbnpcebplnfpnpjfpsp
  decrypted : d sedind i dea d mdie nm nfsedienfp nedadfs mded rie mdf d ef o 
  real plain: on boh sides of he road brisled ih he barbed ire he fences srech
[Rank 0] (epoch: 3, iters: 10368, time: 0.001, data: 0.001) , D_A: 0.242, G_A: 1.062, cycle_A: 0.236, D_B: 0.201, G_B: 0.994, cycle_B: 0.320, gp: 0.193

saving the latest model (epoch 3, total_iters 80000)
[Rank 0] (epoch: 3, iters: 11968, time: 0.001, data: 0.001) , D_A: 0.305, G_A: 0.936, cycle_A: 0.196, D_B: 0.266, G_B: 0.770, cycle_B: 0.373, gp: 0.209

[Rank 0] (epoch: 3, iters: 13568, time: 0.001, data: 0.001) , D_A: 0.223, G_A: 0.996, cycle_A: 0.189, D_B: 0.299, G_B: 0.947, cycle_B: 0.207, gp: 0.293

[Rank 0] (epoch: 3, iters: 15168, time: 0.001, data: 0.001) , D_A: 0.281, G_A: 0.995, cycle_A: 0.185, D_B: 0.149, G_B: 0.988, cycle_B: 0.371, gp: 0.143

[Rank 0] (epoch: 3, iters: 16768, time: 0.001, data: 0.001) , D_A: 0.218, G_A: 0.939, cycle_A: 0.150, D_B: 0.278, G_B: 0.918, cycle_B: 0.198, gp: 0.272

[Rank 0] (epoch: 3, iters: 18368, time: 0.001, data: 0.001) , D_A: 0.195, G_A: 0.911, cycle_A: 0.187, D_B: 0.190, G_B: 0.990, cycle_B: 0.264, gp: 0.182

[Rank 0] (epoch: 3, iters: 19968, time: 0.001, data: 0.001) , D_A: 0.352, G_A: 1.020, cycle_A: 0.184, D_B: 0.231, G_B: 0.956, cycle_B: 0.235, gp: 0.225

[Rank 0] (epoch: 3, iters: 21568, time: 0.001, data: 0.001) , D_A: 0.350, G_A: 1.282, cycle_A: 0.139, D_B: 0.126, G_B: 1.029, cycle_B: 0.220, gp: 0.120

[Rank 0] (epoch: 3, iters: 23168, time: 0.001, data: 0.001) , D_A: 0.205, G_A: 0.947, cycle_A: 0.170, D_B: 0.239, G_B: 1.013, cycle_B: 0.303, gp: 0.231

[Rank 0] (epoch: 3, iters: 24768, time: 0.001, data: 0.002) , D_A: 0.330, G_A: 1.050, cycle_A: 0.184, D_B: 0.208, G_B: 0.961, cycle_B: 0.297, gp: 0.201

[Rank 0] (epoch: 3, iters: 26368, time: 0.001, data: 0.001) , D_A: 0.323, G_A: 0.867, cycle_A: 0.186, D_B: 0.297, G_B: 0.946, cycle_B: 0.278, gp: 0.288

[Rank 0] (epoch: 3, iters: 27968, time: 0.001, data: 0.001) , D_A: 0.217, G_A: 1.196, cycle_A: 0.146, D_B: 0.219, G_B: 0.986, cycle_B: 0.215, gp: 0.210

[Rank 0] (epoch: 3, iters: 29568, time: 0.001, data: 0.001) , D_A: 0.284, G_A: 0.988, cycle_A: 0.134, D_B: 0.182, G_B: 0.973, cycle_B: 0.404, gp: 0.176

[Rank 0] (epoch: 3, iters: 31168, time: 0.001, data: 0.001) , D_A: 0.209, G_A: 1.059, cycle_A: 0.128, D_B: 0.174, G_B: 0.954, cycle_B: 0.203, gp: 0.167

[Rank 0] (epoch: 3, iters: 32768, time: 0.001, data: 0.001) , D_A: 0.250, G_A: 1.025, cycle_A: 0.134, D_B: 0.174, G_B: 0.868, cycle_B: 0.191, gp: 0.157

[Rank 0] (epoch: 3, iters: 34368, time: 0.001, data: 0.001) , D_A: 0.225, G_A: 0.990, cycle_A: 0.142, D_B: 0.294, G_B: 0.919, cycle_B: 0.202, gp: 0.287

learning rate 0.0002000 -> 0.0002000
temperature tau = 0.4531
End of epoch 3 / 50 	 Time Taken: 33 sec
[Rank 0] (epoch: 4, iters: 1152, time: 0.001, data: 0.001) , D_A: 0.254, G_A: 0.915, cycle_A: 0.132, D_B: 0.285, G_B: 0.992, cycle_B: 0.191, gp: 0.278

[Rank 0] (epoch: 4, iters: 2752, time: 0.001, data: 0.001) , D_A: 0.342, G_A: 1.205, cycle_A: 0.143, D_B: 0.197, G_B: 1.183, cycle_B: 0.567, gp: 0.178

[Rank 0] (epoch: 4, iters: 4352, time: 0.001, data: 0.001) , D_A: 0.289, G_A: 1.002, cycle_A: 0.670, D_B: 0.348, G_B: 1.273, cycle_B: 1.000, gp: 0.299

[Rank 0] (epoch: 4, iters: 5952, time: 0.001, data: 0.001) , D_A: 0.275, G_A: 1.072, cycle_A: 0.239, D_B: 0.187, G_B: 0.929, cycle_B: 0.220, gp: 0.176

[Rank 0] (epoch: 4, iters: 7552, time: 0.001, data: 0.001) , D_A: 0.212, G_A: 0.969, cycle_A: 0.237, D_B: 0.228, G_B: 0.955, cycle_B: 0.206, gp: 0.219

[Rank 0] (epoch: 4, iters: 9152, time: 0.001, data: 0.001) , D_A: 0.238, G_A: 0.951, cycle_A: 0.228, D_B: 0.220, G_B: 1.013, cycle_B: 0.221, gp: 0.214

[Rank 0] (epoch: 4, iters: 10752, time: 0.001, data: 0.001) , D_A: 0.217, G_A: 0.946, cycle_A: 0.223, D_B: 0.212, G_B: 1.005, cycle_B: 0.218, gp: 0.206

[Rank 0] (epoch: 4, iters: 12352, time: 0.001, data: 0.001) , D_A: 0.319, G_A: 0.887, cycle_A: 0.224, D_B: 0.263, G_B: 0.976, cycle_B: 0.215, gp: 0.257

[Rank 0] (epoch: 4, iters: 13952, time: 0.001, data: 0.001) , D_A: 0.279, G_A: 0.951, cycle_A: 0.218, D_B: 0.242, G_B: 1.005, cycle_B: 0.196, gp: 0.236

--- iter tau=0.4531 ---
  cipher in : ebpbserpibprmekfpsmcp megapckjpebpembspbncpebpepregapspjnmknnpeb
  decrypted : ie eois re saing oar paiss rne ie iaeo edr ie i siss o edandd ie
  real plain:  ill help o rn or fair ci ino a ghos on defends big rcks o he ed
  cipher in : psqplkbpsfgnplnplecpe efcsfncplkhbnmqpsplnpnjpsjbpsfgnplnplecpok
  decrypted :  ol mne ogsd md mir ipigrogdr mnaedal o md de oee ogsd md mir sn
  real plain: es forh he er form and pressre of is ime as no oher comparable c
[Rank 0] (epoch: 4, iters: 15552, time: 0.001, data: 0.001) , D_A: 0.215, G_A: 0.947, cycle_A: 0.229, D_B: 0.289, G_B: 0.998, cycle_B: 0.218, gp: 0.284

saving the latest model (epoch 4, total_iters 120000)
[Rank 0] (epoch: 4, iters: 17152, time: 0.001, data: 0.001) , D_A: 0.261, G_A: 1.097, cycle_A: 0.218, D_B: 0.239, G_B: 0.994, cycle_B: 0.196, gp: 0.233

[Rank 0] (epoch: 4, iters: 18752, time: 0.001, data: 0.002) , D_A: 0.215, G_A: 1.022, cycle_A: 0.242, D_B: 0.227, G_B: 0.997, cycle_B: 0.198, gp: 0.221

[Rank 0] (epoch: 4, iters: 20352, time: 0.001, data: 0.001) , D_A: 0.264, G_A: 0.998, cycle_A: 0.221, D_B: 0.246, G_B: 0.985, cycle_B: 0.188, gp: 0.241

[Rank 0] (epoch: 4, iters: 21952, time: 0.001, data: 0.001) , D_A: 0.189, G_A: 1.018, cycle_A: 0.214, D_B: 0.239, G_B: 1.005, cycle_B: 0.204, gp: 0.236

[Rank 0] (epoch: 4, iters: 23552, time: 0.001, data: 0.001) , D_A: 0.278, G_A: 1.236, cycle_A: 0.199, D_B: 0.168, G_B: 0.919, cycle_B: 0.204, gp: 0.160

[Rank 0] (epoch: 4, iters: 25152, time: 0.001, data: 0.001) , D_A: 0.267, G_A: 0.948, cycle_A: 0.187, D_B: 0.319, G_B: 0.968, cycle_B: 0.195, gp: 0.310

[Rank 0] (epoch: 4, iters: 26752, time: 0.001, data: 0.001) , D_A: 0.242, G_A: 1.111, cycle_A: 0.202, D_B: 0.209, G_B: 1.025, cycle_B: 0.209, gp: 0.203

[Rank 0] (epoch: 4, iters: 28352, time: 0.001, data: 0.001) , D_A: 0.266, G_A: 0.974, cycle_A: 0.204, D_B: 0.276, G_B: 0.976, cycle_B: 0.199, gp: 0.269

[Rank 0] (epoch: 4, iters: 29952, time: 0.001, data: 0.001) , D_A: 0.138, G_A: 0.979, cycle_A: 0.198, D_B: 0.245, G_B: 0.908, cycle_B: 0.181, gp: 0.237

[Rank 0] (epoch: 4, iters: 31552, time: 0.001, data: 0.001) , D_A: 0.260, G_A: 0.970, cycle_A: 0.220, D_B: 0.145, G_B: 1.006, cycle_B: 0.188, gp: 0.140

[Rank 0] (epoch: 4, iters: 33152, time: 0.001, data: 0.001) , D_A: 0.220, G_A: 0.907, cycle_A: 0.201, D_B: 0.278, G_B: 1.001, cycle_B: 0.208, gp: 0.273

[Rank 0] (epoch: 4, iters: 34752, time: 0.001, data: 0.001) , D_A: 0.274, G_A: 0.984, cycle_A: 0.199, D_B: 0.210, G_B: 0.980, cycle_B: 0.227, gp: 0.205

learning rate 0.0002000 -> 0.0002000
temperature tau = 0.4384
End of epoch 4 / 50 	 Time Taken: 31 sec
[Rank 0] (epoch: 5, iters: 1536, time: 0.001, data: 0.001) , D_A: 0.207, G_A: 0.965, cycle_A: 0.211, D_B: 0.208, G_B: 1.042, cycle_B: 0.206, gp: 0.203

[Rank 0] (epoch: 5, iters: 3136, time: 0.001, data: 0.001) , D_A: 0.254, G_A: 0.924, cycle_A: 0.200, D_B: 0.183, G_B: 1.009, cycle_B: 0.211, gp: 0.179

[Rank 0] (epoch: 5, iters: 4736, time: 0.001, data: 0.001) , D_A: 0.175, G_A: 0.953, cycle_A: 0.202, D_B: 0.228, G_B: 0.981, cycle_B: 0.195, gp: 0.224

[Rank 0] (epoch: 5, iters: 6336, time: 0.001, data: 0.002) , D_A: 0.284, G_A: 0.947, cycle_A: 0.211, D_B: 0.270, G_B: 0.985, cycle_B: 0.209, gp: 0.264

[Rank 0] (epoch: 5, iters: 7936, time: 0.001, data: 0.001) , D_A: 0.299, G_A: 0.984, cycle_A: 0.193, D_B: 0.261, G_B: 1.004, cycle_B: 0.211, gp: 0.257

[Rank 0] (epoch: 5, iters: 9536, time: 0.001, data: 0.002) , D_A: 0.190, G_A: 1.004, cycle_A: 0.204, D_B: 0.201, G_B: 1.010, cycle_B: 0.206, gp: 0.197

[Rank 0] (epoch: 5, iters: 11136, time: 0.001, data: 0.001) , D_A: 0.317, G_A: 1.179, cycle_A: 0.204, D_B: 0.239, G_B: 0.958, cycle_B: 0.183, gp: 0.235

[Rank 0] (epoch: 5, iters: 12736, time: 0.001, data: 0.001) , D_A: 0.265, G_A: 0.947, cycle_A: 0.206, D_B: 0.242, G_B: 0.994, cycle_B: 0.213, gp: 0.237

[Rank 0] (epoch: 5, iters: 14336, time: 0.001, data: 0.001) , D_A: 0.292, G_A: 0.934, cycle_A: 0.208, D_B: 0.157, G_B: 0.972, cycle_B: 0.206, gp: 0.153

[Rank 0] (epoch: 5, iters: 15936, time: 0.001, data: 0.001) , D_A: 0.150, G_A: 0.992, cycle_A: 0.204, D_B: 0.210, G_B: 1.002, cycle_B: 0.205, gp: 0.205

[Rank 0] (epoch: 5, iters: 17536, time: 0.001, data: 0.001) , D_A: 0.281, G_A: 0.965, cycle_A: 0.198, D_B: 0.150, G_B: 0.975, cycle_B: 0.201, gp: 0.145

[Rank 0] (epoch: 5, iters: 19136, time: 0.001, data: 0.002) , D_A: 0.309, G_A: 0.975, cycle_A: 0.199, D_B: 0.200, G_B: 0.981, cycle_B: 0.181, gp: 0.195

--- iter tau=0.4384 ---
  cipher in : sqplkglpebpbbrnfcncpklplnpfsnh njcngnh njpkbbnpepbngksfpgemmncpn
  decrypted : ol mnsm ie eesdgrdr nm md godapderdsdapde need i edsnog siaadr d
  real plain:  an area ma hae been pariall logged and reqires remoal of smps o
  cipher in : fnjbpkfonbpcnmrlkfnpsmcpepqsjljkdlpbsjpkpbeplnp spcefcpeplnpgsfd
  decrypted : gdee ngsde rdasmngd oar i loemenpm eoe n ei md po rigr i md sogp
  real plain:  in from georgi arobin he made a deermined effor o change his id
[Rank 0] (epoch: 5, iters: 20736, time: 0.001, data: 0.001) , D_A: 0.228, G_A: 0.996, cycle_A: 0.207, D_B: 0.216, G_B: 0.969, cycle_B: 0.200, gp: 0.209

saving the latest model (epoch 5, total_iters 160000)
[Rank 0] (epoch: 5, iters: 22336, time: 0.001, data: 0.002) , D_A: 0.225, G_A: 0.981, cycle_A: 0.199, D_B: 0.215, G_B: 0.997, cycle_B: 0.204, gp: 0.210

[Rank 0] (epoch: 5, iters: 23936, time: 0.001, data: 0.001) , D_A: 0.260, G_A: 0.980, cycle_A: 0.199, D_B: 0.230, G_B: 1.000, cycle_B: 0.194, gp: 0.226

[Rank 0] (epoch: 5, iters: 25536, time: 0.001, data: 0.001) , D_A: 0.195, G_A: 0.930, cycle_A: 0.211, D_B: 0.223, G_B: 1.012, cycle_B: 0.184, gp: 0.217

[Rank 0] (epoch: 5, iters: 27136, time: 0.001, data: 0.001) , D_A: 0.224, G_A: 0.982, cycle_A: 0.202, D_B: 0.310, G_B: 0.891, cycle_B: 0.201, gp: 0.302

[Rank 0] (epoch: 5, iters: 28736, time: 0.001, data: 0.001) , D_A: 0.257, G_A: 0.905, cycle_A: 0.194, D_B: 0.201, G_B: 0.928, cycle_B: 0.212, gp: 0.194

[Rank 0] (epoch: 5, iters: 30336, time: 0.001, data: 0.001) , D_A: 0.226, G_A: 0.971, cycle_A: 0.200, D_B: 0.246, G_B: 1.002, cycle_B: 0.221, gp: 0.241

[Rank 0] (epoch: 5, iters: 31936, time: 0.001, data: 0.001) , D_A: 0.250, G_A: 0.997, cycle_A: 0.209, D_B: 0.180, G_B: 1.004, cycle_B: 0.206, gp: 0.176

[Rank 0] (epoch: 5, iters: 33536, time: 0.001, data: 0.001) , D_A: 0.223, G_A: 0.984, cycle_A: 0.207, D_B: 0.186, G_B: 0.966, cycle_B: 0.210, gp: 0.182

learning rate 0.0002000 -> 0.0002000
temperature tau = 0.4243
End of epoch 5 / 50 	 Time Taken: 32 sec
[Rank 0] (epoch: 6, iters: 320, time: 0.001, data: 0.002) , D_A: 0.285, G_A: 0.993, cycle_A: 0.202, D_B: 0.217, G_B: 0.975, cycle_B: 0.211, gp: 0.214

[Rank 0] (epoch: 6, iters: 1920, time: 0.001, data: 0.000) , D_A: 0.268, G_A: 0.990, cycle_A: 0.207, D_B: 0.240, G_B: 0.920, cycle_B: 0.213, gp: 0.233

[Rank 0] (epoch: 6, iters: 3520, time: 0.001, data: 0.001) , D_A: 0.274, G_A: 0.951, cycle_A: 0.193, D_B: 0.134, G_B: 0.985, cycle_B: 0.205, gp: 0.131

[Rank 0] (epoch: 6, iters: 5120, time: 0.001, data: 0.001) , D_A: 0.269, G_A: 1.018, cycle_A: 0.202, D_B: 0.224, G_B: 1.023, cycle_B: 0.204, gp: 0.220

[Rank 0] (epoch: 6, iters: 6720, time: 0.001, data: 0.001) , D_A: 0.254, G_A: 0.993, cycle_A: 0.196, D_B: 0.179, G_B: 1.072, cycle_B: 0.211, gp: 0.172

[Rank 0] (epoch: 6, iters: 8320, time: 0.001, data: 0.001) , D_A: 0.164, G_A: 1.021, cycle_A: 0.199, D_B: 0.155, G_B: 0.943, cycle_B: 0.206, gp: 0.151

[Rank 0] (epoch: 6, iters: 9920, time: 0.001, data: 0.001) , D_A: 0.205, G_A: 0.877, cycle_A: 0.197, D_B: 0.162, G_B: 0.932, cycle_B: 0.202, gp: 0.157

[Rank 0] (epoch: 6, iters: 11520, time: 0.001, data: 0.001) , D_A: 0.277, G_A: 0.982, cycle_A: 0.206, D_B: 0.254, G_B: 1.028, cycle_B: 0.186, gp: 0.248

[Rank 0] (epoch: 6, iters: 13120, time: 0.001, data: 0.001) , D_A: 0.194, G_A: 0.851, cycle_A: 0.202, D_B: 0.304, G_B: 0.950, cycle_B: 0.193, gp: 0.297

[Rank 0] (epoch: 6, iters: 14720, time: 0.001, data: 0.001) , D_A: 0.194, G_A: 0.971, cycle_A: 0.198, D_B: 0.267, G_B: 0.977, cycle_B: 0.208, gp: 0.263

[Rank 0] (epoch: 6, iters: 16320, time: 0.001, data: 0.001) , D_A: 0.216, G_A: 1.012, cycle_A: 0.203, D_B: 0.214, G_B: 0.995, cycle_B: 0.193, gp: 0.212

[Rank 0] (epoch: 6, iters: 17920, time: 0.001, data: 0.001) , D_A: 0.178, G_A: 1.010, cycle_A: 0.210, D_B: 0.250, G_B: 1.015, cycle_B: 0.200, gp: 0.247

[Rank 0] (epoch: 6, iters: 19520, time: 0.001, data: 0.001) , D_A: 0.189, G_A: 1.013, cycle_A: 0.198, D_B: 0.105, G_B: 1.006, cycle_B: 0.197, gp: 0.100

[Rank 0] (epoch: 6, iters: 21120, time: 0.001, data: 0.001) , D_A: 0.231, G_A: 0.972, cycle_A: 0.195, D_B: 0.127, G_B: 1.045, cycle_B: 0.192, gp: 0.122

[Rank 0] (epoch: 6, iters: 22720, time: 0.001, data: 0.001) , D_A: 0.274, G_A: 1.009, cycle_A: 0.199, D_B: 0.339, G_B: 0.961, cycle_B: 0.203, gp: 0.335

[Rank 0] (epoch: 6, iters: 24320, time: 0.001, data: 0.001) , D_A: 0.229, G_A: 0.996, cycle_A: 0.202, D_B: 0.200, G_B: 0.947, cycle_B: 0.198, gp: 0.197

--- iter tau=0.4243 ---
  cipher in : khpkfspsfplnfplnpjnemkncplnpnjpqkmkpsqplnpkcneplnpnjnpbejkfdpepl
  decrypted : na nfo of cdf cd ediandr cd de lnan ol cd nrdi cd ded eienfp i c
  real plain:  sd does no proide for he sd of roles of arios pes ihin he large
  cipher in : lkbpnfknbpsplnpjeckksfemkbbpkpebpep jkmmkefpbekjnpsfphscnjfkbhps
  decrypted : cne dfnde o cd eirnnofianee n ie i penaanif eined of aordefnea o
  real plain: mped in i mabe i sa him on a barge ih a gang of ehiopians poling
[Rank 0] (epoch: 6, iters: 25920, time: 0.001, data: 0.001) , D_A: 0.211, G_A: 1.016, cycle_A: 0.197, D_B: 0.169, G_B: 0.964, cycle_B: 0.194, gp: 0.164

saving the latest model (epoch 6, total_iters 200000)
[Rank 0] (epoch: 6, iters: 27520, time: 0.001, data: 0.001) , D_A: 0.214, G_A: 0.973, cycle_A: 0.203, D_B: 0.198, G_B: 1.051, cycle_B: 0.200, gp: 0.195

[Rank 0] (epoch: 6, iters: 29120, time: 0.001, data: 0.001) , D_A: 0.225, G_A: 0.950, cycle_A: 0.198, D_B: 0.256, G_B: 1.020, cycle_B: 0.189, gp: 0.250

[Rank 0] (epoch: 6, iters: 30720, time: 0.001, data: 0.001) , D_A: 0.516, G_A: 0.019, cycle_A: 0.211, D_B: 0.175, G_B: 0.979, cycle_B: 0.235, gp: 0.172

[Rank 0] (epoch: 6, iters: 32320, time: 0.001, data: 0.001) , D_A: 0.164, G_A: 0.990, cycle_A: 0.193, D_B: 0.138, G_B: 1.024, cycle_B: 0.203, gp: 0.135

[Rank 0] (epoch: 6, iters: 33920, time: 0.001, data: 0.001) , D_A: 0.257, G_A: 1.002, cycle_A: 0.206, D_B: 0.214, G_B: 1.069, cycle_B: 0.219, gp: 0.208

learning rate 0.0002000 -> 0.0002000
temperature tau = 0.4106
End of epoch 6 / 50 	 Time Taken: 32 sec
[Rank 0] (epoch: 7, iters: 704, time: 0.001, data: 0.001) , D_A: 0.133, G_A: 0.988, cycle_A: 0.201, D_B: 0.232, G_B: 0.970, cycle_B: 0.198, gp: 0.228

[Rank 0] (epoch: 7, iters: 2304, time: 0.001, data: 0.000) , D_A: 0.231, G_A: 0.997, cycle_A: 0.204, D_B: 0.235, G_B: 1.014, cycle_B: 0.199, gp: 0.230

[Rank 0] (epoch: 7, iters: 3904, time: 0.001, data: 0.001) , D_A: 0.307, G_A: 0.971, cycle_A: 0.195, D_B: 0.172, G_B: 1.012, cycle_B: 0.197, gp: 0.169

[Rank 0] (epoch: 7, iters: 5504, time: 0.001, data: 0.001) , D_A: 0.310, G_A: 0.972, cycle_A: 0.197, D_B: 0.189, G_B: 1.041, cycle_B: 0.193, gp: 0.184

[Rank 0] (epoch: 7, iters: 7104, time: 0.001, data: 0.001) , D_A: 0.238, G_A: 0.975, cycle_A: 0.226, D_B: 0.242, G_B: 0.681, cycle_B: 0.211, gp: 0.209

[Rank 0] (epoch: 7, iters: 8704, time: 0.001, data: 0.001) , D_A: 0.253, G_A: 0.978, cycle_A: 0.208, D_B: 0.362, G_B: 0.929, cycle_B: 0.196, gp: 0.357

[Rank 0] (epoch: 7, iters: 10304, time: 0.001, data: 0.001) , D_A: 0.296, G_A: 0.999, cycle_A: 0.196, D_B: 0.191, G_B: 0.872, cycle_B: 0.215, gp: 0.182

[Rank 0] (epoch: 7, iters: 11904, time: 0.001, data: 0.001) , D_A: 0.164, G_A: 0.956, cycle_A: 0.205, D_B: 0.288, G_B: 1.044, cycle_B: 0.192, gp: 0.284

[Rank 0] (epoch: 7, iters: 13504, time: 0.001, data: 0.001) , D_A: 0.225, G_A: 0.931, cycle_A: 0.197, D_B: 0.083, G_B: 0.976, cycle_B: 0.200, gp: 0.080

[Rank 0] (epoch: 7, iters: 15104, time: 0.001, data: 0.001) , D_A: 0.274, G_A: 0.960, cycle_A: 0.216, D_B: 0.184, G_B: 1.093, cycle_B: 0.194, gp: 0.181

[Rank 0] (epoch: 7, iters: 16704, time: 0.001, data: 0.001) , D_A: 0.253, G_A: 0.991, cycle_A: 0.196, D_B: 0.233, G_B: 0.958, cycle_B: 0.187, gp: 0.230

[Rank 0] (epoch: 7, iters: 18304, time: 0.001, data: 0.001) , D_A: 0.169, G_A: 0.993, cycle_A: 0.215, D_B: 0.145, G_B: 1.038, cycle_B: 0.177, gp: 0.143

[Rank 0] (epoch: 7, iters: 19904, time: 0.001, data: 0.001) , D_A: 0.276, G_A: 0.966, cycle_A: 0.210, D_B: 0.261, G_B: 1.035, cycle_B: 0.191, gp: 0.259

[Rank 0] (epoch: 7, iters: 21504, time: 0.001, data: 0.001) , D_A: 0.311, G_A: 0.945, cycle_A: 0.194, D_B: 0.175, G_B: 1.040, cycle_B: 0.194, gp: 0.171

[Rank 0] (epoch: 7, iters: 23104, time: 0.001, data: 0.001) , D_A: 0.160, G_A: 0.943, cycle_A: 0.191, D_B: 0.198, G_B: 0.963, cycle_B: 0.209, gp: 0.193

[Rank 0] (epoch: 7, iters: 24704, time: 0.001, data: 0.001) , D_A: 0.252, G_A: 0.973, cycle_A: 0.206, D_B: 0.160, G_B: 0.994, cycle_B: 0.182, gp: 0.153

[Rank 0] (epoch: 7, iters: 26304, time: 0.001, data: 0.001) , D_A: 0.184, G_A: 0.865, cycle_A: 0.207, D_B: 0.371, G_B: 0.747, cycle_B: 0.222, gp: 0.358

[Rank 0] (epoch: 7, iters: 27904, time: 0.001, data: 0.001) , D_A: 0.248, G_A: 1.040, cycle_A: 0.192, D_B: 0.159, G_B: 0.984, cycle_B: 0.180, gp: 0.155

[Rank 0] (epoch: 7, iters: 29504, time: 0.001, data: 0.001) , D_A: 0.242, G_A: 0.980, cycle_A: 0.200, D_B: 0.244, G_B: 1.008, cycle_B: 0.191, gp: 0.240

--- iter tau=0.4106 ---
  cipher in : fnpefcpbkbplnhpcsfp nqsjnpepdsscpckffnjpkhhnckenmpeqnjpckffnjpls
  decrypted : fd ifr ene cda rof pdloed i poor rnffde naadrnida ilde rnffde co
  real plain: ening man miles aa from s b reall he are righ ne door e are all 
  cipher in : sfpngsfshplepkbprjnckgncpqsjpefcplnpkfgjnebnpsqpe spkfpgsfbhnjpn
  decrypted : of dsofoa ci ne sedrnsdr loe ifr cd nfsedied ol ipo nf sofeade d
  real plain: horical resorces of english ih a hick shoer of sophisicaed clral
[Rank 0] (epoch: 7, iters: 31104, time: 0.001, data: 0.001) , D_A: 0.202, G_A: 1.001, cycle_A: 0.189, D_B: 0.287, G_B: 0.981, cycle_B: 0.188, gp: 0.284

saving the latest model (epoch 7, total_iters 240000)
[Rank 0] (epoch: 7, iters: 32704, time: 0.001, data: 0.001) , D_A: 0.163, G_A: 0.978, cycle_A: 0.191, D_B: 0.271, G_B: 1.151, cycle_B: 0.205, gp: 0.250

[Rank 0] (epoch: 7, iters: 34304, time: 0.001, data: 0.001) , D_A: 0.174, G_A: 0.978, cycle_A: 0.194, D_B: 0.139, G_B: 0.959, cycle_B: 0.202, gp: 0.136

learning rate 0.0002000 -> 0.0002000
temperature tau = 0.3973
End of epoch 7 / 50 	 Time Taken: 32 sec
[Rank 0] (epoch: 8, iters: 1088, time: 0.001, data: 0.001) , D_A: 0.236, G_A: 0.969, cycle_A: 0.214, D_B: 0.238, G_B: 1.037, cycle_B: 0.192, gp: 0.235

[Rank 0] (epoch: 8, iters: 2688, time: 0.001, data: 0.001) , D_A: 0.281, G_A: 1.030, cycle_A: 0.202, D_B: 0.210, G_B: 1.063, cycle_B: 0.184, gp: 0.204

[Rank 0] (epoch: 8, iters: 4288, time: 0.001, data: 0.001) , D_A: 0.286, G_A: 0.982, cycle_A: 0.193, D_B: 0.243, G_B: 0.744, cycle_B: 0.179, gp: 0.231

[Rank 0] (epoch: 8, iters: 5888, time: 0.001, data: 0.001) , D_A: 0.233, G_A: 0.990, cycle_A: 0.206, D_B: 0.154, G_B: 1.009, cycle_B: 0.221, gp: 0.151

[Rank 0] (epoch: 8, iters: 7488, time: 0.001, data: 0.001) , D_A: 0.215, G_A: 0.981, cycle_A: 0.196, D_B: 0.237, G_B: 1.130, cycle_B: 0.202, gp: 0.222

[Rank 0] (epoch: 8, iters: 9088, time: 0.001, data: 0.001) , D_A: 0.202, G_A: 0.981, cycle_A: 0.195, D_B: 0.165, G_B: 1.009, cycle_B: 0.196, gp: 0.163

[Rank 0] (epoch: 8, iters: 10688, time: 0.001, data: 0.001) , D_A: 0.279, G_A: 0.970, cycle_A: 0.204, D_B: 0.215, G_B: 1.028, cycle_B: 0.204, gp: 0.211

[Rank 0] (epoch: 8, iters: 12288, time: 0.001, data: 0.001) , D_A: 0.258, G_A: 1.011, cycle_A: 0.199, D_B: 0.236, G_B: 0.986, cycle_B: 0.188, gp: 0.233

[Rank 0] (epoch: 8, iters: 13888, time: 0.001, data: 0.001) , D_A: 0.236, G_A: 0.970, cycle_A: 0.197, D_B: 0.231, G_B: 0.971, cycle_B: 0.194, gp: 0.229

[Rank 0] (epoch: 8, iters: 15488, time: 0.001, data: 0.001) , D_A: 0.256, G_A: 0.887, cycle_A: 0.222, D_B: 0.221, G_B: 0.994, cycle_B: 0.226, gp: 0.218

[Rank 0] (epoch: 8, iters: 17088, time: 0.001, data: 0.001) , D_A: 0.196, G_A: 0.972, cycle_A: 0.196, D_B: 0.212, G_B: 0.994, cycle_B: 0.184, gp: 0.208

[Rank 0] (epoch: 8, iters: 18688, time: 0.001, data: 0.001) , D_A: 0.323, G_A: 0.985, cycle_A: 0.190, D_B: 0.205, G_B: 0.974, cycle_B: 0.184, gp: 0.201

[Rank 0] (epoch: 8, iters: 20288, time: 0.001, data: 0.001) , D_A: 0.231, G_A: 1.016, cycle_A: 0.178, D_B: 0.173, G_B: 0.974, cycle_B: 0.178, gp: 0.170

[Rank 0] (epoch: 8, iters: 21888, time: 0.001, data: 0.001) , D_A: 0.222, G_A: 0.994, cycle_A: 0.195, D_B: 0.112, G_B: 0.979, cycle_B: 0.198, gp: 0.109

[Rank 0] (epoch: 8, iters: 23488, time: 0.001, data: 0.001) , D_A: 0.138, G_A: 0.990, cycle_A: 0.197, D_B: 0.190, G_B: 0.967, cycle_B: 0.194, gp: 0.186

[Rank 0] (epoch: 8, iters: 25088, time: 0.001, data: 0.001) , D_A: 0.194, G_A: 0.921, cycle_A: 0.193, D_B: 0.158, G_B: 0.997, cycle_B: 0.198, gp: 0.156

[Rank 0] (epoch: 8, iters: 26688, time: 0.001, data: 0.001) , D_A: 0.202, G_A: 1.040, cycle_A: 0.227, D_B: 0.240, G_B: 0.985, cycle_B: 0.195, gp: 0.236

[Rank 0] (epoch: 8, iters: 28288, time: 0.001, data: 0.001) , D_A: 0.271, G_A: 0.949, cycle_A: 0.191, D_B: 0.188, G_B: 0.990, cycle_B: 0.191, gp: 0.183

[Rank 0] (epoch: 8, iters: 29888, time: 0.001, data: 0.001) , D_A: 0.237, G_A: 1.017, cycle_A: 0.189, D_B: 0.200, G_B: 0.989, cycle_B: 0.174, gp: 0.196

[Rank 0] (epoch: 8, iters: 31488, time: 0.001, data: 0.001) , D_A: 0.283, G_A: 0.983, cycle_A: 0.210, D_B: 0.165, G_B: 1.095, cycle_B: 0.183, gp: 0.157

[Rank 0] (epoch: 8, iters: 33088, time: 0.001, data: 0.001) , D_A: 0.242, G_A: 0.952, cycle_A: 0.188, D_B: 0.130, G_B: 1.002, cycle_B: 0.181, gp: 0.127

[Rank 0] (epoch: 8, iters: 34688, time: 0.001, data: 0.001) , D_A: 0.163, G_A: 0.980, cycle_A: 0.202, D_B: 0.166, G_B: 1.031, cycle_B: 0.183, gp: 0.163

learning rate 0.0002000 -> 0.0002000
temperature tau = 0.3845
End of epoch 8 / 50 	 Time Taken: 32 sec
--- iter tau=0.3845 ---
  cipher in : sjnprsrmejpqnejnbpsqplnpaljblglnpnmqejnpbenplnpjs mnpklpemmplnbn
  decrypted : oed sosaie ldiede ol md kmeemsmd dalied eid md eopad nm iaa mded
  real plain:  her face moreoer becase of he pariclar blo on or famil esccheon
  cipher in : fkpefcp nepefcplnpgejjkncplkbplnecpepmkmnpe snplnpjsmmncpgmscbpl
  decrypted : fn ifr pdi ifr md sieendr mne mdir i anad ipod md eoaadr saore m
  real plain: g he spirial sccession reaching back o chris or lord and forard 
[Rank 0] (epoch: 9, iters: 1472, time: 0.001, data: 0.001) , D_A: 0.258, G_A: 0.979, cycle_A: 0.212, D_B: 0.206, G_B: 0.956, cycle_B: 0.193, gp: 0.204

saving the latest model (epoch 9, total_iters 280000)
[Rank 0] (epoch: 9, iters: 3072, time: 0.001, data: 0.001) , D_A: 0.190, G_A: 0.985, cycle_A: 0.190, D_B: 0.210, G_B: 0.969, cycle_B: 0.188, gp: 0.207

[Rank 0] (epoch: 9, iters: 4672, time: 0.001, data: 0.001) , D_A: 0.187, G_A: 1.064, cycle_A: 0.205, D_B: 0.201, G_B: 1.061, cycle_B: 0.183, gp: 0.198

[Rank 0] (epoch: 9, iters: 6272, time: 0.001, data: 0.001) , D_A: 0.284, G_A: 0.941, cycle_A: 0.195, D_B: 0.154, G_B: 0.964, cycle_B: 0.200, gp: 0.151

[Rank 0] (epoch: 9, iters: 7872, time: 0.001, data: 0.001) , D_A: 0.206, G_A: 1.026, cycle_A: 0.201, D_B: 0.218, G_B: 1.004, cycle_B: 0.196, gp: 0.215

[Rank 0] (epoch: 9, iters: 9472, time: 0.001, data: 0.001) , D_A: 0.168, G_A: 0.990, cycle_A: 0.218, D_B: 0.138, G_B: 1.008, cycle_B: 0.202, gp: 0.134

[Rank 0] (epoch: 9, iters: 11072, time: 0.001, data: 0.001) , D_A: 0.213, G_A: 0.995, cycle_A: 0.204, D_B: 0.167, G_B: 0.881, cycle_B: 0.191, gp: 0.160

[Rank 0] (epoch: 9, iters: 12672, time: 0.001, data: 0.001) , D_A: 0.146, G_A: 0.985, cycle_A: 0.204, D_B: 0.164, G_B: 0.895, cycle_B: 0.200, gp: 0.160

[Rank 0] (epoch: 9, iters: 14272, time: 0.001, data: 0.001) , D_A: 0.185, G_A: 0.325, cycle_A: 0.198, D_B: 0.258, G_B: 1.037, cycle_B: 0.190, gp: 0.255

[Rank 0] (epoch: 9, iters: 15872, time: 0.001, data: 0.001) , D_A: 0.195, G_A: 0.959, cycle_A: 0.214, D_B: 0.261, G_B: 0.919, cycle_B: 0.202, gp: 0.257

[Rank 0] (epoch: 9, iters: 17472, time: 0.001, data: 0.001) , D_A: 0.157, G_A: 0.987, cycle_A: 0.198, D_B: 0.455, G_B: 1.689, cycle_B: 0.207, gp: 0.265

[Rank 0] (epoch: 9, iters: 19072, time: 0.001, data: 0.001) , D_A: 0.227, G_A: 0.939, cycle_A: 0.203, D_B: 0.172, G_B: 0.993, cycle_B: 0.182, gp: 0.166

[Rank 0] (epoch: 9, iters: 20672, time: 0.001, data: 0.001) , D_A: 0.213, G_A: 0.923, cycle_A: 0.191, D_B: 0.162, G_B: 1.008, cycle_B: 0.184, gp: 0.159

[Rank 0] (epoch: 9, iters: 22272, time: 0.001, data: 0.001) , D_A: 0.296, G_A: 0.964, cycle_A: 0.196, D_B: 0.200, G_B: 0.994, cycle_B: 0.184, gp: 0.197

[Rank 0] (epoch: 9, iters: 23872, time: 0.001, data: 0.001) , D_A: 0.152, G_A: 0.933, cycle_A: 0.201, D_B: 0.241, G_B: 1.003, cycle_B: 0.186, gp: 0.238

[Rank 0] (epoch: 9, iters: 25472, time: 0.001, data: 0.001) , D_A: 0.218, G_A: 0.993, cycle_A: 0.207, D_B: 0.231, G_B: 0.993, cycle_B: 0.178, gp: 0.228

[Rank 0] (epoch: 9, iters: 27072, time: 0.001, data: 0.001) , D_A: 0.193, G_A: 0.944, cycle_A: 0.197, D_B: 0.237, G_B: 0.961, cycle_B: 0.191, gp: 0.233

[Rank 0] (epoch: 9, iters: 28672, time: 0.001, data: 0.001) , D_A: 0.200, G_A: 0.957, cycle_A: 0.211, D_B: 0.199, G_B: 0.961, cycle_B: 0.186, gp: 0.196

[Rank 0] (epoch: 9, iters: 30272, time: 0.001, data: 0.001) , D_A: 0.232, G_A: 1.001, cycle_A: 0.201, D_B: 0.184, G_B: 0.977, cycle_B: 0.204, gp: 0.179

[Rank 0] (epoch: 9, iters: 31872, time: 0.001, data: 0.001) , D_A: 0.235, G_A: 0.963, cycle_A: 0.199, D_B: 0.232, G_B: 1.003, cycle_B: 0.182, gp: 0.230

[Rank 0] (epoch: 9, iters: 33472, time: 0.001, data: 0.001) , D_A: 0.262, G_A: 0.996, cycle_A: 0.189, D_B: 0.174, G_B: 0.989, cycle_B: 0.190, gp: 0.171

learning rate 0.0002000 -> 0.0002000
temperature tau = 0.3720
End of epoch 9 / 50 	 Time Taken: 29 sec
[Rank 0] (epoch: 10, iters: 256, time: 0.001, data: 0.001) , D_A: 0.227, G_A: 0.979, cycle_A: 0.207, D_B: 0.137, G_B: 0.944, cycle_B: 0.181, gp: 0.133

[Rank 0] (epoch: 10, iters: 1856, time: 0.001, data: 0.000) , D_A: 0.320, G_A: 1.016, cycle_A: 0.204, D_B: 0.171, G_B: 1.000, cycle_B: 0.189, gp: 0.168

[Rank 0] (epoch: 10, iters: 3456, time: 0.001, data: 0.001) , D_A: 0.201, G_A: 0.961, cycle_A: 0.196, D_B: 0.171, G_B: 0.983, cycle_B: 0.186, gp: 0.168

[Rank 0] (epoch: 10, iters: 5056, time: 0.001, data: 0.001) , D_A: 0.275, G_A: 0.969, cycle_A: 0.207, D_B: 0.246, G_B: 0.994, cycle_B: 0.188, gp: 0.243

--- iter tau=0.3720 ---
  cipher in : plnpeokpkfifpgsfjpsjpdenpnhplnpfehnpsqphnkgefp gabakfbpfnejplnpb
  decrypted :  cd isn ngrg soge oe pid da cd giad ol adnsig pskeknge gdie cd e
  real plain: emen or las da o s a leas as eqall impressie and er moing een ho
  cipher in : sbp nmknqbpefcpemnbplnpgsmmndnpbcnfbpbnnhpspqeklqmmpjnqmngplnpbj
  decrypted : oe pdandle igr iade cd soaadpd erdge edda o linclaa edlads cd ee
  real plain: hickness a sraigh line shold resl passing hrogh he origin and ha
[Rank 0] (epoch: 10, iters: 6656, time: 0.001, data: 0.001) , D_A: 0.171, G_A: 1.007, cycle_A: 0.194, D_B: 0.262, G_B: 1.065, cycle_B: 0.195, gp: 0.253

saving the latest model (epoch 10, total_iters 320000)
[Rank 0] (epoch: 10, iters: 8256, time: 0.001, data: 0.001) , D_A: 0.211, G_A: 0.996, cycle_A: 0.216, D_B: 0.227, G_B: 0.996, cycle_B: 0.195, gp: 0.225

[Rank 0] (epoch: 10, iters: 9856, time: 0.001, data: 0.001) , D_A: 0.187, G_A: 1.002, cycle_A: 0.217, D_B: 0.239, G_B: 0.962, cycle_B: 0.201, gp: 0.237

[Rank 0] (epoch: 10, iters: 11456, time: 0.001, data: 0.001) , D_A: 0.251, G_A: 0.947, cycle_A: 0.192, D_B: 0.291, G_B: 0.989, cycle_B: 0.188, gp: 0.289

[Rank 0] (epoch: 10, iters: 13056, time: 0.001, data: 0.001) , D_A: 0.339, G_A: 1.007, cycle_A: 0.200, D_B: 0.136, G_B: 0.998, cycle_B: 0.183, gp: 0.133

[Rank 0] (epoch: 10, iters: 14656, time: 0.001, data: 0.001) , D_A: 0.206, G_A: 1.002, cycle_A: 0.198, D_B: 0.200, G_B: 1.005, cycle_B: 0.197, gp: 0.197

[Rank 0] (epoch: 10, iters: 16256, time: 0.001, data: 0.001) , D_A: 0.203, G_A: 1.026, cycle_A: 0.198, D_B: 0.153, G_B: 0.967, cycle_B: 0.195, gp: 0.150

[Rank 0] (epoch: 10, iters: 17856, time: 0.001, data: 0.001) , D_A: 0.194, G_A: 1.014, cycle_A: 0.205, D_B: 0.199, G_B: 1.019, cycle_B: 0.191, gp: 0.196

[Rank 0] (epoch: 10, iters: 19456, time: 0.001, data: 0.001) , D_A: 0.190, G_A: 0.954, cycle_A: 0.208, D_B: 0.220, G_B: 1.002, cycle_B: 0.176, gp: 0.218

[Rank 0] (epoch: 10, iters: 21056, time: 0.001, data: 0.001) , D_A: 0.240, G_A: 0.976, cycle_A: 0.222, D_B: 0.164, G_B: 1.040, cycle_B: 0.187, gp: 0.161

[Rank 0] (epoch: 10, iters: 22656, time: 0.001, data: 0.001) , D_A: 0.193, G_A: 0.993, cycle_A: 0.196, D_B: 0.178, G_B: 0.951, cycle_B: 0.184, gp: 0.176

[Rank 0] (epoch: 10, iters: 24256, time: 0.001, data: 0.001) , D_A: 0.154, G_A: 0.978, cycle_A: 0.195, D_B: 0.191, G_B: 0.964, cycle_B: 0.179, gp: 0.188

[Rank 0] (epoch: 10, iters: 25856, time: 0.001, data: 0.001) , D_A: 0.166, G_A: 1.072, cycle_A: 0.204, D_B: 0.210, G_B: 1.034, cycle_B: 0.198, gp: 0.206

[Rank 0] (epoch: 10, iters: 27456, time: 0.001, data: 0.001) , D_A: 0.283, G_A: 1.002, cycle_A: 0.196, D_B: 0.154, G_B: 1.014, cycle_B: 0.195, gp: 0.150

[Rank 0] (epoch: 10, iters: 29056, time: 0.001, data: 0.001) , D_A: 0.197, G_A: 1.100, cycle_A: 0.195, D_B: 0.183, G_B: 1.001, cycle_B: 0.182, gp: 0.180

[Rank 0] (epoch: 10, iters: 30656, time: 0.001, data: 0.001) , D_A: 0.184, G_A: 0.972, cycle_A: 0.196, D_B: 0.218, G_B: 0.971, cycle_B: 0.199, gp: 0.216

[Rank 0] (epoch: 10, iters: 32256, time: 0.001, data: 0.001) , D_A: 0.293, G_A: 0.987, cycle_A: 0.200, D_B: 0.255, G_B: 1.021, cycle_B: 0.194, gp: 0.252

[Rank 0] (epoch: 10, iters: 33856, time: 0.001, data: 0.001) , D_A: 0.245, G_A: 0.949, cycle_A: 0.199, D_B: 0.251, G_B: 0.994, cycle_B: 0.198, gp: 0.248

learning rate 0.0002000 -> 0.0002000
temperature tau = 0.3600
End of epoch 10 / 50 	 Time Taken: 28 sec
[Rank 0] (epoch: 11, iters: 640, time: 0.001, data: 0.001) , D_A: 0.206, G_A: 1.000, cycle_A: 0.201, D_B: 0.238, G_B: 0.998, cycle_B: 0.200, gp: 0.237

[Rank 0] (epoch: 11, iters: 2240, time: 0.001, data: 0.000) , D_A: 0.169, G_A: 0.973, cycle_A: 0.192, D_B: 0.222, G_B: 0.903, cycle_B: 0.196, gp: 0.217

[Rank 0] (epoch: 11, iters: 3840, time: 0.001, data: 0.001) , D_A: 0.166, G_A: 1.046, cycle_A: 0.194, D_B: 0.112, G_B: 0.961, cycle_B: 0.196, gp: 0.109

[Rank 0] (epoch: 11, iters: 5440, time: 0.001, data: 0.001) , D_A: 0.193, G_A: 0.972, cycle_A: 0.200, D_B: 0.209, G_B: 1.023, cycle_B: 0.181, gp: 0.206

[Rank 0] (epoch: 11, iters: 7040, time: 0.001, data: 0.001) , D_A: 0.154, G_A: 1.014, cycle_A: 0.205, D_B: 0.258, G_B: 0.930, cycle_B: 0.188, gp: 0.250

[Rank 0] (epoch: 11, iters: 8640, time: 0.001, data: 0.001) , D_A: 0.163, G_A: 0.993, cycle_A: 0.205, D_B: 0.160, G_B: 1.018, cycle_B: 0.186, gp: 0.158

[Rank 0] (epoch: 11, iters: 10240, time: 0.001, data: 0.001) , D_A: 0.218, G_A: 1.001, cycle_A: 0.203, D_B: 0.225, G_B: 0.988, cycle_B: 0.194, gp: 0.223

--- iter tau=0.3600 ---
  cipher in : kbpkfnbkdeksfpgnfnjncpsfplnpqjecpbekcplepshsjjsplnpsmcpdspsplnp 
  decrypted : ne nfhenpinof shfhehr of ch leir einr ci oaoeeo ch oar po o ch p
  real plain: erence and of he ess effor o samp o bolsheism a is birh boiled p
  cipher in : pjnqnjnfgnphefpsqplkbprsnhbprjrsjncpsp npnegmpgsfnhrsjejpefcprsm
  decrypted :  ehlhehfsh aif ol cne sohae sesoehr o ph hisa sofhasoeie ifr soa
  real plain: igh johnandlinda droe o connea in hree and a half hors hen here 
[Rank 0] (epoch: 11, iters: 11840, time: 0.001, data: 0.001) , D_A: 0.174, G_A: 0.985, cycle_A: 0.205, D_B: 0.205, G_B: 1.007, cycle_B: 0.181, gp: 0.203

saving the latest model (epoch 11, total_iters 360000)
[Rank 0] (epoch: 11, iters: 13440, time: 0.001, data: 0.001) , D_A: 0.263, G_A: 0.969, cycle_A: 0.194, D_B: 0.223, G_B: 0.990, cycle_B: 0.196, gp: 0.220

[Rank 0] (epoch: 11, iters: 15040, time: 0.001, data: 0.001) , D_A: 0.156, G_A: 0.988, cycle_A: 0.202, D_B: 0.244, G_B: 1.014, cycle_B: 0.190, gp: 0.241

[Rank 0] (epoch: 11, iters: 16640, time: 0.001, data: 0.001) , D_A: 0.216, G_A: 1.032, cycle_A: 0.199, D_B: 0.232, G_B: 0.993, cycle_B: 0.181, gp: 0.230

[Rank 0] (epoch: 11, iters: 18240, time: 0.001, data: 0.001) , D_A: 0.261, G_A: 0.956, cycle_A: 0.200, D_B: 0.217, G_B: 0.960, cycle_B: 0.176, gp: 0.215

[Rank 0] (epoch: 11, iters: 19840, time: 0.001, data: 0.001) , D_A: 0.109, G_A: 0.973, cycle_A: 0.199, D_B: 0.186, G_B: 1.013, cycle_B: 0.189, gp: 0.185

[Rank 0] (epoch: 11, iters: 21440, time: 0.001, data: 0.001) , D_A: 0.180, G_A: 0.961, cycle_A: 0.196, D_B: 0.310, G_B: 0.956, cycle_B: 0.187, gp: 0.307

[Rank 0] (epoch: 11, iters: 23040, time: 0.001, data: 0.001) , D_A: 0.216, G_A: 0.956, cycle_A: 0.201, D_B: 0.262, G_B: 1.041, cycle_B: 0.180, gp: 0.258

[Rank 0] (epoch: 11, iters: 24640, time: 0.001, data: 0.001) , D_A: 0.233, G_A: 1.064, cycle_A: 0.197, D_B: 0.173, G_B: 0.985, cycle_B: 0.212, gp: 0.171

[Rank 0] (epoch: 11, iters: 26240, time: 0.001, data: 0.001) , D_A: 0.281, G_A: 0.968, cycle_A: 0.224, D_B: 0.222, G_B: 1.201, cycle_B: 0.183, gp: 0.205

[Rank 0] (epoch: 11, iters: 27840, time: 0.001, data: 0.001) , D_A: 0.209, G_A: 0.960, cycle_A: 0.191, D_B: 0.201, G_B: 1.015, cycle_B: 0.176, gp: 0.199

[Rank 0] (epoch: 11, iters: 29440, time: 0.001, data: 0.001) , D_A: 0.284, G_A: 0.955, cycle_A: 0.197, D_B: 0.171, G_B: 0.956, cycle_B: 0.189, gp: 0.166

[Rank 0] (epoch: 11, iters: 31040, time: 0.001, data: 0.001) , D_A: 0.147, G_A: 0.977, cycle_A: 0.197, D_B: 0.204, G_B: 0.991, cycle_B: 0.181, gp: 0.201

[Rank 0] (epoch: 11, iters: 32640, time: 0.001, data: 0.001) , D_A: 0.211, G_A: 0.959, cycle_A: 0.198, D_B: 0.225, G_B: 1.002, cycle_B: 0.192, gp: 0.224

[Rank 0] (epoch: 11, iters: 34240, time: 0.001, data: 0.001) , D_A: 0.232, G_A: 1.002, cycle_A: 0.196, D_B: 0.208, G_B: 0.979, cycle_B: 0.191, gp: 0.206

learning rate 0.0002000 -> 0.0002000
temperature tau = 0.3484
End of epoch 11 / 50 	 Time Taken: 32 sec
[Rank 0] (epoch: 12, iters: 1024, time: 0.001, data: 0.001) , D_A: 0.185, G_A: 0.979, cycle_A: 0.207, D_B: 0.139, G_B: 0.953, cycle_B: 0.194, gp: 0.137

[Rank 0] (epoch: 12, iters: 2624, time: 0.001, data: 0.001) , D_A: 0.167, G_A: 1.005, cycle_A: 0.188, D_B: 0.204, G_B: 0.997, cycle_B: 0.176, gp: 0.202

[Rank 0] (epoch: 12, iters: 4224, time: 0.001, data: 0.001) , D_A: 0.245, G_A: 0.971, cycle_A: 0.201, D_B: 0.293, G_B: 1.015, cycle_B: 0.184, gp: 0.291

[Rank 0] (epoch: 12, iters: 5824, time: 0.001, data: 0.001) , D_A: 0.139, G_A: 0.979, cycle_A: 0.194, D_B: 0.129, G_B: 1.000, cycle_B: 0.194, gp: 0.127

[Rank 0] (epoch: 12, iters: 7424, time: 0.001, data: 0.001) , D_A: 0.262, G_A: 0.990, cycle_A: 0.214, D_B: 0.252, G_B: 1.192, cycle_B: 0.197, gp: 0.240

[Rank 0] (epoch: 12, iters: 9024, time: 0.001, data: 0.001) , D_A: 0.093, G_A: 1.002, cycle_A: 0.192, D_B: 0.206, G_B: 1.009, cycle_B: 0.189, gp: 0.202

[Rank 0] (epoch: 12, iters: 10624, time: 0.001, data: 0.001) , D_A: 0.193, G_A: 1.022, cycle_A: 0.201, D_B: 0.181, G_B: 0.967, cycle_B: 0.193, gp: 0.177

[Rank 0] (epoch: 12, iters: 12224, time: 0.001, data: 0.001) , D_A: 0.152, G_A: 0.948, cycle_A: 0.204, D_B: 0.068, G_B: 1.001, cycle_B: 0.185, gp: 0.065

[Rank 0] (epoch: 12, iters: 13824, time: 0.001, data: 0.001) , D_A: 0.301, G_A: 1.015, cycle_A: 0.201, D_B: 0.168, G_B: 0.985, cycle_B: 0.192, gp: 0.165

[Rank 0] (epoch: 12, iters: 15424, time: 0.001, data: 0.001) , D_A: 0.202, G_A: 0.991, cycle_A: 0.212, D_B: 0.113, G_B: 1.014, cycle_B: 0.192, gp: 0.111

--- iter tau=0.3484 ---
  cipher in : jnpreknfmpklpleplnplenp sdlpfnncmnbbpspbepbjsfdplefcbpejnpfspned
  decrypted : h  hin fa nh hi h  hi  poph f  ha hh o hi hhofp hifhh ih  fo  ip
  real plain: esern nighclbs if he can chalk p big bsiness here hen les sop hi
  cipher in : sjblkrrnjbpglknqmpshnfpmkbnfncpnnampspepbnjhsfpkp ndefpkfejke mp
  decrypted : ohhhnhh hh hhn ha oa f anh f h   ha o i h haof n p pif nfihnipa 
  real plain:  of phsics a he copenhagen niersi hogh no realiing fll professor
[Rank 0] (epoch: 12, iters: 17024, time: 0.001, data: 0.001) , D_A: 0.624, G_A: 1.316, cycle_A: 1.699, D_B: 0.755, G_B: 0.271, cycle_B: 2.108, gp: 0.427

saving the latest model (epoch 12, total_iters 400000)
[Rank 0] (epoch: 12, iters: 18624, time: 0.001, data: 0.001) , D_A: 0.555, G_A: 0.286, cycle_A: 0.434, D_B: 0.613, G_B: 0.045, cycle_B: 0.517, gp: 0.232

[Rank 0] (epoch: 12, iters: 20224, time: 0.001, data: 0.001) , D_A: 0.347, G_A: 1.053, cycle_A: 0.219, D_B: 0.338, G_B: 0.841, cycle_B: 0.234, gp: 0.318

[Rank 0] (epoch: 12, iters: 21824, time: 0.001, data: 0.001) , D_A: 0.323, G_A: 0.985, cycle_A: 0.190, D_B: 0.379, G_B: 1.059, cycle_B: 0.210, gp: 0.366

[Rank 0] (epoch: 12, iters: 23424, time: 0.001, data: 0.001) , D_A: 0.331, G_A: 1.022, cycle_A: 0.178, D_B: 0.268, G_B: 0.981, cycle_B: 0.200, gp: 0.258

[Rank 0] (epoch: 12, iters: 25024, time: 0.001, data: 0.001) , D_A: 0.297, G_A: 0.905, cycle_A: 0.213, D_B: 0.378, G_B: 1.041, cycle_B: 0.194, gp: 0.369

[Rank 0] (epoch: 12, iters: 26624, time: 0.001, data: 0.001) , D_A: 0.329, G_A: 0.901, cycle_A: 0.174, D_B: 0.336, G_B: 0.993, cycle_B: 0.189, gp: 0.328

[Rank 0] (epoch: 12, iters: 28224, time: 0.001, data: 0.001) , D_A: 0.368, G_A: 0.603, cycle_A: 0.168, D_B: 0.187, G_B: 0.920, cycle_B: 0.201, gp: 0.178

[Rank 0] (epoch: 12, iters: 29824, time: 0.001, data: 0.001) , D_A: 0.244, G_A: 0.891, cycle_A: 0.157, D_B: 0.254, G_B: 0.955, cycle_B: 0.190, gp: 0.242

[Rank 0] (epoch: 12, iters: 31424, time: 0.001, data: 0.001) , D_A: 0.211, G_A: 0.972, cycle_A: 0.163, D_B: 0.225, G_B: 0.926, cycle_B: 0.180, gp: 0.215

[Rank 0] (epoch: 12, iters: 33024, time: 0.001, data: 0.001) , D_A: 0.146, G_A: 0.892, cycle_A: 0.184, D_B: 0.281, G_B: 0.990, cycle_B: 0.187, gp: 0.274

[Rank 0] (epoch: 12, iters: 34624, time: 0.001, data: 0.001) , D_A: 0.356, G_A: 0.605, cycle_A: 0.173, D_B: 0.315, G_B: 0.756, cycle_B: 0.180, gp: 0.296

learning rate 0.0002000 -> 0.0002000
temperature tau = 0.3371
End of epoch 12 / 50 	 Time Taken: 28 sec
[Rank 0] (epoch: 13, iters: 1408, time: 0.001, data: 0.001) , D_A: 0.268, G_A: 0.906, cycle_A: 0.183, D_B: 0.383, G_B: 1.014, cycle_B: 0.186, gp: 0.373

[Rank 0] (epoch: 13, iters: 3008, time: 0.001, data: 0.001) , D_A: 0.274, G_A: 0.931, cycle_A: 0.162, D_B: 0.215, G_B: 0.953, cycle_B: 0.177, gp: 0.206

[Rank 0] (epoch: 13, iters: 4608, time: 0.001, data: 0.001) , D_A: 0.235, G_A: 0.939, cycle_A: 0.172, D_B: 0.266, G_B: 0.946, cycle_B: 0.177, gp: 0.258

[Rank 0] (epoch: 13, iters: 6208, time: 0.001, data: 0.001) , D_A: 0.132, G_A: 0.984, cycle_A: 0.170, D_B: 0.320, G_B: 0.906, cycle_B: 0.186, gp: 0.305

[Rank 0] (epoch: 13, iters: 7808, time: 0.001, data: 0.001) , D_A: 0.289, G_A: 1.005, cycle_A: 0.154, D_B: 0.268, G_B: 1.012, cycle_B: 0.187, gp: 0.260

[Rank 0] (epoch: 13, iters: 9408, time: 0.001, data: 0.001) , D_A: 0.225, G_A: 0.910, cycle_A: 0.172, D_B: 0.252, G_B: 1.005, cycle_B: 0.193, gp: 0.243

[Rank 0] (epoch: 13, iters: 11008, time: 0.001, data: 0.001) , D_A: 0.158, G_A: 0.931, cycle_A: 0.177, D_B: 0.288, G_B: 0.850, cycle_B: 0.182, gp: 0.255

[Rank 0] (epoch: 13, iters: 12608, time: 0.001, data: 0.001) , D_A: 0.266, G_A: 0.955, cycle_A: 0.170, D_B: 0.305, G_B: 0.932, cycle_B: 0.189, gp: 0.294

[Rank 0] (epoch: 13, iters: 14208, time: 0.001, data: 0.001) , D_A: 0.242, G_A: 0.683, cycle_A: 0.166, D_B: 0.295, G_B: 0.937, cycle_B: 0.189, gp: 0.283

[Rank 0] (epoch: 13, iters: 15808, time: 0.001, data: 0.001) , D_A: 0.291, G_A: 0.995, cycle_A: 0.161, D_B: 0.147, G_B: 0.949, cycle_B: 0.197, gp: 0.142

[Rank 0] (epoch: 13, iters: 17408, time: 0.001, data: 0.001) , D_A: 0.297, G_A: 0.984, cycle_A: 0.171, D_B: 0.271, G_B: 0.967, cycle_B: 0.186, gp: 0.263

[Rank 0] (epoch: 13, iters: 19008, time: 0.001, data: 0.001) , D_A: 0.241, G_A: 0.884, cycle_A: 0.170, D_B: 0.271, G_B: 0.999, cycle_B: 0.190, gp: 0.261

[Rank 0] (epoch: 13, iters: 20608, time: 0.001, data: 0.001) , D_A: 0.256, G_A: 0.957, cycle_A: 0.157, D_B: 0.337, G_B: 0.937, cycle_B: 0.188, gp: 0.328

--- iter tau=0.3371 ---
  cipher in : gmejmpkfpbnhkjkdkcpqsjhmeksfbpqsjpbglperrmkgeksfbpebpgsjnbpqsjpb
  decrypted : saila ng heanlnpnr solaainogh sol hsc iaaansinogh ih soleh sol h
  real plain: n spend e i is easil possible o keep ihin a se bdge here is no q
  cipher in : nplecpsfgnpmsncplnplecpfnnjpbnnfplnjp nqsjnp pfsplnplsdlpsqplnph
  decrypted : e cir ogse aoer ce cir geel heeg cel pesole p go ce copc os ce a
  real plain: an o shold hae a reason hman nare as no a piece of mea o cold el
[Rank 0] (epoch: 13, iters: 22208, time: 0.001, data: 0.001) , D_A: 0.186, G_A: 0.963, cycle_A: 0.172, D_B: 0.129, G_B: 0.974, cycle_B: 0.186, gp: 0.122

saving the latest model (epoch 13, total_iters 440000)
[Rank 0] (epoch: 13, iters: 23808, time: 0.001, data: 0.001) , D_A: 0.162, G_A: 0.993, cycle_A: 0.165, D_B: 0.332, G_B: 0.978, cycle_B: 0.184, gp: 0.325

[Rank 0] (epoch: 13, iters: 25408, time: 0.001, data: 0.001) , D_A: 0.271, G_A: 0.926, cycle_A: 0.165, D_B: 0.261, G_B: 0.958, cycle_B: 0.179, gp: 0.256

[Rank 0] (epoch: 13, iters: 27008, time: 0.001, data: 0.001) , D_A: 0.275, G_A: 1.007, cycle_A: 0.168, D_B: 0.225, G_B: 0.925, cycle_B: 0.189, gp: 0.220

[Rank 0] (epoch: 13, iters: 28608, time: 0.001, data: 0.001) , D_A: 0.245, G_A: 0.761, cycle_A: 0.161, D_B: 0.207, G_B: 1.012, cycle_B: 0.191, gp: 0.203

[Rank 0] (epoch: 13, iters: 30208, time: 0.001, data: 0.001) , D_A: 0.197, G_A: 0.911, cycle_A: 0.165, D_B: 0.212, G_B: 1.031, cycle_B: 0.170, gp: 0.206

[Rank 0] (epoch: 13, iters: 31808, time: 0.001, data: 0.001) , D_A: 0.176, G_A: 0.948, cycle_A: 0.172, D_B: 0.223, G_B: 0.997, cycle_B: 0.190, gp: 0.213

[Rank 0] (epoch: 13, iters: 33408, time: 0.001, data: 0.001) , D_A: 0.288, G_A: 0.930, cycle_A: 0.174, D_B: 0.276, G_B: 0.978, cycle_B: 0.185, gp: 0.269

learning rate 0.0002000 -> 0.0002000
temperature tau = 0.3262
End of epoch 13 / 50 	 Time Taken: 32 sec
[Rank 0] (epoch: 14, iters: 192, time: 0.001, data: 0.001) , D_A: 0.137, G_A: 0.980, cycle_A: 0.177, D_B: 0.204, G_B: 1.032, cycle_B: 0.183, gp: 0.196

[Rank 0] (epoch: 14, iters: 1792, time: 0.001, data: 0.001) , D_A: 0.222, G_A: 1.000, cycle_A: 0.176, D_B: 0.313, G_B: 1.025, cycle_B: 0.187, gp: 0.305

[Rank 0] (epoch: 14, iters: 3392, time: 0.001, data: 0.002) , D_A: 0.305, G_A: 1.033, cycle_A: 0.169, D_B: 0.264, G_B: 0.876, cycle_B: 0.183, gp: 0.252

[Rank 0] (epoch: 14, iters: 4992, time: 0.001, data: 0.001) , D_A: 0.295, G_A: 0.961, cycle_A: 0.163, D_B: 0.290, G_B: 0.979, cycle_B: 0.184, gp: 0.284

[Rank 0] (epoch: 14, iters: 6592, time: 0.001, data: 0.001) , D_A: 0.153, G_A: 0.984, cycle_A: 0.162, D_B: 0.245, G_B: 0.987, cycle_B: 0.186, gp: 0.238

[Rank 0] (epoch: 14, iters: 8192, time: 0.001, data: 0.001) , D_A: 0.283, G_A: 1.121, cycle_A: 0.161, D_B: 0.276, G_B: 0.917, cycle_B: 0.192, gp: 0.267

[Rank 0] (epoch: 14, iters: 9792, time: 0.001, data: 0.001) , D_A: 0.287, G_A: 0.980, cycle_A: 0.177, D_B: 0.163, G_B: 0.979, cycle_B: 0.197, gp: 0.158

[Rank 0] (epoch: 14, iters: 11392, time: 0.001, data: 0.001) , D_A: 0.189, G_A: 0.963, cycle_A: 0.157, D_B: 0.230, G_B: 0.981, cycle_B: 0.183, gp: 0.222

[Rank 0] (epoch: 14, iters: 12992, time: 0.001, data: 0.001) , D_A: 0.173, G_A: 0.942, cycle_A: 0.163, D_B: 0.296, G_B: 0.969, cycle_B: 0.182, gp: 0.283

[Rank 0] (epoch: 14, iters: 14592, time: 0.001, data: 0.001) , D_A: 0.247, G_A: 1.065, cycle_A: 0.158, D_B: 0.194, G_B: 1.008, cycle_B: 0.191, gp: 0.190

[Rank 0] (epoch: 14, iters: 16192, time: 0.001, data: 0.001) , D_A: 0.180, G_A: 0.964, cycle_A: 0.163, D_B: 0.247, G_B: 0.942, cycle_B: 0.183, gp: 0.242

[Rank 0] (epoch: 14, iters: 17792, time: 0.001, data: 0.001) , D_A: 0.233, G_A: 0.991, cycle_A: 0.179, D_B: 0.265, G_B: 0.967, cycle_B: 0.190, gp: 0.260

[Rank 0] (epoch: 14, iters: 19392, time: 0.001, data: 0.001) , D_A: 0.270, G_A: 0.980, cycle_A: 0.164, D_B: 0.221, G_B: 1.091, cycle_B: 0.173, gp: 0.205

[Rank 0] (epoch: 14, iters: 20992, time: 0.001, data: 0.001) , D_A: 0.225, G_A: 1.026, cycle_A: 0.181, D_B: 0.128, G_B: 1.015, cycle_B: 0.179, gp: 0.123

[Rank 0] (epoch: 14, iters: 22592, time: 0.001, data: 0.001) , D_A: 0.141, G_A: 1.001, cycle_A: 0.186, D_B: 0.228, G_B: 0.969, cycle_B: 0.182, gp: 0.222

[Rank 0] (epoch: 14, iters: 24192, time: 0.001, data: 0.001) , D_A: 0.197, G_A: 1.014, cycle_A: 0.175, D_B: 0.234, G_B: 1.009, cycle_B: 0.197, gp: 0.229

[Rank 0] (epoch: 14, iters: 25792, time: 0.001, data: 0.001) , D_A: 0.266, G_A: 0.987, cycle_A: 0.151, D_B: 0.182, G_B: 1.030, cycle_B: 0.185, gp: 0.176

--- iter tau=0.3262 ---
  cipher in : gmjempbngsjpkfgmckfdpqsscpjnbnjnpbsjednpbjgjnbpefcpqegkmkknbpebp
  decrypted : salia hesol ngsarngp soor lehele holipe hlsleh igr sisnanneh ih 
  real plain: een inied his is going o be a langage lesson and o can maser i i
  cipher in : djefncpspncgeksfempkfbkksfbpsfmpkqplnpejnpbndjndencpnhsjpgsmcpfs
  decrypted : pliger o ersinogia nghnnogh oga ns ce ile heplepier eaol soar go
  real plain: n he sae hen secion as enaced in one canno sa ih cerain ha effec
[Rank 0] (epoch: 14, iters: 27392, time: 0.001, data: 0.001) , D_A: 0.202, G_A: 0.986, cycle_A: 0.162, D_B: 0.309, G_B: 0.957, cycle_B: 0.185, gp: 0.303

saving the latest model (epoch 14, total_iters 480000)
[Rank 0] (epoch: 14, iters: 28992, time: 0.001, data: 0.001) , D_A: 0.153, G_A: 1.025, cycle_A: 0.171, D_B: 0.217, G_B: 0.992, cycle_B: 0.178, gp: 0.211

[Rank 0] (epoch: 14, iters: 30592, time: 0.001, data: 0.001) , D_A: 0.189, G_A: 0.934, cycle_A: 0.184, D_B: 0.227, G_B: 0.836, cycle_B: 0.190, gp: 0.209

[Rank 0] (epoch: 14, iters: 32192, time: 0.001, data: 0.001) , D_A: 0.212, G_A: 0.977, cycle_A: 0.163, D_B: 0.222, G_B: 0.940, cycle_B: 0.180, gp: 0.214

[Rank 0] (epoch: 14, iters: 33792, time: 0.001, data: 0.001) , D_A: 0.181, G_A: 1.048, cycle_A: 0.165, D_B: 0.288, G_B: 1.055, cycle_B: 0.187, gp: 0.276

learning rate 0.0002000 -> 0.0002000
temperature tau = 0.3157
End of epoch 14 / 50 	 Time Taken: 32 sec
[Rank 0] (epoch: 15, iters: 576, time: 0.001, data: 0.001) , D_A: 0.202, G_A: 0.960, cycle_A: 0.150, D_B: 0.212, G_B: 0.955, cycle_B: 0.194, gp: 0.206

[Rank 0] (epoch: 15, iters: 2176, time: 0.001, data: 0.000) , D_A: 0.196, G_A: 0.968, cycle_A: 0.172, D_B: 0.151, G_B: 0.972, cycle_B: 0.195, gp: 0.147

[Rank 0] (epoch: 15, iters: 3776, time: 0.001, data: 0.001) , D_A: 0.193, G_A: 0.949, cycle_A: 0.155, D_B: 0.218, G_B: 1.005, cycle_B: 0.198, gp: 0.211

[Rank 0] (epoch: 15, iters: 5376, time: 0.001, data: 0.001) , D_A: 0.172, G_A: 0.933, cycle_A: 0.163, D_B: 0.208, G_B: 1.028, cycle_B: 0.181, gp: 0.202

[Rank 0] (epoch: 15, iters: 6976, time: 0.001, data: 0.001) , D_A: 0.111, G_A: 0.968, cycle_A: 0.158, D_B: 0.209, G_B: 1.000, cycle_B: 0.186, gp: 0.203

[Rank 0] (epoch: 15, iters: 8576, time: 0.001, data: 0.001) , D_A: 0.152, G_A: 0.851, cycle_A: 0.174, D_B: 0.206, G_B: 0.987, cycle_B: 0.193, gp: 0.201

[Rank 0] (epoch: 15, iters: 10176, time: 0.001, data: 0.001) , D_A: 0.244, G_A: 0.943, cycle_A: 0.166, D_B: 0.278, G_B: 0.998, cycle_B: 0.192, gp: 0.272

[Rank 0] (epoch: 15, iters: 11776, time: 0.001, data: 0.001) , D_A: 0.186, G_A: 0.985, cycle_A: 0.166, D_B: 0.245, G_B: 0.978, cycle_B: 0.184, gp: 0.239

[Rank 0] (epoch: 15, iters: 13376, time: 0.001, data: 0.001) , D_A: 0.177, G_A: 1.014, cycle_A: 0.169, D_B: 0.286, G_B: 1.049, cycle_B: 0.184, gp: 0.276

[Rank 0] (epoch: 15, iters: 14976, time: 0.001, data: 0.001) , D_A: 0.199, G_A: 0.985, cycle_A: 0.159, D_B: 0.230, G_B: 0.921, cycle_B: 0.188, gp: 0.220

[Rank 0] (epoch: 15, iters: 16576, time: 0.001, data: 0.001) , D_A: 0.183, G_A: 0.956, cycle_A: 0.164, D_B: 0.199, G_B: 0.999, cycle_B: 0.192, gp: 0.191

[Rank 0] (epoch: 15, iters: 18176, time: 0.001, data: 0.002) , D_A: 0.152, G_A: 0.933, cycle_A: 0.176, D_B: 0.195, G_B: 0.984, cycle_B: 0.175, gp: 0.189

[Rank 0] (epoch: 15, iters: 19776, time: 0.001, data: 0.001) , D_A: 0.235, G_A: 0.973, cycle_A: 0.154, D_B: 0.219, G_B: 1.024, cycle_B: 0.188, gp: 0.215

[Rank 0] (epoch: 15, iters: 21376, time: 0.001, data: 0.001) , D_A: 0.190, G_A: 0.995, cycle_A: 0.170, D_B: 0.196, G_B: 1.026, cycle_B: 0.192, gp: 0.191

[Rank 0] (epoch: 15, iters: 22976, time: 0.001, data: 0.001) , D_A: 0.176, G_A: 0.974, cycle_A: 0.170, D_B: 0.160, G_B: 1.010, cycle_B: 0.183, gp: 0.153

[Rank 0] (epoch: 15, iters: 24576, time: 0.001, data: 0.001) , D_A: 0.187, G_A: 1.001, cycle_A: 0.189, D_B: 0.151, G_B: 1.021, cycle_B: 0.181, gp: 0.146

[Rank 0] (epoch: 15, iters: 26176, time: 0.001, data: 0.001) , D_A: 0.219, G_A: 0.918, cycle_A: 0.171, D_B: 0.186, G_B: 1.001, cycle_B: 0.188, gp: 0.181

[Rank 0] (epoch: 15, iters: 27776, time: 0.001, data: 0.001) , D_A: 0.226, G_A: 0.960, cycle_A: 0.159, D_B: 0.256, G_B: 0.992, cycle_B: 0.178, gp: 0.249

[Rank 0] (epoch: 15, iters: 29376, time: 0.001, data: 0.001) , D_A: 0.165, G_A: 0.986, cycle_A: 0.157, D_B: 0.222, G_B: 1.214, cycle_B: 0.188, gp: 0.194

[Rank 0] (epoch: 15, iters: 30976, time: 0.001, data: 0.001) , D_A: 0.156, G_A: 0.993, cycle_A: 0.156, D_B: 0.283, G_B: 0.951, cycle_B: 0.180, gp: 0.272

--- iter tau=0.3157 ---
  cipher in : ncpkfplkdlpkbgsbkpqmkcbplkglpejnpb ingncpspmspjenbpsqpblnejpibpe
  decrypted : er nf cnpc nhsohn sanrh cnsc ile hpseser o ao lieh os hceil sh i
  real plain: as bailiff in b gae i a he reqes of he recorder his cosin sir fl
  cipher in : jdnmp ngebnpsqplnprmeffncpjncgksfpkfpbjnfdlpsqplnpejhpjnbnjnpgsh
  decrypted : lpea pesihe os ce aaiffer lersnof nf hlefpc os ce ila lehele soa
  real plain: on cold legiimael decide ha parker shold no be encoraged nor ass
[Rank 0] (epoch: 15, iters: 32576, time: 0.001, data: 0.001) , D_A: 0.162, G_A: 0.951, cycle_A: 0.160, D_B: 0.246, G_B: 0.963, cycle_B: 0.192, gp: 0.239

saving the latest model (epoch 15, total_iters 520000)
[Rank 0] (epoch: 15, iters: 34176, time: 0.001, data: 0.001) , D_A: 0.246, G_A: 0.864, cycle_A: 0.173, D_B: 0.188, G_B: 0.975, cycle_B: 0.195, gp: 0.184

learning rate 0.0002000 -> 0.0002000
temperature tau = 0.3055
End of epoch 15 / 50 	 Time Taken: 31 sec
[Rank 0] (epoch: 16, iters: 960, time: 0.001, data: 0.001) , D_A: 0.229, G_A: 0.964, cycle_A: 0.167, D_B: 0.219, G_B: 0.972, cycle_B: 0.193, gp: 0.215

[Rank 0] (epoch: 16, iters: 2560, time: 0.001, data: 0.001) , D_A: 0.222, G_A: 0.959, cycle_A: 0.163, D_B: 0.201, G_B: 0.968, cycle_B: 0.195, gp: 0.195

[Rank 0] (epoch: 16, iters: 4160, time: 0.001, data: 0.001) , D_A: 0.213, G_A: 0.979, cycle_A: 0.172, D_B: 0.267, G_B: 1.002, cycle_B: 0.176, gp: 0.260

[Rank 0] (epoch: 16, iters: 5760, time: 0.001, data: 0.001) , D_A: 0.272, G_A: 0.957, cycle_A: 0.175, D_B: 0.235, G_B: 0.972, cycle_B: 0.194, gp: 0.229

[Rank 0] (epoch: 16, iters: 7360, time: 0.001, data: 0.001) , D_A: 0.178, G_A: 0.987, cycle_A: 0.169, D_B: 0.225, G_B: 0.963, cycle_B: 0.189, gp: 0.219

[Rank 0] (epoch: 16, iters: 8960, time: 0.001, data: 0.001) , D_A: 0.280, G_A: 0.985, cycle_A: 0.159, D_B: 0.163, G_B: 0.989, cycle_B: 0.183, gp: 0.158

[Rank 0] (epoch: 16, iters: 10560, time: 0.001, data: 0.001) , D_A: 0.118, G_A: 0.988, cycle_A: 0.180, D_B: 0.248, G_B: 0.946, cycle_B: 0.190, gp: 0.242

[Rank 0] (epoch: 16, iters: 12160, time: 0.001, data: 0.001) , D_A: 0.165, G_A: 1.030, cycle_A: 0.171, D_B: 0.198, G_B: 1.035, cycle_B: 0.181, gp: 0.192

[Rank 0] (epoch: 16, iters: 13760, time: 0.001, data: 0.001) , D_A: 0.162, G_A: 0.930, cycle_A: 0.171, D_B: 0.209, G_B: 0.955, cycle_B: 0.182, gp: 0.204

[Rank 0] (epoch: 16, iters: 15360, time: 0.001, data: 0.001) , D_A: 0.154, G_A: 1.022, cycle_A: 0.164, D_B: 0.296, G_B: 0.958, cycle_B: 0.189, gp: 0.292

[Rank 0] (epoch: 16, iters: 16960, time: 0.001, data: 0.001) , D_A: 0.207, G_A: 1.029, cycle_A: 0.166, D_B: 0.238, G_B: 0.939, cycle_B: 0.184, gp: 0.232

[Rank 0] (epoch: 16, iters: 18560, time: 0.001, data: 0.001) , D_A: 0.179, G_A: 0.820, cycle_A: 0.163, D_B: 0.358, G_B: 0.844, cycle_B: 0.178, gp: 0.324

[Rank 0] (epoch: 16, iters: 20160, time: 0.001, data: 0.001) , D_A: 0.195, G_A: 0.980, cycle_A: 0.160, D_B: 0.222, G_B: 0.950, cycle_B: 0.175, gp: 0.219

[Rank 0] (epoch: 16, iters: 21760, time: 0.001, data: 0.001) , D_A: 0.233, G_A: 0.967, cycle_A: 0.168, D_B: 0.176, G_B: 0.953, cycle_B: 0.194, gp: 0.170

[Rank 0] (epoch: 16, iters: 23360, time: 0.001, data: 0.001) , D_A: 0.140, G_A: 0.988, cycle_A: 0.156, D_B: 0.142, G_B: 1.023, cycle_B: 0.191, gp: 0.137

[Rank 0] (epoch: 16, iters: 24960, time: 0.001, data: 0.001) , D_A: 0.190, G_A: 0.988, cycle_A: 0.156, D_B: 0.242, G_B: 1.004, cycle_B: 0.189, gp: 0.238

[Rank 0] (epoch: 16, iters: 26560, time: 0.001, data: 0.001) , D_A: 0.240, G_A: 0.934, cycle_A: 0.180, D_B: 0.262, G_B: 0.952, cycle_B: 0.184, gp: 0.257

[Rank 0] (epoch: 16, iters: 28160, time: 0.001, data: 0.001) , D_A: 0.280, G_A: 0.940, cycle_A: 0.169, D_B: 0.252, G_B: 1.006, cycle_B: 0.174, gp: 0.248

[Rank 0] (epoch: 16, iters: 29760, time: 0.001, data: 0.001) , D_A: 0.198, G_A: 0.954, cycle_A: 0.168, D_B: 0.218, G_B: 0.940, cycle_B: 0.179, gp: 0.213

[Rank 0] (epoch: 16, iters: 31360, time: 0.001, data: 0.001) , D_A: 0.247, G_A: 0.963, cycle_A: 0.180, D_B: 0.243, G_B: 0.999, cycle_B: 0.180, gp: 0.239

[Rank 0] (epoch: 16, iters: 32960, time: 0.001, data: 0.001) , D_A: 0.248, G_A: 0.976, cycle_A: 0.186, D_B: 0.194, G_B: 1.008, cycle_B: 0.178, gp: 0.190

[Rank 0] (epoch: 16, iters: 34560, time: 0.001, data: 0.001) , D_A: 0.164, G_A: 0.972, cycle_A: 0.165, D_B: 0.208, G_B: 0.984, cycle_B: 0.184, gp: 0.202

learning rate 0.0002000 -> 0.0002000
temperature tau = 0.2956
End of epoch 16 / 50 	 Time Taken: 30 sec
[Rank 0] (epoch: 17, iters: 1344, time: 0.001, data: 0.001) , D_A: 0.175, G_A: 0.972, cycle_A: 0.169, D_B: 0.181, G_B: 0.997, cycle_B: 0.179, gp: 0.178

--- iter tau=0.2956 ---
  cipher in : nphekcpsqplnphkbpkbpgnmn jencpepfkedejepqemmbpljsdlplnplplnpqkfn
  decrypted : e ainr os ce anh nh seaeplier i gnipili siaah clopc ce c ce snge
  real plain: i didn cach a ink eer ime i closed m ees i sa gra ees rshing a m
  cipher in : shrnkknmpgshhnjgnpbngjnejpmlnjplscdnbpeggshrefkncp pephnh njpsqp
  decrypted : oaaennea soaaelse hesleil acel corpeh issoaaigner p i aeapel os 
  real plain: d parlo ished anne old ell a him so he cold ell back i hae alked
[Rank 0] (epoch: 17, iters: 2944, time: 0.001, data: 0.002) , D_A: 0.278, G_A: 1.017, cycle_A: 0.161, D_B: 0.222, G_B: 0.964, cycle_B: 0.175, gp: 0.216

saving the latest model (epoch 17, total_iters 560000)
[Rank 0] (epoch: 17, iters: 4544, time: 0.001, data: 0.001) , D_A: 0.117, G_A: 0.963, cycle_A: 0.156, D_B: 0.297, G_B: 0.972, cycle_B: 0.175, gp: 0.292

[Rank 0] (epoch: 17, iters: 6144, time: 0.001, data: 0.001) , D_A: 0.237, G_A: 0.956, cycle_A: 0.163, D_B: 0.214, G_B: 0.983, cycle_B: 0.190, gp: 0.210

[Rank 0] (epoch: 17, iters: 7744, time: 0.001, data: 0.001) , D_A: 0.255, G_A: 0.964, cycle_A: 0.159, D_B: 0.094, G_B: 0.965, cycle_B: 0.185, gp: 0.089

[Rank 0] (epoch: 17, iters: 9344, time: 0.001, data: 0.001) , D_A: 0.151, G_A: 1.021, cycle_A: 0.180, D_B: 0.212, G_B: 1.006, cycle_B: 0.190, gp: 0.207

[Rank 0] (epoch: 17, iters: 10944, time: 0.001, data: 0.001) , D_A: 0.261, G_A: 0.954, cycle_A: 0.177, D_B: 0.179, G_B: 1.008, cycle_B: 0.179, gp: 0.174

[Rank 0] (epoch: 17, iters: 12544, time: 0.001, data: 0.002) , D_A: 0.178, G_A: 0.953, cycle_A: 0.143, D_B: 0.226, G_B: 1.009, cycle_B: 0.187, gp: 0.219

[Rank 0] (epoch: 17, iters: 14144, time: 0.001, data: 0.001) , D_A: 0.137, G_A: 0.996, cycle_A: 0.168, D_B: 0.178, G_B: 0.997, cycle_B: 0.186, gp: 0.172

[Rank 0] (epoch: 17, iters: 15744, time: 0.001, data: 0.001) , D_A: 0.195, G_A: 1.012, cycle_A: 0.155, D_B: 0.285, G_B: 0.957, cycle_B: 0.191, gp: 0.276

[Rank 0] (epoch: 17, iters: 17344, time: 0.001, data: 0.001) , D_A: 0.174, G_A: 0.955, cycle_A: 0.177, D_B: 0.262, G_B: 0.942, cycle_B: 0.184, gp: 0.253

[Rank 0] (epoch: 17, iters: 18944, time: 0.001, data: 0.003) , D_A: 0.183, G_A: 0.852, cycle_A: 0.172, D_B: 0.281, G_B: 0.929, cycle_B: 0.180, gp: 0.276

[Rank 0] (epoch: 17, iters: 20544, time: 0.001, data: 0.001) , D_A: 0.214, G_A: 0.948, cycle_A: 0.163, D_B: 0.174, G_B: 0.938, cycle_B: 0.189, gp: 0.169

[Rank 0] (epoch: 17, iters: 22144, time: 0.001, data: 0.001) , D_A: 0.227, G_A: 0.987, cycle_A: 0.165, D_B: 0.247, G_B: 0.983, cycle_B: 0.185, gp: 0.241

[Rank 0] (epoch: 17, iters: 23744, time: 0.001, data: 0.001) , D_A: 0.153, G_A: 0.914, cycle_A: 0.177, D_B: 0.118, G_B: 0.954, cycle_B: 0.184, gp: 0.114

[Rank 0] (epoch: 17, iters: 25344, time: 0.001, data: 0.001) , D_A: 0.160, G_A: 0.969, cycle_A: 0.159, D_B: 0.176, G_B: 0.949, cycle_B: 0.176, gp: 0.172

[Rank 0] (epoch: 17, iters: 26944, time: 0.001, data: 0.001) , D_A: 0.237, G_A: 0.939, cycle_A: 0.173, D_B: 0.229, G_B: 0.919, cycle_B: 0.188, gp: 0.219

[Rank 0] (epoch: 17, iters: 28544, time: 0.001, data: 0.001) , D_A: 0.151, G_A: 0.969, cycle_A: 0.162, D_B: 0.234, G_B: 1.013, cycle_B: 0.181, gp: 0.228

[Rank 0] (epoch: 17, iters: 30144, time: 0.001, data: 0.001) , D_A: 0.210, G_A: 0.992, cycle_A: 0.158, D_B: 0.233, G_B: 0.934, cycle_B: 0.168, gp: 0.228

[Rank 0] (epoch: 17, iters: 31744, time: 0.001, data: 0.002) , D_A: 0.201, G_A: 1.007, cycle_A: 0.167, D_B: 0.186, G_B: 0.906, cycle_B: 0.176, gp: 0.173

[Rank 0] (epoch: 17, iters: 33344, time: 0.001, data: 0.001) , D_A: 0.122, G_A: 1.002, cycle_A: 0.171, D_B: 0.163, G_B: 1.006, cycle_B: 0.187, gp: 0.159

learning rate 0.0002000 -> 0.0002000
temperature tau = 0.2861
End of epoch 17 / 50 	 Time Taken: 33 sec
[Rank 0] (epoch: 18, iters: 128, time: 0.001, data: 0.001) , D_A: 0.122, G_A: 0.985, cycle_A: 0.160, D_B: 0.222, G_B: 0.884, cycle_B: 0.180, gp: 0.218

[Rank 0] (epoch: 18, iters: 1728, time: 0.001, data: 0.000) , D_A: 0.283, G_A: 1.003, cycle_A: 0.167, D_B: 0.235, G_B: 1.019, cycle_B: 0.187, gp: 0.230

[Rank 0] (epoch: 18, iters: 3328, time: 0.001, data: 0.001) , D_A: 0.301, G_A: 0.974, cycle_A: 0.154, D_B: 0.202, G_B: 0.947, cycle_B: 0.186, gp: 0.199

[Rank 0] (epoch: 18, iters: 4928, time: 0.001, data: 0.001) , D_A: 0.187, G_A: 0.986, cycle_A: 0.173, D_B: 0.187, G_B: 0.969, cycle_B: 0.178, gp: 0.181

[Rank 0] (epoch: 18, iters: 6528, time: 0.001, data: 0.001) , D_A: 0.124, G_A: 0.992, cycle_A: 0.170, D_B: 0.219, G_B: 0.980, cycle_B: 0.185, gp: 0.215

--- iter tau=0.2861 ---
  cipher in : em efkefbpsprjnbnfplnkjplh mnpersmsdknbpspaljblglnpsjpdnpjkcpsqp
  decrypted : iapignigd o aledeg cenl capae iaoaopned o kcldcsce ol pe lnr os 
  real plain: bl placed a leas seen or eigh fee apar and one or more of he ne 
  cipher in : lnhbnmnbpqsjplnpfnpkcnebpfkonpgkjghbefgnbpsmcpnbpbpemmplnpcngkcn
  decrypted : ceadeaed sol ce ge nreid gnae snlsadigsed oar ed d iaa ce resnre
  real plain: afer ala here shold be a complee spli oer german ih ho heads on 
[Rank 0] (epoch: 18, iters: 8128, time: 0.001, data: 0.001) , D_A: 0.247, G_A: 0.948, cycle_A: 0.171, D_B: 0.168, G_B: 0.950, cycle_B: 0.187, gp: 0.161

saving the latest model (epoch 18, total_iters 600000)
[Rank 0] (epoch: 18, iters: 9728, time: 0.001, data: 0.001) , D_A: 0.224, G_A: 0.998, cycle_A: 0.168, D_B: 0.194, G_B: 0.962, cycle_B: 0.192, gp: 0.190

[Rank 0] (epoch: 18, iters: 11328, time: 0.001, data: 0.001) , D_A: 0.220, G_A: 0.952, cycle_A: 0.168, D_B: 0.189, G_B: 0.913, cycle_B: 0.183, gp: 0.179

[Rank 0] (epoch: 18, iters: 12928, time: 0.001, data: 0.002) , D_A: 0.271, G_A: 1.020, cycle_A: 0.172, D_B: 0.281, G_B: 0.863, cycle_B: 0.181, gp: 0.259

[Rank 0] (epoch: 18, iters: 14528, time: 0.001, data: 0.001) , D_A: 0.219, G_A: 0.962, cycle_A: 0.181, D_B: 0.187, G_B: 0.974, cycle_B: 0.188, gp: 0.183

[Rank 0] (epoch: 18, iters: 16128, time: 0.001, data: 0.001) , D_A: 0.158, G_A: 0.988, cycle_A: 0.163, D_B: 0.229, G_B: 1.018, cycle_B: 0.183, gp: 0.226

[Rank 0] (epoch: 18, iters: 17728, time: 0.001, data: 0.001) , D_A: 0.190, G_A: 1.038, cycle_A: 0.165, D_B: 0.204, G_B: 0.996, cycle_B: 0.196, gp: 0.199

[Rank 0] (epoch: 18, iters: 19328, time: 0.001, data: 0.001) , D_A: 0.218, G_A: 1.000, cycle_A: 0.171, D_B: 0.177, G_B: 0.959, cycle_B: 0.175, gp: 0.173

[Rank 0] (epoch: 18, iters: 20928, time: 0.001, data: 0.001) , D_A: 0.132, G_A: 0.977, cycle_A: 0.155, D_B: 0.474, G_B: 0.528, cycle_B: 0.177, gp: 0.303

[Rank 0] (epoch: 18, iters: 22528, time: 0.001, data: 0.001) , D_A: 0.133, G_A: 0.916, cycle_A: 0.158, D_B: 0.193, G_B: 0.973, cycle_B: 0.184, gp: 0.185

[Rank 0] (epoch: 18, iters: 24128, time: 0.001, data: 0.001) , D_A: 0.124, G_A: 0.967, cycle_A: 0.161, D_B: 0.149, G_B: 0.949, cycle_B: 0.179, gp: 0.145

[Rank 0] (epoch: 18, iters: 25728, time: 0.001, data: 0.001) , D_A: 0.139, G_A: 0.984, cycle_A: 0.153, D_B: 0.236, G_B: 0.960, cycle_B: 0.185, gp: 0.229

[Rank 0] (epoch: 18, iters: 27328, time: 0.001, data: 0.001) , D_A: 0.242, G_A: 0.991, cycle_A: 0.174, D_B: 0.235, G_B: 0.990, cycle_B: 0.185, gp: 0.231

[Rank 0] (epoch: 18, iters: 28928, time: 0.001, data: 0.001) , D_A: 0.259, G_A: 0.963, cycle_A: 0.165, D_B: 0.218, G_B: 1.009, cycle_B: 0.177, gp: 0.212

[Rank 0] (epoch: 18, iters: 30528, time: 0.001, data: 0.001) , D_A: 0.201, G_A: 1.023, cycle_A: 0.161, D_B: 0.192, G_B: 0.932, cycle_B: 0.190, gp: 0.185

[Rank 0] (epoch: 18, iters: 32128, time: 0.001, data: 0.001) , D_A: 0.227, G_A: 0.829, cycle_A: 0.162, D_B: 0.237, G_B: 0.983, cycle_B: 0.203, gp: 0.233

[Rank 0] (epoch: 18, iters: 33728, time: 0.001, data: 0.001) , D_A: 0.156, G_A: 0.927, cycle_A: 0.161, D_B: 0.288, G_B: 0.987, cycle_B: 0.185, gp: 0.283

learning rate 0.0002000 -> 0.0002000
temperature tau = 0.2768
End of epoch 18 / 50 	 Time Taken: 33 sec
[Rank 0] (epoch: 19, iters: 512, time: 0.001, data: 0.009) , D_A: 0.143, G_A: 0.968, cycle_A: 0.166, D_B: 0.229, G_B: 0.959, cycle_B: 0.181, gp: 0.225

[Rank 0] (epoch: 19, iters: 2112, time: 0.001, data: 0.000) , D_A: 0.163, G_A: 0.865, cycle_A: 0.172, D_B: 0.232, G_B: 0.959, cycle_B: 0.195, gp: 0.228

[Rank 0] (epoch: 19, iters: 3712, time: 0.001, data: 0.001) , D_A: 0.118, G_A: 0.988, cycle_A: 0.167, D_B: 0.150, G_B: 0.987, cycle_B: 0.189, gp: 0.146

[Rank 0] (epoch: 19, iters: 5312, time: 0.001, data: 0.001) , D_A: 0.156, G_A: 0.892, cycle_A: 0.151, D_B: 0.203, G_B: 0.947, cycle_B: 0.184, gp: 0.197

[Rank 0] (epoch: 19, iters: 6912, time: 0.001, data: 0.002) , D_A: 0.165, G_A: 0.984, cycle_A: 0.187, D_B: 0.190, G_B: 0.966, cycle_B: 0.186, gp: 0.185

[Rank 0] (epoch: 19, iters: 8512, time: 0.001, data: 0.001) , D_A: 0.131, G_A: 0.954, cycle_A: 0.164, D_B: 0.238, G_B: 0.950, cycle_B: 0.181, gp: 0.233

[Rank 0] (epoch: 19, iters: 10112, time: 0.001, data: 0.001) , D_A: 0.265, G_A: 1.000, cycle_A: 0.165, D_B: 0.182, G_B: 0.810, cycle_B: 0.191, gp: 0.178

[Rank 0] (epoch: 19, iters: 11712, time: 0.001, data: 0.001) , D_A: 0.169, G_A: 0.979, cycle_A: 0.166, D_B: 0.250, G_B: 0.958, cycle_B: 0.188, gp: 0.247

--- iter tau=0.2768 ---
  cipher in : pkbpkfnjnbncpkfpcnnmsrkfdprejpsqplnprjsingpsmcp ejpnlkgmnbplnprm
  decrypted :  nh ngeleher ng reeaoangp ail os me aloses oar pil emnsaeh me aa
  real plain: icago for as a creall hang his arond or neck or aach i o oher pa
  cipher in : jpepsjsbpcjknpkfpefpsrnfpjgapefcpepsjmcpejpejhpinnrpcsfpbsddpjek
  decrypted : l i oloh rlne ng ig oaeg lsk igr i olar il ila seea rog hopp lin
  real plain: nd heroic proporions of lierare he erms reneal and refreshed hic
[Rank 0] (epoch: 19, iters: 13312, time: 0.001, data: 0.002) , D_A: 0.188, G_A: 0.947, cycle_A: 0.165, D_B: 0.272, G_B: 0.946, cycle_B: 0.177, gp: 0.268

saving the latest model (epoch 19, total_iters 640000)
[Rank 0] (epoch: 19, iters: 14912, time: 0.001, data: 0.002) , D_A: 0.208, G_A: 0.964, cycle_A: 0.170, D_B: 0.245, G_B: 0.962, cycle_B: 0.186, gp: 0.240

[Rank 0] (epoch: 19, iters: 16512, time: 0.001, data: 0.001) , D_A: 0.190, G_A: 0.999, cycle_A: 0.160, D_B: 0.211, G_B: 1.057, cycle_B: 0.182, gp: 0.204

[Rank 0] (epoch: 19, iters: 18112, time: 0.001, data: 0.001) , D_A: 0.219, G_A: 0.988, cycle_A: 0.174, D_B: 0.212, G_B: 0.962, cycle_B: 0.174, gp: 0.207

[Rank 0] (epoch: 19, iters: 19712, time: 0.001, data: 0.001) , D_A: 0.244, G_A: 0.912, cycle_A: 0.170, D_B: 0.239, G_B: 1.006, cycle_B: 0.186, gp: 0.234

[Rank 0] (epoch: 19, iters: 21312, time: 0.001, data: 0.001) , D_A: 0.238, G_A: 0.908, cycle_A: 0.166, D_B: 0.201, G_B: 1.020, cycle_B: 0.187, gp: 0.196

[Rank 0] (epoch: 19, iters: 22912, time: 0.001, data: 0.001) , D_A: 0.194, G_A: 0.944, cycle_A: 0.170, D_B: 0.236, G_B: 0.911, cycle_B: 0.180, gp: 0.231

[Rank 0] (epoch: 19, iters: 24512, time: 0.001, data: 0.002) , D_A: 0.211, G_A: 1.028, cycle_A: 0.176, D_B: 0.289, G_B: 0.944, cycle_B: 0.177, gp: 0.284

[Rank 0] (epoch: 19, iters: 26112, time: 0.001, data: 0.002) , D_A: 0.133, G_A: 0.991, cycle_A: 0.167, D_B: 0.222, G_B: 0.968, cycle_B: 0.186, gp: 0.218

[Rank 0] (epoch: 19, iters: 27712, time: 0.001, data: 0.001) , D_A: 0.209, G_A: 0.929, cycle_A: 0.167, D_B: 0.316, G_B: 0.986, cycle_B: 0.175, gp: 0.311

[Rank 0] (epoch: 19, iters: 29312, time: 0.001, data: 0.001) , D_A: 0.216, G_A: 1.058, cycle_A: 0.165, D_B: 0.258, G_B: 1.064, cycle_B: 0.189, gp: 0.246

[Rank 0] (epoch: 19, iters: 30912, time: 0.001, data: 0.001) , D_A: 0.176, G_A: 0.976, cycle_A: 0.169, D_B: 0.194, G_B: 0.961, cycle_B: 0.191, gp: 0.190

[Rank 0] (epoch: 19, iters: 32512, time: 0.001, data: 0.001) , D_A: 0.264, G_A: 0.947, cycle_A: 0.164, D_B: 0.201, G_B: 0.991, cycle_B: 0.196, gp: 0.196

[Rank 0] (epoch: 19, iters: 34112, time: 0.001, data: 0.001) , D_A: 0.221, G_A: 1.003, cycle_A: 0.159, D_B: 0.363, G_B: 1.016, cycle_B: 0.196, gp: 0.358

learning rate 0.0002000 -> 0.0002000
temperature tau = 0.2679
End of epoch 19 / 50 	 Time Taken: 33 sec
[Rank 0] (epoch: 20, iters: 896, time: 0.001, data: 0.001) , D_A: 0.140, G_A: 0.986, cycle_A: 0.169, D_B: 0.206, G_B: 0.886, cycle_B: 0.195, gp: 0.198

[Rank 0] (epoch: 20, iters: 2496, time: 0.001, data: 0.000) , D_A: 0.256, G_A: 0.953, cycle_A: 0.172, D_B: 0.241, G_B: 0.958, cycle_B: 0.192, gp: 0.237

[Rank 0] (epoch: 20, iters: 4096, time: 0.001, data: 0.001) , D_A: 0.147, G_A: 0.901, cycle_A: 0.163, D_B: 0.109, G_B: 0.901, cycle_B: 0.195, gp: 0.099

[Rank 0] (epoch: 20, iters: 5696, time: 0.001, data: 0.001) , D_A: 0.174, G_A: 0.986, cycle_A: 0.158, D_B: 0.196, G_B: 0.969, cycle_B: 0.185, gp: 0.191

[Rank 0] (epoch: 20, iters: 7296, time: 0.001, data: 0.001) , D_A: 0.215, G_A: 0.961, cycle_A: 0.165, D_B: 0.173, G_B: 0.945, cycle_B: 0.190, gp: 0.167

[Rank 0] (epoch: 20, iters: 8896, time: 0.001, data: 0.001) , D_A: 0.196, G_A: 0.987, cycle_A: 0.157, D_B: 0.128, G_B: 0.976, cycle_B: 0.184, gp: 0.125

[Rank 0] (epoch: 20, iters: 10496, time: 0.001, data: 0.001) , D_A: 0.277, G_A: 0.840, cycle_A: 0.180, D_B: 0.179, G_B: 1.022, cycle_B: 0.200, gp: 0.175

[Rank 0] (epoch: 20, iters: 12096, time: 0.001, data: 0.001) , D_A: 0.246, G_A: 1.014, cycle_A: 0.176, D_B: 0.192, G_B: 0.904, cycle_B: 0.181, gp: 0.184

[Rank 0] (epoch: 20, iters: 13696, time: 0.001, data: 0.001) , D_A: 0.237, G_A: 1.011, cycle_A: 0.158, D_B: 0.189, G_B: 0.918, cycle_B: 0.184, gp: 0.182

[Rank 0] (epoch: 20, iters: 15296, time: 0.001, data: 0.001) , D_A: 0.136, G_A: 1.027, cycle_A: 0.168, D_B: 0.256, G_B: 0.971, cycle_B: 0.184, gp: 0.250

[Rank 0] (epoch: 20, iters: 16896, time: 0.001, data: 0.001) , D_A: 0.235, G_A: 0.981, cycle_A: 0.170, D_B: 0.179, G_B: 0.994, cycle_B: 0.175, gp: 0.176

--- iter tau=0.2679 ---
  cipher in : sdkgemprlkmsmsdkgempcnnmsrhnfpkpebplnjnqsjnpfspfkmplnpr mkgeksfp
  decrypted : opnsia acnaoaopnsia reeaoaaeg n id celesole go gna ce apansinog 
  real plain: ppropriae in he same manner as oher appropriaions are made b i h
  cipher in : nejpsslpgnjbpklsplnpmsbbpsqplnprjngkbksfpqsjhphjp jsfbpkfnfksfpe
  decrypted : eil ooc seld nco ce aodd os ce alesndnog sola al plogd ngegnog i
  real plain: ming and he nes didn cach p ih s ill e ere nearl home e came on 
[Rank 0] (epoch: 20, iters: 18496, time: 0.001, data: 0.001) , D_A: 0.843, G_A: 0.160, cycle_A: 0.155, D_B: 0.189, G_B: 0.989, cycle_B: 0.181, gp: 0.185

saving the latest model (epoch 20, total_iters 680000)
[Rank 0] (epoch: 20, iters: 20096, time: 0.001, data: 0.001) , D_A: 0.271, G_A: 0.972, cycle_A: 0.176, D_B: 0.237, G_B: 0.994, cycle_B: 0.181, gp: 0.232

[Rank 0] (epoch: 20, iters: 21696, time: 0.001, data: 0.001) , D_A: 0.185, G_A: 0.981, cycle_A: 0.164, D_B: 0.215, G_B: 0.991, cycle_B: 0.200, gp: 0.209

[Rank 0] (epoch: 20, iters: 23296, time: 0.001, data: 0.002) , D_A: 0.109, G_A: 1.003, cycle_A: 0.184, D_B: 0.167, G_B: 0.982, cycle_B: 0.190, gp: 0.164

[Rank 0] (epoch: 20, iters: 24896, time: 0.001, data: 0.001) , D_A: 0.212, G_A: 1.027, cycle_A: 0.166, D_B: 0.117, G_B: 1.005, cycle_B: 0.184, gp: 0.114

[Rank 0] (epoch: 20, iters: 26496, time: 0.001, data: 0.001) , D_A: 0.244, G_A: 0.972, cycle_A: 0.157, D_B: 0.256, G_B: 1.003, cycle_B: 0.184, gp: 0.252

[Rank 0] (epoch: 20, iters: 28096, time: 0.001, data: 0.001) , D_A: 0.160, G_A: 0.996, cycle_A: 0.166, D_B: 0.214, G_B: 0.975, cycle_B: 0.174, gp: 0.211

[Rank 0] (epoch: 20, iters: 29696, time: 0.001, data: 0.001) , D_A: 0.215, G_A: 1.001, cycle_A: 0.151, D_B: 0.247, G_B: 1.004, cycle_B: 0.188, gp: 0.243

[Rank 0] (epoch: 20, iters: 31296, time: 0.001, data: 0.001) , D_A: 0.197, G_A: 0.885, cycle_A: 0.178, D_B: 0.230, G_B: 1.001, cycle_B: 0.177, gp: 0.226

[Rank 0] (epoch: 20, iters: 32896, time: 0.001, data: 0.001) , D_A: 0.218, G_A: 0.998, cycle_A: 0.151, D_B: 0.141, G_B: 0.979, cycle_B: 0.178, gp: 0.136

[Rank 0] (epoch: 20, iters: 34496, time: 0.001, data: 0.001) , D_A: 0.271, G_A: 1.022, cycle_A: 0.168, D_B: 0.162, G_B: 0.922, cycle_B: 0.176, gp: 0.155

learning rate 0.0002000 -> 0.0002000
temperature tau = 0.2592
End of epoch 20 / 50 	 Time Taken: 32 sec
[Rank 0] (epoch: 21, iters: 1280, time: 0.001, data: 0.001) , D_A: 0.259, G_A: 0.975, cycle_A: 0.156, D_B: 0.191, G_B: 0.960, cycle_B: 0.180, gp: 0.187

[Rank 0] (epoch: 21, iters: 2880, time: 0.001, data: 0.001) , D_A: 0.216, G_A: 0.917, cycle_A: 0.171, D_B: 0.112, G_B: 1.031, cycle_B: 0.177, gp: 0.103

[Rank 0] (epoch: 21, iters: 4480, time: 0.001, data: 0.001) , D_A: 0.162, G_A: 1.005, cycle_A: 0.171, D_B: 0.232, G_B: 1.040, cycle_B: 0.176, gp: 0.228

[Rank 0] (epoch: 21, iters: 6080, time: 0.001, data: 0.001) , D_A: 0.162, G_A: 0.991, cycle_A: 0.165, D_B: 0.122, G_B: 0.942, cycle_B: 0.186, gp: 0.117

[Rank 0] (epoch: 21, iters: 7680, time: 0.001, data: 0.001) , D_A: 0.150, G_A: 0.974, cycle_A: 0.167, D_B: 0.186, G_B: 0.952, cycle_B: 0.189, gp: 0.182

[Rank 0] (epoch: 21, iters: 9280, time: 0.001, data: 0.001) , D_A: 0.141, G_A: 1.003, cycle_A: 0.164, D_B: 0.144, G_B: 0.954, cycle_B: 0.190, gp: 0.140

[Rank 0] (epoch: 21, iters: 10880, time: 0.001, data: 0.001) , D_A: 0.179, G_A: 0.968, cycle_A: 0.180, D_B: 0.229, G_B: 1.075, cycle_B: 0.176, gp: 0.221

[Rank 0] (epoch: 21, iters: 12480, time: 0.001, data: 0.001) , D_A: 0.238, G_A: 1.150, cycle_A: 0.176, D_B: 0.246, G_B: 1.011, cycle_B: 0.195, gp: 0.241

[Rank 0] (epoch: 21, iters: 14080, time: 0.001, data: 0.001) , D_A: 0.228, G_A: 0.902, cycle_A: 0.169, D_B: 0.209, G_B: 1.002, cycle_B: 0.190, gp: 0.205

[Rank 0] (epoch: 21, iters: 15680, time: 0.001, data: 0.001) , D_A: 0.183, G_A: 0.993, cycle_A: 0.154, D_B: 0.206, G_B: 0.915, cycle_B: 0.192, gp: 0.200

[Rank 0] (epoch: 21, iters: 17280, time: 0.001, data: 0.001) , D_A: 0.234, G_A: 0.932, cycle_A: 0.153, D_B: 0.170, G_B: 0.990, cycle_B: 0.182, gp: 0.166

[Rank 0] (epoch: 21, iters: 18880, time: 0.001, data: 0.001) , D_A: 0.180, G_A: 0.997, cycle_A: 0.166, D_B: 0.232, G_B: 0.970, cycle_B: 0.179, gp: 0.225

[Rank 0] (epoch: 21, iters: 20480, time: 0.001, data: 0.001) , D_A: 0.228, G_A: 0.987, cycle_A: 0.154, D_B: 0.226, G_B: 1.035, cycle_B: 0.181, gp: 0.219

[Rank 0] (epoch: 21, iters: 22080, time: 0.001, data: 0.001) , D_A: 0.123, G_A: 0.918, cycle_A: 0.165, D_B: 0.136, G_B: 1.011, cycle_B: 0.185, gp: 0.132

--- iter tau=0.2592 ---
  cipher in : efp pfspbssfnjpebplnpjnhejapsplefpepafsgapeplkbpcssjps mkdncplkh
  decrypted : ig p go hoogel ih ce leailk o cig i kgosk i cnh rool opanper cna
  real plain: r allos him abo a fiemine res period before saring him on for co
  cipher in : sjnplkbpebprkgempsqpbglpdehnbplkglpnjnpnejfnbmprmencpspkfpefcprj
  decrypted : ole cnh ih ansia os hsc piaeh cnsc ele eilgeha aaier o ng igr al
  real plain: pending pon personali facors in he indiidal as ell as pon his so
[Rank 0] (epoch: 21, iters: 23680, time: 0.001, data: 0.001) , D_A: 0.205, G_A: 0.995, cycle_A: 0.161, D_B: 0.143, G_B: 0.959, cycle_B: 0.183, gp: 0.140

saving the latest model (epoch 21, total_iters 720000)
[Rank 0] (epoch: 21, iters: 25280, time: 0.001, data: 0.001) , D_A: 0.198, G_A: 0.946, cycle_A: 0.161, D_B: 0.190, G_B: 1.019, cycle_B: 0.176, gp: 0.186

[Rank 0] (epoch: 21, iters: 26880, time: 0.001, data: 0.001) , D_A: 0.222, G_A: 0.946, cycle_A: 0.174, D_B: 0.224, G_B: 0.997, cycle_B: 0.193, gp: 0.219

[Rank 0] (epoch: 21, iters: 28480, time: 0.001, data: 0.001) , D_A: 0.135, G_A: 0.982, cycle_A: 0.163, D_B: 0.200, G_B: 0.986, cycle_B: 0.181, gp: 0.196

[Rank 0] (epoch: 21, iters: 30080, time: 0.001, data: 0.001) , D_A: 0.194, G_A: 0.963, cycle_A: 0.149, D_B: 0.118, G_B: 0.995, cycle_B: 0.168, gp: 0.114

[Rank 0] (epoch: 21, iters: 31680, time: 0.001, data: 0.001) , D_A: 0.152, G_A: 0.985, cycle_A: 0.166, D_B: 0.179, G_B: 0.942, cycle_B: 0.176, gp: 0.172

[Rank 0] (epoch: 21, iters: 33280, time: 0.001, data: 0.001) , D_A: 0.102, G_A: 0.966, cycle_A: 0.152, D_B: 0.149, G_B: 0.994, cycle_B: 0.179, gp: 0.146

learning rate 0.0002000 -> 0.0002000
temperature tau = 0.2508
End of epoch 21 / 50 	 Time Taken: 30 sec
[Rank 0] (epoch: 22, iters: 64, time: 0.001, data: 0.001) , D_A: 0.168, G_A: 0.973, cycle_A: 0.159, D_B: 0.262, G_B: 0.977, cycle_B: 0.180, gp: 0.259

[Rank 0] (epoch: 22, iters: 1664, time: 0.001, data: 0.000) , D_A: 0.212, G_A: 0.984, cycle_A: 0.176, D_B: 0.234, G_B: 0.963, cycle_B: 0.186, gp: 0.231

[Rank 0] (epoch: 22, iters: 3264, time: 0.001, data: 0.001) , D_A: 0.421, G_A: 0.552, cycle_A: 0.158, D_B: 0.212, G_B: 0.977, cycle_B: 0.183, gp: 0.208

[Rank 0] (epoch: 22, iters: 4864, time: 0.001, data: 0.001) , D_A: 0.179, G_A: 1.005, cycle_A: 0.165, D_B: 0.157, G_B: 0.987, cycle_B: 0.179, gp: 0.154

[Rank 0] (epoch: 22, iters: 6464, time: 0.001, data: 0.001) , D_A: 0.178, G_A: 0.938, cycle_A: 0.169, D_B: 0.124, G_B: 0.974, cycle_B: 0.185, gp: 0.120

[Rank 0] (epoch: 22, iters: 8064, time: 0.001, data: 0.001) , D_A: 0.198, G_A: 0.967, cycle_A: 0.170, D_B: 0.196, G_B: 0.988, cycle_B: 0.184, gp: 0.194

[Rank 0] (epoch: 22, iters: 9664, time: 0.001, data: 0.001) , D_A: 0.182, G_A: 0.998, cycle_A: 0.168, D_B: 0.181, G_B: 1.006, cycle_B: 0.190, gp: 0.176

[Rank 0] (epoch: 22, iters: 11264, time: 0.001, data: 0.001) , D_A: 0.118, G_A: 0.961, cycle_A: 0.164, D_B: 0.231, G_B: 1.034, cycle_B: 0.176, gp: 0.226

[Rank 0] (epoch: 22, iters: 12864, time: 0.001, data: 0.001) , D_A: 0.171, G_A: 0.984, cycle_A: 0.173, D_B: 0.204, G_B: 0.961, cycle_B: 0.178, gp: 0.197

[Rank 0] (epoch: 22, iters: 14464, time: 0.001, data: 0.001) , D_A: 0.232, G_A: 0.936, cycle_A: 0.157, D_B: 0.154, G_B: 0.998, cycle_B: 0.190, gp: 0.150

[Rank 0] (epoch: 22, iters: 16064, time: 0.001, data: 0.001) , D_A: 0.200, G_A: 0.975, cycle_A: 0.171, D_B: 0.197, G_B: 0.992, cycle_B: 0.183, gp: 0.194

[Rank 0] (epoch: 22, iters: 17664, time: 0.001, data: 0.001) , D_A: 0.201, G_A: 0.999, cycle_A: 0.156, D_B: 0.300, G_B: 1.010, cycle_B: 0.196, gp: 0.296

[Rank 0] (epoch: 22, iters: 19264, time: 0.001, data: 0.001) , D_A: 0.197, G_A: 0.954, cycle_A: 0.165, D_B: 0.305, G_B: 0.928, cycle_B: 0.176, gp: 0.301

[Rank 0] (epoch: 22, iters: 20864, time: 0.001, data: 0.001) , D_A: 0.324, G_A: 0.847, cycle_A: 0.365, D_B: 0.303, G_B: 0.765, cycle_B: 0.552, gp: 0.279

[Rank 0] (epoch: 22, iters: 22464, time: 0.001, data: 0.001) , D_A: 0.164, G_A: 0.960, cycle_A: 0.119, D_B: 0.270, G_B: 1.030, cycle_B: 0.103, gp: 0.262

[Rank 0] (epoch: 22, iters: 24064, time: 0.001, data: 0.001) , D_A: 0.244, G_A: 1.000, cycle_A: 0.105, D_B: 0.199, G_B: 0.960, cycle_B: 0.088, gp: 0.194

[Rank 0] (epoch: 22, iters: 25664, time: 0.001, data: 0.001) , D_A: 0.229, G_A: 0.981, cycle_A: 0.087, D_B: 0.175, G_B: 0.993, cycle_B: 0.087, gp: 0.168

[Rank 0] (epoch: 22, iters: 27264, time: 0.001, data: 0.001) , D_A: 0.239, G_A: 0.943, cycle_A: 0.082, D_B: 0.274, G_B: 0.922, cycle_B: 0.082, gp: 0.266

--- iter tau=0.2508 ---
  cipher in : njplkfdbplnprmefpspcspspslnjbplnpjekfplnphkfapefcpslnjpefkhembps
  decrypted : el mngdh me daig o ro o omelh me ling me angk igr omel ignaiah o
  real plain: he as he dresbachs son and all hree ere aken o he edgeaer saion 
  cipher in : jcbplnpedsfpkqplnpblsncpbkdfbpsqpgsmmngkfdplkbpjkqmnpefcpdskfdp 
  decrypted : lrh me idog nb me hmoer hndgh ob soaaesngd mnh lnbae igr dongd p
  real plain:  sea alls alernael pained ello and black he brone cannon a he po
[Rank 0] (epoch: 22, iters: 28864, time: 0.001, data: 0.001) , D_A: 0.192, G_A: 1.039, cycle_A: 0.085, D_B: 0.275, G_B: 0.946, cycle_B: 0.080, gp: 0.270

saving the latest model (epoch 22, total_iters 760000)
[Rank 0] (epoch: 22, iters: 30464, time: 0.001, data: 0.001) , D_A: 0.187, G_A: 0.961, cycle_A: 0.085, D_B: 0.169, G_B: 0.917, cycle_B: 0.087, gp: 0.161

[Rank 0] (epoch: 22, iters: 32064, time: 0.001, data: 0.001) , D_A: 0.330, G_A: 1.002, cycle_A: 0.086, D_B: 0.171, G_B: 1.004, cycle_B: 0.079, gp: 0.166

[Rank 0] (epoch: 22, iters: 33664, time: 0.001, data: 0.001) , D_A: 0.192, G_A: 0.956, cycle_A: 0.083, D_B: 0.298, G_B: 0.988, cycle_B: 0.085, gp: 0.294

learning rate 0.0002000 -> 0.0002000
temperature tau = 0.2427
End of epoch 22 / 50 	 Time Taken: 31 sec
[Rank 0] (epoch: 23, iters: 448, time: 0.001, data: 0.001) , D_A: 0.240, G_A: 0.990, cycle_A: 0.079, D_B: 0.241, G_B: 0.921, cycle_B: 0.077, gp: 0.235

[Rank 0] (epoch: 23, iters: 2048, time: 0.001, data: 0.002) , D_A: 0.170, G_A: 0.959, cycle_A: 0.083, D_B: 0.293, G_B: 0.948, cycle_B: 0.073, gp: 0.288

[Rank 0] (epoch: 23, iters: 3648, time: 0.001, data: 0.001) , D_A: 0.140, G_A: 0.997, cycle_A: 0.083, D_B: 0.192, G_B: 0.990, cycle_B: 0.087, gp: 0.186

[Rank 0] (epoch: 23, iters: 5248, time: 0.001, data: 0.001) , D_A: 0.101, G_A: 0.960, cycle_A: 0.080, D_B: 0.135, G_B: 1.001, cycle_B: 0.077, gp: 0.130

[Rank 0] (epoch: 23, iters: 6848, time: 0.001, data: 0.001) , D_A: 0.170, G_A: 1.024, cycle_A: 0.084, D_B: 0.203, G_B: 0.927, cycle_B: 0.080, gp: 0.195

[Rank 0] (epoch: 23, iters: 8448, time: 0.001, data: 0.001) , D_A: 0.112, G_A: 0.995, cycle_A: 0.081, D_B: 0.185, G_B: 1.004, cycle_B: 0.083, gp: 0.179

[Rank 0] (epoch: 23, iters: 10048, time: 0.001, data: 0.001) , D_A: 0.245, G_A: 0.963, cycle_A: 0.094, D_B: 0.290, G_B: 0.738, cycle_B: 0.073, gp: 0.253

[Rank 0] (epoch: 23, iters: 11648, time: 0.001, data: 0.001) , D_A: 0.270, G_A: 0.946, cycle_A: 0.084, D_B: 0.226, G_B: 0.971, cycle_B: 0.075, gp: 0.221

[Rank 0] (epoch: 23, iters: 13248, time: 0.001, data: 0.001) , D_A: 0.160, G_A: 1.012, cycle_A: 0.086, D_B: 0.252, G_B: 0.932, cycle_B: 0.070, gp: 0.248

[Rank 0] (epoch: 23, iters: 14848, time: 0.001, data: 0.001) , D_A: 0.182, G_A: 0.995, cycle_A: 0.081, D_B: 0.258, G_B: 0.978, cycle_B: 0.080, gp: 0.253

[Rank 0] (epoch: 23, iters: 16448, time: 0.001, data: 0.001) , D_A: 0.137, G_A: 0.992, cycle_A: 0.089, D_B: 0.181, G_B: 0.954, cycle_B: 0.085, gp: 0.175

[Rank 0] (epoch: 23, iters: 18048, time: 0.001, data: 0.001) , D_A: 0.095, G_A: 0.971, cycle_A: 0.085, D_B: 0.225, G_B: 0.941, cycle_B: 0.074, gp: 0.216

[Rank 0] (epoch: 23, iters: 19648, time: 0.001, data: 0.001) , D_A: 0.187, G_A: 0.979, cycle_A: 0.083, D_B: 0.276, G_B: 0.967, cycle_B: 0.082, gp: 0.270

[Rank 0] (epoch: 23, iters: 21248, time: 0.001, data: 0.001) , D_A: 0.200, G_A: 0.975, cycle_A: 0.090, D_B: 0.332, G_B: 1.125, cycle_B: 0.077, gp: 0.306

[Rank 0] (epoch: 23, iters: 22848, time: 0.001, data: 0.001) , D_A: 0.174, G_A: 0.989, cycle_A: 0.086, D_B: 0.271, G_B: 0.976, cycle_B: 0.076, gp: 0.266

[Rank 0] (epoch: 23, iters: 24448, time: 0.001, data: 0.001) , D_A: 0.126, G_A: 0.927, cycle_A: 0.079, D_B: 0.177, G_B: 0.873, cycle_B: 0.070, gp: 0.171

[Rank 0] (epoch: 23, iters: 26048, time: 0.001, data: 0.001) , D_A: 0.137, G_A: 0.981, cycle_A: 0.082, D_B: 0.193, G_B: 1.027, cycle_B: 0.080, gp: 0.189

[Rank 0] (epoch: 23, iters: 27648, time: 0.001, data: 0.001) , D_A: 0.188, G_A: 0.992, cycle_A: 0.080, D_B: 0.310, G_B: 0.947, cycle_B: 0.078, gp: 0.307

[Rank 0] (epoch: 23, iters: 29248, time: 0.001, data: 0.001) , D_A: 0.171, G_A: 0.999, cycle_A: 0.085, D_B: 0.124, G_B: 0.975, cycle_B: 0.078, gp: 0.119

[Rank 0] (epoch: 23, iters: 30848, time: 0.001, data: 0.001) , D_A: 0.197, G_A: 0.952, cycle_A: 0.088, D_B: 0.172, G_B: 0.942, cycle_B: 0.078, gp: 0.165

[Rank 0] (epoch: 23, iters: 32448, time: 0.001, data: 0.001) , D_A: 0.125, G_A: 0.925, cycle_A: 0.084, D_B: 0.260, G_B: 0.983, cycle_B: 0.080, gp: 0.256

--- iter tau=0.2427 ---
  cipher in : prjrsbnpsqplnpgsjrbpsjpkbpnmgshnpjngnrksfpe jsecplkbpsjcbpnjnpln
  decrypted :  dldohe ob me soldh ol nh easoae lesednof iploir mnh olrh ele me
  real plain: een hich is mached in he spring among hose ih reseraions are mes
  cipher in : snmbphefbplsrnplkbphedfkqkgnfp pdjnempfcnjnbkhencp ssaplkglp sck
  decrypted : oeah aifh mode mnh aidfnbnsef p dleia frelehnaier pook mnsm porn
  real plain: aring aid and o hear msic i is a msic like he msic from a grea o
[Rank 0] (epoch: 23, iters: 34048, time: 0.001, data: 0.001) , D_A: 0.160, G_A: 1.044, cycle_A: 0.088, D_B: 0.418, G_B: 0.848, cycle_B: 0.083, gp: 0.404

saving the latest model (epoch 23, total_iters 800000)
learning rate 0.0002000 -> 0.0002000
temperature tau = 0.2349
End of epoch 23 / 50 	 Time Taken: 32 sec
[Rank 0] (epoch: 24, iters: 832, time: 0.001, data: 0.001) , D_A: 0.232, G_A: 0.852, cycle_A: 0.083, D_B: 0.337, G_B: 0.994, cycle_B: 0.085, gp: 0.334

[Rank 0] (epoch: 24, iters: 2432, time: 0.001, data: 0.000) , D_A: 0.172, G_A: 0.990, cycle_A: 0.076, D_B: 0.252, G_B: 0.964, cycle_B: 0.080, gp: 0.244

[Rank 0] (epoch: 24, iters: 4032, time: 0.001, data: 0.001) , D_A: 0.130, G_A: 1.011, cycle_A: 0.081, D_B: 0.262, G_B: 0.845, cycle_B: 0.086, gp: 0.251

[Rank 0] (epoch: 24, iters: 5632, time: 0.001, data: 0.001) , D_A: 0.208, G_A: 0.912, cycle_A: 0.078, D_B: 0.155, G_B: 0.991, cycle_B: 0.077, gp: 0.151

[Rank 0] (epoch: 24, iters: 7232, time: 0.001, data: 0.001) , D_A: 0.150, G_A: 0.938, cycle_A: 0.078, D_B: 0.260, G_B: 0.968, cycle_B: 0.073, gp: 0.256

[Rank 0] (epoch: 24, iters: 8832, time: 0.001, data: 0.001) , D_A: 0.203, G_A: 0.976, cycle_A: 0.081, D_B: 0.159, G_B: 0.989, cycle_B: 0.080, gp: 0.155

[Rank 0] (epoch: 24, iters: 10432, time: 0.001, data: 0.001) , D_A: 0.189, G_A: 0.938, cycle_A: 0.080, D_B: 0.280, G_B: 0.845, cycle_B: 0.089, gp: 0.270

[Rank 0] (epoch: 24, iters: 12032, time: 0.001, data: 0.001) , D_A: 0.271, G_A: 1.004, cycle_A: 0.076, D_B: 0.142, G_B: 0.975, cycle_B: 0.079, gp: 0.136

[Rank 0] (epoch: 24, iters: 13632, time: 0.001, data: 0.001) , D_A: 0.227, G_A: 0.975, cycle_A: 0.079, D_B: 0.141, G_B: 0.944, cycle_B: 0.078, gp: 0.138

[Rank 0] (epoch: 24, iters: 15232, time: 0.001, data: 0.001) , D_A: 0.185, G_A: 0.924, cycle_A: 0.085, D_B: 0.152, G_B: 0.999, cycle_B: 0.085, gp: 0.148

[Rank 0] (epoch: 24, iters: 16832, time: 0.001, data: 0.001) , D_A: 0.239, G_A: 0.995, cycle_A: 0.080, D_B: 0.257, G_B: 0.974, cycle_B: 0.085, gp: 0.253

[Rank 0] (epoch: 24, iters: 18432, time: 0.001, data: 0.001) , D_A: 0.140, G_A: 0.971, cycle_A: 0.082, D_B: 0.242, G_B: 0.870, cycle_B: 0.074, gp: 0.238

[Rank 0] (epoch: 24, iters: 20032, time: 0.001, data: 0.001) , D_A: 0.301, G_A: 0.997, cycle_A: 0.075, D_B: 0.230, G_B: 1.001, cycle_B: 0.073, gp: 0.226

[Rank 0] (epoch: 24, iters: 21632, time: 0.001, data: 0.001) , D_A: 0.256, G_A: 0.959, cycle_A: 0.083, D_B: 0.218, G_B: 0.899, cycle_B: 0.083, gp: 0.215

[Rank 0] (epoch: 24, iters: 23232, time: 0.001, data: 0.001) , D_A: 0.234, G_A: 1.052, cycle_A: 0.076, D_B: 0.179, G_B: 0.934, cycle_B: 0.082, gp: 0.173

[Rank 0] (epoch: 24, iters: 24832, time: 0.001, data: 0.001) , D_A: 0.104, G_A: 1.002, cycle_A: 0.083, D_B: 0.251, G_B: 0.985, cycle_B: 0.082, gp: 0.247

[Rank 0] (epoch: 24, iters: 26432, time: 0.001, data: 0.001) , D_A: 0.231, G_A: 0.979, cycle_A: 0.083, D_B: 0.179, G_B: 0.949, cycle_B: 0.083, gp: 0.175

[Rank 0] (epoch: 24, iters: 28032, time: 0.001, data: 0.001) , D_A: 0.302, G_A: 0.996, cycle_A: 0.083, D_B: 0.221, G_B: 0.977, cycle_B: 0.073, gp: 0.216

[Rank 0] (epoch: 24, iters: 29632, time: 0.001, data: 0.001) , D_A: 0.177, G_A: 0.948, cycle_A: 0.078, D_B: 0.260, G_B: 0.834, cycle_B: 0.078, gp: 0.247

[Rank 0] (epoch: 24, iters: 31232, time: 0.001, data: 0.001) , D_A: 0.141, G_A: 1.005, cycle_A: 0.081, D_B: 0.301, G_B: 0.944, cycle_B: 0.076, gp: 0.298

[Rank 0] (epoch: 24, iters: 32832, time: 0.001, data: 0.001) , D_A: 0.215, G_A: 1.011, cycle_A: 0.089, D_B: 0.190, G_B: 0.953, cycle_B: 0.069, gp: 0.187

[Rank 0] (epoch: 24, iters: 34432, time: 0.001, data: 0.001) , D_A: 0.203, G_A: 1.104, cycle_A: 0.082, D_B: 0.234, G_B: 1.024, cycle_B: 0.076, gp: 0.230

learning rate 0.0002000 -> 0.0002000
temperature tau = 0.2273
End of epoch 24 / 50 	 Time Taken: 32 sec
[Rank 0] (epoch: 25, iters: 1216, time: 0.001, data: 0.001) , D_A: 0.176, G_A: 0.972, cycle_A: 0.083, D_B: 0.232, G_B: 0.969, cycle_B: 0.081, gp: 0.227

[Rank 0] (epoch: 25, iters: 2816, time: 0.001, data: 0.001) , D_A: 0.301, G_A: 0.899, cycle_A: 0.079, D_B: 0.966, G_B: 0.077, cycle_B: 0.071, gp: 0.313

--- iter tau=0.2273 ---
  cipher in : kcpfsprnjhkpcsdmebbpspcnnjhkfnpfkonmplnpbregnpdjsrp pepfndeknpnb
  decrypted : nr fo delan rodaihh o reelanfe fnaea me hdise dlod p i fedine eh
  real plain: s from he proecion of a groe of rees here as a ligh in blacks fr
  cipher in : npjkcnpeplkbpbrnncpnnfpkfpepljnnqsspglsrpblnpembsp efabpkfspepjf
  decrypted : e lnre i mnh hdeer eef nf i mleeboo smod hme iaho pifkh nfo i lf
  real plain:  heir gard his problem hen became one of resraining he american 
[Rank 0] (epoch: 25, iters: 4416, time: 0.001, data: 0.001) , D_A: 0.231, G_A: 1.005, cycle_A: 0.084, D_B: 0.285, G_B: 0.995, cycle_B: 0.081, gp: 0.281

saving the latest model (epoch 25, total_iters 840000)
[Rank 0] (epoch: 25, iters: 6016, time: 0.001, data: 0.001) , D_A: 0.238, G_A: 0.997, cycle_A: 0.096, D_B: 0.266, G_B: 0.976, cycle_B: 0.086, gp: 0.261

[Rank 0] (epoch: 25, iters: 7616, time: 0.001, data: 0.001) , D_A: 0.209, G_A: 0.962, cycle_A: 0.083, D_B: 0.268, G_B: 0.957, cycle_B: 0.074, gp: 0.265

[Rank 0] (epoch: 25, iters: 9216, time: 0.001, data: 0.001) , D_A: 0.154, G_A: 0.971, cycle_A: 0.082, D_B: 0.154, G_B: 0.973, cycle_B: 0.079, gp: 0.150

[Rank 0] (epoch: 25, iters: 10816, time: 0.001, data: 0.001) , D_A: 0.190, G_A: 0.983, cycle_A: 0.083, D_B: 0.300, G_B: 0.987, cycle_B: 0.074, gp: 0.296

[Rank 0] (epoch: 25, iters: 12416, time: 0.001, data: 0.001) , D_A: 0.240, G_A: 0.966, cycle_A: 0.089, D_B: 0.177, G_B: 0.981, cycle_B: 0.085, gp: 0.173

[Rank 0] (epoch: 25, iters: 14016, time: 0.001, data: 0.001) , D_A: 0.159, G_A: 0.960, cycle_A: 0.082, D_B: 0.234, G_B: 0.987, cycle_B: 0.085, gp: 0.230

[Rank 0] (epoch: 25, iters: 15616, time: 0.001, data: 0.001) , D_A: 0.173, G_A: 1.079, cycle_A: 0.087, D_B: 0.238, G_B: 0.945, cycle_B: 0.079, gp: 0.233

[Rank 0] (epoch: 25, iters: 17216, time: 0.001, data: 0.001) , D_A: 0.190, G_A: 1.034, cycle_A: 0.081, D_B: 0.222, G_B: 0.969, cycle_B: 0.078, gp: 0.220

[Rank 0] (epoch: 25, iters: 18816, time: 0.001, data: 0.001) , D_A: 0.231, G_A: 0.947, cycle_A: 0.081, D_B: 0.292, G_B: 0.987, cycle_B: 0.077, gp: 0.288

[Rank 0] (epoch: 25, iters: 20416, time: 0.001, data: 0.001) , D_A: 0.287, G_A: 0.365, cycle_A: 0.081, D_B: 0.194, G_B: 1.000, cycle_B: 0.073, gp: 0.185

[Rank 0] (epoch: 25, iters: 22016, time: 0.001, data: 0.001) , D_A: 0.177, G_A: 0.978, cycle_A: 0.090, D_B: 0.202, G_B: 0.917, cycle_B: 0.087, gp: 0.197

[Rank 0] (epoch: 25, iters: 23616, time: 0.001, data: 0.001) , D_A: 0.229, G_A: 0.961, cycle_A: 0.082, D_B: 0.188, G_B: 0.986, cycle_B: 0.084, gp: 0.185

[Rank 0] (epoch: 25, iters: 25216, time: 0.001, data: 0.001) , D_A: 0.154, G_A: 0.971, cycle_A: 0.081, D_B: 0.133, G_B: 0.981, cycle_B: 0.071, gp: 0.131

[Rank 0] (epoch: 25, iters: 26816, time: 0.001, data: 0.001) , D_A: 0.143, G_A: 0.970, cycle_A: 0.083, D_B: 0.234, G_B: 0.962, cycle_B: 0.083, gp: 0.231

[Rank 0] (epoch: 25, iters: 28416, time: 0.001, data: 0.001) , D_A: 0.217, G_A: 0.954, cycle_A: 0.082, D_B: 0.198, G_B: 0.979, cycle_B: 0.081, gp: 0.194

[Rank 0] (epoch: 25, iters: 30016, time: 0.001, data: 0.001) , D_A: 0.228, G_A: 1.005, cycle_A: 0.072, D_B: 0.264, G_B: 1.035, cycle_B: 0.076, gp: 0.255

[Rank 0] (epoch: 25, iters: 31616, time: 0.001, data: 0.001) , D_A: 0.294, G_A: 0.971, cycle_A: 0.087, D_B: 0.114, G_B: 0.987, cycle_B: 0.078, gp: 0.111

[Rank 0] (epoch: 25, iters: 33216, time: 0.001, data: 0.001) , D_A: 0.254, G_A: 0.988, cycle_A: 0.083, D_B: 0.347, G_B: 0.950, cycle_B: 0.071, gp: 0.342

[Rank 0] (epoch: 25, iters: 34816, time: 0.001, data: 0.001) , D_A: 0.126, G_A: 1.020, cycle_A: 0.083, D_B: 0.235, G_B: 0.972, cycle_B: 0.074, gp: 0.230

learning rate 0.0002000 -> 0.0002000
temperature tau = 0.2200
End of epoch 25 / 50 	 Time Taken: 32 sec
[Rank 0] (epoch: 26, iters: 1600, time: 0.001, data: 0.115) , D_A: 0.216, G_A: 0.962, cycle_A: 0.079, D_B: 0.157, G_B: 0.993, cycle_B: 0.073, gp: 0.152

[Rank 0] (epoch: 26, iters: 3200, time: 0.001, data: 0.001) , D_A: 0.217, G_A: 1.000, cycle_A: 0.083, D_B: 0.250, G_B: 0.858, cycle_B: 0.079, gp: 0.238

[Rank 0] (epoch: 26, iters: 4800, time: 0.001, data: 0.001) , D_A: 0.277, G_A: 0.987, cycle_A: 0.078, D_B: 0.203, G_B: 0.956, cycle_B: 0.075, gp: 0.199

[Rank 0] (epoch: 26, iters: 6400, time: 0.001, data: 0.001) , D_A: 0.214, G_A: 0.996, cycle_A: 0.080, D_B: 0.186, G_B: 0.941, cycle_B: 0.085, gp: 0.179

[Rank 0] (epoch: 26, iters: 8000, time: 0.001, data: 0.001) , D_A: 0.179, G_A: 0.973, cycle_A: 0.079, D_B: 0.172, G_B: 0.939, cycle_B: 0.082, gp: 0.166

--- iter tau=0.2200 ---
  cipher in : spdnbbncpbekcpcjkfapsjp nnjphkjegmsbmplnp smnpebpbkmmpkfphplefcp
  decrypted : o dehher hinr rlnfk ol peel anlisaoha ce poae ih hnaa nf a cifr 
  real plain:  fogh he commiee before and had alas los his ime he ere mch beer
  cipher in : splepglefdnbpkfpkpjnbmkfdpqjshp sjkfdpefcpbjsakfdpgefp npgshrncp
  decrypted : o ci scifdeh nf n lehanfd bloa polnfd ifr hloknfd sif pe soader 
  real plain:  has eaker sress han do if ork is sbsied for hings ih more eac c
[Rank 0] (epoch: 26, iters: 9600, time: 0.001, data: 0.001) , D_A: 0.120, G_A: 1.043, cycle_A: 0.082, D_B: 0.200, G_B: 1.010, cycle_B: 0.080, gp: 0.197

saving the latest model (epoch 26, total_iters 880000)
[Rank 0] (epoch: 26, iters: 11200, time: 0.001, data: 0.002) , D_A: 0.186, G_A: 0.984, cycle_A: 0.085, D_B: 0.203, G_B: 0.988, cycle_B: 0.072, gp: 0.199

[Rank 0] (epoch: 26, iters: 12800, time: 0.001, data: 0.001) , D_A: 0.221, G_A: 1.028, cycle_A: 0.080, D_B: 0.257, G_B: 0.997, cycle_B: 0.085, gp: 0.254

[Rank 0] (epoch: 26, iters: 14400, time: 0.001, data: 0.001) , D_A: 0.187, G_A: 1.004, cycle_A: 0.084, D_B: 0.199, G_B: 0.931, cycle_B: 0.078, gp: 0.195

[Rank 0] (epoch: 26, iters: 16000, time: 0.001, data: 0.001) , D_A: 0.201, G_A: 0.972, cycle_A: 0.086, D_B: 0.169, G_B: 1.010, cycle_B: 0.082, gp: 0.166

[Rank 0] (epoch: 26, iters: 17600, time: 0.001, data: 0.001) , D_A: 0.164, G_A: 0.978, cycle_A: 0.078, D_B: 0.144, G_B: 0.901, cycle_B: 0.084, gp: 0.139

[Rank 0] (epoch: 26, iters: 19200, time: 0.001, data: 0.001) , D_A: 0.243, G_A: 0.943, cycle_A: 0.075, D_B: 0.257, G_B: 0.902, cycle_B: 0.073, gp: 0.249

[Rank 0] (epoch: 26, iters: 20800, time: 0.001, data: 0.001) , D_A: 0.228, G_A: 0.984, cycle_A: 0.090, D_B: 0.242, G_B: 1.055, cycle_B: 0.091, gp: 0.235

[Rank 0] (epoch: 26, iters: 22400, time: 0.001, data: 0.001) , D_A: 0.221, G_A: 0.959, cycle_A: 0.075, D_B: 0.292, G_B: 0.927, cycle_B: 0.077, gp: 0.288

[Rank 0] (epoch: 26, iters: 24000, time: 0.001, data: 0.001) , D_A: 0.191, G_A: 0.951, cycle_A: 0.087, D_B: 0.227, G_B: 0.902, cycle_B: 0.079, gp: 0.219

[Rank 0] (epoch: 26, iters: 25600, time: 0.001, data: 0.001) , D_A: 0.221, G_A: 0.971, cycle_A: 0.086, D_B: 0.247, G_B: 0.960, cycle_B: 0.070, gp: 0.244

[Rank 0] (epoch: 26, iters: 27200, time: 0.001, data: 0.001) , D_A: 0.216, G_A: 1.005, cycle_A: 0.075, D_B: 0.168, G_B: 0.993, cycle_B: 0.076, gp: 0.166

[Rank 0] (epoch: 26, iters: 28800, time: 0.001, data: 0.001) , D_A: 0.130, G_A: 0.973, cycle_A: 0.077, D_B: 0.162, G_B: 0.902, cycle_B: 0.077, gp: 0.156

[Rank 0] (epoch: 26, iters: 30400, time: 0.001, data: 0.001) , D_A: 0.223, G_A: 0.917, cycle_A: 0.088, D_B: 0.224, G_B: 0.964, cycle_B: 0.087, gp: 0.219

[Rank 0] (epoch: 26, iters: 32000, time: 0.001, data: 0.001) , D_A: 0.179, G_A: 0.976, cycle_A: 0.087, D_B: 0.176, G_B: 0.952, cycle_B: 0.077, gp: 0.171

[Rank 0] (epoch: 26, iters: 33600, time: 0.001, data: 0.001) , D_A: 0.167, G_A: 0.939, cycle_A: 0.086, D_B: 0.334, G_B: 1.043, cycle_B: 0.085, gp: 0.327

learning rate 0.0002000 -> 0.0002000
temperature tau = 0.2129
End of epoch 26 / 50 	 Time Taken: 32 sec
[Rank 0] (epoch: 27, iters: 384, time: 0.001, data: 0.001) , D_A: 0.305, G_A: 0.977, cycle_A: 0.080, D_B: 0.277, G_B: 0.905, cycle_B: 0.075, gp: 0.267

[Rank 0] (epoch: 27, iters: 1984, time: 0.001, data: 0.002) , D_A: 0.146, G_A: 1.000, cycle_A: 0.077, D_B: 0.334, G_B: 0.941, cycle_B: 0.072, gp: 0.330

[Rank 0] (epoch: 27, iters: 3584, time: 0.001, data: 0.001) , D_A: 0.209, G_A: 1.017, cycle_A: 0.081, D_B: 0.313, G_B: 0.984, cycle_B: 0.076, gp: 0.309

[Rank 0] (epoch: 27, iters: 5184, time: 0.001, data: 0.001) , D_A: 0.155, G_A: 1.001, cycle_A: 0.078, D_B: 0.229, G_B: 0.964, cycle_B: 0.077, gp: 0.225

[Rank 0] (epoch: 27, iters: 6784, time: 0.001, data: 0.001) , D_A: 0.178, G_A: 0.968, cycle_A: 0.080, D_B: 0.211, G_B: 0.973, cycle_B: 0.080, gp: 0.208

[Rank 0] (epoch: 27, iters: 8384, time: 0.001, data: 0.001) , D_A: 0.215, G_A: 0.929, cycle_A: 0.081, D_B: 0.102, G_B: 0.979, cycle_B: 0.085, gp: 0.098

[Rank 0] (epoch: 27, iters: 9984, time: 0.001, data: 0.002) , D_A: 0.209, G_A: 1.042, cycle_A: 0.084, D_B: 0.153, G_B: 0.972, cycle_B: 0.074, gp: 0.150

[Rank 0] (epoch: 27, iters: 11584, time: 0.001, data: 0.002) , D_A: 0.289, G_A: 0.964, cycle_A: 0.082, D_B: 0.246, G_B: 1.049, cycle_B: 0.076, gp: 0.239

[Rank 0] (epoch: 27, iters: 13184, time: 0.001, data: 0.003) , D_A: 0.270, G_A: 0.982, cycle_A: 0.079, D_B: 0.221, G_B: 0.944, cycle_B: 0.070, gp: 0.218

--- iter tau=0.2129 ---
  cipher in : kfpgjbembprjnbhe mplnpe mencpceepejnp nbpeekme mnpemnbplnpgjkkge
  decrypted : nf slhiah dlehaipa me ipaier rii ile peh iinaipae iaeh me slnnsi
  real plain: car and schoolmaser and oher priileges b greille bogh he lordshi
  cipher in : j kkfdpejsfcplnjplnpjnbpsqplnpsjmcpnkbkfdpefcpkbk mnpnpjnhsncpqs
  decrypted : lpnnfd ilofr mel me leh ob me olar enhnfd ifr nhnpae e leaoer bo
  real plain: caenne pepper sal a pinch of crr a ablespoonfl of minced onion f
[Rank 0] (epoch: 27, iters: 14784, time: 0.001, data: 0.002) , D_A: 0.280, G_A: 0.951, cycle_A: 0.085, D_B: 0.151, G_B: 0.876, cycle_B: 0.081, gp: 0.145

saving the latest model (epoch 27, total_iters 920000)
[Rank 0] (epoch: 27, iters: 16384, time: 0.001, data: 0.001) , D_A: 0.147, G_A: 0.944, cycle_A: 0.085, D_B: 0.218, G_B: 0.975, cycle_B: 0.083, gp: 0.215

[Rank 0] (epoch: 27, iters: 17984, time: 0.001, data: 0.001) , D_A: 0.236, G_A: 0.875, cycle_A: 0.077, D_B: 0.183, G_B: 0.937, cycle_B: 0.074, gp: 0.179

[Rank 0] (epoch: 27, iters: 19584, time: 0.001, data: 0.001) , D_A: 0.208, G_A: 0.993, cycle_A: 0.086, D_B: 0.261, G_B: 0.962, cycle_B: 0.081, gp: 0.258

[Rank 0] (epoch: 27, iters: 21184, time: 0.001, data: 0.001) , D_A: 0.187, G_A: 0.960, cycle_A: 0.082, D_B: 0.155, G_B: 0.971, cycle_B: 0.077, gp: 0.152

[Rank 0] (epoch: 27, iters: 22784, time: 0.001, data: 0.002) , D_A: 0.154, G_A: 1.002, cycle_A: 0.094, D_B: 0.232, G_B: 1.010, cycle_B: 0.076, gp: 0.227

[Rank 0] (epoch: 27, iters: 24384, time: 0.001, data: 0.001) , D_A: 0.119, G_A: 1.000, cycle_A: 0.086, D_B: 0.264, G_B: 0.974, cycle_B: 0.071, gp: 0.259

[Rank 0] (epoch: 27, iters: 25984, time: 0.001, data: 0.001) , D_A: 0.188, G_A: 0.951, cycle_A: 0.081, D_B: 0.210, G_B: 1.001, cycle_B: 0.083, gp: 0.207

[Rank 0] (epoch: 27, iters: 27584, time: 0.001, data: 0.001) , D_A: 0.260, G_A: 0.996, cycle_A: 0.084, D_B: 0.138, G_B: 0.984, cycle_B: 0.076, gp: 0.134

[Rank 0] (epoch: 27, iters: 29184, time: 0.001, data: 0.001) , D_A: 0.206, G_A: 1.077, cycle_A: 0.077, D_B: 0.286, G_B: 1.004, cycle_B: 0.079, gp: 0.278

[Rank 0] (epoch: 27, iters: 30784, time: 0.001, data: 0.001) , D_A: 0.180, G_A: 0.945, cycle_A: 0.088, D_B: 0.178, G_B: 0.879, cycle_B: 0.079, gp: 0.172

[Rank 0] (epoch: 27, iters: 32384, time: 0.001, data: 0.001) , D_A: 0.198, G_A: 0.966, cycle_A: 0.096, D_B: 0.201, G_B: 0.949, cycle_B: 0.079, gp: 0.198

[Rank 0] (epoch: 27, iters: 33984, time: 0.001, data: 0.001) , D_A: 0.180, G_A: 0.996, cycle_A: 0.086, D_B: 0.287, G_B: 1.064, cycle_B: 0.080, gp: 0.281

learning rate 0.0002000 -> 0.0002000
temperature tau = 0.2060
End of epoch 27 / 50 	 Time Taken: 33 sec
[Rank 0] (epoch: 28, iters: 768, time: 0.001, data: 0.001) , D_A: 0.141, G_A: 0.919, cycle_A: 0.081, D_B: 0.255, G_B: 0.987, cycle_B: 0.085, gp: 0.252

[Rank 0] (epoch: 28, iters: 2368, time: 0.001, data: 0.000) , D_A: 0.212, G_A: 0.989, cycle_A: 0.074, D_B: 0.284, G_B: 0.896, cycle_B: 0.079, gp: 0.280

[Rank 0] (epoch: 28, iters: 3968, time: 0.001, data: 0.001) , D_A: 0.123, G_A: 0.672, cycle_A: 0.083, D_B: 0.239, G_B: 1.026, cycle_B: 0.086, gp: 0.234

[Rank 0] (epoch: 28, iters: 5568, time: 0.001, data: 0.001) , D_A: 0.182, G_A: 0.970, cycle_A: 0.078, D_B: 0.249, G_B: 0.905, cycle_B: 0.076, gp: 0.246

[Rank 0] (epoch: 28, iters: 7168, time: 0.001, data: 0.001) , D_A: 0.233, G_A: 0.980, cycle_A: 0.081, D_B: 0.249, G_B: 0.940, cycle_B: 0.082, gp: 0.247

[Rank 0] (epoch: 28, iters: 8768, time: 0.001, data: 0.001) , D_A: 0.054, G_A: 0.996, cycle_A: 0.085, D_B: 0.248, G_B: 1.011, cycle_B: 0.081, gp: 0.243

[Rank 0] (epoch: 28, iters: 10368, time: 0.001, data: 0.001) , D_A: 0.234, G_A: 1.067, cycle_A: 0.077, D_B: 0.223, G_B: 1.013, cycle_B: 0.086, gp: 0.218

[Rank 0] (epoch: 28, iters: 11968, time: 0.001, data: 0.001) , D_A: 0.252, G_A: 0.966, cycle_A: 0.082, D_B: 0.247, G_B: 1.020, cycle_B: 0.078, gp: 0.244

[Rank 0] (epoch: 28, iters: 13568, time: 0.001, data: 0.001) , D_A: 0.215, G_A: 1.003, cycle_A: 0.087, D_B: 0.203, G_B: 1.112, cycle_B: 0.079, gp: 0.189

[Rank 0] (epoch: 28, iters: 15168, time: 0.001, data: 0.001) , D_A: 0.219, G_A: 1.000, cycle_A: 0.076, D_B: 0.190, G_B: 0.888, cycle_B: 0.084, gp: 0.185

[Rank 0] (epoch: 28, iters: 16768, time: 0.001, data: 0.001) , D_A: 0.234, G_A: 0.959, cycle_A: 0.083, D_B: 0.254, G_B: 0.937, cycle_B: 0.086, gp: 0.248

[Rank 0] (epoch: 28, iters: 18368, time: 0.001, data: 0.001) , D_A: 0.231, G_A: 0.946, cycle_A: 0.078, D_B: 0.083, G_B: 0.976, cycle_B: 0.074, gp: 0.079

--- iter tau=0.2060 ---
  cipher in : kfefpkfp egaenjpehnjkgefpgsmmndnbpnjnpnh jskcnjknbplshebbpnmmkrb
  decrypted : nfif nf piskiel iaelnsif soaaedeh ele eaplonrelneh coaihh eaandh
  real plain: he es is in a poor bargaining posiion a he crren genea negoiaion
  cipher in : jemmpklpnrkcnhkgpckbnebnpeplrslnkgempnehrmnpkmmpkmmbjenplkbprskf
  decrypted : liaa nc ednreans rnheihe i cdocensia eiadae naa naahlie cnh donf
  real plain:  of resorces and in he hman aides poliical insiions and social s
[Rank 0] (epoch: 28, iters: 19968, time: 0.001, data: 0.001) , D_A: 0.245, G_A: 0.954, cycle_A: 0.081, D_B: 0.225, G_B: 1.069, cycle_B: 0.082, gp: 0.213

saving the latest model (epoch 28, total_iters 960000)
[Rank 0] (epoch: 28, iters: 21568, time: 0.001, data: 0.001) , D_A: 0.337, G_A: 0.896, cycle_A: 0.086, D_B: 0.242, G_B: 0.937, cycle_B: 0.084, gp: 0.238

[Rank 0] (epoch: 28, iters: 23168, time: 0.001, data: 0.001) , D_A: 0.237, G_A: 0.969, cycle_A: 0.081, D_B: 0.122, G_B: 0.988, cycle_B: 0.083, gp: 0.118

[Rank 0] (epoch: 28, iters: 24768, time: 0.001, data: 0.001) , D_A: 0.307, G_A: 1.023, cycle_A: 0.077, D_B: 0.154, G_B: 0.995, cycle_B: 0.077, gp: 0.151

[Rank 0] (epoch: 28, iters: 26368, time: 0.001, data: 0.001) , D_A: 0.211, G_A: 0.965, cycle_A: 0.086, D_B: 0.129, G_B: 0.936, cycle_B: 0.080, gp: 0.124

[Rank 0] (epoch: 28, iters: 27968, time: 0.001, data: 0.001) , D_A: 0.158, G_A: 1.025, cycle_A: 0.089, D_B: 0.220, G_B: 0.969, cycle_B: 0.075, gp: 0.216

[Rank 0] (epoch: 28, iters: 29568, time: 0.001, data: 0.001) , D_A: 0.239, G_A: 1.100, cycle_A: 0.091, D_B: 0.212, G_B: 1.102, cycle_B: 0.078, gp: 0.207

[Rank 0] (epoch: 28, iters: 31168, time: 0.001, data: 0.001) , D_A: 0.187, G_A: 0.969, cycle_A: 0.075, D_B: 0.210, G_B: 0.950, cycle_B: 0.076, gp: 0.205

[Rank 0] (epoch: 28, iters: 32768, time: 0.001, data: 0.001) , D_A: 0.219, G_A: 0.963, cycle_A: 0.085, D_B: 0.206, G_B: 1.032, cycle_B: 0.078, gp: 0.202

[Rank 0] (epoch: 28, iters: 34368, time: 0.001, data: 0.001) , D_A: 0.173, G_A: 0.998, cycle_A: 0.084, D_B: 0.340, G_B: 0.932, cycle_B: 0.077, gp: 0.333

learning rate 0.0002000 -> 0.0002000
temperature tau = 0.1993
End of epoch 28 / 50 	 Time Taken: 31 sec
[Rank 0] (epoch: 29, iters: 1152, time: 0.001, data: 0.001) , D_A: 0.138, G_A: 0.933, cycle_A: 0.079, D_B: 0.210, G_B: 0.963, cycle_B: 0.084, gp: 0.207

[Rank 0] (epoch: 29, iters: 2752, time: 0.001, data: 0.001) , D_A: 0.181, G_A: 0.982, cycle_A: 0.079, D_B: 0.326, G_B: 0.968, cycle_B: 0.069, gp: 0.322

[Rank 0] (epoch: 29, iters: 4352, time: 0.001, data: 0.001) , D_A: 0.227, G_A: 0.996, cycle_A: 0.080, D_B: 0.304, G_B: 0.907, cycle_B: 0.078, gp: 0.296

[Rank 0] (epoch: 29, iters: 5952, time: 0.001, data: 0.001) , D_A: 0.158, G_A: 0.983, cycle_A: 0.087, D_B: 0.408, G_B: 0.832, cycle_B: 0.083, gp: 0.392

[Rank 0] (epoch: 29, iters: 7552, time: 0.001, data: 0.001) , D_A: 0.159, G_A: 0.982, cycle_A: 0.086, D_B: 0.173, G_B: 0.980, cycle_B: 0.072, gp: 0.170

[Rank 0] (epoch: 29, iters: 9152, time: 0.001, data: 0.001) , D_A: 0.219, G_A: 0.932, cycle_A: 0.085, D_B: 0.126, G_B: 0.986, cycle_B: 0.079, gp: 0.123

[Rank 0] (epoch: 29, iters: 10752, time: 0.001, data: 0.001) , D_A: 0.213, G_A: 0.951, cycle_A: 0.090, D_B: 0.278, G_B: 0.955, cycle_B: 0.085, gp: 0.275

[Rank 0] (epoch: 29, iters: 12352, time: 0.001, data: 0.001) , D_A: 0.160, G_A: 0.997, cycle_A: 0.085, D_B: 0.249, G_B: 0.909, cycle_B: 0.085, gp: 0.246

[Rank 0] (epoch: 29, iters: 13952, time: 0.001, data: 0.001) , D_A: 0.146, G_A: 1.014, cycle_A: 0.080, D_B: 0.251, G_B: 0.953, cycle_B: 0.084, gp: 0.247

[Rank 0] (epoch: 29, iters: 15552, time: 0.001, data: 0.001) , D_A: 0.195, G_A: 0.992, cycle_A: 0.090, D_B: 0.241, G_B: 0.990, cycle_B: 0.081, gp: 0.236

[Rank 0] (epoch: 29, iters: 17152, time: 0.001, data: 0.001) , D_A: 0.191, G_A: 0.951, cycle_A: 0.088, D_B: 0.150, G_B: 0.945, cycle_B: 0.076, gp: 0.147

[Rank 0] (epoch: 29, iters: 18752, time: 0.001, data: 0.001) , D_A: 0.204, G_A: 1.001, cycle_A: 0.082, D_B: 0.093, G_B: 0.994, cycle_B: 0.076, gp: 0.091

[Rank 0] (epoch: 29, iters: 20352, time: 0.001, data: 0.001) , D_A: 0.229, G_A: 0.974, cycle_A: 0.084, D_B: 0.192, G_B: 0.989, cycle_B: 0.075, gp: 0.188

[Rank 0] (epoch: 29, iters: 21952, time: 0.001, data: 0.001) , D_A: 0.179, G_A: 1.016, cycle_A: 0.087, D_B: 0.252, G_B: 0.976, cycle_B: 0.085, gp: 0.248

[Rank 0] (epoch: 29, iters: 23552, time: 0.001, data: 0.001) , D_A: 0.119, G_A: 0.952, cycle_A: 0.085, D_B: 0.236, G_B: 0.996, cycle_B: 0.082, gp: 0.233

--- iter tau=0.1993 ---
  cipher in : njpjnmeksfbpklpfeksfbpefcplnkjpgmjempegkkknbpefcpkpkmmp npnebpeb
  decrypted : el leainogh nm ginogh igr menl salia isnnneh igr n naa pe eih ih
  real plain: rs ha reached eerhere clmps of brsh rode don he ribbon no and he
  cipher in : prsganbpsqpfbsmcplshnbpefcpjkbkfdpegefgpjenbpkfperejhnfp kmckfdb
  decrypted :  doskeh ob ghoar moaeh igr lnhngd isigs lieh ng idilaeg pnarngdh
  real plain: e island fe records are aailable concerning he sbjec prior o hos
[Rank 0] (epoch: 29, iters: 25152, time: 0.001, data: 0.001) , D_A: 0.145, G_A: 0.986, cycle_A: 0.087, D_B: 0.200, G_B: 0.975, cycle_B: 0.071, gp: 0.199

saving the latest model (epoch 29, total_iters 1000000)
[Rank 0] (epoch: 29, iters: 26752, time: 0.001, data: 0.001) , D_A: 0.201, G_A: 0.929, cycle_A: 0.081, D_B: 0.149, G_B: 1.046, cycle_B: 0.087, gp: 0.144

[Rank 0] (epoch: 29, iters: 28352, time: 0.001, data: 0.001) , D_A: 0.163, G_A: 0.977, cycle_A: 0.078, D_B: 0.227, G_B: 0.982, cycle_B: 0.082, gp: 0.224

[Rank 0] (epoch: 29, iters: 29952, time: 0.001, data: 0.001) , D_A: 0.232, G_A: 0.978, cycle_A: 0.080, D_B: 0.194, G_B: 0.972, cycle_B: 0.075, gp: 0.190

[Rank 0] (epoch: 29, iters: 31552, time: 0.001, data: 0.001) , D_A: 0.202, G_A: 0.995, cycle_A: 0.086, D_B: 0.241, G_B: 0.963, cycle_B: 0.079, gp: 0.238

[Rank 0] (epoch: 29, iters: 33152, time: 0.001, data: 0.001) , D_A: 0.227, G_A: 0.994, cycle_A: 0.082, D_B: 0.193, G_B: 1.019, cycle_B: 0.068, gp: 0.187

[Rank 0] (epoch: 29, iters: 34752, time: 0.001, data: 0.001) , D_A: 0.188, G_A: 0.928, cycle_A: 0.086, D_B: 0.215, G_B: 0.963, cycle_B: 0.075, gp: 0.210

learning rate 0.0002000 -> 0.0002000
temperature tau = 0.1929
End of epoch 29 / 50 	 Time Taken: 32 sec
[Rank 0] (epoch: 30, iters: 1536, time: 0.001, data: 0.001) , D_A: 0.222, G_A: 0.971, cycle_A: 0.079, D_B: 0.284, G_B: 0.984, cycle_B: 0.080, gp: 0.280

[Rank 0] (epoch: 30, iters: 3136, time: 0.001, data: 0.001) , D_A: 0.173, G_A: 1.007, cycle_A: 0.091, D_B: 0.168, G_B: 0.849, cycle_B: 0.077, gp: 0.154

[Rank 0] (epoch: 30, iters: 4736, time: 0.001, data: 0.001) , D_A: 0.154, G_A: 0.939, cycle_A: 0.080, D_B: 0.196, G_B: 0.981, cycle_B: 0.075, gp: 0.193

[Rank 0] (epoch: 30, iters: 6336, time: 0.001, data: 0.001) , D_A: 0.148, G_A: 0.970, cycle_A: 0.084, D_B: 0.243, G_B: 0.950, cycle_B: 0.086, gp: 0.240

[Rank 0] (epoch: 30, iters: 7936, time: 0.001, data: 0.001) , D_A: 0.166, G_A: 1.011, cycle_A: 0.081, D_B: 0.157, G_B: 0.792, cycle_B: 0.081, gp: 0.144

[Rank 0] (epoch: 30, iters: 9536, time: 0.001, data: 0.001) , D_A: 0.237, G_A: 1.041, cycle_A: 0.085, D_B: 0.187, G_B: 0.895, cycle_B: 0.080, gp: 0.181

[Rank 0] (epoch: 30, iters: 11136, time: 0.001, data: 0.001) , D_A: 0.153, G_A: 0.918, cycle_A: 0.082, D_B: 0.215, G_B: 0.904, cycle_B: 0.072, gp: 0.207

[Rank 0] (epoch: 30, iters: 12736, time: 0.001, data: 0.001) , D_A: 0.310, G_A: 1.013, cycle_A: 0.079, D_B: 0.226, G_B: 0.936, cycle_B: 0.086, gp: 0.220

[Rank 0] (epoch: 30, iters: 14336, time: 0.001, data: 0.001) , D_A: 0.157, G_A: 0.929, cycle_A: 0.086, D_B: 0.227, G_B: 0.885, cycle_B: 0.082, gp: 0.222

[Rank 0] (epoch: 30, iters: 15936, time: 0.001, data: 0.001) , D_A: 0.185, G_A: 0.972, cycle_A: 0.089, D_B: 0.223, G_B: 1.005, cycle_B: 0.084, gp: 0.221

[Rank 0] (epoch: 30, iters: 17536, time: 0.001, data: 0.001) , D_A: 0.222, G_A: 0.989, cycle_A: 0.078, D_B: 0.225, G_B: 0.963, cycle_B: 0.086, gp: 0.222

[Rank 0] (epoch: 30, iters: 19136, time: 0.001, data: 0.001) , D_A: 0.206, G_A: 0.965, cycle_A: 0.080, D_B: 0.174, G_B: 0.942, cycle_B: 0.074, gp: 0.169

[Rank 0] (epoch: 30, iters: 20736, time: 0.001, data: 0.001) , D_A: 0.214, G_A: 1.017, cycle_A: 0.083, D_B: 0.148, G_B: 0.982, cycle_B: 0.087, gp: 0.145

[Rank 0] (epoch: 30, iters: 22336, time: 0.001, data: 0.001) , D_A: 0.175, G_A: 0.986, cycle_A: 0.088, D_B: 0.152, G_B: 1.048, cycle_B: 0.080, gp: 0.144

[Rank 0] (epoch: 30, iters: 23936, time: 0.001, data: 0.001) , D_A: 0.146, G_A: 0.999, cycle_A: 0.074, D_B: 0.139, G_B: 0.956, cycle_B: 0.078, gp: 0.136

[Rank 0] (epoch: 30, iters: 25536, time: 0.001, data: 0.001) , D_A: 0.182, G_A: 0.961, cycle_A: 0.084, D_B: 0.260, G_B: 0.994, cycle_B: 0.068, gp: 0.258

[Rank 0] (epoch: 30, iters: 27136, time: 0.001, data: 0.001) , D_A: 0.185, G_A: 0.972, cycle_A: 0.079, D_B: 0.254, G_B: 0.966, cycle_B: 0.084, gp: 0.250

[Rank 0] (epoch: 30, iters: 28736, time: 0.001, data: 0.001) , D_A: 0.201, G_A: 0.976, cycle_A: 0.080, D_B: 0.202, G_B: 0.892, cycle_B: 0.076, gp: 0.193

--- iter tau=0.1929 ---
  cipher in : kmmncphnpkfpepgemmpsplnprsmkgnplecp nnfprmegncpqjshplnjnpepgsrmn
  decrypted : naaer ae ng i siaa o me doanse mir peeg daiser bloa mele i sodae
  real plain:  for he menall deranged here he and heir heories migh ro ogeher 
  cipher in : nejplnhpsqpnejbplepsfpnejlpebpkfphenbphkfcplepblnpefncplkhprplnj
  decrypted : eil mea ob eilh mi og eilm ih ng aieh angr mi hme iger mna d mel
  real plain: pon freqen and sbsanial circmlocion he kennings like he epihes m
[Rank 0] (epoch: 30, iters: 30336, time: 0.001, data: 0.001) , D_A: 0.311, G_A: 1.106, cycle_A: 0.076, D_B: 0.245, G_B: 0.959, cycle_B: 0.091, gp: 0.241

saving the latest model (epoch 30, total_iters 1040000)
[Rank 0] (epoch: 30, iters: 31936, time: 0.001, data: 0.001) , D_A: 0.202, G_A: 0.973, cycle_A: 0.090, D_B: 0.188, G_B: 0.986, cycle_B: 0.079, gp: 0.185

[Rank 0] (epoch: 30, iters: 33536, time: 0.001, data: 0.001) , D_A: 0.222, G_A: 0.899, cycle_A: 0.080, D_B: 0.268, G_B: 0.975, cycle_B: 0.086, gp: 0.265

learning rate 0.0002000 -> 0.0002000
temperature tau = 0.1867
End of epoch 30 / 50 	 Time Taken: 32 sec
[Rank 0] (epoch: 31, iters: 320, time: 0.001, data: 0.001) , D_A: 0.186, G_A: 1.019, cycle_A: 0.081, D_B: 0.212, G_B: 1.043, cycle_B: 0.075, gp: 0.208

[Rank 0] (epoch: 31, iters: 1920, time: 0.001, data: 0.003) , D_A: 0.173, G_A: 0.965, cycle_A: 0.090, D_B: 0.207, G_B: 0.986, cycle_B: 0.071, gp: 0.202

[Rank 0] (epoch: 31, iters: 3520, time: 0.001, data: 0.001) , D_A: 0.191, G_A: 1.102, cycle_A: 0.070, D_B: 0.212, G_B: 0.974, cycle_B: 0.081, gp: 0.208

[Rank 0] (epoch: 31, iters: 5120, time: 0.001, data: 0.001) , D_A: 0.233, G_A: 1.028, cycle_A: 0.073, D_B: 0.162, G_B: 0.969, cycle_B: 0.075, gp: 0.159

[Rank 0] (epoch: 31, iters: 6720, time: 0.001, data: 0.001) , D_A: 0.232, G_A: 0.871, cycle_A: 0.085, D_B: 0.193, G_B: 1.042, cycle_B: 0.082, gp: 0.189

[Rank 0] (epoch: 31, iters: 8320, time: 0.001, data: 0.001) , D_A: 0.223, G_A: 0.943, cycle_A: 0.080, D_B: 0.146, G_B: 0.928, cycle_B: 0.084, gp: 0.144

[Rank 0] (epoch: 31, iters: 9920, time: 0.001, data: 0.001) , D_A: 0.205, G_A: 1.010, cycle_A: 0.082, D_B: 0.103, G_B: 1.003, cycle_B: 0.072, gp: 0.098

[Rank 0] (epoch: 31, iters: 11520, time: 0.001, data: 0.001) , D_A: 0.189, G_A: 0.952, cycle_A: 0.078, D_B: 0.151, G_B: 1.018, cycle_B: 0.076, gp: 0.148

[Rank 0] (epoch: 31, iters: 13120, time: 0.001, data: 0.001) , D_A: 0.202, G_A: 1.015, cycle_A: 0.077, D_B: 0.269, G_B: 0.970, cycle_B: 0.073, gp: 0.265

[Rank 0] (epoch: 31, iters: 14720, time: 0.001, data: 0.001) , D_A: 0.204, G_A: 1.009, cycle_A: 0.078, D_B: 0.155, G_B: 0.855, cycle_B: 0.079, gp: 0.149

[Rank 0] (epoch: 31, iters: 16320, time: 0.001, data: 0.001) , D_A: 0.221, G_A: 0.970, cycle_A: 0.073, D_B: 0.171, G_B: 1.006, cycle_B: 0.081, gp: 0.167

[Rank 0] (epoch: 31, iters: 17920, time: 0.001, data: 0.001) , D_A: 0.201, G_A: 0.989, cycle_A: 0.079, D_B: 0.199, G_B: 0.940, cycle_B: 0.084, gp: 0.197

[Rank 0] (epoch: 31, iters: 19520, time: 0.001, data: 0.001) , D_A: 0.182, G_A: 0.974, cycle_A: 0.090, D_B: 0.304, G_B: 0.824, cycle_B: 0.081, gp: 0.282

[Rank 0] (epoch: 31, iters: 21120, time: 0.001, data: 0.001) , D_A: 0.189, G_A: 0.976, cycle_A: 0.087, D_B: 0.188, G_B: 0.958, cycle_B: 0.077, gp: 0.184

[Rank 0] (epoch: 31, iters: 22720, time: 0.001, data: 0.001) , D_A: 0.177, G_A: 0.988, cycle_A: 0.088, D_B: 0.126, G_B: 0.939, cycle_B: 0.075, gp: 0.122

[Rank 0] (epoch: 31, iters: 24320, time: 0.001, data: 0.001) , D_A: 0.271, G_A: 0.944, cycle_A: 0.081, D_B: 0.133, G_B: 0.922, cycle_B: 0.071, gp: 0.129

[Rank 0] (epoch: 31, iters: 25920, time: 0.001, data: 0.001) , D_A: 0.315, G_A: 1.064, cycle_A: 0.080, D_B: 0.141, G_B: 0.972, cycle_B: 0.081, gp: 0.139

[Rank 0] (epoch: 31, iters: 27520, time: 0.001, data: 0.001) , D_A: 0.192, G_A: 0.995, cycle_A: 0.078, D_B: 0.156, G_B: 0.947, cycle_B: 0.076, gp: 0.153

[Rank 0] (epoch: 31, iters: 29120, time: 0.001, data: 0.001) , D_A: 0.182, G_A: 0.967, cycle_A: 0.084, D_B: 0.178, G_B: 0.962, cycle_B: 0.079, gp: 0.173

[Rank 0] (epoch: 31, iters: 30720, time: 0.001, data: 0.001) , D_A: 0.229, G_A: 0.977, cycle_A: 0.081, D_B: 0.214, G_B: 0.915, cycle_B: 0.086, gp: 0.210

[Rank 0] (epoch: 31, iters: 32320, time: 0.001, data: 0.001) , D_A: 0.195, G_A: 0.874, cycle_A: 0.082, D_B: 0.175, G_B: 0.982, cycle_B: 0.080, gp: 0.169

[Rank 0] (epoch: 31, iters: 33920, time: 0.001, data: 0.001) , D_A: 0.201, G_A: 0.994, cycle_A: 0.077, D_B: 0.196, G_B: 1.126, cycle_B: 0.080, gp: 0.182

learning rate 0.0002000 -> 0.0002000
temperature tau = 0.1806
End of epoch 31 / 50 	 Time Taken: 33 sec
--- iter tau=0.1806 ---
  cipher in : bkfgnpoefkeknpfgmnejpjnbsfefgnpkbp ngshkfdpkfgjnebkfdmpbncpkfpkf
  decrypted : hngse aignine gsaeil lehogigse nh pesoangd ngsleihngda her ng ng
  real plain: ole composiion if he aris old sd his ork more horoghl and moe ce
  cipher in : npsqplnprjsdjehbpbehpje jfp jsdlpkfsp nkfdpljsdlplkbpmndkbmeknpn
  decrypted : e ob ce dlodliah hia liplg plodc ngo pengd clodc cnh aednhaine e
  real plain: enhsiasic adience confirmed he lie characer of he hor and proide
[Rank 0] (epoch: 32, iters: 704, time: 0.001, data: 0.001) , D_A: 0.133, G_A: 0.993, cycle_A: 0.080, D_B: 0.193, G_B: 1.037, cycle_B: 0.085, gp: 0.185

saving the latest model (epoch 32, total_iters 1080000)
[Rank 0] (epoch: 32, iters: 2304, time: 0.001, data: 0.000) , D_A: 0.217, G_A: 0.999, cycle_A: 0.076, D_B: 0.254, G_B: 0.925, cycle_B: 0.080, gp: 0.250

[Rank 0] (epoch: 32, iters: 3904, time: 0.001, data: 0.001) , D_A: 0.283, G_A: 1.008, cycle_A: 0.081, D_B: 0.261, G_B: 0.920, cycle_B: 0.088, gp: 0.257

[Rank 0] (epoch: 32, iters: 5504, time: 0.001, data: 0.001) , D_A: 0.153, G_A: 0.955, cycle_A: 0.083, D_B: 0.236, G_B: 0.937, cycle_B: 0.077, gp: 0.232

[Rank 0] (epoch: 32, iters: 7104, time: 0.001, data: 0.001) , D_A: 0.247, G_A: 0.975, cycle_A: 0.093, D_B: 0.156, G_B: 0.940, cycle_B: 0.080, gp: 0.153

[Rank 0] (epoch: 32, iters: 8704, time: 0.001, data: 0.002) , D_A: 0.216, G_A: 0.899, cycle_A: 0.085, D_B: 0.160, G_B: 0.922, cycle_B: 0.082, gp: 0.157

[Rank 0] (epoch: 32, iters: 10304, time: 0.001, data: 0.001) , D_A: 0.245, G_A: 0.781, cycle_A: 0.085, D_B: 0.308, G_B: 0.890, cycle_B: 0.091, gp: 0.302

[Rank 0] (epoch: 32, iters: 11904, time: 0.001, data: 0.001) , D_A: 0.271, G_A: 0.948, cycle_A: 0.082, D_B: 0.299, G_B: 0.906, cycle_B: 0.081, gp: 0.290

[Rank 0] (epoch: 32, iters: 13504, time: 0.001, data: 0.001) , D_A: 0.233, G_A: 0.978, cycle_A: 0.082, D_B: 0.178, G_B: 0.917, cycle_B: 0.083, gp: 0.175

[Rank 0] (epoch: 32, iters: 15104, time: 0.001, data: 0.001) , D_A: 0.256, G_A: 1.045, cycle_A: 0.086, D_B: 0.192, G_B: 0.945, cycle_B: 0.087, gp: 0.188

[Rank 0] (epoch: 32, iters: 16704, time: 0.001, data: 0.001) , D_A: 0.149, G_A: 0.950, cycle_A: 0.086, D_B: 0.214, G_B: 0.940, cycle_B: 0.085, gp: 0.211

[Rank 0] (epoch: 32, iters: 18304, time: 0.001, data: 0.001) , D_A: 0.190, G_A: 1.045, cycle_A: 0.084, D_B: 0.142, G_B: 0.993, cycle_B: 0.073, gp: 0.140

[Rank 0] (epoch: 32, iters: 19904, time: 0.001, data: 0.001) , D_A: 0.320, G_A: 0.977, cycle_A: 0.076, D_B: 0.252, G_B: 0.861, cycle_B: 0.083, gp: 0.247

[Rank 0] (epoch: 32, iters: 21504, time: 0.001, data: 0.001) , D_A: 0.318, G_A: 1.020, cycle_A: 0.086, D_B: 0.222, G_B: 0.945, cycle_B: 0.080, gp: 0.214

[Rank 0] (epoch: 32, iters: 23104, time: 0.001, data: 0.001) , D_A: 0.266, G_A: 1.005, cycle_A: 0.074, D_B: 0.161, G_B: 0.972, cycle_B: 0.083, gp: 0.158

[Rank 0] (epoch: 32, iters: 24704, time: 0.001, data: 0.001) , D_A: 0.186, G_A: 0.982, cycle_A: 0.082, D_B: 0.213, G_B: 1.026, cycle_B: 0.077, gp: 0.210

[Rank 0] (epoch: 32, iters: 26304, time: 0.001, data: 0.001) , D_A: 0.145, G_A: 0.940, cycle_A: 0.082, D_B: 0.151, G_B: 0.980, cycle_B: 0.080, gp: 0.147

[Rank 0] (epoch: 32, iters: 27904, time: 0.001, data: 0.001) , D_A: 0.200, G_A: 1.015, cycle_A: 0.092, D_B: 0.132, G_B: 0.913, cycle_B: 0.074, gp: 0.130

[Rank 0] (epoch: 32, iters: 29504, time: 0.001, data: 0.001) , D_A: 0.215, G_A: 0.975, cycle_A: 0.075, D_B: 0.275, G_B: 0.983, cycle_B: 0.078, gp: 0.271

[Rank 0] (epoch: 32, iters: 31104, time: 0.001, data: 0.001) , D_A: 0.203, G_A: 0.963, cycle_A: 0.085, D_B: 0.158, G_B: 0.928, cycle_B: 0.077, gp: 0.154

[Rank 0] (epoch: 32, iters: 32704, time: 0.001, data: 0.001) , D_A: 0.222, G_A: 0.922, cycle_A: 0.081, D_B: 0.151, G_B: 1.000, cycle_B: 0.080, gp: 0.147

[Rank 0] (epoch: 32, iters: 34304, time: 0.001, data: 0.001) , D_A: 0.275, G_A: 1.053, cycle_A: 0.079, D_B: 0.295, G_B: 1.126, cycle_B: 0.083, gp: 0.288

learning rate 0.0002000 -> 0.0002000
temperature tau = 0.1748
End of epoch 32 / 50 	 Time Taken: 32 sec
[Rank 0] (epoch: 33, iters: 1088, time: 0.001, data: 0.001) , D_A: 0.238, G_A: 0.995, cycle_A: 0.081, D_B: 0.315, G_B: 0.957, cycle_B: 0.082, gp: 0.310

[Rank 0] (epoch: 33, iters: 2688, time: 0.001, data: 0.001) , D_A: 0.183, G_A: 0.954, cycle_A: 0.085, D_B: 0.214, G_B: 0.976, cycle_B: 0.070, gp: 0.210

[Rank 0] (epoch: 33, iters: 4288, time: 0.001, data: 0.001) , D_A: 0.201, G_A: 0.982, cycle_A: 0.087, D_B: 0.333, G_B: 1.106, cycle_B: 0.079, gp: 0.320

--- iter tau=0.1748 ---
  cipher in : lnj sfcpsmhnbpqjshpqmssjpspgnkmkfdpemmpejsfcplnpemmbpephnempe mn
  decrypted : celpofr oaaeh bloa baool o senanfd iaa ilofr ce iaah i aeia ipae
  real plain:  good he ma no be legal if he is legal he ma no be good i is he 
  cipher in : sfpqsjpheisjpglefdnbpkfp nleksjpbnnfpkfpejksbphsscbpefcpbenbpsqp
  decrypted : of bol aibol scifdeh nf pecinol heef nf ilnoh aoorh ifr hieh ob 
  real plain:  a lile sone pah going p o he door he sensiie ofen seems o smell
[Rank 0] (epoch: 33, iters: 5888, time: 0.001, data: 0.001) , D_A: 0.114, G_A: 0.997, cycle_A: 0.079, D_B: 0.200, G_B: 1.027, cycle_B: 0.081, gp: 0.197

saving the latest model (epoch 33, total_iters 1120000)
[Rank 0] (epoch: 33, iters: 7488, time: 0.001, data: 0.001) , D_A: 0.187, G_A: 0.909, cycle_A: 0.083, D_B: 0.191, G_B: 0.989, cycle_B: 0.074, gp: 0.188

[Rank 0] (epoch: 33, iters: 9088, time: 0.001, data: 0.001) , D_A: 0.200, G_A: 0.961, cycle_A: 0.080, D_B: 0.180, G_B: 0.978, cycle_B: 0.078, gp: 0.175

[Rank 0] (epoch: 33, iters: 10688, time: 0.001, data: 0.001) , D_A: 0.234, G_A: 0.912, cycle_A: 0.084, D_B: 0.307, G_B: 0.914, cycle_B: 0.085, gp: 0.303

[Rank 0] (epoch: 33, iters: 12288, time: 0.001, data: 0.001) , D_A: 0.137, G_A: 0.950, cycle_A: 0.079, D_B: 0.169, G_B: 1.004, cycle_B: 0.078, gp: 0.167

[Rank 0] (epoch: 33, iters: 13888, time: 0.001, data: 0.001) , D_A: 0.269, G_A: 1.031, cycle_A: 0.085, D_B: 0.128, G_B: 0.882, cycle_B: 0.096, gp: 0.122

[Rank 0] (epoch: 33, iters: 15488, time: 0.001, data: 0.001) , D_A: 0.155, G_A: 0.975, cycle_A: 0.082, D_B: 0.199, G_B: 0.895, cycle_B: 0.083, gp: 0.197

[Rank 0] (epoch: 33, iters: 17088, time: 0.001, data: 0.001) , D_A: 0.425, G_A: 1.085, cycle_A: 0.077, D_B: 0.156, G_B: 0.919, cycle_B: 0.077, gp: 0.152

[Rank 0] (epoch: 33, iters: 18688, time: 0.001, data: 0.001) , D_A: 0.200, G_A: 1.018, cycle_A: 0.081, D_B: 0.263, G_B: 1.032, cycle_B: 0.077, gp: 0.254

[Rank 0] (epoch: 33, iters: 20288, time: 0.001, data: 0.001) , D_A: 0.318, G_A: 0.903, cycle_A: 0.134, D_B: 0.259, G_B: 0.982, cycle_B: 0.107, gp: 0.251

[Rank 0] (epoch: 33, iters: 21888, time: 0.001, data: 0.001) , D_A: 0.240, G_A: 1.001, cycle_A: 0.087, D_B: 0.235, G_B: 0.943, cycle_B: 0.086, gp: 0.230

[Rank 0] (epoch: 33, iters: 23488, time: 0.001, data: 0.001) , D_A: 0.145, G_A: 0.940, cycle_A: 0.092, D_B: 0.202, G_B: 0.977, cycle_B: 0.069, gp: 0.200

[Rank 0] (epoch: 33, iters: 25088, time: 0.001, data: 0.001) , D_A: 0.390, G_A: 1.002, cycle_A: 0.090, D_B: 0.191, G_B: 0.964, cycle_B: 0.064, gp: 0.187

[Rank 0] (epoch: 33, iters: 26688, time: 0.001, data: 0.001) , D_A: 0.389, G_A: 0.887, cycle_A: 0.087, D_B: 0.168, G_B: 1.015, cycle_B: 0.072, gp: 0.164

[Rank 0] (epoch: 33, iters: 28288, time: 0.001, data: 0.001) , D_A: 0.183, G_A: 1.015, cycle_A: 0.083, D_B: 0.166, G_B: 0.889, cycle_B: 0.069, gp: 0.162

[Rank 0] (epoch: 33, iters: 29888, time: 0.001, data: 0.001) , D_A: 0.341, G_A: 1.022, cycle_A: 0.078, D_B: 0.198, G_B: 1.015, cycle_B: 0.062, gp: 0.195

[Rank 0] (epoch: 33, iters: 31488, time: 0.001, data: 0.001) , D_A: 0.373, G_A: 1.010, cycle_A: 0.084, D_B: 0.216, G_B: 0.960, cycle_B: 0.065, gp: 0.213

[Rank 0] (epoch: 33, iters: 33088, time: 0.001, data: 0.001) , D_A: 0.298, G_A: 0.982, cycle_A: 0.082, D_B: 0.244, G_B: 0.955, cycle_B: 0.060, gp: 0.243

[Rank 0] (epoch: 33, iters: 34688, time: 0.001, data: 0.001) , D_A: 0.215, G_A: 1.013, cycle_A: 0.080, D_B: 0.298, G_B: 0.906, cycle_B: 0.060, gp: 0.290

learning rate 0.0002000 -> 0.0002000
temperature tau = 0.1691
End of epoch 33 / 50 	 Time Taken: 32 sec
[Rank 0] (epoch: 34, iters: 1472, time: 0.001, data: 0.001) , D_A: 0.215, G_A: 0.990, cycle_A: 0.086, D_B: 0.223, G_B: 0.974, cycle_B: 0.066, gp: 0.220

[Rank 0] (epoch: 34, iters: 3072, time: 0.001, data: 0.001) , D_A: 0.279, G_A: 0.839, cycle_A: 0.082, D_B: 0.291, G_B: 1.083, cycle_B: 0.057, gp: 0.271

[Rank 0] (epoch: 34, iters: 4672, time: 0.001, data: 0.001) , D_A: 0.231, G_A: 0.961, cycle_A: 0.076, D_B: 0.274, G_B: 0.989, cycle_B: 0.066, gp: 0.271

[Rank 0] (epoch: 34, iters: 6272, time: 0.001, data: 0.001) , D_A: 0.254, G_A: 0.958, cycle_A: 0.085, D_B: 0.254, G_B: 0.937, cycle_B: 0.071, gp: 0.251

[Rank 0] (epoch: 34, iters: 7872, time: 0.001, data: 0.001) , D_A: 0.254, G_A: 0.998, cycle_A: 0.083, D_B: 0.172, G_B: 0.971, cycle_B: 0.066, gp: 0.166

[Rank 0] (epoch: 34, iters: 9472, time: 0.001, data: 0.001) , D_A: 0.187, G_A: 1.014, cycle_A: 0.085, D_B: 0.301, G_B: 0.927, cycle_B: 0.068, gp: 0.293

--- iter tau=0.1691 ---
  cipher in : mnejfncpleplkbpegjs ekgpcefgnjplecpjfncphedkgkefpefcpebpsfmpcskf
  decrypted : aeilfer ci cnh islopins rifsel cir lfer aidnsnif ifr ih ofa ronf
  real plain:  nice kid ernie hogh oo bad ho come ore riding he rods kids like
  cipher in : sjjnbrsfckfdprskfpejnpeqpnpafsplepkfplnpgrmefnp slpgpefcpeqpejnp
  decrypted : ollehdofrnfd donf ile ib e kfo ci nf ce sdaife poc s ifr ib ile 
  real plain: l of morris b ha he kne morgan realied ho long sch acion sall re
[Rank 0] (epoch: 34, iters: 11072, time: 0.001, data: 0.001) , D_A: 0.421, G_A: 1.059, cycle_A: 0.084, D_B: 0.286, G_B: 0.952, cycle_B: 0.099, gp: 0.281

saving the latest model (epoch 34, total_iters 1160000)
[Rank 0] (epoch: 34, iters: 12672, time: 0.001, data: 0.001) , D_A: 0.274, G_A: 0.966, cycle_A: 0.087, D_B: 0.330, G_B: 1.083, cycle_B: 0.083, gp: 0.322

[Rank 0] (epoch: 34, iters: 14272, time: 0.001, data: 0.001) , D_A: 0.215, G_A: 0.961, cycle_A: 0.086, D_B: 0.180, G_B: 0.952, cycle_B: 0.073, gp: 0.173

[Rank 0] (epoch: 34, iters: 15872, time: 0.001, data: 0.001) , D_A: 0.170, G_A: 0.976, cycle_A: 0.084, D_B: 0.233, G_B: 1.040, cycle_B: 0.068, gp: 0.230

[Rank 0] (epoch: 34, iters: 17472, time: 0.001, data: 0.001) , D_A: 0.216, G_A: 0.940, cycle_A: 0.079, D_B: 0.243, G_B: 0.923, cycle_B: 0.072, gp: 0.240

[Rank 0] (epoch: 34, iters: 19072, time: 0.001, data: 0.001) , D_A: 0.183, G_A: 0.996, cycle_A: 0.081, D_B: 0.198, G_B: 0.900, cycle_B: 0.069, gp: 0.193

[Rank 0] (epoch: 34, iters: 20672, time: 0.001, data: 0.001) , D_A: 0.291, G_A: 0.927, cycle_A: 0.088, D_B: 0.216, G_B: 0.998, cycle_B: 0.071, gp: 0.214

[Rank 0] (epoch: 34, iters: 22272, time: 0.001, data: 0.001) , D_A: 0.233, G_A: 0.969, cycle_A: 0.087, D_B: 0.244, G_B: 0.982, cycle_B: 0.072, gp: 0.238

[Rank 0] (epoch: 34, iters: 23872, time: 0.001, data: 0.001) , D_A: 0.201, G_A: 0.981, cycle_A: 0.084, D_B: 0.217, G_B: 1.002, cycle_B: 0.068, gp: 0.215

[Rank 0] (epoch: 34, iters: 25472, time: 0.001, data: 0.001) , D_A: 0.172, G_A: 0.991, cycle_A: 0.078, D_B: 0.229, G_B: 0.985, cycle_B: 0.062, gp: 0.225

[Rank 0] (epoch: 34, iters: 27072, time: 0.001, data: 0.001) , D_A: 0.310, G_A: 1.010, cycle_A: 0.081, D_B: 0.142, G_B: 1.010, cycle_B: 0.094, gp: 0.138

[Rank 0] (epoch: 34, iters: 28672, time: 0.001, data: 0.001) , D_A: 0.275, G_A: 1.033, cycle_A: 0.087, D_B: 0.177, G_B: 0.971, cycle_B: 0.069, gp: 0.172

[Rank 0] (epoch: 34, iters: 30272, time: 0.001, data: 0.001) , D_A: 0.302, G_A: 0.932, cycle_A: 0.076, D_B: 0.217, G_B: 0.950, cycle_B: 0.073, gp: 0.214

[Rank 0] (epoch: 34, iters: 31872, time: 0.001, data: 0.001) , D_A: 0.212, G_A: 0.921, cycle_A: 0.076, D_B: 0.219, G_B: 0.941, cycle_B: 0.068, gp: 0.215

[Rank 0] (epoch: 34, iters: 33472, time: 0.001, data: 0.001) , D_A: 0.237, G_A: 1.047, cycle_A: 0.083, D_B: 0.285, G_B: 0.964, cycle_B: 0.077, gp: 0.280

learning rate 0.0002000 -> 0.0002000
temperature tau = 0.1637
End of epoch 34 / 50 	 Time Taken: 33 sec
[Rank 0] (epoch: 35, iters: 256, time: 0.001, data: 0.001) , D_A: 0.299, G_A: 0.954, cycle_A: 0.078, D_B: 0.274, G_B: 0.931, cycle_B: 0.073, gp: 0.270

[Rank 0] (epoch: 35, iters: 1856, time: 0.001, data: 0.000) , D_A: 0.415, G_A: 0.993, cycle_A: 0.087, D_B: 0.246, G_B: 1.021, cycle_B: 0.069, gp: 0.241

[Rank 0] (epoch: 35, iters: 3456, time: 0.001, data: 0.001) , D_A: 0.263, G_A: 0.980, cycle_A: 0.081, D_B: 0.419, G_B: 1.030, cycle_B: 0.063, gp: 0.415

[Rank 0] (epoch: 35, iters: 5056, time: 0.001, data: 0.001) , D_A: 0.187, G_A: 0.980, cycle_A: 0.077, D_B: 0.202, G_B: 1.004, cycle_B: 0.064, gp: 0.199

[Rank 0] (epoch: 35, iters: 6656, time: 0.001, data: 0.001) , D_A: 0.237, G_A: 1.073, cycle_A: 0.082, D_B: 0.207, G_B: 0.919, cycle_B: 0.070, gp: 0.202

[Rank 0] (epoch: 35, iters: 8256, time: 0.001, data: 0.001) , D_A: 0.269, G_A: 1.012, cycle_A: 0.077, D_B: 0.217, G_B: 0.938, cycle_B: 0.070, gp: 0.212

[Rank 0] (epoch: 35, iters: 9856, time: 0.001, data: 0.001) , D_A: 0.155, G_A: 0.979, cycle_A: 0.091, D_B: 0.326, G_B: 0.950, cycle_B: 0.063, gp: 0.323

[Rank 0] (epoch: 35, iters: 11456, time: 0.001, data: 0.001) , D_A: 0.384, G_A: 0.940, cycle_A: 0.087, D_B: 0.322, G_B: 0.861, cycle_B: 0.068, gp: 0.319

[Rank 0] (epoch: 35, iters: 13056, time: 0.001, data: 0.001) , D_A: 0.303, G_A: 0.975, cycle_A: 0.077, D_B: 0.173, G_B: 0.971, cycle_B: 0.057, gp: 0.170

[Rank 0] (epoch: 35, iters: 14656, time: 0.001, data: 0.001) , D_A: 0.209, G_A: 0.996, cycle_A: 0.084, D_B: 0.271, G_B: 0.944, cycle_B: 0.066, gp: 0.269

--- iter tau=0.1637 ---
  cipher in : pejnpgebkfdplnkjpqkjbpsnpmnglprjsgnncncpspfndmngplnhpemmpfnnjpep
  decrypted :  ile sihnfd cenl mnlh oe aesc dloseerer o fedaes cea iaa feel i 
  real plain: he famils helplessness in coping ih he sressfl siaion clearl his
  cipher in : plekblehbpklnjncplefcbplnepebpkqplnjpflerrkfnbbpnjnpbshnlspgsfgn
  decrypted :  cinhciah nceler cifrh cei ih nm cel fciddnfehh ele hoaeco sofse
  real plain: s being done een hogh i is somehing he kno o be ineffecal nderli
[Rank 0] (epoch: 35, iters: 16256, time: 0.001, data: 0.001) , D_A: 0.353, G_A: 0.984, cycle_A: 0.081, D_B: 0.208, G_B: 0.982, cycle_B: 0.068, gp: 0.205

saving the latest model (epoch 35, total_iters 1200000)
[Rank 0] (epoch: 35, iters: 17856, time: 0.001, data: 0.001) , D_A: 0.131, G_A: 0.991, cycle_A: 0.086, D_B: 0.132, G_B: 0.953, cycle_B: 0.081, gp: 0.129

[Rank 0] (epoch: 35, iters: 19456, time: 0.001, data: 0.001) , D_A: 0.332, G_A: 0.965, cycle_A: 0.076, D_B: 0.176, G_B: 0.986, cycle_B: 0.060, gp: 0.171

[Rank 0] (epoch: 35, iters: 21056, time: 0.001, data: 0.001) , D_A: 0.292, G_A: 0.991, cycle_A: 0.082, D_B: 0.101, G_B: 0.943, cycle_B: 0.069, gp: 0.099

[Rank 0] (epoch: 35, iters: 22656, time: 0.001, data: 0.001) , D_A: 0.203, G_A: 0.980, cycle_A: 0.082, D_B: 0.098, G_B: 0.976, cycle_B: 0.067, gp: 0.094

[Rank 0] (epoch: 35, iters: 24256, time: 0.001, data: 0.001) , D_A: 0.217, G_A: 1.008, cycle_A: 0.088, D_B: 0.230, G_B: 0.991, cycle_B: 0.061, gp: 0.228

[Rank 0] (epoch: 35, iters: 25856, time: 0.001, data: 0.001) , D_A: 0.261, G_A: 0.985, cycle_A: 0.073, D_B: 0.183, G_B: 0.971, cycle_B: 0.066, gp: 0.178

[Rank 0] (epoch: 35, iters: 27456, time: 0.001, data: 0.001) , D_A: 0.213, G_A: 0.896, cycle_A: 0.082, D_B: 0.227, G_B: 0.917, cycle_B: 0.062, gp: 0.223

[Rank 0] (epoch: 35, iters: 29056, time: 0.001, data: 0.001) , D_A: 0.299, G_A: 0.944, cycle_A: 0.082, D_B: 0.226, G_B: 0.940, cycle_B: 0.065, gp: 0.223

[Rank 0] (epoch: 35, iters: 30656, time: 0.001, data: 0.001) , D_A: 0.291, G_A: 0.991, cycle_A: 0.080, D_B: 0.140, G_B: 0.958, cycle_B: 0.074, gp: 0.137

[Rank 0] (epoch: 35, iters: 32256, time: 0.001, data: 0.001) , D_A: 0.158, G_A: 0.986, cycle_A: 0.089, D_B: 0.115, G_B: 0.952, cycle_B: 0.068, gp: 0.111

[Rank 0] (epoch: 35, iters: 33856, time: 0.001, data: 0.001) , D_A: 0.268, G_A: 0.977, cycle_A: 0.073, D_B: 0.303, G_B: 1.057, cycle_B: 0.076, gp: 0.293

learning rate 0.0002000 -> 0.0002000
temperature tau = 0.1584
End of epoch 35 / 50 	 Time Taken: 33 sec
[Rank 0] (epoch: 36, iters: 640, time: 0.001, data: 0.001) , D_A: 0.360, G_A: 1.006, cycle_A: 0.085, D_B: 0.341, G_B: 0.989, cycle_B: 0.075, gp: 0.338

[Rank 0] (epoch: 36, iters: 2240, time: 0.001, data: 0.000) , D_A: 0.246, G_A: 0.997, cycle_A: 0.080, D_B: 0.231, G_B: 1.008, cycle_B: 0.069, gp: 0.225

[Rank 0] (epoch: 36, iters: 3840, time: 0.001, data: 0.001) , D_A: 0.201, G_A: 0.966, cycle_A: 0.073, D_B: 0.336, G_B: 1.058, cycle_B: 0.074, gp: 0.332

[Rank 0] (epoch: 36, iters: 5440, time: 0.001, data: 0.001) , D_A: 0.261, G_A: 0.899, cycle_A: 0.080, D_B: 0.146, G_B: 0.990, cycle_B: 0.061, gp: 0.142

[Rank 0] (epoch: 36, iters: 7040, time: 0.001, data: 0.001) , D_A: 0.257, G_A: 0.992, cycle_A: 0.089, D_B: 0.198, G_B: 1.006, cycle_B: 0.070, gp: 0.197

[Rank 0] (epoch: 36, iters: 8640, time: 0.001, data: 0.001) , D_A: 0.360, G_A: 0.995, cycle_A: 0.077, D_B: 0.211, G_B: 0.962, cycle_B: 0.067, gp: 0.207

[Rank 0] (epoch: 36, iters: 10240, time: 0.001, data: 0.001) , D_A: 0.302, G_A: 0.943, cycle_A: 0.085, D_B: 0.284, G_B: 0.943, cycle_B: 0.075, gp: 0.281

[Rank 0] (epoch: 36, iters: 11840, time: 0.001, data: 0.001) , D_A: 0.210, G_A: 0.966, cycle_A: 0.087, D_B: 0.138, G_B: 0.980, cycle_B: 0.066, gp: 0.135

[Rank 0] (epoch: 36, iters: 13440, time: 0.001, data: 0.001) , D_A: 0.286, G_A: 1.011, cycle_A: 0.089, D_B: 0.195, G_B: 0.956, cycle_B: 0.069, gp: 0.192

[Rank 0] (epoch: 36, iters: 15040, time: 0.001, data: 0.001) , D_A: 0.325, G_A: 0.921, cycle_A: 0.083, D_B: 0.178, G_B: 0.982, cycle_B: 0.076, gp: 0.173

[Rank 0] (epoch: 36, iters: 16640, time: 0.001, data: 0.001) , D_A: 0.470, G_A: 0.949, cycle_A: 0.085, D_B: 0.199, G_B: 1.031, cycle_B: 0.068, gp: 0.195

[Rank 0] (epoch: 36, iters: 18240, time: 0.001, data: 0.001) , D_A: 0.271, G_A: 0.896, cycle_A: 0.081, D_B: 0.275, G_B: 0.986, cycle_B: 0.064, gp: 0.273

[Rank 0] (epoch: 36, iters: 19840, time: 0.001, data: 0.001) , D_A: 0.307, G_A: 0.929, cycle_A: 0.074, D_B: 0.248, G_B: 0.906, cycle_B: 0.069, gp: 0.240

--- iter tau=0.1584 ---
  cipher in : efpedjnnhnfpkfperjkmpklpbnkfpspbrrmpefcpbrnjkbnpiefksjbpkfphggsj
  decrypted : if idleeaef nf idlna nc henf o hdda ifr hdelnhe sifnolh nf assol
  real plain: g rooless gardini as being placeless riesman as being lonel oher
  cipher in : jhsmngmejpqsjgnbpkfpekjpkmmp npjnrsjncpkfplnpqsjhpsqpepe mnpsqpk
  decrypted : laoaesail molseh nf inl naa pe ledoler nf ce mola om i ipae om n
  real plain:  of he ealh speclaors and onl he man ho kne he man ho kne he fel
[Rank 0] (epoch: 36, iters: 21440, time: 0.001, data: 0.001) , D_A: 0.310, G_A: 0.962, cycle_A: 0.088, D_B: 0.135, G_B: 0.967, cycle_B: 0.069, gp: 0.132

saving the latest model (epoch 36, total_iters 1240000)
[Rank 0] (epoch: 36, iters: 23040, time: 0.001, data: 0.001) , D_A: 0.392, G_A: 0.963, cycle_A: 0.082, D_B: 0.211, G_B: 0.949, cycle_B: 0.062, gp: 0.208

[Rank 0] (epoch: 36, iters: 24640, time: 0.001, data: 0.001) , D_A: 0.211, G_A: 0.995, cycle_A: 0.076, D_B: 0.226, G_B: 0.983, cycle_B: 0.062, gp: 0.223

[Rank 0] (epoch: 36, iters: 26240, time: 0.001, data: 0.001) , D_A: 0.410, G_A: 0.933, cycle_A: 0.076, D_B: 0.230, G_B: 0.984, cycle_B: 0.065, gp: 0.227

[Rank 0] (epoch: 36, iters: 27840, time: 0.001, data: 0.001) , D_A: 0.249, G_A: 1.024, cycle_A: 0.076, D_B: 0.248, G_B: 0.985, cycle_B: 0.058, gp: 0.245

[Rank 0] (epoch: 36, iters: 29440, time: 0.001, data: 0.001) , D_A: 0.441, G_A: 1.005, cycle_A: 0.087, D_B: 0.332, G_B: 0.936, cycle_B: 0.069, gp: 0.326

[Rank 0] (epoch: 36, iters: 31040, time: 0.001, data: 0.001) , D_A: 0.357, G_A: 0.927, cycle_A: 0.081, D_B: 0.127, G_B: 0.866, cycle_B: 0.070, gp: 0.122

[Rank 0] (epoch: 36, iters: 32640, time: 0.001, data: 0.001) , D_A: 0.266, G_A: 0.883, cycle_A: 0.084, D_B: 0.140, G_B: 1.026, cycle_B: 0.068, gp: 0.136

[Rank 0] (epoch: 36, iters: 34240, time: 0.001, data: 0.001) , D_A: 0.369, G_A: 1.030, cycle_A: 0.083, D_B: 0.400, G_B: 1.028, cycle_B: 0.067, gp: 0.395

learning rate 0.0002000 -> 0.0002000
temperature tau = 0.1533
End of epoch 36 / 50 	 Time Taken: 32 sec
[Rank 0] (epoch: 37, iters: 1024, time: 0.001, data: 0.001) , D_A: 0.251, G_A: 0.944, cycle_A: 0.092, D_B: 0.374, G_B: 0.912, cycle_B: 0.074, gp: 0.370

[Rank 0] (epoch: 37, iters: 2624, time: 0.001, data: 0.000) , D_A: 0.200, G_A: 0.936, cycle_A: 0.085, D_B: 0.159, G_B: 0.999, cycle_B: 0.058, gp: 0.156

[Rank 0] (epoch: 37, iters: 4224, time: 0.001, data: 0.001) , D_A: 0.277, G_A: 0.937, cycle_A: 0.087, D_B: 0.300, G_B: 0.997, cycle_B: 0.064, gp: 0.296

[Rank 0] (epoch: 37, iters: 5824, time: 0.001, data: 0.001) , D_A: 0.327, G_A: 0.866, cycle_A: 0.088, D_B: 0.201, G_B: 0.988, cycle_B: 0.066, gp: 0.197

[Rank 0] (epoch: 37, iters: 7424, time: 0.001, data: 0.001) , D_A: 0.388, G_A: 1.070, cycle_A: 0.083, D_B: 0.184, G_B: 0.987, cycle_B: 0.072, gp: 0.182

[Rank 0] (epoch: 37, iters: 9024, time: 0.001, data: 0.001) , D_A: 0.350, G_A: 0.904, cycle_A: 0.086, D_B: 0.223, G_B: 1.010, cycle_B: 0.068, gp: 0.221

[Rank 0] (epoch: 37, iters: 10624, time: 0.001, data: 0.001) , D_A: 0.324, G_A: 0.913, cycle_A: 0.085, D_B: 0.178, G_B: 0.971, cycle_B: 0.070, gp: 0.174

[Rank 0] (epoch: 37, iters: 12224, time: 0.001, data: 0.001) , D_A: 0.276, G_A: 1.004, cycle_A: 0.084, D_B: 0.253, G_B: 1.001, cycle_B: 0.064, gp: 0.250

[Rank 0] (epoch: 37, iters: 13824, time: 0.001, data: 0.001) , D_A: 0.386, G_A: 0.975, cycle_A: 0.079, D_B: 0.116, G_B: 0.963, cycle_B: 0.065, gp: 0.113

[Rank 0] (epoch: 37, iters: 15424, time: 0.001, data: 0.001) , D_A: 0.246, G_A: 0.942, cycle_A: 0.084, D_B: 0.209, G_B: 0.987, cycle_B: 0.065, gp: 0.206

[Rank 0] (epoch: 37, iters: 17024, time: 0.001, data: 0.001) , D_A: 0.283, G_A: 0.929, cycle_A: 0.094, D_B: 0.232, G_B: 0.972, cycle_B: 0.067, gp: 0.228

[Rank 0] (epoch: 37, iters: 18624, time: 0.001, data: 0.001) , D_A: 0.302, G_A: 0.833, cycle_A: 0.078, D_B: 0.145, G_B: 0.964, cycle_B: 0.062, gp: 0.142

[Rank 0] (epoch: 37, iters: 20224, time: 0.001, data: 0.001) , D_A: 0.214, G_A: 0.965, cycle_A: 0.085, D_B: 0.220, G_B: 1.053, cycle_B: 0.062, gp: 0.214

[Rank 0] (epoch: 37, iters: 21824, time: 0.001, data: 0.001) , D_A: 0.126, G_A: 0.994, cycle_A: 0.080, D_B: 0.189, G_B: 1.005, cycle_B: 0.070, gp: 0.185

[Rank 0] (epoch: 37, iters: 23424, time: 0.001, data: 0.001) , D_A: 0.204, G_A: 0.952, cycle_A: 0.083, D_B: 0.136, G_B: 0.948, cycle_B: 0.071, gp: 0.130

[Rank 0] (epoch: 37, iters: 25024, time: 0.001, data: 0.001) , D_A: 0.268, G_A: 0.969, cycle_A: 0.080, D_B: 0.198, G_B: 0.944, cycle_B: 0.066, gp: 0.194

--- iter tau=0.1533 ---
  cipher in : kjmpechkfkbnjpnmngksfbplnprckpefcpmenjplnprsrmejphsnhnfprjsngncp
  decrypted : nla irangnhel eaesnogh ce drn igr aiel ce dodail aoeaeg dloeser 
  real plain:  hn hell didn o look in he back sea of he car before o droe off 
  cipher in : sfpsdnlnjpkfphejabpbhemmpjncpbrsjbpgejphejapeplnplnnmplnpjejnmpb
  decrypted : og odecel ng ailkh haiaa ler hdolh sil ailk i ce ceea ce lilea h
  real plain: respeciel on he one hand do e arge he spreme cor decision reqire
[Rank 0] (epoch: 37, iters: 26624, time: 0.001, data: 0.001) , D_A: 0.200, G_A: 0.933, cycle_A: 0.082, D_B: 0.205, G_B: 0.990, cycle_B: 0.070, gp: 0.202

saving the latest model (epoch 37, total_iters 1280000)
[Rank 0] (epoch: 37, iters: 28224, time: 0.001, data: 0.001) , D_A: 0.162, G_A: 0.914, cycle_A: 0.081, D_B: 0.224, G_B: 0.967, cycle_B: 0.068, gp: 0.221

[Rank 0] (epoch: 37, iters: 29824, time: 0.001, data: 0.001) , D_A: 0.380, G_A: 0.879, cycle_A: 0.078, D_B: 0.209, G_B: 0.951, cycle_B: 0.061, gp: 0.204

[Rank 0] (epoch: 37, iters: 31424, time: 0.001, data: 0.001) , D_A: 0.216, G_A: 1.002, cycle_A: 0.081, D_B: 0.239, G_B: 0.983, cycle_B: 0.066, gp: 0.236

[Rank 0] (epoch: 37, iters: 33024, time: 0.001, data: 0.001) , D_A: 0.254, G_A: 0.986, cycle_A: 0.085, D_B: 0.200, G_B: 1.018, cycle_B: 0.059, gp: 0.198

[Rank 0] (epoch: 37, iters: 34624, time: 0.001, data: 0.001) , D_A: 0.212, G_A: 0.958, cycle_A: 0.079, D_B: 0.299, G_B: 1.019, cycle_B: 0.059, gp: 0.296

learning rate 0.0002000 -> 0.0002000
temperature tau = 0.1483
End of epoch 37 / 50 	 Time Taken: 29 sec
[Rank 0] (epoch: 38, iters: 1408, time: 0.001, data: 0.000) , D_A: 0.273, G_A: 0.949, cycle_A: 0.086, D_B: 0.211, G_B: 1.071, cycle_B: 0.065, gp: 0.205

[Rank 0] (epoch: 38, iters: 3008, time: 0.001, data: 0.001) , D_A: 0.165, G_A: 0.964, cycle_A: 0.076, D_B: 0.292, G_B: 1.067, cycle_B: 0.057, gp: 0.285

[Rank 0] (epoch: 38, iters: 4608, time: 0.001, data: 0.001) , D_A: 0.232, G_A: 0.979, cycle_A: 0.086, D_B: 0.245, G_B: 0.957, cycle_B: 0.063, gp: 0.242

[Rank 0] (epoch: 38, iters: 6208, time: 0.001, data: 0.001) , D_A: 0.227, G_A: 0.966, cycle_A: 0.087, D_B: 0.209, G_B: 0.891, cycle_B: 0.071, gp: 0.207

[Rank 0] (epoch: 38, iters: 7808, time: 0.001, data: 0.001) , D_A: 0.234, G_A: 0.951, cycle_A: 0.082, D_B: 0.191, G_B: 0.930, cycle_B: 0.067, gp: 0.185

[Rank 0] (epoch: 38, iters: 9408, time: 0.001, data: 0.001) , D_A: 0.225, G_A: 0.981, cycle_A: 0.080, D_B: 0.146, G_B: 0.947, cycle_B: 0.068, gp: 0.138

[Rank 0] (epoch: 38, iters: 11008, time: 0.001, data: 0.001) , D_A: 0.187, G_A: 0.934, cycle_A: 0.084, D_B: 0.362, G_B: 0.998, cycle_B: 0.065, gp: 0.357

[Rank 0] (epoch: 38, iters: 12608, time: 0.001, data: 0.001) , D_A: 0.352, G_A: 0.961, cycle_A: 0.083, D_B: 0.304, G_B: 0.902, cycle_B: 0.070, gp: 0.299

[Rank 0] (epoch: 38, iters: 14208, time: 0.001, data: 0.001) , D_A: 0.221, G_A: 0.946, cycle_A: 0.087, D_B: 0.163, G_B: 0.979, cycle_B: 0.070, gp: 0.161

[Rank 0] (epoch: 38, iters: 15808, time: 0.001, data: 0.001) , D_A: 0.338, G_A: 0.950, cycle_A: 0.076, D_B: 0.126, G_B: 0.976, cycle_B: 0.065, gp: 0.122

[Rank 0] (epoch: 38, iters: 17408, time: 0.001, data: 0.001) , D_A: 0.309, G_A: 1.172, cycle_A: 0.080, D_B: 0.197, G_B: 0.993, cycle_B: 0.066, gp: 0.193

[Rank 0] (epoch: 38, iters: 19008, time: 0.001, data: 0.001) , D_A: 0.222, G_A: 0.960, cycle_A: 0.078, D_B: 0.177, G_B: 0.912, cycle_B: 0.060, gp: 0.172

[Rank 0] (epoch: 38, iters: 20608, time: 0.001, data: 0.001) , D_A: 0.357, G_A: 0.969, cycle_A: 0.081, D_B: 0.226, G_B: 1.018, cycle_B: 0.071, gp: 0.224

[Rank 0] (epoch: 38, iters: 22208, time: 0.001, data: 0.001) , D_A: 0.364, G_A: 0.973, cycle_A: 0.085, D_B: 0.188, G_B: 1.016, cycle_B: 0.075, gp: 0.184

[Rank 0] (epoch: 38, iters: 23808, time: 0.001, data: 0.001) , D_A: 0.192, G_A: 0.948, cycle_A: 0.082, D_B: 0.149, G_B: 1.010, cycle_B: 0.065, gp: 0.147

[Rank 0] (epoch: 38, iters: 25408, time: 0.001, data: 0.001) , D_A: 0.350, G_A: 0.972, cycle_A: 0.087, D_B: 0.208, G_B: 0.956, cycle_B: 0.066, gp: 0.206

[Rank 0] (epoch: 38, iters: 27008, time: 0.001, data: 0.001) , D_A: 0.422, G_A: 0.978, cycle_A: 0.082, D_B: 0.215, G_B: 0.991, cycle_B: 0.068, gp: 0.212

[Rank 0] (epoch: 38, iters: 28608, time: 0.001, data: 0.001) , D_A: 0.266, G_A: 0.863, cycle_A: 0.081, D_B: 0.165, G_B: 1.034, cycle_B: 0.067, gp: 0.161

[Rank 0] (epoch: 38, iters: 30208, time: 0.001, data: 0.001) , D_A: 0.254, G_A: 0.959, cycle_A: 0.073, D_B: 0.212, G_B: 0.926, cycle_B: 0.062, gp: 0.208

--- iter tau=0.1483 ---
  cipher in : cplenpmkbnfncpefcplepbshn scpgsmcplenpemjnecp nnfpbrrmkncpklplnp
  decrypted : r cie anheger igr ci hoaepor soar cie ialeir peeg hddaner nc ce 
  real plain:  a naie of china and hose of he briish isles ere sng b mr fller 
  cipher in : ejglekgpmekfpbebplnphsjnplebnplnpmnbbprnncpdsnjfsjpemqjncpnpbhkl
  decrypted : ilscins aing hih ce aole cihe ce aehh deer doelgol iamler e hanc
  real plain:  greg had he sick forard and he hrole p before he heard he o rog
[Rank 0] (epoch: 38, iters: 31808, time: 0.001, data: 0.001) , D_A: 0.325, G_A: 0.951, cycle_A: 0.080, D_B: 0.169, G_B: 0.923, cycle_B: 0.068, gp: 0.163

saving the latest model (epoch 38, total_iters 1320000)
[Rank 0] (epoch: 38, iters: 33408, time: 0.001, data: 0.001) , D_A: 0.236, G_A: 0.927, cycle_A: 0.081, D_B: 0.331, G_B: 0.964, cycle_B: 0.088, gp: 0.324

learning rate 0.0002000 -> 0.0002000
temperature tau = 0.1435
End of epoch 38 / 50 	 Time Taken: 29 sec
[Rank 0] (epoch: 39, iters: 192, time: 0.001, data: 0.001) , D_A: 0.277, G_A: 0.878, cycle_A: 0.083, D_B: 0.175, G_B: 1.029, cycle_B: 0.070, gp: 0.169

[Rank 0] (epoch: 39, iters: 1792, time: 0.001, data: 0.003) , D_A: 0.262, G_A: 0.961, cycle_A: 0.078, D_B: 0.221, G_B: 1.008, cycle_B: 0.066, gp: 0.219

[Rank 0] (epoch: 39, iters: 3392, time: 0.001, data: 0.001) , D_A: 0.175, G_A: 0.947, cycle_A: 0.087, D_B: 0.190, G_B: 0.830, cycle_B: 0.061, gp: 0.188

[Rank 0] (epoch: 39, iters: 4992, time: 0.001, data: 0.001) , D_A: 0.221, G_A: 0.977, cycle_A: 0.081, D_B: 0.141, G_B: 0.914, cycle_B: 0.065, gp: 0.134

[Rank 0] (epoch: 39, iters: 6592, time: 0.001, data: 0.001) , D_A: 0.377, G_A: 0.909, cycle_A: 0.090, D_B: 0.232, G_B: 0.938, cycle_B: 0.073, gp: 0.227

[Rank 0] (epoch: 39, iters: 8192, time: 0.001, data: 0.001) , D_A: 0.155, G_A: 0.922, cycle_A: 0.080, D_B: 0.229, G_B: 0.737, cycle_B: 0.066, gp: 0.213

[Rank 0] (epoch: 39, iters: 9792, time: 0.001, data: 0.001) , D_A: 0.237, G_A: 0.911, cycle_A: 0.082, D_B: 0.302, G_B: 0.963, cycle_B: 0.065, gp: 0.299

[Rank 0] (epoch: 39, iters: 11392, time: 0.001, data: 0.001) , D_A: 0.369, G_A: 1.006, cycle_A: 0.079, D_B: 0.288, G_B: 0.876, cycle_B: 0.066, gp: 0.285

[Rank 0] (epoch: 39, iters: 12992, time: 0.001, data: 0.001) , D_A: 0.237, G_A: 0.950, cycle_A: 0.081, D_B: 0.160, G_B: 0.946, cycle_B: 0.059, gp: 0.157

[Rank 0] (epoch: 39, iters: 14592, time: 0.001, data: 0.001) , D_A: 0.260, G_A: 0.983, cycle_A: 0.081, D_B: 0.150, G_B: 0.938, cycle_B: 0.068, gp: 0.145

[Rank 0] (epoch: 39, iters: 16192, time: 0.001, data: 0.001) , D_A: 0.395, G_A: 0.949, cycle_A: 0.083, D_B: 0.189, G_B: 0.906, cycle_B: 0.068, gp: 0.185

[Rank 0] (epoch: 39, iters: 17792, time: 0.001, data: 0.001) , D_A: 0.356, G_A: 0.988, cycle_A: 0.085, D_B: 0.184, G_B: 0.962, cycle_B: 0.069, gp: 0.181

[Rank 0] (epoch: 39, iters: 19392, time: 0.001, data: 0.001) , D_A: 0.229, G_A: 0.943, cycle_A: 0.082, D_B: 0.174, G_B: 0.997, cycle_B: 0.059, gp: 0.170

[Rank 0] (epoch: 39, iters: 20992, time: 0.001, data: 0.001) , D_A: 0.224, G_A: 0.962, cycle_A: 0.094, D_B: 0.302, G_B: 1.098, cycle_B: 0.070, gp: 0.297

[Rank 0] (epoch: 39, iters: 22592, time: 0.001, data: 0.001) , D_A: 0.340, G_A: 1.031, cycle_A: 0.078, D_B: 0.229, G_B: 0.960, cycle_B: 0.065, gp: 0.227

[Rank 0] (epoch: 39, iters: 24192, time: 0.001, data: 0.001) , D_A: 0.370, G_A: 0.968, cycle_A: 0.081, D_B: 0.277, G_B: 1.017, cycle_B: 0.063, gp: 0.273

[Rank 0] (epoch: 39, iters: 25792, time: 0.001, data: 0.001) , D_A: 0.254, G_A: 0.932, cycle_A: 0.087, D_B: 0.221, G_B: 0.923, cycle_B: 0.067, gp: 0.216

[Rank 0] (epoch: 39, iters: 27392, time: 0.001, data: 0.001) , D_A: 0.275, G_A: 0.953, cycle_A: 0.084, D_B: 0.203, G_B: 0.992, cycle_B: 0.063, gp: 0.198

[Rank 0] (epoch: 39, iters: 28992, time: 0.001, data: 0.001) , D_A: 0.257, G_A: 0.985, cycle_A: 0.079, D_B: 0.138, G_B: 0.973, cycle_B: 0.065, gp: 0.134

[Rank 0] (epoch: 39, iters: 30592, time: 0.001, data: 0.001) , D_A: 0.159, G_A: 0.955, cycle_A: 0.081, D_B: 0.215, G_B: 0.996, cycle_B: 0.073, gp: 0.210

[Rank 0] (epoch: 39, iters: 32192, time: 0.001, data: 0.001) , D_A: 0.265, G_A: 0.975, cycle_A: 0.079, D_B: 0.147, G_B: 0.950, cycle_B: 0.068, gp: 0.144

[Rank 0] (epoch: 39, iters: 33792, time: 0.001, data: 0.001) , D_A: 0.188, G_A: 0.962, cycle_A: 0.087, D_B: 0.308, G_B: 1.045, cycle_B: 0.069, gp: 0.304

learning rate 0.0002000 -> 0.0002000
temperature tau = 0.1389
End of epoch 39 / 50 	 Time Taken: 32 sec
[Rank 0] (epoch: 40, iters: 576, time: 0.001, data: 0.001) , D_A: 0.232, G_A: 0.982, cycle_A: 0.086, D_B: 0.182, G_B: 0.967, cycle_B: 0.073, gp: 0.178

--- iter tau=0.1389 ---
  cipher in : sjplnpgsfkfncpsprjsgmekhpmscmpleplnpgkphbpjkcpkbnmqpsqplepqjnfgl
  decrypted : ol ce sognger o dlosaina aora ci ce sn ah lnr nheab ob ci blegsc
  real plain: e ime ha illiam henr harrison as preparing o pacif he aborigines
  cipher in : mhrncpqsjejcpkfspep spmkanpeprjknbp nqsjnpefpkcsmpjnhnh njkfdplk
  decrypted : aader bolilr ngo i po anke i dlneh pebole ig nroa leaeapelngd cn
  real plain:  blamed in noember he odds hs appear faorable ha he secrears nec
[Rank 0] (epoch: 40, iters: 2176, time: 0.001, data: 0.000) , D_A: 0.313, G_A: 1.043, cycle_A: 0.085, D_B: 0.178, G_B: 0.964, cycle_B: 0.072, gp: 0.174

saving the latest model (epoch 40, total_iters 1360000)
[Rank 0] (epoch: 40, iters: 3776, time: 0.001, data: 0.001) , D_A: 0.292, G_A: 0.833, cycle_A: 0.086, D_B: 0.385, G_B: 0.737, cycle_B: 0.074, gp: 0.366

[Rank 0] (epoch: 40, iters: 5376, time: 0.001, data: 0.001) , D_A: 0.363, G_A: 0.984, cycle_A: 0.077, D_B: 0.210, G_B: 1.022, cycle_B: 0.071, gp: 0.207

[Rank 0] (epoch: 40, iters: 6976, time: 0.001, data: 0.001) , D_A: 0.342, G_A: 0.897, cycle_A: 0.082, D_B: 0.163, G_B: 0.986, cycle_B: 0.070, gp: 0.160

[Rank 0] (epoch: 40, iters: 8576, time: 0.001, data: 0.002) , D_A: 0.260, G_A: 0.987, cycle_A: 0.085, D_B: 0.207, G_B: 0.976, cycle_B: 0.067, gp: 0.203

[Rank 0] (epoch: 40, iters: 10176, time: 0.001, data: 0.001) , D_A: 0.329, G_A: 0.967, cycle_A: 0.092, D_B: 0.420, G_B: 1.008, cycle_B: 0.065, gp: 0.413

[Rank 0] (epoch: 40, iters: 11776, time: 0.001, data: 0.001) , D_A: 0.238, G_A: 0.970, cycle_A: 0.075, D_B: 0.333, G_B: 0.914, cycle_B: 0.065, gp: 0.326

[Rank 0] (epoch: 40, iters: 13376, time: 0.001, data: 0.001) , D_A: 0.262, G_A: 1.000, cycle_A: 0.087, D_B: 0.233, G_B: 0.940, cycle_B: 0.068, gp: 0.229

[Rank 0] (epoch: 40, iters: 14976, time: 0.001, data: 0.001) , D_A: 0.248, G_A: 1.002, cycle_A: 0.080, D_B: 0.275, G_B: 0.881, cycle_B: 0.074, gp: 0.271

[Rank 0] (epoch: 40, iters: 16576, time: 0.001, data: 0.001) , D_A: 0.158, G_A: 0.952, cycle_A: 0.079, D_B: 0.138, G_B: 1.009, cycle_B: 0.073, gp: 0.133

[Rank 0] (epoch: 40, iters: 18176, time: 0.001, data: 0.001) , D_A: 0.132, G_A: 1.040, cycle_A: 0.080, D_B: 0.169, G_B: 0.995, cycle_B: 0.061, gp: 0.166

[Rank 0] (epoch: 40, iters: 19776, time: 0.001, data: 0.001) , D_A: 0.268, G_A: 0.918, cycle_A: 0.080, D_B: 0.218, G_B: 0.946, cycle_B: 0.069, gp: 0.213

[Rank 0] (epoch: 40, iters: 21376, time: 0.001, data: 0.001) , D_A: 0.279, G_A: 0.971, cycle_A: 0.087, D_B: 0.212, G_B: 0.960, cycle_B: 0.067, gp: 0.208

[Rank 0] (epoch: 40, iters: 22976, time: 0.001, data: 0.001) , D_A: 0.169, G_A: 0.950, cycle_A: 0.087, D_B: 0.185, G_B: 0.910, cycle_B: 0.065, gp: 0.177

[Rank 0] (epoch: 40, iters: 24576, time: 0.001, data: 0.001) , D_A: 0.390, G_A: 0.870, cycle_A: 0.083, D_B: 0.204, G_B: 0.906, cycle_B: 0.066, gp: 0.201

[Rank 0] (epoch: 40, iters: 26176, time: 0.001, data: 0.001) , D_A: 0.284, G_A: 0.953, cycle_A: 0.087, D_B: 0.177, G_B: 0.961, cycle_B: 0.067, gp: 0.174

[Rank 0] (epoch: 40, iters: 27776, time: 0.001, data: 0.001) , D_A: 0.333, G_A: 0.961, cycle_A: 0.091, D_B: 0.212, G_B: 0.993, cycle_B: 0.057, gp: 0.209

[Rank 0] (epoch: 40, iters: 29376, time: 0.001, data: 0.001) , D_A: 0.185, G_A: 0.978, cycle_A: 0.078, D_B: 0.285, G_B: 1.072, cycle_B: 0.068, gp: 0.278

[Rank 0] (epoch: 40, iters: 30976, time: 0.001, data: 0.001) , D_A: 0.223, G_A: 0.991, cycle_A: 0.082, D_B: 0.145, G_B: 0.996, cycle_B: 0.068, gp: 0.141

[Rank 0] (epoch: 40, iters: 32576, time: 0.001, data: 0.001) , D_A: 0.244, G_A: 0.970, cycle_A: 0.083, D_B: 0.164, G_B: 0.924, cycle_B: 0.068, gp: 0.160

[Rank 0] (epoch: 40, iters: 34176, time: 0.001, data: 0.001) , D_A: 0.154, G_A: 0.944, cycle_A: 0.087, D_B: 0.276, G_B: 0.845, cycle_B: 0.067, gp: 0.268

learning rate 0.0002000 -> 0.0001818
temperature tau = 0.1344
End of epoch 40 / 50 	 Time Taken: 44 sec
[Rank 0] (epoch: 41, iters: 960, time: 0.001, data: 0.001) , D_A: 0.358, G_A: 0.816, cycle_A: 0.077, D_B: 0.358, G_B: 1.000, cycle_B: 0.074, gp: 0.354

[Rank 0] (epoch: 41, iters: 2560, time: 0.001, data: 0.002) , D_A: 0.273, G_A: 0.934, cycle_A: 0.081, D_B: 0.189, G_B: 0.931, cycle_B: 0.068, gp: 0.186

[Rank 0] (epoch: 41, iters: 4160, time: 0.001, data: 0.002) , D_A: 0.313, G_A: 0.979, cycle_A: 0.084, D_B: 0.324, G_B: 1.004, cycle_B: 0.064, gp: 0.318

[Rank 0] (epoch: 41, iters: 5760, time: 0.001, data: 0.001) , D_A: 0.188, G_A: 0.960, cycle_A: 0.081, D_B: 0.239, G_B: 1.010, cycle_B: 0.065, gp: 0.237

--- iter tau=0.1344 ---
  cipher in : cpnrjnbbp bpkfpqjsfpsqpcf ejpsgeksfemplkdlpbglssmplpbjnnpefcpbsl
  decrypted : r edlehh ph ng mlog om rgpil osinogia cndc hscooa c hlee igr hoc
  real plain:  snhesie lierare and poliics and aangarde ar of eer kind ih is r
  cipher in : mbprekfncpsfplnpqkjbpbjqegnpsjplefcmncpkfpslnjpebpfnpjmnpfspcsfp
  decrypted : ah dinger og ce mnlh hlmise ol cigraer ng ocel ih ge lae go rog 
  real plain: all children in he same manner a ision handicap ha ma prodce ner
[Rank 0] (epoch: 41, iters: 7360, time: 0.001, data: 0.001) , D_A: 0.283, G_A: 0.988, cycle_A: 0.080, D_B: 0.132, G_B: 0.976, cycle_B: 0.068, gp: 0.130

saving the latest model (epoch 41, total_iters 1400000)
[Rank 0] (epoch: 41, iters: 8960, time: 0.001, data: 0.001) , D_A: 0.215, G_A: 0.929, cycle_A: 0.080, D_B: 0.123, G_B: 0.967, cycle_B: 0.066, gp: 0.121

[Rank 0] (epoch: 41, iters: 10560, time: 0.001, data: 0.002) , D_A: 0.270, G_A: 0.914, cycle_A: 0.080, D_B: 0.303, G_B: 1.018, cycle_B: 0.072, gp: 0.294

[Rank 0] (epoch: 41, iters: 12160, time: 0.001, data: 0.001) , D_A: 0.242, G_A: 0.988, cycle_A: 0.082, D_B: 0.260, G_B: 1.018, cycle_B: 0.064, gp: 0.256

[Rank 0] (epoch: 41, iters: 13760, time: 0.001, data: 0.001) , D_A: 0.187, G_A: 0.925, cycle_A: 0.085, D_B: 0.175, G_B: 0.951, cycle_B: 0.066, gp: 0.168

[Rank 0] (epoch: 41, iters: 15360, time: 0.001, data: 0.001) , D_A: 0.181, G_A: 1.018, cycle_A: 0.086, D_B: 0.202, G_B: 0.979, cycle_B: 0.072, gp: 0.198

[Rank 0] (epoch: 41, iters: 16960, time: 0.001, data: 0.001) , D_A: 0.212, G_A: 0.999, cycle_A: 0.080, D_B: 0.120, G_B: 0.935, cycle_B: 0.067, gp: 0.117

[Rank 0] (epoch: 41, iters: 18560, time: 0.001, data: 0.002) , D_A: 0.332, G_A: 0.959, cycle_A: 0.079, D_B: 0.229, G_B: 0.919, cycle_B: 0.063, gp: 0.225

[Rank 0] (epoch: 41, iters: 20160, time: 0.001, data: 0.001) , D_A: 0.272, G_A: 0.919, cycle_A: 0.091, D_B: 0.220, G_B: 1.026, cycle_B: 0.062, gp: 0.215

[Rank 0] (epoch: 41, iters: 21760, time: 0.001, data: 0.001) , D_A: 0.229, G_A: 0.915, cycle_A: 0.083, D_B: 0.197, G_B: 1.008, cycle_B: 0.071, gp: 0.191

[Rank 0] (epoch: 41, iters: 23360, time: 0.001, data: 0.001) , D_A: 0.245, G_A: 0.917, cycle_A: 0.084, D_B: 0.189, G_B: 0.946, cycle_B: 0.069, gp: 0.184

[Rank 0] (epoch: 41, iters: 24960, time: 0.001, data: 0.001) , D_A: 0.296, G_A: 0.969, cycle_A: 0.087, D_B: 0.229, G_B: 0.928, cycle_B: 0.068, gp: 0.227

[Rank 0] (epoch: 41, iters: 26560, time: 0.001, data: 0.001) , D_A: 0.185, G_A: 0.932, cycle_A: 0.081, D_B: 0.149, G_B: 0.945, cycle_B: 0.066, gp: 0.143

[Rank 0] (epoch: 41, iters: 28160, time: 0.001, data: 0.001) , D_A: 0.191, G_A: 0.976, cycle_A: 0.085, D_B: 0.226, G_B: 0.974, cycle_B: 0.058, gp: 0.222

[Rank 0] (epoch: 41, iters: 29760, time: 0.001, data: 0.001) , D_A: 0.164, G_A: 0.981, cycle_A: 0.077, D_B: 0.176, G_B: 0.987, cycle_B: 0.062, gp: 0.172

[Rank 0] (epoch: 41, iters: 31360, time: 0.001, data: 0.001) , D_A: 0.186, G_A: 0.944, cycle_A: 0.075, D_B: 0.118, G_B: 0.948, cycle_B: 0.068, gp: 0.113

[Rank 0] (epoch: 41, iters: 32960, time: 0.001, data: 0.001) , D_A: 0.175, G_A: 0.986, cycle_A: 0.084, D_B: 0.238, G_B: 0.983, cycle_B: 0.060, gp: 0.233

[Rank 0] (epoch: 41, iters: 34560, time: 0.001, data: 0.001) , D_A: 0.298, G_A: 0.978, cycle_A: 0.083, D_B: 0.311, G_B: 0.921, cycle_B: 0.060, gp: 0.306

learning rate 0.0001818 -> 0.0001636
temperature tau = 0.1301
End of epoch 41 / 50 	 Time Taken: 33 sec
[Rank 0] (epoch: 42, iters: 1344, time: 0.001, data: 0.001) , D_A: 0.248, G_A: 0.949, cycle_A: 0.086, D_B: 0.337, G_B: 1.056, cycle_B: 0.065, gp: 0.330

[Rank 0] (epoch: 42, iters: 2944, time: 0.001, data: 0.001) , D_A: 0.148, G_A: 0.964, cycle_A: 0.080, D_B: 0.358, G_B: 0.955, cycle_B: 0.061, gp: 0.355

[Rank 0] (epoch: 42, iters: 4544, time: 0.001, data: 0.001) , D_A: 0.271, G_A: 0.971, cycle_A: 0.077, D_B: 0.458, G_B: 1.005, cycle_B: 0.064, gp: 0.453

[Rank 0] (epoch: 42, iters: 6144, time: 0.001, data: 0.001) , D_A: 0.285, G_A: 0.902, cycle_A: 0.075, D_B: 0.282, G_B: 0.981, cycle_B: 0.066, gp: 0.277

[Rank 0] (epoch: 42, iters: 7744, time: 0.001, data: 0.001) , D_A: 0.186, G_A: 0.973, cycle_A: 0.084, D_B: 0.156, G_B: 0.950, cycle_B: 0.066, gp: 0.152

[Rank 0] (epoch: 42, iters: 9344, time: 0.001, data: 0.001) , D_A: 0.246, G_A: 0.971, cycle_A: 0.086, D_B: 0.194, G_B: 0.960, cycle_B: 0.068, gp: 0.191

[Rank 0] (epoch: 42, iters: 10944, time: 0.001, data: 0.001) , D_A: 0.282, G_A: 0.980, cycle_A: 0.084, D_B: 0.455, G_B: 1.014, cycle_B: 0.066, gp: 0.448

--- iter tau=0.1301 ---
  cipher in : cpkfpfknjbkknbpljsdlsplkbpgsfjpsfdpefcpfspbspsfdphnfpeplkbphshnf
  decrypted : r ng gnelhnneh clodco cnh sogl ogd igr go ho ogd aeg i cnh aoaeg
  real plain:  he fesiiies presened a he mncipal adiorim and chosen as her lad
  cipher in : pjnrjnbnfeknbpsqplnpfeksfempme sjesjknbpsqpebjemkepgefeceplnpfnl
  decrypted :  ledlehegineh om ce ginogia aipoliolneh om ihliani sigiri ce gec
  real plain: ological argmen eerhere here seems o be a groing recogniion of h
[Rank 0] (epoch: 42, iters: 12544, time: 0.001, data: 0.001) , D_A: 0.212, G_A: 0.827, cycle_A: 0.079, D_B: 0.377, G_B: 0.904, cycle_B: 0.071, gp: 0.374

saving the latest model (epoch 42, total_iters 1440000)
[Rank 0] (epoch: 42, iters: 14144, time: 0.001, data: 0.001) , D_A: 0.191, G_A: 0.992, cycle_A: 0.080, D_B: 0.139, G_B: 0.988, cycle_B: 0.068, gp: 0.137

[Rank 0] (epoch: 42, iters: 15744, time: 0.001, data: 0.001) , D_A: 0.232, G_A: 1.000, cycle_A: 0.083, D_B: 0.273, G_B: 0.900, cycle_B: 0.066, gp: 0.271

[Rank 0] (epoch: 42, iters: 17344, time: 0.001, data: 0.001) , D_A: 0.221, G_A: 0.938, cycle_A: 0.085, D_B: 0.207, G_B: 0.940, cycle_B: 0.068, gp: 0.204

[Rank 0] (epoch: 42, iters: 18944, time: 0.001, data: 0.001) , D_A: 0.234, G_A: 0.996, cycle_A: 0.079, D_B: 0.203, G_B: 0.945, cycle_B: 0.063, gp: 0.200

[Rank 0] (epoch: 42, iters: 20544, time: 0.001, data: 0.001) , D_A: 0.201, G_A: 0.973, cycle_A: 0.082, D_B: 0.187, G_B: 0.947, cycle_B: 0.073, gp: 0.183

[Rank 0] (epoch: 42, iters: 22144, time: 0.001, data: 0.001) , D_A: 0.116, G_A: 0.908, cycle_A: 0.079, D_B: 0.186, G_B: 0.993, cycle_B: 0.067, gp: 0.173

[Rank 0] (epoch: 42, iters: 23744, time: 0.001, data: 0.001) , D_A: 0.386, G_A: 0.901, cycle_A: 0.082, D_B: 0.128, G_B: 0.965, cycle_B: 0.064, gp: 0.126

[Rank 0] (epoch: 42, iters: 25344, time: 0.001, data: 0.001) , D_A: 0.341, G_A: 0.926, cycle_A: 0.085, D_B: 0.142, G_B: 0.957, cycle_B: 0.060, gp: 0.139

[Rank 0] (epoch: 42, iters: 26944, time: 0.001, data: 0.001) , D_A: 0.196, G_A: 0.894, cycle_A: 0.079, D_B: 0.153, G_B: 0.981, cycle_B: 0.073, gp: 0.150

[Rank 0] (epoch: 42, iters: 28544, time: 0.001, data: 0.001) , D_A: 0.137, G_A: 0.954, cycle_A: 0.078, D_B: 0.217, G_B: 0.961, cycle_B: 0.067, gp: 0.215

[Rank 0] (epoch: 42, iters: 30144, time: 0.001, data: 0.001) , D_A: 0.155, G_A: 0.970, cycle_A: 0.088, D_B: 0.183, G_B: 0.962, cycle_B: 0.062, gp: 0.179

[Rank 0] (epoch: 42, iters: 31744, time: 0.001, data: 0.001) , D_A: 0.135, G_A: 0.981, cycle_A: 0.081, D_B: 0.190, G_B: 0.935, cycle_B: 0.064, gp: 0.186

[Rank 0] (epoch: 42, iters: 33344, time: 0.001, data: 0.001) , D_A: 0.181, G_A: 0.973, cycle_A: 0.077, D_B: 0.352, G_B: 1.077, cycle_B: 0.069, gp: 0.348

learning rate 0.0001636 -> 0.0001455
temperature tau = 0.1258
End of epoch 42 / 50 	 Time Taken: 28 sec
[Rank 0] (epoch: 43, iters: 128, time: 0.001, data: 0.001) , D_A: 0.179, G_A: 0.938, cycle_A: 0.084, D_B: 0.297, G_B: 0.920, cycle_B: 0.067, gp: 0.291

[Rank 0] (epoch: 43, iters: 1728, time: 0.001, data: 0.000) , D_A: 0.161, G_A: 0.953, cycle_A: 0.081, D_B: 0.256, G_B: 0.916, cycle_B: 0.066, gp: 0.250

[Rank 0] (epoch: 43, iters: 3328, time: 0.001, data: 0.001) , D_A: 0.209, G_A: 0.862, cycle_A: 0.081, D_B: 0.285, G_B: 0.979, cycle_B: 0.063, gp: 0.280

[Rank 0] (epoch: 43, iters: 4928, time: 0.001, data: 0.001) , D_A: 0.252, G_A: 0.892, cycle_A: 0.078, D_B: 0.178, G_B: 0.986, cycle_B: 0.064, gp: 0.173

[Rank 0] (epoch: 43, iters: 6528, time: 0.001, data: 0.001) , D_A: 0.225, G_A: 0.997, cycle_A: 0.085, D_B: 0.323, G_B: 0.916, cycle_B: 0.071, gp: 0.318

[Rank 0] (epoch: 43, iters: 8128, time: 0.001, data: 0.001) , D_A: 0.300, G_A: 0.986, cycle_A: 0.077, D_B: 0.144, G_B: 0.912, cycle_B: 0.066, gp: 0.138

[Rank 0] (epoch: 43, iters: 9728, time: 0.001, data: 0.001) , D_A: 0.275, G_A: 0.980, cycle_A: 0.086, D_B: 0.269, G_B: 1.009, cycle_B: 0.069, gp: 0.267

[Rank 0] (epoch: 43, iters: 11328, time: 0.001, data: 0.001) , D_A: 0.305, G_A: 0.972, cycle_A: 0.081, D_B: 0.412, G_B: 0.861, cycle_B: 0.066, gp: 0.399

[Rank 0] (epoch: 43, iters: 12928, time: 0.001, data: 0.001) , D_A: 0.160, G_A: 0.917, cycle_A: 0.072, D_B: 0.200, G_B: 0.943, cycle_B: 0.059, gp: 0.196

[Rank 0] (epoch: 43, iters: 14528, time: 0.001, data: 0.001) , D_A: 0.160, G_A: 0.978, cycle_A: 0.088, D_B: 0.153, G_B: 0.977, cycle_B: 0.067, gp: 0.150

[Rank 0] (epoch: 43, iters: 16128, time: 0.001, data: 0.001) , D_A: 0.129, G_A: 0.962, cycle_A: 0.085, D_B: 0.213, G_B: 0.958, cycle_B: 0.067, gp: 0.211

--- iter tau=0.1258 ---
  cipher in : pcnbgjk ncpqncnjempmeplsdlpkfsancpkfpepbenpgsjpcnmkhkbplnpqncnje
  decrypted :  rehslnper merelia ai codc nfoker nf i hie sol reananh ce mereli
  real plain: represened originall eised i as he collage ha made he erms of hi
  cipher in : njncp nnnfpesfshkgpbenbpefcprbglsmsdkgemp nleksjpkfpbnnjempkfbef
  decrypted : eler peeef iofoans hieh ifr dhscoaodnsia pecinol nf heelia nfhif
  real plain: l ne barnsfl of esed knoledge on he basis of hich e can ih confi
[Rank 0] (epoch: 43, iters: 17728, time: 0.001, data: 0.001) , D_A: 0.371, G_A: 0.974, cycle_A: 0.072, D_B: 0.172, G_B: 0.972, cycle_B: 0.069, gp: 0.169

saving the latest model (epoch 43, total_iters 1480000)
[Rank 0] (epoch: 43, iters: 19328, time: 0.001, data: 0.001) , D_A: 0.275, G_A: 0.873, cycle_A: 0.071, D_B: 0.155, G_B: 0.982, cycle_B: 0.060, gp: 0.152

[Rank 0] (epoch: 43, iters: 20928, time: 0.001, data: 0.001) , D_A: 0.246, G_A: 0.966, cycle_A: 0.086, D_B: 0.231, G_B: 0.929, cycle_B: 0.070, gp: 0.224

[Rank 0] (epoch: 43, iters: 22528, time: 0.001, data: 0.001) , D_A: 0.108, G_A: 0.958, cycle_A: 0.086, D_B: 0.275, G_B: 0.918, cycle_B: 0.066, gp: 0.264

[Rank 0] (epoch: 43, iters: 24128, time: 0.001, data: 0.001) , D_A: 0.315, G_A: 0.992, cycle_A: 0.072, D_B: 0.123, G_B: 0.969, cycle_B: 0.062, gp: 0.120

[Rank 0] (epoch: 43, iters: 25728, time: 0.001, data: 0.001) , D_A: 0.225, G_A: 0.983, cycle_A: 0.079, D_B: 0.150, G_B: 0.952, cycle_B: 0.069, gp: 0.146

[Rank 0] (epoch: 43, iters: 27328, time: 0.001, data: 0.001) , D_A: 0.238, G_A: 0.943, cycle_A: 0.083, D_B: 0.155, G_B: 0.960, cycle_B: 0.064, gp: 0.152

[Rank 0] (epoch: 43, iters: 28928, time: 0.001, data: 0.001) , D_A: 0.202, G_A: 0.951, cycle_A: 0.079, D_B: 0.206, G_B: 0.960, cycle_B: 0.067, gp: 0.200

[Rank 0] (epoch: 43, iters: 30528, time: 0.001, data: 0.001) , D_A: 0.200, G_A: 0.960, cycle_A: 0.085, D_B: 0.224, G_B: 0.856, cycle_B: 0.073, gp: 0.219

[Rank 0] (epoch: 43, iters: 32128, time: 0.001, data: 0.001) , D_A: 0.127, G_A: 1.005, cycle_A: 0.083, D_B: 0.246, G_B: 0.985, cycle_B: 0.067, gp: 0.243

[Rank 0] (epoch: 43, iters: 33728, time: 0.001, data: 0.001) , D_A: 0.095, G_A: 0.979, cycle_A: 0.082, D_B: 0.412, G_B: 0.944, cycle_B: 0.068, gp: 0.409

learning rate 0.0001455 -> 0.0001273
temperature tau = 0.1218
End of epoch 43 / 50 	 Time Taken: 29 sec
[Rank 0] (epoch: 44, iters: 512, time: 0.001, data: 0.002) , D_A: 0.101, G_A: 0.969, cycle_A: 0.086, D_B: 0.321, G_B: 0.998, cycle_B: 0.065, gp: 0.318

[Rank 0] (epoch: 44, iters: 2112, time: 0.001, data: 0.000) , D_A: 0.185, G_A: 0.961, cycle_A: 0.080, D_B: 0.269, G_B: 0.938, cycle_B: 0.068, gp: 0.265

[Rank 0] (epoch: 44, iters: 3712, time: 0.001, data: 0.001) , D_A: 0.226, G_A: 0.940, cycle_A: 0.074, D_B: 0.244, G_B: 0.971, cycle_B: 0.075, gp: 0.238

[Rank 0] (epoch: 44, iters: 5312, time: 0.001, data: 0.001) , D_A: 0.216, G_A: 0.948, cycle_A: 0.079, D_B: 0.175, G_B: 1.003, cycle_B: 0.063, gp: 0.171

[Rank 0] (epoch: 44, iters: 6912, time: 0.001, data: 0.001) , D_A: 0.205, G_A: 0.997, cycle_A: 0.077, D_B: 0.250, G_B: 0.939, cycle_B: 0.069, gp: 0.247

[Rank 0] (epoch: 44, iters: 8512, time: 0.001, data: 0.001) , D_A: 0.213, G_A: 0.907, cycle_A: 0.086, D_B: 0.152, G_B: 0.992, cycle_B: 0.068, gp: 0.148

[Rank 0] (epoch: 44, iters: 10112, time: 0.001, data: 0.001) , D_A: 0.208, G_A: 0.996, cycle_A: 0.076, D_B: 0.285, G_B: 0.962, cycle_B: 0.064, gp: 0.280

[Rank 0] (epoch: 44, iters: 11712, time: 0.001, data: 0.001) , D_A: 0.189, G_A: 0.925, cycle_A: 0.083, D_B: 0.255, G_B: 0.930, cycle_B: 0.067, gp: 0.250

[Rank 0] (epoch: 44, iters: 13312, time: 0.001, data: 0.001) , D_A: 0.210, G_A: 0.944, cycle_A: 0.084, D_B: 0.212, G_B: 0.946, cycle_B: 0.058, gp: 0.209

[Rank 0] (epoch: 44, iters: 14912, time: 0.001, data: 0.001) , D_A: 0.332, G_A: 0.991, cycle_A: 0.074, D_B: 0.230, G_B: 0.983, cycle_B: 0.074, gp: 0.227

[Rank 0] (epoch: 44, iters: 16512, time: 0.001, data: 0.001) , D_A: 0.280, G_A: 0.975, cycle_A: 0.081, D_B: 0.171, G_B: 0.967, cycle_B: 0.069, gp: 0.168

[Rank 0] (epoch: 44, iters: 18112, time: 0.001, data: 0.001) , D_A: 0.131, G_A: 0.965, cycle_A: 0.083, D_B: 0.235, G_B: 0.928, cycle_B: 0.061, gp: 0.232

[Rank 0] (epoch: 44, iters: 19712, time: 0.001, data: 0.001) , D_A: 0.162, G_A: 0.942, cycle_A: 0.076, D_B: 0.182, G_B: 0.984, cycle_B: 0.068, gp: 0.180

[Rank 0] (epoch: 44, iters: 21312, time: 0.001, data: 0.001) , D_A: 0.295, G_A: 0.990, cycle_A: 0.083, D_B: 0.160, G_B: 0.971, cycle_B: 0.067, gp: 0.157

--- iter tau=0.1218 ---
  cipher in : psqpepqsmcncp msgapsqpqsehpefcpgefp npbncpspbmkpgsfkfsbpblnnbprp
  decrypted :  om i moarer paosk om moia igr sig pe her o han sogngoh hceeh d 
  real plain:  ere obliged o organie special demographic inqiries in seleced a
  cipher in : nfncpqjefaknpebancprlkmpbekcpkpdsphpjnmnebnpspgjeprlkmpbljddncpl
  decrypted : eger mligkne ihker dcna hinr n do a leaeihe o sli dcna hcldder c
  real plain: ion in normal circmsances and in ha circmsances ill his concenra
[Rank 0] (epoch: 44, iters: 22912, time: 0.001, data: 0.001) , D_A: 0.218, G_A: 0.984, cycle_A: 0.089, D_B: 0.207, G_B: 0.996, cycle_B: 0.064, gp: 0.205

saving the latest model (epoch 44, total_iters 1520000)
[Rank 0] (epoch: 44, iters: 24512, time: 0.001, data: 0.001) , D_A: 0.318, G_A: 0.961, cycle_A: 0.081, D_B: 0.187, G_B: 0.977, cycle_B: 0.061, gp: 0.185

[Rank 0] (epoch: 44, iters: 26112, time: 0.001, data: 0.001) , D_A: 0.133, G_A: 0.973, cycle_A: 0.080, D_B: 0.158, G_B: 0.939, cycle_B: 0.067, gp: 0.154

[Rank 0] (epoch: 44, iters: 27712, time: 0.001, data: 0.001) , D_A: 0.502, G_A: 0.979, cycle_A: 0.084, D_B: 0.262, G_B: 0.980, cycle_B: 0.058, gp: 0.259

[Rank 0] (epoch: 44, iters: 29312, time: 0.001, data: 0.001) , D_A: 0.213, G_A: 0.943, cycle_A: 0.082, D_B: 0.167, G_B: 0.974, cycle_B: 0.067, gp: 0.162

[Rank 0] (epoch: 44, iters: 30912, time: 0.001, data: 0.001) , D_A: 0.363, G_A: 0.981, cycle_A: 0.092, D_B: 0.165, G_B: 0.991, cycle_B: 0.067, gp: 0.159

[Rank 0] (epoch: 44, iters: 32512, time: 0.001, data: 0.001) , D_A: 0.142, G_A: 0.982, cycle_A: 0.084, D_B: 0.154, G_B: 0.970, cycle_B: 0.067, gp: 0.151

[Rank 0] (epoch: 44, iters: 34112, time: 0.001, data: 0.001) , D_A: 0.295, G_A: 0.947, cycle_A: 0.077, D_B: 0.367, G_B: 0.997, cycle_B: 0.068, gp: 0.362

learning rate 0.0001273 -> 0.0001091
temperature tau = 0.1178
End of epoch 44 / 50 	 Time Taken: 29 sec
[Rank 0] (epoch: 45, iters: 896, time: 0.001, data: 0.001) , D_A: 0.193, G_A: 0.970, cycle_A: 0.086, D_B: 0.421, G_B: 1.004, cycle_B: 0.077, gp: 0.417

[Rank 0] (epoch: 45, iters: 2496, time: 0.001, data: 0.001) , D_A: 0.091, G_A: 0.955, cycle_A: 0.079, D_B: 0.157, G_B: 0.982, cycle_B: 0.068, gp: 0.152

[Rank 0] (epoch: 45, iters: 4096, time: 0.001, data: 0.001) , D_A: 0.163, G_A: 0.988, cycle_A: 0.093, D_B: 0.427, G_B: 0.897, cycle_B: 0.074, gp: 0.418

[Rank 0] (epoch: 45, iters: 5696, time: 0.001, data: 0.001) , D_A: 0.155, G_A: 0.935, cycle_A: 0.084, D_B: 0.171, G_B: 0.965, cycle_B: 0.065, gp: 0.168

[Rank 0] (epoch: 45, iters: 7296, time: 0.001, data: 0.001) , D_A: 0.297, G_A: 0.997, cycle_A: 0.082, D_B: 0.156, G_B: 0.911, cycle_B: 0.067, gp: 0.150

[Rank 0] (epoch: 45, iters: 8896, time: 0.001, data: 0.001) , D_A: 0.172, G_A: 0.966, cycle_A: 0.080, D_B: 0.176, G_B: 0.931, cycle_B: 0.069, gp: 0.170

[Rank 0] (epoch: 45, iters: 10496, time: 0.001, data: 0.001) , D_A: 0.208, G_A: 0.969, cycle_A: 0.084, D_B: 0.242, G_B: 0.932, cycle_B: 0.068, gp: 0.238

[Rank 0] (epoch: 45, iters: 12096, time: 0.001, data: 0.001) , D_A: 0.263, G_A: 0.992, cycle_A: 0.087, D_B: 0.275, G_B: 0.968, cycle_B: 0.064, gp: 0.272

[Rank 0] (epoch: 45, iters: 13696, time: 0.001, data: 0.001) , D_A: 0.329, G_A: 0.868, cycle_A: 0.085, D_B: 0.144, G_B: 0.913, cycle_B: 0.065, gp: 0.137

[Rank 0] (epoch: 45, iters: 15296, time: 0.001, data: 0.001) , D_A: 0.239, G_A: 0.971, cycle_A: 0.077, D_B: 0.158, G_B: 0.921, cycle_B: 0.071, gp: 0.153

[Rank 0] (epoch: 45, iters: 16896, time: 0.001, data: 0.001) , D_A: 0.168, G_A: 0.982, cycle_A: 0.079, D_B: 0.155, G_B: 0.941, cycle_B: 0.067, gp: 0.151

[Rank 0] (epoch: 45, iters: 18496, time: 0.001, data: 0.001) , D_A: 0.145, G_A: 1.012, cycle_A: 0.081, D_B: 0.186, G_B: 0.989, cycle_B: 0.062, gp: 0.181

[Rank 0] (epoch: 45, iters: 20096, time: 0.001, data: 0.001) , D_A: 0.288, G_A: 0.994, cycle_A: 0.076, D_B: 0.155, G_B: 0.945, cycle_B: 0.062, gp: 0.149

[Rank 0] (epoch: 45, iters: 21696, time: 0.001, data: 0.001) , D_A: 0.352, G_A: 0.987, cycle_A: 0.080, D_B: 0.166, G_B: 0.982, cycle_B: 0.073, gp: 0.162

[Rank 0] (epoch: 45, iters: 23296, time: 0.001, data: 0.001) , D_A: 0.263, G_A: 0.951, cycle_A: 0.076, D_B: 0.178, G_B: 0.955, cycle_B: 0.072, gp: 0.175

[Rank 0] (epoch: 45, iters: 24896, time: 0.001, data: 0.001) , D_A: 0.327, G_A: 0.980, cycle_A: 0.088, D_B: 0.146, G_B: 0.940, cycle_B: 0.062, gp: 0.140

[Rank 0] (epoch: 45, iters: 26496, time: 0.001, data: 0.001) , D_A: 0.317, G_A: 0.960, cycle_A: 0.081, D_B: 0.122, G_B: 0.943, cycle_B: 0.064, gp: 0.118

--- iter tau=0.1178 ---
  cipher in : psqpjefokmknjbp pebfgljsfpeqnjperrmkgeksfpsqpefemnrkgpefcprbglse
  decrypted :  om lifananelh p ihfsclof imel iddansinof om ifiaedns ifr dhscoi
  real plain: aer splashed agains his indshield as he led he fligh in and o of
  cipher in : sjpsfpkhnpnplenpbnnfpleplnpfsnmkbbpcn psprbglsefembkbplebpkfgjne
  decrypted : ol of nae e cie heef ci ce foeanhh rep o dhscoifiahnh cih nfslei
  real plain: g he as sre ha eiher forbes or sac had killed diana beaclerk for
[Rank 0] (epoch: 45, iters: 28096, time: 0.001, data: 0.001) , D_A: 0.253, G_A: 0.967, cycle_A: 0.082, D_B: 0.132, G_B: 0.983, cycle_B: 0.057, gp: 0.130

saving the latest model (epoch 45, total_iters 1560000)
[Rank 0] (epoch: 45, iters: 29696, time: 0.001, data: 0.001) , D_A: 0.243, G_A: 0.953, cycle_A: 0.083, D_B: 0.153, G_B: 0.985, cycle_B: 0.068, gp: 0.149

[Rank 0] (epoch: 45, iters: 31296, time: 0.001, data: 0.001) , D_A: 0.288, G_A: 0.939, cycle_A: 0.084, D_B: 0.087, G_B: 0.928, cycle_B: 0.066, gp: 0.081

[Rank 0] (epoch: 45, iters: 32896, time: 0.001, data: 0.001) , D_A: 0.230, G_A: 0.992, cycle_A: 0.075, D_B: 0.154, G_B: 0.976, cycle_B: 0.060, gp: 0.151

[Rank 0] (epoch: 45, iters: 34496, time: 0.001, data: 0.001) , D_A: 0.279, G_A: 1.002, cycle_A: 0.078, D_B: 0.299, G_B: 0.903, cycle_B: 0.060, gp: 0.289

learning rate 0.0001091 -> 0.0000909
temperature tau = 0.1140
End of epoch 45 / 50 	 Time Taken: 28 sec
[Rank 0] (epoch: 46, iters: 1280, time: 0.001, data: 0.001) , D_A: 0.180, G_A: 0.973, cycle_A: 0.080, D_B: 0.314, G_B: 0.918, cycle_B: 0.065, gp: 0.310

[Rank 0] (epoch: 46, iters: 2880, time: 0.001, data: 0.001) , D_A: 0.262, G_A: 0.944, cycle_A: 0.085, D_B: 0.240, G_B: 0.951, cycle_B: 0.057, gp: 0.232

[Rank 0] (epoch: 46, iters: 4480, time: 0.001, data: 0.001) , D_A: 0.086, G_A: 0.952, cycle_A: 0.079, D_B: 0.462, G_B: 0.979, cycle_B: 0.063, gp: 0.454

[Rank 0] (epoch: 46, iters: 6080, time: 0.001, data: 0.001) , D_A: 0.176, G_A: 0.964, cycle_A: 0.082, D_B: 0.253, G_B: 0.954, cycle_B: 0.065, gp: 0.249

[Rank 0] (epoch: 46, iters: 7680, time: 0.001, data: 0.001) , D_A: 0.319, G_A: 0.953, cycle_A: 0.083, D_B: 0.133, G_B: 0.860, cycle_B: 0.068, gp: 0.127

[Rank 0] (epoch: 46, iters: 9280, time: 0.001, data: 0.001) , D_A: 0.287, G_A: 0.972, cycle_A: 0.082, D_B: 0.142, G_B: 0.965, cycle_B: 0.070, gp: 0.139

[Rank 0] (epoch: 46, iters: 10880, time: 0.001, data: 0.001) , D_A: 0.342, G_A: 0.943, cycle_A: 0.082, D_B: 0.330, G_B: 0.945, cycle_B: 0.063, gp: 0.323

[Rank 0] (epoch: 46, iters: 12480, time: 0.001, data: 0.001) , D_A: 0.331, G_A: 0.968, cycle_A: 0.080, D_B: 0.339, G_B: 0.974, cycle_B: 0.072, gp: 0.335

[Rank 0] (epoch: 46, iters: 14080, time: 0.001, data: 0.001) , D_A: 0.182, G_A: 0.963, cycle_A: 0.087, D_B: 0.154, G_B: 0.992, cycle_B: 0.068, gp: 0.151

[Rank 0] (epoch: 46, iters: 15680, time: 0.001, data: 0.001) , D_A: 0.124, G_A: 0.969, cycle_A: 0.098, D_B: 0.149, G_B: 0.950, cycle_B: 0.065, gp: 0.143

[Rank 0] (epoch: 46, iters: 17280, time: 0.001, data: 0.001) , D_A: 0.303, G_A: 0.910, cycle_A: 0.084, D_B: 0.214, G_B: 0.966, cycle_B: 0.066, gp: 0.211

[Rank 0] (epoch: 46, iters: 18880, time: 0.001, data: 0.001) , D_A: 0.319, G_A: 0.995, cycle_A: 0.087, D_B: 0.146, G_B: 0.961, cycle_B: 0.063, gp: 0.142

[Rank 0] (epoch: 46, iters: 20480, time: 0.001, data: 0.001) , D_A: 0.333, G_A: 0.970, cycle_A: 0.078, D_B: 0.232, G_B: 0.912, cycle_B: 0.062, gp: 0.228

[Rank 0] (epoch: 46, iters: 22080, time: 0.001, data: 0.001) , D_A: 0.172, G_A: 0.908, cycle_A: 0.080, D_B: 0.285, G_B: 0.894, cycle_B: 0.066, gp: 0.277

[Rank 0] (epoch: 46, iters: 23680, time: 0.001, data: 0.001) , D_A: 0.288, G_A: 0.975, cycle_A: 0.086, D_B: 0.203, G_B: 0.939, cycle_B: 0.066, gp: 0.200

[Rank 0] (epoch: 46, iters: 25280, time: 0.001, data: 0.001) , D_A: 0.216, G_A: 0.952, cycle_A: 0.082, D_B: 0.106, G_B: 0.950, cycle_B: 0.061, gp: 0.103

[Rank 0] (epoch: 46, iters: 26880, time: 0.001, data: 0.001) , D_A: 0.240, G_A: 0.972, cycle_A: 0.083, D_B: 0.189, G_B: 0.952, cycle_B: 0.069, gp: 0.184

[Rank 0] (epoch: 46, iters: 28480, time: 0.001, data: 0.001) , D_A: 0.334, G_A: 0.940, cycle_A: 0.088, D_B: 0.172, G_B: 0.969, cycle_B: 0.069, gp: 0.169

[Rank 0] (epoch: 46, iters: 30080, time: 0.001, data: 0.001) , D_A: 0.209, G_A: 0.976, cycle_A: 0.076, D_B: 0.218, G_B: 0.970, cycle_B: 0.060, gp: 0.213

[Rank 0] (epoch: 46, iters: 31680, time: 0.001, data: 0.001) , D_A: 0.091, G_A: 0.955, cycle_A: 0.079, D_B: 0.207, G_B: 0.959, cycle_B: 0.063, gp: 0.204

--- iter tau=0.1140 ---
  cipher in : pbkmnfpkpckcfpefpspbkjplkfdbprpkpcjknphpsfpgejp pgsjnbpsqpkepkhp
  decrypted :  hnaef n rnrf if o hnl cnfdh d n rlne a of sil p soleh om ni na 
  real plain: rinelli eplained ha here shold be more han enogh signares o assr
  cipher in : nbp pepemeplnpgsfqmkgkfdpnrngeksfbpsqpnebpefcpnbpnjnphnjdncpkfsp
  decrypted : eh p i iai ce sofmansnfd edesinofh om eih ifr eh ele aelder nfo 
  real plain: rganiaion deermine he pe of neork reqired becase he pe of neork 
[Rank 0] (epoch: 46, iters: 33280, time: 0.001, data: 0.001) , D_A: 0.243, G_A: 0.965, cycle_A: 0.080, D_B: 0.221, G_B: 0.944, cycle_B: 0.059, gp: 0.218

saving the latest model (epoch 46, total_iters 1600000)
learning rate 0.0000909 -> 0.0000727
temperature tau = 0.1104
End of epoch 46 / 50 	 Time Taken: 28 sec
[Rank 0] (epoch: 47, iters: 64, time: 0.001, data: 0.001) , D_A: 0.324, G_A: 0.962, cycle_A: 0.081, D_B: 0.295, G_B: 0.964, cycle_B: 0.067, gp: 0.289

[Rank 0] (epoch: 47, iters: 1664, time: 0.001, data: 0.001) , D_A: 0.210, G_A: 0.955, cycle_A: 0.082, D_B: 0.286, G_B: 0.981, cycle_B: 0.066, gp: 0.283

[Rank 0] (epoch: 47, iters: 3264, time: 0.001, data: 0.001) , D_A: 0.314, G_A: 0.912, cycle_A: 0.083, D_B: 0.336, G_B: 0.941, cycle_B: 0.063, gp: 0.331

[Rank 0] (epoch: 47, iters: 4864, time: 0.001, data: 0.001) , D_A: 0.368, G_A: 0.957, cycle_A: 0.081, D_B: 0.278, G_B: 0.946, cycle_B: 0.065, gp: 0.272

[Rank 0] (epoch: 47, iters: 6464, time: 0.001, data: 0.001) , D_A: 0.384, G_A: 0.978, cycle_A: 0.085, D_B: 0.320, G_B: 0.935, cycle_B: 0.072, gp: 0.317

[Rank 0] (epoch: 47, iters: 8064, time: 0.001, data: 0.001) , D_A: 0.311, G_A: 1.020, cycle_A: 0.088, D_B: 0.186, G_B: 0.936, cycle_B: 0.067, gp: 0.182

[Rank 0] (epoch: 47, iters: 9664, time: 0.001, data: 0.001) , D_A: 0.308, G_A: 0.952, cycle_A: 0.082, D_B: 0.166, G_B: 0.973, cycle_B: 0.070, gp: 0.163

[Rank 0] (epoch: 47, iters: 11264, time: 0.001, data: 0.001) , D_A: 0.170, G_A: 0.963, cycle_A: 0.074, D_B: 0.325, G_B: 0.943, cycle_B: 0.063, gp: 0.319

[Rank 0] (epoch: 47, iters: 12864, time: 0.001, data: 0.001) , D_A: 0.202, G_A: 0.985, cycle_A: 0.076, D_B: 0.389, G_B: 1.027, cycle_B: 0.059, gp: 0.386

[Rank 0] (epoch: 47, iters: 14464, time: 0.001, data: 0.001) , D_A: 0.251, G_A: 0.944, cycle_A: 0.087, D_B: 0.205, G_B: 0.959, cycle_B: 0.068, gp: 0.201

[Rank 0] (epoch: 47, iters: 16064, time: 0.001, data: 0.001) , D_A: 0.177, G_A: 0.931, cycle_A: 0.084, D_B: 0.227, G_B: 0.966, cycle_B: 0.067, gp: 0.219

[Rank 0] (epoch: 47, iters: 17664, time: 0.001, data: 0.001) , D_A: 0.168, G_A: 0.997, cycle_A: 0.081, D_B: 0.294, G_B: 0.935, cycle_B: 0.069, gp: 0.288

[Rank 0] (epoch: 47, iters: 19264, time: 0.001, data: 0.001) , D_A: 0.163, G_A: 0.962, cycle_A: 0.078, D_B: 0.166, G_B: 0.928, cycle_B: 0.059, gp: 0.162

[Rank 0] (epoch: 47, iters: 20864, time: 0.001, data: 0.001) , D_A: 0.174, G_A: 0.946, cycle_A: 0.077, D_B: 0.205, G_B: 0.970, cycle_B: 0.070, gp: 0.200

[Rank 0] (epoch: 47, iters: 22464, time: 0.001, data: 0.001) , D_A: 0.145, G_A: 0.971, cycle_A: 0.078, D_B: 0.245, G_B: 0.974, cycle_B: 0.067, gp: 0.239

[Rank 0] (epoch: 47, iters: 24064, time: 0.001, data: 0.001) , D_A: 0.241, G_A: 0.982, cycle_A: 0.087, D_B: 0.193, G_B: 0.936, cycle_B: 0.064, gp: 0.190

[Rank 0] (epoch: 47, iters: 25664, time: 0.001, data: 0.001) , D_A: 0.455, G_A: 0.975, cycle_A: 0.084, D_B: 0.088, G_B: 0.910, cycle_B: 0.071, gp: 0.082

[Rank 0] (epoch: 47, iters: 27264, time: 0.001, data: 0.001) , D_A: 0.374, G_A: 0.948, cycle_A: 0.084, D_B: 0.174, G_B: 0.958, cycle_B: 0.062, gp: 0.172

[Rank 0] (epoch: 47, iters: 28864, time: 0.001, data: 0.001) , D_A: 0.304, G_A: 0.983, cycle_A: 0.082, D_B: 0.218, G_B: 0.926, cycle_B: 0.065, gp: 0.210

[Rank 0] (epoch: 47, iters: 30464, time: 0.001, data: 0.001) , D_A: 0.356, G_A: 0.923, cycle_A: 0.077, D_B: 0.193, G_B: 0.939, cycle_B: 0.072, gp: 0.189

[Rank 0] (epoch: 47, iters: 32064, time: 0.001, data: 0.001) , D_A: 0.128, G_A: 0.954, cycle_A: 0.079, D_B: 0.220, G_B: 0.969, cycle_B: 0.069, gp: 0.215

[Rank 0] (epoch: 47, iters: 33664, time: 0.001, data: 0.001) , D_A: 0.179, G_A: 0.960, cycle_A: 0.084, D_B: 0.209, G_B: 0.956, cycle_B: 0.071, gp: 0.206

learning rate 0.0000727 -> 0.0000545
temperature tau = 0.1068
End of epoch 47 / 50 	 Time Taken: 33 sec
[Rank 0] (epoch: 48, iters: 448, time: 0.001, data: 0.001) , D_A: 0.109, G_A: 0.982, cycle_A: 0.081, D_B: 0.228, G_B: 0.953, cycle_B: 0.065, gp: 0.224

[Rank 0] (epoch: 48, iters: 2048, time: 0.001, data: 0.003) , D_A: 0.188, G_A: 0.987, cycle_A: 0.079, D_B: 0.142, G_B: 0.966, cycle_B: 0.065, gp: 0.136

--- iter tau=0.1068 ---
  cipher in : nbpmejdnjplefpeqpqsjpe spnnfbpkfpepceprnjkscpmedspefcpemnefcnjpl
  decrypted : eh aildel cif im mol ipo eefh nf i ri delnor aido ifr iaeifrel c
  real plain: scholarship and science has ended o amp don enhsiasm among negro
  cipher in : fenpsqqkgnjplsbnpkqnplnpjkncpspjernpepmspsqphnfplecprmnfpsqpjneb
  decrypted : fie ommnsel cohe nme ce lner o lide i ao om aef cir daef om leih
  real plain: ing in a line l angen o q a a poin p he o free inersecions of he
[Rank 0] (epoch: 48, iters: 3648, time: 0.001, data: 0.001) , D_A: 0.190, G_A: 0.941, cycle_A: 0.083, D_B: 0.372, G_B: 0.932, cycle_B: 0.075, gp: 0.367

saving the latest model (epoch 48, total_iters 1640000)
[Rank 0] (epoch: 48, iters: 5248, time: 0.001, data: 0.001) , D_A: 0.183, G_A: 0.979, cycle_A: 0.079, D_B: 0.262, G_B: 0.932, cycle_B: 0.061, gp: 0.258

[Rank 0] (epoch: 48, iters: 6848, time: 0.001, data: 0.001) , D_A: 0.288, G_A: 0.918, cycle_A: 0.083, D_B: 0.343, G_B: 0.960, cycle_B: 0.070, gp: 0.338

[Rank 0] (epoch: 48, iters: 8448, time: 0.001, data: 0.001) , D_A: 0.345, G_A: 0.942, cycle_A: 0.082, D_B: 0.225, G_B: 0.900, cycle_B: 0.067, gp: 0.221

[Rank 0] (epoch: 48, iters: 10048, time: 0.001, data: 0.001) , D_A: 0.405, G_A: 0.969, cycle_A: 0.072, D_B: 0.209, G_B: 0.963, cycle_B: 0.043, gp: 0.204

[Rank 0] (epoch: 48, iters: 11648, time: 0.001, data: 0.001) , D_A: 0.301, G_A: 0.987, cycle_A: 0.078, D_B: 0.157, G_B: 0.935, cycle_B: 0.045, gp: 0.150

[Rank 0] (epoch: 48, iters: 13248, time: 0.001, data: 0.001) , D_A: 0.160, G_A: 0.954, cycle_A: 0.074, D_B: 0.271, G_B: 0.944, cycle_B: 0.036, gp: 0.266

[Rank 0] (epoch: 48, iters: 14848, time: 0.001, data: 0.001) , D_A: 0.330, G_A: 0.993, cycle_A: 0.075, D_B: 0.162, G_B: 0.909, cycle_B: 0.040, gp: 0.151

[Rank 0] (epoch: 48, iters: 16448, time: 0.001, data: 0.001) , D_A: 0.403, G_A: 0.979, cycle_A: 0.077, D_B: 0.231, G_B: 0.907, cycle_B: 0.043, gp: 0.226

[Rank 0] (epoch: 48, iters: 18048, time: 0.001, data: 0.001) , D_A: 0.194, G_A: 0.972, cycle_A: 0.070, D_B: 0.302, G_B: 0.937, cycle_B: 0.035, gp: 0.295

[Rank 0] (epoch: 48, iters: 19648, time: 0.001, data: 0.001) , D_A: 0.270, G_A: 0.987, cycle_A: 0.073, D_B: 0.254, G_B: 0.944, cycle_B: 0.043, gp: 0.249

[Rank 0] (epoch: 48, iters: 21248, time: 0.001, data: 0.001) , D_A: 0.375, G_A: 0.946, cycle_A: 0.075, D_B: 0.305, G_B: 0.923, cycle_B: 0.045, gp: 0.294

[Rank 0] (epoch: 48, iters: 22848, time: 0.001, data: 0.001) , D_A: 0.390, G_A: 0.899, cycle_A: 0.082, D_B: 0.120, G_B: 0.951, cycle_B: 0.041, gp: 0.114

[Rank 0] (epoch: 48, iters: 24448, time: 0.001, data: 0.001) , D_A: 0.360, G_A: 0.934, cycle_A: 0.071, D_B: 0.219, G_B: 0.929, cycle_B: 0.036, gp: 0.211

[Rank 0] (epoch: 48, iters: 26048, time: 0.001, data: 0.001) , D_A: 0.278, G_A: 1.016, cycle_A: 0.080, D_B: 0.092, G_B: 0.917, cycle_B: 0.041, gp: 0.084

[Rank 0] (epoch: 48, iters: 27648, time: 0.001, data: 0.001) , D_A: 0.247, G_A: 0.986, cycle_A: 0.072, D_B: 0.156, G_B: 0.923, cycle_B: 0.039, gp: 0.151

[Rank 0] (epoch: 48, iters: 29248, time: 0.001, data: 0.001) , D_A: 0.517, G_A: 0.969, cycle_A: 0.069, D_B: 0.125, G_B: 0.933, cycle_B: 0.042, gp: 0.119

[Rank 0] (epoch: 48, iters: 30848, time: 0.001, data: 0.001) , D_A: 0.349, G_A: 0.968, cycle_A: 0.079, D_B: 0.069, G_B: 0.964, cycle_B: 0.045, gp: 0.066

[Rank 0] (epoch: 48, iters: 32448, time: 0.001, data: 0.001) , D_A: 0.238, G_A: 0.972, cycle_A: 0.079, D_B: 0.179, G_B: 0.957, cycle_B: 0.041, gp: 0.174

[Rank 0] (epoch: 48, iters: 34048, time: 0.001, data: 0.001) , D_A: 0.314, G_A: 0.930, cycle_A: 0.069, D_B: 0.271, G_B: 0.923, cycle_B: 0.039, gp: 0.265

learning rate 0.0000545 -> 0.0000364
temperature tau = 0.1033
End of epoch 48 / 50 	 Time Taken: 28 sec
[Rank 0] (epoch: 49, iters: 832, time: 0.001, data: 0.001) , D_A: 0.407, G_A: 0.955, cycle_A: 0.078, D_B: 0.257, G_B: 0.909, cycle_B: 0.047, gp: 0.250

[Rank 0] (epoch: 49, iters: 2432, time: 0.001, data: 0.000) , D_A: 0.275, G_A: 1.006, cycle_A: 0.076, D_B: 0.146, G_B: 0.927, cycle_B: 0.039, gp: 0.141

[Rank 0] (epoch: 49, iters: 4032, time: 0.001, data: 0.001) , D_A: 0.300, G_A: 0.949, cycle_A: 0.076, D_B: 0.334, G_B: 0.946, cycle_B: 0.049, gp: 0.328

[Rank 0] (epoch: 49, iters: 5632, time: 0.001, data: 0.001) , D_A: 0.253, G_A: 0.962, cycle_A: 0.075, D_B: 0.157, G_B: 0.944, cycle_B: 0.038, gp: 0.152

[Rank 0] (epoch: 49, iters: 7232, time: 0.001, data: 0.001) , D_A: 0.190, G_A: 0.960, cycle_A: 0.086, D_B: 0.336, G_B: 0.950, cycle_B: 0.038, gp: 0.330

--- iter tau=0.1033 ---
  cipher in : kfempnehkfeksfbplenpnbe mkblncplnpqegplepepbkfdmnpqkfdnjpkfbnjnc
  decrypted : ngia eianginogh cie ehipanhcer ce mis ci i hngdae mngdel ngheler
  real plain: a characer grop ih a pariclar opinion ho argmens arise beeen eno
  cipher in : njpbnrbpcspemmplnpckkbksfpbnrbpqkjbpspjncgnplsbnprejbpsqplnpnoek
  decrypted : el hedh ro iaa ce rnnhnog hedh mnlh o lerse cohe dilh om ce eain
  real plain: peraor on he finiedimensional ecor space oer he field f sppose h
[Rank 0] (epoch: 49, iters: 8832, time: 0.001, data: 0.001) , D_A: 0.233, G_A: 0.929, cycle_A: 0.070, D_B: 0.301, G_B: 0.934, cycle_B: 0.040, gp: 0.295

saving the latest model (epoch 49, total_iters 1680000)
[Rank 0] (epoch: 49, iters: 10432, time: 0.001, data: 0.001) , D_A: 0.224, G_A: 0.915, cycle_A: 0.077, D_B: 0.370, G_B: 0.937, cycle_B: 0.044, gp: 0.366

[Rank 0] (epoch: 49, iters: 12032, time: 0.001, data: 0.001) , D_A: 0.216, G_A: 0.982, cycle_A: 0.080, D_B: 0.391, G_B: 0.924, cycle_B: 0.038, gp: 0.387

[Rank 0] (epoch: 49, iters: 13632, time: 0.001, data: 0.001) , D_A: 0.200, G_A: 0.952, cycle_A: 0.076, D_B: 0.228, G_B: 0.917, cycle_B: 0.039, gp: 0.223

[Rank 0] (epoch: 49, iters: 15232, time: 0.001, data: 0.001) , D_A: 0.202, G_A: 0.974, cycle_A: 0.067, D_B: 0.338, G_B: 0.926, cycle_B: 0.045, gp: 0.333

[Rank 0] (epoch: 49, iters: 16832, time: 0.001, data: 0.001) , D_A: 0.218, G_A: 0.963, cycle_A: 0.070, D_B: 0.210, G_B: 0.960, cycle_B: 0.042, gp: 0.203

[Rank 0] (epoch: 49, iters: 18432, time: 0.001, data: 0.001) , D_A: 0.182, G_A: 0.944, cycle_A: 0.080, D_B: 0.202, G_B: 0.904, cycle_B: 0.035, gp: 0.195

[Rank 0] (epoch: 49, iters: 20032, time: 0.001, data: 0.001) , D_A: 0.266, G_A: 0.952, cycle_A: 0.071, D_B: 0.201, G_B: 0.954, cycle_B: 0.040, gp: 0.196

[Rank 0] (epoch: 49, iters: 21632, time: 0.001, data: 0.001) , D_A: 0.185, G_A: 0.955, cycle_A: 0.076, D_B: 0.196, G_B: 0.948, cycle_B: 0.043, gp: 0.192

[Rank 0] (epoch: 49, iters: 23232, time: 0.001, data: 0.001) , D_A: 0.194, G_A: 0.929, cycle_A: 0.078, D_B: 0.133, G_B: 0.942, cycle_B: 0.037, gp: 0.130

[Rank 0] (epoch: 49, iters: 24832, time: 0.001, data: 0.001) , D_A: 0.265, G_A: 0.939, cycle_A: 0.080, D_B: 0.109, G_B: 0.945, cycle_B: 0.039, gp: 0.105

[Rank 0] (epoch: 49, iters: 26432, time: 0.001, data: 0.001) , D_A: 0.300, G_A: 0.964, cycle_A: 0.075, D_B: 0.182, G_B: 0.936, cycle_B: 0.043, gp: 0.177

[Rank 0] (epoch: 49, iters: 28032, time: 0.001, data: 0.001) , D_A: 0.210, G_A: 0.958, cycle_A: 0.076, D_B: 0.210, G_B: 0.903, cycle_B: 0.037, gp: 0.205

[Rank 0] (epoch: 49, iters: 29632, time: 0.001, data: 0.001) , D_A: 0.269, G_A: 0.931, cycle_A: 0.073, D_B: 0.139, G_B: 0.916, cycle_B: 0.041, gp: 0.133

[Rank 0] (epoch: 49, iters: 31232, time: 0.001, data: 0.001) , D_A: 0.187, G_A: 0.969, cycle_A: 0.076, D_B: 0.218, G_B: 0.957, cycle_B: 0.043, gp: 0.215

[Rank 0] (epoch: 49, iters: 32832, time: 0.001, data: 0.001) , D_A: 0.236, G_A: 0.996, cycle_A: 0.074, D_B: 0.181, G_B: 0.974, cycle_B: 0.035, gp: 0.178

[Rank 0] (epoch: 49, iters: 34432, time: 0.001, data: 0.001) , D_A: 0.363, G_A: 0.963, cycle_A: 0.079, D_B: 0.150, G_B: 0.949, cycle_B: 0.037, gp: 0.146

learning rate 0.0000364 -> 0.0000182
temperature tau = 0.1000
End of epoch 49 / 50 	 Time Taken: 28 sec
[Rank 0] (epoch: 50, iters: 1216, time: 0.001, data: 0.001) , D_A: 0.278, G_A: 0.970, cycle_A: 0.082, D_B: 0.160, G_B: 0.949, cycle_B: 0.039, gp: 0.156

[Rank 0] (epoch: 50, iters: 2816, time: 0.001, data: 0.001) , D_A: 0.267, G_A: 0.959, cycle_A: 0.075, D_B: 0.191, G_B: 0.928, cycle_B: 0.033, gp: 0.185

[Rank 0] (epoch: 50, iters: 4416, time: 0.001, data: 0.001) , D_A: 0.255, G_A: 0.964, cycle_A: 0.075, D_B: 0.205, G_B: 0.936, cycle_B: 0.037, gp: 0.201

[Rank 0] (epoch: 50, iters: 6016, time: 0.001, data: 0.001) , D_A: 0.217, G_A: 0.955, cycle_A: 0.080, D_B: 0.161, G_B: 0.933, cycle_B: 0.039, gp: 0.157

[Rank 0] (epoch: 50, iters: 7616, time: 0.001, data: 0.001) , D_A: 0.229, G_A: 0.957, cycle_A: 0.081, D_B: 0.118, G_B: 0.924, cycle_B: 0.037, gp: 0.113

[Rank 0] (epoch: 50, iters: 9216, time: 0.001, data: 0.001) , D_A: 0.165, G_A: 0.968, cycle_A: 0.080, D_B: 0.188, G_B: 0.925, cycle_B: 0.039, gp: 0.183

[Rank 0] (epoch: 50, iters: 10816, time: 0.001, data: 0.001) , D_A: 0.291, G_A: 0.946, cycle_A: 0.077, D_B: 0.173, G_B: 0.950, cycle_B: 0.039, gp: 0.167

[Rank 0] (epoch: 50, iters: 12416, time: 0.001, data: 0.001) , D_A: 0.212, G_A: 0.962, cycle_A: 0.070, D_B: 0.192, G_B: 0.920, cycle_B: 0.043, gp: 0.187

--- iter tau=0.1000 ---
  cipher in : nbpsqp jkcdnp jfkfdbpkfgmckfdplnpmsfdp jkcdnpepqekjhsfpefcpeqnjp
  decrypted : eh om plnrde plgngdh ngsarngd ce aogd plnrde i minlaog igr imel 
  real plain: ogram he sang as a leas ohirds serios and highminded and he sang
  cipher in : bsfpklplnpfh njpsqpckbjkgbpkbplnpjnokjnhnfpleplnprmekfkqqp npepr
  decrypted : hog nc ce gapel om rnhlnsh nh ce leanleaeg ci ce daingnmm pe i d
  real plain:  edged arond on he norh side of her jones moed in from he soh os
[Rank 0] (epoch: 50, iters: 14016, time: 0.001, data: 0.001) , D_A: 0.200, G_A: 0.971, cycle_A: 0.083, D_B: 0.190, G_B: 0.922, cycle_B: 0.045, gp: 0.185

saving the latest model (epoch 50, total_iters 1720000)
[Rank 0] (epoch: 50, iters: 15616, time: 0.001, data: 0.001) , D_A: 0.118, G_A: 0.946, cycle_A: 0.078, D_B: 0.159, G_B: 0.926, cycle_B: 0.042, gp: 0.154

[Rank 0] (epoch: 50, iters: 17216, time: 0.001, data: 0.001) , D_A: 0.172, G_A: 0.971, cycle_A: 0.072, D_B: 0.147, G_B: 0.941, cycle_B: 0.042, gp: 0.143

[Rank 0] (epoch: 50, iters: 18816, time: 0.001, data: 0.001) , D_A: 0.127, G_A: 0.959, cycle_A: 0.075, D_B: 0.110, G_B: 0.932, cycle_B: 0.036, gp: 0.105

[Rank 0] (epoch: 50, iters: 20416, time: 0.001, data: 0.001) , D_A: 0.207, G_A: 0.961, cycle_A: 0.076, D_B: 0.166, G_B: 0.927, cycle_B: 0.039, gp: 0.161

[Rank 0] (epoch: 50, iters: 22016, time: 0.001, data: 0.001) , D_A: 0.132, G_A: 0.930, cycle_A: 0.074, D_B: 0.186, G_B: 0.931, cycle_B: 0.042, gp: 0.180

[Rank 0] (epoch: 50, iters: 23616, time: 0.001, data: 0.001) , D_A: 0.237, G_A: 0.953, cycle_A: 0.076, D_B: 0.257, G_B: 0.933, cycle_B: 0.041, gp: 0.252

[Rank 0] (epoch: 50, iters: 25216, time: 0.001, data: 0.001) , D_A: 0.194, G_A: 0.967, cycle_A: 0.078, D_B: 0.213, G_B: 0.952, cycle_B: 0.038, gp: 0.210

[Rank 0] (epoch: 50, iters: 26816, time: 0.001, data: 0.001) , D_A: 0.269, G_A: 0.966, cycle_A: 0.069, D_B: 0.249, G_B: 0.927, cycle_B: 0.040, gp: 0.244

[Rank 0] (epoch: 50, iters: 28416, time: 0.001, data: 0.001) , D_A: 0.233, G_A: 0.940, cycle_A: 0.072, D_B: 0.188, G_B: 0.928, cycle_B: 0.041, gp: 0.183

[Rank 0] (epoch: 50, iters: 30016, time: 0.001, data: 0.001) , D_A: 0.154, G_A: 0.941, cycle_A: 0.070, D_B: 0.204, G_B: 0.935, cycle_B: 0.040, gp: 0.200

[Rank 0] (epoch: 50, iters: 31616, time: 0.001, data: 0.001) , D_A: 0.252, G_A: 0.974, cycle_A: 0.081, D_B: 0.130, G_B: 0.949, cycle_B: 0.040, gp: 0.127

[Rank 0] (epoch: 50, iters: 33216, time: 0.001, data: 0.001) , D_A: 0.156, G_A: 0.978, cycle_A: 0.075, D_B: 0.091, G_B: 0.952, cycle_B: 0.034, gp: 0.088

[Rank 0] (epoch: 50, iters: 34816, time: 0.001, data: 0.001) , D_A: 0.289, G_A: 0.945, cycle_A: 0.080, D_B: 0.167, G_B: 0.902, cycle_B: 0.036, gp: 0.159

learning rate 0.0000182 -> 0.0000000
temperature tau = 0.1000
saving the model at the end of epoch 50, iters 1740800
End of epoch 50 / 50 	 Time Taken: 28 sec
----------------- Options ---------------
             aspect_ratio: 1.0                           
               batch_size: 64                            
          checkpoints_dir: ./checkpoints                 
                crop_size: 256                           
                 dataroot: .                             	[default: None]
             dataset_mode: cipher                        
                direction: AtoB                          
               display_id: 0                             
          display_winsize: 256                           
                embed_dim: 256                           	[default: 64]
                    epoch: latest                        
                     eval: False                         
                 gan_mode: lsgan                         
                   gumbel: False                         
                init_gain: 0.02                          
                init_type: normal                        
                 input_nc: 3                             
                  isTrain: False                         	[default: None]
                     kw_D: 15                            	[default: 4]
                 lambda_A: 10.0                          
                 lambda_B: 10.0                          
                lambda_gp: 10.0                          
          lambda_identity: 0.0                           
                load_iter: 0                             	[default: 0]
                load_size: 256                           
                       lr: 0.0002                        
         matched_softness: True                          	[default: False]
         max_dataset_size: inf                           
                    model: cipher_cycle_gan              	[default: test]
               n_blocks_G: 5                             	[default: 4]
                 n_critic: 1                             
               n_layers_D: 5                             	[default: 3]
                     name: a20_s2_gp1                    	[default: experiment_name]
                      ndf: 32                            	[default: 128]
                     netD: seq                           
                     netG: seq                           
                      ngf: 128                           
               no_dropout: True                          
                  no_flip: True                          
                     norm: layer                         	[default: instance]
                 npz_path: data/a20/dataset.npz          	[default: None]
                 num_test: 50                            
              num_threads: 4                             
                output_nc: 3                             
                pair_seed: 0                             
                    phase: test                          
              pointwise_G: True                          	[default: False]
               preprocess: none                          
         real_logit_scale: 5.0                           
              results_dir: ./results/                    
           serial_batches: False                         
         straight_through: True                          	[default: False]
                   suffix:                               
                  tau_end: 0.1                           
                tau_start: 1.0                           
                   use_gp: False                         
                use_wandb: False                         
                  verbose: False                         
               vocab_size: -1                            
       wandb_project_name: CycleGAN-and-pix2pix          
----------------- End -------------------
[cipher] eval: A(cipher)=(7735, 64) B(plain)=(7735, 64) vocab=21 cipher=substitution paired=True
dataset [CipherDataset] was created
Initialized with device cuda:0
initialize network with normal
Initialized with device cuda:0
initialize network with normal
model [CipherCycleGANModel] was created
Initialized with device cuda:0
initialize network with normal
loading the model from checkpoints/a20_s2_gp1/latest_net_G_A.pth
Initialized with device cuda:0
initialize network with normal
loading the model from checkpoints/a20_s2_gp1/latest_net_G_B.pth
---------- Networks initialized -------------
[Network G_A] Total number of parameters : 0.209 M
[Network G_B] Total number of parameters : 0.209 M
-----------------------------------------------

==============================================================
cipher              substitution (key=perm-seed0)
samples             7735 x 64
character accuracy  0.4019   (chance ~0.0500)
character error     0.5981
key recovery        0.2000   (coverage 1.000)
==============================================================
cipher in : qkdpkbpspbshnpcndjnnpepgshrsbknpsqprnbpefcpkpkbpglejegnjkncp pln
decrypted : mnd nh o hoae redlee i soadohne om deh igr n nh sciliselner p ce
truth     : fig is o some degree a composie of pes and i is characeried b he

wrote ./checkpoints/a20_s2_gp1/eval_metrics.json
wrote ./checkpoints/a20_s2_gp1/curves_a20_s2_gp1.png

loss             first      last       min       max
D_A              0.932     0.289     0.054     0.932
G_A              0.117     0.945     0.019     1.423
cycle_A          0.932     0.080     0.067     1.699
D_B              0.763     0.167     0.068     0.966
G_B              0.224     0.902     0.045     1.689
cycle_B          0.940     0.036     0.033     2.108
gp               0.454     0.159     0.065     0.454

D_A over the final window: 0.205
  -> at LSGAN equilibrium: the two networks are balanced.
