=== task 0 : dataset=a20 seed=3 ===
NVIDIA A100-SXM4-80GB
----------------- Options ---------------
               batch_size: 64                            
                    beta1: 0.0                           	[default: 0.5]
          checkpoints_dir: ./checkpoints                 
           continue_train: False                         
                crop_size: 256                           
               cycle_loss: ce                            
                 dataroot: .                             	[default: None]
             dataset_mode: cipher                        
                direction: AtoB                          
             display_freq: 20000                         	[default: 400]
               display_id: 0                             
          display_winsize: 256                           
                embed_dim: 256                           	[default: 64]
                    epoch: latest                        
              epoch_count: 1                             
                 gan_mode: lsgan                         
                   gumbel: False                         
                init_gain: 0.02                          
                init_type: normal                        
                 input_nc: 3                             
                  isTrain: True                          	[default: None]
                     kw_D: 15                            	[default: 4]
                 lambda_A: 1.0                           	[default: 10.0]
                 lambda_B: 1.0                           	[default: 10.0]
                lambda_gp: 1.0                           	[default: 10.0]
          lambda_identity: 0.0                           
                load_iter: 0                             	[default: 0]
                load_size: 286                           
                       lr: 0.0002                        
           lr_decay_iters: 50                            
                lr_policy: linear                        
         matched_softness: True                          	[default: False]
         max_dataset_size: inf                           
                    model: cipher_cycle_gan              	[default: cycle_gan]
               n_blocks_G: 5                             	[default: 4]
                 n_critic: 1                             
                 n_epochs: 40                            	[default: 100]
           n_epochs_decay: 10                            	[default: 100]
               n_layers_D: 5                             	[default: 3]
                     name: a20_s3_gp1                    	[default: experiment_name]
                      ndf: 32                            	[default: 128]
                     netD: seq                           
                     netG: seq                           
                      ngf: 128                           
               no_dropout: True                          
                  no_flip: True                          
                  no_html: False                         
                     norm: layer                         	[default: instance]
                 npz_path: data/a20/dataset.npz          	[default: None]
              num_threads: 8                             	[default: 4]
                output_nc: 3                             
                pair_seed: 3                             	[default: 0]
                    phase: train                         
              pointwise_G: True                          	[default: False]
                pool_size: 50                            
               preprocess: none                          
               print_freq: 100                           
         real_logit_scale: 5.0                           
             save_by_iter: False                         
          save_epoch_freq: 50                            	[default: 5]
         save_latest_freq: 5000                          
           serial_batches: False                         
         straight_through: True                          	[default: False]
                   suffix:                               
                  tau_end: 0.1                           
                tau_start: 0.5                           	[default: 1.0]
         update_html_freq: 1000                          
                   use_gp: True                          	[default: False]
                use_wandb: False                         
                  verbose: False                         
               vocab_size: -1                            
       wandb_project_name: CycleGAN-and-pix2pix          
----------------- End -------------------
Initialized with device cuda:0
[cipher] train: A(cipher)=(34810, 64) B(plain)=(34809, 64) vocab=21 cipher=substitution paired=False
dataset [CipherDataset] was created
The number of training images = 34810
Initialized with device cuda:0
initialize network with normal
Initialized with device cuda:0
initialize network with normal
Initialized with device cuda:0
initialize network with normal
Initialized with device cuda:0
initialize network with normal
model [CipherCycleGANModel] was created
Initialized with device cuda:0
initialize network with normal
Initialized with device cuda:0
initialize network with normal
Initialized with device cuda:0
initialize network with normal
Initialized with device cuda:0
initialize network with normal
---------- Networks initialized -------------
[Network G_A] Total number of parameters : 0.209 M
[Network G_B] Total number of parameters : 0.209 M
[Network D_A] Total number of parameters : 0.475 M
[Network D_B] Total number of parameters : 0.475 M
-----------------------------------------------
create web directory checkpoints/a20_s3_gp1/web...
[Rank 0] (epoch: 1, iters: 1600, time: 0.001, data: 0.116) , D_A: 0.740, G_A: 0.325, cycle_A: 2.005, D_B: 0.966, G_B: 0.339, cycle_B: 1.843, gp: 0.382

[Rank 0] (epoch: 1, iters: 3200, time: 0.001, data: 0.001) , D_A: 0.806, G_A: 0.815, cycle_A: 0.978, D_B: 0.632, G_B: 0.884, cycle_B: 0.555, gp: 0.383

[Rank 0] (epoch: 1, iters: 4800, time: 0.001, data: 0.002) , D_A: 0.658, G_A: 0.358, cycle_A: 0.572, D_B: 0.644, G_B: 1.161, cycle_B: 0.444, gp: 0.417

[Rank 0] (epoch: 1, iters: 6400, time: 0.001, data: 0.001) , D_A: 0.715, G_A: 1.186, cycle_A: 0.362, D_B: 0.823, G_B: 0.249, cycle_B: 0.326, gp: 0.507

[Rank 0] (epoch: 1, iters: 8000, time: 0.001, data: 0.002) , D_A: 0.498, G_A: 0.404, cycle_A: 0.354, D_B: 0.796, G_B: 0.739, cycle_B: 0.291, gp: 0.565

[Rank 0] (epoch: 1, iters: 9600, time: 0.001, data: 0.001) , D_A: 0.400, G_A: 1.012, cycle_A: 0.269, D_B: 0.390, G_B: 1.367, cycle_B: 0.259, gp: 0.309

[Rank 0] (epoch: 1, iters: 11200, time: 0.001, data: 0.001) , D_A: 0.461, G_A: 0.510, cycle_A: 0.283, D_B: 0.472, G_B: 0.510, cycle_B: 0.256, gp: 0.360

[Rank 0] (epoch: 1, iters: 12800, time: 0.001, data: 0.001) , D_A: 0.369, G_A: 1.007, cycle_A: 0.257, D_B: 0.545, G_B: 0.549, cycle_B: 0.311, gp: 0.420

[Rank 0] (epoch: 1, iters: 14400, time: 0.001, data: 0.001) , D_A: 0.333, G_A: 0.515, cycle_A: 0.251, D_B: 0.607, G_B: 1.566, cycle_B: 0.295, gp: 0.412

[Rank 0] (epoch: 1, iters: 16000, time: 0.001, data: 0.001) , D_A: 0.363, G_A: 0.993, cycle_A: 0.243, D_B: 0.482, G_B: 0.697, cycle_B: 0.285, gp: 0.391

[Rank 0] (epoch: 1, iters: 17600, time: 0.001, data: 0.001) , D_A: 0.377, G_A: 0.660, cycle_A: 0.267, D_B: 0.376, G_B: 0.922, cycle_B: 0.261, gp: 0.304

[Rank 0] (epoch: 1, iters: 19200, time: 0.001, data: 0.002) , D_A: 0.333, G_A: 0.615, cycle_A: 0.242, D_B: 0.457, G_B: 0.612, cycle_B: 0.293, gp: 0.331

[Rank 0] (epoch: 1, iters: 20800, time: 0.001, data: 0.001) , D_A: 0.431, G_A: 0.674, cycle_A: 0.217, D_B: 0.382, G_B: 0.884, cycle_B: 0.291, gp: 0.324

[Rank 0] (epoch: 1, iters: 22400, time: 0.001, data: 0.001) , D_A: 0.410, G_A: 0.598, cycle_A: 0.206, D_B: 0.308, G_B: 0.763, cycle_B: 0.278, gp: 0.237

[Rank 0] (epoch: 1, iters: 24000, time: 0.001, data: 0.001) , D_A: 0.249, G_A: 0.953, cycle_A: 0.266, D_B: 0.390, G_B: 1.119, cycle_B: 0.259, gp: 0.342

[Rank 0] (epoch: 1, iters: 25600, time: 0.001, data: 0.001) , D_A: 0.427, G_A: 1.286, cycle_A: 0.225, D_B: 0.400, G_B: 0.886, cycle_B: 0.268, gp: 0.340

[Rank 0] (epoch: 1, iters: 27200, time: 0.001, data: 0.001) , D_A: 0.317, G_A: 0.569, cycle_A: 0.226, D_B: 0.407, G_B: 0.757, cycle_B: 0.256, gp: 0.342

[Rank 0] (epoch: 1, iters: 28800, time: 0.001, data: 0.001) , D_A: 0.234, G_A: 0.758, cycle_A: 0.234, D_B: 0.537, G_B: 0.534, cycle_B: 0.301, gp: 0.329

[Rank 0] (epoch: 1, iters: 30400, time: 0.001, data: 0.002) , D_A: 0.339, G_A: 1.052, cycle_A: 0.183, D_B: 0.428, G_B: 1.000, cycle_B: 0.312, gp: 0.374

[Rank 0] (epoch: 1, iters: 32000, time: 0.001, data: 0.001) , D_A: 0.274, G_A: 0.725, cycle_A: 0.236, D_B: 0.349, G_B: 0.789, cycle_B: 0.272, gp: 0.265

[Rank 0] (epoch: 1, iters: 33600, time: 0.001, data: 0.001) , D_A: 0.254, G_A: 0.881, cycle_A: 0.194, D_B: 0.329, G_B: 0.937, cycle_B: 0.283, gp: 0.269

learning rate 0.0002000 -> 0.0002000
temperature tau = 0.4838
End of epoch 1 / 50 	 Time Taken: 32 sec
[Rank 0] (epoch: 2, iters: 384, time: 0.001, data: 0.001) , D_A: 0.275, G_A: 0.847, cycle_A: 0.251, D_B: 0.505, G_B: 1.195, cycle_B: 0.285, gp: 0.365

[Rank 0] (epoch: 2, iters: 1984, time: 0.001, data: 0.003) , D_A: 0.223, G_A: 0.978, cycle_A: 0.265, D_B: 0.438, G_B: 0.957, cycle_B: 0.279, gp: 0.384

[Rank 0] (epoch: 2, iters: 3584, time: 0.001, data: 0.001) , D_A: 0.340, G_A: 0.999, cycle_A: 0.219, D_B: 0.454, G_B: 1.122, cycle_B: 0.282, gp: 0.385

--- iter tau=0.4838 ---
  cipher in : plnpqjsfprednpsqplnpbefepmkbepjndkbnjpjnbkfdpsfplnpakglnfp ejpak
  decrypted :  oi cger akai ec oi dkrk mhdk giahdig gidhra er oi chnoir akg ch
  real plain:  somehing abo smmer peoples eaing o and no enogh space in he nis
  cipher in : spheanpjsshpqsjpkcnp smnejcbplepkmmpblspsqqpkbpjnebjnbpsp nnjpec
  decrypted : e nkci geen ceg hai aemikgad ok hmm doe ecc hd gikdgid e aiig ka
  real plain: is siser mar charles had died o eeks before in earl noember iho 
[Rank 0] (epoch: 2, iters: 5184, time: 0.001, data: 0.001) , D_A: 0.258, G_A: 1.006, cycle_A: 0.194, D_B: 0.427, G_B: 0.842, cycle_B: 0.278, gp: 0.379

saving the latest model (epoch 2, total_iters 40000)
[Rank 0] (epoch: 2, iters: 6784, time: 0.001, data: 0.001) , D_A: 0.359, G_A: 0.658, cycle_A: 0.204, D_B: 0.379, G_B: 1.005, cycle_B: 0.257, gp: 0.347

[Rank 0] (epoch: 2, iters: 8384, time: 0.001, data: 0.001) , D_A: 0.335, G_A: 1.113, cycle_A: 0.229, D_B: 0.502, G_B: 0.745, cycle_B: 0.264, gp: 0.408

[Rank 0] (epoch: 2, iters: 9984, time: 0.001, data: 0.001) , D_A: 0.274, G_A: 0.922, cycle_A: 0.242, D_B: 0.323, G_B: 1.106, cycle_B: 0.275, gp: 0.282

[Rank 0] (epoch: 2, iters: 11584, time: 0.001, data: 0.001) , D_A: 0.244, G_A: 1.056, cycle_A: 0.227, D_B: 0.417, G_B: 0.951, cycle_B: 0.279, gp: 0.375

[Rank 0] (epoch: 2, iters: 13184, time: 0.001, data: 0.001) , D_A: 0.265, G_A: 0.961, cycle_A: 0.228, D_B: 0.531, G_B: 0.555, cycle_B: 0.269, gp: 0.477

[Rank 0] (epoch: 2, iters: 14784, time: 0.001, data: 0.001) , D_A: 0.248, G_A: 0.860, cycle_A: 0.269, D_B: 0.443, G_B: 1.236, cycle_B: 0.289, gp: 0.391

[Rank 0] (epoch: 2, iters: 16384, time: 0.001, data: 0.001) , D_A: 0.211, G_A: 1.060, cycle_A: 0.228, D_B: 0.309, G_B: 0.914, cycle_B: 0.258, gp: 0.282

[Rank 0] (epoch: 2, iters: 17984, time: 0.001, data: 0.001) , D_A: 0.283, G_A: 0.880, cycle_A: 0.203, D_B: 0.335, G_B: 0.909, cycle_B: 0.271, gp: 0.302

[Rank 0] (epoch: 2, iters: 19584, time: 0.001, data: 0.001) , D_A: 0.251, G_A: 0.917, cycle_A: 0.216, D_B: 0.419, G_B: 0.743, cycle_B: 0.258, gp: 0.357

[Rank 0] (epoch: 2, iters: 21184, time: 0.001, data: 0.001) , D_A: 0.215, G_A: 0.977, cycle_A: 0.198, D_B: 0.409, G_B: 0.877, cycle_B: 0.248, gp: 0.332

[Rank 0] (epoch: 2, iters: 22784, time: 0.001, data: 0.001) , D_A: 0.222, G_A: 0.999, cycle_A: 0.187, D_B: 0.301, G_B: 0.950, cycle_B: 0.268, gp: 0.259

[Rank 0] (epoch: 2, iters: 24384, time: 0.001, data: 0.001) , D_A: 0.280, G_A: 1.001, cycle_A: 0.257, D_B: 0.518, G_B: 1.400, cycle_B: 0.271, gp: 0.405

[Rank 0] (epoch: 2, iters: 25984, time: 0.001, data: 0.001) , D_A: 0.215, G_A: 0.922, cycle_A: 0.244, D_B: 0.399, G_B: 0.844, cycle_B: 0.278, gp: 0.361

[Rank 0] (epoch: 2, iters: 27584, time: 0.001, data: 0.001) , D_A: 0.186, G_A: 0.918, cycle_A: 0.205, D_B: 0.398, G_B: 0.669, cycle_B: 0.275, gp: 0.350

[Rank 0] (epoch: 2, iters: 29184, time: 0.001, data: 0.001) , D_A: 0.287, G_A: 1.026, cycle_A: 0.201, D_B: 0.312, G_B: 0.882, cycle_B: 0.271, gp: 0.281

[Rank 0] (epoch: 2, iters: 30784, time: 0.001, data: 0.001) , D_A: 0.233, G_A: 1.021, cycle_A: 0.197, D_B: 0.424, G_B: 0.842, cycle_B: 0.270, gp: 0.390

[Rank 0] (epoch: 2, iters: 32384, time: 0.001, data: 0.001) , D_A: 0.257, G_A: 0.963, cycle_A: 0.215, D_B: 0.316, G_B: 1.109, cycle_B: 0.259, gp: 0.273

[Rank 0] (epoch: 2, iters: 33984, time: 0.001, data: 0.001) , D_A: 0.306, G_A: 0.806, cycle_A: 0.244, D_B: 0.313, G_B: 1.214, cycle_B: 0.263, gp: 0.272

learning rate 0.0002000 -> 0.0002000
temperature tau = 0.4682
End of epoch 2 / 50 	 Time Taken: 29 sec
[Rank 0] (epoch: 3, iters: 768, time: 0.001, data: 0.001) , D_A: 0.219, G_A: 1.043, cycle_A: 0.232, D_B: 0.391, G_B: 0.869, cycle_B: 0.275, gp: 0.362

[Rank 0] (epoch: 3, iters: 2368, time: 0.001, data: 0.000) , D_A: 0.225, G_A: 0.953, cycle_A: 0.233, D_B: 0.309, G_B: 0.975, cycle_B: 0.249, gp: 0.266

[Rank 0] (epoch: 3, iters: 3968, time: 0.001, data: 0.001) , D_A: 0.248, G_A: 0.979, cycle_A: 0.192, D_B: 0.300, G_B: 0.773, cycle_B: 0.235, gp: 0.261

[Rank 0] (epoch: 3, iters: 5568, time: 0.001, data: 0.001) , D_A: 0.187, G_A: 0.973, cycle_A: 0.213, D_B: 0.345, G_B: 0.633, cycle_B: 0.252, gp: 0.315

[Rank 0] (epoch: 3, iters: 7168, time: 0.001, data: 0.001) , D_A: 1.084, G_A: 3.694, cycle_A: 2.435, D_B: 0.535, G_B: 0.832, cycle_B: 3.173, gp: 0.328

[Rank 0] (epoch: 3, iters: 8768, time: 0.001, data: 0.001) , D_A: 0.472, G_A: 0.086, cycle_A: 0.964, D_B: 0.575, G_B: 0.293, cycle_B: 0.952, gp: 0.363

--- iter tau=0.4682 ---
  cipher in : jpmkfnpsqplnpmejdnpqknmcpepmsfdpepqjshplnjnpkplecpbsrrncp ngebnp
  decrypted : h mcre il he mshae lcema s mira s lhin hehe c hsa oiaaea aefsoe 
  real plain: rship o his da he final achieemen of mr brons long and ineresing
  cipher in : npgseglhnfplspqsjkqkncplnhbnmnbpqsjplnpcepklplepcnmkgegpkfplnpbp
  decrypted : e fisfhner hi lihclcea henoemeo lih he as ch hs aemcfsf cr he o 
  real plain: ren mire of he same componens repored b schramm and roger he lae
[Rank 0] (epoch: 3, iters: 10368, time: 0.001, data: 0.001) , D_A: 0.261, G_A: 1.127, cycle_A: 0.600, D_B: 0.506, G_B: 0.678, cycle_B: 0.606, gp: 0.432

saving the latest model (epoch 3, total_iters 80000)
[Rank 0] (epoch: 3, iters: 11968, time: 0.001, data: 0.001) , D_A: 0.327, G_A: 0.455, cycle_A: 0.368, D_B: 0.478, G_B: 1.286, cycle_B: 0.280, gp: 0.399

[Rank 0] (epoch: 3, iters: 13568, time: 0.001, data: 0.001) , D_A: 0.365, G_A: 1.252, cycle_A: 0.467, D_B: 0.663, G_B: 0.926, cycle_B: 0.555, gp: 0.493

[Rank 0] (epoch: 3, iters: 15168, time: 0.001, data: 0.001) , D_A: 0.303, G_A: 0.985, cycle_A: 0.320, D_B: 0.445, G_B: 0.717, cycle_B: 0.335, gp: 0.359

[Rank 0] (epoch: 3, iters: 16768, time: 0.001, data: 0.001) , D_A: 0.365, G_A: 1.041, cycle_A: 0.479, D_B: 0.379, G_B: 1.026, cycle_B: 0.325, gp: 0.345

[Rank 0] (epoch: 3, iters: 18368, time: 0.001, data: 0.001) , D_A: 0.256, G_A: 0.974, cycle_A: 0.250, D_B: 0.428, G_B: 1.211, cycle_B: 0.215, gp: 0.359

[Rank 0] (epoch: 3, iters: 19968, time: 0.001, data: 0.001) , D_A: 0.334, G_A: 1.043, cycle_A: 0.216, D_B: 0.328, G_B: 0.950, cycle_B: 0.250, gp: 0.291

[Rank 0] (epoch: 3, iters: 21568, time: 0.001, data: 0.001) , D_A: 0.285, G_A: 0.875, cycle_A: 0.250, D_B: 0.269, G_B: 0.829, cycle_B: 0.221, gp: 0.235

[Rank 0] (epoch: 3, iters: 23168, time: 0.001, data: 0.001) , D_A: 0.286, G_A: 0.954, cycle_A: 0.225, D_B: 0.286, G_B: 0.836, cycle_B: 0.202, gp: 0.247

[Rank 0] (epoch: 3, iters: 24768, time: 0.001, data: 0.001) , D_A: 0.269, G_A: 1.003, cycle_A: 0.228, D_B: 0.464, G_B: 0.958, cycle_B: 0.198, gp: 0.414

[Rank 0] (epoch: 3, iters: 26368, time: 0.001, data: 0.001) , D_A: 0.282, G_A: 0.938, cycle_A: 0.208, D_B: 0.378, G_B: 0.764, cycle_B: 0.249, gp: 0.329

[Rank 0] (epoch: 3, iters: 27968, time: 0.001, data: 0.001) , D_A: 0.354, G_A: 0.888, cycle_A: 0.303, D_B: 0.416, G_B: 1.041, cycle_B: 0.216, gp: 0.374

[Rank 0] (epoch: 3, iters: 29568, time: 0.001, data: 0.001) , D_A: 0.252, G_A: 0.963, cycle_A: 0.189, D_B: 0.298, G_B: 0.834, cycle_B: 0.179, gp: 0.264

[Rank 0] (epoch: 3, iters: 31168, time: 0.001, data: 0.001) , D_A: 0.239, G_A: 0.978, cycle_A: 0.228, D_B: 0.350, G_B: 0.798, cycle_B: 0.228, gp: 0.270

[Rank 0] (epoch: 3, iters: 32768, time: 0.001, data: 0.001) , D_A: 0.201, G_A: 0.909, cycle_A: 0.238, D_B: 0.408, G_B: 0.900, cycle_B: 0.205, gp: 0.373

[Rank 0] (epoch: 3, iters: 34368, time: 0.001, data: 0.001) , D_A: 0.259, G_A: 1.155, cycle_A: 0.228, D_B: 0.360, G_B: 1.133, cycle_B: 0.217, gp: 0.323

learning rate 0.0002000 -> 0.0002000
temperature tau = 0.4531
End of epoch 3 / 50 	 Time Taken: 28 sec
[Rank 0] (epoch: 4, iters: 1152, time: 0.001, data: 0.001) , D_A: 0.250, G_A: 1.059, cycle_A: 0.225, D_B: 0.481, G_B: 1.228, cycle_B: 0.223, gp: 0.424

[Rank 0] (epoch: 4, iters: 2752, time: 0.001, data: 0.001) , D_A: 0.323, G_A: 0.998, cycle_A: 0.214, D_B: 0.501, G_B: 0.923, cycle_B: 0.219, gp: 0.466

[Rank 0] (epoch: 4, iters: 4352, time: 0.001, data: 0.001) , D_A: 0.196, G_A: 1.025, cycle_A: 0.204, D_B: 0.452, G_B: 0.912, cycle_B: 0.216, gp: 0.411

[Rank 0] (epoch: 4, iters: 5952, time: 0.001, data: 0.001) , D_A: 0.284, G_A: 0.961, cycle_A: 0.218, D_B: 0.286, G_B: 0.794, cycle_B: 0.184, gp: 0.233

[Rank 0] (epoch: 4, iters: 7552, time: 0.001, data: 0.001) , D_A: 0.292, G_A: 0.835, cycle_A: 0.230, D_B: 0.409, G_B: 1.062, cycle_B: 0.208, gp: 0.377

[Rank 0] (epoch: 4, iters: 9152, time: 0.001, data: 0.001) , D_A: 0.224, G_A: 1.058, cycle_A: 0.198, D_B: 0.408, G_B: 1.261, cycle_B: 0.224, gp: 0.349

[Rank 0] (epoch: 4, iters: 10752, time: 0.001, data: 0.001) , D_A: 0.219, G_A: 0.973, cycle_A: 0.196, D_B: 0.350, G_B: 0.960, cycle_B: 0.199, gp: 0.327

[Rank 0] (epoch: 4, iters: 12352, time: 0.001, data: 0.001) , D_A: 0.284, G_A: 0.917, cycle_A: 0.203, D_B: 0.353, G_B: 1.007, cycle_B: 0.202, gp: 0.324

[Rank 0] (epoch: 4, iters: 13952, time: 0.001, data: 0.001) , D_A: 0.273, G_A: 1.007, cycle_A: 0.205, D_B: 0.276, G_B: 1.009, cycle_B: 0.223, gp: 0.250

--- iter tau=0.4531 ---
  cipher in : pheplenpepjnbrsfcnfphepefpspheanpemnjfeknpefbnjbp ngebnplnpcsnbp
  decrypted :  ns fse s heoairaer ns sr i nsne spehrsge sroeho aelsoe fe aieo 
  real plain: ask of fiing p os for disribion o need children fire fighers loc
  cipher in : eksfbpsqpjnegefbpkfpneglpsqplnpbkpgnmmbpqjshpepbnpjnegksfpgsfckk
  decrypted : sgiro in heslsro gr eslf in fe og leppo nhin s oe heslgir liragg
  real plain: longs o man morali is he pacing of a brief and dangeros ach and 
[Rank 0] (epoch: 4, iters: 15552, time: 0.001, data: 0.001) , D_A: 0.244, G_A: 0.998, cycle_A: 0.195, D_B: 0.428, G_B: 1.023, cycle_B: 0.212, gp: 0.402

saving the latest model (epoch 4, total_iters 120000)
[Rank 0] (epoch: 4, iters: 17152, time: 0.001, data: 0.001) , D_A: 0.243, G_A: 1.002, cycle_A: 0.209, D_B: 0.468, G_B: 1.041, cycle_B: 0.197, gp: 0.446

[Rank 0] (epoch: 4, iters: 18752, time: 0.001, data: 0.001) , D_A: 0.278, G_A: 1.048, cycle_A: 0.193, D_B: 0.335, G_B: 0.685, cycle_B: 0.190, gp: 0.262

[Rank 0] (epoch: 4, iters: 20352, time: 0.001, data: 0.001) , D_A: 0.311, G_A: 0.901, cycle_A: 0.206, D_B: 0.432, G_B: 1.125, cycle_B: 0.233, gp: 0.395

[Rank 0] (epoch: 4, iters: 21952, time: 0.001, data: 0.001) , D_A: 0.273, G_A: 1.092, cycle_A: 0.200, D_B: 0.395, G_B: 1.058, cycle_B: 0.212, gp: 0.369

[Rank 0] (epoch: 4, iters: 23552, time: 0.001, data: 0.001) , D_A: 0.363, G_A: 0.921, cycle_A: 0.206, D_B: 0.417, G_B: 1.225, cycle_B: 0.200, gp: 0.363

[Rank 0] (epoch: 4, iters: 25152, time: 0.001, data: 0.001) , D_A: 0.185, G_A: 0.954, cycle_A: 0.208, D_B: 0.291, G_B: 1.092, cycle_B: 0.213, gp: 0.265

[Rank 0] (epoch: 4, iters: 26752, time: 0.001, data: 0.001) , D_A: 0.235, G_A: 0.939, cycle_A: 0.249, D_B: 0.642, G_B: 1.454, cycle_B: 0.209, gp: 0.391

[Rank 0] (epoch: 4, iters: 28352, time: 0.001, data: 0.001) , D_A: 0.214, G_A: 0.982, cycle_A: 0.209, D_B: 0.489, G_B: 0.327, cycle_B: 0.178, gp: 0.401

[Rank 0] (epoch: 4, iters: 29952, time: 0.001, data: 0.001) , D_A: 0.168, G_A: 1.011, cycle_A: 0.226, D_B: 0.416, G_B: 0.972, cycle_B: 0.168, gp: 0.375

[Rank 0] (epoch: 4, iters: 31552, time: 0.001, data: 0.001) , D_A: 0.259, G_A: 1.006, cycle_A: 0.216, D_B: 0.276, G_B: 1.061, cycle_B: 0.171, gp: 0.247

[Rank 0] (epoch: 4, iters: 33152, time: 0.001, data: 0.001) , D_A: 0.273, G_A: 0.917, cycle_A: 0.207, D_B: 0.274, G_B: 0.875, cycle_B: 0.170, gp: 0.252

[Rank 0] (epoch: 4, iters: 34752, time: 0.001, data: 0.001) , D_A: 0.315, G_A: 1.009, cycle_A: 0.193, D_B: 0.268, G_B: 0.980, cycle_B: 0.192, gp: 0.249

learning rate 0.0002000 -> 0.0002000
temperature tau = 0.4384
End of epoch 4 / 50 	 Time Taken: 28 sec
[Rank 0] (epoch: 5, iters: 1536, time: 0.001, data: 0.001) , D_A: 0.206, G_A: 1.012, cycle_A: 0.222, D_B: 0.248, G_B: 0.900, cycle_B: 0.190, gp: 0.224

[Rank 0] (epoch: 5, iters: 3136, time: 0.001, data: 0.001) , D_A: 0.326, G_A: 0.980, cycle_A: 0.222, D_B: 0.448, G_B: 1.023, cycle_B: 0.168, gp: 0.424

[Rank 0] (epoch: 5, iters: 4736, time: 0.001, data: 0.001) , D_A: 0.231, G_A: 1.007, cycle_A: 0.214, D_B: 0.327, G_B: 0.869, cycle_B: 0.176, gp: 0.299

[Rank 0] (epoch: 5, iters: 6336, time: 0.001, data: 0.001) , D_A: 0.250, G_A: 0.944, cycle_A: 0.220, D_B: 0.338, G_B: 1.006, cycle_B: 0.171, gp: 0.320

[Rank 0] (epoch: 5, iters: 7936, time: 0.001, data: 0.001) , D_A: 0.192, G_A: 0.986, cycle_A: 0.209, D_B: 0.330, G_B: 0.879, cycle_B: 0.174, gp: 0.303

[Rank 0] (epoch: 5, iters: 9536, time: 0.001, data: 0.001) , D_A: 0.171, G_A: 0.951, cycle_A: 0.214, D_B: 0.324, G_B: 0.830, cycle_B: 0.158, gp: 0.301

[Rank 0] (epoch: 5, iters: 11136, time: 0.001, data: 0.001) , D_A: 0.438, G_A: 0.486, cycle_A: 0.234, D_B: 0.378, G_B: 1.186, cycle_B: 0.169, gp: 0.330

[Rank 0] (epoch: 5, iters: 12736, time: 0.001, data: 0.001) , D_A: 0.270, G_A: 0.942, cycle_A: 0.236, D_B: 0.319, G_B: 1.078, cycle_B: 0.183, gp: 0.301

[Rank 0] (epoch: 5, iters: 14336, time: 0.001, data: 0.001) , D_A: 0.374, G_A: 0.921, cycle_A: 0.217, D_B: 0.359, G_B: 0.918, cycle_B: 0.163, gp: 0.336

[Rank 0] (epoch: 5, iters: 15936, time: 0.001, data: 0.001) , D_A: 0.242, G_A: 0.967, cycle_A: 0.205, D_B: 0.836, G_B: 1.493, cycle_B: 0.169, gp: 0.413

[Rank 0] (epoch: 5, iters: 17536, time: 0.001, data: 0.001) , D_A: 0.272, G_A: 0.992, cycle_A: 0.214, D_B: 0.498, G_B: 1.167, cycle_B: 0.168, gp: 0.433

[Rank 0] (epoch: 5, iters: 19136, time: 0.001, data: 0.001) , D_A: 0.257, G_A: 0.972, cycle_A: 0.199, D_B: 0.422, G_B: 0.836, cycle_B: 0.168, gp: 0.384

--- iter tau=0.4384 ---
  cipher in : blp jnnnpqsjpefpecknfgnpsqpepmnebpepgsrmnpsqplsbefcbplspgehnpspf
  decrypted : of aheee nih sr sacerle in s peso s liape in fiosrao fi lsne i r
  real plain:  srface ih increasing adance of he knife ino he coaing he shear 
  cipher in : psqpfgmnejpejqejnpefcplnpcefdnjplepefpnqqngpsqpkpkmmp plhefpegks
  decrypted :  in rlpesh shnshe sra fe asraeh fs sr ennel in c cpp a fnsr slci
  real plain: lse hen she as here in mea shearim i as ih her ha led her o sa i
[Rank 0] (epoch: 5, iters: 20736, time: 0.001, data: 0.001) , D_A: 0.240, G_A: 0.978, cycle_A: 0.219, D_B: 0.307, G_B: 0.934, cycle_B: 0.165, gp: 0.281

saving the latest model (epoch 5, total_iters 160000)
[Rank 0] (epoch: 5, iters: 22336, time: 0.001, data: 0.001) , D_A: 0.309, G_A: 1.334, cycle_A: 0.221, D_B: 0.419, G_B: 0.926, cycle_B: 0.234, gp: 0.396

[Rank 0] (epoch: 5, iters: 23936, time: 0.001, data: 0.001) , D_A: 0.260, G_A: 1.022, cycle_A: 0.196, D_B: 0.376, G_B: 1.197, cycle_B: 0.265, gp: 0.299

[Rank 0] (epoch: 5, iters: 25536, time: 0.001, data: 0.001) , D_A: 0.259, G_A: 0.950, cycle_A: 0.191, D_B: 0.298, G_B: 1.050, cycle_B: 0.217, gp: 0.273

[Rank 0] (epoch: 5, iters: 27136, time: 0.001, data: 0.001) , D_A: 0.232, G_A: 0.971, cycle_A: 0.199, D_B: 0.202, G_B: 0.936, cycle_B: 0.214, gp: 0.186

[Rank 0] (epoch: 5, iters: 28736, time: 0.001, data: 0.001) , D_A: 0.240, G_A: 0.972, cycle_A: 0.198, D_B: 0.354, G_B: 0.937, cycle_B: 0.193, gp: 0.331

[Rank 0] (epoch: 5, iters: 30336, time: 0.001, data: 0.001) , D_A: 0.271, G_A: 0.988, cycle_A: 0.199, D_B: 0.289, G_B: 0.994, cycle_B: 0.205, gp: 0.259

[Rank 0] (epoch: 5, iters: 31936, time: 0.001, data: 0.001) , D_A: 0.137, G_A: 0.951, cycle_A: 0.242, D_B: 0.375, G_B: 0.523, cycle_B: 0.221, gp: 0.297

[Rank 0] (epoch: 5, iters: 33536, time: 0.001, data: 0.002) , D_A: 0.209, G_A: 0.968, cycle_A: 0.221, D_B: 0.417, G_B: 1.096, cycle_B: 0.217, gp: 0.370

learning rate 0.0002000 -> 0.0002000
temperature tau = 0.4243
End of epoch 5 / 50 	 Time Taken: 29 sec
[Rank 0] (epoch: 6, iters: 320, time: 0.001, data: 0.001) , D_A: 0.275, G_A: 0.885, cycle_A: 0.237, D_B: 0.366, G_B: 1.003, cycle_B: 0.201, gp: 0.337

[Rank 0] (epoch: 6, iters: 1920, time: 0.001, data: 0.003) , D_A: 0.293, G_A: 0.993, cycle_A: 0.252, D_B: 0.342, G_B: 0.933, cycle_B: 0.206, gp: 0.323

[Rank 0] (epoch: 6, iters: 3520, time: 0.001, data: 0.001) , D_A: 0.257, G_A: 1.005, cycle_A: 0.255, D_B: 0.416, G_B: 1.177, cycle_B: 0.200, gp: 0.364

[Rank 0] (epoch: 6, iters: 5120, time: 0.001, data: 0.001) , D_A: 0.267, G_A: 0.928, cycle_A: 0.240, D_B: 0.332, G_B: 0.799, cycle_B: 0.209, gp: 0.307

[Rank 0] (epoch: 6, iters: 6720, time: 0.001, data: 0.001) , D_A: 0.259, G_A: 0.987, cycle_A: 0.236, D_B: 0.391, G_B: 0.935, cycle_B: 0.200, gp: 0.361

[Rank 0] (epoch: 6, iters: 8320, time: 0.001, data: 0.001) , D_A: 0.256, G_A: 0.996, cycle_A: 0.241, D_B: 0.217, G_B: 1.036, cycle_B: 0.206, gp: 0.186

[Rank 0] (epoch: 6, iters: 9920, time: 0.001, data: 0.001) , D_A: 0.325, G_A: 1.431, cycle_A: 0.227, D_B: 0.369, G_B: 0.998, cycle_B: 0.225, gp: 0.344

[Rank 0] (epoch: 6, iters: 11520, time: 0.001, data: 0.001) , D_A: 0.244, G_A: 0.984, cycle_A: 0.230, D_B: 0.293, G_B: 0.955, cycle_B: 0.215, gp: 0.258

[Rank 0] (epoch: 6, iters: 13120, time: 0.001, data: 0.001) , D_A: 0.241, G_A: 0.944, cycle_A: 0.216, D_B: 0.366, G_B: 0.904, cycle_B: 0.207, gp: 0.342

[Rank 0] (epoch: 6, iters: 14720, time: 0.001, data: 0.001) , D_A: 0.288, G_A: 1.000, cycle_A: 0.249, D_B: 0.411, G_B: 0.633, cycle_B: 0.194, gp: 0.378

[Rank 0] (epoch: 6, iters: 16320, time: 0.001, data: 0.001) , D_A: 0.154, G_A: 0.965, cycle_A: 0.219, D_B: 0.362, G_B: 0.906, cycle_B: 0.203, gp: 0.344

[Rank 0] (epoch: 6, iters: 17920, time: 0.001, data: 0.001) , D_A: 0.281, G_A: 0.962, cycle_A: 0.215, D_B: 0.321, G_B: 0.981, cycle_B: 0.200, gp: 0.308

[Rank 0] (epoch: 6, iters: 19520, time: 0.001, data: 0.001) , D_A: 0.228, G_A: 1.014, cycle_A: 0.228, D_B: 0.244, G_B: 0.945, cycle_B: 0.284, gp: 0.224

[Rank 0] (epoch: 6, iters: 21120, time: 0.001, data: 0.001) , D_A: 0.192, G_A: 0.960, cycle_A: 0.193, D_B: 0.184, G_B: 0.910, cycle_B: 0.227, gp: 0.165

[Rank 0] (epoch: 6, iters: 22720, time: 0.001, data: 0.001) , D_A: 0.238, G_A: 0.977, cycle_A: 0.228, D_B: 0.257, G_B: 0.903, cycle_B: 0.213, gp: 0.224

[Rank 0] (epoch: 6, iters: 24320, time: 0.001, data: 0.001) , D_A: 0.242, G_A: 0.971, cycle_A: 0.197, D_B: 0.488, G_B: 0.866, cycle_B: 0.221, gp: 0.439

--- iter tau=0.4243 ---
  cipher in : pafnpkplerrnfncpefcplnmmpafnpkpssp pkplerrnfncpemhsbpemebpehsfdp
  decrypted :  nre g fsaaerea sra femm nre g ii a g fsaaerea smnio smso snira 
  real plain:  slacks i had eer seen on a oman and a seaer ha shoed eerhing he
  cipher in : phnepmssbnmpklplnepjnqmngkfdpqskmpqsjpikgknbpjnbmbpcspeskcprfgjk
  decrypted :  nes miioem gf fes henmelgra nigm nih mglgeo heomo ai siga arlhg
  real plain:  saes hich proide aomobiles for emploees assign hem ariosl o he 
[Rank 0] (epoch: 6, iters: 25920, time: 0.001, data: 0.001) , D_A: 0.238, G_A: 1.001, cycle_A: 0.221, D_B: 0.415, G_B: 0.787, cycle_B: 0.212, gp: 0.379

saving the latest model (epoch 6, total_iters 200000)
[Rank 0] (epoch: 6, iters: 27520, time: 0.001, data: 0.001) , D_A: 0.295, G_A: 0.993, cycle_A: 0.214, D_B: 0.355, G_B: 1.023, cycle_B: 0.229, gp: 0.328

[Rank 0] (epoch: 6, iters: 29120, time: 0.001, data: 0.001) , D_A: 0.255, G_A: 0.985, cycle_A: 0.212, D_B: 0.467, G_B: 0.977, cycle_B: 0.234, gp: 0.431

[Rank 0] (epoch: 6, iters: 30720, time: 0.001, data: 0.001) , D_A: 0.324, G_A: 1.018, cycle_A: 0.200, D_B: 0.379, G_B: 1.081, cycle_B: 0.201, gp: 0.353

[Rank 0] (epoch: 6, iters: 32320, time: 0.001, data: 0.001) , D_A: 0.192, G_A: 0.996, cycle_A: 0.232, D_B: 0.418, G_B: 0.865, cycle_B: 0.215, gp: 0.381

[Rank 0] (epoch: 6, iters: 33920, time: 0.001, data: 0.001) , D_A: 0.221, G_A: 1.044, cycle_A: 0.235, D_B: 0.265, G_B: 0.871, cycle_B: 0.190, gp: 0.240

learning rate 0.0002000 -> 0.0002000
temperature tau = 0.4106
End of epoch 6 / 50 	 Time Taken: 28 sec
[Rank 0] (epoch: 7, iters: 704, time: 0.001, data: 0.001) , D_A: 0.230, G_A: 0.972, cycle_A: 0.229, D_B: 0.264, G_B: 1.035, cycle_B: 0.208, gp: 0.244

[Rank 0] (epoch: 7, iters: 2304, time: 0.001, data: 0.000) , D_A: 0.274, G_A: 0.965, cycle_A: 0.188, D_B: 0.290, G_B: 1.039, cycle_B: 0.188, gp: 0.267

[Rank 0] (epoch: 7, iters: 3904, time: 0.001, data: 0.001) , D_A: 0.214, G_A: 0.958, cycle_A: 0.205, D_B: 0.359, G_B: 0.896, cycle_B: 0.195, gp: 0.327

[Rank 0] (epoch: 7, iters: 5504, time: 0.001, data: 0.001) , D_A: 0.166, G_A: 0.963, cycle_A: 0.206, D_B: 0.260, G_B: 0.911, cycle_B: 0.192, gp: 0.243

[Rank 0] (epoch: 7, iters: 7104, time: 0.001, data: 0.001) , D_A: 0.144, G_A: 0.991, cycle_A: 0.193, D_B: 0.369, G_B: 0.941, cycle_B: 0.211, gp: 0.351

[Rank 0] (epoch: 7, iters: 8704, time: 0.001, data: 0.001) , D_A: 0.228, G_A: 1.085, cycle_A: 0.219, D_B: 0.375, G_B: 0.886, cycle_B: 0.201, gp: 0.356

[Rank 0] (epoch: 7, iters: 10304, time: 0.001, data: 0.001) , D_A: 0.231, G_A: 0.990, cycle_A: 0.203, D_B: 0.275, G_B: 0.869, cycle_B: 0.192, gp: 0.260

[Rank 0] (epoch: 7, iters: 11904, time: 0.001, data: 0.001) , D_A: 0.221, G_A: 1.000, cycle_A: 0.185, D_B: 0.359, G_B: 0.941, cycle_B: 0.201, gp: 0.339

[Rank 0] (epoch: 7, iters: 13504, time: 0.001, data: 0.001) , D_A: 0.273, G_A: 0.978, cycle_A: 0.191, D_B: 0.316, G_B: 0.941, cycle_B: 0.208, gp: 0.293

[Rank 0] (epoch: 7, iters: 15104, time: 0.001, data: 0.001) , D_A: 0.201, G_A: 0.994, cycle_A: 0.193, D_B: 0.292, G_B: 0.840, cycle_B: 0.214, gp: 0.270

[Rank 0] (epoch: 7, iters: 16704, time: 0.001, data: 0.001) , D_A: 0.160, G_A: 0.986, cycle_A: 0.253, D_B: 0.351, G_B: 0.906, cycle_B: 0.200, gp: 0.322

[Rank 0] (epoch: 7, iters: 18304, time: 0.001, data: 0.001) , D_A: 0.191, G_A: 0.993, cycle_A: 0.239, D_B: 0.374, G_B: 0.810, cycle_B: 0.196, gp: 0.345

[Rank 0] (epoch: 7, iters: 19904, time: 0.001, data: 0.001) , D_A: 0.164, G_A: 1.009, cycle_A: 0.233, D_B: 0.329, G_B: 0.888, cycle_B: 0.199, gp: 0.306

[Rank 0] (epoch: 7, iters: 21504, time: 0.001, data: 0.001) , D_A: 0.203, G_A: 1.067, cycle_A: 0.219, D_B: 0.344, G_B: 0.834, cycle_B: 0.241, gp: 0.324

[Rank 0] (epoch: 7, iters: 23104, time: 0.001, data: 0.001) , D_A: 0.239, G_A: 1.015, cycle_A: 0.222, D_B: 0.415, G_B: 0.924, cycle_B: 0.200, gp: 0.395

[Rank 0] (epoch: 7, iters: 24704, time: 0.001, data: 0.001) , D_A: 0.215, G_A: 0.855, cycle_A: 0.213, D_B: 0.258, G_B: 0.846, cycle_B: 0.199, gp: 0.233

[Rank 0] (epoch: 7, iters: 26304, time: 0.001, data: 0.001) , D_A: 0.229, G_A: 0.991, cycle_A: 0.238, D_B: 0.211, G_B: 0.890, cycle_B: 0.190, gp: 0.190

[Rank 0] (epoch: 7, iters: 27904, time: 0.001, data: 0.001) , D_A: 0.190, G_A: 1.058, cycle_A: 0.237, D_B: 0.387, G_B: 0.963, cycle_B: 0.203, gp: 0.363

[Rank 0] (epoch: 7, iters: 29504, time: 0.001, data: 0.001) , D_A: 0.213, G_A: 0.956, cycle_A: 0.209, D_B: 0.231, G_B: 0.896, cycle_B: 0.192, gp: 0.214

--- iter tau=0.4106 ---
  cipher in : pspqsscbpemlsdlplnpfjknfbplnpbrrmpejnpoknpfndmkdk mnplnpgshhsfpb
  decrypted :  i niiad spfiaf fe rhgerd fe daap she nge reapgagape fe linnir d
  real plain: peal for a larger and more elemenal hman commni han one based on
  cipher in : p plnjnpkbpfspmkfnp nnnfpqjefgnpefcpdnjhefplepkbpfspegempmkfnpkp
  decrypted :  a fehe gd ri pgre aeeer nhsrle sra aehnsr fs gd ri slsp pgre g 
  real plain: s ago cpresslike rees ere groing he fossilied remains of man of 
[Rank 0] (epoch: 7, iters: 31104, time: 0.001, data: 0.001) , D_A: 0.136, G_A: 0.962, cycle_A: 0.194, D_B: 0.285, G_B: 1.040, cycle_B: 0.209, gp: 0.270

saving the latest model (epoch 7, total_iters 240000)
[Rank 0] (epoch: 7, iters: 32704, time: 0.001, data: 0.001) , D_A: 0.224, G_A: 0.985, cycle_A: 0.206, D_B: 0.235, G_B: 1.062, cycle_B: 0.195, gp: 0.218

[Rank 0] (epoch: 7, iters: 34304, time: 0.001, data: 0.001) , D_A: 0.168, G_A: 0.969, cycle_A: 0.195, D_B: 0.379, G_B: 0.737, cycle_B: 0.185, gp: 0.345

learning rate 0.0002000 -> 0.0002000
temperature tau = 0.3973
End of epoch 7 / 50 	 Time Taken: 28 sec
[Rank 0] (epoch: 8, iters: 1088, time: 0.001, data: 0.001) , D_A: 0.161, G_A: 0.943, cycle_A: 0.193, D_B: 0.243, G_B: 0.934, cycle_B: 0.197, gp: 0.223

[Rank 0] (epoch: 8, iters: 2688, time: 0.001, data: 0.001) , D_A: 0.205, G_A: 0.959, cycle_A: 0.193, D_B: 0.251, G_B: 0.976, cycle_B: 0.211, gp: 0.238

[Rank 0] (epoch: 8, iters: 4288, time: 0.001, data: 0.001) , D_A: 0.183, G_A: 1.010, cycle_A: 0.201, D_B: 0.361, G_B: 0.939, cycle_B: 0.199, gp: 0.345

[Rank 0] (epoch: 8, iters: 5888, time: 0.001, data: 0.001) , D_A: 0.293, G_A: 1.071, cycle_A: 0.188, D_B: 0.316, G_B: 0.906, cycle_B: 0.197, gp: 0.298

[Rank 0] (epoch: 8, iters: 7488, time: 0.001, data: 0.001) , D_A: 0.325, G_A: 0.921, cycle_A: 0.179, D_B: 0.320, G_B: 0.976, cycle_B: 0.204, gp: 0.305

[Rank 0] (epoch: 8, iters: 9088, time: 0.001, data: 0.001) , D_A: 0.271, G_A: 1.019, cycle_A: 0.204, D_B: 0.211, G_B: 0.766, cycle_B: 0.190, gp: 0.193

[Rank 0] (epoch: 8, iters: 10688, time: 0.001, data: 0.001) , D_A: 0.220, G_A: 1.076, cycle_A: 0.197, D_B: 0.360, G_B: 1.129, cycle_B: 0.213, gp: 0.307

[Rank 0] (epoch: 8, iters: 12288, time: 0.001, data: 0.001) , D_A: 0.261, G_A: 0.987, cycle_A: 0.227, D_B: 0.282, G_B: 1.086, cycle_B: 0.197, gp: 0.256

[Rank 0] (epoch: 8, iters: 13888, time: 0.001, data: 0.001) , D_A: 0.197, G_A: 0.975, cycle_A: 0.222, D_B: 0.348, G_B: 1.051, cycle_B: 0.196, gp: 0.327

[Rank 0] (epoch: 8, iters: 15488, time: 0.001, data: 0.001) , D_A: 0.252, G_A: 0.975, cycle_A: 0.224, D_B: 0.423, G_B: 1.261, cycle_B: 0.199, gp: 0.370

[Rank 0] (epoch: 8, iters: 17088, time: 0.001, data: 0.001) , D_A: 0.155, G_A: 0.916, cycle_A: 0.194, D_B: 0.261, G_B: 0.957, cycle_B: 0.202, gp: 0.247

[Rank 0] (epoch: 8, iters: 18688, time: 0.001, data: 0.001) , D_A: 0.215, G_A: 0.953, cycle_A: 0.208, D_B: 0.242, G_B: 0.692, cycle_B: 0.204, gp: 0.205

[Rank 0] (epoch: 8, iters: 20288, time: 0.001, data: 0.002) , D_A: 0.319, G_A: 1.059, cycle_A: 0.207, D_B: 0.351, G_B: 0.944, cycle_B: 0.204, gp: 0.338

[Rank 0] (epoch: 8, iters: 21888, time: 0.001, data: 0.001) , D_A: 0.209, G_A: 0.954, cycle_A: 0.219, D_B: 0.281, G_B: 0.949, cycle_B: 0.191, gp: 0.269

[Rank 0] (epoch: 8, iters: 23488, time: 0.001, data: 0.001) , D_A: 0.303, G_A: 0.982, cycle_A: 0.232, D_B: 0.304, G_B: 0.915, cycle_B: 0.186, gp: 0.288

[Rank 0] (epoch: 8, iters: 25088, time: 0.001, data: 0.001) , D_A: 0.228, G_A: 0.945, cycle_A: 0.241, D_B: 0.257, G_B: 0.917, cycle_B: 0.188, gp: 0.241

[Rank 0] (epoch: 8, iters: 26688, time: 0.001, data: 0.001) , D_A: 0.240, G_A: 0.919, cycle_A: 0.213, D_B: 0.314, G_B: 1.018, cycle_B: 0.186, gp: 0.291

[Rank 0] (epoch: 8, iters: 28288, time: 0.001, data: 0.001) , D_A: 0.238, G_A: 0.924, cycle_A: 0.223, D_B: 0.257, G_B: 0.990, cycle_B: 0.202, gp: 0.243

[Rank 0] (epoch: 8, iters: 29888, time: 0.001, data: 0.001) , D_A: 0.277, G_A: 0.902, cycle_A: 0.224, D_B: 0.197, G_B: 0.925, cycle_B: 0.191, gp: 0.182

[Rank 0] (epoch: 8, iters: 31488, time: 0.001, data: 0.002) , D_A: 0.248, G_A: 0.966, cycle_A: 0.189, D_B: 0.353, G_B: 0.629, cycle_B: 0.191, gp: 0.309

[Rank 0] (epoch: 8, iters: 33088, time: 0.001, data: 0.001) , D_A: 0.287, G_A: 0.923, cycle_A: 0.197, D_B: 0.173, G_B: 1.039, cycle_B: 0.202, gp: 0.153

[Rank 0] (epoch: 8, iters: 34688, time: 0.001, data: 0.001) , D_A: 0.240, G_A: 1.210, cycle_A: 0.193, D_B: 0.291, G_B: 0.890, cycle_B: 0.232, gp: 0.272

learning rate 0.0002000 -> 0.0002000
temperature tau = 0.3845
End of epoch 8 / 50 	 Time Taken: 32 sec
--- iter tau=0.3845 ---
  cipher in : pkbnmqpcnbrknplnplsrnmnbbfnbbpsqplnpjnbrsfbnpkpkbpnrmkge mnpkfpn
  decrypted :  goepn aeoage fe fiaepeooreoo in fe heoairoe g go eapglsape gr e
  real plain: era naional responsibili for indiidal elfare is a concep no limi
  cipher in : pkprnjlerbpcnpspmegapsqpsrrsjfkpqsjpenjpbsjednplnpfnpbnrpebpgsfb
  decrypted :  g aehfsao ae i psln in iaaihrg nih seh oihsae fe re oea so liro
  real plain: d a large amon of morphine in dianes bod police heorie ha a comb
[Rank 0] (epoch: 9, iters: 1472, time: 0.001, data: 0.002) , D_A: 0.221, G_A: 1.021, cycle_A: 0.196, D_B: 0.341, G_B: 0.917, cycle_B: 0.204, gp: 0.328

saving the latest model (epoch 9, total_iters 280000)
[Rank 0] (epoch: 9, iters: 3072, time: 0.001, data: 0.001) , D_A: 0.241, G_A: 1.024, cycle_A: 0.194, D_B: 0.198, G_B: 0.929, cycle_B: 0.220, gp: 0.187

[Rank 0] (epoch: 9, iters: 4672, time: 0.001, data: 0.001) , D_A: 0.208, G_A: 0.967, cycle_A: 0.192, D_B: 0.340, G_B: 0.904, cycle_B: 0.211, gp: 0.330

[Rank 0] (epoch: 9, iters: 6272, time: 0.001, data: 0.001) , D_A: 0.260, G_A: 1.013, cycle_A: 0.224, D_B: 0.357, G_B: 1.004, cycle_B: 0.199, gp: 0.324

[Rank 0] (epoch: 9, iters: 7872, time: 0.001, data: 0.001) , D_A: 0.150, G_A: 0.942, cycle_A: 0.222, D_B: 0.276, G_B: 0.961, cycle_B: 0.200, gp: 0.261

[Rank 0] (epoch: 9, iters: 9472, time: 0.001, data: 0.001) , D_A: 0.270, G_A: 1.220, cycle_A: 0.220, D_B: 0.202, G_B: 0.847, cycle_B: 0.187, gp: 0.185

[Rank 0] (epoch: 9, iters: 11072, time: 0.001, data: 0.001) , D_A: 0.236, G_A: 1.008, cycle_A: 0.213, D_B: 0.249, G_B: 0.931, cycle_B: 0.201, gp: 0.232

[Rank 0] (epoch: 9, iters: 12672, time: 0.001, data: 0.001) , D_A: 0.230, G_A: 0.989, cycle_A: 0.247, D_B: 0.371, G_B: 0.859, cycle_B: 0.200, gp: 0.358

[Rank 0] (epoch: 9, iters: 14272, time: 0.001, data: 0.001) , D_A: 0.231, G_A: 0.987, cycle_A: 0.204, D_B: 0.117, G_B: 0.966, cycle_B: 0.192, gp: 0.106

[Rank 0] (epoch: 9, iters: 15872, time: 0.001, data: 0.001) , D_A: 0.180, G_A: 0.978, cycle_A: 0.209, D_B: 0.221, G_B: 1.052, cycle_B: 0.204, gp: 0.206

[Rank 0] (epoch: 9, iters: 17472, time: 0.001, data: 0.001) , D_A: 0.210, G_A: 1.020, cycle_A: 0.173, D_B: 0.286, G_B: 0.888, cycle_B: 0.200, gp: 0.267

[Rank 0] (epoch: 9, iters: 19072, time: 0.001, data: 0.001) , D_A: 0.263, G_A: 0.993, cycle_A: 0.221, D_B: 0.362, G_B: 0.553, cycle_B: 0.205, gp: 0.320

[Rank 0] (epoch: 9, iters: 20672, time: 0.001, data: 0.001) , D_A: 0.160, G_A: 0.996, cycle_A: 0.215, D_B: 0.241, G_B: 0.955, cycle_B: 0.199, gp: 0.228

[Rank 0] (epoch: 9, iters: 22272, time: 0.001, data: 0.001) , D_A: 0.206, G_A: 0.947, cycle_A: 0.192, D_B: 0.310, G_B: 0.972, cycle_B: 0.213, gp: 0.295

[Rank 0] (epoch: 9, iters: 23872, time: 0.001, data: 0.001) , D_A: 0.145, G_A: 1.000, cycle_A: 0.224, D_B: 0.328, G_B: 1.197, cycle_B: 0.192, gp: 0.279

[Rank 0] (epoch: 9, iters: 25472, time: 0.001, data: 0.001) , D_A: 0.176, G_A: 1.035, cycle_A: 0.223, D_B: 0.323, G_B: 0.985, cycle_B: 0.196, gp: 0.309

[Rank 0] (epoch: 9, iters: 27072, time: 0.001, data: 0.001) , D_A: 0.183, G_A: 0.953, cycle_A: 0.207, D_B: 0.287, G_B: 0.885, cycle_B: 0.213, gp: 0.265

[Rank 0] (epoch: 9, iters: 28672, time: 0.001, data: 0.001) , D_A: 0.134, G_A: 0.969, cycle_A: 0.215, D_B: 0.242, G_B: 0.953, cycle_B: 0.177, gp: 0.232

[Rank 0] (epoch: 9, iters: 30272, time: 0.001, data: 0.001) , D_A: 0.238, G_A: 0.960, cycle_A: 0.210, D_B: 0.256, G_B: 0.946, cycle_B: 0.174, gp: 0.242

[Rank 0] (epoch: 9, iters: 31872, time: 0.001, data: 0.001) , D_A: 0.238, G_A: 1.000, cycle_A: 0.208, D_B: 0.267, G_B: 0.567, cycle_B: 0.181, gp: 0.194

[Rank 0] (epoch: 9, iters: 33472, time: 0.001, data: 0.001) , D_A: 0.228, G_A: 0.989, cycle_A: 0.219, D_B: 0.240, G_B: 0.951, cycle_B: 0.167, gp: 0.225

learning rate 0.0002000 -> 0.0002000
temperature tau = 0.3720
End of epoch 9 / 50 	 Time Taken: 28 sec
[Rank 0] (epoch: 10, iters: 256, time: 0.001, data: 0.001) , D_A: 0.305, G_A: 1.000, cycle_A: 0.192, D_B: 0.222, G_B: 0.943, cycle_B: 0.171, gp: 0.210

[Rank 0] (epoch: 10, iters: 1856, time: 0.001, data: 0.001) , D_A: 0.258, G_A: 0.982, cycle_A: 0.192, D_B: 0.420, G_B: 0.872, cycle_B: 0.161, gp: 0.404

[Rank 0] (epoch: 10, iters: 3456, time: 0.001, data: 0.001) , D_A: 0.222, G_A: 0.996, cycle_A: 0.194, D_B: 0.318, G_B: 0.991, cycle_B: 0.163, gp: 0.307

[Rank 0] (epoch: 10, iters: 5056, time: 0.001, data: 0.001) , D_A: 0.251, G_A: 0.958, cycle_A: 0.174, D_B: 0.402, G_B: 0.971, cycle_B: 0.191, gp: 0.390

--- iter tau=0.3720 ---
  cipher in : pnmnhnfejpbglssmbpkfpqknpckbjkgbplnplkjcpgkjgkpgsjpsqperrnembpkb
  decrypted :  epenersh olfiipo cr nce acohclo fe fcha lchlc lih in saaespo co
  real plain: ife da afer da some ne episode is repored he sae pblic orks depa
  cipher in : plnkjpckqqnjnfphmknejprmefbpljsdlplnpsjmcp efapefcpslnjpkfbjhnfe
  decrypted :  fech acnneher npcesh apsro fhiaf fe ihpa asrn sra ifeh crohners
  real plain: ks direcor for haling sno operaions on esda nigh afer he snda so
[Rank 0] (epoch: 10, iters: 6656, time: 0.001, data: 0.001) , D_A: 0.252, G_A: 1.031, cycle_A: 0.193, D_B: 0.328, G_B: 0.816, cycle_B: 0.163, gp: 0.307

saving the latest model (epoch 10, total_iters 320000)
[Rank 0] (epoch: 10, iters: 8256, time: 0.001, data: 0.001) , D_A: 0.244, G_A: 1.001, cycle_A: 0.191, D_B: 0.227, G_B: 1.037, cycle_B: 0.171, gp: 0.212

[Rank 0] (epoch: 10, iters: 9856, time: 0.001, data: 0.001) , D_A: 0.236, G_A: 0.969, cycle_A: 0.215, D_B: 0.271, G_B: 0.994, cycle_B: 0.165, gp: 0.256

[Rank 0] (epoch: 10, iters: 11456, time: 0.001, data: 0.001) , D_A: 0.197, G_A: 0.985, cycle_A: 0.202, D_B: 0.244, G_B: 0.962, cycle_B: 0.170, gp: 0.234

[Rank 0] (epoch: 10, iters: 13056, time: 0.001, data: 0.001) , D_A: 0.243, G_A: 0.994, cycle_A: 0.208, D_B: 0.291, G_B: 0.909, cycle_B: 0.169, gp: 0.276

[Rank 0] (epoch: 10, iters: 14656, time: 0.001, data: 0.001) , D_A: 0.337, G_A: 0.929, cycle_A: 0.205, D_B: 0.279, G_B: 0.991, cycle_B: 0.173, gp: 0.271

[Rank 0] (epoch: 10, iters: 16256, time: 0.001, data: 0.001) , D_A: 0.234, G_A: 1.003, cycle_A: 0.190, D_B: 0.339, G_B: 0.984, cycle_B: 0.169, gp: 0.328

[Rank 0] (epoch: 10, iters: 17856, time: 0.001, data: 0.001) , D_A: 0.256, G_A: 1.277, cycle_A: 0.187, D_B: 0.254, G_B: 0.996, cycle_B: 0.170, gp: 0.241

[Rank 0] (epoch: 10, iters: 19456, time: 0.001, data: 0.001) , D_A: 0.205, G_A: 0.966, cycle_A: 0.179, D_B: 0.314, G_B: 0.932, cycle_B: 0.160, gp: 0.299

[Rank 0] (epoch: 10, iters: 21056, time: 0.001, data: 0.001) , D_A: 0.253, G_A: 0.983, cycle_A: 0.215, D_B: 0.224, G_B: 0.986, cycle_B: 0.162, gp: 0.212

[Rank 0] (epoch: 10, iters: 22656, time: 0.001, data: 0.001) , D_A: 0.188, G_A: 0.901, cycle_A: 0.219, D_B: 0.216, G_B: 0.855, cycle_B: 0.164, gp: 0.201

[Rank 0] (epoch: 10, iters: 24256, time: 0.001, data: 0.001) , D_A: 0.332, G_A: 0.982, cycle_A: 0.177, D_B: 0.270, G_B: 1.002, cycle_B: 0.163, gp: 0.259

[Rank 0] (epoch: 10, iters: 25856, time: 0.001, data: 0.001) , D_A: 0.337, G_A: 0.976, cycle_A: 0.200, D_B: 0.265, G_B: 0.890, cycle_B: 0.165, gp: 0.250

[Rank 0] (epoch: 10, iters: 27456, time: 0.001, data: 0.001) , D_A: 0.216, G_A: 0.955, cycle_A: 0.206, D_B: 0.197, G_B: 0.983, cycle_B: 0.156, gp: 0.185

[Rank 0] (epoch: 10, iters: 29056, time: 0.001, data: 0.001) , D_A: 0.220, G_A: 0.942, cycle_A: 0.228, D_B: 0.189, G_B: 0.915, cycle_B: 0.170, gp: 0.174

[Rank 0] (epoch: 10, iters: 30656, time: 0.001, data: 0.001) , D_A: 0.244, G_A: 0.852, cycle_A: 0.200, D_B: 0.165, G_B: 0.924, cycle_B: 0.170, gp: 0.153

[Rank 0] (epoch: 10, iters: 32256, time: 0.001, data: 0.001) , D_A: 0.248, G_A: 0.908, cycle_A: 0.188, D_B: 0.219, G_B: 0.988, cycle_B: 0.165, gp: 0.209

[Rank 0] (epoch: 10, iters: 33856, time: 0.001, data: 0.001) , D_A: 0.189, G_A: 0.971, cycle_A: 0.173, D_B: 0.191, G_B: 1.087, cycle_B: 0.155, gp: 0.178

learning rate 0.0002000 -> 0.0002000
temperature tau = 0.3600
End of epoch 10 / 50 	 Time Taken: 28 sec
[Rank 0] (epoch: 11, iters: 640, time: 0.001, data: 0.001) , D_A: 0.170, G_A: 1.002, cycle_A: 0.202, D_B: 0.282, G_B: 0.973, cycle_B: 0.171, gp: 0.268

[Rank 0] (epoch: 11, iters: 2240, time: 0.001, data: 0.000) , D_A: 0.210, G_A: 0.973, cycle_A: 0.178, D_B: 0.326, G_B: 0.963, cycle_B: 0.158, gp: 0.317

[Rank 0] (epoch: 11, iters: 3840, time: 0.001, data: 0.001) , D_A: 0.265, G_A: 1.029, cycle_A: 0.184, D_B: 0.233, G_B: 1.029, cycle_B: 0.177, gp: 0.222

[Rank 0] (epoch: 11, iters: 5440, time: 0.001, data: 0.001) , D_A: 0.111, G_A: 0.983, cycle_A: 0.188, D_B: 0.185, G_B: 0.956, cycle_B: 0.161, gp: 0.177

[Rank 0] (epoch: 11, iters: 7040, time: 0.001, data: 0.001) , D_A: 0.177, G_A: 0.961, cycle_A: 0.213, D_B: 0.407, G_B: 0.580, cycle_B: 0.170, gp: 0.321

[Rank 0] (epoch: 11, iters: 8640, time: 0.001, data: 0.001) , D_A: 0.174, G_A: 0.998, cycle_A: 0.186, D_B: 0.285, G_B: 1.073, cycle_B: 0.173, gp: 0.277

[Rank 0] (epoch: 11, iters: 10240, time: 0.001, data: 0.001) , D_A: 0.161, G_A: 0.965, cycle_A: 0.181, D_B: 0.241, G_B: 0.955, cycle_B: 0.167, gp: 0.230

--- iter tau=0.3600 ---
  cipher in : ancpkfsp jnecphjpgmejabpbcknbpedlplkhpleplnpsfmpepspgsfbnjnplnpk
  decrypted : nea gri ahesa nh lpshno oageo saf fgn fs fe irp s i liroehe fe g
  real plain:  he federal jdges o enforce ho can jdges eercise jrisdicion o en
  cipher in : msmpjefdkfdplsdlbpsmcpe jrmpemhsbpeggkcnfemmpnfgsfnjplnjpeplnbnp
  decrypted : pip hsragra fiafo ipa sahap spnio sllgaerspp erlireh feh s feoe 
  real plain:  send in roops and shoo he basards don accons hae been pblished 
[Rank 0] (epoch: 11, iters: 11840, time: 0.001, data: 0.001) , D_A: 0.168, G_A: 0.803, cycle_A: 0.194, D_B: 0.199, G_B: 0.934, cycle_B: 0.170, gp: 0.186

saving the latest model (epoch 11, total_iters 360000)
[Rank 0] (epoch: 11, iters: 13440, time: 0.001, data: 0.001) , D_A: 0.225, G_A: 1.004, cycle_A: 0.195, D_B: 0.156, G_B: 1.007, cycle_B: 0.169, gp: 0.144

[Rank 0] (epoch: 11, iters: 15040, time: 0.001, data: 0.001) , D_A: 0.220, G_A: 0.971, cycle_A: 0.192, D_B: 0.313, G_B: 0.990, cycle_B: 0.165, gp: 0.299

[Rank 0] (epoch: 11, iters: 16640, time: 0.001, data: 0.001) , D_A: 0.258, G_A: 1.010, cycle_A: 0.181, D_B: 0.247, G_B: 0.908, cycle_B: 0.159, gp: 0.236

[Rank 0] (epoch: 11, iters: 18240, time: 0.001, data: 0.001) , D_A: 0.196, G_A: 0.923, cycle_A: 0.176, D_B: 0.188, G_B: 0.871, cycle_B: 0.180, gp: 0.177

[Rank 0] (epoch: 11, iters: 19840, time: 0.001, data: 0.001) , D_A: 0.218, G_A: 1.004, cycle_A: 0.203, D_B: 0.295, G_B: 0.958, cycle_B: 0.163, gp: 0.272

[Rank 0] (epoch: 11, iters: 21440, time: 0.001, data: 0.001) , D_A: 0.261, G_A: 0.902, cycle_A: 0.193, D_B: 0.275, G_B: 0.991, cycle_B: 0.162, gp: 0.264

[Rank 0] (epoch: 11, iters: 23040, time: 0.001, data: 0.001) , D_A: 0.305, G_A: 1.009, cycle_A: 0.184, D_B: 0.217, G_B: 1.100, cycle_B: 0.171, gp: 0.202

[Rank 0] (epoch: 11, iters: 24640, time: 0.001, data: 0.001) , D_A: 0.211, G_A: 1.030, cycle_A: 0.199, D_B: 0.227, G_B: 0.982, cycle_B: 0.155, gp: 0.217

[Rank 0] (epoch: 11, iters: 26240, time: 0.001, data: 0.001) , D_A: 0.214, G_A: 1.025, cycle_A: 0.193, D_B: 0.195, G_B: 0.939, cycle_B: 0.159, gp: 0.188

[Rank 0] (epoch: 11, iters: 27840, time: 0.001, data: 0.001) , D_A: 0.139, G_A: 0.883, cycle_A: 0.228, D_B: 0.285, G_B: 1.002, cycle_B: 0.186, gp: 0.273

[Rank 0] (epoch: 11, iters: 29440, time: 0.001, data: 0.001) , D_A: 0.165, G_A: 0.993, cycle_A: 0.205, D_B: 0.254, G_B: 0.871, cycle_B: 0.159, gp: 0.241

[Rank 0] (epoch: 11, iters: 31040, time: 0.001, data: 0.001) , D_A: 0.244, G_A: 0.917, cycle_A: 0.196, D_B: 0.189, G_B: 0.982, cycle_B: 0.178, gp: 0.175

[Rank 0] (epoch: 11, iters: 32640, time: 0.001, data: 0.001) , D_A: 0.239, G_A: 0.993, cycle_A: 0.193, D_B: 0.256, G_B: 0.864, cycle_B: 0.160, gp: 0.241

[Rank 0] (epoch: 11, iters: 34240, time: 0.001, data: 0.001) , D_A: 0.262, G_A: 0.993, cycle_A: 0.205, D_B: 0.232, G_B: 0.981, cycle_B: 0.157, gp: 0.220

learning rate 0.0002000 -> 0.0002000
temperature tau = 0.3484
End of epoch 11 / 50 	 Time Taken: 28 sec
[Rank 0] (epoch: 12, iters: 1024, time: 0.001, data: 0.001) , D_A: 0.247, G_A: 0.913, cycle_A: 0.180, D_B: 0.289, G_B: 0.827, cycle_B: 0.198, gp: 0.266

[Rank 0] (epoch: 12, iters: 2624, time: 0.001, data: 0.001) , D_A: 0.706, G_A: 0.086, cycle_A: 0.172, D_B: 0.259, G_B: 1.014, cycle_B: 0.176, gp: 0.249

[Rank 0] (epoch: 12, iters: 4224, time: 0.001, data: 0.001) , D_A: 0.312, G_A: 1.233, cycle_A: 0.184, D_B: 0.234, G_B: 0.956, cycle_B: 0.170, gp: 0.224

[Rank 0] (epoch: 12, iters: 5824, time: 0.001, data: 0.001) , D_A: 0.244, G_A: 0.990, cycle_A: 0.177, D_B: 0.205, G_B: 0.912, cycle_B: 0.171, gp: 0.194

[Rank 0] (epoch: 12, iters: 7424, time: 0.001, data: 0.001) , D_A: 0.231, G_A: 0.939, cycle_A: 0.193, D_B: 0.266, G_B: 1.013, cycle_B: 0.206, gp: 0.258

[Rank 0] (epoch: 12, iters: 9024, time: 0.001, data: 0.001) , D_A: 0.274, G_A: 1.001, cycle_A: 0.196, D_B: 0.237, G_B: 0.966, cycle_B: 0.164, gp: 0.227

[Rank 0] (epoch: 12, iters: 10624, time: 0.001, data: 0.001) , D_A: 0.351, G_A: 0.955, cycle_A: 0.199, D_B: 0.181, G_B: 0.979, cycle_B: 0.156, gp: 0.172

[Rank 0] (epoch: 12, iters: 12224, time: 0.001, data: 0.001) , D_A: 0.226, G_A: 0.965, cycle_A: 0.184, D_B: 0.162, G_B: 1.125, cycle_B: 0.162, gp: 0.139

[Rank 0] (epoch: 12, iters: 13824, time: 0.001, data: 0.001) , D_A: 0.212, G_A: 0.961, cycle_A: 0.178, D_B: 0.242, G_B: 0.975, cycle_B: 0.172, gp: 0.234

[Rank 0] (epoch: 12, iters: 15424, time: 0.001, data: 0.001) , D_A: 0.308, G_A: 1.028, cycle_A: 0.171, D_B: 0.280, G_B: 1.120, cycle_B: 0.174, gp: 0.263

--- iter tau=0.3484 ---
  cipher in : hrmkqkncpkfpefpnglefdnpsqpmnnjbp nnnfpislfpiepefcpepsjpjnqdnnprn
  decrypted : napgngea gr sr elfsrae in peehd aeeer mifr ms sra s ih henaee ae
  real plain: ers o raise heir sandards of performance he qali of a presidens 
  cipher in : nfpemape spkpblnprplnpbmkrrnjpfnemp pkbphenpeplnpqsspsqplnp ncpb
  decrypted : er spn sai g dfe a fe dpgaaeh resp a gd nse s fe nii in fe aea d
  real plain: hich gies rise o sch conicions b i is also he clima o one of he 
[Rank 0] (epoch: 12, iters: 17024, time: 0.001, data: 0.001) , D_A: 0.178, G_A: 0.988, cycle_A: 0.175, D_B: 0.195, G_B: 0.974, cycle_B: 0.183, gp: 0.187

saving the latest model (epoch 12, total_iters 400000)
[Rank 0] (epoch: 12, iters: 18624, time: 0.001, data: 0.001) , D_A: 0.212, G_A: 1.008, cycle_A: 0.179, D_B: 0.242, G_B: 0.942, cycle_B: 0.156, gp: 0.228

[Rank 0] (epoch: 12, iters: 20224, time: 0.001, data: 0.001) , D_A: 0.224, G_A: 0.975, cycle_A: 0.195, D_B: 0.268, G_B: 1.083, cycle_B: 0.167, gp: 0.252

[Rank 0] (epoch: 12, iters: 21824, time: 0.001, data: 0.001) , D_A: 0.232, G_A: 0.976, cycle_A: 0.213, D_B: 0.271, G_B: 1.071, cycle_B: 0.164, gp: 0.260

[Rank 0] (epoch: 12, iters: 23424, time: 0.001, data: 0.001) , D_A: 0.175, G_A: 1.011, cycle_A: 0.178, D_B: 0.228, G_B: 1.029, cycle_B: 0.157, gp: 0.220

[Rank 0] (epoch: 12, iters: 25024, time: 0.001, data: 0.001) , D_A: 0.214, G_A: 0.976, cycle_A: 0.204, D_B: 0.166, G_B: 0.950, cycle_B: 0.156, gp: 0.158

[Rank 0] (epoch: 12, iters: 26624, time: 0.001, data: 0.001) , D_A: 0.138, G_A: 0.971, cycle_A: 0.194, D_B: 0.268, G_B: 1.071, cycle_B: 0.170, gp: 0.256

[Rank 0] (epoch: 12, iters: 28224, time: 0.001, data: 0.001) , D_A: 0.150, G_A: 0.998, cycle_A: 0.187, D_B: 0.187, G_B: 0.977, cycle_B: 0.170, gp: 0.181

[Rank 0] (epoch: 12, iters: 29824, time: 0.001, data: 0.001) , D_A: 0.237, G_A: 1.020, cycle_A: 0.179, D_B: 0.219, G_B: 0.926, cycle_B: 0.162, gp: 0.209

[Rank 0] (epoch: 12, iters: 31424, time: 0.001, data: 0.001) , D_A: 0.102, G_A: 0.980, cycle_A: 0.181, D_B: 0.244, G_B: 0.943, cycle_B: 0.164, gp: 0.236

[Rank 0] (epoch: 12, iters: 33024, time: 0.001, data: 0.001) , D_A: 0.199, G_A: 0.987, cycle_A: 0.173, D_B: 0.250, G_B: 0.984, cycle_B: 0.156, gp: 0.240

[Rank 0] (epoch: 12, iters: 34624, time: 0.001, data: 0.001) , D_A: 0.236, G_A: 0.990, cycle_A: 0.204, D_B: 0.203, G_B: 1.012, cycle_B: 0.157, gp: 0.195

learning rate 0.0002000 -> 0.0002000
temperature tau = 0.3371
End of epoch 12 / 50 	 Time Taken: 28 sec
[Rank 0] (epoch: 13, iters: 1408, time: 0.001, data: 0.001) , D_A: 0.198, G_A: 1.015, cycle_A: 0.183, D_B: 0.185, G_B: 0.972, cycle_B: 0.175, gp: 0.177

[Rank 0] (epoch: 13, iters: 3008, time: 0.001, data: 0.001) , D_A: 0.197, G_A: 0.957, cycle_A: 0.166, D_B: 0.228, G_B: 0.995, cycle_B: 0.174, gp: 0.221

[Rank 0] (epoch: 13, iters: 4608, time: 0.001, data: 0.001) , D_A: 0.170, G_A: 0.987, cycle_A: 0.172, D_B: 0.254, G_B: 0.939, cycle_B: 0.160, gp: 0.243

[Rank 0] (epoch: 13, iters: 6208, time: 0.001, data: 0.001) , D_A: 0.157, G_A: 0.961, cycle_A: 0.191, D_B: 0.228, G_B: 0.959, cycle_B: 0.165, gp: 0.220

[Rank 0] (epoch: 13, iters: 7808, time: 0.001, data: 0.001) , D_A: 0.229, G_A: 0.980, cycle_A: 0.189, D_B: 0.192, G_B: 0.943, cycle_B: 0.165, gp: 0.184

[Rank 0] (epoch: 13, iters: 9408, time: 0.001, data: 0.001) , D_A: 0.275, G_A: 0.963, cycle_A: 0.180, D_B: 0.270, G_B: 0.973, cycle_B: 0.166, gp: 0.263

[Rank 0] (epoch: 13, iters: 11008, time: 0.001, data: 0.001) , D_A: 0.206, G_A: 0.983, cycle_A: 0.190, D_B: 0.300, G_B: 1.078, cycle_B: 0.169, gp: 0.288

[Rank 0] (epoch: 13, iters: 12608, time: 0.001, data: 0.001) , D_A: 0.189, G_A: 0.894, cycle_A: 0.220, D_B: 0.274, G_B: 1.135, cycle_B: 0.175, gp: 0.253

[Rank 0] (epoch: 13, iters: 14208, time: 0.001, data: 0.001) , D_A: 0.225, G_A: 0.966, cycle_A: 0.193, D_B: 0.298, G_B: 0.931, cycle_B: 0.165, gp: 0.292

[Rank 0] (epoch: 13, iters: 15808, time: 0.001, data: 0.001) , D_A: 0.246, G_A: 0.988, cycle_A: 0.206, D_B: 0.242, G_B: 0.941, cycle_B: 0.172, gp: 0.234

[Rank 0] (epoch: 13, iters: 17408, time: 0.001, data: 0.001) , D_A: 0.178, G_A: 0.973, cycle_A: 0.195, D_B: 0.203, G_B: 0.917, cycle_B: 0.165, gp: 0.195

[Rank 0] (epoch: 13, iters: 19008, time: 0.001, data: 0.001) , D_A: 0.270, G_A: 0.987, cycle_A: 0.176, D_B: 0.257, G_B: 0.968, cycle_B: 0.162, gp: 0.250

[Rank 0] (epoch: 13, iters: 20608, time: 0.001, data: 0.001) , D_A: 0.163, G_A: 1.031, cycle_A: 0.183, D_B: 0.219, G_B: 0.980, cycle_B: 0.167, gp: 0.213

--- iter tau=0.3371 ---
  cipher in : pjnkh jbnbpspqsjpnrnfbnbpkfgjjncpspcncgpbglpnrnfbnbpkqplnpslnjkb
  decrypted :  hegnahoeo i nih eaeroeo grlhhea i aeal olf eaeroeo gn fe ifehgo
  real plain: ill he check clear back home and mabe more han ha he old hae o b
  cipher in : qpmnejfkfdp nkfdpfe mnpsphkbbpbshnpbcpsqpckkfkpibkfkefpmepefcpde
  decrypted : n peshrgra aegra rsape i ngoo oine oa in aggrg mogrgsr ps sra as
  real plain: of or mehod of analing he resls for each groh cener for oher fig
[Rank 0] (epoch: 13, iters: 22208, time: 0.001, data: 0.001) , D_A: 0.187, G_A: 0.977, cycle_A: 0.186, D_B: 0.268, G_B: 0.861, cycle_B: 0.179, gp: 0.258

saving the latest model (epoch 13, total_iters 440000)
[Rank 0] (epoch: 13, iters: 23808, time: 0.001, data: 0.001) , D_A: 0.234, G_A: 1.000, cycle_A: 0.181, D_B: 0.259, G_B: 1.103, cycle_B: 0.157, gp: 0.243

[Rank 0] (epoch: 13, iters: 25408, time: 0.001, data: 0.001) , D_A: 0.301, G_A: 1.012, cycle_A: 0.177, D_B: 0.187, G_B: 0.890, cycle_B: 0.168, gp: 0.178

[Rank 0] (epoch: 13, iters: 27008, time: 0.001, data: 0.001) , D_A: 0.147, G_A: 0.994, cycle_A: 0.188, D_B: 0.230, G_B: 0.961, cycle_B: 0.172, gp: 0.222

[Rank 0] (epoch: 13, iters: 28608, time: 0.001, data: 0.001) , D_A: 0.141, G_A: 1.004, cycle_A: 0.182, D_B: 0.269, G_B: 0.917, cycle_B: 0.171, gp: 0.261

[Rank 0] (epoch: 13, iters: 30208, time: 0.001, data: 0.001) , D_A: 0.311, G_A: 0.972, cycle_A: 0.200, D_B: 0.135, G_B: 1.033, cycle_B: 0.160, gp: 0.128

[Rank 0] (epoch: 13, iters: 31808, time: 0.001, data: 0.001) , D_A: 0.235, G_A: 1.043, cycle_A: 0.184, D_B: 0.196, G_B: 0.848, cycle_B: 0.171, gp: 0.184

[Rank 0] (epoch: 13, iters: 33408, time: 0.001, data: 0.001) , D_A: 0.207, G_A: 1.003, cycle_A: 0.182, D_B: 0.248, G_B: 1.002, cycle_B: 0.166, gp: 0.240

learning rate 0.0002000 -> 0.0002000
temperature tau = 0.3262
End of epoch 13 / 50 	 Time Taken: 28 sec
[Rank 0] (epoch: 14, iters: 192, time: 0.001, data: 0.001) , D_A: 0.177, G_A: 0.979, cycle_A: 0.183, D_B: 0.262, G_B: 0.984, cycle_B: 0.172, gp: 0.256

[Rank 0] (epoch: 14, iters: 1792, time: 0.001, data: 0.000) , D_A: 0.183, G_A: 0.780, cycle_A: 0.182, D_B: 0.208, G_B: 0.984, cycle_B: 0.178, gp: 0.201

[Rank 0] (epoch: 14, iters: 3392, time: 0.001, data: 0.001) , D_A: 0.203, G_A: 0.995, cycle_A: 0.176, D_B: 0.163, G_B: 1.008, cycle_B: 0.162, gp: 0.155

[Rank 0] (epoch: 14, iters: 4992, time: 0.001, data: 0.001) , D_A: 0.210, G_A: 0.989, cycle_A: 0.173, D_B: 0.212, G_B: 0.976, cycle_B: 0.175, gp: 0.204

[Rank 0] (epoch: 14, iters: 6592, time: 0.001, data: 0.001) , D_A: 0.175, G_A: 1.021, cycle_A: 0.170, D_B: 0.155, G_B: 1.015, cycle_B: 0.166, gp: 0.148

[Rank 0] (epoch: 14, iters: 8192, time: 0.001, data: 0.001) , D_A: 0.170, G_A: 0.982, cycle_A: 0.178, D_B: 0.218, G_B: 0.991, cycle_B: 0.166, gp: 0.213

[Rank 0] (epoch: 14, iters: 9792, time: 0.001, data: 0.001) , D_A: 0.192, G_A: 0.969, cycle_A: 0.188, D_B: 0.232, G_B: 1.014, cycle_B: 0.160, gp: 0.224

[Rank 0] (epoch: 14, iters: 11392, time: 0.001, data: 0.001) , D_A: 0.196, G_A: 0.987, cycle_A: 0.183, D_B: 0.210, G_B: 0.814, cycle_B: 0.167, gp: 0.190

[Rank 0] (epoch: 14, iters: 12992, time: 0.001, data: 0.001) , D_A: 0.145, G_A: 1.028, cycle_A: 0.195, D_B: 0.200, G_B: 0.930, cycle_B: 0.185, gp: 0.193

[Rank 0] (epoch: 14, iters: 14592, time: 0.001, data: 0.001) , D_A: 0.212, G_A: 0.963, cycle_A: 0.185, D_B: 0.181, G_B: 1.016, cycle_B: 0.166, gp: 0.174

[Rank 0] (epoch: 14, iters: 16192, time: 0.001, data: 0.001) , D_A: 0.154, G_A: 0.977, cycle_A: 0.182, D_B: 0.286, G_B: 0.987, cycle_B: 0.167, gp: 0.281

[Rank 0] (epoch: 14, iters: 17792, time: 0.001, data: 0.001) , D_A: 0.229, G_A: 0.957, cycle_A: 0.178, D_B: 0.225, G_B: 0.951, cycle_B: 0.167, gp: 0.219

[Rank 0] (epoch: 14, iters: 19392, time: 0.001, data: 0.001) , D_A: 0.128, G_A: 0.973, cycle_A: 0.175, D_B: 0.196, G_B: 0.958, cycle_B: 0.160, gp: 0.189

[Rank 0] (epoch: 14, iters: 20992, time: 0.001, data: 0.001) , D_A: 0.823, G_A: 0.482, cycle_A: 1.487, D_B: 0.697, G_B: 0.524, cycle_B: 1.641, gp: 0.365

[Rank 0] (epoch: 14, iters: 22592, time: 0.001, data: 0.001) , D_A: 0.369, G_A: 1.021, cycle_A: 0.488, D_B: 0.482, G_B: 0.831, cycle_B: 0.541, gp: 0.454

[Rank 0] (epoch: 14, iters: 24192, time: 0.001, data: 0.001) , D_A: 0.346, G_A: 0.906, cycle_A: 0.567, D_B: 0.409, G_B: 1.140, cycle_B: 0.532, gp: 0.368

[Rank 0] (epoch: 14, iters: 25792, time: 0.001, data: 0.001) , D_A: 0.282, G_A: 0.958, cycle_A: 0.367, D_B: 0.295, G_B: 0.985, cycle_B: 0.463, gp: 0.276

--- iter tau=0.3262 ---
  cipher in : ssp mnprnfgkmpkpjnhnh njpsfnpceplnfphjplnejbpefcpkpfnnjpafnplpln
  decrypted : ii rme nerlmm m cenenrec ire na oer nc oeacd arn m reec nre o oe
  real plain:  o ge robinson ono he deling grond a all coss on april h he roe 
  cipher in : epgsfgnjfbplnpenhrbpsqpepnbpdnjhefprsmkkgkefpspsspeprmebnjpgebps
  decrypted : a lirlecrd oe aennd in a ed mecnar nimmmlmar i ii a nmadec lad i
  real plain: besknon member of he commission as aler camp he ale ahlee hose s
[Rank 0] (epoch: 14, iters: 27392, time: 0.001, data: 0.001) , D_A: 0.346, G_A: 0.935, cycle_A: 0.386, D_B: 0.314, G_B: 0.856, cycle_B: 0.448, gp: 0.289

saving the latest model (epoch 14, total_iters 480000)
[Rank 0] (epoch: 14, iters: 28992, time: 0.001, data: 0.001) , D_A: 0.316, G_A: 0.846, cycle_A: 0.409, D_B: 0.275, G_B: 0.937, cycle_B: 0.431, gp: 0.262

[Rank 0] (epoch: 14, iters: 30592, time: 0.001, data: 0.001) , D_A: 0.235, G_A: 0.981, cycle_A: 0.387, D_B: 0.293, G_B: 0.966, cycle_B: 0.463, gp: 0.277

[Rank 0] (epoch: 14, iters: 32192, time: 0.001, data: 0.001) , D_A: 0.337, G_A: 0.970, cycle_A: 0.364, D_B: 0.216, G_B: 0.932, cycle_B: 0.458, gp: 0.203

[Rank 0] (epoch: 14, iters: 33792, time: 0.001, data: 0.001) , D_A: 0.272, G_A: 0.962, cycle_A: 0.360, D_B: 0.252, G_B: 0.888, cycle_B: 0.458, gp: 0.237

learning rate 0.0002000 -> 0.0002000
temperature tau = 0.3157
End of epoch 14 / 50 	 Time Taken: 28 sec
[Rank 0] (epoch: 15, iters: 576, time: 0.001, data: 0.001) , D_A: 0.291, G_A: 0.986, cycle_A: 0.371, D_B: 0.294, G_B: 1.001, cycle_B: 0.495, gp: 0.276

[Rank 0] (epoch: 15, iters: 2176, time: 0.001, data: 0.000) , D_A: 0.310, G_A: 0.971, cycle_A: 0.396, D_B: 0.312, G_B: 0.952, cycle_B: 0.415, gp: 0.302

[Rank 0] (epoch: 15, iters: 3776, time: 0.001, data: 0.001) , D_A: 0.491, G_A: 0.491, cycle_A: 0.320, D_B: 0.312, G_B: 1.023, cycle_B: 0.416, gp: 0.301

[Rank 0] (epoch: 15, iters: 5376, time: 0.001, data: 0.001) , D_A: 0.244, G_A: 0.989, cycle_A: 0.277, D_B: 0.257, G_B: 0.956, cycle_B: 0.440, gp: 0.243

[Rank 0] (epoch: 15, iters: 6976, time: 0.001, data: 0.001) , D_A: 0.181, G_A: 0.962, cycle_A: 0.540, D_B: 0.286, G_B: 0.953, cycle_B: 0.427, gp: 0.271

[Rank 0] (epoch: 15, iters: 8576, time: 0.001, data: 0.001) , D_A: 0.308, G_A: 0.980, cycle_A: 0.333, D_B: 0.279, G_B: 0.941, cycle_B: 0.441, gp: 0.265

[Rank 0] (epoch: 15, iters: 10176, time: 0.001, data: 0.001) , D_A: 0.212, G_A: 0.926, cycle_A: 0.331, D_B: 0.284, G_B: 0.911, cycle_B: 0.412, gp: 0.268

[Rank 0] (epoch: 15, iters: 11776, time: 0.001, data: 0.001) , D_A: 0.214, G_A: 0.991, cycle_A: 0.320, D_B: 0.187, G_B: 0.980, cycle_B: 0.432, gp: 0.180

[Rank 0] (epoch: 15, iters: 13376, time: 0.001, data: 0.001) , D_A: 0.243, G_A: 1.059, cycle_A: 0.316, D_B: 0.285, G_B: 0.953, cycle_B: 0.469, gp: 0.271

[Rank 0] (epoch: 15, iters: 14976, time: 0.001, data: 0.001) , D_A: 0.227, G_A: 0.978, cycle_A: 0.345, D_B: 0.134, G_B: 0.949, cycle_B: 0.423, gp: 0.122

[Rank 0] (epoch: 15, iters: 16576, time: 0.001, data: 0.001) , D_A: 0.271, G_A: 0.948, cycle_A: 0.343, D_B: 0.315, G_B: 0.985, cycle_B: 0.429, gp: 0.306

[Rank 0] (epoch: 15, iters: 18176, time: 0.001, data: 0.001) , D_A: 0.215, G_A: 0.950, cycle_A: 0.359, D_B: 0.257, G_B: 0.984, cycle_B: 0.423, gp: 0.233

[Rank 0] (epoch: 15, iters: 19776, time: 0.001, data: 0.001) , D_A: 0.278, G_A: 1.005, cycle_A: 0.319, D_B: 0.208, G_B: 0.936, cycle_B: 0.436, gp: 0.196

[Rank 0] (epoch: 15, iters: 21376, time: 0.001, data: 0.001) , D_A: 0.256, G_A: 0.991, cycle_A: 0.477, D_B: 0.228, G_B: 0.860, cycle_B: 0.417, gp: 0.213

[Rank 0] (epoch: 15, iters: 22976, time: 0.001, data: 0.001) , D_A: 0.232, G_A: 0.921, cycle_A: 0.330, D_B: 0.234, G_B: 0.943, cycle_B: 0.443, gp: 0.224

[Rank 0] (epoch: 15, iters: 24576, time: 0.001, data: 0.001) , D_A: 0.215, G_A: 1.007, cycle_A: 0.340, D_B: 0.192, G_B: 0.956, cycle_B: 0.426, gp: 0.184

[Rank 0] (epoch: 15, iters: 26176, time: 0.001, data: 0.001) , D_A: 0.259, G_A: 0.879, cycle_A: 0.327, D_B: 0.201, G_B: 0.943, cycle_B: 0.432, gp: 0.193

[Rank 0] (epoch: 15, iters: 27776, time: 0.001, data: 0.001) , D_A: 0.158, G_A: 0.945, cycle_A: 0.402, D_B: 0.210, G_B: 0.946, cycle_B: 0.431, gp: 0.202

[Rank 0] (epoch: 15, iters: 29376, time: 0.001, data: 0.001) , D_A: 0.183, G_A: 0.995, cycle_A: 0.335, D_B: 0.244, G_B: 0.929, cycle_B: 0.422, gp: 0.230

[Rank 0] (epoch: 15, iters: 30976, time: 0.001, data: 0.001) , D_A: 0.187, G_A: 1.000, cycle_A: 0.336, D_B: 0.141, G_B: 0.953, cycle_B: 0.435, gp: 0.133

--- iter tau=0.3157 ---
  cipher in : bpkfpdnfnjempefpsgshnpnpglssbnphep npme nmncpbggnbbplnpheisjponb
  decrypted : d mr eerecse sr iline e lhiide ns qe esqeeen dlledd he nsmic led
  real plain: n an organiaion man hose moo for geing ahead is don rock he boa 
  cipher in : ckjngmpsmcpdekfpsscjqqpmkmnpqsjpebpeprnffkmnbbpfngshnjprkanplecp
  decrypted : nmcele ien esmr iincnn emee nic sd s nerrmeedd relinec nmne hsn 
  real plain: se he here japanese he man iled back his head and en hrogh he pa
[Rank 0] (epoch: 15, iters: 32576, time: 0.001, data: 0.001) , D_A: 0.279, G_A: 1.020, cycle_A: 0.329, D_B: 0.213, G_B: 0.959, cycle_B: 0.448, gp: 0.206

saving the latest model (epoch 15, total_iters 520000)
[Rank 0] (epoch: 15, iters: 34176, time: 0.001, data: 0.001) , D_A: 0.274, G_A: 0.937, cycle_A: 0.362, D_B: 0.231, G_B: 0.913, cycle_B: 0.431, gp: 0.220

learning rate 0.0002000 -> 0.0002000
temperature tau = 0.3055
End of epoch 15 / 50 	 Time Taken: 28 sec
[Rank 0] (epoch: 16, iters: 960, time: 0.001, data: 0.001) , D_A: 0.250, G_A: 0.992, cycle_A: 0.336, D_B: 0.155, G_B: 1.012, cycle_B: 0.436, gp: 0.144

[Rank 0] (epoch: 16, iters: 2560, time: 0.001, data: 0.001) , D_A: 0.235, G_A: 0.989, cycle_A: 0.361, D_B: 0.203, G_B: 1.050, cycle_B: 0.411, gp: 0.187

[Rank 0] (epoch: 16, iters: 4160, time: 0.001, data: 0.001) , D_A: 0.283, G_A: 0.949, cycle_A: 0.323, D_B: 0.183, G_B: 1.085, cycle_B: 0.422, gp: 0.170

[Rank 0] (epoch: 16, iters: 5760, time: 0.001, data: 0.001) , D_A: 0.197, G_A: 1.010, cycle_A: 0.327, D_B: 0.302, G_B: 0.953, cycle_B: 0.444, gp: 0.294

[Rank 0] (epoch: 16, iters: 7360, time: 0.001, data: 0.001) , D_A: 0.263, G_A: 0.953, cycle_A: 0.322, D_B: 0.175, G_B: 0.937, cycle_B: 0.448, gp: 0.168

[Rank 0] (epoch: 16, iters: 8960, time: 0.001, data: 0.001) , D_A: 0.241, G_A: 0.969, cycle_A: 0.380, D_B: 0.182, G_B: 0.919, cycle_B: 0.408, gp: 0.168

[Rank 0] (epoch: 16, iters: 10560, time: 0.001, data: 0.001) , D_A: 0.303, G_A: 0.922, cycle_A: 0.328, D_B: 0.218, G_B: 0.970, cycle_B: 0.424, gp: 0.211

[Rank 0] (epoch: 16, iters: 12160, time: 0.001, data: 0.001) , D_A: 0.223, G_A: 1.023, cycle_A: 0.338, D_B: 0.290, G_B: 0.951, cycle_B: 0.438, gp: 0.284

[Rank 0] (epoch: 16, iters: 13760, time: 0.001, data: 0.001) , D_A: 0.141, G_A: 0.981, cycle_A: 0.372, D_B: 0.212, G_B: 0.986, cycle_B: 0.447, gp: 0.207

[Rank 0] (epoch: 16, iters: 15360, time: 0.001, data: 0.001) , D_A: 0.222, G_A: 0.970, cycle_A: 0.332, D_B: 0.245, G_B: 0.919, cycle_B: 0.431, gp: 0.233

[Rank 0] (epoch: 16, iters: 16960, time: 0.001, data: 0.001) , D_A: 0.171, G_A: 0.963, cycle_A: 0.348, D_B: 0.219, G_B: 0.928, cycle_B: 0.425, gp: 0.206

[Rank 0] (epoch: 16, iters: 18560, time: 0.001, data: 0.001) , D_A: 0.148, G_A: 0.912, cycle_A: 0.334, D_B: 0.236, G_B: 0.983, cycle_B: 0.414, gp: 0.227

[Rank 0] (epoch: 16, iters: 20160, time: 0.001, data: 0.001) , D_A: 0.146, G_A: 0.964, cycle_A: 0.336, D_B: 0.166, G_B: 1.000, cycle_B: 0.436, gp: 0.161

[Rank 0] (epoch: 16, iters: 21760, time: 0.001, data: 0.001) , D_A: 0.292, G_A: 0.985, cycle_A: 0.433, D_B: 0.264, G_B: 0.974, cycle_B: 0.424, gp: 0.256

[Rank 0] (epoch: 16, iters: 23360, time: 0.001, data: 0.001) , D_A: 0.156, G_A: 0.970, cycle_A: 0.352, D_B: 0.141, G_B: 1.041, cycle_B: 0.415, gp: 0.135

[Rank 0] (epoch: 16, iters: 24960, time: 0.001, data: 0.001) , D_A: 0.217, G_A: 1.007, cycle_A: 0.336, D_B: 0.218, G_B: 1.037, cycle_B: 0.426, gp: 0.211

[Rank 0] (epoch: 16, iters: 26560, time: 0.001, data: 0.001) , D_A: 0.242, G_A: 0.890, cycle_A: 0.325, D_B: 0.169, G_B: 0.989, cycle_B: 0.437, gp: 0.164

[Rank 0] (epoch: 16, iters: 28160, time: 0.001, data: 0.001) , D_A: 0.224, G_A: 0.766, cycle_A: 0.321, D_B: 0.233, G_B: 0.951, cycle_B: 0.448, gp: 0.227

[Rank 0] (epoch: 16, iters: 29760, time: 0.001, data: 0.001) , D_A: 0.264, G_A: 1.070, cycle_A: 0.340, D_B: 0.273, G_B: 0.944, cycle_B: 0.435, gp: 0.268

[Rank 0] (epoch: 16, iters: 31360, time: 0.001, data: 0.001) , D_A: 0.198, G_A: 1.053, cycle_A: 0.353, D_B: 0.247, G_B: 0.969, cycle_B: 0.416, gp: 0.237

[Rank 0] (epoch: 16, iters: 32960, time: 0.001, data: 0.001) , D_A: 0.219, G_A: 0.548, cycle_A: 0.328, D_B: 0.269, G_B: 0.981, cycle_B: 0.439, gp: 0.259

[Rank 0] (epoch: 16, iters: 34560, time: 0.001, data: 0.001) , D_A: 0.331, G_A: 0.975, cycle_A: 0.323, D_B: 0.195, G_B: 1.003, cycle_B: 0.422, gp: 0.189

learning rate 0.0002000 -> 0.0002000
temperature tau = 0.2956
End of epoch 16 / 50 	 Time Taken: 28 sec
[Rank 0] (epoch: 17, iters: 1344, time: 0.001, data: 0.001) , D_A: 0.217, G_A: 1.100, cycle_A: 0.356, D_B: 0.256, G_B: 0.998, cycle_B: 0.426, gp: 0.241

--- iter tau=0.2956 ---
  cipher in : cnfgnplnpgsfdjnbbhefpjkncplejcp pqekmncplkbpebplnpnjpbsjpsqpmndk
  decrypted : nerle he liregeddnar gmen hagn q nameen hmd ad he eg dig in eeem
  real plain: es proecion o nconrolled bsiness dicaorship p hen corporae abses
  cipher in : khpefcpemmpslnjpbcnfbpepefednprskfpqjshplkglpspknplnpsfpefcpfknj
  decrypted : mn arn aee iheg dnerd a araee nimr ngin hmlh i me he ir arn rmeg
  real plain: fer o anoher a nes iem described he lanching of a ship compleing
[Rank 0] (epoch: 17, iters: 2944, time: 0.001, data: 0.001) , D_A: 0.268, G_A: 0.985, cycle_A: 0.321, D_B: 0.217, G_B: 1.098, cycle_B: 0.433, gp: 0.196

saving the latest model (epoch 17, total_iters 560000)
[Rank 0] (epoch: 17, iters: 4544, time: 0.001, data: 0.001) , D_A: 0.277, G_A: 0.999, cycle_A: 0.418, D_B: 0.196, G_B: 1.121, cycle_B: 0.418, gp: 0.175

[Rank 0] (epoch: 17, iters: 6144, time: 0.001, data: 0.001) , D_A: 0.213, G_A: 1.027, cycle_A: 0.329, D_B: 0.181, G_B: 1.010, cycle_B: 0.429, gp: 0.174

[Rank 0] (epoch: 17, iters: 7744, time: 0.001, data: 0.001) , D_A: 0.282, G_A: 0.936, cycle_A: 0.336, D_B: 0.201, G_B: 1.018, cycle_B: 0.460, gp: 0.196

[Rank 0] (epoch: 17, iters: 9344, time: 0.001, data: 0.001) , D_A: 0.235, G_A: 0.984, cycle_A: 0.354, D_B: 0.294, G_B: 0.918, cycle_B: 0.429, gp: 0.284

[Rank 0] (epoch: 17, iters: 10944, time: 0.001, data: 0.001) , D_A: 0.237, G_A: 0.989, cycle_A: 0.310, D_B: 0.264, G_B: 1.008, cycle_B: 0.435, gp: 0.258

[Rank 0] (epoch: 17, iters: 12544, time: 0.001, data: 0.001) , D_A: 0.325, G_A: 0.952, cycle_A: 0.328, D_B: 0.260, G_B: 1.003, cycle_B: 0.422, gp: 0.254

[Rank 0] (epoch: 17, iters: 14144, time: 0.001, data: 0.001) , D_A: 0.186, G_A: 0.956, cycle_A: 0.323, D_B: 0.250, G_B: 1.025, cycle_B: 0.442, gp: 0.242

[Rank 0] (epoch: 17, iters: 15744, time: 0.001, data: 0.001) , D_A: 0.196, G_A: 0.960, cycle_A: 0.357, D_B: 0.305, G_B: 0.950, cycle_B: 0.423, gp: 0.293

[Rank 0] (epoch: 17, iters: 17344, time: 0.001, data: 0.001) , D_A: 0.236, G_A: 1.049, cycle_A: 0.334, D_B: 0.206, G_B: 0.955, cycle_B: 0.427, gp: 0.200

[Rank 0] (epoch: 17, iters: 18944, time: 0.001, data: 0.001) , D_A: 0.162, G_A: 0.987, cycle_A: 0.341, D_B: 0.655, G_B: 0.446, cycle_B: 0.420, gp: 0.237

[Rank 0] (epoch: 17, iters: 20544, time: 0.001, data: 0.001) , D_A: 0.149, G_A: 1.057, cycle_A: 0.325, D_B: 0.203, G_B: 0.959, cycle_B: 0.438, gp: 0.198

[Rank 0] (epoch: 17, iters: 22144, time: 0.001, data: 0.001) , D_A: 0.178, G_A: 0.994, cycle_A: 0.338, D_B: 0.212, G_B: 0.983, cycle_B: 0.463, gp: 0.207

[Rank 0] (epoch: 17, iters: 23744, time: 0.001, data: 0.001) , D_A: 0.180, G_A: 0.937, cycle_A: 0.375, D_B: 0.365, G_B: 1.023, cycle_B: 0.422, gp: 0.355

[Rank 0] (epoch: 17, iters: 25344, time: 0.001, data: 0.001) , D_A: 0.213, G_A: 1.068, cycle_A: 0.324, D_B: 0.203, G_B: 0.998, cycle_B: 0.435, gp: 0.197

[Rank 0] (epoch: 17, iters: 26944, time: 0.001, data: 0.001) , D_A: 0.283, G_A: 1.153, cycle_A: 0.336, D_B: 0.183, G_B: 0.948, cycle_B: 0.460, gp: 0.176

[Rank 0] (epoch: 17, iters: 28544, time: 0.001, data: 0.001) , D_A: 0.175, G_A: 0.992, cycle_A: 0.355, D_B: 0.266, G_B: 0.993, cycle_B: 0.429, gp: 0.261

[Rank 0] (epoch: 17, iters: 30144, time: 0.001, data: 0.001) , D_A: 0.255, G_A: 0.986, cycle_A: 0.322, D_B: 0.260, G_B: 0.871, cycle_B: 0.429, gp: 0.254

[Rank 0] (epoch: 17, iters: 31744, time: 0.001, data: 0.001) , D_A: 0.219, G_A: 0.905, cycle_A: 0.322, D_B: 0.180, G_B: 1.001, cycle_B: 0.410, gp: 0.175

[Rank 0] (epoch: 17, iters: 33344, time: 0.001, data: 0.001) , D_A: 0.257, G_A: 0.965, cycle_A: 0.313, D_B: 0.222, G_B: 1.039, cycle_B: 0.442, gp: 0.213

learning rate 0.0002000 -> 0.0002000
temperature tau = 0.2861
End of epoch 17 / 50 	 Time Taken: 28 sec
[Rank 0] (epoch: 18, iters: 128, time: 0.001, data: 0.001) , D_A: 0.221, G_A: 0.982, cycle_A: 0.335, D_B: 0.199, G_B: 0.953, cycle_B: 0.440, gp: 0.193

[Rank 0] (epoch: 18, iters: 1728, time: 0.001, data: 0.003) , D_A: 0.186, G_A: 0.982, cycle_A: 0.325, D_B: 0.259, G_B: 0.964, cycle_B: 0.437, gp: 0.254

[Rank 0] (epoch: 18, iters: 3328, time: 0.001, data: 0.001) , D_A: 0.178, G_A: 0.945, cycle_A: 0.393, D_B: 0.174, G_B: 1.013, cycle_B: 0.425, gp: 0.167

[Rank 0] (epoch: 18, iters: 4928, time: 0.001, data: 0.001) , D_A: 0.239, G_A: 0.957, cycle_A: 0.336, D_B: 0.143, G_B: 0.896, cycle_B: 0.463, gp: 0.135

[Rank 0] (epoch: 18, iters: 6528, time: 0.001, data: 0.001) , D_A: 0.273, G_A: 0.966, cycle_A: 0.316, D_B: 0.289, G_B: 1.008, cycle_B: 0.432, gp: 0.283

--- iter tau=0.2861 ---
  cipher in : mkejprsnjpkpafspkpcspfsplenpspcnmmplnjnpsfplnpe bjckpsqplepgsfnf
  decrypted : emag nieg m nri m ni ri hae i neee hege ir he aqdgnm in ha lirer
  real plain: ge mrs roebck hogh johnson as a see bah lah lahk he b her herman
  cipher in : mphe npkpsmcp np nnjpsplhsjplnpdpefcplnfpheanpefpnkplnpjnemmpckc
  decrypted : e naqe m ien qe qeeg i hnig he e arn her nane ar em he geaee nmn
  real plain: ld plo mass mrder old no hesiae o speak an nrh sill i as difficl
[Rank 0] (epoch: 18, iters: 8128, time: 0.001, data: 0.001) , D_A: 0.210, G_A: 0.972, cycle_A: 0.333, D_B: 0.183, G_B: 0.990, cycle_B: 0.445, gp: 0.179

saving the latest model (epoch 18, total_iters 600000)
[Rank 0] (epoch: 18, iters: 9728, time: 0.001, data: 0.001) , D_A: 0.166, G_A: 0.986, cycle_A: 0.347, D_B: 0.251, G_B: 1.048, cycle_B: 0.424, gp: 0.245

[Rank 0] (epoch: 18, iters: 11328, time: 0.001, data: 0.001) , D_A: 0.345, G_A: 0.997, cycle_A: 0.356, D_B: 0.225, G_B: 0.992, cycle_B: 0.441, gp: 0.217

[Rank 0] (epoch: 18, iters: 12928, time: 0.001, data: 0.001) , D_A: 0.195, G_A: 0.941, cycle_A: 0.333, D_B: 0.213, G_B: 0.958, cycle_B: 0.418, gp: 0.207

[Rank 0] (epoch: 18, iters: 14528, time: 0.001, data: 0.001) , D_A: 0.230, G_A: 0.992, cycle_A: 0.341, D_B: 0.141, G_B: 0.986, cycle_B: 0.418, gp: 0.137

[Rank 0] (epoch: 18, iters: 16128, time: 0.001, data: 0.001) , D_A: 0.216, G_A: 0.957, cycle_A: 0.335, D_B: 0.197, G_B: 0.964, cycle_B: 0.425, gp: 0.191

[Rank 0] (epoch: 18, iters: 17728, time: 0.001, data: 0.001) , D_A: 0.158, G_A: 0.987, cycle_A: 0.316, D_B: 0.280, G_B: 1.007, cycle_B: 0.427, gp: 0.275

[Rank 0] (epoch: 18, iters: 19328, time: 0.001, data: 0.001) , D_A: 0.142, G_A: 0.968, cycle_A: 0.352, D_B: 0.187, G_B: 0.972, cycle_B: 0.431, gp: 0.181

[Rank 0] (epoch: 18, iters: 20928, time: 0.001, data: 0.001) , D_A: 0.185, G_A: 1.056, cycle_A: 0.319, D_B: 0.222, G_B: 1.010, cycle_B: 0.429, gp: 0.218

[Rank 0] (epoch: 18, iters: 22528, time: 0.001, data: 0.001) , D_A: 0.244, G_A: 0.941, cycle_A: 0.334, D_B: 0.276, G_B: 0.940, cycle_B: 0.456, gp: 0.270

[Rank 0] (epoch: 18, iters: 24128, time: 0.001, data: 0.001) , D_A: 0.273, G_A: 0.949, cycle_A: 0.330, D_B: 0.154, G_B: 0.988, cycle_B: 0.416, gp: 0.149

[Rank 0] (epoch: 18, iters: 25728, time: 0.001, data: 0.001) , D_A: 0.146, G_A: 0.946, cycle_A: 0.324, D_B: 0.206, G_B: 1.001, cycle_B: 0.443, gp: 0.200

[Rank 0] (epoch: 18, iters: 27328, time: 0.001, data: 0.001) , D_A: 0.253, G_A: 0.952, cycle_A: 0.321, D_B: 0.269, G_B: 0.958, cycle_B: 0.431, gp: 0.263

[Rank 0] (epoch: 18, iters: 28928, time: 0.001, data: 0.001) , D_A: 0.151, G_A: 0.868, cycle_A: 0.340, D_B: 0.281, G_B: 1.006, cycle_B: 0.428, gp: 0.271

[Rank 0] (epoch: 18, iters: 30528, time: 0.001, data: 0.001) , D_A: 0.157, G_A: 0.980, cycle_A: 0.334, D_B: 0.255, G_B: 0.992, cycle_B: 0.441, gp: 0.251

[Rank 0] (epoch: 18, iters: 32128, time: 0.001, data: 0.001) , D_A: 0.251, G_A: 0.996, cycle_A: 0.331, D_B: 0.352, G_B: 1.006, cycle_B: 0.439, gp: 0.345

[Rank 0] (epoch: 18, iters: 33728, time: 0.001, data: 0.001) , D_A: 0.165, G_A: 0.968, cycle_A: 0.357, D_B: 0.202, G_B: 0.994, cycle_B: 0.444, gp: 0.197

learning rate 0.0002000 -> 0.0002000
temperature tau = 0.2768
End of epoch 18 / 50 	 Time Taken: 28 sec
[Rank 0] (epoch: 19, iters: 512, time: 0.001, data: 0.017) , D_A: 0.268, G_A: 0.966, cycle_A: 0.389, D_B: 0.147, G_B: 0.956, cycle_B: 0.436, gp: 0.139

[Rank 0] (epoch: 19, iters: 2112, time: 0.001, data: 0.000) , D_A: 0.240, G_A: 1.020, cycle_A: 0.331, D_B: 0.244, G_B: 0.986, cycle_B: 0.408, gp: 0.241

[Rank 0] (epoch: 19, iters: 3712, time: 0.001, data: 0.001) , D_A: 0.243, G_A: 0.970, cycle_A: 0.322, D_B: 0.224, G_B: 0.816, cycle_B: 0.407, gp: 0.212

[Rank 0] (epoch: 19, iters: 5312, time: 0.001, data: 0.001) , D_A: 0.154, G_A: 0.957, cycle_A: 0.342, D_B: 0.335, G_B: 0.985, cycle_B: 0.432, gp: 0.330

[Rank 0] (epoch: 19, iters: 6912, time: 0.001, data: 0.001) , D_A: 0.159, G_A: 0.918, cycle_A: 0.332, D_B: 0.138, G_B: 1.006, cycle_B: 0.421, gp: 0.133

[Rank 0] (epoch: 19, iters: 8512, time: 0.001, data: 0.001) , D_A: 0.194, G_A: 0.977, cycle_A: 0.327, D_B: 0.201, G_B: 1.014, cycle_B: 0.436, gp: 0.197

[Rank 0] (epoch: 19, iters: 10112, time: 0.001, data: 0.001) , D_A: 0.202, G_A: 1.031, cycle_A: 0.335, D_B: 0.257, G_B: 0.986, cycle_B: 0.407, gp: 0.252

[Rank 0] (epoch: 19, iters: 11712, time: 0.001, data: 0.001) , D_A: 0.237, G_A: 0.959, cycle_A: 0.323, D_B: 0.268, G_B: 0.948, cycle_B: 0.422, gp: 0.264

--- iter tau=0.2768 ---
  cipher in : cnjplnpebpfsplneknjplefpepglkmcpebsfprebncpqsjp jnelplnphefplnnn
  decrypted : neg he ad ri heameg har a lhmen adir naden nig qgeah he nar heee
  real plain: be handsome and fel hemseles o be so js hen a man approached her
  cipher in : peprjknplnprjknpebpefpsmcqeblksfncpsnfpgmslplehhsgapgshrmnnpklpg
  decrypted :  a ngme he ngme ad ar iennadhmiren ier leih hanniln linneee mh l
  real plain: imm ale of p cerainl is and once he polic is specified his maimm
[Rank 0] (epoch: 19, iters: 13312, time: 0.001, data: 0.002) , D_A: 0.179, G_A: 0.957, cycle_A: 0.354, D_B: 0.217, G_B: 0.994, cycle_B: 0.412, gp: 0.209

saving the latest model (epoch 19, total_iters 640000)
[Rank 0] (epoch: 19, iters: 14912, time: 0.001, data: 0.001) , D_A: 0.177, G_A: 0.915, cycle_A: 0.339, D_B: 0.178, G_B: 0.938, cycle_B: 0.421, gp: 0.172

[Rank 0] (epoch: 19, iters: 16512, time: 0.001, data: 0.001) , D_A: 0.194, G_A: 0.948, cycle_A: 0.324, D_B: 0.207, G_B: 0.969, cycle_B: 0.443, gp: 0.202

[Rank 0] (epoch: 19, iters: 18112, time: 0.001, data: 0.001) , D_A: 0.219, G_A: 0.983, cycle_A: 0.326, D_B: 0.273, G_B: 0.922, cycle_B: 0.425, gp: 0.266

[Rank 0] (epoch: 19, iters: 19712, time: 0.001, data: 0.001) , D_A: 0.141, G_A: 1.017, cycle_A: 0.322, D_B: 0.197, G_B: 0.988, cycle_B: 0.424, gp: 0.192

[Rank 0] (epoch: 19, iters: 21312, time: 0.001, data: 0.001) , D_A: 0.214, G_A: 1.235, cycle_A: 0.317, D_B: 0.230, G_B: 0.949, cycle_B: 0.428, gp: 0.227

[Rank 0] (epoch: 19, iters: 22912, time: 0.001, data: 0.001) , D_A: 0.276, G_A: 0.978, cycle_A: 0.315, D_B: 0.184, G_B: 0.989, cycle_B: 0.441, gp: 0.178

[Rank 0] (epoch: 19, iters: 24512, time: 0.001, data: 0.001) , D_A: 0.203, G_A: 0.982, cycle_A: 0.332, D_B: 0.151, G_B: 1.087, cycle_B: 0.427, gp: 0.143

[Rank 0] (epoch: 19, iters: 26112, time: 0.001, data: 0.001) , D_A: 0.207, G_A: 0.946, cycle_A: 0.331, D_B: 0.153, G_B: 0.962, cycle_B: 0.446, gp: 0.149

[Rank 0] (epoch: 19, iters: 27712, time: 0.001, data: 0.001) , D_A: 0.221, G_A: 0.949, cycle_A: 0.361, D_B: 0.224, G_B: 0.935, cycle_B: 0.448, gp: 0.216

[Rank 0] (epoch: 19, iters: 29312, time: 0.001, data: 0.001) , D_A: 0.212, G_A: 0.965, cycle_A: 0.333, D_B: 0.219, G_B: 1.021, cycle_B: 0.431, gp: 0.214

[Rank 0] (epoch: 19, iters: 30912, time: 0.001, data: 0.001) , D_A: 0.179, G_A: 0.924, cycle_A: 0.323, D_B: 0.324, G_B: 0.739, cycle_B: 0.439, gp: 0.299

[Rank 0] (epoch: 19, iters: 32512, time: 0.001, data: 0.001) , D_A: 0.179, G_A: 1.005, cycle_A: 0.351, D_B: 0.203, G_B: 1.000, cycle_B: 0.435, gp: 0.198

[Rank 0] (epoch: 19, iters: 34112, time: 0.001, data: 0.001) , D_A: 0.172, G_A: 0.960, cycle_A: 0.340, D_B: 0.257, G_B: 0.895, cycle_B: 0.434, gp: 0.249

learning rate 0.0002000 -> 0.0002000
temperature tau = 0.2679
End of epoch 19 / 50 	 Time Taken: 30 sec
[Rank 0] (epoch: 20, iters: 896, time: 0.001, data: 0.001) , D_A: 0.263, G_A: 0.982, cycle_A: 0.375, D_B: 0.205, G_B: 0.976, cycle_B: 0.444, gp: 0.201

[Rank 0] (epoch: 20, iters: 2496, time: 0.001, data: 0.000) , D_A: 0.206, G_A: 0.975, cycle_A: 0.340, D_B: 0.223, G_B: 0.933, cycle_B: 0.407, gp: 0.219

[Rank 0] (epoch: 20, iters: 4096, time: 0.001, data: 0.001) , D_A: 0.194, G_A: 0.993, cycle_A: 0.347, D_B: 0.272, G_B: 0.869, cycle_B: 0.421, gp: 0.265

[Rank 0] (epoch: 20, iters: 5696, time: 0.001, data: 0.001) , D_A: 0.155, G_A: 1.005, cycle_A: 0.335, D_B: 0.268, G_B: 0.980, cycle_B: 0.449, gp: 0.264

[Rank 0] (epoch: 20, iters: 7296, time: 0.001, data: 0.001) , D_A: 0.262, G_A: 1.015, cycle_A: 0.326, D_B: 0.184, G_B: 0.951, cycle_B: 0.445, gp: 0.179

[Rank 0] (epoch: 20, iters: 8896, time: 0.001, data: 0.001) , D_A: 0.254, G_A: 1.003, cycle_A: 0.322, D_B: 0.167, G_B: 0.944, cycle_B: 0.416, gp: 0.164

[Rank 0] (epoch: 20, iters: 10496, time: 0.001, data: 0.001) , D_A: 0.176, G_A: 0.988, cycle_A: 0.343, D_B: 0.224, G_B: 0.993, cycle_B: 0.423, gp: 0.220

[Rank 0] (epoch: 20, iters: 12096, time: 0.001, data: 0.001) , D_A: 0.260, G_A: 0.929, cycle_A: 0.332, D_B: 0.157, G_B: 0.985, cycle_B: 0.456, gp: 0.153

[Rank 0] (epoch: 20, iters: 13696, time: 0.001, data: 0.001) , D_A: 0.218, G_A: 0.961, cycle_A: 0.348, D_B: 0.244, G_B: 0.986, cycle_B: 0.440, gp: 0.240

[Rank 0] (epoch: 20, iters: 15296, time: 0.001, data: 0.001) , D_A: 0.143, G_A: 0.975, cycle_A: 0.328, D_B: 0.282, G_B: 0.939, cycle_B: 0.420, gp: 0.274

[Rank 0] (epoch: 20, iters: 16896, time: 0.001, data: 0.001) , D_A: 0.168, G_A: 0.988, cycle_A: 0.336, D_B: 0.190, G_B: 0.942, cycle_B: 0.428, gp: 0.186

--- iter tau=0.2679 ---
  cipher in : lssmpgmsbncpblnpebpfe mnpspjenmpsphebbeglbnbpblnpjnhekfncpkfpeme
  decrypted : oiie leiden doe sd rsqee i gsee i nsddsloded doe gensmren mr ses
  real plain:  a lmber mill ho had go ired of he seasonal nemplomen and ho had
  cipher in : pkbnmqpefcpgkkmkeksfpkfplnjpgmebbkgpjs npeglkfdplnpfgmnejpejhbpj
  decrypted :  mdeen srn lmmemsmir mr oeg lesddml giqe slomre oe rleesg sgnd g
  real plain: cres b i did each ro he basic echniqes of commercial ar and laer
[Rank 0] (epoch: 20, iters: 18496, time: 0.001, data: 0.001) , D_A: 0.191, G_A: 0.974, cycle_A: 0.336, D_B: 0.334, G_B: 1.160, cycle_B: 0.430, gp: 0.325

saving the latest model (epoch 20, total_iters 680000)
[Rank 0] (epoch: 20, iters: 20096, time: 0.001, data: 0.001) , D_A: 0.172, G_A: 1.017, cycle_A: 0.322, D_B: 0.185, G_B: 0.995, cycle_B: 0.436, gp: 0.181

[Rank 0] (epoch: 20, iters: 21696, time: 0.001, data: 0.001) , D_A: 0.260, G_A: 0.923, cycle_A: 0.327, D_B: 0.149, G_B: 0.941, cycle_B: 0.431, gp: 0.144

[Rank 0] (epoch: 20, iters: 23296, time: 0.001, data: 0.001) , D_A: 0.165, G_A: 1.009, cycle_A: 0.326, D_B: 0.172, G_B: 0.969, cycle_B: 0.425, gp: 0.170

[Rank 0] (epoch: 20, iters: 24896, time: 0.001, data: 0.001) , D_A: 0.172, G_A: 1.006, cycle_A: 0.319, D_B: 0.250, G_B: 0.989, cycle_B: 0.447, gp: 0.246

[Rank 0] (epoch: 20, iters: 26496, time: 0.001, data: 0.001) , D_A: 0.233, G_A: 0.983, cycle_A: 0.333, D_B: 0.240, G_B: 1.023, cycle_B: 0.419, gp: 0.236

[Rank 0] (epoch: 20, iters: 28096, time: 0.001, data: 0.001) , D_A: 0.222, G_A: 0.925, cycle_A: 0.381, D_B: 0.213, G_B: 0.961, cycle_B: 0.424, gp: 0.209

[Rank 0] (epoch: 20, iters: 29696, time: 0.001, data: 0.001) , D_A: 0.179, G_A: 1.068, cycle_A: 0.329, D_B: 0.237, G_B: 0.861, cycle_B: 0.423, gp: 0.230

[Rank 0] (epoch: 20, iters: 31296, time: 0.001, data: 0.001) , D_A: 0.261, G_A: 0.955, cycle_A: 0.323, D_B: 0.189, G_B: 0.984, cycle_B: 0.412, gp: 0.185

[Rank 0] (epoch: 20, iters: 32896, time: 0.001, data: 0.001) , D_A: 0.199, G_A: 1.004, cycle_A: 0.335, D_B: 0.238, G_B: 0.992, cycle_B: 0.415, gp: 0.233

[Rank 0] (epoch: 20, iters: 34496, time: 0.001, data: 0.001) , D_A: 0.183, G_A: 0.974, cycle_A: 0.325, D_B: 0.228, G_B: 0.962, cycle_B: 0.420, gp: 0.223

learning rate 0.0002000 -> 0.0002000
temperature tau = 0.2592
End of epoch 20 / 50 	 Time Taken: 28 sec
[Rank 0] (epoch: 21, iters: 1280, time: 0.001, data: 0.000) , D_A: 0.115, G_A: 1.108, cycle_A: 0.331, D_B: 0.228, G_B: 0.982, cycle_B: 0.420, gp: 0.224

[Rank 0] (epoch: 21, iters: 2880, time: 0.001, data: 0.001) , D_A: 0.210, G_A: 1.000, cycle_A: 0.319, D_B: 0.181, G_B: 1.045, cycle_B: 0.425, gp: 0.173

[Rank 0] (epoch: 21, iters: 4480, time: 0.001, data: 0.001) , D_A: 0.113, G_A: 0.974, cycle_A: 0.338, D_B: 0.164, G_B: 0.968, cycle_B: 0.424, gp: 0.161

[Rank 0] (epoch: 21, iters: 6080, time: 0.001, data: 0.001) , D_A: 0.244, G_A: 0.953, cycle_A: 0.323, D_B: 0.313, G_B: 0.998, cycle_B: 0.438, gp: 0.309

[Rank 0] (epoch: 21, iters: 7680, time: 0.001, data: 0.001) , D_A: 0.158, G_A: 0.938, cycle_A: 0.336, D_B: 0.218, G_B: 0.954, cycle_B: 0.439, gp: 0.211

[Rank 0] (epoch: 21, iters: 9280, time: 0.001, data: 0.001) , D_A: 0.283, G_A: 0.940, cycle_A: 0.334, D_B: 0.273, G_B: 1.102, cycle_B: 0.427, gp: 0.264

[Rank 0] (epoch: 21, iters: 10880, time: 0.001, data: 0.001) , D_A: 0.194, G_A: 0.923, cycle_A: 0.335, D_B: 0.256, G_B: 0.999, cycle_B: 0.423, gp: 0.252

[Rank 0] (epoch: 21, iters: 12480, time: 0.001, data: 0.001) , D_A: 0.163, G_A: 1.009, cycle_A: 0.321, D_B: 0.205, G_B: 0.985, cycle_B: 0.436, gp: 0.201

[Rank 0] (epoch: 21, iters: 14080, time: 0.001, data: 0.001) , D_A: 0.163, G_A: 0.953, cycle_A: 0.323, D_B: 0.244, G_B: 1.000, cycle_B: 0.441, gp: 0.241

[Rank 0] (epoch: 21, iters: 15680, time: 0.001, data: 0.001) , D_A: 0.231, G_A: 0.974, cycle_A: 0.327, D_B: 0.199, G_B: 0.913, cycle_B: 0.424, gp: 0.194

[Rank 0] (epoch: 21, iters: 17280, time: 0.001, data: 0.001) , D_A: 0.187, G_A: 0.953, cycle_A: 0.325, D_B: 0.174, G_B: 0.882, cycle_B: 0.420, gp: 0.171

[Rank 0] (epoch: 21, iters: 18880, time: 0.001, data: 0.001) , D_A: 0.198, G_A: 0.965, cycle_A: 0.332, D_B: 0.218, G_B: 1.016, cycle_B: 0.419, gp: 0.214

[Rank 0] (epoch: 21, iters: 20480, time: 0.001, data: 0.001) , D_A: 0.222, G_A: 0.969, cycle_A: 0.328, D_B: 0.206, G_B: 0.984, cycle_B: 0.443, gp: 0.198

[Rank 0] (epoch: 21, iters: 22080, time: 0.001, data: 0.001) , D_A: 0.290, G_A: 0.874, cycle_A: 0.321, D_B: 0.153, G_B: 0.986, cycle_B: 0.458, gp: 0.149

--- iter tau=0.2592 ---
  cipher in : pnpemancp p plnpkhnplnpqkjbpgjegamkfdpsqpbrjkfdpgehnpejsfcpnp sl
  decrypted :  e aenen q q he mne he nmcd lcalnemre in dncmre lane acirn e qih
  real plain: nd in almos he same proporion o he increase of sae emploees in h
  cipher in : plnpsfmplkfdplephsnbpkbpepbgmkfdpmenjpsqpbefcpbglpbjnglnbplenpef
  decrypted :  he ire hmre ha nied md a dlemre eaec in darn dlh dcelhed hae ar
  real plain: sspreading pes he deparmen is planning o epand is eradicaion pro
[Rank 0] (epoch: 21, iters: 23680, time: 0.001, data: 0.001) , D_A: 0.182, G_A: 0.960, cycle_A: 0.339, D_B: 0.198, G_B: 0.962, cycle_B: 0.427, gp: 0.193

saving the latest model (epoch 21, total_iters 720000)
[Rank 0] (epoch: 21, iters: 25280, time: 0.001, data: 0.001) , D_A: 0.152, G_A: 0.974, cycle_A: 0.318, D_B: 0.219, G_B: 0.954, cycle_B: 0.421, gp: 0.212

[Rank 0] (epoch: 21, iters: 26880, time: 0.001, data: 0.001) , D_A: 0.143, G_A: 0.991, cycle_A: 0.330, D_B: 0.223, G_B: 1.009, cycle_B: 0.428, gp: 0.219

[Rank 0] (epoch: 21, iters: 28480, time: 0.001, data: 0.001) , D_A: 0.174, G_A: 1.002, cycle_A: 0.331, D_B: 0.252, G_B: 0.969, cycle_B: 0.438, gp: 0.249

[Rank 0] (epoch: 21, iters: 30080, time: 0.001, data: 0.001) , D_A: 0.182, G_A: 0.909, cycle_A: 0.323, D_B: 0.279, G_B: 0.980, cycle_B: 0.424, gp: 0.275

[Rank 0] (epoch: 21, iters: 31680, time: 0.001, data: 0.001) , D_A: 0.184, G_A: 0.982, cycle_A: 0.337, D_B: 0.243, G_B: 0.989, cycle_B: 0.427, gp: 0.240

[Rank 0] (epoch: 21, iters: 33280, time: 0.001, data: 0.001) , D_A: 0.290, G_A: 0.967, cycle_A: 0.326, D_B: 0.142, G_B: 0.988, cycle_B: 0.421, gp: 0.139

learning rate 0.0002000 -> 0.0002000
temperature tau = 0.2508
End of epoch 21 / 50 	 Time Taken: 28 sec
[Rank 0] (epoch: 22, iters: 64, time: 0.001, data: 0.001) , D_A: 0.229, G_A: 0.982, cycle_A: 0.335, D_B: 0.103, G_B: 0.972, cycle_B: 0.442, gp: 0.099

[Rank 0] (epoch: 22, iters: 1664, time: 0.001, data: 0.000) , D_A: 0.150, G_A: 0.923, cycle_A: 0.323, D_B: 0.210, G_B: 1.012, cycle_B: 0.455, gp: 0.208

[Rank 0] (epoch: 22, iters: 3264, time: 0.001, data: 0.001) , D_A: 0.240, G_A: 1.275, cycle_A: 1.639, D_B: 0.331, G_B: 1.321, cycle_B: 1.914, gp: 0.258

[Rank 0] (epoch: 22, iters: 4864, time: 0.001, data: 0.001) , D_A: 0.372, G_A: 0.971, cycle_A: 0.310, D_B: 0.354, G_B: 0.936, cycle_B: 0.401, gp: 0.220

[Rank 0] (epoch: 22, iters: 6464, time: 0.001, data: 0.001) , D_A: 0.207, G_A: 0.934, cycle_A: 0.216, D_B: 0.267, G_B: 0.971, cycle_B: 0.172, gp: 0.223

[Rank 0] (epoch: 22, iters: 8064, time: 0.001, data: 0.001) , D_A: 0.353, G_A: 1.033, cycle_A: 0.213, D_B: 0.310, G_B: 1.018, cycle_B: 0.181, gp: 0.287

[Rank 0] (epoch: 22, iters: 9664, time: 0.001, data: 0.001) , D_A: 0.361, G_A: 0.849, cycle_A: 0.193, D_B: 0.441, G_B: 0.934, cycle_B: 0.146, gp: 0.417

[Rank 0] (epoch: 22, iters: 11264, time: 0.001, data: 0.001) , D_A: 0.263, G_A: 0.937, cycle_A: 0.186, D_B: 0.214, G_B: 0.975, cycle_B: 0.176, gp: 0.205

[Rank 0] (epoch: 22, iters: 12864, time: 0.001, data: 0.001) , D_A: 0.392, G_A: 0.954, cycle_A: 0.188, D_B: 0.224, G_B: 0.927, cycle_B: 0.164, gp: 0.212

[Rank 0] (epoch: 22, iters: 14464, time: 0.001, data: 0.001) , D_A: 0.256, G_A: 0.980, cycle_A: 0.185, D_B: 0.284, G_B: 0.894, cycle_B: 0.142, gp: 0.276

[Rank 0] (epoch: 22, iters: 16064, time: 0.001, data: 0.001) , D_A: 0.318, G_A: 0.789, cycle_A: 0.178, D_B: 0.271, G_B: 0.867, cycle_B: 0.154, gp: 0.256

[Rank 0] (epoch: 22, iters: 17664, time: 0.001, data: 0.001) , D_A: 0.310, G_A: 0.916, cycle_A: 0.175, D_B: 0.234, G_B: 0.889, cycle_B: 0.118, gp: 0.217

[Rank 0] (epoch: 22, iters: 19264, time: 0.001, data: 0.001) , D_A: 0.279, G_A: 1.017, cycle_A: 0.202, D_B: 0.310, G_B: 1.036, cycle_B: 0.135, gp: 0.291

[Rank 0] (epoch: 22, iters: 20864, time: 0.001, data: 0.001) , D_A: 0.258, G_A: 0.986, cycle_A: 0.182, D_B: 0.182, G_B: 0.918, cycle_B: 0.137, gp: 0.173

[Rank 0] (epoch: 22, iters: 22464, time: 0.001, data: 0.001) , D_A: 0.248, G_A: 0.879, cycle_A: 0.180, D_B: 0.367, G_B: 0.861, cycle_B: 0.137, gp: 0.355

[Rank 0] (epoch: 22, iters: 24064, time: 0.001, data: 0.001) , D_A: 0.248, G_A: 0.968, cycle_A: 0.186, D_B: 0.164, G_B: 0.868, cycle_B: 0.132, gp: 0.151

[Rank 0] (epoch: 22, iters: 25664, time: 0.001, data: 0.001) , D_A: 0.270, G_A: 0.947, cycle_A: 0.163, D_B: 0.307, G_B: 0.814, cycle_B: 0.131, gp: 0.292

[Rank 0] (epoch: 22, iters: 27264, time: 0.001, data: 0.001) , D_A: 0.258, G_A: 0.993, cycle_A: 0.180, D_B: 0.185, G_B: 0.987, cycle_B: 0.135, gp: 0.175

--- iter tau=0.2508 ---
  cipher in : npb ingbpsqphkmkejpbefkeksfpqkjbpekcpqsjpbsmcknjbp efcedkfdpefcp
  decrypted : e dakeld in noposc dsrosoir nocd son nic dipnoecd asrnsborb srn 
  real plain: r hardare a hem sho hem hos boss b in bed he had roble sleeping 
  cipher in : ncplnbnp ndefpsp nperrejnfpkfpeprjnbbpgsfqnjnfgnplnmcpcjkfdplnpb
  decrypted : en hede aebsr i ae snnscer or s ncedd lirnecerle hepn ncorb he d
  real plain: ld in his nclear arms race sieen ears ago hen e dropped he firs 
[Rank 0] (epoch: 22, iters: 28864, time: 0.001, data: 0.001) , D_A: 0.322, G_A: 1.000, cycle_A: 0.168, D_B: 0.287, G_B: 0.782, cycle_B: 0.135, gp: 0.276

saving the latest model (epoch 22, total_iters 760000)
[Rank 0] (epoch: 22, iters: 30464, time: 0.001, data: 0.001) , D_A: 0.337, G_A: 1.060, cycle_A: 0.161, D_B: 0.282, G_B: 1.002, cycle_B: 0.127, gp: 0.272

[Rank 0] (epoch: 22, iters: 32064, time: 0.001, data: 0.001) , D_A: 0.293, G_A: 0.967, cycle_A: 0.182, D_B: 0.234, G_B: 0.939, cycle_B: 0.132, gp: 0.227

[Rank 0] (epoch: 22, iters: 33664, time: 0.001, data: 0.001) , D_A: 0.162, G_A: 0.939, cycle_A: 0.172, D_B: 0.223, G_B: 0.819, cycle_B: 0.145, gp: 0.206

learning rate 0.0002000 -> 0.0002000
temperature tau = 0.2427
End of epoch 22 / 50 	 Time Taken: 28 sec
[Rank 0] (epoch: 23, iters: 448, time: 0.001, data: 0.001) , D_A: 0.333, G_A: 0.914, cycle_A: 0.162, D_B: 0.183, G_B: 1.010, cycle_B: 0.139, gp: 0.171

[Rank 0] (epoch: 23, iters: 2048, time: 0.001, data: 0.000) , D_A: 0.250, G_A: 0.977, cycle_A: 0.182, D_B: 0.219, G_B: 0.901, cycle_B: 0.135, gp: 0.206

[Rank 0] (epoch: 23, iters: 3648, time: 0.001, data: 0.001) , D_A: 0.252, G_A: 0.960, cycle_A: 0.170, D_B: 0.241, G_B: 0.805, cycle_B: 0.134, gp: 0.233

[Rank 0] (epoch: 23, iters: 5248, time: 0.001, data: 0.001) , D_A: 0.230, G_A: 0.935, cycle_A: 0.157, D_B: 0.238, G_B: 0.925, cycle_B: 0.132, gp: 0.230

[Rank 0] (epoch: 23, iters: 6848, time: 0.001, data: 0.001) , D_A: 0.188, G_A: 0.902, cycle_A: 0.180, D_B: 0.174, G_B: 0.990, cycle_B: 0.126, gp: 0.162

[Rank 0] (epoch: 23, iters: 8448, time: 0.001, data: 0.001) , D_A: 0.196, G_A: 0.984, cycle_A: 0.170, D_B: 0.345, G_B: 0.850, cycle_B: 0.132, gp: 0.336

[Rank 0] (epoch: 23, iters: 10048, time: 0.001, data: 0.001) , D_A: 0.240, G_A: 1.000, cycle_A: 0.175, D_B: 0.207, G_B: 0.957, cycle_B: 0.130, gp: 0.199

[Rank 0] (epoch: 23, iters: 11648, time: 0.001, data: 0.001) , D_A: 0.235, G_A: 1.005, cycle_A: 0.180, D_B: 0.306, G_B: 0.946, cycle_B: 0.135, gp: 0.301

[Rank 0] (epoch: 23, iters: 13248, time: 0.001, data: 0.001) , D_A: 0.319, G_A: 0.944, cycle_A: 0.171, D_B: 0.262, G_B: 1.050, cycle_B: 0.148, gp: 0.254

[Rank 0] (epoch: 23, iters: 14848, time: 0.001, data: 0.001) , D_A: 0.242, G_A: 0.931, cycle_A: 0.189, D_B: 0.386, G_B: 0.981, cycle_B: 0.125, gp: 0.380

[Rank 0] (epoch: 23, iters: 16448, time: 0.001, data: 0.001) , D_A: 0.235, G_A: 1.011, cycle_A: 0.182, D_B: 0.278, G_B: 1.002, cycle_B: 0.131, gp: 0.272

[Rank 0] (epoch: 23, iters: 18048, time: 0.001, data: 0.001) , D_A: 0.212, G_A: 1.024, cycle_A: 0.165, D_B: 0.239, G_B: 0.800, cycle_B: 0.129, gp: 0.230

[Rank 0] (epoch: 23, iters: 19648, time: 0.001, data: 0.001) , D_A: 0.368, G_A: 0.968, cycle_A: 0.167, D_B: 0.312, G_B: 0.941, cycle_B: 0.134, gp: 0.307

[Rank 0] (epoch: 23, iters: 21248, time: 0.001, data: 0.001) , D_A: 0.165, G_A: 0.994, cycle_A: 0.178, D_B: 0.195, G_B: 0.948, cycle_B: 0.130, gp: 0.188

[Rank 0] (epoch: 23, iters: 22848, time: 0.001, data: 0.001) , D_A: 0.205, G_A: 0.947, cycle_A: 0.178, D_B: 0.227, G_B: 0.929, cycle_B: 0.136, gp: 0.218

[Rank 0] (epoch: 23, iters: 24448, time: 0.001, data: 0.001) , D_A: 0.210, G_A: 0.959, cycle_A: 0.178, D_B: 0.206, G_B: 0.959, cycle_B: 0.122, gp: 0.199

[Rank 0] (epoch: 23, iters: 26048, time: 0.001, data: 0.001) , D_A: 0.233, G_A: 0.992, cycle_A: 0.165, D_B: 0.256, G_B: 0.990, cycle_B: 0.129, gp: 0.246

[Rank 0] (epoch: 23, iters: 27648, time: 0.001, data: 0.001) , D_A: 0.140, G_A: 0.958, cycle_A: 0.174, D_B: 0.211, G_B: 0.945, cycle_B: 0.163, gp: 0.206

[Rank 0] (epoch: 23, iters: 29248, time: 0.001, data: 0.001) , D_A: 0.186, G_A: 0.944, cycle_A: 0.176, D_B: 0.238, G_B: 1.006, cycle_B: 0.132, gp: 0.232

[Rank 0] (epoch: 23, iters: 30848, time: 0.001, data: 0.001) , D_A: 0.193, G_A: 0.998, cycle_A: 0.155, D_B: 0.252, G_B: 0.800, cycle_B: 0.132, gp: 0.238

[Rank 0] (epoch: 23, iters: 32448, time: 0.001, data: 0.001) , D_A: 0.183, G_A: 1.022, cycle_A: 0.172, D_B: 0.322, G_B: 0.976, cycle_B: 0.137, gp: 0.314

--- iter tau=0.2427 ---
  cipher in : hp pbnfckfdpednfbpspkfokjnpehsfdplnpkfckefbplnbnpednfbpnjnpspebg
  decrypted : n a dernorb sberd i orloge snirb he ornosrd hede sberd ege i sdl
  real plain: en as ell o appear again in glor o p aa all sin and o reign in r
  cipher in : bfnbbpkbpkfkhenmpsjpckemngkgemmpgsffngncpklplkbpbkfqmfnbbplnpsph
  decrypted : dredd od oronsef ig nosfelolsff lirrelen oh hod dornfredd he i n
  real plain: s ih sern enderness acall heaen and he dark kingdom oerlap he fo
[Rank 0] (epoch: 23, iters: 34048, time: 0.001, data: 0.001) , D_A: 0.185, G_A: 0.953, cycle_A: 0.177, D_B: 0.178, G_B: 0.983, cycle_B: 0.127, gp: 0.171

saving the latest model (epoch 23, total_iters 800000)
learning rate 0.0002000 -> 0.0002000
temperature tau = 0.2349
End of epoch 23 / 50 	 Time Taken: 28 sec
[Rank 0] (epoch: 24, iters: 832, time: 0.001, data: 0.001) , D_A: 0.304, G_A: 1.034, cycle_A: 0.170, D_B: 0.181, G_B: 0.897, cycle_B: 0.140, gp: 0.168

[Rank 0] (epoch: 24, iters: 2432, time: 0.001, data: 0.000) , D_A: 0.152, G_A: 0.927, cycle_A: 0.168, D_B: 0.256, G_B: 0.948, cycle_B: 0.131, gp: 0.251

[Rank 0] (epoch: 24, iters: 4032, time: 0.001, data: 0.001) , D_A: 0.230, G_A: 1.017, cycle_A: 0.174, D_B: 0.161, G_B: 0.923, cycle_B: 0.129, gp: 0.155

[Rank 0] (epoch: 24, iters: 5632, time: 0.001, data: 0.001) , D_A: 0.295, G_A: 0.983, cycle_A: 0.169, D_B: 0.312, G_B: 1.019, cycle_B: 0.131, gp: 0.301

[Rank 0] (epoch: 24, iters: 7232, time: 0.001, data: 0.001) , D_A: 0.220, G_A: 1.042, cycle_A: 0.167, D_B: 0.187, G_B: 0.953, cycle_B: 0.137, gp: 0.181

[Rank 0] (epoch: 24, iters: 8832, time: 0.001, data: 0.001) , D_A: 0.253, G_A: 0.912, cycle_A: 0.166, D_B: 0.173, G_B: 0.980, cycle_B: 0.128, gp: 0.165

[Rank 0] (epoch: 24, iters: 10432, time: 0.001, data: 0.001) , D_A: 0.252, G_A: 1.134, cycle_A: 0.178, D_B: 0.237, G_B: 0.926, cycle_B: 0.197, gp: 0.227

[Rank 0] (epoch: 24, iters: 12032, time: 0.001, data: 0.001) , D_A: 0.175, G_A: 0.981, cycle_A: 0.179, D_B: 0.186, G_B: 0.942, cycle_B: 0.138, gp: 0.180

[Rank 0] (epoch: 24, iters: 13632, time: 0.001, data: 0.001) , D_A: 0.182, G_A: 0.982, cycle_A: 0.173, D_B: 0.226, G_B: 0.843, cycle_B: 0.135, gp: 0.220

[Rank 0] (epoch: 24, iters: 15232, time: 0.001, data: 0.001) , D_A: 0.227, G_A: 0.899, cycle_A: 0.166, D_B: 0.275, G_B: 0.848, cycle_B: 0.135, gp: 0.264

[Rank 0] (epoch: 24, iters: 16832, time: 0.001, data: 0.001) , D_A: 0.239, G_A: 0.953, cycle_A: 0.174, D_B: 0.309, G_B: 1.078, cycle_B: 0.131, gp: 0.296

[Rank 0] (epoch: 24, iters: 18432, time: 0.001, data: 0.001) , D_A: 0.122, G_A: 0.972, cycle_A: 0.191, D_B: 0.332, G_B: 0.857, cycle_B: 0.131, gp: 0.315

[Rank 0] (epoch: 24, iters: 20032, time: 0.001, data: 0.001) , D_A: 0.179, G_A: 0.943, cycle_A: 0.174, D_B: 0.217, G_B: 0.944, cycle_B: 0.142, gp: 0.209

[Rank 0] (epoch: 24, iters: 21632, time: 0.001, data: 0.001) , D_A: 0.295, G_A: 0.872, cycle_A: 0.162, D_B: 0.148, G_B: 0.989, cycle_B: 0.132, gp: 0.144

[Rank 0] (epoch: 24, iters: 23232, time: 0.001, data: 0.001) , D_A: 0.233, G_A: 0.959, cycle_A: 0.177, D_B: 0.238, G_B: 0.904, cycle_B: 0.126, gp: 0.230

[Rank 0] (epoch: 24, iters: 24832, time: 0.001, data: 0.001) , D_A: 0.270, G_A: 0.860, cycle_A: 0.189, D_B: 0.206, G_B: 0.976, cycle_B: 0.135, gp: 0.201

[Rank 0] (epoch: 24, iters: 26432, time: 0.001, data: 0.001) , D_A: 0.274, G_A: 0.975, cycle_A: 0.161, D_B: 0.213, G_B: 0.978, cycle_B: 0.129, gp: 0.207

[Rank 0] (epoch: 24, iters: 28032, time: 0.001, data: 0.001) , D_A: 0.210, G_A: 0.975, cycle_A: 0.162, D_B: 0.200, G_B: 0.927, cycle_B: 0.144, gp: 0.196

[Rank 0] (epoch: 24, iters: 29632, time: 0.001, data: 0.003) , D_A: 0.219, G_A: 0.953, cycle_A: 0.179, D_B: 0.181, G_B: 0.799, cycle_B: 0.130, gp: 0.176

[Rank 0] (epoch: 24, iters: 31232, time: 0.001, data: 0.001) , D_A: 0.188, G_A: 0.979, cycle_A: 0.179, D_B: 0.289, G_B: 0.978, cycle_B: 0.132, gp: 0.280

[Rank 0] (epoch: 24, iters: 32832, time: 0.001, data: 0.001) , D_A: 0.185, G_A: 1.012, cycle_A: 0.182, D_B: 0.202, G_B: 0.873, cycle_B: 0.138, gp: 0.192

[Rank 0] (epoch: 24, iters: 34432, time: 0.001, data: 0.001) , D_A: 0.173, G_A: 0.997, cycle_A: 0.158, D_B: 0.168, G_B: 0.919, cycle_B: 0.133, gp: 0.162

learning rate 0.0002000 -> 0.0002000
temperature tau = 0.2273
End of epoch 24 / 50 	 Time Taken: 28 sec
[Rank 0] (epoch: 25, iters: 1216, time: 0.001, data: 0.000) , D_A: 0.147, G_A: 0.969, cycle_A: 0.181, D_B: 0.185, G_B: 0.959, cycle_B: 0.129, gp: 0.180

[Rank 0] (epoch: 25, iters: 2816, time: 0.001, data: 0.001) , D_A: 0.183, G_A: 0.962, cycle_A: 0.176, D_B: 0.239, G_B: 0.976, cycle_B: 0.138, gp: 0.235

--- iter tau=0.2273 ---
  cipher in : spbglpgmejkplnponbksfpsmcpembsp npjnhsncpkqpnp nmknncpkfplnpgsfj
  decrypted : i dlh lpsgo he ledoir ipn spdi ae genien on e aepoeen or he lirg
  real plain: es gae p erse for prose b resmed i laer dring he poeicall serile
  cipher in : nbplsjsdlmplnphbp npqjnnpsqpskmpepefcpcbprjnbbkfdpcnbkdfbplnpbkn
  decrypted : ed higibhp he nd ae ngee in iop s srn nd ngeddorb nedobrd he doe
  real plain: n a coffin neer can aone for floers ihheld hile he sill can be e
[Rank 0] (epoch: 25, iters: 4416, time: 0.001, data: 0.001) , D_A: 0.164, G_A: 0.974, cycle_A: 0.174, D_B: 0.240, G_B: 0.931, cycle_B: 0.127, gp: 0.234

saving the latest model (epoch 25, total_iters 840000)
[Rank 0] (epoch: 25, iters: 6016, time: 0.001, data: 0.001) , D_A: 0.180, G_A: 0.998, cycle_A: 0.180, D_B: 0.383, G_B: 0.913, cycle_B: 0.124, gp: 0.380

[Rank 0] (epoch: 25, iters: 7616, time: 0.001, data: 0.001) , D_A: 0.193, G_A: 1.023, cycle_A: 0.171, D_B: 0.219, G_B: 0.953, cycle_B: 0.138, gp: 0.214

[Rank 0] (epoch: 25, iters: 9216, time: 0.001, data: 0.001) , D_A: 0.244, G_A: 0.980, cycle_A: 0.182, D_B: 0.333, G_B: 0.979, cycle_B: 0.129, gp: 0.327

[Rank 0] (epoch: 25, iters: 10816, time: 0.001, data: 0.001) , D_A: 0.175, G_A: 0.988, cycle_A: 0.168, D_B: 0.245, G_B: 0.980, cycle_B: 0.145, gp: 0.240

[Rank 0] (epoch: 25, iters: 12416, time: 0.001, data: 0.001) , D_A: 0.222, G_A: 1.010, cycle_A: 0.168, D_B: 0.222, G_B: 0.919, cycle_B: 0.131, gp: 0.214

[Rank 0] (epoch: 25, iters: 14016, time: 0.001, data: 0.001) , D_A: 0.169, G_A: 1.016, cycle_A: 0.172, D_B: 0.188, G_B: 0.997, cycle_B: 0.125, gp: 0.181

[Rank 0] (epoch: 25, iters: 15616, time: 0.001, data: 0.001) , D_A: 0.146, G_A: 0.950, cycle_A: 0.171, D_B: 0.186, G_B: 0.968, cycle_B: 0.131, gp: 0.180

[Rank 0] (epoch: 25, iters: 17216, time: 0.001, data: 0.001) , D_A: 0.178, G_A: 0.952, cycle_A: 0.173, D_B: 0.184, G_B: 0.961, cycle_B: 0.135, gp: 0.180

[Rank 0] (epoch: 25, iters: 18816, time: 0.001, data: 0.001) , D_A: 0.135, G_A: 1.014, cycle_A: 0.169, D_B: 0.347, G_B: 0.767, cycle_B: 0.127, gp: 0.329

[Rank 0] (epoch: 25, iters: 20416, time: 0.001, data: 0.001) , D_A: 0.147, G_A: 0.981, cycle_A: 0.174, D_B: 0.307, G_B: 0.928, cycle_B: 0.138, gp: 0.303

[Rank 0] (epoch: 25, iters: 22016, time: 0.001, data: 0.001) , D_A: 0.277, G_A: 1.024, cycle_A: 0.170, D_B: 0.196, G_B: 1.005, cycle_B: 0.128, gp: 0.187

[Rank 0] (epoch: 25, iters: 23616, time: 0.001, data: 0.001) , D_A: 0.172, G_A: 1.049, cycle_A: 0.189, D_B: 0.192, G_B: 0.898, cycle_B: 0.131, gp: 0.185

[Rank 0] (epoch: 25, iters: 25216, time: 0.001, data: 0.001) , D_A: 0.165, G_A: 0.979, cycle_A: 0.178, D_B: 0.186, G_B: 0.923, cycle_B: 0.128, gp: 0.180

[Rank 0] (epoch: 25, iters: 26816, time: 0.001, data: 0.001) , D_A: 0.247, G_A: 0.821, cycle_A: 0.186, D_B: 0.253, G_B: 0.986, cycle_B: 0.141, gp: 0.247

[Rank 0] (epoch: 25, iters: 28416, time: 0.001, data: 0.001) , D_A: 0.168, G_A: 0.952, cycle_A: 0.180, D_B: 0.168, G_B: 0.918, cycle_B: 0.145, gp: 0.160

[Rank 0] (epoch: 25, iters: 30016, time: 0.001, data: 0.001) , D_A: 0.149, G_A: 0.968, cycle_A: 0.158, D_B: 0.210, G_B: 1.068, cycle_B: 0.130, gp: 0.205

[Rank 0] (epoch: 25, iters: 31616, time: 0.001, data: 0.001) , D_A: 0.214, G_A: 0.999, cycle_A: 0.167, D_B: 0.156, G_B: 0.964, cycle_B: 0.135, gp: 0.148

[Rank 0] (epoch: 25, iters: 33216, time: 0.001, data: 0.001) , D_A: 0.273, G_A: 0.998, cycle_A: 0.192, D_B: 0.184, G_B: 0.915, cycle_B: 0.139, gp: 0.179

[Rank 0] (epoch: 25, iters: 34816, time: 0.001, data: 0.001) , D_A: 0.235, G_A: 0.945, cycle_A: 0.175, D_B: 0.209, G_B: 0.925, cycle_B: 0.133, gp: 0.206

learning rate 0.0002000 -> 0.0002000
temperature tau = 0.2200
End of epoch 25 / 50 	 Time Taken: 28 sec
[Rank 0] (epoch: 26, iters: 1600, time: 0.001, data: 0.129) , D_A: 0.234, G_A: 0.909, cycle_A: 0.175, D_B: 0.179, G_B: 0.970, cycle_B: 0.137, gp: 0.172

[Rank 0] (epoch: 26, iters: 3200, time: 0.001, data: 0.001) , D_A: 0.162, G_A: 0.917, cycle_A: 0.175, D_B: 0.211, G_B: 0.902, cycle_B: 0.155, gp: 0.201

[Rank 0] (epoch: 26, iters: 4800, time: 0.001, data: 0.001) , D_A: 0.214, G_A: 0.992, cycle_A: 0.181, D_B: 0.189, G_B: 0.974, cycle_B: 0.148, gp: 0.184

[Rank 0] (epoch: 26, iters: 6400, time: 0.001, data: 0.001) , D_A: 0.204, G_A: 0.956, cycle_A: 0.164, D_B: 0.221, G_B: 0.860, cycle_B: 0.133, gp: 0.216

[Rank 0] (epoch: 26, iters: 8000, time: 0.001, data: 0.001) , D_A: 0.234, G_A: 0.966, cycle_A: 0.184, D_B: 0.192, G_B: 0.928, cycle_B: 0.137, gp: 0.187

--- iter tau=0.2200 ---
  cipher in : nfcnjprmenjp ndefpklpep kjcknpsfplnpqkjbplsmnpeccncpqknpbjekdlpr
  decrypted : ernec npsec aebsr oh s aocnoe ir he nocd hipe snnen noe dcsobh n
  real plain:  spaial aareness on he par of naided och is denied b he ahors ho
  cipher in : qprmefpkbbnbpklpqmsjnbgnkfpkbsgefenme nmncpefkbnjhpsps eggsphsbe
  decrypted : n npsr odded oh npicedleor odilsrsepsaepen srodecn i iaslli nids
  real plain:  he maer for solion b jdges on a casebcase basis a carefl sden h
[Rank 0] (epoch: 26, iters: 9600, time: 0.001, data: 0.001) , D_A: 0.192, G_A: 0.940, cycle_A: 0.176, D_B: 0.272, G_B: 0.876, cycle_B: 0.123, gp: 0.265

saving the latest model (epoch 26, total_iters 880000)
[Rank 0] (epoch: 26, iters: 11200, time: 0.001, data: 0.001) , D_A: 0.153, G_A: 0.973, cycle_A: 0.176, D_B: 0.216, G_B: 1.047, cycle_B: 0.144, gp: 0.209

[Rank 0] (epoch: 26, iters: 12800, time: 0.001, data: 0.001) , D_A: 0.197, G_A: 0.891, cycle_A: 0.167, D_B: 0.251, G_B: 0.964, cycle_B: 0.124, gp: 0.244

[Rank 0] (epoch: 26, iters: 14400, time: 0.001, data: 0.001) , D_A: 0.253, G_A: 0.892, cycle_A: 0.175, D_B: 0.171, G_B: 1.028, cycle_B: 0.122, gp: 0.156

[Rank 0] (epoch: 26, iters: 16000, time: 0.001, data: 0.001) , D_A: 0.236, G_A: 0.946, cycle_A: 0.173, D_B: 0.254, G_B: 0.974, cycle_B: 0.144, gp: 0.245

[Rank 0] (epoch: 26, iters: 17600, time: 0.001, data: 0.001) , D_A: 0.196, G_A: 1.118, cycle_A: 0.162, D_B: 0.239, G_B: 0.906, cycle_B: 0.118, gp: 0.230

[Rank 0] (epoch: 26, iters: 19200, time: 0.001, data: 0.001) , D_A: 0.219, G_A: 0.973, cycle_A: 0.187, D_B: 0.191, G_B: 0.947, cycle_B: 0.134, gp: 0.187

[Rank 0] (epoch: 26, iters: 20800, time: 0.001, data: 0.001) , D_A: 0.239, G_A: 0.984, cycle_A: 0.184, D_B: 0.235, G_B: 0.922, cycle_B: 0.135, gp: 0.231

[Rank 0] (epoch: 26, iters: 22400, time: 0.001, data: 0.001) , D_A: 0.240, G_A: 1.034, cycle_A: 0.174, D_B: 0.164, G_B: 0.878, cycle_B: 0.133, gp: 0.146

[Rank 0] (epoch: 26, iters: 24000, time: 0.001, data: 0.001) , D_A: 0.156, G_A: 1.016, cycle_A: 0.181, D_B: 0.206, G_B: 0.873, cycle_B: 0.132, gp: 0.198

[Rank 0] (epoch: 26, iters: 25600, time: 0.001, data: 0.001) , D_A: 0.352, G_A: 1.008, cycle_A: 0.171, D_B: 0.212, G_B: 0.975, cycle_B: 0.128, gp: 0.207

[Rank 0] (epoch: 26, iters: 27200, time: 0.001, data: 0.001) , D_A: 0.221, G_A: 1.005, cycle_A: 0.173, D_B: 0.217, G_B: 0.877, cycle_B: 0.130, gp: 0.210

[Rank 0] (epoch: 26, iters: 28800, time: 0.001, data: 0.001) , D_A: 0.257, G_A: 0.931, cycle_A: 0.189, D_B: 0.300, G_B: 0.938, cycle_B: 0.134, gp: 0.290

[Rank 0] (epoch: 26, iters: 30400, time: 0.001, data: 0.001) , D_A: 0.174, G_A: 0.986, cycle_A: 0.173, D_B: 0.317, G_B: 0.980, cycle_B: 0.127, gp: 0.312

[Rank 0] (epoch: 26, iters: 32000, time: 0.001, data: 0.001) , D_A: 0.273, G_A: 0.973, cycle_A: 0.176, D_B: 0.172, G_B: 0.967, cycle_B: 0.131, gp: 0.168

[Rank 0] (epoch: 26, iters: 33600, time: 0.001, data: 0.001) , D_A: 0.370, G_A: 0.979, cycle_A: 0.169, D_B: 0.130, G_B: 0.966, cycle_B: 0.140, gp: 0.125

learning rate 0.0002000 -> 0.0002000
temperature tau = 0.2129
End of epoch 26 / 50 	 Time Taken: 28 sec
[Rank 0] (epoch: 27, iters: 384, time: 0.001, data: 0.001) , D_A: 0.207, G_A: 0.961, cycle_A: 0.158, D_B: 0.270, G_B: 0.960, cycle_B: 0.136, gp: 0.264

[Rank 0] (epoch: 27, iters: 1984, time: 0.001, data: 0.000) , D_A: 0.250, G_A: 0.924, cycle_A: 0.173, D_B: 0.131, G_B: 0.943, cycle_B: 0.143, gp: 0.123

[Rank 0] (epoch: 27, iters: 3584, time: 0.001, data: 0.001) , D_A: 0.231, G_A: 0.973, cycle_A: 0.170, D_B: 0.244, G_B: 0.911, cycle_B: 0.139, gp: 0.234

[Rank 0] (epoch: 27, iters: 5184, time: 0.001, data: 0.001) , D_A: 0.385, G_A: 0.892, cycle_A: 0.157, D_B: 0.207, G_B: 0.929, cycle_B: 0.134, gp: 0.203

[Rank 0] (epoch: 27, iters: 6784, time: 0.001, data: 0.002) , D_A: 0.253, G_A: 0.954, cycle_A: 0.169, D_B: 0.256, G_B: 1.090, cycle_B: 0.128, gp: 0.241

[Rank 0] (epoch: 27, iters: 8384, time: 0.001, data: 0.001) , D_A: 0.283, G_A: 1.005, cycle_A: 0.180, D_B: 0.297, G_B: 1.049, cycle_B: 0.138, gp: 0.292

[Rank 0] (epoch: 27, iters: 9984, time: 0.001, data: 0.001) , D_A: 0.245, G_A: 0.951, cycle_A: 0.174, D_B: 0.230, G_B: 0.868, cycle_B: 0.127, gp: 0.217

[Rank 0] (epoch: 27, iters: 11584, time: 0.001, data: 0.001) , D_A: 0.191, G_A: 0.600, cycle_A: 0.169, D_B: 0.228, G_B: 0.999, cycle_B: 0.270, gp: 0.222

[Rank 0] (epoch: 27, iters: 13184, time: 0.001, data: 0.001) , D_A: 0.229, G_A: 0.964, cycle_A: 0.169, D_B: 0.196, G_B: 0.967, cycle_B: 0.141, gp: 0.192

--- iter tau=0.2129 ---
  cipher in : bnje mnpqsjpfnkdl sjkfdpbslpknpfehpefcplekmefcpkfbkbbplnpsmcp np
  decrypted : decsafe nic reobhaicorb dih oe rsn srn hsofsrn ordodd he ifn ae 
  real plain:  he cold see he neal folded blanke ha he had spread oer bron he 
  cipher in : njfpejglkngjnpeplnpbehnpkhnpleplnpierefnbnpejnpecsrkfdpnbnjfpkmk
  decrypted : ecr sclhoelce s he dsne one hs he ksnsrede sce sninorb edecr ofo
  real plain: haeer clre he as reflecing in all his miscalclaions srainsk made
[Rank 0] (epoch: 27, iters: 14784, time: 0.001, data: 0.001) , D_A: 0.188, G_A: 0.941, cycle_A: 0.162, D_B: 0.257, G_B: 0.983, cycle_B: 0.122, gp: 0.254

saving the latest model (epoch 27, total_iters 920000)
[Rank 0] (epoch: 27, iters: 16384, time: 0.001, data: 0.001) , D_A: 0.222, G_A: 0.983, cycle_A: 0.178, D_B: 0.213, G_B: 0.911, cycle_B: 0.144, gp: 0.208

[Rank 0] (epoch: 27, iters: 17984, time: 0.001, data: 0.001) , D_A: 0.210, G_A: 0.968, cycle_A: 0.171, D_B: 0.165, G_B: 0.986, cycle_B: 0.130, gp: 0.154

[Rank 0] (epoch: 27, iters: 19584, time: 0.001, data: 0.001) , D_A: 0.274, G_A: 1.000, cycle_A: 0.177, D_B: 0.303, G_B: 0.948, cycle_B: 0.142, gp: 0.296

[Rank 0] (epoch: 27, iters: 21184, time: 0.001, data: 0.001) , D_A: 0.222, G_A: 0.915, cycle_A: 0.179, D_B: 0.223, G_B: 0.934, cycle_B: 0.132, gp: 0.213

[Rank 0] (epoch: 27, iters: 22784, time: 0.001, data: 0.001) , D_A: 0.182, G_A: 0.976, cycle_A: 0.175, D_B: 0.195, G_B: 0.953, cycle_B: 0.137, gp: 0.188

[Rank 0] (epoch: 27, iters: 24384, time: 0.001, data: 0.001) , D_A: 0.213, G_A: 0.931, cycle_A: 0.182, D_B: 0.227, G_B: 0.929, cycle_B: 0.121, gp: 0.225

[Rank 0] (epoch: 27, iters: 25984, time: 0.001, data: 0.001) , D_A: 0.256, G_A: 0.905, cycle_A: 0.173, D_B: 0.186, G_B: 0.925, cycle_B: 0.132, gp: 0.178

[Rank 0] (epoch: 27, iters: 27584, time: 0.001, data: 0.001) , D_A: 0.213, G_A: 1.002, cycle_A: 0.175, D_B: 0.261, G_B: 0.905, cycle_B: 0.130, gp: 0.256

[Rank 0] (epoch: 27, iters: 29184, time: 0.001, data: 0.001) , D_A: 0.222, G_A: 0.962, cycle_A: 0.179, D_B: 0.244, G_B: 1.079, cycle_B: 0.133, gp: 0.237

[Rank 0] (epoch: 27, iters: 30784, time: 0.001, data: 0.001) , D_A: 0.199, G_A: 1.025, cycle_A: 0.170, D_B: 0.259, G_B: 1.005, cycle_B: 0.133, gp: 0.253

[Rank 0] (epoch: 27, iters: 32384, time: 0.001, data: 0.001) , D_A: 0.102, G_A: 0.971, cycle_A: 0.158, D_B: 0.141, G_B: 0.993, cycle_B: 0.132, gp: 0.135

[Rank 0] (epoch: 27, iters: 33984, time: 0.001, data: 0.001) , D_A: 0.283, G_A: 1.000, cycle_A: 0.181, D_B: 0.170, G_B: 0.938, cycle_B: 0.127, gp: 0.165

learning rate 0.0002000 -> 0.0002000
temperature tau = 0.2060
End of epoch 27 / 50 	 Time Taken: 29 sec
[Rank 0] (epoch: 28, iters: 768, time: 0.001, data: 0.000) , D_A: 0.179, G_A: 1.042, cycle_A: 0.168, D_B: 0.172, G_B: 0.911, cycle_B: 0.134, gp: 0.168

[Rank 0] (epoch: 28, iters: 2368, time: 0.001, data: 0.000) , D_A: 0.224, G_A: 0.946, cycle_A: 0.164, D_B: 0.159, G_B: 0.929, cycle_B: 0.127, gp: 0.156

[Rank 0] (epoch: 28, iters: 3968, time: 0.001, data: 0.001) , D_A: 0.173, G_A: 0.975, cycle_A: 0.171, D_B: 0.235, G_B: 0.819, cycle_B: 0.131, gp: 0.225

[Rank 0] (epoch: 28, iters: 5568, time: 0.001, data: 0.001) , D_A: 0.227, G_A: 0.989, cycle_A: 0.177, D_B: 0.192, G_B: 1.108, cycle_B: 0.129, gp: 0.179

[Rank 0] (epoch: 28, iters: 7168, time: 0.001, data: 0.001) , D_A: 0.279, G_A: 0.930, cycle_A: 0.180, D_B: 0.258, G_B: 0.935, cycle_B: 0.123, gp: 0.252

[Rank 0] (epoch: 28, iters: 8768, time: 0.001, data: 0.001) , D_A: 0.224, G_A: 0.964, cycle_A: 0.164, D_B: 0.213, G_B: 0.940, cycle_B: 0.128, gp: 0.209

[Rank 0] (epoch: 28, iters: 10368, time: 0.001, data: 0.001) , D_A: 0.184, G_A: 0.897, cycle_A: 0.165, D_B: 0.229, G_B: 0.976, cycle_B: 0.127, gp: 0.221

[Rank 0] (epoch: 28, iters: 11968, time: 0.001, data: 0.001) , D_A: 0.232, G_A: 1.074, cycle_A: 0.160, D_B: 0.213, G_B: 1.005, cycle_B: 0.139, gp: 0.209

[Rank 0] (epoch: 28, iters: 13568, time: 0.001, data: 0.001) , D_A: 0.194, G_A: 0.992, cycle_A: 0.169, D_B: 0.239, G_B: 0.846, cycle_B: 0.141, gp: 0.229

[Rank 0] (epoch: 28, iters: 15168, time: 0.001, data: 0.001) , D_A: 0.173, G_A: 1.021, cycle_A: 0.167, D_B: 0.149, G_B: 0.888, cycle_B: 0.137, gp: 0.143

[Rank 0] (epoch: 28, iters: 16768, time: 0.001, data: 0.001) , D_A: 0.265, G_A: 0.943, cycle_A: 0.168, D_B: 0.218, G_B: 0.958, cycle_B: 0.133, gp: 0.214

[Rank 0] (epoch: 28, iters: 18368, time: 0.001, data: 0.001) , D_A: 0.175, G_A: 0.991, cycle_A: 0.172, D_B: 0.273, G_B: 0.979, cycle_B: 0.129, gp: 0.266

--- iter tau=0.2060 ---
  cipher in : dpcs mnpjspsqp sslbpkfpsjbpglnerpgmslkfdpefcpifapsqpnnjpbsjpebpq
  decrypted : b niafe ci in aiihd or icd lhesn lfihorb srn krn in eec dic sd n
  real plain: hosen o represen or chaper i had mied emoions abo going id been 
  cipher in : pspbmenjpbbnhekgemmpgjblkfdpfspsfmplnkjp scknbp plnkjpbsmbpefcpb
  decrypted :  i dfsec ddensolsff lcdhorb ri irf heoc ainoed a heoc difd srn d
  real plain: pen iho he clral and spirial resrain ha comes from he deelopmen 
[Rank 0] (epoch: 28, iters: 19968, time: 0.001, data: 0.001) , D_A: 0.352, G_A: 0.697, cycle_A: 0.175, D_B: 0.293, G_B: 0.983, cycle_B: 0.135, gp: 0.290

saving the latest model (epoch 28, total_iters 960000)
[Rank 0] (epoch: 28, iters: 21568, time: 0.001, data: 0.001) , D_A: 0.234, G_A: 0.993, cycle_A: 0.177, D_B: 0.273, G_B: 0.964, cycle_B: 0.131, gp: 0.270

[Rank 0] (epoch: 28, iters: 23168, time: 0.001, data: 0.001) , D_A: 0.108, G_A: 0.971, cycle_A: 0.175, D_B: 0.213, G_B: 0.953, cycle_B: 0.126, gp: 0.206

[Rank 0] (epoch: 28, iters: 24768, time: 0.001, data: 0.001) , D_A: 0.170, G_A: 1.008, cycle_A: 0.169, D_B: 0.243, G_B: 1.096, cycle_B: 0.129, gp: 0.230

[Rank 0] (epoch: 28, iters: 26368, time: 0.001, data: 0.001) , D_A: 0.249, G_A: 0.973, cycle_A: 0.173, D_B: 0.296, G_B: 0.619, cycle_B: 0.129, gp: 0.291

[Rank 0] (epoch: 28, iters: 27968, time: 0.001, data: 0.001) , D_A: 0.244, G_A: 1.044, cycle_A: 0.174, D_B: 0.232, G_B: 0.959, cycle_B: 0.141, gp: 0.226

[Rank 0] (epoch: 28, iters: 29568, time: 0.001, data: 0.001) , D_A: 0.213, G_A: 0.914, cycle_A: 0.162, D_B: 0.191, G_B: 0.961, cycle_B: 0.131, gp: 0.188

[Rank 0] (epoch: 28, iters: 31168, time: 0.001, data: 0.001) , D_A: 0.198, G_A: 0.959, cycle_A: 0.180, D_B: 0.194, G_B: 1.109, cycle_B: 0.130, gp: 0.179

[Rank 0] (epoch: 28, iters: 32768, time: 0.001, data: 0.001) , D_A: 0.155, G_A: 1.064, cycle_A: 0.168, D_B: 0.232, G_B: 0.900, cycle_B: 0.166, gp: 0.227

[Rank 0] (epoch: 28, iters: 34368, time: 0.001, data: 0.001) , D_A: 0.192, G_A: 0.939, cycle_A: 0.170, D_B: 0.148, G_B: 0.938, cycle_B: 0.149, gp: 0.144

learning rate 0.0002000 -> 0.0002000
temperature tau = 0.1993
End of epoch 28 / 50 	 Time Taken: 28 sec
[Rank 0] (epoch: 29, iters: 1152, time: 0.001, data: 0.001) , D_A: 0.139, G_A: 0.997, cycle_A: 0.166, D_B: 0.233, G_B: 1.166, cycle_B: 0.129, gp: 0.213

[Rank 0] (epoch: 29, iters: 2752, time: 0.001, data: 0.001) , D_A: 0.172, G_A: 0.988, cycle_A: 0.184, D_B: 0.203, G_B: 0.958, cycle_B: 0.142, gp: 0.198

[Rank 0] (epoch: 29, iters: 4352, time: 0.001, data: 0.001) , D_A: 0.247, G_A: 0.956, cycle_A: 0.176, D_B: 0.255, G_B: 0.997, cycle_B: 0.127, gp: 0.252

[Rank 0] (epoch: 29, iters: 5952, time: 0.001, data: 0.001) , D_A: 0.163, G_A: 0.941, cycle_A: 0.185, D_B: 0.174, G_B: 0.454, cycle_B: 0.124, gp: 0.153

[Rank 0] (epoch: 29, iters: 7552, time: 0.001, data: 0.001) , D_A: 0.187, G_A: 1.004, cycle_A: 0.179, D_B: 0.149, G_B: 0.976, cycle_B: 0.137, gp: 0.146

[Rank 0] (epoch: 29, iters: 9152, time: 0.001, data: 0.001) , D_A: 0.194, G_A: 1.072, cycle_A: 0.179, D_B: 0.257, G_B: 1.000, cycle_B: 0.127, gp: 0.253

[Rank 0] (epoch: 29, iters: 10752, time: 0.001, data: 0.001) , D_A: 0.215, G_A: 0.974, cycle_A: 0.168, D_B: 0.190, G_B: 0.971, cycle_B: 0.125, gp: 0.185

[Rank 0] (epoch: 29, iters: 12352, time: 0.001, data: 0.001) , D_A: 0.252, G_A: 0.929, cycle_A: 0.173, D_B: 0.278, G_B: 0.972, cycle_B: 0.123, gp: 0.274

[Rank 0] (epoch: 29, iters: 13952, time: 0.001, data: 0.001) , D_A: 0.254, G_A: 1.044, cycle_A: 0.173, D_B: 0.149, G_B: 0.965, cycle_B: 0.130, gp: 0.143

[Rank 0] (epoch: 29, iters: 15552, time: 0.001, data: 0.001) , D_A: 0.194, G_A: 0.991, cycle_A: 0.174, D_B: 0.110, G_B: 0.969, cycle_B: 0.131, gp: 0.105

[Rank 0] (epoch: 29, iters: 17152, time: 0.001, data: 0.001) , D_A: 0.179, G_A: 1.007, cycle_A: 0.161, D_B: 0.252, G_B: 0.942, cycle_B: 0.134, gp: 0.242

[Rank 0] (epoch: 29, iters: 18752, time: 0.001, data: 0.001) , D_A: 0.232, G_A: 0.962, cycle_A: 0.164, D_B: 0.258, G_B: 0.917, cycle_B: 0.125, gp: 0.254

[Rank 0] (epoch: 29, iters: 20352, time: 0.001, data: 0.001) , D_A: 0.220, G_A: 0.910, cycle_A: 0.181, D_B: 0.192, G_B: 0.968, cycle_B: 0.138, gp: 0.188

[Rank 0] (epoch: 29, iters: 21952, time: 0.001, data: 0.001) , D_A: 0.232, G_A: 1.014, cycle_A: 0.180, D_B: 0.187, G_B: 0.999, cycle_B: 0.128, gp: 0.179

[Rank 0] (epoch: 29, iters: 23552, time: 0.001, data: 0.001) , D_A: 0.188, G_A: 0.995, cycle_A: 0.175, D_B: 0.190, G_B: 0.923, cycle_B: 0.126, gp: 0.183

--- iter tau=0.1993 ---
  cipher in : fdpglernjbpjnhkfkbgnfpsqphegemebpqehsbplkjcpglernjpjnnmefpbjnbpl
  decrypted : rb lhsnecd cenorodler in nslsfsd nsnid hocn lhsnec ceefsr dced h
  real plain: llbirhs oer he ne generaions and beeen and one million hman bein
  cipher in : khrmnbpdjkmmprefprnpsjpkfnrnfbknplk eglkpgefpheanpspepglnqpspfnn
  decrypted : onnfed bcoff nsr ne ic orenerdoe hoaslho lsr nsne i s lhen i ree
  real plain: e i ha basard chambers old knifes no he onl chief hell ge o do h
[Rank 0] (epoch: 29, iters: 25152, time: 0.001, data: 0.001) , D_A: 0.229, G_A: 0.849, cycle_A: 0.181, D_B: 0.213, G_B: 0.957, cycle_B: 0.127, gp: 0.205

saving the latest model (epoch 29, total_iters 1000000)
[Rank 0] (epoch: 29, iters: 26752, time: 0.001, data: 0.001) , D_A: 0.229, G_A: 0.961, cycle_A: 0.177, D_B: 0.210, G_B: 0.954, cycle_B: 0.134, gp: 0.205

[Rank 0] (epoch: 29, iters: 28352, time: 0.001, data: 0.001) , D_A: 0.208, G_A: 0.903, cycle_A: 0.177, D_B: 0.212, G_B: 1.005, cycle_B: 0.143, gp: 0.205

[Rank 0] (epoch: 29, iters: 29952, time: 0.001, data: 0.001) , D_A: 0.216, G_A: 0.984, cycle_A: 0.184, D_B: 0.320, G_B: 0.897, cycle_B: 0.129, gp: 0.315

[Rank 0] (epoch: 29, iters: 31552, time: 0.001, data: 0.001) , D_A: 0.171, G_A: 0.966, cycle_A: 0.169, D_B: 0.209, G_B: 0.964, cycle_B: 0.133, gp: 0.203

[Rank 0] (epoch: 29, iters: 33152, time: 0.001, data: 0.001) , D_A: 0.174, G_A: 1.046, cycle_A: 0.180, D_B: 0.149, G_B: 0.784, cycle_B: 0.137, gp: 0.142

[Rank 0] (epoch: 29, iters: 34752, time: 0.001, data: 0.001) , D_A: 0.151, G_A: 0.976, cycle_A: 0.154, D_B: 0.198, G_B: 0.987, cycle_B: 0.136, gp: 0.195

learning rate 0.0002000 -> 0.0002000
temperature tau = 0.1929
End of epoch 29 / 50 	 Time Taken: 28 sec
[Rank 0] (epoch: 30, iters: 1536, time: 0.001, data: 0.001) , D_A: 0.162, G_A: 1.087, cycle_A: 0.162, D_B: 0.197, G_B: 0.955, cycle_B: 0.127, gp: 0.192

[Rank 0] (epoch: 30, iters: 3136, time: 0.001, data: 0.001) , D_A: 0.206, G_A: 1.022, cycle_A: 0.176, D_B: 0.167, G_B: 0.907, cycle_B: 0.138, gp: 0.160

[Rank 0] (epoch: 30, iters: 4736, time: 0.001, data: 0.001) , D_A: 0.202, G_A: 0.903, cycle_A: 0.169, D_B: 0.229, G_B: 0.851, cycle_B: 0.148, gp: 0.224

[Rank 0] (epoch: 30, iters: 6336, time: 0.001, data: 0.001) , D_A: 0.138, G_A: 0.969, cycle_A: 0.184, D_B: 0.243, G_B: 0.967, cycle_B: 0.135, gp: 0.239

[Rank 0] (epoch: 30, iters: 7936, time: 0.001, data: 0.001) , D_A: 0.186, G_A: 0.988, cycle_A: 0.183, D_B: 0.208, G_B: 0.980, cycle_B: 0.136, gp: 0.169

[Rank 0] (epoch: 30, iters: 9536, time: 0.001, data: 0.001) , D_A: 0.156, G_A: 0.994, cycle_A: 0.169, D_B: 0.325, G_B: 0.909, cycle_B: 0.127, gp: 0.321

[Rank 0] (epoch: 30, iters: 11136, time: 0.001, data: 0.001) , D_A: 0.238, G_A: 0.911, cycle_A: 0.180, D_B: 0.178, G_B: 0.963, cycle_B: 0.145, gp: 0.173

[Rank 0] (epoch: 30, iters: 12736, time: 0.001, data: 0.001) , D_A: 0.170, G_A: 0.956, cycle_A: 0.176, D_B: 0.320, G_B: 1.005, cycle_B: 0.127, gp: 0.316

[Rank 0] (epoch: 30, iters: 14336, time: 0.001, data: 0.001) , D_A: 0.191, G_A: 0.882, cycle_A: 0.167, D_B: 0.248, G_B: 0.990, cycle_B: 0.127, gp: 0.244

[Rank 0] (epoch: 30, iters: 15936, time: 0.001, data: 0.001) , D_A: 0.193, G_A: 0.989, cycle_A: 0.160, D_B: 0.216, G_B: 1.006, cycle_B: 0.144, gp: 0.212

[Rank 0] (epoch: 30, iters: 17536, time: 0.001, data: 0.001) , D_A: 0.200, G_A: 0.965, cycle_A: 0.189, D_B: 0.177, G_B: 0.968, cycle_B: 0.116, gp: 0.170

[Rank 0] (epoch: 30, iters: 19136, time: 0.001, data: 0.001) , D_A: 0.229, G_A: 0.969, cycle_A: 0.180, D_B: 0.167, G_B: 1.002, cycle_B: 0.134, gp: 0.163

[Rank 0] (epoch: 30, iters: 20736, time: 0.001, data: 0.001) , D_A: 0.317, G_A: 0.949, cycle_A: 0.182, D_B: 0.224, G_B: 0.929, cycle_B: 0.134, gp: 0.218

[Rank 0] (epoch: 30, iters: 22336, time: 0.001, data: 0.001) , D_A: 0.211, G_A: 0.997, cycle_A: 0.166, D_B: 0.154, G_B: 0.952, cycle_B: 0.135, gp: 0.148

[Rank 0] (epoch: 30, iters: 23936, time: 0.001, data: 0.001) , D_A: 0.173, G_A: 1.017, cycle_A: 0.171, D_B: 0.155, G_B: 1.006, cycle_B: 0.132, gp: 0.150

[Rank 0] (epoch: 30, iters: 25536, time: 0.001, data: 0.001) , D_A: 0.207, G_A: 0.929, cycle_A: 0.169, D_B: 0.299, G_B: 0.964, cycle_B: 0.129, gp: 0.294

[Rank 0] (epoch: 30, iters: 27136, time: 0.001, data: 0.001) , D_A: 0.231, G_A: 0.783, cycle_A: 0.177, D_B: 0.286, G_B: 0.720, cycle_B: 0.134, gp: 0.247

[Rank 0] (epoch: 30, iters: 28736, time: 0.001, data: 0.001) , D_A: 0.278, G_A: 0.890, cycle_A: 0.187, D_B: 0.188, G_B: 1.039, cycle_B: 0.132, gp: 0.180

--- iter tau=0.1929 ---
  cipher in : kjnbp nqsjnplnpbrjnecp nsfcprnjhkncpbefcejcbplkbpkbpsp npeggshrm
  decrypted : oced aenice he dncesn aeirn necnoen dsrnscnd hod od i ae sllinnf
  real plain: n his office and eplain las ears eempions he ae breakfas in a sl
  cipher in : blpebplnpgssapckcpsnjpglejmsnpjbbnpjegakfdphefjnpsfplnprjnpfnpge
  decrypted : dh sd he liin non iec lhscfie cdde cslnorb nsrce ir he nce re ls
  real plain:  fond in he mied liqor he baceria formed pical aciaed sldge floc
[Rank 0] (epoch: 30, iters: 30336, time: 0.001, data: 0.001) , D_A: 0.337, G_A: 0.984, cycle_A: 0.177, D_B: 0.175, G_B: 0.913, cycle_B: 0.124, gp: 0.168

saving the latest model (epoch 30, total_iters 1040000)
[Rank 0] (epoch: 30, iters: 31936, time: 0.001, data: 0.001) , D_A: 0.168, G_A: 0.900, cycle_A: 0.170, D_B: 0.180, G_B: 0.981, cycle_B: 0.137, gp: 0.174

[Rank 0] (epoch: 30, iters: 33536, time: 0.001, data: 0.001) , D_A: 0.163, G_A: 1.002, cycle_A: 0.170, D_B: 0.148, G_B: 0.877, cycle_B: 0.144, gp: 0.140

learning rate 0.0002000 -> 0.0002000
temperature tau = 0.1867
End of epoch 30 / 50 	 Time Taken: 28 sec
[Rank 0] (epoch: 31, iters: 320, time: 0.001, data: 0.001) , D_A: 0.186, G_A: 1.004, cycle_A: 0.177, D_B: 0.188, G_B: 1.015, cycle_B: 0.138, gp: 0.184

[Rank 0] (epoch: 31, iters: 1920, time: 0.001, data: 0.002) , D_A: 0.140, G_A: 0.905, cycle_A: 0.163, D_B: 0.187, G_B: 0.982, cycle_B: 0.138, gp: 0.183

[Rank 0] (epoch: 31, iters: 3520, time: 0.001, data: 0.001) , D_A: 0.272, G_A: 0.974, cycle_A: 0.180, D_B: 0.160, G_B: 0.951, cycle_B: 0.137, gp: 0.153

[Rank 0] (epoch: 31, iters: 5120, time: 0.001, data: 0.001) , D_A: 0.179, G_A: 0.983, cycle_A: 0.160, D_B: 0.197, G_B: 0.979, cycle_B: 0.149, gp: 0.194

[Rank 0] (epoch: 31, iters: 6720, time: 0.001, data: 0.001) , D_A: 0.238, G_A: 0.961, cycle_A: 0.163, D_B: 0.191, G_B: 0.935, cycle_B: 0.129, gp: 0.184

[Rank 0] (epoch: 31, iters: 8320, time: 0.001, data: 0.001) , D_A: 0.220, G_A: 0.945, cycle_A: 0.167, D_B: 0.203, G_B: 0.950, cycle_B: 0.138, gp: 0.197

[Rank 0] (epoch: 31, iters: 9920, time: 0.001, data: 0.001) , D_A: 0.126, G_A: 0.963, cycle_A: 0.175, D_B: 0.262, G_B: 0.835, cycle_B: 0.131, gp: 0.256

[Rank 0] (epoch: 31, iters: 11520, time: 0.001, data: 0.001) , D_A: 0.199, G_A: 0.972, cycle_A: 0.181, D_B: 0.204, G_B: 0.996, cycle_B: 0.139, gp: 0.201

[Rank 0] (epoch: 31, iters: 13120, time: 0.001, data: 0.001) , D_A: 0.262, G_A: 0.921, cycle_A: 0.177, D_B: 0.291, G_B: 0.969, cycle_B: 0.144, gp: 0.286

[Rank 0] (epoch: 31, iters: 14720, time: 0.001, data: 0.001) , D_A: 0.249, G_A: 0.978, cycle_A: 0.171, D_B: 0.197, G_B: 0.979, cycle_B: 0.124, gp: 0.191

[Rank 0] (epoch: 31, iters: 16320, time: 0.001, data: 0.001) , D_A: 0.254, G_A: 0.903, cycle_A: 0.165, D_B: 0.209, G_B: 0.926, cycle_B: 0.145, gp: 0.204

[Rank 0] (epoch: 31, iters: 17920, time: 0.001, data: 0.001) , D_A: 0.295, G_A: 0.962, cycle_A: 0.176, D_B: 0.235, G_B: 0.952, cycle_B: 0.117, gp: 0.230

[Rank 0] (epoch: 31, iters: 19520, time: 0.001, data: 0.001) , D_A: 0.175, G_A: 0.928, cycle_A: 0.170, D_B: 0.279, G_B: 1.015, cycle_B: 0.149, gp: 0.270

[Rank 0] (epoch: 31, iters: 21120, time: 0.001, data: 0.001) , D_A: 0.281, G_A: 0.911, cycle_A: 0.183, D_B: 0.233, G_B: 0.898, cycle_B: 0.132, gp: 0.222

[Rank 0] (epoch: 31, iters: 22720, time: 0.001, data: 0.001) , D_A: 0.225, G_A: 0.973, cycle_A: 0.169, D_B: 0.172, G_B: 0.975, cycle_B: 0.136, gp: 0.169

[Rank 0] (epoch: 31, iters: 24320, time: 0.001, data: 0.001) , D_A: 0.287, G_A: 0.953, cycle_A: 0.174, D_B: 0.233, G_B: 0.996, cycle_B: 0.122, gp: 0.226

[Rank 0] (epoch: 31, iters: 25920, time: 0.001, data: 0.001) , D_A: 0.172, G_A: 0.949, cycle_A: 0.165, D_B: 0.205, G_B: 0.907, cycle_B: 0.127, gp: 0.197

[Rank 0] (epoch: 31, iters: 27520, time: 0.001, data: 0.001) , D_A: 0.179, G_A: 0.966, cycle_A: 0.180, D_B: 0.272, G_B: 0.992, cycle_B: 0.130, gp: 0.269

[Rank 0] (epoch: 31, iters: 29120, time: 0.001, data: 0.001) , D_A: 0.208, G_A: 0.963, cycle_A: 0.172, D_B: 0.200, G_B: 0.988, cycle_B: 0.128, gp: 0.196

[Rank 0] (epoch: 31, iters: 30720, time: 0.001, data: 0.001) , D_A: 0.171, G_A: 0.970, cycle_A: 0.177, D_B: 0.270, G_B: 0.913, cycle_B: 0.125, gp: 0.263

[Rank 0] (epoch: 31, iters: 32320, time: 0.001, data: 0.001) , D_A: 0.145, G_A: 0.953, cycle_A: 0.172, D_B: 0.328, G_B: 0.934, cycle_B: 0.133, gp: 0.322

[Rank 0] (epoch: 31, iters: 33920, time: 0.001, data: 0.001) , D_A: 0.127, G_A: 0.899, cycle_A: 0.165, D_B: 0.203, G_B: 1.000, cycle_B: 0.125, gp: 0.195

learning rate 0.0002000 -> 0.0002000
temperature tau = 0.1806
End of epoch 31 / 50 	 Time Taken: 28 sec
--- iter tau=0.1806 ---
  cipher in : jpe mnbrssfbpkfndejpe mnbrssfprjnrejncphbejcpe mnbrssfpsjgnbnjbl
  decrypted : c safedniird orebsc safedniir ncenscen ndscn safedniir icledecdh
  real plain: s being rien b jes b i is no jeish ficion sal bello and bernard 
  cipher in : nbpebpepjknjpsfplnplnenjpkplenprekcpgmsbnpenfksfpsplnprmebplejsm
  decrypted : ed sd s coec ir he hesec o hse nson lfide seroir i he nfsd hscif
  real plain: aiding in he sending p of he ne opgallan mas ill philip spencer 
[Rank 0] (epoch: 32, iters: 704, time: 0.001, data: 0.000) , D_A: 0.190, G_A: 0.973, cycle_A: 0.170, D_B: 0.249, G_B: 0.965, cycle_B: 0.134, gp: 0.245

saving the latest model (epoch 32, total_iters 1080000)
[Rank 0] (epoch: 32, iters: 2304, time: 0.001, data: 0.000) , D_A: 0.197, G_A: 1.005, cycle_A: 0.184, D_B: 0.303, G_B: 1.048, cycle_B: 0.129, gp: 0.294

[Rank 0] (epoch: 32, iters: 3904, time: 0.001, data: 0.001) , D_A: 0.249, G_A: 0.947, cycle_A: 0.167, D_B: 0.299, G_B: 0.949, cycle_B: 0.129, gp: 0.295

[Rank 0] (epoch: 32, iters: 5504, time: 0.001, data: 0.001) , D_A: 0.193, G_A: 0.962, cycle_A: 0.161, D_B: 0.345, G_B: 0.984, cycle_B: 0.128, gp: 0.340

[Rank 0] (epoch: 32, iters: 7104, time: 0.001, data: 0.001) , D_A: 0.143, G_A: 0.990, cycle_A: 0.163, D_B: 0.191, G_B: 1.012, cycle_B: 0.125, gp: 0.188

[Rank 0] (epoch: 32, iters: 8704, time: 0.001, data: 0.001) , D_A: 0.213, G_A: 1.000, cycle_A: 0.161, D_B: 0.276, G_B: 0.972, cycle_B: 0.135, gp: 0.272

[Rank 0] (epoch: 32, iters: 10304, time: 0.001, data: 0.001) , D_A: 0.208, G_A: 0.987, cycle_A: 0.173, D_B: 0.184, G_B: 0.886, cycle_B: 0.130, gp: 0.180

[Rank 0] (epoch: 32, iters: 11904, time: 0.001, data: 0.001) , D_A: 0.255, G_A: 0.910, cycle_A: 0.151, D_B: 0.186, G_B: 0.957, cycle_B: 0.140, gp: 0.180

[Rank 0] (epoch: 32, iters: 13504, time: 0.001, data: 0.001) , D_A: 0.190, G_A: 0.982, cycle_A: 0.173, D_B: 0.212, G_B: 0.938, cycle_B: 0.134, gp: 0.198

[Rank 0] (epoch: 32, iters: 15104, time: 0.001, data: 0.001) , D_A: 0.218, G_A: 0.950, cycle_A: 0.178, D_B: 0.244, G_B: 1.129, cycle_B: 0.132, gp: 0.200

[Rank 0] (epoch: 32, iters: 16704, time: 0.001, data: 0.001) , D_A: 0.176, G_A: 0.956, cycle_A: 0.173, D_B: 0.291, G_B: 0.920, cycle_B: 0.131, gp: 0.287

[Rank 0] (epoch: 32, iters: 18304, time: 0.001, data: 0.000) , D_A: 0.170, G_A: 0.987, cycle_A: 0.192, D_B: 0.238, G_B: 0.979, cycle_B: 0.128, gp: 0.233

[Rank 0] (epoch: 32, iters: 19904, time: 0.001, data: 0.001) , D_A: 0.238, G_A: 0.931, cycle_A: 0.162, D_B: 0.170, G_B: 0.985, cycle_B: 0.138, gp: 0.164

[Rank 0] (epoch: 32, iters: 21504, time: 0.001, data: 0.001) , D_A: 0.173, G_A: 1.003, cycle_A: 0.180, D_B: 0.162, G_B: 0.944, cycle_B: 0.130, gp: 0.159

[Rank 0] (epoch: 32, iters: 23104, time: 0.001, data: 0.001) , D_A: 0.234, G_A: 0.810, cycle_A: 0.174, D_B: 0.109, G_B: 0.987, cycle_B: 0.127, gp: 0.103

[Rank 0] (epoch: 32, iters: 24704, time: 0.001, data: 0.001) , D_A: 0.199, G_A: 0.935, cycle_A: 0.170, D_B: 0.206, G_B: 0.930, cycle_B: 0.130, gp: 0.202

[Rank 0] (epoch: 32, iters: 26304, time: 0.001, data: 0.001) , D_A: 0.191, G_A: 0.954, cycle_A: 0.181, D_B: 0.339, G_B: 0.972, cycle_B: 0.128, gp: 0.330

[Rank 0] (epoch: 32, iters: 27904, time: 0.001, data: 0.001) , D_A: 0.203, G_A: 0.965, cycle_A: 0.177, D_B: 0.172, G_B: 0.906, cycle_B: 0.142, gp: 0.166

[Rank 0] (epoch: 32, iters: 29504, time: 0.001, data: 0.001) , D_A: 0.177, G_A: 0.926, cycle_A: 0.170, D_B: 0.274, G_B: 0.994, cycle_B: 0.132, gp: 0.271

[Rank 0] (epoch: 32, iters: 31104, time: 0.001, data: 0.001) , D_A: 0.230, G_A: 1.126, cycle_A: 0.179, D_B: 0.198, G_B: 0.826, cycle_B: 0.130, gp: 0.194

[Rank 0] (epoch: 32, iters: 32704, time: 0.001, data: 0.001) , D_A: 0.256, G_A: 1.032, cycle_A: 0.177, D_B: 0.271, G_B: 0.993, cycle_B: 0.131, gp: 0.266

[Rank 0] (epoch: 32, iters: 34304, time: 0.001, data: 0.001) , D_A: 0.162, G_A: 0.951, cycle_A: 0.172, D_B: 0.156, G_B: 0.934, cycle_B: 0.125, gp: 0.151

learning rate 0.0002000 -> 0.0002000
temperature tau = 0.1748
End of epoch 32 / 50 	 Time Taken: 28 sec
[Rank 0] (epoch: 33, iters: 1088, time: 0.001, data: 0.000) , D_A: 0.285, G_A: 0.933, cycle_A: 0.181, D_B: 0.212, G_B: 1.031, cycle_B: 0.128, gp: 0.208

[Rank 0] (epoch: 33, iters: 2688, time: 0.001, data: 0.001) , D_A: 0.173, G_A: 1.006, cycle_A: 0.156, D_B: 0.209, G_B: 0.978, cycle_B: 0.139, gp: 0.207

[Rank 0] (epoch: 33, iters: 4288, time: 0.001, data: 0.001) , D_A: 0.206, G_A: 0.952, cycle_A: 0.177, D_B: 0.235, G_B: 0.902, cycle_B: 0.123, gp: 0.230

--- iter tau=0.1748 ---
  cipher in : gejnplnpcnekmncpjfcsfpsfplnpaefbebpgkpbgsjkfdpkfplnpbklpnfpmkanp
  decrypted : lsge he nesofen grnir ir he nsrdsd lo dligorb or he doh er fone 
  real plain: ace as a conseqence he did neiher er angr a oodrff he goernor se
  cipher in : pshnfpsphkdlpjpmssakfdpkfsplkbpkqnpsspblnphkdlplenp nnfpemakfdps
  decrypted :  iner i nobh g fiinorb ori hod one ii dhe nobh hse aeer sfnorb i
  real plain: of modern american riing frann and ooe ih an ar ha almos conceal
[Rank 0] (epoch: 33, iters: 5888, time: 0.001, data: 0.001) , D_A: 0.235, G_A: 0.973, cycle_A: 0.160, D_B: 0.333, G_B: 1.010, cycle_B: 0.125, gp: 0.328

saving the latest model (epoch 33, total_iters 1120000)
[Rank 0] (epoch: 33, iters: 7488, time: 0.001, data: 0.001) , D_A: 0.272, G_A: 0.988, cycle_A: 0.178, D_B: 0.278, G_B: 0.923, cycle_B: 0.137, gp: 0.274

[Rank 0] (epoch: 33, iters: 9088, time: 0.001, data: 0.001) , D_A: 0.272, G_A: 0.953, cycle_A: 0.188, D_B: 0.288, G_B: 0.870, cycle_B: 0.129, gp: 0.285

[Rank 0] (epoch: 33, iters: 10688, time: 0.001, data: 0.001) , D_A: 0.277, G_A: 0.994, cycle_A: 0.163, D_B: 0.334, G_B: 0.830, cycle_B: 0.129, gp: 0.322

[Rank 0] (epoch: 33, iters: 12288, time: 0.001, data: 0.001) , D_A: 0.265, G_A: 0.982, cycle_A: 0.176, D_B: 0.208, G_B: 0.936, cycle_B: 0.138, gp: 0.204

[Rank 0] (epoch: 33, iters: 13888, time: 0.001, data: 0.001) , D_A: 0.151, G_A: 0.896, cycle_A: 0.162, D_B: 0.264, G_B: 0.865, cycle_B: 0.127, gp: 0.257

[Rank 0] (epoch: 33, iters: 15488, time: 0.001, data: 0.001) , D_A: 0.177, G_A: 0.977, cycle_A: 0.181, D_B: 0.166, G_B: 0.935, cycle_B: 0.130, gp: 0.162

[Rank 0] (epoch: 33, iters: 17088, time: 0.001, data: 0.001) , D_A: 0.205, G_A: 1.000, cycle_A: 0.173, D_B: 0.243, G_B: 0.914, cycle_B: 0.131, gp: 0.239

[Rank 0] (epoch: 33, iters: 18688, time: 0.001, data: 0.001) , D_A: 0.174, G_A: 1.010, cycle_A: 0.157, D_B: 0.296, G_B: 0.746, cycle_B: 0.125, gp: 0.283

[Rank 0] (epoch: 33, iters: 20288, time: 0.001, data: 0.001) , D_A: 0.245, G_A: 0.855, cycle_A: 0.173, D_B: 0.206, G_B: 0.946, cycle_B: 0.138, gp: 0.204

[Rank 0] (epoch: 33, iters: 21888, time: 0.001, data: 0.001) , D_A: 0.203, G_A: 0.967, cycle_A: 0.175, D_B: 0.101, G_B: 0.911, cycle_B: 0.128, gp: 0.095

[Rank 0] (epoch: 33, iters: 23488, time: 0.001, data: 0.001) , D_A: 0.301, G_A: 0.932, cycle_A: 0.182, D_B: 0.237, G_B: 0.928, cycle_B: 0.127, gp: 0.232

[Rank 0] (epoch: 33, iters: 25088, time: 0.001, data: 0.001) , D_A: 0.204, G_A: 0.852, cycle_A: 0.188, D_B: 0.284, G_B: 0.983, cycle_B: 0.131, gp: 0.279

[Rank 0] (epoch: 33, iters: 26688, time: 0.001, data: 0.001) , D_A: 0.216, G_A: 1.021, cycle_A: 0.168, D_B: 0.119, G_B: 1.004, cycle_B: 0.136, gp: 0.114

[Rank 0] (epoch: 33, iters: 28288, time: 0.001, data: 0.001) , D_A: 0.306, G_A: 0.960, cycle_A: 0.174, D_B: 0.247, G_B: 0.980, cycle_B: 0.145, gp: 0.243

[Rank 0] (epoch: 33, iters: 29888, time: 0.001, data: 0.001) , D_A: 0.163, G_A: 0.989, cycle_A: 0.172, D_B: 0.163, G_B: 0.934, cycle_B: 0.131, gp: 0.157

[Rank 0] (epoch: 33, iters: 31488, time: 0.001, data: 0.001) , D_A: 0.112, G_A: 0.968, cycle_A: 0.178, D_B: 0.176, G_B: 0.970, cycle_B: 0.132, gp: 0.169

[Rank 0] (epoch: 33, iters: 33088, time: 0.001, data: 0.001) , D_A: 0.298, G_A: 0.993, cycle_A: 0.179, D_B: 0.246, G_B: 0.984, cycle_B: 0.140, gp: 0.244

[Rank 0] (epoch: 33, iters: 34688, time: 0.001, data: 0.001) , D_A: 0.156, G_A: 1.007, cycle_A: 0.170, D_B: 0.158, G_B: 1.004, cycle_B: 0.134, gp: 0.154

learning rate 0.0002000 -> 0.0002000
temperature tau = 0.1691
End of epoch 33 / 50 	 Time Taken: 28 sec
[Rank 0] (epoch: 34, iters: 1472, time: 0.001, data: 0.001) , D_A: 0.284, G_A: 0.928, cycle_A: 0.164, D_B: 0.247, G_B: 0.977, cycle_B: 0.128, gp: 0.243

[Rank 0] (epoch: 34, iters: 3072, time: 0.001, data: 0.001) , D_A: 0.176, G_A: 0.935, cycle_A: 0.176, D_B: 0.270, G_B: 0.971, cycle_B: 0.137, gp: 0.268

[Rank 0] (epoch: 34, iters: 4672, time: 0.001, data: 0.001) , D_A: 0.150, G_A: 1.003, cycle_A: 0.186, D_B: 0.269, G_B: 0.953, cycle_B: 0.152, gp: 0.264

[Rank 0] (epoch: 34, iters: 6272, time: 0.001, data: 0.001) , D_A: 0.135, G_A: 0.970, cycle_A: 0.168, D_B: 0.337, G_B: 0.926, cycle_B: 0.134, gp: 0.329

[Rank 0] (epoch: 34, iters: 7872, time: 0.001, data: 0.001) , D_A: 0.239, G_A: 0.975, cycle_A: 0.164, D_B: 0.290, G_B: 0.932, cycle_B: 0.136, gp: 0.284

[Rank 0] (epoch: 34, iters: 9472, time: 0.001, data: 0.001) , D_A: 0.327, G_A: 0.887, cycle_A: 0.173, D_B: 0.339, G_B: 0.903, cycle_B: 0.120, gp: 0.337

--- iter tau=0.1691 ---
  cipher in : kpfsccncpspglejmknpmnbprplkhpcsfpedekfplnpeplnpebpkbpephsjnpfeje
  decrypted : o rinnen i lhscfoe fed n hon nir sbsor he s he sd od s nice rscs
  real plain: pie he absence of accepable conr programs in sch a case hoeer e 
  cipher in : pegemmpcnnmsrncpkcnepsjblkrpkcnebpnphbplenpefcpnpbnnaplnhpnnjlnj
  decrypted :  slsff neefinen ones icdhon onesd e nd hse srn e deen hen eechec
  real plain: me friend of he presiden he arried in ashingon abo he same ime d
[Rank 0] (epoch: 34, iters: 11072, time: 0.001, data: 0.001) , D_A: 0.195, G_A: 0.929, cycle_A: 0.172, D_B: 0.180, G_B: 0.962, cycle_B: 0.140, gp: 0.175

saving the latest model (epoch 34, total_iters 1160000)
[Rank 0] (epoch: 34, iters: 12672, time: 0.001, data: 0.001) , D_A: 0.219, G_A: 1.001, cycle_A: 0.172, D_B: 0.294, G_B: 0.927, cycle_B: 0.122, gp: 0.286

[Rank 0] (epoch: 34, iters: 14272, time: 0.001, data: 0.001) , D_A: 0.091, G_A: 0.950, cycle_A: 0.170, D_B: 0.199, G_B: 0.992, cycle_B: 0.126, gp: 0.193

[Rank 0] (epoch: 34, iters: 15872, time: 0.001, data: 0.001) , D_A: 0.138, G_A: 0.990, cycle_A: 0.178, D_B: 0.164, G_B: 0.920, cycle_B: 0.130, gp: 0.161

[Rank 0] (epoch: 34, iters: 17472, time: 0.001, data: 0.001) , D_A: 0.111, G_A: 0.946, cycle_A: 0.180, D_B: 0.297, G_B: 0.952, cycle_B: 0.118, gp: 0.291

[Rank 0] (epoch: 34, iters: 19072, time: 0.001, data: 0.001) , D_A: 0.203, G_A: 0.986, cycle_A: 0.179, D_B: 0.198, G_B: 0.940, cycle_B: 0.134, gp: 0.195

[Rank 0] (epoch: 34, iters: 20672, time: 0.001, data: 0.001) , D_A: 0.208, G_A: 0.996, cycle_A: 0.177, D_B: 0.153, G_B: 0.881, cycle_B: 0.134, gp: 0.147

[Rank 0] (epoch: 34, iters: 22272, time: 0.001, data: 0.001) , D_A: 0.159, G_A: 0.981, cycle_A: 0.165, D_B: 0.259, G_B: 0.901, cycle_B: 0.132, gp: 0.255

[Rank 0] (epoch: 34, iters: 23872, time: 0.001, data: 0.001) , D_A: 0.127, G_A: 0.824, cycle_A: 0.175, D_B: 0.116, G_B: 0.888, cycle_B: 0.130, gp: 0.112

[Rank 0] (epoch: 34, iters: 25472, time: 0.001, data: 0.001) , D_A: 0.178, G_A: 0.889, cycle_A: 0.176, D_B: 0.192, G_B: 0.997, cycle_B: 0.128, gp: 0.182

[Rank 0] (epoch: 34, iters: 27072, time: 0.001, data: 0.001) , D_A: 0.282, G_A: 0.895, cycle_A: 0.170, D_B: 0.184, G_B: 0.548, cycle_B: 0.133, gp: 0.147

[Rank 0] (epoch: 34, iters: 28672, time: 0.001, data: 0.001) , D_A: 0.202, G_A: 0.991, cycle_A: 0.160, D_B: 0.277, G_B: 0.997, cycle_B: 0.140, gp: 0.271

[Rank 0] (epoch: 34, iters: 30272, time: 0.001, data: 0.001) , D_A: 0.261, G_A: 0.920, cycle_A: 0.175, D_B: 0.236, G_B: 0.932, cycle_B: 0.125, gp: 0.233

[Rank 0] (epoch: 34, iters: 31872, time: 0.001, data: 0.001) , D_A: 0.121, G_A: 0.939, cycle_A: 0.172, D_B: 0.220, G_B: 0.950, cycle_B: 0.139, gp: 0.212

[Rank 0] (epoch: 34, iters: 33472, time: 0.001, data: 0.001) , D_A: 0.223, G_A: 0.922, cycle_A: 0.188, D_B: 0.248, G_B: 1.023, cycle_B: 0.142, gp: 0.236

learning rate 0.0002000 -> 0.0002000
temperature tau = 0.1637
End of epoch 34 / 50 	 Time Taken: 28 sec
[Rank 0] (epoch: 35, iters: 256, time: 0.001, data: 0.001) , D_A: 0.217, G_A: 0.933, cycle_A: 0.170, D_B: 0.179, G_B: 0.898, cycle_B: 0.140, gp: 0.172

[Rank 0] (epoch: 35, iters: 1856, time: 0.001, data: 0.000) , D_A: 0.277, G_A: 0.959, cycle_A: 0.171, D_B: 0.179, G_B: 0.962, cycle_B: 0.144, gp: 0.174

[Rank 0] (epoch: 35, iters: 3456, time: 0.001, data: 0.001) , D_A: 0.188, G_A: 0.968, cycle_A: 0.181, D_B: 0.176, G_B: 0.958, cycle_B: 0.138, gp: 0.172

[Rank 0] (epoch: 35, iters: 5056, time: 0.001, data: 0.001) , D_A: 0.249, G_A: 0.935, cycle_A: 0.161, D_B: 0.222, G_B: 0.930, cycle_B: 0.147, gp: 0.214

[Rank 0] (epoch: 35, iters: 6656, time: 0.001, data: 0.001) , D_A: 0.150, G_A: 0.996, cycle_A: 0.171, D_B: 0.219, G_B: 0.928, cycle_B: 0.134, gp: 0.215

[Rank 0] (epoch: 35, iters: 8256, time: 0.001, data: 0.001) , D_A: 0.209, G_A: 0.846, cycle_A: 0.176, D_B: 0.244, G_B: 0.913, cycle_B: 0.132, gp: 0.237

[Rank 0] (epoch: 35, iters: 9856, time: 0.001, data: 0.001) , D_A: 0.309, G_A: 0.982, cycle_A: 0.159, D_B: 0.403, G_B: 1.031, cycle_B: 0.126, gp: 0.398

[Rank 0] (epoch: 35, iters: 11456, time: 0.001, data: 0.001) , D_A: 0.184, G_A: 0.955, cycle_A: 0.171, D_B: 0.239, G_B: 1.011, cycle_B: 0.133, gp: 0.231

[Rank 0] (epoch: 35, iters: 13056, time: 0.001, data: 0.001) , D_A: 0.270, G_A: 1.044, cycle_A: 0.177, D_B: 0.242, G_B: 0.983, cycle_B: 0.140, gp: 0.235

[Rank 0] (epoch: 35, iters: 14656, time: 0.001, data: 0.001) , D_A: 0.245, G_A: 0.934, cycle_A: 0.179, D_B: 0.231, G_B: 0.948, cycle_B: 0.121, gp: 0.227

--- iter tau=0.1637 ---
  cipher in :  mnpmsbbpsphnpbekcpaenpoknmpqnnmkfdplnprekfpkbpedekfpeplnphnfksf
  decrypted : ape pidd i ne dson nse loep neeporb he nsor od sbsor s he neroir
  real plain: n in m naie chicago here sch sogg acqiesence old be looked pon a
  cipher in : mkgspkmmp nprsrmejpcjnbbpqsjplnpshnfplnphnfpkmmp npkfpnbnjfpekjn
  decrypted : poli opp ae ninpsc ncedd nic he iner he ner opp ae or edecr soce
  real plain: papa as disappoined ha none of he brohers had heard he call no g
[Rank 0] (epoch: 35, iters: 16256, time: 0.001, data: 0.001) , D_A: 0.265, G_A: 0.974, cycle_A: 0.182, D_B: 0.317, G_B: 0.982, cycle_B: 0.142, gp: 0.312

saving the latest model (epoch 35, total_iters 1200000)
[Rank 0] (epoch: 35, iters: 17856, time: 0.001, data: 0.001) , D_A: 0.308, G_A: 0.991, cycle_A: 0.175, D_B: 0.235, G_B: 0.932, cycle_B: 0.114, gp: 0.228

[Rank 0] (epoch: 35, iters: 19456, time: 0.001, data: 0.001) , D_A: 0.245, G_A: 1.006, cycle_A: 0.177, D_B: 0.362, G_B: 0.947, cycle_B: 0.130, gp: 0.359

[Rank 0] (epoch: 35, iters: 21056, time: 0.001, data: 0.001) , D_A: 0.225, G_A: 0.901, cycle_A: 0.184, D_B: 0.200, G_B: 1.075, cycle_B: 0.129, gp: 0.187

[Rank 0] (epoch: 35, iters: 22656, time: 0.001, data: 0.001) , D_A: 0.233, G_A: 0.981, cycle_A: 0.165, D_B: 0.197, G_B: 0.861, cycle_B: 0.133, gp: 0.186

[Rank 0] (epoch: 35, iters: 24256, time: 0.001, data: 0.001) , D_A: 0.294, G_A: 0.944, cycle_A: 0.173, D_B: 0.196, G_B: 1.008, cycle_B: 0.125, gp: 0.192

[Rank 0] (epoch: 35, iters: 25856, time: 0.001, data: 0.001) , D_A: 0.201, G_A: 0.973, cycle_A: 0.166, D_B: 0.166, G_B: 0.995, cycle_B: 0.128, gp: 0.160

[Rank 0] (epoch: 35, iters: 27456, time: 0.001, data: 0.001) , D_A: 0.193, G_A: 0.998, cycle_A: 0.177, D_B: 0.235, G_B: 0.930, cycle_B: 0.129, gp: 0.228

[Rank 0] (epoch: 35, iters: 29056, time: 0.001, data: 0.001) , D_A: 0.201, G_A: 0.952, cycle_A: 0.171, D_B: 0.345, G_B: 0.854, cycle_B: 0.132, gp: 0.331

[Rank 0] (epoch: 35, iters: 30656, time: 0.001, data: 0.001) , D_A: 0.315, G_A: 0.623, cycle_A: 0.172, D_B: 0.205, G_B: 1.041, cycle_B: 0.125, gp: 0.193

[Rank 0] (epoch: 35, iters: 32256, time: 0.001, data: 0.001) , D_A: 0.184, G_A: 0.925, cycle_A: 0.178, D_B: 0.270, G_B: 0.985, cycle_B: 0.132, gp: 0.265

[Rank 0] (epoch: 35, iters: 33856, time: 0.001, data: 0.001) , D_A: 0.221, G_A: 0.895, cycle_A: 0.170, D_B: 0.234, G_B: 1.042, cycle_B: 0.126, gp: 0.223

learning rate 0.0002000 -> 0.0002000
temperature tau = 0.1584
End of epoch 35 / 50 	 Time Taken: 28 sec
[Rank 0] (epoch: 36, iters: 640, time: 0.001, data: 0.001) , D_A: 0.140, G_A: 0.950, cycle_A: 0.161, D_B: 0.355, G_B: 0.889, cycle_B: 0.133, gp: 0.346

[Rank 0] (epoch: 36, iters: 2240, time: 0.001, data: 0.000) , D_A: 0.211, G_A: 0.946, cycle_A: 0.167, D_B: 0.251, G_B: 1.005, cycle_B: 0.129, gp: 0.246

[Rank 0] (epoch: 36, iters: 3840, time: 0.001, data: 0.001) , D_A: 0.225, G_A: 0.986, cycle_A: 0.179, D_B: 0.238, G_B: 0.912, cycle_B: 0.128, gp: 0.233

[Rank 0] (epoch: 36, iters: 5440, time: 0.001, data: 0.001) , D_A: 0.163, G_A: 0.965, cycle_A: 0.176, D_B: 0.306, G_B: 1.003, cycle_B: 0.128, gp: 0.301

[Rank 0] (epoch: 36, iters: 7040, time: 0.001, data: 0.001) , D_A: 0.190, G_A: 0.990, cycle_A: 0.176, D_B: 0.259, G_B: 0.960, cycle_B: 0.126, gp: 0.253

[Rank 0] (epoch: 36, iters: 8640, time: 0.001, data: 0.001) , D_A: 0.184, G_A: 1.034, cycle_A: 0.174, D_B: 0.220, G_B: 0.937, cycle_B: 0.135, gp: 0.211

[Rank 0] (epoch: 36, iters: 10240, time: 0.001, data: 0.001) , D_A: 0.177, G_A: 0.987, cycle_A: 0.175, D_B: 0.218, G_B: 0.973, cycle_B: 0.127, gp: 0.212

[Rank 0] (epoch: 36, iters: 11840, time: 0.001, data: 0.001) , D_A: 0.187, G_A: 0.945, cycle_A: 0.170, D_B: 0.240, G_B: 0.923, cycle_B: 0.139, gp: 0.234

[Rank 0] (epoch: 36, iters: 13440, time: 0.001, data: 0.001) , D_A: 0.197, G_A: 0.940, cycle_A: 0.165, D_B: 0.283, G_B: 0.887, cycle_B: 0.136, gp: 0.278

[Rank 0] (epoch: 36, iters: 15040, time: 0.001, data: 0.001) , D_A: 0.133, G_A: 0.982, cycle_A: 0.189, D_B: 0.247, G_B: 1.015, cycle_B: 0.133, gp: 0.244

[Rank 0] (epoch: 36, iters: 16640, time: 0.001, data: 0.001) , D_A: 0.202, G_A: 0.965, cycle_A: 0.185, D_B: 0.318, G_B: 0.984, cycle_B: 0.133, gp: 0.311

[Rank 0] (epoch: 36, iters: 18240, time: 0.001, data: 0.001) , D_A: 0.196, G_A: 0.974, cycle_A: 0.187, D_B: 0.321, G_B: 0.957, cycle_B: 0.128, gp: 0.316

[Rank 0] (epoch: 36, iters: 19840, time: 0.001, data: 0.001) , D_A: 0.111, G_A: 0.942, cycle_A: 0.158, D_B: 0.250, G_B: 0.930, cycle_B: 0.138, gp: 0.239

--- iter tau=0.1584 ---
  cipher in : cpkfplnprjkpefcpqsfcplnpqkjbpsfnpreplecpepafegapqsjplkckfdplnpaf
  decrypted : n or he ngo srn nirn he nogd ire ns hsn s nrsln nig honorb he nr
  real plain: e did o go o school ha is his she asked rning sddenl don o kno a
  cipher in : mnpsqpsjksmnprmefbpqsjpepcjknpsfplnpehnjkgefpmnednprnffefplnmcpl
  decrypted : pe in igoipe npsrd nig s ngoe ir he snegolsr pesbe nerrsr hepn h
  real plain:  been obsered ha he increasing nmber of irish caholics priess an
[Rank 0] (epoch: 36, iters: 21440, time: 0.001, data: 0.001) , D_A: 0.210, G_A: 1.029, cycle_A: 0.176, D_B: 0.194, G_B: 0.927, cycle_B: 0.133, gp: 0.186

saving the latest model (epoch 36, total_iters 1240000)
[Rank 0] (epoch: 36, iters: 23040, time: 0.001, data: 0.001) , D_A: 0.126, G_A: 0.953, cycle_A: 0.171, D_B: 0.207, G_B: 0.872, cycle_B: 0.134, gp: 0.194

[Rank 0] (epoch: 36, iters: 24640, time: 0.001, data: 0.001) , D_A: 0.128, G_A: 0.942, cycle_A: 0.178, D_B: 0.321, G_B: 1.016, cycle_B: 0.130, gp: 0.312

[Rank 0] (epoch: 36, iters: 26240, time: 0.001, data: 0.001) , D_A: 0.247, G_A: 0.970, cycle_A: 0.173, D_B: 0.263, G_B: 0.975, cycle_B: 0.130, gp: 0.258

[Rank 0] (epoch: 36, iters: 27840, time: 0.001, data: 0.001) , D_A: 0.191, G_A: 0.957, cycle_A: 0.169, D_B: 0.202, G_B: 0.938, cycle_B: 0.142, gp: 0.199

[Rank 0] (epoch: 36, iters: 29440, time: 0.001, data: 0.001) , D_A: 0.184, G_A: 0.923, cycle_A: 0.178, D_B: 0.217, G_B: 0.897, cycle_B: 0.132, gp: 0.210

[Rank 0] (epoch: 36, iters: 31040, time: 0.001, data: 0.001) , D_A: 0.242, G_A: 0.996, cycle_A: 0.193, D_B: 0.267, G_B: 0.937, cycle_B: 0.133, gp: 0.261

[Rank 0] (epoch: 36, iters: 32640, time: 0.001, data: 0.001) , D_A: 0.247, G_A: 1.079, cycle_A: 0.162, D_B: 0.250, G_B: 0.936, cycle_B: 0.134, gp: 0.243

[Rank 0] (epoch: 36, iters: 34240, time: 0.001, data: 0.001) , D_A: 0.258, G_A: 0.975, cycle_A: 0.164, D_B: 0.192, G_B: 0.765, cycle_B: 0.127, gp: 0.174

learning rate 0.0002000 -> 0.0002000
temperature tau = 0.1533
End of epoch 36 / 50 	 Time Taken: 28 sec
[Rank 0] (epoch: 37, iters: 1024, time: 0.001, data: 0.000) , D_A: 0.185, G_A: 0.976, cycle_A: 0.173, D_B: 0.187, G_B: 0.952, cycle_B: 0.137, gp: 0.181

[Rank 0] (epoch: 37, iters: 2624, time: 0.001, data: 0.001) , D_A: 0.235, G_A: 0.949, cycle_A: 0.174, D_B: 0.236, G_B: 0.938, cycle_B: 0.142, gp: 0.232

[Rank 0] (epoch: 37, iters: 4224, time: 0.001, data: 0.001) , D_A: 0.098, G_A: 0.931, cycle_A: 0.177, D_B: 0.240, G_B: 0.895, cycle_B: 0.127, gp: 0.231

[Rank 0] (epoch: 37, iters: 5824, time: 0.001, data: 0.001) , D_A: 0.159, G_A: 0.930, cycle_A: 0.172, D_B: 0.178, G_B: 0.950, cycle_B: 0.127, gp: 0.173

[Rank 0] (epoch: 37, iters: 7424, time: 0.001, data: 0.001) , D_A: 0.206, G_A: 0.942, cycle_A: 0.174, D_B: 0.205, G_B: 0.897, cycle_B: 0.144, gp: 0.199

[Rank 0] (epoch: 37, iters: 9024, time: 0.001, data: 0.001) , D_A: 0.213, G_A: 0.991, cycle_A: 0.179, D_B: 0.351, G_B: 0.973, cycle_B: 0.134, gp: 0.347

[Rank 0] (epoch: 37, iters: 10624, time: 0.001, data: 0.001) , D_A: 0.208, G_A: 0.968, cycle_A: 0.156, D_B: 0.227, G_B: 0.911, cycle_B: 0.128, gp: 0.214

[Rank 0] (epoch: 37, iters: 12224, time: 0.001, data: 0.001) , D_A: 0.217, G_A: 0.873, cycle_A: 0.171, D_B: 0.222, G_B: 0.957, cycle_B: 0.138, gp: 0.216

[Rank 0] (epoch: 37, iters: 13824, time: 0.001, data: 0.001) , D_A: 0.374, G_A: 0.924, cycle_A: 0.176, D_B: 0.326, G_B: 0.989, cycle_B: 0.134, gp: 0.322

[Rank 0] (epoch: 37, iters: 15424, time: 0.001, data: 0.001) , D_A: 0.320, G_A: 1.014, cycle_A: 0.181, D_B: 0.238, G_B: 0.982, cycle_B: 0.132, gp: 0.236

[Rank 0] (epoch: 37, iters: 17024, time: 0.001, data: 0.001) , D_A: 0.204, G_A: 0.972, cycle_A: 0.170, D_B: 0.219, G_B: 0.970, cycle_B: 0.133, gp: 0.212

[Rank 0] (epoch: 37, iters: 18624, time: 0.001, data: 0.001) , D_A: 0.142, G_A: 0.962, cycle_A: 0.181, D_B: 0.240, G_B: 0.794, cycle_B: 0.125, gp: 0.235

[Rank 0] (epoch: 37, iters: 20224, time: 0.001, data: 0.001) , D_A: 0.492, G_A: 0.952, cycle_A: 0.413, D_B: 0.639, G_B: 0.507, cycle_B: 0.674, gp: 0.538

[Rank 0] (epoch: 37, iters: 21824, time: 0.001, data: 0.001) , D_A: 0.405, G_A: 0.740, cycle_A: 0.208, D_B: 0.439, G_B: 0.802, cycle_B: 0.367, gp: 0.417

[Rank 0] (epoch: 37, iters: 23424, time: 0.001, data: 0.001) , D_A: 0.349, G_A: 0.754, cycle_A: 0.193, D_B: 0.348, G_B: 0.863, cycle_B: 0.175, gp: 0.330

[Rank 0] (epoch: 37, iters: 25024, time: 0.001, data: 0.001) , D_A: 0.221, G_A: 0.891, cycle_A: 0.181, D_B: 0.240, G_B: 0.917, cycle_B: 0.160, gp: 0.226

--- iter tau=0.1533 ---
  cipher in : splnpbenplnjnpebpfspcn enpebplnpbnfenprebbncplnp kmmpsfpsplnplsb
  decrypted : i he dse hece sd ri nease sd he derse nsdden he aoff ir i he hid
  real plain: gain hen a ild hogh ran circles hrogh his cloded brain sppose js
  cipher in : mbspleplnpkbphnjnmphsjnphkfcqmpsqpelmnkgbplefpsqpnblnkgbpeplnprj
  decrypted : fdi hs he od necef nice nornnf in shfeold hsr in edheold s he nc
  real plain: appened he glf beeen he rich and he poor has narroed in he indsr
[Rank 0] (epoch: 37, iters: 26624, time: 0.001, data: 0.001) , D_A: 0.442, G_A: 0.863, cycle_A: 0.180, D_B: 0.325, G_B: 0.985, cycle_B: 0.155, gp: 0.318

saving the latest model (epoch 37, total_iters 1280000)
[Rank 0] (epoch: 37, iters: 28224, time: 0.001, data: 0.001) , D_A: 0.389, G_A: 0.774, cycle_A: 0.162, D_B: 0.259, G_B: 0.965, cycle_B: 0.169, gp: 0.251

[Rank 0] (epoch: 37, iters: 29824, time: 0.001, data: 0.001) , D_A: 0.278, G_A: 0.949, cycle_A: 0.168, D_B: 0.217, G_B: 0.938, cycle_B: 0.153, gp: 0.213

[Rank 0] (epoch: 37, iters: 31424, time: 0.001, data: 0.001) , D_A: 0.267, G_A: 1.004, cycle_A: 0.178, D_B: 0.274, G_B: 0.915, cycle_B: 0.158, gp: 0.262

[Rank 0] (epoch: 37, iters: 33024, time: 0.001, data: 0.001) , D_A: 0.314, G_A: 0.851, cycle_A: 0.177, D_B: 0.226, G_B: 0.948, cycle_B: 0.163, gp: 0.219

[Rank 0] (epoch: 37, iters: 34624, time: 0.001, data: 0.001) , D_A: 0.236, G_A: 0.870, cycle_A: 0.165, D_B: 0.209, G_B: 0.952, cycle_B: 0.158, gp: 0.206

learning rate 0.0002000 -> 0.0002000
temperature tau = 0.1483
End of epoch 37 / 50 	 Time Taken: 28 sec
[Rank 0] (epoch: 38, iters: 1408, time: 0.001, data: 0.000) , D_A: 0.357, G_A: 0.940, cycle_A: 0.161, D_B: 0.199, G_B: 0.980, cycle_B: 0.153, gp: 0.193

[Rank 0] (epoch: 38, iters: 3008, time: 0.001, data: 0.001) , D_A: 0.253, G_A: 0.903, cycle_A: 0.174, D_B: 0.277, G_B: 0.924, cycle_B: 0.164, gp: 0.273

[Rank 0] (epoch: 38, iters: 4608, time: 0.001, data: 0.001) , D_A: 0.243, G_A: 0.985, cycle_A: 0.159, D_B: 0.248, G_B: 0.810, cycle_B: 0.148, gp: 0.244

[Rank 0] (epoch: 38, iters: 6208, time: 0.001, data: 0.001) , D_A: 0.250, G_A: 0.973, cycle_A: 0.171, D_B: 0.291, G_B: 0.861, cycle_B: 0.159, gp: 0.281

[Rank 0] (epoch: 38, iters: 7808, time: 0.001, data: 0.001) , D_A: 0.348, G_A: 0.813, cycle_A: 0.166, D_B: 0.242, G_B: 0.945, cycle_B: 0.158, gp: 0.236

[Rank 0] (epoch: 38, iters: 9408, time: 0.001, data: 0.001) , D_A: 0.198, G_A: 0.949, cycle_A: 0.173, D_B: 0.353, G_B: 0.901, cycle_B: 0.150, gp: 0.345

[Rank 0] (epoch: 38, iters: 11008, time: 0.001, data: 0.001) , D_A: 0.226, G_A: 0.972, cycle_A: 0.181, D_B: 0.245, G_B: 0.999, cycle_B: 0.165, gp: 0.242

[Rank 0] (epoch: 38, iters: 12608, time: 0.001, data: 0.001) , D_A: 0.299, G_A: 0.928, cycle_A: 0.164, D_B: 0.220, G_B: 0.897, cycle_B: 0.140, gp: 0.213

[Rank 0] (epoch: 38, iters: 14208, time: 0.001, data: 0.001) , D_A: 0.255, G_A: 0.964, cycle_A: 0.153, D_B: 0.345, G_B: 0.874, cycle_B: 0.150, gp: 0.335

[Rank 0] (epoch: 38, iters: 15808, time: 0.001, data: 0.001) , D_A: 0.260, G_A: 0.959, cycle_A: 0.165, D_B: 0.273, G_B: 1.073, cycle_B: 0.157, gp: 0.264

[Rank 0] (epoch: 38, iters: 17408, time: 0.001, data: 0.001) , D_A: 0.203, G_A: 1.005, cycle_A: 0.162, D_B: 0.321, G_B: 0.987, cycle_B: 0.153, gp: 0.313

[Rank 0] (epoch: 38, iters: 19008, time: 0.001, data: 0.001) , D_A: 0.228, G_A: 0.962, cycle_A: 0.182, D_B: 0.282, G_B: 0.978, cycle_B: 0.161, gp: 0.276

[Rank 0] (epoch: 38, iters: 20608, time: 0.001, data: 0.001) , D_A: 0.278, G_A: 0.971, cycle_A: 0.166, D_B: 0.233, G_B: 0.846, cycle_B: 0.162, gp: 0.227

[Rank 0] (epoch: 38, iters: 22208, time: 0.001, data: 0.001) , D_A: 0.266, G_A: 0.978, cycle_A: 0.173, D_B: 0.236, G_B: 0.698, cycle_B: 0.153, gp: 0.229

[Rank 0] (epoch: 38, iters: 23808, time: 0.001, data: 0.001) , D_A: 0.275, G_A: 0.886, cycle_A: 0.168, D_B: 0.337, G_B: 0.915, cycle_B: 0.155, gp: 0.330

[Rank 0] (epoch: 38, iters: 25408, time: 0.001, data: 0.001) , D_A: 0.165, G_A: 0.935, cycle_A: 0.167, D_B: 0.163, G_B: 0.927, cycle_B: 0.153, gp: 0.157

[Rank 0] (epoch: 38, iters: 27008, time: 0.001, data: 0.001) , D_A: 0.217, G_A: 0.982, cycle_A: 0.176, D_B: 0.214, G_B: 0.973, cycle_B: 0.156, gp: 0.206

[Rank 0] (epoch: 38, iters: 28608, time: 0.001, data: 0.001) , D_A: 0.319, G_A: 0.923, cycle_A: 0.162, D_B: 0.290, G_B: 0.853, cycle_B: 0.170, gp: 0.286

[Rank 0] (epoch: 38, iters: 30208, time: 0.001, data: 0.001) , D_A: 0.231, G_A: 0.968, cycle_A: 0.178, D_B: 0.424, G_B: 1.019, cycle_B: 0.150, gp: 0.418

--- iter tau=0.1483 ---
  cipher in : nkjplnecplnp megapqcspbnnhncpspbejnpjkdkcmp egapeplkhpefcpjkglej
  decrypted : eog hesn he afslo nni deenen i dsge gobonf aslo s hon srn golhsg
  real plain:  care he planed he pans seeds himself bing hem from a pans speci
  cipher in : mkncpnjnpfspmsfdnjpbekbqegsjpsphefplnfpgbshbpnjnpjerkcmpglefdkfd
  decrypted : foen ege ri firbeg dsodnslig i nsr her ldind ege gsnonf lhsrborb
  real plain:  press i on plaser board if design head has a deep cai cla lid i
[Rank 0] (epoch: 38, iters: 31808, time: 0.001, data: 0.001) , D_A: 0.242, G_A: 0.991, cycle_A: 0.167, D_B: 0.259, G_B: 0.827, cycle_B: 0.162, gp: 0.242

saving the latest model (epoch 38, total_iters 1320000)
[Rank 0] (epoch: 38, iters: 33408, time: 0.001, data: 0.001) , D_A: 0.264, G_A: 0.966, cycle_A: 0.168, D_B: 0.149, G_B: 1.025, cycle_B: 0.167, gp: 0.142

learning rate 0.0002000 -> 0.0002000
temperature tau = 0.1435
End of epoch 38 / 50 	 Time Taken: 28 sec
[Rank 0] (epoch: 39, iters: 192, time: 0.001, data: 0.001) , D_A: 0.272, G_A: 0.752, cycle_A: 0.159, D_B: 0.181, G_B: 0.992, cycle_B: 0.163, gp: 0.177

[Rank 0] (epoch: 39, iters: 1792, time: 0.001, data: 0.002) , D_A: 0.276, G_A: 0.931, cycle_A: 0.177, D_B: 0.201, G_B: 0.935, cycle_B: 0.165, gp: 0.196

[Rank 0] (epoch: 39, iters: 3392, time: 0.001, data: 0.001) , D_A: 0.319, G_A: 0.910, cycle_A: 0.172, D_B: 0.245, G_B: 0.868, cycle_B: 0.168, gp: 0.231

[Rank 0] (epoch: 39, iters: 4992, time: 0.001, data: 0.001) , D_A: 0.340, G_A: 0.930, cycle_A: 0.176, D_B: 0.379, G_B: 0.940, cycle_B: 0.173, gp: 0.375

[Rank 0] (epoch: 39, iters: 6592, time: 0.001, data: 0.001) , D_A: 0.182, G_A: 0.981, cycle_A: 0.166, D_B: 0.330, G_B: 0.978, cycle_B: 0.159, gp: 0.325

[Rank 0] (epoch: 39, iters: 8192, time: 0.001, data: 0.001) , D_A: 0.251, G_A: 0.943, cycle_A: 0.173, D_B: 0.384, G_B: 1.004, cycle_B: 0.155, gp: 0.380

[Rank 0] (epoch: 39, iters: 9792, time: 0.001, data: 0.001) , D_A: 0.402, G_A: 0.906, cycle_A: 0.168, D_B: 0.366, G_B: 0.761, cycle_B: 0.152, gp: 0.360

[Rank 0] (epoch: 39, iters: 11392, time: 0.001, data: 0.001) , D_A: 0.292, G_A: 0.936, cycle_A: 0.180, D_B: 0.275, G_B: 0.892, cycle_B: 0.158, gp: 0.265

[Rank 0] (epoch: 39, iters: 12992, time: 0.001, data: 0.001) , D_A: 0.263, G_A: 0.977, cycle_A: 0.173, D_B: 0.258, G_B: 1.012, cycle_B: 0.174, gp: 0.249

[Rank 0] (epoch: 39, iters: 14592, time: 0.001, data: 0.001) , D_A: 0.203, G_A: 0.958, cycle_A: 0.157, D_B: 0.209, G_B: 0.955, cycle_B: 0.147, gp: 0.204

[Rank 0] (epoch: 39, iters: 16192, time: 0.001, data: 0.001) , D_A: 0.224, G_A: 1.012, cycle_A: 0.174, D_B: 0.224, G_B: 0.793, cycle_B: 0.166, gp: 0.194

[Rank 0] (epoch: 39, iters: 17792, time: 0.001, data: 0.001) , D_A: 0.305, G_A: 1.021, cycle_A: 0.166, D_B: 0.281, G_B: 0.951, cycle_B: 0.136, gp: 0.266

[Rank 0] (epoch: 39, iters: 19392, time: 0.001, data: 0.001) , D_A: 0.218, G_A: 0.968, cycle_A: 0.196, D_B: 0.237, G_B: 0.988, cycle_B: 0.161, gp: 0.230

[Rank 0] (epoch: 39, iters: 20992, time: 0.001, data: 0.001) , D_A: 0.252, G_A: 0.995, cycle_A: 0.163, D_B: 0.252, G_B: 0.984, cycle_B: 0.160, gp: 0.246

[Rank 0] (epoch: 39, iters: 22592, time: 0.001, data: 0.001) , D_A: 0.272, G_A: 0.941, cycle_A: 0.170, D_B: 0.283, G_B: 0.958, cycle_B: 0.161, gp: 0.274

[Rank 0] (epoch: 39, iters: 24192, time: 0.001, data: 0.001) , D_A: 0.200, G_A: 0.939, cycle_A: 0.164, D_B: 0.261, G_B: 0.895, cycle_B: 0.146, gp: 0.254

[Rank 0] (epoch: 39, iters: 25792, time: 0.001, data: 0.001) , D_A: 0.246, G_A: 0.958, cycle_A: 0.174, D_B: 0.236, G_B: 0.895, cycle_B: 0.154, gp: 0.230

[Rank 0] (epoch: 39, iters: 27392, time: 0.001, data: 0.001) , D_A: 0.212, G_A: 1.029, cycle_A: 0.171, D_B: 0.250, G_B: 0.930, cycle_B: 0.156, gp: 0.244

[Rank 0] (epoch: 39, iters: 28992, time: 0.001, data: 0.001) , D_A: 0.183, G_A: 0.712, cycle_A: 0.163, D_B: 0.350, G_B: 0.904, cycle_B: 0.151, gp: 0.340

[Rank 0] (epoch: 39, iters: 30592, time: 0.001, data: 0.001) , D_A: 0.143, G_A: 1.021, cycle_A: 0.167, D_B: 0.293, G_B: 1.022, cycle_B: 0.143, gp: 0.287

[Rank 0] (epoch: 39, iters: 32192, time: 0.001, data: 0.001) , D_A: 0.258, G_A: 0.909, cycle_A: 0.159, D_B: 0.373, G_B: 0.866, cycle_B: 0.158, gp: 0.370

[Rank 0] (epoch: 39, iters: 33792, time: 0.001, data: 0.001) , D_A: 0.186, G_A: 0.987, cycle_A: 0.166, D_B: 0.236, G_B: 0.913, cycle_B: 0.163, gp: 0.226

learning rate 0.0002000 -> 0.0002000
temperature tau = 0.1389
End of epoch 39 / 50 	 Time Taken: 28 sec
[Rank 0] (epoch: 40, iters: 576, time: 0.001, data: 0.000) , D_A: 0.217, G_A: 0.871, cycle_A: 0.158, D_B: 0.365, G_B: 0.985, cycle_B: 0.158, gp: 0.361

--- iter tau=0.1389 ---
  cipher in : fbkbnfgnpnnfpfspkpkmmpfspkfjcnprsfplnjpngnrpspbenpepqnp ejnpqegb
  decrypted : rdoderle eer ri o opp ri orcne nir hec elen i dse s ne asce nsld
  real plain: of hes righ here ms be a line and brao garr conine seeing heir h
  cipher in : mefnjplebpgshrsbncpqsjplkbpnrkbscnpkbpqsjplnphsbprejpjelnjprjnpe
  decrypted : psrec hsd linniden nic hod enodine od nic he nid nsc cshec nce s
  real plain: rral commniies and oher smaller grops making cerain ha no impora
[Rank 0] (epoch: 40, iters: 2176, time: 0.001, data: 0.000) , D_A: 0.168, G_A: 0.915, cycle_A: 0.173, D_B: 0.255, G_B: 0.914, cycle_B: 0.154, gp: 0.250

saving the latest model (epoch 40, total_iters 1360000)
[Rank 0] (epoch: 40, iters: 3776, time: 0.001, data: 0.001) , D_A: 0.217, G_A: 0.889, cycle_A: 0.162, D_B: 0.336, G_B: 0.911, cycle_B: 0.152, gp: 0.326

[Rank 0] (epoch: 40, iters: 5376, time: 0.001, data: 0.001) , D_A: 0.238, G_A: 0.987, cycle_A: 0.174, D_B: 0.298, G_B: 0.916, cycle_B: 0.151, gp: 0.294

[Rank 0] (epoch: 40, iters: 6976, time: 0.001, data: 0.001) , D_A: 0.229, G_A: 0.927, cycle_A: 0.173, D_B: 0.231, G_B: 0.964, cycle_B: 0.145, gp: 0.224

[Rank 0] (epoch: 40, iters: 8576, time: 0.001, data: 0.001) , D_A: 0.272, G_A: 0.840, cycle_A: 0.166, D_B: 0.255, G_B: 0.938, cycle_B: 0.157, gp: 0.251

[Rank 0] (epoch: 40, iters: 10176, time: 0.001, data: 0.001) , D_A: 0.271, G_A: 0.879, cycle_A: 0.151, D_B: 0.287, G_B: 0.936, cycle_B: 0.150, gp: 0.283

[Rank 0] (epoch: 40, iters: 11776, time: 0.001, data: 0.001) , D_A: 0.178, G_A: 0.983, cycle_A: 0.172, D_B: 0.247, G_B: 0.903, cycle_B: 0.155, gp: 0.241

[Rank 0] (epoch: 40, iters: 13376, time: 0.001, data: 0.001) , D_A: 0.256, G_A: 0.838, cycle_A: 0.153, D_B: 0.291, G_B: 0.917, cycle_B: 0.159, gp: 0.286

[Rank 0] (epoch: 40, iters: 14976, time: 0.001, data: 0.001) , D_A: 0.310, G_A: 0.986, cycle_A: 0.163, D_B: 0.198, G_B: 0.925, cycle_B: 0.152, gp: 0.192

[Rank 0] (epoch: 40, iters: 16576, time: 0.001, data: 0.001) , D_A: 0.197, G_A: 0.948, cycle_A: 0.172, D_B: 0.412, G_B: 0.969, cycle_B: 0.159, gp: 0.407

[Rank 0] (epoch: 40, iters: 18176, time: 0.001, data: 0.001) , D_A: 0.230, G_A: 0.984, cycle_A: 0.176, D_B: 0.360, G_B: 0.943, cycle_B: 0.152, gp: 0.355

[Rank 0] (epoch: 40, iters: 19776, time: 0.001, data: 0.001) , D_A: 0.224, G_A: 0.981, cycle_A: 0.157, D_B: 0.334, G_B: 0.918, cycle_B: 0.158, gp: 0.327

[Rank 0] (epoch: 40, iters: 21376, time: 0.001, data: 0.001) , D_A: 0.274, G_A: 0.934, cycle_A: 0.178, D_B: 0.217, G_B: 0.854, cycle_B: 0.155, gp: 0.203

[Rank 0] (epoch: 40, iters: 22976, time: 0.001, data: 0.001) , D_A: 0.317, G_A: 1.016, cycle_A: 0.175, D_B: 0.188, G_B: 0.954, cycle_B: 0.163, gp: 0.185

[Rank 0] (epoch: 40, iters: 24576, time: 0.001, data: 0.001) , D_A: 0.240, G_A: 0.952, cycle_A: 0.173, D_B: 0.289, G_B: 0.977, cycle_B: 0.145, gp: 0.282

[Rank 0] (epoch: 40, iters: 26176, time: 0.001, data: 0.001) , D_A: 0.290, G_A: 0.866, cycle_A: 0.177, D_B: 0.248, G_B: 0.929, cycle_B: 0.153, gp: 0.237

[Rank 0] (epoch: 40, iters: 27776, time: 0.001, data: 0.001) , D_A: 0.259, G_A: 0.877, cycle_A: 0.163, D_B: 0.202, G_B: 0.983, cycle_B: 0.166, gp: 0.197

[Rank 0] (epoch: 40, iters: 29376, time: 0.001, data: 0.001) , D_A: 0.269, G_A: 0.976, cycle_A: 0.168, D_B: 0.279, G_B: 0.999, cycle_B: 0.155, gp: 0.274

[Rank 0] (epoch: 40, iters: 30976, time: 0.001, data: 0.001) , D_A: 0.139, G_A: 0.895, cycle_A: 0.164, D_B: 0.222, G_B: 1.026, cycle_B: 0.154, gp: 0.210

[Rank 0] (epoch: 40, iters: 32576, time: 0.001, data: 0.001) , D_A: 0.141, G_A: 0.960, cycle_A: 0.174, D_B: 0.310, G_B: 0.928, cycle_B: 0.157, gp: 0.299

[Rank 0] (epoch: 40, iters: 34176, time: 0.001, data: 0.001) , D_A: 0.149, G_A: 0.991, cycle_A: 0.175, D_B: 0.171, G_B: 0.987, cycle_B: 0.148, gp: 0.164

learning rate 0.0002000 -> 0.0001818
temperature tau = 0.1344
End of epoch 40 / 50 	 Time Taken: 28 sec
[Rank 0] (epoch: 41, iters: 960, time: 0.001, data: 0.000) , D_A: 0.150, G_A: 0.983, cycle_A: 0.155, D_B: 0.327, G_B: 0.974, cycle_B: 0.155, gp: 0.322

[Rank 0] (epoch: 41, iters: 2560, time: 0.001, data: 0.000) , D_A: 0.231, G_A: 0.917, cycle_A: 0.168, D_B: 0.279, G_B: 0.958, cycle_B: 0.154, gp: 0.273

[Rank 0] (epoch: 41, iters: 4160, time: 0.001, data: 0.001) , D_A: 0.230, G_A: 0.953, cycle_A: 0.178, D_B: 0.217, G_B: 0.991, cycle_B: 0.149, gp: 0.210

[Rank 0] (epoch: 41, iters: 5760, time: 0.001, data: 0.001) , D_A: 0.205, G_A: 0.966, cycle_A: 0.175, D_B: 0.376, G_B: 0.924, cycle_B: 0.142, gp: 0.363

--- iter tau=0.1344 ---
  cipher in : sp npqkncpklplnpekjpgssmncplrpjkdlpjeckempnfdkfnpafsfpebplnplkjm
  decrypted : i ae noen oh he sog liifen hn gobh gsnosf erbore orir sd he hogf
  real plain: ifficl gained a ne rh or banished a preios error he openl procla
  cipher in : pepkcnpemmnphsfnjsplecpbnprpepbjsfdprsbkksfpbkfdpnnjp emnpefcp s
  decrypted :  s one sffe niregi hsn de n s dgirb nidooir dorb eeg asfe srn ai
  real plain: insisence a major porion of he credi shold also go o flais hamd 
[Rank 0] (epoch: 41, iters: 7360, time: 0.001, data: 0.001) , D_A: 0.222, G_A: 0.944, cycle_A: 0.177, D_B: 0.171, G_B: 0.975, cycle_B: 0.161, gp: 0.165

saving the latest model (epoch 41, total_iters 1400000)
[Rank 0] (epoch: 41, iters: 8960, time: 0.001, data: 0.001) , D_A: 0.170, G_A: 0.795, cycle_A: 0.181, D_B: 0.273, G_B: 0.935, cycle_B: 0.150, gp: 0.267

[Rank 0] (epoch: 41, iters: 10560, time: 0.001, data: 0.001) , D_A: 0.146, G_A: 0.962, cycle_A: 0.172, D_B: 0.271, G_B: 0.850, cycle_B: 0.147, gp: 0.267

[Rank 0] (epoch: 41, iters: 12160, time: 0.001, data: 0.001) , D_A: 0.189, G_A: 0.876, cycle_A: 0.159, D_B: 0.168, G_B: 0.909, cycle_B: 0.160, gp: 0.162

[Rank 0] (epoch: 41, iters: 13760, time: 0.001, data: 0.001) , D_A: 0.254, G_A: 0.937, cycle_A: 0.149, D_B: 0.244, G_B: 0.986, cycle_B: 0.159, gp: 0.239

[Rank 0] (epoch: 41, iters: 15360, time: 0.001, data: 0.001) , D_A: 0.165, G_A: 0.867, cycle_A: 0.178, D_B: 0.234, G_B: 0.986, cycle_B: 0.152, gp: 0.230

[Rank 0] (epoch: 41, iters: 16960, time: 0.001, data: 0.001) , D_A: 0.269, G_A: 0.918, cycle_A: 0.165, D_B: 0.360, G_B: 0.980, cycle_B: 0.153, gp: 0.351

[Rank 0] (epoch: 41, iters: 18560, time: 0.001, data: 0.001) , D_A: 0.414, G_A: 0.949, cycle_A: 0.166, D_B: 0.393, G_B: 0.874, cycle_B: 0.150, gp: 0.380

[Rank 0] (epoch: 41, iters: 20160, time: 0.001, data: 0.001) , D_A: 0.287, G_A: 0.964, cycle_A: 0.166, D_B: 0.385, G_B: 1.033, cycle_B: 0.163, gp: 0.375

[Rank 0] (epoch: 41, iters: 21760, time: 0.001, data: 0.001) , D_A: 0.453, G_A: 0.976, cycle_A: 0.161, D_B: 0.240, G_B: 0.935, cycle_B: 0.149, gp: 0.236

[Rank 0] (epoch: 41, iters: 23360, time: 0.001, data: 0.001) , D_A: 0.317, G_A: 0.900, cycle_A: 0.178, D_B: 0.307, G_B: 0.939, cycle_B: 0.146, gp: 0.299

[Rank 0] (epoch: 41, iters: 24960, time: 0.001, data: 0.001) , D_A: 0.270, G_A: 1.027, cycle_A: 0.162, D_B: 0.234, G_B: 0.857, cycle_B: 0.152, gp: 0.219

[Rank 0] (epoch: 41, iters: 26560, time: 0.001, data: 0.001) , D_A: 0.205, G_A: 0.972, cycle_A: 0.168, D_B: 0.314, G_B: 0.781, cycle_B: 0.150, gp: 0.294

[Rank 0] (epoch: 41, iters: 28160, time: 0.001, data: 0.001) , D_A: 0.193, G_A: 0.942, cycle_A: 0.171, D_B: 0.194, G_B: 1.021, cycle_B: 0.162, gp: 0.191

[Rank 0] (epoch: 41, iters: 29760, time: 0.001, data: 0.001) , D_A: 0.287, G_A: 0.980, cycle_A: 0.175, D_B: 0.358, G_B: 0.863, cycle_B: 0.151, gp: 0.352

[Rank 0] (epoch: 41, iters: 31360, time: 0.001, data: 0.001) , D_A: 0.205, G_A: 0.984, cycle_A: 0.162, D_B: 0.186, G_B: 0.858, cycle_B: 0.153, gp: 0.173

[Rank 0] (epoch: 41, iters: 32960, time: 0.001, data: 0.001) , D_A: 0.205, G_A: 0.924, cycle_A: 0.164, D_B: 0.251, G_B: 0.748, cycle_B: 0.163, gp: 0.233

[Rank 0] (epoch: 41, iters: 34560, time: 0.001, data: 0.001) , D_A: 0.222, G_A: 0.960, cycle_A: 0.170, D_B: 0.223, G_B: 0.907, cycle_B: 0.154, gp: 0.218

learning rate 0.0001818 -> 0.0001636
temperature tau = 0.1301
End of epoch 41 / 50 	 Time Taken: 28 sec
[Rank 0] (epoch: 42, iters: 1344, time: 0.001, data: 0.001) , D_A: 0.156, G_A: 0.969, cycle_A: 0.176, D_B: 0.294, G_B: 0.956, cycle_B: 0.152, gp: 0.288

[Rank 0] (epoch: 42, iters: 2944, time: 0.001, data: 0.001) , D_A: 0.184, G_A: 0.869, cycle_A: 0.172, D_B: 0.255, G_B: 0.954, cycle_B: 0.164, gp: 0.249

[Rank 0] (epoch: 42, iters: 4544, time: 0.001, data: 0.001) , D_A: 0.232, G_A: 0.970, cycle_A: 0.166, D_B: 0.232, G_B: 0.941, cycle_B: 0.149, gp: 0.230

[Rank 0] (epoch: 42, iters: 6144, time: 0.001, data: 0.001) , D_A: 0.197, G_A: 1.005, cycle_A: 0.165, D_B: 0.223, G_B: 0.989, cycle_B: 0.141, gp: 0.217

[Rank 0] (epoch: 42, iters: 7744, time: 0.001, data: 0.001) , D_A: 0.135, G_A: 0.938, cycle_A: 0.171, D_B: 0.214, G_B: 0.972, cycle_B: 0.155, gp: 0.208

[Rank 0] (epoch: 42, iters: 9344, time: 0.001, data: 0.001) , D_A: 0.268, G_A: 0.974, cycle_A: 0.173, D_B: 0.418, G_B: 0.917, cycle_B: 0.146, gp: 0.412

[Rank 0] (epoch: 42, iters: 10944, time: 0.001, data: 0.001) , D_A: 0.166, G_A: 0.988, cycle_A: 0.177, D_B: 0.245, G_B: 0.985, cycle_B: 0.168, gp: 0.242

--- iter tau=0.1301 ---
  cipher in : npjnejckfdpckbgsnjknbplefpnjfnjpsfplnkcnfbehplnpbnckblprsnpefcpf
  decrypted : e gesgnorb nodliegoed hsr egreg ir heonerdsn he denodh nie srn r
  real plain:  he sal ellmeaning rheoric and i as crios abo he african reacion
  cipher in : pejpklpgshhfkbhpbkfgnplnfpfslkfdplebplerrnfncpspbenplnpmkqnpsqpr
  decrypted :  sg oh linnrodn dorle her rihorb hsd hsnneren i dse he pone in n
  real plain: neralie for he enire naion old be absrd for insance e canno kno 
[Rank 0] (epoch: 42, iters: 12544, time: 0.001, data: 0.001) , D_A: 0.174, G_A: 1.001, cycle_A: 0.161, D_B: 0.250, G_B: 0.950, cycle_B: 0.142, gp: 0.242

saving the latest model (epoch 42, total_iters 1440000)
[Rank 0] (epoch: 42, iters: 14144, time: 0.001, data: 0.001) , D_A: 0.231, G_A: 1.026, cycle_A: 0.163, D_B: 0.239, G_B: 0.934, cycle_B: 0.147, gp: 0.228

[Rank 0] (epoch: 42, iters: 15744, time: 0.001, data: 0.001) , D_A: 0.253, G_A: 0.867, cycle_A: 0.165, D_B: 0.244, G_B: 0.940, cycle_B: 0.160, gp: 0.240

[Rank 0] (epoch: 42, iters: 17344, time: 0.001, data: 0.001) , D_A: 0.138, G_A: 0.972, cycle_A: 0.163, D_B: 0.300, G_B: 0.893, cycle_B: 0.156, gp: 0.295

[Rank 0] (epoch: 42, iters: 18944, time: 0.001, data: 0.001) , D_A: 0.151, G_A: 0.761, cycle_A: 0.166, D_B: 0.234, G_B: 0.951, cycle_B: 0.151, gp: 0.230

[Rank 0] (epoch: 42, iters: 20544, time: 0.001, data: 0.001) , D_A: 0.257, G_A: 0.994, cycle_A: 0.154, D_B: 0.364, G_B: 0.934, cycle_B: 0.161, gp: 0.359

[Rank 0] (epoch: 42, iters: 22144, time: 0.001, data: 0.001) , D_A: 0.217, G_A: 0.948, cycle_A: 0.170, D_B: 0.245, G_B: 0.931, cycle_B: 0.153, gp: 0.239

[Rank 0] (epoch: 42, iters: 23744, time: 0.001, data: 0.001) , D_A: 0.199, G_A: 0.986, cycle_A: 0.164, D_B: 0.277, G_B: 0.874, cycle_B: 0.152, gp: 0.272

[Rank 0] (epoch: 42, iters: 25344, time: 0.001, data: 0.001) , D_A: 0.215, G_A: 0.939, cycle_A: 0.171, D_B: 0.164, G_B: 0.820, cycle_B: 0.151, gp: 0.156

[Rank 0] (epoch: 42, iters: 26944, time: 0.001, data: 0.001) , D_A: 0.206, G_A: 0.985, cycle_A: 0.175, D_B: 0.198, G_B: 0.960, cycle_B: 0.153, gp: 0.192

[Rank 0] (epoch: 42, iters: 28544, time: 0.001, data: 0.001) , D_A: 0.365, G_A: 0.987, cycle_A: 0.168, D_B: 0.313, G_B: 0.959, cycle_B: 0.164, gp: 0.306

[Rank 0] (epoch: 42, iters: 30144, time: 0.001, data: 0.001) , D_A: 0.280, G_A: 1.005, cycle_A: 0.152, D_B: 0.392, G_B: 1.022, cycle_B: 0.150, gp: 0.388

[Rank 0] (epoch: 42, iters: 31744, time: 0.001, data: 0.001) , D_A: 0.199, G_A: 0.986, cycle_A: 0.166, D_B: 0.170, G_B: 0.914, cycle_B: 0.152, gp: 0.167

[Rank 0] (epoch: 42, iters: 33344, time: 0.001, data: 0.001) , D_A: 0.274, G_A: 0.945, cycle_A: 0.165, D_B: 0.150, G_B: 0.992, cycle_B: 0.162, gp: 0.146

learning rate 0.0001636 -> 0.0001455
temperature tau = 0.1258
End of epoch 42 / 50 	 Time Taken: 28 sec
[Rank 0] (epoch: 43, iters: 128, time: 0.001, data: 0.001) , D_A: 0.335, G_A: 0.947, cycle_A: 0.170, D_B: 0.178, G_B: 0.935, cycle_B: 0.159, gp: 0.175

[Rank 0] (epoch: 43, iters: 1728, time: 0.001, data: 0.001) , D_A: 0.288, G_A: 0.897, cycle_A: 0.167, D_B: 0.203, G_B: 1.021, cycle_B: 0.155, gp: 0.200

[Rank 0] (epoch: 43, iters: 3328, time: 0.001, data: 0.001) , D_A: 0.149, G_A: 0.978, cycle_A: 0.164, D_B: 0.296, G_B: 0.956, cycle_B: 0.160, gp: 0.290

[Rank 0] (epoch: 43, iters: 4928, time: 0.001, data: 0.001) , D_A: 0.250, G_A: 0.937, cycle_A: 0.166, D_B: 0.361, G_B: 0.793, cycle_B: 0.167, gp: 0.357

[Rank 0] (epoch: 43, iters: 6528, time: 0.001, data: 0.001) , D_A: 0.237, G_A: 0.894, cycle_A: 0.166, D_B: 0.166, G_B: 0.973, cycle_B: 0.155, gp: 0.162

[Rank 0] (epoch: 43, iters: 8128, time: 0.001, data: 0.001) , D_A: 0.225, G_A: 0.954, cycle_A: 0.170, D_B: 0.174, G_B: 1.004, cycle_B: 0.154, gp: 0.168

[Rank 0] (epoch: 43, iters: 9728, time: 0.001, data: 0.001) , D_A: 0.239, G_A: 0.861, cycle_A: 0.179, D_B: 0.294, G_B: 0.885, cycle_B: 0.145, gp: 0.289

[Rank 0] (epoch: 43, iters: 11328, time: 0.001, data: 0.001) , D_A: 0.358, G_A: 0.958, cycle_A: 0.161, D_B: 0.230, G_B: 0.955, cycle_B: 0.157, gp: 0.224

[Rank 0] (epoch: 43, iters: 12928, time: 0.001, data: 0.001) , D_A: 0.256, G_A: 0.944, cycle_A: 0.171, D_B: 0.187, G_B: 0.899, cycle_B: 0.172, gp: 0.183

[Rank 0] (epoch: 43, iters: 14528, time: 0.001, data: 0.001) , D_A: 0.332, G_A: 0.954, cycle_A: 0.172, D_B: 0.133, G_B: 0.908, cycle_B: 0.143, gp: 0.129

[Rank 0] (epoch: 43, iters: 16128, time: 0.001, data: 0.001) , D_A: 0.387, G_A: 0.954, cycle_A: 0.173, D_B: 0.146, G_B: 0.929, cycle_B: 0.165, gp: 0.142

--- iter tau=0.1258 ---
  cipher in : sbnbpnmgshnplnpsrrsjfkpspekcplnpbcnfpfspsfmpqjshpefpkfgjnebncpbn
  decrypted : ided efline he innicro i son he dner ri irf ncin sr orlcesden de
  real plain:  ih hich mch can be done park isiors are alas eager o learn more
  cipher in : cplsmnbplnp megapgmscpefcpehsfdpsjabpsqpcbsrkefpbgknfgnpqkgksfpf
  decrypted : n hifed he afslo lfin srn snirb icod in ndinosr dloerle noloir r
  real plain: ed respeciel af af and af sems hile he pariclar limis of hese gr
[Rank 0] (epoch: 43, iters: 17728, time: 0.001, data: 0.001) , D_A: 0.323, G_A: 0.944, cycle_A: 0.177, D_B: 0.178, G_B: 0.975, cycle_B: 0.133, gp: 0.174

saving the latest model (epoch 43, total_iters 1480000)
[Rank 0] (epoch: 43, iters: 19328, time: 0.001, data: 0.001) , D_A: 0.292, G_A: 0.982, cycle_A: 0.178, D_B: 0.274, G_B: 0.958, cycle_B: 0.158, gp: 0.270

[Rank 0] (epoch: 43, iters: 20928, time: 0.001, data: 0.001) , D_A: 0.419, G_A: 0.912, cycle_A: 0.157, D_B: 0.162, G_B: 0.933, cycle_B: 0.159, gp: 0.152

[Rank 0] (epoch: 43, iters: 22528, time: 0.001, data: 0.001) , D_A: 0.363, G_A: 0.983, cycle_A: 0.166, D_B: 0.230, G_B: 0.979, cycle_B: 0.151, gp: 0.224

[Rank 0] (epoch: 43, iters: 24128, time: 0.001, data: 0.001) , D_A: 0.341, G_A: 0.958, cycle_A: 0.157, D_B: 0.212, G_B: 0.974, cycle_B: 0.145, gp: 0.205

[Rank 0] (epoch: 43, iters: 25728, time: 0.001, data: 0.001) , D_A: 0.204, G_A: 0.988, cycle_A: 0.165, D_B: 0.233, G_B: 1.040, cycle_B: 0.151, gp: 0.226

[Rank 0] (epoch: 43, iters: 27328, time: 0.001, data: 0.001) , D_A: 0.283, G_A: 0.988, cycle_A: 0.157, D_B: 0.200, G_B: 0.936, cycle_B: 0.156, gp: 0.194

[Rank 0] (epoch: 43, iters: 28928, time: 0.001, data: 0.001) , D_A: 0.289, G_A: 1.004, cycle_A: 0.167, D_B: 0.288, G_B: 0.940, cycle_B: 0.155, gp: 0.284

[Rank 0] (epoch: 43, iters: 30528, time: 0.001, data: 0.001) , D_A: 0.173, G_A: 0.957, cycle_A: 0.173, D_B: 0.210, G_B: 0.953, cycle_B: 0.145, gp: 0.206

[Rank 0] (epoch: 43, iters: 32128, time: 0.001, data: 0.002) , D_A: 0.320, G_A: 0.907, cycle_A: 0.173, D_B: 0.235, G_B: 0.953, cycle_B: 0.154, gp: 0.231

[Rank 0] (epoch: 43, iters: 33728, time: 0.001, data: 0.001) , D_A: 0.324, G_A: 0.967, cycle_A: 0.167, D_B: 0.193, G_B: 0.999, cycle_B: 0.161, gp: 0.190

learning rate 0.0001455 -> 0.0001273
temperature tau = 0.1218
End of epoch 43 / 50 	 Time Taken: 32 sec
[Rank 0] (epoch: 44, iters: 512, time: 0.001, data: 0.019) , D_A: 0.286, G_A: 0.951, cycle_A: 0.178, D_B: 0.244, G_B: 0.978, cycle_B: 0.158, gp: 0.241

[Rank 0] (epoch: 44, iters: 2112, time: 0.001, data: 0.000) , D_A: 0.215, G_A: 0.932, cycle_A: 0.165, D_B: 0.338, G_B: 0.979, cycle_B: 0.152, gp: 0.333

[Rank 0] (epoch: 44, iters: 3712, time: 0.001, data: 0.001) , D_A: 0.331, G_A: 0.919, cycle_A: 0.183, D_B: 0.238, G_B: 0.887, cycle_B: 0.151, gp: 0.233

[Rank 0] (epoch: 44, iters: 5312, time: 0.001, data: 0.001) , D_A: 0.269, G_A: 0.859, cycle_A: 0.176, D_B: 0.308, G_B: 0.887, cycle_B: 0.149, gp: 0.303

[Rank 0] (epoch: 44, iters: 6912, time: 0.001, data: 0.001) , D_A: 0.165, G_A: 0.922, cycle_A: 0.176, D_B: 0.191, G_B: 0.920, cycle_B: 0.145, gp: 0.182

[Rank 0] (epoch: 44, iters: 8512, time: 0.001, data: 0.001) , D_A: 0.260, G_A: 0.964, cycle_A: 0.175, D_B: 0.143, G_B: 0.942, cycle_B: 0.158, gp: 0.137

[Rank 0] (epoch: 44, iters: 10112, time: 0.001, data: 0.001) , D_A: 0.238, G_A: 0.943, cycle_A: 0.177, D_B: 0.275, G_B: 1.009, cycle_B: 0.152, gp: 0.271

[Rank 0] (epoch: 44, iters: 11712, time: 0.001, data: 0.001) , D_A: 0.248, G_A: 0.927, cycle_A: 0.174, D_B: 0.261, G_B: 0.984, cycle_B: 0.159, gp: 0.255

[Rank 0] (epoch: 44, iters: 13312, time: 0.001, data: 0.001) , D_A: 0.250, G_A: 0.972, cycle_A: 0.155, D_B: 0.335, G_B: 0.875, cycle_B: 0.171, gp: 0.322

[Rank 0] (epoch: 44, iters: 14912, time: 0.001, data: 0.001) , D_A: 0.194, G_A: 0.980, cycle_A: 0.174, D_B: 0.190, G_B: 0.940, cycle_B: 0.159, gp: 0.181

[Rank 0] (epoch: 44, iters: 16512, time: 0.001, data: 0.001) , D_A: 0.149, G_A: 0.894, cycle_A: 0.167, D_B: 0.219, G_B: 0.871, cycle_B: 0.159, gp: 0.214

[Rank 0] (epoch: 44, iters: 18112, time: 0.001, data: 0.001) , D_A: 0.175, G_A: 0.840, cycle_A: 0.170, D_B: 0.296, G_B: 0.966, cycle_B: 0.152, gp: 0.265

[Rank 0] (epoch: 44, iters: 19712, time: 0.001, data: 0.001) , D_A: 0.223, G_A: 0.945, cycle_A: 0.167, D_B: 0.329, G_B: 0.958, cycle_B: 0.161, gp: 0.322

[Rank 0] (epoch: 44, iters: 21312, time: 0.001, data: 0.001) , D_A: 0.293, G_A: 1.036, cycle_A: 0.172, D_B: 0.258, G_B: 0.996, cycle_B: 0.155, gp: 0.255

--- iter tau=0.1218 ---
  cipher in : skcncplepnplecpbncpbshnpsqpsjpkg hbpspcndjecnpjbbkebpekjpcnqnfbn
  decrypted : ionen hs e hsn den dine in ig oland i nebgsne gddosd sog nenerde
  real plain:  and pll don or on defenses le me ell o ha happened o me oda a f
  cipher in : snbpefcpjnrsjpnbrngkemmpbkfgnplnpqekmncpspblspefprejkgmejpfnncpq
  decrypted : ied srn genig ednelosff dorle he nsofen i dhi sr nsgolfsg reen n
  real plain:  he probabili ha sae ie olme for an ideal gas cold be reached b 
[Rank 0] (epoch: 44, iters: 22912, time: 0.001, data: 0.001) , D_A: 0.218, G_A: 0.949, cycle_A: 0.174, D_B: 0.244, G_B: 0.933, cycle_B: 0.162, gp: 0.235

saving the latest model (epoch 44, total_iters 1520000)
[Rank 0] (epoch: 44, iters: 24512, time: 0.001, data: 0.001) , D_A: 0.222, G_A: 0.947, cycle_A: 0.174, D_B: 0.301, G_B: 0.816, cycle_B: 0.147, gp: 0.298

[Rank 0] (epoch: 44, iters: 26112, time: 0.001, data: 0.001) , D_A: 0.204, G_A: 0.947, cycle_A: 0.171, D_B: 0.189, G_B: 0.960, cycle_B: 0.153, gp: 0.185

[Rank 0] (epoch: 44, iters: 27712, time: 0.001, data: 0.001) , D_A: 0.192, G_A: 0.936, cycle_A: 0.169, D_B: 0.207, G_B: 0.988, cycle_B: 0.165, gp: 0.204

[Rank 0] (epoch: 44, iters: 29312, time: 0.001, data: 0.001) , D_A: 0.160, G_A: 0.927, cycle_A: 0.162, D_B: 0.215, G_B: 0.980, cycle_B: 0.156, gp: 0.209

[Rank 0] (epoch: 44, iters: 30912, time: 0.001, data: 0.001) , D_A: 0.225, G_A: 0.947, cycle_A: 0.166, D_B: 0.222, G_B: 0.925, cycle_B: 0.154, gp: 0.216

[Rank 0] (epoch: 44, iters: 32512, time: 0.001, data: 0.001) , D_A: 0.167, G_A: 0.957, cycle_A: 0.165, D_B: 0.252, G_B: 0.899, cycle_B: 0.157, gp: 0.245

[Rank 0] (epoch: 44, iters: 34112, time: 0.001, data: 0.001) , D_A: 0.206, G_A: 0.957, cycle_A: 0.164, D_B: 0.197, G_B: 0.981, cycle_B: 0.149, gp: 0.192

learning rate 0.0001273 -> 0.0001091
temperature tau = 0.1178
End of epoch 44 / 50 	 Time Taken: 29 sec
[Rank 0] (epoch: 45, iters: 896, time: 0.001, data: 0.001) , D_A: 0.272, G_A: 0.948, cycle_A: 0.163, D_B: 0.304, G_B: 0.986, cycle_B: 0.157, gp: 0.298

[Rank 0] (epoch: 45, iters: 2496, time: 0.001, data: 0.000) , D_A: 0.251, G_A: 0.959, cycle_A: 0.162, D_B: 0.220, G_B: 0.939, cycle_B: 0.157, gp: 0.214

[Rank 0] (epoch: 45, iters: 4096, time: 0.001, data: 0.001) , D_A: 0.197, G_A: 0.993, cycle_A: 0.176, D_B: 0.232, G_B: 0.946, cycle_B: 0.153, gp: 0.222

[Rank 0] (epoch: 45, iters: 5696, time: 0.001, data: 0.001) , D_A: 0.245, G_A: 0.926, cycle_A: 0.157, D_B: 0.318, G_B: 0.888, cycle_B: 0.144, gp: 0.310

[Rank 0] (epoch: 45, iters: 7296, time: 0.001, data: 0.001) , D_A: 0.283, G_A: 0.966, cycle_A: 0.163, D_B: 0.231, G_B: 0.997, cycle_B: 0.160, gp: 0.227

[Rank 0] (epoch: 45, iters: 8896, time: 0.001, data: 0.001) , D_A: 0.301, G_A: 0.968, cycle_A: 0.173, D_B: 0.201, G_B: 0.998, cycle_B: 0.153, gp: 0.198

[Rank 0] (epoch: 45, iters: 10496, time: 0.001, data: 0.001) , D_A: 0.260, G_A: 0.906, cycle_A: 0.175, D_B: 0.199, G_B: 0.967, cycle_B: 0.148, gp: 0.194

[Rank 0] (epoch: 45, iters: 12096, time: 0.001, data: 0.001) , D_A: 0.248, G_A: 0.965, cycle_A: 0.177, D_B: 0.219, G_B: 0.950, cycle_B: 0.162, gp: 0.216

[Rank 0] (epoch: 45, iters: 13696, time: 0.001, data: 0.001) , D_A: 0.222, G_A: 1.010, cycle_A: 0.177, D_B: 0.239, G_B: 0.929, cycle_B: 0.161, gp: 0.231

[Rank 0] (epoch: 45, iters: 15296, time: 0.001, data: 0.001) , D_A: 0.223, G_A: 0.958, cycle_A: 0.167, D_B: 0.239, G_B: 0.955, cycle_B: 0.157, gp: 0.234

[Rank 0] (epoch: 45, iters: 16896, time: 0.001, data: 0.001) , D_A: 0.270, G_A: 0.939, cycle_A: 0.162, D_B: 0.242, G_B: 0.949, cycle_B: 0.157, gp: 0.236

[Rank 0] (epoch: 45, iters: 18496, time: 0.001, data: 0.001) , D_A: 0.260, G_A: 0.955, cycle_A: 0.170, D_B: 0.322, G_B: 0.962, cycle_B: 0.153, gp: 0.317

[Rank 0] (epoch: 45, iters: 20096, time: 0.001, data: 0.001) , D_A: 0.272, G_A: 0.911, cycle_A: 0.168, D_B: 0.137, G_B: 0.976, cycle_B: 0.166, gp: 0.130

[Rank 0] (epoch: 45, iters: 21696, time: 0.001, data: 0.001) , D_A: 0.197, G_A: 0.934, cycle_A: 0.171, D_B: 0.221, G_B: 0.912, cycle_B: 0.154, gp: 0.218

[Rank 0] (epoch: 45, iters: 23296, time: 0.001, data: 0.001) , D_A: 0.167, G_A: 0.913, cycle_A: 0.183, D_B: 0.257, G_B: 0.863, cycle_B: 0.148, gp: 0.245

[Rank 0] (epoch: 45, iters: 24896, time: 0.001, data: 0.001) , D_A: 0.196, G_A: 0.968, cycle_A: 0.181, D_B: 0.171, G_B: 0.958, cycle_B: 0.153, gp: 0.168

[Rank 0] (epoch: 45, iters: 26496, time: 0.001, data: 0.001) , D_A: 0.267, G_A: 0.880, cycle_A: 0.158, D_B: 0.226, G_B: 0.930, cycle_B: 0.152, gp: 0.221

--- iter tau=0.1178 ---
  cipher in : pbkpbngjnplkmnplkbpfnkdl sjbplecpfspblnmnjbpcsnbplkbphefpmknpkfp
  decrypted :  do delge hofe hod reobhaigd hsn ri dhefegd nied hod nsr foe or 
  real plain: boson did no abond in a oleran spiri ha he oke of opinion crshed
  cipher in : mepmskbkefnpefcp knfkmmnperrejnfmpckcpfsplenpgsfjsmpsqplep scpln
  decrypted : fs fiodosre srn aoeroffe snnsgerf non ri hse lirgif in hs ain he
  real plain: en and lindskog a reason for sch ide ariaion in he plmonar morph
[Rank 0] (epoch: 45, iters: 28096, time: 0.001, data: 0.001) , D_A: 0.218, G_A: 0.981, cycle_A: 0.168, D_B: 0.284, G_B: 0.969, cycle_B: 0.166, gp: 0.281

saving the latest model (epoch 45, total_iters 1560000)
[Rank 0] (epoch: 45, iters: 29696, time: 0.001, data: 0.001) , D_A: 0.315, G_A: 0.871, cycle_A: 0.162, D_B: 0.338, G_B: 0.924, cycle_B: 0.157, gp: 0.331

[Rank 0] (epoch: 45, iters: 31296, time: 0.001, data: 0.001) , D_A: 0.316, G_A: 0.971, cycle_A: 0.175, D_B: 0.126, G_B: 0.942, cycle_B: 0.156, gp: 0.120

[Rank 0] (epoch: 45, iters: 32896, time: 0.001, data: 0.001) , D_A: 0.303, G_A: 0.958, cycle_A: 0.169, D_B: 0.251, G_B: 0.989, cycle_B: 0.167, gp: 0.244

[Rank 0] (epoch: 45, iters: 34496, time: 0.001, data: 0.001) , D_A: 0.177, G_A: 0.927, cycle_A: 0.170, D_B: 0.226, G_B: 0.938, cycle_B: 0.155, gp: 0.221

learning rate 0.0001091 -> 0.0000909
temperature tau = 0.1140
End of epoch 45 / 50 	 Time Taken: 29 sec
[Rank 0] (epoch: 46, iters: 1280, time: 0.001, data: 0.000) , D_A: 0.325, G_A: 0.973, cycle_A: 0.164, D_B: 0.175, G_B: 0.949, cycle_B: 0.156, gp: 0.168

[Rank 0] (epoch: 46, iters: 2880, time: 0.001, data: 0.001) , D_A: 0.274, G_A: 0.961, cycle_A: 0.162, D_B: 0.231, G_B: 0.950, cycle_B: 0.168, gp: 0.228

[Rank 0] (epoch: 46, iters: 4480, time: 0.001, data: 0.001) , D_A: 0.183, G_A: 0.984, cycle_A: 0.163, D_B: 0.122, G_B: 0.847, cycle_B: 0.152, gp: 0.118

[Rank 0] (epoch: 46, iters: 6080, time: 0.001, data: 0.001) , D_A: 0.251, G_A: 0.936, cycle_A: 0.174, D_B: 0.282, G_B: 0.957, cycle_B: 0.143, gp: 0.275

[Rank 0] (epoch: 46, iters: 7680, time: 0.001, data: 0.001) , D_A: 0.210, G_A: 0.951, cycle_A: 0.169, D_B: 0.166, G_B: 0.951, cycle_B: 0.160, gp: 0.161

[Rank 0] (epoch: 46, iters: 9280, time: 0.001, data: 0.001) , D_A: 0.273, G_A: 0.946, cycle_A: 0.175, D_B: 0.312, G_B: 0.861, cycle_B: 0.151, gp: 0.304

[Rank 0] (epoch: 46, iters: 10880, time: 0.001, data: 0.001) , D_A: 0.258, G_A: 0.978, cycle_A: 0.168, D_B: 0.211, G_B: 0.964, cycle_B: 0.171, gp: 0.205

[Rank 0] (epoch: 46, iters: 12480, time: 0.001, data: 0.001) , D_A: 0.335, G_A: 0.947, cycle_A: 0.166, D_B: 0.227, G_B: 0.939, cycle_B: 0.142, gp: 0.219

[Rank 0] (epoch: 46, iters: 14080, time: 0.001, data: 0.001) , D_A: 0.263, G_A: 0.960, cycle_A: 0.161, D_B: 0.225, G_B: 0.862, cycle_B: 0.149, gp: 0.219

[Rank 0] (epoch: 46, iters: 15680, time: 0.001, data: 0.001) , D_A: 0.327, G_A: 0.942, cycle_A: 0.164, D_B: 0.189, G_B: 0.986, cycle_B: 0.158, gp: 0.187

[Rank 0] (epoch: 46, iters: 17280, time: 0.001, data: 0.001) , D_A: 0.226, G_A: 0.960, cycle_A: 0.180, D_B: 0.352, G_B: 0.994, cycle_B: 0.155, gp: 0.347

[Rank 0] (epoch: 46, iters: 18880, time: 0.001, data: 0.001) , D_A: 0.206, G_A: 0.925, cycle_A: 0.171, D_B: 0.306, G_B: 0.869, cycle_B: 0.153, gp: 0.301

[Rank 0] (epoch: 46, iters: 20480, time: 0.001, data: 0.001) , D_A: 0.182, G_A: 0.966, cycle_A: 0.165, D_B: 0.228, G_B: 0.919, cycle_B: 0.166, gp: 0.223

[Rank 0] (epoch: 46, iters: 22080, time: 0.001, data: 0.001) , D_A: 0.251, G_A: 0.942, cycle_A: 0.157, D_B: 0.263, G_B: 0.928, cycle_B: 0.155, gp: 0.257

[Rank 0] (epoch: 46, iters: 23680, time: 0.001, data: 0.001) , D_A: 0.309, G_A: 0.910, cycle_A: 0.165, D_B: 0.271, G_B: 0.905, cycle_B: 0.155, gp: 0.265

[Rank 0] (epoch: 46, iters: 25280, time: 0.001, data: 0.001) , D_A: 0.222, G_A: 0.965, cycle_A: 0.174, D_B: 0.285, G_B: 0.948, cycle_B: 0.151, gp: 0.282

[Rank 0] (epoch: 46, iters: 26880, time: 0.001, data: 0.001) , D_A: 0.333, G_A: 0.896, cycle_A: 0.176, D_B: 0.215, G_B: 0.964, cycle_B: 0.157, gp: 0.212

[Rank 0] (epoch: 46, iters: 28480, time: 0.001, data: 0.001) , D_A: 0.248, G_A: 0.936, cycle_A: 0.164, D_B: 0.237, G_B: 0.946, cycle_B: 0.169, gp: 0.233

[Rank 0] (epoch: 46, iters: 30080, time: 0.001, data: 0.001) , D_A: 0.339, G_A: 0.942, cycle_A: 0.161, D_B: 0.224, G_B: 0.941, cycle_B: 0.149, gp: 0.220

[Rank 0] (epoch: 46, iters: 31680, time: 0.001, data: 0.001) , D_A: 0.304, G_A: 0.961, cycle_A: 0.153, D_B: 0.178, G_B: 0.952, cycle_B: 0.155, gp: 0.173

--- iter tau=0.1140 ---
  cipher in : npqkmmkfdphefkqsmcpefcpnrsbncpfcnjpkcnfkgempgsfckksfbpsqnfpckqqn
  decrypted : e nofforb nsronifn srn eniden rneg onerolsf lirnooird iner nonne
  real plain: ssociaed ih feeding lomoisre corn in beeffeeding programs seeral
  cipher in : jnfcnjncpcngkbksfpnpgsfbkcnjplnjnpsfmpepqnpsqphefprjs mnhbpkfsmn
  decrypted : gernegen nelodoir e lirdoneg hege irf s ne in nsr ngiafend orife
  real plain: e he scar on her chin here hed c her ih a boo clea and mabe she 
[Rank 0] (epoch: 46, iters: 33280, time: 0.001, data: 0.001) , D_A: 0.229, G_A: 0.957, cycle_A: 0.160, D_B: 0.227, G_B: 0.934, cycle_B: 0.165, gp: 0.223

saving the latest model (epoch 46, total_iters 1600000)
learning rate 0.0000909 -> 0.0000727
temperature tau = 0.1104
End of epoch 46 / 50 	 Time Taken: 28 sec
[Rank 0] (epoch: 47, iters: 64, time: 0.001, data: 0.001) , D_A: 0.152, G_A: 0.971, cycle_A: 0.177, D_B: 0.233, G_B: 0.888, cycle_B: 0.161, gp: 0.227

[Rank 0] (epoch: 47, iters: 1664, time: 0.001, data: 0.001) , D_A: 0.224, G_A: 0.951, cycle_A: 0.174, D_B: 0.196, G_B: 0.985, cycle_B: 0.163, gp: 0.193

[Rank 0] (epoch: 47, iters: 3264, time: 0.001, data: 0.001) , D_A: 0.158, G_A: 0.929, cycle_A: 0.165, D_B: 0.212, G_B: 0.925, cycle_B: 0.165, gp: 0.206

[Rank 0] (epoch: 47, iters: 4864, time: 0.001, data: 0.001) , D_A: 0.203, G_A: 0.940, cycle_A: 0.173, D_B: 0.283, G_B: 0.927, cycle_B: 0.172, gp: 0.279

[Rank 0] (epoch: 47, iters: 6464, time: 0.001, data: 0.001) , D_A: 0.218, G_A: 0.917, cycle_A: 0.165, D_B: 0.251, G_B: 0.944, cycle_B: 0.155, gp: 0.246

[Rank 0] (epoch: 47, iters: 8064, time: 0.001, data: 0.001) , D_A: 0.423, G_A: 0.967, cycle_A: 0.171, D_B: 0.305, G_B: 0.954, cycle_B: 0.154, gp: 0.298

[Rank 0] (epoch: 47, iters: 9664, time: 0.001, data: 0.001) , D_A: 0.461, G_A: 0.982, cycle_A: 0.164, D_B: 0.352, G_B: 0.877, cycle_B: 0.143, gp: 0.342

[Rank 0] (epoch: 47, iters: 11264, time: 0.001, data: 0.001) , D_A: 0.401, G_A: 0.996, cycle_A: 0.170, D_B: 0.128, G_B: 0.944, cycle_B: 0.166, gp: 0.121

[Rank 0] (epoch: 47, iters: 12864, time: 0.001, data: 0.001) , D_A: 0.446, G_A: 0.961, cycle_A: 0.163, D_B: 0.217, G_B: 0.954, cycle_B: 0.175, gp: 0.213

[Rank 0] (epoch: 47, iters: 14464, time: 0.001, data: 0.001) , D_A: 0.359, G_A: 0.970, cycle_A: 0.165, D_B: 0.254, G_B: 0.940, cycle_B: 0.143, gp: 0.249

[Rank 0] (epoch: 47, iters: 16064, time: 0.001, data: 0.001) , D_A: 0.364, G_A: 0.989, cycle_A: 0.167, D_B: 0.227, G_B: 0.918, cycle_B: 0.165, gp: 0.217

[Rank 0] (epoch: 47, iters: 17664, time: 0.001, data: 0.001) , D_A: 0.368, G_A: 1.013, cycle_A: 0.160, D_B: 0.293, G_B: 0.958, cycle_B: 0.134, gp: 0.286

[Rank 0] (epoch: 47, iters: 19264, time: 0.001, data: 0.001) , D_A: 0.283, G_A: 0.960, cycle_A: 0.158, D_B: 0.269, G_B: 0.966, cycle_B: 0.160, gp: 0.264

[Rank 0] (epoch: 47, iters: 20864, time: 0.001, data: 0.001) , D_A: 0.259, G_A: 0.963, cycle_A: 0.167, D_B: 0.253, G_B: 0.982, cycle_B: 0.159, gp: 0.247

[Rank 0] (epoch: 47, iters: 22464, time: 0.001, data: 0.001) , D_A: 0.213, G_A: 0.963, cycle_A: 0.156, D_B: 0.233, G_B: 0.937, cycle_B: 0.151, gp: 0.228

[Rank 0] (epoch: 47, iters: 24064, time: 0.001, data: 0.001) , D_A: 0.193, G_A: 0.975, cycle_A: 0.166, D_B: 0.208, G_B: 0.939, cycle_B: 0.151, gp: 0.203

[Rank 0] (epoch: 47, iters: 25664, time: 0.001, data: 0.001) , D_A: 0.209, G_A: 0.906, cycle_A: 0.171, D_B: 0.189, G_B: 0.942, cycle_B: 0.151, gp: 0.184

[Rank 0] (epoch: 47, iters: 27264, time: 0.001, data: 0.001) , D_A: 0.206, G_A: 0.997, cycle_A: 0.179, D_B: 0.159, G_B: 0.958, cycle_B: 0.153, gp: 0.153

[Rank 0] (epoch: 47, iters: 28864, time: 0.001, data: 0.001) , D_A: 0.240, G_A: 0.904, cycle_A: 0.161, D_B: 0.356, G_B: 0.890, cycle_B: 0.153, gp: 0.348

[Rank 0] (epoch: 47, iters: 30464, time: 0.001, data: 0.001) , D_A: 0.205, G_A: 0.936, cycle_A: 0.171, D_B: 0.366, G_B: 0.942, cycle_B: 0.145, gp: 0.360

[Rank 0] (epoch: 47, iters: 32064, time: 0.001, data: 0.001) , D_A: 0.235, G_A: 0.950, cycle_A: 0.173, D_B: 0.273, G_B: 0.949, cycle_B: 0.159, gp: 0.268

[Rank 0] (epoch: 47, iters: 33664, time: 0.001, data: 0.001) , D_A: 0.242, G_A: 0.955, cycle_A: 0.181, D_B: 0.275, G_B: 0.956, cycle_B: 0.167, gp: 0.271

learning rate 0.0000727 -> 0.0000545
temperature tau = 0.1068
End of epoch 47 / 50 	 Time Taken: 28 sec
[Rank 0] (epoch: 48, iters: 448, time: 0.001, data: 0.001) , D_A: 0.178, G_A: 0.942, cycle_A: 0.171, D_B: 0.162, G_B: 0.879, cycle_B: 0.161, gp: 0.154

[Rank 0] (epoch: 48, iters: 2048, time: 0.001, data: 0.002) , D_A: 0.202, G_A: 0.947, cycle_A: 0.173, D_B: 0.216, G_B: 0.947, cycle_B: 0.159, gp: 0.211

--- iter tau=0.1068 ---
  cipher in : spsqpgsjbnpnklnjpepqsjhempdjsrpsjpepgshhknnpkfplnpbnfbnpsqp nkfd
  decrypted : i in licde eohec s nicnsf bcin ic s linnoee or he derde in aeorb
  real plain: ollie he mon is scraching her nose in he rain hen he ords fell i
  cipher in : p plnpbcnfpdjsrpqjkcepbencplepnnfbknpjnbnejglp pgseljpkfspnglfko
  decrypted :  a he dner bcin ncons dsen hs eerdoe cedesclh a lishc ori elhroa
  real plain: ome are in poor healh and man are inalids some hae loel homes so
[Rank 0] (epoch: 48, iters: 3648, time: 0.001, data: 0.002) , D_A: 0.258, G_A: 0.938, cycle_A: 0.158, D_B: 0.246, G_B: 0.906, cycle_B: 0.151, gp: 0.239

saving the latest model (epoch 48, total_iters 1640000)
[Rank 0] (epoch: 48, iters: 5248, time: 0.001, data: 0.001) , D_A: 0.162, G_A: 0.948, cycle_A: 0.163, D_B: 0.190, G_B: 0.941, cycle_B: 0.149, gp: 0.184

[Rank 0] (epoch: 48, iters: 6848, time: 0.001, data: 0.002) , D_A: 0.346, G_A: 0.907, cycle_A: 0.171, D_B: 0.290, G_B: 0.877, cycle_B: 0.144, gp: 0.284

[Rank 0] (epoch: 48, iters: 8448, time: 0.001, data: 0.001) , D_A: 0.215, G_A: 0.960, cycle_A: 0.163, D_B: 0.270, G_B: 0.947, cycle_B: 0.156, gp: 0.266

[Rank 0] (epoch: 48, iters: 10048, time: 0.001, data: 0.001) , D_A: 0.238, G_A: 0.963, cycle_A: 0.166, D_B: 0.330, G_B: 0.974, cycle_B: 0.151, gp: 0.323

[Rank 0] (epoch: 48, iters: 11648, time: 0.001, data: 0.001) , D_A: 0.213, G_A: 0.943, cycle_A: 0.172, D_B: 0.135, G_B: 0.979, cycle_B: 0.156, gp: 0.130

[Rank 0] (epoch: 48, iters: 13248, time: 0.001, data: 0.001) , D_A: 0.304, G_A: 0.986, cycle_A: 0.160, D_B: 0.302, G_B: 0.911, cycle_B: 0.170, gp: 0.293

[Rank 0] (epoch: 48, iters: 14848, time: 0.001, data: 0.001) , D_A: 0.235, G_A: 0.993, cycle_A: 0.156, D_B: 0.190, G_B: 0.911, cycle_B: 0.144, gp: 0.183

[Rank 0] (epoch: 48, iters: 16448, time: 0.001, data: 0.001) , D_A: 0.130, G_A: 0.954, cycle_A: 0.158, D_B: 0.314, G_B: 0.930, cycle_B: 0.158, gp: 0.310

[Rank 0] (epoch: 48, iters: 18048, time: 0.001, data: 0.003) , D_A: 0.196, G_A: 0.938, cycle_A: 0.152, D_B: 0.256, G_B: 0.970, cycle_B: 0.150, gp: 0.252

[Rank 0] (epoch: 48, iters: 19648, time: 0.001, data: 0.001) , D_A: 0.155, G_A: 0.939, cycle_A: 0.164, D_B: 0.413, G_B: 0.969, cycle_B: 0.158, gp: 0.410

[Rank 0] (epoch: 48, iters: 21248, time: 0.001, data: 0.001) , D_A: 0.291, G_A: 0.951, cycle_A: 0.176, D_B: 0.260, G_B: 0.930, cycle_B: 0.152, gp: 0.253

[Rank 0] (epoch: 48, iters: 22848, time: 0.001, data: 0.001) , D_A: 0.251, G_A: 0.970, cycle_A: 0.170, D_B: 0.181, G_B: 0.949, cycle_B: 0.159, gp: 0.174

[Rank 0] (epoch: 48, iters: 24448, time: 0.001, data: 0.001) , D_A: 0.222, G_A: 0.972, cycle_A: 0.176, D_B: 0.283, G_B: 0.923, cycle_B: 0.144, gp: 0.280

[Rank 0] (epoch: 48, iters: 26048, time: 0.001, data: 0.001) , D_A: 0.188, G_A: 0.916, cycle_A: 0.159, D_B: 0.229, G_B: 0.908, cycle_B: 0.151, gp: 0.224

[Rank 0] (epoch: 48, iters: 27648, time: 0.001, data: 0.001) , D_A: 0.181, G_A: 0.977, cycle_A: 0.170, D_B: 0.132, G_B: 0.927, cycle_B: 0.152, gp: 0.127

[Rank 0] (epoch: 48, iters: 29248, time: 0.001, data: 0.001) , D_A: 0.182, G_A: 0.952, cycle_A: 0.158, D_B: 0.325, G_B: 0.924, cycle_B: 0.154, gp: 0.320

[Rank 0] (epoch: 48, iters: 30848, time: 0.001, data: 0.002) , D_A: 0.197, G_A: 0.969, cycle_A: 0.176, D_B: 0.289, G_B: 0.911, cycle_B: 0.150, gp: 0.280

[Rank 0] (epoch: 48, iters: 32448, time: 0.001, data: 0.001) , D_A: 0.282, G_A: 0.966, cycle_A: 0.162, D_B: 0.319, G_B: 0.945, cycle_B: 0.155, gp: 0.314

[Rank 0] (epoch: 48, iters: 34048, time: 0.001, data: 0.001) , D_A: 0.276, G_A: 0.926, cycle_A: 0.172, D_B: 0.210, G_B: 0.925, cycle_B: 0.148, gp: 0.202

learning rate 0.0000545 -> 0.0000364
temperature tau = 0.1033
End of epoch 48 / 50 	 Time Taken: 32 sec
[Rank 0] (epoch: 49, iters: 832, time: 0.001, data: 0.001) , D_A: 0.302, G_A: 0.943, cycle_A: 0.159, D_B: 0.216, G_B: 0.962, cycle_B: 0.154, gp: 0.210

[Rank 0] (epoch: 49, iters: 2432, time: 0.001, data: 0.000) , D_A: 0.244, G_A: 0.944, cycle_A: 0.170, D_B: 0.288, G_B: 0.909, cycle_B: 0.154, gp: 0.283

[Rank 0] (epoch: 49, iters: 4032, time: 0.001, data: 0.001) , D_A: 0.317, G_A: 0.954, cycle_A: 0.176, D_B: 0.286, G_B: 0.945, cycle_B: 0.153, gp: 0.280

[Rank 0] (epoch: 49, iters: 5632, time: 0.001, data: 0.001) , D_A: 0.257, G_A: 0.955, cycle_A: 0.167, D_B: 0.288, G_B: 0.937, cycle_B: 0.149, gp: 0.284

[Rank 0] (epoch: 49, iters: 7232, time: 0.001, data: 0.001) , D_A: 0.275, G_A: 0.946, cycle_A: 0.158, D_B: 0.279, G_B: 0.930, cycle_B: 0.162, gp: 0.274

--- iter tau=0.1033 ---
  cipher in : nncpsqpbsfcplkglpebpcnbkdfncpqsjpbnpedekfbpheffncp sh njbpkfplnp
  decrypted : een in dirn holh sd nedobren nic de sbsord nsrren ainaecd or he 
  real plain: rms of he crisis of radiion iself since a ciiliaional crisis ino
  cipher in : dfplspgefpephefpklpefpcndjnnpsqpgshhsfpcngnfgpglejdnplkbplnpeban
  decrypted : br hi lsr s nsr oh sr nebcee in linnir nelerl lhscbe hod he sdoe
  real plain: re on he mos nforgeable characer i eer me deals ih illage grocer
[Rank 0] (epoch: 49, iters: 8832, time: 0.001, data: 0.001) , D_A: 0.224, G_A: 0.950, cycle_A: 0.171, D_B: 0.316, G_B: 0.908, cycle_B: 0.149, gp: 0.312

saving the latest model (epoch 49, total_iters 1680000)
[Rank 0] (epoch: 49, iters: 10432, time: 0.001, data: 0.001) , D_A: 0.348, G_A: 0.864, cycle_A: 0.162, D_B: 0.297, G_B: 0.919, cycle_B: 0.144, gp: 0.291

[Rank 0] (epoch: 49, iters: 12032, time: 0.001, data: 0.001) , D_A: 0.370, G_A: 0.929, cycle_A: 0.143, D_B: 0.233, G_B: 0.935, cycle_B: 0.158, gp: 0.226

[Rank 0] (epoch: 49, iters: 13632, time: 0.001, data: 0.001) , D_A: 0.321, G_A: 0.988, cycle_A: 0.163, D_B: 0.385, G_B: 0.913, cycle_B: 0.158, gp: 0.381

[Rank 0] (epoch: 49, iters: 15232, time: 0.001, data: 0.001) , D_A: 0.405, G_A: 0.996, cycle_A: 0.166, D_B: 0.313, G_B: 0.948, cycle_B: 0.152, gp: 0.308

[Rank 0] (epoch: 49, iters: 16832, time: 0.001, data: 0.001) , D_A: 0.237, G_A: 0.935, cycle_A: 0.163, D_B: 0.389, G_B: 0.933, cycle_B: 0.156, gp: 0.385

[Rank 0] (epoch: 49, iters: 18432, time: 0.001, data: 0.001) , D_A: 0.266, G_A: 0.912, cycle_A: 0.160, D_B: 0.331, G_B: 0.937, cycle_B: 0.149, gp: 0.326

[Rank 0] (epoch: 49, iters: 20032, time: 0.001, data: 0.001) , D_A: 0.295, G_A: 0.949, cycle_A: 0.158, D_B: 0.333, G_B: 0.949, cycle_B: 0.161, gp: 0.329

[Rank 0] (epoch: 49, iters: 21632, time: 0.001, data: 0.001) , D_A: 0.327, G_A: 0.962, cycle_A: 0.171, D_B: 0.305, G_B: 0.968, cycle_B: 0.149, gp: 0.300

[Rank 0] (epoch: 49, iters: 23232, time: 0.001, data: 0.001) , D_A: 0.233, G_A: 0.937, cycle_A: 0.162, D_B: 0.255, G_B: 0.942, cycle_B: 0.146, gp: 0.249

[Rank 0] (epoch: 49, iters: 24832, time: 0.001, data: 0.001) , D_A: 0.217, G_A: 0.971, cycle_A: 0.175, D_B: 0.201, G_B: 0.942, cycle_B: 0.150, gp: 0.198

[Rank 0] (epoch: 49, iters: 26432, time: 0.001, data: 0.001) , D_A: 0.264, G_A: 0.957, cycle_A: 0.162, D_B: 0.318, G_B: 0.949, cycle_B: 0.150, gp: 0.314

[Rank 0] (epoch: 49, iters: 28032, time: 0.001, data: 0.001) , D_A: 0.222, G_A: 0.936, cycle_A: 0.175, D_B: 0.338, G_B: 0.917, cycle_B: 0.162, gp: 0.333

[Rank 0] (epoch: 49, iters: 29632, time: 0.001, data: 0.001) , D_A: 0.216, G_A: 0.945, cycle_A: 0.156, D_B: 0.365, G_B: 0.923, cycle_B: 0.153, gp: 0.358

[Rank 0] (epoch: 49, iters: 31232, time: 0.001, data: 0.001) , D_A: 0.287, G_A: 0.912, cycle_A: 0.173, D_B: 0.286, G_B: 0.935, cycle_B: 0.151, gp: 0.280

[Rank 0] (epoch: 49, iters: 32832, time: 0.001, data: 0.002) , D_A: 0.251, G_A: 0.945, cycle_A: 0.182, D_B: 0.313, G_B: 0.918, cycle_B: 0.162, gp: 0.308

[Rank 0] (epoch: 49, iters: 34432, time: 0.001, data: 0.001) , D_A: 0.207, G_A: 0.962, cycle_A: 0.174, D_B: 0.242, G_B: 0.913, cycle_B: 0.153, gp: 0.234

learning rate 0.0000364 -> 0.0000182
temperature tau = 0.1000
End of epoch 49 / 50 	 Time Taken: 29 sec
[Rank 0] (epoch: 50, iters: 1216, time: 0.001, data: 0.002) , D_A: 0.292, G_A: 0.949, cycle_A: 0.170, D_B: 0.353, G_B: 0.909, cycle_B: 0.152, gp: 0.345

[Rank 0] (epoch: 50, iters: 2816, time: 0.001, data: 0.001) , D_A: 0.237, G_A: 0.954, cycle_A: 0.162, D_B: 0.312, G_B: 0.934, cycle_B: 0.163, gp: 0.307

[Rank 0] (epoch: 50, iters: 4416, time: 0.001, data: 0.001) , D_A: 0.241, G_A: 0.965, cycle_A: 0.174, D_B: 0.349, G_B: 0.898, cycle_B: 0.148, gp: 0.343

[Rank 0] (epoch: 50, iters: 6016, time: 0.001, data: 0.001) , D_A: 0.285, G_A: 0.912, cycle_A: 0.158, D_B: 0.304, G_B: 0.927, cycle_B: 0.141, gp: 0.296

[Rank 0] (epoch: 50, iters: 7616, time: 0.001, data: 0.001) , D_A: 0.189, G_A: 0.913, cycle_A: 0.174, D_B: 0.220, G_B: 0.924, cycle_B: 0.161, gp: 0.214

[Rank 0] (epoch: 50, iters: 9216, time: 0.001, data: 0.001) , D_A: 0.259, G_A: 0.899, cycle_A: 0.176, D_B: 0.202, G_B: 0.946, cycle_B: 0.152, gp: 0.196

[Rank 0] (epoch: 50, iters: 10816, time: 0.001, data: 0.001) , D_A: 0.224, G_A: 0.931, cycle_A: 0.159, D_B: 0.251, G_B: 0.949, cycle_B: 0.167, gp: 0.245

[Rank 0] (epoch: 50, iters: 12416, time: 0.001, data: 0.001) , D_A: 0.314, G_A: 0.943, cycle_A: 0.160, D_B: 0.247, G_B: 0.960, cycle_B: 0.143, gp: 0.242

--- iter tau=0.1000 ---
  cipher in : p msscpsfplnpqmssjp pkplecphkbbncplnp sfnpefcplecprebbncpsfpljsd
  decrypted :  apiin ir he npiic a o hsn nodden he aire srn hsn nsdden ir hcib
  real plain: respec o hich an aard is made or makes an assignmen of sch aard 
  cipher in : pkkcpefcpfe eblncplkbpjnknnjpjnecplnp ssaplnfpkpebpqkjbp jsdlpsp
  decrypted :  oon srn rsasdhen hod ceoeec cesn he aiio her o sd nocd acibh i 
  real plain:  alable hoeer seeral perinen consideraions desere recogniion one
[Rank 0] (epoch: 50, iters: 14016, time: 0.001, data: 0.001) , D_A: 0.230, G_A: 0.904, cycle_A: 0.163, D_B: 0.290, G_B: 0.933, cycle_B: 0.146, gp: 0.282

saving the latest model (epoch 50, total_iters 1720000)
[Rank 0] (epoch: 50, iters: 15616, time: 0.001, data: 0.001) , D_A: 0.266, G_A: 0.947, cycle_A: 0.164, D_B: 0.294, G_B: 0.935, cycle_B: 0.158, gp: 0.290

[Rank 0] (epoch: 50, iters: 17216, time: 0.001, data: 0.001) , D_A: 0.277, G_A: 0.951, cycle_A: 0.169, D_B: 0.282, G_B: 0.881, cycle_B: 0.153, gp: 0.273

[Rank 0] (epoch: 50, iters: 18816, time: 0.001, data: 0.002) , D_A: 0.293, G_A: 0.964, cycle_A: 0.161, D_B: 0.290, G_B: 0.937, cycle_B: 0.150, gp: 0.286

[Rank 0] (epoch: 50, iters: 20416, time: 0.001, data: 0.001) , D_A: 0.228, G_A: 0.932, cycle_A: 0.170, D_B: 0.207, G_B: 0.938, cycle_B: 0.163, gp: 0.203

[Rank 0] (epoch: 50, iters: 22016, time: 0.001, data: 0.001) , D_A: 0.268, G_A: 0.941, cycle_A: 0.175, D_B: 0.237, G_B: 0.898, cycle_B: 0.151, gp: 0.228

[Rank 0] (epoch: 50, iters: 23616, time: 0.001, data: 0.001) , D_A: 0.230, G_A: 0.912, cycle_A: 0.167, D_B: 0.221, G_B: 0.910, cycle_B: 0.150, gp: 0.215

[Rank 0] (epoch: 50, iters: 25216, time: 0.001, data: 0.001) , D_A: 0.283, G_A: 0.954, cycle_A: 0.161, D_B: 0.231, G_B: 0.942, cycle_B: 0.149, gp: 0.227

[Rank 0] (epoch: 50, iters: 26816, time: 0.001, data: 0.001) , D_A: 0.256, G_A: 0.908, cycle_A: 0.165, D_B: 0.276, G_B: 0.942, cycle_B: 0.152, gp: 0.270

[Rank 0] (epoch: 50, iters: 28416, time: 0.001, data: 0.001) , D_A: 0.264, G_A: 0.957, cycle_A: 0.166, D_B: 0.144, G_B: 0.933, cycle_B: 0.166, gp: 0.140

[Rank 0] (epoch: 50, iters: 30016, time: 0.001, data: 0.003) , D_A: 0.311, G_A: 0.947, cycle_A: 0.160, D_B: 0.219, G_B: 0.926, cycle_B: 0.149, gp: 0.214

[Rank 0] (epoch: 50, iters: 31616, time: 0.001, data: 0.001) , D_A: 0.277, G_A: 0.966, cycle_A: 0.166, D_B: 0.219, G_B: 0.945, cycle_B: 0.153, gp: 0.213

[Rank 0] (epoch: 50, iters: 33216, time: 0.001, data: 0.001) , D_A: 0.288, G_A: 0.926, cycle_A: 0.178, D_B: 0.231, G_B: 0.910, cycle_B: 0.161, gp: 0.227

[Rank 0] (epoch: 50, iters: 34816, time: 0.001, data: 0.002) , D_A: 0.293, G_A: 0.944, cycle_A: 0.180, D_B: 0.204, G_B: 0.919, cycle_B: 0.154, gp: 0.197

learning rate 0.0000182 -> 0.0000000
temperature tau = 0.1000
saving the model at the end of epoch 50, iters 1740800
End of epoch 50 / 50 	 Time Taken: 34 sec
----------------- Options ---------------
             aspect_ratio: 1.0                           
               batch_size: 64                            
          checkpoints_dir: ./checkpoints                 
                crop_size: 256                           
                 dataroot: .                             	[default: None]
             dataset_mode: cipher                        
                direction: AtoB                          
               display_id: 0                             
          display_winsize: 256                           
                embed_dim: 256                           	[default: 64]
                    epoch: latest                        
                     eval: False                         
                 gan_mode: lsgan                         
                   gumbel: False                         
                init_gain: 0.02                          
                init_type: normal                        
                 input_nc: 3                             
                  isTrain: False                         	[default: None]
                     kw_D: 15                            	[default: 4]
                 lambda_A: 10.0                          
                 lambda_B: 10.0                          
                lambda_gp: 10.0                          
          lambda_identity: 0.0                           
                load_iter: 0                             	[default: 0]
                load_size: 256                           
                       lr: 0.0002                        
         matched_softness: True                          	[default: False]
         max_dataset_size: inf                           
                    model: cipher_cycle_gan              	[default: test]
               n_blocks_G: 5                             	[default: 4]
                 n_critic: 1                             
               n_layers_D: 5                             	[default: 3]
                     name: a20_s3_gp1                    	[default: experiment_name]
                      ndf: 32                            	[default: 128]
                     netD: seq                           
                     netG: seq                           
                      ngf: 128                           
               no_dropout: True                          
                  no_flip: True                          
                     norm: layer                         	[default: instance]
                 npz_path: data/a20/dataset.npz          	[default: None]
                 num_test: 50                            
              num_threads: 4                             
                output_nc: 3                             
                pair_seed: 0                             
                    phase: test                          
              pointwise_G: True                          	[default: False]
               preprocess: none                          
         real_logit_scale: 5.0                           
              results_dir: ./results/                    
           serial_batches: False                         
         straight_through: True                          	[default: False]
                   suffix:                               
                  tau_end: 0.1                           
                tau_start: 1.0                           
                   use_gp: False                         
                use_wandb: False                         
                  verbose: False                         
               vocab_size: -1                            
       wandb_project_name: CycleGAN-and-pix2pix          
----------------- End -------------------
[cipher] eval: A(cipher)=(7735, 64) B(plain)=(7735, 64) vocab=21 cipher=substitution paired=True
dataset [CipherDataset] was created
Initialized with device cuda:0
initialize network with normal
Initialized with device cuda:0
initialize network with normal
model [CipherCycleGANModel] was created
Initialized with device cuda:0
initialize network with normal
loading the model from checkpoints/a20_s3_gp1/latest_net_G_A.pth
Initialized with device cuda:0
initialize network with normal
loading the model from checkpoints/a20_s3_gp1/latest_net_G_B.pth
---------- Networks initialized -------------
[Network G_A] Total number of parameters : 0.209 M
[Network G_B] Total number of parameters : 0.209 M
-----------------------------------------------

==============================================================
cipher              substitution (key=perm-seed0)
samples             7735 x 64
character accuracy  0.3749   (chance ~0.0500)
character error     0.6251
key recovery        0.1500   (coverage 1.000)
==============================================================
cipher in : qkdpkbpspbshnpcndjnnpepgshrsbknpsqprnbpefcpkpkbpglejegnjkncp pln
decrypted : nob od i dine nebcee s linnidoe in ned srn o od lhscslecoen a he
truth     : fig is o some degree a composie of pes and i is characeried b he

wrote ./checkpoints/a20_s3_gp1/eval_metrics.json
wrote ./checkpoints/a20_s3_gp1/curves_a20_s3_gp1.png

loss             first      last       min       max
D_A              0.740     0.293     0.091     1.084
G_A              0.325     0.944     0.086     3.694
cycle_A          2.005     0.180     0.143     2.435
D_B              0.966     0.204     0.101     0.966
G_B              0.339     0.919     0.249     1.566
cycle_B          1.843     0.154     0.114     3.173
gp               0.382     0.197     0.095     0.565

D_A over the final window: 0.264
  -> at LSGAN equilibrium: the two networks are balanced.
