=== task 0 : dataset=a27 seed=2 ===
NVIDIA A100-SXM4-80GB
----------------- Options ---------------
               batch_size: 64                            
                    beta1: 0.0                           	[default: 0.5]
          checkpoints_dir: ./checkpoints                 
           continue_train: False                         
                crop_size: 256                           
               cycle_loss: ce                            
                 dataroot: .                             	[default: None]
             dataset_mode: cipher                        
                direction: AtoB                          
             display_freq: 20000                         	[default: 400]
               display_id: 0                             
          display_winsize: 256                           
                embed_dim: 256                           	[default: 64]
                    epoch: latest                        
              epoch_count: 1                             
                 gan_mode: lsgan                         
                   gumbel: False                         
                init_gain: 0.02                          
                init_type: normal                        
                 input_nc: 3                             
                  isTrain: True                          	[default: None]
                     kw_D: 15                            	[default: 4]
                 lambda_A: 1.0                           	[default: 10.0]
                 lambda_B: 1.0                           	[default: 10.0]
                lambda_gp: 1.0                           	[default: 10.0]
          lambda_identity: 0.0                           
                load_iter: 0                             	[default: 0]
                load_size: 286                           
                       lr: 0.0002                        
           lr_decay_iters: 50                            
                lr_policy: linear                        
         matched_softness: True                          	[default: False]
         max_dataset_size: inf                           
                    model: cipher_cycle_gan              	[default: cycle_gan]
               n_blocks_G: 5                             	[default: 4]
                 n_critic: 1                             
                 n_epochs: 40                            	[default: 100]
           n_epochs_decay: 10                            	[default: 100]
               n_layers_D: 5                             	[default: 3]
                     name: a27_s2_gp1                    	[default: experiment_name]
                      ndf: 32                            	[default: 128]
                     netD: seq                           
                     netG: seq                           
                      ngf: 128                           
               no_dropout: True                          
                  no_flip: True                          
                  no_html: False                         
                     norm: layer                         	[default: instance]
                 npz_path: data/a27/dataset.npz          	[default: None]
              num_threads: 8                             	[default: 4]
                output_nc: 3                             
                pair_seed: 2                             	[default: 0]
                    phase: train                         
              pointwise_G: True                          	[default: False]
                pool_size: 50                            
               preprocess: none                          
               print_freq: 100                           
         real_logit_scale: 5.0                           
             save_by_iter: False                         
          save_epoch_freq: 50                            	[default: 5]
         save_latest_freq: 5000                          
           serial_batches: False                         
         straight_through: True                          	[default: False]
                   suffix:                               
                  tau_end: 0.1                           
                tau_start: 0.5                           	[default: 1.0]
         update_html_freq: 1000                          
                   use_gp: True                          	[default: False]
                use_wandb: False                         
                  verbose: False                         
               vocab_size: -1                            
       wandb_project_name: CycleGAN-and-pix2pix          
----------------- End -------------------
Initialized with device cuda:0
[cipher] train: A(cipher)=(40436, 64) B(plain)=(40436, 64) vocab=28 cipher=substitution paired=False
dataset [CipherDataset] was created
The number of training images = 40436
Initialized with device cuda:0
initialize network with normal
Initialized with device cuda:0
initialize network with normal
Initialized with device cuda:0
initialize network with normal
Initialized with device cuda:0
initialize network with normal
model [CipherCycleGANModel] was created
Initialized with device cuda:0
initialize network with normal
Initialized with device cuda:0
initialize network with normal
Initialized with device cuda:0
initialize network with normal
Initialized with device cuda:0
initialize network with normal
---------- Networks initialized -------------
[Network G_A] Total number of parameters : 0.212 M
[Network G_B] Total number of parameters : 0.212 M
[Network D_A] Total number of parameters : 0.477 M
[Network D_B] Total number of parameters : 0.477 M
-----------------------------------------------
create web directory checkpoints/a27_s2_gp1/web...
[Rank 0] (epoch: 1, iters: 1600, time: 0.001, data: 0.068) , D_A: 0.844, G_A: 0.231, cycle_A: 1.000, D_B: 0.694, G_B: 0.176, cycle_B: 1.128, gp: 0.400

[Rank 0] (epoch: 1, iters: 3200, time: 0.001, data: 0.001) , D_A: 0.734, G_A: 0.692, cycle_A: 0.522, D_B: 0.690, G_B: 0.358, cycle_B: 0.540, gp: 0.381

[Rank 0] (epoch: 1, iters: 4800, time: 0.001, data: 0.001) , D_A: 0.732, G_A: 0.324, cycle_A: 0.230, D_B: 0.434, G_B: 0.223, cycle_B: 0.211, gp: 0.276

[Rank 0] (epoch: 1, iters: 6400, time: 0.001, data: 0.001) , D_A: 0.637, G_A: 0.746, cycle_A: 0.208, D_B: 0.550, G_B: 0.611, cycle_B: 0.405, gp: 0.420

[Rank 0] (epoch: 1, iters: 8000, time: 0.001, data: 0.001) , D_A: 0.713, G_A: 0.366, cycle_A: 0.293, D_B: 0.685, G_B: 0.607, cycle_B: 0.415, gp: 0.427

[Rank 0] (epoch: 1, iters: 9600, time: 0.001, data: 0.001) , D_A: 0.518, G_A: 1.113, cycle_A: 0.159, D_B: 0.683, G_B: 0.416, cycle_B: 0.144, gp: 0.500

[Rank 0] (epoch: 1, iters: 11200, time: 0.001, data: 0.001) , D_A: 0.617, G_A: 0.455, cycle_A: 0.137, D_B: 0.500, G_B: 1.123, cycle_B: 0.105, gp: 0.352

[Rank 0] (epoch: 1, iters: 12800, time: 0.001, data: 0.001) , D_A: 0.592, G_A: 0.741, cycle_A: 0.141, D_B: 0.433, G_B: 0.867, cycle_B: 0.111, gp: 0.380

[Rank 0] (epoch: 1, iters: 14400, time: 0.001, data: 0.001) , D_A: 0.667, G_A: 0.511, cycle_A: 0.137, D_B: 0.373, G_B: 0.719, cycle_B: 0.112, gp: 0.319

[Rank 0] (epoch: 1, iters: 16000, time: 0.001, data: 0.001) , D_A: 0.621, G_A: 1.355, cycle_A: 0.115, D_B: 0.279, G_B: 0.947, cycle_B: 0.154, gp: 0.214

[Rank 0] (epoch: 1, iters: 17600, time: 0.001, data: 0.001) , D_A: 0.477, G_A: 0.893, cycle_A: 0.120, D_B: 0.336, G_B: 0.754, cycle_B: 0.127, gp: 0.281

[Rank 0] (epoch: 1, iters: 19200, time: 0.001, data: 0.001) , D_A: 0.350, G_A: 0.726, cycle_A: 0.129, D_B: 0.290, G_B: 0.768, cycle_B: 0.126, gp: 0.247

[Rank 0] (epoch: 1, iters: 20800, time: 0.001, data: 0.001) , D_A: 0.464, G_A: 0.739, cycle_A: 0.110, D_B: 0.404, G_B: 0.525, cycle_B: 0.116, gp: 0.296

[Rank 0] (epoch: 1, iters: 22400, time: 0.001, data: 0.001) , D_A: 0.348, G_A: 0.926, cycle_A: 0.114, D_B: 0.397, G_B: 0.578, cycle_B: 0.122, gp: 0.332

[Rank 0] (epoch: 1, iters: 24000, time: 0.001, data: 0.001) , D_A: 0.827, G_A: 1.454, cycle_A: 0.119, D_B: 0.383, G_B: 1.001, cycle_B: 0.139, gp: 0.350

[Rank 0] (epoch: 1, iters: 25600, time: 0.001, data: 0.001) , D_A: 0.530, G_A: 1.346, cycle_A: 0.151, D_B: 0.404, G_B: 1.179, cycle_B: 0.100, gp: 0.361

[Rank 0] (epoch: 1, iters: 27200, time: 0.001, data: 0.001) , D_A: 0.419, G_A: 0.492, cycle_A: 0.131, D_B: 0.429, G_B: 0.636, cycle_B: 0.124, gp: 0.385

[Rank 0] (epoch: 1, iters: 28800, time: 0.001, data: 0.001) , D_A: 0.484, G_A: 0.927, cycle_A: 0.108, D_B: 0.367, G_B: 1.035, cycle_B: 0.219, gp: 0.334

[Rank 0] (epoch: 1, iters: 30400, time: 0.001, data: 0.001) , D_A: 0.352, G_A: 1.013, cycle_A: 0.122, D_B: 0.320, G_B: 0.776, cycle_B: 0.117, gp: 0.286

[Rank 0] (epoch: 1, iters: 32000, time: 0.001, data: 0.001) , D_A: 0.578, G_A: 0.826, cycle_A: 0.102, D_B: 0.258, G_B: 0.910, cycle_B: 0.098, gp: 0.228

[Rank 0] (epoch: 1, iters: 33600, time: 0.001, data: 0.001) , D_A: 0.414, G_A: 0.812, cycle_A: 0.121, D_B: 0.248, G_B: 0.996, cycle_B: 0.122, gp: 0.227

[Rank 0] (epoch: 1, iters: 35200, time: 0.001, data: 0.001) , D_A: 0.523, G_A: 0.762, cycle_A: 0.127, D_B: 0.271, G_B: 0.794, cycle_B: 0.106, gp: 0.243

[Rank 0] (epoch: 1, iters: 36800, time: 0.001, data: 0.001) , D_A: 0.383, G_A: 0.872, cycle_A: 0.125, D_B: 0.281, G_B: 0.895, cycle_B: 0.110, gp: 0.263

[Rank 0] (epoch: 1, iters: 38400, time: 0.001, data: 0.001) , D_A: 0.351, G_A: 1.120, cycle_A: 0.114, D_B: 0.246, G_B: 0.957, cycle_B: 0.118, gp: 0.230

--- iter tau=0.5000 ---
  cipher in : quahpithrpqhptvhupf tkgqazpqaptpiraqkqmtvvyhmuahun lphkguuvpcunp
  decrypted : itsr pnrl ir nort eanocisg is n plsioilnoourltsrtdah roctto btd 
  real plain: onal traveler from italy brought news of peter robert who was no
  cipher in : iqa pwthpthph o n ptpknqfqktvqaf vv kfrtvp aoqnuai afpthpktape p
  decrypted : pisa wnr nr ramada n odieionoiseaooaoelno asmidtspase nr ons fa 
  real plain: dicks classmate jimmy from next door let the cat out of the bag 
[Rank 0] (epoch: 1, iters: 40000, time: 0.001, data: 0.001) , D_A: 0.449, G_A: 0.817, cycle_A: 0.117, D_B: 0.244, G_B: 0.824, cycle_B: 0.114, gp: 0.212

saving the latest model (epoch 1, total_iters 40000)
learning rate 0.0002000 -> 0.0002000
temperature tau = 0.4838
End of epoch 1 / 50 	 Time Taken: 33 sec
[Rank 0] (epoch: 2, iters: 1152, time: 0.001, data: 0.001) , D_A: 0.417, G_A: 0.977, cycle_A: 0.132, D_B: 0.359, G_B: 1.481, cycle_B: 0.118, gp: 0.291

[Rank 0] (epoch: 2, iters: 2752, time: 0.001, data: 0.001) , D_A: 0.563, G_A: 0.547, cycle_A: 0.110, D_B: 0.312, G_B: 0.957, cycle_B: 0.116, gp: 0.298

[Rank 0] (epoch: 2, iters: 4352, time: 0.001, data: 0.001) , D_A: 0.498, G_A: 0.974, cycle_A: 0.109, D_B: 0.462, G_B: 1.053, cycle_B: 0.114, gp: 0.203

[Rank 0] (epoch: 2, iters: 5952, time: 0.001, data: 0.001) , D_A: 0.313, G_A: 0.822, cycle_A: 0.126, D_B: 0.228, G_B: 0.987, cycle_B: 0.112, gp: 0.210

[Rank 0] (epoch: 2, iters: 7552, time: 0.001, data: 0.001) , D_A: 0.560, G_A: 0.695, cycle_A: 0.119, D_B: 0.378, G_B: 1.000, cycle_B: 0.251, gp: 0.360

[Rank 0] (epoch: 2, iters: 9152, time: 0.001, data: 0.001) , D_A: 0.512, G_A: 1.118, cycle_A: 0.109, D_B: 0.281, G_B: 0.864, cycle_B: 0.120, gp: 0.262

[Rank 0] (epoch: 2, iters: 10752, time: 0.001, data: 0.001) , D_A: 0.400, G_A: 0.884, cycle_A: 0.112, D_B: 0.243, G_B: 1.017, cycle_B: 0.111, gp: 0.230

[Rank 0] (epoch: 2, iters: 12352, time: 0.001, data: 0.001) , D_A: 0.397, G_A: 0.905, cycle_A: 0.108, D_B: 0.223, G_B: 0.912, cycle_B: 0.112, gp: 0.209

[Rank 0] (epoch: 2, iters: 13952, time: 0.001, data: 0.001) , D_A: 0.585, G_A: 0.102, cycle_A: 0.120, D_B: 0.331, G_B: 1.193, cycle_B: 0.173, gp: 0.296

[Rank 0] (epoch: 2, iters: 15552, time: 0.001, data: 0.001) , D_A: 0.399, G_A: 0.969, cycle_A: 0.118, D_B: 0.349, G_B: 0.946, cycle_B: 0.117, gp: 0.331

[Rank 0] (epoch: 2, iters: 17152, time: 0.001, data: 0.001) , D_A: 0.413, G_A: 0.979, cycle_A: 0.107, D_B: 0.248, G_B: 1.155, cycle_B: 0.109, gp: 0.222

[Rank 0] (epoch: 2, iters: 18752, time: 0.001, data: 0.001) , D_A: 0.360, G_A: 0.786, cycle_A: 0.108, D_B: 0.267, G_B: 0.946, cycle_B: 0.096, gp: 0.253

[Rank 0] (epoch: 2, iters: 20352, time: 0.001, data: 0.001) , D_A: 0.413, G_A: 1.113, cycle_A: 0.117, D_B: 0.205, G_B: 0.926, cycle_B: 0.103, gp: 0.194

[Rank 0] (epoch: 2, iters: 21952, time: 0.001, data: 0.001) , D_A: 0.331, G_A: 0.911, cycle_A: 0.112, D_B: 0.409, G_B: 0.962, cycle_B: 0.098, gp: 0.398

[Rank 0] (epoch: 2, iters: 23552, time: 0.001, data: 0.001) , D_A: 0.439, G_A: 0.748, cycle_A: 0.103, D_B: 0.298, G_B: 0.988, cycle_B: 0.117, gp: 0.288

[Rank 0] (epoch: 2, iters: 25152, time: 0.001, data: 0.001) , D_A: 0.302, G_A: 1.062, cycle_A: 0.095, D_B: 0.326, G_B: 1.013, cycle_B: 0.097, gp: 0.313

[Rank 0] (epoch: 2, iters: 26752, time: 0.001, data: 0.001) , D_A: 0.347, G_A: 0.825, cycle_A: 0.107, D_B: 0.343, G_B: 0.957, cycle_B: 0.105, gp: 0.329

[Rank 0] (epoch: 2, iters: 28352, time: 0.001, data: 0.001) , D_A: 0.518, G_A: 1.278, cycle_A: 0.104, D_B: 0.404, G_B: 1.012, cycle_B: 0.167, gp: 0.388

[Rank 0] (epoch: 2, iters: 29952, time: 0.001, data: 0.001) , D_A: 0.329, G_A: 0.927, cycle_A: 0.108, D_B: 0.303, G_B: 1.042, cycle_B: 0.104, gp: 0.291

[Rank 0] (epoch: 2, iters: 31552, time: 0.001, data: 0.001) , D_A: 0.404, G_A: 1.266, cycle_A: 0.111, D_B: 0.268, G_B: 1.009, cycle_B: 0.171, gp: 0.254

[Rank 0] (epoch: 2, iters: 33152, time: 0.001, data: 0.001) , D_A: 0.420, G_A: 1.297, cycle_A: 0.110, D_B: 0.250, G_B: 0.980, cycle_B: 0.098, gp: 0.240

[Rank 0] (epoch: 2, iters: 34752, time: 0.001, data: 0.001) , D_A: 0.350, G_A: 1.041, cycle_A: 0.137, D_B: 0.262, G_B: 0.976, cycle_B: 0.100, gp: 0.252

[Rank 0] (epoch: 2, iters: 36352, time: 0.001, data: 0.001) , D_A: 0.443, G_A: 0.743, cycle_A: 0.105, D_B: 0.379, G_B: 0.972, cycle_B: 0.110, gp: 0.370

[Rank 0] (epoch: 2, iters: 37952, time: 0.001, data: 0.001) , D_A: 0.394, G_A: 0.859, cycle_A: 0.126, D_B: 0.339, G_B: 0.957, cycle_B: 0.100, gp: 0.326

--- iter tau=0.4838 ---
  cipher in : wthpcnuipfg pytad  pkuvua vpfg pc l ntvpcunk hpgtlpftd apmtnd nh
  decrypted : wnr bdtp eca unsfaa ototsao eca bahadno btdoar cnh enfas lndfadr
  real plain: a threat though expensive and these same polyphosphates spelled 
  cipher in : pg pqhpz ffqazpitqvpcnuiptvvpuo npfg pkurafnypteurfpfg pterh pg 
  decrypted :  ca ir gaeeisg pnio bdtp noo tmad eca otlsedu nftle eca nflra ca
  real plain: ve observed time and time again is a process of integration inte
[Rank 0] (epoch: 2, iters: 39552, time: 0.001, data: 0.001) , D_A: 0.393, G_A: 0.890, cycle_A: 0.110, D_B: 0.251, G_B: 0.994, cycle_B: 0.118, gp: 0.239

saving the latest model (epoch 2, total_iters 80000)
learning rate 0.0002000 -> 0.0002000
temperature tau = 0.4682
End of epoch 2 / 50 	 Time Taken: 34 sec
[Rank 0] (epoch: 3, iters: 704, time: 0.001, data: 0.001) , D_A: 0.427, G_A: 0.994, cycle_A: 0.104, D_B: 0.219, G_B: 0.958, cycle_B: 0.095, gp: 0.208

[Rank 0] (epoch: 3, iters: 2304, time: 0.001, data: 0.000) , D_A: 0.364, G_A: 1.129, cycle_A: 0.109, D_B: 0.271, G_B: 1.035, cycle_B: 0.106, gp: 0.261

[Rank 0] (epoch: 3, iters: 3904, time: 0.001, data: 0.001) , D_A: 0.357, G_A: 0.701, cycle_A: 0.114, D_B: 0.213, G_B: 1.058, cycle_B: 0.123, gp: 0.205

[Rank 0] (epoch: 3, iters: 5504, time: 0.001, data: 0.001) , D_A: 0.267, G_A: 1.058, cycle_A: 0.119, D_B: 0.259, G_B: 1.003, cycle_B: 0.152, gp: 0.250

[Rank 0] (epoch: 3, iters: 7104, time: 0.001, data: 0.001) , D_A: 0.335, G_A: 0.846, cycle_A: 0.134, D_B: 0.244, G_B: 0.984, cycle_B: 0.117, gp: 0.232

[Rank 0] (epoch: 3, iters: 8704, time: 0.001, data: 0.001) , D_A: 0.432, G_A: 0.841, cycle_A: 0.116, D_B: 0.241, G_B: 0.982, cycle_B: 0.100, gp: 0.230

[Rank 0] (epoch: 3, iters: 10304, time: 0.001, data: 0.001) , D_A: 0.379, G_A: 0.998, cycle_A: 0.114, D_B: 0.157, G_B: 0.916, cycle_B: 0.104, gp: 0.144

[Rank 0] (epoch: 3, iters: 11904, time: 0.001, data: 0.001) , D_A: 0.335, G_A: 1.082, cycle_A: 0.122, D_B: 0.281, G_B: 0.977, cycle_B: 0.115, gp: 0.271

[Rank 0] (epoch: 3, iters: 13504, time: 0.001, data: 0.001) , D_A: 0.373, G_A: 0.939, cycle_A: 0.102, D_B: 0.207, G_B: 1.024, cycle_B: 0.095, gp: 0.199

[Rank 0] (epoch: 3, iters: 15104, time: 0.001, data: 0.001) , D_A: 0.337, G_A: 1.002, cycle_A: 0.114, D_B: 0.433, G_B: 0.994, cycle_B: 0.113, gp: 0.421

[Rank 0] (epoch: 3, iters: 16704, time: 0.001, data: 0.001) , D_A: 0.366, G_A: 1.102, cycle_A: 0.111, D_B: 0.226, G_B: 1.032, cycle_B: 0.096, gp: 0.217

[Rank 0] (epoch: 3, iters: 18304, time: 0.001, data: 0.001) , D_A: 0.337, G_A: 0.869, cycle_A: 0.118, D_B: 0.209, G_B: 1.026, cycle_B: 0.111, gp: 0.200

[Rank 0] (epoch: 3, iters: 19904, time: 0.001, data: 0.001) , D_A: 0.503, G_A: 0.399, cycle_A: 0.116, D_B: 0.216, G_B: 0.983, cycle_B: 0.113, gp: 0.208

[Rank 0] (epoch: 3, iters: 21504, time: 0.001, data: 0.001) , D_A: 0.391, G_A: 0.966, cycle_A: 0.117, D_B: 0.179, G_B: 0.975, cycle_B: 0.109, gp: 0.171

[Rank 0] (epoch: 3, iters: 23104, time: 0.001, data: 0.001) , D_A: 0.372, G_A: 0.937, cycle_A: 0.113, D_B: 0.307, G_B: 0.957, cycle_B: 0.119, gp: 0.296

[Rank 0] (epoch: 3, iters: 24704, time: 0.001, data: 0.001) , D_A: 0.381, G_A: 1.019, cycle_A: 0.110, D_B: 0.292, G_B: 0.931, cycle_B: 0.111, gp: 0.279

[Rank 0] (epoch: 3, iters: 26304, time: 0.001, data: 0.001) , D_A: 0.398, G_A: 0.999, cycle_A: 0.107, D_B: 0.179, G_B: 1.004, cycle_B: 0.114, gp: 0.169

[Rank 0] (epoch: 3, iters: 27904, time: 0.001, data: 0.001) , D_A: 0.350, G_A: 1.105, cycle_A: 0.115, D_B: 0.279, G_B: 0.994, cycle_B: 0.113, gp: 0.271

[Rank 0] (epoch: 3, iters: 29504, time: 0.001, data: 0.001) , D_A: 0.341, G_A: 1.013, cycle_A: 0.117, D_B: 0.174, G_B: 1.017, cycle_B: 0.101, gp: 0.169

[Rank 0] (epoch: 3, iters: 31104, time: 0.001, data: 0.001) , D_A: 0.388, G_A: 0.742, cycle_A: 0.114, D_B: 0.394, G_B: 0.650, cycle_B: 0.113, gp: 0.361

[Rank 0] (epoch: 3, iters: 32704, time: 0.001, data: 0.001) , D_A: 0.283, G_A: 1.033, cycle_A: 0.116, D_B: 0.246, G_B: 1.032, cycle_B: 0.097, gp: 0.238

[Rank 0] (epoch: 3, iters: 34304, time: 0.001, data: 0.001) , D_A: 0.311, G_A: 1.001, cycle_A: 0.100, D_B: 0.191, G_B: 0.973, cycle_B: 0.113, gp: 0.184

[Rank 0] (epoch: 3, iters: 35904, time: 0.001, data: 0.001) , D_A: 0.402, G_A: 1.097, cycle_A: 0.113, D_B: 0.258, G_B: 0.981, cycle_B: 0.108, gp: 0.250

[Rank 0] (epoch: 3, iters: 37504, time: 0.001, data: 0.001) , D_A: 0.279, G_A: 0.957, cycle_A: 0.115, D_B: 0.252, G_B: 0.946, cycle_B: 0.119, gp: 0.244

--- iter tau=0.4682 ---
  cipher in : urfpwg apyurpv to pqapfg piunaqazpg pwthpftd aptetkdpqfpfuudpgqi
  decrypted : tle wcas utl oanma is eca ptdsisg ca wnr enfas nfnof ie ettf cip
  real plain:  because baker had sent him to the mexican border in to investig
  cipher in : frn pwurvlptmm tnpfupe pwg fg npfg pgylnuz aptfuihptn pvuktf lph
  decrypted : elda wtloh nlland et fa wcaecad eca cuhdtgas netpr nda otoneah r
  real plain: ltiple and ambivalent identities of their passage from child to 
[Rank 0] (epoch: 3, iters: 39104, time: 0.001, data: 0.001) , D_A: 0.367, G_A: 0.849, cycle_A: 0.104, D_B: 0.287, G_B: 0.970, cycle_B: 0.102, gp: 0.278

saving the latest model (epoch 3, total_iters 120000)
learning rate 0.0002000 -> 0.0002000
temperature tau = 0.4531
End of epoch 3 / 50 	 Time Taken: 33 sec
[Rank 0] (epoch: 4, iters: 256, time: 0.001, data: 0.001) , D_A: 0.352, G_A: 0.936, cycle_A: 0.103, D_B: 0.273, G_B: 0.885, cycle_B: 0.112, gp: 0.262

[Rank 0] (epoch: 4, iters: 1856, time: 0.001, data: 0.000) , D_A: 0.290, G_A: 0.871, cycle_A: 0.110, D_B: 0.235, G_B: 1.015, cycle_B: 0.108, gp: 0.227

[Rank 0] (epoch: 4, iters: 3456, time: 0.001, data: 0.001) , D_A: 0.354, G_A: 0.751, cycle_A: 0.104, D_B: 0.240, G_B: 0.989, cycle_B: 0.113, gp: 0.233

[Rank 0] (epoch: 4, iters: 5056, time: 0.001, data: 0.001) , D_A: 0.276, G_A: 0.976, cycle_A: 0.095, D_B: 0.249, G_B: 0.979, cycle_B: 0.110, gp: 0.243

[Rank 0] (epoch: 4, iters: 6656, time: 0.001, data: 0.001) , D_A: 0.273, G_A: 1.005, cycle_A: 0.112, D_B: 0.171, G_B: 1.042, cycle_B: 0.101, gp: 0.165

[Rank 0] (epoch: 4, iters: 8256, time: 0.001, data: 0.001) , D_A: 0.332, G_A: 1.098, cycle_A: 0.104, D_B: 0.203, G_B: 1.022, cycle_B: 0.103, gp: 0.195

[Rank 0] (epoch: 4, iters: 9856, time: 0.001, data: 0.001) , D_A: 0.356, G_A: 0.957, cycle_A: 0.112, D_B: 0.233, G_B: 0.988, cycle_B: 0.115, gp: 0.227

[Rank 0] (epoch: 4, iters: 11456, time: 0.001, data: 0.001) , D_A: 0.341, G_A: 0.926, cycle_A: 0.122, D_B: 0.389, G_B: 0.995, cycle_B: 0.118, gp: 0.378

[Rank 0] (epoch: 4, iters: 13056, time: 0.001, data: 0.001) , D_A: 0.198, G_A: 1.027, cycle_A: 0.118, D_B: 0.271, G_B: 0.903, cycle_B: 0.116, gp: 0.257

[Rank 0] (epoch: 4, iters: 14656, time: 0.001, data: 0.001) , D_A: 0.348, G_A: 1.030, cycle_A: 0.113, D_B: 0.178, G_B: 0.978, cycle_B: 0.110, gp: 0.170

[Rank 0] (epoch: 4, iters: 16256, time: 0.001, data: 0.001) , D_A: 0.323, G_A: 0.857, cycle_A: 0.100, D_B: 0.276, G_B: 0.988, cycle_B: 0.103, gp: 0.270

[Rank 0] (epoch: 4, iters: 17856, time: 0.001, data: 0.001) , D_A: 0.455, G_A: 0.791, cycle_A: 0.118, D_B: 1.049, G_B: 0.903, cycle_B: 0.112, gp: 0.308

[Rank 0] (epoch: 4, iters: 19456, time: 0.001, data: 0.001) , D_A: 0.275, G_A: 0.979, cycle_A: 0.109, D_B: 0.207, G_B: 0.997, cycle_B: 0.110, gp: 0.198

[Rank 0] (epoch: 4, iters: 21056, time: 0.001, data: 0.001) , D_A: 0.393, G_A: 0.958, cycle_A: 0.097, D_B: 0.193, G_B: 1.024, cycle_B: 0.109, gp: 0.185

[Rank 0] (epoch: 4, iters: 22656, time: 0.001, data: 0.001) , D_A: 0.313, G_A: 0.787, cycle_A: 0.117, D_B: 0.242, G_B: 0.898, cycle_B: 0.112, gp: 0.232

[Rank 0] (epoch: 4, iters: 24256, time: 0.001, data: 0.001) , D_A: 0.324, G_A: 1.009, cycle_A: 0.123, D_B: 0.308, G_B: 0.933, cycle_B: 0.101, gp: 0.302

[Rank 0] (epoch: 4, iters: 25856, time: 0.001, data: 0.001) , D_A: 0.414, G_A: 1.085, cycle_A: 0.108, D_B: 0.289, G_B: 1.000, cycle_B: 0.105, gp: 0.279

[Rank 0] (epoch: 4, iters: 27456, time: 0.001, data: 0.001) , D_A: 0.300, G_A: 1.034, cycle_A: 0.107, D_B: 0.202, G_B: 1.038, cycle_B: 0.120, gp: 0.196

[Rank 0] (epoch: 4, iters: 29056, time: 0.001, data: 0.001) , D_A: 0.382, G_A: 1.025, cycle_A: 0.108, D_B: 0.237, G_B: 0.976, cycle_B: 0.103, gp: 0.231

[Rank 0] (epoch: 4, iters: 30656, time: 0.001, data: 0.001) , D_A: 0.309, G_A: 0.958, cycle_A: 0.121, D_B: 0.250, G_B: 1.018, cycle_B: 0.101, gp: 0.244

[Rank 0] (epoch: 4, iters: 32256, time: 0.001, data: 0.001) , D_A: 0.352, G_A: 1.029, cycle_A: 0.109, D_B: 0.193, G_B: 0.948, cycle_B: 0.094, gp: 0.186

[Rank 0] (epoch: 4, iters: 33856, time: 0.001, data: 0.001) , D_A: 0.237, G_A: 1.027, cycle_A: 0.110, D_B: 0.192, G_B: 1.003, cycle_B: 0.113, gp: 0.186

[Rank 0] (epoch: 4, iters: 35456, time: 0.001, data: 0.001) , D_A: 0.320, G_A: 0.964, cycle_A: 0.114, D_B: 0.156, G_B: 0.994, cycle_B: 0.105, gp: 0.149

[Rank 0] (epoch: 4, iters: 37056, time: 0.001, data: 0.001) , D_A: 0.397, G_A: 1.047, cycle_A: 0.087, D_B: 0.210, G_B: 0.982, cycle_B: 0.112, gp: 0.203

--- iter tau=0.4531 ---
  cipher in : aufpa k hhtnqvypfupzn  apguw o npcunpqaphui phqfrtfquahpuavyptpy
  decrypted : ste saoavvndiou et gdaas ctwamad btd is vtpa vielneitsv tsou n u
  real plain: ette then the thought of a cloudless sky made him shiver and he 
  cipher in : prae tntev ptalphg pwurvlphatfkgpfg pcqaz ng vlpgtvcpucpfg pntlq
  decrypted :  lsfandnfoa nsh vca wtloh vsneoc eca bisgadcaoh cnob tb eca dnhi
  real plain: army coup detat bypassing the military junta which has ruled tur
[Rank 0] (epoch: 4, iters: 38656, time: 0.001, data: 0.001) , D_A: 0.322, G_A: 0.601, cycle_A: 0.114, D_B: 0.220, G_B: 0.942, cycle_B: 0.141, gp: 0.211

saving the latest model (epoch 4, total_iters 160000)
[Rank 0] (epoch: 4, iters: 40256, time: 0.001, data: 0.001) , D_A: 1.007, G_A: 1.694, cycle_A: 4.682, D_B: 0.379, G_B: 1.438, cycle_B: 4.127, gp: 0.345

learning rate 0.0002000 -> 0.0002000
temperature tau = 0.4384
End of epoch 4 / 50 	 Time Taken: 34 sec
[Rank 0] (epoch: 5, iters: 1408, time: 0.001, data: 0.001) , D_A: 0.452, G_A: 1.292, cycle_A: 2.056, D_B: 0.997, G_B: 0.036, cycle_B: 1.735, gp: 0.513

[Rank 0] (epoch: 5, iters: 3008, time: 0.001, data: 0.001) , D_A: 0.411, G_A: 0.891, cycle_A: 1.017, D_B: 0.566, G_B: 0.589, cycle_B: 1.349, gp: 0.334

[Rank 0] (epoch: 5, iters: 4608, time: 0.001, data: 0.001) , D_A: 0.384, G_A: 0.505, cycle_A: 0.817, D_B: 0.530, G_B: 0.770, cycle_B: 0.814, gp: 0.495

[Rank 0] (epoch: 5, iters: 6208, time: 0.001, data: 0.001) , D_A: 0.350, G_A: 0.871, cycle_A: 0.689, D_B: 0.386, G_B: 0.861, cycle_B: 0.757, gp: 0.343

[Rank 0] (epoch: 5, iters: 7808, time: 0.001, data: 0.001) , D_A: 0.422, G_A: 0.709, cycle_A: 0.742, D_B: 0.356, G_B: 0.913, cycle_B: 0.806, gp: 0.320

[Rank 0] (epoch: 5, iters: 9408, time: 0.001, data: 0.001) , D_A: 0.428, G_A: 1.136, cycle_A: 0.622, D_B: 0.240, G_B: 1.107, cycle_B: 0.819, gp: 0.216

[Rank 0] (epoch: 5, iters: 11008, time: 0.001, data: 0.001) , D_A: 0.365, G_A: 1.002, cycle_A: 0.620, D_B: 0.267, G_B: 1.071, cycle_B: 0.761, gp: 0.241

[Rank 0] (epoch: 5, iters: 12608, time: 0.001, data: 0.001) , D_A: 0.280, G_A: 0.953, cycle_A: 0.514, D_B: 0.298, G_B: 0.952, cycle_B: 0.621, gp: 0.273

[Rank 0] (epoch: 5, iters: 14208, time: 0.001, data: 0.001) , D_A: 0.338, G_A: 1.019, cycle_A: 0.429, D_B: 0.270, G_B: 1.019, cycle_B: 0.639, gp: 0.253

[Rank 0] (epoch: 5, iters: 15808, time: 0.001, data: 0.001) , D_A: 0.392, G_A: 0.993, cycle_A: 0.400, D_B: 0.220, G_B: 0.928, cycle_B: 0.647, gp: 0.205

[Rank 0] (epoch: 5, iters: 17408, time: 0.001, data: 0.001) , D_A: 0.344, G_A: 0.911, cycle_A: 0.402, D_B: 0.254, G_B: 1.019, cycle_B: 0.627, gp: 0.246

[Rank 0] (epoch: 5, iters: 19008, time: 0.001, data: 0.001) , D_A: 0.334, G_A: 0.814, cycle_A: 0.435, D_B: 0.228, G_B: 0.968, cycle_B: 0.623, gp: 0.211

[Rank 0] (epoch: 5, iters: 20608, time: 0.001, data: 0.001) , D_A: 0.312, G_A: 1.001, cycle_A: 0.377, D_B: 0.226, G_B: 0.945, cycle_B: 0.594, gp: 0.213

[Rank 0] (epoch: 5, iters: 22208, time: 0.001, data: 0.001) , D_A: 0.247, G_A: 0.767, cycle_A: 0.496, D_B: 0.242, G_B: 0.720, cycle_B: 0.675, gp: 0.217

[Rank 0] (epoch: 5, iters: 23808, time: 0.001, data: 0.001) , D_A: 0.362, G_A: 0.858, cycle_A: 0.399, D_B: 0.290, G_B: 0.992, cycle_B: 0.659, gp: 0.271

[Rank 0] (epoch: 5, iters: 25408, time: 0.001, data: 0.001) , D_A: 0.244, G_A: 0.999, cycle_A: 0.392, D_B: 0.327, G_B: 1.019, cycle_B: 0.668, gp: 0.317

[Rank 0] (epoch: 5, iters: 27008, time: 0.001, data: 0.001) , D_A: 0.257, G_A: 0.928, cycle_A: 0.458, D_B: 0.304, G_B: 1.121, cycle_B: 0.638, gp: 0.293

[Rank 0] (epoch: 5, iters: 28608, time: 0.001, data: 0.001) , D_A: 0.344, G_A: 1.001, cycle_A: 0.390, D_B: 0.247, G_B: 0.946, cycle_B: 0.614, gp: 0.234

[Rank 0] (epoch: 5, iters: 30208, time: 0.001, data: 0.001) , D_A: 0.235, G_A: 0.849, cycle_A: 0.431, D_B: 0.292, G_B: 0.955, cycle_B: 0.617, gp: 0.282

[Rank 0] (epoch: 5, iters: 31808, time: 0.001, data: 0.001) , D_A: 0.268, G_A: 0.938, cycle_A: 0.413, D_B: 0.112, G_B: 1.065, cycle_B: 0.635, gp: 0.102

[Rank 0] (epoch: 5, iters: 33408, time: 0.001, data: 0.001) , D_A: 0.270, G_A: 1.030, cycle_A: 0.422, D_B: 0.150, G_B: 1.040, cycle_B: 0.590, gp: 0.130

[Rank 0] (epoch: 5, iters: 35008, time: 0.001, data: 0.001) , D_A: 0.340, G_A: 1.078, cycle_A: 0.416, D_B: 0.362, G_B: 0.996, cycle_B: 0.571, gp: 0.353

[Rank 0] (epoch: 5, iters: 36608, time: 0.001, data: 0.001) , D_A: 0.299, G_A: 1.184, cycle_A: 0.452, D_B: 0.243, G_B: 1.027, cycle_B: 0.611, gp: 0.231

--- iter tau=0.4384 ---
  cipher in : rafqvpfg apfg piuhfptlotak lpraqf lphftf hpmuhfpqaph mf ie npfwu
  decrypted : ss fpl gasl galeov lnuenspaulssf aulv n avl ov lfslva  ae adl eo
  real plain: aps of the seton harness over gregs shoulders but this goddamn c
  cipher in : hpl kqhquapwgqkgphm lpfg pmnuk hhpucpztqaqazp srtvqfypunpm ngtmh
  decrypted : vluapfvfoslegfpglv aul gal dopavvloel nfsfs lapsnpf ulodl adgn v
  real plain: augural program with the slow and modest entrance of the maidens
[Rank 0] (epoch: 5, iters: 38208, time: 0.001, data: 0.002) , D_A: 0.239, G_A: 1.005, cycle_A: 0.433, D_B: 0.181, G_B: 1.011, cycle_B: 0.614, gp: 0.174

saving the latest model (epoch 5, total_iters 200000)
[Rank 0] (epoch: 5, iters: 39808, time: 0.001, data: 0.001) , D_A: 0.242, G_A: 1.005, cycle_A: 0.388, D_B: 0.208, G_B: 0.987, cycle_B: 0.604, gp: 0.200

learning rate 0.0002000 -> 0.0002000
temperature tau = 0.4243
End of epoch 5 / 50 	 Time Taken: 33 sec
[Rank 0] (epoch: 6, iters: 960, time: 0.001, data: 0.001) , D_A: 0.224, G_A: 0.926, cycle_A: 0.384, D_B: 0.218, G_B: 1.002, cycle_B: 0.600, gp: 0.209

[Rank 0] (epoch: 6, iters: 2560, time: 0.001, data: 0.001) , D_A: 0.271, G_A: 1.041, cycle_A: 0.431, D_B: 0.179, G_B: 1.024, cycle_B: 0.607, gp: 0.173

[Rank 0] (epoch: 6, iters: 4160, time: 0.001, data: 0.001) , D_A: 0.196, G_A: 0.972, cycle_A: 0.413, D_B: 0.128, G_B: 0.891, cycle_B: 0.646, gp: 0.111

[Rank 0] (epoch: 6, iters: 5760, time: 0.001, data: 0.001) , D_A: 0.252, G_A: 0.920, cycle_A: 0.413, D_B: 0.218, G_B: 1.038, cycle_B: 0.595, gp: 0.208

[Rank 0] (epoch: 6, iters: 7360, time: 0.001, data: 0.001) , D_A: 0.233, G_A: 1.095, cycle_A: 0.425, D_B: 0.257, G_B: 1.046, cycle_B: 0.593, gp: 0.245

[Rank 0] (epoch: 6, iters: 8960, time: 0.001, data: 0.001) , D_A: 0.333, G_A: 1.131, cycle_A: 0.401, D_B: 0.235, G_B: 0.993, cycle_B: 0.509, gp: 0.227

[Rank 0] (epoch: 6, iters: 10560, time: 0.001, data: 0.001) , D_A: 0.536, G_A: 1.547, cycle_A: 0.489, D_B: 0.368, G_B: 0.725, cycle_B: 0.706, gp: 0.248

[Rank 0] (epoch: 6, iters: 12160, time: 0.001, data: 0.001) , D_A: 0.416, G_A: 1.016, cycle_A: 0.410, D_B: 0.222, G_B: 0.944, cycle_B: 0.569, gp: 0.208

[Rank 0] (epoch: 6, iters: 13760, time: 0.001, data: 0.001) , D_A: 0.329, G_A: 0.983, cycle_A: 0.419, D_B: 0.251, G_B: 0.982, cycle_B: 0.519, gp: 0.244

[Rank 0] (epoch: 6, iters: 15360, time: 0.001, data: 0.001) , D_A: 0.368, G_A: 1.087, cycle_A: 0.400, D_B: 0.366, G_B: 0.953, cycle_B: 0.585, gp: 0.357

[Rank 0] (epoch: 6, iters: 16960, time: 0.001, data: 0.001) , D_A: 0.379, G_A: 0.819, cycle_A: 0.405, D_B: 0.194, G_B: 0.956, cycle_B: 0.453, gp: 0.186

[Rank 0] (epoch: 6, iters: 18560, time: 0.001, data: 0.001) , D_A: 0.273, G_A: 1.111, cycle_A: 0.416, D_B: 0.297, G_B: 0.980, cycle_B: 0.407, gp: 0.288

[Rank 0] (epoch: 6, iters: 20160, time: 0.001, data: 0.001) , D_A: 0.293, G_A: 0.948, cycle_A: 0.408, D_B: 0.147, G_B: 0.942, cycle_B: 0.449, gp: 0.133

[Rank 0] (epoch: 6, iters: 21760, time: 0.001, data: 0.001) , D_A: 0.306, G_A: 0.947, cycle_A: 0.391, D_B: 0.175, G_B: 0.946, cycle_B: 0.447, gp: 0.164

[Rank 0] (epoch: 6, iters: 23360, time: 0.001, data: 0.001) , D_A: 0.368, G_A: 1.091, cycle_A: 0.446, D_B: 0.257, G_B: 0.959, cycle_B: 0.446, gp: 0.246

[Rank 0] (epoch: 6, iters: 24960, time: 0.001, data: 0.001) , D_A: 0.285, G_A: 0.886, cycle_A: 0.375, D_B: 0.157, G_B: 0.971, cycle_B: 0.422, gp: 0.148

[Rank 0] (epoch: 6, iters: 26560, time: 0.001, data: 0.001) , D_A: 0.402, G_A: 0.876, cycle_A: 0.341, D_B: 0.256, G_B: 0.985, cycle_B: 0.515, gp: 0.250

[Rank 0] (epoch: 6, iters: 28160, time: 0.001, data: 0.001) , D_A: 0.417, G_A: 1.098, cycle_A: 0.363, D_B: 0.192, G_B: 1.003, cycle_B: 0.465, gp: 0.182

[Rank 0] (epoch: 6, iters: 29760, time: 0.001, data: 0.001) , D_A: 0.259, G_A: 1.032, cycle_A: 0.347, D_B: 0.207, G_B: 0.972, cycle_B: 0.470, gp: 0.198

[Rank 0] (epoch: 6, iters: 31360, time: 0.001, data: 0.001) , D_A: 0.357, G_A: 1.047, cycle_A: 0.351, D_B: 0.134, G_B: 1.006, cycle_B: 0.479, gp: 0.127

[Rank 0] (epoch: 6, iters: 32960, time: 0.001, data: 0.001) , D_A: 0.247, G_A: 0.994, cycle_A: 0.368, D_B: 0.308, G_B: 0.992, cycle_B: 0.488, gp: 0.301

[Rank 0] (epoch: 6, iters: 34560, time: 0.001, data: 0.001) , D_A: 0.280, G_A: 0.967, cycle_A: 0.358, D_B: 0.152, G_B: 1.019, cycle_B: 0.437, gp: 0.145

[Rank 0] (epoch: 6, iters: 36160, time: 0.001, data: 0.001) , D_A: 0.371, G_A: 1.262, cycle_A: 0.344, D_B: 0.255, G_B: 0.933, cycle_B: 0.465, gp: 0.248

--- iter tau=0.4243 ---
  cipher in : etvvptalpz fptpnrvqazpg phkun lptpcunpfg p ie ll lpetvvptpwqfgpf
  decrypted :  rppirsui a iridqphs igainptdauirietdi gaiae auuaui rppirieh gi 
  real plain: gifts not merely to henrietta in whom he was really interested b
  cipher in : vypm nc kfpgtvvpkuiitalpgthptkgq o lpfg pql tvptiurafpucpn o ne 
  decrypted : pui adeap igrppipteersuigrnirpghaeaui gaihuarpiretqs iteidaead a
  real plain:  the sound planning and cooperation between agencies within the 
[Rank 0] (epoch: 6, iters: 37760, time: 0.001, data: 0.001) , D_A: 0.303, G_A: 0.900, cycle_A: 0.347, D_B: 0.283, G_B: 0.997, cycle_B: 0.461, gp: 0.277

saving the latest model (epoch 6, total_iters 240000)
[Rank 0] (epoch: 6, iters: 39360, time: 0.001, data: 0.001) , D_A: 0.268, G_A: 0.946, cycle_A: 0.362, D_B: 0.252, G_B: 0.972, cycle_B: 0.428, gp: 0.245

learning rate 0.0002000 -> 0.0002000
temperature tau = 0.4106
End of epoch 6 / 50 	 Time Taken: 33 sec
[Rank 0] (epoch: 7, iters: 512, time: 0.001, data: 0.014) , D_A: 0.318, G_A: 0.982, cycle_A: 0.347, D_B: 0.207, G_B: 0.955, cycle_B: 0.456, gp: 0.200

[Rank 0] (epoch: 7, iters: 2112, time: 0.001, data: 0.000) , D_A: 0.286, G_A: 0.920, cycle_A: 0.346, D_B: 0.221, G_B: 0.979, cycle_B: 0.433, gp: 0.215

[Rank 0] (epoch: 7, iters: 3712, time: 0.001, data: 0.001) , D_A: 0.301, G_A: 0.913, cycle_A: 0.343, D_B: 0.221, G_B: 0.992, cycle_B: 0.456, gp: 0.214

[Rank 0] (epoch: 7, iters: 5312, time: 0.001, data: 0.001) , D_A: 0.371, G_A: 1.013, cycle_A: 0.343, D_B: 0.183, G_B: 1.096, cycle_B: 0.428, gp: 0.173

[Rank 0] (epoch: 7, iters: 6912, time: 0.001, data: 0.001) , D_A: 0.410, G_A: 0.719, cycle_A: 0.356, D_B: 0.169, G_B: 1.058, cycle_B: 0.446, gp: 0.162

[Rank 0] (epoch: 7, iters: 8512, time: 0.001, data: 0.001) , D_A: 0.286, G_A: 0.971, cycle_A: 0.372, D_B: 0.230, G_B: 0.974, cycle_B: 0.467, gp: 0.220

[Rank 0] (epoch: 7, iters: 10112, time: 0.001, data: 0.001) , D_A: 0.373, G_A: 1.144, cycle_A: 0.351, D_B: 0.149, G_B: 1.000, cycle_B: 0.661, gp: 0.143

[Rank 0] (epoch: 7, iters: 11712, time: 0.001, data: 0.001) , D_A: 0.321, G_A: 1.068, cycle_A: 0.346, D_B: 0.223, G_B: 1.017, cycle_B: 0.560, gp: 0.218

[Rank 0] (epoch: 7, iters: 13312, time: 0.001, data: 0.001) , D_A: 0.365, G_A: 0.940, cycle_A: 0.357, D_B: 0.238, G_B: 0.986, cycle_B: 0.560, gp: 0.232

[Rank 0] (epoch: 7, iters: 14912, time: 0.001, data: 0.001) , D_A: 0.251, G_A: 0.968, cycle_A: 0.342, D_B: 0.237, G_B: 0.983, cycle_B: 0.536, gp: 0.232

[Rank 0] (epoch: 7, iters: 16512, time: 0.001, data: 0.001) , D_A: 0.307, G_A: 1.022, cycle_A: 0.338, D_B: 0.331, G_B: 1.026, cycle_B: 0.542, gp: 0.325

[Rank 0] (epoch: 7, iters: 18112, time: 0.001, data: 0.001) , D_A: 0.277, G_A: 1.067, cycle_A: 0.347, D_B: 0.197, G_B: 1.029, cycle_B: 0.529, gp: 0.191

[Rank 0] (epoch: 7, iters: 19712, time: 0.001, data: 0.001) , D_A: 0.432, G_A: 0.965, cycle_A: 0.331, D_B: 0.212, G_B: 1.036, cycle_B: 0.470, gp: 0.204

[Rank 0] (epoch: 7, iters: 21312, time: 0.001, data: 0.001) , D_A: 0.280, G_A: 0.999, cycle_A: 0.332, D_B: 0.176, G_B: 0.985, cycle_B: 0.491, gp: 0.170

[Rank 0] (epoch: 7, iters: 22912, time: 0.001, data: 0.001) , D_A: 0.260, G_A: 1.020, cycle_A: 0.346, D_B: 0.124, G_B: 0.970, cycle_B: 0.483, gp: 0.119

[Rank 0] (epoch: 7, iters: 24512, time: 0.001, data: 0.001) , D_A: 0.327, G_A: 1.108, cycle_A: 0.341, D_B: 0.183, G_B: 0.988, cycle_B: 0.396, gp: 0.178

[Rank 0] (epoch: 7, iters: 26112, time: 0.001, data: 0.001) , D_A: 0.252, G_A: 0.992, cycle_A: 0.349, D_B: 0.135, G_B: 1.034, cycle_B: 0.378, gp: 0.129

[Rank 0] (epoch: 7, iters: 27712, time: 0.001, data: 0.001) , D_A: 0.261, G_A: 1.014, cycle_A: 0.338, D_B: 0.234, G_B: 1.027, cycle_B: 0.369, gp: 0.230

[Rank 0] (epoch: 7, iters: 29312, time: 0.001, data: 0.001) , D_A: 0.396, G_A: 1.204, cycle_A: 0.364, D_B: 0.181, G_B: 0.939, cycle_B: 0.451, gp: 0.174

[Rank 0] (epoch: 7, iters: 30912, time: 0.001, data: 0.001) , D_A: 0.273, G_A: 0.870, cycle_A: 0.344, D_B: 0.207, G_B: 0.978, cycle_B: 0.367, gp: 0.199

[Rank 0] (epoch: 7, iters: 32512, time: 0.001, data: 0.001) , D_A: 0.287, G_A: 0.984, cycle_A: 0.344, D_B: 0.162, G_B: 0.974, cycle_B: 0.461, gp: 0.158

[Rank 0] (epoch: 7, iters: 34112, time: 0.001, data: 0.001) , D_A: 0.285, G_A: 1.049, cycle_A: 0.339, D_B: 0.135, G_B: 0.976, cycle_B: 0.466, gp: 0.130

[Rank 0] (epoch: 7, iters: 35712, time: 0.001, data: 0.001) , D_A: 0.269, G_A: 0.759, cycle_A: 0.342, D_B: 0.184, G_B: 1.050, cycle_B: 0.488, gp: 0.177

--- iter tau=0.4106 ---
  cipher in : tfg npfgtaphrehqlqb lpktc f nqthpvtf hfpiul vhph no pgufpi tvhpt
  decrypted : r gadm grsmnq nhuhhaumprea adhrnmpr an metuapnmnadeamgt mearpnmr
  real plain: freshing deep peep show the viewers of the deep peep show at th 
  cipher in : wmuqafpiqnnunpfg pzntlrtvpkgtaz pfgtfpgthpftd apmvtk ptiuazpmnuf
  decrypted : e ths mehddtdm gam druqrpmpgrs am gr mgrnm rrasm prpamrets m dt 
  real plain: lish by dutton co of new york in the book was received by the pr
[Rank 0] (epoch: 7, iters: 37312, time: 0.001, data: 0.001) , D_A: 0.312, G_A: 0.976, cycle_A: 0.357, D_B: 0.172, G_B: 1.090, cycle_B: 0.461, gp: 0.160

saving the latest model (epoch 7, total_iters 280000)
[Rank 0] (epoch: 7, iters: 38912, time: 0.001, data: 0.001) , D_A: 0.314, G_A: 0.963, cycle_A: 0.348, D_B: 0.241, G_B: 0.996, cycle_B: 0.435, gp: 0.238

learning rate 0.0002000 -> 0.0002000
temperature tau = 0.3973
End of epoch 7 / 50 	 Time Taken: 34 sec
[Rank 0] (epoch: 8, iters: 64, time: 0.001, data: 0.001) , D_A: 0.294, G_A: 0.886, cycle_A: 0.362, D_B: 0.228, G_B: 1.036, cycle_B: 0.447, gp: 0.215

[Rank 0] (epoch: 8, iters: 1664, time: 0.001, data: 0.001) , D_A: 0.365, G_A: 1.157, cycle_A: 0.363, D_B: 0.156, G_B: 1.026, cycle_B: 0.465, gp: 0.150

[Rank 0] (epoch: 8, iters: 3264, time: 0.001, data: 0.001) , D_A: 0.258, G_A: 0.786, cycle_A: 0.357, D_B: 0.219, G_B: 1.006, cycle_B: 0.434, gp: 0.214

[Rank 0] (epoch: 8, iters: 4864, time: 0.001, data: 0.001) , D_A: 0.236, G_A: 1.074, cycle_A: 0.329, D_B: 0.133, G_B: 0.959, cycle_B: 0.468, gp: 0.129

[Rank 0] (epoch: 8, iters: 6464, time: 0.001, data: 0.001) , D_A: 0.297, G_A: 0.958, cycle_A: 0.354, D_B: 0.178, G_B: 0.877, cycle_B: 0.463, gp: 0.169

[Rank 0] (epoch: 8, iters: 8064, time: 0.001, data: 0.001) , D_A: 0.252, G_A: 0.835, cycle_A: 0.352, D_B: 0.182, G_B: 0.987, cycle_B: 0.489, gp: 0.178

[Rank 0] (epoch: 8, iters: 9664, time: 0.001, data: 0.001) , D_A: 0.181, G_A: 1.035, cycle_A: 0.338, D_B: 0.262, G_B: 1.024, cycle_B: 0.481, gp: 0.259

[Rank 0] (epoch: 8, iters: 11264, time: 0.001, data: 0.001) , D_A: 0.270, G_A: 0.863, cycle_A: 0.356, D_B: 0.268, G_B: 0.964, cycle_B: 0.430, gp: 0.261

[Rank 0] (epoch: 8, iters: 12864, time: 0.001, data: 0.001) , D_A: 0.215, G_A: 0.981, cycle_A: 0.376, D_B: 0.241, G_B: 1.070, cycle_B: 0.439, gp: 0.230

[Rank 0] (epoch: 8, iters: 14464, time: 0.001, data: 0.001) , D_A: 0.246, G_A: 0.937, cycle_A: 0.356, D_B: 0.190, G_B: 0.932, cycle_B: 0.447, gp: 0.184

[Rank 0] (epoch: 8, iters: 16064, time: 0.001, data: 0.001) , D_A: 0.218, G_A: 0.905, cycle_A: 0.361, D_B: 0.166, G_B: 0.992, cycle_B: 0.436, gp: 0.161

[Rank 0] (epoch: 8, iters: 17664, time: 0.001, data: 0.001) , D_A: 0.301, G_A: 1.055, cycle_A: 0.350, D_B: 0.209, G_B: 1.107, cycle_B: 0.430, gp: 0.199

[Rank 0] (epoch: 8, iters: 19264, time: 0.001, data: 0.001) , D_A: 0.458, G_A: 1.448, cycle_A: 0.355, D_B: 0.262, G_B: 0.940, cycle_B: 0.514, gp: 0.258

[Rank 0] (epoch: 8, iters: 20864, time: 0.001, data: 0.001) , D_A: 0.248, G_A: 1.000, cycle_A: 0.334, D_B: 0.300, G_B: 0.986, cycle_B: 0.482, gp: 0.296

[Rank 0] (epoch: 8, iters: 22464, time: 0.001, data: 0.001) , D_A: 0.261, G_A: 0.917, cycle_A: 0.348, D_B: 0.236, G_B: 0.958, cycle_B: 0.466, gp: 0.231

[Rank 0] (epoch: 8, iters: 24064, time: 0.001, data: 0.001) , D_A: 0.327, G_A: 1.183, cycle_A: 0.339, D_B: 0.200, G_B: 1.002, cycle_B: 0.472, gp: 0.196

[Rank 0] (epoch: 8, iters: 25664, time: 0.001, data: 0.001) , D_A: 0.302, G_A: 0.895, cycle_A: 0.362, D_B: 0.195, G_B: 1.080, cycle_B: 0.484, gp: 0.186

[Rank 0] (epoch: 8, iters: 27264, time: 0.001, data: 0.001) , D_A: 0.269, G_A: 0.969, cycle_A: 0.345, D_B: 0.246, G_B: 0.890, cycle_B: 0.467, gp: 0.239

[Rank 0] (epoch: 8, iters: 28864, time: 0.001, data: 0.001) , D_A: 0.328, G_A: 0.781, cycle_A: 0.344, D_B: 0.194, G_B: 1.055, cycle_B: 0.490, gp: 0.188

[Rank 0] (epoch: 8, iters: 30464, time: 0.001, data: 0.001) , D_A: 0.269, G_A: 0.847, cycle_A: 0.340, D_B: 0.169, G_B: 1.038, cycle_B: 0.494, gp: 0.164

[Rank 0] (epoch: 8, iters: 32064, time: 0.001, data: 0.001) , D_A: 0.469, G_A: 1.101, cycle_A: 0.373, D_B: 0.201, G_B: 1.013, cycle_B: 0.400, gp: 0.190

[Rank 0] (epoch: 8, iters: 33664, time: 0.001, data: 0.001) , D_A: 0.345, G_A: 0.907, cycle_A: 0.312, D_B: 0.183, G_B: 0.939, cycle_B: 0.374, gp: 0.174

[Rank 0] (epoch: 8, iters: 35264, time: 0.001, data: 0.001) , D_A: 0.311, G_A: 0.930, cycle_A: 0.333, D_B: 0.258, G_B: 0.935, cycle_B: 0.312, gp: 0.251

--- iter tau=0.3973 ---
  cipher in : urvlafpqfpwgtfphg lphtqlpwthpfnr pqaptvvpfg h py tnhphg lpa o np
  decrypted : tchus mf megr mngaumnrfumernm dcamfsmrhhm ganamuardnmngaumsaeadm
  real plain: e the peace and the future of freedom it is a sound investment a
  cipher in : ztmpukkrnnqazplrnqazpkgqvlguulpcunptvvperfpua pznuwfgpk af npfg 
  decrypted :  r mtwwcddfs mucdfs mwgfhugttumetdmrhhm c mtsam dte gmwas adm ga
  real plain:  institutions law became a conscious process something more than
[Rank 0] (epoch: 8, iters: 36864, time: 0.001, data: 0.001) , D_A: 0.255, G_A: 1.081, cycle_A: 0.310, D_B: 0.255, G_B: 1.010, cycle_B: 0.352, gp: 0.248

saving the latest model (epoch 8, total_iters 320000)
[Rank 0] (epoch: 8, iters: 38464, time: 0.001, data: 0.001) , D_A: 0.270, G_A: 0.953, cycle_A: 0.312, D_B: 0.222, G_B: 1.038, cycle_B: 0.340, gp: 0.217

[Rank 0] (epoch: 8, iters: 40064, time: 0.001, data: 0.001) , D_A: 0.252, G_A: 1.036, cycle_A: 0.299, D_B: 0.250, G_B: 0.980, cycle_B: 0.333, gp: 0.246

learning rate 0.0002000 -> 0.0002000
temperature tau = 0.3845
End of epoch 8 / 50 	 Time Taken: 34 sec
[Rank 0] (epoch: 9, iters: 1216, time: 0.001, data: 0.001) , D_A: 0.387, G_A: 1.059, cycle_A: 0.300, D_B: 0.297, G_B: 0.962, cycle_B: 0.392, gp: 0.293

[Rank 0] (epoch: 9, iters: 2816, time: 0.001, data: 0.001) , D_A: 0.363, G_A: 0.960, cycle_A: 0.317, D_B: 0.143, G_B: 1.019, cycle_B: 0.363, gp: 0.138

[Rank 0] (epoch: 9, iters: 4416, time: 0.001, data: 0.001) , D_A: 0.267, G_A: 1.043, cycle_A: 0.308, D_B: 0.217, G_B: 0.999, cycle_B: 0.359, gp: 0.214

[Rank 0] (epoch: 9, iters: 6016, time: 0.001, data: 0.001) , D_A: 0.314, G_A: 1.024, cycle_A: 0.304, D_B: 0.161, G_B: 1.004, cycle_B: 0.358, gp: 0.158

[Rank 0] (epoch: 9, iters: 7616, time: 0.001, data: 0.001) , D_A: 0.229, G_A: 1.034, cycle_A: 0.308, D_B: 0.219, G_B: 0.961, cycle_B: 0.326, gp: 0.215

[Rank 0] (epoch: 9, iters: 9216, time: 0.001, data: 0.001) , D_A: 0.241, G_A: 1.108, cycle_A: 0.296, D_B: 0.224, G_B: 0.986, cycle_B: 0.315, gp: 0.219

[Rank 0] (epoch: 9, iters: 10816, time: 0.001, data: 0.001) , D_A: 0.294, G_A: 0.984, cycle_A: 0.313, D_B: 0.162, G_B: 1.027, cycle_B: 0.287, gp: 0.156

[Rank 0] (epoch: 9, iters: 12416, time: 0.001, data: 0.001) , D_A: 0.234, G_A: 0.952, cycle_A: 0.321, D_B: 0.178, G_B: 1.008, cycle_B: 0.311, gp: 0.169

[Rank 0] (epoch: 9, iters: 14016, time: 0.001, data: 0.002) , D_A: 0.187, G_A: 0.928, cycle_A: 0.306, D_B: 0.179, G_B: 0.973, cycle_B: 0.300, gp: 0.174

[Rank 0] (epoch: 9, iters: 15616, time: 0.001, data: 0.001) , D_A: 0.176, G_A: 1.011, cycle_A: 0.328, D_B: 0.210, G_B: 0.973, cycle_B: 0.296, gp: 0.204

[Rank 0] (epoch: 9, iters: 17216, time: 0.001, data: 0.001) , D_A: 0.339, G_A: 0.965, cycle_A: 0.296, D_B: 0.155, G_B: 1.030, cycle_B: 0.289, gp: 0.150

[Rank 0] (epoch: 9, iters: 18816, time: 0.001, data: 0.001) , D_A: 0.220, G_A: 0.989, cycle_A: 0.297, D_B: 0.194, G_B: 0.969, cycle_B: 0.284, gp: 0.190

[Rank 0] (epoch: 9, iters: 20416, time: 0.001, data: 0.001) , D_A: 0.256, G_A: 0.793, cycle_A: 0.303, D_B: 0.218, G_B: 0.939, cycle_B: 0.313, gp: 0.213

[Rank 0] (epoch: 9, iters: 22016, time: 0.001, data: 0.001) , D_A: 0.349, G_A: 0.998, cycle_A: 0.301, D_B: 0.265, G_B: 0.963, cycle_B: 0.311, gp: 0.260

[Rank 0] (epoch: 9, iters: 23616, time: 0.001, data: 0.001) , D_A: 0.299, G_A: 0.871, cycle_A: 0.308, D_B: 0.260, G_B: 1.126, cycle_B: 0.326, gp: 0.250

[Rank 0] (epoch: 9, iters: 25216, time: 0.001, data: 0.001) , D_A: 0.287, G_A: 1.023, cycle_A: 0.307, D_B: 0.241, G_B: 0.985, cycle_B: 0.304, gp: 0.238

[Rank 0] (epoch: 9, iters: 26816, time: 0.001, data: 0.001) , D_A: 0.223, G_A: 1.002, cycle_A: 0.311, D_B: 0.217, G_B: 0.922, cycle_B: 0.309, gp: 0.213

[Rank 0] (epoch: 9, iters: 28416, time: 0.001, data: 0.001) , D_A: 0.223, G_A: 0.971, cycle_A: 0.302, D_B: 0.105, G_B: 1.021, cycle_B: 0.317, gp: 0.101

[Rank 0] (epoch: 9, iters: 30016, time: 0.001, data: 0.001) , D_A: 0.223, G_A: 0.989, cycle_A: 0.288, D_B: 0.201, G_B: 1.002, cycle_B: 0.301, gp: 0.197

[Rank 0] (epoch: 9, iters: 31616, time: 0.001, data: 0.001) , D_A: 0.184, G_A: 0.943, cycle_A: 0.306, D_B: 0.250, G_B: 0.942, cycle_B: 0.342, gp: 0.245

[Rank 0] (epoch: 9, iters: 33216, time: 0.001, data: 0.001) , D_A: 0.205, G_A: 0.960, cycle_A: 0.319, D_B: 0.181, G_B: 1.017, cycle_B: 0.334, gp: 0.173

[Rank 0] (epoch: 9, iters: 34816, time: 0.001, data: 0.001) , D_A: 0.247, G_A: 1.001, cycle_A: 0.294, D_B: 0.241, G_B: 1.062, cycle_B: 0.325, gp: 0.237

--- iter tau=0.3845 ---
  cipher in : kuieqa pcqnhfpqazn lq afhpqaphtrk mtapg tfpfgunurzgvyptllpgtipg 
  decrypted : woe fsaiefdn ifs daufas nifsinrcwa rsigar i godoc ghuiruuigreiga
  real plain: e the peace and the future of freedom it is a sound investment a
  cipher in :  vqzgfcrvpg ptmmnuo lpwqfgptpwtniphiqv pfuiunnuwpwqvvpe ptpa wp 
  decrypted : ahf g echigair  doeauief girierdeinefhai oeoddoeiefhhi airisaeia
  real plain:  institutions law became a conscious process something more than
[Rank 0] (epoch: 9, iters: 36416, time: 0.001, data: 0.001) , D_A: 0.230, G_A: 0.844, cycle_A: 0.296, D_B: 0.201, G_B: 1.002, cycle_B: 0.312, gp: 0.197

saving the latest model (epoch 9, total_iters 360000)
[Rank 0] (epoch: 9, iters: 38016, time: 0.001, data: 0.001) , D_A: 0.316, G_A: 1.010, cycle_A: 0.303, D_B: 0.224, G_B: 0.985, cycle_B: 0.298, gp: 0.221

[Rank 0] (epoch: 9, iters: 39616, time: 0.001, data: 0.001) , D_A: 0.208, G_A: 0.914, cycle_A: 0.305, D_B: 0.240, G_B: 0.981, cycle_B: 0.302, gp: 0.236

learning rate 0.0002000 -> 0.0002000
temperature tau = 0.3720
End of epoch 9 / 50 	 Time Taken: 34 sec
[Rank 0] (epoch: 10, iters: 768, time: 0.001, data: 0.001) , D_A: 0.285, G_A: 1.123, cycle_A: 0.307, D_B: 0.239, G_B: 1.015, cycle_B: 0.337, gp: 0.236

[Rank 0] (epoch: 10, iters: 2368, time: 0.001, data: 0.000) , D_A: 0.392, G_A: 0.782, cycle_A: 0.294, D_B: 0.214, G_B: 0.997, cycle_B: 0.323, gp: 0.210

[Rank 0] (epoch: 10, iters: 3968, time: 0.001, data: 0.001) , D_A: 0.192, G_A: 0.990, cycle_A: 0.321, D_B: 0.198, G_B: 0.987, cycle_B: 0.315, gp: 0.194

[Rank 0] (epoch: 10, iters: 5568, time: 0.001, data: 0.001) , D_A: 0.240, G_A: 1.075, cycle_A: 0.293, D_B: 0.305, G_B: 1.017, cycle_B: 0.305, gp: 0.302

[Rank 0] (epoch: 10, iters: 7168, time: 0.001, data: 0.001) , D_A: 0.277, G_A: 0.985, cycle_A: 0.307, D_B: 0.225, G_B: 1.005, cycle_B: 0.304, gp: 0.221

[Rank 0] (epoch: 10, iters: 8768, time: 0.001, data: 0.001) , D_A: 0.239, G_A: 0.968, cycle_A: 0.301, D_B: 0.164, G_B: 1.036, cycle_B: 0.358, gp: 0.158

[Rank 0] (epoch: 10, iters: 10368, time: 0.001, data: 0.001) , D_A: 0.337, G_A: 0.895, cycle_A: 0.312, D_B: 0.231, G_B: 1.017, cycle_B: 0.347, gp: 0.227

[Rank 0] (epoch: 10, iters: 11968, time: 0.001, data: 0.001) , D_A: 0.245, G_A: 1.017, cycle_A: 0.314, D_B: 0.216, G_B: 1.068, cycle_B: 0.345, gp: 0.209

[Rank 0] (epoch: 10, iters: 13568, time: 0.001, data: 0.001) , D_A: 0.307, G_A: 1.019, cycle_A: 0.320, D_B: 0.180, G_B: 0.940, cycle_B: 0.287, gp: 0.174

[Rank 0] (epoch: 10, iters: 15168, time: 0.001, data: 0.001) , D_A: 0.254, G_A: 1.232, cycle_A: 0.304, D_B: 0.221, G_B: 0.971, cycle_B: 0.381, gp: 0.216

[Rank 0] (epoch: 10, iters: 16768, time: 0.001, data: 0.001) , D_A: 0.273, G_A: 0.891, cycle_A: 0.288, D_B: 0.246, G_B: 1.061, cycle_B: 0.342, gp: 0.242

[Rank 0] (epoch: 10, iters: 18368, time: 0.001, data: 0.001) , D_A: 0.305, G_A: 0.981, cycle_A: 0.302, D_B: 0.216, G_B: 1.019, cycle_B: 0.294, gp: 0.213

[Rank 0] (epoch: 10, iters: 19968, time: 0.001, data: 0.001) , D_A: 0.264, G_A: 1.072, cycle_A: 0.298, D_B: 0.119, G_B: 0.988, cycle_B: 0.304, gp: 0.116

[Rank 0] (epoch: 10, iters: 21568, time: 0.001, data: 0.001) , D_A: 0.214, G_A: 0.861, cycle_A: 0.288, D_B: 0.157, G_B: 1.018, cycle_B: 0.286, gp: 0.153

[Rank 0] (epoch: 10, iters: 23168, time: 0.001, data: 0.001) , D_A: 0.284, G_A: 0.958, cycle_A: 0.303, D_B: 0.296, G_B: 1.013, cycle_B: 0.317, gp: 0.291

[Rank 0] (epoch: 10, iters: 24768, time: 0.001, data: 0.001) , D_A: 0.217, G_A: 1.053, cycle_A: 0.295, D_B: 0.134, G_B: 0.990, cycle_B: 0.314, gp: 0.130

[Rank 0] (epoch: 10, iters: 26368, time: 0.001, data: 0.001) , D_A: 0.294, G_A: 1.017, cycle_A: 0.305, D_B: 0.242, G_B: 1.067, cycle_B: 0.310, gp: 0.237

[Rank 0] (epoch: 10, iters: 27968, time: 0.001, data: 0.001) , D_A: 0.146, G_A: 0.938, cycle_A: 0.293, D_B: 0.219, G_B: 1.036, cycle_B: 0.303, gp: 0.216

[Rank 0] (epoch: 10, iters: 29568, time: 0.001, data: 0.001) , D_A: 0.247, G_A: 1.094, cycle_A: 0.312, D_B: 0.187, G_B: 1.026, cycle_B: 0.293, gp: 0.182

[Rank 0] (epoch: 10, iters: 31168, time: 0.001, data: 0.001) , D_A: 0.184, G_A: 1.013, cycle_A: 0.303, D_B: 0.072, G_B: 1.140, cycle_B: 0.293, gp: 0.059

[Rank 0] (epoch: 10, iters: 32768, time: 0.001, data: 0.001) , D_A: 0.336, G_A: 1.049, cycle_A: 0.295, D_B: 0.164, G_B: 1.011, cycle_B: 0.288, gp: 0.162

[Rank 0] (epoch: 10, iters: 34368, time: 0.001, data: 0.001) , D_A: 0.303, G_A: 1.140, cycle_A: 0.297, D_B: 0.168, G_B: 0.936, cycle_B: 0.312, gp: 0.159

--- iter tau=0.3720 ---
  cipher in : znuralpucpl hqzapqhpfuuphiuufgpunpyurpwqhgpfupkn tf ptpwuulzntqa
  decrypted :  dtbsuiteiuanf sifni ttinett gitdiutbiefngi tipdar airiettu drfs
  real plain: available to him your finger tips the happy one could never have
  cipher in : g phk a pwthpkuimv f pqapgqhpiqalptfpfg piui afp o apfupgqhpuwap
  decrypted : gainpasaiernipte ha aifsigfniefsuir i gaieteas iaeasi tigfnitesi
  real plain: s late as in the bestselling novel so red the rose by stark youn
[Rank 0] (epoch: 10, iters: 35968, time: 0.001, data: 0.001) , D_A: 0.272, G_A: 1.038, cycle_A: 0.285, D_B: 0.248, G_B: 0.734, cycle_B: 0.268, gp: 0.235

saving the latest model (epoch 10, total_iters 400000)
[Rank 0] (epoch: 10, iters: 37568, time: 0.001, data: 0.001) , D_A: 0.271, G_A: 1.178, cycle_A: 0.279, D_B: 0.164, G_B: 0.989, cycle_B: 0.299, gp: 0.161

[Rank 0] (epoch: 10, iters: 39168, time: 0.001, data: 0.001) , D_A: 0.323, G_A: 1.079, cycle_A: 0.281, D_B: 0.244, G_B: 1.029, cycle_B: 0.352, gp: 0.238

learning rate 0.0002000 -> 0.0002000
temperature tau = 0.3600
End of epoch 10 / 50 	 Time Taken: 33 sec
[Rank 0] (epoch: 11, iters: 320, time: 0.001, data: 0.001) , D_A: 0.285, G_A: 1.032, cycle_A: 0.313, D_B: 0.247, G_B: 1.002, cycle_B: 0.318, gp: 0.243

[Rank 0] (epoch: 11, iters: 1920, time: 0.001, data: 0.003) , D_A: 0.261, G_A: 1.034, cycle_A: 0.268, D_B: 0.167, G_B: 0.877, cycle_B: 0.294, gp: 0.159

[Rank 0] (epoch: 11, iters: 3520, time: 0.001, data: 0.001) , D_A: 0.334, G_A: 1.030, cycle_A: 0.300, D_B: 0.291, G_B: 0.994, cycle_B: 0.277, gp: 0.288

[Rank 0] (epoch: 11, iters: 5120, time: 0.001, data: 0.001) , D_A: 0.334, G_A: 0.968, cycle_A: 0.281, D_B: 0.298, G_B: 0.939, cycle_B: 0.268, gp: 0.293

[Rank 0] (epoch: 11, iters: 6720, time: 0.001, data: 0.001) , D_A: 0.310, G_A: 0.990, cycle_A: 0.273, D_B: 0.155, G_B: 0.981, cycle_B: 0.277, gp: 0.150

[Rank 0] (epoch: 11, iters: 8320, time: 0.001, data: 0.001) , D_A: 0.222, G_A: 0.926, cycle_A: 0.286, D_B: 0.220, G_B: 1.053, cycle_B: 0.288, gp: 0.214

[Rank 0] (epoch: 11, iters: 9920, time: 0.001, data: 0.001) , D_A: 0.225, G_A: 0.952, cycle_A: 0.275, D_B: 0.186, G_B: 0.983, cycle_B: 0.280, gp: 0.182

[Rank 0] (epoch: 11, iters: 11520, time: 0.001, data: 0.001) , D_A: 0.227, G_A: 0.803, cycle_A: 0.282, D_B: 0.227, G_B: 0.987, cycle_B: 0.278, gp: 0.222

[Rank 0] (epoch: 11, iters: 13120, time: 0.001, data: 0.001) , D_A: 0.329, G_A: 0.904, cycle_A: 0.308, D_B: 0.288, G_B: 0.165, cycle_B: 0.267, gp: 0.241

[Rank 0] (epoch: 11, iters: 14720, time: 0.001, data: 0.001) , D_A: 0.289, G_A: 0.997, cycle_A: 0.306, D_B: 0.320, G_B: 0.983, cycle_B: 0.297, gp: 0.315

[Rank 0] (epoch: 11, iters: 16320, time: 0.001, data: 0.001) , D_A: 0.274, G_A: 0.953, cycle_A: 0.282, D_B: 0.188, G_B: 0.993, cycle_B: 0.282, gp: 0.184

[Rank 0] (epoch: 11, iters: 17920, time: 0.001, data: 0.001) , D_A: 0.307, G_A: 1.035, cycle_A: 0.287, D_B: 0.246, G_B: 0.978, cycle_B: 0.285, gp: 0.241

[Rank 0] (epoch: 11, iters: 19520, time: 0.001, data: 0.001) , D_A: 0.174, G_A: 1.052, cycle_A: 0.322, D_B: 0.279, G_B: 1.021, cycle_B: 0.276, gp: 0.276

[Rank 0] (epoch: 11, iters: 21120, time: 0.001, data: 0.001) , D_A: 0.303, G_A: 1.007, cycle_A: 0.281, D_B: 0.238, G_B: 1.015, cycle_B: 0.256, gp: 0.235

[Rank 0] (epoch: 11, iters: 22720, time: 0.001, data: 0.001) , D_A: 0.254, G_A: 1.131, cycle_A: 0.293, D_B: 0.237, G_B: 0.956, cycle_B: 0.280, gp: 0.233

[Rank 0] (epoch: 11, iters: 24320, time: 0.001, data: 0.001) , D_A: 0.210, G_A: 0.957, cycle_A: 0.283, D_B: 0.172, G_B: 1.015, cycle_B: 0.264, gp: 0.168

[Rank 0] (epoch: 11, iters: 25920, time: 0.001, data: 0.001) , D_A: 0.258, G_A: 1.014, cycle_A: 0.289, D_B: 0.239, G_B: 0.982, cycle_B: 0.263, gp: 0.236

[Rank 0] (epoch: 11, iters: 27520, time: 0.001, data: 0.001) , D_A: 0.257, G_A: 1.017, cycle_A: 0.283, D_B: 0.245, G_B: 0.992, cycle_B: 0.272, gp: 0.242

[Rank 0] (epoch: 11, iters: 29120, time: 0.001, data: 0.001) , D_A: 0.291, G_A: 0.977, cycle_A: 0.283, D_B: 0.135, G_B: 0.960, cycle_B: 0.247, gp: 0.132

[Rank 0] (epoch: 11, iters: 30720, time: 0.001, data: 0.001) , D_A: 0.391, G_A: 1.526, cycle_A: 0.278, D_B: 0.226, G_B: 1.045, cycle_B: 0.334, gp: 0.221

[Rank 0] (epoch: 11, iters: 32320, time: 0.001, data: 0.001) , D_A: 0.224, G_A: 1.053, cycle_A: 0.265, D_B: 0.182, G_B: 0.967, cycle_B: 0.264, gp: 0.179

[Rank 0] (epoch: 11, iters: 33920, time: 0.001, data: 0.001) , D_A: 0.321, G_A: 1.051, cycle_A: 0.283, D_B: 0.317, G_B: 0.972, cycle_B: 0.280, gp: 0.313

--- iter tau=0.3600 ---
  cipher in : nahpg npe trfqcrvvyphrazpaunitpqhpcq nk pf al npo auiurhptalpmqf
  decrypted : dsnigydi yrb febhhuinbs istderifniefydwyi ysuydieystetbnirsui f 
  real plain: at encourages rooting and the better developed the roots the lar
  cipher in : uhhqev pfupcn  pktneuapf fntkgvunql pucptaypqaf nc nqazphrehftak
  decrypted : tnnf hyi tiedyyiwrd tsi y drwghtdfuyiteirsuifs ydeydfs inb n rsw
  real plain: y received and naturally expressing itself through such avenues 
[Rank 0] (epoch: 11, iters: 35520, time: 0.001, data: 0.001) , D_A: 0.235, G_A: 0.806, cycle_A: 0.296, D_B: 0.120, G_B: 1.015, cycle_B: 0.305, gp: 0.117

saving the latest model (epoch 11, total_iters 440000)
[Rank 0] (epoch: 11, iters: 37120, time: 0.001, data: 0.001) , D_A: 0.186, G_A: 0.997, cycle_A: 0.303, D_B: 0.308, G_B: 0.986, cycle_B: 0.300, gp: 0.304

[Rank 0] (epoch: 11, iters: 38720, time: 0.001, data: 0.001) , D_A: 0.278, G_A: 0.951, cycle_A: 0.289, D_B: 0.224, G_B: 1.014, cycle_B: 0.291, gp: 0.222

[Rank 0] (epoch: 11, iters: 40320, time: 0.001, data: 0.001) , D_A: 0.304, G_A: 1.049, cycle_A: 0.299, D_B: 0.260, G_B: 0.986, cycle_B: 0.278, gp: 0.256

learning rate 0.0002000 -> 0.0002000
temperature tau = 0.3484
End of epoch 11 / 50 	 Time Taken: 34 sec
[Rank 0] (epoch: 12, iters: 1472, time: 0.001, data: 0.001) , D_A: 0.267, G_A: 1.007, cycle_A: 0.310, D_B: 0.180, G_B: 0.973, cycle_B: 0.267, gp: 0.176

[Rank 0] (epoch: 12, iters: 3072, time: 0.001, data: 0.001) , D_A: 0.219, G_A: 1.164, cycle_A: 0.311, D_B: 0.193, G_B: 0.985, cycle_B: 0.268, gp: 0.190

[Rank 0] (epoch: 12, iters: 4672, time: 0.001, data: 0.001) , D_A: 0.210, G_A: 0.987, cycle_A: 0.285, D_B: 0.202, G_B: 0.990, cycle_B: 0.268, gp: 0.199

[Rank 0] (epoch: 12, iters: 6272, time: 0.001, data: 0.001) , D_A: 0.295, G_A: 0.997, cycle_A: 0.288, D_B: 0.285, G_B: 0.971, cycle_B: 0.268, gp: 0.282

[Rank 0] (epoch: 12, iters: 7872, time: 0.001, data: 0.001) , D_A: 0.190, G_A: 1.103, cycle_A: 0.276, D_B: 0.159, G_B: 1.003, cycle_B: 0.285, gp: 0.154

[Rank 0] (epoch: 12, iters: 9472, time: 0.001, data: 0.001) , D_A: 0.255, G_A: 0.969, cycle_A: 0.285, D_B: 0.285, G_B: 0.995, cycle_B: 0.276, gp: 0.281

[Rank 0] (epoch: 12, iters: 11072, time: 0.001, data: 0.001) , D_A: 0.320, G_A: 1.016, cycle_A: 0.283, D_B: 0.270, G_B: 0.973, cycle_B: 0.252, gp: 0.265

[Rank 0] (epoch: 12, iters: 12672, time: 0.001, data: 0.001) , D_A: 0.311, G_A: 0.977, cycle_A: 0.295, D_B: 0.267, G_B: 1.017, cycle_B: 0.264, gp: 0.264

[Rank 0] (epoch: 12, iters: 14272, time: 0.001, data: 0.001) , D_A: 0.149, G_A: 0.944, cycle_A: 0.288, D_B: 0.231, G_B: 1.000, cycle_B: 0.284, gp: 0.229

[Rank 0] (epoch: 12, iters: 15872, time: 0.001, data: 0.001) , D_A: 0.276, G_A: 0.923, cycle_A: 0.288, D_B: 0.250, G_B: 1.009, cycle_B: 0.290, gp: 0.247

[Rank 0] (epoch: 12, iters: 17472, time: 0.001, data: 0.001) , D_A: 0.311, G_A: 1.018, cycle_A: 0.271, D_B: 0.148, G_B: 1.008, cycle_B: 0.288, gp: 0.145

[Rank 0] (epoch: 12, iters: 19072, time: 0.001, data: 0.001) , D_A: 0.197, G_A: 0.983, cycle_A: 0.289, D_B: 0.218, G_B: 0.992, cycle_B: 0.287, gp: 0.213

[Rank 0] (epoch: 12, iters: 20672, time: 0.001, data: 0.001) , D_A: 0.184, G_A: 0.952, cycle_A: 0.286, D_B: 0.201, G_B: 0.969, cycle_B: 0.261, gp: 0.198

[Rank 0] (epoch: 12, iters: 22272, time: 0.001, data: 0.001) , D_A: 0.249, G_A: 0.930, cycle_A: 0.286, D_B: 0.169, G_B: 0.965, cycle_B: 0.278, gp: 0.166

[Rank 0] (epoch: 12, iters: 23872, time: 0.001, data: 0.001) , D_A: 0.215, G_A: 1.020, cycle_A: 0.286, D_B: 0.221, G_B: 1.022, cycle_B: 0.302, gp: 0.218

[Rank 0] (epoch: 12, iters: 25472, time: 0.001, data: 0.001) , D_A: 0.258, G_A: 1.026, cycle_A: 0.295, D_B: 0.249, G_B: 1.010, cycle_B: 0.252, gp: 0.247

[Rank 0] (epoch: 12, iters: 27072, time: 0.001, data: 0.001) , D_A: 0.300, G_A: 0.865, cycle_A: 0.306, D_B: 0.209, G_B: 1.005, cycle_B: 0.258, gp: 0.206

[Rank 0] (epoch: 12, iters: 28672, time: 0.001, data: 0.001) , D_A: 0.264, G_A: 1.036, cycle_A: 0.296, D_B: 0.149, G_B: 1.004, cycle_B: 0.262, gp: 0.146

[Rank 0] (epoch: 12, iters: 30272, time: 0.001, data: 0.001) , D_A: 0.166, G_A: 0.987, cycle_A: 0.282, D_B: 0.217, G_B: 1.015, cycle_B: 0.261, gp: 0.213

[Rank 0] (epoch: 12, iters: 31872, time: 0.001, data: 0.001) , D_A: 0.221, G_A: 0.964, cycle_A: 0.268, D_B: 0.219, G_B: 0.949, cycle_B: 0.260, gp: 0.215

[Rank 0] (epoch: 12, iters: 33472, time: 0.001, data: 0.001) , D_A: 0.277, G_A: 1.030, cycle_A: 0.294, D_B: 0.167, G_B: 1.057, cycle_B: 0.264, gp: 0.163

--- iter tau=0.3484 ---
  cipher in : ypral npnutlhpfuphftypkv tnpucptvvpufg npmqmqazphrkgpthpwtf npta
  decrypted : umbsuadmdtrunm tmn rumphardmtemrhhmt gadm f fs mnbpgmrnmer admrs
  real plain:  after a fashion he envied in time he grew to depend upon her oc
  cipher in : lz pfupkuimv f pfg pwtvvpfgqkda hhpcunpntlqtfquaphgq vlqazpcunpl
  decrypted : u am tmpte ha am gamerhhm gfprsannmetdmdrufr ftsmngfahufs metdmu
  real plain: imean war the american civil war and the franchise struggle trev
[Rank 0] (epoch: 12, iters: 35072, time: 0.001, data: 0.001) , D_A: 0.213, G_A: 1.112, cycle_A: 0.276, D_B: 0.273, G_B: 0.977, cycle_B: 0.276, gp: 0.269

saving the latest model (epoch 12, total_iters 480000)
[Rank 0] (epoch: 12, iters: 36672, time: 0.001, data: 0.001) , D_A: 0.163, G_A: 1.032, cycle_A: 0.288, D_B: 0.209, G_B: 0.946, cycle_B: 0.255, gp: 0.206

[Rank 0] (epoch: 12, iters: 38272, time: 0.001, data: 0.001) , D_A: 0.220, G_A: 1.002, cycle_A: 0.265, D_B: 0.192, G_B: 0.998, cycle_B: 0.266, gp: 0.188

[Rank 0] (epoch: 12, iters: 39872, time: 0.001, data: 0.001) , D_A: 0.248, G_A: 1.143, cycle_A: 0.271, D_B: 0.229, G_B: 0.953, cycle_B: 0.261, gp: 0.225

learning rate 0.0002000 -> 0.0002000
temperature tau = 0.3371
End of epoch 12 / 50 	 Time Taken: 33 sec
[Rank 0] (epoch: 13, iters: 1024, time: 0.001, data: 0.001) , D_A: 0.227, G_A: 0.646, cycle_A: 0.277, D_B: 0.212, G_B: 0.980, cycle_B: 0.258, gp: 0.209

[Rank 0] (epoch: 13, iters: 2624, time: 0.001, data: 0.001) , D_A: 0.266, G_A: 0.844, cycle_A: 0.262, D_B: 0.201, G_B: 1.007, cycle_B: 0.288, gp: 0.198

[Rank 0] (epoch: 13, iters: 4224, time: 0.001, data: 0.001) , D_A: 0.190, G_A: 1.015, cycle_A: 0.286, D_B: 0.144, G_B: 0.962, cycle_B: 0.262, gp: 0.142

[Rank 0] (epoch: 13, iters: 5824, time: 0.001, data: 0.001) , D_A: 0.228, G_A: 0.948, cycle_A: 0.288, D_B: 0.184, G_B: 0.990, cycle_B: 0.269, gp: 0.182

[Rank 0] (epoch: 13, iters: 7424, time: 0.001, data: 0.002) , D_A: 0.249, G_A: 0.859, cycle_A: 0.276, D_B: 0.205, G_B: 0.996, cycle_B: 0.288, gp: 0.202

[Rank 0] (epoch: 13, iters: 9024, time: 0.001, data: 0.001) , D_A: 0.132, G_A: 0.984, cycle_A: 0.296, D_B: 0.234, G_B: 1.018, cycle_B: 0.268, gp: 0.232

[Rank 0] (epoch: 13, iters: 10624, time: 0.001, data: 0.001) , D_A: 0.175, G_A: 1.001, cycle_A: 0.284, D_B: 0.199, G_B: 1.030, cycle_B: 0.261, gp: 0.195

[Rank 0] (epoch: 13, iters: 12224, time: 0.001, data: 0.001) , D_A: 0.255, G_A: 0.998, cycle_A: 0.302, D_B: 0.257, G_B: 0.981, cycle_B: 0.281, gp: 0.255

[Rank 0] (epoch: 13, iters: 13824, time: 0.001, data: 0.001) , D_A: 0.186, G_A: 1.054, cycle_A: 0.311, D_B: 0.216, G_B: 1.003, cycle_B: 0.256, gp: 0.213

[Rank 0] (epoch: 13, iters: 15424, time: 0.001, data: 0.001) , D_A: 0.172, G_A: 1.013, cycle_A: 0.278, D_B: 0.231, G_B: 0.949, cycle_B: 0.263, gp: 0.228

[Rank 0] (epoch: 13, iters: 17024, time: 0.001, data: 0.001) , D_A: 0.210, G_A: 1.017, cycle_A: 0.276, D_B: 0.194, G_B: 0.988, cycle_B: 0.254, gp: 0.192

[Rank 0] (epoch: 13, iters: 18624, time: 0.001, data: 0.001) , D_A: 0.197, G_A: 0.973, cycle_A: 0.274, D_B: 0.170, G_B: 0.982, cycle_B: 0.253, gp: 0.168

[Rank 0] (epoch: 13, iters: 20224, time: 0.001, data: 0.001) , D_A: 0.166, G_A: 0.985, cycle_A: 0.285, D_B: 0.185, G_B: 1.006, cycle_B: 0.254, gp: 0.183

[Rank 0] (epoch: 13, iters: 21824, time: 0.001, data: 0.001) , D_A: 0.272, G_A: 0.947, cycle_A: 0.287, D_B: 0.189, G_B: 0.977, cycle_B: 0.253, gp: 0.186

[Rank 0] (epoch: 13, iters: 23424, time: 0.001, data: 0.001) , D_A: 0.204, G_A: 0.939, cycle_A: 0.297, D_B: 0.179, G_B: 1.001, cycle_B: 0.272, gp: 0.176

[Rank 0] (epoch: 13, iters: 25024, time: 0.001, data: 0.001) , D_A: 0.189, G_A: 0.926, cycle_A: 0.268, D_B: 0.149, G_B: 0.982, cycle_B: 0.294, gp: 0.146

[Rank 0] (epoch: 13, iters: 26624, time: 0.001, data: 0.001) , D_A: 0.195, G_A: 0.995, cycle_A: 0.301, D_B: 0.123, G_B: 0.994, cycle_B: 0.281, gp: 0.121

[Rank 0] (epoch: 13, iters: 28224, time: 0.001, data: 0.001) , D_A: 0.229, G_A: 1.122, cycle_A: 0.267, D_B: 0.165, G_B: 0.990, cycle_B: 0.261, gp: 0.161

[Rank 0] (epoch: 13, iters: 29824, time: 0.001, data: 0.001) , D_A: 0.245, G_A: 0.893, cycle_A: 0.276, D_B: 0.250, G_B: 1.002, cycle_B: 0.255, gp: 0.247

[Rank 0] (epoch: 13, iters: 31424, time: 0.001, data: 0.001) , D_A: 0.189, G_A: 0.964, cycle_A: 0.283, D_B: 0.238, G_B: 0.985, cycle_B: 0.274, gp: 0.233

[Rank 0] (epoch: 13, iters: 33024, time: 0.001, data: 0.001) , D_A: 0.191, G_A: 1.014, cycle_A: 0.289, D_B: 0.346, G_B: 1.017, cycle_B: 0.253, gp: 0.343

--- iter tau=0.3371 ---
  cipher in :  hpfg pm umv pucpfg pfgplqhfnqkfpucpa wpyundptalpqpthpfg qnpn mn
  decrypted : anm gam at hamtem gam gmufn dfw mtemsaemutdrmrsumfmrnm gafdmda d
  real plain: ion it said translated but egt could not let the swiss bank have
  cipher in : ityprh pluapftrhhqzpqapk af npvqalypikltaq vpfgn wpetffqazpmntkf
  decrypted : erumbnamutsm rbnnf mfsmwas admhfsuumewursfahm gdaem r  fs m drw 
  real plain: ompass welded to it which rocked gently back and forth as the la
[Rank 0] (epoch: 13, iters: 34624, time: 0.001, data: 0.001) , D_A: 0.230, G_A: 0.846, cycle_A: 0.284, D_B: 0.315, G_B: 1.031, cycle_B: 0.293, gp: 0.311

saving the latest model (epoch 13, total_iters 520000)
[Rank 0] (epoch: 13, iters: 36224, time: 0.001, data: 0.001) , D_A: 0.237, G_A: 1.066, cycle_A: 0.274, D_B: 0.177, G_B: 1.007, cycle_B: 0.266, gp: 0.174

[Rank 0] (epoch: 13, iters: 37824, time: 0.001, data: 0.001) , D_A: 0.231, G_A: 0.964, cycle_A: 0.281, D_B: 0.215, G_B: 0.974, cycle_B: 0.269, gp: 0.213

[Rank 0] (epoch: 13, iters: 39424, time: 0.001, data: 0.001) , D_A: 0.238, G_A: 0.957, cycle_A: 0.291, D_B: 0.286, G_B: 1.049, cycle_B: 0.259, gp: 0.283

learning rate 0.0002000 -> 0.0002000
temperature tau = 0.3262
End of epoch 13 / 50 	 Time Taken: 34 sec
[Rank 0] (epoch: 14, iters: 576, time: 0.001, data: 0.001) , D_A: 0.242, G_A: 1.079, cycle_A: 0.290, D_B: 0.260, G_B: 1.047, cycle_B: 0.294, gp: 0.253

[Rank 0] (epoch: 14, iters: 2176, time: 0.001, data: 0.001) , D_A: 0.303, G_A: 1.052, cycle_A: 0.278, D_B: 0.207, G_B: 1.002, cycle_B: 0.261, gp: 0.205

[Rank 0] (epoch: 14, iters: 3776, time: 0.001, data: 0.001) , D_A: 0.234, G_A: 1.068, cycle_A: 0.282, D_B: 0.197, G_B: 1.023, cycle_B: 0.274, gp: 0.194

[Rank 0] (epoch: 14, iters: 5376, time: 0.001, data: 0.001) , D_A: 0.290, G_A: 0.917, cycle_A: 0.278, D_B: 0.196, G_B: 0.953, cycle_B: 0.251, gp: 0.192

[Rank 0] (epoch: 14, iters: 6976, time: 0.001, data: 0.001) , D_A: 0.134, G_A: 1.043, cycle_A: 0.274, D_B: 0.228, G_B: 0.992, cycle_B: 0.267, gp: 0.225

[Rank 0] (epoch: 14, iters: 8576, time: 0.001, data: 0.001) , D_A: 0.157, G_A: 0.954, cycle_A: 0.266, D_B: 0.209, G_B: 1.003, cycle_B: 0.250, gp: 0.206

[Rank 0] (epoch: 14, iters: 10176, time: 0.001, data: 0.001) , D_A: 0.220, G_A: 0.877, cycle_A: 0.302, D_B: 1.183, G_B: 0.097, cycle_B: 0.271, gp: 0.319

[Rank 0] (epoch: 14, iters: 11776, time: 0.001, data: 0.001) , D_A: 0.148, G_A: 0.907, cycle_A: 0.273, D_B: 0.282, G_B: 0.939, cycle_B: 0.267, gp: 0.276

[Rank 0] (epoch: 14, iters: 13376, time: 0.001, data: 0.001) , D_A: 0.229, G_A: 1.061, cycle_A: 0.288, D_B: 0.215, G_B: 0.982, cycle_B: 0.260, gp: 0.212

[Rank 0] (epoch: 14, iters: 14976, time: 0.001, data: 0.001) , D_A: 0.164, G_A: 0.951, cycle_A: 0.269, D_B: 0.261, G_B: 0.992, cycle_B: 0.274, gp: 0.257

[Rank 0] (epoch: 14, iters: 16576, time: 0.001, data: 0.001) , D_A: 0.221, G_A: 0.893, cycle_A: 0.276, D_B: 0.255, G_B: 0.960, cycle_B: 0.265, gp: 0.251

[Rank 0] (epoch: 14, iters: 18176, time: 0.001, data: 0.001) , D_A: 0.260, G_A: 0.964, cycle_A: 0.290, D_B: 0.174, G_B: 1.025, cycle_B: 0.255, gp: 0.171

[Rank 0] (epoch: 14, iters: 19776, time: 0.001, data: 0.002) , D_A: 0.160, G_A: 0.975, cycle_A: 0.268, D_B: 0.141, G_B: 1.002, cycle_B: 0.260, gp: 0.138

[Rank 0] (epoch: 14, iters: 21376, time: 0.001, data: 0.001) , D_A: 0.246, G_A: 1.063, cycle_A: 0.268, D_B: 0.235, G_B: 0.995, cycle_B: 0.251, gp: 0.232

[Rank 0] (epoch: 14, iters: 22976, time: 0.001, data: 0.001) , D_A: 0.259, G_A: 0.985, cycle_A: 0.277, D_B: 0.328, G_B: 1.001, cycle_B: 0.268, gp: 0.324

[Rank 0] (epoch: 14, iters: 24576, time: 0.001, data: 0.001) , D_A: 0.275, G_A: 1.018, cycle_A: 0.297, D_B: 0.216, G_B: 0.981, cycle_B: 0.271, gp: 0.206

[Rank 0] (epoch: 14, iters: 26176, time: 0.001, data: 0.001) , D_A: 0.206, G_A: 0.916, cycle_A: 0.326, D_B: 0.224, G_B: 0.980, cycle_B: 0.284, gp: 0.217

[Rank 0] (epoch: 14, iters: 27776, time: 0.001, data: 0.001) , D_A: 0.249, G_A: 0.983, cycle_A: 0.301, D_B: 0.276, G_B: 1.006, cycle_B: 0.262, gp: 0.272

[Rank 0] (epoch: 14, iters: 29376, time: 0.001, data: 0.001) , D_A: 0.253, G_A: 1.118, cycle_A: 0.288, D_B: 0.222, G_B: 1.013, cycle_B: 0.258, gp: 0.217

[Rank 0] (epoch: 14, iters: 30976, time: 0.001, data: 0.001) , D_A: 0.172, G_A: 1.002, cycle_A: 0.272, D_B: 0.190, G_B: 0.993, cycle_B: 0.261, gp: 0.188

[Rank 0] (epoch: 14, iters: 32576, time: 0.001, data: 0.001) , D_A: 0.199, G_A: 0.994, cycle_A: 0.296, D_B: 0.246, G_B: 0.936, cycle_B: 0.253, gp: 0.242

--- iter tau=0.3262 ---
  cipher in :  pwtaf lpo nypirkgpfupvqhf apg pda wpfgtfptayfgqazptpentqaypvqff
  decrypted : aiers auieaduiebwgi tihfn asigairsaei gr irsu gfs iri drfsuihf  
  real plain: tively admitted for next fall after state investigators question
  cipher in : iiraqktfquahpwundpgqhpl kqhquapwurvlpe pqahftafvypdauwapqaptvvpk
  decrypted : eebsfwr ftsnietdrigfniuawfnftsietbhui aifsn rs huirstesifsirhhiw
  real plain: te system of personal contacts and have experts constantly study
[Rank 0] (epoch: 14, iters: 34176, time: 0.001, data: 0.001) , D_A: 0.298, G_A: 0.950, cycle_A: 0.279, D_B: 0.220, G_B: 0.960, cycle_B: 0.267, gp: 0.216

saving the latest model (epoch 14, total_iters 560000)
[Rank 0] (epoch: 14, iters: 35776, time: 0.001, data: 0.001) , D_A: 0.188, G_A: 1.141, cycle_A: 0.274, D_B: 0.294, G_B: 1.002, cycle_B: 0.286, gp: 0.291

[Rank 0] (epoch: 14, iters: 37376, time: 0.001, data: 0.001) , D_A: 0.259, G_A: 0.942, cycle_A: 0.283, D_B: 0.291, G_B: 0.891, cycle_B: 0.264, gp: 0.283

[Rank 0] (epoch: 14, iters: 38976, time: 0.001, data: 0.001) , D_A: 0.283, G_A: 1.006, cycle_A: 0.275, D_B: 0.091, G_B: 0.983, cycle_B: 0.261, gp: 0.089

learning rate 0.0002000 -> 0.0002000
temperature tau = 0.3157
End of epoch 14 / 50 	 Time Taken: 39 sec
[Rank 0] (epoch: 15, iters: 128, time: 0.001, data: 0.001) , D_A: 0.160, G_A: 0.960, cycle_A: 0.272, D_B: 0.233, G_B: 0.990, cycle_B: 0.267, gp: 0.227

[Rank 0] (epoch: 15, iters: 1728, time: 0.001, data: 0.001) , D_A: 0.240, G_A: 1.031, cycle_A: 0.285, D_B: 0.158, G_B: 1.025, cycle_B: 0.268, gp: 0.155

[Rank 0] (epoch: 15, iters: 3328, time: 0.001, data: 0.001) , D_A: 0.177, G_A: 0.975, cycle_A: 0.292, D_B: 0.186, G_B: 0.984, cycle_B: 0.267, gp: 0.184

[Rank 0] (epoch: 15, iters: 4928, time: 0.001, data: 0.001) , D_A: 0.144, G_A: 0.988, cycle_A: 0.273, D_B: 0.252, G_B: 0.992, cycle_B: 0.257, gp: 0.249

[Rank 0] (epoch: 15, iters: 6528, time: 0.001, data: 0.001) , D_A: 0.246, G_A: 1.205, cycle_A: 0.287, D_B: 0.261, G_B: 0.966, cycle_B: 0.443, gp: 0.258

[Rank 0] (epoch: 15, iters: 8128, time: 0.001, data: 0.001) , D_A: 0.189, G_A: 0.999, cycle_A: 0.277, D_B: 0.238, G_B: 0.968, cycle_B: 0.269, gp: 0.235

[Rank 0] (epoch: 15, iters: 9728, time: 0.001, data: 0.001) , D_A: 0.207, G_A: 0.948, cycle_A: 0.276, D_B: 0.244, G_B: 0.991, cycle_B: 0.272, gp: 0.242

[Rank 0] (epoch: 15, iters: 11328, time: 0.001, data: 0.001) , D_A: 0.220, G_A: 0.993, cycle_A: 0.296, D_B: 0.179, G_B: 1.030, cycle_B: 0.270, gp: 0.177

[Rank 0] (epoch: 15, iters: 12928, time: 0.001, data: 0.001) , D_A: 0.237, G_A: 1.008, cycle_A: 0.296, D_B: 0.240, G_B: 0.993, cycle_B: 0.265, gp: 0.238

[Rank 0] (epoch: 15, iters: 14528, time: 0.001, data: 0.001) , D_A: 0.198, G_A: 0.951, cycle_A: 0.293, D_B: 0.115, G_B: 1.031, cycle_B: 0.263, gp: 0.110

[Rank 0] (epoch: 15, iters: 16128, time: 0.001, data: 0.001) , D_A: 0.171, G_A: 0.938, cycle_A: 0.292, D_B: 0.190, G_B: 0.989, cycle_B: 0.264, gp: 0.185

[Rank 0] (epoch: 15, iters: 17728, time: 0.001, data: 0.001) , D_A: 0.246, G_A: 1.026, cycle_A: 0.284, D_B: 0.209, G_B: 1.010, cycle_B: 0.274, gp: 0.206

[Rank 0] (epoch: 15, iters: 19328, time: 0.001, data: 0.001) , D_A: 0.135, G_A: 1.047, cycle_A: 0.278, D_B: 0.209, G_B: 1.024, cycle_B: 0.260, gp: 0.205

[Rank 0] (epoch: 15, iters: 20928, time: 0.001, data: 0.001) , D_A: 0.234, G_A: 0.975, cycle_A: 0.303, D_B: 0.200, G_B: 1.005, cycle_B: 0.260, gp: 0.197

[Rank 0] (epoch: 15, iters: 22528, time: 0.001, data: 0.001) , D_A: 0.214, G_A: 0.994, cycle_A: 0.268, D_B: 0.168, G_B: 1.004, cycle_B: 0.256, gp: 0.166

[Rank 0] (epoch: 15, iters: 24128, time: 0.001, data: 0.001) , D_A: 0.133, G_A: 1.031, cycle_A: 0.288, D_B: 0.145, G_B: 1.017, cycle_B: 0.260, gp: 0.142

[Rank 0] (epoch: 15, iters: 25728, time: 0.001, data: 0.001) , D_A: 0.146, G_A: 1.011, cycle_A: 0.284, D_B: 0.222, G_B: 1.037, cycle_B: 0.275, gp: 0.219

[Rank 0] (epoch: 15, iters: 27328, time: 0.001, data: 0.001) , D_A: 0.298, G_A: 0.983, cycle_A: 0.296, D_B: 0.256, G_B: 1.004, cycle_B: 0.265, gp: 0.254

[Rank 0] (epoch: 15, iters: 28928, time: 0.001, data: 0.001) , D_A: 0.308, G_A: 0.935, cycle_A: 0.267, D_B: 0.233, G_B: 0.947, cycle_B: 0.246, gp: 0.230

[Rank 0] (epoch: 15, iters: 30528, time: 0.001, data: 0.001) , D_A: 0.187, G_A: 1.076, cycle_A: 0.295, D_B: 0.203, G_B: 0.958, cycle_B: 0.259, gp: 0.200

[Rank 0] (epoch: 15, iters: 32128, time: 0.001, data: 0.001) , D_A: 0.143, G_A: 1.014, cycle_A: 0.268, D_B: 0.226, G_B: 1.013, cycle_B: 0.250, gp: 0.223

--- iter tau=0.3157 ---
  cipher in : g pztirfpucpitaype zrqvqazptalpqaf n hfqazphftz hpfg puavypktnlq
  decrypted : gai reb iteiersui a bfhfs irsuifs adan fs in r ani gaitshuiprduf
  real plain: it a thick substance that could be sensed but never identified n
  cipher in : g pfthdpucpd  mqazpfg phrnctk ptfptnihpv azfgpc vvptvvpfg piun p
  decrypted : gai rnriteiraa fs i gainbderpair irdenihas  gieahhirhhi gaietdai
  real plain: ie lets put him down again the way he was its a more natural pos
[Rank 0] (epoch: 15, iters: 33728, time: 0.001, data: 0.001) , D_A: 0.241, G_A: 1.011, cycle_A: 0.280, D_B: 0.187, G_B: 1.002, cycle_B: 0.262, gp: 0.184

saving the latest model (epoch 15, total_iters 600000)
[Rank 0] (epoch: 15, iters: 35328, time: 0.001, data: 0.001) , D_A: 0.263, G_A: 1.133, cycle_A: 0.271, D_B: 0.188, G_B: 0.992, cycle_B: 0.295, gp: 0.186

[Rank 0] (epoch: 15, iters: 36928, time: 0.001, data: 0.001) , D_A: 0.208, G_A: 0.970, cycle_A: 0.290, D_B: 0.196, G_B: 1.013, cycle_B: 0.268, gp: 0.194

[Rank 0] (epoch: 15, iters: 38528, time: 0.001, data: 0.001) , D_A: 0.279, G_A: 0.983, cycle_A: 0.274, D_B: 0.234, G_B: 1.012, cycle_B: 0.263, gp: 0.230

[Rank 0] (epoch: 15, iters: 40128, time: 0.001, data: 0.001) , D_A: 0.249, G_A: 0.955, cycle_A: 0.280, D_B: 0.178, G_B: 1.009, cycle_B: 0.265, gp: 0.175

learning rate 0.0002000 -> 0.0002000
temperature tau = 0.3055
End of epoch 15 / 50 	 Time Taken: 33 sec
[Rank 0] (epoch: 16, iters: 1280, time: 0.001, data: 0.001) , D_A: 0.181, G_A: 0.989, cycle_A: 0.277, D_B: 0.223, G_B: 1.017, cycle_B: 0.268, gp: 0.219

[Rank 0] (epoch: 16, iters: 2880, time: 0.001, data: 0.001) , D_A: 0.201, G_A: 0.993, cycle_A: 0.296, D_B: 0.186, G_B: 0.992, cycle_B: 0.264, gp: 0.185

[Rank 0] (epoch: 16, iters: 4480, time: 0.001, data: 0.001) , D_A: 0.228, G_A: 1.026, cycle_A: 0.278, D_B: 0.164, G_B: 0.995, cycle_B: 0.260, gp: 0.162

[Rank 0] (epoch: 16, iters: 6080, time: 0.001, data: 0.001) , D_A: 0.144, G_A: 0.995, cycle_A: 0.283, D_B: 0.313, G_B: 0.977, cycle_B: 0.265, gp: 0.311

[Rank 0] (epoch: 16, iters: 7680, time: 0.001, data: 0.001) , D_A: 0.144, G_A: 0.936, cycle_A: 0.267, D_B: 0.187, G_B: 1.019, cycle_B: 0.258, gp: 0.183

[Rank 0] (epoch: 16, iters: 9280, time: 0.001, data: 0.001) , D_A: 0.146, G_A: 1.005, cycle_A: 0.264, D_B: 0.158, G_B: 1.021, cycle_B: 0.273, gp: 0.156

[Rank 0] (epoch: 16, iters: 10880, time: 0.001, data: 0.001) , D_A: 0.166, G_A: 1.038, cycle_A: 0.256, D_B: 0.245, G_B: 1.005, cycle_B: 0.246, gp: 0.242

[Rank 0] (epoch: 16, iters: 12480, time: 0.001, data: 0.001) , D_A: 0.244, G_A: 1.037, cycle_A: 0.270, D_B: 0.241, G_B: 0.953, cycle_B: 0.263, gp: 0.238

[Rank 0] (epoch: 16, iters: 14080, time: 0.001, data: 0.001) , D_A: 0.267, G_A: 1.005, cycle_A: 0.289, D_B: 0.223, G_B: 1.018, cycle_B: 0.266, gp: 0.221

[Rank 0] (epoch: 16, iters: 15680, time: 0.001, data: 0.001) , D_A: 0.225, G_A: 1.012, cycle_A: 0.287, D_B: 0.185, G_B: 0.984, cycle_B: 0.264, gp: 0.183

[Rank 0] (epoch: 16, iters: 17280, time: 0.001, data: 0.001) , D_A: 0.238, G_A: 0.944, cycle_A: 0.272, D_B: 0.225, G_B: 1.013, cycle_B: 0.255, gp: 0.222

[Rank 0] (epoch: 16, iters: 18880, time: 0.001, data: 0.001) , D_A: 0.162, G_A: 1.017, cycle_A: 0.276, D_B: 0.246, G_B: 1.026, cycle_B: 0.252, gp: 0.244

[Rank 0] (epoch: 16, iters: 20480, time: 0.001, data: 0.001) , D_A: 0.146, G_A: 1.036, cycle_A: 0.277, D_B: 0.213, G_B: 0.986, cycle_B: 0.251, gp: 0.211

[Rank 0] (epoch: 16, iters: 22080, time: 0.001, data: 0.001) , D_A: 0.179, G_A: 0.994, cycle_A: 0.283, D_B: 0.245, G_B: 1.001, cycle_B: 0.289, gp: 0.243

[Rank 0] (epoch: 16, iters: 23680, time: 0.001, data: 0.001) , D_A: 0.144, G_A: 1.024, cycle_A: 0.309, D_B: 0.136, G_B: 1.005, cycle_B: 0.268, gp: 0.132

[Rank 0] (epoch: 16, iters: 25280, time: 0.001, data: 0.001) , D_A: 0.172, G_A: 0.982, cycle_A: 0.276, D_B: 0.197, G_B: 1.002, cycle_B: 0.251, gp: 0.195

[Rank 0] (epoch: 16, iters: 26880, time: 0.001, data: 0.001) , D_A: 0.155, G_A: 1.000, cycle_A: 0.281, D_B: 0.181, G_B: 0.977, cycle_B: 0.255, gp: 0.179

[Rank 0] (epoch: 16, iters: 28480, time: 0.001, data: 0.001) , D_A: 0.141, G_A: 1.023, cycle_A: 0.289, D_B: 0.262, G_B: 0.995, cycle_B: 0.263, gp: 0.261

[Rank 0] (epoch: 16, iters: 30080, time: 0.001, data: 0.001) , D_A: 0.269, G_A: 1.035, cycle_A: 0.268, D_B: 0.180, G_B: 1.030, cycle_B: 0.255, gp: 0.178

[Rank 0] (epoch: 16, iters: 31680, time: 0.001, data: 0.001) , D_A: 0.176, G_A: 0.978, cycle_A: 0.267, D_B: 0.249, G_B: 1.016, cycle_B: 0.266, gp: 0.247

--- iter tau=0.3055 ---
  cipher in : mn hhptn pltqvypkuacnuaf lpwqfgpfg phqzgfpucpfg pvuktvpl mtnfqaz
  decrypted :  dannirdaiurfhuiwosedos auief gi gainf g ioei gaihowrhiua rd fs 
  real plain: eat conductor can bring soloist orchestra and music to ultimate 
  cipher in : azpkunmuntfquahpgto plqcc n afpi fgulhpucptkkurafqazph kfquapkpu
  decrypted : s iwod odr fosnigreaiufeeadas iea gounioeirwwobs fs inaw fosiwio
  real plain: ent she was told by the manservant who opened the door that his 
[Rank 0] (epoch: 16, iters: 33280, time: 0.001, data: 0.001) , D_A: 0.221, G_A: 0.960, cycle_A: 0.282, D_B: 0.311, G_B: 1.007, cycle_B: 0.255, gp: 0.308

saving the latest model (epoch 16, total_iters 640000)
[Rank 0] (epoch: 16, iters: 34880, time: 0.001, data: 0.001) , D_A: 0.233, G_A: 0.818, cycle_A: 0.283, D_B: 0.229, G_B: 1.025, cycle_B: 0.273, gp: 0.227

[Rank 0] (epoch: 16, iters: 36480, time: 0.001, data: 0.001) , D_A: 0.212, G_A: 1.081, cycle_A: 0.284, D_B: 0.166, G_B: 0.950, cycle_B: 0.255, gp: 0.163

[Rank 0] (epoch: 16, iters: 38080, time: 0.001, data: 0.001) , D_A: 0.207, G_A: 0.964, cycle_A: 0.281, D_B: 0.651, G_B: 0.951, cycle_B: 0.259, gp: 0.436

[Rank 0] (epoch: 16, iters: 39680, time: 0.001, data: 0.001) , D_A: 0.227, G_A: 1.165, cycle_A: 0.280, D_B: 0.238, G_B: 1.003, cycle_B: 0.262, gp: 0.233

learning rate 0.0002000 -> 0.0002000
temperature tau = 0.2956
End of epoch 16 / 50 	 Time Taken: 33 sec
[Rank 0] (epoch: 17, iters: 832, time: 0.001, data: 0.001) , D_A: 0.281, G_A: 0.968, cycle_A: 0.278, D_B: 0.209, G_B: 1.024, cycle_B: 0.251, gp: 0.205

[Rank 0] (epoch: 17, iters: 2432, time: 0.001, data: 0.001) , D_A: 0.215, G_A: 1.030, cycle_A: 0.294, D_B: 0.209, G_B: 1.009, cycle_B: 0.259, gp: 0.205

[Rank 0] (epoch: 17, iters: 4032, time: 0.001, data: 0.001) , D_A: 0.201, G_A: 1.065, cycle_A: 0.283, D_B: 0.309, G_B: 1.001, cycle_B: 0.296, gp: 0.307

[Rank 0] (epoch: 17, iters: 5632, time: 0.001, data: 0.001) , D_A: 0.163, G_A: 1.004, cycle_A: 0.278, D_B: 0.227, G_B: 0.985, cycle_B: 0.254, gp: 0.224

[Rank 0] (epoch: 17, iters: 7232, time: 0.001, data: 0.001) , D_A: 0.246, G_A: 0.983, cycle_A: 0.261, D_B: 0.289, G_B: 1.005, cycle_B: 0.258, gp: 0.287

[Rank 0] (epoch: 17, iters: 8832, time: 0.001, data: 0.001) , D_A: 0.226, G_A: 1.008, cycle_A: 0.275, D_B: 0.240, G_B: 0.994, cycle_B: 0.269, gp: 0.238

[Rank 0] (epoch: 17, iters: 10432, time: 0.001, data: 0.001) , D_A: 0.170, G_A: 0.901, cycle_A: 0.288, D_B: 0.182, G_B: 1.017, cycle_B: 0.256, gp: 0.179

[Rank 0] (epoch: 17, iters: 12032, time: 0.001, data: 0.001) , D_A: 0.225, G_A: 0.938, cycle_A: 0.295, D_B: 0.208, G_B: 1.010, cycle_B: 0.275, gp: 0.206

[Rank 0] (epoch: 17, iters: 13632, time: 0.001, data: 0.001) , D_A: 0.238, G_A: 0.950, cycle_A: 0.275, D_B: 0.344, G_B: 0.975, cycle_B: 0.254, gp: 0.342

[Rank 0] (epoch: 17, iters: 15232, time: 0.001, data: 0.001) , D_A: 0.166, G_A: 1.025, cycle_A: 0.288, D_B: 0.209, G_B: 0.984, cycle_B: 0.272, gp: 0.207

[Rank 0] (epoch: 17, iters: 16832, time: 0.001, data: 0.001) , D_A: 0.268, G_A: 0.954, cycle_A: 0.290, D_B: 0.232, G_B: 0.996, cycle_B: 0.307, gp: 0.229

[Rank 0] (epoch: 17, iters: 18432, time: 0.001, data: 0.001) , D_A: 0.169, G_A: 0.966, cycle_A: 0.285, D_B: 0.093, G_B: 1.017, cycle_B: 0.252, gp: 0.091

[Rank 0] (epoch: 17, iters: 20032, time: 0.001, data: 0.001) , D_A: 0.180, G_A: 0.985, cycle_A: 0.284, D_B: 0.193, G_B: 0.996, cycle_B: 0.254, gp: 0.191

[Rank 0] (epoch: 17, iters: 21632, time: 0.001, data: 0.001) , D_A: 0.238, G_A: 1.042, cycle_A: 0.276, D_B: 0.147, G_B: 0.993, cycle_B: 0.249, gp: 0.144

[Rank 0] (epoch: 17, iters: 23232, time: 0.001, data: 0.001) , D_A: 0.243, G_A: 1.246, cycle_A: 0.286, D_B: 0.182, G_B: 0.990, cycle_B: 0.272, gp: 0.179

[Rank 0] (epoch: 17, iters: 24832, time: 0.001, data: 0.001) , D_A: 0.257, G_A: 1.032, cycle_A: 0.282, D_B: 0.145, G_B: 1.027, cycle_B: 0.289, gp: 0.142

[Rank 0] (epoch: 17, iters: 26432, time: 0.001, data: 0.001) , D_A: 0.245, G_A: 0.982, cycle_A: 0.276, D_B: 0.196, G_B: 0.978, cycle_B: 0.284, gp: 0.194

[Rank 0] (epoch: 17, iters: 28032, time: 0.001, data: 0.001) , D_A: 0.255, G_A: 0.956, cycle_A: 0.283, D_B: 0.191, G_B: 0.973, cycle_B: 0.263, gp: 0.188

[Rank 0] (epoch: 17, iters: 29632, time: 0.001, data: 0.001) , D_A: 0.131, G_A: 1.042, cycle_A: 0.289, D_B: 0.234, G_B: 0.981, cycle_B: 0.255, gp: 0.231

[Rank 0] (epoch: 17, iters: 31232, time: 0.001, data: 0.001) , D_A: 0.246, G_A: 0.943, cycle_A: 0.279, D_B: 0.170, G_B: 0.984, cycle_B: 0.259, gp: 0.167

--- iter tau=0.2956 ---
  cipher in : thptaaurak lpznqivypeypfg penqfqhgpatoyhpkgq cptloqh npfupfg pkt
  decrypted : rnirsstbswaui dfehui ui gai df fngisreuniwgfaeiruefnadi ti gaiwr
  real plain: eat conductor can bring soloist orchestra and music to ultimate 
  cipher in : apmrfhpqfpfgqhpwtypqapenufg npfuplntzuahpfg pn kuzaqfquapucpkuim
  decrypted : si b nif i gfnieruifsi dt gadi tiudr tsni gaidawt sf ftsiteiwte 
  real plain: ent she was told by the manservant who opened the door that his 
[Rank 0] (epoch: 17, iters: 32832, time: 0.001, data: 0.001) , D_A: 0.179, G_A: 1.042, cycle_A: 0.279, D_B: 0.183, G_B: 0.988, cycle_B: 0.253, gp: 0.181

saving the latest model (epoch 17, total_iters 680000)
[Rank 0] (epoch: 17, iters: 34432, time: 0.001, data: 0.001) , D_A: 0.242, G_A: 0.947, cycle_A: 0.270, D_B: 0.185, G_B: 0.995, cycle_B: 0.258, gp: 0.182

[Rank 0] (epoch: 17, iters: 36032, time: 0.001, data: 0.001) , D_A: 0.216, G_A: 0.878, cycle_A: 0.283, D_B: 0.207, G_B: 0.978, cycle_B: 0.273, gp: 0.205

[Rank 0] (epoch: 17, iters: 37632, time: 0.001, data: 0.001) , D_A: 0.140, G_A: 1.010, cycle_A: 0.290, D_B: 0.217, G_B: 1.003, cycle_B: 0.268, gp: 0.214

[Rank 0] (epoch: 17, iters: 39232, time: 0.001, data: 0.001) , D_A: 0.220, G_A: 0.984, cycle_A: 0.274, D_B: 0.117, G_B: 1.002, cycle_B: 0.259, gp: 0.115

learning rate 0.0002000 -> 0.0002000
temperature tau = 0.2861
End of epoch 17 / 50 	 Time Taken: 33 sec
[Rank 0] (epoch: 18, iters: 384, time: 0.001, data: 0.001) , D_A: 0.259, G_A: 0.989, cycle_A: 0.275, D_B: 0.216, G_B: 1.023, cycle_B: 0.266, gp: 0.214

[Rank 0] (epoch: 18, iters: 1984, time: 0.001, data: 0.000) , D_A: 0.161, G_A: 0.963, cycle_A: 0.290, D_B: 0.190, G_B: 1.002, cycle_B: 0.267, gp: 0.188

[Rank 0] (epoch: 18, iters: 3584, time: 0.001, data: 0.001) , D_A: 0.226, G_A: 0.995, cycle_A: 0.313, D_B: 0.234, G_B: 0.975, cycle_B: 0.263, gp: 0.230

[Rank 0] (epoch: 18, iters: 5184, time: 0.001, data: 0.001) , D_A: 0.190, G_A: 1.060, cycle_A: 0.292, D_B: 0.235, G_B: 0.974, cycle_B: 0.253, gp: 0.232

[Rank 0] (epoch: 18, iters: 6784, time: 0.001, data: 0.001) , D_A: 0.230, G_A: 0.975, cycle_A: 0.263, D_B: 0.150, G_B: 1.003, cycle_B: 0.270, gp: 0.148

[Rank 0] (epoch: 18, iters: 8384, time: 0.001, data: 0.001) , D_A: 0.288, G_A: 1.032, cycle_A: 0.279, D_B: 0.137, G_B: 1.012, cycle_B: 0.253, gp: 0.135

[Rank 0] (epoch: 18, iters: 9984, time: 0.001, data: 0.001) , D_A: 0.266, G_A: 0.976, cycle_A: 0.273, D_B: 0.167, G_B: 1.013, cycle_B: 0.270, gp: 0.165

[Rank 0] (epoch: 18, iters: 11584, time: 0.001, data: 0.001) , D_A: 0.224, G_A: 0.928, cycle_A: 0.270, D_B: 0.104, G_B: 1.028, cycle_B: 0.266, gp: 0.102

[Rank 0] (epoch: 18, iters: 13184, time: 0.001, data: 0.001) , D_A: 0.179, G_A: 0.987, cycle_A: 0.271, D_B: 0.215, G_B: 0.980, cycle_B: 0.265, gp: 0.213

[Rank 0] (epoch: 18, iters: 14784, time: 0.001, data: 0.001) , D_A: 0.152, G_A: 1.009, cycle_A: 0.276, D_B: 0.155, G_B: 0.957, cycle_B: 0.264, gp: 0.152

[Rank 0] (epoch: 18, iters: 16384, time: 0.001, data: 0.001) , D_A: 0.169, G_A: 1.001, cycle_A: 0.274, D_B: 0.210, G_B: 1.029, cycle_B: 0.265, gp: 0.208

[Rank 0] (epoch: 18, iters: 17984, time: 0.001, data: 0.001) , D_A: 0.157, G_A: 1.003, cycle_A: 0.281, D_B: 0.130, G_B: 0.983, cycle_B: 0.249, gp: 0.127

[Rank 0] (epoch: 18, iters: 19584, time: 0.001, data: 0.001) , D_A: 0.190, G_A: 0.985, cycle_A: 0.284, D_B: 0.192, G_B: 0.982, cycle_B: 0.256, gp: 0.190

[Rank 0] (epoch: 18, iters: 21184, time: 0.001, data: 0.001) , D_A: 0.201, G_A: 0.964, cycle_A: 0.282, D_B: 0.202, G_B: 1.014, cycle_B: 0.258, gp: 0.199

[Rank 0] (epoch: 18, iters: 22784, time: 0.001, data: 0.001) , D_A: 0.200, G_A: 1.032, cycle_A: 0.292, D_B: 0.243, G_B: 0.987, cycle_B: 0.288, gp: 0.241

[Rank 0] (epoch: 18, iters: 24384, time: 0.001, data: 0.001) , D_A: 0.174, G_A: 1.030, cycle_A: 0.283, D_B: 0.187, G_B: 0.998, cycle_B: 0.257, gp: 0.185

[Rank 0] (epoch: 18, iters: 25984, time: 0.001, data: 0.001) , D_A: 0.235, G_A: 0.971, cycle_A: 0.275, D_B: 0.160, G_B: 1.024, cycle_B: 0.261, gp: 0.158

[Rank 0] (epoch: 18, iters: 27584, time: 0.001, data: 0.002) , D_A: 0.237, G_A: 1.040, cycle_A: 0.279, D_B: 0.166, G_B: 0.945, cycle_B: 0.266, gp: 0.164

[Rank 0] (epoch: 18, iters: 29184, time: 0.001, data: 0.001) , D_A: 0.254, G_A: 0.981, cycle_A: 0.289, D_B: 0.221, G_B: 0.985, cycle_B: 0.245, gp: 0.219

[Rank 0] (epoch: 18, iters: 30784, time: 0.001, data: 0.001) , D_A: 0.123, G_A: 0.935, cycle_A: 0.273, D_B: 0.112, G_B: 0.979, cycle_B: 0.260, gp: 0.110

--- iter tau=0.2861 ---
  cipher in : h  pguwplquk htaptrfgunqfq hpkurvlpgto ptkf lpufg nwqh py fpcunp
  decrypted : naaigteiuftpanrsirb gtdf faniptbhuigreairp auit gadefnaiua ietdi
  real plain: nt time one thing is certain however and that is that he is far 
  cipher in : nypfup jf alplqkfquatnypkuo ntz pfg pvtff npqhprh crvpcunpiulqcy
  decrypted : dui tial asuiufp ftsrduipteadr ai gaihr  adifnibnaebhietdietufeu
  real plain: d in fresco that will not dry out spotty and uneven later brumid
[Rank 0] (epoch: 18, iters: 32384, time: 0.001, data: 0.001) , D_A: 0.196, G_A: 0.842, cycle_A: 0.279, D_B: 0.131, G_B: 1.002, cycle_B: 0.251, gp: 0.130

saving the latest model (epoch 18, total_iters 720000)
[Rank 0] (epoch: 18, iters: 33984, time: 0.001, data: 0.001) , D_A: 0.200, G_A: 1.010, cycle_A: 0.279, D_B: 0.198, G_B: 0.969, cycle_B: 0.267, gp: 0.194

[Rank 0] (epoch: 18, iters: 35584, time: 0.001, data: 0.001) , D_A: 0.219, G_A: 0.985, cycle_A: 0.286, D_B: 0.213, G_B: 0.966, cycle_B: 0.264, gp: 0.211

[Rank 0] (epoch: 18, iters: 37184, time: 0.001, data: 0.001) , D_A: 0.144, G_A: 0.946, cycle_A: 0.278, D_B: 0.257, G_B: 0.934, cycle_B: 0.262, gp: 0.255

[Rank 0] (epoch: 18, iters: 38784, time: 0.001, data: 0.001) , D_A: 0.200, G_A: 0.989, cycle_A: 0.300, D_B: 0.137, G_B: 1.015, cycle_B: 0.266, gp: 0.128

[Rank 0] (epoch: 18, iters: 40384, time: 0.001, data: 0.001) , D_A: 0.171, G_A: 1.016, cycle_A: 0.291, D_B: 0.218, G_B: 0.941, cycle_B: 0.278, gp: 0.213

learning rate 0.0002000 -> 0.0002000
temperature tau = 0.2768
End of epoch 18 / 50 	 Time Taken: 34 sec
[Rank 0] (epoch: 19, iters: 1536, time: 0.001, data: 0.001) , D_A: 0.108, G_A: 0.998, cycle_A: 0.276, D_B: 0.164, G_B: 0.980, cycle_B: 0.266, gp: 0.161

[Rank 0] (epoch: 19, iters: 3136, time: 0.001, data: 0.001) , D_A: 0.167, G_A: 1.007, cycle_A: 0.276, D_B: 0.249, G_B: 0.969, cycle_B: 0.262, gp: 0.245

[Rank 0] (epoch: 19, iters: 4736, time: 0.001, data: 0.001) , D_A: 0.189, G_A: 1.041, cycle_A: 0.286, D_B: 0.340, G_B: 0.997, cycle_B: 0.258, gp: 0.333

[Rank 0] (epoch: 19, iters: 6336, time: 0.001, data: 0.002) , D_A: 0.136, G_A: 1.011, cycle_A: 0.279, D_B: 0.190, G_B: 0.992, cycle_B: 0.262, gp: 0.187

[Rank 0] (epoch: 19, iters: 7936, time: 0.001, data: 0.001) , D_A: 0.191, G_A: 1.023, cycle_A: 0.273, D_B: 0.154, G_B: 0.961, cycle_B: 0.264, gp: 0.150

[Rank 0] (epoch: 19, iters: 9536, time: 0.001, data: 0.001) , D_A: 0.172, G_A: 0.998, cycle_A: 0.287, D_B: 0.119, G_B: 1.022, cycle_B: 0.271, gp: 0.117

[Rank 0] (epoch: 19, iters: 11136, time: 0.001, data: 0.001) , D_A: 0.187, G_A: 0.992, cycle_A: 0.272, D_B: 0.201, G_B: 0.998, cycle_B: 0.247, gp: 0.199

[Rank 0] (epoch: 19, iters: 12736, time: 0.001, data: 0.001) , D_A: 0.200, G_A: 1.025, cycle_A: 0.271, D_B: 0.170, G_B: 0.989, cycle_B: 0.261, gp: 0.167

[Rank 0] (epoch: 19, iters: 14336, time: 0.001, data: 0.001) , D_A: 0.135, G_A: 1.027, cycle_A: 0.293, D_B: 0.204, G_B: 1.007, cycle_B: 0.265, gp: 0.202

[Rank 0] (epoch: 19, iters: 15936, time: 0.001, data: 0.001) , D_A: 0.179, G_A: 1.010, cycle_A: 0.277, D_B: 0.185, G_B: 0.999, cycle_B: 0.264, gp: 0.183

[Rank 0] (epoch: 19, iters: 17536, time: 0.001, data: 0.001) , D_A: 0.243, G_A: 1.026, cycle_A: 0.273, D_B: 0.156, G_B: 0.992, cycle_B: 0.274, gp: 0.154

[Rank 0] (epoch: 19, iters: 19136, time: 0.001, data: 0.001) , D_A: 0.187, G_A: 0.993, cycle_A: 0.276, D_B: 0.189, G_B: 0.979, cycle_B: 0.260, gp: 0.187

[Rank 0] (epoch: 19, iters: 20736, time: 0.001, data: 0.001) , D_A: 0.209, G_A: 0.997, cycle_A: 0.278, D_B: 0.278, G_B: 0.988, cycle_B: 0.260, gp: 0.275

[Rank 0] (epoch: 19, iters: 22336, time: 0.001, data: 0.001) , D_A: 0.201, G_A: 1.012, cycle_A: 0.274, D_B: 0.271, G_B: 0.970, cycle_B: 0.255, gp: 0.269

[Rank 0] (epoch: 19, iters: 23936, time: 0.001, data: 0.001) , D_A: 0.217, G_A: 1.009, cycle_A: 0.274, D_B: 0.158, G_B: 1.006, cycle_B: 0.265, gp: 0.157

[Rank 0] (epoch: 19, iters: 25536, time: 0.001, data: 0.001) , D_A: 0.106, G_A: 0.984, cycle_A: 0.265, D_B: 0.187, G_B: 0.998, cycle_B: 0.253, gp: 0.186

[Rank 0] (epoch: 19, iters: 27136, time: 0.001, data: 0.001) , D_A: 0.222, G_A: 1.032, cycle_A: 0.283, D_B: 0.155, G_B: 0.986, cycle_B: 0.269, gp: 0.154

[Rank 0] (epoch: 19, iters: 28736, time: 0.001, data: 0.001) , D_A: 0.210, G_A: 1.063, cycle_A: 0.286, D_B: 0.137, G_B: 0.985, cycle_B: 0.247, gp: 0.135

[Rank 0] (epoch: 19, iters: 30336, time: 0.001, data: 0.001) , D_A: 0.217, G_A: 1.015, cycle_A: 0.278, D_B: 0.235, G_B: 0.977, cycle_B: 0.262, gp: 0.232

--- iter tau=0.2768 ---
  cipher in : tnqh pfg puvlp hftevqhg lpqal m al afptnfphkguuvhpfnypfg qnpe hf
  decrypted : rdfnai gaithuian r hfngauifsua asuas ird inpgtthni dui gafdi an 
  real plain:  the snake reaches its maturity it has already reached about its
  cipher in : pg phtqlpthpg pdqkd lpfg pgunh pqafupiufquapqlpe ptpiqzgfyphtlpi
  decrypted : igainrfuirnigairfpraui gaigtdnaifs tiet ftsifui airief g uinruie
  real plain: f hands above a clothesline and the flutter of garments hung the
[Rank 0] (epoch: 19, iters: 31936, time: 0.001, data: 0.001) , D_A: 0.166, G_A: 0.963, cycle_A: 0.285, D_B: 0.177, G_B: 0.986, cycle_B: 0.250, gp: 0.175

saving the latest model (epoch 19, total_iters 760000)
[Rank 0] (epoch: 19, iters: 33536, time: 0.001, data: 0.001) , D_A: 0.187, G_A: 0.970, cycle_A: 0.285, D_B: 0.167, G_B: 0.941, cycle_B: 0.262, gp: 0.164

[Rank 0] (epoch: 19, iters: 35136, time: 0.001, data: 0.001) , D_A: 0.307, G_A: 0.977, cycle_A: 0.277, D_B: 0.157, G_B: 1.001, cycle_B: 0.248, gp: 0.155

[Rank 0] (epoch: 19, iters: 36736, time: 0.001, data: 0.001) , D_A: 0.191, G_A: 0.935, cycle_A: 0.287, D_B: 0.209, G_B: 1.032, cycle_B: 0.254, gp: 0.206

[Rank 0] (epoch: 19, iters: 38336, time: 0.001, data: 0.001) , D_A: 0.254, G_A: 1.055, cycle_A: 0.282, D_B: 0.150, G_B: 0.989, cycle_B: 0.257, gp: 0.148

[Rank 0] (epoch: 19, iters: 39936, time: 0.001, data: 0.001) , D_A: 0.158, G_A: 1.039, cycle_A: 0.272, D_B: 0.146, G_B: 0.990, cycle_B: 0.258, gp: 0.144

learning rate 0.0002000 -> 0.0002000
temperature tau = 0.2679
End of epoch 19 / 50 	 Time Taken: 33 sec
[Rank 0] (epoch: 20, iters: 1088, time: 0.001, data: 0.001) , D_A: 0.144, G_A: 1.008, cycle_A: 0.278, D_B: 0.147, G_B: 0.987, cycle_B: 0.266, gp: 0.146

[Rank 0] (epoch: 20, iters: 2688, time: 0.001, data: 0.001) , D_A: 0.634, G_A: 0.861, cycle_A: 0.273, D_B: 0.115, G_B: 0.966, cycle_B: 0.312, gp: 0.113

[Rank 0] (epoch: 20, iters: 4288, time: 0.001, data: 0.001) , D_A: 0.197, G_A: 0.997, cycle_A: 0.273, D_B: 0.166, G_B: 1.026, cycle_B: 0.264, gp: 0.164

[Rank 0] (epoch: 20, iters: 5888, time: 0.001, data: 0.001) , D_A: 0.122, G_A: 0.902, cycle_A: 0.281, D_B: 0.156, G_B: 0.988, cycle_B: 0.267, gp: 0.154

[Rank 0] (epoch: 20, iters: 7488, time: 0.001, data: 0.001) , D_A: 0.380, G_A: 0.903, cycle_A: 0.304, D_B: 0.298, G_B: 0.937, cycle_B: 0.529, gp: 0.291

[Rank 0] (epoch: 20, iters: 9088, time: 0.001, data: 0.001) , D_A: 0.367, G_A: 0.951, cycle_A: 0.257, D_B: 0.217, G_B: 0.984, cycle_B: 0.383, gp: 0.212

[Rank 0] (epoch: 20, iters: 10688, time: 0.001, data: 0.001) , D_A: 0.254, G_A: 0.841, cycle_A: 0.250, D_B: 0.260, G_B: 0.973, cycle_B: 0.578, gp: 0.257

[Rank 0] (epoch: 20, iters: 12288, time: 0.001, data: 0.001) , D_A: 0.231, G_A: 0.944, cycle_A: 0.239, D_B: 0.173, G_B: 0.957, cycle_B: 0.382, gp: 0.169

[Rank 0] (epoch: 20, iters: 13888, time: 0.001, data: 0.001) , D_A: 0.193, G_A: 1.013, cycle_A: 0.329, D_B: 0.257, G_B: 1.100, cycle_B: 0.383, gp: 0.248

[Rank 0] (epoch: 20, iters: 15488, time: 0.001, data: 0.001) , D_A: 0.121, G_A: 0.983, cycle_A: 0.245, D_B: 0.176, G_B: 0.962, cycle_B: 0.349, gp: 0.172

[Rank 0] (epoch: 20, iters: 17088, time: 0.001, data: 0.001) , D_A: 0.220, G_A: 0.963, cycle_A: 0.256, D_B: 0.262, G_B: 0.978, cycle_B: 0.340, gp: 0.258

[Rank 0] (epoch: 20, iters: 18688, time: 0.001, data: 0.001) , D_A: 0.273, G_A: 1.052, cycle_A: 0.244, D_B: 0.264, G_B: 0.942, cycle_B: 0.371, gp: 0.260

[Rank 0] (epoch: 20, iters: 20288, time: 0.001, data: 0.001) , D_A: 0.217, G_A: 0.990, cycle_A: 0.236, D_B: 0.231, G_B: 0.984, cycle_B: 0.346, gp: 0.229

[Rank 0] (epoch: 20, iters: 21888, time: 0.001, data: 0.001) , D_A: 0.214, G_A: 1.008, cycle_A: 0.236, D_B: 0.204, G_B: 0.989, cycle_B: 0.345, gp: 0.198

[Rank 0] (epoch: 20, iters: 23488, time: 0.001, data: 0.001) , D_A: 0.173, G_A: 0.941, cycle_A: 0.261, D_B: 0.197, G_B: 0.929, cycle_B: 0.388, gp: 0.194

[Rank 0] (epoch: 20, iters: 25088, time: 0.001, data: 0.001) , D_A: 0.253, G_A: 0.986, cycle_A: 0.268, D_B: 0.249, G_B: 0.968, cycle_B: 0.384, gp: 0.246

[Rank 0] (epoch: 20, iters: 26688, time: 0.001, data: 0.001) , D_A: 0.191, G_A: 0.968, cycle_A: 0.248, D_B: 0.109, G_B: 0.967, cycle_B: 0.339, gp: 0.107

[Rank 0] (epoch: 20, iters: 28288, time: 0.001, data: 0.001) , D_A: 0.257, G_A: 0.945, cycle_A: 0.234, D_B: 0.154, G_B: 0.990, cycle_B: 0.357, gp: 0.151

[Rank 0] (epoch: 20, iters: 29888, time: 0.001, data: 0.001) , D_A: 0.143, G_A: 0.988, cycle_A: 0.256, D_B: 0.264, G_B: 0.987, cycle_B: 0.336, gp: 0.261

--- iter tau=0.2679 ---
  cipher in : hpcnq alhpl italqazpfgtfpg p qfg npkuacqnipunpl aypgqhpkuimvqkqf
  decrypted : nledbasunluaersubs l gr lgalab gadlposebdelodluasulgbnlpoechbpb 
  real plain: sor magazine a trade publication for radio and tv advertisers fo
  cipher in : xtbbpirhqkqtapthptpiyfgpg nupqapfg phti pwtypg prh lpfg pcqzrn p
  decrypted : rrccleqnbpbrslrnlrleu glgadolbsl galnrealerulgalqnaul galeb qdal
  real plain: mfortable than the acceleration couches on board yet he knew the
[Rank 0] (epoch: 20, iters: 31488, time: 0.001, data: 0.001) , D_A: 0.192, G_A: 0.714, cycle_A: 0.241, D_B: 0.299, G_B: 1.006, cycle_B: 0.387, gp: 0.297

saving the latest model (epoch 20, total_iters 800000)
[Rank 0] (epoch: 20, iters: 33088, time: 0.001, data: 0.001) , D_A: 0.290, G_A: 0.957, cycle_A: 0.247, D_B: 0.276, G_B: 0.962, cycle_B: 0.358, gp: 0.273

[Rank 0] (epoch: 20, iters: 34688, time: 0.001, data: 0.001) , D_A: 0.192, G_A: 1.009, cycle_A: 0.237, D_B: 0.173, G_B: 0.974, cycle_B: 0.357, gp: 0.170

[Rank 0] (epoch: 20, iters: 36288, time: 0.001, data: 0.001) , D_A: 0.162, G_A: 0.977, cycle_A: 0.249, D_B: 0.207, G_B: 0.959, cycle_B: 0.355, gp: 0.204

[Rank 0] (epoch: 20, iters: 37888, time: 0.001, data: 0.001) , D_A: 0.243, G_A: 0.942, cycle_A: 0.231, D_B: 0.221, G_B: 0.992, cycle_B: 0.363, gp: 0.217

[Rank 0] (epoch: 20, iters: 39488, time: 0.001, data: 0.001) , D_A: 0.157, G_A: 0.999, cycle_A: 0.246, D_B: 0.315, G_B: 0.960, cycle_B: 0.348, gp: 0.313

learning rate 0.0002000 -> 0.0002000
temperature tau = 0.2592
End of epoch 20 / 50 	 Time Taken: 33 sec
[Rank 0] (epoch: 21, iters: 640, time: 0.001, data: 0.001) , D_A: 0.234, G_A: 1.028, cycle_A: 0.241, D_B: 0.166, G_B: 1.009, cycle_B: 0.372, gp: 0.163

[Rank 0] (epoch: 21, iters: 2240, time: 0.001, data: 0.000) , D_A: 0.233, G_A: 0.952, cycle_A: 0.226, D_B: 0.220, G_B: 0.978, cycle_B: 0.358, gp: 0.217

[Rank 0] (epoch: 21, iters: 3840, time: 0.001, data: 0.001) , D_A: 0.283, G_A: 0.946, cycle_A: 0.241, D_B: 0.137, G_B: 0.970, cycle_B: 0.366, gp: 0.133

[Rank 0] (epoch: 21, iters: 5440, time: 0.001, data: 0.001) , D_A: 0.243, G_A: 1.007, cycle_A: 0.253, D_B: 0.192, G_B: 0.988, cycle_B: 0.345, gp: 0.188

[Rank 0] (epoch: 21, iters: 7040, time: 0.001, data: 0.001) , D_A: 0.208, G_A: 0.931, cycle_A: 0.221, D_B: 0.144, G_B: 1.013, cycle_B: 0.368, gp: 0.141

[Rank 0] (epoch: 21, iters: 8640, time: 0.001, data: 0.001) , D_A: 0.258, G_A: 1.002, cycle_A: 0.236, D_B: 0.206, G_B: 0.985, cycle_B: 0.347, gp: 0.204

[Rank 0] (epoch: 21, iters: 10240, time: 0.001, data: 0.001) , D_A: 0.159, G_A: 0.952, cycle_A: 0.234, D_B: 0.217, G_B: 0.982, cycle_B: 0.363, gp: 0.214

[Rank 0] (epoch: 21, iters: 11840, time: 0.001, data: 0.001) , D_A: 0.323, G_A: 1.036, cycle_A: 0.232, D_B: 0.178, G_B: 1.026, cycle_B: 0.364, gp: 0.175

[Rank 0] (epoch: 21, iters: 13440, time: 0.001, data: 0.001) , D_A: 0.243, G_A: 0.983, cycle_A: 0.253, D_B: 0.218, G_B: 1.012, cycle_B: 0.356, gp: 0.208

[Rank 0] (epoch: 21, iters: 15040, time: 0.001, data: 0.001) , D_A: 0.237, G_A: 0.982, cycle_A: 0.229, D_B: 0.167, G_B: 0.990, cycle_B: 0.369, gp: 0.164

[Rank 0] (epoch: 21, iters: 16640, time: 0.001, data: 0.001) , D_A: 0.132, G_A: 0.894, cycle_A: 0.244, D_B: 0.244, G_B: 1.015, cycle_B: 0.365, gp: 0.242

[Rank 0] (epoch: 21, iters: 18240, time: 0.001, data: 0.001) , D_A: 0.242, G_A: 1.099, cycle_A: 0.232, D_B: 0.157, G_B: 0.967, cycle_B: 0.353, gp: 0.154

[Rank 0] (epoch: 21, iters: 19840, time: 0.001, data: 0.001) , D_A: 0.305, G_A: 0.992, cycle_A: 0.232, D_B: 0.189, G_B: 0.988, cycle_B: 0.357, gp: 0.186

[Rank 0] (epoch: 21, iters: 21440, time: 0.001, data: 0.001) , D_A: 0.177, G_A: 0.981, cycle_A: 0.231, D_B: 0.217, G_B: 0.977, cycle_B: 0.331, gp: 0.215

[Rank 0] (epoch: 21, iters: 23040, time: 0.001, data: 0.001) , D_A: 0.155, G_A: 0.946, cycle_A: 0.233, D_B: 0.326, G_B: 0.998, cycle_B: 0.364, gp: 0.324

[Rank 0] (epoch: 21, iters: 24640, time: 0.001, data: 0.001) , D_A: 0.213, G_A: 0.910, cycle_A: 0.225, D_B: 0.213, G_B: 1.003, cycle_B: 0.364, gp: 0.211

[Rank 0] (epoch: 21, iters: 26240, time: 0.001, data: 0.001) , D_A: 0.209, G_A: 0.991, cycle_A: 0.241, D_B: 0.218, G_B: 0.980, cycle_B: 0.359, gp: 0.216

[Rank 0] (epoch: 21, iters: 27840, time: 0.001, data: 0.001) , D_A: 0.195, G_A: 0.934, cycle_A: 0.248, D_B: 0.126, G_B: 0.980, cycle_B: 0.348, gp: 0.123

[Rank 0] (epoch: 21, iters: 29440, time: 0.001, data: 0.001) , D_A: 0.323, G_A: 0.870, cycle_A: 0.245, D_B: 0.207, G_B: 0.965, cycle_B: 0.428, gp: 0.205

--- iter tau=0.2592 ---
  cipher in : ak pthpe fw  apidptalpq pgqhpcqnhfpkuakvrhquapuape gtoqunpucpqal
  decrypted : spamrnm a eaasmermrsumfamgfnmefdn mptsphknftsmtsm agreftdmtemfsu
  real plain: ns require the inscription of each individual male or female adu
  cipher in : thpyurpwqvvpueh no pwg apyurnpvqiehpe zqapfupwqfg nptalpyurnpgtq
  decrypted : rnmutkmefhhmt nadeamegasmutkdmhfe nm a fsm tmef gadmrsumutkdmgrf
  real plain: s was lying or insisting on a private definition of antisemitism
[Rank 0] (epoch: 21, iters: 31040, time: 0.001, data: 0.001) , D_A: 0.237, G_A: 0.854, cycle_A: 0.241, D_B: 0.268, G_B: 0.988, cycle_B: 0.385, gp: 0.266

saving the latest model (epoch 21, total_iters 840000)
[Rank 0] (epoch: 21, iters: 32640, time: 0.001, data: 0.001) , D_A: 0.255, G_A: 0.982, cycle_A: 0.242, D_B: 0.274, G_B: 0.986, cycle_B: 0.349, gp: 0.272

[Rank 0] (epoch: 21, iters: 34240, time: 0.001, data: 0.001) , D_A: 0.223, G_A: 1.039, cycle_A: 0.237, D_B: 0.259, G_B: 0.992, cycle_B: 0.365, gp: 0.258

[Rank 0] (epoch: 21, iters: 35840, time: 0.001, data: 0.001) , D_A: 0.149, G_A: 0.983, cycle_A: 0.223, D_B: 0.136, G_B: 1.038, cycle_B: 0.354, gp: 0.132

[Rank 0] (epoch: 21, iters: 37440, time: 0.001, data: 0.001) , D_A: 0.150, G_A: 0.965, cycle_A: 0.239, D_B: 0.286, G_B: 0.999, cycle_B: 0.362, gp: 0.284

[Rank 0] (epoch: 21, iters: 39040, time: 0.001, data: 0.001) , D_A: 0.268, G_A: 0.994, cycle_A: 0.236, D_B: 0.163, G_B: 0.959, cycle_B: 0.349, gp: 0.160

learning rate 0.0002000 -> 0.0002000
temperature tau = 0.2508
End of epoch 21 / 50 	 Time Taken: 33 sec
[Rank 0] (epoch: 22, iters: 192, time: 0.001, data: 0.001) , D_A: 0.194, G_A: 0.956, cycle_A: 0.238, D_B: 0.223, G_B: 0.988, cycle_B: 0.366, gp: 0.220

[Rank 0] (epoch: 22, iters: 1792, time: 0.001, data: 0.002) , D_A: 0.196, G_A: 0.994, cycle_A: 0.246, D_B: 0.224, G_B: 0.971, cycle_B: 0.353, gp: 0.222

[Rank 0] (epoch: 22, iters: 3392, time: 0.001, data: 0.001) , D_A: 0.192, G_A: 1.003, cycle_A: 0.244, D_B: 0.228, G_B: 0.988, cycle_B: 0.348, gp: 0.227

[Rank 0] (epoch: 22, iters: 4992, time: 0.001, data: 0.001) , D_A: 0.236, G_A: 0.995, cycle_A: 0.215, D_B: 0.259, G_B: 0.906, cycle_B: 0.346, gp: 0.255

[Rank 0] (epoch: 22, iters: 6592, time: 0.001, data: 0.001) , D_A: 0.238, G_A: 1.101, cycle_A: 0.222, D_B: 0.181, G_B: 0.865, cycle_B: 0.377, gp: 0.176

[Rank 0] (epoch: 22, iters: 8192, time: 0.001, data: 0.001) , D_A: 0.179, G_A: 0.839, cycle_A: 0.231, D_B: 0.201, G_B: 0.987, cycle_B: 0.372, gp: 0.200

[Rank 0] (epoch: 22, iters: 9792, time: 0.001, data: 0.001) , D_A: 0.221, G_A: 0.913, cycle_A: 0.243, D_B: 0.189, G_B: 1.022, cycle_B: 0.375, gp: 0.186

[Rank 0] (epoch: 22, iters: 11392, time: 0.001, data: 0.001) , D_A: 0.155, G_A: 1.017, cycle_A: 0.245, D_B: 0.131, G_B: 0.988, cycle_B: 0.350, gp: 0.130

[Rank 0] (epoch: 22, iters: 12992, time: 0.001, data: 0.001) , D_A: 0.162, G_A: 0.958, cycle_A: 0.238, D_B: 0.230, G_B: 0.910, cycle_B: 0.342, gp: 0.228

[Rank 0] (epoch: 22, iters: 14592, time: 0.001, data: 0.001) , D_A: 0.240, G_A: 0.908, cycle_A: 0.251, D_B: 0.195, G_B: 1.023, cycle_B: 0.371, gp: 0.193

[Rank 0] (epoch: 22, iters: 16192, time: 0.001, data: 0.001) , D_A: 0.230, G_A: 1.038, cycle_A: 0.227, D_B: 0.235, G_B: 0.985, cycle_B: 0.364, gp: 0.233

[Rank 0] (epoch: 22, iters: 17792, time: 0.001, data: 0.001) , D_A: 0.237, G_A: 0.991, cycle_A: 0.237, D_B: 0.129, G_B: 0.998, cycle_B: 0.354, gp: 0.127

[Rank 0] (epoch: 22, iters: 19392, time: 0.001, data: 0.001) , D_A: 0.233, G_A: 1.030, cycle_A: 0.243, D_B: 0.272, G_B: 1.029, cycle_B: 0.346, gp: 0.268

[Rank 0] (epoch: 22, iters: 20992, time: 0.001, data: 0.001) , D_A: 0.168, G_A: 1.174, cycle_A: 0.226, D_B: 0.251, G_B: 1.010, cycle_B: 0.381, gp: 0.249

[Rank 0] (epoch: 22, iters: 22592, time: 0.001, data: 0.001) , D_A: 0.274, G_A: 0.881, cycle_A: 0.243, D_B: 0.113, G_B: 1.013, cycle_B: 0.363, gp: 0.110

[Rank 0] (epoch: 22, iters: 24192, time: 0.001, data: 0.001) , D_A: 0.207, G_A: 1.008, cycle_A: 0.231, D_B: 0.206, G_B: 0.952, cycle_B: 0.342, gp: 0.202

[Rank 0] (epoch: 22, iters: 25792, time: 0.001, data: 0.001) , D_A: 0.282, G_A: 0.988, cycle_A: 0.249, D_B: 0.168, G_B: 0.975, cycle_B: 0.351, gp: 0.164

[Rank 0] (epoch: 22, iters: 27392, time: 0.001, data: 0.001) , D_A: 0.213, G_A: 0.976, cycle_A: 0.248, D_B: 0.185, G_B: 0.980, cycle_B: 0.356, gp: 0.182

[Rank 0] (epoch: 22, iters: 28992, time: 0.001, data: 0.001) , D_A: 0.226, G_A: 0.871, cycle_A: 0.236, D_B: 0.200, G_B: 0.955, cycle_B: 0.375, gp: 0.198

--- iter tau=0.2508 ---
  cipher in : npwund nhpfupxuehpotktafpe ktrh pucptphfnqd pwurvlpgto pfupe ptm
  decrypted : dletdradnl tlrt nlerprs l aprknaltelrln dfraletkhulgreal tl alrc
  real plain: olid center shaft with interchangeable cutting blades the double
  cipher in : ftafhpucp mqkykvqktvpkuieqatfquahpqaptphyhf itfqkpthfnuauiypvqd 
  decrypted :  rs nltelacfpuphfprhlpte fsr ftsnlfslrlnun aer fplrn dtsteulhfra
  real plain: inging dust fearmaddened fleeing the lengthening shadow of death
[Rank 0] (epoch: 22, iters: 30592, time: 0.001, data: 0.001) , D_A: 0.095, G_A: 0.958, cycle_A: 0.240, D_B: 0.180, G_B: 1.009, cycle_B: 0.364, gp: 0.178

saving the latest model (epoch 22, total_iters 880000)
[Rank 0] (epoch: 22, iters: 32192, time: 0.001, data: 0.001) , D_A: 0.197, G_A: 1.061, cycle_A: 0.245, D_B: 0.147, G_B: 0.974, cycle_B: 0.348, gp: 0.145

[Rank 0] (epoch: 22, iters: 33792, time: 0.001, data: 0.001) , D_A: 0.231, G_A: 0.968, cycle_A: 0.237, D_B: 0.188, G_B: 0.975, cycle_B: 0.353, gp: 0.186

[Rank 0] (epoch: 22, iters: 35392, time: 0.001, data: 0.001) , D_A: 0.225, G_A: 0.964, cycle_A: 0.252, D_B: 0.203, G_B: 1.017, cycle_B: 0.355, gp: 0.199

[Rank 0] (epoch: 22, iters: 36992, time: 0.001, data: 0.001) , D_A: 0.191, G_A: 0.981, cycle_A: 0.239, D_B: 0.202, G_B: 0.941, cycle_B: 0.346, gp: 0.199

[Rank 0] (epoch: 22, iters: 38592, time: 0.001, data: 0.001) , D_A: 0.139, G_A: 1.000, cycle_A: 0.241, D_B: 0.153, G_B: 0.967, cycle_B: 0.345, gp: 0.150

[Rank 0] (epoch: 22, iters: 40192, time: 0.001, data: 0.001) , D_A: 0.266, G_A: 1.067, cycle_A: 0.229, D_B: 0.258, G_B: 1.010, cycle_B: 0.364, gp: 0.256

learning rate 0.0002000 -> 0.0002000
temperature tau = 0.2427
End of epoch 22 / 50 	 Time Taken: 34 sec
[Rank 0] (epoch: 23, iters: 1344, time: 0.001, data: 0.001) , D_A: 0.223, G_A: 0.981, cycle_A: 0.237, D_B: 0.201, G_B: 0.976, cycle_B: 0.360, gp: 0.198

[Rank 0] (epoch: 23, iters: 2944, time: 0.001, data: 0.001) , D_A: 0.244, G_A: 0.984, cycle_A: 0.232, D_B: 0.274, G_B: 0.974, cycle_B: 0.348, gp: 0.272

[Rank 0] (epoch: 23, iters: 4544, time: 0.001, data: 0.001) , D_A: 0.190, G_A: 1.044, cycle_A: 0.235, D_B: 0.262, G_B: 1.016, cycle_B: 0.382, gp: 0.260

[Rank 0] (epoch: 23, iters: 6144, time: 0.001, data: 0.001) , D_A: 0.210, G_A: 1.065, cycle_A: 0.222, D_B: 0.298, G_B: 0.989, cycle_B: 0.350, gp: 0.295

[Rank 0] (epoch: 23, iters: 7744, time: 0.001, data: 0.001) , D_A: 0.245, G_A: 0.950, cycle_A: 0.248, D_B: 0.180, G_B: 0.971, cycle_B: 0.355, gp: 0.179

[Rank 0] (epoch: 23, iters: 9344, time: 0.001, data: 0.001) , D_A: 0.125, G_A: 0.982, cycle_A: 0.241, D_B: 0.101, G_B: 0.948, cycle_B: 0.359, gp: 0.099

[Rank 0] (epoch: 23, iters: 10944, time: 0.001, data: 0.001) , D_A: 0.214, G_A: 0.984, cycle_A: 0.252, D_B: 0.240, G_B: 1.020, cycle_B: 0.328, gp: 0.238

[Rank 0] (epoch: 23, iters: 12544, time: 0.001, data: 0.001) , D_A: 0.196, G_A: 0.907, cycle_A: 0.240, D_B: 0.172, G_B: 1.028, cycle_B: 0.373, gp: 0.170

[Rank 0] (epoch: 23, iters: 14144, time: 0.001, data: 0.001) , D_A: 0.176, G_A: 0.998, cycle_A: 0.244, D_B: 0.275, G_B: 1.007, cycle_B: 0.363, gp: 0.274

[Rank 0] (epoch: 23, iters: 15744, time: 0.001, data: 0.001) , D_A: 0.271, G_A: 0.982, cycle_A: 0.244, D_B: 0.211, G_B: 0.993, cycle_B: 0.348, gp: 0.209

[Rank 0] (epoch: 23, iters: 17344, time: 0.001, data: 0.001) , D_A: 0.165, G_A: 0.958, cycle_A: 0.233, D_B: 0.259, G_B: 1.001, cycle_B: 0.356, gp: 0.257

[Rank 0] (epoch: 23, iters: 18944, time: 0.001, data: 0.001) , D_A: 0.191, G_A: 0.978, cycle_A: 0.229, D_B: 0.190, G_B: 0.974, cycle_B: 0.345, gp: 0.187

[Rank 0] (epoch: 23, iters: 20544, time: 0.001, data: 0.001) , D_A: 0.170, G_A: 0.978, cycle_A: 0.246, D_B: 0.216, G_B: 0.997, cycle_B: 0.361, gp: 0.213

[Rank 0] (epoch: 23, iters: 22144, time: 0.001, data: 0.001) , D_A: 0.199, G_A: 0.970, cycle_A: 0.243, D_B: 0.216, G_B: 0.979, cycle_B: 0.356, gp: 0.215

[Rank 0] (epoch: 23, iters: 23744, time: 0.001, data: 0.001) , D_A: 0.206, G_A: 0.984, cycle_A: 0.238, D_B: 0.094, G_B: 0.997, cycle_B: 0.363, gp: 0.092

[Rank 0] (epoch: 23, iters: 25344, time: 0.001, data: 0.001) , D_A: 0.191, G_A: 1.003, cycle_A: 0.249, D_B: 0.138, G_B: 0.974, cycle_B: 0.331, gp: 0.137

[Rank 0] (epoch: 23, iters: 26944, time: 0.001, data: 0.001) , D_A: 0.267, G_A: 0.968, cycle_A: 0.249, D_B: 0.151, G_B: 1.015, cycle_B: 0.336, gp: 0.149

[Rank 0] (epoch: 23, iters: 28544, time: 0.001, data: 0.001) , D_A: 0.297, G_A: 0.986, cycle_A: 0.248, D_B: 0.184, G_B: 1.011, cycle_B: 0.352, gp: 0.182

--- iter tau=0.2427 ---
  cipher in : alp o apfgurzgpwqfgpfg pcqaz nmnqafp oql ak pwgtfpqfpwthpqpkurvl
  decrypted : suiaeasi gtk gieb gi gaiebs adcdbs iaebuaswaiegr ib iernibiwtkhu
  real plain: re that none of the effects of this story were consciously emplo
  cipher in : n ptn ph vluipiun pfgtapcqcf  api apqaptayphqazv pl v ztfquapteu
  decrypted : dairdainahuteietdai grsiebe aasieasibsirsuinbs haiuaha r btsir t
  real plain:  of the stockholders of du pont and general motors and to consid
[Rank 0] (epoch: 23, iters: 30144, time: 0.001, data: 0.001) , D_A: 0.244, G_A: 0.977, cycle_A: 0.241, D_B: 0.143, G_B: 0.974, cycle_B: 0.338, gp: 0.141

saving the latest model (epoch 23, total_iters 920000)
[Rank 0] (epoch: 23, iters: 31744, time: 0.001, data: 0.001) , D_A: 0.139, G_A: 0.985, cycle_A: 0.236, D_B: 0.224, G_B: 1.032, cycle_B: 0.357, gp: 0.222

[Rank 0] (epoch: 23, iters: 33344, time: 0.001, data: 0.001) , D_A: 0.217, G_A: 1.025, cycle_A: 0.242, D_B: 0.265, G_B: 0.986, cycle_B: 0.362, gp: 0.262

[Rank 0] (epoch: 23, iters: 34944, time: 0.001, data: 0.001) , D_A: 0.212, G_A: 0.971, cycle_A: 0.224, D_B: 0.216, G_B: 0.993, cycle_B: 0.329, gp: 0.214

[Rank 0] (epoch: 23, iters: 36544, time: 0.001, data: 0.001) , D_A: 0.204, G_A: 0.977, cycle_A: 0.230, D_B: 0.160, G_B: 0.972, cycle_B: 0.341, gp: 0.158

[Rank 0] (epoch: 23, iters: 38144, time: 0.001, data: 0.001) , D_A: 0.164, G_A: 0.962, cycle_A: 0.242, D_B: 0.294, G_B: 0.968, cycle_B: 0.343, gp: 0.290

[Rank 0] (epoch: 23, iters: 39744, time: 0.001, data: 0.001) , D_A: 0.118, G_A: 1.022, cycle_A: 0.246, D_B: 0.275, G_B: 0.963, cycle_B: 0.343, gp: 0.273

learning rate 0.0002000 -> 0.0002000
temperature tau = 0.2349
End of epoch 23 / 50 	 Time Taken: 34 sec
[Rank 0] (epoch: 24, iters: 896, time: 0.001, data: 0.001) , D_A: 0.160, G_A: 1.010, cycle_A: 0.238, D_B: 0.210, G_B: 0.973, cycle_B: 0.366, gp: 0.207

[Rank 0] (epoch: 24, iters: 2496, time: 0.001, data: 0.000) , D_A: 0.236, G_A: 0.961, cycle_A: 0.240, D_B: 0.135, G_B: 0.997, cycle_B: 0.347, gp: 0.133

[Rank 0] (epoch: 24, iters: 4096, time: 0.001, data: 0.001) , D_A: 0.164, G_A: 0.995, cycle_A: 0.229, D_B: 0.308, G_B: 1.041, cycle_B: 0.359, gp: 0.306

[Rank 0] (epoch: 24, iters: 5696, time: 0.001, data: 0.001) , D_A: 0.173, G_A: 0.959, cycle_A: 0.247, D_B: 0.208, G_B: 1.033, cycle_B: 0.347, gp: 0.206

[Rank 0] (epoch: 24, iters: 7296, time: 0.001, data: 0.001) , D_A: 0.221, G_A: 1.095, cycle_A: 0.246, D_B: 0.191, G_B: 0.991, cycle_B: 0.356, gp: 0.189

[Rank 0] (epoch: 24, iters: 8896, time: 0.001, data: 0.001) , D_A: 0.197, G_A: 0.972, cycle_A: 0.243, D_B: 0.170, G_B: 0.992, cycle_B: 0.365, gp: 0.167

[Rank 0] (epoch: 24, iters: 10496, time: 0.001, data: 0.001) , D_A: 0.151, G_A: 1.086, cycle_A: 0.232, D_B: 0.193, G_B: 0.981, cycle_B: 0.349, gp: 0.192

[Rank 0] (epoch: 24, iters: 12096, time: 0.001, data: 0.001) , D_A: 0.215, G_A: 1.009, cycle_A: 0.237, D_B: 0.266, G_B: 0.978, cycle_B: 0.360, gp: 0.264

[Rank 0] (epoch: 24, iters: 13696, time: 0.001, data: 0.001) , D_A: 0.091, G_A: 0.983, cycle_A: 0.242, D_B: 0.201, G_B: 0.975, cycle_B: 0.350, gp: 0.200

[Rank 0] (epoch: 24, iters: 15296, time: 0.001, data: 0.001) , D_A: 0.179, G_A: 1.064, cycle_A: 0.233, D_B: 0.242, G_B: 1.002, cycle_B: 0.382, gp: 0.241

[Rank 0] (epoch: 24, iters: 16896, time: 0.001, data: 0.001) , D_A: 0.226, G_A: 0.880, cycle_A: 0.229, D_B: 0.240, G_B: 1.006, cycle_B: 0.368, gp: 0.238

[Rank 0] (epoch: 24, iters: 18496, time: 0.001, data: 0.001) , D_A: 0.048, G_A: 0.991, cycle_A: 0.222, D_B: 0.261, G_B: 0.975, cycle_B: 0.345, gp: 0.259

[Rank 0] (epoch: 24, iters: 20096, time: 0.001, data: 0.001) , D_A: 0.183, G_A: 1.020, cycle_A: 0.243, D_B: 0.244, G_B: 1.032, cycle_B: 0.340, gp: 0.242

[Rank 0] (epoch: 24, iters: 21696, time: 0.001, data: 0.001) , D_A: 0.254, G_A: 0.868, cycle_A: 0.245, D_B: 0.243, G_B: 0.992, cycle_B: 0.356, gp: 0.242

[Rank 0] (epoch: 24, iters: 23296, time: 0.001, data: 0.001) , D_A: 0.169, G_A: 1.026, cycle_A: 0.241, D_B: 0.230, G_B: 1.079, cycle_B: 0.373, gp: 0.225

[Rank 0] (epoch: 24, iters: 24896, time: 0.001, data: 0.001) , D_A: 0.255, G_A: 1.004, cycle_A: 0.229, D_B: 0.174, G_B: 0.983, cycle_B: 0.383, gp: 0.172

[Rank 0] (epoch: 24, iters: 26496, time: 0.001, data: 0.001) , D_A: 0.247, G_A: 0.993, cycle_A: 0.239, D_B: 0.270, G_B: 0.955, cycle_B: 0.360, gp: 0.269

[Rank 0] (epoch: 24, iters: 28096, time: 0.001, data: 0.001) , D_A: 0.152, G_A: 1.050, cycle_A: 0.251, D_B: 0.078, G_B: 0.982, cycle_B: 0.344, gp: 0.076

--- iter tau=0.2349 ---
  cipher in : pqaf nmn ftfquap o nyua pqhpiun punpv hhphk mfqktvptalpoqnfrtvvy
  decrypted : ifs adcda r ftsiaeadutsaifnietdaitdihanninpac fprhirsuiefd krhhu
  real plain: use me the european said i am not familiar with the expression t
  cipher in : pthptpw tmuapfg pitaqmrvtfquapucpfg pithh hpeypmnumtztaltpfg piu
  decrypted : irniriearctsi gaiersfckhr ftsitei gaiernnani uicdtcr rsuri gaiet
  real plain:  to destroy his confidence enthusiasm and hope in another respec
[Rank 0] (epoch: 24, iters: 29696, time: 0.001, data: 0.001) , D_A: 0.231, G_A: 0.972, cycle_A: 0.230, D_B: 0.200, G_B: 0.970, cycle_B: 0.333, gp: 0.198

saving the latest model (epoch 24, total_iters 960000)
[Rank 0] (epoch: 24, iters: 31296, time: 0.001, data: 0.001) , D_A: 0.248, G_A: 1.033, cycle_A: 0.249, D_B: 0.224, G_B: 0.994, cycle_B: 0.374, gp: 0.222

[Rank 0] (epoch: 24, iters: 32896, time: 0.001, data: 0.001) , D_A: 0.170, G_A: 0.956, cycle_A: 0.238, D_B: 0.122, G_B: 0.988, cycle_B: 0.346, gp: 0.120

[Rank 0] (epoch: 24, iters: 34496, time: 0.001, data: 0.001) , D_A: 0.300, G_A: 0.990, cycle_A: 0.244, D_B: 0.161, G_B: 0.999, cycle_B: 0.356, gp: 0.158

[Rank 0] (epoch: 24, iters: 36096, time: 0.001, data: 0.001) , D_A: 0.200, G_A: 0.970, cycle_A: 0.244, D_B: 0.143, G_B: 1.000, cycle_B: 0.352, gp: 0.140

[Rank 0] (epoch: 24, iters: 37696, time: 0.001, data: 0.001) , D_A: 0.139, G_A: 1.075, cycle_A: 0.228, D_B: 0.272, G_B: 0.924, cycle_B: 0.359, gp: 0.267

[Rank 0] (epoch: 24, iters: 39296, time: 0.001, data: 0.001) , D_A: 0.244, G_A: 0.966, cycle_A: 0.222, D_B: 0.212, G_B: 1.014, cycle_B: 0.362, gp: 0.210

learning rate 0.0002000 -> 0.0002000
temperature tau = 0.2273
End of epoch 24 / 50 	 Time Taken: 33 sec
[Rank 0] (epoch: 25, iters: 448, time: 0.001, data: 0.001) , D_A: 0.159, G_A: 0.993, cycle_A: 0.234, D_B: 0.231, G_B: 1.008, cycle_B: 0.368, gp: 0.229

[Rank 0] (epoch: 25, iters: 2048, time: 0.001, data: 0.000) , D_A: 0.227, G_A: 0.961, cycle_A: 0.230, D_B: 0.220, G_B: 0.945, cycle_B: 0.360, gp: 0.218

[Rank 0] (epoch: 25, iters: 3648, time: 0.001, data: 0.001) , D_A: 0.194, G_A: 0.981, cycle_A: 0.233, D_B: 0.296, G_B: 0.991, cycle_B: 0.382, gp: 0.295

[Rank 0] (epoch: 25, iters: 5248, time: 0.001, data: 0.001) , D_A: 0.122, G_A: 1.018, cycle_A: 0.248, D_B: 0.308, G_B: 0.980, cycle_B: 0.346, gp: 0.304

[Rank 0] (epoch: 25, iters: 6848, time: 0.001, data: 0.001) , D_A: 0.178, G_A: 1.010, cycle_A: 0.232, D_B: 0.279, G_B: 1.009, cycle_B: 0.358, gp: 0.277

[Rank 0] (epoch: 25, iters: 8448, time: 0.001, data: 0.001) , D_A: 0.209, G_A: 0.981, cycle_A: 0.231, D_B: 0.197, G_B: 0.996, cycle_B: 0.346, gp: 0.196

[Rank 0] (epoch: 25, iters: 10048, time: 0.001, data: 0.001) , D_A: 0.166, G_A: 0.975, cycle_A: 0.225, D_B: 0.274, G_B: 0.954, cycle_B: 0.365, gp: 0.273

[Rank 0] (epoch: 25, iters: 11648, time: 0.001, data: 0.001) , D_A: 0.172, G_A: 0.925, cycle_A: 0.240, D_B: 0.176, G_B: 0.964, cycle_B: 0.347, gp: 0.174

[Rank 0] (epoch: 25, iters: 13248, time: 0.001, data: 0.001) , D_A: 0.181, G_A: 0.993, cycle_A: 0.236, D_B: 0.140, G_B: 0.960, cycle_B: 0.342, gp: 0.138

[Rank 0] (epoch: 25, iters: 14848, time: 0.001, data: 0.001) , D_A: 0.168, G_A: 1.033, cycle_A: 0.232, D_B: 0.238, G_B: 0.975, cycle_B: 0.371, gp: 0.236

[Rank 0] (epoch: 25, iters: 16448, time: 0.001, data: 0.001) , D_A: 0.146, G_A: 0.990, cycle_A: 0.232, D_B: 0.178, G_B: 1.010, cycle_B: 0.360, gp: 0.176

[Rank 0] (epoch: 25, iters: 18048, time: 0.001, data: 0.001) , D_A: 0.160, G_A: 0.981, cycle_A: 0.224, D_B: 0.228, G_B: 0.994, cycle_B: 0.344, gp: 0.225

[Rank 0] (epoch: 25, iters: 19648, time: 0.001, data: 0.001) , D_A: 0.191, G_A: 0.968, cycle_A: 0.239, D_B: 0.189, G_B: 0.989, cycle_B: 0.362, gp: 0.186

[Rank 0] (epoch: 25, iters: 21248, time: 0.001, data: 0.001) , D_A: 0.168, G_A: 0.801, cycle_A: 0.236, D_B: 0.146, G_B: 0.970, cycle_B: 0.356, gp: 0.144

[Rank 0] (epoch: 25, iters: 22848, time: 0.001, data: 0.001) , D_A: 0.234, G_A: 0.910, cycle_A: 0.242, D_B: 0.078, G_B: 1.022, cycle_B: 0.366, gp: 0.076

[Rank 0] (epoch: 25, iters: 24448, time: 0.001, data: 0.001) , D_A: 0.207, G_A: 0.914, cycle_A: 0.377, D_B: 0.343, G_B: 1.557, cycle_B: 0.346, gp: 0.282

[Rank 0] (epoch: 25, iters: 26048, time: 0.001, data: 0.001) , D_A: 0.204, G_A: 0.954, cycle_A: 0.247, D_B: 0.305, G_B: 0.982, cycle_B: 0.354, gp: 0.301

[Rank 0] (epoch: 25, iters: 27648, time: 0.001, data: 0.001) , D_A: 0.128, G_A: 0.953, cycle_A: 0.249, D_B: 0.253, G_B: 0.987, cycle_B: 0.360, gp: 0.250

--- iter tau=0.2273 ---
  cipher in : uvahpw  mqazptfpfg pn tnpucpfg ptrlqfunqriprmhftqnhphui pi apfnq
  decrypted : thsnieaacfs ir i gaidarditei gairkuf tdfkeikcn rfdninteaieasi df
  real plain: use me the european said i am not familiar with the expression t
  cipher in :  pkuak qo hpgqhpiqhhquapfupe pthptap lrktfunpqaptph fpucpkth phf
  decrypted : aiptspafeanigfniefnnftsi ti airnirsiaukpr tdifsirina iteiprnain 
  real plain:  to destroy his confidence enthusiasm and hope in another respec
[Rank 0] (epoch: 25, iters: 29248, time: 0.001, data: 0.001) , D_A: 0.170, G_A: 0.930, cycle_A: 0.234, D_B: 0.276, G_B: 1.012, cycle_B: 0.331, gp: 0.274

saving the latest model (epoch 25, total_iters 1000000)
[Rank 0] (epoch: 25, iters: 30848, time: 0.001, data: 0.001) , D_A: 0.171, G_A: 0.987, cycle_A: 0.245, D_B: 0.202, G_B: 1.013, cycle_B: 0.341, gp: 0.200

[Rank 0] (epoch: 25, iters: 32448, time: 0.001, data: 0.001) , D_A: 0.204, G_A: 0.944, cycle_A: 0.245, D_B: 0.311, G_B: 0.977, cycle_B: 0.341, gp: 0.309

[Rank 0] (epoch: 25, iters: 34048, time: 0.001, data: 0.001) , D_A: 0.216, G_A: 0.960, cycle_A: 0.231, D_B: 0.180, G_B: 1.003, cycle_B: 0.363, gp: 0.178

[Rank 0] (epoch: 25, iters: 35648, time: 0.001, data: 0.001) , D_A: 0.208, G_A: 0.978, cycle_A: 0.237, D_B: 0.262, G_B: 0.982, cycle_B: 0.351, gp: 0.260

[Rank 0] (epoch: 25, iters: 37248, time: 0.001, data: 0.001) , D_A: 0.259, G_A: 0.964, cycle_A: 0.245, D_B: 0.182, G_B: 0.985, cycle_B: 0.348, gp: 0.180

[Rank 0] (epoch: 25, iters: 38848, time: 0.001, data: 0.001) , D_A: 0.207, G_A: 0.965, cycle_A: 0.234, D_B: 0.171, G_B: 1.005, cycle_B: 0.343, gp: 0.169

[Rank 0] (epoch: 25, iters: 40448, time: 0.001, data: 0.001) , D_A: 0.253, G_A: 0.989, cycle_A: 0.217, D_B: 0.217, G_B: 0.989, cycle_B: 0.365, gp: 0.216

learning rate 0.0002000 -> 0.0002000
temperature tau = 0.2200
End of epoch 25 / 50 	 Time Taken: 34 sec
[Rank 0] (epoch: 26, iters: 1600, time: 0.001, data: 0.103) , D_A: 0.357, G_A: 0.640, cycle_A: 0.239, D_B: 0.144, G_B: 0.999, cycle_B: 0.386, gp: 0.143

[Rank 0] (epoch: 26, iters: 3200, time: 0.001, data: 0.002) , D_A: 0.135, G_A: 1.018, cycle_A: 0.238, D_B: 0.183, G_B: 0.978, cycle_B: 0.372, gp: 0.180

[Rank 0] (epoch: 26, iters: 4800, time: 0.001, data: 0.001) , D_A: 0.153, G_A: 0.928, cycle_A: 0.245, D_B: 0.301, G_B: 1.039, cycle_B: 0.359, gp: 0.299

[Rank 0] (epoch: 26, iters: 6400, time: 0.001, data: 0.001) , D_A: 0.151, G_A: 0.931, cycle_A: 0.246, D_B: 0.173, G_B: 1.013, cycle_B: 0.353, gp: 0.171

[Rank 0] (epoch: 26, iters: 8000, time: 0.001, data: 0.001) , D_A: 0.248, G_A: 0.940, cycle_A: 0.239, D_B: 0.172, G_B: 0.989, cycle_B: 0.361, gp: 0.170

[Rank 0] (epoch: 26, iters: 9600, time: 0.001, data: 0.001) , D_A: 0.151, G_A: 1.010, cycle_A: 0.235, D_B: 0.146, G_B: 1.010, cycle_B: 0.352, gp: 0.145

[Rank 0] (epoch: 26, iters: 11200, time: 0.001, data: 0.001) , D_A: 0.323, G_A: 0.916, cycle_A: 0.227, D_B: 0.207, G_B: 0.997, cycle_B: 0.328, gp: 0.206

[Rank 0] (epoch: 26, iters: 12800, time: 0.001, data: 0.001) , D_A: 0.195, G_A: 1.002, cycle_A: 0.245, D_B: 0.197, G_B: 1.009, cycle_B: 0.341, gp: 0.195

[Rank 0] (epoch: 26, iters: 14400, time: 0.001, data: 0.001) , D_A: 0.158, G_A: 1.003, cycle_A: 0.238, D_B: 0.223, G_B: 0.972, cycle_B: 0.369, gp: 0.221

[Rank 0] (epoch: 26, iters: 16000, time: 0.001, data: 0.001) , D_A: 0.220, G_A: 0.952, cycle_A: 0.233, D_B: 0.175, G_B: 1.023, cycle_B: 0.372, gp: 0.173

[Rank 0] (epoch: 26, iters: 17600, time: 0.001, data: 0.001) , D_A: 0.200, G_A: 0.932, cycle_A: 0.239, D_B: 0.147, G_B: 0.980, cycle_B: 0.355, gp: 0.145

[Rank 0] (epoch: 26, iters: 19200, time: 0.001, data: 0.001) , D_A: 0.184, G_A: 0.958, cycle_A: 0.238, D_B: 0.143, G_B: 0.990, cycle_B: 0.340, gp: 0.141

[Rank 0] (epoch: 26, iters: 20800, time: 0.001, data: 0.002) , D_A: 0.183, G_A: 0.948, cycle_A: 0.236, D_B: 0.143, G_B: 0.992, cycle_B: 0.367, gp: 0.141

[Rank 0] (epoch: 26, iters: 22400, time: 0.001, data: 0.001) , D_A: 0.164, G_A: 0.968, cycle_A: 0.248, D_B: 0.141, G_B: 1.010, cycle_B: 0.358, gp: 0.140

[Rank 0] (epoch: 26, iters: 24000, time: 0.001, data: 0.001) , D_A: 0.203, G_A: 0.916, cycle_A: 0.242, D_B: 0.275, G_B: 0.983, cycle_B: 0.356, gp: 0.273

[Rank 0] (epoch: 26, iters: 25600, time: 0.001, data: 0.001) , D_A: 0.182, G_A: 0.972, cycle_A: 0.229, D_B: 0.256, G_B: 1.001, cycle_B: 0.341, gp: 0.254

[Rank 0] (epoch: 26, iters: 27200, time: 0.001, data: 0.001) , D_A: 0.202, G_A: 0.990, cycle_A: 0.240, D_B: 0.180, G_B: 0.931, cycle_B: 0.359, gp: 0.177

--- iter tau=0.2200 ---
  cipher in : fguithpn zqhf npvqhfph  pe vuwptalplrmvqktf pati hpw n pn iuo lp
  decrypted :  gternida bn adihbn inaai ahteirsuiukchbpr aisreanieadaidaeteaui
  real plain: e networks for military communications are one of the best examp
  cipher in : pmhptvua pmtvqalnui hpmtntmgnth hptalpmtnulq hpfg pfyntaaypucpfn
  decrypted : icnirhtsaicrhbsudteanicrdrcgdrnanirsuicrdtubani gai udrssuitei d
  real plain: ld one day discover but he was perpetually engaged in a battle t
[Rank 0] (epoch: 26, iters: 28800, time: 0.001, data: 0.001) , D_A: 0.258, G_A: 0.991, cycle_A: 0.242, D_B: 0.238, G_B: 0.970, cycle_B: 0.340, gp: 0.235

saving the latest model (epoch 26, total_iters 1040000)
[Rank 0] (epoch: 26, iters: 30400, time: 0.001, data: 0.001) , D_A: 0.220, G_A: 1.021, cycle_A: 0.226, D_B: 0.185, G_B: 0.991, cycle_B: 0.358, gp: 0.184

[Rank 0] (epoch: 26, iters: 32000, time: 0.001, data: 0.001) , D_A: 0.223, G_A: 0.949, cycle_A: 0.236, D_B: 0.216, G_B: 1.036, cycle_B: 0.351, gp: 0.214

[Rank 0] (epoch: 26, iters: 33600, time: 0.001, data: 0.001) , D_A: 0.208, G_A: 1.033, cycle_A: 0.233, D_B: 0.186, G_B: 1.051, cycle_B: 0.357, gp: 0.184

[Rank 0] (epoch: 26, iters: 35200, time: 0.001, data: 0.001) , D_A: 0.214, G_A: 0.668, cycle_A: 0.238, D_B: 0.153, G_B: 0.951, cycle_B: 0.348, gp: 0.150

[Rank 0] (epoch: 26, iters: 36800, time: 0.001, data: 0.001) , D_A: 0.169, G_A: 0.970, cycle_A: 0.238, D_B: 0.138, G_B: 1.029, cycle_B: 0.338, gp: 0.137

[Rank 0] (epoch: 26, iters: 38400, time: 0.001, data: 0.001) , D_A: 0.238, G_A: 0.964, cycle_A: 0.243, D_B: 0.164, G_B: 1.013, cycle_B: 0.345, gp: 0.162

[Rank 0] (epoch: 26, iters: 40000, time: 0.001, data: 0.001) , D_A: 0.224, G_A: 0.951, cycle_A: 0.226, D_B: 0.187, G_B: 0.990, cycle_B: 0.357, gp: 0.185

learning rate 0.0002000 -> 0.0002000
temperature tau = 0.2129
End of epoch 26 / 50 	 Time Taken: 33 sec
[Rank 0] (epoch: 27, iters: 1152, time: 0.001, data: 0.001) , D_A: 0.162, G_A: 0.935, cycle_A: 0.235, D_B: 0.140, G_B: 0.990, cycle_B: 0.366, gp: 0.138

[Rank 0] (epoch: 27, iters: 2752, time: 0.001, data: 0.001) , D_A: 0.204, G_A: 0.878, cycle_A: 0.235, D_B: 0.075, G_B: 1.012, cycle_B: 0.347, gp: 0.072

[Rank 0] (epoch: 27, iters: 4352, time: 0.001, data: 0.001) , D_A: 0.160, G_A: 0.989, cycle_A: 0.235, D_B: 0.152, G_B: 1.027, cycle_B: 0.359, gp: 0.150

[Rank 0] (epoch: 27, iters: 5952, time: 0.001, data: 0.001) , D_A: 0.206, G_A: 0.983, cycle_A: 0.241, D_B: 0.226, G_B: 0.992, cycle_B: 0.342, gp: 0.224

[Rank 0] (epoch: 27, iters: 7552, time: 0.001, data: 0.001) , D_A: 0.169, G_A: 0.999, cycle_A: 0.251, D_B: 0.096, G_B: 1.001, cycle_B: 0.348, gp: 0.095

[Rank 0] (epoch: 27, iters: 9152, time: 0.001, data: 0.001) , D_A: 0.235, G_A: 1.003, cycle_A: 0.219, D_B: 0.165, G_B: 0.983, cycle_B: 0.361, gp: 0.163

[Rank 0] (epoch: 27, iters: 10752, time: 0.001, data: 0.001) , D_A: 0.174, G_A: 0.841, cycle_A: 0.230, D_B: 0.174, G_B: 1.027, cycle_B: 0.369, gp: 0.172

[Rank 0] (epoch: 27, iters: 12352, time: 0.001, data: 0.001) , D_A: 0.450, G_A: 0.624, cycle_A: 0.234, D_B: 0.254, G_B: 0.962, cycle_B: 0.379, gp: 0.252

[Rank 0] (epoch: 27, iters: 13952, time: 0.001, data: 0.001) , D_A: 0.206, G_A: 0.958, cycle_A: 0.233, D_B: 0.148, G_B: 0.973, cycle_B: 0.368, gp: 0.147

[Rank 0] (epoch: 27, iters: 15552, time: 0.001, data: 0.001) , D_A: 0.196, G_A: 0.966, cycle_A: 0.238, D_B: 0.125, G_B: 1.007, cycle_B: 0.347, gp: 0.123

[Rank 0] (epoch: 27, iters: 17152, time: 0.001, data: 0.001) , D_A: 0.252, G_A: 0.950, cycle_A: 0.235, D_B: 0.123, G_B: 0.989, cycle_B: 0.337, gp: 0.121

[Rank 0] (epoch: 27, iters: 18752, time: 0.001, data: 0.001) , D_A: 0.265, G_A: 0.974, cycle_A: 0.242, D_B: 0.130, G_B: 0.996, cycle_B: 0.345, gp: 0.129

[Rank 0] (epoch: 27, iters: 20352, time: 0.001, data: 0.001) , D_A: 0.188, G_A: 1.054, cycle_A: 0.240, D_B: 0.156, G_B: 0.978, cycle_B: 0.352, gp: 0.153

[Rank 0] (epoch: 27, iters: 21952, time: 0.001, data: 0.001) , D_A: 0.160, G_A: 0.939, cycle_A: 0.242, D_B: 0.165, G_B: 0.998, cycle_B: 0.358, gp: 0.163

[Rank 0] (epoch: 27, iters: 23552, time: 0.001, data: 0.001) , D_A: 0.221, G_A: 0.878, cycle_A: 0.225, D_B: 0.225, G_B: 1.002, cycle_B: 0.370, gp: 0.223

[Rank 0] (epoch: 27, iters: 25152, time: 0.001, data: 0.001) , D_A: 0.215, G_A: 0.948, cycle_A: 0.235, D_B: 0.177, G_B: 0.985, cycle_B: 0.339, gp: 0.176

[Rank 0] (epoch: 27, iters: 26752, time: 0.001, data: 0.001) , D_A: 0.129, G_A: 1.031, cycle_A: 0.241, D_B: 0.117, G_B: 1.025, cycle_B: 0.334, gp: 0.115

--- iter tau=0.2129 ---
  cipher in : phtqlphg phknrfqaqb lpgqipiypyurn pm td lpyurpwtafpfupwtfkgpurfp
  decrypted : mnrfumngamnpdk fsfcaumgfemeumutkdamcarraumutkmers m tmer pgmtk m
  real plain: d vehicles since that time has been described in a recent report
  cipher in : pwgqihptvfgurzgptphfntqzgfplnriphgtl pwurvlpe ptl srtf ptalphrcc
  decrypted : megfenmrh gtk gmrmn drf g mudkemngruametkhum amruaukr amrsumnkee
  real plain: is soulsearching panic he told hanford his son wanted to go into
[Rank 0] (epoch: 27, iters: 28352, time: 0.001, data: 0.001) , D_A: 0.120, G_A: 0.973, cycle_A: 0.227, D_B: 0.144, G_B: 0.942, cycle_B: 0.377, gp: 0.142

saving the latest model (epoch 27, total_iters 1080000)
[Rank 0] (epoch: 27, iters: 29952, time: 0.001, data: 0.001) , D_A: 0.178, G_A: 0.993, cycle_A: 0.254, D_B: 0.216, G_B: 0.938, cycle_B: 0.341, gp: 0.215

[Rank 0] (epoch: 27, iters: 31552, time: 0.001, data: 0.001) , D_A: 0.147, G_A: 0.971, cycle_A: 0.235, D_B: 0.148, G_B: 0.960, cycle_B: 0.359, gp: 0.145

[Rank 0] (epoch: 27, iters: 33152, time: 0.001, data: 0.001) , D_A: 0.099, G_A: 0.941, cycle_A: 0.252, D_B: 0.277, G_B: 1.038, cycle_B: 0.347, gp: 0.274

[Rank 0] (epoch: 27, iters: 34752, time: 0.001, data: 0.001) , D_A: 0.170, G_A: 1.009, cycle_A: 0.227, D_B: 0.157, G_B: 0.946, cycle_B: 0.344, gp: 0.156

[Rank 0] (epoch: 27, iters: 36352, time: 0.001, data: 0.001) , D_A: 0.229, G_A: 0.954, cycle_A: 0.238, D_B: 0.170, G_B: 0.988, cycle_B: 0.348, gp: 0.168

[Rank 0] (epoch: 27, iters: 37952, time: 0.001, data: 0.001) , D_A: 0.153, G_A: 0.955, cycle_A: 0.236, D_B: 0.186, G_B: 0.937, cycle_B: 0.347, gp: 0.183

[Rank 0] (epoch: 27, iters: 39552, time: 0.001, data: 0.001) , D_A: 0.187, G_A: 0.944, cycle_A: 0.247, D_B: 0.252, G_B: 1.028, cycle_B: 0.339, gp: 0.251

learning rate 0.0002000 -> 0.0002000
temperature tau = 0.2060
End of epoch 27 / 50 	 Time Taken: 34 sec
[Rank 0] (epoch: 28, iters: 704, time: 0.001, data: 0.001) , D_A: 0.167, G_A: 0.933, cycle_A: 0.236, D_B: 0.160, G_B: 0.995, cycle_B: 0.347, gp: 0.158

[Rank 0] (epoch: 28, iters: 2304, time: 0.001, data: 0.000) , D_A: 0.205, G_A: 0.985, cycle_A: 0.251, D_B: 0.180, G_B: 0.845, cycle_B: 0.333, gp: 0.177

[Rank 0] (epoch: 28, iters: 3904, time: 0.001, data: 0.001) , D_A: 0.140, G_A: 1.005, cycle_A: 0.242, D_B: 0.204, G_B: 0.994, cycle_B: 0.362, gp: 0.201

[Rank 0] (epoch: 28, iters: 5504, time: 0.001, data: 0.001) , D_A: 0.194, G_A: 1.035, cycle_A: 0.239, D_B: 0.177, G_B: 0.989, cycle_B: 0.352, gp: 0.175

[Rank 0] (epoch: 28, iters: 7104, time: 0.001, data: 0.001) , D_A: 0.224, G_A: 1.050, cycle_A: 0.241, D_B: 0.200, G_B: 0.999, cycle_B: 0.358, gp: 0.198

[Rank 0] (epoch: 28, iters: 8704, time: 0.001, data: 0.001) , D_A: 0.238, G_A: 0.996, cycle_A: 0.229, D_B: 0.199, G_B: 0.981, cycle_B: 0.348, gp: 0.197

[Rank 0] (epoch: 28, iters: 10304, time: 0.001, data: 0.001) , D_A: 0.166, G_A: 0.944, cycle_A: 0.227, D_B: 0.130, G_B: 1.022, cycle_B: 0.356, gp: 0.126

[Rank 0] (epoch: 28, iters: 11904, time: 0.001, data: 0.001) , D_A: 0.131, G_A: 0.996, cycle_A: 0.237, D_B: 0.222, G_B: 1.007, cycle_B: 0.365, gp: 0.221

[Rank 0] (epoch: 28, iters: 13504, time: 0.001, data: 0.001) , D_A: 0.145, G_A: 1.015, cycle_A: 0.243, D_B: 0.169, G_B: 1.009, cycle_B: 0.355, gp: 0.168

[Rank 0] (epoch: 28, iters: 15104, time: 0.001, data: 0.001) , D_A: 0.195, G_A: 1.006, cycle_A: 0.237, D_B: 0.115, G_B: 0.997, cycle_B: 0.372, gp: 0.114

[Rank 0] (epoch: 28, iters: 16704, time: 0.001, data: 0.001) , D_A: 0.219, G_A: 1.009, cycle_A: 0.240, D_B: 0.257, G_B: 0.991, cycle_B: 0.360, gp: 0.255

[Rank 0] (epoch: 28, iters: 18304, time: 0.001, data: 0.001) , D_A: 0.215, G_A: 0.966, cycle_A: 0.243, D_B: 0.157, G_B: 0.949, cycle_B: 0.338, gp: 0.156

[Rank 0] (epoch: 28, iters: 19904, time: 0.001, data: 0.001) , D_A: 0.149, G_A: 0.933, cycle_A: 0.232, D_B: 0.136, G_B: 1.055, cycle_B: 0.354, gp: 0.134

[Rank 0] (epoch: 28, iters: 21504, time: 0.001, data: 0.001) , D_A: 0.134, G_A: 0.999, cycle_A: 0.243, D_B: 0.165, G_B: 0.996, cycle_B: 0.338, gp: 0.163

[Rank 0] (epoch: 28, iters: 23104, time: 0.001, data: 0.001) , D_A: 0.211, G_A: 0.932, cycle_A: 0.262, D_B: 0.248, G_B: 1.063, cycle_B: 0.369, gp: 0.245

[Rank 0] (epoch: 28, iters: 24704, time: 0.001, data: 0.001) , D_A: 0.173, G_A: 0.978, cycle_A: 0.239, D_B: 0.154, G_B: 1.015, cycle_B: 0.359, gp: 0.153

[Rank 0] (epoch: 28, iters: 26304, time: 0.001, data: 0.001) , D_A: 0.216, G_A: 1.000, cycle_A: 0.239, D_B: 0.208, G_B: 1.030, cycle_B: 0.364, gp: 0.206

--- iter tau=0.2060 ---
  cipher in : ucpfg pnqo npwgypgtlpg pknuhh lpfg pltndpwtf npfupenqazpetkdptpz
  decrypted : oei gaidbeadieguigruigaipdonnaui gaiurdrier adi oi dbs i rpriri 
  real plain: icate finally the forces of authoritarianism protrujillo and pro
  cipher in : tff npgthpuavyptpc wphrkgpfg pvthfpfgn  pouvri hptn ptztqapiun p
  decrypted : r  adigrnioshuirieaeinkpgi gaihrn i gdaaieohkeanirdair rbsieodai
  real plain:  humble their approach to life direct and unsophisticated whatev
[Rank 0] (epoch: 28, iters: 27904, time: 0.001, data: 0.001) , D_A: 0.111, G_A: 0.971, cycle_A: 0.251, D_B: 0.142, G_B: 1.032, cycle_B: 0.343, gp: 0.140

saving the latest model (epoch 28, total_iters 1120000)
[Rank 0] (epoch: 28, iters: 29504, time: 0.001, data: 0.001) , D_A: 0.170, G_A: 0.940, cycle_A: 0.229, D_B: 0.189, G_B: 0.977, cycle_B: 0.329, gp: 0.187

[Rank 0] (epoch: 28, iters: 31104, time: 0.001, data: 0.001) , D_A: 0.245, G_A: 0.984, cycle_A: 0.242, D_B: 0.157, G_B: 0.925, cycle_B: 0.366, gp: 0.156

[Rank 0] (epoch: 28, iters: 32704, time: 0.001, data: 0.001) , D_A: 0.193, G_A: 1.014, cycle_A: 0.229, D_B: 0.243, G_B: 0.994, cycle_B: 0.347, gp: 0.242

[Rank 0] (epoch: 28, iters: 34304, time: 0.001, data: 0.001) , D_A: 0.137, G_A: 0.974, cycle_A: 0.241, D_B: 0.174, G_B: 1.016, cycle_B: 0.346, gp: 0.173

[Rank 0] (epoch: 28, iters: 35904, time: 0.001, data: 0.001) , D_A: 0.128, G_A: 0.980, cycle_A: 0.247, D_B: 0.104, G_B: 1.001, cycle_B: 0.350, gp: 0.103

[Rank 0] (epoch: 28, iters: 37504, time: 0.001, data: 0.001) , D_A: 0.181, G_A: 1.028, cycle_A: 0.247, D_B: 0.256, G_B: 1.057, cycle_B: 0.372, gp: 0.253

[Rank 0] (epoch: 28, iters: 39104, time: 0.001, data: 0.001) , D_A: 0.282, G_A: 0.702, cycle_A: 0.243, D_B: 0.102, G_B: 0.967, cycle_B: 0.387, gp: 0.101

learning rate 0.0002000 -> 0.0002000
temperature tau = 0.1993
End of epoch 28 / 50 	 Time Taken: 34 sec
[Rank 0] (epoch: 29, iters: 256, time: 0.001, data: 0.001) , D_A: 0.170, G_A: 1.034, cycle_A: 0.252, D_B: 0.182, G_B: 0.988, cycle_B: 0.404, gp: 0.181

[Rank 0] (epoch: 29, iters: 1856, time: 0.001, data: 0.000) , D_A: 0.232, G_A: 1.037, cycle_A: 0.235, D_B: 0.179, G_B: 0.979, cycle_B: 0.354, gp: 0.177

[Rank 0] (epoch: 29, iters: 3456, time: 0.001, data: 0.001) , D_A: 0.133, G_A: 1.012, cycle_A: 0.251, D_B: 0.207, G_B: 1.006, cycle_B: 0.348, gp: 0.206

[Rank 0] (epoch: 29, iters: 5056, time: 0.001, data: 0.001) , D_A: 0.086, G_A: 0.991, cycle_A: 0.234, D_B: 0.308, G_B: 1.028, cycle_B: 0.342, gp: 0.305

[Rank 0] (epoch: 29, iters: 6656, time: 0.001, data: 0.001) , D_A: 0.191, G_A: 1.042, cycle_A: 0.237, D_B: 0.170, G_B: 0.969, cycle_B: 0.370, gp: 0.168

[Rank 0] (epoch: 29, iters: 8256, time: 0.001, data: 0.001) , D_A: 0.213, G_A: 0.961, cycle_A: 0.235, D_B: 0.133, G_B: 0.944, cycle_B: 0.356, gp: 0.132

[Rank 0] (epoch: 29, iters: 9856, time: 0.001, data: 0.001) , D_A: 0.149, G_A: 1.037, cycle_A: 0.242, D_B: 0.139, G_B: 0.994, cycle_B: 0.351, gp: 0.137

[Rank 0] (epoch: 29, iters: 11456, time: 0.001, data: 0.001) , D_A: 0.232, G_A: 1.023, cycle_A: 0.240, D_B: 0.142, G_B: 1.032, cycle_B: 0.370, gp: 0.139

[Rank 0] (epoch: 29, iters: 13056, time: 0.001, data: 0.001) , D_A: 0.237, G_A: 1.037, cycle_A: 0.234, D_B: 0.184, G_B: 0.968, cycle_B: 0.350, gp: 0.182

[Rank 0] (epoch: 29, iters: 14656, time: 0.001, data: 0.001) , D_A: 0.206, G_A: 1.011, cycle_A: 0.234, D_B: 0.183, G_B: 1.009, cycle_B: 0.349, gp: 0.182

[Rank 0] (epoch: 29, iters: 16256, time: 0.001, data: 0.001) , D_A: 0.183, G_A: 0.970, cycle_A: 0.254, D_B: 0.213, G_B: 1.042, cycle_B: 0.345, gp: 0.210

[Rank 0] (epoch: 29, iters: 17856, time: 0.001, data: 0.001) , D_A: 0.152, G_A: 0.987, cycle_A: 0.249, D_B: 0.168, G_B: 0.989, cycle_B: 0.352, gp: 0.166

[Rank 0] (epoch: 29, iters: 19456, time: 0.001, data: 0.001) , D_A: 0.205, G_A: 0.941, cycle_A: 0.232, D_B: 0.179, G_B: 0.993, cycle_B: 0.344, gp: 0.178

[Rank 0] (epoch: 29, iters: 21056, time: 0.001, data: 0.001) , D_A: 0.153, G_A: 1.018, cycle_A: 0.253, D_B: 0.207, G_B: 1.013, cycle_B: 0.337, gp: 0.204

[Rank 0] (epoch: 29, iters: 22656, time: 0.001, data: 0.001) , D_A: 0.219, G_A: 1.011, cycle_A: 0.237, D_B: 0.187, G_B: 0.963, cycle_B: 0.355, gp: 0.183

[Rank 0] (epoch: 29, iters: 24256, time: 0.001, data: 0.001) , D_A: 0.232, G_A: 1.003, cycle_A: 0.250, D_B: 0.153, G_B: 0.989, cycle_B: 0.338, gp: 0.151

[Rank 0] (epoch: 29, iters: 25856, time: 0.001, data: 0.001) , D_A: 0.150, G_A: 0.934, cycle_A: 0.244, D_B: 0.254, G_B: 0.997, cycle_B: 0.354, gp: 0.251

--- iter tau=0.1993 ---
  cipher in : mn hhptn pltqvypkuacnuaf lpwqfgpfg phqzgfpucpfg pvuktvpl mtnfqaz
  decrypted : cdannirdaiurbhuiposedos auieb gi gainb g ioei gaihoprhiuacrd bs 
  real plain: they must do to help themselves all on a realistic longterm basi
  cipher in : lpgqhpln hhqazptalp jf al lpgqhpgtalpfupmuw nhpqpwuafp o apfnypf
  decrypted : uigbniudannbs irsuiau asuauigbnigrsui oicoeadnibieos iaeasi dui 
  real plain: ay when a bomb tore his car apart as he left home for work batta
[Rank 0] (epoch: 29, iters: 27456, time: 0.001, data: 0.001) , D_A: 0.155, G_A: 0.993, cycle_A: 0.233, D_B: 0.173, G_B: 0.966, cycle_B: 0.350, gp: 0.171

saving the latest model (epoch 29, total_iters 1160000)
[Rank 0] (epoch: 29, iters: 29056, time: 0.001, data: 0.001) , D_A: 0.237, G_A: 0.928, cycle_A: 0.254, D_B: 0.202, G_B: 1.007, cycle_B: 0.325, gp: 0.201

[Rank 0] (epoch: 29, iters: 30656, time: 0.001, data: 0.001) , D_A: 0.160, G_A: 0.954, cycle_A: 0.245, D_B: 0.170, G_B: 1.017, cycle_B: 0.345, gp: 0.169

[Rank 0] (epoch: 29, iters: 32256, time: 0.001, data: 0.001) , D_A: 0.131, G_A: 1.009, cycle_A: 0.236, D_B: 0.217, G_B: 0.957, cycle_B: 0.341, gp: 0.214

[Rank 0] (epoch: 29, iters: 33856, time: 0.001, data: 0.001) , D_A: 0.171, G_A: 1.008, cycle_A: 0.234, D_B: 0.249, G_B: 0.917, cycle_B: 0.361, gp: 0.243

[Rank 0] (epoch: 29, iters: 35456, time: 0.001, data: 0.001) , D_A: 0.161, G_A: 1.022, cycle_A: 0.233, D_B: 0.185, G_B: 0.963, cycle_B: 0.354, gp: 0.183

[Rank 0] (epoch: 29, iters: 37056, time: 0.001, data: 0.001) , D_A: 0.221, G_A: 1.014, cycle_A: 0.238, D_B: 0.218, G_B: 0.998, cycle_B: 0.344, gp: 0.217

[Rank 0] (epoch: 29, iters: 38656, time: 0.001, data: 0.001) , D_A: 0.182, G_A: 0.892, cycle_A: 0.236, D_B: 0.241, G_B: 1.007, cycle_B: 0.339, gp: 0.240

[Rank 0] (epoch: 29, iters: 40256, time: 0.001, data: 0.001) , D_A: 0.160, G_A: 0.956, cycle_A: 0.235, D_B: 0.213, G_B: 0.929, cycle_B: 0.359, gp: 0.211

learning rate 0.0002000 -> 0.0002000
temperature tau = 0.1929
End of epoch 29 / 50 	 Time Taken: 34 sec
[Rank 0] (epoch: 30, iters: 1408, time: 0.001, data: 0.001) , D_A: 0.140, G_A: 0.956, cycle_A: 0.240, D_B: 0.220, G_B: 0.976, cycle_B: 0.357, gp: 0.218

[Rank 0] (epoch: 30, iters: 3008, time: 0.001, data: 0.003) , D_A: 0.194, G_A: 1.082, cycle_A: 0.241, D_B: 0.122, G_B: 0.980, cycle_B: 0.350, gp: 0.121

[Rank 0] (epoch: 30, iters: 4608, time: 0.001, data: 0.001) , D_A: 0.180, G_A: 1.001, cycle_A: 0.234, D_B: 0.174, G_B: 1.011, cycle_B: 0.359, gp: 0.172

[Rank 0] (epoch: 30, iters: 6208, time: 0.001, data: 0.001) , D_A: 0.179, G_A: 1.030, cycle_A: 0.241, D_B: 0.303, G_B: 1.154, cycle_B: 0.358, gp: 0.296

[Rank 0] (epoch: 30, iters: 7808, time: 0.001, data: 0.001) , D_A: 0.170, G_A: 0.986, cycle_A: 0.233, D_B: 0.205, G_B: 1.051, cycle_B: 0.351, gp: 0.201

[Rank 0] (epoch: 30, iters: 9408, time: 0.001, data: 0.001) , D_A: 0.167, G_A: 1.053, cycle_A: 0.227, D_B: 0.175, G_B: 0.992, cycle_B: 0.358, gp: 0.174

[Rank 0] (epoch: 30, iters: 11008, time: 0.001, data: 0.001) , D_A: 0.151, G_A: 0.999, cycle_A: 0.244, D_B: 0.225, G_B: 0.979, cycle_B: 0.331, gp: 0.223

[Rank 0] (epoch: 30, iters: 12608, time: 0.001, data: 0.001) , D_A: 0.264, G_A: 0.943, cycle_A: 0.245, D_B: 0.148, G_B: 0.994, cycle_B: 0.335, gp: 0.147

[Rank 0] (epoch: 30, iters: 14208, time: 0.001, data: 0.001) , D_A: 0.162, G_A: 0.981, cycle_A: 0.226, D_B: 0.256, G_B: 1.021, cycle_B: 0.352, gp: 0.254

[Rank 0] (epoch: 30, iters: 15808, time: 0.001, data: 0.001) , D_A: 0.145, G_A: 1.025, cycle_A: 0.240, D_B: 0.138, G_B: 1.033, cycle_B: 0.349, gp: 0.137

[Rank 0] (epoch: 30, iters: 17408, time: 0.001, data: 0.001) , D_A: 0.145, G_A: 0.983, cycle_A: 0.226, D_B: 0.165, G_B: 0.971, cycle_B: 0.337, gp: 0.163

[Rank 0] (epoch: 30, iters: 19008, time: 0.001, data: 0.001) , D_A: 0.229, G_A: 0.925, cycle_A: 0.241, D_B: 0.201, G_B: 0.994, cycle_B: 0.352, gp: 0.200

[Rank 0] (epoch: 30, iters: 20608, time: 0.001, data: 0.001) , D_A: 0.084, G_A: 0.948, cycle_A: 0.238, D_B: 0.211, G_B: 0.958, cycle_B: 0.362, gp: 0.207

[Rank 0] (epoch: 30, iters: 22208, time: 0.001, data: 0.001) , D_A: 0.186, G_A: 1.000, cycle_A: 0.244, D_B: 0.163, G_B: 0.982, cycle_B: 0.352, gp: 0.161

[Rank 0] (epoch: 30, iters: 23808, time: 0.001, data: 0.001) , D_A: 0.153, G_A: 1.053, cycle_A: 0.256, D_B: 0.090, G_B: 1.003, cycle_B: 0.359, gp: 0.088

[Rank 0] (epoch: 30, iters: 25408, time: 0.001, data: 0.001) , D_A: 0.096, G_A: 0.985, cycle_A: 0.226, D_B: 0.210, G_B: 0.984, cycle_B: 0.328, gp: 0.209

--- iter tau=0.1929 ---
  cipher in : pi thrn hptvn tlypum ntfqazpqap o nypmgth pucpz nitapvqc ptalpfg
  decrypted : iearnkdanirhdaruuitcadr fs ifsiaeaduicgrnaitei adersihfeairsui g
  real plain: hout the land they say it helps them bring back into schools the
  cipher in : gupntapua pucpfguh ptafqsr phgumhpqapa wpunv tahpoq rjpktnn pfg 
  decrypted : gtidrsitsaitei gtnairs fukaingtcnifsisaeitdharsniefakuiprddai ga
  real plain: d rapidly at first but then baldy began to draw away somewhere i
[Rank 0] (epoch: 30, iters: 27008, time: 0.001, data: 0.001) , D_A: 0.233, G_A: 0.948, cycle_A: 0.243, D_B: 0.206, G_B: 0.961, cycle_B: 0.328, gp: 0.203

saving the latest model (epoch 30, total_iters 1200000)
[Rank 0] (epoch: 30, iters: 28608, time: 0.001, data: 0.001) , D_A: 0.118, G_A: 0.982, cycle_A: 0.250, D_B: 0.111, G_B: 0.992, cycle_B: 0.361, gp: 0.110

[Rank 0] (epoch: 30, iters: 30208, time: 0.001, data: 0.001) , D_A: 0.280, G_A: 1.069, cycle_A: 0.252, D_B: 0.214, G_B: 1.024, cycle_B: 0.336, gp: 0.213

[Rank 0] (epoch: 30, iters: 31808, time: 0.001, data: 0.001) , D_A: 0.252, G_A: 0.929, cycle_A: 0.245, D_B: 0.114, G_B: 1.060, cycle_B: 0.342, gp: 0.111

[Rank 0] (epoch: 30, iters: 33408, time: 0.001, data: 0.001) , D_A: 0.186, G_A: 0.984, cycle_A: 0.234, D_B: 0.180, G_B: 0.963, cycle_B: 0.350, gp: 0.177

[Rank 0] (epoch: 30, iters: 35008, time: 0.001, data: 0.001) , D_A: 0.197, G_A: 0.982, cycle_A: 0.233, D_B: 0.218, G_B: 1.033, cycle_B: 0.335, gp: 0.215

[Rank 0] (epoch: 30, iters: 36608, time: 0.001, data: 0.001) , D_A: 0.226, G_A: 1.044, cycle_A: 0.229, D_B: 0.171, G_B: 0.990, cycle_B: 0.337, gp: 0.170

[Rank 0] (epoch: 30, iters: 38208, time: 0.001, data: 0.001) , D_A: 0.174, G_A: 1.006, cycle_A: 0.239, D_B: 0.266, G_B: 0.948, cycle_B: 0.345, gp: 0.264

[Rank 0] (epoch: 30, iters: 39808, time: 0.001, data: 0.001) , D_A: 0.253, G_A: 0.973, cycle_A: 0.244, D_B: 0.259, G_B: 1.112, cycle_B: 0.355, gp: 0.250

learning rate 0.0002000 -> 0.0002000
temperature tau = 0.1867
End of epoch 30 / 50 	 Time Taken: 35 sec
[Rank 0] (epoch: 31, iters: 960, time: 0.001, data: 0.001) , D_A: 0.274, G_A: 0.997, cycle_A: 0.237, D_B: 0.129, G_B: 0.978, cycle_B: 0.343, gp: 0.128

[Rank 0] (epoch: 31, iters: 2560, time: 0.001, data: 0.001) , D_A: 0.107, G_A: 0.929, cycle_A: 0.249, D_B: 0.107, G_B: 0.961, cycle_B: 0.338, gp: 0.105

[Rank 0] (epoch: 31, iters: 4160, time: 0.001, data: 0.001) , D_A: 0.197, G_A: 0.960, cycle_A: 0.231, D_B: 0.174, G_B: 0.990, cycle_B: 0.357, gp: 0.172

[Rank 0] (epoch: 31, iters: 5760, time: 0.001, data: 0.001) , D_A: 0.252, G_A: 0.951, cycle_A: 0.248, D_B: 0.207, G_B: 0.998, cycle_B: 0.350, gp: 0.205

[Rank 0] (epoch: 31, iters: 7360, time: 0.001, data: 0.001) , D_A: 0.173, G_A: 1.054, cycle_A: 0.236, D_B: 0.201, G_B: 1.005, cycle_B: 0.338, gp: 0.200

[Rank 0] (epoch: 31, iters: 8960, time: 0.001, data: 0.001) , D_A: 0.161, G_A: 1.009, cycle_A: 0.244, D_B: 0.155, G_B: 0.986, cycle_B: 0.360, gp: 0.153

[Rank 0] (epoch: 31, iters: 10560, time: 0.001, data: 0.001) , D_A: 0.191, G_A: 0.979, cycle_A: 0.232, D_B: 0.127, G_B: 0.966, cycle_B: 0.345, gp: 0.125

[Rank 0] (epoch: 31, iters: 12160, time: 0.001, data: 0.001) , D_A: 0.198, G_A: 0.973, cycle_A: 0.241, D_B: 0.148, G_B: 1.012, cycle_B: 0.357, gp: 0.146

[Rank 0] (epoch: 31, iters: 13760, time: 0.001, data: 0.001) , D_A: 0.178, G_A: 0.983, cycle_A: 0.242, D_B: 0.195, G_B: 0.993, cycle_B: 0.345, gp: 0.194

[Rank 0] (epoch: 31, iters: 15360, time: 0.001, data: 0.001) , D_A: 0.219, G_A: 1.022, cycle_A: 0.248, D_B: 0.147, G_B: 0.976, cycle_B: 0.376, gp: 0.145

[Rank 0] (epoch: 31, iters: 16960, time: 0.001, data: 0.002) , D_A: 0.154, G_A: 0.988, cycle_A: 0.234, D_B: 0.092, G_B: 0.991, cycle_B: 0.346, gp: 0.091

[Rank 0] (epoch: 31, iters: 18560, time: 0.001, data: 0.001) , D_A: 0.178, G_A: 0.987, cycle_A: 0.251, D_B: 0.171, G_B: 0.977, cycle_B: 0.341, gp: 0.169

[Rank 0] (epoch: 31, iters: 20160, time: 0.001, data: 0.001) , D_A: 0.153, G_A: 0.928, cycle_A: 0.231, D_B: 0.161, G_B: 1.019, cycle_B: 0.338, gp: 0.160

[Rank 0] (epoch: 31, iters: 21760, time: 0.001, data: 0.001) , D_A: 0.232, G_A: 0.904, cycle_A: 0.247, D_B: 0.181, G_B: 0.936, cycle_B: 0.356, gp: 0.179

[Rank 0] (epoch: 31, iters: 23360, time: 0.001, data: 0.001) , D_A: 0.182, G_A: 0.986, cycle_A: 0.250, D_B: 0.268, G_B: 1.008, cycle_B: 0.368, gp: 0.265

[Rank 0] (epoch: 31, iters: 24960, time: 0.001, data: 0.001) , D_A: 0.171, G_A: 0.931, cycle_A: 0.237, D_B: 0.165, G_B: 0.981, cycle_B: 0.358, gp: 0.163

--- iter tau=0.1867 ---
  cipher in : vpwtafpf nnypkvufgpfuw vhpcunpiummqazprmpluafpfgqadpetne kr pkuu
  decrypted : hiers i adduiwht gi teahnietdietccbs ikciuts i gbsri rd awkaiwtt
  real plain: t one thing i can find out when we meet becketts appearance is r
  cipher in :  k mfquapqphm tdp azvqhgpfg puvlpitaphtqlperfpqplupaufpg tnpqfpo
  decrypted : awac btsibincarrias hbngi gaithuiersinrbui k ibiutist igardib ie
  real plain: olved in a ruckus remarkably similar to the one in plymouth a co
[Rank 0] (epoch: 31, iters: 26560, time: 0.001, data: 0.001) , D_A: 0.172, G_A: 0.926, cycle_A: 0.236, D_B: 0.117, G_B: 1.012, cycle_B: 0.356, gp: 0.115

saving the latest model (epoch 31, total_iters 1240000)
[Rank 0] (epoch: 31, iters: 28160, time: 0.001, data: 0.001) , D_A: 0.248, G_A: 0.914, cycle_A: 0.240, D_B: 0.122, G_B: 1.008, cycle_B: 0.353, gp: 0.121

[Rank 0] (epoch: 31, iters: 29760, time: 0.001, data: 0.001) , D_A: 0.071, G_A: 1.007, cycle_A: 0.239, D_B: 0.275, G_B: 1.007, cycle_B: 0.333, gp: 0.273

[Rank 0] (epoch: 31, iters: 31360, time: 0.001, data: 0.001) , D_A: 0.194, G_A: 0.883, cycle_A: 0.229, D_B: 0.221, G_B: 0.958, cycle_B: 0.350, gp: 0.219

[Rank 0] (epoch: 31, iters: 32960, time: 0.001, data: 0.001) , D_A: 0.213, G_A: 0.968, cycle_A: 0.251, D_B: 0.269, G_B: 0.991, cycle_B: 0.342, gp: 0.267

[Rank 0] (epoch: 31, iters: 34560, time: 0.001, data: 0.001) , D_A: 0.260, G_A: 1.010, cycle_A: 0.234, D_B: 0.215, G_B: 1.004, cycle_B: 0.344, gp: 0.213

[Rank 0] (epoch: 31, iters: 36160, time: 0.001, data: 0.001) , D_A: 0.218, G_A: 0.989, cycle_A: 0.237, D_B: 0.110, G_B: 1.005, cycle_B: 0.364, gp: 0.108

[Rank 0] (epoch: 31, iters: 37760, time: 0.001, data: 0.001) , D_A: 0.180, G_A: 1.010, cycle_A: 0.225, D_B: 0.176, G_B: 0.941, cycle_B: 0.355, gp: 0.171

[Rank 0] (epoch: 31, iters: 39360, time: 0.001, data: 0.001) , D_A: 0.327, G_A: 0.965, cycle_A: 0.241, D_B: 0.291, G_B: 0.979, cycle_B: 0.343, gp: 0.290

learning rate 0.0002000 -> 0.0002000
temperature tau = 0.1806
End of epoch 31 / 50 	 Time Taken: 34 sec
[Rank 0] (epoch: 32, iters: 512, time: 0.001, data: 0.014) , D_A: 0.143, G_A: 0.991, cycle_A: 0.240, D_B: 0.180, G_B: 0.957, cycle_B: 0.360, gp: 0.179

[Rank 0] (epoch: 32, iters: 2112, time: 0.001, data: 0.001) , D_A: 0.140, G_A: 0.999, cycle_A: 0.229, D_B: 0.152, G_B: 0.957, cycle_B: 0.338, gp: 0.149

[Rank 0] (epoch: 32, iters: 3712, time: 0.001, data: 0.001) , D_A: 0.154, G_A: 0.966, cycle_A: 0.256, D_B: 0.163, G_B: 1.019, cycle_B: 0.357, gp: 0.161

[Rank 0] (epoch: 32, iters: 5312, time: 0.001, data: 0.001) , D_A: 0.147, G_A: 1.033, cycle_A: 0.241, D_B: 0.186, G_B: 0.991, cycle_B: 0.335, gp: 0.184

[Rank 0] (epoch: 32, iters: 6912, time: 0.001, data: 0.001) , D_A: 0.208, G_A: 0.990, cycle_A: 0.220, D_B: 0.171, G_B: 0.965, cycle_B: 0.356, gp: 0.168

[Rank 0] (epoch: 32, iters: 8512, time: 0.001, data: 0.001) , D_A: 0.237, G_A: 0.964, cycle_A: 0.238, D_B: 0.219, G_B: 1.004, cycle_B: 0.353, gp: 0.218

[Rank 0] (epoch: 32, iters: 10112, time: 0.001, data: 0.001) , D_A: 0.174, G_A: 0.973, cycle_A: 0.252, D_B: 0.124, G_B: 0.983, cycle_B: 0.349, gp: 0.122

[Rank 0] (epoch: 32, iters: 11712, time: 0.001, data: 0.001) , D_A: 0.166, G_A: 0.992, cycle_A: 0.249, D_B: 0.138, G_B: 0.983, cycle_B: 0.344, gp: 0.137

[Rank 0] (epoch: 32, iters: 13312, time: 0.001, data: 0.001) , D_A: 0.239, G_A: 0.994, cycle_A: 0.235, D_B: 0.113, G_B: 0.980, cycle_B: 0.350, gp: 0.112

[Rank 0] (epoch: 32, iters: 14912, time: 0.001, data: 0.001) , D_A: 0.155, G_A: 0.943, cycle_A: 0.240, D_B: 0.204, G_B: 1.028, cycle_B: 0.367, gp: 0.203

[Rank 0] (epoch: 32, iters: 16512, time: 0.001, data: 0.001) , D_A: 0.173, G_A: 0.947, cycle_A: 0.241, D_B: 0.211, G_B: 0.971, cycle_B: 0.346, gp: 0.210

[Rank 0] (epoch: 32, iters: 18112, time: 0.001, data: 0.001) , D_A: 0.230, G_A: 0.980, cycle_A: 0.229, D_B: 0.149, G_B: 1.010, cycle_B: 0.340, gp: 0.147

[Rank 0] (epoch: 32, iters: 19712, time: 0.001, data: 0.001) , D_A: 0.188, G_A: 1.029, cycle_A: 0.257, D_B: 0.145, G_B: 0.904, cycle_B: 0.355, gp: 0.143

[Rank 0] (epoch: 32, iters: 21312, time: 0.001, data: 0.001) , D_A: 0.100, G_A: 0.957, cycle_A: 0.238, D_B: 0.168, G_B: 1.015, cycle_B: 0.338, gp: 0.166

[Rank 0] (epoch: 32, iters: 22912, time: 0.001, data: 0.001) , D_A: 0.201, G_A: 0.950, cycle_A: 0.247, D_B: 0.123, G_B: 0.993, cycle_B: 0.355, gp: 0.121

[Rank 0] (epoch: 32, iters: 24512, time: 0.001, data: 0.001) , D_A: 0.184, G_A: 0.961, cycle_A: 0.241, D_B: 0.189, G_B: 0.994, cycle_B: 0.348, gp: 0.187

--- iter tau=0.1806 ---
  cipher in : yptpeqvvquaptlo nfqhqazperlz fpqaptapeqvvquap kuauiypwthp aoqhqu
  decrypted : uiri fhhftsiruead fnfs i ku a ifsirsi fhhftsiawtsteuierniasefnft
  real plain: re of the war was not to be considered seriously true there had 
  cipher in : unacrvpg pfnq lpfuph  pg npctk piun pkv tnvypaupaufgqazptfptvvpg
  decrypted : tdsekhigai dfaui tinaaigadierwaietdaiwhardhuistist gfs ir irhhig
  real plain:  the square takes its name was erected by the emperor marcus aur
[Rank 0] (epoch: 32, iters: 26112, time: 0.001, data: 0.001) , D_A: 0.167, G_A: 1.012, cycle_A: 0.236, D_B: 0.194, G_B: 0.964, cycle_B: 0.353, gp: 0.193

saving the latest model (epoch 32, total_iters 1280000)
[Rank 0] (epoch: 32, iters: 27712, time: 0.001, data: 0.001) , D_A: 0.122, G_A: 0.972, cycle_A: 0.226, D_B: 0.212, G_B: 1.000, cycle_B: 0.344, gp: 0.210

[Rank 0] (epoch: 32, iters: 29312, time: 0.001, data: 0.001) , D_A: 0.166, G_A: 1.033, cycle_A: 0.249, D_B: 0.202, G_B: 0.960, cycle_B: 0.342, gp: 0.199

[Rank 0] (epoch: 32, iters: 30912, time: 0.001, data: 0.001) , D_A: 0.123, G_A: 1.027, cycle_A: 0.239, D_B: 0.244, G_B: 0.987, cycle_B: 0.341, gp: 0.242

[Rank 0] (epoch: 32, iters: 32512, time: 0.001, data: 0.001) , D_A: 0.214, G_A: 1.031, cycle_A: 0.240, D_B: 0.156, G_B: 1.024, cycle_B: 0.343, gp: 0.155

[Rank 0] (epoch: 32, iters: 34112, time: 0.001, data: 0.001) , D_A: 0.210, G_A: 0.902, cycle_A: 0.241, D_B: 0.260, G_B: 0.975, cycle_B: 0.347, gp: 0.257

[Rank 0] (epoch: 32, iters: 35712, time: 0.001, data: 0.001) , D_A: 0.153, G_A: 1.003, cycle_A: 0.239, D_B: 0.115, G_B: 0.989, cycle_B: 0.357, gp: 0.113

[Rank 0] (epoch: 32, iters: 37312, time: 0.001, data: 0.001) , D_A: 0.105, G_A: 0.999, cycle_A: 0.236, D_B: 0.278, G_B: 1.020, cycle_B: 0.356, gp: 0.276

[Rank 0] (epoch: 32, iters: 38912, time: 0.001, data: 0.001) , D_A: 0.157, G_A: 0.599, cycle_A: 0.253, D_B: 0.166, G_B: 0.967, cycle_B: 0.374, gp: 0.163

learning rate 0.0002000 -> 0.0002000
temperature tau = 0.1748
End of epoch 32 / 50 	 Time Taken: 34 sec
[Rank 0] (epoch: 33, iters: 64, time: 0.001, data: 0.001) , D_A: 0.205, G_A: 0.940, cycle_A: 0.239, D_B: 0.176, G_B: 0.991, cycle_B: 0.356, gp: 0.174

[Rank 0] (epoch: 33, iters: 1664, time: 0.001, data: 0.002) , D_A: 0.154, G_A: 1.023, cycle_A: 0.237, D_B: 0.195, G_B: 1.009, cycle_B: 0.351, gp: 0.193

[Rank 0] (epoch: 33, iters: 3264, time: 0.001, data: 0.001) , D_A: 0.210, G_A: 1.018, cycle_A: 0.232, D_B: 0.129, G_B: 0.975, cycle_B: 0.364, gp: 0.127

[Rank 0] (epoch: 33, iters: 4864, time: 0.001, data: 0.001) , D_A: 0.113, G_A: 1.035, cycle_A: 0.230, D_B: 0.228, G_B: 1.004, cycle_B: 0.349, gp: 0.226

[Rank 0] (epoch: 33, iters: 6464, time: 0.001, data: 0.001) , D_A: 0.259, G_A: 1.020, cycle_A: 0.233, D_B: 0.144, G_B: 1.031, cycle_B: 0.357, gp: 0.143

[Rank 0] (epoch: 33, iters: 8064, time: 0.001, data: 0.001) , D_A: 0.160, G_A: 0.977, cycle_A: 0.235, D_B: 0.152, G_B: 0.969, cycle_B: 0.349, gp: 0.150

[Rank 0] (epoch: 33, iters: 9664, time: 0.001, data: 0.001) , D_A: 0.207, G_A: 1.022, cycle_A: 0.247, D_B: 0.109, G_B: 1.012, cycle_B: 0.373, gp: 0.108

[Rank 0] (epoch: 33, iters: 11264, time: 0.001, data: 0.001) , D_A: 0.190, G_A: 0.981, cycle_A: 0.237, D_B: 0.193, G_B: 1.013, cycle_B: 0.325, gp: 0.192

[Rank 0] (epoch: 33, iters: 12864, time: 0.001, data: 0.001) , D_A: 0.144, G_A: 0.938, cycle_A: 0.235, D_B: 0.145, G_B: 0.898, cycle_B: 0.352, gp: 0.141

[Rank 0] (epoch: 33, iters: 14464, time: 0.001, data: 0.001) , D_A: 0.197, G_A: 0.982, cycle_A: 0.246, D_B: 0.208, G_B: 1.013, cycle_B: 0.353, gp: 0.206

[Rank 0] (epoch: 33, iters: 16064, time: 0.001, data: 0.001) , D_A: 0.130, G_A: 0.985, cycle_A: 0.236, D_B: 0.184, G_B: 0.942, cycle_B: 0.346, gp: 0.182

[Rank 0] (epoch: 33, iters: 17664, time: 0.001, data: 0.001) , D_A: 0.134, G_A: 1.010, cycle_A: 0.233, D_B: 0.137, G_B: 1.017, cycle_B: 0.356, gp: 0.135

[Rank 0] (epoch: 33, iters: 19264, time: 0.001, data: 0.001) , D_A: 0.270, G_A: 0.518, cycle_A: 0.252, D_B: 0.204, G_B: 1.038, cycle_B: 0.383, gp: 0.202

[Rank 0] (epoch: 33, iters: 20864, time: 0.001, data: 0.001) , D_A: 0.185, G_A: 0.963, cycle_A: 0.231, D_B: 0.167, G_B: 0.979, cycle_B: 0.354, gp: 0.166

[Rank 0] (epoch: 33, iters: 22464, time: 0.001, data: 0.001) , D_A: 0.182, G_A: 1.008, cycle_A: 0.238, D_B: 0.114, G_B: 1.009, cycle_B: 0.357, gp: 0.113

[Rank 0] (epoch: 33, iters: 24064, time: 0.001, data: 0.001) , D_A: 0.183, G_A: 0.977, cycle_A: 0.224, D_B: 0.173, G_B: 1.036, cycle_B: 0.380, gp: 0.169

--- iter tau=0.1748 ---
  cipher in : lrktf lpthpw vvpwthpfgqhpfnr pl iuahpctqnq hptaz vhptalptpguhfpu
  decrypted : ukpr aulrnleahhlernl gfnl dkaluaetsnlerfdfanlrs ahnlrsulrlgtn lt
  real plain: re of the war was not to be considered seriously true there had 
  cipher in : pvuudprmptpa wpf jfpukkrnn ak pqapfg pcunipvqhfplrnqazpf jfpn tl
  decrypted : lhttrlkclrlsael au ltppkddaspalfsl galetdelhfn lukdfs l au ldaru
  real plain:  the square takes its name was erected by the emperor marcus aur
[Rank 0] (epoch: 33, iters: 25664, time: 0.001, data: 0.001) , D_A: 0.205, G_A: 1.019, cycle_A: 0.235, D_B: 0.203, G_B: 0.979, cycle_B: 0.357, gp: 0.200

saving the latest model (epoch 33, total_iters 1320000)
[Rank 0] (epoch: 33, iters: 27264, time: 0.001, data: 0.001) , D_A: 0.213, G_A: 1.016, cycle_A: 0.228, D_B: 0.158, G_B: 1.003, cycle_B: 0.349, gp: 0.157

[Rank 0] (epoch: 33, iters: 28864, time: 0.001, data: 0.001) , D_A: 0.194, G_A: 0.967, cycle_A: 0.240, D_B: 0.184, G_B: 0.973, cycle_B: 0.327, gp: 0.181

[Rank 0] (epoch: 33, iters: 30464, time: 0.001, data: 0.001) , D_A: 0.165, G_A: 1.003, cycle_A: 0.237, D_B: 0.205, G_B: 0.969, cycle_B: 0.345, gp: 0.202

[Rank 0] (epoch: 33, iters: 32064, time: 0.001, data: 0.001) , D_A: 0.126, G_A: 0.974, cycle_A: 0.240, D_B: 0.151, G_B: 0.968, cycle_B: 0.349, gp: 0.149

[Rank 0] (epoch: 33, iters: 33664, time: 0.001, data: 0.001) , D_A: 0.153, G_A: 0.968, cycle_A: 0.234, D_B: 0.219, G_B: 0.964, cycle_B: 0.349, gp: 0.217

[Rank 0] (epoch: 33, iters: 35264, time: 0.001, data: 0.001) , D_A: 0.212, G_A: 0.968, cycle_A: 0.241, D_B: 0.217, G_B: 1.005, cycle_B: 0.331, gp: 0.216

[Rank 0] (epoch: 33, iters: 36864, time: 0.001, data: 0.001) , D_A: 0.124, G_A: 0.970, cycle_A: 0.252, D_B: 0.209, G_B: 1.001, cycle_B: 0.335, gp: 0.208

[Rank 0] (epoch: 33, iters: 38464, time: 0.001, data: 0.001) , D_A: 0.105, G_A: 0.963, cycle_A: 0.238, D_B: 0.261, G_B: 0.982, cycle_B: 0.343, gp: 0.260

[Rank 0] (epoch: 33, iters: 40064, time: 0.001, data: 0.001) , D_A: 0.277, G_A: 1.035, cycle_A: 0.236, D_B: 0.155, G_B: 1.014, cycle_B: 0.358, gp: 0.153

learning rate 0.0002000 -> 0.0002000
temperature tau = 0.1691
End of epoch 33 / 50 	 Time Taken: 33 sec
[Rank 0] (epoch: 34, iters: 1216, time: 0.001, data: 0.001) , D_A: 0.164, G_A: 1.019, cycle_A: 0.234, D_B: 0.082, G_B: 1.031, cycle_B: 0.367, gp: 0.080

[Rank 0] (epoch: 34, iters: 2816, time: 0.001, data: 0.001) , D_A: 0.205, G_A: 0.975, cycle_A: 0.235, D_B: 0.165, G_B: 0.977, cycle_B: 0.351, gp: 0.164

[Rank 0] (epoch: 34, iters: 4416, time: 0.001, data: 0.001) , D_A: 0.263, G_A: 1.028, cycle_A: 0.248, D_B: 0.260, G_B: 0.967, cycle_B: 0.371, gp: 0.259

[Rank 0] (epoch: 34, iters: 6016, time: 0.001, data: 0.001) , D_A: 0.168, G_A: 1.002, cycle_A: 0.240, D_B: 0.195, G_B: 0.966, cycle_B: 0.345, gp: 0.194

[Rank 0] (epoch: 34, iters: 7616, time: 0.001, data: 0.001) , D_A: 0.176, G_A: 1.000, cycle_A: 0.245, D_B: 0.170, G_B: 0.924, cycle_B: 0.342, gp: 0.169

[Rank 0] (epoch: 34, iters: 9216, time: 0.001, data: 0.001) , D_A: 0.194, G_A: 0.959, cycle_A: 0.229, D_B: 0.169, G_B: 0.998, cycle_B: 0.357, gp: 0.167

[Rank 0] (epoch: 34, iters: 10816, time: 0.001, data: 0.001) , D_A: 0.226, G_A: 1.034, cycle_A: 0.224, D_B: 0.214, G_B: 1.003, cycle_B: 0.327, gp: 0.213

[Rank 0] (epoch: 34, iters: 12416, time: 0.001, data: 0.001) , D_A: 0.224, G_A: 1.012, cycle_A: 0.246, D_B: 0.280, G_B: 0.991, cycle_B: 0.346, gp: 0.279

[Rank 0] (epoch: 34, iters: 14016, time: 0.001, data: 0.001) , D_A: 0.130, G_A: 0.997, cycle_A: 0.234, D_B: 0.228, G_B: 1.004, cycle_B: 0.361, gp: 0.227

[Rank 0] (epoch: 34, iters: 15616, time: 0.001, data: 0.001) , D_A: 0.218, G_A: 0.995, cycle_A: 0.238, D_B: 0.204, G_B: 0.996, cycle_B: 0.340, gp: 0.202

[Rank 0] (epoch: 34, iters: 17216, time: 0.001, data: 0.001) , D_A: 0.160, G_A: 0.970, cycle_A: 0.239, D_B: 0.108, G_B: 0.998, cycle_B: 0.330, gp: 0.106

[Rank 0] (epoch: 34, iters: 18816, time: 0.001, data: 0.001) , D_A: 0.175, G_A: 0.963, cycle_A: 0.247, D_B: 0.216, G_B: 1.053, cycle_B: 0.350, gp: 0.213

[Rank 0] (epoch: 34, iters: 20416, time: 0.001, data: 0.001) , D_A: 0.109, G_A: 0.943, cycle_A: 0.243, D_B: 0.131, G_B: 1.055, cycle_B: 0.337, gp: 0.128

[Rank 0] (epoch: 34, iters: 22016, time: 0.001, data: 0.001) , D_A: 0.181, G_A: 1.082, cycle_A: 0.226, D_B: 0.235, G_B: 0.975, cycle_B: 0.342, gp: 0.234

[Rank 0] (epoch: 34, iters: 23616, time: 0.001, data: 0.001) , D_A: 0.159, G_A: 1.005, cycle_A: 0.225, D_B: 0.149, G_B: 1.047, cycle_B: 0.360, gp: 0.145

--- iter tau=0.1691 ---
  cipher in : fg yphrmmv i af lpfg qnpqakui peyphitvvpzuo nai afpthhqhftak pey
  decrypted :  gaulnkcchaeas aul gabdlbspteal ulnerhhl teadseas lrnnbn rspal u
  real plain: e use of our takeup machine in the production of thermoplastic y
  cipher in :  petadpfg pw hfpetadptpitaphfuulpktvvqazpfupgqipg pkurvlafpitd p
  decrypted : al rsrl galean l rsrlrlersln ttulprhhbs l tlgbelgalptkhus lerral
  real plain: deep friezes of his architectonic music rise firm above the shal
[Rank 0] (epoch: 34, iters: 25216, time: 0.001, data: 0.001) , D_A: 0.159, G_A: 0.945, cycle_A: 0.244, D_B: 0.165, G_B: 0.954, cycle_B: 0.339, gp: 0.163

saving the latest model (epoch 34, total_iters 1360000)
[Rank 0] (epoch: 34, iters: 26816, time: 0.001, data: 0.001) , D_A: 0.285, G_A: 0.987, cycle_A: 0.231, D_B: 0.140, G_B: 0.970, cycle_B: 0.335, gp: 0.137

[Rank 0] (epoch: 34, iters: 28416, time: 0.001, data: 0.001) , D_A: 0.288, G_A: 0.981, cycle_A: 0.231, D_B: 0.190, G_B: 0.952, cycle_B: 0.349, gp: 0.189

[Rank 0] (epoch: 34, iters: 30016, time: 0.001, data: 0.001) , D_A: 0.200, G_A: 1.034, cycle_A: 0.245, D_B: 0.115, G_B: 1.015, cycle_B: 0.332, gp: 0.113

[Rank 0] (epoch: 34, iters: 31616, time: 0.001, data: 0.001) , D_A: 0.172, G_A: 0.956, cycle_A: 0.242, D_B: 0.182, G_B: 1.022, cycle_B: 0.380, gp: 0.180

[Rank 0] (epoch: 34, iters: 33216, time: 0.001, data: 0.001) , D_A: 0.158, G_A: 0.973, cycle_A: 0.242, D_B: 0.306, G_B: 1.070, cycle_B: 0.350, gp: 0.304

[Rank 0] (epoch: 34, iters: 34816, time: 0.001, data: 0.001) , D_A: 0.201, G_A: 1.034, cycle_A: 0.242, D_B: 0.173, G_B: 0.995, cycle_B: 0.350, gp: 0.172

[Rank 0] (epoch: 34, iters: 36416, time: 0.001, data: 0.001) , D_A: 0.208, G_A: 0.988, cycle_A: 0.234, D_B: 0.162, G_B: 1.010, cycle_B: 0.340, gp: 0.161

[Rank 0] (epoch: 34, iters: 38016, time: 0.001, data: 0.002) , D_A: 0.139, G_A: 1.056, cycle_A: 0.248, D_B: 0.189, G_B: 0.959, cycle_B: 0.352, gp: 0.186

[Rank 0] (epoch: 34, iters: 39616, time: 0.001, data: 0.001) , D_A: 0.137, G_A: 0.989, cycle_A: 0.249, D_B: 0.134, G_B: 1.002, cycle_B: 0.333, gp: 0.132

learning rate 0.0002000 -> 0.0002000
temperature tau = 0.1637
End of epoch 34 / 50 	 Time Taken: 33 sec
[Rank 0] (epoch: 35, iters: 768, time: 0.001, data: 0.001) , D_A: 0.133, G_A: 0.956, cycle_A: 0.233, D_B: 0.152, G_B: 1.020, cycle_B: 0.332, gp: 0.150

[Rank 0] (epoch: 35, iters: 2368, time: 0.001, data: 0.000) , D_A: 0.170, G_A: 0.921, cycle_A: 0.232, D_B: 0.125, G_B: 0.981, cycle_B: 0.338, gp: 0.122

[Rank 0] (epoch: 35, iters: 3968, time: 0.001, data: 0.001) , D_A: 0.128, G_A: 0.919, cycle_A: 0.239, D_B: 0.333, G_B: 1.086, cycle_B: 0.355, gp: 0.329

[Rank 0] (epoch: 35, iters: 5568, time: 0.001, data: 0.001) , D_A: 0.142, G_A: 0.969, cycle_A: 0.242, D_B: 0.200, G_B: 1.003, cycle_B: 0.343, gp: 0.198

[Rank 0] (epoch: 35, iters: 7168, time: 0.001, data: 0.001) , D_A: 0.206, G_A: 0.947, cycle_A: 0.256, D_B: 0.190, G_B: 0.994, cycle_B: 0.354, gp: 0.189

[Rank 0] (epoch: 35, iters: 8768, time: 0.001, data: 0.001) , D_A: 0.099, G_A: 1.018, cycle_A: 0.226, D_B: 0.179, G_B: 0.971, cycle_B: 0.362, gp: 0.177

[Rank 0] (epoch: 35, iters: 10368, time: 0.001, data: 0.001) , D_A: 0.237, G_A: 0.990, cycle_A: 0.230, D_B: 0.214, G_B: 1.017, cycle_B: 0.344, gp: 0.210

[Rank 0] (epoch: 35, iters: 11968, time: 0.001, data: 0.001) , D_A: 0.149, G_A: 0.988, cycle_A: 0.230, D_B: 0.212, G_B: 0.981, cycle_B: 0.364, gp: 0.211

[Rank 0] (epoch: 35, iters: 13568, time: 0.001, data: 0.001) , D_A: 0.173, G_A: 0.999, cycle_A: 0.248, D_B: 0.135, G_B: 0.999, cycle_B: 0.344, gp: 0.133

[Rank 0] (epoch: 35, iters: 15168, time: 0.001, data: 0.001) , D_A: 0.168, G_A: 0.965, cycle_A: 0.235, D_B: 0.185, G_B: 0.953, cycle_B: 0.367, gp: 0.184

[Rank 0] (epoch: 35, iters: 16768, time: 0.001, data: 0.001) , D_A: 0.137, G_A: 0.884, cycle_A: 0.237, D_B: 0.134, G_B: 0.984, cycle_B: 0.373, gp: 0.132

[Rank 0] (epoch: 35, iters: 18368, time: 0.001, data: 0.001) , D_A: 0.197, G_A: 0.964, cycle_A: 0.257, D_B: 0.169, G_B: 1.003, cycle_B: 0.338, gp: 0.168

[Rank 0] (epoch: 35, iters: 19968, time: 0.001, data: 0.001) , D_A: 0.206, G_A: 0.984, cycle_A: 0.222, D_B: 0.177, G_B: 1.001, cycle_B: 0.361, gp: 0.176

[Rank 0] (epoch: 35, iters: 21568, time: 0.001, data: 0.001) , D_A: 0.207, G_A: 1.021, cycle_A: 0.234, D_B: 0.160, G_B: 1.005, cycle_B: 0.362, gp: 0.158

[Rank 0] (epoch: 35, iters: 23168, time: 0.001, data: 0.001) , D_A: 0.213, G_A: 0.960, cycle_A: 0.233, D_B: 0.229, G_B: 1.018, cycle_B: 0.368, gp: 0.224

--- iter tau=0.1637 ---
  cipher in : nuuipinhpdtgv npxuqa lpfg iphg pgtlptplnq lurfpsrtvqfyptpzntypv 
  decrypted : dtteiednirrghadi tfsaui gaeingaigruiriudfautk iukrhf uiri druiha
  real plain: ni in new york to ask them for contributions to the graham memor
  cipher in : f punztalyptalphqvdpx nh ypqn a phrqfhpntf pgqzgpe ktrh pfg yptn
  decrypted :  aitd rsuuirsuinfhri adnauifdasainkf nidr aigf gi aprknai gauird
  real plain: iaison officer to critically important new york city walton who 
[Rank 0] (epoch: 35, iters: 24768, time: 0.001, data: 0.001) , D_A: 0.204, G_A: 0.996, cycle_A: 0.252, D_B: 0.126, G_B: 1.020, cycle_B: 0.359, gp: 0.125

saving the latest model (epoch 35, total_iters 1400000)
[Rank 0] (epoch: 35, iters: 26368, time: 0.001, data: 0.001) , D_A: 0.161, G_A: 0.939, cycle_A: 0.245, D_B: 0.138, G_B: 0.999, cycle_B: 0.357, gp: 0.136

[Rank 0] (epoch: 35, iters: 27968, time: 0.001, data: 0.001) , D_A: 0.157, G_A: 0.990, cycle_A: 0.234, D_B: 0.222, G_B: 1.025, cycle_B: 0.341, gp: 0.220

[Rank 0] (epoch: 35, iters: 29568, time: 0.001, data: 0.001) , D_A: 0.214, G_A: 1.050, cycle_A: 0.238, D_B: 0.222, G_B: 0.957, cycle_B: 0.340, gp: 0.221

[Rank 0] (epoch: 35, iters: 31168, time: 0.001, data: 0.001) , D_A: 0.150, G_A: 0.970, cycle_A: 0.236, D_B: 0.165, G_B: 0.930, cycle_B: 0.342, gp: 0.160

[Rank 0] (epoch: 35, iters: 32768, time: 0.001, data: 0.001) , D_A: 0.176, G_A: 1.016, cycle_A: 0.244, D_B: 0.149, G_B: 0.999, cycle_B: 0.342, gp: 0.147

[Rank 0] (epoch: 35, iters: 34368, time: 0.001, data: 0.001) , D_A: 0.194, G_A: 0.915, cycle_A: 0.225, D_B: 0.110, G_B: 0.992, cycle_B: 0.353, gp: 0.108

[Rank 0] (epoch: 35, iters: 35968, time: 0.001, data: 0.001) , D_A: 0.160, G_A: 1.016, cycle_A: 0.227, D_B: 0.189, G_B: 1.000, cycle_B: 0.348, gp: 0.187

[Rank 0] (epoch: 35, iters: 37568, time: 0.001, data: 0.001) , D_A: 0.154, G_A: 0.895, cycle_A: 0.248, D_B: 0.360, G_B: 1.205, cycle_B: 0.356, gp: 0.320

[Rank 0] (epoch: 35, iters: 39168, time: 0.001, data: 0.001) , D_A: 0.181, G_A: 0.955, cycle_A: 0.243, D_B: 0.209, G_B: 1.023, cycle_B: 0.355, gp: 0.207

learning rate 0.0002000 -> 0.0002000
temperature tau = 0.1584
End of epoch 35 / 50 	 Time Taken: 33 sec
[Rank 0] (epoch: 36, iters: 320, time: 0.001, data: 0.001) , D_A: 0.292, G_A: 0.224, cycle_A: 0.235, D_B: 0.180, G_B: 0.927, cycle_B: 0.374, gp: 0.179

[Rank 0] (epoch: 36, iters: 1920, time: 0.001, data: 0.000) , D_A: 0.228, G_A: 0.990, cycle_A: 0.233, D_B: 0.225, G_B: 0.993, cycle_B: 0.352, gp: 0.222

[Rank 0] (epoch: 36, iters: 3520, time: 0.001, data: 0.001) , D_A: 0.149, G_A: 0.993, cycle_A: 0.237, D_B: 0.276, G_B: 1.076, cycle_B: 0.353, gp: 0.272

[Rank 0] (epoch: 36, iters: 5120, time: 0.001, data: 0.001) , D_A: 0.166, G_A: 0.913, cycle_A: 0.233, D_B: 0.301, G_B: 1.025, cycle_B: 0.361, gp: 0.299

[Rank 0] (epoch: 36, iters: 6720, time: 0.001, data: 0.001) , D_A: 0.158, G_A: 0.968, cycle_A: 0.235, D_B: 0.130, G_B: 1.044, cycle_B: 0.362, gp: 0.128

[Rank 0] (epoch: 36, iters: 8320, time: 0.001, data: 0.001) , D_A: 0.151, G_A: 0.961, cycle_A: 0.236, D_B: 0.102, G_B: 0.948, cycle_B: 0.347, gp: 0.100

[Rank 0] (epoch: 36, iters: 9920, time: 0.001, data: 0.001) , D_A: 0.114, G_A: 1.015, cycle_A: 0.250, D_B: 0.184, G_B: 1.001, cycle_B: 0.352, gp: 0.181

[Rank 0] (epoch: 36, iters: 11520, time: 0.001, data: 0.001) , D_A: 0.141, G_A: 1.012, cycle_A: 0.235, D_B: 0.222, G_B: 0.997, cycle_B: 0.357, gp: 0.219

[Rank 0] (epoch: 36, iters: 13120, time: 0.001, data: 0.001) , D_A: 0.151, G_A: 1.011, cycle_A: 0.226, D_B: 0.158, G_B: 0.952, cycle_B: 0.336, gp: 0.157

[Rank 0] (epoch: 36, iters: 14720, time: 0.001, data: 0.001) , D_A: 0.118, G_A: 0.991, cycle_A: 0.255, D_B: 0.202, G_B: 1.036, cycle_B: 0.351, gp: 0.200

[Rank 0] (epoch: 36, iters: 16320, time: 0.001, data: 0.001) , D_A: 0.106, G_A: 0.963, cycle_A: 0.246, D_B: 0.260, G_B: 1.014, cycle_B: 0.346, gp: 0.258

[Rank 0] (epoch: 36, iters: 17920, time: 0.001, data: 0.001) , D_A: 0.129, G_A: 0.992, cycle_A: 0.231, D_B: 0.116, G_B: 1.027, cycle_B: 0.364, gp: 0.113

[Rank 0] (epoch: 36, iters: 19520, time: 0.001, data: 0.001) , D_A: 0.165, G_A: 0.966, cycle_A: 0.258, D_B: 0.150, G_B: 1.020, cycle_B: 0.364, gp: 0.148

[Rank 0] (epoch: 36, iters: 21120, time: 0.001, data: 0.001) , D_A: 0.140, G_A: 0.944, cycle_A: 0.236, D_B: 0.146, G_B: 0.976, cycle_B: 0.330, gp: 0.142

[Rank 0] (epoch: 36, iters: 22720, time: 0.001, data: 0.001) , D_A: 0.109, G_A: 0.951, cycle_A: 0.243, D_B: 0.185, G_B: 1.003, cycle_B: 0.370, gp: 0.183

--- iter tau=0.1584 ---
  cipher in : pfg piqllv p thfptalpvtfqapti nqktpsr hfquapntqh lpqaf noq whpwq
  decrypted : l galefuuhalarn lrsulhr fslreadfprlukan ftsldrfnaulfs adefaenlef
  real plain: different schools are usually represented in each entering class
  cipher in : gqzgpkuhfpucpfg po f ntahptliqaqhfntfquapi lqktvpmnuzntipfupfg p
  decrypted : gf glptn ltel galea adrsnlruefsfn dr ftsleaufprhlcdt drel tl gal
  real plain:  but ask and receive and women as submissive and yielding that o
[Rank 0] (epoch: 36, iters: 24320, time: 0.001, data: 0.001) , D_A: 0.132, G_A: 0.976, cycle_A: 0.231, D_B: 0.187, G_B: 0.944, cycle_B: 0.344, gp: 0.184

saving the latest model (epoch 36, total_iters 1440000)
[Rank 0] (epoch: 36, iters: 25920, time: 0.001, data: 0.001) , D_A: 0.185, G_A: 0.991, cycle_A: 0.240, D_B: 0.170, G_B: 0.990, cycle_B: 0.345, gp: 0.168

[Rank 0] (epoch: 36, iters: 27520, time: 0.001, data: 0.001) , D_A: 0.199, G_A: 0.997, cycle_A: 0.253, D_B: 0.302, G_B: 0.933, cycle_B: 0.348, gp: 0.301

[Rank 0] (epoch: 36, iters: 29120, time: 0.001, data: 0.001) , D_A: 0.149, G_A: 1.006, cycle_A: 0.251, D_B: 0.237, G_B: 1.030, cycle_B: 0.332, gp: 0.229

[Rank 0] (epoch: 36, iters: 30720, time: 0.001, data: 0.001) , D_A: 0.133, G_A: 1.001, cycle_A: 0.237, D_B: 0.222, G_B: 0.993, cycle_B: 0.354, gp: 0.220

[Rank 0] (epoch: 36, iters: 32320, time: 0.001, data: 0.001) , D_A: 0.145, G_A: 1.002, cycle_A: 0.240, D_B: 0.174, G_B: 0.977, cycle_B: 0.363, gp: 0.172

[Rank 0] (epoch: 36, iters: 33920, time: 0.001, data: 0.001) , D_A: 0.109, G_A: 0.978, cycle_A: 0.243, D_B: 0.236, G_B: 0.959, cycle_B: 0.349, gp: 0.233

[Rank 0] (epoch: 36, iters: 35520, time: 0.001, data: 0.001) , D_A: 0.161, G_A: 1.024, cycle_A: 0.236, D_B: 0.118, G_B: 0.900, cycle_B: 0.351, gp: 0.114

[Rank 0] (epoch: 36, iters: 37120, time: 0.001, data: 0.001) , D_A: 0.175, G_A: 0.940, cycle_A: 0.252, D_B: 0.270, G_B: 0.938, cycle_B: 0.345, gp: 0.268

[Rank 0] (epoch: 36, iters: 38720, time: 0.001, data: 0.001) , D_A: 0.124, G_A: 0.932, cycle_A: 0.249, D_B: 0.173, G_B: 0.986, cycle_B: 0.354, gp: 0.171

[Rank 0] (epoch: 36, iters: 40320, time: 0.001, data: 0.001) , D_A: 0.108, G_A: 1.040, cycle_A: 0.229, D_B: 0.208, G_B: 1.021, cycle_B: 0.348, gp: 0.206

learning rate 0.0002000 -> 0.0002000
temperature tau = 0.1533
End of epoch 36 / 50 	 Time Taken: 34 sec
[Rank 0] (epoch: 37, iters: 1472, time: 0.001, data: 0.001) , D_A: 0.112, G_A: 0.945, cycle_A: 0.247, D_B: 0.156, G_B: 0.971, cycle_B: 0.364, gp: 0.155

[Rank 0] (epoch: 37, iters: 3072, time: 0.001, data: 0.001) , D_A: 0.117, G_A: 1.005, cycle_A: 0.226, D_B: 0.217, G_B: 0.930, cycle_B: 0.364, gp: 0.215

[Rank 0] (epoch: 37, iters: 4672, time: 0.001, data: 0.001) , D_A: 0.197, G_A: 0.908, cycle_A: 0.203, D_B: 0.435, G_B: 1.203, cycle_B: 0.274, gp: 0.428

[Rank 0] (epoch: 37, iters: 6272, time: 0.001, data: 0.001) , D_A: 0.157, G_A: 0.966, cycle_A: 0.187, D_B: 0.304, G_B: 0.855, cycle_B: 0.239, gp: 0.295

[Rank 0] (epoch: 37, iters: 7872, time: 0.001, data: 0.001) , D_A: 0.161, G_A: 1.006, cycle_A: 0.173, D_B: 0.266, G_B: 0.946, cycle_B: 0.235, gp: 0.264

[Rank 0] (epoch: 37, iters: 9472, time: 0.001, data: 0.001) , D_A: 0.238, G_A: 0.959, cycle_A: 0.184, D_B: 0.150, G_B: 0.987, cycle_B: 0.240, gp: 0.147

[Rank 0] (epoch: 37, iters: 11072, time: 0.001, data: 0.001) , D_A: 0.243, G_A: 0.982, cycle_A: 0.192, D_B: 0.193, G_B: 0.981, cycle_B: 0.217, gp: 0.192

[Rank 0] (epoch: 37, iters: 12672, time: 0.001, data: 0.001) , D_A: 0.141, G_A: 0.957, cycle_A: 0.175, D_B: 0.260, G_B: 0.966, cycle_B: 0.230, gp: 0.257

[Rank 0] (epoch: 37, iters: 14272, time: 0.001, data: 0.001) , D_A: 0.213, G_A: 0.973, cycle_A: 0.183, D_B: 0.145, G_B: 1.009, cycle_B: 0.235, gp: 0.142

[Rank 0] (epoch: 37, iters: 15872, time: 0.001, data: 0.001) , D_A: 0.258, G_A: 0.853, cycle_A: 0.176, D_B: 0.209, G_B: 0.961, cycle_B: 0.247, gp: 0.207

[Rank 0] (epoch: 37, iters: 17472, time: 0.001, data: 0.001) , D_A: 0.228, G_A: 0.993, cycle_A: 0.170, D_B: 0.196, G_B: 0.965, cycle_B: 0.257, gp: 0.193

[Rank 0] (epoch: 37, iters: 19072, time: 0.001, data: 0.001) , D_A: 0.120, G_A: 0.897, cycle_A: 0.162, D_B: 0.241, G_B: 0.936, cycle_B: 0.227, gp: 0.239

[Rank 0] (epoch: 37, iters: 20672, time: 0.001, data: 0.001) , D_A: 0.118, G_A: 1.010, cycle_A: 0.185, D_B: 0.178, G_B: 0.985, cycle_B: 0.232, gp: 0.176

[Rank 0] (epoch: 37, iters: 22272, time: 0.001, data: 0.001) , D_A: 0.149, G_A: 0.967, cycle_A: 0.174, D_B: 0.243, G_B: 1.003, cycle_B: 0.222, gp: 0.241

--- iter tau=0.1533 ---
  cipher in : qapoq wpucpfg pqakn thqazphgunftz pucprhtev phrnctk ptalpznuralp
  decrypted : fsiefaeitli gaifspdarnfs ingtd r aitliknr hainkdlrpairsxi dtksxi
  real plain: es which incorporated this hegelian abstraction and saw law dome
  cipher in : wfgpftev pqii lqtf vype vuwphguwhpfg pntf pucpznuwfgpucpo gqkv h
  decrypted : e gi r haifeeaxfr ahii ahteingteni gaidr aitli dte gitlieagfphan
  real plain: r battens are glued and screwed to the flooring the exception is
[Rank 0] (epoch: 37, iters: 23872, time: 0.001, data: 0.001) , D_A: 0.200, G_A: 1.001, cycle_A: 0.242, D_B: 0.193, G_B: 0.982, cycle_B: 0.495, gp: 0.192

saving the latest model (epoch 37, total_iters 1480000)
[Rank 0] (epoch: 37, iters: 25472, time: 0.001, data: 0.001) , D_A: 0.175, G_A: 0.963, cycle_A: 0.151, D_B: 0.258, G_B: 0.986, cycle_B: 0.223, gp: 0.256

[Rank 0] (epoch: 37, iters: 27072, time: 0.001, data: 0.001) , D_A: 0.204, G_A: 1.002, cycle_A: 0.155, D_B: 0.268, G_B: 0.991, cycle_B: 0.222, gp: 0.266

[Rank 0] (epoch: 37, iters: 28672, time: 0.001, data: 0.001) , D_A: 0.157, G_A: 0.975, cycle_A: 0.156, D_B: 0.422, G_B: 0.955, cycle_B: 0.227, gp: 0.419

[Rank 0] (epoch: 37, iters: 30272, time: 0.001, data: 0.001) , D_A: 0.201, G_A: 1.012, cycle_A: 0.139, D_B: 0.175, G_B: 0.974, cycle_B: 0.226, gp: 0.173

[Rank 0] (epoch: 37, iters: 31872, time: 0.001, data: 0.001) , D_A: 0.134, G_A: 1.022, cycle_A: 0.147, D_B: 0.163, G_B: 0.962, cycle_B: 0.218, gp: 0.161

[Rank 0] (epoch: 37, iters: 33472, time: 0.001, data: 0.001) , D_A: 0.174, G_A: 0.988, cycle_A: 0.147, D_B: 0.471, G_B: 1.125, cycle_B: 0.220, gp: 0.454

[Rank 0] (epoch: 37, iters: 35072, time: 0.001, data: 0.001) , D_A: 0.133, G_A: 1.037, cycle_A: 0.150, D_B: 0.184, G_B: 1.002, cycle_B: 0.216, gp: 0.183

[Rank 0] (epoch: 37, iters: 36672, time: 0.001, data: 0.001) , D_A: 0.218, G_A: 0.942, cycle_A: 0.150, D_B: 0.302, G_B: 1.001, cycle_B: 0.224, gp: 0.300

[Rank 0] (epoch: 37, iters: 38272, time: 0.001, data: 0.001) , D_A: 0.167, G_A: 1.025, cycle_A: 0.153, D_B: 0.442, G_B: 0.958, cycle_B: 0.227, gp: 0.438

[Rank 0] (epoch: 37, iters: 39872, time: 0.001, data: 0.001) , D_A: 0.104, G_A: 1.011, cycle_A: 0.163, D_B: 0.371, G_B: 0.944, cycle_B: 0.220, gp: 0.369

learning rate 0.0002000 -> 0.0002000
temperature tau = 0.1483
End of epoch 37 / 50 	 Time Taken: 34 sec
[Rank 0] (epoch: 38, iters: 1024, time: 0.001, data: 0.001) , D_A: 0.101, G_A: 0.987, cycle_A: 0.151, D_B: 0.192, G_B: 1.017, cycle_B: 0.221, gp: 0.191

[Rank 0] (epoch: 38, iters: 2624, time: 0.001, data: 0.000) , D_A: 0.186, G_A: 0.991, cycle_A: 0.146, D_B: 0.141, G_B: 0.973, cycle_B: 0.227, gp: 0.140

[Rank 0] (epoch: 38, iters: 4224, time: 0.001, data: 0.001) , D_A: 0.172, G_A: 0.977, cycle_A: 0.155, D_B: 0.211, G_B: 0.991, cycle_B: 0.223, gp: 0.209

[Rank 0] (epoch: 38, iters: 5824, time: 0.001, data: 0.001) , D_A: 0.116, G_A: 0.970, cycle_A: 0.132, D_B: 0.326, G_B: 0.960, cycle_B: 0.225, gp: 0.325

[Rank 0] (epoch: 38, iters: 7424, time: 0.001, data: 0.001) , D_A: 0.220, G_A: 0.969, cycle_A: 0.158, D_B: 0.254, G_B: 0.982, cycle_B: 0.225, gp: 0.253

[Rank 0] (epoch: 38, iters: 9024, time: 0.001, data: 0.001) , D_A: 0.223, G_A: 1.012, cycle_A: 0.145, D_B: 0.152, G_B: 0.974, cycle_B: 0.224, gp: 0.149

[Rank 0] (epoch: 38, iters: 10624, time: 0.001, data: 0.001) , D_A: 0.167, G_A: 0.997, cycle_A: 0.140, D_B: 0.160, G_B: 1.005, cycle_B: 0.225, gp: 0.159

[Rank 0] (epoch: 38, iters: 12224, time: 0.001, data: 0.001) , D_A: 0.205, G_A: 0.981, cycle_A: 0.142, D_B: 0.288, G_B: 0.973, cycle_B: 0.234, gp: 0.287

[Rank 0] (epoch: 38, iters: 13824, time: 0.001, data: 0.001) , D_A: 0.182, G_A: 0.937, cycle_A: 0.149, D_B: 0.241, G_B: 0.985, cycle_B: 0.227, gp: 0.237

[Rank 0] (epoch: 38, iters: 15424, time: 0.001, data: 0.001) , D_A: 0.217, G_A: 0.965, cycle_A: 0.147, D_B: 0.209, G_B: 1.018, cycle_B: 0.222, gp: 0.207

[Rank 0] (epoch: 38, iters: 17024, time: 0.001, data: 0.001) , D_A: 0.209, G_A: 0.981, cycle_A: 0.158, D_B: 0.185, G_B: 0.959, cycle_B: 0.213, gp: 0.183

[Rank 0] (epoch: 38, iters: 18624, time: 0.001, data: 0.001) , D_A: 0.132, G_A: 0.914, cycle_A: 0.145, D_B: 0.280, G_B: 0.990, cycle_B: 0.221, gp: 0.277

[Rank 0] (epoch: 38, iters: 20224, time: 0.001, data: 0.001) , D_A: 0.142, G_A: 0.999, cycle_A: 0.144, D_B: 0.169, G_B: 1.003, cycle_B: 0.217, gp: 0.168

[Rank 0] (epoch: 38, iters: 21824, time: 0.001, data: 0.001) , D_A: 0.158, G_A: 0.921, cycle_A: 0.140, D_B: 0.153, G_B: 0.972, cycle_B: 0.216, gp: 0.150

--- iter tau=0.1483 ---
  cipher in : kgph lqfquapwthpaufprati nqktapfg pltyhpqapwgqkgpfg phuahpucphfp
  decrypted : wginaxf ftsiernist iksreadfwrsi gaixrunifsiegfwgi gaintsnitlin i
  real plain: s destined to be one brilliant failure after another i had been 
  cipher in :  hltyp o aqazpauo ie npqapwtnn apn opitndpfntcfuapucpa wpe lcunl
  decrypted : anxruiaeasfs isteae adifsierddasidaeierdyi drl tsitlisaei axltdx
  real plain: ual imagery at all and there was ample evidence of the following
[Rank 0] (epoch: 38, iters: 23424, time: 0.001, data: 0.001) , D_A: 0.137, G_A: 0.984, cycle_A: 0.152, D_B: 0.227, G_B: 0.983, cycle_B: 0.232, gp: 0.225

saving the latest model (epoch 38, total_iters 1520000)
[Rank 0] (epoch: 38, iters: 25024, time: 0.001, data: 0.001) , D_A: 0.258, G_A: 0.983, cycle_A: 0.146, D_B: 0.204, G_B: 0.952, cycle_B: 0.229, gp: 0.203

[Rank 0] (epoch: 38, iters: 26624, time: 0.001, data: 0.001) , D_A: 0.154, G_A: 0.984, cycle_A: 0.152, D_B: 0.152, G_B: 0.968, cycle_B: 0.236, gp: 0.150

[Rank 0] (epoch: 38, iters: 28224, time: 0.001, data: 0.001) , D_A: 0.236, G_A: 0.973, cycle_A: 0.144, D_B: 0.131, G_B: 1.030, cycle_B: 0.227, gp: 0.130

[Rank 0] (epoch: 38, iters: 29824, time: 0.001, data: 0.001) , D_A: 0.153, G_A: 1.013, cycle_A: 0.162, D_B: 0.200, G_B: 0.986, cycle_B: 0.218, gp: 0.197

[Rank 0] (epoch: 38, iters: 31424, time: 0.001, data: 0.001) , D_A: 0.201, G_A: 0.973, cycle_A: 0.148, D_B: 0.186, G_B: 0.969, cycle_B: 0.227, gp: 0.184

[Rank 0] (epoch: 38, iters: 33024, time: 0.001, data: 0.001) , D_A: 0.158, G_A: 1.028, cycle_A: 0.154, D_B: 0.287, G_B: 0.944, cycle_B: 0.224, gp: 0.286

[Rank 0] (epoch: 38, iters: 34624, time: 0.001, data: 0.001) , D_A: 0.320, G_A: 0.968, cycle_A: 0.146, D_B: 0.167, G_B: 1.000, cycle_B: 0.216, gp: 0.165

[Rank 0] (epoch: 38, iters: 36224, time: 0.001, data: 0.001) , D_A: 0.159, G_A: 0.964, cycle_A: 0.144, D_B: 0.226, G_B: 0.970, cycle_B: 0.222, gp: 0.224

[Rank 0] (epoch: 38, iters: 37824, time: 0.001, data: 0.001) , D_A: 0.107, G_A: 0.965, cycle_A: 0.150, D_B: 0.249, G_B: 0.986, cycle_B: 0.224, gp: 0.246

[Rank 0] (epoch: 38, iters: 39424, time: 0.001, data: 0.001) , D_A: 0.124, G_A: 0.995, cycle_A: 0.159, D_B: 0.149, G_B: 0.951, cycle_B: 0.224, gp: 0.146

learning rate 0.0002000 -> 0.0002000
temperature tau = 0.1435
End of epoch 38 / 50 	 Time Taken: 34 sec
[Rank 0] (epoch: 39, iters: 576, time: 0.001, data: 0.001) , D_A: 0.086, G_A: 0.956, cycle_A: 0.158, D_B: 0.141, G_B: 0.982, cycle_B: 0.218, gp: 0.139

[Rank 0] (epoch: 39, iters: 2176, time: 0.001, data: 0.000) , D_A: 0.258, G_A: 0.960, cycle_A: 0.147, D_B: 0.140, G_B: 0.980, cycle_B: 0.223, gp: 0.139

[Rank 0] (epoch: 39, iters: 3776, time: 0.001, data: 0.001) , D_A: 0.189, G_A: 0.995, cycle_A: 0.149, D_B: 0.244, G_B: 1.001, cycle_B: 0.232, gp: 0.242

[Rank 0] (epoch: 39, iters: 5376, time: 0.001, data: 0.001) , D_A: 0.177, G_A: 0.982, cycle_A: 0.144, D_B: 0.449, G_B: 0.916, cycle_B: 0.221, gp: 0.442

[Rank 0] (epoch: 39, iters: 6976, time: 0.001, data: 0.001) , D_A: 0.184, G_A: 1.017, cycle_A: 0.160, D_B: 0.383, G_B: 1.034, cycle_B: 0.229, gp: 0.380

[Rank 0] (epoch: 39, iters: 8576, time: 0.001, data: 0.001) , D_A: 0.206, G_A: 0.989, cycle_A: 0.144, D_B: 0.136, G_B: 0.952, cycle_B: 0.215, gp: 0.135

[Rank 0] (epoch: 39, iters: 10176, time: 0.001, data: 0.001) , D_A: 0.164, G_A: 0.999, cycle_A: 0.149, D_B: 0.156, G_B: 0.958, cycle_B: 0.231, gp: 0.154

[Rank 0] (epoch: 39, iters: 11776, time: 0.001, data: 0.001) , D_A: 0.172, G_A: 0.933, cycle_A: 0.155, D_B: 0.183, G_B: 1.025, cycle_B: 0.223, gp: 0.182

[Rank 0] (epoch: 39, iters: 13376, time: 0.001, data: 0.001) , D_A: 0.138, G_A: 0.988, cycle_A: 0.159, D_B: 0.205, G_B: 1.010, cycle_B: 0.228, gp: 0.204

[Rank 0] (epoch: 39, iters: 14976, time: 0.001, data: 0.001) , D_A: 0.166, G_A: 0.978, cycle_A: 0.153, D_B: 0.154, G_B: 0.995, cycle_B: 0.231, gp: 0.153

[Rank 0] (epoch: 39, iters: 16576, time: 0.001, data: 0.001) , D_A: 0.239, G_A: 0.972, cycle_A: 0.154, D_B: 0.207, G_B: 0.970, cycle_B: 0.227, gp: 0.205

[Rank 0] (epoch: 39, iters: 18176, time: 0.001, data: 0.001) , D_A: 0.125, G_A: 1.001, cycle_A: 0.148, D_B: 0.190, G_B: 0.979, cycle_B: 0.211, gp: 0.189

[Rank 0] (epoch: 39, iters: 19776, time: 0.001, data: 0.001) , D_A: 0.119, G_A: 0.916, cycle_A: 0.146, D_B: 0.161, G_B: 0.977, cycle_B: 0.215, gp: 0.160

[Rank 0] (epoch: 39, iters: 21376, time: 0.001, data: 0.001) , D_A: 0.122, G_A: 0.973, cycle_A: 0.146, D_B: 0.116, G_B: 0.997, cycle_B: 0.210, gp: 0.115

--- iter tau=0.1435 ---
  cipher in : rz pfg n hptaufg nptllqfquapfupfg phf o ahpvqa pfg pmrimtkfquapi
  decrypted : k ai gadanirst gadirxxf ftsi ti gain aeasnihfsai gaickecrw ftsie
  real plain: in surprise then noticed that fred powell was clutching his ches
  cipher in : mpqapiypmnuc hhquatvplrfq hpthpqpzqo piypftv afhpaufpuavypthpfg 
  decrypted : cifsieuicdtlannftsrhixk fanirnifi feaieui rhas nist itshuirni ga
  real plain: ly of the expenditures for the department of defense are for pro
[Rank 0] (epoch: 39, iters: 22976, time: 0.001, data: 0.001) , D_A: 0.138, G_A: 1.007, cycle_A: 0.154, D_B: 0.205, G_B: 0.959, cycle_B: 0.228, gp: 0.202

saving the latest model (epoch 39, total_iters 1560000)
[Rank 0] (epoch: 39, iters: 24576, time: 0.001, data: 0.001) , D_A: 0.160, G_A: 0.986, cycle_A: 0.142, D_B: 0.135, G_B: 0.985, cycle_B: 0.225, gp: 0.133

[Rank 0] (epoch: 39, iters: 26176, time: 0.001, data: 0.001) , D_A: 0.262, G_A: 1.017, cycle_A: 0.161, D_B: 0.178, G_B: 0.967, cycle_B: 0.237, gp: 0.176

[Rank 0] (epoch: 39, iters: 27776, time: 0.001, data: 0.001) , D_A: 0.164, G_A: 0.976, cycle_A: 0.148, D_B: 0.155, G_B: 1.003, cycle_B: 0.223, gp: 0.154

[Rank 0] (epoch: 39, iters: 29376, time: 0.001, data: 0.001) , D_A: 0.144, G_A: 0.996, cycle_A: 0.153, D_B: 0.217, G_B: 0.992, cycle_B: 0.222, gp: 0.216

[Rank 0] (epoch: 39, iters: 30976, time: 0.001, data: 0.001) , D_A: 0.125, G_A: 0.966, cycle_A: 0.143, D_B: 0.098, G_B: 0.983, cycle_B: 0.220, gp: 0.096

[Rank 0] (epoch: 39, iters: 32576, time: 0.001, data: 0.001) , D_A: 0.218, G_A: 1.033, cycle_A: 0.150, D_B: 0.189, G_B: 0.994, cycle_B: 0.218, gp: 0.187

[Rank 0] (epoch: 39, iters: 34176, time: 0.001, data: 0.001) , D_A: 0.093, G_A: 0.966, cycle_A: 0.148, D_B: 0.439, G_B: 1.146, cycle_B: 0.227, gp: 0.435

[Rank 0] (epoch: 39, iters: 35776, time: 0.001, data: 0.001) , D_A: 0.143, G_A: 1.002, cycle_A: 0.163, D_B: 0.197, G_B: 0.969, cycle_B: 0.219, gp: 0.196

[Rank 0] (epoch: 39, iters: 37376, time: 0.001, data: 0.001) , D_A: 0.228, G_A: 0.969, cycle_A: 0.149, D_B: 0.335, G_B: 1.010, cycle_B: 0.222, gp: 0.333

[Rank 0] (epoch: 39, iters: 38976, time: 0.001, data: 0.001) , D_A: 0.132, G_A: 1.008, cycle_A: 0.143, D_B: 0.233, G_B: 1.013, cycle_B: 0.230, gp: 0.231

learning rate 0.0002000 -> 0.0002000
temperature tau = 0.1389
End of epoch 39 / 50 	 Time Taken: 34 sec
[Rank 0] (epoch: 40, iters: 128, time: 0.001, data: 0.001) , D_A: 0.207, G_A: 1.054, cycle_A: 0.147, D_B: 0.248, G_B: 1.014, cycle_B: 0.228, gp: 0.246

[Rank 0] (epoch: 40, iters: 1728, time: 0.001, data: 0.001) , D_A: 0.185, G_A: 0.994, cycle_A: 0.153, D_B: 0.195, G_B: 0.973, cycle_B: 0.230, gp: 0.194

[Rank 0] (epoch: 40, iters: 3328, time: 0.001, data: 0.001) , D_A: 0.141, G_A: 1.010, cycle_A: 0.143, D_B: 0.230, G_B: 0.960, cycle_B: 0.224, gp: 0.227

[Rank 0] (epoch: 40, iters: 4928, time: 0.001, data: 0.001) , D_A: 0.140, G_A: 0.944, cycle_A: 0.152, D_B: 0.390, G_B: 0.970, cycle_B: 0.222, gp: 0.388

[Rank 0] (epoch: 40, iters: 6528, time: 0.001, data: 0.001) , D_A: 0.105, G_A: 0.984, cycle_A: 0.134, D_B: 0.324, G_B: 1.027, cycle_B: 0.227, gp: 0.320

[Rank 0] (epoch: 40, iters: 8128, time: 0.001, data: 0.001) , D_A: 0.164, G_A: 1.009, cycle_A: 0.149, D_B: 0.129, G_B: 0.979, cycle_B: 0.226, gp: 0.127

[Rank 0] (epoch: 40, iters: 9728, time: 0.001, data: 0.001) , D_A: 0.147, G_A: 0.988, cycle_A: 0.141, D_B: 0.209, G_B: 0.937, cycle_B: 0.227, gp: 0.208

[Rank 0] (epoch: 40, iters: 11328, time: 0.001, data: 0.001) , D_A: 0.149, G_A: 0.969, cycle_A: 0.144, D_B: 0.259, G_B: 1.015, cycle_B: 0.224, gp: 0.258

[Rank 0] (epoch: 40, iters: 12928, time: 0.001, data: 0.001) , D_A: 0.248, G_A: 0.887, cycle_A: 0.156, D_B: 0.219, G_B: 0.998, cycle_B: 0.225, gp: 0.218

[Rank 0] (epoch: 40, iters: 14528, time: 0.001, data: 0.001) , D_A: 0.211, G_A: 1.030, cycle_A: 0.164, D_B: 0.099, G_B: 1.007, cycle_B: 0.226, gp: 0.098

[Rank 0] (epoch: 40, iters: 16128, time: 0.001, data: 0.001) , D_A: 0.264, G_A: 0.724, cycle_A: 0.144, D_B: 0.177, G_B: 1.000, cycle_B: 0.251, gp: 0.175

[Rank 0] (epoch: 40, iters: 17728, time: 0.001, data: 0.001) , D_A: 0.187, G_A: 0.967, cycle_A: 0.134, D_B: 0.172, G_B: 0.907, cycle_B: 0.254, gp: 0.167

[Rank 0] (epoch: 40, iters: 19328, time: 0.001, data: 0.001) , D_A: 0.192, G_A: 0.968, cycle_A: 0.151, D_B: 0.127, G_B: 0.986, cycle_B: 0.223, gp: 0.126

[Rank 0] (epoch: 40, iters: 20928, time: 0.001, data: 0.001) , D_A: 0.117, G_A: 0.946, cycle_A: 0.136, D_B: 0.150, G_B: 0.981, cycle_B: 0.221, gp: 0.148

--- iter tau=0.1389 ---
  cipher in : pfntqaqazpfg ip jfntpuo nfqi ptalpl c kfqo pwundpm ncuni lpeypfg
  decrypted : i drfsfs i gaeiax dritead feairsxixalap feaietdyicadltdeaxi ui g
  real plain: elf that he had an unusual number of possibilities the masons mo
  cipher in : tfquaplqoqhquapwthgqazfuaplkpmnqaf lpitf nqtvptotqvtev puapn sr 
  decrypted : r ftsixfefnftsierngfs  tsixpicdfs axier adfrhirerfhr haitsidauka
  real plain: on their respective proving grounds what is needed philip morris
[Rank 0] (epoch: 40, iters: 22528, time: 0.001, data: 0.001) , D_A: 0.214, G_A: 0.956, cycle_A: 0.153, D_B: 0.181, G_B: 0.969, cycle_B: 0.214, gp: 0.180

saving the latest model (epoch 40, total_iters 1600000)
[Rank 0] (epoch: 40, iters: 24128, time: 0.001, data: 0.001) , D_A: 0.224, G_A: 1.006, cycle_A: 0.151, D_B: 0.187, G_B: 0.989, cycle_B: 0.228, gp: 0.185

[Rank 0] (epoch: 40, iters: 25728, time: 0.001, data: 0.001) , D_A: 0.156, G_A: 0.998, cycle_A: 0.160, D_B: 0.191, G_B: 0.993, cycle_B: 0.229, gp: 0.189

[Rank 0] (epoch: 40, iters: 27328, time: 0.001, data: 0.001) , D_A: 0.217, G_A: 0.948, cycle_A: 0.151, D_B: 0.287, G_B: 1.026, cycle_B: 0.221, gp: 0.286

[Rank 0] (epoch: 40, iters: 28928, time: 0.001, data: 0.001) , D_A: 0.200, G_A: 0.988, cycle_A: 0.160, D_B: 0.267, G_B: 0.927, cycle_B: 0.213, gp: 0.265

[Rank 0] (epoch: 40, iters: 30528, time: 0.001, data: 0.001) , D_A: 0.173, G_A: 0.962, cycle_A: 0.143, D_B: 0.346, G_B: 1.023, cycle_B: 0.225, gp: 0.341

[Rank 0] (epoch: 40, iters: 32128, time: 0.001, data: 0.001) , D_A: 0.129, G_A: 0.967, cycle_A: 0.159, D_B: 0.146, G_B: 0.955, cycle_B: 0.219, gp: 0.143

[Rank 0] (epoch: 40, iters: 33728, time: 0.001, data: 0.001) , D_A: 0.237, G_A: 0.991, cycle_A: 0.151, D_B: 0.175, G_B: 0.970, cycle_B: 0.219, gp: 0.172

[Rank 0] (epoch: 40, iters: 35328, time: 0.001, data: 0.001) , D_A: 0.123, G_A: 0.950, cycle_A: 0.147, D_B: 0.155, G_B: 0.979, cycle_B: 0.216, gp: 0.153

[Rank 0] (epoch: 40, iters: 36928, time: 0.001, data: 0.001) , D_A: 0.178, G_A: 0.995, cycle_A: 0.165, D_B: 0.372, G_B: 1.008, cycle_B: 0.225, gp: 0.370

[Rank 0] (epoch: 40, iters: 38528, time: 0.001, data: 0.001) , D_A: 0.139, G_A: 1.016, cycle_A: 0.148, D_B: 0.277, G_B: 0.929, cycle_B: 0.219, gp: 0.275

[Rank 0] (epoch: 40, iters: 40128, time: 0.001, data: 0.001) , D_A: 0.150, G_A: 0.968, cycle_A: 0.162, D_B: 0.313, G_B: 1.019, cycle_B: 0.224, gp: 0.309

learning rate 0.0002000 -> 0.0001818
temperature tau = 0.1344
End of epoch 40 / 50 	 Time Taken: 33 sec
[Rank 0] (epoch: 41, iters: 1280, time: 0.001, data: 0.001) , D_A: 0.183, G_A: 0.991, cycle_A: 0.146, D_B: 0.209, G_B: 1.008, cycle_B: 0.224, gp: 0.207

[Rank 0] (epoch: 41, iters: 2880, time: 0.001, data: 0.001) , D_A: 0.193, G_A: 0.894, cycle_A: 0.143, D_B: 0.184, G_B: 0.995, cycle_B: 0.222, gp: 0.181

[Rank 0] (epoch: 41, iters: 4480, time: 0.001, data: 0.001) , D_A: 0.159, G_A: 0.878, cycle_A: 0.146, D_B: 0.285, G_B: 1.077, cycle_B: 0.222, gp: 0.280

[Rank 0] (epoch: 41, iters: 6080, time: 0.001, data: 0.001) , D_A: 0.161, G_A: 0.995, cycle_A: 0.146, D_B: 0.491, G_B: 1.105, cycle_B: 0.223, gp: 0.485

[Rank 0] (epoch: 41, iters: 7680, time: 0.001, data: 0.001) , D_A: 0.161, G_A: 0.963, cycle_A: 0.157, D_B: 0.264, G_B: 1.004, cycle_B: 0.227, gp: 0.263

[Rank 0] (epoch: 41, iters: 9280, time: 0.001, data: 0.001) , D_A: 0.256, G_A: 0.988, cycle_A: 0.156, D_B: 0.191, G_B: 0.922, cycle_B: 0.229, gp: 0.189

[Rank 0] (epoch: 41, iters: 10880, time: 0.001, data: 0.001) , D_A: 0.150, G_A: 0.974, cycle_A: 0.151, D_B: 0.261, G_B: 0.989, cycle_B: 0.214, gp: 0.259

[Rank 0] (epoch: 41, iters: 12480, time: 0.001, data: 0.001) , D_A: 0.187, G_A: 0.988, cycle_A: 0.146, D_B: 0.156, G_B: 1.003, cycle_B: 0.223, gp: 0.155

[Rank 0] (epoch: 41, iters: 14080, time: 0.001, data: 0.001) , D_A: 0.256, G_A: 0.961, cycle_A: 0.149, D_B: 0.147, G_B: 0.995, cycle_B: 0.231, gp: 0.146

[Rank 0] (epoch: 41, iters: 15680, time: 0.001, data: 0.001) , D_A: 0.090, G_A: 0.937, cycle_A: 0.161, D_B: 0.229, G_B: 0.981, cycle_B: 0.221, gp: 0.228

[Rank 0] (epoch: 41, iters: 17280, time: 0.001, data: 0.001) , D_A: 0.171, G_A: 0.936, cycle_A: 0.154, D_B: 0.151, G_B: 1.000, cycle_B: 0.213, gp: 0.149

[Rank 0] (epoch: 41, iters: 18880, time: 0.001, data: 0.001) , D_A: 0.117, G_A: 0.940, cycle_A: 0.149, D_B: 0.138, G_B: 0.995, cycle_B: 0.219, gp: 0.136

[Rank 0] (epoch: 41, iters: 20480, time: 0.001, data: 0.001) , D_A: 0.162, G_A: 0.995, cycle_A: 0.149, D_B: 0.117, G_B: 0.986, cycle_B: 0.217, gp: 0.116

--- iter tau=0.1344 ---
  cipher in : pfgtapeyplqaqazpwqfgptnfqhfhptalpzurni fhpqaptphsrtfperfpkgtniqa
  decrypted : i grsi uixbsbs ieb gird bn nirsxi tkdea nibsirinukr i k ipgrdebs
  real plain: elf that he had an unusual number of possibilities the masons mo
  cipher in : l perfpkurnfptlxurna lptcf npg pf hfqcq lpg pqafnulrk lpxti hpwg
  decrypted : xai k iptkd irx tkdsaxirl adigai an blbaxigaibs dtxkpaxi reanieg
  real plain: on their respective proving grounds what is needed philip morris
[Rank 0] (epoch: 41, iters: 22080, time: 0.001, data: 0.001) , D_A: 0.143, G_A: 0.936, cycle_A: 0.167, D_B: 0.236, G_B: 0.993, cycle_B: 0.217, gp: 0.234

saving the latest model (epoch 41, total_iters 1640000)
[Rank 0] (epoch: 41, iters: 23680, time: 0.001, data: 0.002) , D_A: 0.111, G_A: 0.970, cycle_A: 0.158, D_B: 0.240, G_B: 0.999, cycle_B: 0.219, gp: 0.239

[Rank 0] (epoch: 41, iters: 25280, time: 0.001, data: 0.001) , D_A: 0.180, G_A: 0.942, cycle_A: 0.153, D_B: 0.147, G_B: 0.972, cycle_B: 0.219, gp: 0.146

[Rank 0] (epoch: 41, iters: 26880, time: 0.001, data: 0.001) , D_A: 0.116, G_A: 0.909, cycle_A: 0.137, D_B: 0.159, G_B: 1.023, cycle_B: 0.221, gp: 0.157

[Rank 0] (epoch: 41, iters: 28480, time: 0.001, data: 0.001) , D_A: 0.172, G_A: 0.986, cycle_A: 0.154, D_B: 0.230, G_B: 1.006, cycle_B: 0.227, gp: 0.229

[Rank 0] (epoch: 41, iters: 30080, time: 0.001, data: 0.001) , D_A: 0.182, G_A: 0.972, cycle_A: 0.156, D_B: 0.147, G_B: 0.956, cycle_B: 0.221, gp: 0.145

[Rank 0] (epoch: 41, iters: 31680, time: 0.001, data: 0.001) , D_A: 0.102, G_A: 0.983, cycle_A: 0.148, D_B: 0.166, G_B: 1.005, cycle_B: 0.227, gp: 0.164

[Rank 0] (epoch: 41, iters: 33280, time: 0.001, data: 0.001) , D_A: 0.156, G_A: 0.973, cycle_A: 0.145, D_B: 0.161, G_B: 0.976, cycle_B: 0.222, gp: 0.160

[Rank 0] (epoch: 41, iters: 34880, time: 0.001, data: 0.001) , D_A: 0.203, G_A: 0.980, cycle_A: 0.157, D_B: 0.192, G_B: 0.989, cycle_B: 0.218, gp: 0.191

[Rank 0] (epoch: 41, iters: 36480, time: 0.001, data: 0.001) , D_A: 0.159, G_A: 0.961, cycle_A: 0.135, D_B: 0.238, G_B: 1.003, cycle_B: 0.224, gp: 0.236

[Rank 0] (epoch: 41, iters: 38080, time: 0.001, data: 0.001) , D_A: 0.130, G_A: 0.943, cycle_A: 0.134, D_B: 0.389, G_B: 0.956, cycle_B: 0.227, gp: 0.386

[Rank 0] (epoch: 41, iters: 39680, time: 0.001, data: 0.001) , D_A: 0.182, G_A: 0.858, cycle_A: 0.147, D_B: 0.367, G_B: 1.001, cycle_B: 0.220, gp: 0.365

learning rate 0.0001818 -> 0.0001636
temperature tau = 0.1301
End of epoch 41 / 50 	 Time Taken: 34 sec
[Rank 0] (epoch: 42, iters: 832, time: 0.001, data: 0.001) , D_A: 0.215, G_A: 0.967, cycle_A: 0.156, D_B: 0.107, G_B: 0.989, cycle_B: 0.217, gp: 0.106

[Rank 0] (epoch: 42, iters: 2432, time: 0.001, data: 0.000) , D_A: 0.154, G_A: 0.974, cycle_A: 0.141, D_B: 0.202, G_B: 0.968, cycle_B: 0.222, gp: 0.201

[Rank 0] (epoch: 42, iters: 4032, time: 0.001, data: 0.001) , D_A: 0.196, G_A: 0.949, cycle_A: 0.153, D_B: 0.093, G_B: 0.989, cycle_B: 0.231, gp: 0.092

[Rank 0] (epoch: 42, iters: 5632, time: 0.001, data: 0.001) , D_A: 0.168, G_A: 0.983, cycle_A: 0.144, D_B: 0.322, G_B: 1.044, cycle_B: 0.221, gp: 0.319

[Rank 0] (epoch: 42, iters: 7232, time: 0.001, data: 0.001) , D_A: 0.186, G_A: 1.012, cycle_A: 0.151, D_B: 0.179, G_B: 1.005, cycle_B: 0.226, gp: 0.177

[Rank 0] (epoch: 42, iters: 8832, time: 0.001, data: 0.001) , D_A: 0.129, G_A: 0.995, cycle_A: 0.148, D_B: 0.162, G_B: 0.997, cycle_B: 0.224, gp: 0.161

[Rank 0] (epoch: 42, iters: 10432, time: 0.001, data: 0.001) , D_A: 0.128, G_A: 0.965, cycle_A: 0.148, D_B: 0.200, G_B: 0.986, cycle_B: 0.224, gp: 0.199

[Rank 0] (epoch: 42, iters: 12032, time: 0.001, data: 0.001) , D_A: 0.095, G_A: 0.979, cycle_A: 0.154, D_B: 0.166, G_B: 1.014, cycle_B: 0.234, gp: 0.165

[Rank 0] (epoch: 42, iters: 13632, time: 0.001, data: 0.001) , D_A: 0.101, G_A: 1.000, cycle_A: 0.140, D_B: 0.107, G_B: 0.971, cycle_B: 0.228, gp: 0.106

[Rank 0] (epoch: 42, iters: 15232, time: 0.001, data: 0.001) , D_A: 0.166, G_A: 0.961, cycle_A: 0.140, D_B: 0.097, G_B: 1.011, cycle_B: 0.230, gp: 0.094

[Rank 0] (epoch: 42, iters: 16832, time: 0.001, data: 0.001) , D_A: 0.170, G_A: 1.002, cycle_A: 0.140, D_B: 0.169, G_B: 0.986, cycle_B: 0.226, gp: 0.168

[Rank 0] (epoch: 42, iters: 18432, time: 0.001, data: 0.001) , D_A: 0.113, G_A: 0.914, cycle_A: 0.159, D_B: 0.128, G_B: 0.995, cycle_B: 0.211, gp: 0.126

[Rank 0] (epoch: 42, iters: 20032, time: 0.001, data: 0.001) , D_A: 0.120, G_A: 0.988, cycle_A: 0.143, D_B: 0.139, G_B: 0.997, cycle_B: 0.218, gp: 0.138

--- iter tau=0.1301 ---
  cipher in : alpwui aphfnrzzvqazpqafupfg qnpwntmhpfg h pw n pfg p tnvypl mtnf
  decrypted : sxieteasin dk  hfs ifs ti gafdiedrcni ganaieadai gaiardhuixacrd 
  real plain: the estimate for eligible electors were made without the benefit
  cipher in : phfrl afpltyhptalpfg h pgtnlypfnto v nhptn paufpratmmn kqtf lpfu
  decrypted : in kxas ixrunirsxi ganaigrdxui dreahadnirdaist iksrccdapfr axi t
  real plain: ard committee and dissembling discounted it inside if so i would
[Rank 0] (epoch: 42, iters: 21632, time: 0.001, data: 0.001) , D_A: 0.151, G_A: 0.952, cycle_A: 0.143, D_B: 0.182, G_B: 0.976, cycle_B: 0.216, gp: 0.180

saving the latest model (epoch 42, total_iters 1680000)
[Rank 0] (epoch: 42, iters: 23232, time: 0.001, data: 0.001) , D_A: 0.180, G_A: 0.938, cycle_A: 0.160, D_B: 0.203, G_B: 0.985, cycle_B: 0.233, gp: 0.201

[Rank 0] (epoch: 42, iters: 24832, time: 0.001, data: 0.001) , D_A: 0.200, G_A: 0.889, cycle_A: 0.147, D_B: 0.191, G_B: 0.947, cycle_B: 0.230, gp: 0.189

[Rank 0] (epoch: 42, iters: 26432, time: 0.001, data: 0.001) , D_A: 0.172, G_A: 1.054, cycle_A: 0.153, D_B: 0.122, G_B: 0.977, cycle_B: 0.235, gp: 0.120

[Rank 0] (epoch: 42, iters: 28032, time: 0.001, data: 0.001) , D_A: 0.132, G_A: 0.974, cycle_A: 0.151, D_B: 0.182, G_B: 0.991, cycle_B: 0.223, gp: 0.181

[Rank 0] (epoch: 42, iters: 29632, time: 0.001, data: 0.001) , D_A: 0.194, G_A: 0.967, cycle_A: 0.149, D_B: 0.178, G_B: 1.006, cycle_B: 0.220, gp: 0.177

[Rank 0] (epoch: 42, iters: 31232, time: 0.001, data: 0.001) , D_A: 0.163, G_A: 0.972, cycle_A: 0.146, D_B: 0.185, G_B: 1.005, cycle_B: 0.219, gp: 0.183

[Rank 0] (epoch: 42, iters: 32832, time: 0.001, data: 0.001) , D_A: 0.209, G_A: 0.944, cycle_A: 0.156, D_B: 0.206, G_B: 0.986, cycle_B: 0.224, gp: 0.205

[Rank 0] (epoch: 42, iters: 34432, time: 0.001, data: 0.001) , D_A: 0.172, G_A: 0.926, cycle_A: 0.146, D_B: 0.175, G_B: 1.021, cycle_B: 0.217, gp: 0.174

[Rank 0] (epoch: 42, iters: 36032, time: 0.001, data: 0.001) , D_A: 0.156, G_A: 0.978, cycle_A: 0.148, D_B: 0.126, G_B: 1.001, cycle_B: 0.222, gp: 0.125

[Rank 0] (epoch: 42, iters: 37632, time: 0.001, data: 0.001) , D_A: 0.150, G_A: 0.958, cycle_A: 0.138, D_B: 0.244, G_B: 1.021, cycle_B: 0.224, gp: 0.241

[Rank 0] (epoch: 42, iters: 39232, time: 0.001, data: 0.001) , D_A: 0.229, G_A: 0.980, cycle_A: 0.161, D_B: 0.287, G_B: 0.965, cycle_B: 0.223, gp: 0.285

learning rate 0.0001636 -> 0.0001455
temperature tau = 0.1258
End of epoch 42 / 50 	 Time Taken: 34 sec
[Rank 0] (epoch: 43, iters: 384, time: 0.001, data: 0.001) , D_A: 0.174, G_A: 0.941, cycle_A: 0.163, D_B: 0.240, G_B: 0.958, cycle_B: 0.227, gp: 0.238

[Rank 0] (epoch: 43, iters: 1984, time: 0.001, data: 0.001) , D_A: 0.213, G_A: 0.928, cycle_A: 0.155, D_B: 0.144, G_B: 1.015, cycle_B: 0.227, gp: 0.143

[Rank 0] (epoch: 43, iters: 3584, time: 0.001, data: 0.001) , D_A: 0.134, G_A: 0.967, cycle_A: 0.140, D_B: 0.256, G_B: 0.953, cycle_B: 0.224, gp: 0.255

[Rank 0] (epoch: 43, iters: 5184, time: 0.001, data: 0.001) , D_A: 0.115, G_A: 0.997, cycle_A: 0.160, D_B: 0.342, G_B: 0.952, cycle_B: 0.221, gp: 0.340

[Rank 0] (epoch: 43, iters: 6784, time: 0.001, data: 0.001) , D_A: 0.278, G_A: 0.937, cycle_A: 0.139, D_B: 0.157, G_B: 0.945, cycle_B: 0.229, gp: 0.156

[Rank 0] (epoch: 43, iters: 8384, time: 0.001, data: 0.001) , D_A: 0.207, G_A: 0.981, cycle_A: 0.158, D_B: 0.143, G_B: 0.992, cycle_B: 0.216, gp: 0.142

[Rank 0] (epoch: 43, iters: 9984, time: 0.001, data: 0.001) , D_A: 0.184, G_A: 1.002, cycle_A: 0.150, D_B: 0.163, G_B: 0.983, cycle_B: 0.234, gp: 0.162

[Rank 0] (epoch: 43, iters: 11584, time: 0.001, data: 0.001) , D_A: 0.147, G_A: 0.961, cycle_A: 0.150, D_B: 0.140, G_B: 0.989, cycle_B: 0.223, gp: 0.138

[Rank 0] (epoch: 43, iters: 13184, time: 0.001, data: 0.001) , D_A: 0.110, G_A: 0.970, cycle_A: 0.143, D_B: 0.143, G_B: 0.992, cycle_B: 0.223, gp: 0.142

[Rank 0] (epoch: 43, iters: 14784, time: 0.001, data: 0.001) , D_A: 0.171, G_A: 0.953, cycle_A: 0.146, D_B: 0.096, G_B: 0.982, cycle_B: 0.227, gp: 0.095

[Rank 0] (epoch: 43, iters: 16384, time: 0.001, data: 0.001) , D_A: 0.111, G_A: 1.009, cycle_A: 0.147, D_B: 0.186, G_B: 0.963, cycle_B: 0.230, gp: 0.185

[Rank 0] (epoch: 43, iters: 17984, time: 0.001, data: 0.001) , D_A: 0.258, G_A: 0.945, cycle_A: 0.155, D_B: 0.143, G_B: 1.002, cycle_B: 0.214, gp: 0.141

[Rank 0] (epoch: 43, iters: 19584, time: 0.001, data: 0.001) , D_A: 0.139, G_A: 0.952, cycle_A: 0.144, D_B: 0.166, G_B: 0.974, cycle_B: 0.216, gp: 0.165

--- iter tau=0.1258 ---
  cipher in : hpucpfg pvthfp v kfquapqphrmmuh pqhpfgtfpw pfg pitxunqfypw n plq
  decrypted : nitli gaihrn iahaw btsibinkcctnaibni gr ieai gaier tdb uieadaixb
  real plain: mercial laundry and the home four washing test procedures are es
  cipher in : pg vmpmnuoql pfg phdqvv lpitamuw npa k hhtnypfupktnnypurfpfg pl 
  decrypted : igahcicdtebxai gainybhhaxierscteadisawannrdui tiwrdduitk i gaixa
  real plain: ty status at the windandwater oases my car gulped gallons withou
[Rank 0] (epoch: 43, iters: 21184, time: 0.001, data: 0.001) , D_A: 0.183, G_A: 0.974, cycle_A: 0.143, D_B: 0.185, G_B: 1.026, cycle_B: 0.212, gp: 0.183

saving the latest model (epoch 43, total_iters 1720000)
[Rank 0] (epoch: 43, iters: 22784, time: 0.001, data: 0.001) , D_A: 0.078, G_A: 0.968, cycle_A: 0.148, D_B: 0.159, G_B: 0.998, cycle_B: 0.228, gp: 0.159

[Rank 0] (epoch: 43, iters: 24384, time: 0.001, data: 0.001) , D_A: 0.148, G_A: 0.970, cycle_A: 0.146, D_B: 0.133, G_B: 0.996, cycle_B: 0.226, gp: 0.132

[Rank 0] (epoch: 43, iters: 25984, time: 0.001, data: 0.001) , D_A: 0.113, G_A: 0.990, cycle_A: 0.152, D_B: 0.097, G_B: 0.962, cycle_B: 0.229, gp: 0.096

[Rank 0] (epoch: 43, iters: 27584, time: 0.001, data: 0.001) , D_A: 0.211, G_A: 0.962, cycle_A: 0.148, D_B: 0.146, G_B: 0.966, cycle_B: 0.222, gp: 0.145

[Rank 0] (epoch: 43, iters: 29184, time: 0.001, data: 0.001) , D_A: 0.137, G_A: 0.988, cycle_A: 0.150, D_B: 0.221, G_B: 0.973, cycle_B: 0.214, gp: 0.220

[Rank 0] (epoch: 43, iters: 30784, time: 0.001, data: 0.001) , D_A: 0.256, G_A: 0.927, cycle_A: 0.149, D_B: 0.306, G_B: 1.037, cycle_B: 0.220, gp: 0.304

[Rank 0] (epoch: 43, iters: 32384, time: 0.001, data: 0.001) , D_A: 0.140, G_A: 0.999, cycle_A: 0.146, D_B: 0.234, G_B: 1.003, cycle_B: 0.220, gp: 0.232

[Rank 0] (epoch: 43, iters: 33984, time: 0.001, data: 0.001) , D_A: 0.229, G_A: 0.963, cycle_A: 0.155, D_B: 0.282, G_B: 1.033, cycle_B: 0.229, gp: 0.281

[Rank 0] (epoch: 43, iters: 35584, time: 0.001, data: 0.001) , D_A: 0.170, G_A: 1.024, cycle_A: 0.143, D_B: 0.190, G_B: 0.998, cycle_B: 0.219, gp: 0.189

[Rank 0] (epoch: 43, iters: 37184, time: 0.001, data: 0.001) , D_A: 0.117, G_A: 0.977, cycle_A: 0.150, D_B: 0.295, G_B: 0.964, cycle_B: 0.223, gp: 0.293

[Rank 0] (epoch: 43, iters: 38784, time: 0.001, data: 0.001) , D_A: 0.210, G_A: 0.959, cycle_A: 0.158, D_B: 0.187, G_B: 1.019, cycle_B: 0.218, gp: 0.185

[Rank 0] (epoch: 43, iters: 40384, time: 0.001, data: 0.001) , D_A: 0.161, G_A: 0.943, cycle_A: 0.143, D_B: 0.094, G_B: 0.980, cycle_B: 0.224, gp: 0.093

learning rate 0.0001455 -> 0.0001273
temperature tau = 0.1218
End of epoch 43 / 50 	 Time Taken: 34 sec
[Rank 0] (epoch: 44, iters: 1536, time: 0.001, data: 0.001) , D_A: 0.234, G_A: 0.983, cycle_A: 0.153, D_B: 0.175, G_B: 0.960, cycle_B: 0.223, gp: 0.173

[Rank 0] (epoch: 44, iters: 3136, time: 0.001, data: 0.001) , D_A: 0.112, G_A: 0.951, cycle_A: 0.146, D_B: 0.125, G_B: 1.001, cycle_B: 0.227, gp: 0.124

[Rank 0] (epoch: 44, iters: 4736, time: 0.001, data: 0.001) , D_A: 0.133, G_A: 0.959, cycle_A: 0.143, D_B: 0.222, G_B: 0.921, cycle_B: 0.222, gp: 0.220

[Rank 0] (epoch: 44, iters: 6336, time: 0.001, data: 0.001) , D_A: 0.185, G_A: 0.950, cycle_A: 0.138, D_B: 0.304, G_B: 1.037, cycle_B: 0.229, gp: 0.301

[Rank 0] (epoch: 44, iters: 7936, time: 0.001, data: 0.001) , D_A: 0.255, G_A: 0.969, cycle_A: 0.145, D_B: 0.099, G_B: 0.963, cycle_B: 0.226, gp: 0.098

[Rank 0] (epoch: 44, iters: 9536, time: 0.001, data: 0.001) , D_A: 0.175, G_A: 0.984, cycle_A: 0.141, D_B: 0.141, G_B: 0.967, cycle_B: 0.227, gp: 0.140

[Rank 0] (epoch: 44, iters: 11136, time: 0.001, data: 0.001) , D_A: 0.165, G_A: 0.959, cycle_A: 0.139, D_B: 0.133, G_B: 0.997, cycle_B: 0.214, gp: 0.131

[Rank 0] (epoch: 44, iters: 12736, time: 0.001, data: 0.001) , D_A: 0.260, G_A: 0.971, cycle_A: 0.143, D_B: 0.100, G_B: 0.970, cycle_B: 0.222, gp: 0.098

[Rank 0] (epoch: 44, iters: 14336, time: 0.001, data: 0.001) , D_A: 0.150, G_A: 1.012, cycle_A: 0.145, D_B: 0.135, G_B: 0.974, cycle_B: 0.231, gp: 0.134

[Rank 0] (epoch: 44, iters: 15936, time: 0.001, data: 0.001) , D_A: 0.135, G_A: 0.963, cycle_A: 0.144, D_B: 0.175, G_B: 0.971, cycle_B: 0.230, gp: 0.174

[Rank 0] (epoch: 44, iters: 17536, time: 0.001, data: 0.001) , D_A: 0.119, G_A: 0.945, cycle_A: 0.150, D_B: 0.184, G_B: 0.978, cycle_B: 0.243, gp: 0.183

[Rank 0] (epoch: 44, iters: 19136, time: 0.001, data: 0.001) , D_A: 0.186, G_A: 0.985, cycle_A: 0.142, D_B: 0.181, G_B: 0.973, cycle_B: 0.224, gp: 0.179

--- iter tau=0.1218 ---
  cipher in : kuffyphgnrzz lphvqzgfvypntkg vpkti pkvuh pfupfg pe lpe afpthpqcp
  decrypted : pt  uingdk  axinhf g huidrpgahipreaiphtnai ti gai axi as irnifli
  real plain:  judicious attitude that he read some of the books assigned to h
  cipher in : apitl pfg pvtff npmuqafpkv tnpqapgui vypf nihpwguh pfqi vqa hhpq
  decrypted : sierxai gaihr  adictfs iphardifsigteahui adeniegtnai feahfsannif
  real plain: ndation for the next fiscal year specifically congress should co
[Rank 0] (epoch: 44, iters: 20736, time: 0.001, data: 0.001) , D_A: 0.141, G_A: 0.972, cycle_A: 0.154, D_B: 0.119, G_B: 0.997, cycle_B: 0.221, gp: 0.118

saving the latest model (epoch 44, total_iters 1760000)
[Rank 0] (epoch: 44, iters: 22336, time: 0.001, data: 0.001) , D_A: 0.176, G_A: 0.971, cycle_A: 0.159, D_B: 0.098, G_B: 0.988, cycle_B: 0.214, gp: 0.097

[Rank 0] (epoch: 44, iters: 23936, time: 0.001, data: 0.001) , D_A: 0.204, G_A: 0.951, cycle_A: 0.143, D_B: 0.259, G_B: 1.020, cycle_B: 0.220, gp: 0.258

[Rank 0] (epoch: 44, iters: 25536, time: 0.001, data: 0.001) , D_A: 0.162, G_A: 0.941, cycle_A: 0.157, D_B: 0.183, G_B: 1.011, cycle_B: 0.220, gp: 0.181

[Rank 0] (epoch: 44, iters: 27136, time: 0.001, data: 0.001) , D_A: 0.128, G_A: 0.974, cycle_A: 0.143, D_B: 0.152, G_B: 0.971, cycle_B: 0.240, gp: 0.151

[Rank 0] (epoch: 44, iters: 28736, time: 0.001, data: 0.001) , D_A: 0.252, G_A: 0.956, cycle_A: 0.140, D_B: 0.207, G_B: 0.990, cycle_B: 0.214, gp: 0.206

[Rank 0] (epoch: 44, iters: 30336, time: 0.001, data: 0.001) , D_A: 0.151, G_A: 0.987, cycle_A: 0.143, D_B: 0.131, G_B: 0.985, cycle_B: 0.226, gp: 0.129

[Rank 0] (epoch: 44, iters: 31936, time: 0.001, data: 0.001) , D_A: 0.221, G_A: 1.004, cycle_A: 0.140, D_B: 0.133, G_B: 0.988, cycle_B: 0.219, gp: 0.132

[Rank 0] (epoch: 44, iters: 33536, time: 0.001, data: 0.001) , D_A: 0.137, G_A: 0.980, cycle_A: 0.147, D_B: 0.224, G_B: 0.989, cycle_B: 0.220, gp: 0.222

[Rank 0] (epoch: 44, iters: 35136, time: 0.001, data: 0.001) , D_A: 0.188, G_A: 0.980, cycle_A: 0.146, D_B: 0.163, G_B: 1.030, cycle_B: 0.217, gp: 0.162

[Rank 0] (epoch: 44, iters: 36736, time: 0.001, data: 0.001) , D_A: 0.112, G_A: 0.929, cycle_A: 0.161, D_B: 0.262, G_B: 1.002, cycle_B: 0.223, gp: 0.261

[Rank 0] (epoch: 44, iters: 38336, time: 0.001, data: 0.001) , D_A: 0.147, G_A: 1.015, cycle_A: 0.153, D_B: 0.297, G_B: 0.932, cycle_B: 0.227, gp: 0.295

[Rank 0] (epoch: 44, iters: 39936, time: 0.001, data: 0.001) , D_A: 0.177, G_A: 0.968, cycle_A: 0.143, D_B: 0.169, G_B: 1.016, cycle_B: 0.219, gp: 0.167

learning rate 0.0001273 -> 0.0001091
temperature tau = 0.1178
End of epoch 44 / 50 	 Time Taken: 34 sec
[Rank 0] (epoch: 45, iters: 1088, time: 0.001, data: 0.001) , D_A: 0.205, G_A: 0.984, cycle_A: 0.137, D_B: 0.198, G_B: 0.964, cycle_B: 0.224, gp: 0.197

[Rank 0] (epoch: 45, iters: 2688, time: 0.001, data: 0.001) , D_A: 0.159, G_A: 0.971, cycle_A: 0.149, D_B: 0.066, G_B: 0.979, cycle_B: 0.223, gp: 0.065

[Rank 0] (epoch: 45, iters: 4288, time: 0.001, data: 0.001) , D_A: 0.199, G_A: 0.960, cycle_A: 0.150, D_B: 0.250, G_B: 1.016, cycle_B: 0.223, gp: 0.248

[Rank 0] (epoch: 45, iters: 5888, time: 0.001, data: 0.001) , D_A: 0.150, G_A: 0.943, cycle_A: 0.151, D_B: 0.184, G_B: 0.964, cycle_B: 0.223, gp: 0.181

[Rank 0] (epoch: 45, iters: 7488, time: 0.001, data: 0.001) , D_A: 0.067, G_A: 0.976, cycle_A: 0.142, D_B: 0.141, G_B: 0.991, cycle_B: 0.227, gp: 0.140

[Rank 0] (epoch: 45, iters: 9088, time: 0.001, data: 0.001) , D_A: 0.174, G_A: 0.953, cycle_A: 0.147, D_B: 0.215, G_B: 0.988, cycle_B: 0.223, gp: 0.214

[Rank 0] (epoch: 45, iters: 10688, time: 0.001, data: 0.001) , D_A: 0.145, G_A: 0.953, cycle_A: 0.144, D_B: 0.132, G_B: 0.989, cycle_B: 0.224, gp: 0.131

[Rank 0] (epoch: 45, iters: 12288, time: 0.001, data: 0.001) , D_A: 0.128, G_A: 0.975, cycle_A: 0.149, D_B: 0.213, G_B: 1.005, cycle_B: 0.234, gp: 0.212

[Rank 0] (epoch: 45, iters: 13888, time: 0.001, data: 0.001) , D_A: 0.115, G_A: 0.965, cycle_A: 0.150, D_B: 0.233, G_B: 0.997, cycle_B: 0.231, gp: 0.232

[Rank 0] (epoch: 45, iters: 15488, time: 0.001, data: 0.001) , D_A: 0.110, G_A: 0.980, cycle_A: 0.146, D_B: 0.192, G_B: 0.997, cycle_B: 0.220, gp: 0.191

[Rank 0] (epoch: 45, iters: 17088, time: 0.001, data: 0.001) , D_A: 0.199, G_A: 0.965, cycle_A: 0.145, D_B: 0.182, G_B: 0.974, cycle_B: 0.213, gp: 0.181

[Rank 0] (epoch: 45, iters: 18688, time: 0.001, data: 0.001) , D_A: 0.177, G_A: 0.953, cycle_A: 0.153, D_B: 0.190, G_B: 1.002, cycle_B: 0.219, gp: 0.189

--- iter tau=0.1178 ---
  cipher in : zpkuazupyurpitd pfg pcuvvuwqazpkuii afpctnpfuupitayphftf hptn pc
  decrypted :  ipts tiutkieryai gailthhtefs ipteeas ilrdi ttiersuin r anirdail
  real plain:  pattern of days began to develop for granny albright did not di
  cipher in : nurzgphrnctk pqapmuralpw qzgfptcf nph v kfqazptphg  fptalpqahm k
  decrypted : dtk ginkdlrpaifsictksxieaf g irl adinahap fs iringaa irsxifsncap
  real plain: of a celestial body the gallium germanium ratio is higher than t
[Rank 0] (epoch: 45, iters: 20288, time: 0.001, data: 0.001) , D_A: 0.220, G_A: 0.980, cycle_A: 0.154, D_B: 0.173, G_B: 0.986, cycle_B: 0.217, gp: 0.172

saving the latest model (epoch 45, total_iters 1800000)
[Rank 0] (epoch: 45, iters: 21888, time: 0.001, data: 0.001) , D_A: 0.117, G_A: 0.955, cycle_A: 0.146, D_B: 0.142, G_B: 0.977, cycle_B: 0.216, gp: 0.140

[Rank 0] (epoch: 45, iters: 23488, time: 0.001, data: 0.001) , D_A: 0.183, G_A: 0.935, cycle_A: 0.144, D_B: 0.198, G_B: 0.937, cycle_B: 0.232, gp: 0.196

[Rank 0] (epoch: 45, iters: 25088, time: 0.001, data: 0.001) , D_A: 0.115, G_A: 0.962, cycle_A: 0.140, D_B: 0.244, G_B: 0.992, cycle_B: 0.230, gp: 0.243

[Rank 0] (epoch: 45, iters: 26688, time: 0.001, data: 0.001) , D_A: 0.115, G_A: 0.999, cycle_A: 0.152, D_B: 0.192, G_B: 0.987, cycle_B: 0.224, gp: 0.191

[Rank 0] (epoch: 45, iters: 28288, time: 0.001, data: 0.001) , D_A: 0.209, G_A: 0.984, cycle_A: 0.140, D_B: 0.148, G_B: 1.010, cycle_B: 0.227, gp: 0.147

[Rank 0] (epoch: 45, iters: 29888, time: 0.001, data: 0.001) , D_A: 0.158, G_A: 0.843, cycle_A: 0.137, D_B: 0.249, G_B: 0.996, cycle_B: 0.218, gp: 0.247

[Rank 0] (epoch: 45, iters: 31488, time: 0.001, data: 0.001) , D_A: 0.126, G_A: 0.979, cycle_A: 0.149, D_B: 0.206, G_B: 0.979, cycle_B: 0.227, gp: 0.205

[Rank 0] (epoch: 45, iters: 33088, time: 0.001, data: 0.001) , D_A: 0.187, G_A: 1.007, cycle_A: 0.141, D_B: 0.354, G_B: 1.009, cycle_B: 0.222, gp: 0.352

[Rank 0] (epoch: 45, iters: 34688, time: 0.001, data: 0.001) , D_A: 0.168, G_A: 0.970, cycle_A: 0.158, D_B: 0.369, G_B: 0.994, cycle_B: 0.216, gp: 0.368

[Rank 0] (epoch: 45, iters: 36288, time: 0.001, data: 0.001) , D_A: 0.154, G_A: 0.934, cycle_A: 0.156, D_B: 0.281, G_B: 0.987, cycle_B: 0.222, gp: 0.279

[Rank 0] (epoch: 45, iters: 37888, time: 0.001, data: 0.001) , D_A: 0.200, G_A: 0.928, cycle_A: 0.160, D_B: 0.371, G_B: 1.055, cycle_B: 0.224, gp: 0.370

[Rank 0] (epoch: 45, iters: 39488, time: 0.001, data: 0.001) , D_A: 0.116, G_A: 0.877, cycle_A: 0.142, D_B: 0.365, G_B: 0.982, cycle_B: 0.220, gp: 0.363

learning rate 0.0001091 -> 0.0000909
temperature tau = 0.1140
End of epoch 45 / 50 	 Time Taken: 34 sec
[Rank 0] (epoch: 46, iters: 640, time: 0.001, data: 0.001) , D_A: 0.215, G_A: 0.968, cycle_A: 0.144, D_B: 0.329, G_B: 0.970, cycle_B: 0.218, gp: 0.327

[Rank 0] (epoch: 46, iters: 2240, time: 0.001, data: 0.000) , D_A: 0.114, G_A: 1.001, cycle_A: 0.134, D_B: 0.161, G_B: 0.987, cycle_B: 0.223, gp: 0.160

[Rank 0] (epoch: 46, iters: 3840, time: 0.001, data: 0.001) , D_A: 0.173, G_A: 0.965, cycle_A: 0.144, D_B: 0.337, G_B: 0.953, cycle_B: 0.230, gp: 0.332

[Rank 0] (epoch: 46, iters: 5440, time: 0.001, data: 0.001) , D_A: 0.199, G_A: 0.960, cycle_A: 0.141, D_B: 0.239, G_B: 1.003, cycle_B: 0.221, gp: 0.238

[Rank 0] (epoch: 46, iters: 7040, time: 0.001, data: 0.001) , D_A: 0.200, G_A: 0.962, cycle_A: 0.135, D_B: 0.202, G_B: 1.006, cycle_B: 0.229, gp: 0.201

[Rank 0] (epoch: 46, iters: 8640, time: 0.001, data: 0.001) , D_A: 0.147, G_A: 0.943, cycle_A: 0.159, D_B: 0.115, G_B: 0.996, cycle_B: 0.215, gp: 0.114

[Rank 0] (epoch: 46, iters: 10240, time: 0.001, data: 0.001) , D_A: 0.155, G_A: 0.981, cycle_A: 0.147, D_B: 0.124, G_B: 0.998, cycle_B: 0.231, gp: 0.123

[Rank 0] (epoch: 46, iters: 11840, time: 0.001, data: 0.001) , D_A: 0.138, G_A: 0.987, cycle_A: 0.149, D_B: 0.185, G_B: 0.996, cycle_B: 0.235, gp: 0.184

[Rank 0] (epoch: 46, iters: 13440, time: 0.001, data: 0.001) , D_A: 0.130, G_A: 0.874, cycle_A: 0.155, D_B: 0.145, G_B: 0.974, cycle_B: 0.227, gp: 0.144

[Rank 0] (epoch: 46, iters: 15040, time: 0.001, data: 0.001) , D_A: 0.190, G_A: 0.912, cycle_A: 0.140, D_B: 0.162, G_B: 0.953, cycle_B: 0.230, gp: 0.159

[Rank 0] (epoch: 46, iters: 16640, time: 0.001, data: 0.001) , D_A: 0.246, G_A: 0.981, cycle_A: 0.145, D_B: 0.165, G_B: 0.981, cycle_B: 0.226, gp: 0.163

[Rank 0] (epoch: 46, iters: 18240, time: 0.001, data: 0.001) , D_A: 0.159, G_A: 0.973, cycle_A: 0.154, D_B: 0.155, G_B: 0.989, cycle_B: 0.210, gp: 0.154

--- iter tau=0.1140 ---
  cipher in : alpktnvtpwtfkgqazpqapwual npfrna lpfuphtipqfpi tahphupirkgpfupg 
  decrypted : sxiprdhrier pgfs ifsietsxadi kdsaxi tinreif iearsnintiekpgi tiga
  real plain: ect save one both were eccentrics of the purest ray serene alexa
  cipher in : azpqlqufqktvvypg pmuukg lpurfpgqhpvqmhptalptff imf lpfupdqhhpg n
  decrypted : s ifxft fprhhuigaicttpgaxitk igfnihfcnirsxir  aec axi tiyfnnigad
  real plain:  already beginning to thin and recede at the sides and abel look
[Rank 0] (epoch: 46, iters: 19840, time: 0.001, data: 0.001) , D_A: 0.162, G_A: 0.970, cycle_A: 0.153, D_B: 0.137, G_B: 0.967, cycle_B: 0.215, gp: 0.136

saving the latest model (epoch 46, total_iters 1840000)
[Rank 0] (epoch: 46, iters: 21440, time: 0.001, data: 0.001) , D_A: 0.122, G_A: 0.984, cycle_A: 0.139, D_B: 0.178, G_B: 0.998, cycle_B: 0.210, gp: 0.176

[Rank 0] (epoch: 46, iters: 23040, time: 0.001, data: 0.001) , D_A: 0.204, G_A: 0.977, cycle_A: 0.153, D_B: 0.228, G_B: 0.960, cycle_B: 0.227, gp: 0.227

[Rank 0] (epoch: 46, iters: 24640, time: 0.001, data: 0.001) , D_A: 0.185, G_A: 0.990, cycle_A: 0.142, D_B: 0.145, G_B: 1.007, cycle_B: 0.230, gp: 0.144

[Rank 0] (epoch: 46, iters: 26240, time: 0.001, data: 0.001) , D_A: 0.150, G_A: 0.955, cycle_A: 0.148, D_B: 0.198, G_B: 0.970, cycle_B: 0.236, gp: 0.197

[Rank 0] (epoch: 46, iters: 27840, time: 0.001, data: 0.001) , D_A: 0.047, G_A: 0.927, cycle_A: 0.145, D_B: 0.129, G_B: 0.989, cycle_B: 0.223, gp: 0.128

[Rank 0] (epoch: 46, iters: 29440, time: 0.001, data: 0.001) , D_A: 0.177, G_A: 0.989, cycle_A: 0.153, D_B: 0.171, G_B: 0.983, cycle_B: 0.222, gp: 0.169

[Rank 0] (epoch: 46, iters: 31040, time: 0.001, data: 0.001) , D_A: 0.198, G_A: 0.991, cycle_A: 0.151, D_B: 0.058, G_B: 0.975, cycle_B: 0.219, gp: 0.057

[Rank 0] (epoch: 46, iters: 32640, time: 0.001, data: 0.001) , D_A: 0.195, G_A: 0.989, cycle_A: 0.156, D_B: 0.142, G_B: 1.002, cycle_B: 0.219, gp: 0.141

[Rank 0] (epoch: 46, iters: 34240, time: 0.001, data: 0.001) , D_A: 0.186, G_A: 0.982, cycle_A: 0.154, D_B: 0.153, G_B: 0.999, cycle_B: 0.227, gp: 0.152

[Rank 0] (epoch: 46, iters: 35840, time: 0.001, data: 0.001) , D_A: 0.198, G_A: 0.947, cycle_A: 0.145, D_B: 0.132, G_B: 1.003, cycle_B: 0.219, gp: 0.132

[Rank 0] (epoch: 46, iters: 37440, time: 0.001, data: 0.001) , D_A: 0.188, G_A: 0.975, cycle_A: 0.146, D_B: 0.255, G_B: 0.990, cycle_B: 0.225, gp: 0.253

[Rank 0] (epoch: 46, iters: 39040, time: 0.001, data: 0.001) , D_A: 0.136, G_A: 0.983, cycle_A: 0.154, D_B: 0.353, G_B: 1.005, cycle_B: 0.228, gp: 0.351

learning rate 0.0000909 -> 0.0000727
temperature tau = 0.1104
End of epoch 46 / 50 	 Time Taken: 34 sec
[Rank 0] (epoch: 47, iters: 192, time: 0.001, data: 0.001) , D_A: 0.239, G_A: 0.974, cycle_A: 0.153, D_B: 0.181, G_B: 0.977, cycle_B: 0.228, gp: 0.178

[Rank 0] (epoch: 47, iters: 1792, time: 0.001, data: 0.000) , D_A: 0.157, G_A: 0.973, cycle_A: 0.150, D_B: 0.135, G_B: 1.000, cycle_B: 0.228, gp: 0.134

[Rank 0] (epoch: 47, iters: 3392, time: 0.001, data: 0.001) , D_A: 0.149, G_A: 1.005, cycle_A: 0.151, D_B: 0.070, G_B: 0.987, cycle_B: 0.224, gp: 0.069

[Rank 0] (epoch: 47, iters: 4992, time: 0.001, data: 0.001) , D_A: 0.208, G_A: 0.985, cycle_A: 0.148, D_B: 0.166, G_B: 0.979, cycle_B: 0.221, gp: 0.165

[Rank 0] (epoch: 47, iters: 6592, time: 0.001, data: 0.001) , D_A: 0.127, G_A: 0.944, cycle_A: 0.148, D_B: 0.285, G_B: 0.974, cycle_B: 0.229, gp: 0.283

[Rank 0] (epoch: 47, iters: 8192, time: 0.001, data: 0.001) , D_A: 0.095, G_A: 0.959, cycle_A: 0.141, D_B: 0.125, G_B: 0.999, cycle_B: 0.226, gp: 0.124

[Rank 0] (epoch: 47, iters: 9792, time: 0.001, data: 0.001) , D_A: 0.174, G_A: 0.985, cycle_A: 0.139, D_B: 0.202, G_B: 0.976, cycle_B: 0.232, gp: 0.201

[Rank 0] (epoch: 47, iters: 11392, time: 0.001, data: 0.001) , D_A: 0.205, G_A: 0.946, cycle_A: 0.150, D_B: 0.168, G_B: 0.967, cycle_B: 0.225, gp: 0.167

[Rank 0] (epoch: 47, iters: 12992, time: 0.001, data: 0.001) , D_A: 0.251, G_A: 0.944, cycle_A: 0.155, D_B: 0.162, G_B: 0.998, cycle_B: 0.225, gp: 0.161

[Rank 0] (epoch: 47, iters: 14592, time: 0.001, data: 0.001) , D_A: 0.122, G_A: 0.974, cycle_A: 0.156, D_B: 0.093, G_B: 0.971, cycle_B: 0.226, gp: 0.092

[Rank 0] (epoch: 47, iters: 16192, time: 0.001, data: 0.001) , D_A: 0.097, G_A: 0.937, cycle_A: 0.158, D_B: 0.064, G_B: 0.997, cycle_B: 0.230, gp: 0.063

[Rank 0] (epoch: 47, iters: 17792, time: 0.001, data: 0.001) , D_A: 0.130, G_A: 1.001, cycle_A: 0.128, D_B: 0.147, G_B: 0.997, cycle_B: 0.241, gp: 0.146

--- iter tau=0.1104 ---
  cipher in :  tnhptzuptalpwg apw phfuulpuapfg pztf pfupvuudpuo npfg phql wtvd
  decrypted : ardnir oirsxiegasieain ooxiosi gai r ai oihooyioeadi gainfxaerhy
  real plain: have been in his nineties when henrietta ran away next to the bl
  cipher in : vuazpfqi pmnuetevypwg aphtntgphrll avypn tvqb lpfgtfphg purzgfpf
  decrypted : hos i feaicdo r huiegasinrdrginkxxashuidarhfcaxi gr ingaiok g i 
  real plain: ifold rather large differences were still found between reaction
[Rank 0] (epoch: 47, iters: 19392, time: 0.001, data: 0.001) , D_A: 0.135, G_A: 0.982, cycle_A: 0.151, D_B: 0.224, G_B: 0.996, cycle_B: 0.223, gp: 0.223

saving the latest model (epoch 47, total_iters 1880000)
[Rank 0] (epoch: 47, iters: 20992, time: 0.001, data: 0.001) , D_A: 0.157, G_A: 0.944, cycle_A: 0.139, D_B: 0.164, G_B: 0.989, cycle_B: 0.221, gp: 0.162

[Rank 0] (epoch: 47, iters: 22592, time: 0.001, data: 0.001) , D_A: 0.093, G_A: 1.000, cycle_A: 0.141, D_B: 0.195, G_B: 0.974, cycle_B: 0.231, gp: 0.194

[Rank 0] (epoch: 47, iters: 24192, time: 0.001, data: 0.001) , D_A: 0.095, G_A: 1.004, cycle_A: 0.157, D_B: 0.166, G_B: 0.994, cycle_B: 0.226, gp: 0.165

[Rank 0] (epoch: 47, iters: 25792, time: 0.001, data: 0.001) , D_A: 0.186, G_A: 0.918, cycle_A: 0.135, D_B: 0.222, G_B: 0.983, cycle_B: 0.228, gp: 0.221

[Rank 0] (epoch: 47, iters: 27392, time: 0.001, data: 0.001) , D_A: 0.139, G_A: 1.009, cycle_A: 0.150, D_B: 0.114, G_B: 0.988, cycle_B: 0.221, gp: 0.113

[Rank 0] (epoch: 47, iters: 28992, time: 0.001, data: 0.001) , D_A: 0.177, G_A: 0.970, cycle_A: 0.154, D_B: 0.183, G_B: 1.028, cycle_B: 0.214, gp: 0.182

[Rank 0] (epoch: 47, iters: 30592, time: 0.001, data: 0.001) , D_A: 0.187, G_A: 0.934, cycle_A: 0.147, D_B: 0.172, G_B: 1.028, cycle_B: 0.227, gp: 0.171

[Rank 0] (epoch: 47, iters: 32192, time: 0.001, data: 0.001) , D_A: 0.187, G_A: 0.978, cycle_A: 0.144, D_B: 0.202, G_B: 0.987, cycle_B: 0.218, gp: 0.201

[Rank 0] (epoch: 47, iters: 33792, time: 0.001, data: 0.001) , D_A: 0.193, G_A: 0.950, cycle_A: 0.140, D_B: 0.174, G_B: 0.995, cycle_B: 0.221, gp: 0.173

[Rank 0] (epoch: 47, iters: 35392, time: 0.001, data: 0.001) , D_A: 0.110, G_A: 0.967, cycle_A: 0.158, D_B: 0.203, G_B: 0.981, cycle_B: 0.220, gp: 0.202

[Rank 0] (epoch: 47, iters: 36992, time: 0.001, data: 0.001) , D_A: 0.130, G_A: 0.932, cycle_A: 0.148, D_B: 0.135, G_B: 0.989, cycle_B: 0.227, gp: 0.134

[Rank 0] (epoch: 47, iters: 38592, time: 0.001, data: 0.001) , D_A: 0.097, G_A: 0.996, cycle_A: 0.148, D_B: 0.284, G_B: 0.964, cycle_B: 0.219, gp: 0.282

[Rank 0] (epoch: 47, iters: 40192, time: 0.001, data: 0.001) , D_A: 0.123, G_A: 0.990, cycle_A: 0.146, D_B: 0.174, G_B: 0.983, cycle_B: 0.223, gp: 0.172

learning rate 0.0000727 -> 0.0000545
temperature tau = 0.1068
End of epoch 47 / 50 	 Time Taken: 34 sec
[Rank 0] (epoch: 48, iters: 1344, time: 0.001, data: 0.001) , D_A: 0.172, G_A: 0.947, cycle_A: 0.154, D_B: 0.088, G_B: 1.006, cycle_B: 0.222, gp: 0.087

[Rank 0] (epoch: 48, iters: 2944, time: 0.001, data: 0.001) , D_A: 0.183, G_A: 0.955, cycle_A: 0.148, D_B: 0.224, G_B: 0.992, cycle_B: 0.222, gp: 0.223

[Rank 0] (epoch: 48, iters: 4544, time: 0.001, data: 0.001) , D_A: 0.175, G_A: 0.977, cycle_A: 0.141, D_B: 0.130, G_B: 0.997, cycle_B: 0.223, gp: 0.129

[Rank 0] (epoch: 48, iters: 6144, time: 0.001, data: 0.001) , D_A: 0.212, G_A: 0.972, cycle_A: 0.147, D_B: 0.322, G_B: 0.991, cycle_B: 0.223, gp: 0.321

[Rank 0] (epoch: 48, iters: 7744, time: 0.001, data: 0.001) , D_A: 0.144, G_A: 0.976, cycle_A: 0.147, D_B: 0.195, G_B: 0.991, cycle_B: 0.227, gp: 0.193

[Rank 0] (epoch: 48, iters: 9344, time: 0.001, data: 0.001) , D_A: 0.336, G_A: 0.946, cycle_A: 0.137, D_B: 0.117, G_B: 0.970, cycle_B: 0.227, gp: 0.116

[Rank 0] (epoch: 48, iters: 10944, time: 0.001, data: 0.001) , D_A: 0.146, G_A: 0.952, cycle_A: 0.138, D_B: 0.155, G_B: 0.974, cycle_B: 0.214, gp: 0.155

[Rank 0] (epoch: 48, iters: 12544, time: 0.001, data: 0.001) , D_A: 0.148, G_A: 0.990, cycle_A: 0.140, D_B: 0.176, G_B: 0.975, cycle_B: 0.223, gp: 0.175

[Rank 0] (epoch: 48, iters: 14144, time: 0.001, data: 0.001) , D_A: 0.118, G_A: 0.987, cycle_A: 0.146, D_B: 0.133, G_B: 1.004, cycle_B: 0.232, gp: 0.132

[Rank 0] (epoch: 48, iters: 15744, time: 0.001, data: 0.001) , D_A: 0.097, G_A: 0.981, cycle_A: 0.154, D_B: 0.145, G_B: 0.977, cycle_B: 0.221, gp: 0.144

[Rank 0] (epoch: 48, iters: 17344, time: 0.001, data: 0.001) , D_A: 0.167, G_A: 1.002, cycle_A: 0.158, D_B: 0.182, G_B: 0.988, cycle_B: 0.214, gp: 0.181

--- iter tau=0.1068 ---
  cipher in :  kfprmuapfg pn tl npfg pnukdqazpqhptkfrtvvypc vfpqapfg phfunyptp
  decrypted : aw ikctsi gaidarxadi gaidtwyfs ifnirw krhhuilah ifsi gain tduiri
  real plain: hose who recall easily the statues of bernini and the gigantic p
  cipher in :  naqkrhpaufptpntaluiph tnkgpucpran vtf lpftev hperfptpn zrvtnp i
  decrypted : adsfwknist iridrsxteinardwgitliksdahr axi r hani k irida khrdiae
  real plain: ty that would arrive by next ship this went faster than schedule
[Rank 0] (epoch: 48, iters: 18944, time: 0.001, data: 0.001) , D_A: 0.101, G_A: 0.950, cycle_A: 0.149, D_B: 0.148, G_B: 0.988, cycle_B: 0.219, gp: 0.146

saving the latest model (epoch 48, total_iters 1920000)
[Rank 0] (epoch: 48, iters: 20544, time: 0.001, data: 0.001) , D_A: 0.142, G_A: 0.970, cycle_A: 0.155, D_B: 0.151, G_B: 0.989, cycle_B: 0.221, gp: 0.150

[Rank 0] (epoch: 48, iters: 22144, time: 0.001, data: 0.001) , D_A: 0.157, G_A: 0.953, cycle_A: 0.153, D_B: 0.177, G_B: 0.974, cycle_B: 0.215, gp: 0.176

[Rank 0] (epoch: 48, iters: 23744, time: 0.001, data: 0.001) , D_A: 0.143, G_A: 0.934, cycle_A: 0.165, D_B: 0.126, G_B: 0.990, cycle_B: 0.218, gp: 0.126

[Rank 0] (epoch: 48, iters: 25344, time: 0.001, data: 0.001) , D_A: 0.143, G_A: 0.947, cycle_A: 0.162, D_B: 0.153, G_B: 0.995, cycle_B: 0.219, gp: 0.152

[Rank 0] (epoch: 48, iters: 26944, time: 0.001, data: 0.001) , D_A: 0.150, G_A: 0.975, cycle_A: 0.155, D_B: 0.149, G_B: 0.981, cycle_B: 0.221, gp: 0.148

[Rank 0] (epoch: 48, iters: 28544, time: 0.001, data: 0.001) , D_A: 0.196, G_A: 0.974, cycle_A: 0.147, D_B: 0.144, G_B: 0.991, cycle_B: 0.226, gp: 0.143

[Rank 0] (epoch: 48, iters: 30144, time: 0.001, data: 0.001) , D_A: 0.168, G_A: 0.959, cycle_A: 0.148, D_B: 0.149, G_B: 0.981, cycle_B: 0.218, gp: 0.149

[Rank 0] (epoch: 48, iters: 31744, time: 0.001, data: 0.001) , D_A: 0.131, G_A: 0.950, cycle_A: 0.150, D_B: 0.213, G_B: 0.994, cycle_B: 0.226, gp: 0.213

[Rank 0] (epoch: 48, iters: 33344, time: 0.001, data: 0.001) , D_A: 0.150, G_A: 0.982, cycle_A: 0.141, D_B: 0.145, G_B: 0.984, cycle_B: 0.221, gp: 0.144

[Rank 0] (epoch: 48, iters: 34944, time: 0.001, data: 0.001) , D_A: 0.111, G_A: 0.994, cycle_A: 0.156, D_B: 0.183, G_B: 0.973, cycle_B: 0.219, gp: 0.181

[Rank 0] (epoch: 48, iters: 36544, time: 0.001, data: 0.001) , D_A: 0.152, G_A: 0.984, cycle_A: 0.150, D_B: 0.175, G_B: 0.985, cycle_B: 0.225, gp: 0.174

[Rank 0] (epoch: 48, iters: 38144, time: 0.001, data: 0.001) , D_A: 0.181, G_A: 0.972, cycle_A: 0.143, D_B: 0.201, G_B: 0.959, cycle_B: 0.227, gp: 0.199

[Rank 0] (epoch: 48, iters: 39744, time: 0.001, data: 0.001) , D_A: 0.112, G_A: 0.988, cycle_A: 0.151, D_B: 0.211, G_B: 0.992, cycle_B: 0.220, gp: 0.209

learning rate 0.0000545 -> 0.0000364
temperature tau = 0.1033
End of epoch 48 / 50 	 Time Taken: 34 sec
[Rank 0] (epoch: 49, iters: 896, time: 0.001, data: 0.001) , D_A: 0.208, G_A: 0.947, cycle_A: 0.145, D_B: 0.216, G_B: 0.977, cycle_B: 0.219, gp: 0.215

[Rank 0] (epoch: 49, iters: 2496, time: 0.001, data: 0.001) , D_A: 0.225, G_A: 0.975, cycle_A: 0.143, D_B: 0.224, G_B: 1.001, cycle_B: 0.223, gp: 0.223

[Rank 0] (epoch: 49, iters: 4096, time: 0.001, data: 0.001) , D_A: 0.183, G_A: 1.003, cycle_A: 0.141, D_B: 0.152, G_B: 0.992, cycle_B: 0.230, gp: 0.152

[Rank 0] (epoch: 49, iters: 5696, time: 0.001, data: 0.001) , D_A: 0.222, G_A: 0.930, cycle_A: 0.159, D_B: 0.169, G_B: 0.981, cycle_B: 0.224, gp: 0.168

[Rank 0] (epoch: 49, iters: 7296, time: 0.001, data: 0.001) , D_A: 0.189, G_A: 0.954, cycle_A: 0.151, D_B: 0.228, G_B: 0.993, cycle_B: 0.226, gp: 0.227

[Rank 0] (epoch: 49, iters: 8896, time: 0.001, data: 0.001) , D_A: 0.205, G_A: 0.962, cycle_A: 0.138, D_B: 0.133, G_B: 0.987, cycle_B: 0.224, gp: 0.132

[Rank 0] (epoch: 49, iters: 10496, time: 0.001, data: 0.001) , D_A: 0.172, G_A: 0.972, cycle_A: 0.141, D_B: 0.117, G_B: 0.968, cycle_B: 0.224, gp: 0.116

[Rank 0] (epoch: 49, iters: 12096, time: 0.001, data: 0.001) , D_A: 0.217, G_A: 0.954, cycle_A: 0.146, D_B: 0.073, G_B: 0.990, cycle_B: 0.235, gp: 0.072

[Rank 0] (epoch: 49, iters: 13696, time: 0.001, data: 0.001) , D_A: 0.126, G_A: 0.961, cycle_A: 0.148, D_B: 0.163, G_B: 0.984, cycle_B: 0.227, gp: 0.162

[Rank 0] (epoch: 49, iters: 15296, time: 0.001, data: 0.001) , D_A: 0.161, G_A: 0.958, cycle_A: 0.149, D_B: 0.161, G_B: 1.004, cycle_B: 0.230, gp: 0.160

[Rank 0] (epoch: 49, iters: 16896, time: 0.001, data: 0.001) , D_A: 0.160, G_A: 0.975, cycle_A: 0.146, D_B: 0.115, G_B: 0.992, cycle_B: 0.226, gp: 0.115

--- iter tau=0.1033 ---
  cipher in : w n piun ptmfpfuptouqlpunpe phgukd lpeyparlqfypfguh p lrktf lpe 
  decrypted : eadaietdairc i tiretfxitdi aingtwyaxi uiskxf ui gtnaiaxkwr axi a
  real plain: hose who recall easily the statues of bernini and the gigantic p
  cipher in : avypqapmuqhuaqazpfg pkurnfq nhpfutlq hptalphykumgtafhpucpfg pe a
  decrypted : shuifsictfntsfs i gaiwtkd fadni trxfanirsxinuwtcgrs nitli gai as
  real plain: ty that would arrive by next ship this went faster than schedule
[Rank 0] (epoch: 49, iters: 18496, time: 0.001, data: 0.001) , D_A: 0.126, G_A: 0.969, cycle_A: 0.144, D_B: 0.120, G_B: 0.961, cycle_B: 0.221, gp: 0.119

saving the latest model (epoch 49, total_iters 1960000)
[Rank 0] (epoch: 49, iters: 20096, time: 0.001, data: 0.001) , D_A: 0.150, G_A: 0.969, cycle_A: 0.147, D_B: 0.087, G_B: 0.985, cycle_B: 0.218, gp: 0.086

[Rank 0] (epoch: 49, iters: 21696, time: 0.001, data: 0.001) , D_A: 0.203, G_A: 0.956, cycle_A: 0.154, D_B: 0.137, G_B: 0.988, cycle_B: 0.217, gp: 0.136

[Rank 0] (epoch: 49, iters: 23296, time: 0.001, data: 0.001) , D_A: 0.159, G_A: 0.966, cycle_A: 0.142, D_B: 0.204, G_B: 0.981, cycle_B: 0.233, gp: 0.203

[Rank 0] (epoch: 49, iters: 24896, time: 0.001, data: 0.001) , D_A: 0.134, G_A: 0.977, cycle_A: 0.132, D_B: 0.159, G_B: 0.985, cycle_B: 0.231, gp: 0.158

[Rank 0] (epoch: 49, iters: 26496, time: 0.001, data: 0.001) , D_A: 0.160, G_A: 0.963, cycle_A: 0.158, D_B: 0.119, G_B: 0.983, cycle_B: 0.236, gp: 0.118

[Rank 0] (epoch: 49, iters: 28096, time: 0.001, data: 0.001) , D_A: 0.151, G_A: 0.985, cycle_A: 0.144, D_B: 0.148, G_B: 0.983, cycle_B: 0.222, gp: 0.147

[Rank 0] (epoch: 49, iters: 29696, time: 0.001, data: 0.001) , D_A: 0.203, G_A: 0.967, cycle_A: 0.155, D_B: 0.144, G_B: 0.976, cycle_B: 0.222, gp: 0.143

[Rank 0] (epoch: 49, iters: 31296, time: 0.001, data: 0.001) , D_A: 0.127, G_A: 0.960, cycle_A: 0.154, D_B: 0.158, G_B: 0.997, cycle_B: 0.228, gp: 0.157

[Rank 0] (epoch: 49, iters: 32896, time: 0.001, data: 0.001) , D_A: 0.141, G_A: 0.966, cycle_A: 0.144, D_B: 0.120, G_B: 0.976, cycle_B: 0.224, gp: 0.119

[Rank 0] (epoch: 49, iters: 34496, time: 0.001, data: 0.001) , D_A: 0.149, G_A: 0.959, cycle_A: 0.147, D_B: 0.126, G_B: 1.006, cycle_B: 0.217, gp: 0.125

[Rank 0] (epoch: 49, iters: 36096, time: 0.001, data: 0.001) , D_A: 0.161, G_A: 0.970, cycle_A: 0.151, D_B: 0.119, G_B: 0.976, cycle_B: 0.223, gp: 0.117

[Rank 0] (epoch: 49, iters: 37696, time: 0.001, data: 0.001) , D_A: 0.066, G_A: 0.969, cycle_A: 0.145, D_B: 0.162, G_B: 0.980, cycle_B: 0.224, gp: 0.160

[Rank 0] (epoch: 49, iters: 39296, time: 0.001, data: 0.001) , D_A: 0.169, G_A: 0.969, cycle_A: 0.150, D_B: 0.191, G_B: 0.983, cycle_B: 0.225, gp: 0.189

learning rate 0.0000364 -> 0.0000182
temperature tau = 0.1000
End of epoch 49 / 50 	 Time Taken: 34 sec
[Rank 0] (epoch: 50, iters: 448, time: 0.001, data: 0.001) , D_A: 0.149, G_A: 0.958, cycle_A: 0.141, D_B: 0.181, G_B: 0.966, cycle_B: 0.227, gp: 0.180

[Rank 0] (epoch: 50, iters: 2048, time: 0.001, data: 0.000) , D_A: 0.148, G_A: 0.960, cycle_A: 0.137, D_B: 0.197, G_B: 0.986, cycle_B: 0.228, gp: 0.196

[Rank 0] (epoch: 50, iters: 3648, time: 0.001, data: 0.001) , D_A: 0.144, G_A: 0.979, cycle_A: 0.143, D_B: 0.184, G_B: 0.993, cycle_B: 0.231, gp: 0.183

[Rank 0] (epoch: 50, iters: 5248, time: 0.001, data: 0.001) , D_A: 0.175, G_A: 0.949, cycle_A: 0.136, D_B: 0.121, G_B: 0.990, cycle_B: 0.221, gp: 0.120

[Rank 0] (epoch: 50, iters: 6848, time: 0.001, data: 0.001) , D_A: 0.113, G_A: 0.940, cycle_A: 0.165, D_B: 0.125, G_B: 0.976, cycle_B: 0.229, gp: 0.123

[Rank 0] (epoch: 50, iters: 8448, time: 0.001, data: 0.001) , D_A: 0.077, G_A: 0.976, cycle_A: 0.146, D_B: 0.182, G_B: 1.000, cycle_B: 0.216, gp: 0.181

[Rank 0] (epoch: 50, iters: 10048, time: 0.001, data: 0.001) , D_A: 0.182, G_A: 0.953, cycle_A: 0.144, D_B: 0.175, G_B: 0.998, cycle_B: 0.232, gp: 0.174

[Rank 0] (epoch: 50, iters: 11648, time: 0.001, data: 0.001) , D_A: 0.181, G_A: 0.933, cycle_A: 0.147, D_B: 0.154, G_B: 0.973, cycle_B: 0.225, gp: 0.153

[Rank 0] (epoch: 50, iters: 13248, time: 0.001, data: 0.001) , D_A: 0.143, G_A: 0.986, cycle_A: 0.145, D_B: 0.138, G_B: 0.980, cycle_B: 0.224, gp: 0.137

[Rank 0] (epoch: 50, iters: 14848, time: 0.001, data: 0.001) , D_A: 0.182, G_A: 0.980, cycle_A: 0.150, D_B: 0.144, G_B: 0.980, cycle_B: 0.227, gp: 0.143

[Rank 0] (epoch: 50, iters: 16448, time: 0.001, data: 0.001) , D_A: 0.149, G_A: 0.967, cycle_A: 0.152, D_B: 0.102, G_B: 0.984, cycle_B: 0.227, gp: 0.101

--- iter tau=0.1000 ---
  cipher in : pfg qnpn vqzquapuavypm npk afpucpfg px wqhgphfrl afhpgtlpfgqhpku
  decrypted : i gabdidahb btsitshuicadipas itli gai aebngin kxas nigrxi gbnipt
  real plain: o show how much he knew our boy didnt chicken out no sir he ran 
  cipher in : ihperfpwgup aztz pqapzuulpwundhpn vqzquaprhrtvvyptkfhpthptpmuw n
  decrypted : eni k iegtias r aibsi ttxietdynidahb btsiknkrhhuirp nirnirictead
  real plain: al friends mongi slim of tunisia and frederick boland of ireland
[Rank 0] (epoch: 50, iters: 18048, time: 0.001, data: 0.001) , D_A: 0.188, G_A: 0.938, cycle_A: 0.157, D_B: 0.181, G_B: 0.982, cycle_B: 0.212, gp: 0.180

saving the latest model (epoch 50, total_iters 2000000)
[Rank 0] (epoch: 50, iters: 19648, time: 0.001, data: 0.001) , D_A: 0.190, G_A: 0.983, cycle_A: 0.144, D_B: 0.161, G_B: 0.987, cycle_B: 0.216, gp: 0.160

[Rank 0] (epoch: 50, iters: 21248, time: 0.001, data: 0.001) , D_A: 0.158, G_A: 0.933, cycle_A: 0.154, D_B: 0.107, G_B: 0.984, cycle_B: 0.211, gp: 0.106

[Rank 0] (epoch: 50, iters: 22848, time: 0.001, data: 0.001) , D_A: 0.253, G_A: 0.976, cycle_A: 0.146, D_B: 0.172, G_B: 0.999, cycle_B: 0.229, gp: 0.171

[Rank 0] (epoch: 50, iters: 24448, time: 0.001, data: 0.001) , D_A: 0.142, G_A: 0.954, cycle_A: 0.150, D_B: 0.193, G_B: 0.988, cycle_B: 0.226, gp: 0.193

[Rank 0] (epoch: 50, iters: 26048, time: 0.001, data: 0.001) , D_A: 0.120, G_A: 0.955, cycle_A: 0.154, D_B: 0.125, G_B: 0.980, cycle_B: 0.228, gp: 0.125

[Rank 0] (epoch: 50, iters: 27648, time: 0.001, data: 0.001) , D_A: 0.162, G_A: 0.923, cycle_A: 0.159, D_B: 0.132, G_B: 0.976, cycle_B: 0.221, gp: 0.131

[Rank 0] (epoch: 50, iters: 29248, time: 0.001, data: 0.001) , D_A: 0.113, G_A: 0.950, cycle_A: 0.154, D_B: 0.223, G_B: 0.989, cycle_B: 0.222, gp: 0.222

[Rank 0] (epoch: 50, iters: 30848, time: 0.001, data: 0.001) , D_A: 0.127, G_A: 0.962, cycle_A: 0.144, D_B: 0.141, G_B: 0.999, cycle_B: 0.219, gp: 0.140

[Rank 0] (epoch: 50, iters: 32448, time: 0.001, data: 0.001) , D_A: 0.172, G_A: 0.981, cycle_A: 0.143, D_B: 0.118, G_B: 0.983, cycle_B: 0.220, gp: 0.118

[Rank 0] (epoch: 50, iters: 34048, time: 0.001, data: 0.001) , D_A: 0.209, G_A: 0.958, cycle_A: 0.156, D_B: 0.088, G_B: 0.988, cycle_B: 0.228, gp: 0.087

[Rank 0] (epoch: 50, iters: 35648, time: 0.001, data: 0.001) , D_A: 0.154, G_A: 0.964, cycle_A: 0.135, D_B: 0.127, G_B: 0.989, cycle_B: 0.220, gp: 0.126

[Rank 0] (epoch: 50, iters: 37248, time: 0.001, data: 0.001) , D_A: 0.112, G_A: 0.996, cycle_A: 0.166, D_B: 0.132, G_B: 0.992, cycle_B: 0.225, gp: 0.131

[Rank 0] (epoch: 50, iters: 38848, time: 0.001, data: 0.001) , D_A: 0.076, G_A: 0.959, cycle_A: 0.145, D_B: 0.132, G_B: 0.994, cycle_B: 0.219, gp: 0.131

[Rank 0] (epoch: 50, iters: 40448, time: 0.001, data: 0.002) , D_A: 0.086, G_A: 0.963, cycle_A: 0.154, D_B: 0.169, G_B: 0.983, cycle_B: 0.223, gp: 0.168

learning rate 0.0000182 -> 0.0000000
temperature tau = 0.1000
saving the model at the end of epoch 50, iters 2022400
End of epoch 50 / 50 	 Time Taken: 35 sec
----------------- Options ---------------
             aspect_ratio: 1.0                           
               batch_size: 64                            
          checkpoints_dir: ./checkpoints                 
                crop_size: 256                           
                 dataroot: .                             	[default: None]
             dataset_mode: cipher                        
                direction: AtoB                          
               display_id: 0                             
          display_winsize: 256                           
                embed_dim: 256                           	[default: 64]
                    epoch: latest                        
                     eval: False                         
                 gan_mode: lsgan                         
                   gumbel: False                         
                init_gain: 0.02                          
                init_type: normal                        
                 input_nc: 3                             
                  isTrain: False                         	[default: None]
                     kw_D: 15                            	[default: 4]
                 lambda_A: 10.0                          
                 lambda_B: 10.0                          
                lambda_gp: 10.0                          
          lambda_identity: 0.0                           
                load_iter: 0                             	[default: 0]
                load_size: 256                           
                       lr: 0.0002                        
         matched_softness: True                          	[default: False]
         max_dataset_size: inf                           
                    model: cipher_cycle_gan              	[default: test]
               n_blocks_G: 5                             	[default: 4]
                 n_critic: 1                             
               n_layers_D: 5                             	[default: 3]
                     name: a27_s2_gp1                    	[default: experiment_name]
                      ndf: 32                            	[default: 128]
                     netD: seq                           
                     netG: seq                           
                      ngf: 128                           
               no_dropout: True                          
                  no_flip: True                          
                     norm: layer                         	[default: instance]
                 npz_path: data/a27/dataset.npz          	[default: None]
                 num_test: 50                            
              num_threads: 4                             
                output_nc: 3                             
                pair_seed: 0                             
                    phase: test                          
              pointwise_G: True                          	[default: False]
               preprocess: none                          
         real_logit_scale: 5.0                           
              results_dir: ./results/                    
           serial_batches: False                         
         straight_through: True                          	[default: False]
                   suffix:                               
                  tau_end: 0.1                           
                tau_start: 1.0                           
                   use_gp: False                         
                use_wandb: False                         
                  verbose: False                         
               vocab_size: -1                            
       wandb_project_name: CycleGAN-and-pix2pix          
----------------- End -------------------
[cipher] eval: A(cipher)=(8986, 64) B(plain)=(8986, 64) vocab=28 cipher=substitution paired=True
dataset [CipherDataset] was created
Initialized with device cuda:0
initialize network with normal
Initialized with device cuda:0
initialize network with normal
model [CipherCycleGANModel] was created
Initialized with device cuda:0
initialize network with normal
loading the model from checkpoints/a27_s2_gp1/latest_net_G_A.pth
Initialized with device cuda:0
initialize network with normal
loading the model from checkpoints/a27_s2_gp1/latest_net_G_B.pth
---------- Networks initialized -------------
[Network G_A] Total number of parameters : 0.212 M
[Network G_B] Total number of parameters : 0.212 M
-----------------------------------------------

==============================================================
cipher              substitution (key=perm-seed0)
samples             8986 x 64
character accuracy  0.0643   (chance ~0.0370)
character error     0.9357
key recovery        0.0741   (coverage 1.000)
==============================================================
cipher in : uvo lprmuaph kualpfgurzgfpw pw n pcunk lpfupn tvqb pfgtfpw pgto 
decrypted : oheaxikcosinaposxi gok g ieaieadailodpaxi oidarhfcai gr ieaigrea
truth     : olved upon second thought we were forced to realize that we have

wrote ./checkpoints/a27_s2_gp1/eval_metrics.json
wrote ./checkpoints/a27_s2_gp1/curves_a27_s2_gp1.png

loss             first      last       min       max
D_A              0.844     0.086     0.047     1.007
G_A              0.231     0.963     0.102     1.694
cycle_A          1.000     0.154     0.087     4.682
D_B              0.694     0.169     0.058     1.183
G_B              0.176     0.983     0.036     1.557
cycle_B          1.128     0.223     0.094     4.127
gp               0.400     0.168     0.057     0.513

D_A over the final window: 0.155
  -> neither collapsed nor at equilibrium; inspect the shape.
