=== task 0 : dataset=a27 seed=1 ===
NVIDIA A100-SXM4-80GB
----------------- Options ---------------
               batch_size: 64                            
                    beta1: 0.0                           	[default: 0.5]
          checkpoints_dir: ./checkpoints                 
           continue_train: False                         
                crop_size: 256                           
               cycle_loss: ce                            
                 dataroot: .                             	[default: None]
             dataset_mode: cipher                        
                direction: AtoB                          
             display_freq: 20000                         	[default: 400]
               display_id: 0                             
          display_winsize: 256                           
                embed_dim: 256                           	[default: 64]
                    epoch: latest                        
              epoch_count: 1                             
                 gan_mode: lsgan                         
                   gumbel: False                         
                init_gain: 0.02                          
                init_type: normal                        
                 input_nc: 3                             
                  isTrain: True                          	[default: None]
                     kw_D: 15                            	[default: 4]
                 lambda_A: 1.0                           	[default: 10.0]
                 lambda_B: 1.0                           	[default: 10.0]
                lambda_gp: 1.0                           	[default: 10.0]
          lambda_identity: 0.0                           
                load_iter: 0                             	[default: 0]
                load_size: 286                           
                       lr: 0.0002                        
           lr_decay_iters: 50                            
                lr_policy: linear                        
         matched_softness: True                          	[default: False]
         max_dataset_size: inf                           
                    model: cipher_cycle_gan              	[default: cycle_gan]
               n_blocks_G: 5                             	[default: 4]
                 n_critic: 1                             
                 n_epochs: 40                            	[default: 100]
           n_epochs_decay: 10                            	[default: 100]
               n_layers_D: 5                             	[default: 3]
                     name: a27_s1_gp1                    	[default: experiment_name]
                      ndf: 32                            	[default: 128]
                     netD: seq                           
                     netG: seq                           
                      ngf: 128                           
               no_dropout: True                          
                  no_flip: True                          
                  no_html: False                         
                     norm: layer                         	[default: instance]
                 npz_path: data/a27/dataset.npz          	[default: None]
              num_threads: 8                             	[default: 4]
                output_nc: 3                             
                pair_seed: 1                             	[default: 0]
                    phase: train                         
              pointwise_G: True                          	[default: False]
                pool_size: 50                            
               preprocess: none                          
               print_freq: 100                           
         real_logit_scale: 5.0                           
             save_by_iter: False                         
          save_epoch_freq: 50                            	[default: 5]
         save_latest_freq: 5000                          
           serial_batches: False                         
         straight_through: True                          	[default: False]
                   suffix:                               
                  tau_end: 0.1                           
                tau_start: 0.5                           	[default: 1.0]
         update_html_freq: 1000                          
                   use_gp: True                          	[default: False]
                use_wandb: False                         
                  verbose: False                         
               vocab_size: -1                            
       wandb_project_name: CycleGAN-and-pix2pix          
----------------- End -------------------
Initialized with device cuda:0
[cipher] train: A(cipher)=(40436, 64) B(plain)=(40436, 64) vocab=28 cipher=substitution paired=False
dataset [CipherDataset] was created
The number of training images = 40436
Initialized with device cuda:0
initialize network with normal
Initialized with device cuda:0
initialize network with normal
Initialized with device cuda:0
initialize network with normal
Initialized with device cuda:0
initialize network with normal
model [CipherCycleGANModel] was created
Initialized with device cuda:0
initialize network with normal
Initialized with device cuda:0
initialize network with normal
Initialized with device cuda:0
initialize network with normal
Initialized with device cuda:0
initialize network with normal
---------- Networks initialized -------------
[Network G_A] Total number of parameters : 0.212 M
[Network G_B] Total number of parameters : 0.212 M
[Network D_A] Total number of parameters : 0.477 M
[Network D_B] Total number of parameters : 0.477 M
-----------------------------------------------
create web directory checkpoints/a27_s1_gp1/web...
[Rank 0] (epoch: 1, iters: 1600, time: 0.001, data: 0.094) , D_A: 0.775, G_A: 0.472, cycle_A: 1.871, D_B: 0.809, G_B: 0.324, cycle_B: 2.682, gp: 0.482

[Rank 0] (epoch: 1, iters: 3200, time: 0.001, data: 0.001) , D_A: 0.652, G_A: 0.691, cycle_A: 0.778, D_B: 0.691, G_B: 0.824, cycle_B: 1.284, gp: 0.396

[Rank 0] (epoch: 1, iters: 4800, time: 0.001, data: 0.001) , D_A: 0.651, G_A: 0.352, cycle_A: 0.593, D_B: 0.547, G_B: 0.566, cycle_B: 1.130, gp: 0.391

[Rank 0] (epoch: 1, iters: 6400, time: 0.001, data: 0.001) , D_A: 0.545, G_A: 0.498, cycle_A: 0.773, D_B: 0.646, G_B: 0.257, cycle_B: 0.761, gp: 0.345

[Rank 0] (epoch: 1, iters: 8000, time: 0.001, data: 0.001) , D_A: 0.566, G_A: 0.401, cycle_A: 0.401, D_B: 0.670, G_B: 0.230, cycle_B: 0.461, gp: 0.364

[Rank 0] (epoch: 1, iters: 9600, time: 0.001, data: 0.001) , D_A: 0.392, G_A: 0.941, cycle_A: 0.446, D_B: 0.629, G_B: 2.130, cycle_B: 0.470, gp: 0.463

[Rank 0] (epoch: 1, iters: 11200, time: 0.001, data: 0.001) , D_A: 0.412, G_A: 0.902, cycle_A: 0.339, D_B: 0.456, G_B: 1.075, cycle_B: 0.355, gp: 0.332

[Rank 0] (epoch: 1, iters: 12800, time: 0.001, data: 0.001) , D_A: 0.669, G_A: 0.294, cycle_A: 0.338, D_B: 0.473, G_B: 0.552, cycle_B: 0.364, gp: 0.325

[Rank 0] (epoch: 1, iters: 14400, time: 0.001, data: 0.001) , D_A: 0.453, G_A: 0.450, cycle_A: 0.329, D_B: 0.447, G_B: 0.810, cycle_B: 0.335, gp: 0.365

[Rank 0] (epoch: 1, iters: 16000, time: 0.001, data: 0.001) , D_A: 0.358, G_A: 1.121, cycle_A: 0.358, D_B: 0.440, G_B: 0.818, cycle_B: 0.314, gp: 0.384

[Rank 0] (epoch: 1, iters: 17600, time: 0.001, data: 0.001) , D_A: 0.371, G_A: 0.617, cycle_A: 0.261, D_B: 0.456, G_B: 0.354, cycle_B: 0.279, gp: 0.300

[Rank 0] (epoch: 1, iters: 19200, time: 0.001, data: 0.001) , D_A: 0.363, G_A: 0.998, cycle_A: 0.284, D_B: 0.376, G_B: 1.111, cycle_B: 0.258, gp: 0.321

[Rank 0] (epoch: 1, iters: 20800, time: 0.001, data: 0.001) , D_A: 0.416, G_A: 0.742, cycle_A: 0.241, D_B: 0.412, G_B: 1.338, cycle_B: 0.280, gp: 0.351

[Rank 0] (epoch: 1, iters: 22400, time: 0.001, data: 0.001) , D_A: 0.377, G_A: 0.513, cycle_A: 0.249, D_B: 0.429, G_B: 1.136, cycle_B: 0.274, gp: 0.401

[Rank 0] (epoch: 1, iters: 24000, time: 0.001, data: 0.001) , D_A: 0.362, G_A: 0.721, cycle_A: 0.258, D_B: 0.737, G_B: 0.340, cycle_B: 0.289, gp: 0.345

[Rank 0] (epoch: 1, iters: 25600, time: 0.001, data: 0.001) , D_A: 0.300, G_A: 0.913, cycle_A: 0.292, D_B: 0.301, G_B: 0.502, cycle_B: 0.280, gp: 0.246

[Rank 0] (epoch: 1, iters: 27200, time: 0.001, data: 0.001) , D_A: 0.331, G_A: 0.698, cycle_A: 0.241, D_B: 0.419, G_B: 1.173, cycle_B: 0.234, gp: 0.348

[Rank 0] (epoch: 1, iters: 28800, time: 0.001, data: 0.001) , D_A: 0.376, G_A: 1.060, cycle_A: 0.217, D_B: 0.220, G_B: 0.970, cycle_B: 0.226, gp: 0.187

[Rank 0] (epoch: 1, iters: 30400, time: 0.001, data: 0.001) , D_A: 0.355, G_A: 0.579, cycle_A: 0.245, D_B: 0.384, G_B: 1.058, cycle_B: 0.227, gp: 0.348

[Rank 0] (epoch: 1, iters: 32000, time: 0.001, data: 0.001) , D_A: 0.306, G_A: 1.005, cycle_A: 0.250, D_B: 0.409, G_B: 0.842, cycle_B: 0.237, gp: 0.366

[Rank 0] (epoch: 1, iters: 33600, time: 0.001, data: 0.001) , D_A: 0.414, G_A: 0.922, cycle_A: 0.254, D_B: 0.491, G_B: 1.427, cycle_B: 0.254, gp: 0.343

[Rank 0] (epoch: 1, iters: 35200, time: 0.001, data: 0.001) , D_A: 0.349, G_A: 1.181, cycle_A: 0.228, D_B: 0.392, G_B: 0.843, cycle_B: 0.238, gp: 0.368

[Rank 0] (epoch: 1, iters: 36800, time: 0.001, data: 0.001) , D_A: 0.283, G_A: 1.213, cycle_A: 0.227, D_B: 0.317, G_B: 0.979, cycle_B: 0.226, gp: 0.295

[Rank 0] (epoch: 1, iters: 38400, time: 0.001, data: 0.001) , D_A: 0.283, G_A: 0.865, cycle_A: 0.198, D_B: 0.284, G_B: 0.865, cycle_B: 0.234, gp: 0.233

--- iter tau=0.5000 ---
  cipher in :  pg pntapurfpqafupfg pluwamurnphm lptknuhhpfg pytnlptalpqafupfg 
  decrypted : a ra got iuh sthi hra eintniug enae odgiee hra loge ote sthi hra
  real plain:  early part of the chromatogram the complete in the latter part 
  cipher in : unpitnd fpcunpgui ptmmvqtak hpkg iqktvhptalpufg npmnulrkfhpctni 
  decrypted : ig pognah qig ripa onnlsotdae drapsdole ote ihrag ngieudhe qogpa
  real plain: d sand dunes will attract more people than a nearby area with on
[Rank 0] (epoch: 1, iters: 40000, time: 0.001, data: 0.001) , D_A: 0.404, G_A: 0.474, cycle_A: 0.217, D_B: 0.345, G_B: 0.945, cycle_B: 0.222, gp: 0.320

saving the latest model (epoch 1, total_iters 40000)
learning rate 0.0002000 -> 0.0002000
temperature tau = 0.4838
End of epoch 1 / 50 	 Time Taken: 32 sec
[Rank 0] (epoch: 2, iters: 1152, time: 0.001, data: 0.001) , D_A: 0.254, G_A: 0.841, cycle_A: 0.276, D_B: 0.466, G_B: 1.180, cycle_B: 0.236, gp: 0.423

[Rank 0] (epoch: 2, iters: 2752, time: 0.001, data: 0.001) , D_A: 0.294, G_A: 0.953, cycle_A: 0.265, D_B: 0.339, G_B: 0.952, cycle_B: 0.231, gp: 0.305

[Rank 0] (epoch: 2, iters: 4352, time: 0.001, data: 0.001) , D_A: 0.206, G_A: 0.927, cycle_A: 0.278, D_B: 0.365, G_B: 0.613, cycle_B: 0.250, gp: 0.272

[Rank 0] (epoch: 2, iters: 5952, time: 0.001, data: 0.001) , D_A: 0.227, G_A: 0.927, cycle_A: 0.333, D_B: 0.348, G_B: 1.225, cycle_B: 0.243, gp: 0.304

[Rank 0] (epoch: 2, iters: 7552, time: 0.001, data: 0.002) , D_A: 0.470, G_A: 1.503, cycle_A: 0.224, D_B: 0.392, G_B: 0.681, cycle_B: 0.248, gp: 0.362

[Rank 0] (epoch: 2, iters: 9152, time: 0.001, data: 0.001) , D_A: 0.342, G_A: 0.900, cycle_A: 0.235, D_B: 0.301, G_B: 0.949, cycle_B: 0.223, gp: 0.283

[Rank 0] (epoch: 2, iters: 10752, time: 0.001, data: 0.003) , D_A: 0.230, G_A: 0.973, cycle_A: 0.235, D_B: 0.279, G_B: 1.007, cycle_B: 0.224, gp: 0.244

[Rank 0] (epoch: 2, iters: 12352, time: 0.001, data: 0.001) , D_A: 0.286, G_A: 0.858, cycle_A: 0.248, D_B: 0.227, G_B: 0.902, cycle_B: 0.230, gp: 0.210

[Rank 0] (epoch: 2, iters: 13952, time: 0.001, data: 0.001) , D_A: 0.257, G_A: 0.975, cycle_A: 0.243, D_B: 0.189, G_B: 0.944, cycle_B: 0.212, gp: 0.174

[Rank 0] (epoch: 2, iters: 15552, time: 0.001, data: 0.001) , D_A: 0.310, G_A: 0.905, cycle_A: 0.226, D_B: 0.378, G_B: 0.969, cycle_B: 0.244, gp: 0.364

[Rank 0] (epoch: 2, iters: 17152, time: 0.001, data: 0.001) , D_A: 0.179, G_A: 0.899, cycle_A: 0.237, D_B: 0.293, G_B: 0.946, cycle_B: 0.227, gp: 0.276

[Rank 0] (epoch: 2, iters: 18752, time: 0.001, data: 0.001) , D_A: 0.253, G_A: 1.019, cycle_A: 0.238, D_B: 0.367, G_B: 0.832, cycle_B: 0.221, gp: 0.344

[Rank 0] (epoch: 2, iters: 20352, time: 0.001, data: 0.003) , D_A: 0.361, G_A: 0.838, cycle_A: 0.215, D_B: 0.292, G_B: 0.993, cycle_B: 0.227, gp: 0.277

[Rank 0] (epoch: 2, iters: 21952, time: 0.001, data: 0.001) , D_A: 0.288, G_A: 1.022, cycle_A: 0.236, D_B: 0.286, G_B: 0.752, cycle_B: 0.241, gp: 0.257

[Rank 0] (epoch: 2, iters: 23552, time: 0.001, data: 0.001) , D_A: 0.382, G_A: 0.997, cycle_A: 0.225, D_B: 0.284, G_B: 1.008, cycle_B: 0.227, gp: 0.267

[Rank 0] (epoch: 2, iters: 25152, time: 0.001, data: 0.001) , D_A: 0.226, G_A: 0.957, cycle_A: 0.233, D_B: 0.439, G_B: 1.253, cycle_B: 0.246, gp: 0.405

[Rank 0] (epoch: 2, iters: 26752, time: 0.001, data: 0.002) , D_A: 0.233, G_A: 1.021, cycle_A: 0.200, D_B: 0.323, G_B: 0.928, cycle_B: 0.222, gp: 0.308

[Rank 0] (epoch: 2, iters: 28352, time: 0.001, data: 0.001) , D_A: 0.204, G_A: 0.784, cycle_A: 0.228, D_B: 0.327, G_B: 0.692, cycle_B: 0.237, gp: 0.279

[Rank 0] (epoch: 2, iters: 29952, time: 0.001, data: 0.001) , D_A: 0.180, G_A: 1.001, cycle_A: 0.235, D_B: 0.353, G_B: 1.119, cycle_B: 0.221, gp: 0.324

[Rank 0] (epoch: 2, iters: 31552, time: 0.001, data: 0.001) , D_A: 0.209, G_A: 0.898, cycle_A: 0.212, D_B: 0.288, G_B: 0.857, cycle_B: 0.217, gp: 0.270

[Rank 0] (epoch: 2, iters: 33152, time: 0.001, data: 0.001) , D_A: 0.318, G_A: 1.055, cycle_A: 0.215, D_B: 0.283, G_B: 1.005, cycle_B: 0.222, gp: 0.270

[Rank 0] (epoch: 2, iters: 34752, time: 0.001, data: 0.001) , D_A: 0.346, G_A: 1.037, cycle_A: 0.254, D_B: 0.249, G_B: 0.984, cycle_B: 0.224, gp: 0.238

[Rank 0] (epoch: 2, iters: 36352, time: 0.001, data: 0.001) , D_A: 0.214, G_A: 1.092, cycle_A: 0.236, D_B: 0.344, G_B: 0.846, cycle_B: 0.212, gp: 0.326

[Rank 0] (epoch: 2, iters: 37952, time: 0.001, data: 0.001) , D_A: 0.274, G_A: 1.026, cycle_A: 0.193, D_B: 0.273, G_B: 0.888, cycle_B: 0.219, gp: 0.260

--- iter tau=0.4838 ---
  cipher in :  cuniqhipfgtfpiuhfpn tvfunhpqalqoqlrtvvyph  ipl f niqa lpfuptouq
  decrypted : acimpsep hroh pieh maolhime stesnseuolll eaap eahampstae hi onis
  real plain: portant inorganic ingredients of hardsurface cleaners in additio
  cipher in : uapucpfg pfwupqfphgurvlphf navyptmmntqh pkrnnqkrvtpctkrvfypunzta
  decrypted : it ic hra hni sh eriule ehamtll onnmosea dummsdulo codulhl imkot
  real plain:  was married she thought she was going to die she had assumed be
[Rank 0] (epoch: 2, iters: 39552, time: 0.001, data: 0.001) , D_A: 0.343, G_A: 0.989, cycle_A: 0.209, D_B: 0.353, G_B: 0.918, cycle_B: 0.228, gp: 0.336

saving the latest model (epoch 2, total_iters 80000)
learning rate 0.0002000 -> 0.0002000
temperature tau = 0.4682
End of epoch 2 / 50 	 Time Taken: 37 sec
[Rank 0] (epoch: 3, iters: 704, time: 0.001, data: 0.001) , D_A: 0.249, G_A: 1.075, cycle_A: 0.218, D_B: 0.304, G_B: 1.093, cycle_B: 0.246, gp: 0.292

[Rank 0] (epoch: 3, iters: 2304, time: 0.001, data: 0.000) , D_A: 0.274, G_A: 1.011, cycle_A: 0.212, D_B: 0.555, G_B: 0.619, cycle_B: 0.208, gp: 0.368

[Rank 0] (epoch: 3, iters: 3904, time: 0.001, data: 0.001) , D_A: 0.296, G_A: 1.259, cycle_A: 0.281, D_B: 0.407, G_B: 1.135, cycle_B: 0.251, gp: 0.382

[Rank 0] (epoch: 3, iters: 5504, time: 0.001, data: 0.001) , D_A: 0.274, G_A: 1.014, cycle_A: 0.271, D_B: 0.275, G_B: 0.963, cycle_B: 0.211, gp: 0.262

[Rank 0] (epoch: 3, iters: 7104, time: 0.001, data: 0.001) , D_A: 0.323, G_A: 1.019, cycle_A: 0.230, D_B: 0.182, G_B: 1.004, cycle_B: 0.213, gp: 0.171

[Rank 0] (epoch: 3, iters: 8704, time: 0.001, data: 0.001) , D_A: 0.242, G_A: 0.944, cycle_A: 1.313, D_B: 0.562, G_B: 1.394, cycle_B: 0.662, gp: 0.239

[Rank 0] (epoch: 3, iters: 10304, time: 0.001, data: 0.001) , D_A: 0.229, G_A: 0.902, cycle_A: 1.442, D_B: 0.310, G_B: 1.087, cycle_B: 0.677, gp: 0.280

[Rank 0] (epoch: 3, iters: 11904, time: 0.001, data: 0.001) , D_A: 0.298, G_A: 0.960, cycle_A: 0.286, D_B: 0.359, G_B: 0.811, cycle_B: 0.238, gp: 0.338

[Rank 0] (epoch: 3, iters: 13504, time: 0.001, data: 0.001) , D_A: 0.308, G_A: 1.103, cycle_A: 0.363, D_B: 0.377, G_B: 1.063, cycle_B: 0.216, gp: 0.359

[Rank 0] (epoch: 3, iters: 15104, time: 0.001, data: 0.001) , D_A: 0.314, G_A: 0.974, cycle_A: 0.312, D_B: 0.286, G_B: 1.054, cycle_B: 0.229, gp: 0.271

[Rank 0] (epoch: 3, iters: 16704, time: 0.001, data: 0.001) , D_A: 0.333, G_A: 1.175, cycle_A: 0.274, D_B: 0.266, G_B: 0.930, cycle_B: 0.214, gp: 0.253

[Rank 0] (epoch: 3, iters: 18304, time: 0.001, data: 0.001) , D_A: 0.207, G_A: 0.982, cycle_A: 0.302, D_B: 0.332, G_B: 1.260, cycle_B: 0.216, gp: 0.299

[Rank 0] (epoch: 3, iters: 19904, time: 0.001, data: 0.001) , D_A: 0.339, G_A: 1.142, cycle_A: 0.263, D_B: 0.322, G_B: 0.828, cycle_B: 0.240, gp: 0.300

[Rank 0] (epoch: 3, iters: 21504, time: 0.001, data: 0.001) , D_A: 0.152, G_A: 0.936, cycle_A: 0.278, D_B: 0.279, G_B: 0.827, cycle_B: 0.229, gp: 0.256

[Rank 0] (epoch: 3, iters: 23104, time: 0.001, data: 0.001) , D_A: 0.226, G_A: 1.060, cycle_A: 0.227, D_B: 0.256, G_B: 0.999, cycle_B: 0.221, gp: 0.242

[Rank 0] (epoch: 3, iters: 24704, time: 0.001, data: 0.001) , D_A: 0.260, G_A: 0.784, cycle_A: 0.227, D_B: 0.197, G_B: 0.896, cycle_B: 0.241, gp: 0.183

[Rank 0] (epoch: 3, iters: 26304, time: 0.001, data: 0.001) , D_A: 0.241, G_A: 0.875, cycle_A: 0.309, D_B: 0.337, G_B: 1.106, cycle_B: 0.208, gp: 0.315

[Rank 0] (epoch: 3, iters: 27904, time: 0.001, data: 0.001) , D_A: 0.257, G_A: 0.951, cycle_A: 0.286, D_B: 0.215, G_B: 1.059, cycle_B: 0.213, gp: 0.203

[Rank 0] (epoch: 3, iters: 29504, time: 0.001, data: 0.001) , D_A: 0.268, G_A: 0.971, cycle_A: 0.272, D_B: 0.205, G_B: 0.966, cycle_B: 0.230, gp: 0.196

[Rank 0] (epoch: 3, iters: 31104, time: 0.001, data: 0.001) , D_A: 0.271, G_A: 0.971, cycle_A: 0.282, D_B: 0.279, G_B: 0.835, cycle_B: 0.207, gp: 0.255

[Rank 0] (epoch: 3, iters: 32704, time: 0.001, data: 0.001) , D_A: 0.335, G_A: 1.058, cycle_A: 0.287, D_B: 0.314, G_B: 1.242, cycle_B: 0.207, gp: 0.273

[Rank 0] (epoch: 3, iters: 34304, time: 0.001, data: 0.001) , D_A: 0.218, G_A: 1.224, cycle_A: 0.286, D_B: 0.206, G_B: 0.939, cycle_B: 0.213, gp: 0.195

[Rank 0] (epoch: 3, iters: 35904, time: 0.001, data: 0.001) , D_A: 0.311, G_A: 0.983, cycle_A: 0.263, D_B: 0.207, G_B: 0.925, cycle_B: 0.212, gp: 0.195

[Rank 0] (epoch: 3, iters: 37504, time: 0.001, data: 0.001) , D_A: 0.261, G_A: 1.060, cycle_A: 0.269, D_B: 0.219, G_B: 1.018, cycle_B: 0.222, gp: 0.206

--- iter tau=0.4682 ---
  cipher in : pyurpitlti pau vpqpfgqadpyurpgtlpe ff npzuphtqlpinhpkrmmvyptalpq
  decrypted :  liu poeopa tiae s hrstn liu roe cahhab vi eose pbe dunnel ote s
  real plain:  mae would want him to do though he was sure of this once he had
  cipher in : mn h af lpqapkgtmf npfg pcuvvuwqazpz a ntvqbtfquahpteurfpfg p iu
  decrypted : nbaeathae st dronhab hra tieeinstv vataboes ohsite ociuh hra api
  real plain: t bet is to go through the society columns of last year and see 
[Rank 0] (epoch: 3, iters: 39104, time: 0.001, data: 0.001) , D_A: 0.236, G_A: 1.018, cycle_A: 0.293, D_B: 0.217, G_B: 0.980, cycle_B: 0.201, gp: 0.205

saving the latest model (epoch 3, total_iters 120000)
learning rate 0.0002000 -> 0.0002000
temperature tau = 0.4531
End of epoch 3 / 50 	 Time Taken: 33 sec
[Rank 0] (epoch: 4, iters: 256, time: 0.001, data: 0.001) , D_A: 0.332, G_A: 0.964, cycle_A: 0.273, D_B: 0.269, G_B: 0.949, cycle_B: 0.201, gp: 0.258

[Rank 0] (epoch: 4, iters: 1856, time: 0.001, data: 0.000) , D_A: 0.199, G_A: 0.968, cycle_A: 0.289, D_B: 0.304, G_B: 0.872, cycle_B: 0.204, gp: 0.293

[Rank 0] (epoch: 4, iters: 3456, time: 0.001, data: 0.002) , D_A: 0.348, G_A: 1.016, cycle_A: 0.260, D_B: 0.205, G_B: 1.005, cycle_B: 0.225, gp: 0.197

[Rank 0] (epoch: 4, iters: 5056, time: 0.001, data: 0.001) , D_A: 0.277, G_A: 1.004, cycle_A: 0.269, D_B: 0.313, G_B: 0.890, cycle_B: 0.215, gp: 0.296

[Rank 0] (epoch: 4, iters: 6656, time: 0.001, data: 0.001) , D_A: 0.459, G_A: 1.726, cycle_A: 0.254, D_B: 0.314, G_B: 0.943, cycle_B: 0.228, gp: 0.305

[Rank 0] (epoch: 4, iters: 8256, time: 0.001, data: 0.001) , D_A: 0.295, G_A: 0.969, cycle_A: 0.314, D_B: 0.227, G_B: 1.045, cycle_B: 0.207, gp: 0.212

[Rank 0] (epoch: 4, iters: 9856, time: 0.001, data: 0.001) , D_A: 0.185, G_A: 0.999, cycle_A: 0.286, D_B: 0.203, G_B: 1.036, cycle_B: 0.237, gp: 0.190

[Rank 0] (epoch: 4, iters: 11456, time: 0.001, data: 0.001) , D_A: 0.261, G_A: 0.938, cycle_A: 0.315, D_B: 0.314, G_B: 1.047, cycle_B: 0.226, gp: 0.298

[Rank 0] (epoch: 4, iters: 13056, time: 0.001, data: 0.001) , D_A: 0.215, G_A: 1.005, cycle_A: 0.278, D_B: 0.193, G_B: 0.976, cycle_B: 0.223, gp: 0.179

[Rank 0] (epoch: 4, iters: 14656, time: 0.001, data: 0.002) , D_A: 0.284, G_A: 0.853, cycle_A: 0.232, D_B: 0.234, G_B: 0.906, cycle_B: 0.243, gp: 0.222

[Rank 0] (epoch: 4, iters: 16256, time: 0.001, data: 0.002) , D_A: 0.163, G_A: 1.045, cycle_A: 0.241, D_B: 0.245, G_B: 0.845, cycle_B: 0.212, gp: 0.232

[Rank 0] (epoch: 4, iters: 17856, time: 0.001, data: 0.001) , D_A: 0.233, G_A: 0.985, cycle_A: 0.256, D_B: 0.239, G_B: 0.963, cycle_B: 0.214, gp: 0.232

[Rank 0] (epoch: 4, iters: 19456, time: 0.001, data: 0.001) , D_A: 0.221, G_A: 0.906, cycle_A: 0.247, D_B: 0.159, G_B: 0.965, cycle_B: 0.206, gp: 0.150

[Rank 0] (epoch: 4, iters: 21056, time: 0.001, data: 0.001) , D_A: 0.195, G_A: 0.976, cycle_A: 0.267, D_B: 0.249, G_B: 1.138, cycle_B: 0.212, gp: 0.232

[Rank 0] (epoch: 4, iters: 22656, time: 0.001, data: 0.002) , D_A: 0.253, G_A: 0.917, cycle_A: 0.259, D_B: 0.232, G_B: 1.074, cycle_B: 0.212, gp: 0.225

[Rank 0] (epoch: 4, iters: 24256, time: 0.001, data: 0.001) , D_A: 0.213, G_A: 1.132, cycle_A: 0.235, D_B: 0.266, G_B: 0.745, cycle_B: 0.219, gp: 0.243

[Rank 0] (epoch: 4, iters: 25856, time: 0.001, data: 0.001) , D_A: 0.263, G_A: 1.065, cycle_A: 0.248, D_B: 0.209, G_B: 1.008, cycle_B: 0.200, gp: 0.201

[Rank 0] (epoch: 4, iters: 27456, time: 0.001, data: 0.002) , D_A: 0.186, G_A: 1.025, cycle_A: 0.216, D_B: 0.244, G_B: 1.057, cycle_B: 0.202, gp: 0.231

[Rank 0] (epoch: 4, iters: 29056, time: 0.001, data: 0.001) , D_A: 0.277, G_A: 0.934, cycle_A: 0.217, D_B: 0.212, G_B: 0.967, cycle_B: 0.201, gp: 0.204

[Rank 0] (epoch: 4, iters: 30656, time: 0.001, data: 0.002) , D_A: 0.258, G_A: 1.047, cycle_A: 0.229, D_B: 0.245, G_B: 1.025, cycle_B: 0.201, gp: 0.238

[Rank 0] (epoch: 4, iters: 32256, time: 0.001, data: 0.001) , D_A: 0.230, G_A: 0.943, cycle_A: 0.232, D_B: 0.228, G_B: 0.962, cycle_B: 0.199, gp: 0.219

[Rank 0] (epoch: 4, iters: 33856, time: 0.001, data: 0.001) , D_A: 0.258, G_A: 0.989, cycle_A: 0.218, D_B: 0.194, G_B: 1.002, cycle_B: 0.201, gp: 0.184

[Rank 0] (epoch: 4, iters: 35456, time: 0.001, data: 0.003) , D_A: 0.151, G_A: 0.958, cycle_A: 0.179, D_B: 0.259, G_B: 0.920, cycle_B: 0.219, gp: 0.248

[Rank 0] (epoch: 4, iters: 37056, time: 0.001, data: 0.001) , D_A: 0.225, G_A: 1.020, cycle_A: 0.153, D_B: 0.462, G_B: 1.095, cycle_B: 0.211, gp: 0.427

--- iter tau=0.4531 ---
  cipher in : hpucpwuulptalpi ftvpfg h puqvhpl o vumpgtnlphiuufgpcqvihpwg apfg
  decrypted : e ij niiz otz pahoe hraea isee zanaein rogz epiihr jsepe nrat hr
  real plain: now thats the only kind he wants where can we get this cereal he
  cipher in : wunvlpzua ptn pfg pltyhpwg apqapfg paqa f  afgpk afrnyphkq afqhf
  decrypted : nigez kita oga hra zole nrat st hra tstahaathr dathugl edsathseh
  real plain:  needed hal yarrow was among the last to go into the suspensor a
[Rank 0] (epoch: 4, iters: 38656, time: 0.001, data: 0.001) , D_A: 0.313, G_A: 0.988, cycle_A: 0.166, D_B: 0.176, G_B: 0.980, cycle_B: 0.211, gp: 0.169

saving the latest model (epoch 4, total_iters 160000)
[Rank 0] (epoch: 4, iters: 40256, time: 0.001, data: 0.001) , D_A: 0.300, G_A: 1.000, cycle_A: 0.159, D_B: 0.255, G_B: 1.090, cycle_B: 0.212, gp: 0.241

learning rate 0.0002000 -> 0.0002000
temperature tau = 0.4384
End of epoch 4 / 50 	 Time Taken: 39 sec
[Rank 0] (epoch: 5, iters: 1408, time: 0.001, data: 0.001) , D_A: 0.243, G_A: 0.911, cycle_A: 0.162, D_B: 0.244, G_B: 1.123, cycle_B: 0.165, gp: 0.210

[Rank 0] (epoch: 5, iters: 3008, time: 0.001, data: 0.001) , D_A: 0.232, G_A: 0.972, cycle_A: 0.172, D_B: 0.253, G_B: 0.961, cycle_B: 0.133, gp: 0.246

[Rank 0] (epoch: 5, iters: 4608, time: 0.001, data: 0.001) , D_A: 0.305, G_A: 0.921, cycle_A: 0.137, D_B: 0.188, G_B: 0.925, cycle_B: 0.141, gp: 0.182

[Rank 0] (epoch: 5, iters: 6208, time: 0.001, data: 0.001) , D_A: 0.364, G_A: 0.968, cycle_A: 0.136, D_B: 0.184, G_B: 0.966, cycle_B: 0.134, gp: 0.177

[Rank 0] (epoch: 5, iters: 7808, time: 0.001, data: 0.001) , D_A: 0.258, G_A: 0.955, cycle_A: 0.148, D_B: 0.201, G_B: 0.899, cycle_B: 0.137, gp: 0.189

[Rank 0] (epoch: 5, iters: 9408, time: 0.001, data: 0.001) , D_A: 0.267, G_A: 0.962, cycle_A: 0.162, D_B: 0.309, G_B: 0.903, cycle_B: 0.154, gp: 0.291

[Rank 0] (epoch: 5, iters: 11008, time: 0.001, data: 0.001) , D_A: 0.323, G_A: 0.998, cycle_A: 0.152, D_B: 0.269, G_B: 0.978, cycle_B: 0.145, gp: 0.260

[Rank 0] (epoch: 5, iters: 12608, time: 0.001, data: 0.001) , D_A: 0.259, G_A: 1.074, cycle_A: 0.142, D_B: 0.257, G_B: 0.939, cycle_B: 0.148, gp: 0.247

[Rank 0] (epoch: 5, iters: 14208, time: 0.001, data: 0.001) , D_A: 0.188, G_A: 1.038, cycle_A: 0.147, D_B: 0.156, G_B: 0.962, cycle_B: 0.133, gp: 0.147

[Rank 0] (epoch: 5, iters: 15808, time: 0.001, data: 0.001) , D_A: 0.164, G_A: 1.009, cycle_A: 0.151, D_B: 0.193, G_B: 0.947, cycle_B: 0.156, gp: 0.186

[Rank 0] (epoch: 5, iters: 17408, time: 0.001, data: 0.001) , D_A: 0.335, G_A: 0.980, cycle_A: 0.162, D_B: 0.260, G_B: 1.005, cycle_B: 0.138, gp: 0.252

[Rank 0] (epoch: 5, iters: 19008, time: 0.001, data: 0.001) , D_A: 0.192, G_A: 1.058, cycle_A: 0.160, D_B: 0.305, G_B: 0.913, cycle_B: 0.136, gp: 0.295

[Rank 0] (epoch: 5, iters: 20608, time: 0.001, data: 0.001) , D_A: 0.253, G_A: 0.984, cycle_A: 0.158, D_B: 0.246, G_B: 0.971, cycle_B: 0.136, gp: 0.237

[Rank 0] (epoch: 5, iters: 22208, time: 0.001, data: 0.001) , D_A: 0.249, G_A: 1.016, cycle_A: 0.147, D_B: 0.223, G_B: 0.975, cycle_B: 0.140, gp: 0.216

[Rank 0] (epoch: 5, iters: 23808, time: 0.001, data: 0.001) , D_A: 0.267, G_A: 0.974, cycle_A: 0.148, D_B: 0.279, G_B: 0.958, cycle_B: 0.127, gp: 0.270

[Rank 0] (epoch: 5, iters: 25408, time: 0.001, data: 0.001) , D_A: 0.168, G_A: 0.991, cycle_A: 0.154, D_B: 0.260, G_B: 0.999, cycle_B: 0.154, gp: 0.252

[Rank 0] (epoch: 5, iters: 27008, time: 0.001, data: 0.001) , D_A: 0.279, G_A: 1.210, cycle_A: 0.145, D_B: 0.113, G_B: 1.017, cycle_B: 0.142, gp: 0.104

[Rank 0] (epoch: 5, iters: 28608, time: 0.001, data: 0.001) , D_A: 0.142, G_A: 0.951, cycle_A: 0.132, D_B: 0.203, G_B: 0.979, cycle_B: 0.152, gp: 0.197

[Rank 0] (epoch: 5, iters: 30208, time: 0.001, data: 0.001) , D_A: 0.204, G_A: 1.075, cycle_A: 0.160, D_B: 0.207, G_B: 0.898, cycle_B: 0.148, gp: 0.199

[Rank 0] (epoch: 5, iters: 31808, time: 0.001, data: 0.001) , D_A: 0.253, G_A: 0.967, cycle_A: 0.143, D_B: 0.181, G_B: 1.021, cycle_B: 0.132, gp: 0.176

[Rank 0] (epoch: 5, iters: 33408, time: 0.001, data: 0.001) , D_A: 0.110, G_A: 1.074, cycle_A: 0.140, D_B: 1.072, G_B: 0.524, cycle_B: 0.144, gp: 0.284

[Rank 0] (epoch: 5, iters: 35008, time: 0.001, data: 0.001) , D_A: 0.201, G_A: 0.957, cycle_A: 0.160, D_B: 0.182, G_B: 0.972, cycle_B: 0.135, gp: 0.176

[Rank 0] (epoch: 5, iters: 36608, time: 0.001, data: 0.001) , D_A: 0.172, G_A: 0.981, cycle_A: 0.150, D_B: 0.180, G_B: 0.939, cycle_B: 0.125, gp: 0.170

--- iter tau=0.4384 ---
  cipher in : alpnukd lphdqmm lptalpxrim lperfpqaphui pfwupw  dhphg phftnf lpf
  decrypted : tw gidnaw ensnnaw otw rupnaw cuh st eipa hni naane era ehoghaw h
  real plain:  from infancy on the individual has been able to rely on and tru
  cipher in : paufpftd phql hpuapfg pqhhr pqfh vcpfg ypmuqafpurfphqimvypfgtfpq
  decrypted :  tih hona eswae it hra seeua sheaej hral nisth iuh espnel hroh s
  real plain:  said make an excuse yourself come out here today she would have
[Rank 0] (epoch: 5, iters: 38208, time: 0.001, data: 0.001) , D_A: 0.235, G_A: 1.079, cycle_A: 0.158, D_B: 0.245, G_B: 0.951, cycle_B: 0.141, gp: 0.236

saving the latest model (epoch 5, total_iters 200000)
[Rank 0] (epoch: 5, iters: 39808, time: 0.001, data: 0.001) , D_A: 0.251, G_A: 0.932, cycle_A: 0.130, D_B: 0.267, G_B: 0.968, cycle_B: 0.150, gp: 0.261

learning rate 0.0002000 -> 0.0002000
temperature tau = 0.4243
End of epoch 5 / 50 	 Time Taken: 34 sec
[Rank 0] (epoch: 6, iters: 960, time: 0.001, data: 0.001) , D_A: 0.205, G_A: 0.966, cycle_A: 0.141, D_B: 0.187, G_B: 0.957, cycle_B: 0.135, gp: 0.179

[Rank 0] (epoch: 6, iters: 2560, time: 0.001, data: 0.000) , D_A: 0.173, G_A: 0.931, cycle_A: 0.155, D_B: 0.263, G_B: 0.959, cycle_B: 0.135, gp: 0.258

[Rank 0] (epoch: 6, iters: 4160, time: 0.001, data: 0.002) , D_A: 0.398, G_A: 0.619, cycle_A: 0.159, D_B: 0.191, G_B: 0.982, cycle_B: 0.137, gp: 0.185

[Rank 0] (epoch: 6, iters: 5760, time: 0.001, data: 0.001) , D_A: 0.221, G_A: 0.965, cycle_A: 0.152, D_B: 0.229, G_B: 0.890, cycle_B: 0.145, gp: 0.220

[Rank 0] (epoch: 6, iters: 7360, time: 0.001, data: 0.001) , D_A: 0.211, G_A: 0.957, cycle_A: 0.151, D_B: 0.215, G_B: 0.970, cycle_B: 0.141, gp: 0.210

[Rank 0] (epoch: 6, iters: 8960, time: 0.001, data: 0.002) , D_A: 0.276, G_A: 0.936, cycle_A: 0.149, D_B: 0.231, G_B: 0.992, cycle_B: 0.139, gp: 0.225

[Rank 0] (epoch: 6, iters: 10560, time: 0.001, data: 0.001) , D_A: 0.322, G_A: 0.889, cycle_A: 0.134, D_B: 0.264, G_B: 0.988, cycle_B: 0.141, gp: 0.259

[Rank 0] (epoch: 6, iters: 12160, time: 0.001, data: 0.001) , D_A: 0.239, G_A: 0.954, cycle_A: 0.149, D_B: 0.169, G_B: 0.966, cycle_B: 0.135, gp: 0.164

[Rank 0] (epoch: 6, iters: 13760, time: 0.001, data: 0.003) , D_A: 0.287, G_A: 1.026, cycle_A: 0.149, D_B: 0.280, G_B: 0.949, cycle_B: 0.136, gp: 0.275

[Rank 0] (epoch: 6, iters: 15360, time: 0.001, data: 0.001) , D_A: 0.216, G_A: 0.947, cycle_A: 0.149, D_B: 0.120, G_B: 0.997, cycle_B: 0.140, gp: 0.113

[Rank 0] (epoch: 6, iters: 16960, time: 0.001, data: 0.002) , D_A: 0.256, G_A: 0.983, cycle_A: 0.179, D_B: 0.246, G_B: 0.977, cycle_B: 0.144, gp: 0.239

[Rank 0] (epoch: 6, iters: 18560, time: 0.001, data: 0.001) , D_A: 0.218, G_A: 1.054, cycle_A: 0.148, D_B: 0.198, G_B: 0.993, cycle_B: 0.139, gp: 0.194

[Rank 0] (epoch: 6, iters: 20160, time: 0.001, data: 0.001) , D_A: 0.233, G_A: 0.995, cycle_A: 0.159, D_B: 0.183, G_B: 0.979, cycle_B: 0.151, gp: 0.175

[Rank 0] (epoch: 6, iters: 21760, time: 0.001, data: 0.001) , D_A: 0.210, G_A: 1.020, cycle_A: 0.154, D_B: 0.218, G_B: 0.987, cycle_B: 0.143, gp: 0.213

[Rank 0] (epoch: 6, iters: 23360, time: 0.001, data: 0.001) , D_A: 0.244, G_A: 0.967, cycle_A: 0.149, D_B: 0.107, G_B: 1.016, cycle_B: 0.137, gp: 0.101

[Rank 0] (epoch: 6, iters: 24960, time: 0.001, data: 0.001) , D_A: 0.200, G_A: 1.000, cycle_A: 0.145, D_B: 0.201, G_B: 0.928, cycle_B: 0.144, gp: 0.194

[Rank 0] (epoch: 6, iters: 26560, time: 0.001, data: 0.002) , D_A: 0.270, G_A: 0.979, cycle_A: 0.151, D_B: 0.227, G_B: 0.990, cycle_B: 0.135, gp: 0.220

[Rank 0] (epoch: 6, iters: 28160, time: 0.001, data: 0.001) , D_A: 0.214, G_A: 1.006, cycle_A: 0.135, D_B: 0.168, G_B: 0.999, cycle_B: 0.135, gp: 0.161

[Rank 0] (epoch: 6, iters: 29760, time: 0.001, data: 0.001) , D_A: 0.130, G_A: 0.924, cycle_A: 0.167, D_B: 0.157, G_B: 0.967, cycle_B: 0.135, gp: 0.151

[Rank 0] (epoch: 6, iters: 31360, time: 0.001, data: 0.001) , D_A: 0.230, G_A: 0.983, cycle_A: 0.141, D_B: 0.171, G_B: 0.981, cycle_B: 0.141, gp: 0.165

[Rank 0] (epoch: 6, iters: 32960, time: 0.001, data: 0.001) , D_A: 0.186, G_A: 1.049, cycle_A: 0.159, D_B: 0.284, G_B: 1.046, cycle_B: 0.131, gp: 0.276

[Rank 0] (epoch: 6, iters: 34560, time: 0.001, data: 0.001) , D_A: 0.155, G_A: 1.028, cycle_A: 0.141, D_B: 0.322, G_B: 0.975, cycle_B: 0.149, gp: 0.315

[Rank 0] (epoch: 6, iters: 36160, time: 0.001, data: 0.001) , D_A: 0.233, G_A: 0.999, cycle_A: 0.163, D_B: 0.266, G_B: 1.178, cycle_B: 0.134, gp: 0.253

--- iter tau=0.4243 ---
  cipher in : fupe pkuacql afqtvpcnuipe zqaaqazpfup alperfpyurpdauwpetazx ah a
  decrypted : hi ca ditqswathsoe qmip cavsttstv hi atw cuh liu ntin cotvrateat
  real plain: o love honor and obey and shed have to quit drinking hed come ea
  cipher in : fg pgunh hpv ta lptfptpkrno pthpqcpe afpeypfg pcunk pucptpztv pg
  decrypted : hra rimeae eaotaw oh o dumna oe sq cath cl hra qimda iq o voea r
  real plain: that case lets not draw ill go to bat first youd have to wait ti
[Rank 0] (epoch: 6, iters: 37760, time: 0.001, data: 0.001) , D_A: 0.232, G_A: 1.039, cycle_A: 0.151, D_B: 0.315, G_B: 1.001, cycle_B: 0.135, gp: 0.309

saving the latest model (epoch 6, total_iters 240000)
[Rank 0] (epoch: 6, iters: 39360, time: 0.001, data: 0.001) , D_A: 0.161, G_A: 1.171, cycle_A: 0.168, D_B: 0.198, G_B: 0.967, cycle_B: 0.127, gp: 0.191

learning rate 0.0002000 -> 0.0002000
temperature tau = 0.4106
End of epoch 6 / 50 	 Time Taken: 40 sec
[Rank 0] (epoch: 7, iters: 512, time: 0.001, data: 0.026) , D_A: 0.211, G_A: 0.890, cycle_A: 0.174, D_B: 0.159, G_B: 1.011, cycle_B: 0.130, gp: 0.152

[Rank 0] (epoch: 7, iters: 2112, time: 0.001, data: 0.000) , D_A: 0.203, G_A: 0.969, cycle_A: 0.148, D_B: 0.237, G_B: 1.028, cycle_B: 0.139, gp: 0.229

[Rank 0] (epoch: 7, iters: 3712, time: 0.001, data: 0.001) , D_A: 0.219, G_A: 1.046, cycle_A: 0.159, D_B: 0.191, G_B: 1.014, cycle_B: 0.138, gp: 0.186

[Rank 0] (epoch: 7, iters: 5312, time: 0.001, data: 0.001) , D_A: 0.158, G_A: 1.001, cycle_A: 0.144, D_B: 0.226, G_B: 1.045, cycle_B: 0.133, gp: 0.215

[Rank 0] (epoch: 7, iters: 6912, time: 0.001, data: 0.001) , D_A: 0.151, G_A: 0.986, cycle_A: 0.140, D_B: 0.207, G_B: 1.038, cycle_B: 0.135, gp: 0.200

[Rank 0] (epoch: 7, iters: 8512, time: 0.001, data: 0.002) , D_A: 0.186, G_A: 0.939, cycle_A: 0.149, D_B: 0.243, G_B: 0.892, cycle_B: 0.130, gp: 0.234

[Rank 0] (epoch: 7, iters: 10112, time: 0.001, data: 0.001) , D_A: 0.253, G_A: 1.027, cycle_A: 0.156, D_B: 0.264, G_B: 0.867, cycle_B: 0.135, gp: 0.254

[Rank 0] (epoch: 7, iters: 11712, time: 0.001, data: 0.001) , D_A: 0.227, G_A: 1.040, cycle_A: 0.142, D_B: 0.773, G_B: 0.095, cycle_B: 0.134, gp: 0.254

[Rank 0] (epoch: 7, iters: 13312, time: 0.001, data: 0.001) , D_A: 0.187, G_A: 0.941, cycle_A: 0.189, D_B: 0.271, G_B: 0.964, cycle_B: 0.128, gp: 0.259

[Rank 0] (epoch: 7, iters: 14912, time: 0.001, data: 0.001) , D_A: 0.170, G_A: 0.955, cycle_A: 0.167, D_B: 0.176, G_B: 0.991, cycle_B: 0.138, gp: 0.170

[Rank 0] (epoch: 7, iters: 16512, time: 0.001, data: 0.001) , D_A: 0.182, G_A: 1.000, cycle_A: 0.143, D_B: 0.235, G_B: 1.019, cycle_B: 0.138, gp: 0.228

[Rank 0] (epoch: 7, iters: 18112, time: 0.001, data: 0.001) , D_A: 0.202, G_A: 1.057, cycle_A: 0.134, D_B: 0.237, G_B: 0.961, cycle_B: 0.141, gp: 0.229

[Rank 0] (epoch: 7, iters: 19712, time: 0.001, data: 0.001) , D_A: 0.219, G_A: 0.943, cycle_A: 0.144, D_B: 0.268, G_B: 0.995, cycle_B: 0.145, gp: 0.261

[Rank 0] (epoch: 7, iters: 21312, time: 0.001, data: 0.001) , D_A: 0.189, G_A: 0.972, cycle_A: 0.151, D_B: 0.296, G_B: 1.024, cycle_B: 0.136, gp: 0.290

[Rank 0] (epoch: 7, iters: 22912, time: 0.001, data: 0.001) , D_A: 0.171, G_A: 0.922, cycle_A: 0.155, D_B: 0.185, G_B: 0.993, cycle_B: 0.134, gp: 0.180

[Rank 0] (epoch: 7, iters: 24512, time: 0.001, data: 0.001) , D_A: 0.145, G_A: 1.084, cycle_A: 0.150, D_B: 0.131, G_B: 1.009, cycle_B: 0.139, gp: 0.126

[Rank 0] (epoch: 7, iters: 26112, time: 0.001, data: 0.001) , D_A: 0.211, G_A: 0.846, cycle_A: 0.156, D_B: 0.200, G_B: 0.991, cycle_B: 0.126, gp: 0.194

[Rank 0] (epoch: 7, iters: 27712, time: 0.001, data: 0.001) , D_A: 0.215, G_A: 0.949, cycle_A: 0.143, D_B: 0.164, G_B: 0.979, cycle_B: 0.132, gp: 0.159

[Rank 0] (epoch: 7, iters: 29312, time: 0.001, data: 0.001) , D_A: 0.251, G_A: 0.852, cycle_A: 0.155, D_B: 0.183, G_B: 0.995, cycle_B: 0.138, gp: 0.177

[Rank 0] (epoch: 7, iters: 30912, time: 0.001, data: 0.001) , D_A: 0.197, G_A: 0.934, cycle_A: 0.146, D_B: 0.237, G_B: 0.991, cycle_B: 0.134, gp: 0.231

[Rank 0] (epoch: 7, iters: 32512, time: 0.001, data: 0.001) , D_A: 0.299, G_A: 0.909, cycle_A: 0.145, D_B: 0.165, G_B: 0.948, cycle_B: 0.128, gp: 0.157

[Rank 0] (epoch: 7, iters: 34112, time: 0.001, data: 0.001) , D_A: 0.196, G_A: 0.958, cycle_A: 0.160, D_B: 0.180, G_B: 1.028, cycle_B: 0.131, gp: 0.172

[Rank 0] (epoch: 7, iters: 35712, time: 0.001, data: 0.001) , D_A: 0.236, G_A: 1.129, cycle_A: 0.143, D_B: 0.222, G_B: 1.087, cycle_B: 0.146, gp: 0.211

--- iter tau=0.4106 ---
  cipher in : lpwgqkgpwthpfg apl zthh lpral npotkrripqapfg pmn h ak pucptcpmrn
  decrypted : f nrsdr noe hrat favoeeaf utfab noduup st hra nbaeatda ij oj nub
  real plain:  earnings much of this necessary increase in research and develo
  cipher in : ffv ptalptv jqhpetqvvyptalpcntakuqhpvteufg pw n pgqn lpthplnuo n
  decrypted : hhea otf oeanse coseel otf jbotdise eocihra naba rsbaf oe fbinab
  real plain: gh patched with ice and snow populated by thousands of screaming
[Rank 0] (epoch: 7, iters: 37312, time: 0.001, data: 0.001) , D_A: 0.228, G_A: 1.012, cycle_A: 0.151, D_B: 0.218, G_B: 0.984, cycle_B: 0.132, gp: 0.206

saving the latest model (epoch 7, total_iters 280000)
[Rank 0] (epoch: 7, iters: 38912, time: 0.001, data: 0.001) , D_A: 0.201, G_A: 1.007, cycle_A: 0.167, D_B: 0.274, G_B: 0.987, cycle_B: 0.135, gp: 0.270

learning rate 0.0002000 -> 0.0002000
temperature tau = 0.3973
End of epoch 7 / 50 	 Time Taken: 38 sec
[Rank 0] (epoch: 8, iters: 64, time: 0.001, data: 0.001) , D_A: 0.180, G_A: 1.053, cycle_A: 0.152, D_B: 0.208, G_B: 1.038, cycle_B: 0.130, gp: 0.203

[Rank 0] (epoch: 8, iters: 1664, time: 0.001, data: 0.006) , D_A: 0.168, G_A: 1.013, cycle_A: 0.171, D_B: 0.266, G_B: 1.086, cycle_B: 0.136, gp: 0.256

[Rank 0] (epoch: 8, iters: 3264, time: 0.001, data: 0.001) , D_A: 0.128, G_A: 0.940, cycle_A: 0.145, D_B: 0.255, G_B: 0.957, cycle_B: 0.144, gp: 0.250

[Rank 0] (epoch: 8, iters: 4864, time: 0.001, data: 0.001) , D_A: 0.157, G_A: 1.024, cycle_A: 0.144, D_B: 0.208, G_B: 0.964, cycle_B: 0.133, gp: 0.204

[Rank 0] (epoch: 8, iters: 6464, time: 0.001, data: 0.001) , D_A: 0.181, G_A: 0.981, cycle_A: 0.148, D_B: 0.219, G_B: 0.983, cycle_B: 0.136, gp: 0.211

[Rank 0] (epoch: 8, iters: 8064, time: 0.001, data: 0.001) , D_A: 0.175, G_A: 1.011, cycle_A: 0.144, D_B: 0.243, G_B: 1.022, cycle_B: 0.141, gp: 0.239

[Rank 0] (epoch: 8, iters: 9664, time: 0.001, data: 0.001) , D_A: 0.256, G_A: 1.014, cycle_A: 0.136, D_B: 0.190, G_B: 1.073, cycle_B: 0.149, gp: 0.183

[Rank 0] (epoch: 8, iters: 11264, time: 0.001, data: 0.001) , D_A: 0.195, G_A: 1.012, cycle_A: 0.149, D_B: 0.178, G_B: 1.002, cycle_B: 0.136, gp: 0.173

[Rank 0] (epoch: 8, iters: 12864, time: 0.001, data: 0.001) , D_A: 0.217, G_A: 0.945, cycle_A: 0.146, D_B: 0.172, G_B: 0.962, cycle_B: 0.128, gp: 0.163

[Rank 0] (epoch: 8, iters: 14464, time: 0.001, data: 0.001) , D_A: 0.221, G_A: 0.983, cycle_A: 0.142, D_B: 0.207, G_B: 0.995, cycle_B: 0.139, gp: 0.203

[Rank 0] (epoch: 8, iters: 16064, time: 0.001, data: 0.001) , D_A: 0.160, G_A: 0.938, cycle_A: 0.172, D_B: 0.238, G_B: 0.951, cycle_B: 0.142, gp: 0.230

[Rank 0] (epoch: 8, iters: 17664, time: 0.001, data: 0.001) , D_A: 0.172, G_A: 0.919, cycle_A: 0.137, D_B: 0.227, G_B: 0.957, cycle_B: 0.136, gp: 0.221

[Rank 0] (epoch: 8, iters: 19264, time: 0.001, data: 0.001) , D_A: 0.244, G_A: 0.927, cycle_A: 0.155, D_B: 0.260, G_B: 1.016, cycle_B: 0.136, gp: 0.255

[Rank 0] (epoch: 8, iters: 20864, time: 0.001, data: 0.001) , D_A: 0.216, G_A: 1.036, cycle_A: 0.159, D_B: 0.193, G_B: 0.961, cycle_B: 0.133, gp: 0.187

[Rank 0] (epoch: 8, iters: 22464, time: 0.001, data: 0.001) , D_A: 0.198, G_A: 0.932, cycle_A: 0.154, D_B: 0.207, G_B: 0.964, cycle_B: 0.135, gp: 0.202

[Rank 0] (epoch: 8, iters: 24064, time: 0.001, data: 0.001) , D_A: 0.211, G_A: 1.010, cycle_A: 0.149, D_B: 0.237, G_B: 0.969, cycle_B: 0.121, gp: 0.233

[Rank 0] (epoch: 8, iters: 25664, time: 0.001, data: 0.001) , D_A: 0.154, G_A: 1.018, cycle_A: 0.147, D_B: 0.243, G_B: 0.966, cycle_B: 0.125, gp: 0.239

[Rank 0] (epoch: 8, iters: 27264, time: 0.001, data: 0.001) , D_A: 0.192, G_A: 0.986, cycle_A: 0.133, D_B: 0.198, G_B: 0.981, cycle_B: 0.128, gp: 0.186

[Rank 0] (epoch: 8, iters: 28864, time: 0.001, data: 0.001) , D_A: 0.172, G_A: 1.038, cycle_A: 0.148, D_B: 0.192, G_B: 1.000, cycle_B: 0.127, gp: 0.186

[Rank 0] (epoch: 8, iters: 30464, time: 0.001, data: 0.001) , D_A: 0.105, G_A: 0.975, cycle_A: 0.155, D_B: 0.204, G_B: 1.042, cycle_B: 0.121, gp: 0.199

[Rank 0] (epoch: 8, iters: 32064, time: 0.001, data: 0.001) , D_A: 0.211, G_A: 1.172, cycle_A: 0.138, D_B: 0.289, G_B: 1.029, cycle_B: 0.132, gp: 0.281

[Rank 0] (epoch: 8, iters: 33664, time: 0.001, data: 0.001) , D_A: 0.179, G_A: 0.939, cycle_A: 0.152, D_B: 0.247, G_B: 0.938, cycle_B: 0.141, gp: 0.242

[Rank 0] (epoch: 8, iters: 35264, time: 0.001, data: 0.001) , D_A: 0.618, G_A: 0.141, cycle_A: 2.339, D_B: 0.767, G_B: 0.954, cycle_B: 2.268, gp: 0.499

--- iter tau=0.3973 ---
  cipher in : ff lpqapfg phfn  fhpfg peunl vptalpufg npmvtk hpucpmnuhfqfrfquap
  decrypted : iiaf st ima eihaaie ima cnhfae otf nimah reodae ny rhneisiuisnt 
  real plain: lowing him in varying degrees of scepticism were tw shore hm cha
  cipher in : ptliqhhquapcunp vqzqeqvqfypfupn k qo phkguvtnhgqmhpunpzntafhqatq
  decrypted :  ofhseesnt ynh aesvscsesil in hadasua edmneohemsre nh vhotiestos
  real plain: frightful woman who did her best to make his life unbearable jus
[Rank 0] (epoch: 8, iters: 36864, time: 0.001, data: 0.001) , D_A: 0.534, G_A: 0.737, cycle_A: 0.404, D_B: 0.268, G_B: 1.163, cycle_B: 0.472, gp: 0.230

saving the latest model (epoch 8, total_iters 320000)
[Rank 0] (epoch: 8, iters: 38464, time: 0.001, data: 0.003) , D_A: 0.416, G_A: 0.946, cycle_A: 0.250, D_B: 0.395, G_B: 1.049, cycle_B: 0.403, gp: 0.376

[Rank 0] (epoch: 8, iters: 40064, time: 0.001, data: 0.001) , D_A: 0.355, G_A: 0.952, cycle_A: 0.145, D_B: 0.409, G_B: 0.849, cycle_B: 0.137, gp: 0.394

learning rate 0.0002000 -> 0.0002000
temperature tau = 0.3845
End of epoch 8 / 50 	 Time Taken: 38 sec
[Rank 0] (epoch: 9, iters: 1216, time: 0.001, data: 0.001) , D_A: 0.326, G_A: 0.956, cycle_A: 0.123, D_B: 0.371, G_B: 0.963, cycle_B: 0.129, gp: 0.356

[Rank 0] (epoch: 9, iters: 2816, time: 0.001, data: 0.001) , D_A: 0.335, G_A: 0.893, cycle_A: 0.134, D_B: 0.343, G_B: 0.939, cycle_B: 0.113, gp: 0.331

[Rank 0] (epoch: 9, iters: 4416, time: 0.001, data: 0.001) , D_A: 0.337, G_A: 1.025, cycle_A: 0.155, D_B: 0.473, G_B: 0.924, cycle_B: 0.105, gp: 0.461

[Rank 0] (epoch: 9, iters: 6016, time: 0.001, data: 0.001) , D_A: 0.320, G_A: 0.996, cycle_A: 0.175, D_B: 0.363, G_B: 0.860, cycle_B: 0.122, gp: 0.345

[Rank 0] (epoch: 9, iters: 7616, time: 0.001, data: 0.001) , D_A: 0.345, G_A: 0.989, cycle_A: 0.125, D_B: 0.563, G_B: 1.148, cycle_B: 0.118, gp: 0.541

[Rank 0] (epoch: 9, iters: 9216, time: 0.001, data: 0.001) , D_A: 0.400, G_A: 1.015, cycle_A: 0.140, D_B: 0.428, G_B: 1.084, cycle_B: 0.116, gp: 0.408

[Rank 0] (epoch: 9, iters: 10816, time: 0.001, data: 0.001) , D_A: 0.308, G_A: 0.797, cycle_A: 0.139, D_B: 0.343, G_B: 0.999, cycle_B: 0.129, gp: 0.315

[Rank 0] (epoch: 9, iters: 12416, time: 0.001, data: 0.001) , D_A: 0.301, G_A: 0.877, cycle_A: 0.147, D_B: 0.465, G_B: 1.054, cycle_B: 0.106, gp: 0.448

[Rank 0] (epoch: 9, iters: 14016, time: 0.001, data: 0.001) , D_A: 0.291, G_A: 0.964, cycle_A: 0.123, D_B: 0.305, G_B: 0.970, cycle_B: 0.096, gp: 0.290

[Rank 0] (epoch: 9, iters: 15616, time: 0.001, data: 0.001) , D_A: 0.203, G_A: 1.020, cycle_A: 0.134, D_B: 0.308, G_B: 0.969, cycle_B: 0.119, gp: 0.287

[Rank 0] (epoch: 9, iters: 17216, time: 0.001, data: 0.001) , D_A: 0.298, G_A: 0.992, cycle_A: 0.122, D_B: 0.340, G_B: 1.013, cycle_B: 0.106, gp: 0.322

[Rank 0] (epoch: 9, iters: 18816, time: 0.001, data: 0.002) , D_A: 0.304, G_A: 1.027, cycle_A: 0.144, D_B: 0.266, G_B: 1.090, cycle_B: 0.094, gp: 0.249

[Rank 0] (epoch: 9, iters: 20416, time: 0.001, data: 0.001) , D_A: 0.344, G_A: 1.038, cycle_A: 0.145, D_B: 0.298, G_B: 0.994, cycle_B: 0.109, gp: 0.287

[Rank 0] (epoch: 9, iters: 22016, time: 0.001, data: 0.001) , D_A: 0.307, G_A: 1.023, cycle_A: 0.122, D_B: 0.402, G_B: 1.060, cycle_B: 0.105, gp: 0.386

[Rank 0] (epoch: 9, iters: 23616, time: 0.001, data: 0.001) , D_A: 0.348, G_A: 1.020, cycle_A: 0.136, D_B: 0.313, G_B: 1.030, cycle_B: 0.098, gp: 0.294

[Rank 0] (epoch: 9, iters: 25216, time: 0.001, data: 0.001) , D_A: 0.269, G_A: 0.965, cycle_A: 0.130, D_B: 0.502, G_B: 0.862, cycle_B: 0.115, gp: 0.482

[Rank 0] (epoch: 9, iters: 26816, time: 0.001, data: 0.001) , D_A: 0.169, G_A: 0.907, cycle_A: 0.108, D_B: 0.361, G_B: 1.100, cycle_B: 0.100, gp: 0.349

[Rank 0] (epoch: 9, iters: 28416, time: 0.001, data: 0.001) , D_A: 0.187, G_A: 0.881, cycle_A: 0.133, D_B: 0.384, G_B: 0.848, cycle_B: 0.114, gp: 0.365

[Rank 0] (epoch: 9, iters: 30016, time: 0.001, data: 0.001) , D_A: 0.307, G_A: 0.978, cycle_A: 0.143, D_B: 0.342, G_B: 0.863, cycle_B: 0.100, gp: 0.321

[Rank 0] (epoch: 9, iters: 31616, time: 0.001, data: 0.001) , D_A: 0.177, G_A: 0.992, cycle_A: 0.149, D_B: 0.290, G_B: 0.978, cycle_B: 0.101, gp: 0.265

[Rank 0] (epoch: 9, iters: 33216, time: 0.001, data: 0.001) , D_A: 0.218, G_A: 1.024, cycle_A: 0.141, D_B: 0.352, G_B: 0.908, cycle_B: 0.108, gp: 0.335

[Rank 0] (epoch: 9, iters: 34816, time: 0.001, data: 0.001) , D_A: 0.335, G_A: 1.010, cycle_A: 0.173, D_B: 0.381, G_B: 0.789, cycle_B: 0.116, gp: 0.365

--- iter tau=0.3845 ---
  cipher in :  pcuvvuwqazpmtz hpwgqkgpwqvvpcukrhpuapfg p imqnqktvptalptatvyfqk
  decrypted : a ynlln stv rovae  msdm  sll yndue nt ima akrshsdol otf otollisd
  real plain: lowing him in varying degrees of scepticism were tw shore hm cha
  cipher in : fhpati vypfg pkuafqartak pucpfg pntk pfgnurzgpfg pzqcfptalpg nqf
  decrypted : ie tokall ima dntistuotda ny ima hoda imhnuvm ima vsyi otf mahsi
  real plain: frightful woman who did her best to make his life unbearable jus
[Rank 0] (epoch: 9, iters: 36416, time: 0.001, data: 0.001) , D_A: 0.201, G_A: 0.964, cycle_A: 0.134, D_B: 0.385, G_B: 0.842, cycle_B: 0.101, gp: 0.341

saving the latest model (epoch 9, total_iters 360000)
[Rank 0] (epoch: 9, iters: 38016, time: 0.001, data: 0.001) , D_A: 0.216, G_A: 0.972, cycle_A: 0.124, D_B: 0.264, G_B: 0.934, cycle_B: 0.110, gp: 0.252

[Rank 0] (epoch: 9, iters: 39616, time: 0.001, data: 0.001) , D_A: 0.148, G_A: 1.013, cycle_A: 0.130, D_B: 0.316, G_B: 0.953, cycle_B: 0.133, gp: 0.301

learning rate 0.0002000 -> 0.0002000
temperature tau = 0.3720
End of epoch 9 / 50 	 Time Taken: 38 sec
[Rank 0] (epoch: 10, iters: 768, time: 0.001, data: 0.001) , D_A: 0.291, G_A: 0.998, cycle_A: 0.136, D_B: 0.241, G_B: 0.972, cycle_B: 0.107, gp: 0.227

[Rank 0] (epoch: 10, iters: 2368, time: 0.001, data: 0.000) , D_A: 0.238, G_A: 0.962, cycle_A: 0.126, D_B: 0.334, G_B: 0.931, cycle_B: 0.098, gp: 0.320

[Rank 0] (epoch: 10, iters: 3968, time: 0.001, data: 0.001) , D_A: 0.184, G_A: 1.017, cycle_A: 0.119, D_B: 0.277, G_B: 1.023, cycle_B: 0.082, gp: 0.264

[Rank 0] (epoch: 10, iters: 5568, time: 0.001, data: 0.001) , D_A: 0.283, G_A: 1.047, cycle_A: 0.131, D_B: 0.289, G_B: 1.067, cycle_B: 0.077, gp: 0.271

[Rank 0] (epoch: 10, iters: 7168, time: 0.001, data: 0.001) , D_A: 0.269, G_A: 1.016, cycle_A: 0.123, D_B: 0.345, G_B: 0.796, cycle_B: 0.081, gp: 0.324

[Rank 0] (epoch: 10, iters: 8768, time: 0.001, data: 0.001) , D_A: 0.241, G_A: 0.976, cycle_A: 0.112, D_B: 0.350, G_B: 0.975, cycle_B: 0.082, gp: 0.341

[Rank 0] (epoch: 10, iters: 10368, time: 0.001, data: 0.002) , D_A: 0.240, G_A: 0.997, cycle_A: 0.134, D_B: 0.352, G_B: 0.805, cycle_B: 0.078, gp: 0.331

[Rank 0] (epoch: 10, iters: 11968, time: 0.001, data: 0.001) , D_A: 0.387, G_A: 0.963, cycle_A: 0.127, D_B: 0.419, G_B: 1.081, cycle_B: 0.081, gp: 0.394

[Rank 0] (epoch: 10, iters: 13568, time: 0.001, data: 0.001) , D_A: 0.269, G_A: 0.990, cycle_A: 0.125, D_B: 0.302, G_B: 0.876, cycle_B: 0.072, gp: 0.285

[Rank 0] (epoch: 10, iters: 15168, time: 0.001, data: 0.002) , D_A: 0.268, G_A: 1.178, cycle_A: 0.138, D_B: 0.500, G_B: 0.688, cycle_B: 0.082, gp: 0.484

[Rank 0] (epoch: 10, iters: 16768, time: 0.001, data: 0.001) , D_A: 0.430, G_A: 1.053, cycle_A: 0.125, D_B: 0.227, G_B: 1.101, cycle_B: 0.078, gp: 0.215

[Rank 0] (epoch: 10, iters: 18368, time: 0.001, data: 0.002) , D_A: 0.343, G_A: 0.943, cycle_A: 0.118, D_B: 0.398, G_B: 0.913, cycle_B: 0.070, gp: 0.383

[Rank 0] (epoch: 10, iters: 19968, time: 0.001, data: 0.001) , D_A: 0.256, G_A: 0.966, cycle_A: 0.110, D_B: 0.284, G_B: 0.950, cycle_B: 0.094, gp: 0.276

[Rank 0] (epoch: 10, iters: 21568, time: 0.001, data: 0.001) , D_A: 0.242, G_A: 0.878, cycle_A: 0.117, D_B: 0.467, G_B: 0.774, cycle_B: 0.081, gp: 0.304

[Rank 0] (epoch: 10, iters: 23168, time: 0.001, data: 0.001) , D_A: 0.471, G_A: 0.976, cycle_A: 0.141, D_B: 0.351, G_B: 0.931, cycle_B: 0.075, gp: 0.339

[Rank 0] (epoch: 10, iters: 24768, time: 0.001, data: 0.001) , D_A: 0.370, G_A: 0.846, cycle_A: 0.128, D_B: 0.364, G_B: 0.968, cycle_B: 0.073, gp: 0.350

[Rank 0] (epoch: 10, iters: 26368, time: 0.001, data: 0.002) , D_A: 0.344, G_A: 0.997, cycle_A: 0.134, D_B: 0.245, G_B: 0.940, cycle_B: 0.065, gp: 0.227

[Rank 0] (epoch: 10, iters: 27968, time: 0.001, data: 0.001) , D_A: 0.264, G_A: 0.966, cycle_A: 0.120, D_B: 0.254, G_B: 1.060, cycle_B: 0.073, gp: 0.245

[Rank 0] (epoch: 10, iters: 29568, time: 0.001, data: 0.002) , D_A: 0.257, G_A: 1.066, cycle_A: 0.118, D_B: 0.289, G_B: 1.039, cycle_B: 0.079, gp: 0.277

[Rank 0] (epoch: 10, iters: 31168, time: 0.001, data: 0.001) , D_A: 0.323, G_A: 0.959, cycle_A: 0.148, D_B: 0.216, G_B: 0.907, cycle_B: 0.066, gp: 0.200

[Rank 0] (epoch: 10, iters: 32768, time: 0.001, data: 0.001) , D_A: 0.281, G_A: 0.985, cycle_A: 0.134, D_B: 0.305, G_B: 1.008, cycle_B: 0.080, gp: 0.289

[Rank 0] (epoch: 10, iters: 34368, time: 0.001, data: 0.002) , D_A: 0.192, G_A: 1.005, cycle_A: 0.123, D_B: 0.254, G_B: 1.069, cycle_B: 0.082, gp: 0.244

--- iter tau=0.3720 ---
  cipher in : nvhpvqc peqniqazgtiptvtptmpfg pceqpy hf nltyptnn hf lpuaptpm nxr
  decrypted : hle lsya cshbstvgob olo or iga ycs laeiahfol ohhaeiaf nt o rahmu
  real plain: eet journal pacific coast edition in addition to the regular sch
  cipher in : hgqmpqaptrzrhfpwgqv phfummqazpqapzn  aukdphkufvtalpfgn  pi ie nh
  decrypted : egsr st ouvuei  gsla einrrstv st vhaatndd ednilotf ighaa babcahe
  real plain: ginia he looked out of the tent at the company street the rain d
[Rank 0] (epoch: 10, iters: 35968, time: 0.001, data: 0.001) , D_A: 0.280, G_A: 0.894, cycle_A: 0.109, D_B: 0.428, G_B: 1.039, cycle_B: 0.070, gp: 0.418

saving the latest model (epoch 10, total_iters 400000)
[Rank 0] (epoch: 10, iters: 37568, time: 0.001, data: 0.001) , D_A: 0.295, G_A: 0.983, cycle_A: 0.120, D_B: 0.221, G_B: 0.984, cycle_B: 0.074, gp: 0.205

[Rank 0] (epoch: 10, iters: 39168, time: 0.001, data: 0.001) , D_A: 0.187, G_A: 0.993, cycle_A: 0.115, D_B: 0.278, G_B: 1.059, cycle_B: 0.064, gp: 0.266

learning rate 0.0002000 -> 0.0002000
temperature tau = 0.3600
End of epoch 10 / 50 	 Time Taken: 39 sec
[Rank 0] (epoch: 11, iters: 320, time: 0.001, data: 0.001) , D_A: 0.349, G_A: 0.979, cycle_A: 0.109, D_B: 0.278, G_B: 0.765, cycle_B: 0.085, gp: 0.246

[Rank 0] (epoch: 11, iters: 1920, time: 0.001, data: 0.000) , D_A: 0.337, G_A: 0.931, cycle_A: 0.117, D_B: 0.376, G_B: 0.822, cycle_B: 0.072, gp: 0.361

[Rank 0] (epoch: 11, iters: 3520, time: 0.001, data: 0.001) , D_A: 0.363, G_A: 1.014, cycle_A: 0.126, D_B: 0.297, G_B: 0.926, cycle_B: 0.081, gp: 0.275

[Rank 0] (epoch: 11, iters: 5120, time: 0.001, data: 0.001) , D_A: 0.341, G_A: 1.001, cycle_A: 0.124, D_B: 0.298, G_B: 1.133, cycle_B: 0.077, gp: 0.276

[Rank 0] (epoch: 11, iters: 6720, time: 0.001, data: 0.001) , D_A: 0.316, G_A: 0.940, cycle_A: 0.120, D_B: 0.213, G_B: 0.937, cycle_B: 0.076, gp: 0.194

[Rank 0] (epoch: 11, iters: 8320, time: 0.001, data: 0.001) , D_A: 0.266, G_A: 0.994, cycle_A: 0.108, D_B: 0.354, G_B: 0.917, cycle_B: 0.073, gp: 0.344

[Rank 0] (epoch: 11, iters: 9920, time: 0.001, data: 0.001) , D_A: 0.278, G_A: 0.977, cycle_A: 0.109, D_B: 0.351, G_B: 1.019, cycle_B: 0.072, gp: 0.343

[Rank 0] (epoch: 11, iters: 11520, time: 0.001, data: 0.001) , D_A: 0.257, G_A: 0.991, cycle_A: 0.115, D_B: 0.271, G_B: 0.759, cycle_B: 0.078, gp: 0.261

[Rank 0] (epoch: 11, iters: 13120, time: 0.001, data: 0.001) , D_A: 0.244, G_A: 1.024, cycle_A: 0.111, D_B: 0.443, G_B: 0.786, cycle_B: 0.079, gp: 0.427

[Rank 0] (epoch: 11, iters: 14720, time: 0.001, data: 0.001) , D_A: 0.234, G_A: 0.971, cycle_A: 0.129, D_B: 0.221, G_B: 0.908, cycle_B: 0.081, gp: 0.211

[Rank 0] (epoch: 11, iters: 16320, time: 0.001, data: 0.001) , D_A: 0.256, G_A: 0.995, cycle_A: 0.127, D_B: 0.249, G_B: 1.096, cycle_B: 0.073, gp: 0.230

[Rank 0] (epoch: 11, iters: 17920, time: 0.001, data: 0.001) , D_A: 0.285, G_A: 0.994, cycle_A: 0.112, D_B: 0.264, G_B: 0.972, cycle_B: 0.073, gp: 0.256

[Rank 0] (epoch: 11, iters: 19520, time: 0.001, data: 0.001) , D_A: 0.332, G_A: 0.958, cycle_A: 0.121, D_B: 0.302, G_B: 1.065, cycle_B: 0.088, gp: 0.285

[Rank 0] (epoch: 11, iters: 21120, time: 0.001, data: 0.001) , D_A: 0.224, G_A: 1.002, cycle_A: 0.106, D_B: 0.367, G_B: 0.967, cycle_B: 0.074, gp: 0.360

[Rank 0] (epoch: 11, iters: 22720, time: 0.001, data: 0.001) , D_A: 0.352, G_A: 0.850, cycle_A: 0.118, D_B: 0.356, G_B: 0.984, cycle_B: 0.073, gp: 0.350

[Rank 0] (epoch: 11, iters: 24320, time: 0.001, data: 0.001) , D_A: 0.251, G_A: 1.013, cycle_A: 0.113, D_B: 0.236, G_B: 0.886, cycle_B: 0.077, gp: 0.226

[Rank 0] (epoch: 11, iters: 25920, time: 0.001, data: 0.002) , D_A: 0.328, G_A: 0.972, cycle_A: 0.111, D_B: 0.450, G_B: 1.047, cycle_B: 0.070, gp: 0.441

[Rank 0] (epoch: 11, iters: 27520, time: 0.001, data: 0.001) , D_A: 0.285, G_A: 0.990, cycle_A: 0.126, D_B: 0.291, G_B: 1.030, cycle_B: 0.070, gp: 0.280

[Rank 0] (epoch: 11, iters: 29120, time: 0.001, data: 0.001) , D_A: 0.237, G_A: 1.044, cycle_A: 0.110, D_B: 0.279, G_B: 1.145, cycle_B: 0.068, gp: 0.268

[Rank 0] (epoch: 11, iters: 30720, time: 0.001, data: 0.001) , D_A: 0.274, G_A: 0.984, cycle_A: 0.116, D_B: 0.346, G_B: 1.038, cycle_B: 0.063, gp: 0.338

[Rank 0] (epoch: 11, iters: 32320, time: 0.001, data: 0.001) , D_A: 0.279, G_A: 0.978, cycle_A: 0.125, D_B: 0.263, G_B: 1.012, cycle_B: 0.069, gp: 0.253

[Rank 0] (epoch: 11, iters: 33920, time: 0.001, data: 0.001) , D_A: 0.200, G_A: 0.996, cycle_A: 0.125, D_B: 0.348, G_B: 0.913, cycle_B: 0.101, gp: 0.334

--- iter tau=0.3600 ---
  cipher in : talpvuo vyp o nyua pg vlpgqhpunpg npen tfgpluafpfgqadpvqaltpkurv
  decrypted : otf lnpall apahlnta galf gse nh gah chaoig fnti igstd lstfo dnul
  real plain: alleged revival of religion and the alleged increase in conformi
  cipher in : qfgpwgqkgpfg ypw n ptksrtqaf lpfgtfpe kti pfg qnpgui pntaz py fp
  decrypted : sig  gsdg igal  aha odluostiaf igoi cadoba igash gnba hotva lai 
  real plain: thers employed some of finneys techniques as they sought to win 
[Rank 0] (epoch: 11, iters: 35520, time: 0.001, data: 0.001) , D_A: 0.409, G_A: 1.052, cycle_A: 0.122, D_B: 0.216, G_B: 0.993, cycle_B: 0.072, gp: 0.207

saving the latest model (epoch 11, total_iters 440000)
[Rank 0] (epoch: 11, iters: 37120, time: 0.001, data: 0.001) , D_A: 0.224, G_A: 0.965, cycle_A: 0.137, D_B: 0.221, G_B: 1.064, cycle_B: 0.077, gp: 0.198

[Rank 0] (epoch: 11, iters: 38720, time: 0.001, data: 0.001) , D_A: 0.218, G_A: 0.997, cycle_A: 0.150, D_B: 0.287, G_B: 1.086, cycle_B: 0.068, gp: 0.268

[Rank 0] (epoch: 11, iters: 40320, time: 0.001, data: 0.001) , D_A: 0.278, G_A: 1.068, cycle_A: 0.136, D_B: 0.383, G_B: 0.868, cycle_B: 0.073, gp: 0.364

learning rate 0.0002000 -> 0.0002000
temperature tau = 0.3484
End of epoch 11 / 50 	 Time Taken: 39 sec
[Rank 0] (epoch: 12, iters: 1472, time: 0.001, data: 0.001) , D_A: 0.247, G_A: 1.021, cycle_A: 0.123, D_B: 0.250, G_B: 0.979, cycle_B: 0.076, gp: 0.243

[Rank 0] (epoch: 12, iters: 3072, time: 0.001, data: 0.001) , D_A: 0.195, G_A: 1.005, cycle_A: 0.120, D_B: 0.331, G_B: 1.126, cycle_B: 0.069, gp: 0.322

[Rank 0] (epoch: 12, iters: 4672, time: 0.001, data: 0.002) , D_A: 0.302, G_A: 0.981, cycle_A: 0.121, D_B: 0.304, G_B: 0.954, cycle_B: 0.079, gp: 0.296

[Rank 0] (epoch: 12, iters: 6272, time: 0.001, data: 0.001) , D_A: 0.260, G_A: 1.010, cycle_A: 0.145, D_B: 0.272, G_B: 1.023, cycle_B: 0.086, gp: 0.261

[Rank 0] (epoch: 12, iters: 7872, time: 0.001, data: 0.001) , D_A: 0.432, G_A: 1.033, cycle_A: 0.112, D_B: 0.459, G_B: 1.402, cycle_B: 0.063, gp: 0.419

[Rank 0] (epoch: 12, iters: 9472, time: 0.001, data: 0.001) , D_A: 0.239, G_A: 0.995, cycle_A: 0.106, D_B: 0.328, G_B: 0.880, cycle_B: 0.091, gp: 0.315

[Rank 0] (epoch: 12, iters: 11072, time: 0.001, data: 0.001) , D_A: 0.333, G_A: 0.997, cycle_A: 0.108, D_B: 0.367, G_B: 0.873, cycle_B: 0.064, gp: 0.352

[Rank 0] (epoch: 12, iters: 12672, time: 0.001, data: 0.001) , D_A: 0.243, G_A: 1.009, cycle_A: 0.099, D_B: 0.388, G_B: 1.151, cycle_B: 0.076, gp: 0.361

[Rank 0] (epoch: 12, iters: 14272, time: 0.001, data: 0.001) , D_A: 0.225, G_A: 1.011, cycle_A: 0.118, D_B: 0.228, G_B: 0.969, cycle_B: 0.068, gp: 0.221

[Rank 0] (epoch: 12, iters: 15872, time: 0.001, data: 0.001) , D_A: 0.417, G_A: 0.877, cycle_A: 0.129, D_B: 0.278, G_B: 1.146, cycle_B: 0.087, gp: 0.237

[Rank 0] (epoch: 12, iters: 17472, time: 0.001, data: 0.001) , D_A: 0.368, G_A: 1.003, cycle_A: 0.124, D_B: 0.385, G_B: 1.050, cycle_B: 0.069, gp: 0.379

[Rank 0] (epoch: 12, iters: 19072, time: 0.001, data: 0.001) , D_A: 0.327, G_A: 1.013, cycle_A: 0.141, D_B: 0.252, G_B: 0.960, cycle_B: 0.067, gp: 0.237

[Rank 0] (epoch: 12, iters: 20672, time: 0.001, data: 0.001) , D_A: 0.304, G_A: 1.013, cycle_A: 0.115, D_B: 0.215, G_B: 1.017, cycle_B: 0.067, gp: 0.206

[Rank 0] (epoch: 12, iters: 22272, time: 0.001, data: 0.001) , D_A: 0.317, G_A: 0.970, cycle_A: 0.117, D_B: 0.253, G_B: 1.191, cycle_B: 0.075, gp: 0.227

[Rank 0] (epoch: 12, iters: 23872, time: 0.001, data: 0.001) , D_A: 0.229, G_A: 1.030, cycle_A: 0.111, D_B: 0.256, G_B: 1.032, cycle_B: 0.072, gp: 0.250

[Rank 0] (epoch: 12, iters: 25472, time: 0.001, data: 0.001) , D_A: 0.289, G_A: 1.007, cycle_A: 0.104, D_B: 0.486, G_B: 0.972, cycle_B: 0.080, gp: 0.478

[Rank 0] (epoch: 12, iters: 27072, time: 0.001, data: 0.001) , D_A: 0.323, G_A: 1.022, cycle_A: 0.127, D_B: 0.347, G_B: 1.011, cycle_B: 0.073, gp: 0.336

[Rank 0] (epoch: 12, iters: 28672, time: 0.001, data: 0.001) , D_A: 0.261, G_A: 0.884, cycle_A: 0.114, D_B: 0.385, G_B: 1.006, cycle_B: 0.089, gp: 0.377

[Rank 0] (epoch: 12, iters: 30272, time: 0.001, data: 0.001) , D_A: 0.285, G_A: 1.024, cycle_A: 0.114, D_B: 0.328, G_B: 1.002, cycle_B: 0.062, gp: 0.313

[Rank 0] (epoch: 12, iters: 31872, time: 0.001, data: 0.001) , D_A: 0.344, G_A: 1.004, cycle_A: 0.129, D_B: 0.277, G_B: 0.810, cycle_B: 0.069, gp: 0.242

[Rank 0] (epoch: 12, iters: 33472, time: 0.001, data: 0.001) , D_A: 0.239, G_A: 1.020, cycle_A: 0.132, D_B: 0.406, G_B: 0.750, cycle_B: 0.082, gp: 0.375

--- iter tau=0.3484 ---
  cipher in : yphupa wvyph mtntf lpcnuip zymfptalpfg praqf lptntepn mrevqkpfgt
  decrypted : l en ta ll earohoiaf yhnk avlri otf iga utsiaf ohoc haruclsd igo
  real plain:  rendered in your business you may deduct these payments even th
  cipher in : ypiqv hpucphgun vqa pcnti pfg pullpvtd hpqapfg pothfpf aa hh  pn
  decrypted : l kslae ny egnhalsta yhoka iga nff lodae st iga poei iattaeeaa h
  real plain: he hope to accomplish here hillman had ordered him not to leave 
[Rank 0] (epoch: 12, iters: 35072, time: 0.001, data: 0.001) , D_A: 0.227, G_A: 1.028, cycle_A: 0.125, D_B: 0.255, G_B: 0.927, cycle_B: 0.063, gp: 0.246

saving the latest model (epoch 12, total_iters 480000)
[Rank 0] (epoch: 12, iters: 36672, time: 0.001, data: 0.002) , D_A: 0.286, G_A: 1.000, cycle_A: 0.114, D_B: 0.285, G_B: 0.951, cycle_B: 0.066, gp: 0.277

[Rank 0] (epoch: 12, iters: 38272, time: 0.001, data: 0.001) , D_A: 0.301, G_A: 1.046, cycle_A: 0.130, D_B: 0.143, G_B: 0.988, cycle_B: 0.083, gp: 0.131

[Rank 0] (epoch: 12, iters: 39872, time: 0.001, data: 0.001) , D_A: 0.272, G_A: 0.989, cycle_A: 0.130, D_B: 0.267, G_B: 1.015, cycle_B: 0.084, gp: 0.258

learning rate 0.0002000 -> 0.0002000
temperature tau = 0.3371
End of epoch 12 / 50 	 Time Taken: 37 sec
[Rank 0] (epoch: 13, iters: 1024, time: 0.001, data: 0.001) , D_A: 0.229, G_A: 1.002, cycle_A: 0.110, D_B: 0.313, G_B: 0.948, cycle_B: 0.077, gp: 0.303

[Rank 0] (epoch: 13, iters: 2624, time: 0.001, data: 0.000) , D_A: 0.090, G_A: 1.024, cycle_A: 0.121, D_B: 0.270, G_B: 1.093, cycle_B: 0.084, gp: 0.260

[Rank 0] (epoch: 13, iters: 4224, time: 0.001, data: 0.001) , D_A: 0.228, G_A: 1.039, cycle_A: 0.110, D_B: 0.322, G_B: 0.948, cycle_B: 0.071, gp: 0.315

[Rank 0] (epoch: 13, iters: 5824, time: 0.001, data: 0.001) , D_A: 0.385, G_A: 0.931, cycle_A: 0.130, D_B: 0.272, G_B: 0.857, cycle_B: 0.087, gp: 0.254

[Rank 0] (epoch: 13, iters: 7424, time: 0.001, data: 0.001) , D_A: 0.222, G_A: 0.961, cycle_A: 0.122, D_B: 0.423, G_B: 0.991, cycle_B: 0.082, gp: 0.415

[Rank 0] (epoch: 13, iters: 9024, time: 0.001, data: 0.001) , D_A: 0.313, G_A: 1.006, cycle_A: 0.123, D_B: 0.326, G_B: 0.880, cycle_B: 0.075, gp: 0.318

[Rank 0] (epoch: 13, iters: 10624, time: 0.001, data: 0.001) , D_A: 0.326, G_A: 1.019, cycle_A: 0.108, D_B: 0.398, G_B: 1.193, cycle_B: 0.073, gp: 0.376

[Rank 0] (epoch: 13, iters: 12224, time: 0.001, data: 0.001) , D_A: 0.301, G_A: 1.029, cycle_A: 0.121, D_B: 0.424, G_B: 1.167, cycle_B: 0.077, gp: 0.408

[Rank 0] (epoch: 13, iters: 13824, time: 0.001, data: 0.001) , D_A: 0.305, G_A: 1.042, cycle_A: 0.119, D_B: 0.309, G_B: 0.830, cycle_B: 0.066, gp: 0.277

[Rank 0] (epoch: 13, iters: 15424, time: 0.001, data: 0.001) , D_A: 0.297, G_A: 0.993, cycle_A: 0.120, D_B: 0.392, G_B: 0.935, cycle_B: 0.082, gp: 0.378

[Rank 0] (epoch: 13, iters: 17024, time: 0.001, data: 0.001) , D_A: 0.358, G_A: 1.035, cycle_A: 0.106, D_B: 0.410, G_B: 0.878, cycle_B: 0.075, gp: 0.397

[Rank 0] (epoch: 13, iters: 18624, time: 0.001, data: 0.001) , D_A: 0.264, G_A: 0.962, cycle_A: 0.120, D_B: 0.407, G_B: 1.006, cycle_B: 0.066, gp: 0.398

[Rank 0] (epoch: 13, iters: 20224, time: 0.001, data: 0.001) , D_A: 0.264, G_A: 0.998, cycle_A: 0.125, D_B: 0.289, G_B: 1.044, cycle_B: 0.098, gp: 0.280

[Rank 0] (epoch: 13, iters: 21824, time: 0.001, data: 0.001) , D_A: 0.293, G_A: 1.025, cycle_A: 0.116, D_B: 0.375, G_B: 0.814, cycle_B: 0.074, gp: 0.358

[Rank 0] (epoch: 13, iters: 23424, time: 0.001, data: 0.001) , D_A: 0.247, G_A: 1.010, cycle_A: 0.122, D_B: 0.359, G_B: 1.034, cycle_B: 0.072, gp: 0.352

[Rank 0] (epoch: 13, iters: 25024, time: 0.001, data: 0.001) , D_A: 0.223, G_A: 0.969, cycle_A: 0.109, D_B: 0.371, G_B: 1.128, cycle_B: 0.070, gp: 0.359

[Rank 0] (epoch: 13, iters: 26624, time: 0.001, data: 0.001) , D_A: 0.230, G_A: 1.041, cycle_A: 0.119, D_B: 0.437, G_B: 0.964, cycle_B: 0.065, gp: 0.431

[Rank 0] (epoch: 13, iters: 28224, time: 0.001, data: 0.001) , D_A: 0.362, G_A: 1.045, cycle_A: 0.120, D_B: 0.324, G_B: 0.935, cycle_B: 0.080, gp: 0.316

[Rank 0] (epoch: 13, iters: 29824, time: 0.001, data: 0.001) , D_A: 0.222, G_A: 1.001, cycle_A: 0.119, D_B: 0.309, G_B: 0.982, cycle_B: 0.070, gp: 0.298

[Rank 0] (epoch: 13, iters: 31424, time: 0.001, data: 0.001) , D_A: 0.289, G_A: 1.015, cycle_A: 0.127, D_B: 0.226, G_B: 1.013, cycle_B: 0.072, gp: 0.204

[Rank 0] (epoch: 13, iters: 33024, time: 0.001, data: 0.001) , D_A: 0.317, G_A: 1.080, cycle_A: 0.130, D_B: 0.338, G_B: 0.932, cycle_B: 0.070, gp: 0.332

--- iter tau=0.3371 ---
  cipher in : al nhftalpfg qnphreh sr afptkfquahpwthpqfpe ktrh phg pgtlphguwap
  decrypted : tfaheiotf igash eucealuati odisnte  oe si cadouea ega gof egn t 
  real plain: l and various civilian medical organizations demonstrations of n
  cipher in : eurfpqapfg pvthfpfwupy tnhpucpfg pcqcfq hpfuptaptaartvpntf pucpt
  decrypted : cnui st iga loei i n laohe ny iga ysyisae in ot ottuol hoia ny o
  real plain: ectric globes at intervals of thirty feet a thick crimson carpet
[Rank 0] (epoch: 13, iters: 34624, time: 0.001, data: 0.001) , D_A: 0.428, G_A: 0.982, cycle_A: 0.129, D_B: 0.342, G_B: 0.905, cycle_B: 0.076, gp: 0.335

saving the latest model (epoch 13, total_iters 520000)
[Rank 0] (epoch: 13, iters: 36224, time: 0.001, data: 0.001) , D_A: 0.409, G_A: 0.871, cycle_A: 0.133, D_B: 0.274, G_B: 0.920, cycle_B: 0.068, gp: 0.266

[Rank 0] (epoch: 13, iters: 37824, time: 0.001, data: 0.001) , D_A: 0.333, G_A: 0.969, cycle_A: 0.130, D_B: 0.124, G_B: 0.916, cycle_B: 0.073, gp: 0.104

[Rank 0] (epoch: 13, iters: 39424, time: 0.001, data: 0.001) , D_A: 0.322, G_A: 0.897, cycle_A: 0.113, D_B: 0.253, G_B: 1.052, cycle_B: 0.063, gp: 0.240

learning rate 0.0002000 -> 0.0002000
temperature tau = 0.3262
End of epoch 13 / 50 	 Time Taken: 31 sec
[Rank 0] (epoch: 14, iters: 576, time: 0.001, data: 0.001) , D_A: 0.283, G_A: 0.943, cycle_A: 0.130, D_B: 0.306, G_B: 1.027, cycle_B: 0.077, gp: 0.300

[Rank 0] (epoch: 14, iters: 2176, time: 0.001, data: 0.000) , D_A: 0.371, G_A: 0.947, cycle_A: 0.125, D_B: 0.296, G_B: 0.976, cycle_B: 0.066, gp: 0.289

[Rank 0] (epoch: 14, iters: 3776, time: 0.001, data: 0.001) , D_A: 0.344, G_A: 1.016, cycle_A: 0.096, D_B: 0.373, G_B: 0.944, cycle_B: 0.077, gp: 0.366

[Rank 0] (epoch: 14, iters: 5376, time: 0.001, data: 0.001) , D_A: 0.290, G_A: 0.976, cycle_A: 0.111, D_B: 0.378, G_B: 0.967, cycle_B: 0.069, gp: 0.372

[Rank 0] (epoch: 14, iters: 6976, time: 0.001, data: 0.001) , D_A: 0.291, G_A: 0.995, cycle_A: 0.120, D_B: 0.208, G_B: 0.998, cycle_B: 0.073, gp: 0.196

[Rank 0] (epoch: 14, iters: 8576, time: 0.001, data: 0.001) , D_A: 0.204, G_A: 0.988, cycle_A: 0.111, D_B: 0.316, G_B: 0.867, cycle_B: 0.072, gp: 0.308

[Rank 0] (epoch: 14, iters: 10176, time: 0.001, data: 0.001) , D_A: 0.176, G_A: 1.004, cycle_A: 0.109, D_B: 0.353, G_B: 0.921, cycle_B: 0.073, gp: 0.346

[Rank 0] (epoch: 14, iters: 11776, time: 0.001, data: 0.002) , D_A: 0.304, G_A: 1.018, cycle_A: 0.119, D_B: 0.462, G_B: 0.759, cycle_B: 0.082, gp: 0.433

[Rank 0] (epoch: 14, iters: 13376, time: 0.001, data: 0.001) , D_A: 0.255, G_A: 0.942, cycle_A: 0.114, D_B: 0.347, G_B: 1.148, cycle_B: 0.071, gp: 0.335

[Rank 0] (epoch: 14, iters: 14976, time: 0.001, data: 0.001) , D_A: 0.235, G_A: 0.944, cycle_A: 0.114, D_B: 0.317, G_B: 0.973, cycle_B: 0.078, gp: 0.311

[Rank 0] (epoch: 14, iters: 16576, time: 0.001, data: 0.003) , D_A: 0.351, G_A: 0.978, cycle_A: 0.134, D_B: 0.212, G_B: 1.110, cycle_B: 0.067, gp: 0.193

[Rank 0] (epoch: 14, iters: 18176, time: 0.001, data: 0.001) , D_A: 0.228, G_A: 0.964, cycle_A: 0.116, D_B: 0.402, G_B: 0.979, cycle_B: 0.068, gp: 0.395

[Rank 0] (epoch: 14, iters: 19776, time: 0.001, data: 0.001) , D_A: 0.297, G_A: 0.975, cycle_A: 0.108, D_B: 0.214, G_B: 1.044, cycle_B: 0.086, gp: 0.206

[Rank 0] (epoch: 14, iters: 21376, time: 0.001, data: 0.001) , D_A: 0.305, G_A: 0.925, cycle_A: 0.116, D_B: 0.342, G_B: 0.958, cycle_B: 0.092, gp: 0.335

[Rank 0] (epoch: 14, iters: 22976, time: 0.001, data: 0.001) , D_A: 0.276, G_A: 0.969, cycle_A: 0.118, D_B: 0.406, G_B: 0.949, cycle_B: 0.072, gp: 0.400

[Rank 0] (epoch: 14, iters: 24576, time: 0.001, data: 0.001) , D_A: 0.301, G_A: 1.017, cycle_A: 0.115, D_B: 0.359, G_B: 1.146, cycle_B: 0.076, gp: 0.350

[Rank 0] (epoch: 14, iters: 26176, time: 0.001, data: 0.001) , D_A: 0.279, G_A: 0.968, cycle_A: 0.119, D_B: 0.435, G_B: 0.973, cycle_B: 0.075, gp: 0.427

[Rank 0] (epoch: 14, iters: 27776, time: 0.001, data: 0.001) , D_A: 0.281, G_A: 0.977, cycle_A: 0.117, D_B: 0.354, G_B: 1.038, cycle_B: 0.073, gp: 0.348

[Rank 0] (epoch: 14, iters: 29376, time: 0.001, data: 0.001) , D_A: 0.253, G_A: 0.997, cycle_A: 0.108, D_B: 0.230, G_B: 0.995, cycle_B: 0.078, gp: 0.225

[Rank 0] (epoch: 14, iters: 30976, time: 0.001, data: 0.001) , D_A: 0.246, G_A: 0.950, cycle_A: 0.116, D_B: 0.356, G_B: 0.951, cycle_B: 0.067, gp: 0.350

[Rank 0] (epoch: 14, iters: 32576, time: 0.001, data: 0.001) , D_A: 0.306, G_A: 1.029, cycle_A: 0.120, D_B: 0.293, G_B: 0.979, cycle_B: 0.069, gp: 0.286

--- iter tau=0.3262 ---
  cipher in : n h afvypqii thrntev pfgqhpwurvlpzqo pfg pgylnuz aptfuiptphvqzgf
  decrypted : haeatill sbbaoeuhocla igse  nulf vspa iga glfhnvat oinb o elsvgi
  real plain: e selfesteem for the semiliterate by the diversion of attention 
  cipher in : qaptapgurnptpo nypnurzgpnrv pucpfgriepqhpfgtfpral npctountev pku
  decrypted : st ot gnuh o pahl hnuvg hula ny igubc se igoi utfah yopnhocla dn
  real plain: g up from beneath one of your wrong hats and with your nervous a
[Rank 0] (epoch: 14, iters: 34176, time: 0.001, data: 0.001) , D_A: 0.271, G_A: 0.965, cycle_A: 0.139, D_B: 0.245, G_B: 1.117, cycle_B: 0.065, gp: 0.232

saving the latest model (epoch 14, total_iters 560000)
[Rank 0] (epoch: 14, iters: 35776, time: 0.001, data: 0.001) , D_A: 0.360, G_A: 0.978, cycle_A: 0.115, D_B: 0.329, G_B: 1.022, cycle_B: 0.071, gp: 0.323

[Rank 0] (epoch: 14, iters: 37376, time: 0.001, data: 0.001) , D_A: 0.219, G_A: 0.989, cycle_A: 0.138, D_B: 0.284, G_B: 1.001, cycle_B: 0.077, gp: 0.274

[Rank 0] (epoch: 14, iters: 38976, time: 0.001, data: 0.001) , D_A: 0.284, G_A: 1.005, cycle_A: 0.133, D_B: 0.343, G_B: 0.996, cycle_B: 0.063, gp: 0.329

learning rate 0.0002000 -> 0.0002000
temperature tau = 0.3157
End of epoch 14 / 50 	 Time Taken: 39 sec
[Rank 0] (epoch: 15, iters: 128, time: 0.001, data: 0.001) , D_A: 0.403, G_A: 0.901, cycle_A: 0.120, D_B: 0.365, G_B: 1.068, cycle_B: 0.073, gp: 0.348

[Rank 0] (epoch: 15, iters: 1728, time: 0.001, data: 0.000) , D_A: 0.311, G_A: 1.016, cycle_A: 0.111, D_B: 0.323, G_B: 0.968, cycle_B: 0.068, gp: 0.316

[Rank 0] (epoch: 15, iters: 3328, time: 0.001, data: 0.001) , D_A: 0.247, G_A: 1.035, cycle_A: 0.114, D_B: 0.290, G_B: 1.085, cycle_B: 0.080, gp: 0.283

[Rank 0] (epoch: 15, iters: 4928, time: 0.001, data: 0.001) , D_A: 0.284, G_A: 0.881, cycle_A: 0.114, D_B: 0.244, G_B: 0.957, cycle_B: 0.082, gp: 0.236

[Rank 0] (epoch: 15, iters: 6528, time: 0.001, data: 0.001) , D_A: 0.193, G_A: 1.015, cycle_A: 0.135, D_B: 0.164, G_B: 1.106, cycle_B: 0.071, gp: 0.152

[Rank 0] (epoch: 15, iters: 8128, time: 0.001, data: 0.001) , D_A: 0.317, G_A: 0.965, cycle_A: 0.118, D_B: 0.374, G_B: 1.077, cycle_B: 0.064, gp: 0.331

[Rank 0] (epoch: 15, iters: 9728, time: 0.001, data: 0.001) , D_A: 0.269, G_A: 0.923, cycle_A: 0.114, D_B: 0.416, G_B: 1.027, cycle_B: 0.089, gp: 0.411

[Rank 0] (epoch: 15, iters: 11328, time: 0.001, data: 0.001) , D_A: 0.276, G_A: 0.931, cycle_A: 0.103, D_B: 0.407, G_B: 0.993, cycle_B: 0.077, gp: 0.401

[Rank 0] (epoch: 15, iters: 12928, time: 0.001, data: 0.001) , D_A: 0.377, G_A: 0.934, cycle_A: 0.107, D_B: 0.418, G_B: 0.916, cycle_B: 0.079, gp: 0.412

[Rank 0] (epoch: 15, iters: 14528, time: 0.001, data: 0.001) , D_A: 0.314, G_A: 1.056, cycle_A: 0.119, D_B: 0.374, G_B: 0.992, cycle_B: 0.082, gp: 0.368

[Rank 0] (epoch: 15, iters: 16128, time: 0.001, data: 0.002) , D_A: 0.322, G_A: 1.063, cycle_A: 0.113, D_B: 0.242, G_B: 0.971, cycle_B: 0.073, gp: 0.237

[Rank 0] (epoch: 15, iters: 17728, time: 0.001, data: 0.002) , D_A: 0.225, G_A: 0.978, cycle_A: 0.114, D_B: 0.286, G_B: 1.019, cycle_B: 0.069, gp: 0.281

[Rank 0] (epoch: 15, iters: 19328, time: 0.001, data: 0.001) , D_A: 0.284, G_A: 0.960, cycle_A: 0.116, D_B: 0.218, G_B: 0.973, cycle_B: 0.063, gp: 0.213

[Rank 0] (epoch: 15, iters: 20928, time: 0.001, data: 0.002) , D_A: 0.326, G_A: 1.030, cycle_A: 0.114, D_B: 0.434, G_B: 0.966, cycle_B: 0.067, gp: 0.428

[Rank 0] (epoch: 15, iters: 22528, time: 0.001, data: 0.001) , D_A: 0.319, G_A: 1.003, cycle_A: 0.103, D_B: 0.312, G_B: 0.947, cycle_B: 0.068, gp: 0.308

[Rank 0] (epoch: 15, iters: 24128, time: 0.001, data: 0.001) , D_A: 0.198, G_A: 0.909, cycle_A: 0.111, D_B: 0.184, G_B: 0.960, cycle_B: 0.078, gp: 0.177

[Rank 0] (epoch: 15, iters: 25728, time: 0.001, data: 0.001) , D_A: 0.282, G_A: 1.044, cycle_A: 0.122, D_B: 0.470, G_B: 0.982, cycle_B: 0.070, gp: 0.460

[Rank 0] (epoch: 15, iters: 27328, time: 0.001, data: 0.002) , D_A: 0.304, G_A: 0.975, cycle_A: 0.125, D_B: 0.322, G_B: 0.948, cycle_B: 0.070, gp: 0.311

[Rank 0] (epoch: 15, iters: 28928, time: 0.001, data: 0.002) , D_A: 0.230, G_A: 0.968, cycle_A: 0.118, D_B: 0.432, G_B: 1.002, cycle_B: 0.068, gp: 0.425

[Rank 0] (epoch: 15, iters: 30528, time: 0.001, data: 0.001) , D_A: 0.407, G_A: 1.162, cycle_A: 0.113, D_B: 0.283, G_B: 0.998, cycle_B: 0.060, gp: 0.269

[Rank 0] (epoch: 15, iters: 32128, time: 0.001, data: 0.001) , D_A: 0.301, G_A: 1.007, cycle_A: 0.130, D_B: 0.188, G_B: 0.957, cycle_B: 0.068, gp: 0.182

--- iter tau=0.3157 ---
  cipher in : hpyurpirhfpe ptpo nypv tna lpitaphtyhpouvftqn pfupua pucpfg peta
  decrypted : e lnu buei ca o pahl laohtaf bot eole pnliosha in nta ny iga cot
  real plain: aned on his shovel as he studied the horizon but nothing happene
  cipher in : ityph  ipfnqoqtvperfpkuiiraqhfpuccqkqtvpguuvqztaqhipc  lhpuaphrk
  decrypted : bol eaab ihspsol cui dnbbutsei nyysdsol gnnlsvotseb yaafe nt eud
  real plain: orthodontic problems from arising your dentist can do these thin
[Rank 0] (epoch: 15, iters: 33728, time: 0.001, data: 0.001) , D_A: 0.276, G_A: 0.976, cycle_A: 0.138, D_B: 0.189, G_B: 0.857, cycle_B: 0.075, gp: 0.178

saving the latest model (epoch 15, total_iters 600000)
[Rank 0] (epoch: 15, iters: 35328, time: 0.001, data: 0.002) , D_A: 0.286, G_A: 0.883, cycle_A: 0.111, D_B: 0.229, G_B: 1.102, cycle_B: 0.060, gp: 0.215

[Rank 0] (epoch: 15, iters: 36928, time: 0.001, data: 0.001) , D_A: 0.286, G_A: 0.935, cycle_A: 0.123, D_B: 0.380, G_B: 0.977, cycle_B: 0.077, gp: 0.363

[Rank 0] (epoch: 15, iters: 38528, time: 0.001, data: 0.002) , D_A: 0.315, G_A: 0.987, cycle_A: 0.118, D_B: 0.287, G_B: 0.882, cycle_B: 0.064, gp: 0.274

[Rank 0] (epoch: 15, iters: 40128, time: 0.001, data: 0.001) , D_A: 0.319, G_A: 1.022, cycle_A: 0.135, D_B: 0.333, G_B: 1.162, cycle_B: 0.073, gp: 0.306

learning rate 0.0002000 -> 0.0002000
temperature tau = 0.3055
End of epoch 15 / 50 	 Time Taken: 38 sec
[Rank 0] (epoch: 16, iters: 1280, time: 0.001, data: 0.001) , D_A: 0.338, G_A: 0.947, cycle_A: 0.117, D_B: 0.233, G_B: 1.033, cycle_B: 0.076, gp: 0.226

[Rank 0] (epoch: 16, iters: 2880, time: 0.001, data: 0.001) , D_A: 0.211, G_A: 0.985, cycle_A: 0.117, D_B: 0.307, G_B: 1.018, cycle_B: 0.069, gp: 0.301

[Rank 0] (epoch: 16, iters: 4480, time: 0.001, data: 0.001) , D_A: 0.283, G_A: 0.986, cycle_A: 0.114, D_B: 0.281, G_B: 0.991, cycle_B: 0.075, gp: 0.275

[Rank 0] (epoch: 16, iters: 6080, time: 0.001, data: 0.001) , D_A: 0.340, G_A: 0.993, cycle_A: 0.121, D_B: 0.365, G_B: 0.970, cycle_B: 0.086, gp: 0.350

[Rank 0] (epoch: 16, iters: 7680, time: 0.001, data: 0.001) , D_A: 0.372, G_A: 0.952, cycle_A: 0.117, D_B: 0.430, G_B: 1.096, cycle_B: 0.080, gp: 0.422

[Rank 0] (epoch: 16, iters: 9280, time: 0.001, data: 0.001) , D_A: 0.251, G_A: 0.932, cycle_A: 0.119, D_B: 0.301, G_B: 0.984, cycle_B: 0.094, gp: 0.296

[Rank 0] (epoch: 16, iters: 10880, time: 0.001, data: 0.001) , D_A: 0.257, G_A: 0.943, cycle_A: 0.120, D_B: 0.386, G_B: 0.880, cycle_B: 0.065, gp: 0.375

[Rank 0] (epoch: 16, iters: 12480, time: 0.001, data: 0.002) , D_A: 0.270, G_A: 0.986, cycle_A: 0.119, D_B: 0.343, G_B: 1.008, cycle_B: 0.076, gp: 0.335

[Rank 0] (epoch: 16, iters: 14080, time: 0.001, data: 0.001) , D_A: 0.249, G_A: 0.976, cycle_A: 0.112, D_B: 0.277, G_B: 0.987, cycle_B: 0.065, gp: 0.271

[Rank 0] (epoch: 16, iters: 15680, time: 0.001, data: 0.001) , D_A: 0.387, G_A: 0.944, cycle_A: 0.117, D_B: 0.372, G_B: 0.958, cycle_B: 0.080, gp: 0.367

[Rank 0] (epoch: 16, iters: 17280, time: 0.001, data: 0.001) , D_A: 0.246, G_A: 0.966, cycle_A: 0.127, D_B: 0.334, G_B: 1.010, cycle_B: 0.074, gp: 0.329

[Rank 0] (epoch: 16, iters: 18880, time: 0.001, data: 0.001) , D_A: 0.265, G_A: 0.955, cycle_A: 0.113, D_B: 0.350, G_B: 0.989, cycle_B: 0.067, gp: 0.344

[Rank 0] (epoch: 16, iters: 20480, time: 0.001, data: 0.001) , D_A: 0.356, G_A: 1.014, cycle_A: 0.106, D_B: 0.374, G_B: 0.985, cycle_B: 0.078, gp: 0.369

[Rank 0] (epoch: 16, iters: 22080, time: 0.001, data: 0.001) , D_A: 0.367, G_A: 0.981, cycle_A: 0.100, D_B: 0.273, G_B: 1.021, cycle_B: 0.071, gp: 0.268

[Rank 0] (epoch: 16, iters: 23680, time: 0.001, data: 0.002) , D_A: 0.188, G_A: 1.002, cycle_A: 0.120, D_B: 0.343, G_B: 0.936, cycle_B: 0.068, gp: 0.337

[Rank 0] (epoch: 16, iters: 25280, time: 0.001, data: 0.001) , D_A: 0.194, G_A: 0.988, cycle_A: 0.109, D_B: 0.407, G_B: 0.862, cycle_B: 0.080, gp: 0.386

[Rank 0] (epoch: 16, iters: 26880, time: 0.001, data: 0.001) , D_A: 0.210, G_A: 0.970, cycle_A: 0.123, D_B: 0.439, G_B: 0.920, cycle_B: 0.068, gp: 0.424

[Rank 0] (epoch: 16, iters: 28480, time: 0.001, data: 0.002) , D_A: 0.270, G_A: 0.991, cycle_A: 0.122, D_B: 0.434, G_B: 0.998, cycle_B: 0.081, gp: 0.428

[Rank 0] (epoch: 16, iters: 30080, time: 0.001, data: 0.001) , D_A: 0.268, G_A: 0.983, cycle_A: 0.102, D_B: 0.314, G_B: 1.016, cycle_B: 0.070, gp: 0.307

[Rank 0] (epoch: 16, iters: 31680, time: 0.001, data: 0.001) , D_A: 0.273, G_A: 0.973, cycle_A: 0.121, D_B: 0.301, G_B: 0.973, cycle_B: 0.072, gp: 0.278

--- iter tau=0.3055 ---
  cipher in : pwgtfpfg pv ff npmunf al lptfpwgtfpqaouvo i afp jqhf lpcunpxrtaq
  decrypted :   goi iga laiiah rnhiatfaf oi  goi stpnlpabati adseiaf ynh muots
  real plain: d the mouth was edentulous the heart weighed gm and at the outfl
  cipher in : nypatnnuwphmtk pwg apqfpwthpcqatvvypmuqaf lp thfpg phtqlpyurphgu
  decrypted : hl tohhn  eroda  gat si  oe ystolll rnstiaf aoei ga eosf lnu egn
  real plain: ed either in the middle of the acts or in the intermissions the 
[Rank 0] (epoch: 16, iters: 33280, time: 0.001, data: 0.001) , D_A: 0.275, G_A: 0.870, cycle_A: 0.126, D_B: 0.270, G_B: 0.986, cycle_B: 0.070, gp: 0.266

saving the latest model (epoch 16, total_iters 640000)
[Rank 0] (epoch: 16, iters: 34880, time: 0.001, data: 0.001) , D_A: 0.277, G_A: 1.064, cycle_A: 0.117, D_B: 0.271, G_B: 0.978, cycle_B: 0.065, gp: 0.263

[Rank 0] (epoch: 16, iters: 36480, time: 0.001, data: 0.001) , D_A: 0.253, G_A: 0.943, cycle_A: 0.121, D_B: 0.344, G_B: 0.995, cycle_B: 0.068, gp: 0.338

[Rank 0] (epoch: 16, iters: 38080, time: 0.001, data: 0.001) , D_A: 0.246, G_A: 0.927, cycle_A: 0.123, D_B: 0.203, G_B: 0.949, cycle_B: 0.083, gp: 0.191

[Rank 0] (epoch: 16, iters: 39680, time: 0.001, data: 0.002) , D_A: 0.240, G_A: 0.898, cycle_A: 0.120, D_B: 0.184, G_B: 0.990, cycle_B: 0.082, gp: 0.174

learning rate 0.0002000 -> 0.0002000
temperature tau = 0.2956
End of epoch 16 / 50 	 Time Taken: 38 sec
[Rank 0] (epoch: 17, iters: 832, time: 0.001, data: 0.001) , D_A: 0.298, G_A: 1.004, cycle_A: 0.120, D_B: 0.377, G_B: 0.999, cycle_B: 0.077, gp: 0.373

[Rank 0] (epoch: 17, iters: 2432, time: 0.001, data: 0.002) , D_A: 0.339, G_A: 0.989, cycle_A: 0.119, D_B: 0.321, G_B: 1.017, cycle_B: 0.065, gp: 0.316

[Rank 0] (epoch: 17, iters: 4032, time: 0.001, data: 0.001) , D_A: 0.270, G_A: 1.046, cycle_A: 0.118, D_B: 0.218, G_B: 0.996, cycle_B: 0.070, gp: 0.210

[Rank 0] (epoch: 17, iters: 5632, time: 0.001, data: 0.001) , D_A: 0.272, G_A: 1.012, cycle_A: 0.126, D_B: 0.279, G_B: 0.979, cycle_B: 0.070, gp: 0.273

[Rank 0] (epoch: 17, iters: 7232, time: 0.001, data: 0.001) , D_A: 0.315, G_A: 0.957, cycle_A: 0.122, D_B: 0.170, G_B: 1.012, cycle_B: 0.083, gp: 0.162

[Rank 0] (epoch: 17, iters: 8832, time: 0.001, data: 0.001) , D_A: 0.346, G_A: 1.007, cycle_A: 0.114, D_B: 0.325, G_B: 0.995, cycle_B: 0.072, gp: 0.318

[Rank 0] (epoch: 17, iters: 10432, time: 0.001, data: 0.001) , D_A: 0.230, G_A: 0.950, cycle_A: 0.114, D_B: 0.405, G_B: 1.000, cycle_B: 0.073, gp: 0.399

[Rank 0] (epoch: 17, iters: 12032, time: 0.001, data: 0.001) , D_A: 0.218, G_A: 0.996, cycle_A: 0.113, D_B: 0.389, G_B: 0.967, cycle_B: 0.077, gp: 0.381

[Rank 0] (epoch: 17, iters: 13632, time: 0.001, data: 0.001) , D_A: 0.288, G_A: 1.018, cycle_A: 0.122, D_B: 0.275, G_B: 0.987, cycle_B: 0.069, gp: 0.270

[Rank 0] (epoch: 17, iters: 15232, time: 0.001, data: 0.001) , D_A: 0.321, G_A: 0.985, cycle_A: 0.124, D_B: 0.335, G_B: 0.990, cycle_B: 0.077, gp: 0.328

[Rank 0] (epoch: 17, iters: 16832, time: 0.001, data: 0.001) , D_A: 0.222, G_A: 1.002, cycle_A: 0.126, D_B: 0.376, G_B: 1.014, cycle_B: 0.069, gp: 0.371

[Rank 0] (epoch: 17, iters: 18432, time: 0.001, data: 0.001) , D_A: 0.304, G_A: 1.021, cycle_A: 0.124, D_B: 0.281, G_B: 1.007, cycle_B: 0.068, gp: 0.270

[Rank 0] (epoch: 17, iters: 20032, time: 0.001, data: 0.001) , D_A: 0.354, G_A: 1.000, cycle_A: 0.122, D_B: 0.325, G_B: 1.055, cycle_B: 0.080, gp: 0.315

[Rank 0] (epoch: 17, iters: 21632, time: 0.001, data: 0.001) , D_A: 0.322, G_A: 0.993, cycle_A: 0.109, D_B: 0.283, G_B: 0.984, cycle_B: 0.073, gp: 0.280

[Rank 0] (epoch: 17, iters: 23232, time: 0.001, data: 0.001) , D_A: 0.353, G_A: 0.935, cycle_A: 0.120, D_B: 0.371, G_B: 1.032, cycle_B: 0.072, gp: 0.365

[Rank 0] (epoch: 17, iters: 24832, time: 0.001, data: 0.001) , D_A: 0.332, G_A: 1.054, cycle_A: 0.112, D_B: 0.365, G_B: 0.995, cycle_B: 0.070, gp: 0.358

[Rank 0] (epoch: 17, iters: 26432, time: 0.001, data: 0.001) , D_A: 0.302, G_A: 0.931, cycle_A: 0.102, D_B: 0.408, G_B: 0.887, cycle_B: 0.064, gp: 0.400

[Rank 0] (epoch: 17, iters: 28032, time: 0.001, data: 0.001) , D_A: 0.233, G_A: 1.035, cycle_A: 0.112, D_B: 0.379, G_B: 1.025, cycle_B: 0.070, gp: 0.374

[Rank 0] (epoch: 17, iters: 29632, time: 0.001, data: 0.001) , D_A: 0.248, G_A: 1.015, cycle_A: 0.123, D_B: 0.263, G_B: 0.985, cycle_B: 0.078, gp: 0.258

[Rank 0] (epoch: 17, iters: 31232, time: 0.001, data: 0.001) , D_A: 0.340, G_A: 0.940, cycle_A: 0.130, D_B: 0.202, G_B: 0.988, cycle_B: 0.065, gp: 0.199

--- iter tau=0.2956 ---
  cipher in :  o apf apy tnhptzupfultyhp oql ak phrkgpthpfg pctkfpfgtfpuavypfg
  decrypted : apat iat laohe ovn infole apsfatda eudg oe iga yodi igoi ntll ig
  real plain: d the mouth was edentulous the heart weighed gm and at the outfl
  cipher in : un pvuehf netkd lpqactafnyptalpthd lpwgtfpwthpfupe plua pwqfgptp
  decrypted : nha lnceiahcoddaf styotihl otf oedaf  goi  oe in ca fnta  sig o 
  real plain: ed either in the middle of the acts or in the intermissions the 
[Rank 0] (epoch: 17, iters: 32832, time: 0.001, data: 0.001) , D_A: 0.307, G_A: 0.948, cycle_A: 0.106, D_B: 0.357, G_B: 1.114, cycle_B: 0.070, gp: 0.347

saving the latest model (epoch 17, total_iters 680000)
[Rank 0] (epoch: 17, iters: 34432, time: 0.001, data: 0.001) , D_A: 0.263, G_A: 0.959, cycle_A: 0.123, D_B: 0.344, G_B: 1.005, cycle_B: 0.078, gp: 0.338

[Rank 0] (epoch: 17, iters: 36032, time: 0.001, data: 0.001) , D_A: 0.327, G_A: 0.879, cycle_A: 0.114, D_B: 0.406, G_B: 0.998, cycle_B: 0.068, gp: 0.403

[Rank 0] (epoch: 17, iters: 37632, time: 0.001, data: 0.001) , D_A: 0.295, G_A: 0.967, cycle_A: 0.133, D_B: 0.264, G_B: 0.903, cycle_B: 0.073, gp: 0.251

[Rank 0] (epoch: 17, iters: 39232, time: 0.001, data: 0.001) , D_A: 0.263, G_A: 1.024, cycle_A: 0.115, D_B: 0.233, G_B: 0.998, cycle_B: 0.062, gp: 0.227

learning rate 0.0002000 -> 0.0002000
temperature tau = 0.2861
End of epoch 17 / 50 	 Time Taken: 32 sec
[Rank 0] (epoch: 18, iters: 384, time: 0.001, data: 0.001) , D_A: 0.444, G_A: 0.971, cycle_A: 0.120, D_B: 0.321, G_B: 0.984, cycle_B: 0.072, gp: 0.313

[Rank 0] (epoch: 18, iters: 1984, time: 0.001, data: 0.002) , D_A: 0.312, G_A: 1.029, cycle_A: 0.122, D_B: 0.352, G_B: 0.860, cycle_B: 0.067, gp: 0.344

[Rank 0] (epoch: 18, iters: 3584, time: 0.001, data: 0.001) , D_A: 0.310, G_A: 1.078, cycle_A: 0.111, D_B: 0.315, G_B: 0.997, cycle_B: 0.079, gp: 0.311

[Rank 0] (epoch: 18, iters: 5184, time: 0.001, data: 0.001) , D_A: 0.212, G_A: 1.000, cycle_A: 0.107, D_B: 0.412, G_B: 1.024, cycle_B: 0.071, gp: 0.400

[Rank 0] (epoch: 18, iters: 6784, time: 0.001, data: 0.001) , D_A: 0.284, G_A: 0.961, cycle_A: 0.116, D_B: 0.286, G_B: 1.000, cycle_B: 0.074, gp: 0.275

[Rank 0] (epoch: 18, iters: 8384, time: 0.001, data: 0.001) , D_A: 0.259, G_A: 0.919, cycle_A: 0.118, D_B: 0.364, G_B: 1.032, cycle_B: 0.072, gp: 0.358

[Rank 0] (epoch: 18, iters: 9984, time: 0.001, data: 0.001) , D_A: 0.334, G_A: 0.928, cycle_A: 0.105, D_B: 0.394, G_B: 0.959, cycle_B: 0.073, gp: 0.389

[Rank 0] (epoch: 18, iters: 11584, time: 0.001, data: 0.001) , D_A: 0.228, G_A: 1.031, cycle_A: 0.112, D_B: 0.405, G_B: 0.930, cycle_B: 0.076, gp: 0.399

[Rank 0] (epoch: 18, iters: 13184, time: 0.001, data: 0.001) , D_A: 0.289, G_A: 0.950, cycle_A: 0.121, D_B: 0.386, G_B: 0.962, cycle_B: 0.079, gp: 0.381

[Rank 0] (epoch: 18, iters: 14784, time: 0.001, data: 0.001) , D_A: 0.287, G_A: 0.968, cycle_A: 0.121, D_B: 0.298, G_B: 1.013, cycle_B: 0.083, gp: 0.291

[Rank 0] (epoch: 18, iters: 16384, time: 0.001, data: 0.001) , D_A: 0.290, G_A: 0.994, cycle_A: 0.126, D_B: 0.301, G_B: 1.006, cycle_B: 0.071, gp: 0.295

[Rank 0] (epoch: 18, iters: 17984, time: 0.001, data: 0.001) , D_A: 0.394, G_A: 0.961, cycle_A: 0.110, D_B: 0.283, G_B: 0.981, cycle_B: 0.068, gp: 0.277

[Rank 0] (epoch: 18, iters: 19584, time: 0.001, data: 0.001) , D_A: 0.321, G_A: 0.988, cycle_A: 0.123, D_B: 0.342, G_B: 0.988, cycle_B: 0.086, gp: 0.336

[Rank 0] (epoch: 18, iters: 21184, time: 0.001, data: 0.001) , D_A: 0.301, G_A: 0.940, cycle_A: 0.125, D_B: 0.289, G_B: 1.007, cycle_B: 0.072, gp: 0.284

[Rank 0] (epoch: 18, iters: 22784, time: 0.001, data: 0.001) , D_A: 0.223, G_A: 1.004, cycle_A: 0.132, D_B: 0.305, G_B: 0.995, cycle_B: 0.072, gp: 0.301

[Rank 0] (epoch: 18, iters: 24384, time: 0.001, data: 0.001) , D_A: 0.324, G_A: 1.036, cycle_A: 0.107, D_B: 0.204, G_B: 0.977, cycle_B: 0.076, gp: 0.199

[Rank 0] (epoch: 18, iters: 25984, time: 0.001, data: 0.001) , D_A: 0.301, G_A: 0.972, cycle_A: 0.122, D_B: 0.475, G_B: 0.933, cycle_B: 0.069, gp: 0.470

[Rank 0] (epoch: 18, iters: 27584, time: 0.001, data: 0.001) , D_A: 0.280, G_A: 1.043, cycle_A: 0.113, D_B: 0.199, G_B: 0.956, cycle_B: 0.069, gp: 0.194

[Rank 0] (epoch: 18, iters: 29184, time: 0.001, data: 0.001) , D_A: 0.335, G_A: 0.956, cycle_A: 0.113, D_B: 0.343, G_B: 0.860, cycle_B: 0.067, gp: 0.338

[Rank 0] (epoch: 18, iters: 30784, time: 0.001, data: 0.002) , D_A: 0.371, G_A: 0.994, cycle_A: 0.106, D_B: 0.356, G_B: 1.008, cycle_B: 0.067, gp: 0.351

--- iter tau=0.2861 ---
  cipher in : ptkkrvfrntf lphvuwvypqaptaptz pucpmnqafptalp thypkuiiraqktfquapw
  decrypted :  odduliuhoiaf eln ll st ot ova ny rhsti otf aoel dnbbutsdoisnt  
  real plain: machines of war they also furnish proof that in modern war messa
  cipher in : qo pgqhp hfqitf pfgtfpqfpwurvlpmnulrk piqvvquapluvvtnhpfupg vmp 
  decrypted : spa gse aeisboia igoi si  nulf rhnfuda bsllsnt fnllohe in galr a
  real plain: stinguished from sampling error in each of these sources on such
[Rank 0] (epoch: 18, iters: 32384, time: 0.001, data: 0.001) , D_A: 0.359, G_A: 0.976, cycle_A: 0.119, D_B: 0.329, G_B: 1.012, cycle_B: 0.068, gp: 0.322

saving the latest model (epoch 18, total_iters 720000)
[Rank 0] (epoch: 18, iters: 33984, time: 0.001, data: 0.001) , D_A: 0.259, G_A: 0.994, cycle_A: 0.139, D_B: 0.183, G_B: 1.034, cycle_B: 0.064, gp: 0.171

[Rank 0] (epoch: 18, iters: 35584, time: 0.001, data: 0.001) , D_A: 0.322, G_A: 1.013, cycle_A: 0.123, D_B: 0.328, G_B: 1.025, cycle_B: 0.072, gp: 0.323

[Rank 0] (epoch: 18, iters: 37184, time: 0.001, data: 0.001) , D_A: 0.405, G_A: 0.940, cycle_A: 0.115, D_B: 0.326, G_B: 0.920, cycle_B: 0.075, gp: 0.318

[Rank 0] (epoch: 18, iters: 38784, time: 0.001, data: 0.001) , D_A: 0.341, G_A: 0.985, cycle_A: 0.125, D_B: 0.312, G_B: 0.946, cycle_B: 0.066, gp: 0.300

[Rank 0] (epoch: 18, iters: 40384, time: 0.001, data: 0.001) , D_A: 0.279, G_A: 0.966, cycle_A: 0.143, D_B: 0.233, G_B: 1.065, cycle_B: 0.073, gp: 0.222

learning rate 0.0002000 -> 0.0002000
temperature tau = 0.2768
End of epoch 18 / 50 	 Time Taken: 37 sec
[Rank 0] (epoch: 19, iters: 1536, time: 0.001, data: 0.001) , D_A: 0.240, G_A: 0.999, cycle_A: 0.121, D_B: 0.342, G_B: 1.004, cycle_B: 0.078, gp: 0.333

[Rank 0] (epoch: 19, iters: 3136, time: 0.001, data: 0.003) , D_A: 0.230, G_A: 0.935, cycle_A: 0.126, D_B: 0.241, G_B: 1.021, cycle_B: 0.082, gp: 0.236

[Rank 0] (epoch: 19, iters: 4736, time: 0.001, data: 0.001) , D_A: 0.347, G_A: 0.979, cycle_A: 0.121, D_B: 0.288, G_B: 1.031, cycle_B: 0.077, gp: 0.284

[Rank 0] (epoch: 19, iters: 6336, time: 0.001, data: 0.001) , D_A: 0.259, G_A: 0.980, cycle_A: 0.137, D_B: 0.297, G_B: 1.022, cycle_B: 0.070, gp: 0.291

[Rank 0] (epoch: 19, iters: 7936, time: 0.001, data: 0.001) , D_A: 0.260, G_A: 0.969, cycle_A: 0.112, D_B: 0.447, G_B: 1.014, cycle_B: 0.063, gp: 0.440

[Rank 0] (epoch: 19, iters: 9536, time: 0.001, data: 0.002) , D_A: 0.219, G_A: 0.952, cycle_A: 0.120, D_B: 0.330, G_B: 1.003, cycle_B: 0.092, gp: 0.325

[Rank 0] (epoch: 19, iters: 11136, time: 0.001, data: 0.001) , D_A: 0.295, G_A: 1.019, cycle_A: 0.113, D_B: 0.480, G_B: 0.932, cycle_B: 0.064, gp: 0.472

[Rank 0] (epoch: 19, iters: 12736, time: 0.001, data: 0.002) , D_A: 0.248, G_A: 0.956, cycle_A: 0.113, D_B: 0.430, G_B: 1.090, cycle_B: 0.074, gp: 0.422

[Rank 0] (epoch: 19, iters: 14336, time: 0.001, data: 0.001) , D_A: 0.253, G_A: 0.984, cycle_A: 0.119, D_B: 0.352, G_B: 0.998, cycle_B: 0.066, gp: 0.349

[Rank 0] (epoch: 19, iters: 15936, time: 0.001, data: 0.001) , D_A: 0.216, G_A: 0.974, cycle_A: 0.118, D_B: 0.367, G_B: 0.954, cycle_B: 0.073, gp: 0.363

[Rank 0] (epoch: 19, iters: 17536, time: 0.001, data: 0.001) , D_A: 0.249, G_A: 0.952, cycle_A: 0.113, D_B: 0.227, G_B: 0.983, cycle_B: 0.069, gp: 0.223

[Rank 0] (epoch: 19, iters: 19136, time: 0.001, data: 0.001) , D_A: 0.249, G_A: 1.034, cycle_A: 0.117, D_B: 0.370, G_B: 0.923, cycle_B: 0.093, gp: 0.363

[Rank 0] (epoch: 19, iters: 20736, time: 0.001, data: 0.001) , D_A: 0.271, G_A: 1.008, cycle_A: 0.111, D_B: 0.378, G_B: 0.829, cycle_B: 0.068, gp: 0.368

[Rank 0] (epoch: 19, iters: 22336, time: 0.001, data: 0.001) , D_A: 0.312, G_A: 0.958, cycle_A: 0.119, D_B: 0.329, G_B: 0.988, cycle_B: 0.070, gp: 0.319

[Rank 0] (epoch: 19, iters: 23936, time: 0.001, data: 0.003) , D_A: 0.348, G_A: 0.955, cycle_A: 0.114, D_B: 0.356, G_B: 0.956, cycle_B: 0.070, gp: 0.351

[Rank 0] (epoch: 19, iters: 25536, time: 0.001, data: 0.001) , D_A: 0.206, G_A: 0.973, cycle_A: 0.115, D_B: 0.464, G_B: 1.326, cycle_B: 0.081, gp: 0.438

[Rank 0] (epoch: 19, iters: 27136, time: 0.001, data: 0.001) , D_A: 0.282, G_A: 0.887, cycle_A: 0.125, D_B: 0.384, G_B: 0.919, cycle_B: 0.068, gp: 0.377

[Rank 0] (epoch: 19, iters: 28736, time: 0.001, data: 0.001) , D_A: 0.312, G_A: 0.966, cycle_A: 0.124, D_B: 0.335, G_B: 0.956, cycle_B: 0.068, gp: 0.331

[Rank 0] (epoch: 19, iters: 30336, time: 0.001, data: 0.003) , D_A: 0.408, G_A: 1.069, cycle_A: 0.122, D_B: 0.354, G_B: 0.974, cycle_B: 0.060, gp: 0.349

--- iter tau=0.2768 ---
  cipher in :  ihpucpl o vumi afpwqvvpmnuzn hhpuavypn ztnlv hhpucptaypurfhql p
  decrypted : abe ny fapalnrbati  sll rhnvhaee ntll havohflaee ny otl nuiesfa 
  real plain: st course in thinking and appreciating including a dose of good 
  cipher in : fg ipauplnrii nhpg n paupmqm nhptalpfg pn lpkutfhpw n pkuo n lpw
  decrypted : igab tn fhubbahe gaha tn rsrahe otf iga haf dnoie  aha dnpahaf  
  real plain: s considerably less than the amplitude of the variation in the i
[Rank 0] (epoch: 19, iters: 31936, time: 0.001, data: 0.001) , D_A: 0.307, G_A: 1.021, cycle_A: 0.119, D_B: 0.243, G_B: 1.007, cycle_B: 0.068, gp: 0.233

saving the latest model (epoch 19, total_iters 760000)
[Rank 0] (epoch: 19, iters: 33536, time: 0.001, data: 0.001) , D_A: 0.311, G_A: 1.005, cycle_A: 0.121, D_B: 0.349, G_B: 1.155, cycle_B: 0.075, gp: 0.338

[Rank 0] (epoch: 19, iters: 35136, time: 0.001, data: 0.001) , D_A: 0.407, G_A: 0.850, cycle_A: 0.836, D_B: 0.427, G_B: 0.941, cycle_B: 0.774, gp: 0.402

[Rank 0] (epoch: 19, iters: 36736, time: 0.001, data: 0.002) , D_A: 0.560, G_A: 1.037, cycle_A: 0.288, D_B: 0.421, G_B: 1.010, cycle_B: 0.369, gp: 0.412

[Rank 0] (epoch: 19, iters: 38336, time: 0.001, data: 0.001) , D_A: 0.405, G_A: 1.055, cycle_A: 0.204, D_B: 0.444, G_B: 0.941, cycle_B: 0.344, gp: 0.432

[Rank 0] (epoch: 19, iters: 39936, time: 0.001, data: 0.001) , D_A: 0.264, G_A: 0.971, cycle_A: 0.228, D_B: 0.413, G_B: 0.959, cycle_B: 0.306, gp: 0.403

learning rate 0.0002000 -> 0.0002000
temperature tau = 0.2679
End of epoch 19 / 50 	 Time Taken: 41 sec
[Rank 0] (epoch: 20, iters: 1088, time: 0.001, data: 0.001) , D_A: 0.365, G_A: 0.946, cycle_A: 0.205, D_B: 0.310, G_B: 0.973, cycle_B: 0.305, gp: 0.301

[Rank 0] (epoch: 20, iters: 2688, time: 0.001, data: 0.001) , D_A: 0.451, G_A: 1.026, cycle_A: 0.202, D_B: 0.299, G_B: 0.996, cycle_B: 0.291, gp: 0.286

[Rank 0] (epoch: 20, iters: 4288, time: 0.001, data: 0.001) , D_A: 0.350, G_A: 1.001, cycle_A: 0.173, D_B: 0.307, G_B: 0.938, cycle_B: 0.262, gp: 0.299

[Rank 0] (epoch: 20, iters: 5888, time: 0.001, data: 0.001) , D_A: 0.274, G_A: 0.968, cycle_A: 0.139, D_B: 0.332, G_B: 0.959, cycle_B: 0.258, gp: 0.326

[Rank 0] (epoch: 20, iters: 7488, time: 0.001, data: 0.001) , D_A: 0.308, G_A: 0.978, cycle_A: 0.121, D_B: 0.418, G_B: 0.937, cycle_B: 0.241, gp: 0.409

[Rank 0] (epoch: 20, iters: 9088, time: 0.001, data: 0.001) , D_A: 0.269, G_A: 0.975, cycle_A: 0.138, D_B: 0.414, G_B: 0.949, cycle_B: 0.238, gp: 0.406

[Rank 0] (epoch: 20, iters: 10688, time: 0.001, data: 0.001) , D_A: 0.328, G_A: 0.927, cycle_A: 0.149, D_B: 0.577, G_B: 1.008, cycle_B: 0.255, gp: 0.565

[Rank 0] (epoch: 20, iters: 12288, time: 0.001, data: 0.001) , D_A: 0.284, G_A: 0.993, cycle_A: 0.140, D_B: 0.432, G_B: 0.870, cycle_B: 0.245, gp: 0.422

[Rank 0] (epoch: 20, iters: 13888, time: 0.001, data: 0.001) , D_A: 0.356, G_A: 1.016, cycle_A: 0.131, D_B: 0.316, G_B: 1.150, cycle_B: 0.234, gp: 0.303

[Rank 0] (epoch: 20, iters: 15488, time: 0.001, data: 0.001) , D_A: 0.392, G_A: 0.991, cycle_A: 0.141, D_B: 0.451, G_B: 0.931, cycle_B: 0.206, gp: 0.442

[Rank 0] (epoch: 20, iters: 17088, time: 0.001, data: 0.001) , D_A: 0.305, G_A: 0.967, cycle_A: 0.141, D_B: 0.309, G_B: 0.947, cycle_B: 0.207, gp: 0.302

[Rank 0] (epoch: 20, iters: 18688, time: 0.001, data: 0.001) , D_A: 0.366, G_A: 0.972, cycle_A: 0.136, D_B: 0.514, G_B: 0.707, cycle_B: 0.186, gp: 0.502

[Rank 0] (epoch: 20, iters: 20288, time: 0.001, data: 0.001) , D_A: 0.317, G_A: 1.138, cycle_A: 0.143, D_B: 0.313, G_B: 0.944, cycle_B: 0.241, gp: 0.304

[Rank 0] (epoch: 20, iters: 21888, time: 0.001, data: 0.001) , D_A: 0.344, G_A: 1.029, cycle_A: 0.120, D_B: 0.315, G_B: 0.814, cycle_B: 0.209, gp: 0.306

[Rank 0] (epoch: 20, iters: 23488, time: 0.001, data: 0.001) , D_A: 0.391, G_A: 0.972, cycle_A: 0.145, D_B: 0.262, G_B: 0.977, cycle_B: 0.183, gp: 0.254

[Rank 0] (epoch: 20, iters: 25088, time: 0.001, data: 0.001) , D_A: 0.318, G_A: 0.986, cycle_A: 0.129, D_B: 0.458, G_B: 0.994, cycle_B: 0.188, gp: 0.450

[Rank 0] (epoch: 20, iters: 26688, time: 0.001, data: 0.002) , D_A: 0.282, G_A: 0.945, cycle_A: 0.131, D_B: 0.439, G_B: 0.918, cycle_B: 0.193, gp: 0.430

[Rank 0] (epoch: 20, iters: 28288, time: 0.001, data: 0.002) , D_A: 0.229, G_A: 0.989, cycle_A: 0.131, D_B: 0.421, G_B: 1.006, cycle_B: 0.177, gp: 0.409

[Rank 0] (epoch: 20, iters: 29888, time: 0.001, data: 0.001) , D_A: 0.350, G_A: 0.986, cycle_A: 0.165, D_B: 0.511, G_B: 1.045, cycle_B: 0.166, gp: 0.500

--- iter tau=0.2679 ---
  cipher in : kfquapeypn zrvtnvypnreeqazpgqhpgtalhpfuz fg npuvlpinpmukd fhpcnt
  decrypted : pisbt cl havulohll huccstv gse gotfe ibvaigah blf eh rbpeaie yho
  real plain: tes and synthetic detergent actives was recognized and exploited
  cipher in : kfpgthphtllv lpgqipwqfgpzun pkurnfpg pqhpwqvvqazpfuph vvpqfpxrhf
  decrypted : pi goe eofflaf gse dsig vbha pbuhi ga se dsllstv ib eall si muei
  real plain: be procured sturley quoted quiney as having written on november 
[Rank 0] (epoch: 20, iters: 31488, time: 0.001, data: 0.001) , D_A: 0.335, G_A: 0.945, cycle_A: 0.277, D_B: 0.494, G_B: 0.954, cycle_B: 0.189, gp: 0.479

saving the latest model (epoch 20, total_iters 800000)
[Rank 0] (epoch: 20, iters: 33088, time: 0.001, data: 0.001) , D_A: 0.349, G_A: 0.998, cycle_A: 0.114, D_B: 0.294, G_B: 0.968, cycle_B: 0.149, gp: 0.282

[Rank 0] (epoch: 20, iters: 34688, time: 0.001, data: 0.001) , D_A: 0.242, G_A: 0.987, cycle_A: 0.110, D_B: 0.426, G_B: 0.975, cycle_B: 0.166, gp: 0.408

[Rank 0] (epoch: 20, iters: 36288, time: 0.001, data: 0.001) , D_A: 0.296, G_A: 0.976, cycle_A: 0.136, D_B: 0.305, G_B: 1.007, cycle_B: 0.156, gp: 0.293

[Rank 0] (epoch: 20, iters: 37888, time: 0.001, data: 0.001) , D_A: 0.555, G_A: 1.040, cycle_A: 0.116, D_B: 0.280, G_B: 0.994, cycle_B: 0.157, gp: 0.271

[Rank 0] (epoch: 20, iters: 39488, time: 0.001, data: 0.001) , D_A: 0.388, G_A: 1.009, cycle_A: 0.104, D_B: 0.326, G_B: 0.962, cycle_B: 0.175, gp: 0.310

learning rate 0.0002000 -> 0.0002000
temperature tau = 0.2592
End of epoch 20 / 50 	 Time Taken: 39 sec
[Rank 0] (epoch: 21, iters: 640, time: 0.001, data: 0.001) , D_A: 0.382, G_A: 1.027, cycle_A: 0.103, D_B: 0.345, G_B: 0.923, cycle_B: 0.152, gp: 0.335

[Rank 0] (epoch: 21, iters: 2240, time: 0.001, data: 0.000) , D_A: 0.330, G_A: 0.970, cycle_A: 0.120, D_B: 0.331, G_B: 0.959, cycle_B: 0.143, gp: 0.320

[Rank 0] (epoch: 21, iters: 3840, time: 0.001, data: 0.001) , D_A: 0.262, G_A: 0.984, cycle_A: 0.117, D_B: 0.287, G_B: 1.058, cycle_B: 0.176, gp: 0.278

[Rank 0] (epoch: 21, iters: 5440, time: 0.001, data: 0.001) , D_A: 0.412, G_A: 1.010, cycle_A: 0.111, D_B: 0.277, G_B: 1.007, cycle_B: 0.145, gp: 0.267

[Rank 0] (epoch: 21, iters: 7040, time: 0.001, data: 0.001) , D_A: 0.863, G_A: 1.789, cycle_A: 0.086, D_B: 0.438, G_B: 1.082, cycle_B: 1.014, gp: 0.429

[Rank 0] (epoch: 21, iters: 8640, time: 0.001, data: 0.001) , D_A: 0.369, G_A: 0.955, cycle_A: 0.091, D_B: 0.292, G_B: 0.978, cycle_B: 0.142, gp: 0.284

[Rank 0] (epoch: 21, iters: 10240, time: 0.001, data: 0.001) , D_A: 0.359, G_A: 0.952, cycle_A: 0.080, D_B: 0.242, G_B: 0.979, cycle_B: 0.137, gp: 0.236

[Rank 0] (epoch: 21, iters: 11840, time: 0.001, data: 0.001) , D_A: 0.388, G_A: 1.037, cycle_A: 0.078, D_B: 0.365, G_B: 0.892, cycle_B: 0.165, gp: 0.357

[Rank 0] (epoch: 21, iters: 13440, time: 0.001, data: 0.002) , D_A: 0.392, G_A: 0.965, cycle_A: 0.086, D_B: 0.282, G_B: 0.970, cycle_B: 0.162, gp: 0.261

[Rank 0] (epoch: 21, iters: 15040, time: 0.001, data: 0.001) , D_A: 0.298, G_A: 0.983, cycle_A: 0.076, D_B: 0.230, G_B: 1.019, cycle_B: 0.151, gp: 0.223

[Rank 0] (epoch: 21, iters: 16640, time: 0.001, data: 0.001) , D_A: 0.453, G_A: 0.983, cycle_A: 0.081, D_B: 0.257, G_B: 0.912, cycle_B: 0.141, gp: 0.245

[Rank 0] (epoch: 21, iters: 18240, time: 0.001, data: 0.001) , D_A: 0.352, G_A: 0.955, cycle_A: 0.073, D_B: 0.286, G_B: 0.980, cycle_B: 0.151, gp: 0.278

[Rank 0] (epoch: 21, iters: 19840, time: 0.001, data: 0.001) , D_A: 0.384, G_A: 0.951, cycle_A: 0.083, D_B: 0.175, G_B: 0.884, cycle_B: 0.166, gp: 0.167

[Rank 0] (epoch: 21, iters: 21440, time: 0.001, data: 0.001) , D_A: 0.320, G_A: 1.008, cycle_A: 0.084, D_B: 0.233, G_B: 0.987, cycle_B: 0.162, gp: 0.226

[Rank 0] (epoch: 21, iters: 23040, time: 0.001, data: 0.001) , D_A: 0.235, G_A: 0.715, cycle_A: 0.091, D_B: 0.221, G_B: 0.995, cycle_B: 0.187, gp: 0.207

[Rank 0] (epoch: 21, iters: 24640, time: 0.001, data: 0.001) , D_A: 0.385, G_A: 0.977, cycle_A: 0.077, D_B: 0.361, G_B: 0.978, cycle_B: 0.142, gp: 0.355

[Rank 0] (epoch: 21, iters: 26240, time: 0.001, data: 0.001) , D_A: 0.336, G_A: 0.968, cycle_A: 0.076, D_B: 0.485, G_B: 0.997, cycle_B: 0.146, gp: 0.477

[Rank 0] (epoch: 21, iters: 27840, time: 0.001, data: 0.001) , D_A: 0.369, G_A: 0.977, cycle_A: 0.082, D_B: 0.362, G_B: 0.980, cycle_B: 0.151, gp: 0.351

[Rank 0] (epoch: 21, iters: 29440, time: 0.001, data: 0.001) , D_A: 0.390, G_A: 0.995, cycle_A: 0.073, D_B: 0.491, G_B: 0.983, cycle_B: 0.153, gp: 0.483

--- iter tau=0.2592 ---
  cipher in : eth lpuapnqzgfpluqazptalpn hm kfpwgtfpe ff nptccqnitfqo phf mpku
  decrypted : coeaf bt hsvgi fbstv otf haerapi dgoi caiiah oyysheoisja eiar pb
  real plain: of the latter the souths antipathy to northern civilization incl
  cipher in : pwqvvphuuape pm tk pkunmhpouvraf  nhpqimnum npeuhfuaqtapcpvpvrkt
  decrypted :  dsll ebbt ca raopa pbhre jblutiaahe serhbrah cbeibtsot y l lupo
  real plain: tact with the enemy he left with all the joyous spirit of a chil
[Rank 0] (epoch: 21, iters: 31040, time: 0.001, data: 0.001) , D_A: 0.248, G_A: 0.985, cycle_A: 0.083, D_B: 0.299, G_B: 1.018, cycle_B: 0.139, gp: 0.292

saving the latest model (epoch 21, total_iters 840000)
[Rank 0] (epoch: 21, iters: 32640, time: 0.001, data: 0.001) , D_A: 0.263, G_A: 1.013, cycle_A: 0.080, D_B: 0.209, G_B: 1.003, cycle_B: 0.168, gp: 0.202

[Rank 0] (epoch: 21, iters: 34240, time: 0.001, data: 0.001) , D_A: 0.378, G_A: 1.015, cycle_A: 0.082, D_B: 0.366, G_B: 0.974, cycle_B: 0.144, gp: 0.358

[Rank 0] (epoch: 21, iters: 35840, time: 0.001, data: 0.001) , D_A: 0.329, G_A: 1.019, cycle_A: 0.093, D_B: 0.197, G_B: 0.971, cycle_B: 0.158, gp: 0.183

[Rank 0] (epoch: 21, iters: 37440, time: 0.001, data: 0.001) , D_A: 0.308, G_A: 0.981, cycle_A: 0.086, D_B: 0.283, G_B: 0.990, cycle_B: 0.149, gp: 0.276

[Rank 0] (epoch: 21, iters: 39040, time: 0.001, data: 0.001) , D_A: 0.336, G_A: 0.984, cycle_A: 0.078, D_B: 0.269, G_B: 1.022, cycle_B: 0.149, gp: 0.263

learning rate 0.0002000 -> 0.0002000
temperature tau = 0.2508
End of epoch 21 / 50 	 Time Taken: 38 sec
[Rank 0] (epoch: 22, iters: 192, time: 0.001, data: 0.001) , D_A: 0.273, G_A: 0.949, cycle_A: 0.088, D_B: 0.238, G_B: 0.976, cycle_B: 0.160, gp: 0.231

[Rank 0] (epoch: 22, iters: 1792, time: 0.001, data: 0.000) , D_A: 0.309, G_A: 0.987, cycle_A: 0.072, D_B: 0.335, G_B: 1.025, cycle_B: 0.138, gp: 0.327

[Rank 0] (epoch: 22, iters: 3392, time: 0.001, data: 0.001) , D_A: 0.341, G_A: 0.938, cycle_A: 0.125, D_B: 0.347, G_B: 0.921, cycle_B: 0.153, gp: 0.340

[Rank 0] (epoch: 22, iters: 4992, time: 0.001, data: 0.002) , D_A: 0.282, G_A: 1.006, cycle_A: 0.096, D_B: 0.300, G_B: 0.952, cycle_B: 0.145, gp: 0.290

[Rank 0] (epoch: 22, iters: 6592, time: 0.001, data: 0.001) , D_A: 0.223, G_A: 0.993, cycle_A: 0.080, D_B: 0.410, G_B: 1.039, cycle_B: 0.191, gp: 0.397

[Rank 0] (epoch: 22, iters: 8192, time: 0.001, data: 0.001) , D_A: 0.347, G_A: 0.939, cycle_A: 0.080, D_B: 0.349, G_B: 0.922, cycle_B: 0.149, gp: 0.343

[Rank 0] (epoch: 22, iters: 9792, time: 0.001, data: 0.002) , D_A: 0.280, G_A: 1.023, cycle_A: 0.084, D_B: 0.387, G_B: 0.994, cycle_B: 0.141, gp: 0.379

[Rank 0] (epoch: 22, iters: 11392, time: 0.001, data: 0.001) , D_A: 0.371, G_A: 0.978, cycle_A: 0.080, D_B: 0.467, G_B: 0.792, cycle_B: 0.147, gp: 0.452

[Rank 0] (epoch: 22, iters: 12992, time: 0.001, data: 0.002) , D_A: 0.271, G_A: 0.995, cycle_A: 0.073, D_B: 0.402, G_B: 0.979, cycle_B: 0.154, gp: 0.393

[Rank 0] (epoch: 22, iters: 14592, time: 0.001, data: 0.001) , D_A: 0.185, G_A: 0.983, cycle_A: 0.084, D_B: 0.281, G_B: 0.982, cycle_B: 0.178, gp: 0.274

[Rank 0] (epoch: 22, iters: 16192, time: 0.001, data: 0.001) , D_A: 0.281, G_A: 0.972, cycle_A: 0.078, D_B: 0.371, G_B: 0.963, cycle_B: 0.144, gp: 0.366

[Rank 0] (epoch: 22, iters: 17792, time: 0.001, data: 0.002) , D_A: 0.330, G_A: 0.973, cycle_A: 0.090, D_B: 0.171, G_B: 1.056, cycle_B: 0.161, gp: 0.159

[Rank 0] (epoch: 22, iters: 19392, time: 0.001, data: 0.001) , D_A: 0.349, G_A: 0.990, cycle_A: 0.082, D_B: 0.465, G_B: 0.973, cycle_B: 0.143, gp: 0.460

[Rank 0] (epoch: 22, iters: 20992, time: 0.001, data: 0.001) , D_A: 0.368, G_A: 1.012, cycle_A: 0.101, D_B: 0.232, G_B: 0.902, cycle_B: 0.148, gp: 0.224

[Rank 0] (epoch: 22, iters: 22592, time: 0.001, data: 0.001) , D_A: 0.289, G_A: 1.027, cycle_A: 0.078, D_B: 0.258, G_B: 0.988, cycle_B: 0.154, gp: 0.250

[Rank 0] (epoch: 22, iters: 24192, time: 0.001, data: 0.001) , D_A: 0.308, G_A: 1.008, cycle_A: 0.078, D_B: 0.133, G_B: 1.008, cycle_B: 0.159, gp: 0.125

[Rank 0] (epoch: 22, iters: 25792, time: 0.001, data: 0.001) , D_A: 0.349, G_A: 1.007, cycle_A: 0.091, D_B: 0.264, G_B: 0.966, cycle_B: 0.148, gp: 0.251

[Rank 0] (epoch: 22, iters: 27392, time: 0.001, data: 0.002) , D_A: 0.386, G_A: 0.970, cycle_A: 0.075, D_B: 0.277, G_B: 0.879, cycle_B: 0.157, gp: 0.267

[Rank 0] (epoch: 22, iters: 28992, time: 0.001, data: 0.001) , D_A: 0.221, G_A: 0.977, cycle_A: 0.092, D_B: 0.187, G_B: 0.985, cycle_B: 0.156, gp: 0.176

--- iter tau=0.2508 ---
  cipher in : qrhpwthpua pucpfg pluiqatafpiufqchpqapzu fg hpfgurzgfpgqhpqftvqt
  decrypted : sue doe bta by iga fbestoti ebisye st vbaigae igbuvgi gse siolso
  real plain: ial one but basically it is a moral enthralling and heartbreakin
  cipher in : enqazpfg pa whpfgtfpfg pmn f al npgthpe  ap jkuiiraqktf lpfgqhpq
  decrypted : chstv iga tade igoi iga rhaiatfah goe caat awpbeeutspoiaf igse s
  real plain: a trend but these are side issues to a powerful central theme th
[Rank 0] (epoch: 22, iters: 30592, time: 0.001, data: 0.001) , D_A: 0.234, G_A: 0.955, cycle_A: 0.077, D_B: 0.388, G_B: 0.953, cycle_B: 0.146, gp: 0.379

saving the latest model (epoch 22, total_iters 880000)
[Rank 0] (epoch: 22, iters: 32192, time: 0.001, data: 0.003) , D_A: 0.341, G_A: 1.018, cycle_A: 0.078, D_B: 0.405, G_B: 1.017, cycle_B: 0.216, gp: 0.397

[Rank 0] (epoch: 22, iters: 33792, time: 0.001, data: 0.001) , D_A: 0.301, G_A: 1.012, cycle_A: 0.088, D_B: 0.216, G_B: 0.938, cycle_B: 0.159, gp: 0.203

[Rank 0] (epoch: 22, iters: 35392, time: 0.001, data: 0.001) , D_A: 0.296, G_A: 1.005, cycle_A: 0.086, D_B: 0.356, G_B: 1.020, cycle_B: 0.155, gp: 0.347

[Rank 0] (epoch: 22, iters: 36992, time: 0.001, data: 0.001) , D_A: 0.305, G_A: 0.990, cycle_A: 0.080, D_B: 0.345, G_B: 0.978, cycle_B: 0.149, gp: 0.338

[Rank 0] (epoch: 22, iters: 38592, time: 0.001, data: 0.002) , D_A: 0.333, G_A: 0.951, cycle_A: 0.076, D_B: 0.371, G_B: 1.012, cycle_B: 0.144, gp: 0.364

[Rank 0] (epoch: 22, iters: 40192, time: 0.001, data: 0.001) , D_A: 0.210, G_A: 1.011, cycle_A: 0.075, D_B: 0.261, G_B: 0.993, cycle_B: 0.155, gp: 0.256

learning rate 0.0002000 -> 0.0002000
temperature tau = 0.2427
End of epoch 22 / 50 	 Time Taken: 39 sec
[Rank 0] (epoch: 23, iters: 1344, time: 0.001, data: 0.001) , D_A: 0.335, G_A: 1.005, cycle_A: 0.083, D_B: 0.348, G_B: 1.000, cycle_B: 0.155, gp: 0.340

[Rank 0] (epoch: 23, iters: 2944, time: 0.001, data: 0.001) , D_A: 0.226, G_A: 0.950, cycle_A: 0.085, D_B: 0.129, G_B: 1.001, cycle_B: 0.142, gp: 0.123

[Rank 0] (epoch: 23, iters: 4544, time: 0.001, data: 0.003) , D_A: 0.310, G_A: 0.991, cycle_A: 0.085, D_B: 0.270, G_B: 1.007, cycle_B: 0.151, gp: 0.265

[Rank 0] (epoch: 23, iters: 6144, time: 0.001, data: 0.001) , D_A: 0.320, G_A: 0.936, cycle_A: 0.092, D_B: 0.279, G_B: 0.957, cycle_B: 0.160, gp: 0.274

[Rank 0] (epoch: 23, iters: 7744, time: 0.001, data: 0.001) , D_A: 0.325, G_A: 0.999, cycle_A: 0.077, D_B: 0.211, G_B: 0.991, cycle_B: 0.149, gp: 0.206

[Rank 0] (epoch: 23, iters: 9344, time: 0.001, data: 0.001) , D_A: 0.362, G_A: 0.973, cycle_A: 0.087, D_B: 0.402, G_B: 0.892, cycle_B: 0.168, gp: 0.390

[Rank 0] (epoch: 23, iters: 10944, time: 0.001, data: 0.001) , D_A: 0.216, G_A: 0.991, cycle_A: 0.081, D_B: 0.388, G_B: 0.962, cycle_B: 0.148, gp: 0.380

[Rank 0] (epoch: 23, iters: 12544, time: 0.001, data: 0.001) , D_A: 0.349, G_A: 1.006, cycle_A: 0.078, D_B: 0.445, G_B: 1.071, cycle_B: 0.145, gp: 0.436

[Rank 0] (epoch: 23, iters: 14144, time: 0.001, data: 0.001) , D_A: 0.443, G_A: 0.972, cycle_A: 0.085, D_B: 0.356, G_B: 0.971, cycle_B: 0.151, gp: 0.348

[Rank 0] (epoch: 23, iters: 15744, time: 0.001, data: 0.001) , D_A: 0.335, G_A: 0.867, cycle_A: 0.088, D_B: 0.268, G_B: 1.030, cycle_B: 0.146, gp: 0.264

[Rank 0] (epoch: 23, iters: 17344, time: 0.001, data: 0.001) , D_A: 0.363, G_A: 1.014, cycle_A: 0.082, D_B: 0.384, G_B: 1.060, cycle_B: 0.156, gp: 0.377

[Rank 0] (epoch: 23, iters: 18944, time: 0.001, data: 0.001) , D_A: 0.402, G_A: 0.993, cycle_A: 0.070, D_B: 0.292, G_B: 0.952, cycle_B: 0.138, gp: 0.286

[Rank 0] (epoch: 23, iters: 20544, time: 0.001, data: 0.001) , D_A: 0.279, G_A: 0.959, cycle_A: 0.075, D_B: 0.462, G_B: 0.996, cycle_B: 0.149, gp: 0.453

[Rank 0] (epoch: 23, iters: 22144, time: 0.001, data: 0.001) , D_A: 0.280, G_A: 1.000, cycle_A: 0.080, D_B: 0.209, G_B: 0.970, cycle_B: 0.159, gp: 0.203

[Rank 0] (epoch: 23, iters: 23744, time: 0.001, data: 0.001) , D_A: 0.421, G_A: 0.917, cycle_A: 0.083, D_B: 0.238, G_B: 1.033, cycle_B: 0.142, gp: 0.230

[Rank 0] (epoch: 23, iters: 25344, time: 0.001, data: 0.002) , D_A: 0.373, G_A: 0.971, cycle_A: 0.076, D_B: 0.309, G_B: 0.983, cycle_B: 0.149, gp: 0.301

[Rank 0] (epoch: 23, iters: 26944, time: 0.001, data: 0.001) , D_A: 0.430, G_A: 1.029, cycle_A: 0.079, D_B: 0.416, G_B: 0.951, cycle_B: 0.138, gp: 0.408

[Rank 0] (epoch: 23, iters: 28544, time: 0.001, data: 0.001) , D_A: 0.346, G_A: 1.024, cycle_A: 0.080, D_B: 0.221, G_B: 0.974, cycle_B: 0.148, gp: 0.216

--- iter tau=0.2427 ---
  cipher in : kphkuraln vhptvfgurzgpw pkuafqar pfupmtypurnpkuao nhtfquatvpl ou
  decrypted : p epbutfhale oligbuvg da pbtistua ib rol buh pbtjaheoisbtol fajb
  real plain: need to answer to respond to be aware even of stowey coming in o
  cipher in : tfpaufgqazpqapfgqhpmnuoqhquaphgtvvpe pkuahfnr lpfupvqiqfpfg pvqc
  decrypted : oi tbigstv st igse rhbjsesbt egoll ca pbteihuaf ib lsesi iga lsy
  real plain: at in employing low characters in his works faulkner is recordin
[Rank 0] (epoch: 23, iters: 30144, time: 0.001, data: 0.001) , D_A: 0.509, G_A: 1.297, cycle_A: 0.077, D_B: 0.278, G_B: 0.974, cycle_B: 0.224, gp: 0.273

saving the latest model (epoch 23, total_iters 920000)
[Rank 0] (epoch: 23, iters: 31744, time: 0.001, data: 0.001) , D_A: 0.280, G_A: 0.979, cycle_A: 0.075, D_B: 0.418, G_B: 1.004, cycle_B: 0.155, gp: 0.411

[Rank 0] (epoch: 23, iters: 33344, time: 0.001, data: 0.002) , D_A: 0.340, G_A: 0.993, cycle_A: 0.074, D_B: 0.458, G_B: 1.003, cycle_B: 0.162, gp: 0.451

[Rank 0] (epoch: 23, iters: 34944, time: 0.001, data: 0.001) , D_A: 0.292, G_A: 0.981, cycle_A: 0.077, D_B: 0.392, G_B: 0.983, cycle_B: 0.148, gp: 0.382

[Rank 0] (epoch: 23, iters: 36544, time: 0.001, data: 0.001) , D_A: 0.422, G_A: 0.997, cycle_A: 0.076, D_B: 0.295, G_B: 1.033, cycle_B: 0.140, gp: 0.289

[Rank 0] (epoch: 23, iters: 38144, time: 0.001, data: 0.001) , D_A: 0.284, G_A: 1.005, cycle_A: 0.098, D_B: 0.223, G_B: 1.025, cycle_B: 0.144, gp: 0.209

[Rank 0] (epoch: 23, iters: 39744, time: 0.001, data: 0.002) , D_A: 0.352, G_A: 0.938, cycle_A: 0.084, D_B: 0.254, G_B: 0.958, cycle_B: 0.251, gp: 0.246

learning rate 0.0002000 -> 0.0002000
temperature tau = 0.2349
End of epoch 23 / 50 	 Time Taken: 39 sec
[Rank 0] (epoch: 24, iters: 896, time: 0.001, data: 0.001) , D_A: 0.349, G_A: 0.993, cycle_A: 0.074, D_B: 0.282, G_B: 0.955, cycle_B: 0.141, gp: 0.276

[Rank 0] (epoch: 24, iters: 2496, time: 0.001, data: 0.000) , D_A: 0.344, G_A: 0.972, cycle_A: 0.079, D_B: 0.206, G_B: 0.985, cycle_B: 0.132, gp: 0.203

[Rank 0] (epoch: 24, iters: 4096, time: 0.001, data: 0.001) , D_A: 0.211, G_A: 0.939, cycle_A: 0.087, D_B: 0.283, G_B: 1.044, cycle_B: 0.157, gp: 0.278

[Rank 0] (epoch: 24, iters: 5696, time: 0.001, data: 0.001) , D_A: 0.405, G_A: 0.938, cycle_A: 0.080, D_B: 0.206, G_B: 0.985, cycle_B: 0.161, gp: 0.202

[Rank 0] (epoch: 24, iters: 7296, time: 0.001, data: 0.001) , D_A: 0.305, G_A: 1.036, cycle_A: 0.078, D_B: 0.300, G_B: 0.959, cycle_B: 0.140, gp: 0.295

[Rank 0] (epoch: 24, iters: 8896, time: 0.001, data: 0.001) , D_A: 0.375, G_A: 0.893, cycle_A: 0.070, D_B: 0.333, G_B: 1.039, cycle_B: 0.142, gp: 0.326

[Rank 0] (epoch: 24, iters: 10496, time: 0.001, data: 0.001) , D_A: 0.299, G_A: 0.959, cycle_A: 0.084, D_B: 0.360, G_B: 0.991, cycle_B: 0.145, gp: 0.351

[Rank 0] (epoch: 24, iters: 12096, time: 0.001, data: 0.001) , D_A: 0.272, G_A: 0.997, cycle_A: 0.081, D_B: 0.333, G_B: 0.892, cycle_B: 0.164, gp: 0.325

[Rank 0] (epoch: 24, iters: 13696, time: 0.001, data: 0.001) , D_A: 0.385, G_A: 0.956, cycle_A: 0.079, D_B: 0.255, G_B: 0.903, cycle_B: 0.161, gp: 0.247

[Rank 0] (epoch: 24, iters: 15296, time: 0.001, data: 0.002) , D_A: 0.306, G_A: 0.969, cycle_A: 0.099, D_B: 0.347, G_B: 0.988, cycle_B: 0.150, gp: 0.340

[Rank 0] (epoch: 24, iters: 16896, time: 0.001, data: 0.001) , D_A: 0.378, G_A: 0.937, cycle_A: 0.079, D_B: 0.321, G_B: 0.974, cycle_B: 0.140, gp: 0.314

[Rank 0] (epoch: 24, iters: 18496, time: 0.001, data: 0.002) , D_A: 0.377, G_A: 0.946, cycle_A: 0.071, D_B: 0.314, G_B: 0.889, cycle_B: 0.138, gp: 0.307

[Rank 0] (epoch: 24, iters: 20096, time: 0.001, data: 0.001) , D_A: 0.347, G_A: 0.982, cycle_A: 0.079, D_B: 0.237, G_B: 0.959, cycle_B: 0.156, gp: 0.230

[Rank 0] (epoch: 24, iters: 21696, time: 0.001, data: 0.001) , D_A: 0.351, G_A: 1.023, cycle_A: 0.091, D_B: 0.243, G_B: 0.990, cycle_B: 0.151, gp: 0.234

[Rank 0] (epoch: 24, iters: 23296, time: 0.001, data: 0.001) , D_A: 0.393, G_A: 0.981, cycle_A: 0.087, D_B: 0.287, G_B: 0.956, cycle_B: 0.139, gp: 0.280

[Rank 0] (epoch: 24, iters: 24896, time: 0.001, data: 0.001) , D_A: 0.281, G_A: 1.015, cycle_A: 0.084, D_B: 0.322, G_B: 0.981, cycle_B: 0.145, gp: 0.316

[Rank 0] (epoch: 24, iters: 26496, time: 0.001, data: 0.002) , D_A: 0.252, G_A: 0.985, cycle_A: 0.069, D_B: 0.426, G_B: 1.004, cycle_B: 0.147, gp: 0.419

[Rank 0] (epoch: 24, iters: 28096, time: 0.001, data: 0.003) , D_A: 0.362, G_A: 0.978, cycle_A: 0.081, D_B: 0.253, G_B: 1.013, cycle_B: 0.152, gp: 0.245

--- iter tau=0.2349 ---
  cipher in : vpqzaun lpfg pgtvc jmn hh lpeqlpcunpkuacqnitfquapg phiqv lpqfpwt
  decrypted : l svtbhaf iga golyawrhaeeaf csf ybh pbtysheoisbt ga eeslaf si do
  real plain: some apparent prospect for better employment opportunities after
  cipher in : pthpfg pmnuk hhpwg n eypua punpiun pucpfg p v i afhpucptfpv thfp
  decrypted :  oe iga rhbpaee dgahacl bta bh ebha by iga alaeatie by oi laoei 
  real plain: ides come remarks that protestant churches are badly attended an
[Rank 0] (epoch: 24, iters: 29696, time: 0.001, data: 0.002) , D_A: 0.324, G_A: 1.010, cycle_A: 0.075, D_B: 0.320, G_B: 0.874, cycle_B: 0.153, gp: 0.314

saving the latest model (epoch 24, total_iters 960000)
[Rank 0] (epoch: 24, iters: 31296, time: 0.001, data: 0.003) , D_A: 0.397, G_A: 0.946, cycle_A: 0.084, D_B: 0.315, G_B: 0.983, cycle_B: 0.156, gp: 0.310

[Rank 0] (epoch: 24, iters: 32896, time: 0.001, data: 0.001) , D_A: 0.305, G_A: 1.162, cycle_A: 0.083, D_B: 0.433, G_B: 0.994, cycle_B: 0.224, gp: 0.426

[Rank 0] (epoch: 24, iters: 34496, time: 0.001, data: 0.001) , D_A: 0.349, G_A: 1.010, cycle_A: 0.076, D_B: 0.469, G_B: 1.008, cycle_B: 0.153, gp: 0.461

[Rank 0] (epoch: 24, iters: 36096, time: 0.001, data: 0.001) , D_A: 0.393, G_A: 1.003, cycle_A: 0.073, D_B: 0.343, G_B: 1.027, cycle_B: 0.144, gp: 0.338

[Rank 0] (epoch: 24, iters: 37696, time: 0.001, data: 0.001) , D_A: 0.307, G_A: 0.965, cycle_A: 0.103, D_B: 0.277, G_B: 1.036, cycle_B: 0.148, gp: 0.269

[Rank 0] (epoch: 24, iters: 39296, time: 0.001, data: 0.001) , D_A: 0.400, G_A: 0.984, cycle_A: 0.077, D_B: 0.272, G_B: 0.987, cycle_B: 0.148, gp: 0.268

learning rate 0.0002000 -> 0.0002000
temperature tau = 0.2273
End of epoch 24 / 50 	 Time Taken: 55 sec
[Rank 0] (epoch: 25, iters: 448, time: 0.001, data: 0.001) , D_A: 0.310, G_A: 0.983, cycle_A: 0.082, D_B: 0.200, G_B: 0.975, cycle_B: 0.152, gp: 0.192

[Rank 0] (epoch: 25, iters: 2048, time: 0.001, data: 0.000) , D_A: 0.397, G_A: 0.951, cycle_A: 0.091, D_B: 0.298, G_B: 0.975, cycle_B: 0.137, gp: 0.283

[Rank 0] (epoch: 25, iters: 3648, time: 0.001, data: 0.001) , D_A: 0.376, G_A: 0.979, cycle_A: 0.089, D_B: 0.171, G_B: 0.955, cycle_B: 0.157, gp: 0.161

[Rank 0] (epoch: 25, iters: 5248, time: 0.001, data: 0.002) , D_A: 0.346, G_A: 0.977, cycle_A: 0.089, D_B: 0.264, G_B: 0.988, cycle_B: 0.142, gp: 0.260

[Rank 0] (epoch: 25, iters: 6848, time: 0.001, data: 0.001) , D_A: 0.370, G_A: 0.980, cycle_A: 0.082, D_B: 0.342, G_B: 1.003, cycle_B: 0.163, gp: 0.335

[Rank 0] (epoch: 25, iters: 8448, time: 0.001, data: 0.001) , D_A: 0.314, G_A: 0.968, cycle_A: 0.079, D_B: 0.374, G_B: 1.035, cycle_B: 0.141, gp: 0.364

[Rank 0] (epoch: 25, iters: 10048, time: 0.001, data: 0.001) , D_A: 0.400, G_A: 1.033, cycle_A: 0.078, D_B: 0.357, G_B: 1.018, cycle_B: 0.135, gp: 0.352

[Rank 0] (epoch: 25, iters: 11648, time: 0.001, data: 0.001) , D_A: 0.343, G_A: 0.963, cycle_A: 0.074, D_B: 0.413, G_B: 0.943, cycle_B: 0.145, gp: 0.405

[Rank 0] (epoch: 25, iters: 13248, time: 0.001, data: 0.001) , D_A: 0.346, G_A: 0.987, cycle_A: 0.079, D_B: 0.385, G_B: 0.936, cycle_B: 0.153, gp: 0.377

[Rank 0] (epoch: 25, iters: 14848, time: 0.001, data: 0.001) , D_A: 0.419, G_A: 0.985, cycle_A: 0.077, D_B: 0.369, G_B: 1.013, cycle_B: 0.145, gp: 0.364

[Rank 0] (epoch: 25, iters: 16448, time: 0.001, data: 0.001) , D_A: 0.395, G_A: 0.987, cycle_A: 0.078, D_B: 0.344, G_B: 1.015, cycle_B: 0.140, gp: 0.336

[Rank 0] (epoch: 25, iters: 18048, time: 0.001, data: 0.001) , D_A: 0.417, G_A: 0.926, cycle_A: 0.077, D_B: 0.312, G_B: 1.018, cycle_B: 0.149, gp: 0.307

[Rank 0] (epoch: 25, iters: 19648, time: 0.001, data: 0.001) , D_A: 0.383, G_A: 0.968, cycle_A: 0.073, D_B: 0.359, G_B: 0.960, cycle_B: 0.166, gp: 0.350

[Rank 0] (epoch: 25, iters: 21248, time: 0.001, data: 0.001) , D_A: 0.297, G_A: 0.940, cycle_A: 0.092, D_B: 0.366, G_B: 1.039, cycle_B: 0.159, gp: 0.358

[Rank 0] (epoch: 25, iters: 22848, time: 0.001, data: 0.001) , D_A: 0.346, G_A: 1.018, cycle_A: 0.081, D_B: 0.300, G_B: 1.054, cycle_B: 0.153, gp: 0.293

[Rank 0] (epoch: 25, iters: 24448, time: 0.001, data: 0.001) , D_A: 0.281, G_A: 1.029, cycle_A: 0.074, D_B: 0.295, G_B: 0.992, cycle_B: 0.157, gp: 0.288

[Rank 0] (epoch: 25, iters: 26048, time: 0.001, data: 0.001) , D_A: 0.278, G_A: 1.015, cycle_A: 0.083, D_B: 0.262, G_B: 0.990, cycle_B: 0.147, gp: 0.259

[Rank 0] (epoch: 25, iters: 27648, time: 0.001, data: 0.001) , D_A: 0.293, G_A: 1.039, cycle_A: 0.093, D_B: 0.319, G_B: 1.254, cycle_B: 0.157, gp: 0.259

--- iter tau=0.2273 ---
  cipher in : uoql ak puapzn  aoqvv pto ar ptalpkg nnypgqvvpnutlpqapxugahfuapy
  decrypted : bjsfatpa bt vhaatjslla ojatua otf pgahhl gsll hbof st mbgteibt l
  real plain: some apparent prospect for better employment opportunities after
  cipher in : pqfpwthpqapfg phmnqazpucpfg py tnpwg apg pfuudpfupgqhpe lptalpf 
  decrypted :  si doe st iga erhstv by iga laoh dgat ga ibbk ib gse caf otf ia
  real plain: ides come remarks that protestant churches are badly attended an
[Rank 0] (epoch: 25, iters: 29248, time: 0.001, data: 0.001) , D_A: 0.265, G_A: 1.026, cycle_A: 0.079, D_B: 0.349, G_B: 0.884, cycle_B: 0.153, gp: 0.342

saving the latest model (epoch 25, total_iters 1000000)
[Rank 0] (epoch: 25, iters: 30848, time: 0.001, data: 0.001) , D_A: 0.383, G_A: 1.039, cycle_A: 0.076, D_B: 0.379, G_B: 0.976, cycle_B: 0.139, gp: 0.373

[Rank 0] (epoch: 25, iters: 32448, time: 0.001, data: 0.001) , D_A: 0.423, G_A: 0.968, cycle_A: 0.087, D_B: 0.276, G_B: 1.007, cycle_B: 0.152, gp: 0.271

[Rank 0] (epoch: 25, iters: 34048, time: 0.001, data: 0.001) , D_A: 0.717, G_A: 0.604, cycle_A: 0.074, D_B: 0.397, G_B: 0.986, cycle_B: 0.142, gp: 0.392

[Rank 0] (epoch: 25, iters: 35648, time: 0.001, data: 0.001) , D_A: 0.376, G_A: 0.981, cycle_A: 0.084, D_B: 0.380, G_B: 1.067, cycle_B: 0.154, gp: 0.351

[Rank 0] (epoch: 25, iters: 37248, time: 0.001, data: 0.001) , D_A: 0.414, G_A: 0.981, cycle_A: 0.078, D_B: 0.264, G_B: 0.967, cycle_B: 0.148, gp: 0.260

[Rank 0] (epoch: 25, iters: 38848, time: 0.001, data: 0.001) , D_A: 0.408, G_A: 0.968, cycle_A: 0.089, D_B: 0.237, G_B: 0.998, cycle_B: 0.144, gp: 0.231

[Rank 0] (epoch: 25, iters: 40448, time: 0.001, data: 0.001) , D_A: 0.389, G_A: 0.977, cycle_A: 0.093, D_B: 0.231, G_B: 1.003, cycle_B: 0.151, gp: 0.226

learning rate 0.0002000 -> 0.0002000
temperature tau = 0.2200
End of epoch 25 / 50 	 Time Taken: 33 sec
[Rank 0] (epoch: 26, iters: 1600, time: 0.001, data: 0.102) , D_A: 0.491, G_A: 1.010, cycle_A: 0.081, D_B: 0.256, G_B: 0.986, cycle_B: 0.139, gp: 0.252

[Rank 0] (epoch: 26, iters: 3200, time: 0.001, data: 0.001) , D_A: 0.393, G_A: 1.001, cycle_A: 0.085, D_B: 0.187, G_B: 1.002, cycle_B: 0.154, gp: 0.183

[Rank 0] (epoch: 26, iters: 4800, time: 0.001, data: 0.001) , D_A: 0.332, G_A: 0.977, cycle_A: 0.086, D_B: 0.227, G_B: 0.957, cycle_B: 0.145, gp: 0.222

[Rank 0] (epoch: 26, iters: 6400, time: 0.001, data: 0.001) , D_A: 0.392, G_A: 0.973, cycle_A: 0.085, D_B: 0.267, G_B: 0.944, cycle_B: 0.155, gp: 0.262

[Rank 0] (epoch: 26, iters: 8000, time: 0.001, data: 0.001) , D_A: 0.452, G_A: 0.934, cycle_A: 0.080, D_B: 0.394, G_B: 0.977, cycle_B: 0.149, gp: 0.390

[Rank 0] (epoch: 26, iters: 9600, time: 0.001, data: 0.001) , D_A: 0.395, G_A: 1.003, cycle_A: 0.078, D_B: 0.424, G_B: 0.985, cycle_B: 0.166, gp: 0.417

[Rank 0] (epoch: 26, iters: 11200, time: 0.001, data: 0.001) , D_A: 0.400, G_A: 0.985, cycle_A: 0.081, D_B: 0.360, G_B: 1.019, cycle_B: 0.146, gp: 0.353

[Rank 0] (epoch: 26, iters: 12800, time: 0.001, data: 0.001) , D_A: 0.312, G_A: 0.982, cycle_A: 0.087, D_B: 0.375, G_B: 0.997, cycle_B: 0.145, gp: 0.367

[Rank 0] (epoch: 26, iters: 14400, time: 0.001, data: 0.001) , D_A: 0.424, G_A: 0.971, cycle_A: 0.078, D_B: 0.346, G_B: 0.971, cycle_B: 0.146, gp: 0.342

[Rank 0] (epoch: 26, iters: 16000, time: 0.001, data: 0.001) , D_A: 0.378, G_A: 0.968, cycle_A: 0.083, D_B: 0.317, G_B: 0.970, cycle_B: 0.144, gp: 0.311

[Rank 0] (epoch: 26, iters: 17600, time: 0.001, data: 0.001) , D_A: 0.382, G_A: 0.979, cycle_A: 0.086, D_B: 0.154, G_B: 0.973, cycle_B: 0.147, gp: 0.148

[Rank 0] (epoch: 26, iters: 19200, time: 0.001, data: 0.001) , D_A: 0.383, G_A: 1.032, cycle_A: 0.081, D_B: 0.277, G_B: 0.965, cycle_B: 0.143, gp: 0.270

[Rank 0] (epoch: 26, iters: 20800, time: 0.001, data: 0.001) , D_A: 0.386, G_A: 1.000, cycle_A: 0.096, D_B: 0.256, G_B: 1.005, cycle_B: 0.148, gp: 0.248

[Rank 0] (epoch: 26, iters: 22400, time: 0.001, data: 0.001) , D_A: 0.296, G_A: 0.986, cycle_A: 0.084, D_B: 0.191, G_B: 0.967, cycle_B: 0.159, gp: 0.187

[Rank 0] (epoch: 26, iters: 24000, time: 0.001, data: 0.001) , D_A: 0.383, G_A: 0.877, cycle_A: 0.077, D_B: 0.169, G_B: 0.980, cycle_B: 0.142, gp: 0.165

[Rank 0] (epoch: 26, iters: 25600, time: 0.001, data: 0.001) , D_A: 0.402, G_A: 1.012, cycle_A: 0.077, D_B: 0.264, G_B: 0.970, cycle_B: 0.148, gp: 0.256

[Rank 0] (epoch: 26, iters: 27200, time: 0.001, data: 0.001) , D_A: 0.421, G_A: 0.983, cycle_A: 0.078, D_B: 0.445, G_B: 0.955, cycle_B: 0.157, gp: 0.437

--- iter tau=0.2200 ---
  cipher in : tz pmuqafhpeunl nqazpvtcty ff phsrtn pummuhqf pfg pwgqf pgurh pq
  decrypted : ova rbstie cbhfahstv loyolaiia emuoha brrbesia iga dgsia gbuea s
  real plain: unstuck we pulled and swore and yanked and wept scraping our han
  cipher in : fqazpuapfumpucptpvuzpwgqkgpwthphmqaaqazpnuralptalptnuralpqapfg p
  decrypted : istv bt ibr by o lbv dgspg doe ersttstv hbutf otf ohbutf st iga 
  real plain: usband overgenerous a lot of people felt because they knew that 
[Rank 0] (epoch: 26, iters: 28800, time: 0.001, data: 0.001) , D_A: 0.353, G_A: 1.014, cycle_A: 0.086, D_B: 0.244, G_B: 0.963, cycle_B: 0.150, gp: 0.239

saving the latest model (epoch 26, total_iters 1040000)
[Rank 0] (epoch: 26, iters: 30400, time: 0.001, data: 0.001) , D_A: 0.433, G_A: 1.011, cycle_A: 0.092, D_B: 0.309, G_B: 0.973, cycle_B: 0.141, gp: 0.305

[Rank 0] (epoch: 26, iters: 32000, time: 0.001, data: 0.001) , D_A: 0.425, G_A: 1.005, cycle_A: 0.076, D_B: 0.291, G_B: 1.019, cycle_B: 0.146, gp: 0.286

[Rank 0] (epoch: 26, iters: 33600, time: 0.001, data: 0.001) , D_A: 0.286, G_A: 0.987, cycle_A: 0.080, D_B: 0.421, G_B: 1.015, cycle_B: 0.159, gp: 0.415

[Rank 0] (epoch: 26, iters: 35200, time: 0.001, data: 0.001) , D_A: 0.382, G_A: 1.029, cycle_A: 0.073, D_B: 0.495, G_B: 0.899, cycle_B: 0.147, gp: 0.489

[Rank 0] (epoch: 26, iters: 36800, time: 0.001, data: 0.001) , D_A: 0.399, G_A: 0.969, cycle_A: 0.076, D_B: 0.380, G_B: 1.008, cycle_B: 0.139, gp: 0.374

[Rank 0] (epoch: 26, iters: 38400, time: 0.001, data: 0.001) , D_A: 0.380, G_A: 0.970, cycle_A: 0.092, D_B: 0.174, G_B: 0.989, cycle_B: 0.144, gp: 0.157

[Rank 0] (epoch: 26, iters: 40000, time: 0.001, data: 0.001) , D_A: 0.402, G_A: 0.987, cycle_A: 0.076, D_B: 0.358, G_B: 1.005, cycle_B: 0.151, gp: 0.351

learning rate 0.0002000 -> 0.0002000
temperature tau = 0.2129
End of epoch 26 / 50 	 Time Taken: 31 sec
[Rank 0] (epoch: 27, iters: 1152, time: 0.001, data: 0.001) , D_A: 0.454, G_A: 0.955, cycle_A: 0.084, D_B: 0.272, G_B: 0.967, cycle_B: 0.156, gp: 0.268

[Rank 0] (epoch: 27, iters: 2752, time: 0.001, data: 0.001) , D_A: 0.328, G_A: 0.959, cycle_A: 0.092, D_B: 0.176, G_B: 1.029, cycle_B: 0.140, gp: 0.168

[Rank 0] (epoch: 27, iters: 4352, time: 0.001, data: 0.001) , D_A: 0.370, G_A: 0.995, cycle_A: 0.083, D_B: 0.324, G_B: 1.012, cycle_B: 0.150, gp: 0.320

[Rank 0] (epoch: 27, iters: 5952, time: 0.001, data: 0.001) , D_A: 0.336, G_A: 1.007, cycle_A: 0.097, D_B: 0.298, G_B: 1.007, cycle_B: 0.160, gp: 0.291

[Rank 0] (epoch: 27, iters: 7552, time: 0.001, data: 0.001) , D_A: 0.461, G_A: 0.969, cycle_A: 0.082, D_B: 0.413, G_B: 0.973, cycle_B: 0.139, gp: 0.408

[Rank 0] (epoch: 27, iters: 9152, time: 0.001, data: 0.001) , D_A: 0.410, G_A: 1.011, cycle_A: 0.085, D_B: 0.314, G_B: 1.033, cycle_B: 0.142, gp: 0.309

[Rank 0] (epoch: 27, iters: 10752, time: 0.001, data: 0.001) , D_A: 0.297, G_A: 0.876, cycle_A: 0.080, D_B: 0.315, G_B: 1.000, cycle_B: 0.147, gp: 0.309

[Rank 0] (epoch: 27, iters: 12352, time: 0.001, data: 0.001) , D_A: 0.347, G_A: 0.944, cycle_A: 0.077, D_B: 0.376, G_B: 0.861, cycle_B: 0.145, gp: 0.367

[Rank 0] (epoch: 27, iters: 13952, time: 0.001, data: 0.001) , D_A: 0.430, G_A: 0.928, cycle_A: 0.085, D_B: 0.174, G_B: 1.054, cycle_B: 0.151, gp: 0.167

[Rank 0] (epoch: 27, iters: 15552, time: 0.001, data: 0.001) , D_A: 0.370, G_A: 0.956, cycle_A: 0.089, D_B: 0.243, G_B: 0.963, cycle_B: 0.145, gp: 0.237

[Rank 0] (epoch: 27, iters: 17152, time: 0.001, data: 0.001) , D_A: 0.338, G_A: 1.007, cycle_A: 0.074, D_B: 0.336, G_B: 0.947, cycle_B: 0.155, gp: 0.329

[Rank 0] (epoch: 27, iters: 18752, time: 0.001, data: 0.001) , D_A: 0.425, G_A: 0.926, cycle_A: 0.076, D_B: 0.280, G_B: 1.221, cycle_B: 0.138, gp: 0.254

[Rank 0] (epoch: 27, iters: 20352, time: 0.001, data: 0.001) , D_A: 0.340, G_A: 0.991, cycle_A: 0.078, D_B: 0.266, G_B: 1.002, cycle_B: 0.155, gp: 0.259

[Rank 0] (epoch: 27, iters: 21952, time: 0.001, data: 0.001) , D_A: 0.446, G_A: 0.990, cycle_A: 0.079, D_B: 0.278, G_B: 1.006, cycle_B: 0.151, gp: 0.272

[Rank 0] (epoch: 27, iters: 23552, time: 0.001, data: 0.001) , D_A: 0.356, G_A: 0.953, cycle_A: 0.809, D_B: 0.293, G_B: 0.950, cycle_B: 1.077, gp: 0.288

[Rank 0] (epoch: 27, iters: 25152, time: 0.001, data: 0.001) , D_A: 0.490, G_A: 0.979, cycle_A: 0.129, D_B: 0.202, G_B: 0.925, cycle_B: 0.175, gp: 0.189

[Rank 0] (epoch: 27, iters: 26752, time: 0.001, data: 0.001) , D_A: 0.466, G_A: 0.980, cycle_A: 0.094, D_B: 0.350, G_B: 0.963, cycle_B: 0.157, gp: 0.340

--- iter tau=0.2129 ---
  cipher in : alpfg apntfuaptalp o afhgtgv gpurfpucpa wpi jqkupguwpvqzgfvypg n
  decrypted : tf igat hoibt otf awatiegoglag bui by tad eawspb gbd lsvgild gah
  real plain: dnt bryn mawr drive is only two or three miles from the spartan 
  cipher in : f  afgpk afrnyphkguvtnhpqapfg pcq vlpucpf jfrtvpknqfqkqhipfg ptl
  decrypted : iaatig patiuhd epgblohe st iga ysalf by iawiuol phsispsee iga of
  real plain: ng you dont see triplets trippin down the pike ever day miss jen
[Rank 0] (epoch: 27, iters: 28352, time: 0.001, data: 0.001) , D_A: 0.420, G_A: 0.999, cycle_A: 0.089, D_B: 0.212, G_B: 0.986, cycle_B: 0.170, gp: 0.207

saving the latest model (epoch 27, total_iters 1080000)
[Rank 0] (epoch: 27, iters: 29952, time: 0.001, data: 0.001) , D_A: 0.341, G_A: 0.966, cycle_A: 0.100, D_B: 0.395, G_B: 0.974, cycle_B: 0.165, gp: 0.388

[Rank 0] (epoch: 27, iters: 31552, time: 0.001, data: 0.001) , D_A: 0.363, G_A: 0.943, cycle_A: 0.099, D_B: 0.410, G_B: 1.002, cycle_B: 0.170, gp: 0.403

[Rank 0] (epoch: 27, iters: 33152, time: 0.001, data: 0.001) , D_A: 0.442, G_A: 0.975, cycle_A: 0.086, D_B: 0.283, G_B: 0.973, cycle_B: 0.151, gp: 0.278

[Rank 0] (epoch: 27, iters: 34752, time: 0.001, data: 0.001) , D_A: 0.390, G_A: 0.958, cycle_A: 0.095, D_B: 0.312, G_B: 1.002, cycle_B: 0.167, gp: 0.301

[Rank 0] (epoch: 27, iters: 36352, time: 0.001, data: 0.001) , D_A: 0.441, G_A: 0.933, cycle_A: 0.085, D_B: 0.348, G_B: 0.997, cycle_B: 0.159, gp: 0.343

[Rank 0] (epoch: 27, iters: 37952, time: 0.001, data: 0.001) , D_A: 0.443, G_A: 0.964, cycle_A: 0.105, D_B: 0.284, G_B: 0.972, cycle_B: 0.169, gp: 0.276

[Rank 0] (epoch: 27, iters: 39552, time: 0.001, data: 0.001) , D_A: 0.360, G_A: 0.986, cycle_A: 0.096, D_B: 0.375, G_B: 0.962, cycle_B: 0.181, gp: 0.365

learning rate 0.0002000 -> 0.0002000
temperature tau = 0.2060
End of epoch 27 / 50 	 Time Taken: 31 sec
[Rank 0] (epoch: 28, iters: 704, time: 0.001, data: 0.001) , D_A: 0.453, G_A: 0.963, cycle_A: 0.091, D_B: 0.233, G_B: 1.037, cycle_B: 0.159, gp: 0.229

[Rank 0] (epoch: 28, iters: 2304, time: 0.001, data: 0.000) , D_A: 0.456, G_A: 0.973, cycle_A: 0.100, D_B: 0.256, G_B: 1.007, cycle_B: 0.150, gp: 0.247

[Rank 0] (epoch: 28, iters: 3904, time: 0.001, data: 0.001) , D_A: 0.335, G_A: 1.039, cycle_A: 0.095, D_B: 0.331, G_B: 0.969, cycle_B: 0.170, gp: 0.327

[Rank 0] (epoch: 28, iters: 5504, time: 0.001, data: 0.001) , D_A: 0.540, G_A: 0.980, cycle_A: 0.088, D_B: 0.249, G_B: 0.975, cycle_B: 0.155, gp: 0.245

[Rank 0] (epoch: 28, iters: 7104, time: 0.001, data: 0.001) , D_A: 0.427, G_A: 0.883, cycle_A: 0.096, D_B: 0.255, G_B: 0.985, cycle_B: 0.179, gp: 0.252

[Rank 0] (epoch: 28, iters: 8704, time: 0.001, data: 0.001) , D_A: 0.391, G_A: 0.996, cycle_A: 0.106, D_B: 0.281, G_B: 0.951, cycle_B: 0.162, gp: 0.274

[Rank 0] (epoch: 28, iters: 10304, time: 0.001, data: 0.001) , D_A: 0.461, G_A: 0.969, cycle_A: 0.092, D_B: 0.307, G_B: 0.944, cycle_B: 0.168, gp: 0.301

[Rank 0] (epoch: 28, iters: 11904, time: 0.001, data: 0.001) , D_A: 0.449, G_A: 0.977, cycle_A: 0.087, D_B: 0.390, G_B: 1.007, cycle_B: 0.179, gp: 0.385

[Rank 0] (epoch: 28, iters: 13504, time: 0.001, data: 0.001) , D_A: 0.422, G_A: 1.006, cycle_A: 0.108, D_B: 0.257, G_B: 1.069, cycle_B: 0.175, gp: 0.246

[Rank 0] (epoch: 28, iters: 15104, time: 0.001, data: 0.001) , D_A: 0.493, G_A: 1.025, cycle_A: 0.095, D_B: 0.380, G_B: 1.012, cycle_B: 0.170, gp: 0.374

[Rank 0] (epoch: 28, iters: 16704, time: 0.001, data: 0.001) , D_A: 0.516, G_A: 1.026, cycle_A: 0.089, D_B: 0.250, G_B: 0.991, cycle_B: 0.153, gp: 0.246

[Rank 0] (epoch: 28, iters: 18304, time: 0.001, data: 0.001) , D_A: 0.472, G_A: 0.980, cycle_A: 0.092, D_B: 0.306, G_B: 0.948, cycle_B: 0.169, gp: 0.301

[Rank 0] (epoch: 28, iters: 19904, time: 0.001, data: 0.001) , D_A: 0.464, G_A: 0.976, cycle_A: 0.112, D_B: 0.472, G_B: 0.982, cycle_B: 0.188, gp: 0.462

[Rank 0] (epoch: 28, iters: 21504, time: 0.001, data: 0.001) , D_A: 0.404, G_A: 0.967, cycle_A: 0.089, D_B: 0.239, G_B: 0.957, cycle_B: 0.178, gp: 0.234

[Rank 0] (epoch: 28, iters: 23104, time: 0.001, data: 0.001) , D_A: 0.442, G_A: 0.993, cycle_A: 0.093, D_B: 0.362, G_B: 0.949, cycle_B: 0.157, gp: 0.357

[Rank 0] (epoch: 28, iters: 24704, time: 0.001, data: 0.001) , D_A: 0.481, G_A: 1.052, cycle_A: 0.088, D_B: 0.363, G_B: 1.010, cycle_B: 0.159, gp: 0.358

[Rank 0] (epoch: 28, iters: 26304, time: 0.001, data: 0.001) , D_A: 0.461, G_A: 0.966, cycle_A: 0.091, D_B: 0.179, G_B: 0.980, cycle_B: 0.158, gp: 0.172

--- iter tau=0.2060 ---
  cipher in : aptotqvtev pfupgqipuapxtmta h pntlqupa fwundhperfpfgtfpg pgtlpfg
  decrypted : t owoslocla ib gse bt morotaea hofsb taidbhde cui igoi ga gof ig
  real plain: ian or a smart aleck from the states vince lifted his hand as if
  cipher in : afnuvpcqnhfptalpcun iuhfpfg ypl m alpuapfg pqagritapqlqukq hpucp
  decrypted : tihbl yshei otf ybhaebei igad faratf bt iga stgueot sfsbpsae by 
  real plain: istory was order and that the order so discovered was as much su
[Rank 0] (epoch: 28, iters: 27904, time: 0.001, data: 0.001) , D_A: 0.446, G_A: 0.970, cycle_A: 0.097, D_B: 0.184, G_B: 1.014, cycle_B: 0.164, gp: 0.173

saving the latest model (epoch 28, total_iters 1120000)
[Rank 0] (epoch: 28, iters: 29504, time: 0.001, data: 0.001) , D_A: 0.329, G_A: 0.983, cycle_A: 0.091, D_B: 0.298, G_B: 0.924, cycle_B: 0.160, gp: 0.290

[Rank 0] (epoch: 28, iters: 31104, time: 0.001, data: 0.001) , D_A: 0.497, G_A: 0.961, cycle_A: 0.081, D_B: 0.422, G_B: 0.973, cycle_B: 0.144, gp: 0.414

[Rank 0] (epoch: 28, iters: 32704, time: 0.001, data: 0.001) , D_A: 0.381, G_A: 0.947, cycle_A: 0.083, D_B: 0.311, G_B: 0.957, cycle_B: 0.157, gp: 0.306

[Rank 0] (epoch: 28, iters: 34304, time: 0.001, data: 0.001) , D_A: 0.388, G_A: 1.033, cycle_A: 0.091, D_B: 0.264, G_B: 0.956, cycle_B: 0.144, gp: 0.256

[Rank 0] (epoch: 28, iters: 35904, time: 0.001, data: 0.001) , D_A: 0.563, G_A: 1.010, cycle_A: 0.111, D_B: 0.215, G_B: 1.013, cycle_B: 0.149, gp: 0.205

[Rank 0] (epoch: 28, iters: 37504, time: 0.001, data: 0.001) , D_A: 0.405, G_A: 0.975, cycle_A: 0.092, D_B: 0.267, G_B: 0.906, cycle_B: 0.152, gp: 0.261

[Rank 0] (epoch: 28, iters: 39104, time: 0.001, data: 0.001) , D_A: 0.441, G_A: 1.020, cycle_A: 0.080, D_B: 0.323, G_B: 1.051, cycle_B: 0.150, gp: 0.317

learning rate 0.0002000 -> 0.0002000
temperature tau = 0.1993
End of epoch 28 / 50 	 Time Taken: 31 sec
[Rank 0] (epoch: 29, iters: 256, time: 0.001, data: 0.001) , D_A: 0.398, G_A: 0.993, cycle_A: 0.088, D_B: 0.255, G_B: 0.942, cycle_B: 0.157, gp: 0.249

[Rank 0] (epoch: 29, iters: 1856, time: 0.001, data: 0.001) , D_A: 0.449, G_A: 1.014, cycle_A: 0.086, D_B: 0.307, G_B: 0.950, cycle_B: 0.143, gp: 0.301

[Rank 0] (epoch: 29, iters: 3456, time: 0.001, data: 0.001) , D_A: 0.459, G_A: 0.988, cycle_A: 0.080, D_B: 0.244, G_B: 1.000, cycle_B: 0.157, gp: 0.239

[Rank 0] (epoch: 29, iters: 5056, time: 0.001, data: 0.001) , D_A: 0.493, G_A: 0.998, cycle_A: 0.081, D_B: 0.204, G_B: 0.996, cycle_B: 0.148, gp: 0.201

[Rank 0] (epoch: 29, iters: 6656, time: 0.001, data: 0.001) , D_A: 0.385, G_A: 0.959, cycle_A: 0.087, D_B: 0.275, G_B: 0.964, cycle_B: 0.160, gp: 0.270

[Rank 0] (epoch: 29, iters: 8256, time: 0.001, data: 0.001) , D_A: 0.467, G_A: 0.996, cycle_A: 0.095, D_B: 0.350, G_B: 1.007, cycle_B: 0.146, gp: 0.344

[Rank 0] (epoch: 29, iters: 9856, time: 0.001, data: 0.001) , D_A: 0.388, G_A: 0.980, cycle_A: 0.096, D_B: 0.389, G_B: 0.995, cycle_B: 0.144, gp: 0.382

[Rank 0] (epoch: 29, iters: 11456, time: 0.001, data: 0.001) , D_A: 0.390, G_A: 0.941, cycle_A: 0.091, D_B: 0.326, G_B: 1.004, cycle_B: 0.153, gp: 0.320

[Rank 0] (epoch: 29, iters: 13056, time: 0.001, data: 0.001) , D_A: 0.398, G_A: 0.950, cycle_A: 0.082, D_B: 0.200, G_B: 0.974, cycle_B: 0.158, gp: 0.196

[Rank 0] (epoch: 29, iters: 14656, time: 0.001, data: 0.001) , D_A: 0.515, G_A: 0.986, cycle_A: 0.089, D_B: 0.452, G_B: 0.938, cycle_B: 0.152, gp: 0.447

[Rank 0] (epoch: 29, iters: 16256, time: 0.001, data: 0.001) , D_A: 0.469, G_A: 0.946, cycle_A: 0.087, D_B: 0.255, G_B: 0.952, cycle_B: 0.147, gp: 0.251

[Rank 0] (epoch: 29, iters: 17856, time: 0.001, data: 0.001) , D_A: 0.437, G_A: 0.944, cycle_A: 0.098, D_B: 0.209, G_B: 0.926, cycle_B: 0.152, gp: 0.202

[Rank 0] (epoch: 29, iters: 19456, time: 0.001, data: 0.001) , D_A: 0.456, G_A: 0.983, cycle_A: 0.093, D_B: 0.300, G_B: 0.985, cycle_B: 0.145, gp: 0.295

[Rank 0] (epoch: 29, iters: 21056, time: 0.001, data: 0.001) , D_A: 0.435, G_A: 1.013, cycle_A: 0.113, D_B: 0.261, G_B: 0.956, cycle_B: 0.168, gp: 0.248

[Rank 0] (epoch: 29, iters: 22656, time: 0.001, data: 0.001) , D_A: 0.440, G_A: 0.972, cycle_A: 0.094, D_B: 0.254, G_B: 1.038, cycle_B: 0.155, gp: 0.250

[Rank 0] (epoch: 29, iters: 24256, time: 0.001, data: 0.001) , D_A: 0.505, G_A: 0.900, cycle_A: 0.087, D_B: 0.399, G_B: 1.030, cycle_B: 0.162, gp: 0.393

[Rank 0] (epoch: 29, iters: 25856, time: 0.001, data: 0.001) , D_A: 0.428, G_A: 0.914, cycle_A: 0.092, D_B: 0.213, G_B: 1.002, cycle_B: 0.153, gp: 0.206

--- iter tau=0.1993 ---
  cipher in : ptpvqvqtapqapfg peuudphg pvuo lptalpqpe kti pvqvqtaptalp o afrtv
  decrypted :  o lslsot st iga cbbd ega lbkaf otf s capoea lslsot otf akatiuol
  real plain: she wanted to know regretfully sam explained that he had no expe
  cipher in : unpwthpmtyqazptpcnq alvypqcpkrnqurhpoqhqfpfg puqvg tfqazpqalrhfn
  decrypted : bh doe rodstv o yhsatfld sy puhsbue ksesi iga bslgaoistv stfueih
  real plain: uding coal and lignite mines based upon such findings to the con
[Rank 0] (epoch: 29, iters: 27456, time: 0.001, data: 0.001) , D_A: 0.511, G_A: 0.967, cycle_A: 0.078, D_B: 0.317, G_B: 0.985, cycle_B: 0.162, gp: 0.313

saving the latest model (epoch 29, total_iters 1160000)
[Rank 0] (epoch: 29, iters: 29056, time: 0.001, data: 0.001) , D_A: 0.358, G_A: 1.013, cycle_A: 0.085, D_B: 0.160, G_B: 0.992, cycle_B: 0.155, gp: 0.155

[Rank 0] (epoch: 29, iters: 30656, time: 0.001, data: 0.001) , D_A: 0.458, G_A: 0.846, cycle_A: 0.082, D_B: 0.381, G_B: 0.886, cycle_B: 0.143, gp: 0.369

[Rank 0] (epoch: 29, iters: 32256, time: 0.001, data: 0.001) , D_A: 0.747, G_A: 1.117, cycle_A: 0.096, D_B: 0.212, G_B: 0.974, cycle_B: 0.153, gp: 0.208

[Rank 0] (epoch: 29, iters: 33856, time: 0.001, data: 0.001) , D_A: 0.354, G_A: 0.968, cycle_A: 0.086, D_B: 0.288, G_B: 0.855, cycle_B: 0.145, gp: 0.283

[Rank 0] (epoch: 29, iters: 35456, time: 0.001, data: 0.001) , D_A: 0.343, G_A: 0.994, cycle_A: 0.094, D_B: 0.395, G_B: 1.035, cycle_B: 0.161, gp: 0.390

[Rank 0] (epoch: 29, iters: 37056, time: 0.001, data: 0.001) , D_A: 0.317, G_A: 0.983, cycle_A: 0.085, D_B: 0.310, G_B: 0.933, cycle_B: 0.153, gp: 0.303

[Rank 0] (epoch: 29, iters: 38656, time: 0.001, data: 0.001) , D_A: 0.379, G_A: 0.982, cycle_A: 0.092, D_B: 0.199, G_B: 0.976, cycle_B: 0.147, gp: 0.195

[Rank 0] (epoch: 29, iters: 40256, time: 0.001, data: 0.001) , D_A: 0.450, G_A: 0.953, cycle_A: 0.085, D_B: 0.198, G_B: 0.990, cycle_B: 0.157, gp: 0.193

learning rate 0.0002000 -> 0.0002000
temperature tau = 0.1929
End of epoch 29 / 50 	 Time Taken: 31 sec
[Rank 0] (epoch: 30, iters: 1408, time: 0.001, data: 0.001) , D_A: 0.387, G_A: 0.962, cycle_A: 0.089, D_B: 0.332, G_B: 0.934, cycle_B: 0.160, gp: 0.325

[Rank 0] (epoch: 30, iters: 3008, time: 0.001, data: 0.001) , D_A: 0.446, G_A: 0.968, cycle_A: 0.077, D_B: 0.317, G_B: 0.949, cycle_B: 0.145, gp: 0.313

[Rank 0] (epoch: 30, iters: 4608, time: 0.001, data: 0.001) , D_A: 0.384, G_A: 1.008, cycle_A: 0.086, D_B: 0.194, G_B: 0.995, cycle_B: 0.156, gp: 0.190

[Rank 0] (epoch: 30, iters: 6208, time: 0.001, data: 0.001) , D_A: 0.424, G_A: 1.020, cycle_A: 0.081, D_B: 0.249, G_B: 0.917, cycle_B: 0.161, gp: 0.244

[Rank 0] (epoch: 30, iters: 7808, time: 0.001, data: 0.001) , D_A: 0.394, G_A: 0.973, cycle_A: 0.086, D_B: 0.416, G_B: 0.931, cycle_B: 0.153, gp: 0.409

[Rank 0] (epoch: 30, iters: 9408, time: 0.001, data: 0.001) , D_A: 0.377, G_A: 0.924, cycle_A: 0.095, D_B: 0.361, G_B: 0.923, cycle_B: 0.173, gp: 0.355

[Rank 0] (epoch: 30, iters: 11008, time: 0.001, data: 0.001) , D_A: 0.387, G_A: 1.029, cycle_A: 0.086, D_B: 0.303, G_B: 0.982, cycle_B: 0.151, gp: 0.299

[Rank 0] (epoch: 30, iters: 12608, time: 0.001, data: 0.001) , D_A: 0.362, G_A: 1.007, cycle_A: 0.087, D_B: 0.407, G_B: 0.966, cycle_B: 0.149, gp: 0.399

[Rank 0] (epoch: 30, iters: 14208, time: 0.001, data: 0.001) , D_A: 0.363, G_A: 1.006, cycle_A: 0.092, D_B: 0.300, G_B: 0.962, cycle_B: 0.156, gp: 0.295

[Rank 0] (epoch: 30, iters: 15808, time: 0.001, data: 0.001) , D_A: 0.446, G_A: 1.016, cycle_A: 0.085, D_B: 0.249, G_B: 0.946, cycle_B: 0.151, gp: 0.245

[Rank 0] (epoch: 30, iters: 17408, time: 0.001, data: 0.001) , D_A: 0.516, G_A: 0.979, cycle_A: 0.090, D_B: 0.416, G_B: 0.771, cycle_B: 0.161, gp: 0.406

[Rank 0] (epoch: 30, iters: 19008, time: 0.001, data: 0.001) , D_A: 0.543, G_A: 0.980, cycle_A: 0.088, D_B: 0.274, G_B: 0.983, cycle_B: 0.148, gp: 0.270

[Rank 0] (epoch: 30, iters: 20608, time: 0.001, data: 0.001) , D_A: 0.409, G_A: 0.977, cycle_A: 0.092, D_B: 0.367, G_B: 0.989, cycle_B: 0.153, gp: 0.362

[Rank 0] (epoch: 30, iters: 22208, time: 0.001, data: 0.001) , D_A: 0.485, G_A: 0.994, cycle_A: 0.078, D_B: 0.440, G_B: 0.941, cycle_B: 0.162, gp: 0.431

[Rank 0] (epoch: 30, iters: 23808, time: 0.001, data: 0.001) , D_A: 0.387, G_A: 0.923, cycle_A: 0.086, D_B: 0.344, G_B: 0.946, cycle_B: 0.146, gp: 0.339

[Rank 0] (epoch: 30, iters: 25408, time: 0.001, data: 0.001) , D_A: 0.465, G_A: 0.964, cycle_A: 0.091, D_B: 0.277, G_B: 0.878, cycle_B: 0.153, gp: 0.266

--- iter tau=0.1929 ---
  cipher in : ftqaptpatfquatvpv tzr pf tipcunpfgqhpkqfypfg pl mtnfrn pucpfg pz
  decrypted : iost o toisbtol laovua iaoe ybh igse psid iga farohiuha by iga v
  real plain:  to call out would not he knew come in the person of the temple 
  cipher in : punpntfg npgtal lpuo npwgtfpyurpwurvlpgto pkuahql n lpfupe piypq
  decrypted :  bh hoigah gotfaf bkah dgoi dbu dbulf goka pbtesfahaf ib ca ed s
  real plain: e repeated resharpening of gear tooth cutters without the loss o
[Rank 0] (epoch: 30, iters: 27008, time: 0.001, data: 0.001) , D_A: 0.455, G_A: 0.974, cycle_A: 0.094, D_B: 0.364, G_B: 0.946, cycle_B: 0.142, gp: 0.353

saving the latest model (epoch 30, total_iters 1200000)
[Rank 0] (epoch: 30, iters: 28608, time: 0.001, data: 0.001) , D_A: 0.512, G_A: 1.123, cycle_A: 0.089, D_B: 0.337, G_B: 1.014, cycle_B: 0.155, gp: 0.333

[Rank 0] (epoch: 30, iters: 30208, time: 0.001, data: 0.001) , D_A: 0.373, G_A: 1.012, cycle_A: 0.088, D_B: 0.476, G_B: 0.982, cycle_B: 0.153, gp: 0.470

[Rank 0] (epoch: 30, iters: 31808, time: 0.001, data: 0.001) , D_A: 0.337, G_A: 0.980, cycle_A: 0.090, D_B: 0.263, G_B: 1.031, cycle_B: 0.151, gp: 0.260

[Rank 0] (epoch: 30, iters: 33408, time: 0.001, data: 0.001) , D_A: 0.419, G_A: 0.867, cycle_A: 0.088, D_B: 0.424, G_B: 1.036, cycle_B: 0.163, gp: 0.417

[Rank 0] (epoch: 30, iters: 35008, time: 0.001, data: 0.001) , D_A: 0.437, G_A: 0.961, cycle_A: 0.082, D_B: 0.252, G_B: 1.030, cycle_B: 0.151, gp: 0.248

[Rank 0] (epoch: 30, iters: 36608, time: 0.001, data: 0.001) , D_A: 0.491, G_A: 0.992, cycle_A: 0.087, D_B: 0.199, G_B: 0.974, cycle_B: 0.146, gp: 0.193

[Rank 0] (epoch: 30, iters: 38208, time: 0.001, data: 0.001) , D_A: 0.391, G_A: 0.974, cycle_A: 0.095, D_B: 0.195, G_B: 0.970, cycle_B: 0.150, gp: 0.185

[Rank 0] (epoch: 30, iters: 39808, time: 0.001, data: 0.001) , D_A: 0.430, G_A: 0.964, cycle_A: 0.083, D_B: 0.339, G_B: 0.944, cycle_B: 0.170, gp: 0.333

learning rate 0.0002000 -> 0.0002000
temperature tau = 0.1867
End of epoch 30 / 50 	 Time Taken: 31 sec
[Rank 0] (epoch: 31, iters: 960, time: 0.001, data: 0.000) , D_A: 0.473, G_A: 0.973, cycle_A: 0.084, D_B: 0.215, G_B: 0.926, cycle_B: 0.147, gp: 0.209

[Rank 0] (epoch: 31, iters: 2560, time: 0.001, data: 0.001) , D_A: 0.580, G_A: 0.981, cycle_A: 0.101, D_B: 0.225, G_B: 1.027, cycle_B: 0.137, gp: 0.217

[Rank 0] (epoch: 31, iters: 4160, time: 0.001, data: 0.001) , D_A: 0.397, G_A: 1.011, cycle_A: 0.090, D_B: 0.284, G_B: 0.992, cycle_B: 0.156, gp: 0.276

[Rank 0] (epoch: 31, iters: 5760, time: 0.001, data: 0.001) , D_A: 0.460, G_A: 0.821, cycle_A: 0.097, D_B: 0.250, G_B: 0.991, cycle_B: 0.168, gp: 0.246

[Rank 0] (epoch: 31, iters: 7360, time: 0.001, data: 0.001) , D_A: 0.536, G_A: 0.973, cycle_A: 0.079, D_B: 0.202, G_B: 0.983, cycle_B: 0.149, gp: 0.198

[Rank 0] (epoch: 31, iters: 8960, time: 0.001, data: 0.001) , D_A: 0.527, G_A: 0.970, cycle_A: 0.085, D_B: 0.334, G_B: 1.028, cycle_B: 0.147, gp: 0.328

[Rank 0] (epoch: 31, iters: 10560, time: 0.001, data: 0.001) , D_A: 0.420, G_A: 0.977, cycle_A: 0.086, D_B: 0.228, G_B: 0.996, cycle_B: 0.153, gp: 0.225

[Rank 0] (epoch: 31, iters: 12160, time: 0.001, data: 0.001) , D_A: 0.477, G_A: 1.039, cycle_A: 0.088, D_B: 0.534, G_B: 0.948, cycle_B: 0.168, gp: 0.526

[Rank 0] (epoch: 31, iters: 13760, time: 0.001, data: 0.001) , D_A: 0.502, G_A: 0.966, cycle_A: 0.100, D_B: 0.197, G_B: 0.965, cycle_B: 0.164, gp: 0.189

[Rank 0] (epoch: 31, iters: 15360, time: 0.001, data: 0.001) , D_A: 0.407, G_A: 0.940, cycle_A: 0.091, D_B: 0.258, G_B: 0.976, cycle_B: 0.156, gp: 0.255

[Rank 0] (epoch: 31, iters: 16960, time: 0.001, data: 0.001) , D_A: 0.478, G_A: 0.926, cycle_A: 0.080, D_B: 0.236, G_B: 1.036, cycle_B: 0.161, gp: 0.229

[Rank 0] (epoch: 31, iters: 18560, time: 0.001, data: 0.001) , D_A: 0.359, G_A: 0.876, cycle_A: 0.079, D_B: 0.259, G_B: 1.004, cycle_B: 0.143, gp: 0.256

[Rank 0] (epoch: 31, iters: 20160, time: 0.001, data: 0.001) , D_A: 0.411, G_A: 1.018, cycle_A: 0.089, D_B: 0.351, G_B: 1.056, cycle_B: 0.159, gp: 0.343

[Rank 0] (epoch: 31, iters: 21760, time: 0.001, data: 0.001) , D_A: 0.418, G_A: 0.994, cycle_A: 0.104, D_B: 0.222, G_B: 0.984, cycle_B: 0.157, gp: 0.217

[Rank 0] (epoch: 31, iters: 23360, time: 0.001, data: 0.001) , D_A: 0.516, G_A: 0.985, cycle_A: 0.082, D_B: 0.351, G_B: 0.935, cycle_B: 0.141, gp: 0.345

[Rank 0] (epoch: 31, iters: 24960, time: 0.001, data: 0.001) , D_A: 0.483, G_A: 0.933, cycle_A: 0.095, D_B: 0.299, G_B: 0.916, cycle_B: 0.146, gp: 0.294

--- iter tau=0.1867 ---
  cipher in : mvtyqazptalp o nypltypiqkd ypwurvlpzupeypgqhpvukd npxrhfptkgqazp
  decrypted : rlodstv otf akahd fod espdad dbulf vb cd gse lbpdah muei opgstv 
  real plain: rogram received a badly needed boost from the general assembly i
  cipher in : hpthm kfpucpfg pvqf ntnypmnuk hhpgto phm kqtvphqzaqcqktak pcunpu
  decrypted : e oerapi by iga lsiahohd rhbpaee goka erapsol esvtsyspotpa ybh b
  real plain: to look at the face above the hand whatever face it might be now
[Rank 0] (epoch: 31, iters: 26560, time: 0.001, data: 0.001) , D_A: 0.462, G_A: 1.038, cycle_A: 0.089, D_B: 0.347, G_B: 0.978, cycle_B: 0.150, gp: 0.342

saving the latest model (epoch 31, total_iters 1240000)
[Rank 0] (epoch: 31, iters: 28160, time: 0.001, data: 0.001) , D_A: 0.458, G_A: 1.028, cycle_A: 0.105, D_B: 0.436, G_B: 1.145, cycle_B: 0.150, gp: 0.412

[Rank 0] (epoch: 31, iters: 29760, time: 0.001, data: 0.001) , D_A: 0.425, G_A: 1.006, cycle_A: 0.094, D_B: 0.283, G_B: 0.994, cycle_B: 0.153, gp: 0.279

[Rank 0] (epoch: 31, iters: 31360, time: 0.001, data: 0.001) , D_A: 0.413, G_A: 0.934, cycle_A: 0.086, D_B: 0.259, G_B: 0.992, cycle_B: 0.160, gp: 0.254

[Rank 0] (epoch: 31, iters: 32960, time: 0.001, data: 0.001) , D_A: 0.454, G_A: 0.969, cycle_A: 0.092, D_B: 0.231, G_B: 0.936, cycle_B: 0.138, gp: 0.220

[Rank 0] (epoch: 31, iters: 34560, time: 0.001, data: 0.001) , D_A: 0.462, G_A: 0.950, cycle_A: 0.086, D_B: 0.251, G_B: 0.985, cycle_B: 0.157, gp: 0.248

[Rank 0] (epoch: 31, iters: 36160, time: 0.001, data: 0.001) , D_A: 0.530, G_A: 1.002, cycle_A: 0.083, D_B: 0.366, G_B: 0.973, cycle_B: 0.148, gp: 0.362

[Rank 0] (epoch: 31, iters: 37760, time: 0.001, data: 0.001) , D_A: 0.440, G_A: 0.946, cycle_A: 0.094, D_B: 0.226, G_B: 0.952, cycle_B: 0.152, gp: 0.221

[Rank 0] (epoch: 31, iters: 39360, time: 0.001, data: 0.001) , D_A: 0.422, G_A: 0.984, cycle_A: 0.084, D_B: 0.362, G_B: 0.899, cycle_B: 0.150, gp: 0.356

learning rate 0.0002000 -> 0.0002000
temperature tau = 0.1806
End of epoch 31 / 50 	 Time Taken: 31 sec
[Rank 0] (epoch: 32, iters: 512, time: 0.001, data: 0.002) , D_A: 0.482, G_A: 1.035, cycle_A: 0.099, D_B: 0.350, G_B: 0.962, cycle_B: 0.157, gp: 0.345

[Rank 0] (epoch: 32, iters: 2112, time: 0.001, data: 0.000) , D_A: 0.532, G_A: 1.020, cycle_A: 0.094, D_B: 0.373, G_B: 0.922, cycle_B: 0.139, gp: 0.368

[Rank 0] (epoch: 32, iters: 3712, time: 0.001, data: 0.001) , D_A: 0.524, G_A: 0.932, cycle_A: 0.088, D_B: 0.209, G_B: 0.984, cycle_B: 0.159, gp: 0.204

[Rank 0] (epoch: 32, iters: 5312, time: 0.001, data: 0.001) , D_A: 0.471, G_A: 0.919, cycle_A: 0.087, D_B: 0.324, G_B: 0.992, cycle_B: 0.144, gp: 0.319

[Rank 0] (epoch: 32, iters: 6912, time: 0.001, data: 0.001) , D_A: 0.418, G_A: 0.945, cycle_A: 0.082, D_B: 0.268, G_B: 0.996, cycle_B: 0.167, gp: 0.265

[Rank 0] (epoch: 32, iters: 8512, time: 0.001, data: 0.001) , D_A: 0.480, G_A: 0.971, cycle_A: 0.088, D_B: 0.391, G_B: 0.978, cycle_B: 0.143, gp: 0.385

[Rank 0] (epoch: 32, iters: 10112, time: 0.001, data: 0.001) , D_A: 0.464, G_A: 0.963, cycle_A: 0.088, D_B: 0.201, G_B: 0.969, cycle_B: 0.143, gp: 0.196

[Rank 0] (epoch: 32, iters: 11712, time: 0.001, data: 0.001) , D_A: 0.487, G_A: 0.919, cycle_A: 0.094, D_B: 0.379, G_B: 0.966, cycle_B: 0.153, gp: 0.374

[Rank 0] (epoch: 32, iters: 13312, time: 0.001, data: 0.001) , D_A: 0.399, G_A: 1.066, cycle_A: 0.083, D_B: 0.132, G_B: 0.971, cycle_B: 0.158, gp: 0.129

[Rank 0] (epoch: 32, iters: 14912, time: 0.001, data: 0.001) , D_A: 0.407, G_A: 0.968, cycle_A: 0.084, D_B: 0.347, G_B: 1.005, cycle_B: 0.158, gp: 0.344

[Rank 0] (epoch: 32, iters: 16512, time: 0.001, data: 0.001) , D_A: 0.605, G_A: 0.944, cycle_A: 0.083, D_B: 0.215, G_B: 0.966, cycle_B: 0.146, gp: 0.210

[Rank 0] (epoch: 32, iters: 18112, time: 0.001, data: 0.001) , D_A: 0.455, G_A: 0.949, cycle_A: 0.089, D_B: 0.310, G_B: 1.012, cycle_B: 0.152, gp: 0.304

[Rank 0] (epoch: 32, iters: 19712, time: 0.001, data: 0.001) , D_A: 0.447, G_A: 0.970, cycle_A: 0.091, D_B: 0.281, G_B: 0.932, cycle_B: 0.168, gp: 0.276

[Rank 0] (epoch: 32, iters: 21312, time: 0.001, data: 0.001) , D_A: 0.445, G_A: 0.899, cycle_A: 0.086, D_B: 0.199, G_B: 0.977, cycle_B: 0.166, gp: 0.194

[Rank 0] (epoch: 32, iters: 22912, time: 0.001, data: 0.001) , D_A: 0.528, G_A: 0.982, cycle_A: 0.090, D_B: 0.400, G_B: 0.962, cycle_B: 0.155, gp: 0.394

[Rank 0] (epoch: 32, iters: 24512, time: 0.001, data: 0.001) , D_A: 0.504, G_A: 0.969, cycle_A: 0.095, D_B: 0.397, G_B: 1.021, cycle_B: 0.161, gp: 0.390

--- iter tau=0.1806 ---
  cipher in : pwqfgpfg pkuimtaypg pgthpfg pf im nti afptalpfg phftz pmn h ak p
  decrypted :  dsig iga pberotd ga goe iga iaerahoeati otf iga eiova rhaeatpa 
  real plain: memorated by a bust in a park and a square in the city which was
  cipher in : hphrqfpucpn lpral nw tnperfpitqavype ktrh pyurpw n pfqn lpucpe q
  decrypted : e eusi by haf utfahdaoh cui eostld capouea dbu daha ishaf by cas
  real plain:  indices and melting points of the various types of crystals par
[Rank 0] (epoch: 32, iters: 26112, time: 0.001, data: 0.001) , D_A: 0.417, G_A: 0.922, cycle_A: 0.084, D_B: 0.282, G_B: 1.018, cycle_B: 0.153, gp: 0.279

saving the latest model (epoch 32, total_iters 1280000)
[Rank 0] (epoch: 32, iters: 27712, time: 0.001, data: 0.001) , D_A: 0.454, G_A: 0.994, cycle_A: 0.091, D_B: 0.365, G_B: 0.974, cycle_B: 0.152, gp: 0.360

[Rank 0] (epoch: 32, iters: 29312, time: 0.001, data: 0.001) , D_A: 0.560, G_A: 1.242, cycle_A: 0.084, D_B: 0.134, G_B: 0.981, cycle_B: 0.159, gp: 0.130

[Rank 0] (epoch: 32, iters: 30912, time: 0.001, data: 0.001) , D_A: 0.586, G_A: 1.043, cycle_A: 0.088, D_B: 0.451, G_B: 0.557, cycle_B: 0.144, gp: 0.446

[Rank 0] (epoch: 32, iters: 32512, time: 0.001, data: 0.001) , D_A: 0.480, G_A: 0.989, cycle_A: 0.086, D_B: 0.343, G_B: 0.972, cycle_B: 0.157, gp: 0.339

[Rank 0] (epoch: 32, iters: 34112, time: 0.001, data: 0.001) , D_A: 0.484, G_A: 0.974, cycle_A: 0.081, D_B: 0.293, G_B: 0.949, cycle_B: 0.144, gp: 0.289

[Rank 0] (epoch: 32, iters: 35712, time: 0.001, data: 0.001) , D_A: 0.425, G_A: 0.972, cycle_A: 0.091, D_B: 0.378, G_B: 0.997, cycle_B: 0.161, gp: 0.373

[Rank 0] (epoch: 32, iters: 37312, time: 0.001, data: 0.001) , D_A: 0.475, G_A: 0.875, cycle_A: 0.088, D_B: 0.295, G_B: 1.016, cycle_B: 0.153, gp: 0.292

[Rank 0] (epoch: 32, iters: 38912, time: 0.001, data: 0.001) , D_A: 0.565, G_A: 1.024, cycle_A: 0.090, D_B: 0.266, G_B: 1.010, cycle_B: 0.147, gp: 0.261

learning rate 0.0002000 -> 0.0002000
temperature tau = 0.1748
End of epoch 32 / 50 	 Time Taken: 31 sec
[Rank 0] (epoch: 33, iters: 64, time: 0.001, data: 0.001) , D_A: 0.506, G_A: 0.960, cycle_A: 0.090, D_B: 0.293, G_B: 1.015, cycle_B: 0.157, gp: 0.289

[Rank 0] (epoch: 33, iters: 1664, time: 0.001, data: 0.001) , D_A: 0.491, G_A: 1.017, cycle_A: 0.090, D_B: 0.420, G_B: 0.984, cycle_B: 0.143, gp: 0.413

[Rank 0] (epoch: 33, iters: 3264, time: 0.001, data: 0.001) , D_A: 0.445, G_A: 0.997, cycle_A: 0.091, D_B: 0.192, G_B: 1.036, cycle_B: 0.158, gp: 0.187

[Rank 0] (epoch: 33, iters: 4864, time: 0.001, data: 0.001) , D_A: 0.491, G_A: 0.976, cycle_A: 0.092, D_B: 0.270, G_B: 0.974, cycle_B: 0.148, gp: 0.268

[Rank 0] (epoch: 33, iters: 6464, time: 0.001, data: 0.001) , D_A: 0.408, G_A: 1.030, cycle_A: 0.095, D_B: 0.183, G_B: 0.924, cycle_B: 0.160, gp: 0.178

[Rank 0] (epoch: 33, iters: 8064, time: 0.001, data: 0.001) , D_A: 0.486, G_A: 1.017, cycle_A: 0.094, D_B: 0.324, G_B: 0.928, cycle_B: 0.153, gp: 0.319

[Rank 0] (epoch: 33, iters: 9664, time: 0.001, data: 0.001) , D_A: 0.496, G_A: 1.048, cycle_A: 0.086, D_B: 0.316, G_B: 0.966, cycle_B: 0.172, gp: 0.310

[Rank 0] (epoch: 33, iters: 11264, time: 0.001, data: 0.001) , D_A: 0.439, G_A: 0.975, cycle_A: 0.094, D_B: 0.347, G_B: 0.938, cycle_B: 0.151, gp: 0.341

[Rank 0] (epoch: 33, iters: 12864, time: 0.001, data: 0.001) , D_A: 0.461, G_A: 0.950, cycle_A: 0.081, D_B: 0.215, G_B: 1.028, cycle_B: 0.158, gp: 0.209

[Rank 0] (epoch: 33, iters: 14464, time: 0.001, data: 0.001) , D_A: 0.516, G_A: 0.960, cycle_A: 0.091, D_B: 0.384, G_B: 1.005, cycle_B: 0.152, gp: 0.378

[Rank 0] (epoch: 33, iters: 16064, time: 0.001, data: 0.001) , D_A: 0.475, G_A: 0.971, cycle_A: 0.090, D_B: 0.274, G_B: 1.002, cycle_B: 0.147, gp: 0.269

[Rank 0] (epoch: 33, iters: 17664, time: 0.001, data: 0.001) , D_A: 0.422, G_A: 1.014, cycle_A: 0.085, D_B: 0.268, G_B: 1.035, cycle_B: 0.152, gp: 0.260

[Rank 0] (epoch: 33, iters: 19264, time: 0.001, data: 0.001) , D_A: 0.508, G_A: 1.001, cycle_A: 0.082, D_B: 0.313, G_B: 0.992, cycle_B: 0.145, gp: 0.310

[Rank 0] (epoch: 33, iters: 20864, time: 0.001, data: 0.001) , D_A: 0.514, G_A: 0.979, cycle_A: 0.093, D_B: 0.335, G_B: 0.972, cycle_B: 0.152, gp: 0.330

[Rank 0] (epoch: 33, iters: 22464, time: 0.001, data: 0.001) , D_A: 0.375, G_A: 1.045, cycle_A: 0.091, D_B: 0.328, G_B: 0.980, cycle_B: 0.162, gp: 0.324

[Rank 0] (epoch: 33, iters: 24064, time: 0.001, data: 0.001) , D_A: 0.570, G_A: 0.978, cycle_A: 0.097, D_B: 0.218, G_B: 0.997, cycle_B: 0.146, gp: 0.212

--- iter tau=0.1748 ---
  cipher in : vtfquapeyphftfqazpfgtfpgritapvteunpwthpaufpfupe pkuahql n lptpku
  decrypted : loisbt cd eioistv igoi gueot locbh doe tbi ib ca pbtesfahaf o pb
  real plain: memorated by a bust in a park and a square in the city which was
  cipher in : lpfupmn o afprhperfpfg n pqhpaufgqazpw pktaplupfuphfumphuoq fpnr
  decrypted : f ib rhakati ue cui igaha se tbigstv da pot fb ib eibr ebksai hu
  real plain:  indices and melting points of the various types of crystals par
[Rank 0] (epoch: 33, iters: 25664, time: 0.001, data: 0.001) , D_A: 0.501, G_A: 0.983, cycle_A: 0.096, D_B: 0.372, G_B: 0.973, cycle_B: 0.155, gp: 0.364

saving the latest model (epoch 33, total_iters 1320000)
[Rank 0] (epoch: 33, iters: 27264, time: 0.001, data: 0.001) , D_A: 0.492, G_A: 0.952, cycle_A: 0.091, D_B: 0.224, G_B: 0.969, cycle_B: 0.162, gp: 0.220

[Rank 0] (epoch: 33, iters: 28864, time: 0.001, data: 0.001) , D_A: 0.383, G_A: 0.974, cycle_A: 0.084, D_B: 0.338, G_B: 0.943, cycle_B: 0.154, gp: 0.334

[Rank 0] (epoch: 33, iters: 30464, time: 0.001, data: 0.001) , D_A: 0.367, G_A: 0.948, cycle_A: 0.088, D_B: 0.405, G_B: 1.064, cycle_B: 0.143, gp: 0.397

[Rank 0] (epoch: 33, iters: 32064, time: 0.001, data: 0.001) , D_A: 0.493, G_A: 0.973, cycle_A: 0.085, D_B: 0.222, G_B: 1.009, cycle_B: 0.150, gp: 0.220

[Rank 0] (epoch: 33, iters: 33664, time: 0.001, data: 0.001) , D_A: 0.426, G_A: 0.990, cycle_A: 0.090, D_B: 0.224, G_B: 0.977, cycle_B: 0.162, gp: 0.219

[Rank 0] (epoch: 33, iters: 35264, time: 0.001, data: 0.001) , D_A: 0.428, G_A: 0.990, cycle_A: 0.084, D_B: 0.199, G_B: 1.011, cycle_B: 0.151, gp: 0.196

[Rank 0] (epoch: 33, iters: 36864, time: 0.001, data: 0.001) , D_A: 0.531, G_A: 0.978, cycle_A: 0.088, D_B: 0.166, G_B: 1.001, cycle_B: 0.145, gp: 0.162

[Rank 0] (epoch: 33, iters: 38464, time: 0.001, data: 0.001) , D_A: 0.446, G_A: 1.000, cycle_A: 0.096, D_B: 0.214, G_B: 0.990, cycle_B: 0.148, gp: 0.207

[Rank 0] (epoch: 33, iters: 40064, time: 0.001, data: 0.001) , D_A: 0.506, G_A: 0.978, cycle_A: 0.091, D_B: 0.252, G_B: 0.968, cycle_B: 0.157, gp: 0.247

learning rate 0.0002000 -> 0.0002000
temperature tau = 0.1691
End of epoch 33 / 50 	 Time Taken: 31 sec
[Rank 0] (epoch: 34, iters: 1216, time: 0.001, data: 0.000) , D_A: 0.524, G_A: 0.978, cycle_A: 0.088, D_B: 0.342, G_B: 0.985, cycle_B: 0.160, gp: 0.337

[Rank 0] (epoch: 34, iters: 2816, time: 0.001, data: 0.001) , D_A: 0.486, G_A: 0.933, cycle_A: 0.085, D_B: 0.253, G_B: 0.903, cycle_B: 0.145, gp: 0.248

[Rank 0] (epoch: 34, iters: 4416, time: 0.001, data: 0.001) , D_A: 0.551, G_A: 0.959, cycle_A: 0.088, D_B: 0.233, G_B: 1.003, cycle_B: 0.155, gp: 0.230

[Rank 0] (epoch: 34, iters: 6016, time: 0.001, data: 0.001) , D_A: 0.401, G_A: 0.934, cycle_A: 0.085, D_B: 0.232, G_B: 0.948, cycle_B: 0.168, gp: 0.229

[Rank 0] (epoch: 34, iters: 7616, time: 0.001, data: 0.001) , D_A: 0.447, G_A: 1.016, cycle_A: 0.089, D_B: 0.402, G_B: 0.996, cycle_B: 0.148, gp: 0.398

[Rank 0] (epoch: 34, iters: 9216, time: 0.001, data: 0.001) , D_A: 0.549, G_A: 0.947, cycle_A: 0.078, D_B: 0.240, G_B: 0.963, cycle_B: 0.147, gp: 0.234

[Rank 0] (epoch: 34, iters: 10816, time: 0.001, data: 0.001) , D_A: 0.622, G_A: 0.859, cycle_A: 0.087, D_B: 0.277, G_B: 0.986, cycle_B: 0.152, gp: 0.273

[Rank 0] (epoch: 34, iters: 12416, time: 0.001, data: 0.001) , D_A: 0.462, G_A: 0.951, cycle_A: 0.101, D_B: 0.502, G_B: 0.983, cycle_B: 0.149, gp: 0.496

[Rank 0] (epoch: 34, iters: 14016, time: 0.001, data: 0.001) , D_A: 0.391, G_A: 1.003, cycle_A: 0.102, D_B: 0.094, G_B: 0.968, cycle_B: 0.156, gp: 0.089

[Rank 0] (epoch: 34, iters: 15616, time: 0.001, data: 0.001) , D_A: 0.514, G_A: 0.958, cycle_A: 0.092, D_B: 0.310, G_B: 1.025, cycle_B: 0.151, gp: 0.304

[Rank 0] (epoch: 34, iters: 17216, time: 0.001, data: 0.001) , D_A: 0.511, G_A: 1.015, cycle_A: 0.087, D_B: 0.287, G_B: 0.957, cycle_B: 0.161, gp: 0.282

[Rank 0] (epoch: 34, iters: 18816, time: 0.001, data: 0.001) , D_A: 0.642, G_A: 0.999, cycle_A: 0.080, D_B: 0.255, G_B: 1.018, cycle_B: 0.143, gp: 0.252

[Rank 0] (epoch: 34, iters: 20416, time: 0.001, data: 0.001) , D_A: 0.491, G_A: 0.959, cycle_A: 0.086, D_B: 0.320, G_B: 0.988, cycle_B: 0.159, gp: 0.316

[Rank 0] (epoch: 34, iters: 22016, time: 0.001, data: 0.001) , D_A: 0.455, G_A: 0.948, cycle_A: 0.089, D_B: 0.360, G_B: 1.003, cycle_B: 0.157, gp: 0.356

[Rank 0] (epoch: 34, iters: 23616, time: 0.001, data: 0.001) , D_A: 0.497, G_A: 0.962, cycle_A: 0.090, D_B: 0.302, G_B: 0.975, cycle_B: 0.147, gp: 0.299

--- iter tau=0.1691 ---
  cipher in :  iul vqazpxuepvtff npluitqapral npfg pzrqltak pucpkg cpfuipyud v
  decrypted : aebfalstv mbc loiiah fbeost utfah iga vusfotpa by pgay ibe dbdal
  real plain: slapping it from his sixdollar levis and his tailored twentyfive
  cipher in : qn lpl m alhpuapguwpitaypctvh piuo hpirhfpe pmn o af lpqapfg phq
  decrypted : shaf faratfe bt gbd eotd yolea ebkae euei ca rhakatiaf st iga es
  real plain: ment out final adjuncts may or may not have dominant stress if t
[Rank 0] (epoch: 34, iters: 25216, time: 0.001, data: 0.001) , D_A: 0.559, G_A: 0.991, cycle_A: 0.083, D_B: 0.333, G_B: 0.975, cycle_B: 0.153, gp: 0.327

saving the latest model (epoch 34, total_iters 1360000)
[Rank 0] (epoch: 34, iters: 26816, time: 0.001, data: 0.001) , D_A: 0.448, G_A: 1.071, cycle_A: 0.104, D_B: 0.322, G_B: 1.002, cycle_B: 0.142, gp: 0.317

[Rank 0] (epoch: 34, iters: 28416, time: 0.001, data: 0.001) , D_A: 0.543, G_A: 0.997, cycle_A: 0.074, D_B: 0.345, G_B: 1.011, cycle_B: 0.155, gp: 0.342

[Rank 0] (epoch: 34, iters: 30016, time: 0.001, data: 0.001) , D_A: 0.554, G_A: 0.951, cycle_A: 0.088, D_B: 0.395, G_B: 0.993, cycle_B: 0.153, gp: 0.392

[Rank 0] (epoch: 34, iters: 31616, time: 0.001, data: 0.001) , D_A: 0.416, G_A: 0.993, cycle_A: 0.093, D_B: 0.247, G_B: 1.005, cycle_B: 0.160, gp: 0.244

[Rank 0] (epoch: 34, iters: 33216, time: 0.001, data: 0.001) , D_A: 0.566, G_A: 1.001, cycle_A: 0.088, D_B: 0.283, G_B: 0.983, cycle_B: 0.138, gp: 0.278

[Rank 0] (epoch: 34, iters: 34816, time: 0.001, data: 0.001) , D_A: 0.496, G_A: 1.011, cycle_A: 0.089, D_B: 0.207, G_B: 0.953, cycle_B: 0.157, gp: 0.203

[Rank 0] (epoch: 34, iters: 36416, time: 0.001, data: 0.001) , D_A: 0.435, G_A: 0.947, cycle_A: 0.087, D_B: 0.241, G_B: 0.999, cycle_B: 0.147, gp: 0.237

[Rank 0] (epoch: 34, iters: 38016, time: 0.001, data: 0.001) , D_A: 0.516, G_A: 1.004, cycle_A: 0.089, D_B: 0.171, G_B: 1.011, cycle_B: 0.150, gp: 0.168

[Rank 0] (epoch: 34, iters: 39616, time: 0.001, data: 0.001) , D_A: 0.517, G_A: 0.978, cycle_A: 0.086, D_B: 0.263, G_B: 0.948, cycle_B: 0.171, gp: 0.258

learning rate 0.0002000 -> 0.0002000
temperature tau = 0.1637
End of epoch 34 / 50 	 Time Taken: 35 sec
[Rank 0] (epoch: 35, iters: 768, time: 0.001, data: 0.000) , D_A: 0.546, G_A: 0.969, cycle_A: 0.080, D_B: 0.299, G_B: 0.985, cycle_B: 0.147, gp: 0.295

[Rank 0] (epoch: 35, iters: 2368, time: 0.001, data: 0.000) , D_A: 0.600, G_A: 0.914, cycle_A: 0.093, D_B: 0.396, G_B: 0.989, cycle_B: 0.137, gp: 0.390

[Rank 0] (epoch: 35, iters: 3968, time: 0.001, data: 0.001) , D_A: 0.531, G_A: 0.979, cycle_A: 0.094, D_B: 0.272, G_B: 0.977, cycle_B: 0.159, gp: 0.269

[Rank 0] (epoch: 35, iters: 5568, time: 0.001, data: 0.001) , D_A: 0.505, G_A: 0.915, cycle_A: 0.082, D_B: 0.162, G_B: 0.966, cycle_B: 0.144, gp: 0.159

[Rank 0] (epoch: 35, iters: 7168, time: 0.001, data: 0.001) , D_A: 0.498, G_A: 0.988, cycle_A: 0.088, D_B: 0.217, G_B: 1.013, cycle_B: 0.168, gp: 0.213

[Rank 0] (epoch: 35, iters: 8768, time: 0.001, data: 0.001) , D_A: 0.504, G_A: 1.031, cycle_A: 0.090, D_B: 0.317, G_B: 0.938, cycle_B: 0.148, gp: 0.307

[Rank 0] (epoch: 35, iters: 10368, time: 0.001, data: 0.001) , D_A: 0.441, G_A: 0.993, cycle_A: 0.080, D_B: 0.186, G_B: 0.877, cycle_B: 0.153, gp: 0.183

[Rank 0] (epoch: 35, iters: 11968, time: 0.001, data: 0.001) , D_A: 0.425, G_A: 0.989, cycle_A: 0.084, D_B: 0.440, G_B: 0.957, cycle_B: 0.168, gp: 0.435

[Rank 0] (epoch: 35, iters: 13568, time: 0.001, data: 0.001) , D_A: 0.496, G_A: 0.923, cycle_A: 0.086, D_B: 0.184, G_B: 0.988, cycle_B: 0.164, gp: 0.180

[Rank 0] (epoch: 35, iters: 15168, time: 0.001, data: 0.001) , D_A: 0.592, G_A: 0.986, cycle_A: 0.095, D_B: 0.341, G_B: 0.933, cycle_B: 0.157, gp: 0.326

[Rank 0] (epoch: 35, iters: 16768, time: 0.001, data: 0.001) , D_A: 0.571, G_A: 1.016, cycle_A: 0.091, D_B: 0.261, G_B: 1.000, cycle_B: 0.146, gp: 0.257

[Rank 0] (epoch: 35, iters: 18368, time: 0.001, data: 0.001) , D_A: 0.546, G_A: 0.977, cycle_A: 0.078, D_B: 0.252, G_B: 0.943, cycle_B: 0.152, gp: 0.249

[Rank 0] (epoch: 35, iters: 19968, time: 0.001, data: 0.001) , D_A: 0.578, G_A: 0.989, cycle_A: 0.091, D_B: 0.428, G_B: 0.947, cycle_B: 0.168, gp: 0.425

[Rank 0] (epoch: 35, iters: 21568, time: 0.001, data: 0.001) , D_A: 0.509, G_A: 0.958, cycle_A: 0.093, D_B: 0.371, G_B: 0.837, cycle_B: 0.158, gp: 0.366

[Rank 0] (epoch: 35, iters: 23168, time: 0.001, data: 0.001) , D_A: 0.581, G_A: 1.004, cycle_A: 0.090, D_B: 0.292, G_B: 1.044, cycle_B: 0.141, gp: 0.287

--- iter tau=0.1637 ---
  cipher in : lpg tlphui nhtrvfhpfg pvthfp hh afqtvpfupfg pe zqaa nhpzyiathfqk
  decrypted : f gaof ebeaheoulie iga loei aeeatisol ib iga cavsttahe vdetoeisp
  real plain: ess thus sauternes or barsacs should be very cold a pouillyfuiss
  cipher in : alpktnvtpwtfkgqazpqapwual npfrna lpfuphtipqfpi tahphupirkgpfupg 
  decrypted : tf pohlo doipgstv st dbtfah iuhtaf ib eoe si eaote eb eupg ib ga
  real plain: vince of the childrens consultant headquarters of the nassau sys
[Rank 0] (epoch: 35, iters: 24768, time: 0.001, data: 0.001) , D_A: 0.465, G_A: 0.986, cycle_A: 0.086, D_B: 0.396, G_B: 0.969, cycle_B: 0.146, gp: 0.391

saving the latest model (epoch 35, total_iters 1400000)
[Rank 0] (epoch: 35, iters: 26368, time: 0.001, data: 0.001) , D_A: 0.553, G_A: 1.079, cycle_A: 0.087, D_B: 0.340, G_B: 0.984, cycle_B: 0.150, gp: 0.336

[Rank 0] (epoch: 35, iters: 27968, time: 0.001, data: 0.001) , D_A: 0.553, G_A: 0.980, cycle_A: 0.091, D_B: 0.266, G_B: 0.963, cycle_B: 0.150, gp: 0.263

[Rank 0] (epoch: 35, iters: 29568, time: 0.001, data: 0.001) , D_A: 0.546, G_A: 1.015, cycle_A: 0.089, D_B: 0.284, G_B: 0.957, cycle_B: 0.158, gp: 0.281

[Rank 0] (epoch: 35, iters: 31168, time: 0.001, data: 0.001) , D_A: 0.462, G_A: 0.993, cycle_A: 0.088, D_B: 0.275, G_B: 0.883, cycle_B: 0.144, gp: 0.265

[Rank 0] (epoch: 35, iters: 32768, time: 0.001, data: 0.001) , D_A: 0.537, G_A: 0.983, cycle_A: 0.085, D_B: 0.224, G_B: 0.959, cycle_B: 0.157, gp: 0.220

[Rank 0] (epoch: 35, iters: 34368, time: 0.001, data: 0.001) , D_A: 0.521, G_A: 1.009, cycle_A: 0.086, D_B: 0.260, G_B: 0.969, cycle_B: 0.159, gp: 0.257

[Rank 0] (epoch: 35, iters: 35968, time: 0.001, data: 0.001) , D_A: 0.578, G_A: 0.979, cycle_A: 0.089, D_B: 0.320, G_B: 0.933, cycle_B: 0.148, gp: 0.316

[Rank 0] (epoch: 35, iters: 37568, time: 0.001, data: 0.001) , D_A: 0.588, G_A: 0.999, cycle_A: 0.093, D_B: 0.168, G_B: 0.997, cycle_B: 0.152, gp: 0.162

[Rank 0] (epoch: 35, iters: 39168, time: 0.001, data: 0.001) , D_A: 0.531, G_A: 1.019, cycle_A: 0.090, D_B: 0.247, G_B: 1.030, cycle_B: 0.150, gp: 0.242

learning rate 0.0002000 -> 0.0002000
temperature tau = 0.1584
End of epoch 35 / 50 	 Time Taken: 31 sec
[Rank 0] (epoch: 36, iters: 320, time: 0.001, data: 0.001) , D_A: 0.550, G_A: 0.937, cycle_A: 0.086, D_B: 0.425, G_B: 0.921, cycle_B: 0.157, gp: 0.421

[Rank 0] (epoch: 36, iters: 1920, time: 0.001, data: 0.000) , D_A: 0.470, G_A: 1.017, cycle_A: 0.085, D_B: 0.389, G_B: 0.983, cycle_B: 0.142, gp: 0.383

[Rank 0] (epoch: 36, iters: 3520, time: 0.001, data: 0.001) , D_A: 0.562, G_A: 0.941, cycle_A: 0.084, D_B: 0.176, G_B: 1.051, cycle_B: 0.157, gp: 0.172

[Rank 0] (epoch: 36, iters: 5120, time: 0.001, data: 0.001) , D_A: 0.633, G_A: 0.942, cycle_A: 0.092, D_B: 0.191, G_B: 1.014, cycle_B: 0.148, gp: 0.186

[Rank 0] (epoch: 36, iters: 6720, time: 0.001, data: 0.001) , D_A: 0.434, G_A: 1.003, cycle_A: 0.084, D_B: 0.218, G_B: 0.979, cycle_B: 0.167, gp: 0.215

[Rank 0] (epoch: 36, iters: 8320, time: 0.001, data: 0.001) , D_A: 0.605, G_A: 0.956, cycle_A: 0.091, D_B: 0.247, G_B: 0.933, cycle_B: 0.144, gp: 0.243

[Rank 0] (epoch: 36, iters: 9920, time: 0.001, data: 0.001) , D_A: 0.598, G_A: 0.966, cycle_A: 0.086, D_B: 0.257, G_B: 0.951, cycle_B: 0.143, gp: 0.253

[Rank 0] (epoch: 36, iters: 11520, time: 0.001, data: 0.001) , D_A: 0.432, G_A: 0.982, cycle_A: 0.094, D_B: 0.367, G_B: 0.964, cycle_B: 0.153, gp: 0.364

[Rank 0] (epoch: 36, iters: 13120, time: 0.001, data: 0.001) , D_A: 0.496, G_A: 0.982, cycle_A: 0.080, D_B: 0.355, G_B: 1.003, cycle_B: 0.158, gp: 0.351

[Rank 0] (epoch: 36, iters: 14720, time: 0.001, data: 0.001) , D_A: 0.581, G_A: 0.927, cycle_A: 0.082, D_B: 0.440, G_B: 1.019, cycle_B: 0.152, gp: 0.436

[Rank 0] (epoch: 36, iters: 16320, time: 0.001, data: 0.001) , D_A: 0.550, G_A: 0.942, cycle_A: 0.088, D_B: 0.276, G_B: 0.943, cycle_B: 0.147, gp: 0.272

[Rank 0] (epoch: 36, iters: 17920, time: 0.001, data: 0.001) , D_A: 0.497, G_A: 1.009, cycle_A: 0.085, D_B: 0.201, G_B: 0.949, cycle_B: 0.152, gp: 0.196

[Rank 0] (epoch: 36, iters: 19520, time: 0.001, data: 0.001) , D_A: 0.455, G_A: 0.957, cycle_A: 0.089, D_B: 0.174, G_B: 1.011, cycle_B: 0.170, gp: 0.169

[Rank 0] (epoch: 36, iters: 21120, time: 0.001, data: 0.001) , D_A: 0.488, G_A: 0.953, cycle_A: 0.095, D_B: 0.357, G_B: 1.031, cycle_B: 0.167, gp: 0.351

[Rank 0] (epoch: 36, iters: 22720, time: 0.001, data: 0.001) , D_A: 0.508, G_A: 0.957, cycle_A: 0.090, D_B: 0.356, G_B: 0.962, cycle_B: 0.156, gp: 0.353

--- iter tau=0.1584 ---
  cipher in : rnpmq k hptn prh lpmvtadpfg phql hpcqnhfprhqazpzvr ptalpua qakgp
  decrypted : uh rsapae oha ueaf rlotd iga esfae yshei uestv vlua otf btastpg 
  real plain:  no amount of religious ceremonies or even joining a church will
  cipher in : pucf apgqfptpg qzgfpqap tnvypukfue npa wpgtimhgqn pcqzrn hpqfhpm
  decrypted :  byiat gsi o gasvgi st aohld bpibcah tad goeregsha ysvuhae sie r
  real plain:  and dreaming of the day he would be rich at fifteen he didnt ca
[Rank 0] (epoch: 36, iters: 24320, time: 0.001, data: 0.001) , D_A: 0.501, G_A: 0.934, cycle_A: 0.090, D_B: 0.478, G_B: 0.994, cycle_B: 0.162, gp: 0.473

saving the latest model (epoch 36, total_iters 1440000)
[Rank 0] (epoch: 36, iters: 25920, time: 0.001, data: 0.001) , D_A: 0.538, G_A: 1.142, cycle_A: 0.090, D_B: 0.440, G_B: 0.867, cycle_B: 0.154, gp: 0.435

[Rank 0] (epoch: 36, iters: 27520, time: 0.001, data: 0.001) , D_A: 0.546, G_A: 1.013, cycle_A: 0.091, D_B: 0.303, G_B: 1.010, cycle_B: 0.163, gp: 0.293

[Rank 0] (epoch: 36, iters: 29120, time: 0.001, data: 0.001) , D_A: 0.432, G_A: 0.977, cycle_A: 0.088, D_B: 0.291, G_B: 0.973, cycle_B: 0.154, gp: 0.287

[Rank 0] (epoch: 36, iters: 30720, time: 0.001, data: 0.001) , D_A: 0.542, G_A: 0.967, cycle_A: 0.085, D_B: 0.319, G_B: 0.929, cycle_B: 0.143, gp: 0.316

[Rank 0] (epoch: 36, iters: 32320, time: 0.001, data: 0.001) , D_A: 0.556, G_A: 0.993, cycle_A: 0.082, D_B: 0.180, G_B: 0.981, cycle_B: 0.157, gp: 0.176

[Rank 0] (epoch: 36, iters: 33920, time: 0.001, data: 0.001) , D_A: 0.577, G_A: 1.034, cycle_A: 0.083, D_B: 0.247, G_B: 0.931, cycle_B: 0.144, gp: 0.243

[Rank 0] (epoch: 36, iters: 35520, time: 0.001, data: 0.001) , D_A: 0.427, G_A: 0.977, cycle_A: 0.091, D_B: 0.285, G_B: 0.941, cycle_B: 0.161, gp: 0.282

[Rank 0] (epoch: 36, iters: 37120, time: 0.001, data: 0.001) , D_A: 0.576, G_A: 0.970, cycle_A: 0.090, D_B: 0.098, G_B: 0.972, cycle_B: 0.153, gp: 0.094

[Rank 0] (epoch: 36, iters: 38720, time: 0.001, data: 0.001) , D_A: 0.577, G_A: 0.965, cycle_A: 0.082, D_B: 0.156, G_B: 0.957, cycle_B: 0.147, gp: 0.151

[Rank 0] (epoch: 36, iters: 40320, time: 0.001, data: 0.001) , D_A: 0.497, G_A: 1.056, cycle_A: 0.081, D_B: 0.138, G_B: 1.014, cycle_B: 0.157, gp: 0.135

learning rate 0.0002000 -> 0.0002000
temperature tau = 0.1533
End of epoch 36 / 50 	 Time Taken: 31 sec
[Rank 0] (epoch: 37, iters: 1472, time: 0.001, data: 0.001) , D_A: 0.547, G_A: 1.014, cycle_A: 0.087, D_B: 0.332, G_B: 0.884, cycle_B: 0.160, gp: 0.320

[Rank 0] (epoch: 37, iters: 3072, time: 0.001, data: 0.001) , D_A: 0.579, G_A: 1.015, cycle_A: 0.087, D_B: 0.261, G_B: 1.003, cycle_B: 0.145, gp: 0.256

[Rank 0] (epoch: 37, iters: 4672, time: 0.001, data: 0.001) , D_A: 0.571, G_A: 0.912, cycle_A: 0.089, D_B: 0.163, G_B: 0.997, cycle_B: 0.149, gp: 0.159

[Rank 0] (epoch: 37, iters: 6272, time: 0.001, data: 0.001) , D_A: 0.427, G_A: 1.007, cycle_A: 0.082, D_B: 0.173, G_B: 0.937, cycle_B: 0.160, gp: 0.170

[Rank 0] (epoch: 37, iters: 7872, time: 0.001, data: 0.001) , D_A: 0.647, G_A: 0.990, cycle_A: 0.102, D_B: 0.297, G_B: 0.916, cycle_B: 0.153, gp: 0.288

[Rank 0] (epoch: 37, iters: 9472, time: 0.001, data: 0.001) , D_A: 0.413, G_A: 0.921, cycle_A: 0.087, D_B: 0.332, G_B: 0.994, cycle_B: 0.172, gp: 0.327

[Rank 0] (epoch: 37, iters: 11072, time: 0.001, data: 0.001) , D_A: 0.508, G_A: 0.980, cycle_A: 0.089, D_B: 0.214, G_B: 0.936, cycle_B: 0.151, gp: 0.211

[Rank 0] (epoch: 37, iters: 12672, time: 0.001, data: 0.001) , D_A: 0.552, G_A: 0.915, cycle_A: 0.085, D_B: 0.312, G_B: 1.088, cycle_B: 0.149, gp: 0.301

[Rank 0] (epoch: 37, iters: 14272, time: 0.001, data: 0.001) , D_A: 0.563, G_A: 0.992, cycle_A: 0.083, D_B: 0.367, G_B: 0.996, cycle_B: 0.155, gp: 0.362

[Rank 0] (epoch: 37, iters: 15872, time: 0.001, data: 0.001) , D_A: 0.496, G_A: 1.026, cycle_A: 0.082, D_B: 0.239, G_B: 0.982, cycle_B: 0.151, gp: 0.235

[Rank 0] (epoch: 37, iters: 17472, time: 0.001, data: 0.001) , D_A: 0.497, G_A: 0.975, cycle_A: 0.091, D_B: 0.413, G_B: 1.014, cycle_B: 0.153, gp: 0.406

[Rank 0] (epoch: 37, iters: 19072, time: 0.001, data: 0.001) , D_A: 0.552, G_A: 1.004, cycle_A: 0.089, D_B: 0.295, G_B: 0.997, cycle_B: 0.146, gp: 0.292

[Rank 0] (epoch: 37, iters: 20672, time: 0.001, data: 0.001) , D_A: 0.533, G_A: 0.978, cycle_A: 0.091, D_B: 0.438, G_B: 1.012, cycle_B: 0.152, gp: 0.433

[Rank 0] (epoch: 37, iters: 22272, time: 0.001, data: 0.001) , D_A: 0.459, G_A: 0.993, cycle_A: 0.085, D_B: 0.294, G_B: 1.088, cycle_B: 0.162, gp: 0.287

--- iter tau=0.1533 ---
  cipher in : ptwtd pn cn hg lptalpcn  pucpgufpw tfg npa no hpyurpktapcunz fpt
  decrypted :  ododa hayhaegaf otf yhaa by gbi daoigah tahkae dbu pot ybhvai o
  real plain:  accurate estimates of complex functioning while roleplaying for
  cipher in : npujyz apqhpteurfpaunitvpguw o npfg pmuhhqev pteh ak pucptpk af 
  decrypted : h bwdvat se ocbui tbheol gbdakah iga rbeescla oceatpa by o patia
  real plain: atesman his duty was to his sovereign and to his nation and an e
[Rank 0] (epoch: 37, iters: 23872, time: 0.001, data: 0.001) , D_A: 0.523, G_A: 0.983, cycle_A: 0.099, D_B: 0.360, G_B: 0.994, cycle_B: 0.146, gp: 0.356

saving the latest model (epoch 37, total_iters 1480000)
[Rank 0] (epoch: 37, iters: 25472, time: 0.001, data: 0.001) , D_A: 0.556, G_A: 0.970, cycle_A: 0.092, D_B: 0.418, G_B: 1.002, cycle_B: 0.152, gp: 0.413

[Rank 0] (epoch: 37, iters: 27072, time: 0.001, data: 0.001) , D_A: 0.532, G_A: 0.979, cycle_A: 0.085, D_B: 0.350, G_B: 1.010, cycle_B: 0.142, gp: 0.345

[Rank 0] (epoch: 37, iters: 28672, time: 0.001, data: 0.001) , D_A: 0.538, G_A: 1.028, cycle_A: 0.094, D_B: 0.428, G_B: 0.972, cycle_B: 0.155, gp: 0.424

[Rank 0] (epoch: 37, iters: 30272, time: 0.001, data: 0.001) , D_A: 0.548, G_A: 1.034, cycle_A: 0.091, D_B: 0.362, G_B: 0.950, cycle_B: 0.144, gp: 0.358

[Rank 0] (epoch: 37, iters: 31872, time: 0.001, data: 0.001) , D_A: 0.628, G_A: 0.880, cycle_A: 0.092, D_B: 0.138, G_B: 0.986, cycle_B: 0.151, gp: 0.135

[Rank 0] (epoch: 37, iters: 33472, time: 0.001, data: 0.001) , D_A: 0.524, G_A: 0.981, cycle_A: 0.087, D_B: 0.259, G_B: 1.004, cycle_B: 0.162, gp: 0.256

[Rank 0] (epoch: 37, iters: 35072, time: 0.001, data: 0.001) , D_A: 0.520, G_A: 1.008, cycle_A: 0.085, D_B: 0.174, G_B: 1.005, cycle_B: 0.151, gp: 0.172

[Rank 0] (epoch: 37, iters: 36672, time: 0.001, data: 0.001) , D_A: 0.578, G_A: 1.050, cycle_A: 0.090, D_B: 0.286, G_B: 0.959, cycle_B: 0.145, gp: 0.280

[Rank 0] (epoch: 37, iters: 38272, time: 0.001, data: 0.001) , D_A: 0.554, G_A: 0.975, cycle_A: 0.088, D_B: 0.236, G_B: 0.940, cycle_B: 0.150, gp: 0.233

[Rank 0] (epoch: 37, iters: 39872, time: 0.001, data: 0.001) , D_A: 0.478, G_A: 1.031, cycle_A: 0.095, D_B: 0.226, G_B: 0.987, cycle_B: 0.170, gp: 0.222

learning rate 0.0002000 -> 0.0002000
temperature tau = 0.1483
End of epoch 37 / 50 	 Time Taken: 31 sec
[Rank 0] (epoch: 38, iters: 1024, time: 0.001, data: 0.001) , D_A: 0.680, G_A: 0.998, cycle_A: 0.095, D_B: 0.228, G_B: 0.978, cycle_B: 0.147, gp: 0.223

[Rank 0] (epoch: 38, iters: 2624, time: 0.001, data: 0.000) , D_A: 0.513, G_A: 0.968, cycle_A: 0.123, D_B: 0.388, G_B: 1.086, cycle_B: 0.145, gp: 0.379

[Rank 0] (epoch: 38, iters: 4224, time: 0.001, data: 0.001) , D_A: 0.534, G_A: 1.044, cycle_A: 0.090, D_B: 0.308, G_B: 0.970, cycle_B: 0.156, gp: 0.304

[Rank 0] (epoch: 38, iters: 5824, time: 0.001, data: 0.001) , D_A: 0.650, G_A: 0.983, cycle_A: 0.091, D_B: 0.192, G_B: 0.997, cycle_B: 0.168, gp: 0.189

[Rank 0] (epoch: 38, iters: 7424, time: 0.001, data: 0.001) , D_A: 0.554, G_A: 1.017, cycle_A: 0.086, D_B: 0.272, G_B: 0.946, cycle_B: 0.148, gp: 0.267

[Rank 0] (epoch: 38, iters: 9024, time: 0.001, data: 0.001) , D_A: 0.552, G_A: 0.973, cycle_A: 0.090, D_B: 0.259, G_B: 0.968, cycle_B: 0.147, gp: 0.254

[Rank 0] (epoch: 38, iters: 10624, time: 0.001, data: 0.001) , D_A: 0.541, G_A: 1.025, cycle_A: 0.088, D_B: 0.173, G_B: 0.968, cycle_B: 0.153, gp: 0.170

[Rank 0] (epoch: 38, iters: 12224, time: 0.001, data: 0.001) , D_A: 0.583, G_A: 1.007, cycle_A: 0.087, D_B: 0.440, G_B: 0.877, cycle_B: 0.168, gp: 0.433

[Rank 0] (epoch: 38, iters: 13824, time: 0.001, data: 0.001) , D_A: 0.455, G_A: 0.981, cycle_A: 0.087, D_B: 0.231, G_B: 0.998, cycle_B: 0.164, gp: 0.227

[Rank 0] (epoch: 38, iters: 15424, time: 0.001, data: 0.001) , D_A: 0.483, G_A: 1.013, cycle_A: 0.079, D_B: 0.447, G_B: 0.920, cycle_B: 0.152, gp: 0.443

[Rank 0] (epoch: 38, iters: 17024, time: 0.001, data: 0.001) , D_A: 0.538, G_A: 0.919, cycle_A: 0.087, D_B: 0.394, G_B: 0.957, cycle_B: 0.161, gp: 0.390

[Rank 0] (epoch: 38, iters: 18624, time: 0.001, data: 0.001) , D_A: 0.510, G_A: 1.028, cycle_A: 0.087, D_B: 0.165, G_B: 0.971, cycle_B: 0.143, gp: 0.163

[Rank 0] (epoch: 38, iters: 20224, time: 0.001, data: 0.001) , D_A: 0.423, G_A: 0.930, cycle_A: 0.078, D_B: 0.419, G_B: 0.891, cycle_B: 0.159, gp: 0.411

[Rank 0] (epoch: 38, iters: 21824, time: 0.001, data: 0.001) , D_A: 0.422, G_A: 0.990, cycle_A: 0.096, D_B: 0.239, G_B: 0.960, cycle_B: 0.157, gp: 0.237

--- iter tau=0.1483 ---
  cipher in : pwqc pitypitd phrll apl italhpfgtfphg pe pkurnf lpcvtff n lpunpk
  decrypted :  dsya eod eoda euffat faeotfe igoi ega ca pbuhiaf yloiiahaf bh p
  real plain: ght outer numbers of the lo shu represented these two principles
  cipher in : guvi hpg pqhpaufptap kk afnqkperfpntfg nptapurfkthfpwqfgpn jphfu
  decrypted : gbleae ga se tbi ot appatihsp cui hoigah ot buipoei dsig haw eib
  real plain: e relieved by an arnica rub sore feet by calfsfoot an herb from 
[Rank 0] (epoch: 38, iters: 23424, time: 0.001, data: 0.001) , D_A: 0.593, G_A: 0.987, cycle_A: 0.093, D_B: 0.277, G_B: 1.038, cycle_B: 0.141, gp: 0.272

saving the latest model (epoch 38, total_iters 1520000)
[Rank 0] (epoch: 38, iters: 25024, time: 0.001, data: 0.001) , D_A: 0.524, G_A: 0.986, cycle_A: 0.084, D_B: 0.491, G_B: 0.978, cycle_B: 0.146, gp: 0.485

[Rank 0] (epoch: 38, iters: 26624, time: 0.001, data: 0.001) , D_A: 0.444, G_A: 0.926, cycle_A: 0.083, D_B: 0.381, G_B: 1.009, cycle_B: 0.150, gp: 0.377

[Rank 0] (epoch: 38, iters: 28224, time: 0.001, data: 0.001) , D_A: 0.556, G_A: 0.973, cycle_A: 0.090, D_B: 0.379, G_B: 0.888, cycle_B: 0.157, gp: 0.375

[Rank 0] (epoch: 38, iters: 29824, time: 0.001, data: 0.001) , D_A: 0.558, G_A: 0.969, cycle_A: 0.086, D_B: 0.494, G_B: 0.984, cycle_B: 0.153, gp: 0.490

[Rank 0] (epoch: 38, iters: 31424, time: 0.001, data: 0.001) , D_A: 0.482, G_A: 0.996, cycle_A: 0.088, D_B: 0.201, G_B: 1.010, cycle_B: 0.160, gp: 0.199

[Rank 0] (epoch: 38, iters: 33024, time: 0.001, data: 0.001) , D_A: 0.528, G_A: 0.960, cycle_A: 0.086, D_B: 0.227, G_B: 0.974, cycle_B: 0.138, gp: 0.222

[Rank 0] (epoch: 38, iters: 34624, time: 0.001, data: 0.001) , D_A: 0.562, G_A: 1.012, cycle_A: 0.087, D_B: 0.281, G_B: 0.962, cycle_B: 0.157, gp: 0.277

[Rank 0] (epoch: 38, iters: 36224, time: 0.001, data: 0.001) , D_A: 0.867, G_A: 0.492, cycle_A: 0.160, D_B: 0.363, G_B: 0.821, cycle_B: 0.251, gp: 0.358

[Rank 0] (epoch: 38, iters: 37824, time: 0.001, data: 0.001) , D_A: 0.779, G_A: 0.182, cycle_A: 0.153, D_B: 0.324, G_B: 0.940, cycle_B: 0.247, gp: 0.319

[Rank 0] (epoch: 38, iters: 39424, time: 0.001, data: 0.001) , D_A: 0.639, G_A: 0.446, cycle_A: 0.082, D_B: 0.380, G_B: 0.947, cycle_B: 0.219, gp: 0.375

learning rate 0.0002000 -> 0.0002000
temperature tau = 0.1435
End of epoch 38 / 50 	 Time Taken: 32 sec
[Rank 0] (epoch: 39, iters: 576, time: 0.001, data: 0.001) , D_A: 0.540, G_A: 0.553, cycle_A: 0.077, D_B: 0.503, G_B: 1.017, cycle_B: 0.218, gp: 0.490

[Rank 0] (epoch: 39, iters: 2176, time: 0.001, data: 0.000) , D_A: 0.640, G_A: 0.811, cycle_A: 0.079, D_B: 0.479, G_B: 0.936, cycle_B: 0.164, gp: 0.471

[Rank 0] (epoch: 39, iters: 3776, time: 0.001, data: 0.001) , D_A: 0.621, G_A: 0.493, cycle_A: 0.044, D_B: 0.290, G_B: 0.932, cycle_B: 0.183, gp: 0.284

[Rank 0] (epoch: 39, iters: 5376, time: 0.001, data: 0.001) , D_A: 0.620, G_A: 0.782, cycle_A: 0.048, D_B: 0.266, G_B: 0.907, cycle_B: 0.167, gp: 0.259

[Rank 0] (epoch: 39, iters: 6976, time: 0.001, data: 0.001) , D_A: 0.607, G_A: 0.936, cycle_A: 0.044, D_B: 0.320, G_B: 0.923, cycle_B: 0.190, gp: 0.315

[Rank 0] (epoch: 39, iters: 8576, time: 0.001, data: 0.001) , D_A: 0.673, G_A: 0.949, cycle_A: 0.048, D_B: 0.319, G_B: 0.977, cycle_B: 0.167, gp: 0.314

[Rank 0] (epoch: 39, iters: 10176, time: 0.001, data: 0.001) , D_A: 0.659, G_A: 0.947, cycle_A: 0.044, D_B: 0.158, G_B: 0.992, cycle_B: 0.168, gp: 0.154

[Rank 0] (epoch: 39, iters: 11776, time: 0.001, data: 0.001) , D_A: 0.512, G_A: 0.917, cycle_A: 0.043, D_B: 0.398, G_B: 0.887, cycle_B: 0.178, gp: 0.394

[Rank 0] (epoch: 39, iters: 13376, time: 0.001, data: 0.001) , D_A: 0.475, G_A: 0.902, cycle_A: 0.044, D_B: 0.303, G_B: 0.971, cycle_B: 0.186, gp: 0.296

[Rank 0] (epoch: 39, iters: 14976, time: 0.001, data: 0.001) , D_A: 0.691, G_A: 0.968, cycle_A: 0.049, D_B: 0.526, G_B: 0.989, cycle_B: 0.183, gp: 0.519

[Rank 0] (epoch: 39, iters: 16576, time: 0.001, data: 0.001) , D_A: 0.542, G_A: 1.029, cycle_A: 0.046, D_B: 0.289, G_B: 0.911, cycle_B: 0.172, gp: 0.279

[Rank 0] (epoch: 39, iters: 18176, time: 0.001, data: 0.001) , D_A: 0.516, G_A: 1.014, cycle_A: 0.050, D_B: 0.351, G_B: 0.857, cycle_B: 0.178, gp: 0.346

[Rank 0] (epoch: 39, iters: 19776, time: 0.001, data: 0.001) , D_A: 0.519, G_A: 0.948, cycle_A: 0.053, D_B: 0.390, G_B: 0.890, cycle_B: 0.189, gp: 0.383

[Rank 0] (epoch: 39, iters: 21376, time: 0.001, data: 0.001) , D_A: 0.446, G_A: 0.913, cycle_A: 0.049, D_B: 0.432, G_B: 0.883, cycle_B: 0.185, gp: 0.427

--- iter tau=0.1435 ---
  cipher in : yqazpqapgqipwthpfg pouqk pucpzrqvfpgqhpcurnpw  dhpqapqftvypgtlpf
  decrypted : dstv st msq doe ima kbspa by vusli mse ybuh daace st siold mof i
  real plain: orous measures it was as much as claire could do to restrain her
  cipher in : qoqkpum ntpgurh pw vvptvvq lptnfhpgthpeuud lpv atpguna pfg n pcu
  decrypted : sksp braho mbuea dall ollsaf ohie moe cbbcaf lato mbhta imaha yb
  real plain: r was in danger of becoming a secondrate military power i know i
[Rank 0] (epoch: 39, iters: 22976, time: 0.001, data: 0.001) , D_A: 0.517, G_A: 0.960, cycle_A: 0.051, D_B: 0.401, G_B: 0.878, cycle_B: 0.180, gp: 0.383

saving the latest model (epoch 39, total_iters 1560000)
[Rank 0] (epoch: 39, iters: 24576, time: 0.001, data: 0.001) , D_A: 0.514, G_A: 0.932, cycle_A: 0.053, D_B: 0.527, G_B: 0.930, cycle_B: 0.184, gp: 0.518

[Rank 0] (epoch: 39, iters: 26176, time: 0.001, data: 0.001) , D_A: 0.491, G_A: 0.879, cycle_A: 0.039, D_B: 0.304, G_B: 0.980, cycle_B: 0.149, gp: 0.300

[Rank 0] (epoch: 39, iters: 27776, time: 0.001, data: 0.001) , D_A: 0.700, G_A: 0.978, cycle_A: 0.045, D_B: 0.350, G_B: 1.008, cycle_B: 0.149, gp: 0.345

[Rank 0] (epoch: 39, iters: 29376, time: 0.001, data: 0.001) , D_A: 0.568, G_A: 0.906, cycle_A: 0.036, D_B: 0.223, G_B: 0.994, cycle_B: 0.156, gp: 0.219

[Rank 0] (epoch: 39, iters: 30976, time: 0.001, data: 0.001) , D_A: 0.522, G_A: 1.011, cycle_A: 0.030, D_B: 0.518, G_B: 0.826, cycle_B: 0.142, gp: 0.513

[Rank 0] (epoch: 39, iters: 32576, time: 0.001, data: 0.001) , D_A: 0.621, G_A: 0.821, cycle_A: 0.074, D_B: 0.345, G_B: 1.011, cycle_B: 0.161, gp: 0.335

[Rank 0] (epoch: 39, iters: 34176, time: 0.001, data: 0.001) , D_A: 0.600, G_A: 0.938, cycle_A: 0.066, D_B: 0.272, G_B: 0.923, cycle_B: 0.146, gp: 0.265

[Rank 0] (epoch: 39, iters: 35776, time: 0.001, data: 0.001) , D_A: 0.599, G_A: 1.005, cycle_A: 0.073, D_B: 0.354, G_B: 0.902, cycle_B: 0.162, gp: 0.339

[Rank 0] (epoch: 39, iters: 37376, time: 0.001, data: 0.001) , D_A: 0.626, G_A: 1.059, cycle_A: 0.064, D_B: 0.208, G_B: 0.956, cycle_B: 0.154, gp: 0.202

[Rank 0] (epoch: 39, iters: 38976, time: 0.001, data: 0.001) , D_A: 0.549, G_A: 0.978, cycle_A: 0.069, D_B: 0.238, G_B: 0.995, cycle_B: 0.152, gp: 0.232

learning rate 0.0002000 -> 0.0002000
temperature tau = 0.1389
End of epoch 39 / 50 	 Time Taken: 32 sec
[Rank 0] (epoch: 40, iters: 128, time: 0.001, data: 0.001) , D_A: 0.533, G_A: 0.824, cycle_A: 0.068, D_B: 0.277, G_B: 1.019, cycle_B: 0.158, gp: 0.272

[Rank 0] (epoch: 40, iters: 1728, time: 0.001, data: 0.002) , D_A: 0.571, G_A: 1.011, cycle_A: 0.064, D_B: 0.366, G_B: 0.954, cycle_B: 0.143, gp: 0.359

[Rank 0] (epoch: 40, iters: 3328, time: 0.001, data: 0.001) , D_A: 0.600, G_A: 0.939, cycle_A: 0.073, D_B: 0.475, G_B: 1.034, cycle_B: 0.159, gp: 0.462

[Rank 0] (epoch: 40, iters: 4928, time: 0.001, data: 0.001) , D_A: 0.735, G_A: 1.021, cycle_A: 0.064, D_B: 0.204, G_B: 1.047, cycle_B: 0.151, gp: 0.193

[Rank 0] (epoch: 40, iters: 6528, time: 0.001, data: 0.001) , D_A: 0.677, G_A: 0.908, cycle_A: 0.061, D_B: 0.228, G_B: 0.950, cycle_B: 0.160, gp: 0.222

[Rank 0] (epoch: 40, iters: 8128, time: 0.001, data: 0.001) , D_A: 0.624, G_A: 0.981, cycle_A: 0.070, D_B: 0.301, G_B: 0.956, cycle_B: 0.153, gp: 0.295

[Rank 0] (epoch: 40, iters: 9728, time: 0.001, data: 0.001) , D_A: 0.567, G_A: 0.939, cycle_A: 0.102, D_B: 0.407, G_B: 0.994, cycle_B: 0.175, gp: 0.397

[Rank 0] (epoch: 40, iters: 11328, time: 0.001, data: 0.001) , D_A: 0.583, G_A: 0.999, cycle_A: 0.060, D_B: 0.444, G_B: 0.920, cycle_B: 0.155, gp: 0.440

[Rank 0] (epoch: 40, iters: 12928, time: 0.001, data: 0.001) , D_A: 0.481, G_A: 0.822, cycle_A: 0.068, D_B: 0.247, G_B: 1.079, cycle_B: 0.160, gp: 0.232

[Rank 0] (epoch: 40, iters: 14528, time: 0.001, data: 0.001) , D_A: 0.571, G_A: 0.976, cycle_A: 0.062, D_B: 0.295, G_B: 1.033, cycle_B: 0.153, gp: 0.290

[Rank 0] (epoch: 40, iters: 16128, time: 0.001, data: 0.001) , D_A: 0.546, G_A: 0.922, cycle_A: 0.077, D_B: 0.273, G_B: 0.992, cycle_B: 0.149, gp: 0.264

[Rank 0] (epoch: 40, iters: 17728, time: 0.001, data: 0.001) , D_A: 0.628, G_A: 1.072, cycle_A: 0.066, D_B: 0.306, G_B: 0.896, cycle_B: 0.152, gp: 0.301

[Rank 0] (epoch: 40, iters: 19328, time: 0.001, data: 0.001) , D_A: 0.632, G_A: 1.018, cycle_A: 0.069, D_B: 0.235, G_B: 0.986, cycle_B: 0.142, gp: 0.229

[Rank 0] (epoch: 40, iters: 20928, time: 0.001, data: 0.001) , D_A: 0.664, G_A: 1.028, cycle_A: 0.065, D_B: 0.451, G_B: 1.021, cycle_B: 0.153, gp: 0.446

--- iter tau=0.1389 ---
  cipher in : yhpmvtk pqfpwthpgqhpuavyphtakfrtnypfg pc ak hpuapeufgphql hpucpf
  decrypted : de rlopa si doe gse btld eotpiuohd iga yatpae bt cbig esfae by i
  real plain:  dvorak canteloube copland and britten there was therefore more 
  cipher in : uafpe vuazpqaptphsrtn punpmtndpwgtfplu hpfg yptn pfg piuhfpe trf
  decrypted : bti calbtv st o emuoha bh rohc dgoi fbae igad oha iga rbei caoui
  real plain:  moon they had chosen this night purposely they reached the guar
[Rank 0] (epoch: 40, iters: 22528, time: 0.001, data: 0.001) , D_A: 0.546, G_A: 0.943, cycle_A: 0.073, D_B: 0.290, G_B: 0.948, cycle_B: 0.161, gp: 0.280

saving the latest model (epoch 40, total_iters 1600000)
[Rank 0] (epoch: 40, iters: 24128, time: 0.001, data: 0.001) , D_A: 0.753, G_A: 1.033, cycle_A: 0.060, D_B: 0.352, G_B: 0.956, cycle_B: 0.164, gp: 0.348

[Rank 0] (epoch: 40, iters: 25728, time: 0.001, data: 0.001) , D_A: 0.628, G_A: 0.901, cycle_A: 0.066, D_B: 0.407, G_B: 0.979, cycle_B: 0.156, gp: 0.400

[Rank 0] (epoch: 40, iters: 27328, time: 0.001, data: 0.001) , D_A: 0.686, G_A: 0.804, cycle_A: 0.068, D_B: 0.287, G_B: 0.968, cycle_B: 0.162, gp: 0.281

[Rank 0] (epoch: 40, iters: 28928, time: 0.001, data: 0.001) , D_A: 0.558, G_A: 0.947, cycle_A: 0.066, D_B: 0.343, G_B: 0.972, cycle_B: 0.153, gp: 0.330

[Rank 0] (epoch: 40, iters: 30528, time: 0.001, data: 0.001) , D_A: 0.720, G_A: 1.026, cycle_A: 0.066, D_B: 0.353, G_B: 0.991, cycle_B: 0.144, gp: 0.347

[Rank 0] (epoch: 40, iters: 32128, time: 0.001, data: 0.001) , D_A: 0.546, G_A: 0.848, cycle_A: 0.063, D_B: 0.249, G_B: 0.955, cycle_B: 0.151, gp: 0.245

[Rank 0] (epoch: 40, iters: 33728, time: 0.001, data: 0.001) , D_A: 0.527, G_A: 0.902, cycle_A: 0.067, D_B: 0.206, G_B: 0.952, cycle_B: 0.161, gp: 0.202

[Rank 0] (epoch: 40, iters: 35328, time: 0.001, data: 0.001) , D_A: 0.526, G_A: 0.948, cycle_A: 0.070, D_B: 0.155, G_B: 0.984, cycle_B: 0.150, gp: 0.152

[Rank 0] (epoch: 40, iters: 36928, time: 0.001, data: 0.001) , D_A: 0.662, G_A: 1.003, cycle_A: 0.060, D_B: 0.197, G_B: 1.004, cycle_B: 0.155, gp: 0.192

[Rank 0] (epoch: 40, iters: 38528, time: 0.001, data: 0.001) , D_A: 0.602, G_A: 1.085, cycle_A: 0.064, D_B: 0.200, G_B: 0.980, cycle_B: 0.145, gp: 0.194

[Rank 0] (epoch: 40, iters: 40128, time: 0.001, data: 0.001) , D_A: 0.536, G_A: 0.970, cycle_A: 0.063, D_B: 0.199, G_B: 0.944, cycle_B: 0.155, gp: 0.193

learning rate 0.0002000 -> 0.0001818
temperature tau = 0.1344
End of epoch 40 / 50 	 Time Taken: 32 sec
[Rank 0] (epoch: 41, iters: 1280, time: 0.001, data: 0.001) , D_A: 0.619, G_A: 0.864, cycle_A: 0.067, D_B: 0.386, G_B: 0.954, cycle_B: 0.160, gp: 0.378

[Rank 0] (epoch: 41, iters: 2880, time: 0.001, data: 0.001) , D_A: 0.606, G_A: 0.881, cycle_A: 0.063, D_B: 0.332, G_B: 0.911, cycle_B: 0.146, gp: 0.323

[Rank 0] (epoch: 41, iters: 4480, time: 0.001, data: 0.001) , D_A: 0.530, G_A: 0.969, cycle_A: 0.068, D_B: 0.302, G_B: 0.943, cycle_B: 0.156, gp: 0.294

[Rank 0] (epoch: 41, iters: 6080, time: 0.001, data: 0.001) , D_A: 0.555, G_A: 0.965, cycle_A: 0.065, D_B: 0.190, G_B: 1.004, cycle_B: 0.164, gp: 0.187

[Rank 0] (epoch: 41, iters: 7680, time: 0.001, data: 0.001) , D_A: 0.679, G_A: 0.958, cycle_A: 0.070, D_B: 0.290, G_B: 0.938, cycle_B: 0.148, gp: 0.285

[Rank 0] (epoch: 41, iters: 9280, time: 0.001, data: 0.001) , D_A: 0.604, G_A: 0.933, cycle_A: 0.075, D_B: 0.253, G_B: 1.016, cycle_B: 0.176, gp: 0.246

[Rank 0] (epoch: 41, iters: 10880, time: 0.001, data: 0.001) , D_A: 0.675, G_A: 0.859, cycle_A: 0.068, D_B: 0.212, G_B: 1.024, cycle_B: 0.151, gp: 0.209

[Rank 0] (epoch: 41, iters: 12480, time: 0.001, data: 0.001) , D_A: 0.662, G_A: 0.843, cycle_A: 0.068, D_B: 0.301, G_B: 0.978, cycle_B: 0.150, gp: 0.296

[Rank 0] (epoch: 41, iters: 14080, time: 0.001, data: 0.001) , D_A: 0.576, G_A: 0.914, cycle_A: 0.063, D_B: 0.305, G_B: 0.951, cycle_B: 0.157, gp: 0.302

[Rank 0] (epoch: 41, iters: 15680, time: 0.001, data: 0.001) , D_A: 0.651, G_A: 1.030, cycle_A: 0.070, D_B: 0.357, G_B: 0.953, cycle_B: 0.150, gp: 0.351

[Rank 0] (epoch: 41, iters: 17280, time: 0.001, data: 0.001) , D_A: 0.643, G_A: 1.009, cycle_A: 0.070, D_B: 0.229, G_B: 0.840, cycle_B: 0.158, gp: 0.224

[Rank 0] (epoch: 41, iters: 18880, time: 0.001, data: 0.001) , D_A: 0.676, G_A: 1.006, cycle_A: 0.068, D_B: 0.201, G_B: 0.975, cycle_B: 0.143, gp: 0.192

[Rank 0] (epoch: 41, iters: 20480, time: 0.001, data: 0.002) , D_A: 0.672, G_A: 0.934, cycle_A: 0.072, D_B: 0.369, G_B: 0.964, cycle_B: 0.156, gp: 0.365

--- iter tau=0.1344 ---
  cipher in : n pv cfpcunpurnpk afrnypfupcqaqhgpkuhftzzqaqphtqlpqfpwthpenriqlq
  decrypted : ha layi ybh buh patiuhd ib ystseg pbeiovvsts eosf si doe chursfs
  real plain:  dvorak canteloube copland and britten there was therefore more 
  cipher in : upi pe kd ffhpwnqfqazpgtlph  i lpm ni tf lpwqfgpvuo pcunpgritape
  decrypted : b ra capcaiie dhsistv gof eaaraf rahraoiaf dsig lbka ybh gurot c
  real plain:  moon they had chosen this night purposely they reached the guar
[Rank 0] (epoch: 41, iters: 22080, time: 0.001, data: 0.001) , D_A: 0.609, G_A: 0.982, cycle_A: 0.065, D_B: 0.253, G_B: 1.017, cycle_B: 0.161, gp: 0.248

saving the latest model (epoch 41, total_iters 1640000)
[Rank 0] (epoch: 41, iters: 23680, time: 0.001, data: 0.001) , D_A: 0.566, G_A: 0.901, cycle_A: 0.064, D_B: 0.332, G_B: 1.032, cycle_B: 0.148, gp: 0.325

[Rank 0] (epoch: 41, iters: 25280, time: 0.001, data: 0.001) , D_A: 0.659, G_A: 0.949, cycle_A: 0.061, D_B: 0.287, G_B: 0.924, cycle_B: 0.155, gp: 0.279

[Rank 0] (epoch: 41, iters: 26880, time: 0.001, data: 0.001) , D_A: 0.612, G_A: 0.939, cycle_A: 0.076, D_B: 0.272, G_B: 1.012, cycle_B: 0.142, gp: 0.265

[Rank 0] (epoch: 41, iters: 28480, time: 0.001, data: 0.001) , D_A: 0.653, G_A: 0.921, cycle_A: 0.062, D_B: 0.349, G_B: 0.888, cycle_B: 0.156, gp: 0.344

[Rank 0] (epoch: 41, iters: 30080, time: 0.001, data: 0.001) , D_A: 0.576, G_A: 0.982, cycle_A: 0.064, D_B: 0.335, G_B: 0.949, cycle_B: 0.154, gp: 0.329

[Rank 0] (epoch: 41, iters: 31680, time: 0.001, data: 0.001) , D_A: 0.535, G_A: 0.872, cycle_A: 0.064, D_B: 0.281, G_B: 0.963, cycle_B: 0.158, gp: 0.277

[Rank 0] (epoch: 41, iters: 33280, time: 0.001, data: 0.001) , D_A: 0.683, G_A: 0.967, cycle_A: 0.057, D_B: 0.220, G_B: 0.995, cycle_B: 0.139, gp: 0.216

[Rank 0] (epoch: 41, iters: 34880, time: 0.001, data: 0.001) , D_A: 0.586, G_A: 0.991, cycle_A: 0.062, D_B: 0.229, G_B: 0.998, cycle_B: 0.150, gp: 0.224

[Rank 0] (epoch: 41, iters: 36480, time: 0.001, data: 0.001) , D_A: 0.662, G_A: 1.037, cycle_A: 0.070, D_B: 0.267, G_B: 0.994, cycle_B: 0.146, gp: 0.263

[Rank 0] (epoch: 41, iters: 38080, time: 0.001, data: 0.001) , D_A: 0.713, G_A: 0.819, cycle_A: 0.074, D_B: 0.214, G_B: 0.980, cycle_B: 0.152, gp: 0.209

[Rank 0] (epoch: 41, iters: 39680, time: 0.001, data: 0.001) , D_A: 0.544, G_A: 0.998, cycle_A: 0.064, D_B: 0.235, G_B: 0.966, cycle_B: 0.171, gp: 0.229

learning rate 0.0001818 -> 0.0001636
temperature tau = 0.1301
End of epoch 41 / 50 	 Time Taken: 32 sec
[Rank 0] (epoch: 42, iters: 832, time: 0.001, data: 0.001) , D_A: 0.658, G_A: 0.890, cycle_A: 0.071, D_B: 0.227, G_B: 0.920, cycle_B: 0.146, gp: 0.221

[Rank 0] (epoch: 42, iters: 2432, time: 0.001, data: 0.000) , D_A: 0.525, G_A: 0.848, cycle_A: 0.063, D_B: 0.289, G_B: 1.010, cycle_B: 0.135, gp: 0.286

[Rank 0] (epoch: 42, iters: 4032, time: 0.001, data: 0.001) , D_A: 0.614, G_A: 0.947, cycle_A: 0.068, D_B: 0.233, G_B: 0.923, cycle_B: 0.161, gp: 0.228

[Rank 0] (epoch: 42, iters: 5632, time: 0.001, data: 0.001) , D_A: 0.736, G_A: 1.030, cycle_A: 0.061, D_B: 0.215, G_B: 0.986, cycle_B: 0.143, gp: 0.211

[Rank 0] (epoch: 42, iters: 7232, time: 0.001, data: 0.001) , D_A: 0.601, G_A: 0.941, cycle_A: 0.071, D_B: 0.174, G_B: 0.966, cycle_B: 0.151, gp: 0.169

[Rank 0] (epoch: 42, iters: 8832, time: 0.001, data: 0.001) , D_A: 0.628, G_A: 1.001, cycle_A: 0.064, D_B: 0.198, G_B: 0.899, cycle_B: 0.146, gp: 0.193

[Rank 0] (epoch: 42, iters: 10432, time: 0.001, data: 0.001) , D_A: 0.668, G_A: 0.669, cycle_A: 0.075, D_B: 0.209, G_B: 1.020, cycle_B: 0.154, gp: 0.203

[Rank 0] (epoch: 42, iters: 12032, time: 0.001, data: 0.001) , D_A: 0.651, G_A: 0.974, cycle_A: 0.076, D_B: 0.351, G_B: 0.980, cycle_B: 0.169, gp: 0.344

[Rank 0] (epoch: 42, iters: 13632, time: 0.001, data: 0.001) , D_A: 0.619, G_A: 0.914, cycle_A: 0.061, D_B: 0.277, G_B: 0.973, cycle_B: 0.163, gp: 0.273

[Rank 0] (epoch: 42, iters: 15232, time: 0.001, data: 0.001) , D_A: 0.595, G_A: 0.938, cycle_A: 0.066, D_B: 0.347, G_B: 0.932, cycle_B: 0.156, gp: 0.342

[Rank 0] (epoch: 42, iters: 16832, time: 0.001, data: 0.001) , D_A: 0.544, G_A: 0.954, cycle_A: 0.061, D_B: 0.211, G_B: 0.988, cycle_B: 0.144, gp: 0.207

[Rank 0] (epoch: 42, iters: 18432, time: 0.001, data: 0.001) , D_A: 0.640, G_A: 0.958, cycle_A: 0.063, D_B: 0.228, G_B: 0.952, cycle_B: 0.150, gp: 0.224

[Rank 0] (epoch: 42, iters: 20032, time: 0.001, data: 0.001) , D_A: 0.650, G_A: 0.955, cycle_A: 0.068, D_B: 0.402, G_B: 0.971, cycle_B: 0.157, gp: 0.396

--- iter tau=0.1301 ---
  cipher in : pfg phti pztvvtafnypucpxrlzi afpcunpfgqhpvtf hfptllqfquapfupfg p
  decrypted :  iga eora vollotihd by mufvrati ybh igse loiaei offsisbt ib iga 
  real plain: steeple stood guard with its peaked lance stevie was constantly 
  cipher in : g pum a lpfg pkvuh fptalpcnuipqfhphg vo hpkuahfnrkf lptpgqzgeutn
  decrypted : ga brataf iga plbeai otf yhbr sie egalkae pbteihupiaf o gsvgcboh
  real plain: e angle to form an undercut making base smaller than the pattern
[Rank 0] (epoch: 42, iters: 21632, time: 0.001, data: 0.001) , D_A: 0.676, G_A: 0.994, cycle_A: 0.069, D_B: 0.274, G_B: 0.733, cycle_B: 0.158, gp: 0.269

saving the latest model (epoch 42, total_iters 1680000)
[Rank 0] (epoch: 42, iters: 23232, time: 0.001, data: 0.001) , D_A: 0.662, G_A: 0.927, cycle_A: 0.059, D_B: 0.353, G_B: 0.991, cycle_B: 0.142, gp: 0.348

[Rank 0] (epoch: 42, iters: 24832, time: 0.001, data: 0.001) , D_A: 0.630, G_A: 0.927, cycle_A: 0.058, D_B: 0.419, G_B: 0.970, cycle_B: 0.147, gp: 0.412

[Rank 0] (epoch: 42, iters: 26432, time: 0.001, data: 0.001) , D_A: 0.662, G_A: 0.857, cycle_A: 0.063, D_B: 0.227, G_B: 0.972, cycle_B: 0.151, gp: 0.219

[Rank 0] (epoch: 42, iters: 28032, time: 0.001, data: 0.001) , D_A: 0.701, G_A: 1.000, cycle_A: 0.058, D_B: 0.203, G_B: 0.986, cycle_B: 0.149, gp: 0.197

[Rank 0] (epoch: 42, iters: 29632, time: 0.001, data: 0.001) , D_A: 0.580, G_A: 0.850, cycle_A: 0.061, D_B: 0.203, G_B: 0.931, cycle_B: 0.157, gp: 0.198

[Rank 0] (epoch: 42, iters: 31232, time: 0.001, data: 0.001) , D_A: 0.677, G_A: 0.947, cycle_A: 0.063, D_B: 0.232, G_B: 0.979, cycle_B: 0.143, gp: 0.225

[Rank 0] (epoch: 42, iters: 32832, time: 0.001, data: 0.001) , D_A: 0.539, G_A: 0.873, cycle_A: 0.064, D_B: 0.217, G_B: 0.974, cycle_B: 0.139, gp: 0.212

[Rank 0] (epoch: 42, iters: 34432, time: 0.001, data: 0.001) , D_A: 0.576, G_A: 0.981, cycle_A: 0.067, D_B: 0.189, G_B: 0.938, cycle_B: 0.156, gp: 0.184

[Rank 0] (epoch: 42, iters: 36032, time: 0.001, data: 0.001) , D_A: 0.658, G_A: 1.018, cycle_A: 0.069, D_B: 0.254, G_B: 0.936, cycle_B: 0.149, gp: 0.250

[Rank 0] (epoch: 42, iters: 37632, time: 0.001, data: 0.001) , D_A: 0.690, G_A: 0.871, cycle_A: 0.067, D_B: 0.188, G_B: 0.976, cycle_B: 0.153, gp: 0.182

[Rank 0] (epoch: 42, iters: 39232, time: 0.001, data: 0.001) , D_A: 0.590, G_A: 1.015, cycle_A: 0.068, D_B: 0.243, G_B: 0.966, cycle_B: 0.149, gp: 0.237

learning rate 0.0001636 -> 0.0001455
temperature tau = 0.1258
End of epoch 42 / 50 	 Time Taken: 31 sec
[Rank 0] (epoch: 43, iters: 384, time: 0.001, data: 0.001) , D_A: 0.532, G_A: 0.997, cycle_A: 0.063, D_B: 0.285, G_B: 0.972, cycle_B: 0.154, gp: 0.280

[Rank 0] (epoch: 43, iters: 1984, time: 0.001, data: 0.003) , D_A: 0.623, G_A: 0.943, cycle_A: 0.069, D_B: 0.265, G_B: 1.017, cycle_B: 0.145, gp: 0.258

[Rank 0] (epoch: 43, iters: 3584, time: 0.001, data: 0.001) , D_A: 0.666, G_A: 0.994, cycle_A: 0.071, D_B: 0.304, G_B: 0.929, cycle_B: 0.159, gp: 0.297

[Rank 0] (epoch: 43, iters: 5184, time: 0.001, data: 0.001) , D_A: 0.655, G_A: 0.945, cycle_A: 0.063, D_B: 0.169, G_B: 0.928, cycle_B: 0.144, gp: 0.165

[Rank 0] (epoch: 43, iters: 6784, time: 0.001, data: 0.001) , D_A: 0.611, G_A: 1.002, cycle_A: 0.063, D_B: 0.211, G_B: 1.008, cycle_B: 0.168, gp: 0.208

[Rank 0] (epoch: 43, iters: 8384, time: 0.001, data: 0.001) , D_A: 0.656, G_A: 0.932, cycle_A: 0.058, D_B: 0.331, G_B: 0.934, cycle_B: 0.143, gp: 0.328

[Rank 0] (epoch: 43, iters: 9984, time: 0.001, data: 0.001) , D_A: 0.602, G_A: 0.960, cycle_A: 0.058, D_B: 0.351, G_B: 0.924, cycle_B: 0.145, gp: 0.345

[Rank 0] (epoch: 43, iters: 11584, time: 0.001, data: 0.001) , D_A: 0.703, G_A: 0.958, cycle_A: 0.062, D_B: 0.322, G_B: 0.966, cycle_B: 0.152, gp: 0.317

[Rank 0] (epoch: 43, iters: 13184, time: 0.001, data: 0.001) , D_A: 0.639, G_A: 0.987, cycle_A: 0.070, D_B: 0.111, G_B: 0.944, cycle_B: 0.160, gp: 0.108

[Rank 0] (epoch: 43, iters: 14784, time: 0.001, data: 0.001) , D_A: 0.596, G_A: 0.977, cycle_A: 0.067, D_B: 0.362, G_B: 1.003, cycle_B: 0.152, gp: 0.358

[Rank 0] (epoch: 43, iters: 16384, time: 0.001, data: 0.001) , D_A: 0.580, G_A: 1.015, cycle_A: 0.067, D_B: 0.206, G_B: 0.999, cycle_B: 0.144, gp: 0.200

[Rank 0] (epoch: 43, iters: 17984, time: 0.001, data: 0.001) , D_A: 0.572, G_A: 1.034, cycle_A: 0.067, D_B: 0.204, G_B: 1.004, cycle_B: 0.152, gp: 0.201

[Rank 0] (epoch: 43, iters: 19584, time: 0.001, data: 0.001) , D_A: 0.636, G_A: 0.926, cycle_A: 0.066, D_B: 0.306, G_B: 0.971, cycle_B: 0.169, gp: 0.302

--- iter tau=0.1258 ---
  cipher in : piuhfpqnn v otafptalpqvvuzqktvpkuimtnqhuahptpkgtak pn itndpteurf
  decrypted :  rbei shhalakoti otf sllbvspol pbrrohsebte o pgotpa harohc ocbui
  real plain: s years concerts demonstrating the primitive african rhythmic ba
  cipher in : qahftafpn ftvqtfquapwqvvpl cypfg pmtnfyperfpfg plqhmuhqfquapfupn
  decrypted : steioti haiolsoisbt dsll fayd iga rohid cui iga fserbesisbt ib h
  real plain:  also stone deaf in her right ear she calmly repeated what moore
[Rank 0] (epoch: 43, iters: 21184, time: 0.001, data: 0.001) , D_A: 0.613, G_A: 0.933, cycle_A: 0.064, D_B: 0.387, G_B: 0.965, cycle_B: 0.164, gp: 0.384

saving the latest model (epoch 43, total_iters 1720000)
[Rank 0] (epoch: 43, iters: 22784, time: 0.001, data: 0.001) , D_A: 0.696, G_A: 0.975, cycle_A: 0.070, D_B: 0.367, G_B: 0.988, cycle_B: 0.156, gp: 0.363

[Rank 0] (epoch: 43, iters: 24384, time: 0.001, data: 0.001) , D_A: 0.487, G_A: 0.975, cycle_A: 0.065, D_B: 0.276, G_B: 0.987, cycle_B: 0.162, gp: 0.269

[Rank 0] (epoch: 43, iters: 25984, time: 0.001, data: 0.001) , D_A: 0.533, G_A: 0.969, cycle_A: 0.063, D_B: 0.284, G_B: 0.975, cycle_B: 0.155, gp: 0.277

[Rank 0] (epoch: 43, iters: 27584, time: 0.001, data: 0.001) , D_A: 0.655, G_A: 0.927, cycle_A: 0.068, D_B: 0.196, G_B: 0.979, cycle_B: 0.161, gp: 0.193

[Rank 0] (epoch: 43, iters: 29184, time: 0.001, data: 0.001) , D_A: 0.536, G_A: 1.014, cycle_A: 0.064, D_B: 0.271, G_B: 1.013, cycle_B: 0.154, gp: 0.267

[Rank 0] (epoch: 43, iters: 30784, time: 0.001, data: 0.001) , D_A: 0.589, G_A: 0.911, cycle_A: 0.066, D_B: 0.341, G_B: 0.969, cycle_B: 0.145, gp: 0.336

[Rank 0] (epoch: 43, iters: 32384, time: 0.001, data: 0.001) , D_A: 0.546, G_A: 0.969, cycle_A: 0.058, D_B: 0.243, G_B: 1.014, cycle_B: 0.158, gp: 0.239

[Rank 0] (epoch: 43, iters: 33984, time: 0.001, data: 0.001) , D_A: 0.671, G_A: 0.945, cycle_A: 0.069, D_B: 0.207, G_B: 0.990, cycle_B: 0.144, gp: 0.203

[Rank 0] (epoch: 43, iters: 35584, time: 0.001, data: 0.001) , D_A: 0.648, G_A: 1.041, cycle_A: 0.067, D_B: 0.361, G_B: 1.012, cycle_B: 0.175, gp: 0.356

[Rank 0] (epoch: 43, iters: 37184, time: 0.001, data: 0.001) , D_A: 0.601, G_A: 0.926, cycle_A: 0.064, D_B: 0.200, G_B: 0.890, cycle_B: 0.154, gp: 0.196

[Rank 0] (epoch: 43, iters: 38784, time: 0.001, data: 0.001) , D_A: 0.602, G_A: 0.942, cycle_A: 0.069, D_B: 0.127, G_B: 1.020, cycle_B: 0.145, gp: 0.124

[Rank 0] (epoch: 43, iters: 40384, time: 0.001, data: 0.001) , D_A: 0.585, G_A: 0.890, cycle_A: 0.066, D_B: 0.200, G_B: 1.007, cycle_B: 0.155, gp: 0.197

learning rate 0.0001455 -> 0.0001273
temperature tau = 0.1218
End of epoch 43 / 50 	 Time Taken: 32 sec
[Rank 0] (epoch: 44, iters: 1536, time: 0.001, data: 0.001) , D_A: 0.594, G_A: 0.937, cycle_A: 0.068, D_B: 0.296, G_B: 0.957, cycle_B: 0.159, gp: 0.291

[Rank 0] (epoch: 44, iters: 3136, time: 0.001, data: 0.001) , D_A: 0.621, G_A: 0.987, cycle_A: 0.064, D_B: 0.360, G_B: 0.943, cycle_B: 0.161, gp: 0.356

[Rank 0] (epoch: 44, iters: 4736, time: 0.001, data: 0.001) , D_A: 0.582, G_A: 0.906, cycle_A: 0.055, D_B: 0.277, G_B: 0.984, cycle_B: 0.151, gp: 0.272

[Rank 0] (epoch: 44, iters: 6336, time: 0.001, data: 0.001) , D_A: 0.564, G_A: 0.942, cycle_A: 0.066, D_B: 0.210, G_B: 0.959, cycle_B: 0.161, gp: 0.206

[Rank 0] (epoch: 44, iters: 7936, time: 0.001, data: 0.001) , D_A: 0.589, G_A: 0.957, cycle_A: 0.071, D_B: 0.276, G_B: 0.920, cycle_B: 0.152, gp: 0.271

[Rank 0] (epoch: 44, iters: 9536, time: 0.001, data: 0.001) , D_A: 0.556, G_A: 0.970, cycle_A: 0.072, D_B: 0.221, G_B: 0.977, cycle_B: 0.170, gp: 0.218

[Rank 0] (epoch: 44, iters: 11136, time: 0.001, data: 0.001) , D_A: 0.632, G_A: 0.848, cycle_A: 0.061, D_B: 0.200, G_B: 0.984, cycle_B: 0.151, gp: 0.197

[Rank 0] (epoch: 44, iters: 12736, time: 0.001, data: 0.001) , D_A: 0.596, G_A: 0.914, cycle_A: 0.066, D_B: 0.302, G_B: 0.870, cycle_B: 0.150, gp: 0.297

[Rank 0] (epoch: 44, iters: 14336, time: 0.001, data: 0.001) , D_A: 0.701, G_A: 0.966, cycle_A: 0.074, D_B: 0.390, G_B: 0.957, cycle_B: 0.156, gp: 0.387

[Rank 0] (epoch: 44, iters: 15936, time: 0.001, data: 0.001) , D_A: 0.736, G_A: 0.942, cycle_A: 0.072, D_B: 0.301, G_B: 1.018, cycle_B: 0.146, gp: 0.292

[Rank 0] (epoch: 44, iters: 17536, time: 0.001, data: 0.001) , D_A: 0.667, G_A: 1.014, cycle_A: 0.065, D_B: 0.325, G_B: 0.971, cycle_B: 0.151, gp: 0.320

[Rank 0] (epoch: 44, iters: 19136, time: 0.001, data: 0.001) , D_A: 0.663, G_A: 0.958, cycle_A: 0.067, D_B: 0.253, G_B: 1.000, cycle_B: 0.148, gp: 0.249

--- iter tau=0.1218 ---
  cipher in : alpwthpfg pvuzqktvpitapcunpfg pxueperfpe ktrh pfg pzuo naunpwthp
  decrypted : tf doe iga lbvspol rot ybh iga mbc cui capouea iga vbkahtbh doe 
  real plain: tain for small display or a general is restrained by monitoring 
  cipher in : lupw purnh vo hpucc npinpvuwpv hhpucptpknrhtl pqapfg pfgqnfq hpw
  decrypted : fb da buhealkae byyah rh lbd laee by o phueofa st iga igshisae d
  real plain: ouldbe monopoly since the alam holdings embraced only about twen
[Rank 0] (epoch: 44, iters: 20736, time: 0.001, data: 0.001) , D_A: 0.640, G_A: 0.964, cycle_A: 0.071, D_B: 0.352, G_B: 0.892, cycle_B: 0.151, gp: 0.347

saving the latest model (epoch 44, total_iters 1760000)
[Rank 0] (epoch: 44, iters: 22336, time: 0.001, data: 0.001) , D_A: 0.567, G_A: 0.955, cycle_A: 0.061, D_B: 0.369, G_B: 0.964, cycle_B: 0.165, gp: 0.364

[Rank 0] (epoch: 44, iters: 23936, time: 0.001, data: 0.001) , D_A: 0.624, G_A: 0.967, cycle_A: 0.065, D_B: 0.326, G_B: 0.953, cycle_B: 0.148, gp: 0.323

[Rank 0] (epoch: 44, iters: 25536, time: 0.001, data: 0.001) , D_A: 0.574, G_A: 0.950, cycle_A: 0.065, D_B: 0.434, G_B: 0.916, cycle_B: 0.155, gp: 0.426

[Rank 0] (epoch: 44, iters: 27136, time: 0.001, data: 0.001) , D_A: 0.676, G_A: 0.981, cycle_A: 0.061, D_B: 0.309, G_B: 0.965, cycle_B: 0.142, gp: 0.305

[Rank 0] (epoch: 44, iters: 28736, time: 0.001, data: 0.001) , D_A: 0.721, G_A: 0.904, cycle_A: 0.060, D_B: 0.304, G_B: 0.955, cycle_B: 0.155, gp: 0.300

[Rank 0] (epoch: 44, iters: 30336, time: 0.001, data: 0.001) , D_A: 0.562, G_A: 0.937, cycle_A: 0.062, D_B: 0.396, G_B: 0.957, cycle_B: 0.144, gp: 0.392

[Rank 0] (epoch: 44, iters: 31936, time: 0.001, data: 0.001) , D_A: 0.529, G_A: 0.971, cycle_A: 0.059, D_B: 0.228, G_B: 1.000, cycle_B: 0.151, gp: 0.225

[Rank 0] (epoch: 44, iters: 33536, time: 0.001, data: 0.001) , D_A: 0.612, G_A: 0.957, cycle_A: 0.069, D_B: 0.242, G_B: 0.967, cycle_B: 0.162, gp: 0.237

[Rank 0] (epoch: 44, iters: 35136, time: 0.001, data: 0.001) , D_A: 0.607, G_A: 0.981, cycle_A: 0.063, D_B: 0.145, G_B: 0.940, cycle_B: 0.151, gp: 0.141

[Rank 0] (epoch: 44, iters: 36736, time: 0.001, data: 0.001) , D_A: 0.642, G_A: 0.978, cycle_A: 0.066, D_B: 0.132, G_B: 0.988, cycle_B: 0.146, gp: 0.129

[Rank 0] (epoch: 44, iters: 38336, time: 0.001, data: 0.001) , D_A: 0.707, G_A: 0.959, cycle_A: 0.061, D_B: 0.239, G_B: 0.952, cycle_B: 0.150, gp: 0.237

[Rank 0] (epoch: 44, iters: 39936, time: 0.001, data: 0.001) , D_A: 0.631, G_A: 0.988, cycle_A: 0.066, D_B: 0.276, G_B: 0.987, cycle_B: 0.169, gp: 0.272

learning rate 0.0001273 -> 0.0001091
temperature tau = 0.1178
End of epoch 44 / 50 	 Time Taken: 32 sec
[Rank 0] (epoch: 45, iters: 1088, time: 0.001, data: 0.000) , D_A: 0.607, G_A: 0.913, cycle_A: 0.067, D_B: 0.203, G_B: 0.967, cycle_B: 0.162, gp: 0.199

[Rank 0] (epoch: 45, iters: 2688, time: 0.001, data: 0.001) , D_A: 0.628, G_A: 0.972, cycle_A: 0.065, D_B: 0.366, G_B: 0.997, cycle_B: 0.147, gp: 0.361

[Rank 0] (epoch: 45, iters: 4288, time: 0.001, data: 0.001) , D_A: 0.676, G_A: 0.944, cycle_A: 0.059, D_B: 0.279, G_B: 0.944, cycle_B: 0.156, gp: 0.275

[Rank 0] (epoch: 45, iters: 5888, time: 0.001, data: 0.001) , D_A: 0.587, G_A: 0.935, cycle_A: 0.066, D_B: 0.210, G_B: 0.931, cycle_B: 0.166, gp: 0.204

[Rank 0] (epoch: 45, iters: 7488, time: 0.001, data: 0.003) , D_A: 0.807, G_A: 0.990, cycle_A: 0.070, D_B: 0.216, G_B: 0.947, cycle_B: 0.148, gp: 0.212

[Rank 0] (epoch: 45, iters: 9088, time: 0.001, data: 0.001) , D_A: 0.687, G_A: 0.944, cycle_A: 0.061, D_B: 0.225, G_B: 0.976, cycle_B: 0.148, gp: 0.221

[Rank 0] (epoch: 45, iters: 10688, time: 0.001, data: 0.001) , D_A: 0.589, G_A: 0.964, cycle_A: 0.064, D_B: 0.138, G_B: 0.975, cycle_B: 0.153, gp: 0.134

[Rank 0] (epoch: 45, iters: 12288, time: 0.001, data: 0.001) , D_A: 0.519, G_A: 0.972, cycle_A: 0.065, D_B: 0.329, G_B: 1.010, cycle_B: 0.169, gp: 0.326

[Rank 0] (epoch: 45, iters: 13888, time: 0.001, data: 0.001) , D_A: 0.586, G_A: 0.983, cycle_A: 0.063, D_B: 0.254, G_B: 0.971, cycle_B: 0.155, gp: 0.252

[Rank 0] (epoch: 45, iters: 15488, time: 0.001, data: 0.001) , D_A: 0.665, G_A: 0.946, cycle_A: 0.072, D_B: 0.279, G_B: 0.959, cycle_B: 0.153, gp: 0.275

[Rank 0] (epoch: 45, iters: 17088, time: 0.001, data: 0.001) , D_A: 0.638, G_A: 0.894, cycle_A: 0.063, D_B: 0.113, G_B: 0.951, cycle_B: 0.162, gp: 0.108

[Rank 0] (epoch: 45, iters: 18688, time: 0.001, data: 0.002) , D_A: 0.712, G_A: 1.042, cycle_A: 0.061, D_B: 0.190, G_B: 1.030, cycle_B: 0.145, gp: 0.186

--- iter tau=0.1178 ---
  cipher in :  nhftaltev pfgtfptphuazpaupitff npguwp jk vv afpqfpitype puapqfh
  decrypted : aheiotfocla igoi o ebtv tb roiiah gbd awpallati si rod ca bt sie
  real plain: he would be a man he would be a rich man he would not be like th
  cipher in : pvqo hptalpn lrk lpfg pltitz perfpqfpqhpmvtqapfgtfptpwtnaqazphyh
  decrypted :  lskae otf hafupaf iga forova cui si se rlost igoi o dohtstv ede
  real plain:  angeles not seeing her dark intelligent face one would have gau
[Rank 0] (epoch: 45, iters: 20288, time: 0.001, data: 0.002) , D_A: 0.565, G_A: 0.934, cycle_A: 0.074, D_B: 0.341, G_B: 0.987, cycle_B: 0.156, gp: 0.337

saving the latest model (epoch 45, total_iters 1800000)
[Rank 0] (epoch: 45, iters: 21888, time: 0.001, data: 0.001) , D_A: 0.621, G_A: 0.976, cycle_A: 0.062, D_B: 0.370, G_B: 0.934, cycle_B: 0.154, gp: 0.365

[Rank 0] (epoch: 45, iters: 23488, time: 0.001, data: 0.001) , D_A: 0.655, G_A: 0.957, cycle_A: 0.071, D_B: 0.238, G_B: 0.948, cycle_B: 0.142, gp: 0.233

[Rank 0] (epoch: 45, iters: 25088, time: 0.001, data: 0.001) , D_A: 0.714, G_A: 1.035, cycle_A: 0.071, D_B: 0.275, G_B: 0.972, cycle_B: 0.147, gp: 0.271

[Rank 0] (epoch: 45, iters: 26688, time: 0.001, data: 0.001) , D_A: 0.622, G_A: 0.906, cycle_A: 0.069, D_B: 0.346, G_B: 0.994, cycle_B: 0.143, gp: 0.340

[Rank 0] (epoch: 45, iters: 28288, time: 0.001, data: 0.001) , D_A: 0.577, G_A: 0.899, cycle_A: 0.059, D_B: 0.210, G_B: 0.942, cycle_B: 0.156, gp: 0.206

[Rank 0] (epoch: 45, iters: 29888, time: 0.001, data: 0.001) , D_A: 0.616, G_A: 0.933, cycle_A: 0.067, D_B: 0.356, G_B: 0.948, cycle_B: 0.154, gp: 0.352

[Rank 0] (epoch: 45, iters: 31488, time: 0.001, data: 0.001) , D_A: 0.681, G_A: 0.983, cycle_A: 0.065, D_B: 0.275, G_B: 1.021, cycle_B: 0.162, gp: 0.269

[Rank 0] (epoch: 45, iters: 33088, time: 0.001, data: 0.001) , D_A: 0.775, G_A: 0.949, cycle_A: 0.062, D_B: 0.209, G_B: 0.917, cycle_B: 0.138, gp: 0.203

[Rank 0] (epoch: 45, iters: 34688, time: 0.001, data: 0.001) , D_A: 0.658, G_A: 0.963, cycle_A: 0.060, D_B: 0.172, G_B: 0.977, cycle_B: 0.158, gp: 0.169

[Rank 0] (epoch: 45, iters: 36288, time: 0.001, data: 0.001) , D_A: 0.664, G_A: 0.957, cycle_A: 0.063, D_B: 0.166, G_B: 0.978, cycle_B: 0.149, gp: 0.163

[Rank 0] (epoch: 45, iters: 37888, time: 0.001, data: 0.001) , D_A: 0.790, G_A: 0.978, cycle_A: 0.063, D_B: 0.204, G_B: 0.974, cycle_B: 0.152, gp: 0.200

[Rank 0] (epoch: 45, iters: 39488, time: 0.001, data: 0.001) , D_A: 0.628, G_A: 0.950, cycle_A: 0.055, D_B: 0.158, G_B: 0.950, cycle_B: 0.173, gp: 0.153

learning rate 0.0001091 -> 0.0000909
temperature tau = 0.1140
End of epoch 45 / 50 	 Time Taken: 39 sec
[Rank 0] (epoch: 46, iters: 640, time: 0.001, data: 0.001) , D_A: 0.679, G_A: 0.984, cycle_A: 0.063, D_B: 0.272, G_B: 0.963, cycle_B: 0.147, gp: 0.268

[Rank 0] (epoch: 46, iters: 2240, time: 0.001, data: 0.000) , D_A: 0.651, G_A: 0.954, cycle_A: 0.066, D_B: 0.251, G_B: 0.979, cycle_B: 0.139, gp: 0.247

[Rank 0] (epoch: 46, iters: 3840, time: 0.001, data: 0.001) , D_A: 0.552, G_A: 1.005, cycle_A: 0.062, D_B: 0.294, G_B: 0.989, cycle_B: 0.161, gp: 0.291

[Rank 0] (epoch: 46, iters: 5440, time: 0.001, data: 0.001) , D_A: 0.627, G_A: 0.934, cycle_A: 0.064, D_B: 0.185, G_B: 0.979, cycle_B: 0.143, gp: 0.182

[Rank 0] (epoch: 46, iters: 7040, time: 0.001, data: 0.001) , D_A: 0.650, G_A: 0.975, cycle_A: 0.067, D_B: 0.200, G_B: 1.002, cycle_B: 0.168, gp: 0.197

[Rank 0] (epoch: 46, iters: 8640, time: 0.001, data: 0.001) , D_A: 0.700, G_A: 0.985, cycle_A: 0.062, D_B: 0.227, G_B: 0.960, cycle_B: 0.143, gp: 0.224

[Rank 0] (epoch: 46, iters: 10240, time: 0.001, data: 0.001) , D_A: 0.653, G_A: 0.932, cycle_A: 0.065, D_B: 0.249, G_B: 0.986, cycle_B: 0.144, gp: 0.245

[Rank 0] (epoch: 46, iters: 11840, time: 0.001, data: 0.001) , D_A: 0.662, G_A: 0.981, cycle_A: 0.062, D_B: 0.252, G_B: 0.964, cycle_B: 0.168, gp: 0.248

[Rank 0] (epoch: 46, iters: 13440, time: 0.001, data: 0.001) , D_A: 0.747, G_A: 0.941, cycle_A: 0.061, D_B: 0.260, G_B: 0.964, cycle_B: 0.164, gp: 0.256

[Rank 0] (epoch: 46, iters: 15040, time: 0.001, data: 0.001) , D_A: 0.780, G_A: 0.921, cycle_A: 0.063, D_B: 0.332, G_B: 0.938, cycle_B: 0.159, gp: 0.327

[Rank 0] (epoch: 46, iters: 16640, time: 0.001, data: 0.001) , D_A: 0.702, G_A: 0.981, cycle_A: 0.066, D_B: 0.232, G_B: 0.981, cycle_B: 0.145, gp: 0.227

[Rank 0] (epoch: 46, iters: 18240, time: 0.001, data: 0.001) , D_A: 0.664, G_A: 0.953, cycle_A: 0.074, D_B: 0.267, G_B: 0.920, cycle_B: 0.151, gp: 0.263

--- iter tau=0.1140 ---
  cipher in : fv pvuaz nptvfgurzgpqfpkuhfhprhpevuulpqapunl npfupzqo pmuvtalpku
  decrypted : ila lbtvah oligbuvg si pbeie ue clbbf st bhfah ib vska rblotf pb
  real plain:  with it the acropolis was unique in the world and if that imcom
  cipher in : petfkgptfptpfqi peyptph kn fphurnk ptalptn pkuafqartvvypkgtaz lp
  decrypted :  coipg oi o isra cd o eaphai ebuhpa otf oha pbtistuolld pgotvaf 
  real plain: ing va hospitalization the public should understand that whether
[Rank 0] (epoch: 46, iters: 19840, time: 0.001, data: 0.001) , D_A: 0.721, G_A: 0.973, cycle_A: 0.065, D_B: 0.201, G_B: 0.973, cycle_B: 0.166, gp: 0.198

saving the latest model (epoch 46, total_iters 1840000)
[Rank 0] (epoch: 46, iters: 21440, time: 0.001, data: 0.001) , D_A: 0.634, G_A: 0.944, cycle_A: 0.067, D_B: 0.226, G_B: 0.984, cycle_B: 0.167, gp: 0.223

[Rank 0] (epoch: 46, iters: 23040, time: 0.001, data: 0.001) , D_A: 0.660, G_A: 1.007, cycle_A: 0.062, D_B: 0.319, G_B: 0.950, cycle_B: 0.156, gp: 0.315

[Rank 0] (epoch: 46, iters: 24640, time: 0.001, data: 0.001) , D_A: 0.638, G_A: 0.980, cycle_A: 0.063, D_B: 0.408, G_B: 0.992, cycle_B: 0.148, gp: 0.404

[Rank 0] (epoch: 46, iters: 26240, time: 0.001, data: 0.001) , D_A: 0.641, G_A: 0.966, cycle_A: 0.062, D_B: 0.344, G_B: 0.924, cycle_B: 0.151, gp: 0.339

[Rank 0] (epoch: 46, iters: 27840, time: 0.001, data: 0.001) , D_A: 0.611, G_A: 0.975, cycle_A: 0.060, D_B: 0.247, G_B: 1.044, cycle_B: 0.152, gp: 0.243

[Rank 0] (epoch: 46, iters: 29440, time: 0.001, data: 0.001) , D_A: 0.700, G_A: 0.959, cycle_A: 0.064, D_B: 0.257, G_B: 0.958, cycle_B: 0.158, gp: 0.251

[Rank 0] (epoch: 46, iters: 31040, time: 0.001, data: 0.001) , D_A: 0.730, G_A: 0.986, cycle_A: 0.064, D_B: 0.349, G_B: 0.992, cycle_B: 0.144, gp: 0.343

[Rank 0] (epoch: 46, iters: 32640, time: 0.001, data: 0.001) , D_A: 0.678, G_A: 0.878, cycle_A: 0.065, D_B: 0.237, G_B: 0.933, cycle_B: 0.157, gp: 0.232

[Rank 0] (epoch: 46, iters: 34240, time: 0.001, data: 0.001) , D_A: 0.675, G_A: 0.949, cycle_A: 0.063, D_B: 0.258, G_B: 0.952, cycle_B: 0.145, gp: 0.252

[Rank 0] (epoch: 46, iters: 35840, time: 0.001, data: 0.001) , D_A: 0.609, G_A: 0.997, cycle_A: 0.067, D_B: 0.190, G_B: 0.975, cycle_B: 0.163, gp: 0.187

[Rank 0] (epoch: 46, iters: 37440, time: 0.001, data: 0.001) , D_A: 0.668, G_A: 0.930, cycle_A: 0.067, D_B: 0.228, G_B: 0.933, cycle_B: 0.151, gp: 0.224

[Rank 0] (epoch: 46, iters: 39040, time: 0.001, data: 0.001) , D_A: 0.649, G_A: 0.928, cycle_A: 0.064, D_B: 0.220, G_B: 0.957, cycle_B: 0.149, gp: 0.215

learning rate 0.0000909 -> 0.0000727
temperature tau = 0.1104
End of epoch 46 / 50 	 Time Taken: 32 sec
[Rank 0] (epoch: 47, iters: 192, time: 0.001, data: 0.001) , D_A: 0.695, G_A: 0.934, cycle_A: 0.057, D_B: 0.143, G_B: 0.999, cycle_B: 0.156, gp: 0.141

[Rank 0] (epoch: 47, iters: 1792, time: 0.001, data: 0.002) , D_A: 0.627, G_A: 0.979, cycle_A: 0.063, D_B: 0.238, G_B: 0.937, cycle_B: 0.142, gp: 0.232

[Rank 0] (epoch: 47, iters: 3392, time: 0.001, data: 0.001) , D_A: 0.754, G_A: 0.915, cycle_A: 0.064, D_B: 0.287, G_B: 0.937, cycle_B: 0.159, gp: 0.283

[Rank 0] (epoch: 47, iters: 4992, time: 0.001, data: 0.001) , D_A: 0.772, G_A: 0.970, cycle_A: 0.060, D_B: 0.250, G_B: 0.967, cycle_B: 0.150, gp: 0.247

[Rank 0] (epoch: 47, iters: 6592, time: 0.001, data: 0.001) , D_A: 0.629, G_A: 0.980, cycle_A: 0.066, D_B: 0.169, G_B: 0.966, cycle_B: 0.160, gp: 0.164

[Rank 0] (epoch: 47, iters: 8192, time: 0.001, data: 0.001) , D_A: 0.668, G_A: 0.991, cycle_A: 0.060, D_B: 0.179, G_B: 0.918, cycle_B: 0.152, gp: 0.174

[Rank 0] (epoch: 47, iters: 9792, time: 0.001, data: 0.001) , D_A: 0.667, G_A: 0.965, cycle_A: 0.072, D_B: 0.260, G_B: 0.963, cycle_B: 0.147, gp: 0.256

[Rank 0] (epoch: 47, iters: 11392, time: 0.001, data: 0.001) , D_A: 0.692, G_A: 0.961, cycle_A: 0.072, D_B: 0.195, G_B: 0.968, cycle_B: 0.154, gp: 0.192

[Rank 0] (epoch: 47, iters: 12992, time: 0.001, data: 0.001) , D_A: 0.617, G_A: 0.918, cycle_A: 0.061, D_B: 0.179, G_B: 0.950, cycle_B: 0.160, gp: 0.174

[Rank 0] (epoch: 47, iters: 14592, time: 0.001, data: 0.001) , D_A: 0.771, G_A: 0.945, cycle_A: 0.064, D_B: 0.268, G_B: 0.982, cycle_B: 0.153, gp: 0.265

[Rank 0] (epoch: 47, iters: 16192, time: 0.001, data: 0.001) , D_A: 0.721, G_A: 0.955, cycle_A: 0.064, D_B: 0.206, G_B: 0.952, cycle_B: 0.146, gp: 0.203

[Rank 0] (epoch: 47, iters: 17792, time: 0.001, data: 0.001) , D_A: 0.666, G_A: 0.911, cycle_A: 0.074, D_B: 0.192, G_B: 0.980, cycle_B: 0.151, gp: 0.189

--- iter tau=0.1104 ---
  cipher in : talptvuazpwqfgptpcq nyptalphrvfnypentbqvqtapctafthqtpvtf npe nit
  decrypted : otf olbtv dsig o ysahd otf eulihd chorslsot yotioeso loiah cahro
  real plain:  to build a new house with all them contraptions mr crombie watc
  cipher in : npf nipguw o npqfpirhfpe pn tvqb lpfgtfpfg pqalrhfnqtvptalpkuii 
  decrypted : h iahr gbdakah si ruei ca haolsraf igoi iga stfueihsol otf pbrra
  real plain: he planes through any one of the multiple secants for each of th
[Rank 0] (epoch: 47, iters: 19392, time: 0.001, data: 0.001) , D_A: 0.630, G_A: 0.967, cycle_A: 0.062, D_B: 0.263, G_B: 0.963, cycle_B: 0.145, gp: 0.261

saving the latest model (epoch 47, total_iters 1880000)
[Rank 0] (epoch: 47, iters: 20992, time: 0.001, data: 0.001) , D_A: 0.617, G_A: 0.939, cycle_A: 0.058, D_B: 0.240, G_B: 0.960, cycle_B: 0.151, gp: 0.235

[Rank 0] (epoch: 47, iters: 22592, time: 0.001, data: 0.001) , D_A: 0.633, G_A: 0.957, cycle_A: 0.063, D_B: 0.356, G_B: 0.985, cycle_B: 0.157, gp: 0.352

[Rank 0] (epoch: 47, iters: 24192, time: 0.001, data: 0.001) , D_A: 0.614, G_A: 0.921, cycle_A: 0.061, D_B: 0.388, G_B: 0.980, cycle_B: 0.163, gp: 0.384

[Rank 0] (epoch: 47, iters: 25792, time: 0.001, data: 0.001) , D_A: 0.662, G_A: 0.976, cycle_A: 0.066, D_B: 0.200, G_B: 1.011, cycle_B: 0.156, gp: 0.196

[Rank 0] (epoch: 47, iters: 27392, time: 0.001, data: 0.001) , D_A: 0.671, G_A: 0.939, cycle_A: 0.064, D_B: 0.096, G_B: 0.979, cycle_B: 0.162, gp: 0.092

[Rank 0] (epoch: 47, iters: 28992, time: 0.001, data: 0.001) , D_A: 0.622, G_A: 0.914, cycle_A: 0.063, D_B: 0.360, G_B: 0.958, cycle_B: 0.154, gp: 0.355

[Rank 0] (epoch: 47, iters: 30592, time: 0.001, data: 0.001) , D_A: 0.745, G_A: 0.993, cycle_A: 0.065, D_B: 0.283, G_B: 0.933, cycle_B: 0.144, gp: 0.280

[Rank 0] (epoch: 47, iters: 32192, time: 0.001, data: 0.001) , D_A: 0.808, G_A: 0.891, cycle_A: 0.062, D_B: 0.161, G_B: 0.991, cycle_B: 0.151, gp: 0.158

[Rank 0] (epoch: 47, iters: 33792, time: 0.001, data: 0.001) , D_A: 0.642, G_A: 0.989, cycle_A: 0.067, D_B: 0.178, G_B: 0.964, cycle_B: 0.162, gp: 0.173

[Rank 0] (epoch: 47, iters: 35392, time: 0.001, data: 0.001) , D_A: 0.686, G_A: 0.941, cycle_A: 0.069, D_B: 0.201, G_B: 0.940, cycle_B: 0.160, gp: 0.196

[Rank 0] (epoch: 47, iters: 36992, time: 0.001, data: 0.001) , D_A: 0.684, G_A: 0.962, cycle_A: 0.062, D_B: 0.247, G_B: 1.012, cycle_B: 0.154, gp: 0.244

[Rank 0] (epoch: 47, iters: 38592, time: 0.001, data: 0.001) , D_A: 0.713, G_A: 0.960, cycle_A: 0.065, D_B: 0.177, G_B: 0.960, cycle_B: 0.147, gp: 0.174

[Rank 0] (epoch: 47, iters: 40192, time: 0.001, data: 0.001) , D_A: 0.776, G_A: 0.943, cycle_A: 0.069, D_B: 0.218, G_B: 0.920, cycle_B: 0.156, gp: 0.214

learning rate 0.0000727 -> 0.0000545
temperature tau = 0.1068
End of epoch 47 / 50 	 Time Taken: 33 sec
[Rank 0] (epoch: 48, iters: 1344, time: 0.001, data: 0.000) , D_A: 0.721, G_A: 0.933, cycle_A: 0.063, D_B: 0.373, G_B: 0.920, cycle_B: 0.160, gp: 0.370

[Rank 0] (epoch: 48, iters: 2944, time: 0.001, data: 0.001) , D_A: 0.692, G_A: 0.939, cycle_A: 0.060, D_B: 0.207, G_B: 0.962, cycle_B: 0.144, gp: 0.202

[Rank 0] (epoch: 48, iters: 4544, time: 0.001, data: 0.001) , D_A: 0.744, G_A: 0.924, cycle_A: 0.067, D_B: 0.300, G_B: 0.964, cycle_B: 0.156, gp: 0.297

[Rank 0] (epoch: 48, iters: 6144, time: 0.001, data: 0.001) , D_A: 0.693, G_A: 0.915, cycle_A: 0.072, D_B: 0.219, G_B: 0.954, cycle_B: 0.167, gp: 0.215

[Rank 0] (epoch: 48, iters: 7744, time: 0.001, data: 0.001) , D_A: 0.702, G_A: 0.970, cycle_A: 0.067, D_B: 0.273, G_B: 0.935, cycle_B: 0.154, gp: 0.267

[Rank 0] (epoch: 48, iters: 9344, time: 0.001, data: 0.001) , D_A: 0.656, G_A: 0.958, cycle_A: 0.068, D_B: 0.218, G_B: 0.983, cycle_B: 0.175, gp: 0.215

[Rank 0] (epoch: 48, iters: 10944, time: 0.001, data: 0.001) , D_A: 0.638, G_A: 0.911, cycle_A: 0.070, D_B: 0.154, G_B: 0.970, cycle_B: 0.151, gp: 0.149

[Rank 0] (epoch: 48, iters: 12544, time: 0.001, data: 0.001) , D_A: 0.687, G_A: 0.910, cycle_A: 0.061, D_B: 0.277, G_B: 0.981, cycle_B: 0.151, gp: 0.273

[Rank 0] (epoch: 48, iters: 14144, time: 0.001, data: 0.001) , D_A: 0.625, G_A: 0.960, cycle_A: 0.063, D_B: 0.242, G_B: 0.952, cycle_B: 0.155, gp: 0.239

[Rank 0] (epoch: 48, iters: 15744, time: 0.001, data: 0.001) , D_A: 0.730, G_A: 0.973, cycle_A: 0.069, D_B: 0.334, G_B: 0.981, cycle_B: 0.151, gp: 0.331

[Rank 0] (epoch: 48, iters: 17344, time: 0.001, data: 0.001) , D_A: 0.667, G_A: 0.967, cycle_A: 0.063, D_B: 0.311, G_B: 0.992, cycle_B: 0.163, gp: 0.307

--- iter tau=0.1068 ---
  cipher in : zpucpw tfg npqfhpkgtaz pucph thuahpqfhpotnqtev piuulhpgqhpctfg n
  decrypted : v by daoigah sie pgotva by eaoebte sie kohsocla rbbfe gse yoigah
  real plain: om austins restatement and ordering of the common law in england
  cipher in : ihpua pk vvpqapfg pkgtqapcunp tkgpcunipqcptcpv tlhpfuptaptlln hh
  decrypted : re bta pall st iga pgost ybh aopg ybhr sy oy laofe ib ot offhaee
  real plain:  were the lions of fifty years ago not the gentler ones of today
[Rank 0] (epoch: 48, iters: 18944, time: 0.001, data: 0.001) , D_A: 0.749, G_A: 0.974, cycle_A: 0.063, D_B: 0.256, G_B: 0.943, cycle_B: 0.144, gp: 0.251

saving the latest model (epoch 48, total_iters 1920000)
[Rank 0] (epoch: 48, iters: 20544, time: 0.001, data: 0.001) , D_A: 0.635, G_A: 0.948, cycle_A: 0.067, D_B: 0.325, G_B: 0.986, cycle_B: 0.151, gp: 0.321

[Rank 0] (epoch: 48, iters: 22144, time: 0.001, data: 0.001) , D_A: 0.639, G_A: 0.952, cycle_A: 0.063, D_B: 0.348, G_B: 1.006, cycle_B: 0.161, gp: 0.345

[Rank 0] (epoch: 48, iters: 23744, time: 0.001, data: 0.001) , D_A: 0.640, G_A: 0.969, cycle_A: 0.058, D_B: 0.303, G_B: 0.978, cycle_B: 0.148, gp: 0.299

[Rank 0] (epoch: 48, iters: 25344, time: 0.001, data: 0.001) , D_A: 0.625, G_A: 0.947, cycle_A: 0.070, D_B: 0.273, G_B: 0.953, cycle_B: 0.154, gp: 0.265

[Rank 0] (epoch: 48, iters: 26944, time: 0.001, data: 0.001) , D_A: 0.744, G_A: 0.953, cycle_A: 0.061, D_B: 0.385, G_B: 0.949, cycle_B: 0.143, gp: 0.382

[Rank 0] (epoch: 48, iters: 28544, time: 0.001, data: 0.001) , D_A: 0.655, G_A: 0.977, cycle_A: 0.063, D_B: 0.287, G_B: 0.969, cycle_B: 0.156, gp: 0.282

[Rank 0] (epoch: 48, iters: 30144, time: 0.001, data: 0.001) , D_A: 0.727, G_A: 0.968, cycle_A: 0.060, D_B: 0.371, G_B: 0.986, cycle_B: 0.154, gp: 0.368

[Rank 0] (epoch: 48, iters: 31744, time: 0.001, data: 0.001) , D_A: 0.665, G_A: 0.958, cycle_A: 0.068, D_B: 0.218, G_B: 0.959, cycle_B: 0.161, gp: 0.213

[Rank 0] (epoch: 48, iters: 33344, time: 0.001, data: 0.001) , D_A: 0.727, G_A: 0.962, cycle_A: 0.064, D_B: 0.238, G_B: 0.982, cycle_B: 0.167, gp: 0.235

[Rank 0] (epoch: 48, iters: 34944, time: 0.001, data: 0.001) , D_A: 0.692, G_A: 0.955, cycle_A: 0.063, D_B: 0.225, G_B: 0.924, cycle_B: 0.150, gp: 0.222

[Rank 0] (epoch: 48, iters: 36544, time: 0.001, data: 0.001) , D_A: 0.725, G_A: 0.921, cycle_A: 0.060, D_B: 0.229, G_B: 0.947, cycle_B: 0.147, gp: 0.226

[Rank 0] (epoch: 48, iters: 38144, time: 0.001, data: 0.001) , D_A: 0.723, G_A: 0.946, cycle_A: 0.061, D_B: 0.224, G_B: 0.960, cycle_B: 0.152, gp: 0.222

[Rank 0] (epoch: 48, iters: 39744, time: 0.001, data: 0.001) , D_A: 0.630, G_A: 0.951, cycle_A: 0.063, D_B: 0.105, G_B: 0.973, cycle_B: 0.170, gp: 0.102

learning rate 0.0000545 -> 0.0000364
temperature tau = 0.1033
End of epoch 48 / 50 	 Time Taken: 32 sec
[Rank 0] (epoch: 49, iters: 896, time: 0.001, data: 0.000) , D_A: 0.762, G_A: 0.985, cycle_A: 0.062, D_B: 0.185, G_B: 0.950, cycle_B: 0.146, gp: 0.181

[Rank 0] (epoch: 49, iters: 2496, time: 0.001, data: 0.001) , D_A: 0.799, G_A: 0.979, cycle_A: 0.062, D_B: 0.317, G_B: 0.951, cycle_B: 0.142, gp: 0.313

[Rank 0] (epoch: 49, iters: 4096, time: 0.001, data: 0.001) , D_A: 0.580, G_A: 0.951, cycle_A: 0.063, D_B: 0.356, G_B: 0.983, cycle_B: 0.161, gp: 0.353

[Rank 0] (epoch: 49, iters: 5696, time: 0.001, data: 0.001) , D_A: 0.761, G_A: 0.953, cycle_A: 0.064, D_B: 0.240, G_B: 0.953, cycle_B: 0.171, gp: 0.236

[Rank 0] (epoch: 49, iters: 7296, time: 0.001, data: 0.001) , D_A: 0.691, G_A: 0.972, cycle_A: 0.069, D_B: 0.252, G_B: 0.971, cycle_B: 0.150, gp: 0.249

[Rank 0] (epoch: 49, iters: 8896, time: 0.001, data: 0.001) , D_A: 0.690, G_A: 0.954, cycle_A: 0.067, D_B: 0.158, G_B: 0.944, cycle_B: 0.149, gp: 0.154

[Rank 0] (epoch: 49, iters: 10496, time: 0.001, data: 0.001) , D_A: 0.674, G_A: 0.966, cycle_A: 0.067, D_B: 0.163, G_B: 0.999, cycle_B: 0.154, gp: 0.160

[Rank 0] (epoch: 49, iters: 12096, time: 0.001, data: 0.001) , D_A: 0.709, G_A: 0.972, cycle_A: 0.062, D_B: 0.261, G_B: 0.892, cycle_B: 0.169, gp: 0.258

[Rank 0] (epoch: 49, iters: 13696, time: 0.001, data: 0.001) , D_A: 0.682, G_A: 0.938, cycle_A: 0.067, D_B: 0.195, G_B: 0.942, cycle_B: 0.164, gp: 0.190

[Rank 0] (epoch: 49, iters: 15296, time: 0.001, data: 0.001) , D_A: 0.698, G_A: 0.921, cycle_A: 0.058, D_B: 0.312, G_B: 0.973, cycle_B: 0.157, gp: 0.309

[Rank 0] (epoch: 49, iters: 16896, time: 0.001, data: 0.002) , D_A: 0.720, G_A: 0.945, cycle_A: 0.065, D_B: 0.193, G_B: 0.942, cycle_B: 0.145, gp: 0.189

--- iter tau=0.1033 ---
  cipher in : uapetkdpqapg npvqoqazpsrtnf nhptfpfg pguhmqftvphg pfuudpeqktneua
  decrypted : bt copc st gah lskstv muohiahe oi iga gbersiol ega ibbc cspohcbt
  real plain: om austins restatement and ordering of the common law in england
  cipher in :  apg pgtlptap jkrh pfuplnqadpg toq npfgtaprhrtvpg pgtlpe  aphqff
  decrypted : at ga gof ot awpuea ib fhstc gaoksah igot ueuol ga gof caat esii
  real plain:  were the lions of fifty years ago not the gentler ones of today
[Rank 0] (epoch: 49, iters: 18496, time: 0.001, data: 0.001) , D_A: 0.775, G_A: 0.944, cycle_A: 0.065, D_B: 0.263, G_B: 0.980, cycle_B: 0.143, gp: 0.260

saving the latest model (epoch 49, total_iters 1960000)
[Rank 0] (epoch: 49, iters: 20096, time: 0.001, data: 0.002) , D_A: 0.685, G_A: 0.957, cycle_A: 0.066, D_B: 0.257, G_B: 0.942, cycle_B: 0.158, gp: 0.253

[Rank 0] (epoch: 49, iters: 21696, time: 0.001, data: 0.001) , D_A: 0.718, G_A: 0.924, cycle_A: 0.065, D_B: 0.261, G_B: 0.948, cycle_B: 0.154, gp: 0.257

[Rank 0] (epoch: 49, iters: 23296, time: 0.001, data: 0.001) , D_A: 0.802, G_A: 0.947, cycle_A: 0.067, D_B: 0.290, G_B: 0.971, cycle_B: 0.143, gp: 0.287

[Rank 0] (epoch: 49, iters: 24896, time: 0.001, data: 0.001) , D_A: 0.777, G_A: 0.935, cycle_A: 0.067, D_B: 0.331, G_B: 0.919, cycle_B: 0.147, gp: 0.326

[Rank 0] (epoch: 49, iters: 26496, time: 0.001, data: 0.001) , D_A: 0.648, G_A: 0.961, cycle_A: 0.062, D_B: 0.383, G_B: 0.978, cycle_B: 0.151, gp: 0.377

[Rank 0] (epoch: 49, iters: 28096, time: 0.001, data: 0.001) , D_A: 0.771, G_A: 0.953, cycle_A: 0.067, D_B: 0.322, G_B: 0.975, cycle_B: 0.151, gp: 0.318

[Rank 0] (epoch: 49, iters: 29696, time: 0.001, data: 0.002) , D_A: 0.689, G_A: 0.980, cycle_A: 0.069, D_B: 0.233, G_B: 0.969, cycle_B: 0.158, gp: 0.228

[Rank 0] (epoch: 49, iters: 31296, time: 0.001, data: 0.001) , D_A: 0.694, G_A: 0.950, cycle_A: 0.065, D_B: 0.336, G_B: 0.975, cycle_B: 0.161, gp: 0.333

[Rank 0] (epoch: 49, iters: 32896, time: 0.001, data: 0.001) , D_A: 0.665, G_A: 0.956, cycle_A: 0.060, D_B: 0.124, G_B: 0.963, cycle_B: 0.138, gp: 0.119

[Rank 0] (epoch: 49, iters: 34496, time: 0.001, data: 0.001) , D_A: 0.691, G_A: 0.984, cycle_A: 0.065, D_B: 0.210, G_B: 0.974, cycle_B: 0.157, gp: 0.206

[Rank 0] (epoch: 49, iters: 36096, time: 0.001, data: 0.001) , D_A: 0.832, G_A: 0.970, cycle_A: 0.068, D_B: 0.238, G_B: 0.970, cycle_B: 0.147, gp: 0.234

[Rank 0] (epoch: 49, iters: 37696, time: 0.001, data: 0.001) , D_A: 0.770, G_A: 0.980, cycle_A: 0.064, D_B: 0.186, G_B: 0.942, cycle_B: 0.151, gp: 0.180

[Rank 0] (epoch: 49, iters: 39296, time: 0.001, data: 0.001) , D_A: 0.692, G_A: 0.935, cycle_A: 0.065, D_B: 0.187, G_B: 0.967, cycle_B: 0.150, gp: 0.183

learning rate 0.0000364 -> 0.0000182
temperature tau = 0.1000
End of epoch 49 / 50 	 Time Taken: 36 sec
[Rank 0] (epoch: 50, iters: 448, time: 0.001, data: 0.001) , D_A: 0.575, G_A: 0.947, cycle_A: 0.061, D_B: 0.207, G_B: 0.943, cycle_B: 0.155, gp: 0.203

[Rank 0] (epoch: 50, iters: 2048, time: 0.001, data: 0.000) , D_A: 0.753, G_A: 0.932, cycle_A: 0.067, D_B: 0.252, G_B: 0.955, cycle_B: 0.142, gp: 0.246

[Rank 0] (epoch: 50, iters: 3648, time: 0.001, data: 0.001) , D_A: 0.777, G_A: 0.964, cycle_A: 0.054, D_B: 0.246, G_B: 0.971, cycle_B: 0.164, gp: 0.243

[Rank 0] (epoch: 50, iters: 5248, time: 0.001, data: 0.001) , D_A: 0.693, G_A: 0.952, cycle_A: 0.065, D_B: 0.326, G_B: 0.925, cycle_B: 0.146, gp: 0.322

[Rank 0] (epoch: 50, iters: 6848, time: 0.001, data: 0.001) , D_A: 0.614, G_A: 0.942, cycle_A: 0.062, D_B: 0.300, G_B: 0.952, cycle_B: 0.168, gp: 0.297

[Rank 0] (epoch: 50, iters: 8448, time: 0.001, data: 0.001) , D_A: 0.736, G_A: 0.972, cycle_A: 0.064, D_B: 0.251, G_B: 0.976, cycle_B: 0.146, gp: 0.249

[Rank 0] (epoch: 50, iters: 10048, time: 0.001, data: 0.001) , D_A: 0.635, G_A: 0.950, cycle_A: 0.063, D_B: 0.085, G_B: 0.976, cycle_B: 0.145, gp: 0.082

[Rank 0] (epoch: 50, iters: 11648, time: 0.001, data: 0.001) , D_A: 0.749, G_A: 0.951, cycle_A: 0.062, D_B: 0.323, G_B: 0.954, cycle_B: 0.154, gp: 0.320

[Rank 0] (epoch: 50, iters: 13248, time: 0.001, data: 0.001) , D_A: 0.729, G_A: 0.976, cycle_A: 0.058, D_B: 0.240, G_B: 0.965, cycle_B: 0.160, gp: 0.237

[Rank 0] (epoch: 50, iters: 14848, time: 0.001, data: 0.001) , D_A: 0.683, G_A: 0.928, cycle_A: 0.060, D_B: 0.179, G_B: 0.953, cycle_B: 0.152, gp: 0.176

[Rank 0] (epoch: 50, iters: 16448, time: 0.001, data: 0.001) , D_A: 0.665, G_A: 0.954, cycle_A: 0.066, D_B: 0.259, G_B: 0.974, cycle_B: 0.146, gp: 0.252

--- iter tau=0.1000 ---
  cipher in : rfpgqih vcpcunpfg pltvvthpl c ahqo praqfpfrna lpqaptaufg nphmv a
  decrypted : ui gsrealy ybh iga folloe fayateska utsi iuhtaf st otbigah erlat
  real plain: ants raised from babyhood in the keddah and while he was ever al
  cipher in : vtyptalpiuvlpqapua ptkfquapfgqhpwqvvpmn o afpfg pkvtypcnuipfwqhf
  decrypted : lod otf rblf st bta opisbt igse dsll rhakati iga plod yhbr idsei
  real plain: ered by a side injury and will miss his starting turn dallas tex
[Rank 0] (epoch: 50, iters: 18048, time: 0.001, data: 0.001) , D_A: 0.774, G_A: 0.931, cycle_A: 0.072, D_B: 0.187, G_B: 0.943, cycle_B: 0.152, gp: 0.182

saving the latest model (epoch 50, total_iters 2000000)
[Rank 0] (epoch: 50, iters: 19648, time: 0.001, data: 0.001) , D_A: 0.808, G_A: 0.936, cycle_A: 0.063, D_B: 0.250, G_B: 0.951, cycle_B: 0.168, gp: 0.246

[Rank 0] (epoch: 50, iters: 21248, time: 0.001, data: 0.001) , D_A: 0.686, G_A: 0.914, cycle_A: 0.063, D_B: 0.186, G_B: 0.956, cycle_B: 0.165, gp: 0.182

[Rank 0] (epoch: 50, iters: 22848, time: 0.001, data: 0.001) , D_A: 0.646, G_A: 0.951, cycle_A: 0.065, D_B: 0.350, G_B: 0.955, cycle_B: 0.160, gp: 0.345

[Rank 0] (epoch: 50, iters: 24448, time: 0.001, data: 0.001) , D_A: 0.675, G_A: 0.972, cycle_A: 0.059, D_B: 0.287, G_B: 0.937, cycle_B: 0.163, gp: 0.283

[Rank 0] (epoch: 50, iters: 26048, time: 0.001, data: 0.001) , D_A: 0.735, G_A: 0.973, cycle_A: 0.064, D_B: 0.410, G_B: 0.958, cycle_B: 0.156, gp: 0.406

[Rank 0] (epoch: 50, iters: 27648, time: 0.001, data: 0.001) , D_A: 0.663, G_A: 0.943, cycle_A: 0.063, D_B: 0.305, G_B: 0.937, cycle_B: 0.163, gp: 0.301

[Rank 0] (epoch: 50, iters: 29248, time: 0.001, data: 0.001) , D_A: 0.763, G_A: 0.972, cycle_A: 0.066, D_B: 0.199, G_B: 0.937, cycle_B: 0.158, gp: 0.195

[Rank 0] (epoch: 50, iters: 30848, time: 0.001, data: 0.001) , D_A: 0.778, G_A: 0.971, cycle_A: 0.065, D_B: 0.279, G_B: 0.981, cycle_B: 0.145, gp: 0.275

[Rank 0] (epoch: 50, iters: 32448, time: 0.001, data: 0.001) , D_A: 0.657, G_A: 0.968, cycle_A: 0.068, D_B: 0.253, G_B: 0.956, cycle_B: 0.158, gp: 0.250

[Rank 0] (epoch: 50, iters: 34048, time: 0.001, data: 0.001) , D_A: 0.758, G_A: 0.947, cycle_A: 0.065, D_B: 0.201, G_B: 0.957, cycle_B: 0.146, gp: 0.196

[Rank 0] (epoch: 50, iters: 35648, time: 0.001, data: 0.001) , D_A: 0.687, G_A: 0.943, cycle_A: 0.067, D_B: 0.141, G_B: 0.946, cycle_B: 0.161, gp: 0.137

[Rank 0] (epoch: 50, iters: 37248, time: 0.001, data: 0.001) , D_A: 0.695, G_A: 0.936, cycle_A: 0.063, D_B: 0.164, G_B: 0.947, cycle_B: 0.154, gp: 0.160

[Rank 0] (epoch: 50, iters: 38848, time: 0.001, data: 0.001) , D_A: 0.629, G_A: 0.953, cycle_A: 0.062, D_B: 0.092, G_B: 0.966, cycle_B: 0.147, gp: 0.090

[Rank 0] (epoch: 50, iters: 40448, time: 0.001, data: 0.001) , D_A: 0.789, G_A: 0.944, cycle_A: 0.060, D_B: 0.190, G_B: 0.955, cycle_B: 0.157, gp: 0.187

learning rate 0.0000182 -> 0.0000000
temperature tau = 0.1000
saving the model at the end of epoch 50, iters 2022400
End of epoch 50 / 50 	 Time Taken: 32 sec
----------------- Options ---------------
             aspect_ratio: 1.0                           
               batch_size: 64                            
          checkpoints_dir: ./checkpoints                 
                crop_size: 256                           
                 dataroot: .                             	[default: None]
             dataset_mode: cipher                        
                direction: AtoB                          
               display_id: 0                             
          display_winsize: 256                           
                embed_dim: 256                           	[default: 64]
                    epoch: latest                        
                     eval: False                         
                 gan_mode: lsgan                         
                   gumbel: False                         
                init_gain: 0.02                          
                init_type: normal                        
                 input_nc: 3                             
                  isTrain: False                         	[default: None]
                     kw_D: 15                            	[default: 4]
                 lambda_A: 10.0                          
                 lambda_B: 10.0                          
                lambda_gp: 10.0                          
          lambda_identity: 0.0                           
                load_iter: 0                             	[default: 0]
                load_size: 256                           
                       lr: 0.0002                        
         matched_softness: True                          	[default: False]
         max_dataset_size: inf                           
                    model: cipher_cycle_gan              	[default: test]
               n_blocks_G: 5                             	[default: 4]
                 n_critic: 1                             
               n_layers_D: 5                             	[default: 3]
                     name: a27_s1_gp1                    	[default: experiment_name]
                      ndf: 32                            	[default: 128]
                     netD: seq                           
                     netG: seq                           
                      ngf: 128                           
               no_dropout: True                          
                  no_flip: True                          
                     norm: layer                         	[default: instance]
                 npz_path: data/a27/dataset.npz          	[default: None]
                 num_test: 50                            
              num_threads: 4                             
                output_nc: 3                             
                pair_seed: 0                             
                    phase: test                          
              pointwise_G: True                          	[default: False]
               preprocess: none                          
         real_logit_scale: 5.0                           
              results_dir: ./results/                    
           serial_batches: False                         
         straight_through: True                          	[default: False]
                   suffix:                               
                  tau_end: 0.1                           
                tau_start: 1.0                           
                   use_gp: False                         
                use_wandb: False                         
                  verbose: False                         
               vocab_size: -1                            
       wandb_project_name: CycleGAN-and-pix2pix          
----------------- End -------------------
[cipher] eval: A(cipher)=(8986, 64) B(plain)=(8986, 64) vocab=28 cipher=substitution paired=True
dataset [CipherDataset] was created
Initialized with device cuda:0
initialize network with normal
Initialized with device cuda:0
initialize network with normal
model [CipherCycleGANModel] was created
Initialized with device cuda:0
initialize network with normal
loading the model from checkpoints/a27_s1_gp1/latest_net_G_A.pth
Initialized with device cuda:0
initialize network with normal
loading the model from checkpoints/a27_s1_gp1/latest_net_G_B.pth
---------- Networks initialized -------------
[Network G_A] Total number of parameters : 0.212 M
[Network G_B] Total number of parameters : 0.212 M
-----------------------------------------------

==============================================================
cipher              substitution (key=perm-seed0)
samples             8986 x 64
character accuracy  0.2309   (chance ~0.0370)
character error     0.7691
key recovery        0.1111   (coverage 1.000)
==============================================================
cipher in : uvo lprmuaph kualpfgurzgfpw pw n pcunk lpfupn tvqb pfgtfpw pgto 
decrypted : blkaf urbt eapbtf igbuvgi da daha ybhpaf ib haolsra igoi da goka
truth     : olved upon second thought we were forced to realize that we have

wrote ./checkpoints/a27_s1_gp1/eval_metrics.json
wrote ./checkpoints/a27_s1_gp1/curves_a27_s1_gp1.png

loss             first      last       min       max
D_A              0.775     0.789     0.090     0.867
G_A              0.472     0.944     0.141     1.789
cycle_A          1.871     0.060     0.030     2.339
D_B              0.809     0.190     0.085     1.072
G_B              0.324     0.955     0.095     2.130
cycle_B          2.682     0.157     0.060     2.682
gp               0.482     0.187     0.082     0.565

D_A over the final window: 0.710
  -> neither collapsed nor at equilibrium; inspect the shape.
