=== task 0 : dataset=a7 seed=2 ===
NVIDIA A100-SXM4-80GB
----------------- Options ---------------
               batch_size: 64                            
                    beta1: 0.0                           	[default: 0.5]
          checkpoints_dir: ./checkpoints                 
           continue_train: False                         
                crop_size: 256                           
               cycle_loss: ce                            
                 dataroot: .                             	[default: None]
             dataset_mode: cipher                        
                direction: AtoB                          
             display_freq: 20000                         	[default: 400]
               display_id: 0                             
          display_winsize: 256                           
                embed_dim: 256                           	[default: 64]
                    epoch: latest                        
              epoch_count: 1                             
                 gan_mode: lsgan                         
                   gumbel: False                         
                init_gain: 0.02                          
                init_type: normal                        
                 input_nc: 3                             
                  isTrain: True                          	[default: None]
                     kw_D: 15                            	[default: 4]
                 lambda_A: 1.0                           	[default: 10.0]
                 lambda_B: 1.0                           	[default: 10.0]
                lambda_gp: 1.0                           	[default: 10.0]
          lambda_identity: 0.0                           
                load_iter: 0                             	[default: 0]
                load_size: 286                           
                       lr: 0.0002                        
           lr_decay_iters: 50                            
                lr_policy: linear                        
         matched_softness: True                          	[default: False]
         max_dataset_size: inf                           
                    model: cipher_cycle_gan              	[default: cycle_gan]
               n_blocks_G: 5                             	[default: 4]
                 n_critic: 1                             
                 n_epochs: 40                            	[default: 100]
           n_epochs_decay: 10                            	[default: 100]
               n_layers_D: 5                             	[default: 3]
                     name: a7_s2_gp1                     	[default: experiment_name]
                      ndf: 32                            	[default: 128]
                     netD: seq                           
                     netG: seq                           
                      ngf: 128                           
               no_dropout: True                          
                  no_flip: True                          
                  no_html: False                         
                     norm: layer                         	[default: instance]
                 npz_path: data/a7/dataset.npz           	[default: None]
              num_threads: 8                             	[default: 4]
                output_nc: 3                             
                pair_seed: 2                             	[default: 0]
                    phase: train                         
              pointwise_G: True                          	[default: False]
                pool_size: 50                            
               preprocess: none                          
               print_freq: 100                           
         real_logit_scale: 5.0                           
             save_by_iter: False                         
          save_epoch_freq: 50                            	[default: 5]
         save_latest_freq: 5000                          
           serial_batches: False                         
         straight_through: True                          	[default: False]
                   suffix:                               
                  tau_end: 0.1                           
                tau_start: 0.5                           	[default: 1.0]
         update_html_freq: 1000                          
                   use_gp: True                          	[default: False]
                use_wandb: False                         
                  verbose: False                         
               vocab_size: -1                            
       wandb_project_name: CycleGAN-and-pix2pix          
----------------- End -------------------
Initialized with device cuda:0
[cipher] train: A(cipher)=(16179, 64) B(plain)=(16179, 64) vocab=8 cipher=substitution paired=False
dataset [CipherDataset] was created
The number of training images = 16179
Initialized with device cuda:0
initialize network with normal
Initialized with device cuda:0
initialize network with normal
Initialized with device cuda:0
initialize network with normal
Initialized with device cuda:0
initialize network with normal
model [CipherCycleGANModel] was created
Initialized with device cuda:0
initialize network with normal
Initialized with device cuda:0
initialize network with normal
Initialized with device cuda:0
initialize network with normal
Initialized with device cuda:0
initialize network with normal
---------- Networks initialized -------------
[Network G_A] Total number of parameters : 0.204 M
[Network G_B] Total number of parameters : 0.204 M
[Network D_A] Total number of parameters : 0.472 M
[Network D_B] Total number of parameters : 0.472 M
-----------------------------------------------
create web directory checkpoints/a7_s2_gp1/web...
[Rank 0] (epoch: 1, iters: 1600, time: 0.001, data: 0.059) , D_A: 0.704, G_A: 0.323, cycle_A: 0.635, D_B: 0.887, G_B: 0.118, cycle_B: 0.589, gp: 0.462

[Rank 0] (epoch: 1, iters: 3200, time: 0.001, data: 0.001) , D_A: 0.622, G_A: 3.291, cycle_A: 0.764, D_B: 0.590, G_B: 0.770, cycle_B: 0.411, gp: 0.420

[Rank 0] (epoch: 1, iters: 4800, time: 0.001, data: 0.001) , D_A: 0.328, G_A: 1.081, cycle_A: 0.603, D_B: 0.379, G_B: 0.482, cycle_B: 0.540, gp: 0.314

[Rank 0] (epoch: 1, iters: 6400, time: 0.001, data: 0.001) , D_A: 0.407, G_A: 1.618, cycle_A: 0.445, D_B: 0.527, G_B: 0.453, cycle_B: 0.491, gp: 0.430

[Rank 0] (epoch: 1, iters: 8000, time: 0.001, data: 0.001) , D_A: 0.415, G_A: 1.162, cycle_A: 0.557, D_B: 0.423, G_B: 1.160, cycle_B: 0.493, gp: 0.384

[Rank 0] (epoch: 1, iters: 9600, time: 0.001, data: 0.001) , D_A: 0.250, G_A: 1.155, cycle_A: 0.430, D_B: 0.429, G_B: 1.143, cycle_B: 0.357, gp: 0.398

[Rank 0] (epoch: 1, iters: 11200, time: 0.001, data: 0.001) , D_A: 0.340, G_A: 0.959, cycle_A: 0.382, D_B: 0.349, G_B: 1.011, cycle_B: 0.339, gp: 0.314

[Rank 0] (epoch: 1, iters: 12800, time: 0.001, data: 0.001) , D_A: 0.322, G_A: 0.898, cycle_A: 0.376, D_B: 0.664, G_B: 2.396, cycle_B: 0.360, gp: 0.394

[Rank 0] (epoch: 1, iters: 14400, time: 0.001, data: 0.001) , D_A: 0.364, G_A: 0.924, cycle_A: 0.475, D_B: 0.274, G_B: 0.973, cycle_B: 0.508, gp: 0.249

[Rank 0] (epoch: 1, iters: 16000, time: 0.001, data: 0.001) , D_A: 0.267, G_A: 1.348, cycle_A: 0.581, D_B: 0.240, G_B: 1.361, cycle_B: 0.495, gp: 0.206

learning rate 0.0002000 -> 0.0002000
temperature tau = 0.4838
End of epoch 1 / 50 	 Time Taken: 14 sec
[Rank 0] (epoch: 2, iters: 1408, time: 0.001, data: 0.000) , D_A: 0.334, G_A: 0.938, cycle_A: 0.441, D_B: 0.388, G_B: 0.635, cycle_B: 0.468, gp: 0.340

[Rank 0] (epoch: 2, iters: 3008, time: 0.001, data: 0.001) , D_A: 0.245, G_A: 1.086, cycle_A: 0.541, D_B: 0.217, G_B: 1.163, cycle_B: 0.476, gp: 0.201

[Rank 0] (epoch: 2, iters: 4608, time: 0.001, data: 0.001) , D_A: 0.499, G_A: 1.807, cycle_A: 0.411, D_B: 0.346, G_B: 0.934, cycle_B: 0.509, gp: 0.312

[Rank 0] (epoch: 2, iters: 6208, time: 0.001, data: 0.001) , D_A: 0.274, G_A: 1.403, cycle_A: 0.751, D_B: 0.341, G_B: 1.148, cycle_B: 0.392, gp: 0.322

[Rank 0] (epoch: 2, iters: 7808, time: 0.001, data: 0.001) , D_A: 0.383, G_A: 1.204, cycle_A: 0.390, D_B: 0.329, G_B: 1.282, cycle_B: 0.352, gp: 0.312

[Rank 0] (epoch: 2, iters: 9408, time: 0.001, data: 0.001) , D_A: 0.341, G_A: 1.013, cycle_A: 0.443, D_B: 0.353, G_B: 0.879, cycle_B: 0.456, gp: 0.326

[Rank 0] (epoch: 2, iters: 11008, time: 0.001, data: 0.001) , D_A: 0.288, G_A: 0.803, cycle_A: 0.451, D_B: 0.347, G_B: 0.934, cycle_B: 0.504, gp: 0.335

[Rank 0] (epoch: 2, iters: 12608, time: 0.001, data: 0.001) , D_A: 0.256, G_A: 1.165, cycle_A: 0.422, D_B: 0.274, G_B: 0.950, cycle_B: 0.501, gp: 0.253

[Rank 0] (epoch: 2, iters: 14208, time: 0.001, data: 0.001) , D_A: 0.320, G_A: 1.071, cycle_A: 0.428, D_B: 0.283, G_B: 1.173, cycle_B: 0.468, gp: 0.271

[Rank 0] (epoch: 2, iters: 15808, time: 0.001, data: 0.001) , D_A: 0.359, G_A: 0.962, cycle_A: 0.422, D_B: 0.230, G_B: 0.646, cycle_B: 0.473, gp: 0.217

learning rate 0.0002000 -> 0.0002000
temperature tau = 0.4682
End of epoch 2 / 50 	 Time Taken: 13 sec
[Rank 0] (epoch: 3, iters: 1216, time: 0.001, data: 0.001) , D_A: 0.202, G_A: 0.923, cycle_A: 0.376, D_B: 0.263, G_B: 0.876, cycle_B: 0.315, gp: 0.249

[Rank 0] (epoch: 3, iters: 2816, time: 0.001, data: 0.001) , D_A: 0.313, G_A: 0.958, cycle_A: 0.787, D_B: 0.236, G_B: 0.998, cycle_B: 0.365, gp: 0.222

[Rank 0] (epoch: 3, iters: 4416, time: 0.001, data: 0.001) , D_A: 0.335, G_A: 1.032, cycle_A: 0.386, D_B: 0.311, G_B: 1.018, cycle_B: 0.342, gp: 0.302

[Rank 0] (epoch: 3, iters: 6016, time: 0.001, data: 0.001) , D_A: 0.265, G_A: 0.941, cycle_A: 0.432, D_B: 0.256, G_B: 1.429, cycle_B: 0.493, gp: 0.243

--- iter tau=0.4682 ---
  cipher in : fbffb ccbcbcbc bdbfbcfbfbadcbfcbdfbfbcbcbabfbdfbdfbfbadcbfcb fdf
  decrypted :  a  a ddadadad aaa ad a acada daa a adadaca aa aa a acada da  a 
  real plain: f be ee cec efeece a e aee a e e eeeced aee a eee ad e ae f a de
  cipher in : bfbc bcfbebfbfb fc bfbcbcbcbfbcdfbdcbfc bfcbabffbcfbcfbc bcfbcbe
  decrypted : a ad ad a a a a  d a adadada ada aada d a daca  ad ad ad ad ada 
  real plain: e eed ee a e d f ee e ae ea e eda ee ae e affa a e ac e e b a c 
[Rank 0] (epoch: 3, iters: 7616, time: 0.001, data: 0.001) , D_A: 0.298, G_A: 0.901, cycle_A: 0.448, D_B: 0.231, G_B: 1.236, cycle_B: 0.466, gp: 0.217

saving the latest model (epoch 3, total_iters 40000)
[Rank 0] (epoch: 3, iters: 9216, time: 0.001, data: 0.001) , D_A: 0.213, G_A: 1.039, cycle_A: 0.445, D_B: 0.250, G_B: 1.106, cycle_B: 0.455, gp: 0.241

[Rank 0] (epoch: 3, iters: 10816, time: 0.001, data: 0.001) , D_A: 0.193, G_A: 1.129, cycle_A: 0.422, D_B: 0.257, G_B: 1.023, cycle_B: 0.497, gp: 0.246

[Rank 0] (epoch: 3, iters: 12416, time: 0.001, data: 0.001) , D_A: 0.395, G_A: 1.122, cycle_A: 0.650, D_B: 0.190, G_B: 0.951, cycle_B: 0.478, gp: 0.182

[Rank 0] (epoch: 3, iters: 14016, time: 0.001, data: 0.001) , D_A: 0.263, G_A: 0.821, cycle_A: 0.393, D_B: 0.220, G_B: 0.905, cycle_B: 0.341, gp: 0.208

[Rank 0] (epoch: 3, iters: 15616, time: 0.001, data: 0.001) , D_A: 0.370, G_A: 0.984, cycle_A: 0.418, D_B: 0.347, G_B: 1.103, cycle_B: 0.468, gp: 0.333

learning rate 0.0002000 -> 0.0002000
temperature tau = 0.4531
End of epoch 3 / 50 	 Time Taken: 14 sec
[Rank 0] (epoch: 4, iters: 1024, time: 0.001, data: 0.001) , D_A: 0.277, G_A: 0.927, cycle_A: 0.421, D_B: 0.292, G_B: 0.891, cycle_B: 0.455, gp: 0.276

[Rank 0] (epoch: 4, iters: 2624, time: 0.001, data: 0.001) , D_A: 0.333, G_A: 0.998, cycle_A: 0.426, D_B: 0.246, G_B: 0.877, cycle_B: 0.462, gp: 0.235

[Rank 0] (epoch: 4, iters: 4224, time: 0.001, data: 0.001) , D_A: 0.305, G_A: 0.950, cycle_A: 0.448, D_B: 0.215, G_B: 0.925, cycle_B: 0.481, gp: 0.207

[Rank 0] (epoch: 4, iters: 5824, time: 0.001, data: 0.001) , D_A: 0.260, G_A: 1.025, cycle_A: 0.360, D_B: 0.292, G_B: 0.995, cycle_B: 0.343, gp: 0.278

[Rank 0] (epoch: 4, iters: 7424, time: 0.001, data: 0.001) , D_A: 0.217, G_A: 0.865, cycle_A: 0.378, D_B: 0.338, G_B: 1.129, cycle_B: 0.334, gp: 0.325

[Rank 0] (epoch: 4, iters: 9024, time: 0.001, data: 0.001) , D_A: 0.272, G_A: 0.803, cycle_A: 0.374, D_B: 0.243, G_B: 0.995, cycle_B: 0.352, gp: 0.236

[Rank 0] (epoch: 4, iters: 10624, time: 0.001, data: 0.001) , D_A: 0.292, G_A: 1.181, cycle_A: 0.398, D_B: 0.274, G_B: 1.153, cycle_B: 0.453, gp: 0.266

[Rank 0] (epoch: 4, iters: 12224, time: 0.001, data: 0.001) , D_A: 0.308, G_A: 1.001, cycle_A: 0.451, D_B: 0.198, G_B: 0.995, cycle_B: 0.472, gp: 0.191

[Rank 0] (epoch: 4, iters: 13824, time: 0.001, data: 0.001) , D_A: 0.247, G_A: 0.968, cycle_A: 0.451, D_B: 0.424, G_B: 0.940, cycle_B: 0.460, gp: 0.412

[Rank 0] (epoch: 4, iters: 15424, time: 0.001, data: 0.001) , D_A: 0.361, G_A: 1.327, cycle_A: 0.423, D_B: 0.276, G_B: 0.994, cycle_B: 0.495, gp: 0.271

learning rate 0.0002000 -> 0.0002000
temperature tau = 0.4384
End of epoch 4 / 50 	 Time Taken: 14 sec
[Rank 0] (epoch: 5, iters: 832, time: 0.001, data: 0.001) , D_A: 0.317, G_A: 0.825, cycle_A: 0.382, D_B: 0.293, G_B: 0.923, cycle_B: 0.324, gp: 0.286

[Rank 0] (epoch: 5, iters: 2432, time: 0.001, data: 0.000) , D_A: 0.304, G_A: 0.939, cycle_A: 0.873, D_B: 0.319, G_B: 1.153, cycle_B: 0.384, gp: 0.311

[Rank 0] (epoch: 5, iters: 4032, time: 0.001, data: 0.001) , D_A: 0.275, G_A: 1.065, cycle_A: 0.405, D_B: 0.368, G_B: 0.985, cycle_B: 0.385, gp: 0.362

[Rank 0] (epoch: 5, iters: 5632, time: 0.001, data: 0.001) , D_A: 0.285, G_A: 0.996, cycle_A: 0.417, D_B: 0.276, G_B: 1.237, cycle_B: 0.345, gp: 0.261

[Rank 0] (epoch: 5, iters: 7232, time: 0.001, data: 0.001) , D_A: 0.243, G_A: 0.654, cycle_A: 0.396, D_B: 0.249, G_B: 1.005, cycle_B: 0.353, gp: 0.242

[Rank 0] (epoch: 5, iters: 8832, time: 0.001, data: 0.002) , D_A: 0.249, G_A: 1.005, cycle_A: 0.458, D_B: 0.233, G_B: 0.942, cycle_B: 0.345, gp: 0.226

[Rank 0] (epoch: 5, iters: 10432, time: 0.001, data: 0.001) , D_A: 0.248, G_A: 0.893, cycle_A: 0.439, D_B: 0.261, G_B: 0.833, cycle_B: 0.344, gp: 0.253

[Rank 0] (epoch: 5, iters: 12032, time: 0.001, data: 0.001) , D_A: 0.279, G_A: 0.968, cycle_A: 0.434, D_B: 0.446, G_B: 0.785, cycle_B: 0.466, gp: 0.391

[Rank 0] (epoch: 5, iters: 13632, time: 0.001, data: 0.001) , D_A: 0.273, G_A: 0.980, cycle_A: 0.579, D_B: 0.253, G_B: 1.064, cycle_B: 0.463, gp: 0.243

--- iter tau=0.4384 ---
  cipher in : bcbc bf bfbcfbecfb befbffbffbcfbfabcbdfbabffbfbfcbecfbfcbf bcbcf
  decrypted : afaf a  a af a f a a  a  a  af a cafaa aca  a a fa f a fa  afaf 
  real plain:  a e a f e eea aae ad a fe fec ad ea e ad a aeed e cac e f e e e
  cipher in : bcbfbacbffbfbcbafcbabdbcbcf bcb cbc bfcbfbcbfbcbefbebfcbddfcbcb 
  decrypted : afa acfa  a afac facaaafaf  afa faf a fa afa afa  a a faaa fafa 
  real plain:  e aea ac dcae a eee ded eea afe e eecc de bab ad d e ae a ee a 
[Rank 0] (epoch: 5, iters: 15232, time: 0.001, data: 0.001) , D_A: 0.252, G_A: 1.034, cycle_A: 0.419, D_B: 0.203, G_B: 0.974, cycle_B: 0.474, gp: 0.197

saving the latest model (epoch 5, total_iters 80000)
learning rate 0.0002000 -> 0.0002000
temperature tau = 0.4243
End of epoch 5 / 50 	 Time Taken: 15 sec
[Rank 0] (epoch: 6, iters: 640, time: 0.001, data: 0.001) , D_A: 0.286, G_A: 0.990, cycle_A: 0.408, D_B: 0.197, G_B: 0.952, cycle_B: 0.451, gp: 0.191

[Rank 0] (epoch: 6, iters: 2240, time: 0.001, data: 0.000) , D_A: 0.220, G_A: 0.932, cycle_A: 0.403, D_B: 0.272, G_B: 0.955, cycle_B: 0.460, gp: 0.266

[Rank 0] (epoch: 6, iters: 3840, time: 0.001, data: 0.001) , D_A: 0.250, G_A: 0.993, cycle_A: 0.362, D_B: 0.166, G_B: 1.080, cycle_B: 0.347, gp: 0.157

[Rank 0] (epoch: 6, iters: 5440, time: 0.001, data: 0.001) , D_A: 0.217, G_A: 0.962, cycle_A: 0.381, D_B: 0.284, G_B: 1.075, cycle_B: 0.339, gp: 0.275

[Rank 0] (epoch: 6, iters: 7040, time: 0.001, data: 0.001) , D_A: 0.247, G_A: 0.924, cycle_A: 0.381, D_B: 0.198, G_B: 0.967, cycle_B: 0.344, gp: 0.192

[Rank 0] (epoch: 6, iters: 8640, time: 0.001, data: 0.001) , D_A: 0.382, G_A: 0.966, cycle_A: 0.400, D_B: 0.206, G_B: 1.161, cycle_B: 0.345, gp: 0.199

[Rank 0] (epoch: 6, iters: 10240, time: 0.001, data: 0.001) , D_A: 0.322, G_A: 1.095, cycle_A: 0.410, D_B: 0.144, G_B: 1.140, cycle_B: 0.358, gp: 0.137

[Rank 0] (epoch: 6, iters: 11840, time: 0.001, data: 0.001) , D_A: 0.199, G_A: 0.945, cycle_A: 0.437, D_B: 0.233, G_B: 0.924, cycle_B: 0.360, gp: 0.229

[Rank 0] (epoch: 6, iters: 13440, time: 0.001, data: 0.001) , D_A: 0.479, G_A: 0.413, cycle_A: 0.407, D_B: 0.204, G_B: 0.989, cycle_B: 0.329, gp: 0.200

[Rank 0] (epoch: 6, iters: 15040, time: 0.001, data: 0.001) , D_A: 0.338, G_A: 0.960, cycle_A: 0.421, D_B: 0.311, G_B: 1.074, cycle_B: 0.344, gp: 0.306

learning rate 0.0002000 -> 0.0002000
temperature tau = 0.4106
End of epoch 6 / 50 	 Time Taken: 15 sec
[Rank 0] (epoch: 7, iters: 448, time: 0.001, data: 0.001) , D_A: 0.217, G_A: 0.981, cycle_A: 0.421, D_B: 0.235, G_B: 0.983, cycle_B: 0.350, gp: 0.228

[Rank 0] (epoch: 7, iters: 2048, time: 0.001, data: 0.001) , D_A: 0.340, G_A: 0.344, cycle_A: 0.420, D_B: 0.196, G_B: 1.001, cycle_B: 0.349, gp: 0.192

[Rank 0] (epoch: 7, iters: 3648, time: 0.001, data: 0.001) , D_A: 0.236, G_A: 0.941, cycle_A: 0.443, D_B: 0.176, G_B: 0.949, cycle_B: 0.366, gp: 0.172

[Rank 0] (epoch: 7, iters: 5248, time: 0.001, data: 0.001) , D_A: 0.278, G_A: 1.018, cycle_A: 0.972, D_B: 0.189, G_B: 1.019, cycle_B: 0.347, gp: 0.184

[Rank 0] (epoch: 7, iters: 6848, time: 0.001, data: 0.001) , D_A: 0.221, G_A: 1.007, cycle_A: 0.432, D_B: 0.340, G_B: 0.745, cycle_B: 0.340, gp: 0.297

[Rank 0] (epoch: 7, iters: 8448, time: 0.001, data: 0.001) , D_A: 0.241, G_A: 0.997, cycle_A: 0.437, D_B: 0.265, G_B: 1.006, cycle_B: 0.332, gp: 0.261

[Rank 0] (epoch: 7, iters: 10048, time: 0.001, data: 0.001) , D_A: 0.290, G_A: 1.021, cycle_A: 0.431, D_B: 0.189, G_B: 0.881, cycle_B: 0.356, gp: 0.182

[Rank 0] (epoch: 7, iters: 11648, time: 0.001, data: 0.001) , D_A: 0.286, G_A: 0.969, cycle_A: 0.439, D_B: 0.284, G_B: 0.966, cycle_B: 0.336, gp: 0.279

[Rank 0] (epoch: 7, iters: 13248, time: 0.001, data: 0.001) , D_A: 0.255, G_A: 1.048, cycle_A: 0.429, D_B: 0.207, G_B: 1.239, cycle_B: 0.340, gp: 0.196

[Rank 0] (epoch: 7, iters: 14848, time: 0.001, data: 0.001) , D_A: 0.239, G_A: 1.094, cycle_A: 0.497, D_B: 0.247, G_B: 0.711, cycle_B: 0.459, gp: 0.229

learning rate 0.0002000 -> 0.0002000
temperature tau = 0.3973
End of epoch 7 / 50 	 Time Taken: 15 sec
[Rank 0] (epoch: 8, iters: 256, time: 0.001, data: 0.001) , D_A: 0.256, G_A: 1.130, cycle_A: 0.493, D_B: 0.228, G_B: 1.001, cycle_B: 0.474, gp: 0.222

[Rank 0] (epoch: 8, iters: 1856, time: 0.001, data: 0.002) , D_A: 0.226, G_A: 0.980, cycle_A: 0.494, D_B: 0.210, G_B: 1.042, cycle_B: 0.450, gp: 0.205

[Rank 0] (epoch: 8, iters: 3456, time: 0.001, data: 0.001) , D_A: 0.312, G_A: 0.996, cycle_A: 0.473, D_B: 0.271, G_B: 1.069, cycle_B: 0.460, gp: 0.265

[Rank 0] (epoch: 8, iters: 5056, time: 0.001, data: 0.001) , D_A: 0.243, G_A: 0.954, cycle_A: 0.473, D_B: 0.237, G_B: 0.971, cycle_B: 0.463, gp: 0.231

--- iter tau=0.3973 ---
  cipher in : afb  bcfbfbacfbcbacdfbfc bc bfb cbfdfbfbdffdfbc bfbfb cbfcfbdfdb
  decrypted : c e  ef e ecf efecfa e f ef e e fe a e ea  a ef e e e fe f ea ae
  real plain: a ae ceae aead ae bee effec e ae aed f e cdeeb a e ad a f ceaed 
  cipher in : afbab fbcabc bdcbcabcbacbdcbabfdfcbfb facefbabfbabd fcbdfbffcbab
  decrypted : c ece  efcef eafefcefecfeafece a fe e  cf  ece ecea  fea e  fece
  real plain: aeca ecc ad ca cc ee ede b ead ece aeca dce ed f e ed ae eba a c
[Rank 0] (epoch: 8, iters: 6656, time: 0.001, data: 0.002) , D_A: 0.228, G_A: 0.970, cycle_A: 0.487, D_B: 0.298, G_B: 1.077, cycle_B: 0.470, gp: 0.293

saving the latest model (epoch 8, total_iters 120000)
[Rank 0] (epoch: 8, iters: 8256, time: 0.001, data: 0.001) , D_A: 0.265, G_A: 0.986, cycle_A: 0.455, D_B: 0.244, G_B: 0.960, cycle_B: 0.459, gp: 0.241

[Rank 0] (epoch: 8, iters: 9856, time: 0.001, data: 0.001) , D_A: 0.230, G_A: 1.113, cycle_A: 0.425, D_B: 0.236, G_B: 1.014, cycle_B: 0.340, gp: 0.232

[Rank 0] (epoch: 8, iters: 11456, time: 0.001, data: 0.001) , D_A: 0.273, G_A: 0.975, cycle_A: 0.422, D_B: 0.264, G_B: 1.110, cycle_B: 0.331, gp: 0.261

[Rank 0] (epoch: 8, iters: 13056, time: 0.001, data: 0.001) , D_A: 0.948, G_A: 0.976, cycle_A: 1.924, D_B: 0.792, G_B: 0.612, cycle_B: 1.959, gp: 0.573

[Rank 0] (epoch: 8, iters: 14656, time: 0.001, data: 0.001) , D_A: 0.432, G_A: 1.032, cycle_A: 0.906, D_B: 0.545, G_B: 0.592, cycle_B: 0.945, gp: 0.380

learning rate 0.0002000 -> 0.0002000
temperature tau = 0.3845
End of epoch 8 / 50 	 Time Taken: 14 sec
[Rank 0] (epoch: 9, iters: 64, time: 0.001, data: 0.001) , D_A: 0.421, G_A: 1.029, cycle_A: 0.909, D_B: 0.435, G_B: 1.111, cycle_B: 0.405, gp: 0.410

[Rank 0] (epoch: 9, iters: 1664, time: 0.001, data: 0.001) , D_A: 0.340, G_A: 0.859, cycle_A: 0.480, D_B: 0.244, G_B: 0.895, cycle_B: 0.477, gp: 0.237

[Rank 0] (epoch: 9, iters: 3264, time: 0.001, data: 0.001) , D_A: 0.349, G_A: 0.924, cycle_A: 0.498, D_B: 0.407, G_B: 0.746, cycle_B: 0.452, gp: 0.357

[Rank 0] (epoch: 9, iters: 4864, time: 0.001, data: 0.001) , D_A: 0.316, G_A: 0.932, cycle_A: 0.493, D_B: 0.303, G_B: 0.955, cycle_B: 0.449, gp: 0.293

[Rank 0] (epoch: 9, iters: 6464, time: 0.001, data: 0.001) , D_A: 0.323, G_A: 1.073, cycle_A: 0.408, D_B: 0.239, G_B: 1.019, cycle_B: 0.445, gp: 0.232

[Rank 0] (epoch: 9, iters: 8064, time: 0.001, data: 0.001) , D_A: 0.482, G_A: 1.248, cycle_A: 0.376, D_B: 0.695, G_B: 1.261, cycle_B: 0.327, gp: 0.321

[Rank 0] (epoch: 9, iters: 9664, time: 0.001, data: 0.001) , D_A: 0.350, G_A: 1.006, cycle_A: 0.363, D_B: 0.285, G_B: 0.966, cycle_B: 0.327, gp: 0.277

[Rank 0] (epoch: 9, iters: 11264, time: 0.001, data: 0.001) , D_A: 0.239, G_A: 1.002, cycle_A: 0.814, D_B: 0.268, G_B: 1.024, cycle_B: 0.352, gp: 0.262

[Rank 0] (epoch: 9, iters: 12864, time: 0.001, data: 0.001) , D_A: 0.326, G_A: 1.019, cycle_A: 0.376, D_B: 0.238, G_B: 0.972, cycle_B: 0.316, gp: 0.234

[Rank 0] (epoch: 9, iters: 14464, time: 0.001, data: 0.001) , D_A: 0.215, G_A: 0.989, cycle_A: 0.734, D_B: 0.271, G_B: 1.120, cycle_B: 0.335, gp: 0.262

[Rank 0] (epoch: 9, iters: 16064, time: 0.001, data: 0.001) , D_A: 0.305, G_A: 1.012, cycle_A: 0.677, D_B: 0.308, G_B: 0.971, cycle_B: 0.332, gp: 0.300

learning rate 0.0002000 -> 0.0002000
temperature tau = 0.3720
End of epoch 9 / 50 	 Time Taken: 15 sec
[Rank 0] (epoch: 10, iters: 1472, time: 0.001, data: 0.001) , D_A: 0.364, G_A: 0.995, cycle_A: 0.405, D_B: 0.334, G_B: 1.000, cycle_B: 0.308, gp: 0.330

[Rank 0] (epoch: 10, iters: 3072, time: 0.001, data: 0.001) , D_A: 0.302, G_A: 1.033, cycle_A: 0.517, D_B: 0.486, G_B: 0.789, cycle_B: 0.448, gp: 0.322

[Rank 0] (epoch: 10, iters: 4672, time: 0.001, data: 0.001) , D_A: 0.359, G_A: 1.018, cycle_A: 0.489, D_B: 0.322, G_B: 1.013, cycle_B: 0.455, gp: 0.306

[Rank 0] (epoch: 10, iters: 6272, time: 0.001, data: 0.001) , D_A: 0.345, G_A: 1.090, cycle_A: 0.439, D_B: 0.274, G_B: 1.064, cycle_B: 0.464, gp: 0.264

[Rank 0] (epoch: 10, iters: 7872, time: 0.001, data: 0.001) , D_A: 0.333, G_A: 1.119, cycle_A: 0.456, D_B: 0.217, G_B: 0.971, cycle_B: 0.431, gp: 0.208

[Rank 0] (epoch: 10, iters: 9472, time: 0.001, data: 0.001) , D_A: 0.237, G_A: 0.947, cycle_A: 0.427, D_B: 0.241, G_B: 1.153, cycle_B: 0.440, gp: 0.232

[Rank 0] (epoch: 10, iters: 11072, time: 0.001, data: 0.001) , D_A: 0.305, G_A: 0.989, cycle_A: 0.430, D_B: 0.224, G_B: 1.019, cycle_B: 0.452, gp: 0.216

[Rank 0] (epoch: 10, iters: 12672, time: 0.001, data: 0.001) , D_A: 0.370, G_A: 1.052, cycle_A: 0.520, D_B: 0.228, G_B: 0.994, cycle_B: 0.458, gp: 0.222

--- iter tau=0.3720 ---
  cipher in : efbcb f babfbfd bfbabfbdfbfcbdcbfbc bcbfbecdbfcfbcdfbec fbc b bf
  decrypted :   adaf faea a afa aea aa a daada adfada a daa d ada a df adfafa 
  real plain: fee da a ee eee ae eeded a e f ec aed e ae b c e d ce ad ef e f 
  cipher in : bcbff bcecb ff fdfbab bc bfdcbcbffbcbcbcbfbcbc bfbdbacfbacfbdfab
  decrypted : ada  fad daf  f a aeafadfa adada  adadada adadfa aaaed aed aa ea
  real plain: bee de f a dace f ad f e ffe ad ade a e ce aca ee ad eaed b e ad
[Rank 0] (epoch: 10, iters: 14272, time: 0.001, data: 0.001) , D_A: 0.246, G_A: 1.023, cycle_A: 0.409, D_B: 0.274, G_B: 1.022, cycle_B: 0.318, gp: 0.269

saving the latest model (epoch 10, total_iters 160000)
[Rank 0] (epoch: 10, iters: 15872, time: 0.001, data: 0.001) , D_A: 0.279, G_A: 0.968, cycle_A: 0.391, D_B: 0.340, G_B: 0.928, cycle_B: 0.307, gp: 0.332

learning rate 0.0002000 -> 0.0002000
temperature tau = 0.3600
End of epoch 10 / 50 	 Time Taken: 14 sec
[Rank 0] (epoch: 11, iters: 1280, time: 0.001, data: 0.001) , D_A: 0.355, G_A: 0.829, cycle_A: 0.388, D_B: 0.282, G_B: 0.843, cycle_B: 0.322, gp: 0.278

[Rank 0] (epoch: 11, iters: 2880, time: 0.001, data: 0.001) , D_A: 0.240, G_A: 0.942, cycle_A: 0.456, D_B: 0.220, G_B: 0.886, cycle_B: 0.468, gp: 0.214

[Rank 0] (epoch: 11, iters: 4480, time: 0.001, data: 0.001) , D_A: 0.226, G_A: 0.986, cycle_A: 0.426, D_B: 0.387, G_B: 0.981, cycle_B: 0.441, gp: 0.382

[Rank 0] (epoch: 11, iters: 6080, time: 0.001, data: 0.001) , D_A: 0.272, G_A: 1.067, cycle_A: 0.511, D_B: 0.235, G_B: 1.229, cycle_B: 0.441, gp: 0.227

[Rank 0] (epoch: 11, iters: 7680, time: 0.001, data: 0.001) , D_A: 0.271, G_A: 0.981, cycle_A: 0.465, D_B: 0.279, G_B: 1.003, cycle_B: 0.433, gp: 0.273

[Rank 0] (epoch: 11, iters: 9280, time: 0.001, data: 0.001) , D_A: 0.298, G_A: 0.931, cycle_A: 0.503, D_B: 0.224, G_B: 1.006, cycle_B: 0.439, gp: 0.216

[Rank 0] (epoch: 11, iters: 10880, time: 0.001, data: 0.001) , D_A: 0.263, G_A: 0.949, cycle_A: 0.389, D_B: 0.243, G_B: 0.949, cycle_B: 0.445, gp: 0.236

[Rank 0] (epoch: 11, iters: 12480, time: 0.001, data: 0.001) , D_A: 0.266, G_A: 0.995, cycle_A: 0.514, D_B: 0.287, G_B: 0.977, cycle_B: 0.450, gp: 0.283

[Rank 0] (epoch: 11, iters: 14080, time: 0.001, data: 0.001) , D_A: 0.299, G_A: 0.975, cycle_A: 0.453, D_B: 0.242, G_B: 0.921, cycle_B: 0.458, gp: 0.238

[Rank 0] (epoch: 11, iters: 15680, time: 0.001, data: 0.001) , D_A: 0.338, G_A: 1.007, cycle_A: 0.767, D_B: 0.186, G_B: 1.056, cycle_B: 0.329, gp: 0.179

learning rate 0.0002000 -> 0.0002000
temperature tau = 0.3484
End of epoch 11 / 50 	 Time Taken: 14 sec
[Rank 0] (epoch: 12, iters: 1088, time: 0.001, data: 0.001) , D_A: 0.328, G_A: 1.044, cycle_A: 0.762, D_B: 0.273, G_B: 0.949, cycle_B: 0.326, gp: 0.268

[Rank 0] (epoch: 12, iters: 2688, time: 0.001, data: 0.001) , D_A: 0.325, G_A: 1.131, cycle_A: 0.703, D_B: 0.229, G_B: 0.950, cycle_B: 0.348, gp: 0.225

[Rank 0] (epoch: 12, iters: 4288, time: 0.001, data: 0.001) , D_A: 0.242, G_A: 0.941, cycle_A: 0.389, D_B: 0.197, G_B: 1.009, cycle_B: 0.329, gp: 0.194

[Rank 0] (epoch: 12, iters: 5888, time: 0.001, data: 0.001) , D_A: 0.179, G_A: 1.007, cycle_A: 0.571, D_B: 0.909, G_B: 0.212, cycle_B: 0.442, gp: 0.441

[Rank 0] (epoch: 12, iters: 7488, time: 0.001, data: 0.001) , D_A: 0.345, G_A: 0.955, cycle_A: 0.439, D_B: 0.289, G_B: 0.828, cycle_B: 0.435, gp: 0.283

[Rank 0] (epoch: 12, iters: 9088, time: 0.001, data: 0.001) , D_A: 0.229, G_A: 0.944, cycle_A: 0.819, D_B: 0.561, G_B: 0.375, cycle_B: 0.285, gp: 0.358

[Rank 0] (epoch: 12, iters: 10688, time: 0.001, data: 0.001) , D_A: 0.278, G_A: 1.172, cycle_A: 0.495, D_B: 0.331, G_B: 1.006, cycle_B: 0.447, gp: 0.328

[Rank 0] (epoch: 12, iters: 12288, time: 0.001, data: 0.001) , D_A: 0.285, G_A: 0.904, cycle_A: 0.500, D_B: 0.270, G_B: 0.971, cycle_B: 0.459, gp: 0.264

[Rank 0] (epoch: 12, iters: 13888, time: 0.001, data: 0.001) , D_A: 0.230, G_A: 1.008, cycle_A: 0.427, D_B: 0.314, G_B: 0.921, cycle_B: 0.446, gp: 0.311

[Rank 0] (epoch: 12, iters: 15488, time: 0.001, data: 0.001) , D_A: 0.236, G_A: 1.018, cycle_A: 0.399, D_B: 0.143, G_B: 0.985, cycle_B: 0.440, gp: 0.139

learning rate 0.0002000 -> 0.0002000
temperature tau = 0.3371
End of epoch 12 / 50 	 Time Taken: 14 sec
[Rank 0] (epoch: 13, iters: 896, time: 0.001, data: 0.001) , D_A: 0.316, G_A: 0.892, cycle_A: 0.376, D_B: 0.208, G_B: 0.978, cycle_B: 0.319, gp: 0.197

[Rank 0] (epoch: 13, iters: 2496, time: 0.001, data: 0.001) , D_A: 0.325, G_A: 1.018, cycle_A: 0.379, D_B: 0.377, G_B: 1.012, cycle_B: 0.341, gp: 0.370

[Rank 0] (epoch: 13, iters: 4096, time: 0.001, data: 0.001) , D_A: 0.333, G_A: 0.991, cycle_A: 0.751, D_B: 0.249, G_B: 0.957, cycle_B: 0.329, gp: 0.246

--- iter tau=0.3371 ---
  cipher in : fbcbdcfc ff bcdf fbcbcbfbcbfabdcbdbfbdcbffbcf bfbcdfbf fbffbcbcb
  decrypted :  adaad df  fada f adada ada eaadaaa aada  ad fa ada a f a  adada
  real plain:  ced ad aca ead a a f e eae e ce f be ad ae e ffe e e aa e ae ae
  cipher in :  bc bfbccbcbfb  f b fc bfbfbc bcb fafbcb acf bfbc bfb fb cfbcfbf
  decrypted : fadfa addada aff faf dfa a adfadaf e adafed fa adfa af afd ad a 
  real plain: b ad ed f a ead ee e ce ad fed e e c ece eebe a aed f e a ed ece
[Rank 0] (epoch: 13, iters: 5696, time: 0.001, data: 0.001) , D_A: 0.252, G_A: 0.904, cycle_A: 0.378, D_B: 0.207, G_B: 0.946, cycle_B: 0.322, gp: 0.204

saving the latest model (epoch 13, total_iters 200000)
[Rank 0] (epoch: 13, iters: 7296, time: 0.001, data: 0.001) , D_A: 0.239, G_A: 0.917, cycle_A: 0.381, D_B: 0.269, G_B: 0.903, cycle_B: 0.327, gp: 0.265

[Rank 0] (epoch: 13, iters: 8896, time: 0.001, data: 0.001) , D_A: 0.251, G_A: 1.156, cycle_A: 0.620, D_B: 0.274, G_B: 0.962, cycle_B: 0.323, gp: 0.270

[Rank 0] (epoch: 13, iters: 10496, time: 0.001, data: 0.002) , D_A: 0.288, G_A: 1.013, cycle_A: 0.399, D_B: 0.631, G_B: 1.371, cycle_B: 0.444, gp: 0.279

[Rank 0] (epoch: 13, iters: 12096, time: 0.001, data: 0.001) , D_A: 0.205, G_A: 0.968, cycle_A: 0.430, D_B: 0.134, G_B: 1.008, cycle_B: 0.441, gp: 0.126

[Rank 0] (epoch: 13, iters: 13696, time: 0.001, data: 0.001) , D_A: 0.231, G_A: 0.960, cycle_A: 0.411, D_B: 0.270, G_B: 0.963, cycle_B: 0.440, gp: 0.264

[Rank 0] (epoch: 13, iters: 15296, time: 0.001, data: 0.001) , D_A: 0.160, G_A: 1.012, cycle_A: 0.411, D_B: 0.302, G_B: 0.898, cycle_B: 0.436, gp: 0.299

learning rate 0.0002000 -> 0.0002000
temperature tau = 0.3262
End of epoch 13 / 50 	 Time Taken: 16 sec
[Rank 0] (epoch: 14, iters: 704, time: 0.001, data: 0.001) , D_A: 0.293, G_A: 0.912, cycle_A: 0.565, D_B: 0.253, G_B: 1.014, cycle_B: 0.441, gp: 0.248

[Rank 0] (epoch: 14, iters: 2304, time: 0.001, data: 0.001) , D_A: 0.339, G_A: 1.097, cycle_A: 0.747, D_B: 0.261, G_B: 1.090, cycle_B: 0.341, gp: 0.245

[Rank 0] (epoch: 14, iters: 3904, time: 0.001, data: 0.001) , D_A: 0.401, G_A: 0.939, cycle_A: 0.359, D_B: 0.232, G_B: 1.005, cycle_B: 0.321, gp: 0.228

[Rank 0] (epoch: 14, iters: 5504, time: 0.001, data: 0.001) , D_A: 0.261, G_A: 1.000, cycle_A: 0.376, D_B: 0.292, G_B: 1.030, cycle_B: 0.319, gp: 0.288

[Rank 0] (epoch: 14, iters: 7104, time: 0.001, data: 0.001) , D_A: 0.344, G_A: 0.914, cycle_A: 0.375, D_B: 0.388, G_B: 0.983, cycle_B: 0.304, gp: 0.386

[Rank 0] (epoch: 14, iters: 8704, time: 0.001, data: 0.001) , D_A: 0.370, G_A: 0.981, cycle_A: 0.390, D_B: 0.212, G_B: 0.965, cycle_B: 0.308, gp: 0.210

[Rank 0] (epoch: 14, iters: 10304, time: 0.001, data: 0.001) , D_A: 0.246, G_A: 0.907, cycle_A: 0.359, D_B: 0.314, G_B: 1.012, cycle_B: 0.324, gp: 0.309

[Rank 0] (epoch: 14, iters: 11904, time: 0.001, data: 0.001) , D_A: 0.251, G_A: 0.982, cycle_A: 0.507, D_B: 0.137, G_B: 1.059, cycle_B: 0.450, gp: 0.133

[Rank 0] (epoch: 14, iters: 13504, time: 0.001, data: 0.001) , D_A: 0.252, G_A: 0.984, cycle_A: 0.470, D_B: 0.207, G_B: 1.015, cycle_B: 0.439, gp: 0.204

[Rank 0] (epoch: 14, iters: 15104, time: 0.001, data: 0.001) , D_A: 0.332, G_A: 0.968, cycle_A: 0.422, D_B: 0.798, G_B: 0.400, cycle_B: 0.438, gp: 0.433

learning rate 0.0002000 -> 0.0002000
temperature tau = 0.3157
End of epoch 14 / 50 	 Time Taken: 14 sec
[Rank 0] (epoch: 15, iters: 512, time: 0.001, data: 0.003) , D_A: 0.193, G_A: 0.984, cycle_A: 0.425, D_B: 0.198, G_B: 1.023, cycle_B: 0.440, gp: 0.193

[Rank 0] (epoch: 15, iters: 2112, time: 0.001, data: 0.000) , D_A: 0.339, G_A: 1.006, cycle_A: 0.512, D_B: 0.312, G_B: 1.021, cycle_B: 0.444, gp: 0.309

[Rank 0] (epoch: 15, iters: 3712, time: 0.001, data: 0.001) , D_A: 0.327, G_A: 1.014, cycle_A: 0.519, D_B: 0.226, G_B: 0.971, cycle_B: 0.449, gp: 0.224

[Rank 0] (epoch: 15, iters: 5312, time: 0.001, data: 0.001) , D_A: 0.222, G_A: 0.989, cycle_A: 0.399, D_B: 0.219, G_B: 0.908, cycle_B: 0.323, gp: 0.214

[Rank 0] (epoch: 15, iters: 6912, time: 0.001, data: 0.001) , D_A: 0.279, G_A: 0.949, cycle_A: 0.363, D_B: 0.178, G_B: 0.993, cycle_B: 0.316, gp: 0.175

[Rank 0] (epoch: 15, iters: 8512, time: 0.001, data: 0.001) , D_A: 0.207, G_A: 0.932, cycle_A: 0.740, D_B: 0.369, G_B: 0.938, cycle_B: 0.325, gp: 0.364

[Rank 0] (epoch: 15, iters: 10112, time: 0.001, data: 0.001) , D_A: 0.362, G_A: 0.611, cycle_A: 0.383, D_B: 0.187, G_B: 1.010, cycle_B: 0.349, gp: 0.185

[Rank 0] (epoch: 15, iters: 11712, time: 0.001, data: 0.001) , D_A: 0.273, G_A: 0.961, cycle_A: 0.376, D_B: 0.301, G_B: 0.848, cycle_B: 0.322, gp: 0.299

--- iter tau=0.3157 ---
  cipher in : babfbc bffbfcfbc bcf bcbfbffbcbcb babefcdf bcbefbc bcbfbecfbabfb
  decrypted : eee edce  e d edced cede e  ededeceee  da cede  edcede e d eee e
  real plain: e cae ada cae a ad da e e aead f e f e beaa a ada ae caa caa f e
  cipher in : fbcdcbcbcdcbfbd befbfff bcbfbcfbec bcfbdcbfcbef bfbe bab fdfdbcb
  decrypted :  edadededade eace  e   cede ed e dced eade de  ce e ceeec a aede
  real plain: acce ad a ed fe e ae a cce a aee ad ca ee ee f e ed f e e ad be 
[Rank 0] (epoch: 15, iters: 13312, time: 0.001, data: 0.001) , D_A: 0.269, G_A: 0.977, cycle_A: 0.383, D_B: 0.326, G_B: 0.907, cycle_B: 0.315, gp: 0.323

saving the latest model (epoch 15, total_iters 240000)
[Rank 0] (epoch: 15, iters: 14912, time: 0.001, data: 0.001) , D_A: 0.242, G_A: 1.012, cycle_A: 0.687, D_B: 0.273, G_B: 0.956, cycle_B: 0.319, gp: 0.271

learning rate 0.0002000 -> 0.0002000
temperature tau = 0.3055
End of epoch 15 / 50 	 Time Taken: 14 sec
[Rank 0] (epoch: 16, iters: 320, time: 0.001, data: 0.001) , D_A: 0.225, G_A: 0.975, cycle_A: 0.410, D_B: 0.195, G_B: 0.991, cycle_B: 0.456, gp: 0.191

[Rank 0] (epoch: 16, iters: 1920, time: 0.001, data: 0.001) , D_A: 0.263, G_A: 0.992, cycle_A: 0.394, D_B: 0.281, G_B: 1.040, cycle_B: 0.441, gp: 0.275

[Rank 0] (epoch: 16, iters: 3520, time: 0.001, data: 0.001) , D_A: 0.267, G_A: 0.976, cycle_A: 0.370, D_B: 0.253, G_B: 1.069, cycle_B: 0.321, gp: 0.250

[Rank 0] (epoch: 16, iters: 5120, time: 0.001, data: 0.001) , D_A: 0.379, G_A: 0.960, cycle_A: 0.379, D_B: 0.248, G_B: 1.045, cycle_B: 0.323, gp: 0.244

[Rank 0] (epoch: 16, iters: 6720, time: 0.001, data: 0.001) , D_A: 0.215, G_A: 0.975, cycle_A: 0.365, D_B: 0.212, G_B: 1.024, cycle_B: 0.313, gp: 0.210

[Rank 0] (epoch: 16, iters: 8320, time: 0.001, data: 0.001) , D_A: 0.254, G_A: 0.993, cycle_A: 0.376, D_B: 0.228, G_B: 0.968, cycle_B: 0.314, gp: 0.226

[Rank 0] (epoch: 16, iters: 9920, time: 0.001, data: 0.001) , D_A: 0.324, G_A: 0.971, cycle_A: 0.374, D_B: 0.193, G_B: 0.995, cycle_B: 0.312, gp: 0.188

[Rank 0] (epoch: 16, iters: 11520, time: 0.001, data: 0.001) , D_A: 0.295, G_A: 0.999, cycle_A: 0.377, D_B: 0.271, G_B: 0.956, cycle_B: 0.315, gp: 0.269

[Rank 0] (epoch: 16, iters: 13120, time: 0.001, data: 0.001) , D_A: 0.317, G_A: 1.026, cycle_A: 0.381, D_B: 0.262, G_B: 0.958, cycle_B: 0.335, gp: 0.260

[Rank 0] (epoch: 16, iters: 14720, time: 0.001, data: 0.001) , D_A: 0.282, G_A: 1.143, cycle_A: 0.662, D_B: 0.264, G_B: 1.054, cycle_B: 0.325, gp: 0.262

learning rate 0.0002000 -> 0.0002000
temperature tau = 0.2956
End of epoch 16 / 50 	 Time Taken: 14 sec
[Rank 0] (epoch: 17, iters: 128, time: 0.001, data: 0.001) , D_A: 0.311, G_A: 0.920, cycle_A: 0.395, D_B: 0.320, G_B: 0.936, cycle_B: 0.310, gp: 0.312

[Rank 0] (epoch: 17, iters: 1728, time: 0.001, data: 0.001) , D_A: 0.270, G_A: 1.019, cycle_A: 0.518, D_B: 0.229, G_B: 0.971, cycle_B: 0.443, gp: 0.224

[Rank 0] (epoch: 17, iters: 3328, time: 0.001, data: 0.001) , D_A: 0.353, G_A: 0.984, cycle_A: 0.511, D_B: 0.296, G_B: 1.018, cycle_B: 0.447, gp: 0.288

[Rank 0] (epoch: 17, iters: 4928, time: 0.001, data: 0.001) , D_A: 0.267, G_A: 1.030, cycle_A: 0.512, D_B: 0.230, G_B: 0.901, cycle_B: 0.456, gp: 0.226

[Rank 0] (epoch: 17, iters: 6528, time: 0.001, data: 0.001) , D_A: 0.302, G_A: 0.935, cycle_A: 0.574, D_B: 0.163, G_B: 1.004, cycle_B: 0.437, gp: 0.160

[Rank 0] (epoch: 17, iters: 8128, time: 0.001, data: 0.001) , D_A: 0.188, G_A: 0.986, cycle_A: 0.374, D_B: 0.214, G_B: 1.016, cycle_B: 0.307, gp: 0.211

[Rank 0] (epoch: 17, iters: 9728, time: 0.001, data: 0.001) , D_A: 0.198, G_A: 0.939, cycle_A: 0.372, D_B: 0.202, G_B: 0.927, cycle_B: 0.322, gp: 0.199

[Rank 0] (epoch: 17, iters: 11328, time: 0.001, data: 0.001) , D_A: 0.224, G_A: 0.986, cycle_A: 0.377, D_B: 0.268, G_B: 1.056, cycle_B: 0.321, gp: 0.266

[Rank 0] (epoch: 17, iters: 12928, time: 0.001, data: 0.001) , D_A: 0.337, G_A: 0.910, cycle_A: 0.357, D_B: 0.268, G_B: 0.940, cycle_B: 0.341, gp: 0.266

[Rank 0] (epoch: 17, iters: 14528, time: 0.001, data: 0.002) , D_A: 0.274, G_A: 1.003, cycle_A: 0.388, D_B: 0.251, G_B: 0.989, cycle_B: 0.313, gp: 0.247

[Rank 0] (epoch: 17, iters: 16128, time: 0.001, data: 0.001) , D_A: 0.358, G_A: 0.965, cycle_A: 0.384, D_B: 0.228, G_B: 1.010, cycle_B: 0.299, gp: 0.226

learning rate 0.0002000 -> 0.0002000
temperature tau = 0.2861
End of epoch 17 / 50 	 Time Taken: 15 sec
[Rank 0] (epoch: 18, iters: 1536, time: 0.001, data: 0.001) , D_A: 0.262, G_A: 0.931, cycle_A: 0.374, D_B: 0.167, G_B: 0.999, cycle_B: 0.314, gp: 0.164

[Rank 0] (epoch: 18, iters: 3136, time: 0.001, data: 0.001) , D_A: 0.240, G_A: 0.933, cycle_A: 0.380, D_B: 0.210, G_B: 1.034, cycle_B: 0.321, gp: 0.208

--- iter tau=0.2861 ---
  cipher in : fbc bfbcbcb caf bc bcafbfbfcbcebcdfb bcbff bcdcfbcbafbcbfffbcdfb
  decrypted :  ebfe ebebefbe febfebe e e beb eba efebe  febab ebee ebe   eba e
  real plain: e bacd ed e fee ee a ee ece beaf a e ee aced e aa c bed a a ced 
  cipher in : fbabfbffbdfcbeebc bfb fc bacb befbaadfbfbdfbabfbc dcfbdfcbcacfbf
  decrypted :  eee e  ea be  ebfe ef bfeebefe  eeea e ea eee ebfab ea bebeb e 
  real plain:  cee fee de a bec f cca a ae fe aed edeed d e dace d ceae fee f 
[Rank 0] (epoch: 18, iters: 4736, time: 0.001, data: 0.001) , D_A: 0.324, G_A: 0.991, cycle_A: 0.710, D_B: 0.273, G_B: 1.042, cycle_B: 0.354, gp: 0.270

saving the latest model (epoch 18, total_iters 280000)
[Rank 0] (epoch: 18, iters: 6336, time: 0.001, data: 0.001) , D_A: 0.215, G_A: 0.976, cycle_A: 0.369, D_B: 0.267, G_B: 1.016, cycle_B: 0.320, gp: 0.258

[Rank 0] (epoch: 18, iters: 7936, time: 0.001, data: 0.001) , D_A: 0.221, G_A: 0.972, cycle_A: 0.369, D_B: 0.234, G_B: 0.988, cycle_B: 0.318, gp: 0.232

[Rank 0] (epoch: 18, iters: 9536, time: 0.001, data: 0.001) , D_A: 0.370, G_A: 0.978, cycle_A: 0.355, D_B: 0.178, G_B: 0.972, cycle_B: 0.311, gp: 0.173

[Rank 0] (epoch: 18, iters: 11136, time: 0.001, data: 0.001) , D_A: 0.245, G_A: 0.977, cycle_A: 0.363, D_B: 0.264, G_B: 1.015, cycle_B: 0.328, gp: 0.261

[Rank 0] (epoch: 18, iters: 12736, time: 0.001, data: 0.001) , D_A: 0.230, G_A: 0.962, cycle_A: 0.369, D_B: 0.176, G_B: 0.985, cycle_B: 0.313, gp: 0.174

[Rank 0] (epoch: 18, iters: 14336, time: 0.001, data: 0.001) , D_A: 0.284, G_A: 1.172, cycle_A: 0.805, D_B: 0.205, G_B: 0.983, cycle_B: 0.319, gp: 0.204

[Rank 0] (epoch: 18, iters: 15936, time: 0.001, data: 0.001) , D_A: 0.174, G_A: 0.966, cycle_A: 0.358, D_B: 0.205, G_B: 0.955, cycle_B: 0.316, gp: 0.199

learning rate 0.0002000 -> 0.0002000
temperature tau = 0.2768
End of epoch 18 / 50 	 Time Taken: 15 sec
[Rank 0] (epoch: 19, iters: 1344, time: 0.001, data: 0.001) , D_A: 0.218, G_A: 1.031, cycle_A: 0.386, D_B: 0.325, G_B: 0.980, cycle_B: 0.306, gp: 0.323

[Rank 0] (epoch: 19, iters: 2944, time: 0.001, data: 0.001) , D_A: 0.250, G_A: 1.011, cycle_A: 0.389, D_B: 0.327, G_B: 1.040, cycle_B: 0.323, gp: 0.324

[Rank 0] (epoch: 19, iters: 4544, time: 0.001, data: 0.001) , D_A: 0.177, G_A: 0.956, cycle_A: 0.415, D_B: 0.272, G_B: 1.009, cycle_B: 0.444, gp: 0.270

[Rank 0] (epoch: 19, iters: 6144, time: 0.001, data: 0.001) , D_A: 0.201, G_A: 0.985, cycle_A: 0.395, D_B: 0.207, G_B: 0.998, cycle_B: 0.436, gp: 0.204

[Rank 0] (epoch: 19, iters: 7744, time: 0.001, data: 0.001) , D_A: 0.278, G_A: 1.062, cycle_A: 0.727, D_B: 0.225, G_B: 1.007, cycle_B: 0.324, gp: 0.222

[Rank 0] (epoch: 19, iters: 9344, time: 0.001, data: 0.001) , D_A: 0.356, G_A: 0.971, cycle_A: 0.379, D_B: 0.234, G_B: 0.966, cycle_B: 0.319, gp: 0.232

[Rank 0] (epoch: 19, iters: 10944, time: 0.001, data: 0.001) , D_A: 0.191, G_A: 0.992, cycle_A: 0.373, D_B: 0.314, G_B: 1.031, cycle_B: 0.337, gp: 0.311

[Rank 0] (epoch: 19, iters: 12544, time: 0.001, data: 0.001) , D_A: 0.258, G_A: 0.945, cycle_A: 0.365, D_B: 0.261, G_B: 0.976, cycle_B: 0.315, gp: 0.259

[Rank 0] (epoch: 19, iters: 14144, time: 0.001, data: 0.001) , D_A: 0.256, G_A: 0.909, cycle_A: 0.361, D_B: 0.263, G_B: 1.055, cycle_B: 0.313, gp: 0.260

[Rank 0] (epoch: 19, iters: 15744, time: 0.001, data: 0.002) , D_A: 0.312, G_A: 0.932, cycle_A: 0.355, D_B: 0.223, G_B: 0.980, cycle_B: 0.301, gp: 0.221

learning rate 0.0002000 -> 0.0002000
temperature tau = 0.2679
End of epoch 19 / 50 	 Time Taken: 15 sec
[Rank 0] (epoch: 20, iters: 1152, time: 0.001, data: 0.001) , D_A: 0.279, G_A: 1.012, cycle_A: 0.348, D_B: 0.241, G_B: 0.950, cycle_B: 0.303, gp: 0.238

[Rank 0] (epoch: 20, iters: 2752, time: 0.001, data: 0.001) , D_A: 0.279, G_A: 0.938, cycle_A: 0.364, D_B: 0.290, G_B: 0.959, cycle_B: 0.325, gp: 0.286

[Rank 0] (epoch: 20, iters: 4352, time: 0.001, data: 0.001) , D_A: 0.304, G_A: 0.957, cycle_A: 0.357, D_B: 0.211, G_B: 1.129, cycle_B: 0.334, gp: 0.206

[Rank 0] (epoch: 20, iters: 5952, time: 0.001, data: 0.001) , D_A: 0.261, G_A: 0.940, cycle_A: 0.358, D_B: 0.155, G_B: 0.996, cycle_B: 0.329, gp: 0.152

[Rank 0] (epoch: 20, iters: 7552, time: 0.001, data: 0.001) , D_A: 0.359, G_A: 0.975, cycle_A: 0.350, D_B: 0.193, G_B: 0.973, cycle_B: 0.312, gp: 0.189

[Rank 0] (epoch: 20, iters: 9152, time: 0.001, data: 0.001) , D_A: 0.256, G_A: 1.011, cycle_A: 0.359, D_B: 0.222, G_B: 0.985, cycle_B: 0.290, gp: 0.220

[Rank 0] (epoch: 20, iters: 10752, time: 0.001, data: 0.001) , D_A: 0.288, G_A: 1.025, cycle_A: 0.354, D_B: 0.273, G_B: 1.057, cycle_B: 0.322, gp: 0.272

--- iter tau=0.2679 ---
  cipher in : bfbfbabfbcdfbefbcf bcbebabe bc bdcbd befbfcdf bcbffbf bfff b b f
  decrypted : e e eee eda e  ed cede eee cedceadeace  e da cede  e ce   cecec 
  real plain: ee da e cee ce eade e abaa ee e be ae ce e d f ee a ee ee ab e a
  cipher in : dfbfbfbcfbebcbfbf babcbcdfcbfbdfb df babfcbc bdbef fbcbfbfcfbcdb
  decrypted : a e e ed e ede e ceeededa de ea eca ceee dedceae  c ede e d edae
  real plain: f e a fd eda cae ceec a d ad a b face aeaed e eaeed b ad f a ad 
[Rank 0] (epoch: 20, iters: 12352, time: 0.001, data: 0.001) , D_A: 0.244, G_A: 0.979, cycle_A: 0.346, D_B: 0.293, G_B: 0.976, cycle_B: 0.315, gp: 0.291

saving the latest model (epoch 20, total_iters 320000)
[Rank 0] (epoch: 20, iters: 13952, time: 0.001, data: 0.001) , D_A: 0.263, G_A: 0.973, cycle_A: 0.367, D_B: 0.251, G_B: 1.005, cycle_B: 0.308, gp: 0.249

[Rank 0] (epoch: 20, iters: 15552, time: 0.001, data: 0.001) , D_A: 0.253, G_A: 0.980, cycle_A: 0.353, D_B: 0.314, G_B: 0.973, cycle_B: 0.317, gp: 0.311

learning rate 0.0002000 -> 0.0002000
temperature tau = 0.2592
End of epoch 20 / 50 	 Time Taken: 14 sec
[Rank 0] (epoch: 21, iters: 960, time: 0.001, data: 0.001) , D_A: 0.304, G_A: 0.985, cycle_A: 0.347, D_B: 0.329, G_B: 0.967, cycle_B: 0.306, gp: 0.327

[Rank 0] (epoch: 21, iters: 2560, time: 0.001, data: 0.000) , D_A: 0.382, G_A: 0.942, cycle_A: 0.356, D_B: 0.204, G_B: 0.996, cycle_B: 0.344, gp: 0.199

[Rank 0] (epoch: 21, iters: 4160, time: 0.001, data: 0.001) , D_A: 0.263, G_A: 0.917, cycle_A: 0.352, D_B: 0.256, G_B: 1.022, cycle_B: 0.309, gp: 0.252

[Rank 0] (epoch: 21, iters: 5760, time: 0.001, data: 0.001) , D_A: 0.312, G_A: 0.965, cycle_A: 0.343, D_B: 0.182, G_B: 1.018, cycle_B: 0.323, gp: 0.179

[Rank 0] (epoch: 21, iters: 7360, time: 0.001, data: 0.001) , D_A: 0.237, G_A: 0.934, cycle_A: 0.349, D_B: 0.231, G_B: 0.943, cycle_B: 0.312, gp: 0.228

[Rank 0] (epoch: 21, iters: 8960, time: 0.001, data: 0.001) , D_A: 0.241, G_A: 0.950, cycle_A: 0.354, D_B: 0.241, G_B: 0.978, cycle_B: 0.307, gp: 0.239

[Rank 0] (epoch: 21, iters: 10560, time: 0.001, data: 0.001) , D_A: 0.242, G_A: 0.990, cycle_A: 0.348, D_B: 0.192, G_B: 0.965, cycle_B: 0.315, gp: 0.190

[Rank 0] (epoch: 21, iters: 12160, time: 0.001, data: 0.001) , D_A: 0.244, G_A: 0.945, cycle_A: 0.349, D_B: 0.207, G_B: 0.994, cycle_B: 0.300, gp: 0.204

[Rank 0] (epoch: 21, iters: 13760, time: 0.001, data: 0.001) , D_A: 0.210, G_A: 0.976, cycle_A: 0.331, D_B: 0.234, G_B: 1.006, cycle_B: 0.287, gp: 0.231

[Rank 0] (epoch: 21, iters: 15360, time: 0.001, data: 0.001) , D_A: 0.237, G_A: 0.971, cycle_A: 0.342, D_B: 0.226, G_B: 1.047, cycle_B: 0.310, gp: 0.224

learning rate 0.0002000 -> 0.0002000
temperature tau = 0.2508
End of epoch 21 / 50 	 Time Taken: 14 sec
[Rank 0] (epoch: 22, iters: 768, time: 0.001, data: 0.001) , D_A: 0.394, G_A: 0.907, cycle_A: 0.347, D_B: 0.185, G_B: 1.058, cycle_B: 0.314, gp: 0.182

[Rank 0] (epoch: 22, iters: 2368, time: 0.001, data: 0.000) , D_A: 0.257, G_A: 0.870, cycle_A: 0.340, D_B: 0.232, G_B: 0.944, cycle_B: 0.277, gp: 0.228

[Rank 0] (epoch: 22, iters: 3968, time: 0.001, data: 0.001) , D_A: 0.254, G_A: 1.023, cycle_A: 0.350, D_B: 0.251, G_B: 0.963, cycle_B: 0.281, gp: 0.249

[Rank 0] (epoch: 22, iters: 5568, time: 0.001, data: 0.001) , D_A: 0.370, G_A: 0.974, cycle_A: 0.338, D_B: 0.312, G_B: 1.015, cycle_B: 0.309, gp: 0.308

[Rank 0] (epoch: 22, iters: 7168, time: 0.001, data: 0.001) , D_A: 0.297, G_A: 0.976, cycle_A: 0.356, D_B: 0.324, G_B: 1.081, cycle_B: 0.281, gp: 0.319

[Rank 0] (epoch: 22, iters: 8768, time: 0.001, data: 0.001) , D_A: 0.262, G_A: 0.948, cycle_A: 0.356, D_B: 0.311, G_B: 0.991, cycle_B: 0.299, gp: 0.307

[Rank 0] (epoch: 22, iters: 10368, time: 0.001, data: 0.001) , D_A: 0.222, G_A: 1.009, cycle_A: 0.337, D_B: 0.264, G_B: 1.015, cycle_B: 0.331, gp: 0.261

[Rank 0] (epoch: 22, iters: 11968, time: 0.001, data: 0.001) , D_A: 0.225, G_A: 0.992, cycle_A: 0.321, D_B: 0.135, G_B: 1.106, cycle_B: 0.296, gp: 0.130

[Rank 0] (epoch: 22, iters: 13568, time: 0.001, data: 0.001) , D_A: 0.320, G_A: 0.879, cycle_A: 0.344, D_B: 0.238, G_B: 0.876, cycle_B: 0.172, gp: 0.232

[Rank 0] (epoch: 22, iters: 15168, time: 0.001, data: 0.001) , D_A: 0.372, G_A: 1.266, cycle_A: 0.350, D_B: 0.298, G_B: 0.918, cycle_B: 0.164, gp: 0.294

learning rate 0.0002000 -> 0.0002000
temperature tau = 0.2427
End of epoch 22 / 50 	 Time Taken: 14 sec
[Rank 0] (epoch: 23, iters: 576, time: 0.001, data: 0.001) , D_A: 0.302, G_A: 0.985, cycle_A: 0.359, D_B: 0.182, G_B: 0.889, cycle_B: 0.161, gp: 0.178

[Rank 0] (epoch: 23, iters: 2176, time: 0.001, data: 0.001) , D_A: 0.303, G_A: 0.984, cycle_A: 0.357, D_B: 0.297, G_B: 0.780, cycle_B: 0.144, gp: 0.282

--- iter tau=0.2427 ---
  cipher in : cfbfbfbc bfdfbdfcbc be bfbdbecbffbabdfbcbfbfffcbcfbecefbf bfbfdf
  decrypted : d e e edfe a ea dedfe fe eae de  eeea ede e   ded e d  e fe e a 
  real plain: e effecee f e baed a bad ada f e ceae a f c a aed a eabe dae e c
  cipher in : fbfbcbc bfbcfbcbfb fbf bfbccbaabeccdfbc bfb bdcbfc bc b fbfbfbcb
  decrypted :  e ededfe ed ede ef e fe eddeeee dda edfe efeade dfedfef e e ede
  real plain:  e a be abe deec a b ae e a fae ade f e aed ed ad faeed ec d a a
[Rank 0] (epoch: 23, iters: 3776, time: 0.001, data: 0.001) , D_A: 0.261, G_A: 0.986, cycle_A: 0.331, D_B: 0.268, G_B: 0.944, cycle_B: 0.154, gp: 0.265

saving the latest model (epoch 23, total_iters 360000)
[Rank 0] (epoch: 23, iters: 5376, time: 0.001, data: 0.001) , D_A: 0.393, G_A: 0.514, cycle_A: 0.346, D_B: 0.292, G_B: 0.939, cycle_B: 0.156, gp: 0.287

[Rank 0] (epoch: 23, iters: 6976, time: 0.001, data: 0.001) , D_A: 0.254, G_A: 0.975, cycle_A: 0.353, D_B: 0.272, G_B: 0.903, cycle_B: 0.161, gp: 0.268

[Rank 0] (epoch: 23, iters: 8576, time: 0.001, data: 0.001) , D_A: 0.317, G_A: 0.947, cycle_A: 0.351, D_B: 0.263, G_B: 0.984, cycle_B: 0.154, gp: 0.261

[Rank 0] (epoch: 23, iters: 10176, time: 0.001, data: 0.001) , D_A: 0.489, G_A: 0.962, cycle_A: 0.356, D_B: 0.247, G_B: 1.050, cycle_B: 0.149, gp: 0.243

[Rank 0] (epoch: 23, iters: 11776, time: 0.001, data: 0.001) , D_A: 0.144, G_A: 0.998, cycle_A: 0.349, D_B: 0.230, G_B: 0.973, cycle_B: 0.152, gp: 0.229

[Rank 0] (epoch: 23, iters: 13376, time: 0.001, data: 0.001) , D_A: 0.252, G_A: 0.976, cycle_A: 0.355, D_B: 0.370, G_B: 0.966, cycle_B: 0.149, gp: 0.367

[Rank 0] (epoch: 23, iters: 14976, time: 0.001, data: 0.001) , D_A: 0.317, G_A: 0.979, cycle_A: 0.361, D_B: 0.255, G_B: 0.977, cycle_B: 0.152, gp: 0.253

learning rate 0.0002000 -> 0.0002000
temperature tau = 0.2349
End of epoch 23 / 50 	 Time Taken: 15 sec
[Rank 0] (epoch: 24, iters: 384, time: 0.001, data: 0.001) , D_A: 0.297, G_A: 0.952, cycle_A: 0.341, D_B: 0.219, G_B: 0.937, cycle_B: 0.145, gp: 0.217

[Rank 0] (epoch: 24, iters: 1984, time: 0.001, data: 0.003) , D_A: 0.367, G_A: 0.964, cycle_A: 0.342, D_B: 0.256, G_B: 1.060, cycle_B: 0.160, gp: 0.252

[Rank 0] (epoch: 24, iters: 3584, time: 0.001, data: 0.001) , D_A: 0.290, G_A: 0.939, cycle_A: 0.343, D_B: 0.230, G_B: 0.992, cycle_B: 0.160, gp: 0.228

[Rank 0] (epoch: 24, iters: 5184, time: 0.001, data: 0.001) , D_A: 0.318, G_A: 0.989, cycle_A: 0.354, D_B: 0.199, G_B: 0.983, cycle_B: 0.164, gp: 0.196

[Rank 0] (epoch: 24, iters: 6784, time: 0.001, data: 0.001) , D_A: 0.261, G_A: 0.975, cycle_A: 0.335, D_B: 0.257, G_B: 0.975, cycle_B: 0.148, gp: 0.254

[Rank 0] (epoch: 24, iters: 8384, time: 0.001, data: 0.001) , D_A: 0.260, G_A: 1.048, cycle_A: 0.345, D_B: 0.263, G_B: 0.999, cycle_B: 0.156, gp: 0.260

[Rank 0] (epoch: 24, iters: 9984, time: 0.001, data: 0.001) , D_A: 0.382, G_A: 1.223, cycle_A: 0.342, D_B: 0.272, G_B: 1.013, cycle_B: 0.152, gp: 0.270

[Rank 0] (epoch: 24, iters: 11584, time: 0.001, data: 0.001) , D_A: 0.242, G_A: 1.026, cycle_A: 0.334, D_B: 0.146, G_B: 1.025, cycle_B: 0.149, gp: 0.143

[Rank 0] (epoch: 24, iters: 13184, time: 0.001, data: 0.001) , D_A: 0.210, G_A: 0.915, cycle_A: 0.349, D_B: 0.227, G_B: 1.006, cycle_B: 0.154, gp: 0.225

[Rank 0] (epoch: 24, iters: 14784, time: 0.001, data: 0.001) , D_A: 0.327, G_A: 1.008, cycle_A: 0.335, D_B: 0.336, G_B: 0.908, cycle_B: 0.162, gp: 0.331

learning rate 0.0002000 -> 0.0002000
temperature tau = 0.2273
End of epoch 24 / 50 	 Time Taken: 14 sec
[Rank 0] (epoch: 25, iters: 192, time: 0.001, data: 0.001) , D_A: 0.192, G_A: 1.029, cycle_A: 0.344, D_B: 0.187, G_B: 0.961, cycle_B: 0.146, gp: 0.183

[Rank 0] (epoch: 25, iters: 1792, time: 0.001, data: 0.000) , D_A: 0.279, G_A: 0.937, cycle_A: 0.328, D_B: 0.276, G_B: 0.854, cycle_B: 0.152, gp: 0.270

[Rank 0] (epoch: 25, iters: 3392, time: 0.001, data: 0.001) , D_A: 0.112, G_A: 0.979, cycle_A: 0.351, D_B: 0.232, G_B: 0.944, cycle_B: 0.161, gp: 0.228

[Rank 0] (epoch: 25, iters: 4992, time: 0.001, data: 0.001) , D_A: 0.275, G_A: 0.951, cycle_A: 0.344, D_B: 0.224, G_B: 0.979, cycle_B: 0.155, gp: 0.222

[Rank 0] (epoch: 25, iters: 6592, time: 0.001, data: 0.001) , D_A: 0.311, G_A: 1.077, cycle_A: 0.351, D_B: 0.105, G_B: 0.899, cycle_B: 0.144, gp: 0.097

[Rank 0] (epoch: 25, iters: 8192, time: 0.001, data: 0.001) , D_A: 0.403, G_A: 0.901, cycle_A: 0.336, D_B: 0.226, G_B: 1.045, cycle_B: 0.150, gp: 0.223

[Rank 0] (epoch: 25, iters: 9792, time: 0.001, data: 0.001) , D_A: 0.350, G_A: 1.084, cycle_A: 0.348, D_B: 0.148, G_B: 0.933, cycle_B: 0.146, gp: 0.145

--- iter tau=0.2273 ---
  cipher in : bccbfcbfbdcbcfbcfbcbffdbdfcb  cbcbfd f bcfb  bacbcbfccefb aaffdf
  decrypted : edde de eaded ed ede  aea deffdede af fed effeedede dd  efee  a 
  real plain: de ceced e ecaace aee a ad e fe deee f bac e defee e c a ee ae e
  cipher in : fb cbcfbfbff bfbcfbfbafbc befbcefb bfbfbcf fbfbfbabffbfbfbdcbdcf
  decrypted :  efded e e  fe ed e ee edfe  ed  efe e ed f e e eee  e e eadead 
  real plain: e a bee ead a e ea a fd a aced cae c e ca e dee ef ee dda fd ae 
[Rank 0] (epoch: 25, iters: 11392, time: 0.001, data: 0.001) , D_A: 0.249, G_A: 0.970, cycle_A: 0.334, D_B: 0.254, G_B: 1.027, cycle_B: 0.157, gp: 0.253

saving the latest model (epoch 25, total_iters 400000)
[Rank 0] (epoch: 25, iters: 12992, time: 0.001, data: 0.001) , D_A: 0.251, G_A: 0.950, cycle_A: 0.342, D_B: 0.168, G_B: 1.032, cycle_B: 0.152, gp: 0.165

[Rank 0] (epoch: 25, iters: 14592, time: 0.001, data: 0.001) , D_A: 0.236, G_A: 0.889, cycle_A: 0.351, D_B: 0.305, G_B: 1.075, cycle_B: 0.151, gp: 0.301

[Rank 0] (epoch: 25, iters: 16192, time: 0.001, data: 0.001) , D_A: 0.365, G_A: 0.950, cycle_A: 0.349, D_B: 0.299, G_B: 1.003, cycle_B: 0.145, gp: 0.294

learning rate 0.0002000 -> 0.0002000
temperature tau = 0.2200
End of epoch 25 / 50 	 Time Taken: 14 sec
[Rank 0] (epoch: 26, iters: 1600, time: 0.001, data: 0.087) , D_A: 0.326, G_A: 0.997, cycle_A: 0.352, D_B: 0.219, G_B: 0.919, cycle_B: 0.151, gp: 0.216

[Rank 0] (epoch: 26, iters: 3200, time: 0.001, data: 0.001) , D_A: 0.303, G_A: 0.898, cycle_A: 0.344, D_B: 0.317, G_B: 1.025, cycle_B: 0.155, gp: 0.313

[Rank 0] (epoch: 26, iters: 4800, time: 0.001, data: 0.001) , D_A: 0.350, G_A: 1.000, cycle_A: 0.351, D_B: 0.279, G_B: 0.992, cycle_B: 0.149, gp: 0.275

[Rank 0] (epoch: 26, iters: 6400, time: 0.001, data: 0.001) , D_A: 0.355, G_A: 0.945, cycle_A: 0.337, D_B: 0.171, G_B: 0.977, cycle_B: 0.153, gp: 0.169

[Rank 0] (epoch: 26, iters: 8000, time: 0.001, data: 0.001) , D_A: 0.233, G_A: 0.951, cycle_A: 0.350, D_B: 0.209, G_B: 1.073, cycle_B: 0.159, gp: 0.207

[Rank 0] (epoch: 26, iters: 9600, time: 0.001, data: 0.001) , D_A: 0.206, G_A: 0.979, cycle_A: 0.347, D_B: 0.206, G_B: 1.024, cycle_B: 0.155, gp: 0.203

[Rank 0] (epoch: 26, iters: 11200, time: 0.001, data: 0.001) , D_A: 0.157, G_A: 0.942, cycle_A: 0.339, D_B: 0.246, G_B: 0.970, cycle_B: 0.156, gp: 0.243

[Rank 0] (epoch: 26, iters: 12800, time: 0.001, data: 0.001) , D_A: 0.325, G_A: 1.008, cycle_A: 0.335, D_B: 0.288, G_B: 1.017, cycle_B: 0.157, gp: 0.286

[Rank 0] (epoch: 26, iters: 14400, time: 0.001, data: 0.002) , D_A: 0.292, G_A: 0.967, cycle_A: 0.344, D_B: 0.327, G_B: 0.969, cycle_B: 0.164, gp: 0.325

[Rank 0] (epoch: 26, iters: 16000, time: 0.001, data: 0.001) , D_A: 0.302, G_A: 0.960, cycle_A: 0.337, D_B: 0.213, G_B: 0.968, cycle_B: 0.147, gp: 0.205

learning rate 0.0002000 -> 0.0002000
temperature tau = 0.2129
End of epoch 26 / 50 	 Time Taken: 15 sec
[Rank 0] (epoch: 27, iters: 1408, time: 0.001, data: 0.001) , D_A: 0.249, G_A: 0.995, cycle_A: 0.347, D_B: 0.283, G_B: 0.957, cycle_B: 0.153, gp: 0.281

[Rank 0] (epoch: 27, iters: 3008, time: 0.001, data: 0.001) , D_A: 0.193, G_A: 1.028, cycle_A: 0.346, D_B: 0.304, G_B: 1.048, cycle_B: 0.158, gp: 0.301

[Rank 0] (epoch: 27, iters: 4608, time: 0.001, data: 0.001) , D_A: 0.319, G_A: 0.857, cycle_A: 0.358, D_B: 0.246, G_B: 1.072, cycle_B: 0.156, gp: 0.242

[Rank 0] (epoch: 27, iters: 6208, time: 0.001, data: 0.001) , D_A: 0.248, G_A: 0.956, cycle_A: 0.344, D_B: 0.234, G_B: 0.976, cycle_B: 0.153, gp: 0.231

[Rank 0] (epoch: 27, iters: 7808, time: 0.001, data: 0.001) , D_A: 0.193, G_A: 1.045, cycle_A: 0.350, D_B: 0.175, G_B: 1.117, cycle_B: 0.157, gp: 0.172

[Rank 0] (epoch: 27, iters: 9408, time: 0.001, data: 0.001) , D_A: 0.306, G_A: 0.949, cycle_A: 0.338, D_B: 0.279, G_B: 0.882, cycle_B: 0.146, gp: 0.273

[Rank 0] (epoch: 27, iters: 11008, time: 0.001, data: 0.001) , D_A: 0.244, G_A: 0.965, cycle_A: 0.337, D_B: 0.288, G_B: 1.021, cycle_B: 0.163, gp: 0.286

[Rank 0] (epoch: 27, iters: 12608, time: 0.001, data: 0.001) , D_A: 0.310, G_A: 0.971, cycle_A: 0.360, D_B: 0.151, G_B: 0.988, cycle_B: 0.160, gp: 0.148

[Rank 0] (epoch: 27, iters: 14208, time: 0.001, data: 0.001) , D_A: 0.323, G_A: 1.006, cycle_A: 0.350, D_B: 0.253, G_B: 1.014, cycle_B: 0.155, gp: 0.251

[Rank 0] (epoch: 27, iters: 15808, time: 0.001, data: 0.001) , D_A: 0.279, G_A: 0.978, cycle_A: 0.330, D_B: 0.229, G_B: 0.919, cycle_B: 0.154, gp: 0.225

learning rate 0.0002000 -> 0.0002000
temperature tau = 0.2060
End of epoch 27 / 50 	 Time Taken: 14 sec
[Rank 0] (epoch: 28, iters: 1216, time: 0.001, data: 0.001) , D_A: 0.287, G_A: 0.938, cycle_A: 0.353, D_B: 0.359, G_B: 0.635, cycle_B: 0.153, gp: 0.348

--- iter tau=0.2060 ---
  cipher in : bfc babfbdfbdcbe bcbfbcbfbffbcbc f bcecc bebfcbfbcbffbc babcbcfb
  decrypted : e dceee ea eade cede ede e  ededc ced ddce e de ede  edceeeded e
  real plain:  a e e ae aed ad e da e e ae e cca ae a e e ed a eac e e a cec c
  cipher in : c bccbabfbfb ccdbebdcbc bdcb fcefbecdfbabfcbfbccbffbffbfbcaafbff
  decrypted : dceddeee e ecddae eadedceadec d  e da eee de edde  e  e edee e  
  real plain: e ae eacee defc fa eee fd b cf a aee eca e be c e ede eee f d ee
[Rank 0] (epoch: 28, iters: 2816, time: 0.001, data: 0.001) , D_A: 0.201, G_A: 0.966, cycle_A: 0.335, D_B: 0.133, G_B: 1.002, cycle_B: 0.160, gp: 0.131

saving the latest model (epoch 28, total_iters 440000)
[Rank 0] (epoch: 28, iters: 4416, time: 0.001, data: 0.001) , D_A: 0.176, G_A: 0.931, cycle_A: 0.336, D_B: 0.338, G_B: 0.875, cycle_B: 0.151, gp: 0.331

[Rank 0] (epoch: 28, iters: 6016, time: 0.001, data: 0.001) , D_A: 0.332, G_A: 1.011, cycle_A: 0.346, D_B: 0.233, G_B: 1.041, cycle_B: 0.153, gp: 0.229

[Rank 0] (epoch: 28, iters: 7616, time: 0.001, data: 0.001) , D_A: 0.311, G_A: 0.970, cycle_A: 0.343, D_B: 0.218, G_B: 1.000, cycle_B: 0.155, gp: 0.216

[Rank 0] (epoch: 28, iters: 9216, time: 0.001, data: 0.001) , D_A: 0.287, G_A: 0.979, cycle_A: 0.338, D_B: 0.220, G_B: 0.953, cycle_B: 0.149, gp: 0.217

[Rank 0] (epoch: 28, iters: 10816, time: 0.001, data: 0.001) , D_A: 0.223, G_A: 0.932, cycle_A: 0.335, D_B: 0.235, G_B: 1.023, cycle_B: 0.156, gp: 0.233

[Rank 0] (epoch: 28, iters: 12416, time: 0.001, data: 0.001) , D_A: 0.228, G_A: 0.973, cycle_A: 0.347, D_B: 0.203, G_B: 0.884, cycle_B: 0.164, gp: 0.197

[Rank 0] (epoch: 28, iters: 14016, time: 0.001, data: 0.001) , D_A: 0.302, G_A: 0.898, cycle_A: 0.346, D_B: 0.285, G_B: 0.991, cycle_B: 0.150, gp: 0.282

[Rank 0] (epoch: 28, iters: 15616, time: 0.001, data: 0.001) , D_A: 0.180, G_A: 1.019, cycle_A: 0.359, D_B: 0.186, G_B: 0.995, cycle_B: 0.149, gp: 0.184

learning rate 0.0002000 -> 0.0002000
temperature tau = 0.1993
End of epoch 28 / 50 	 Time Taken: 14 sec
[Rank 0] (epoch: 29, iters: 1024, time: 0.001, data: 0.001) , D_A: 0.357, G_A: 0.998, cycle_A: 0.336, D_B: 0.315, G_B: 0.943, cycle_B: 0.148, gp: 0.311

[Rank 0] (epoch: 29, iters: 2624, time: 0.001, data: 0.000) , D_A: 0.338, G_A: 0.999, cycle_A: 0.356, D_B: 1.171, G_B: 0.056, cycle_B: 0.164, gp: 0.304

[Rank 0] (epoch: 29, iters: 4224, time: 0.001, data: 0.001) , D_A: 0.337, G_A: 1.057, cycle_A: 0.349, D_B: 0.341, G_B: 0.888, cycle_B: 0.152, gp: 0.334

[Rank 0] (epoch: 29, iters: 5824, time: 0.001, data: 0.001) , D_A: 0.162, G_A: 0.990, cycle_A: 0.346, D_B: 0.244, G_B: 0.965, cycle_B: 0.150, gp: 0.242

[Rank 0] (epoch: 29, iters: 7424, time: 0.001, data: 0.001) , D_A: 0.337, G_A: 1.009, cycle_A: 0.338, D_B: 0.288, G_B: 0.967, cycle_B: 0.147, gp: 0.285

[Rank 0] (epoch: 29, iters: 9024, time: 0.001, data: 0.001) , D_A: 0.340, G_A: 0.991, cycle_A: 0.348, D_B: 0.172, G_B: 0.995, cycle_B: 0.149, gp: 0.170

[Rank 0] (epoch: 29, iters: 10624, time: 0.001, data: 0.001) , D_A: 0.264, G_A: 0.965, cycle_A: 0.353, D_B: 0.222, G_B: 0.916, cycle_B: 0.155, gp: 0.221

[Rank 0] (epoch: 29, iters: 12224, time: 0.001, data: 0.004) , D_A: 0.258, G_A: 0.918, cycle_A: 0.335, D_B: 0.224, G_B: 0.940, cycle_B: 0.151, gp: 0.221

[Rank 0] (epoch: 29, iters: 13824, time: 0.001, data: 0.001) , D_A: 0.253, G_A: 0.943, cycle_A: 0.346, D_B: 0.198, G_B: 0.926, cycle_B: 0.154, gp: 0.196

[Rank 0] (epoch: 29, iters: 15424, time: 0.001, data: 0.001) , D_A: 0.251, G_A: 1.003, cycle_A: 0.348, D_B: 0.255, G_B: 0.993, cycle_B: 0.153, gp: 0.252

learning rate 0.0002000 -> 0.0002000
temperature tau = 0.1929
End of epoch 29 / 50 	 Time Taken: 15 sec
[Rank 0] (epoch: 30, iters: 832, time: 0.001, data: 0.001) , D_A: 0.271, G_A: 0.946, cycle_A: 0.335, D_B: 0.318, G_B: 1.010, cycle_B: 0.157, gp: 0.314

[Rank 0] (epoch: 30, iters: 2432, time: 0.001, data: 0.000) , D_A: 0.290, G_A: 1.051, cycle_A: 0.345, D_B: 0.212, G_B: 0.935, cycle_B: 0.149, gp: 0.209

[Rank 0] (epoch: 30, iters: 4032, time: 0.001, data: 0.001) , D_A: 0.270, G_A: 0.958, cycle_A: 0.346, D_B: 0.139, G_B: 0.998, cycle_B: 0.157, gp: 0.137

[Rank 0] (epoch: 30, iters: 5632, time: 0.001, data: 0.001) , D_A: 0.195, G_A: 1.006, cycle_A: 0.341, D_B: 0.261, G_B: 0.970, cycle_B: 0.150, gp: 0.258

[Rank 0] (epoch: 30, iters: 7232, time: 0.001, data: 0.001) , D_A: 0.244, G_A: 0.972, cycle_A: 0.345, D_B: 0.283, G_B: 1.030, cycle_B: 0.150, gp: 0.280

[Rank 0] (epoch: 30, iters: 8832, time: 0.001, data: 0.001) , D_A: 0.292, G_A: 0.965, cycle_A: 0.332, D_B: 0.203, G_B: 0.995, cycle_B: 0.151, gp: 0.201

--- iter tau=0.1929 ---
  cipher in : ffbcdcbfbf fbcbcfbcbcdcbfbfc fb fcfbfefbcddfbcbc bcbcefbfbcbccbd
  decrypted :   edade e c eded ededade e dc ec d e   edaa ededceded  e ededdea
  real plain: ace a dde ad eee aaee ee eeded a cae ee ae a e bac be e ae a c d
  cipher in :  ff bcfbfbcddfbcbfbacfbabcbfbcbcbfbfbc b cbcbcdfbddbcbc fbabfbfc
  decrypted : c  ced e edaa ede eed eeede edede e edcecdededa eaaededc eee e d
  real plain: ee eee ee ffce bd ad eea e a aea a ae a ade caacee e eca fe f e 
[Rank 0] (epoch: 30, iters: 10432, time: 0.001, data: 0.001) , D_A: 0.230, G_A: 0.971, cycle_A: 0.341, D_B: 0.323, G_B: 0.982, cycle_B: 0.151, gp: 0.321

saving the latest model (epoch 30, total_iters 480000)
[Rank 0] (epoch: 30, iters: 12032, time: 0.001, data: 0.002) , D_A: 0.170, G_A: 0.989, cycle_A: 0.322, D_B: 0.231, G_B: 0.968, cycle_B: 0.160, gp: 0.227

[Rank 0] (epoch: 30, iters: 13632, time: 0.001, data: 0.001) , D_A: 0.254, G_A: 0.998, cycle_A: 0.335, D_B: 0.230, G_B: 0.897, cycle_B: 0.154, gp: 0.227

[Rank 0] (epoch: 30, iters: 15232, time: 0.001, data: 0.001) , D_A: 0.279, G_A: 0.983, cycle_A: 0.342, D_B: 0.279, G_B: 0.877, cycle_B: 0.150, gp: 0.273

learning rate 0.0002000 -> 0.0002000
temperature tau = 0.1867
End of epoch 30 / 50 	 Time Taken: 15 sec
[Rank 0] (epoch: 31, iters: 640, time: 0.001, data: 0.001) , D_A: 0.244, G_A: 0.906, cycle_A: 0.352, D_B: 0.231, G_B: 0.918, cycle_B: 0.153, gp: 0.227

[Rank 0] (epoch: 31, iters: 2240, time: 0.001, data: 0.000) , D_A: 0.285, G_A: 0.957, cycle_A: 0.338, D_B: 0.215, G_B: 0.989, cycle_B: 0.144, gp: 0.212

[Rank 0] (epoch: 31, iters: 3840, time: 0.001, data: 0.001) , D_A: 0.250, G_A: 1.005, cycle_A: 0.350, D_B: 0.167, G_B: 1.086, cycle_B: 0.157, gp: 0.165

[Rank 0] (epoch: 31, iters: 5440, time: 0.001, data: 0.001) , D_A: 0.277, G_A: 0.990, cycle_A: 0.353, D_B: 0.233, G_B: 1.058, cycle_B: 0.153, gp: 0.231

[Rank 0] (epoch: 31, iters: 7040, time: 0.001, data: 0.001) , D_A: 0.261, G_A: 1.009, cycle_A: 0.341, D_B: 0.255, G_B: 0.887, cycle_B: 0.150, gp: 0.248

[Rank 0] (epoch: 31, iters: 8640, time: 0.001, data: 0.001) , D_A: 0.149, G_A: 0.984, cycle_A: 0.348, D_B: 0.222, G_B: 0.990, cycle_B: 0.150, gp: 0.219

[Rank 0] (epoch: 31, iters: 10240, time: 0.001, data: 0.001) , D_A: 0.263, G_A: 0.762, cycle_A: 0.351, D_B: 0.239, G_B: 0.935, cycle_B: 0.147, gp: 0.236

[Rank 0] (epoch: 31, iters: 11840, time: 0.001, data: 0.001) , D_A: 0.283, G_A: 1.014, cycle_A: 0.334, D_B: 0.278, G_B: 1.012, cycle_B: 0.154, gp: 0.274

[Rank 0] (epoch: 31, iters: 13440, time: 0.001, data: 0.001) , D_A: 0.247, G_A: 0.926, cycle_A: 0.345, D_B: 0.273, G_B: 0.988, cycle_B: 0.163, gp: 0.271

[Rank 0] (epoch: 31, iters: 15040, time: 0.001, data: 0.001) , D_A: 0.265, G_A: 0.838, cycle_A: 0.332, D_B: 0.256, G_B: 0.980, cycle_B: 0.141, gp: 0.253

learning rate 0.0002000 -> 0.0002000
temperature tau = 0.1806
End of epoch 31 / 50 	 Time Taken: 13 sec
[Rank 0] (epoch: 32, iters: 448, time: 0.001, data: 0.001) , D_A: 0.275, G_A: 0.970, cycle_A: 0.343, D_B: 0.250, G_B: 1.144, cycle_B: 0.142, gp: 0.237

[Rank 0] (epoch: 32, iters: 2048, time: 0.001, data: 0.002) , D_A: 0.287, G_A: 1.004, cycle_A: 0.350, D_B: 0.309, G_B: 1.105, cycle_B: 0.149, gp: 0.272

[Rank 0] (epoch: 32, iters: 3648, time: 0.001, data: 0.001) , D_A: 0.289, G_A: 1.027, cycle_A: 0.333, D_B: 0.203, G_B: 0.975, cycle_B: 0.178, gp: 0.199

[Rank 0] (epoch: 32, iters: 5248, time: 0.001, data: 0.001) , D_A: 0.293, G_A: 1.007, cycle_A: 0.358, D_B: 0.252, G_B: 1.037, cycle_B: 0.156, gp: 0.249

[Rank 0] (epoch: 32, iters: 6848, time: 0.001, data: 0.001) , D_A: 0.259, G_A: 0.967, cycle_A: 0.338, D_B: 0.207, G_B: 0.982, cycle_B: 0.148, gp: 0.204

[Rank 0] (epoch: 32, iters: 8448, time: 0.001, data: 0.001) , D_A: 0.281, G_A: 0.929, cycle_A: 0.351, D_B: 0.176, G_B: 0.998, cycle_B: 0.141, gp: 0.173

[Rank 0] (epoch: 32, iters: 10048, time: 0.001, data: 0.001) , D_A: 0.370, G_A: 0.956, cycle_A: 0.338, D_B: 0.171, G_B: 1.036, cycle_B: 0.144, gp: 0.168

[Rank 0] (epoch: 32, iters: 11648, time: 0.001, data: 0.001) , D_A: 0.247, G_A: 0.932, cycle_A: 0.355, D_B: 0.199, G_B: 0.933, cycle_B: 0.155, gp: 0.198

[Rank 0] (epoch: 32, iters: 13248, time: 0.001, data: 0.001) , D_A: 0.301, G_A: 0.997, cycle_A: 0.354, D_B: 0.283, G_B: 0.834, cycle_B: 0.151, gp: 0.276

[Rank 0] (epoch: 32, iters: 14848, time: 0.001, data: 0.001) , D_A: 0.233, G_A: 0.985, cycle_A: 0.348, D_B: 0.191, G_B: 0.969, cycle_B: 0.154, gp: 0.188

learning rate 0.0002000 -> 0.0002000
temperature tau = 0.1748
End of epoch 32 / 50 	 Time Taken: 14 sec
[Rank 0] (epoch: 33, iters: 256, time: 0.001, data: 0.001) , D_A: 0.228, G_A: 0.933, cycle_A: 0.353, D_B: 0.265, G_B: 0.976, cycle_B: 0.151, gp: 0.262

--- iter tau=0.1748 ---
  cipher in : fb fc bc bfbfbff bfabfbcbcbcb bfbdb bfbfe bffbfbcbfbcbabcbfbf bc
  decrypted :  ef dfedfe e e  fe ee edededefe eaefe e  fe  e ede edeeede e fed
  real plain: fcce ee efafac e b a b a ece e e eac f e ad e e eee c cae bea ad
  cipher in : cbfbc bffbafbcbfbc ccfbab ccbebfbdcbcfbebdcbc bddcbdfbcbfbafcbcb
  decrypted : de edfe  ee ede edfdd eeefdde e eaded e eadedfeaadea ede ee dede
  real plain: ceae ac a a e d edca ec e d edca ec cace f e fac fe eed a aec ac
[Rank 0] (epoch: 33, iters: 1856, time: 0.001, data: 0.003) , D_A: 0.214, G_A: 0.959, cycle_A: 0.350, D_B: 0.294, G_B: 0.991, cycle_B: 0.158, gp: 0.289

saving the latest model (epoch 33, total_iters 520000)
[Rank 0] (epoch: 33, iters: 3456, time: 0.001, data: 0.001) , D_A: 0.268, G_A: 0.981, cycle_A: 0.340, D_B: 0.208, G_B: 1.013, cycle_B: 0.152, gp: 0.204

[Rank 0] (epoch: 33, iters: 5056, time: 0.001, data: 0.001) , D_A: 0.261, G_A: 0.984, cycle_A: 0.336, D_B: 0.247, G_B: 0.993, cycle_B: 0.156, gp: 0.245

[Rank 0] (epoch: 33, iters: 6656, time: 0.001, data: 0.001) , D_A: 0.264, G_A: 0.990, cycle_A: 0.336, D_B: 0.226, G_B: 0.990, cycle_B: 0.143, gp: 0.224

[Rank 0] (epoch: 33, iters: 8256, time: 0.001, data: 0.001) , D_A: 0.275, G_A: 0.998, cycle_A: 0.355, D_B: 0.285, G_B: 1.013, cycle_B: 0.142, gp: 0.284

[Rank 0] (epoch: 33, iters: 9856, time: 0.001, data: 0.001) , D_A: 0.469, G_A: 1.012, cycle_A: 0.325, D_B: 0.241, G_B: 0.984, cycle_B: 0.145, gp: 0.238

[Rank 0] (epoch: 33, iters: 11456, time: 0.001, data: 0.001) , D_A: 0.243, G_A: 1.014, cycle_A: 0.343, D_B: 0.262, G_B: 0.796, cycle_B: 0.142, gp: 0.255

[Rank 0] (epoch: 33, iters: 13056, time: 0.001, data: 0.001) , D_A: 0.324, G_A: 0.939, cycle_A: 0.361, D_B: 0.168, G_B: 1.001, cycle_B: 0.144, gp: 0.166

[Rank 0] (epoch: 33, iters: 14656, time: 0.001, data: 0.001) , D_A: 0.189, G_A: 0.973, cycle_A: 0.339, D_B: 0.252, G_B: 0.895, cycle_B: 0.160, gp: 0.248

learning rate 0.0002000 -> 0.0002000
temperature tau = 0.1691
End of epoch 33 / 50 	 Time Taken: 14 sec
[Rank 0] (epoch: 34, iters: 64, time: 0.001, data: 0.001) , D_A: 0.262, G_A: 0.910, cycle_A: 0.347, D_B: 0.236, G_B: 0.872, cycle_B: 0.146, gp: 0.228

[Rank 0] (epoch: 34, iters: 1664, time: 0.001, data: 0.000) , D_A: 0.225, G_A: 0.970, cycle_A: 0.342, D_B: 0.257, G_B: 0.892, cycle_B: 0.149, gp: 0.253

[Rank 0] (epoch: 34, iters: 3264, time: 0.001, data: 0.001) , D_A: 0.178, G_A: 0.967, cycle_A: 0.345, D_B: 0.319, G_B: 1.028, cycle_B: 0.149, gp: 0.316

[Rank 0] (epoch: 34, iters: 4864, time: 0.001, data: 0.001) , D_A: 0.275, G_A: 0.976, cycle_A: 0.354, D_B: 0.260, G_B: 0.911, cycle_B: 0.167, gp: 0.257

[Rank 0] (epoch: 34, iters: 6464, time: 0.001, data: 0.002) , D_A: 0.287, G_A: 0.915, cycle_A: 0.336, D_B: 0.303, G_B: 0.964, cycle_B: 0.139, gp: 0.299

[Rank 0] (epoch: 34, iters: 8064, time: 0.001, data: 0.001) , D_A: 0.387, G_A: 0.960, cycle_A: 0.354, D_B: 0.234, G_B: 0.930, cycle_B: 0.144, gp: 0.228

[Rank 0] (epoch: 34, iters: 9664, time: 0.001, data: 0.001) , D_A: 0.357, G_A: 0.980, cycle_A: 0.340, D_B: 0.175, G_B: 1.027, cycle_B: 0.145, gp: 0.173

[Rank 0] (epoch: 34, iters: 11264, time: 0.001, data: 0.002) , D_A: 0.204, G_A: 0.987, cycle_A: 0.342, D_B: 0.148, G_B: 0.955, cycle_B: 0.149, gp: 0.143

[Rank 0] (epoch: 34, iters: 12864, time: 0.001, data: 0.001) , D_A: 0.288, G_A: 0.972, cycle_A: 0.349, D_B: 0.258, G_B: 0.907, cycle_B: 0.149, gp: 0.254

[Rank 0] (epoch: 34, iters: 14464, time: 0.001, data: 0.001) , D_A: 0.284, G_A: 0.945, cycle_A: 0.334, D_B: 0.301, G_B: 0.944, cycle_B: 0.150, gp: 0.297

[Rank 0] (epoch: 34, iters: 16064, time: 0.001, data: 0.001) , D_A: 0.312, G_A: 0.975, cycle_A: 0.347, D_B: 0.220, G_B: 0.998, cycle_B: 0.141, gp: 0.218

learning rate 0.0002000 -> 0.0002000
temperature tau = 0.1637
End of epoch 34 / 50 	 Time Taken: 15 sec
[Rank 0] (epoch: 35, iters: 1472, time: 0.001, data: 0.001) , D_A: 0.234, G_A: 0.982, cycle_A: 0.361, D_B: 0.243, G_B: 1.018, cycle_B: 0.150, gp: 0.241

[Rank 0] (epoch: 35, iters: 3072, time: 0.001, data: 0.001) , D_A: 0.328, G_A: 1.025, cycle_A: 0.350, D_B: 0.286, G_B: 0.969, cycle_B: 0.167, gp: 0.280

[Rank 0] (epoch: 35, iters: 4672, time: 0.001, data: 0.001) , D_A: 0.288, G_A: 0.991, cycle_A: 0.340, D_B: 0.216, G_B: 0.967, cycle_B: 0.161, gp: 0.210

[Rank 0] (epoch: 35, iters: 6272, time: 0.001, data: 0.001) , D_A: 0.188, G_A: 0.983, cycle_A: 0.348, D_B: 0.196, G_B: 0.954, cycle_B: 0.145, gp: 0.193

[Rank 0] (epoch: 35, iters: 7872, time: 0.001, data: 0.001) , D_A: 0.250, G_A: 0.964, cycle_A: 0.333, D_B: 0.202, G_B: 0.984, cycle_B: 0.147, gp: 0.200

--- iter tau=0.1637 ---
  cipher in :  bcbecfbc bdcbefcbc bc bfbafbecdfbfbcbfbccbffbdfcf bffbdcf bcfbf
  decrypted : cede d edceade  dedcedce ee e da e ede edde  ea d ce  ead ced e 
  real plain: e ca eac f e ee cad c e e f eac f a defed e aae ea be f e ede e 
  cipher in : beb bfbcbcbebabcbcbfbcbedff be ff bc bfccf bacdfbcb  bc bfcbc bf
  decrypted : e ece edede eeedede ede a  ce c  cedce dd ceeda edeccedce dedce 
  real plain: eee ae a e b c e dffc a eece e a aa ae ae a ee e f aa e a e a ae
[Rank 0] (epoch: 35, iters: 9472, time: 0.001, data: 0.001) , D_A: 0.301, G_A: 0.942, cycle_A: 0.348, D_B: 0.219, G_B: 0.985, cycle_B: 0.145, gp: 0.218

saving the latest model (epoch 35, total_iters 560000)
[Rank 0] (epoch: 35, iters: 11072, time: 0.001, data: 0.001) , D_A: 0.163, G_A: 0.928, cycle_A: 0.352, D_B: 0.329, G_B: 0.950, cycle_B: 0.152, gp: 0.327

[Rank 0] (epoch: 35, iters: 12672, time: 0.001, data: 0.001) , D_A: 0.281, G_A: 0.973, cycle_A: 0.341, D_B: 0.258, G_B: 0.998, cycle_B: 0.150, gp: 0.255

[Rank 0] (epoch: 35, iters: 14272, time: 0.001, data: 0.001) , D_A: 0.338, G_A: 0.984, cycle_A: 0.340, D_B: 0.104, G_B: 0.983, cycle_B: 0.145, gp: 0.101

[Rank 0] (epoch: 35, iters: 15872, time: 0.001, data: 0.001) , D_A: 0.240, G_A: 0.929, cycle_A: 0.334, D_B: 0.218, G_B: 0.964, cycle_B: 0.145, gp: 0.215

learning rate 0.0002000 -> 0.0002000
temperature tau = 0.1584
End of epoch 35 / 50 	 Time Taken: 14 sec
[Rank 0] (epoch: 36, iters: 1280, time: 0.001, data: 0.001) , D_A: 0.324, G_A: 0.972, cycle_A: 0.343, D_B: 0.187, G_B: 1.037, cycle_B: 0.144, gp: 0.184

[Rank 0] (epoch: 36, iters: 2880, time: 0.001, data: 0.001) , D_A: 0.274, G_A: 1.003, cycle_A: 0.358, D_B: 0.210, G_B: 1.078, cycle_B: 0.155, gp: 0.207

[Rank 0] (epoch: 36, iters: 4480, time: 0.001, data: 0.001) , D_A: 0.199, G_A: 0.997, cycle_A: 0.343, D_B: 0.176, G_B: 0.978, cycle_B: 0.145, gp: 0.174

[Rank 0] (epoch: 36, iters: 6080, time: 0.001, data: 0.001) , D_A: 0.220, G_A: 0.982, cycle_A: 0.342, D_B: 0.293, G_B: 0.976, cycle_B: 0.144, gp: 0.288

[Rank 0] (epoch: 36, iters: 7680, time: 0.001, data: 0.001) , D_A: 0.208, G_A: 0.984, cycle_A: 0.354, D_B: 0.270, G_B: 0.947, cycle_B: 0.146, gp: 0.269

[Rank 0] (epoch: 36, iters: 9280, time: 0.001, data: 0.001) , D_A: 0.239, G_A: 0.957, cycle_A: 0.357, D_B: 0.268, G_B: 0.989, cycle_B: 0.143, gp: 0.265

[Rank 0] (epoch: 36, iters: 10880, time: 0.001, data: 0.001) , D_A: 0.257, G_A: 0.931, cycle_A: 0.345, D_B: 0.234, G_B: 1.071, cycle_B: 0.151, gp: 0.222

[Rank 0] (epoch: 36, iters: 12480, time: 0.001, data: 0.001) , D_A: 0.278, G_A: 0.977, cycle_A: 0.353, D_B: 0.279, G_B: 0.967, cycle_B: 0.150, gp: 0.277

[Rank 0] (epoch: 36, iters: 14080, time: 0.001, data: 0.001) , D_A: 0.217, G_A: 0.874, cycle_A: 0.335, D_B: 0.180, G_B: 0.961, cycle_B: 0.153, gp: 0.176

[Rank 0] (epoch: 36, iters: 15680, time: 0.001, data: 0.001) , D_A: 0.239, G_A: 0.874, cycle_A: 0.356, D_B: 0.191, G_B: 0.981, cycle_B: 0.147, gp: 0.189

learning rate 0.0002000 -> 0.0002000
temperature tau = 0.1533
End of epoch 36 / 50 	 Time Taken: 13 sec
[Rank 0] (epoch: 37, iters: 1088, time: 0.001, data: 0.001) , D_A: 0.263, G_A: 0.972, cycle_A: 0.335, D_B: 0.241, G_B: 1.002, cycle_B: 0.149, gp: 0.237

[Rank 0] (epoch: 37, iters: 2688, time: 0.001, data: 0.001) , D_A: 0.215, G_A: 0.900, cycle_A: 0.325, D_B: 0.408, G_B: 0.475, cycle_B: 0.152, gp: 0.324

[Rank 0] (epoch: 37, iters: 4288, time: 0.001, data: 0.001) , D_A: 0.300, G_A: 0.963, cycle_A: 0.342, D_B: 0.286, G_B: 0.949, cycle_B: 0.148, gp: 0.278

[Rank 0] (epoch: 37, iters: 5888, time: 0.001, data: 0.001) , D_A: 0.254, G_A: 1.019, cycle_A: 0.340, D_B: 0.230, G_B: 0.905, cycle_B: 0.143, gp: 0.224

[Rank 0] (epoch: 37, iters: 7488, time: 0.001, data: 0.001) , D_A: 0.170, G_A: 0.981, cycle_A: 0.246, D_B: 0.760, G_B: 0.957, cycle_B: 0.145, gp: 0.753

[Rank 0] (epoch: 37, iters: 9088, time: 0.001, data: 0.001) , D_A: 0.188, G_A: 1.030, cycle_A: 0.252, D_B: 0.660, G_B: 0.822, cycle_B: 0.145, gp: 0.654

[Rank 0] (epoch: 37, iters: 10688, time: 0.001, data: 0.001) , D_A: 0.349, G_A: 0.778, cycle_A: 0.235, D_B: 0.696, G_B: 0.990, cycle_B: 0.144, gp: 0.690

[Rank 0] (epoch: 37, iters: 12288, time: 0.001, data: 0.001) , D_A: 0.360, G_A: 0.983, cycle_A: 0.245, D_B: 0.732, G_B: 0.963, cycle_B: 0.150, gp: 0.728

[Rank 0] (epoch: 37, iters: 13888, time: 0.001, data: 0.001) , D_A: 0.215, G_A: 0.875, cycle_A: 0.238, D_B: 0.717, G_B: 0.781, cycle_B: 0.142, gp: 0.707

[Rank 0] (epoch: 37, iters: 15488, time: 0.001, data: 0.001) , D_A: 0.254, G_A: 0.999, cycle_A: 0.246, D_B: 0.848, G_B: 0.976, cycle_B: 0.145, gp: 0.838

learning rate 0.0002000 -> 0.0002000
temperature tau = 0.1483
End of epoch 37 / 50 	 Time Taken: 15 sec
--- iter tau=0.1483 ---
  cipher in : dfbffbfbc bffbafcbfbdbeffabcbcbffbff bfbcb fbdbd f bffbfb fc bdf
  decrypted : a e  e edce  ee de eae   eedede  e  ce edec eaeac ce  e ec dcea 
  real plain: eae ce e ead e dded de e ee de e fece e e afe e e a a a e a a ee
  cipher in : fbabfbc befbc bfbfbffbcbfbcbfffbfbcbfbfbabfbcfb fcbc  cbafbc bab
  decrypted :  eee edce  edce e e  ede ede   e ede e eee ed ec dedccdee edceee
  real plain: a ad e bac a fed ea aa a e aed a e d f de ee bed a f cae ead e e
[Rank 0] (epoch: 38, iters: 896, time: 0.001, data: 0.001) , D_A: 0.393, G_A: 1.073, cycle_A: 0.258, D_B: 0.692, G_B: 1.020, cycle_B: 0.145, gp: 0.685

saving the latest model (epoch 38, total_iters 600000)
[Rank 0] (epoch: 38, iters: 2496, time: 0.001, data: 0.000) , D_A: 0.304, G_A: 0.985, cycle_A: 0.248, D_B: 0.793, G_B: 0.819, cycle_B: 0.141, gp: 0.783

[Rank 0] (epoch: 38, iters: 4096, time: 0.001, data: 0.001) , D_A: 0.253, G_A: 1.000, cycle_A: 0.239, D_B: 0.754, G_B: 1.035, cycle_B: 0.148, gp: 0.745

[Rank 0] (epoch: 38, iters: 5696, time: 0.001, data: 0.001) , D_A: 0.378, G_A: 0.981, cycle_A: 0.244, D_B: 0.792, G_B: 1.260, cycle_B: 0.142, gp: 0.780

[Rank 0] (epoch: 38, iters: 7296, time: 0.001, data: 0.001) , D_A: 0.277, G_A: 0.969, cycle_A: 0.241, D_B: 0.661, G_B: 1.143, cycle_B: 0.145, gp: 0.643

[Rank 0] (epoch: 38, iters: 8896, time: 0.001, data: 0.001) , D_A: 0.189, G_A: 0.962, cycle_A: 0.254, D_B: 0.728, G_B: 1.072, cycle_B: 0.145, gp: 0.724

[Rank 0] (epoch: 38, iters: 10496, time: 0.001, data: 0.001) , D_A: 0.246, G_A: 0.921, cycle_A: 0.234, D_B: 0.797, G_B: 1.051, cycle_B: 0.141, gp: 0.792

[Rank 0] (epoch: 38, iters: 12096, time: 0.001, data: 0.001) , D_A: 0.283, G_A: 1.003, cycle_A: 0.251, D_B: 0.750, G_B: 0.690, cycle_B: 0.151, gp: 0.723

[Rank 0] (epoch: 38, iters: 13696, time: 0.001, data: 0.001) , D_A: 0.186, G_A: 0.948, cycle_A: 0.253, D_B: 0.859, G_B: 0.828, cycle_B: 0.146, gp: 0.854

[Rank 0] (epoch: 38, iters: 15296, time: 0.001, data: 0.001) , D_A: 0.239, G_A: 0.995, cycle_A: 0.244, D_B: 0.776, G_B: 0.930, cycle_B: 0.140, gp: 0.770

learning rate 0.0002000 -> 0.0002000
temperature tau = 0.1435
End of epoch 38 / 50 	 Time Taken: 14 sec
[Rank 0] (epoch: 39, iters: 704, time: 0.001, data: 0.001) , D_A: 0.239, G_A: 0.905, cycle_A: 0.246, D_B: 0.782, G_B: 1.045, cycle_B: 0.145, gp: 0.773

[Rank 0] (epoch: 39, iters: 2304, time: 0.001, data: 0.000) , D_A: 0.253, G_A: 0.965, cycle_A: 0.234, D_B: 0.742, G_B: 1.014, cycle_B: 0.141, gp: 0.732

[Rank 0] (epoch: 39, iters: 3904, time: 0.001, data: 0.001) , D_A: 0.298, G_A: 1.008, cycle_A: 0.243, D_B: 0.789, G_B: 0.780, cycle_B: 0.148, gp: 0.769

[Rank 0] (epoch: 39, iters: 5504, time: 0.001, data: 0.001) , D_A: 0.312, G_A: 0.994, cycle_A: 0.235, D_B: 0.824, G_B: 0.883, cycle_B: 0.144, gp: 0.817

[Rank 0] (epoch: 39, iters: 7104, time: 0.001, data: 0.001) , D_A: 0.357, G_A: 0.983, cycle_A: 0.252, D_B: 0.770, G_B: 0.950, cycle_B: 0.147, gp: 0.766

[Rank 0] (epoch: 39, iters: 8704, time: 0.001, data: 0.001) , D_A: 0.327, G_A: 0.953, cycle_A: 0.257, D_B: 0.794, G_B: 0.960, cycle_B: 0.141, gp: 0.787

[Rank 0] (epoch: 39, iters: 10304, time: 0.001, data: 0.001) , D_A: 0.187, G_A: 1.002, cycle_A: 0.236, D_B: 0.774, G_B: 0.900, cycle_B: 0.143, gp: 0.769

[Rank 0] (epoch: 39, iters: 11904, time: 0.001, data: 0.001) , D_A: 0.179, G_A: 0.968, cycle_A: 0.240, D_B: 0.800, G_B: 0.986, cycle_B: 0.150, gp: 0.795

[Rank 0] (epoch: 39, iters: 13504, time: 0.001, data: 0.001) , D_A: 0.202, G_A: 0.936, cycle_A: 0.254, D_B: 0.837, G_B: 1.078, cycle_B: 0.148, gp: 0.832

[Rank 0] (epoch: 39, iters: 15104, time: 0.001, data: 0.001) , D_A: 0.191, G_A: 0.970, cycle_A: 0.241, D_B: 0.743, G_B: 1.116, cycle_B: 0.142, gp: 0.727

learning rate 0.0002000 -> 0.0002000
temperature tau = 0.1389
End of epoch 39 / 50 	 Time Taken: 14 sec
[Rank 0] (epoch: 40, iters: 512, time: 0.001, data: 0.001) , D_A: 0.303, G_A: 0.893, cycle_A: 0.237, D_B: 0.780, G_B: 1.128, cycle_B: 0.139, gp: 0.757

[Rank 0] (epoch: 40, iters: 2112, time: 0.001, data: 0.000) , D_A: 0.278, G_A: 0.988, cycle_A: 0.233, D_B: 0.814, G_B: 1.281, cycle_B: 0.143, gp: 0.721

[Rank 0] (epoch: 40, iters: 3712, time: 0.001, data: 0.001) , D_A: 0.194, G_A: 0.995, cycle_A: 0.247, D_B: 0.796, G_B: 0.952, cycle_B: 0.155, gp: 0.793

[Rank 0] (epoch: 40, iters: 5312, time: 0.001, data: 0.001) , D_A: 0.336, G_A: 0.973, cycle_A: 0.238, D_B: 0.825, G_B: 1.040, cycle_B: 0.144, gp: 0.820

[Rank 0] (epoch: 40, iters: 6912, time: 0.001, data: 0.001) , D_A: 0.268, G_A: 0.956, cycle_A: 0.248, D_B: 0.845, G_B: 0.931, cycle_B: 0.147, gp: 0.839

--- iter tau=0.1389 ---
  cipher in : dcbcddfb bcf bfbcbfbf fb fdbd befbc fbc bcdf bfb bddbfbcafbfbaba
  decrypted : adedaa eced ce ede e c ec aeace  edc edceda ce eceaae ede e eeee
  real plain: a c ada ba ed e a da d d ed ee ae be a ad e ae a bac ce da ad c 
  cipher in : becfbabcbfbfbffcfbfb fffbdcbab fbfbc fbfbdbabf  b bfbfbdbabfbfbf
  decrypted : e d eeede e e  d e ec   eadeeec e edc e eaeee ccece e eaeee e e 
  real plain: e e fa e ea e a facc e e daa d a deed b fac effe e bae a cbbed a
[Rank 0] (epoch: 40, iters: 8512, time: 0.001, data: 0.001) , D_A: 0.358, G_A: 1.006, cycle_A: 0.235, D_B: 0.764, G_B: 0.889, cycle_B: 0.141, gp: 0.761

saving the latest model (epoch 40, total_iters 640000)
[Rank 0] (epoch: 40, iters: 10112, time: 0.001, data: 0.001) , D_A: 0.384, G_A: 0.912, cycle_A: 0.229, D_B: 0.808, G_B: 0.829, cycle_B: 0.144, gp: 0.802

[Rank 0] (epoch: 40, iters: 11712, time: 0.001, data: 0.001) , D_A: 0.312, G_A: 0.909, cycle_A: 0.236, D_B: 0.834, G_B: 0.947, cycle_B: 0.142, gp: 0.825

[Rank 0] (epoch: 40, iters: 13312, time: 0.001, data: 0.001) , D_A: 0.342, G_A: 0.942, cycle_A: 0.223, D_B: 0.736, G_B: 0.917, cycle_B: 0.140, gp: 0.731

[Rank 0] (epoch: 40, iters: 14912, time: 0.001, data: 0.001) , D_A: 0.389, G_A: 0.977, cycle_A: 0.245, D_B: 0.806, G_B: 1.146, cycle_B: 0.140, gp: 0.792

learning rate 0.0002000 -> 0.0001818
temperature tau = 0.1344
End of epoch 40 / 50 	 Time Taken: 14 sec
[Rank 0] (epoch: 41, iters: 320, time: 0.001, data: 0.001) , D_A: 0.320, G_A: 0.971, cycle_A: 0.255, D_B: 0.772, G_B: 0.952, cycle_B: 0.139, gp: 0.765

[Rank 0] (epoch: 41, iters: 1920, time: 0.001, data: 0.003) , D_A: 0.250, G_A: 0.938, cycle_A: 0.253, D_B: 0.798, G_B: 0.909, cycle_B: 0.147, gp: 0.793

[Rank 0] (epoch: 41, iters: 3520, time: 0.001, data: 0.001) , D_A: 0.254, G_A: 1.009, cycle_A: 0.249, D_B: 0.888, G_B: 1.006, cycle_B: 0.146, gp: 0.880

[Rank 0] (epoch: 41, iters: 5120, time: 0.001, data: 0.001) , D_A: 0.179, G_A: 0.960, cycle_A: 0.247, D_B: 0.724, G_B: 1.006, cycle_B: 0.147, gp: 0.718

[Rank 0] (epoch: 41, iters: 6720, time: 0.001, data: 0.001) , D_A: 0.273, G_A: 1.005, cycle_A: 0.240, D_B: 0.816, G_B: 0.950, cycle_B: 0.148, gp: 0.809

[Rank 0] (epoch: 41, iters: 8320, time: 0.001, data: 0.001) , D_A: 0.284, G_A: 1.001, cycle_A: 0.247, D_B: 0.778, G_B: 1.068, cycle_B: 0.141, gp: 0.774

[Rank 0] (epoch: 41, iters: 9920, time: 0.001, data: 0.001) , D_A: 0.243, G_A: 0.938, cycle_A: 0.268, D_B: 0.815, G_B: 1.022, cycle_B: 0.143, gp: 0.809

[Rank 0] (epoch: 41, iters: 11520, time: 0.001, data: 0.001) , D_A: 0.331, G_A: 0.979, cycle_A: 0.251, D_B: 0.732, G_B: 0.885, cycle_B: 0.142, gp: 0.730

[Rank 0] (epoch: 41, iters: 13120, time: 0.001, data: 0.001) , D_A: 0.308, G_A: 0.985, cycle_A: 0.253, D_B: 0.848, G_B: 0.981, cycle_B: 0.141, gp: 0.844

[Rank 0] (epoch: 41, iters: 14720, time: 0.001, data: 0.001) , D_A: 0.233, G_A: 1.011, cycle_A: 0.254, D_B: 0.783, G_B: 0.915, cycle_B: 0.148, gp: 0.781

learning rate 0.0001818 -> 0.0001636
temperature tau = 0.1301
End of epoch 41 / 50 	 Time Taken: 13 sec
[Rank 0] (epoch: 42, iters: 128, time: 0.001, data: 0.001) , D_A: 0.331, G_A: 0.991, cycle_A: 0.240, D_B: 0.779, G_B: 0.909, cycle_B: 0.144, gp: 0.774

[Rank 0] (epoch: 42, iters: 1728, time: 0.001, data: 0.000) , D_A: 0.218, G_A: 0.976, cycle_A: 0.242, D_B: 0.743, G_B: 1.045, cycle_B: 0.147, gp: 0.737

[Rank 0] (epoch: 42, iters: 3328, time: 0.001, data: 0.001) , D_A: 0.240, G_A: 0.954, cycle_A: 0.238, D_B: 0.855, G_B: 1.003, cycle_B: 0.146, gp: 0.848

[Rank 0] (epoch: 42, iters: 4928, time: 0.001, data: 0.001) , D_A: 0.302, G_A: 1.020, cycle_A: 0.254, D_B: 0.830, G_B: 1.054, cycle_B: 0.146, gp: 0.821

[Rank 0] (epoch: 42, iters: 6528, time: 0.001, data: 0.001) , D_A: 0.263, G_A: 1.008, cycle_A: 0.247, D_B: 0.830, G_B: 1.016, cycle_B: 0.139, gp: 0.826

[Rank 0] (epoch: 42, iters: 8128, time: 0.001, data: 0.001) , D_A: 0.314, G_A: 0.942, cycle_A: 0.243, D_B: 0.789, G_B: 0.906, cycle_B: 0.144, gp: 0.786

[Rank 0] (epoch: 42, iters: 9728, time: 0.001, data: 0.001) , D_A: 0.281, G_A: 0.959, cycle_A: 0.252, D_B: 0.809, G_B: 0.984, cycle_B: 0.143, gp: 0.806

[Rank 0] (epoch: 42, iters: 11328, time: 0.001, data: 0.001) , D_A: 0.339, G_A: 0.931, cycle_A: 0.235, D_B: 0.866, G_B: 0.910, cycle_B: 0.142, gp: 0.862

[Rank 0] (epoch: 42, iters: 12928, time: 0.001, data: 0.001) , D_A: 0.183, G_A: 1.001, cycle_A: 0.251, D_B: 0.858, G_B: 0.845, cycle_B: 0.141, gp: 0.852

[Rank 0] (epoch: 42, iters: 14528, time: 0.001, data: 0.001) , D_A: 0.303, G_A: 0.966, cycle_A: 0.245, D_B: 0.767, G_B: 0.942, cycle_B: 0.148, gp: 0.763

--- iter tau=0.1301 ---
  cipher in : b fbfbdcbfbcbcb fdfefbfba bf bebfb cbccbecbab fdfbcbffbabcfbabcb
  decrypted : ec e eade ededec a   e eece ce e ecdedde deeec a ede  eeed eeede
  real plain:  ae aed ce eead eae e e f ee a e f ad ed e ef ad e de f e d da e
  cipher in : beb fbcfbef bfbdcfbabfbacdfbffbfbfbddcbcbcbfcdfbcbfc fbfbfc fbfb
  decrypted : e ec ed e  ce ead eee eeda e  e e eaadedede da ede dc e e dc e e
  real plain:  afeeed ca ad a e aee ad e aee dd e a e be ae ece e ea bace deee
[Rank 0] (epoch: 42, iters: 16128, time: 0.001, data: 0.002) , D_A: 0.266, G_A: 0.820, cycle_A: 0.243, D_B: 0.704, G_B: 1.011, cycle_B: 0.141, gp: 0.700

saving the latest model (epoch 42, total_iters 680000)
learning rate 0.0001636 -> 0.0001455
temperature tau = 0.1258
End of epoch 42 / 50 	 Time Taken: 14 sec
[Rank 0] (epoch: 43, iters: 1536, time: 0.001, data: 0.001) , D_A: 0.379, G_A: 0.970, cycle_A: 0.237, D_B: 0.776, G_B: 0.931, cycle_B: 0.143, gp: 0.770

[Rank 0] (epoch: 43, iters: 3136, time: 0.001, data: 0.001) , D_A: 0.225, G_A: 0.971, cycle_A: 0.251, D_B: 0.797, G_B: 0.918, cycle_B: 0.147, gp: 0.792

[Rank 0] (epoch: 43, iters: 4736, time: 0.001, data: 0.001) , D_A: 0.247, G_A: 0.742, cycle_A: 0.235, D_B: 0.844, G_B: 1.008, cycle_B: 0.148, gp: 0.838

[Rank 0] (epoch: 43, iters: 6336, time: 0.001, data: 0.001) , D_A: 0.275, G_A: 0.995, cycle_A: 0.243, D_B: 0.815, G_B: 0.866, cycle_B: 0.139, gp: 0.810

[Rank 0] (epoch: 43, iters: 7936, time: 0.001, data: 0.001) , D_A: 0.334, G_A: 1.016, cycle_A: 0.258, D_B: 0.735, G_B: 1.003, cycle_B: 0.144, gp: 0.733

[Rank 0] (epoch: 43, iters: 9536, time: 0.001, data: 0.002) , D_A: 0.226, G_A: 0.887, cycle_A: 0.246, D_B: 0.773, G_B: 0.968, cycle_B: 0.142, gp: 0.764

[Rank 0] (epoch: 43, iters: 11136, time: 0.001, data: 0.001) , D_A: 0.262, G_A: 0.982, cycle_A: 0.241, D_B: 0.817, G_B: 0.931, cycle_B: 0.148, gp: 0.814

[Rank 0] (epoch: 43, iters: 12736, time: 0.001, data: 0.001) , D_A: 0.239, G_A: 0.945, cycle_A: 0.230, D_B: 0.878, G_B: 0.925, cycle_B: 0.149, gp: 0.873

[Rank 0] (epoch: 43, iters: 14336, time: 0.001, data: 0.001) , D_A: 0.257, G_A: 0.984, cycle_A: 0.242, D_B: 0.827, G_B: 0.986, cycle_B: 0.140, gp: 0.822

[Rank 0] (epoch: 43, iters: 15936, time: 0.001, data: 0.001) , D_A: 0.383, G_A: 0.993, cycle_A: 0.238, D_B: 0.876, G_B: 0.920, cycle_B: 0.141, gp: 0.868

learning rate 0.0001455 -> 0.0001273
temperature tau = 0.1218
End of epoch 43 / 50 	 Time Taken: 14 sec
[Rank 0] (epoch: 44, iters: 1344, time: 0.001, data: 0.001) , D_A: 0.327, G_A: 0.959, cycle_A: 0.242, D_B: 0.853, G_B: 0.920, cycle_B: 0.144, gp: 0.850

[Rank 0] (epoch: 44, iters: 2944, time: 0.001, data: 0.001) , D_A: 0.345, G_A: 0.975, cycle_A: 0.241, D_B: 0.772, G_B: 0.910, cycle_B: 0.152, gp: 0.768

[Rank 0] (epoch: 44, iters: 4544, time: 0.001, data: 0.001) , D_A: 0.215, G_A: 1.005, cycle_A: 0.248, D_B: 0.813, G_B: 0.950, cycle_B: 0.145, gp: 0.806

[Rank 0] (epoch: 44, iters: 6144, time: 0.001, data: 0.001) , D_A: 0.211, G_A: 0.991, cycle_A: 0.255, D_B: 0.824, G_B: 0.982, cycle_B: 0.142, gp: 0.821

[Rank 0] (epoch: 44, iters: 7744, time: 0.001, data: 0.001) , D_A: 0.179, G_A: 0.951, cycle_A: 0.243, D_B: 0.751, G_B: 0.927, cycle_B: 0.146, gp: 0.746

[Rank 0] (epoch: 44, iters: 9344, time: 0.001, data: 0.001) , D_A: 0.200, G_A: 0.979, cycle_A: 0.246, D_B: 0.772, G_B: 0.933, cycle_B: 0.142, gp: 0.761

[Rank 0] (epoch: 44, iters: 10944, time: 0.001, data: 0.001) , D_A: 0.244, G_A: 0.973, cycle_A: 0.238, D_B: 0.768, G_B: 0.924, cycle_B: 0.149, gp: 0.760

[Rank 0] (epoch: 44, iters: 12544, time: 0.001, data: 0.001) , D_A: 0.254, G_A: 0.985, cycle_A: 0.245, D_B: 0.836, G_B: 0.884, cycle_B: 0.150, gp: 0.828

[Rank 0] (epoch: 44, iters: 14144, time: 0.001, data: 0.001) , D_A: 0.270, G_A: 0.967, cycle_A: 0.242, D_B: 0.762, G_B: 0.919, cycle_B: 0.140, gp: 0.757

[Rank 0] (epoch: 44, iters: 15744, time: 0.001, data: 0.001) , D_A: 0.185, G_A: 0.946, cycle_A: 0.238, D_B: 0.819, G_B: 0.944, cycle_B: 0.145, gp: 0.814

learning rate 0.0001273 -> 0.0001091
temperature tau = 0.1178
End of epoch 44 / 50 	 Time Taken: 14 sec
[Rank 0] (epoch: 45, iters: 1152, time: 0.001, data: 0.001) , D_A: 0.278, G_A: 0.975, cycle_A: 0.241, D_B: 0.818, G_B: 0.923, cycle_B: 0.145, gp: 0.814

[Rank 0] (epoch: 45, iters: 2752, time: 0.001, data: 0.001) , D_A: 0.276, G_A: 0.991, cycle_A: 0.248, D_B: 0.899, G_B: 1.016, cycle_B: 0.152, gp: 0.897

[Rank 0] (epoch: 45, iters: 4352, time: 0.001, data: 0.001) , D_A: 0.336, G_A: 0.856, cycle_A: 0.238, D_B: 0.811, G_B: 1.011, cycle_B: 0.145, gp: 0.806

[Rank 0] (epoch: 45, iters: 5952, time: 0.001, data: 0.001) , D_A: 0.172, G_A: 0.933, cycle_A: 0.241, D_B: 0.765, G_B: 0.938, cycle_B: 0.142, gp: 0.757

--- iter tau=0.1178 ---
  cipher in : cbfbcafdbcfbc b ffcfbccfbacbcfbcb fc cefbafdbcbfbcff bc bfbafbab
  decrypted : de ede aed edcec  d edd eeded edec dcd  ee aede ed  cedce ee eee
  real plain: f be ee cec efeece a e aee a e e eeeced aee a eee ad e ae f a de
  cipher in : abfbfbc bfcdcb ebabfbcbffbecf bcbfbcfbfcbc bfcbcbf befafbd fbfbf
  decrypted : ee e edce dadec eee ede  e d cede ed e dedce dede ce  e eac e e 
  real plain: e eed ee a e d f ee e ae ea e eda ee ae e affa a e ac e e b a c 
[Rank 0] (epoch: 45, iters: 7552, time: 0.001, data: 0.001) , D_A: 0.303, G_A: 0.862, cycle_A: 0.253, D_B: 0.764, G_B: 0.987, cycle_B: 0.145, gp: 0.761

saving the latest model (epoch 45, total_iters 720000)
[Rank 0] (epoch: 45, iters: 9152, time: 0.001, data: 0.001) , D_A: 0.247, G_A: 0.995, cycle_A: 0.235, D_B: 0.863, G_B: 0.928, cycle_B: 0.145, gp: 0.859

[Rank 0] (epoch: 45, iters: 10752, time: 0.001, data: 0.001) , D_A: 0.274, G_A: 0.939, cycle_A: 0.261, D_B: 0.851, G_B: 1.005, cycle_B: 0.141, gp: 0.846

[Rank 0] (epoch: 45, iters: 12352, time: 0.001, data: 0.001) , D_A: 0.196, G_A: 0.971, cycle_A: 0.250, D_B: 0.799, G_B: 0.980, cycle_B: 0.149, gp: 0.796

[Rank 0] (epoch: 45, iters: 13952, time: 0.001, data: 0.001) , D_A: 0.207, G_A: 0.925, cycle_A: 0.238, D_B: 0.856, G_B: 0.889, cycle_B: 0.140, gp: 0.849

[Rank 0] (epoch: 45, iters: 15552, time: 0.001, data: 0.001) , D_A: 0.215, G_A: 0.977, cycle_A: 0.258, D_B: 0.669, G_B: 0.968, cycle_B: 0.145, gp: 0.667

learning rate 0.0001091 -> 0.0000909
temperature tau = 0.1140
End of epoch 45 / 50 	 Time Taken: 13 sec
[Rank 0] (epoch: 46, iters: 960, time: 0.001, data: 0.001) , D_A: 0.175, G_A: 0.990, cycle_A: 0.256, D_B: 0.699, G_B: 0.928, cycle_B: 0.146, gp: 0.695

[Rank 0] (epoch: 46, iters: 2560, time: 0.001, data: 0.001) , D_A: 0.249, G_A: 0.943, cycle_A: 0.254, D_B: 0.799, G_B: 0.946, cycle_B: 0.141, gp: 0.792

[Rank 0] (epoch: 46, iters: 4160, time: 0.001, data: 0.001) , D_A: 0.256, G_A: 0.928, cycle_A: 0.257, D_B: 0.810, G_B: 0.992, cycle_B: 0.147, gp: 0.805

[Rank 0] (epoch: 46, iters: 5760, time: 0.001, data: 0.001) , D_A: 0.219, G_A: 0.965, cycle_A: 0.257, D_B: 0.782, G_B: 0.910, cycle_B: 0.143, gp: 0.779

[Rank 0] (epoch: 46, iters: 7360, time: 0.001, data: 0.001) , D_A: 0.240, G_A: 0.956, cycle_A: 0.238, D_B: 0.755, G_B: 0.901, cycle_B: 0.145, gp: 0.751

[Rank 0] (epoch: 46, iters: 8960, time: 0.001, data: 0.001) , D_A: 0.271, G_A: 0.992, cycle_A: 0.248, D_B: 0.778, G_B: 0.913, cycle_B: 0.145, gp: 0.775

[Rank 0] (epoch: 46, iters: 10560, time: 0.001, data: 0.001) , D_A: 0.262, G_A: 0.917, cycle_A: 0.240, D_B: 0.863, G_B: 0.910, cycle_B: 0.141, gp: 0.858

[Rank 0] (epoch: 46, iters: 12160, time: 0.001, data: 0.001) , D_A: 0.238, G_A: 0.990, cycle_A: 0.246, D_B: 0.723, G_B: 0.910, cycle_B: 0.150, gp: 0.720

[Rank 0] (epoch: 46, iters: 13760, time: 0.001, data: 0.001) , D_A: 0.188, G_A: 0.965, cycle_A: 0.253, D_B: 0.844, G_B: 0.956, cycle_B: 0.147, gp: 0.837

[Rank 0] (epoch: 46, iters: 15360, time: 0.001, data: 0.001) , D_A: 0.236, G_A: 0.968, cycle_A: 0.239, D_B: 0.814, G_B: 0.896, cycle_B: 0.141, gp: 0.810

learning rate 0.0000909 -> 0.0000727
temperature tau = 0.1104
End of epoch 46 / 50 	 Time Taken: 15 sec
[Rank 0] (epoch: 47, iters: 768, time: 0.001, data: 0.001) , D_A: 0.301, G_A: 0.986, cycle_A: 0.249, D_B: 0.769, G_B: 0.897, cycle_B: 0.146, gp: 0.762

[Rank 0] (epoch: 47, iters: 2368, time: 0.001, data: 0.000) , D_A: 0.316, G_A: 0.974, cycle_A: 0.249, D_B: 0.856, G_B: 0.941, cycle_B: 0.141, gp: 0.851

[Rank 0] (epoch: 47, iters: 3968, time: 0.001, data: 0.001) , D_A: 0.312, G_A: 0.969, cycle_A: 0.238, D_B: 0.888, G_B: 0.932, cycle_B: 0.148, gp: 0.884

[Rank 0] (epoch: 47, iters: 5568, time: 0.001, data: 0.001) , D_A: 0.243, G_A: 0.961, cycle_A: 0.254, D_B: 0.799, G_B: 0.975, cycle_B: 0.144, gp: 0.794

[Rank 0] (epoch: 47, iters: 7168, time: 0.001, data: 0.001) , D_A: 0.268, G_A: 0.952, cycle_A: 0.252, D_B: 0.827, G_B: 0.916, cycle_B: 0.147, gp: 0.823

[Rank 0] (epoch: 47, iters: 8768, time: 0.001, data: 0.001) , D_A: 0.183, G_A: 0.919, cycle_A: 0.248, D_B: 0.861, G_B: 0.955, cycle_B: 0.147, gp: 0.858

[Rank 0] (epoch: 47, iters: 10368, time: 0.001, data: 0.001) , D_A: 0.331, G_A: 0.923, cycle_A: 0.246, D_B: 0.835, G_B: 0.976, cycle_B: 0.145, gp: 0.832

[Rank 0] (epoch: 47, iters: 11968, time: 0.001, data: 0.001) , D_A: 0.271, G_A: 0.973, cycle_A: 0.243, D_B: 0.814, G_B: 0.937, cycle_B: 0.150, gp: 0.807

[Rank 0] (epoch: 47, iters: 13568, time: 0.001, data: 0.001) , D_A: 0.324, G_A: 0.955, cycle_A: 0.246, D_B: 0.814, G_B: 0.977, cycle_B: 0.146, gp: 0.811

--- iter tau=0.1104 ---
  cipher in : bcbfbfbcb fff bebfbfdfcbefbdfbfb bc bdbcfbcbefbfbdfbabfb aaffdfb
  decrypted : ede e edec   ce e e a de  ea e ecedceaed ede  e ea eee ecee  a e
  real plain:  a e a f e eea aae ad a fe fec ad ea e ad a aeed e cac e f e e e
  cipher in : cbfcbc b fff bfdfbabc fbdbfbffbecdbccbc bfbcfdcbafbdbfbe babdfbd
  decrypted : de dedcec   ce a eeedc eae e  e daeddedce ed adee eae e ceeea ea
  real plain:  e aea ac dcae a eee ded eea afe e eecc de bab ad d e ae a ee a 
[Rank 0] (epoch: 47, iters: 15168, time: 0.001, data: 0.001) , D_A: 0.231, G_A: 0.884, cycle_A: 0.234, D_B: 0.801, G_B: 0.924, cycle_B: 0.140, gp: 0.795

saving the latest model (epoch 47, total_iters 760000)
learning rate 0.0000727 -> 0.0000545
temperature tau = 0.1068
End of epoch 47 / 50 	 Time Taken: 16 sec
[Rank 0] (epoch: 48, iters: 576, time: 0.001, data: 0.001) , D_A: 0.271, G_A: 0.966, cycle_A: 0.239, D_B: 0.846, G_B: 0.943, cycle_B: 0.146, gp: 0.841

[Rank 0] (epoch: 48, iters: 2176, time: 0.001, data: 0.000) , D_A: 0.369, G_A: 0.958, cycle_A: 0.258, D_B: 0.846, G_B: 0.938, cycle_B: 0.141, gp: 0.836

[Rank 0] (epoch: 48, iters: 3776, time: 0.001, data: 0.001) , D_A: 0.278, G_A: 0.971, cycle_A: 0.233, D_B: 0.838, G_B: 0.988, cycle_B: 0.148, gp: 0.834

[Rank 0] (epoch: 48, iters: 5376, time: 0.001, data: 0.001) , D_A: 0.307, G_A: 0.965, cycle_A: 0.245, D_B: 0.874, G_B: 0.978, cycle_B: 0.144, gp: 0.867

[Rank 0] (epoch: 48, iters: 6976, time: 0.001, data: 0.001) , D_A: 0.234, G_A: 0.953, cycle_A: 0.246, D_B: 0.777, G_B: 1.003, cycle_B: 0.147, gp: 0.772

[Rank 0] (epoch: 48, iters: 8576, time: 0.001, data: 0.001) , D_A: 0.217, G_A: 0.948, cycle_A: 0.248, D_B: 0.786, G_B: 0.950, cycle_B: 0.141, gp: 0.782

[Rank 0] (epoch: 48, iters: 10176, time: 0.001, data: 0.001) , D_A: 0.156, G_A: 0.941, cycle_A: 0.254, D_B: 0.767, G_B: 1.005, cycle_B: 0.142, gp: 0.763

[Rank 0] (epoch: 48, iters: 11776, time: 0.001, data: 0.001) , D_A: 0.243, G_A: 0.916, cycle_A: 0.236, D_B: 0.764, G_B: 0.969, cycle_B: 0.142, gp: 0.761

[Rank 0] (epoch: 48, iters: 13376, time: 0.001, data: 0.001) , D_A: 0.152, G_A: 0.939, cycle_A: 0.240, D_B: 0.830, G_B: 0.911, cycle_B: 0.147, gp: 0.825

[Rank 0] (epoch: 48, iters: 14976, time: 0.001, data: 0.001) , D_A: 0.283, G_A: 0.973, cycle_A: 0.254, D_B: 0.814, G_B: 0.996, cycle_B: 0.140, gp: 0.811

learning rate 0.0000545 -> 0.0000364
temperature tau = 0.1033
End of epoch 48 / 50 	 Time Taken: 16 sec
[Rank 0] (epoch: 49, iters: 384, time: 0.001, data: 0.002) , D_A: 0.360, G_A: 0.940, cycle_A: 0.246, D_B: 0.851, G_B: 0.982, cycle_B: 0.139, gp: 0.846

[Rank 0] (epoch: 49, iters: 1984, time: 0.001, data: 0.000) , D_A: 0.236, G_A: 0.945, cycle_A: 0.241, D_B: 0.908, G_B: 0.906, cycle_B: 0.147, gp: 0.904

[Rank 0] (epoch: 49, iters: 3584, time: 0.001, data: 0.001) , D_A: 0.230, G_A: 0.972, cycle_A: 0.245, D_B: 0.870, G_B: 0.969, cycle_B: 0.146, gp: 0.866

[Rank 0] (epoch: 49, iters: 5184, time: 0.001, data: 0.001) , D_A: 0.220, G_A: 0.939, cycle_A: 0.249, D_B: 0.832, G_B: 0.935, cycle_B: 0.144, gp: 0.828

[Rank 0] (epoch: 49, iters: 6784, time: 0.001, data: 0.001) , D_A: 0.157, G_A: 0.997, cycle_A: 0.247, D_B: 0.747, G_B: 0.949, cycle_B: 0.148, gp: 0.743

[Rank 0] (epoch: 49, iters: 8384, time: 0.001, data: 0.001) , D_A: 0.235, G_A: 0.998, cycle_A: 0.257, D_B: 0.794, G_B: 0.991, cycle_B: 0.141, gp: 0.790

[Rank 0] (epoch: 49, iters: 9984, time: 0.001, data: 0.002) , D_A: 0.212, G_A: 0.940, cycle_A: 0.239, D_B: 0.791, G_B: 0.977, cycle_B: 0.143, gp: 0.785

[Rank 0] (epoch: 49, iters: 11584, time: 0.001, data: 0.001) , D_A: 0.215, G_A: 0.979, cycle_A: 0.246, D_B: 0.829, G_B: 0.977, cycle_B: 0.141, gp: 0.826

[Rank 0] (epoch: 49, iters: 13184, time: 0.001, data: 0.001) , D_A: 0.213, G_A: 0.944, cycle_A: 0.252, D_B: 0.767, G_B: 0.978, cycle_B: 0.141, gp: 0.761

[Rank 0] (epoch: 49, iters: 14784, time: 0.001, data: 0.001) , D_A: 0.190, G_A: 0.995, cycle_A: 0.242, D_B: 0.774, G_B: 0.948, cycle_B: 0.148, gp: 0.769

learning rate 0.0000364 -> 0.0000182
temperature tau = 0.1000
End of epoch 49 / 50 	 Time Taken: 14 sec
[Rank 0] (epoch: 50, iters: 192, time: 0.001, data: 0.001) , D_A: 0.268, G_A: 0.949, cycle_A: 0.242, D_B: 0.882, G_B: 0.959, cycle_B: 0.139, gp: 0.878

[Rank 0] (epoch: 50, iters: 1792, time: 0.001, data: 0.001) , D_A: 0.193, G_A: 0.930, cycle_A: 0.245, D_B: 0.833, G_B: 0.910, cycle_B: 0.147, gp: 0.827

[Rank 0] (epoch: 50, iters: 3392, time: 0.001, data: 0.001) , D_A: 0.296, G_A: 0.946, cycle_A: 0.251, D_B: 0.824, G_B: 0.950, cycle_B: 0.146, gp: 0.818

[Rank 0] (epoch: 50, iters: 4992, time: 0.001, data: 0.001) , D_A: 0.201, G_A: 0.946, cycle_A: 0.252, D_B: 0.739, G_B: 0.929, cycle_B: 0.146, gp: 0.735

--- iter tau=0.1000 ---
  cipher in : ffbc bffbfbdbc beffbcbccffbcbf bffbc bfbccbfbfb fbabffbcfb cabcb
  decrypted :   edce  e eaedce   ededd  ede ce  edce edde e ec eee  ed ecdeede
  real plain: a ae ceae aead ae bee effec e ae aed f e cdeeb a e ad a f ceaed 
  cipher in : b befbffbcdfbfbfaf bfbefff bfcbfbafbabfbc bcbcdd befbdcf baaf bf
  decrypted : ece  e  eda e e e ce e    ce de ee eee edcededaace  ead ceee ce 
  real plain: aeca ecc ad ca cc ee ede b ead ece aeca dce ed f e ed ae eba a c
[Rank 0] (epoch: 50, iters: 6592, time: 0.001, data: 0.001) , D_A: 0.209, G_A: 0.984, cycle_A: 0.255, D_B: 0.886, G_B: 0.960, cycle_B: 0.139, gp: 0.883

saving the latest model (epoch 50, total_iters 800000)
[Rank 0] (epoch: 50, iters: 8192, time: 0.001, data: 0.001) , D_A: 0.392, G_A: 0.947, cycle_A: 0.234, D_B: 0.854, G_B: 0.963, cycle_B: 0.144, gp: 0.849

[Rank 0] (epoch: 50, iters: 9792, time: 0.001, data: 0.001) , D_A: 0.250, G_A: 0.962, cycle_A: 0.244, D_B: 0.827, G_B: 0.931, cycle_B: 0.142, gp: 0.822

[Rank 0] (epoch: 50, iters: 11392, time: 0.001, data: 0.001) , D_A: 0.233, G_A: 0.966, cycle_A: 0.239, D_B: 0.848, G_B: 0.979, cycle_B: 0.141, gp: 0.845

[Rank 0] (epoch: 50, iters: 12992, time: 0.001, data: 0.001) , D_A: 0.334, G_A: 0.927, cycle_A: 0.243, D_B: 0.783, G_B: 0.950, cycle_B: 0.141, gp: 0.780

[Rank 0] (epoch: 50, iters: 14592, time: 0.001, data: 0.001) , D_A: 0.206, G_A: 0.968, cycle_A: 0.235, D_B: 0.795, G_B: 0.963, cycle_B: 0.148, gp: 0.792

[Rank 0] (epoch: 50, iters: 16192, time: 0.001, data: 0.001) , D_A: 0.266, G_A: 0.974, cycle_A: 0.248, D_B: 0.818, G_B: 0.936, cycle_B: 0.139, gp: 0.814

learning rate 0.0000182 -> 0.0000000
temperature tau = 0.1000
saving the model at the end of epoch 50, iters 809600
End of epoch 50 / 50 	 Time Taken: 15 sec
----------------- Options ---------------
             aspect_ratio: 1.0                           
               batch_size: 64                            
          checkpoints_dir: ./checkpoints                 
                crop_size: 256                           
                 dataroot: .                             	[default: None]
             dataset_mode: cipher                        
                direction: AtoB                          
               display_id: 0                             
          display_winsize: 256                           
                embed_dim: 256                           	[default: 64]
                    epoch: latest                        
                     eval: False                         
                 gan_mode: lsgan                         
                   gumbel: False                         
                init_gain: 0.02                          
                init_type: normal                        
                 input_nc: 3                             
                  isTrain: False                         	[default: None]
                     kw_D: 15                            	[default: 4]
                 lambda_A: 10.0                          
                 lambda_B: 10.0                          
                lambda_gp: 10.0                          
          lambda_identity: 0.0                           
                load_iter: 0                             	[default: 0]
                load_size: 256                           
                       lr: 0.0002                        
         matched_softness: True                          	[default: False]
         max_dataset_size: inf                           
                    model: cipher_cycle_gan              	[default: test]
               n_blocks_G: 5                             	[default: 4]
                 n_critic: 1                             
               n_layers_D: 5                             	[default: 3]
                     name: a7_s2_gp1                     	[default: experiment_name]
                      ndf: 32                            	[default: 128]
                     netD: seq                           
                     netG: seq                           
                      ngf: 128                           
               no_dropout: True                          
                  no_flip: True                          
                     norm: layer                         	[default: instance]
                 npz_path: data/a7/dataset.npz           	[default: None]
                 num_test: 50                            
              num_threads: 4                             
                output_nc: 3                             
                pair_seed: 0                             
                    phase: test                          
              pointwise_G: True                          	[default: False]
               preprocess: none                          
         real_logit_scale: 5.0                           
              results_dir: ./results/                    
           serial_batches: False                         
         straight_through: True                          	[default: False]
                   suffix:                               
                  tau_end: 0.1                           
                tau_start: 1.0                           
                   use_gp: False                         
                use_wandb: False                         
                  verbose: False                         
               vocab_size: -1                            
       wandb_project_name: CycleGAN-and-pix2pix          
----------------- End -------------------
[cipher] eval: A(cipher)=(3595, 64) B(plain)=(3595, 64) vocab=8 cipher=substitution paired=True
dataset [CipherDataset] was created
Initialized with device cuda:0
initialize network with normal
Initialized with device cuda:0
initialize network with normal
model [CipherCycleGANModel] was created
Initialized with device cuda:0
initialize network with normal
loading the model from checkpoints/a7_s2_gp1/latest_net_G_A.pth
Initialized with device cuda:0
initialize network with normal
loading the model from checkpoints/a7_s2_gp1/latest_net_G_B.pth
---------- Networks initialized -------------
[Network G_A] Total number of parameters : 0.204 M
[Network G_B] Total number of parameters : 0.204 M
-----------------------------------------------

==============================================================
cipher              substitution (key=perm-seed0)
samples             3595 x 64
character accuracy  0.0000   (chance ~0.1429)
character error     1.0000
key recovery        0.0000   (coverage 1.000)
==============================================================
cipher in : cbfcdbc bfbabfbdffdfbabcb fdbcbc fcbdff b ddfbffffbfc bcbcebffbf
decrypted : de daedce eee ea  a eeedec aededc dea  cecaa e    e dceded e  e 
truth     : a eac ad e f e ceece f a dec a adea ceed dcce eeee ead a ab ee e

wrote ./checkpoints/a7_s2_gp1/eval_metrics.json
wrote ./checkpoints/a7_s2_gp1/curves_a7_s2_gp1.png

loss             first      last       min       max
D_A              0.704     0.266     0.112     0.948
G_A              0.323     0.974     0.323     3.291
cycle_A          0.635     0.248     0.223     1.924
D_B              0.887     0.818     0.104     1.171
G_B              0.118     0.936     0.056     2.396
cycle_B          0.589     0.139     0.139     1.959
gp               0.462     0.814     0.097     0.904

D_A over the final window: 0.238
  -> at LSGAN equilibrium: the two networks are balanced.
