=== task 0 : dataset=a10 seed=5 ===
NVIDIA A100-SXM4-80GB
----------------- Options ---------------
               batch_size: 64                            
                    beta1: 0.0                           	[default: 0.5]
          checkpoints_dir: ./checkpoints                 
           continue_train: False                         
                crop_size: 256                           
               cycle_loss: ce                            
                 dataroot: .                             	[default: None]
             dataset_mode: cipher                        
                direction: AtoB                          
             display_freq: 20000                         	[default: 400]
               display_id: 0                             
          display_winsize: 256                           
                embed_dim: 256                           	[default: 64]
                    epoch: latest                        
              epoch_count: 1                             
                 gan_mode: lsgan                         
                   gumbel: False                         
                init_gain: 0.02                          
                init_type: normal                        
                 input_nc: 3                             
                  isTrain: True                          	[default: None]
                     kw_D: 15                            	[default: 4]
                 lambda_A: 1.0                           	[default: 10.0]
                 lambda_B: 1.0                           	[default: 10.0]
                lambda_gp: 1.0                           	[default: 10.0]
          lambda_identity: 0.0                           
                load_iter: 0                             	[default: 0]
                load_size: 286                           
                       lr: 0.0002                        
           lr_decay_iters: 50                            
                lr_policy: linear                        
         matched_softness: True                          	[default: False]
         max_dataset_size: inf                           
                    model: cipher_cycle_gan              	[default: cycle_gan]
               n_blocks_G: 5                             	[default: 4]
                 n_critic: 1                             
                 n_epochs: 40                            	[default: 100]
           n_epochs_decay: 10                            	[default: 100]
               n_layers_D: 5                             	[default: 3]
                     name: a10_s5_gp1                    	[default: experiment_name]
                      ndf: 32                            	[default: 128]
                     netD: seq                           
                     netG: seq                           
                      ngf: 128                           
               no_dropout: True                          
                  no_flip: True                          
                  no_html: False                         
                     norm: layer                         	[default: instance]
                 npz_path: data/a10/dataset.npz          	[default: None]
              num_threads: 8                             	[default: 4]
                output_nc: 3                             
                pair_seed: 5                             	[default: 0]
                    phase: train                         
              pointwise_G: True                          	[default: False]
                pool_size: 50                            
               preprocess: none                          
               print_freq: 100                           
         real_logit_scale: 5.0                           
             save_by_iter: False                         
          save_epoch_freq: 50                            	[default: 5]
         save_latest_freq: 5000                          
           serial_batches: False                         
         straight_through: True                          	[default: False]
                   suffix:                               
                  tau_end: 0.1                           
                tau_start: 0.5                           	[default: 1.0]
         update_html_freq: 1000                          
                   use_gp: True                          	[default: False]
                use_wandb: False                         
                  verbose: False                         
               vocab_size: -1                            
       wandb_project_name: CycleGAN-and-pix2pix          
----------------- End -------------------
Initialized with device cuda:0
[cipher] train: A(cipher)=(21883, 64) B(plain)=(21883, 64) vocab=11 cipher=substitution paired=False
dataset [CipherDataset] was created
The number of training images = 21883
Initialized with device cuda:0
initialize network with normal
Initialized with device cuda:0
initialize network with normal
Initialized with device cuda:0
initialize network with normal
Initialized with device cuda:0
initialize network with normal
model [CipherCycleGANModel] was created
Initialized with device cuda:0
initialize network with normal
Initialized with device cuda:0
initialize network with normal
Initialized with device cuda:0
initialize network with normal
Initialized with device cuda:0
initialize network with normal
---------- Networks initialized -------------
[Network G_A] Total number of parameters : 0.205 M
[Network G_B] Total number of parameters : 0.205 M
[Network D_A] Total number of parameters : 0.473 M
[Network D_B] Total number of parameters : 0.473 M
-----------------------------------------------
create web directory checkpoints/a10_s5_gp1/web...
[Rank 0] (epoch: 1, iters: 1600, time: 0.001, data: 0.072) , D_A: 0.904, G_A: 0.132, cycle_A: 0.594, D_B: 0.784, G_B: 0.303, cycle_B: 0.393, gp: 0.489

[Rank 0] (epoch: 1, iters: 3200, time: 0.001, data: 0.001) , D_A: 0.662, G_A: 0.911, cycle_A: 0.379, D_B: 0.755, G_B: 0.170, cycle_B: 0.543, gp: 0.421

[Rank 0] (epoch: 1, iters: 4800, time: 0.001, data: 0.001) , D_A: 0.588, G_A: 0.306, cycle_A: 0.157, D_B: 0.616, G_B: 0.788, cycle_B: 0.111, gp: 0.346

[Rank 0] (epoch: 1, iters: 6400, time: 0.001, data: 0.001) , D_A: 0.559, G_A: 0.797, cycle_A: 0.279, D_B: 0.446, G_B: 0.702, cycle_B: 0.248, gp: 0.230

[Rank 0] (epoch: 1, iters: 8000, time: 0.001, data: 0.001) , D_A: 0.733, G_A: 0.088, cycle_A: 0.279, D_B: 0.547, G_B: 2.596, cycle_B: 0.228, gp: 0.234

[Rank 0] (epoch: 1, iters: 9600, time: 0.001, data: 0.001) , D_A: 0.457, G_A: 1.169, cycle_A: 0.284, D_B: 0.432, G_B: 0.716, cycle_B: 0.109, gp: 0.298

[Rank 0] (epoch: 1, iters: 11200, time: 0.001, data: 0.001) , D_A: 0.282, G_A: 0.928, cycle_A: 0.284, D_B: 0.361, G_B: 1.168, cycle_B: 0.236, gp: 0.305

[Rank 0] (epoch: 1, iters: 12800, time: 0.001, data: 0.001) , D_A: 0.376, G_A: 1.137, cycle_A: 0.163, D_B: 0.316, G_B: 1.015, cycle_B: 0.259, gp: 0.265

[Rank 0] (epoch: 1, iters: 14400, time: 0.001, data: 0.001) , D_A: 0.422, G_A: 0.782, cycle_A: 0.130, D_B: 0.452, G_B: 0.599, cycle_B: 0.167, gp: 0.319

[Rank 0] (epoch: 1, iters: 16000, time: 0.001, data: 0.000) , D_A: 0.420, G_A: 1.297, cycle_A: 0.158, D_B: 0.341, G_B: 0.698, cycle_B: 0.270, gp: 0.273

[Rank 0] (epoch: 1, iters: 17600, time: 0.001, data: 0.001) , D_A: 0.374, G_A: 0.789, cycle_A: 0.265, D_B: 0.344, G_B: 1.769, cycle_B: 0.228, gp: 0.278

[Rank 0] (epoch: 1, iters: 19200, time: 0.001, data: 0.001) , D_A: 0.338, G_A: 0.774, cycle_A: 0.280, D_B: 0.390, G_B: 0.904, cycle_B: 0.100, gp: 0.325

[Rank 0] (epoch: 1, iters: 20800, time: 0.001, data: 0.001) , D_A: 0.396, G_A: 0.831, cycle_A: 0.294, D_B: 0.401, G_B: 1.429, cycle_B: 0.102, gp: 0.318

learning rate 0.0002000 -> 0.0002000
temperature tau = 0.4838
End of epoch 1 / 50 	 Time Taken: 18 sec
[Rank 0] (epoch: 2, iters: 512, time: 0.001, data: 0.002) , D_A: 0.292, G_A: 0.921, cycle_A: 0.146, D_B: 0.333, G_B: 1.211, cycle_B: 0.248, gp: 0.271

[Rank 0] (epoch: 2, iters: 2112, time: 0.001, data: 0.000) , D_A: 0.312, G_A: 0.886, cycle_A: 0.132, D_B: 0.252, G_B: 0.931, cycle_B: 0.241, gp: 0.221

[Rank 0] (epoch: 2, iters: 3712, time: 0.001, data: 0.001) , D_A: 0.370, G_A: 0.767, cycle_A: 0.144, D_B: 0.291, G_B: 0.789, cycle_B: 0.231, gp: 0.259

[Rank 0] (epoch: 2, iters: 5312, time: 0.001, data: 0.001) , D_A: 0.382, G_A: 0.896, cycle_A: 0.139, D_B: 0.363, G_B: 1.190, cycle_B: 0.243, gp: 0.335

[Rank 0] (epoch: 2, iters: 6912, time: 0.001, data: 0.001) , D_A: 0.387, G_A: 0.599, cycle_A: 0.281, D_B: 0.303, G_B: 1.002, cycle_B: 0.131, gp: 0.265

[Rank 0] (epoch: 2, iters: 8512, time: 0.001, data: 0.001) , D_A: 0.323, G_A: 0.968, cycle_A: 0.276, D_B: 0.276, G_B: 0.955, cycle_B: 0.100, gp: 0.251

[Rank 0] (epoch: 2, iters: 10112, time: 0.001, data: 0.001) , D_A: 0.258, G_A: 1.122, cycle_A: 0.123, D_B: 0.297, G_B: 0.774, cycle_B: 0.099, gp: 0.267

[Rank 0] (epoch: 2, iters: 11712, time: 0.001, data: 0.001) , D_A: 0.414, G_A: 0.894, cycle_A: 0.272, D_B: 0.307, G_B: 0.879, cycle_B: 0.098, gp: 0.278

[Rank 0] (epoch: 2, iters: 13312, time: 0.001, data: 0.001) , D_A: 0.484, G_A: 0.486, cycle_A: 0.120, D_B: 0.271, G_B: 1.055, cycle_B: 0.098, gp: 0.253

[Rank 0] (epoch: 2, iters: 14912, time: 0.001, data: 0.001) , D_A: 0.258, G_A: 1.182, cycle_A: 0.135, D_B: 0.266, G_B: 0.998, cycle_B: 0.244, gp: 0.245

[Rank 0] (epoch: 2, iters: 16512, time: 0.001, data: 0.001) , D_A: 0.403, G_A: 0.684, cycle_A: 0.139, D_B: 0.249, G_B: 0.869, cycle_B: 0.264, gp: 0.228

--- iter tau=0.4838 ---
  cipher in : ihdifiegdbfbadbfi bcihdeibicdb ddebfbefbcebiddcbibfbaebadibie db
  decrypted : agdacaeid c hd caf iagdea aid fdde c ec ie addi a c he hda aefd 
  real plain: e f cabidge afe aiaied a ce iee i he efae f hi ae i fac a he ie 
  cipher in : baebihb ibi abaedb dbffbehbdfbfecidbabadbhbhbaebibeihbadbgegbfed
  decrypted :  he ag fa afh hed fd cc eg dc ceiad h hd g g he a eag hd iei ced
  real plain: cee adiia hi aa had eached he e had a hi eee a ahe f fie had he 
[Rank 0] (epoch: 2, iters: 18112, time: 0.001, data: 0.001) , D_A: 0.258, G_A: 0.770, cycle_A: 0.272, D_B: 0.268, G_B: 0.859, cycle_B: 0.101, gp: 0.245

saving the latest model (epoch 2, total_iters 40000)
[Rank 0] (epoch: 2, iters: 19712, time: 0.001, data: 0.001) , D_A: 0.331, G_A: 1.122, cycle_A: 0.265, D_B: 0.385, G_B: 0.793, cycle_B: 0.098, gp: 0.312

[Rank 0] (epoch: 2, iters: 21312, time: 0.001, data: 0.001) , D_A: 0.280, G_A: 0.714, cycle_A: 0.144, D_B: 0.312, G_B: 2.076, cycle_B: 0.236, gp: 0.225

learning rate 0.0002000 -> 0.0002000
temperature tau = 0.4682
End of epoch 2 / 50 	 Time Taken: 17 sec
[Rank 0] (epoch: 3, iters: 1024, time: 0.001, data: 0.000) , D_A: 0.344, G_A: 0.336, cycle_A: 0.132, D_B: 0.406, G_B: 0.623, cycle_B: 0.106, gp: 0.341

[Rank 0] (epoch: 3, iters: 2624, time: 0.001, data: 0.000) , D_A: 0.224, G_A: 0.664, cycle_A: 0.149, D_B: 0.256, G_B: 1.216, cycle_B: 0.230, gp: 0.229

[Rank 0] (epoch: 3, iters: 4224, time: 0.001, data: 0.001) , D_A: 0.270, G_A: 0.710, cycle_A: 0.276, D_B: 0.366, G_B: 0.524, cycle_B: 0.147, gp: 0.331

[Rank 0] (epoch: 3, iters: 5824, time: 0.001, data: 0.001) , D_A: 0.434, G_A: 1.418, cycle_A: 0.126, D_B: 0.318, G_B: 1.153, cycle_B: 0.098, gp: 0.290

[Rank 0] (epoch: 3, iters: 7424, time: 0.001, data: 0.001) , D_A: 0.291, G_A: 1.079, cycle_A: 0.274, D_B: 0.226, G_B: 1.276, cycle_B: 0.101, gp: 0.203

[Rank 0] (epoch: 3, iters: 9024, time: 0.001, data: 0.001) , D_A: 0.415, G_A: 0.373, cycle_A: 0.148, D_B: 0.271, G_B: 0.981, cycle_B: 0.092, gp: 0.232

[Rank 0] (epoch: 3, iters: 10624, time: 0.001, data: 0.001) , D_A: 0.305, G_A: 1.207, cycle_A: 0.137, D_B: 0.208, G_B: 1.087, cycle_B: 0.098, gp: 0.190

[Rank 0] (epoch: 3, iters: 12224, time: 0.001, data: 0.001) , D_A: 0.318, G_A: 0.920, cycle_A: 0.143, D_B: 0.343, G_B: 0.715, cycle_B: 0.259, gp: 0.316

[Rank 0] (epoch: 3, iters: 13824, time: 0.001, data: 0.001) , D_A: 0.346, G_A: 0.871, cycle_A: 0.132, D_B: 0.246, G_B: 1.061, cycle_B: 0.096, gp: 0.226

[Rank 0] (epoch: 3, iters: 15424, time: 0.001, data: 0.001) , D_A: 0.217, G_A: 0.789, cycle_A: 0.143, D_B: 0.308, G_B: 0.763, cycle_B: 0.256, gp: 0.270

[Rank 0] (epoch: 3, iters: 17024, time: 0.001, data: 0.001) , D_A: 0.312, G_A: 1.201, cycle_A: 0.278, D_B: 0.263, G_B: 0.685, cycle_B: 0.101, gp: 0.185

[Rank 0] (epoch: 3, iters: 18624, time: 0.001, data: 0.001) , D_A: 0.238, G_A: 0.624, cycle_A: 0.130, D_B: 0.229, G_B: 1.084, cycle_B: 0.094, gp: 0.210

[Rank 0] (epoch: 3, iters: 20224, time: 0.001, data: 0.001) , D_A: 0.297, G_A: 0.683, cycle_A: 0.129, D_B: 0.301, G_B: 1.122, cycle_B: 0.094, gp: 0.278

[Rank 0] (epoch: 3, iters: 21824, time: 0.001, data: 0.001) , D_A: 0.284, G_A: 0.910, cycle_A: 0.132, D_B: 0.275, G_B: 1.039, cycle_B: 0.087, gp: 0.264

learning rate 0.0002000 -> 0.0002000
temperature tau = 0.4531
End of epoch 3 / 50 	 Time Taken: 17 sec
[Rank 0] (epoch: 4, iters: 1536, time: 0.001, data: 0.001) , D_A: 0.250, G_A: 1.057, cycle_A: 0.134, D_B: 0.271, G_B: 1.015, cycle_B: 0.091, gp: 0.262

[Rank 0] (epoch: 4, iters: 3136, time: 0.001, data: 0.001) , D_A: 0.322, G_A: 0.839, cycle_A: 0.124, D_B: 0.272, G_B: 0.968, cycle_B: 0.100, gp: 0.257

[Rank 0] (epoch: 4, iters: 4736, time: 0.001, data: 0.001) , D_A: 0.207, G_A: 0.881, cycle_A: 0.133, D_B: 0.350, G_B: 0.893, cycle_B: 0.272, gp: 0.335

[Rank 0] (epoch: 4, iters: 6336, time: 0.001, data: 0.001) , D_A: 0.236, G_A: 0.995, cycle_A: 0.136, D_B: 0.316, G_B: 1.085, cycle_B: 0.099, gp: 0.298

[Rank 0] (epoch: 4, iters: 7936, time: 0.001, data: 0.001) , D_A: 0.206, G_A: 0.982, cycle_A: 0.136, D_B: 0.208, G_B: 1.075, cycle_B: 0.096, gp: 0.190

[Rank 0] (epoch: 4, iters: 9536, time: 0.001, data: 0.001) , D_A: 0.285, G_A: 0.909, cycle_A: 0.132, D_B: 0.364, G_B: 0.930, cycle_B: 0.089, gp: 0.350

[Rank 0] (epoch: 4, iters: 11136, time: 0.001, data: 0.001) , D_A: 0.276, G_A: 0.976, cycle_A: 0.143, D_B: 0.271, G_B: 0.982, cycle_B: 0.239, gp: 0.251

[Rank 0] (epoch: 4, iters: 12736, time: 0.001, data: 0.001) , D_A: 0.293, G_A: 0.949, cycle_A: 0.123, D_B: 0.298, G_B: 0.869, cycle_B: 0.105, gp: 0.282

--- iter tau=0.4531 ---
  cipher in : adbfibiecdbehdedbeiedbdehi bediebehbigebeccheibgdbedhbibadbdchbd
  decrypted : hd ca aeid egded eaed degaf edae eg aie eiigea id edg a hd dig d
  real plain:  be ed if he edge f he chch i i dide eei ad i iedeiaia ceci cehe
  cipher in : hhddhbadbibgdbd iabebebfbadbecdbghbaehb  ddhbaebadbebedicebaddbe
  decrypted : ggddg hd a id dfah e e c hd eid ig heg ffddg he hd e edaie hdd e
  real plain:  f dbi aidi he caibai f ieeecic e i e f he aice aaee i e ceai a 
[Rank 0] (epoch: 4, iters: 14336, time: 0.001, data: 0.001) , D_A: 0.226, G_A: 1.098, cycle_A: 0.142, D_B: 0.226, G_B: 1.003, cycle_B: 0.093, gp: 0.209

saving the latest model (epoch 4, total_iters 80000)
[Rank 0] (epoch: 4, iters: 15936, time: 0.001, data: 0.001) , D_A: 0.230, G_A: 0.925, cycle_A: 0.137, D_B: 0.246, G_B: 1.446, cycle_B: 0.254, gp: 0.228

[Rank 0] (epoch: 4, iters: 17536, time: 0.001, data: 0.001) , D_A: 0.273, G_A: 0.962, cycle_A: 0.134, D_B: 0.312, G_B: 1.117, cycle_B: 0.243, gp: 0.302

[Rank 0] (epoch: 4, iters: 19136, time: 0.001, data: 0.001) , D_A: 0.155, G_A: 0.923, cycle_A: 0.137, D_B: 0.193, G_B: 0.927, cycle_B: 0.090, gp: 0.179

[Rank 0] (epoch: 4, iters: 20736, time: 0.001, data: 0.001) , D_A: 0.272, G_A: 0.938, cycle_A: 0.132, D_B: 0.392, G_B: 0.860, cycle_B: 0.082, gp: 0.368

learning rate 0.0002000 -> 0.0002000
temperature tau = 0.4384
End of epoch 4 / 50 	 Time Taken: 17 sec
[Rank 0] (epoch: 5, iters: 448, time: 0.001, data: 0.001) , D_A: 0.205, G_A: 0.922, cycle_A: 0.134, D_B: 0.225, G_B: 0.940, cycle_B: 0.093, gp: 0.211

[Rank 0] (epoch: 5, iters: 2048, time: 0.001, data: 0.000) , D_A: 0.722, G_A: 0.952, cycle_A: 1.628, D_B: 0.638, G_B: 0.350, cycle_B: 1.094, gp: 0.413

[Rank 0] (epoch: 5, iters: 3648, time: 0.001, data: 0.001) , D_A: 0.493, G_A: 1.048, cycle_A: 0.575, D_B: 0.688, G_B: 0.130, cycle_B: 0.652, gp: 0.361

[Rank 0] (epoch: 5, iters: 5248, time: 0.001, data: 0.001) , D_A: 0.373, G_A: 1.053, cycle_A: 0.334, D_B: 0.337, G_B: 0.746, cycle_B: 0.327, gp: 0.290

[Rank 0] (epoch: 5, iters: 6848, time: 0.001, data: 0.001) , D_A: 0.401, G_A: 0.763, cycle_A: 0.312, D_B: 0.330, G_B: 1.103, cycle_B: 0.297, gp: 0.193

[Rank 0] (epoch: 5, iters: 8448, time: 0.001, data: 0.001) , D_A: 0.424, G_A: 0.644, cycle_A: 0.275, D_B: 0.323, G_B: 0.808, cycle_B: 0.447, gp: 0.294

[Rank 0] (epoch: 5, iters: 10048, time: 0.001, data: 0.001) , D_A: 0.247, G_A: 1.005, cycle_A: 0.282, D_B: 0.286, G_B: 0.946, cycle_B: 0.297, gp: 0.267

[Rank 0] (epoch: 5, iters: 11648, time: 0.001, data: 0.001) , D_A: 0.408, G_A: 0.993, cycle_A: 0.270, D_B: 0.290, G_B: 0.800, cycle_B: 0.287, gp: 0.265

[Rank 0] (epoch: 5, iters: 13248, time: 0.001, data: 0.001) , D_A: 0.319, G_A: 0.903, cycle_A: 0.426, D_B: 0.219, G_B: 0.960, cycle_B: 0.307, gp: 0.203

[Rank 0] (epoch: 5, iters: 14848, time: 0.001, data: 0.003) , D_A: 0.315, G_A: 0.893, cycle_A: 0.275, D_B: 0.347, G_B: 1.266, cycle_B: 0.443, gp: 0.334

[Rank 0] (epoch: 5, iters: 16448, time: 0.001, data: 0.002) , D_A: 0.307, G_A: 0.796, cycle_A: 0.282, D_B: 0.309, G_B: 0.996, cycle_B: 0.276, gp: 0.290

[Rank 0] (epoch: 5, iters: 18048, time: 0.001, data: 0.002) , D_A: 0.329, G_A: 0.966, cycle_A: 0.263, D_B: 0.257, G_B: 0.928, cycle_B: 0.268, gp: 0.239

[Rank 0] (epoch: 5, iters: 19648, time: 0.001, data: 0.001) , D_A: 0.246, G_A: 0.944, cycle_A: 0.294, D_B: 0.261, G_B: 1.153, cycle_B: 0.424, gp: 0.241

[Rank 0] (epoch: 5, iters: 21248, time: 0.001, data: 0.001) , D_A: 0.253, G_A: 0.998, cycle_A: 0.282, D_B: 0.354, G_B: 1.492, cycle_B: 0.416, gp: 0.309

learning rate 0.0002000 -> 0.0002000
temperature tau = 0.4243
End of epoch 5 / 50 	 Time Taken: 20 sec
[Rank 0] (epoch: 6, iters: 960, time: 0.001, data: 0.001) , D_A: 0.305, G_A: 0.652, cycle_A: 0.269, D_B: 0.347, G_B: 1.556, cycle_B: 0.431, gp: 0.303

[Rank 0] (epoch: 6, iters: 2560, time: 0.001, data: 0.000) , D_A: 0.262, G_A: 0.985, cycle_A: 0.271, D_B: 0.311, G_B: 0.849, cycle_B: 0.441, gp: 0.297

[Rank 0] (epoch: 6, iters: 4160, time: 0.001, data: 0.001) , D_A: 0.324, G_A: 0.921, cycle_A: 0.269, D_B: 0.252, G_B: 0.970, cycle_B: 0.282, gp: 0.239

[Rank 0] (epoch: 6, iters: 5760, time: 0.001, data: 0.001) , D_A: 0.265, G_A: 1.009, cycle_A: 0.276, D_B: 0.281, G_B: 0.988, cycle_B: 0.420, gp: 0.266

[Rank 0] (epoch: 6, iters: 7360, time: 0.001, data: 0.001) , D_A: 0.266, G_A: 1.211, cycle_A: 0.452, D_B: 0.322, G_B: 0.994, cycle_B: 0.282, gp: 0.312

[Rank 0] (epoch: 6, iters: 8960, time: 0.001, data: 0.001) , D_A: 0.290, G_A: 0.952, cycle_A: 0.268, D_B: 0.275, G_B: 0.967, cycle_B: 0.291, gp: 0.261

--- iter tau=0.4243 ---
  cipher in : hbhdcdhdhbgbebedbfebffbibadbhbadbadehbicdbi i bffdhbgb bibdbfbad
  decrypted : a adidada i e ed ae aa g hd a hd hdea gid gaga aada i a g d a hd
  real plain: i b daage hi fd c deic aia bigica afae i cideed be iai a aegic e
  cipher in : beebehbib  dhbcdbadbebibdhbibebebgifbehbffii bebi abebebgihdbddb
  decrypted :  ee ea g aada id hd e g da g e e iga ea aagga e gah e e igad dd 
  real plain: aed he idhied ga i haef ad eiga i ed i he cabi iide b ae faed ad
[Rank 0] (epoch: 6, iters: 10560, time: 0.001, data: 0.001) , D_A: 0.285, G_A: 0.952, cycle_A: 0.271, D_B: 0.220, G_B: 0.902, cycle_B: 0.264, gp: 0.194

saving the latest model (epoch 6, total_iters 120000)
[Rank 0] (epoch: 6, iters: 12160, time: 0.001, data: 0.001) , D_A: 0.244, G_A: 0.826, cycle_A: 0.264, D_B: 0.275, G_B: 1.039, cycle_B: 0.447, gp: 0.262

[Rank 0] (epoch: 6, iters: 13760, time: 0.001, data: 0.001) , D_A: 0.255, G_A: 0.863, cycle_A: 0.269, D_B: 0.433, G_B: 0.936, cycle_B: 0.435, gp: 0.423

[Rank 0] (epoch: 6, iters: 15360, time: 0.001, data: 0.001) , D_A: 0.296, G_A: 0.866, cycle_A: 0.262, D_B: 0.274, G_B: 1.019, cycle_B: 0.299, gp: 0.265

[Rank 0] (epoch: 6, iters: 16960, time: 0.001, data: 0.001) , D_A: 0.295, G_A: 0.976, cycle_A: 0.267, D_B: 0.266, G_B: 1.087, cycle_B: 0.283, gp: 0.253

[Rank 0] (epoch: 6, iters: 18560, time: 0.001, data: 0.001) , D_A: 0.301, G_A: 0.931, cycle_A: 0.262, D_B: 0.348, G_B: 1.065, cycle_B: 0.327, gp: 0.329

[Rank 0] (epoch: 6, iters: 20160, time: 0.001, data: 0.001) , D_A: 0.209, G_A: 0.951, cycle_A: 0.275, D_B: 0.222, G_B: 0.973, cycle_B: 0.398, gp: 0.208

[Rank 0] (epoch: 6, iters: 21760, time: 0.001, data: 0.001) , D_A: 0.290, G_A: 0.840, cycle_A: 0.401, D_B: 0.207, G_B: 0.856, cycle_B: 0.290, gp: 0.195

learning rate 0.0002000 -> 0.0002000
temperature tau = 0.4106
End of epoch 6 / 50 	 Time Taken: 18 sec
[Rank 0] (epoch: 7, iters: 1472, time: 0.001, data: 0.000) , D_A: 0.282, G_A: 0.903, cycle_A: 0.263, D_B: 0.347, G_B: 0.969, cycle_B: 0.276, gp: 0.330

[Rank 0] (epoch: 7, iters: 3072, time: 0.001, data: 0.001) , D_A: 0.297, G_A: 0.921, cycle_A: 0.267, D_B: 0.456, G_B: 1.083, cycle_B: 0.423, gp: 0.441

[Rank 0] (epoch: 7, iters: 4672, time: 0.001, data: 0.003) , D_A: 0.216, G_A: 0.993, cycle_A: 0.262, D_B: 0.341, G_B: 1.067, cycle_B: 0.286, gp: 0.322

[Rank 0] (epoch: 7, iters: 6272, time: 0.001, data: 0.001) , D_A: 0.290, G_A: 0.334, cycle_A: 0.421, D_B: 0.328, G_B: 0.993, cycle_B: 0.306, gp: 0.315

[Rank 0] (epoch: 7, iters: 7872, time: 0.001, data: 0.001) , D_A: 0.282, G_A: 0.953, cycle_A: 0.277, D_B: 0.347, G_B: 1.402, cycle_B: 0.421, gp: 0.315

[Rank 0] (epoch: 7, iters: 9472, time: 0.001, data: 0.004) , D_A: 0.231, G_A: 0.985, cycle_A: 0.270, D_B: 0.491, G_B: 1.435, cycle_B: 0.262, gp: 0.334

[Rank 0] (epoch: 7, iters: 11072, time: 0.001, data: 0.001) , D_A: 0.435, G_A: 0.377, cycle_A: 0.416, D_B: 0.353, G_B: 0.999, cycle_B: 0.346, gp: 0.339

[Rank 0] (epoch: 7, iters: 12672, time: 0.001, data: 0.001) , D_A: 0.305, G_A: 0.963, cycle_A: 0.268, D_B: 0.255, G_B: 0.846, cycle_B: 0.274, gp: 0.239

[Rank 0] (epoch: 7, iters: 14272, time: 0.001, data: 0.001) , D_A: 0.236, G_A: 0.946, cycle_A: 0.273, D_B: 0.323, G_B: 1.015, cycle_B: 0.278, gp: 0.311

[Rank 0] (epoch: 7, iters: 15872, time: 0.001, data: 0.001) , D_A: 0.221, G_A: 1.051, cycle_A: 0.408, D_B: 0.244, G_B: 1.030, cycle_B: 0.298, gp: 0.238

[Rank 0] (epoch: 7, iters: 17472, time: 0.001, data: 0.002) , D_A: 0.263, G_A: 0.811, cycle_A: 0.264, D_B: 0.252, G_B: 0.826, cycle_B: 0.303, gp: 0.238

[Rank 0] (epoch: 7, iters: 19072, time: 0.001, data: 0.001) , D_A: 0.305, G_A: 0.969, cycle_A: 0.273, D_B: 0.364, G_B: 1.043, cycle_B: 0.278, gp: 0.349

[Rank 0] (epoch: 7, iters: 20672, time: 0.001, data: 0.001) , D_A: 0.237, G_A: 1.033, cycle_A: 0.276, D_B: 0.281, G_B: 0.898, cycle_B: 0.285, gp: 0.271

learning rate 0.0002000 -> 0.0002000
temperature tau = 0.3973
End of epoch 7 / 50 	 Time Taken: 20 sec
[Rank 0] (epoch: 8, iters: 384, time: 0.001, data: 0.001) , D_A: 0.268, G_A: 0.914, cycle_A: 0.276, D_B: 0.320, G_B: 0.958, cycle_B: 0.279, gp: 0.313

[Rank 0] (epoch: 8, iters: 1984, time: 0.001, data: 0.005) , D_A: 0.306, G_A: 1.024, cycle_A: 0.394, D_B: 0.217, G_B: 1.102, cycle_B: 0.396, gp: 0.208

[Rank 0] (epoch: 8, iters: 3584, time: 0.001, data: 0.002) , D_A: 0.227, G_A: 0.712, cycle_A: 0.269, D_B: 0.273, G_B: 0.906, cycle_B: 0.298, gp: 0.264

[Rank 0] (epoch: 8, iters: 5184, time: 0.001, data: 0.001) , D_A: 0.180, G_A: 0.939, cycle_A: 0.287, D_B: 0.303, G_B: 1.045, cycle_B: 0.284, gp: 0.289

--- iter tau=0.3973 ---
  cipher in : abi abdbadbcaebcaice bebddbcaice baeibfhbibcaebibcedcabeci bhdeb
  decrypted : h fah d hd ihe ihfiea e dd ihfiea hef aa f ihe f iedih eifa ade 
  real plain: i a aibe f a cai he ae ad effec igh deed he fac f he aica egaiai
  cipher in : cecibahihdbebgidhbfbefbebebhi be dbfbcegbdecaihdbcdeibgdddbaddbe
  decrypted : ieif hafad e ifda a ea e e afa ead a iei deihfad idef iddd hdd e
  real plain: aig ad a ici cce i ceed i i ea f he eache aiaie ha he chid h i a
[Rank 0] (epoch: 8, iters: 6784, time: 0.001, data: 0.003) , D_A: 0.317, G_A: 0.969, cycle_A: 0.265, D_B: 0.280, G_B: 0.830, cycle_B: 0.276, gp: 0.266

saving the latest model (epoch 8, total_iters 160000)
[Rank 0] (epoch: 8, iters: 8384, time: 0.001, data: 0.001) , D_A: 0.198, G_A: 0.991, cycle_A: 0.264, D_B: 0.267, G_B: 0.897, cycle_B: 0.277, gp: 0.252

[Rank 0] (epoch: 8, iters: 9984, time: 0.001, data: 0.001) , D_A: 0.279, G_A: 0.888, cycle_A: 0.282, D_B: 0.291, G_B: 0.858, cycle_B: 0.298, gp: 0.282

[Rank 0] (epoch: 8, iters: 11584, time: 0.001, data: 0.001) , D_A: 0.277, G_A: 1.062, cycle_A: 0.408, D_B: 0.335, G_B: 0.836, cycle_B: 0.287, gp: 0.314

[Rank 0] (epoch: 8, iters: 13184, time: 0.001, data: 0.001) , D_A: 0.204, G_A: 1.070, cycle_A: 0.410, D_B: 0.279, G_B: 0.841, cycle_B: 0.417, gp: 0.264

[Rank 0] (epoch: 8, iters: 14784, time: 0.001, data: 0.001) , D_A: 0.211, G_A: 1.020, cycle_A: 0.269, D_B: 0.276, G_B: 0.990, cycle_B: 0.265, gp: 0.264

[Rank 0] (epoch: 8, iters: 16384, time: 0.001, data: 0.001) , D_A: 0.213, G_A: 0.759, cycle_A: 0.291, D_B: 0.263, G_B: 0.902, cycle_B: 0.445, gp: 0.247

[Rank 0] (epoch: 8, iters: 17984, time: 0.001, data: 0.001) , D_A: 0.254, G_A: 0.751, cycle_A: 0.399, D_B: 0.320, G_B: 1.466, cycle_B: 0.413, gp: 0.279

[Rank 0] (epoch: 8, iters: 19584, time: 0.001, data: 0.004) , D_A: 0.306, G_A: 0.825, cycle_A: 0.421, D_B: 0.267, G_B: 0.971, cycle_B: 0.283, gp: 0.257

[Rank 0] (epoch: 8, iters: 21184, time: 0.001, data: 0.001) , D_A: 0.264, G_A: 0.979, cycle_A: 0.259, D_B: 0.200, G_B: 1.071, cycle_B: 0.278, gp: 0.183

learning rate 0.0002000 -> 0.0002000
temperature tau = 0.3845
End of epoch 8 / 50 	 Time Taken: 19 sec
[Rank 0] (epoch: 9, iters: 896, time: 0.001, data: 0.000) , D_A: 0.396, G_A: 1.321, cycle_A: 0.388, D_B: 0.233, G_B: 1.024, cycle_B: 0.310, gp: 0.223

[Rank 0] (epoch: 9, iters: 2496, time: 0.001, data: 0.000) , D_A: 0.308, G_A: 0.974, cycle_A: 0.278, D_B: 0.502, G_B: 0.116, cycle_B: 0.286, gp: 0.271

[Rank 0] (epoch: 9, iters: 4096, time: 0.001, data: 0.002) , D_A: 0.240, G_A: 0.983, cycle_A: 0.270, D_B: 0.222, G_B: 0.911, cycle_B: 0.277, gp: 0.211

[Rank 0] (epoch: 9, iters: 5696, time: 0.001, data: 0.001) , D_A: 0.194, G_A: 0.973, cycle_A: 0.267, D_B: 0.305, G_B: 0.977, cycle_B: 0.275, gp: 0.291

[Rank 0] (epoch: 9, iters: 7296, time: 0.001, data: 0.001) , D_A: 0.215, G_A: 0.963, cycle_A: 0.268, D_B: 0.155, G_B: 0.883, cycle_B: 0.280, gp: 0.145

[Rank 0] (epoch: 9, iters: 8896, time: 0.001, data: 0.001) , D_A: 0.307, G_A: 1.068, cycle_A: 0.420, D_B: 0.273, G_B: 0.814, cycle_B: 0.298, gp: 0.257

[Rank 0] (epoch: 9, iters: 10496, time: 0.001, data: 0.001) , D_A: 0.261, G_A: 0.915, cycle_A: 0.267, D_B: 0.214, G_B: 0.859, cycle_B: 0.271, gp: 0.197

[Rank 0] (epoch: 9, iters: 12096, time: 0.001, data: 0.001) , D_A: 0.216, G_A: 0.995, cycle_A: 0.263, D_B: 0.244, G_B: 1.045, cycle_B: 0.266, gp: 0.234

[Rank 0] (epoch: 9, iters: 13696, time: 0.001, data: 0.001) , D_A: 0.226, G_A: 1.003, cycle_A: 0.402, D_B: 0.339, G_B: 1.106, cycle_B: 0.404, gp: 0.319

[Rank 0] (epoch: 9, iters: 15296, time: 0.001, data: 0.001) , D_A: 0.192, G_A: 1.018, cycle_A: 0.269, D_B: 0.277, G_B: 1.008, cycle_B: 0.286, gp: 0.266

[Rank 0] (epoch: 9, iters: 16896, time: 0.001, data: 0.004) , D_A: 0.186, G_A: 0.938, cycle_A: 0.256, D_B: 0.282, G_B: 1.058, cycle_B: 0.281, gp: 0.269

[Rank 0] (epoch: 9, iters: 18496, time: 0.001, data: 0.002) , D_A: 0.191, G_A: 0.993, cycle_A: 0.276, D_B: 0.297, G_B: 1.123, cycle_B: 0.418, gp: 0.284

[Rank 0] (epoch: 9, iters: 20096, time: 0.001, data: 0.001) , D_A: 0.240, G_A: 1.000, cycle_A: 0.261, D_B: 0.224, G_B: 0.941, cycle_B: 0.274, gp: 0.216

[Rank 0] (epoch: 9, iters: 21696, time: 0.001, data: 0.001) , D_A: 0.242, G_A: 0.935, cycle_A: 0.263, D_B: 0.233, G_B: 1.020, cycle_B: 0.310, gp: 0.224

learning rate 0.0002000 -> 0.0002000
temperature tau = 0.3720
End of epoch 9 / 50 	 Time Taken: 20 sec
[Rank 0] (epoch: 10, iters: 1408, time: 0.001, data: 0.001) , D_A: 0.347, G_A: 0.916, cycle_A: 0.271, D_B: 0.268, G_B: 0.958, cycle_B: 0.269, gp: 0.258

--- iter tau=0.3720 ---
  cipher in : hidcdhbefdb ebfdddi badbigdbadebefdbiabadbeihb abfbadbadbihbaebg
  decrypted : afdida ead ae adddfa hd fid hde ead fh hd efa ah a hd hd fa he i
  real plain: c eiehe i hi caaig he aid becae he ia i beig aged ae ie ad i i b
  cipher in : edbdbgdbadbedbfbadbebibadbebgdbedbehbhdbabe ebadbdhibfbadbiidbgd
  decrypted : ed d id hd ed a hd e f hd e id ed ea ad h eae hd daf a hd ffd id
  real plain:  hei iea deei aace f he ae f he fiihed dc ahe ha he e ae f a ca 
[Rank 0] (epoch: 10, iters: 3008, time: 0.001, data: 0.001) , D_A: 0.196, G_A: 0.952, cycle_A: 0.260, D_B: 0.326, G_B: 0.933, cycle_B: 0.286, gp: 0.312

saving the latest model (epoch 10, total_iters 200000)
[Rank 0] (epoch: 10, iters: 4608, time: 0.001, data: 0.001) , D_A: 0.226, G_A: 0.932, cycle_A: 0.267, D_B: 0.250, G_B: 0.971, cycle_B: 0.290, gp: 0.240

[Rank 0] (epoch: 10, iters: 6208, time: 0.001, data: 0.001) , D_A: 0.247, G_A: 0.794, cycle_A: 0.404, D_B: 0.212, G_B: 0.986, cycle_B: 0.295, gp: 0.207

[Rank 0] (epoch: 10, iters: 7808, time: 0.001, data: 0.001) , D_A: 0.245, G_A: 0.997, cycle_A: 0.278, D_B: 0.262, G_B: 0.918, cycle_B: 0.285, gp: 0.248

[Rank 0] (epoch: 10, iters: 9408, time: 0.001, data: 0.001) , D_A: 0.205, G_A: 1.001, cycle_A: 0.273, D_B: 0.229, G_B: 1.140, cycle_B: 0.409, gp: 0.217

[Rank 0] (epoch: 10, iters: 11008, time: 0.001, data: 0.001) , D_A: 0.167, G_A: 0.994, cycle_A: 0.264, D_B: 0.235, G_B: 0.884, cycle_B: 0.273, gp: 0.221

[Rank 0] (epoch: 10, iters: 12608, time: 0.001, data: 0.001) , D_A: 0.255, G_A: 1.125, cycle_A: 0.281, D_B: 0.245, G_B: 1.231, cycle_B: 0.434, gp: 0.232

[Rank 0] (epoch: 10, iters: 14208, time: 0.001, data: 0.001) , D_A: 0.222, G_A: 0.973, cycle_A: 0.262, D_B: 0.206, G_B: 0.923, cycle_B: 0.284, gp: 0.196

[Rank 0] (epoch: 10, iters: 15808, time: 0.001, data: 0.001) , D_A: 0.185, G_A: 0.924, cycle_A: 0.254, D_B: 0.275, G_B: 0.996, cycle_B: 0.279, gp: 0.270

[Rank 0] (epoch: 10, iters: 17408, time: 0.001, data: 0.001) , D_A: 0.171, G_A: 0.948, cycle_A: 0.282, D_B: 0.262, G_B: 1.041, cycle_B: 0.286, gp: 0.254

[Rank 0] (epoch: 10, iters: 19008, time: 0.001, data: 0.001) , D_A: 0.232, G_A: 0.935, cycle_A: 0.268, D_B: 0.262, G_B: 1.026, cycle_B: 0.410, gp: 0.254

[Rank 0] (epoch: 10, iters: 20608, time: 0.001, data: 0.001) , D_A: 0.270, G_A: 1.113, cycle_A: 0.424, D_B: 0.245, G_B: 1.282, cycle_B: 0.411, gp: 0.227

learning rate 0.0002000 -> 0.0002000
temperature tau = 0.3600
End of epoch 10 / 50 	 Time Taken: 18 sec
[Rank 0] (epoch: 11, iters: 320, time: 0.001, data: 0.001) , D_A: 0.282, G_A: 1.292, cycle_A: 0.411, D_B: 0.219, G_B: 0.961, cycle_B: 0.287, gp: 0.212

[Rank 0] (epoch: 11, iters: 1920, time: 0.001, data: 0.006) , D_A: 0.211, G_A: 0.891, cycle_A: 0.270, D_B: 0.386, G_B: 1.370, cycle_B: 0.260, gp: 0.281

[Rank 0] (epoch: 11, iters: 3520, time: 0.001, data: 0.001) , D_A: 0.252, G_A: 1.130, cycle_A: 0.273, D_B: 0.275, G_B: 1.107, cycle_B: 0.450, gp: 0.262

[Rank 0] (epoch: 11, iters: 5120, time: 0.001, data: 0.001) , D_A: 0.194, G_A: 1.058, cycle_A: 0.422, D_B: 0.310, G_B: 0.945, cycle_B: 0.417, gp: 0.301

[Rank 0] (epoch: 11, iters: 6720, time: 0.001, data: 0.001) , D_A: 0.146, G_A: 0.923, cycle_A: 0.261, D_B: 0.206, G_B: 0.930, cycle_B: 0.424, gp: 0.195

[Rank 0] (epoch: 11, iters: 8320, time: 0.001, data: 0.001) , D_A: 0.375, G_A: 0.910, cycle_A: 0.405, D_B: 0.306, G_B: 1.000, cycle_B: 0.284, gp: 0.299

[Rank 0] (epoch: 11, iters: 9920, time: 0.001, data: 0.001) , D_A: 0.219, G_A: 0.998, cycle_A: 0.263, D_B: 0.236, G_B: 0.943, cycle_B: 0.282, gp: 0.229

[Rank 0] (epoch: 11, iters: 11520, time: 0.001, data: 0.001) , D_A: 0.252, G_A: 0.967, cycle_A: 0.286, D_B: 0.266, G_B: 1.080, cycle_B: 0.282, gp: 0.249

[Rank 0] (epoch: 11, iters: 13120, time: 0.001, data: 0.001) , D_A: 0.213, G_A: 1.002, cycle_A: 0.268, D_B: 0.218, G_B: 0.967, cycle_B: 0.283, gp: 0.210

[Rank 0] (epoch: 11, iters: 14720, time: 0.001, data: 0.001) , D_A: 0.307, G_A: 0.981, cycle_A: 0.408, D_B: 0.320, G_B: 0.907, cycle_B: 0.273, gp: 0.308

[Rank 0] (epoch: 11, iters: 16320, time: 0.001, data: 0.001) , D_A: 0.242, G_A: 1.041, cycle_A: 0.282, D_B: 0.224, G_B: 0.968, cycle_B: 0.288, gp: 0.214

[Rank 0] (epoch: 11, iters: 17920, time: 0.001, data: 0.001) , D_A: 0.298, G_A: 1.164, cycle_A: 0.270, D_B: 0.318, G_B: 0.980, cycle_B: 0.296, gp: 0.307

[Rank 0] (epoch: 11, iters: 19520, time: 0.001, data: 0.001) , D_A: 0.185, G_A: 1.029, cycle_A: 0.412, D_B: 0.182, G_B: 1.003, cycle_B: 0.283, gp: 0.174

--- iter tau=0.3600 ---
  cipher in : ab hbedbehbfebhdi bhbebfidbdbabeadehbfbidbgeibebei bgdhbfb i bce
  decrypted : h aa ed ea ae adfa a e afd d h ehdea a fd ief e efa ida a afa ie
  real plain: ged i ai ad ha each idiida fe i hig b e ch ai adig a gee bacied 
  cipher in :  badbdhicebdeidbadbebabgdddbdddbehbdbebadbhbebcdhbehbadbdbebii b
  decrypted : a hd dafie defd hd e h iddd ddd ea d e hd a e ida ea hd d e ffa 
  real plain: eid cae he he a cideig e a a cai befe he had decided ie fici f a
[Rank 0] (epoch: 11, iters: 21120, time: 0.001, data: 0.001) , D_A: 0.261, G_A: 1.026, cycle_A: 0.283, D_B: 0.303, G_B: 0.836, cycle_B: 0.278, gp: 0.289

saving the latest model (epoch 11, total_iters 240000)
learning rate 0.0002000 -> 0.0002000
temperature tau = 0.3484
End of epoch 11 / 50 	 Time Taken: 17 sec
[Rank 0] (epoch: 12, iters: 832, time: 0.001, data: 0.001) , D_A: 0.277, G_A: 0.782, cycle_A: 0.276, D_B: 0.288, G_B: 1.005, cycle_B: 0.292, gp: 0.280

[Rank 0] (epoch: 12, iters: 2432, time: 0.001, data: 0.003) , D_A: 0.259, G_A: 0.981, cycle_A: 0.266, D_B: 0.180, G_B: 1.014, cycle_B: 0.283, gp: 0.171

[Rank 0] (epoch: 12, iters: 4032, time: 0.001, data: 0.001) , D_A: 0.247, G_A: 0.969, cycle_A: 0.277, D_B: 0.212, G_B: 0.938, cycle_B: 0.276, gp: 0.201

[Rank 0] (epoch: 12, iters: 5632, time: 0.001, data: 0.001) , D_A: 0.192, G_A: 0.600, cycle_A: 0.261, D_B: 0.242, G_B: 0.936, cycle_B: 0.289, gp: 0.235

[Rank 0] (epoch: 12, iters: 7232, time: 0.001, data: 0.001) , D_A: 0.271, G_A: 0.958, cycle_A: 0.269, D_B: 0.295, G_B: 0.962, cycle_B: 0.284, gp: 0.286

[Rank 0] (epoch: 12, iters: 8832, time: 0.001, data: 0.001) , D_A: 0.245, G_A: 0.935, cycle_A: 0.266, D_B: 0.326, G_B: 0.884, cycle_B: 0.273, gp: 0.313

[Rank 0] (epoch: 12, iters: 10432, time: 0.001, data: 0.001) , D_A: 0.275, G_A: 1.038, cycle_A: 0.257, D_B: 0.199, G_B: 0.945, cycle_B: 0.269, gp: 0.193

[Rank 0] (epoch: 12, iters: 12032, time: 0.001, data: 0.001) , D_A: 0.218, G_A: 0.996, cycle_A: 0.291, D_B: 0.266, G_B: 1.210, cycle_B: 0.266, gp: 0.201

[Rank 0] (epoch: 12, iters: 13632, time: 0.001, data: 0.001) , D_A: 0.249, G_A: 1.153, cycle_A: 0.410, D_B: 0.235, G_B: 1.040, cycle_B: 0.298, gp: 0.229

[Rank 0] (epoch: 12, iters: 15232, time: 0.001, data: 0.001) , D_A: 0.233, G_A: 0.985, cycle_A: 0.262, D_B: 0.258, G_B: 0.945, cycle_B: 0.424, gp: 0.250

[Rank 0] (epoch: 12, iters: 16832, time: 0.001, data: 0.001) , D_A: 0.174, G_A: 0.912, cycle_A: 0.261, D_B: 0.238, G_B: 0.989, cycle_B: 0.285, gp: 0.232

[Rank 0] (epoch: 12, iters: 18432, time: 0.001, data: 0.001) , D_A: 0.203, G_A: 1.062, cycle_A: 0.271, D_B: 0.220, G_B: 0.902, cycle_B: 0.267, gp: 0.210

[Rank 0] (epoch: 12, iters: 20032, time: 0.001, data: 0.001) , D_A: 0.256, G_A: 0.916, cycle_A: 0.263, D_B: 0.295, G_B: 1.280, cycle_B: 0.413, gp: 0.284

[Rank 0] (epoch: 12, iters: 21632, time: 0.001, data: 0.002) , D_A: 0.199, G_A: 0.983, cycle_A: 0.268, D_B: 0.377, G_B: 1.049, cycle_B: 0.426, gp: 0.370

learning rate 0.0002000 -> 0.0002000
temperature tau = 0.3371
End of epoch 12 / 50 	 Time Taken: 19 sec
[Rank 0] (epoch: 13, iters: 1344, time: 0.001, data: 0.001) , D_A: 0.170, G_A: 0.935, cycle_A: 0.270, D_B: 0.204, G_B: 0.963, cycle_B: 0.267, gp: 0.198

[Rank 0] (epoch: 13, iters: 2944, time: 0.001, data: 0.001) , D_A: 0.295, G_A: 0.941, cycle_A: 0.266, D_B: 0.276, G_B: 1.105, cycle_B: 0.291, gp: 0.258

[Rank 0] (epoch: 13, iters: 4544, time: 0.001, data: 0.001) , D_A: 0.252, G_A: 1.240, cycle_A: 0.412, D_B: 0.283, G_B: 0.964, cycle_B: 0.282, gp: 0.277

[Rank 0] (epoch: 13, iters: 6144, time: 0.001, data: 0.001) , D_A: 0.203, G_A: 0.923, cycle_A: 0.256, D_B: 0.221, G_B: 0.758, cycle_B: 0.280, gp: 0.204

[Rank 0] (epoch: 13, iters: 7744, time: 0.001, data: 0.001) , D_A: 0.246, G_A: 0.621, cycle_A: 0.270, D_B: 0.280, G_B: 0.903, cycle_B: 0.437, gp: 0.269

[Rank 0] (epoch: 13, iters: 9344, time: 0.001, data: 0.001) , D_A: 0.237, G_A: 0.963, cycle_A: 0.275, D_B: 0.238, G_B: 1.133, cycle_B: 0.405, gp: 0.229

[Rank 0] (epoch: 13, iters: 10944, time: 0.001, data: 0.001) , D_A: 0.284, G_A: 0.879, cycle_A: 0.263, D_B: 0.185, G_B: 0.986, cycle_B: 0.294, gp: 0.177

[Rank 0] (epoch: 13, iters: 12544, time: 0.001, data: 0.001) , D_A: 0.204, G_A: 0.972, cycle_A: 0.269, D_B: 0.259, G_B: 0.982, cycle_B: 0.266, gp: 0.252

[Rank 0] (epoch: 13, iters: 14144, time: 0.001, data: 0.001) , D_A: 0.207, G_A: 0.990, cycle_A: 0.270, D_B: 0.246, G_B: 0.994, cycle_B: 0.272, gp: 0.239

[Rank 0] (epoch: 13, iters: 15744, time: 0.001, data: 0.001) , D_A: 0.277, G_A: 0.961, cycle_A: 0.412, D_B: 0.182, G_B: 1.056, cycle_B: 0.401, gp: 0.169

--- iter tau=0.3371 ---
  cipher in : dbieci bdbchb idbhdbabcabgbadbdbibadbidedhbggdbccibgeidbcedbehba
  decrypted : e geiga e ia age ae h ih i he e g he geeea iie iig iege iee ea h
  real plain: f iff ca ifed hi ge i he adde ie a chid i hae eae gade gai aid h
  cipher in : dbihicibfbadbihdcdbcbaibahbgdbcfdhbiabecdbabfbihdcdbececbcdcicba
  decrypted : e gagig a he gaeie i hg ha ie iaea gh eie h a gaeie eiei ieigi h
  real plain:  ab ee f he aef i aeie ad ig he agai he cee afe hei aage hgh he 
[Rank 0] (epoch: 13, iters: 17344, time: 0.001, data: 0.001) , D_A: 0.185, G_A: 0.972, cycle_A: 0.278, D_B: 0.309, G_B: 1.472, cycle_B: 0.425, gp: 0.254

saving the latest model (epoch 13, total_iters 280000)
[Rank 0] (epoch: 13, iters: 18944, time: 0.001, data: 0.001) , D_A: 0.155, G_A: 0.950, cycle_A: 0.265, D_B: 0.304, G_B: 0.861, cycle_B: 0.271, gp: 0.290

[Rank 0] (epoch: 13, iters: 20544, time: 0.001, data: 0.001) , D_A: 0.194, G_A: 0.934, cycle_A: 0.403, D_B: 0.253, G_B: 0.915, cycle_B: 0.275, gp: 0.242

learning rate 0.0002000 -> 0.0002000
temperature tau = 0.3262
End of epoch 13 / 50 	 Time Taken: 17 sec
[Rank 0] (epoch: 14, iters: 256, time: 0.001, data: 0.001) , D_A: 0.307, G_A: 0.953, cycle_A: 0.261, D_B: 0.202, G_B: 0.936, cycle_B: 0.410, gp: 0.197

[Rank 0] (epoch: 14, iters: 1856, time: 0.001, data: 0.001) , D_A: 0.204, G_A: 1.057, cycle_A: 0.405, D_B: 0.278, G_B: 0.991, cycle_B: 0.267, gp: 0.273

[Rank 0] (epoch: 14, iters: 3456, time: 0.001, data: 0.001) , D_A: 0.290, G_A: 1.111, cycle_A: 0.266, D_B: 0.300, G_B: 0.804, cycle_B: 0.450, gp: 0.291

[Rank 0] (epoch: 14, iters: 5056, time: 0.001, data: 0.001) , D_A: 0.253, G_A: 1.003, cycle_A: 0.281, D_B: 0.314, G_B: 1.024, cycle_B: 0.289, gp: 0.307

[Rank 0] (epoch: 14, iters: 6656, time: 0.001, data: 0.001) , D_A: 0.567, G_A: 1.222, cycle_A: 0.269, D_B: 0.251, G_B: 0.965, cycle_B: 0.279, gp: 0.246

[Rank 0] (epoch: 14, iters: 8256, time: 0.001, data: 0.001) , D_A: 0.250, G_A: 1.219, cycle_A: 0.416, D_B: 0.194, G_B: 1.104, cycle_B: 0.298, gp: 0.184

[Rank 0] (epoch: 14, iters: 9856, time: 0.001, data: 0.001) , D_A: 0.272, G_A: 0.929, cycle_A: 0.271, D_B: 0.282, G_B: 1.059, cycle_B: 0.420, gp: 0.266

[Rank 0] (epoch: 14, iters: 11456, time: 0.001, data: 0.001) , D_A: 0.333, G_A: 0.965, cycle_A: 0.275, D_B: 0.239, G_B: 0.909, cycle_B: 0.429, gp: 0.231

[Rank 0] (epoch: 14, iters: 13056, time: 0.001, data: 0.001) , D_A: 0.242, G_A: 0.959, cycle_A: 0.273, D_B: 0.290, G_B: 1.001, cycle_B: 0.273, gp: 0.282

[Rank 0] (epoch: 14, iters: 14656, time: 0.001, data: 0.001) , D_A: 0.272, G_A: 0.962, cycle_A: 0.275, D_B: 0.264, G_B: 0.934, cycle_B: 0.408, gp: 0.255

[Rank 0] (epoch: 14, iters: 16256, time: 0.001, data: 0.001) , D_A: 0.259, G_A: 1.022, cycle_A: 0.268, D_B: 0.309, G_B: 1.053, cycle_B: 0.278, gp: 0.298

[Rank 0] (epoch: 14, iters: 17856, time: 0.001, data: 0.001) , D_A: 0.227, G_A: 1.235, cycle_A: 0.400, D_B: 0.215, G_B: 1.320, cycle_B: 0.426, gp: 0.197

[Rank 0] (epoch: 14, iters: 19456, time: 0.001, data: 0.001) , D_A: 0.222, G_A: 1.003, cycle_A: 0.268, D_B: 0.293, G_B: 1.011, cycle_B: 0.268, gp: 0.287

[Rank 0] (epoch: 14, iters: 21056, time: 0.001, data: 0.001) , D_A: 0.166, G_A: 0.932, cycle_A: 0.414, D_B: 0.216, G_B: 0.934, cycle_B: 0.289, gp: 0.209

learning rate 0.0002000 -> 0.0002000
temperature tau = 0.3157
End of epoch 14 / 50 	 Time Taken: 19 sec
[Rank 0] (epoch: 15, iters: 768, time: 0.001, data: 0.000) , D_A: 0.193, G_A: 0.718, cycle_A: 0.277, D_B: 0.214, G_B: 0.919, cycle_B: 0.281, gp: 0.203

[Rank 0] (epoch: 15, iters: 2368, time: 0.001, data: 0.000) , D_A: 0.183, G_A: 0.985, cycle_A: 0.395, D_B: 0.292, G_B: 0.926, cycle_B: 0.279, gp: 0.282

[Rank 0] (epoch: 15, iters: 3968, time: 0.001, data: 0.001) , D_A: 0.244, G_A: 0.970, cycle_A: 0.395, D_B: 0.249, G_B: 1.034, cycle_B: 0.289, gp: 0.239

[Rank 0] (epoch: 15, iters: 5568, time: 0.001, data: 0.001) , D_A: 0.238, G_A: 0.876, cycle_A: 0.277, D_B: 0.188, G_B: 0.969, cycle_B: 0.415, gp: 0.180

[Rank 0] (epoch: 15, iters: 7168, time: 0.001, data: 0.001) , D_A: 0.222, G_A: 1.017, cycle_A: 0.269, D_B: 0.293, G_B: 0.984, cycle_B: 0.421, gp: 0.283

[Rank 0] (epoch: 15, iters: 8768, time: 0.001, data: 0.001) , D_A: 0.161, G_A: 0.974, cycle_A: 0.276, D_B: 0.294, G_B: 1.027, cycle_B: 0.273, gp: 0.288

[Rank 0] (epoch: 15, iters: 10368, time: 0.001, data: 0.001) , D_A: 0.116, G_A: 0.937, cycle_A: 0.272, D_B: 0.225, G_B: 0.960, cycle_B: 0.265, gp: 0.218

[Rank 0] (epoch: 15, iters: 11968, time: 0.001, data: 0.001) , D_A: 0.262, G_A: 0.965, cycle_A: 0.262, D_B: 0.327, G_B: 0.825, cycle_B: 0.263, gp: 0.316

--- iter tau=0.3157 ---
  cipher in : edbaebebdeddbfbaddbfidbcebgdbdhbcecedbebddedbfbadbecbeebaebibdie
  decrypted : ee he e eeee a hee abe ie ie ea ieiee e eeee a he ei ee he b ebe
  real plain: bf f he ice gae ee aid he be f aci a hi ee he g hi f he bid ide 
  cipher in : bgdddbaddbfcibibebebi dedhbeeicbfcibfbfaddbdbcebfihbebdi agahbfb
  decrypted :  ieee hee aib b e e baeeea eebi aib a ahee e ie aba e ebahiha a 
  real plain: a ahe he ae ieed ih he biih gee cce i fcig ad heig he biih eie i
[Rank 0] (epoch: 15, iters: 13568, time: 0.001, data: 0.001) , D_A: 0.312, G_A: 0.887, cycle_A: 0.266, D_B: 0.293, G_B: 0.961, cycle_B: 0.297, gp: 0.286

saving the latest model (epoch 15, total_iters 320000)
[Rank 0] (epoch: 15, iters: 15168, time: 0.001, data: 0.001) , D_A: 0.209, G_A: 0.989, cycle_A: 0.284, D_B: 0.323, G_B: 0.981, cycle_B: 0.279, gp: 0.311

[Rank 0] (epoch: 15, iters: 16768, time: 0.001, data: 0.001) , D_A: 0.195, G_A: 1.008, cycle_A: 0.416, D_B: 0.156, G_B: 1.012, cycle_B: 0.282, gp: 0.145

[Rank 0] (epoch: 15, iters: 18368, time: 0.001, data: 0.001) , D_A: 0.308, G_A: 1.030, cycle_A: 0.262, D_B: 0.184, G_B: 0.886, cycle_B: 0.270, gp: 0.176

[Rank 0] (epoch: 15, iters: 19968, time: 0.001, data: 0.001) , D_A: 0.258, G_A: 0.952, cycle_A: 0.260, D_B: 0.337, G_B: 0.866, cycle_B: 0.281, gp: 0.326

[Rank 0] (epoch: 15, iters: 21568, time: 0.001, data: 0.001) , D_A: 0.177, G_A: 0.989, cycle_A: 0.273, D_B: 0.285, G_B: 0.881, cycle_B: 0.289, gp: 0.278

learning rate 0.0002000 -> 0.0002000
temperature tau = 0.3055
End of epoch 15 / 50 	 Time Taken: 18 sec
[Rank 0] (epoch: 16, iters: 1280, time: 0.001, data: 0.001) , D_A: 0.207, G_A: 0.575, cycle_A: 0.280, D_B: 0.151, G_B: 0.965, cycle_B: 0.402, gp: 0.142

[Rank 0] (epoch: 16, iters: 2880, time: 0.001, data: 0.001) , D_A: 0.310, G_A: 0.919, cycle_A: 0.265, D_B: 0.240, G_B: 1.029, cycle_B: 0.288, gp: 0.231

[Rank 0] (epoch: 16, iters: 4480, time: 0.001, data: 0.001) , D_A: 0.194, G_A: 0.974, cycle_A: 0.270, D_B: 0.223, G_B: 1.054, cycle_B: 0.284, gp: 0.214

[Rank 0] (epoch: 16, iters: 6080, time: 0.001, data: 0.001) , D_A: 0.282, G_A: 0.989, cycle_A: 0.414, D_B: 0.321, G_B: 1.005, cycle_B: 0.404, gp: 0.313

[Rank 0] (epoch: 16, iters: 7680, time: 0.001, data: 0.001) , D_A: 0.184, G_A: 0.973, cycle_A: 0.274, D_B: 0.219, G_B: 0.865, cycle_B: 0.277, gp: 0.209

[Rank 0] (epoch: 16, iters: 9280, time: 0.001, data: 0.001) , D_A: 0.193, G_A: 0.970, cycle_A: 0.269, D_B: 0.250, G_B: 0.972, cycle_B: 0.257, gp: 0.238

[Rank 0] (epoch: 16, iters: 10880, time: 0.001, data: 0.001) , D_A: 0.241, G_A: 0.941, cycle_A: 0.301, D_B: 0.183, G_B: 0.809, cycle_B: 0.273, gp: 0.167

[Rank 0] (epoch: 16, iters: 12480, time: 0.001, data: 0.001) , D_A: 0.270, G_A: 0.966, cycle_A: 0.267, D_B: 0.190, G_B: 0.944, cycle_B: 0.273, gp: 0.183

[Rank 0] (epoch: 16, iters: 14080, time: 0.001, data: 0.001) , D_A: 0.255, G_A: 1.046, cycle_A: 0.272, D_B: 0.129, G_B: 0.931, cycle_B: 0.278, gp: 0.126

[Rank 0] (epoch: 16, iters: 15680, time: 0.001, data: 0.001) , D_A: 0.209, G_A: 0.960, cycle_A: 0.282, D_B: 0.263, G_B: 0.983, cycle_B: 0.279, gp: 0.252

[Rank 0] (epoch: 16, iters: 17280, time: 0.001, data: 0.001) , D_A: 0.207, G_A: 0.958, cycle_A: 0.274, D_B: 0.271, G_B: 0.941, cycle_B: 0.281, gp: 0.263

[Rank 0] (epoch: 16, iters: 18880, time: 0.001, data: 0.001) , D_A: 0.157, G_A: 0.982, cycle_A: 0.265, D_B: 0.202, G_B: 0.959, cycle_B: 0.275, gp: 0.193

[Rank 0] (epoch: 16, iters: 20480, time: 0.001, data: 0.001) , D_A: 0.251, G_A: 1.012, cycle_A: 0.269, D_B: 0.256, G_B: 0.962, cycle_B: 0.400, gp: 0.251

learning rate 0.0002000 -> 0.0002000
temperature tau = 0.2956
End of epoch 16 / 50 	 Time Taken: 20 sec
[Rank 0] (epoch: 17, iters: 192, time: 0.001, data: 0.001) , D_A: 0.223, G_A: 1.057, cycle_A: 0.411, D_B: 0.140, G_B: 0.950, cycle_B: 0.282, gp: 0.135

[Rank 0] (epoch: 17, iters: 1792, time: 0.001, data: 0.000) , D_A: 0.229, G_A: 0.956, cycle_A: 0.269, D_B: 0.199, G_B: 0.904, cycle_B: 0.268, gp: 0.191

[Rank 0] (epoch: 17, iters: 3392, time: 0.001, data: 0.001) , D_A: 0.227, G_A: 0.949, cycle_A: 0.268, D_B: 0.299, G_B: 0.997, cycle_B: 0.282, gp: 0.291

[Rank 0] (epoch: 17, iters: 4992, time: 0.001, data: 0.001) , D_A: 0.283, G_A: 0.946, cycle_A: 0.406, D_B: 0.234, G_B: 1.031, cycle_B: 0.288, gp: 0.226

[Rank 0] (epoch: 17, iters: 6592, time: 0.001, data: 0.001) , D_A: 0.278, G_A: 0.918, cycle_A: 0.265, D_B: 0.219, G_B: 1.096, cycle_B: 0.424, gp: 0.211

[Rank 0] (epoch: 17, iters: 8192, time: 0.001, data: 0.001) , D_A: 0.195, G_A: 0.939, cycle_A: 0.277, D_B: 0.373, G_B: 0.595, cycle_B: 0.278, gp: 0.345

--- iter tau=0.2956 ---
  cipher in : dbehbgecbe eibibaedbdbfbhhbdbadbibchbgdbhi bdai be  idbeihbibhbe
  decrypted : d ea iei eaef f hed d a aa d hd f ia id afa dhfa eaafd efa f a e
  real plain: d ab diig b cege i diicie f haig a fficia diig ace he f adedae e
  cipher in : gbggi badbfbiibfbhebehbi badbeebfbd iiedbdaicebdhicebdedbfbdibhi
  decrypted : i iifa hd a ff a ae ea fa hd ee a daffed dhfie dafie ded a df af
  real plain:  he id f fae ha i ad he hgah f a dead e fe cee cd i be ih he ea 
[Rank 0] (epoch: 17, iters: 9792, time: 0.001, data: 0.002) , D_A: 0.247, G_A: 0.917, cycle_A: 0.410, D_B: 0.257, G_B: 0.928, cycle_B: 0.285, gp: 0.251

saving the latest model (epoch 17, total_iters 360000)
[Rank 0] (epoch: 17, iters: 11392, time: 0.001, data: 0.002) , D_A: 0.140, G_A: 0.955, cycle_A: 0.270, D_B: 0.226, G_B: 1.072, cycle_B: 0.418, gp: 0.217

[Rank 0] (epoch: 17, iters: 12992, time: 0.001, data: 0.002) , D_A: 0.227, G_A: 1.029, cycle_A: 0.280, D_B: 0.201, G_B: 1.014, cycle_B: 0.413, gp: 0.190

[Rank 0] (epoch: 17, iters: 14592, time: 0.001, data: 0.001) , D_A: 0.253, G_A: 1.166, cycle_A: 0.397, D_B: 0.233, G_B: 1.021, cycle_B: 0.404, gp: 0.227

[Rank 0] (epoch: 17, iters: 16192, time: 0.001, data: 0.002) , D_A: 0.255, G_A: 0.937, cycle_A: 0.264, D_B: 0.188, G_B: 0.941, cycle_B: 0.276, gp: 0.181

[Rank 0] (epoch: 17, iters: 17792, time: 0.001, data: 0.001) , D_A: 0.250, G_A: 0.950, cycle_A: 0.272, D_B: 0.291, G_B: 0.943, cycle_B: 0.427, gp: 0.283

[Rank 0] (epoch: 17, iters: 19392, time: 0.001, data: 0.002) , D_A: 0.240, G_A: 0.796, cycle_A: 0.412, D_B: 0.366, G_B: 1.038, cycle_B: 0.271, gp: 0.352

[Rank 0] (epoch: 17, iters: 20992, time: 0.001, data: 0.001) , D_A: 0.108, G_A: 1.032, cycle_A: 0.266, D_B: 0.214, G_B: 1.103, cycle_B: 0.278, gp: 0.201

learning rate 0.0002000 -> 0.0002000
temperature tau = 0.2861
End of epoch 17 / 50 	 Time Taken: 19 sec
[Rank 0] (epoch: 18, iters: 704, time: 0.001, data: 0.001) , D_A: 0.188, G_A: 0.887, cycle_A: 0.288, D_B: 0.210, G_B: 1.142, cycle_B: 0.416, gp: 0.195

[Rank 0] (epoch: 18, iters: 2304, time: 0.001, data: 0.000) , D_A: 0.234, G_A: 1.195, cycle_A: 0.397, D_B: 0.288, G_B: 0.779, cycle_B: 0.289, gp: 0.283

[Rank 0] (epoch: 18, iters: 3904, time: 0.001, data: 0.001) , D_A: 0.176, G_A: 1.078, cycle_A: 0.406, D_B: 0.289, G_B: 0.941, cycle_B: 0.280, gp: 0.282

[Rank 0] (epoch: 18, iters: 5504, time: 0.001, data: 0.001) , D_A: 0.233, G_A: 1.022, cycle_A: 0.396, D_B: 0.286, G_B: 0.959, cycle_B: 0.281, gp: 0.279

[Rank 0] (epoch: 18, iters: 7104, time: 0.001, data: 0.001) , D_A: 0.214, G_A: 0.860, cycle_A: 0.292, D_B: 0.331, G_B: 1.209, cycle_B: 0.416, gp: 0.321

[Rank 0] (epoch: 18, iters: 8704, time: 0.001, data: 0.002) , D_A: 0.186, G_A: 1.126, cycle_A: 0.404, D_B: 0.246, G_B: 1.038, cycle_B: 0.275, gp: 0.239

[Rank 0] (epoch: 18, iters: 10304, time: 0.001, data: 0.002) , D_A: 0.273, G_A: 0.937, cycle_A: 0.269, D_B: 0.283, G_B: 0.952, cycle_B: 0.398, gp: 0.276

[Rank 0] (epoch: 18, iters: 11904, time: 0.001, data: 0.001) , D_A: 0.217, G_A: 0.897, cycle_A: 0.261, D_B: 0.274, G_B: 0.735, cycle_B: 0.262, gp: 0.202

[Rank 0] (epoch: 18, iters: 13504, time: 0.001, data: 0.001) , D_A: 0.213, G_A: 0.946, cycle_A: 0.262, D_B: 0.218, G_B: 0.967, cycle_B: 0.405, gp: 0.213

[Rank 0] (epoch: 18, iters: 15104, time: 0.001, data: 0.001) , D_A: 0.228, G_A: 1.136, cycle_A: 0.403, D_B: 0.400, G_B: 0.981, cycle_B: 0.419, gp: 0.393

[Rank 0] (epoch: 18, iters: 16704, time: 0.001, data: 0.001) , D_A: 0.217, G_A: 0.992, cycle_A: 0.272, D_B: 0.223, G_B: 0.981, cycle_B: 0.277, gp: 0.215

[Rank 0] (epoch: 18, iters: 18304, time: 0.001, data: 0.001) , D_A: 0.226, G_A: 1.131, cycle_A: 0.401, D_B: 0.314, G_B: 0.848, cycle_B: 0.402, gp: 0.299

[Rank 0] (epoch: 18, iters: 19904, time: 0.001, data: 0.001) , D_A: 0.248, G_A: 0.948, cycle_A: 0.263, D_B: 0.273, G_B: 0.996, cycle_B: 0.281, gp: 0.267

[Rank 0] (epoch: 18, iters: 21504, time: 0.001, data: 0.001) , D_A: 0.283, G_A: 0.941, cycle_A: 0.274, D_B: 0.162, G_B: 0.884, cycle_B: 0.277, gp: 0.153

learning rate 0.0002000 -> 0.0002000
temperature tau = 0.2768
End of epoch 18 / 50 	 Time Taken: 19 sec
[Rank 0] (epoch: 19, iters: 1216, time: 0.001, data: 0.000) , D_A: 0.236, G_A: 0.932, cycle_A: 0.269, D_B: 0.187, G_B: 1.007, cycle_B: 0.401, gp: 0.181

[Rank 0] (epoch: 19, iters: 2816, time: 0.001, data: 0.002) , D_A: 0.266, G_A: 1.009, cycle_A: 0.395, D_B: 0.266, G_B: 1.024, cycle_B: 0.285, gp: 0.254

[Rank 0] (epoch: 19, iters: 4416, time: 0.001, data: 0.001) , D_A: 0.251, G_A: 1.016, cycle_A: 0.274, D_B: 0.226, G_B: 0.983, cycle_B: 0.279, gp: 0.220

--- iter tau=0.2768 ---
  cipher in : adbebidbdbaebibfdbd abddbegbhii baebibhbdbibcdbibebehbe eibaibae
  decrypted : hd e gd d he g ad dah dd ei agga he g a d g id g e ea eaeg hg he
  real plain: decii ad h ee aed ai deie i he ee ha e a aidab abe hi a gae he h
  cipher in : adbgi i bibfb hbi hbdeabibhbceibgdbfddbfbibfbadbddhbfbddecdbehbf
  decrypted : hd igaga g a aa gaa deh g a ieg id add a g a hd dda a ddeid ea a
  real plain:  cadidae e dig he ea he i a he aff f he ai i ied he ii he aiece 
[Rank 0] (epoch: 19, iters: 6016, time: 0.001, data: 0.001) , D_A: 0.222, G_A: 0.902, cycle_A: 0.403, D_B: 0.165, G_B: 0.996, cycle_B: 0.405, gp: 0.157

saving the latest model (epoch 19, total_iters 400000)
[Rank 0] (epoch: 19, iters: 7616, time: 0.001, data: 0.001) , D_A: 0.209, G_A: 0.980, cycle_A: 0.274, D_B: 0.317, G_B: 1.053, cycle_B: 0.411, gp: 0.310

[Rank 0] (epoch: 19, iters: 9216, time: 0.001, data: 0.001) , D_A: 0.286, G_A: 0.994, cycle_A: 0.268, D_B: 0.171, G_B: 1.145, cycle_B: 0.276, gp: 0.150

[Rank 0] (epoch: 19, iters: 10816, time: 0.001, data: 0.001) , D_A: 0.206, G_A: 0.981, cycle_A: 0.266, D_B: 0.302, G_B: 0.875, cycle_B: 0.414, gp: 0.293

[Rank 0] (epoch: 19, iters: 12416, time: 0.001, data: 0.001) , D_A: 0.304, G_A: 1.192, cycle_A: 0.412, D_B: 0.255, G_B: 1.047, cycle_B: 0.269, gp: 0.245

[Rank 0] (epoch: 19, iters: 14016, time: 0.001, data: 0.001) , D_A: 0.218, G_A: 1.074, cycle_A: 0.267, D_B: 0.168, G_B: 0.951, cycle_B: 0.417, gp: 0.162

[Rank 0] (epoch: 19, iters: 15616, time: 0.001, data: 0.001) , D_A: 0.303, G_A: 1.012, cycle_A: 0.269, D_B: 0.267, G_B: 0.616, cycle_B: 0.409, gp: 0.229

[Rank 0] (epoch: 19, iters: 17216, time: 0.001, data: 0.001) , D_A: 0.264, G_A: 0.932, cycle_A: 0.284, D_B: 0.218, G_B: 1.338, cycle_B: 0.418, gp: 0.193

[Rank 0] (epoch: 19, iters: 18816, time: 0.001, data: 0.001) , D_A: 0.258, G_A: 1.120, cycle_A: 0.396, D_B: 0.211, G_B: 0.921, cycle_B: 0.275, gp: 0.204

[Rank 0] (epoch: 19, iters: 20416, time: 0.001, data: 0.001) , D_A: 0.286, G_A: 0.972, cycle_A: 0.266, D_B: 0.224, G_B: 0.995, cycle_B: 0.269, gp: 0.218

learning rate 0.0002000 -> 0.0002000
temperature tau = 0.2679
End of epoch 19 / 50 	 Time Taken: 19 sec
[Rank 0] (epoch: 20, iters: 128, time: 0.001, data: 0.001) , D_A: 0.324, G_A: 1.049, cycle_A: 0.410, D_B: 0.325, G_B: 1.027, cycle_B: 0.408, gp: 0.319

[Rank 0] (epoch: 20, iters: 1728, time: 0.001, data: 0.003) , D_A: 0.274, G_A: 0.929, cycle_A: 0.407, D_B: 0.219, G_B: 0.953, cycle_B: 0.266, gp: 0.210

[Rank 0] (epoch: 20, iters: 3328, time: 0.001, data: 0.001) , D_A: 0.212, G_A: 0.958, cycle_A: 0.283, D_B: 0.246, G_B: 0.911, cycle_B: 0.280, gp: 0.235

[Rank 0] (epoch: 20, iters: 4928, time: 0.001, data: 0.001) , D_A: 0.261, G_A: 0.946, cycle_A: 0.263, D_B: 0.173, G_B: 0.999, cycle_B: 0.291, gp: 0.164

[Rank 0] (epoch: 20, iters: 6528, time: 0.001, data: 0.001) , D_A: 0.231, G_A: 1.060, cycle_A: 0.268, D_B: 0.225, G_B: 1.028, cycle_B: 0.279, gp: 0.219

[Rank 0] (epoch: 20, iters: 8128, time: 0.001, data: 0.001) , D_A: 0.226, G_A: 1.098, cycle_A: 0.401, D_B: 0.234, G_B: 0.965, cycle_B: 0.279, gp: 0.228

[Rank 0] (epoch: 20, iters: 9728, time: 0.001, data: 0.002) , D_A: 0.318, G_A: 0.915, cycle_A: 0.266, D_B: 0.193, G_B: 0.961, cycle_B: 0.257, gp: 0.182

[Rank 0] (epoch: 20, iters: 11328, time: 0.001, data: 0.001) , D_A: 0.195, G_A: 0.878, cycle_A: 0.271, D_B: 0.164, G_B: 0.951, cycle_B: 0.284, gp: 0.154

[Rank 0] (epoch: 20, iters: 12928, time: 0.001, data: 0.001) , D_A: 0.226, G_A: 0.680, cycle_A: 0.268, D_B: 0.284, G_B: 0.877, cycle_B: 0.272, gp: 0.272

[Rank 0] (epoch: 20, iters: 14528, time: 0.001, data: 0.001) , D_A: 0.229, G_A: 0.796, cycle_A: 0.265, D_B: 0.340, G_B: 0.963, cycle_B: 0.267, gp: 0.331

[Rank 0] (epoch: 20, iters: 16128, time: 0.001, data: 0.001) , D_A: 0.264, G_A: 0.940, cycle_A: 0.268, D_B: 0.239, G_B: 0.935, cycle_B: 0.415, gp: 0.231

[Rank 0] (epoch: 20, iters: 17728, time: 0.001, data: 0.001) , D_A: 0.312, G_A: 1.111, cycle_A: 0.410, D_B: 0.195, G_B: 1.007, cycle_B: 0.285, gp: 0.187

[Rank 0] (epoch: 20, iters: 19328, time: 0.001, data: 0.002) , D_A: 0.199, G_A: 0.971, cycle_A: 0.275, D_B: 0.219, G_B: 1.116, cycle_B: 0.404, gp: 0.211

[Rank 0] (epoch: 20, iters: 20928, time: 0.001, data: 0.003) , D_A: 0.322, G_A: 0.938, cycle_A: 0.271, D_B: 0.171, G_B: 0.943, cycle_B: 0.419, gp: 0.166

learning rate 0.0002000 -> 0.0002000
temperature tau = 0.2592
End of epoch 20 / 50 	 Time Taken: 20 sec
[Rank 0] (epoch: 21, iters: 640, time: 0.001, data: 0.001) , D_A: 0.227, G_A: 1.282, cycle_A: 0.410, D_B: 0.275, G_B: 1.385, cycle_B: 0.412, gp: 0.251

--- iter tau=0.2592 ---
  cipher in : behbeadehbaddbhbgdbebdbadbhee dbchbgdbhdbidbai bebebhcbaidbdfi b
  decrypted :  ea ehdea hdd a id e d hd aeead ia id ad fd hfa e e ai hfd dafa 
  real plain: heie eaie bc f age he da ad dc aee ide he i f geeaig d aaica he 
  cipher in : bieidbadbebaii bgi bhdebidbaibhdbfiai beidbfbddbdebehbgddbffbaeb
  decrypted :  fefd hd e hffa ifa ade fd hf ad afhfa efd a dd de ea idd aa he 
  real plain: e f he bec a ggei hhei a ee iadeae a a eaai f he h hifed hei eac
[Rank 0] (epoch: 21, iters: 2240, time: 0.001, data: 0.000) , D_A: 0.201, G_A: 0.961, cycle_A: 0.266, D_B: 0.328, G_B: 0.932, cycle_B: 0.417, gp: 0.322

saving the latest model (epoch 21, total_iters 440000)
[Rank 0] (epoch: 21, iters: 3840, time: 0.001, data: 0.001) , D_A: 0.342, G_A: 0.999, cycle_A: 0.407, D_B: 0.294, G_B: 0.903, cycle_B: 0.281, gp: 0.285

[Rank 0] (epoch: 21, iters: 5440, time: 0.001, data: 0.001) , D_A: 0.283, G_A: 0.926, cycle_A: 0.267, D_B: 0.282, G_B: 1.028, cycle_B: 0.279, gp: 0.272

[Rank 0] (epoch: 21, iters: 7040, time: 0.001, data: 0.001) , D_A: 0.238, G_A: 1.021, cycle_A: 0.267, D_B: 0.309, G_B: 1.067, cycle_B: 0.422, gp: 0.301

[Rank 0] (epoch: 21, iters: 8640, time: 0.001, data: 0.001) , D_A: 0.222, G_A: 0.990, cycle_A: 0.269, D_B: 0.180, G_B: 0.960, cycle_B: 0.273, gp: 0.172

[Rank 0] (epoch: 21, iters: 10240, time: 0.001, data: 0.001) , D_A: 0.219, G_A: 1.004, cycle_A: 0.257, D_B: 0.211, G_B: 0.995, cycle_B: 0.411, gp: 0.202

[Rank 0] (epoch: 21, iters: 11840, time: 0.001, data: 0.001) , D_A: 0.149, G_A: 1.048, cycle_A: 0.399, D_B: 0.258, G_B: 0.905, cycle_B: 0.264, gp: 0.245

[Rank 0] (epoch: 21, iters: 13440, time: 0.001, data: 0.001) , D_A: 0.186, G_A: 0.951, cycle_A: 0.262, D_B: 0.229, G_B: 1.021, cycle_B: 0.283, gp: 0.220

[Rank 0] (epoch: 21, iters: 15040, time: 0.001, data: 0.001) , D_A: 0.177, G_A: 0.969, cycle_A: 0.270, D_B: 0.179, G_B: 1.046, cycle_B: 0.423, gp: 0.173

[Rank 0] (epoch: 21, iters: 16640, time: 0.001, data: 0.001) , D_A: 0.262, G_A: 0.967, cycle_A: 0.411, D_B: 0.291, G_B: 1.028, cycle_B: 0.278, gp: 0.281

[Rank 0] (epoch: 21, iters: 18240, time: 0.001, data: 0.001) , D_A: 0.202, G_A: 0.939, cycle_A: 0.280, D_B: 0.286, G_B: 0.780, cycle_B: 0.265, gp: 0.267

[Rank 0] (epoch: 21, iters: 19840, time: 0.001, data: 0.001) , D_A: 0.256, G_A: 1.020, cycle_A: 0.258, D_B: 0.242, G_B: 0.917, cycle_B: 0.282, gp: 0.232

[Rank 0] (epoch: 21, iters: 21440, time: 0.001, data: 0.001) , D_A: 0.322, G_A: 0.952, cycle_A: 0.266, D_B: 0.175, G_B: 0.943, cycle_B: 0.276, gp: 0.168

learning rate 0.0002000 -> 0.0002000
temperature tau = 0.2508
End of epoch 21 / 50 	 Time Taken: 17 sec
[Rank 0] (epoch: 22, iters: 1152, time: 0.001, data: 0.000) , D_A: 0.227, G_A: 0.966, cycle_A: 0.268, D_B: 0.287, G_B: 1.113, cycle_B: 0.399, gp: 0.275

[Rank 0] (epoch: 22, iters: 2752, time: 0.001, data: 0.001) , D_A: 0.184, G_A: 0.960, cycle_A: 0.274, D_B: 0.315, G_B: 0.849, cycle_B: 0.284, gp: 0.297

[Rank 0] (epoch: 22, iters: 4352, time: 0.001, data: 0.001) , D_A: 0.209, G_A: 0.921, cycle_A: 0.412, D_B: 0.267, G_B: 1.006, cycle_B: 0.279, gp: 0.256

[Rank 0] (epoch: 22, iters: 5952, time: 0.001, data: 0.001) , D_A: 0.171, G_A: 0.922, cycle_A: 0.272, D_B: 0.195, G_B: 0.762, cycle_B: 0.280, gp: 0.178

[Rank 0] (epoch: 22, iters: 7552, time: 0.001, data: 0.001) , D_A: 0.266, G_A: 0.950, cycle_A: 0.272, D_B: 0.233, G_B: 0.862, cycle_B: 0.276, gp: 0.215

[Rank 0] (epoch: 22, iters: 9152, time: 0.001, data: 0.001) , D_A: 0.238, G_A: 1.015, cycle_A: 0.415, D_B: 0.268, G_B: 0.899, cycle_B: 0.409, gp: 0.260

[Rank 0] (epoch: 22, iters: 10752, time: 0.001, data: 0.001) , D_A: 0.205, G_A: 0.950, cycle_A: 0.266, D_B: 0.223, G_B: 0.949, cycle_B: 0.397, gp: 0.218

[Rank 0] (epoch: 22, iters: 12352, time: 0.001, data: 0.001) , D_A: 0.141, G_A: 0.951, cycle_A: 0.408, D_B: 0.330, G_B: 0.964, cycle_B: 0.270, gp: 0.299

[Rank 0] (epoch: 22, iters: 13952, time: 0.001, data: 0.001) , D_A: 0.252, G_A: 1.004, cycle_A: 0.271, D_B: 0.262, G_B: 1.107, cycle_B: 0.411, gp: 0.256

[Rank 0] (epoch: 22, iters: 15552, time: 0.001, data: 0.001) , D_A: 0.215, G_A: 0.882, cycle_A: 0.404, D_B: 0.279, G_B: 1.031, cycle_B: 0.404, gp: 0.274

[Rank 0] (epoch: 22, iters: 17152, time: 0.001, data: 0.001) , D_A: 0.211, G_A: 0.955, cycle_A: 0.273, D_B: 0.247, G_B: 0.992, cycle_B: 0.418, gp: 0.239

[Rank 0] (epoch: 22, iters: 18752, time: 0.001, data: 0.004) , D_A: 0.186, G_A: 0.877, cycle_A: 0.399, D_B: 0.302, G_B: 0.956, cycle_B: 0.406, gp: 0.296

--- iter tau=0.2508 ---
  cipher in : badbaehbhidhbadbdebgdfdbaebabehbaibadbddbicabebdbehbadbaddbebihe
  decrypted :  he hea agea he ee ieae he h ea hg he ee gih e e ea he hee e gae
  real plain: ac ha he abigie ee bahed e ie i a ha he e a a i ad eaa b ha i a 
  cipher in : bfbadbiddbiabeebadbihbea abadbddbidhbhedbeidbddbi abiabibeebdcid
  decrypted :  a he gee gh ee he ga ehah he ee gea aee ege ee gah gh g ee eige
  real plain:  fida ad heaeed iceig ad adi if egiai faied he dead ee e fh i ee
[Rank 0] (epoch: 22, iters: 20352, time: 0.001, data: 0.001) , D_A: 0.177, G_A: 0.856, cycle_A: 0.274, D_B: 0.260, G_B: 1.061, cycle_B: 0.268, gp: 0.238

saving the latest model (epoch 22, total_iters 480000)
learning rate 0.0002000 -> 0.0002000
temperature tau = 0.2427
End of epoch 22 / 50 	 Time Taken: 20 sec
[Rank 0] (epoch: 23, iters: 64, time: 0.001, data: 0.002) , D_A: 0.218, G_A: 0.919, cycle_A: 0.269, D_B: 0.267, G_B: 0.942, cycle_B: 0.409, gp: 0.263

[Rank 0] (epoch: 23, iters: 1664, time: 0.001, data: 0.007) , D_A: 0.269, G_A: 0.987, cycle_A: 0.408, D_B: 0.176, G_B: 0.937, cycle_B: 0.263, gp: 0.170

[Rank 0] (epoch: 23, iters: 3264, time: 0.001, data: 0.001) , D_A: 0.182, G_A: 0.903, cycle_A: 0.270, D_B: 0.247, G_B: 0.751, cycle_B: 0.417, gp: 0.225

[Rank 0] (epoch: 23, iters: 4864, time: 0.001, data: 0.001) , D_A: 0.180, G_A: 0.996, cycle_A: 0.402, D_B: 0.280, G_B: 0.985, cycle_B: 0.290, gp: 0.273

[Rank 0] (epoch: 23, iters: 6464, time: 0.001, data: 0.001) , D_A: 0.292, G_A: 0.884, cycle_A: 0.270, D_B: 0.228, G_B: 1.081, cycle_B: 0.422, gp: 0.220

[Rank 0] (epoch: 23, iters: 8064, time: 0.001, data: 0.001) , D_A: 0.243, G_A: 0.924, cycle_A: 0.266, D_B: 0.295, G_B: 1.068, cycle_B: 0.411, gp: 0.283

[Rank 0] (epoch: 23, iters: 9664, time: 0.001, data: 0.001) , D_A: 0.184, G_A: 0.873, cycle_A: 0.281, D_B: 0.144, G_B: 1.013, cycle_B: 0.259, gp: 0.129

[Rank 0] (epoch: 23, iters: 11264, time: 0.001, data: 0.001) , D_A: 0.179, G_A: 0.977, cycle_A: 0.286, D_B: 0.173, G_B: 0.948, cycle_B: 0.273, gp: 0.162

[Rank 0] (epoch: 23, iters: 12864, time: 0.001, data: 0.001) , D_A: 0.235, G_A: 0.949, cycle_A: 0.270, D_B: 0.321, G_B: 0.952, cycle_B: 0.273, gp: 0.314

[Rank 0] (epoch: 23, iters: 14464, time: 0.001, data: 0.001) , D_A: 0.268, G_A: 0.928, cycle_A: 0.277, D_B: 0.191, G_B: 1.148, cycle_B: 0.405, gp: 0.183

[Rank 0] (epoch: 23, iters: 16064, time: 0.001, data: 0.001) , D_A: 0.256, G_A: 0.932, cycle_A: 0.269, D_B: 0.282, G_B: 0.949, cycle_B: 0.412, gp: 0.274

[Rank 0] (epoch: 23, iters: 17664, time: 0.001, data: 0.001) , D_A: 0.252, G_A: 1.057, cycle_A: 0.286, D_B: 0.203, G_B: 1.097, cycle_B: 0.417, gp: 0.193

[Rank 0] (epoch: 23, iters: 19264, time: 0.001, data: 0.001) , D_A: 0.307, G_A: 1.015, cycle_A: 0.408, D_B: 0.183, G_B: 0.960, cycle_B: 0.269, gp: 0.175

[Rank 0] (epoch: 23, iters: 20864, time: 0.001, data: 0.001) , D_A: 0.283, G_A: 0.957, cycle_A: 0.265, D_B: 0.208, G_B: 1.012, cycle_B: 0.276, gp: 0.199

learning rate 0.0002000 -> 0.0002000
temperature tau = 0.2349
End of epoch 23 / 50 	 Time Taken: 18 sec
[Rank 0] (epoch: 24, iters: 576, time: 0.001, data: 0.001) , D_A: 0.270, G_A: 0.870, cycle_A: 0.271, D_B: 0.323, G_B: 0.728, cycle_B: 0.279, gp: 0.301

[Rank 0] (epoch: 24, iters: 2176, time: 0.001, data: 0.000) , D_A: 0.270, G_A: 0.857, cycle_A: 0.394, D_B: 0.255, G_B: 0.930, cycle_B: 0.416, gp: 0.250

[Rank 0] (epoch: 24, iters: 3776, time: 0.001, data: 0.001) , D_A: 0.200, G_A: 1.013, cycle_A: 0.266, D_B: 0.180, G_B: 0.926, cycle_B: 0.277, gp: 0.168

[Rank 0] (epoch: 24, iters: 5376, time: 0.001, data: 0.002) , D_A: 0.227, G_A: 0.909, cycle_A: 0.276, D_B: 0.174, G_B: 1.183, cycle_B: 0.408, gp: 0.158

[Rank 0] (epoch: 24, iters: 6976, time: 0.001, data: 0.002) , D_A: 0.235, G_A: 0.963, cycle_A: 0.412, D_B: 0.395, G_B: 0.904, cycle_B: 0.280, gp: 0.220

[Rank 0] (epoch: 24, iters: 8576, time: 0.001, data: 0.001) , D_A: 0.155, G_A: 0.969, cycle_A: 0.268, D_B: 0.194, G_B: 0.908, cycle_B: 0.273, gp: 0.189

[Rank 0] (epoch: 24, iters: 10176, time: 0.001, data: 0.001) , D_A: 0.133, G_A: 0.930, cycle_A: 0.274, D_B: 0.241, G_B: 1.064, cycle_B: 0.411, gp: 0.227

[Rank 0] (epoch: 24, iters: 11776, time: 0.001, data: 0.003) , D_A: 0.195, G_A: 0.984, cycle_A: 0.271, D_B: 0.164, G_B: 0.871, cycle_B: 0.281, gp: 0.149

[Rank 0] (epoch: 24, iters: 13376, time: 0.001, data: 0.001) , D_A: 0.223, G_A: 0.955, cycle_A: 0.272, D_B: 0.157, G_B: 1.014, cycle_B: 0.283, gp: 0.150

[Rank 0] (epoch: 24, iters: 14976, time: 0.001, data: 0.001) , D_A: 0.233, G_A: 0.986, cycle_A: 0.270, D_B: 0.255, G_B: 0.914, cycle_B: 0.280, gp: 0.246

--- iter tau=0.2349 ---
  cipher in : ibddhi bhbadbgecbaebhebddcdhbebgecbeffdebfcbehdbiabebibfbfi dhbi
  decrypted : b eeaba a he iei he ae eeiea e iei eaaee ai eae bh e b a abaea b
  real plain: de ad i i had ce had i haee aea f f ciici ab he chage hee giig h
  cipher in : dbibei baebadbibdbcabdce dhbegbadbcaecdbfbadbddb ddbfbidbebi bge
  decrypted : e b eba he he b e ih eieaea ei he iheie a he ee aee a be e ba ie
  real plain: e ee a d fied he die aed ce a bh f he a if he had bee i a gehe i
[Rank 0] (epoch: 24, iters: 16576, time: 0.001, data: 0.001) , D_A: 0.271, G_A: 0.949, cycle_A: 0.270, D_B: 0.195, G_B: 0.971, cycle_B: 0.278, gp: 0.187

saving the latest model (epoch 24, total_iters 520000)
[Rank 0] (epoch: 24, iters: 18176, time: 0.001, data: 0.002) , D_A: 0.205, G_A: 0.986, cycle_A: 0.261, D_B: 0.226, G_B: 0.997, cycle_B: 0.402, gp: 0.213

[Rank 0] (epoch: 24, iters: 19776, time: 0.001, data: 0.001) , D_A: 0.169, G_A: 0.976, cycle_A: 0.265, D_B: 0.182, G_B: 0.952, cycle_B: 0.280, gp: 0.174

[Rank 0] (epoch: 24, iters: 21376, time: 0.001, data: 0.001) , D_A: 0.178, G_A: 0.939, cycle_A: 0.269, D_B: 0.335, G_B: 1.016, cycle_B: 0.279, gp: 0.325

learning rate 0.0002000 -> 0.0002000
temperature tau = 0.2273
End of epoch 24 / 50 	 Time Taken: 20 sec
[Rank 0] (epoch: 25, iters: 1088, time: 0.001, data: 0.001) , D_A: 0.189, G_A: 0.849, cycle_A: 0.272, D_B: 0.173, G_B: 0.954, cycle_B: 0.268, gp: 0.159

[Rank 0] (epoch: 25, iters: 2688, time: 0.001, data: 0.001) , D_A: 0.262, G_A: 0.897, cycle_A: 0.269, D_B: 0.312, G_B: 1.106, cycle_B: 0.412, gp: 0.294

[Rank 0] (epoch: 25, iters: 4288, time: 0.001, data: 0.001) , D_A: 0.176, G_A: 0.953, cycle_A: 0.399, D_B: 0.231, G_B: 0.889, cycle_B: 0.279, gp: 0.219

[Rank 0] (epoch: 25, iters: 5888, time: 0.001, data: 0.001) , D_A: 0.138, G_A: 0.960, cycle_A: 0.389, D_B: 0.279, G_B: 0.849, cycle_B: 0.277, gp: 0.264

[Rank 0] (epoch: 25, iters: 7488, time: 0.001, data: 0.002) , D_A: 0.250, G_A: 1.103, cycle_A: 0.396, D_B: 0.297, G_B: 0.539, cycle_B: 0.277, gp: 0.251

[Rank 0] (epoch: 25, iters: 9088, time: 0.001, data: 0.002) , D_A: 0.218, G_A: 0.918, cycle_A: 0.296, D_B: 0.181, G_B: 0.629, cycle_B: 0.272, gp: 0.139

[Rank 0] (epoch: 25, iters: 10688, time: 0.001, data: 0.001) , D_A: 0.273, G_A: 0.970, cycle_A: 0.402, D_B: 0.213, G_B: 0.991, cycle_B: 0.393, gp: 0.205

[Rank 0] (epoch: 25, iters: 12288, time: 0.001, data: 0.001) , D_A: 0.246, G_A: 0.933, cycle_A: 0.259, D_B: 0.360, G_B: 0.899, cycle_B: 0.408, gp: 0.354

[Rank 0] (epoch: 25, iters: 13888, time: 0.001, data: 0.001) , D_A: 0.203, G_A: 0.985, cycle_A: 0.400, D_B: 0.226, G_B: 0.824, cycle_B: 0.274, gp: 0.197

[Rank 0] (epoch: 25, iters: 15488, time: 0.001, data: 0.001) , D_A: 0.189, G_A: 0.916, cycle_A: 0.267, D_B: 0.188, G_B: 0.805, cycle_B: 0.278, gp: 0.170

[Rank 0] (epoch: 25, iters: 17088, time: 0.001, data: 0.001) , D_A: 0.302, G_A: 0.896, cycle_A: 0.402, D_B: 0.175, G_B: 1.008, cycle_B: 0.417, gp: 0.162

[Rank 0] (epoch: 25, iters: 18688, time: 0.001, data: 0.001) , D_A: 0.232, G_A: 0.964, cycle_A: 0.266, D_B: 0.265, G_B: 0.994, cycle_B: 0.273, gp: 0.256

[Rank 0] (epoch: 25, iters: 20288, time: 0.001, data: 0.001) , D_A: 0.213, G_A: 0.929, cycle_A: 0.277, D_B: 0.265, G_B: 0.923, cycle_B: 0.269, gp: 0.257

[Rank 0] (epoch: 25, iters: 21888, time: 0.001, data: 0.001) , D_A: 0.204, G_A: 0.916, cycle_A: 0.274, D_B: 0.234, G_B: 1.124, cycle_B: 0.420, gp: 0.221

learning rate 0.0002000 -> 0.0002000
temperature tau = 0.2200
End of epoch 25 / 50 	 Time Taken: 19 sec
[Rank 0] (epoch: 26, iters: 1600, time: 0.001, data: 0.188) , D_A: 0.218, G_A: 0.969, cycle_A: 0.414, D_B: 0.225, G_B: 0.926, cycle_B: 0.393, gp: 0.217

[Rank 0] (epoch: 26, iters: 3200, time: 0.001, data: 0.001) , D_A: 0.163, G_A: 0.975, cycle_A: 0.274, D_B: 0.233, G_B: 0.920, cycle_B: 0.279, gp: 0.223

[Rank 0] (epoch: 26, iters: 4800, time: 0.001, data: 0.001) , D_A: 0.203, G_A: 0.902, cycle_A: 0.285, D_B: 0.215, G_B: 0.870, cycle_B: 0.416, gp: 0.204

[Rank 0] (epoch: 26, iters: 6400, time: 0.001, data: 0.002) , D_A: 0.177, G_A: 0.883, cycle_A: 0.270, D_B: 0.173, G_B: 0.995, cycle_B: 0.419, gp: 0.161

[Rank 0] (epoch: 26, iters: 8000, time: 0.001, data: 0.001) , D_A: 0.364, G_A: 0.938, cycle_A: 0.405, D_B: 0.366, G_B: 0.921, cycle_B: 0.278, gp: 0.355

[Rank 0] (epoch: 26, iters: 9600, time: 0.001, data: 0.002) , D_A: 0.245, G_A: 1.049, cycle_A: 0.278, D_B: 0.135, G_B: 0.895, cycle_B: 0.258, gp: 0.128

[Rank 0] (epoch: 26, iters: 11200, time: 0.001, data: 0.003) , D_A: 0.320, G_A: 0.898, cycle_A: 0.278, D_B: 0.233, G_B: 0.989, cycle_B: 0.411, gp: 0.225

--- iter tau=0.2200 ---
  cipher in :  begbadbedbai bcebdbcidbeidedbdcidbadbadb ifbdbhddedbddhbehbeebf
  decrypted : a ei hd ed hba ie d ibd ebded dibd hd hd aba d added dda ea ee a
  real plain:  dead dead a a ba d ai ad i eie fee ie he e f i ab he a be ee ie
  cipher in : badbhebebddbcedbfbadbehhddhbibeiebfibgdei beb efbebddi badbei ba
  decrypted :  hd ae e dd ied a hd eaadda b ebe ab ideba e aea e ddba hd eba h
  real plain: e fied i i cea f hi dici ha cgi f ee eai hef ad he da he a aade 
[Rank 0] (epoch: 26, iters: 12800, time: 0.001, data: 0.002) , D_A: 0.211, G_A: 0.962, cycle_A: 0.270, D_B: 0.223, G_B: 1.146, cycle_B: 0.402, gp: 0.215

saving the latest model (epoch 26, total_iters 560000)
[Rank 0] (epoch: 26, iters: 14400, time: 0.001, data: 0.001) , D_A: 0.150, G_A: 0.903, cycle_A: 0.269, D_B: 0.254, G_B: 0.657, cycle_B: 0.268, gp: 0.202

[Rank 0] (epoch: 26, iters: 16000, time: 0.001, data: 0.001) , D_A: 0.174, G_A: 1.037, cycle_A: 0.269, D_B: 0.296, G_B: 1.216, cycle_B: 0.412, gp: 0.275

[Rank 0] (epoch: 26, iters: 17600, time: 0.001, data: 0.001) , D_A: 0.328, G_A: 0.904, cycle_A: 0.272, D_B: 0.227, G_B: 1.006, cycle_B: 0.285, gp: 0.220

[Rank 0] (epoch: 26, iters: 19200, time: 0.001, data: 0.001) , D_A: 0.160, G_A: 0.988, cycle_A: 0.282, D_B: 0.162, G_B: 0.918, cycle_B: 0.271, gp: 0.152

[Rank 0] (epoch: 26, iters: 20800, time: 0.001, data: 0.001) , D_A: 0.199, G_A: 0.915, cycle_A: 0.273, D_B: 0.193, G_B: 1.009, cycle_B: 0.416, gp: 0.185

learning rate 0.0002000 -> 0.0002000
temperature tau = 0.2129
End of epoch 26 / 50 	 Time Taken: 21 sec
[Rank 0] (epoch: 27, iters: 512, time: 0.001, data: 0.003) , D_A: 0.245, G_A: 0.971, cycle_A: 0.263, D_B: 0.319, G_B: 1.045, cycle_B: 0.279, gp: 0.311

[Rank 0] (epoch: 27, iters: 2112, time: 0.001, data: 0.000) , D_A: 0.222, G_A: 1.029, cycle_A: 0.392, D_B: 0.219, G_B: 0.915, cycle_B: 0.279, gp: 0.210

[Rank 0] (epoch: 27, iters: 3712, time: 0.001, data: 0.001) , D_A: 0.138, G_A: 0.962, cycle_A: 0.265, D_B: 0.225, G_B: 0.874, cycle_B: 0.410, gp: 0.209

[Rank 0] (epoch: 27, iters: 5312, time: 0.001, data: 0.001) , D_A: 0.300, G_A: 0.958, cycle_A: 0.404, D_B: 0.228, G_B: 0.938, cycle_B: 0.407, gp: 0.222

[Rank 0] (epoch: 27, iters: 6912, time: 0.001, data: 0.001) , D_A: 0.215, G_A: 1.032, cycle_A: 0.280, D_B: 0.253, G_B: 1.205, cycle_B: 0.414, gp: 0.230

[Rank 0] (epoch: 27, iters: 8512, time: 0.001, data: 0.002) , D_A: 0.158, G_A: 0.940, cycle_A: 0.264, D_B: 0.237, G_B: 0.974, cycle_B: 0.407, gp: 0.231

[Rank 0] (epoch: 27, iters: 10112, time: 0.001, data: 0.002) , D_A: 0.182, G_A: 0.954, cycle_A: 0.272, D_B: 0.280, G_B: 0.955, cycle_B: 0.409, gp: 0.272

[Rank 0] (epoch: 27, iters: 11712, time: 0.001, data: 0.002) , D_A: 0.254, G_A: 0.873, cycle_A: 0.263, D_B: 0.170, G_B: 0.939, cycle_B: 0.417, gp: 0.163

[Rank 0] (epoch: 27, iters: 13312, time: 0.001, data: 0.001) , D_A: 0.294, G_A: 0.920, cycle_A: 0.263, D_B: 0.226, G_B: 0.947, cycle_B: 0.274, gp: 0.219

[Rank 0] (epoch: 27, iters: 14912, time: 0.001, data: 0.002) , D_A: 0.306, G_A: 0.780, cycle_A: 0.415, D_B: 0.228, G_B: 0.968, cycle_B: 0.281, gp: 0.219

[Rank 0] (epoch: 27, iters: 16512, time: 0.001, data: 0.004) , D_A: 0.278, G_A: 1.236, cycle_A: 0.402, D_B: 0.236, G_B: 0.902, cycle_B: 0.404, gp: 0.228

[Rank 0] (epoch: 27, iters: 18112, time: 0.001, data: 0.001) , D_A: 0.208, G_A: 0.954, cycle_A: 0.270, D_B: 0.168, G_B: 0.923, cycle_B: 0.265, gp: 0.161

[Rank 0] (epoch: 27, iters: 19712, time: 0.001, data: 0.001) , D_A: 0.159, G_A: 0.954, cycle_A: 0.401, D_B: 0.165, G_B: 0.914, cycle_B: 0.282, gp: 0.158

[Rank 0] (epoch: 27, iters: 21312, time: 0.001, data: 0.001) , D_A: 0.290, G_A: 0.953, cycle_A: 0.260, D_B: 0.210, G_B: 0.840, cycle_B: 0.277, gp: 0.202

learning rate 0.0002000 -> 0.0002000
temperature tau = 0.2060
End of epoch 27 / 50 	 Time Taken: 21 sec
[Rank 0] (epoch: 28, iters: 1024, time: 0.001, data: 0.001) , D_A: 0.220, G_A: 0.763, cycle_A: 0.402, D_B: 0.172, G_B: 0.922, cycle_B: 0.278, gp: 0.162

[Rank 0] (epoch: 28, iters: 2624, time: 0.001, data: 0.000) , D_A: 0.211, G_A: 0.911, cycle_A: 0.271, D_B: 0.171, G_B: 1.043, cycle_B: 0.284, gp: 0.152

[Rank 0] (epoch: 28, iters: 4224, time: 0.001, data: 0.001) , D_A: 0.184, G_A: 0.921, cycle_A: 0.399, D_B: 0.223, G_B: 0.955, cycle_B: 0.279, gp: 0.216

[Rank 0] (epoch: 28, iters: 5824, time: 0.001, data: 0.001) , D_A: 0.245, G_A: 0.924, cycle_A: 0.278, D_B: 0.207, G_B: 0.942, cycle_B: 0.406, gp: 0.193

[Rank 0] (epoch: 28, iters: 7424, time: 0.001, data: 0.001) , D_A: 0.193, G_A: 1.022, cycle_A: 0.397, D_B: 0.227, G_B: 0.924, cycle_B: 0.406, gp: 0.214

--- iter tau=0.2060 ---
  cipher in : cdifbaibebadbgehbfbfddahdbaicabaebeiedbibadbedbedbebadbeieibedbe
  decrypted : idga hg e hd iea a addhad hgih he eged g hd ed ed e hd egeg ed e
  real plain: eeig a a facic i ia cheded a a cfeece f he caifia decaic cci die
  cipher in : ai badbi abaedbcadhbibaibdebebabadbdbadbadbaehbddhbehb bibaibdce
  decrypted : hga hd gah hed ihda g hg de e h hd d hd hd hea dda ea a g hg die
  real plain: h beed hi e gae ae f affai i cie i he fee ai acce gehe he eai f 
[Rank 0] (epoch: 28, iters: 9024, time: 0.001, data: 0.002) , D_A: 0.220, G_A: 0.990, cycle_A: 0.258, D_B: 0.204, G_B: 0.995, cycle_B: 0.411, gp: 0.195

saving the latest model (epoch 28, total_iters 600000)
[Rank 0] (epoch: 28, iters: 10624, time: 0.001, data: 0.002) , D_A: 0.229, G_A: 0.950, cycle_A: 0.272, D_B: 0.243, G_B: 0.967, cycle_B: 0.266, gp: 0.234

[Rank 0] (epoch: 28, iters: 12224, time: 0.001, data: 0.001) , D_A: 0.270, G_A: 0.880, cycle_A: 0.402, D_B: 0.190, G_B: 0.803, cycle_B: 0.264, gp: 0.167

[Rank 0] (epoch: 28, iters: 13824, time: 0.001, data: 0.001) , D_A: 0.483, G_A: 0.849, cycle_A: 0.560, D_B: 0.396, G_B: 0.959, cycle_B: 0.489, gp: 0.377

[Rank 0] (epoch: 28, iters: 15424, time: 0.001, data: 0.002) , D_A: 0.316, G_A: 0.947, cycle_A: 0.356, D_B: 0.274, G_B: 0.935, cycle_B: 0.413, gp: 0.260

[Rank 0] (epoch: 28, iters: 17024, time: 0.001, data: 0.001) , D_A: 0.238, G_A: 0.951, cycle_A: 0.291, D_B: 0.236, G_B: 0.907, cycle_B: 0.286, gp: 0.225

[Rank 0] (epoch: 28, iters: 18624, time: 0.001, data: 0.002) , D_A: 0.296, G_A: 1.011, cycle_A: 0.455, D_B: 0.246, G_B: 0.949, cycle_B: 0.278, gp: 0.237

[Rank 0] (epoch: 28, iters: 20224, time: 0.001, data: 0.003) , D_A: 0.167, G_A: 0.887, cycle_A: 0.294, D_B: 0.325, G_B: 0.921, cycle_B: 0.400, gp: 0.315

[Rank 0] (epoch: 28, iters: 21824, time: 0.001, data: 0.001) , D_A: 0.205, G_A: 0.897, cycle_A: 0.434, D_B: 0.265, G_B: 0.916, cycle_B: 0.288, gp: 0.256

learning rate 0.0002000 -> 0.0002000
temperature tau = 0.1993
End of epoch 28 / 50 	 Time Taken: 19 sec
[Rank 0] (epoch: 29, iters: 1536, time: 0.001, data: 0.001) , D_A: 0.188, G_A: 0.916, cycle_A: 0.290, D_B: 0.309, G_B: 0.949, cycle_B: 0.398, gp: 0.304

[Rank 0] (epoch: 29, iters: 3136, time: 0.001, data: 0.001) , D_A: 0.245, G_A: 0.929, cycle_A: 0.282, D_B: 0.303, G_B: 0.957, cycle_B: 0.280, gp: 0.290

[Rank 0] (epoch: 29, iters: 4736, time: 0.001, data: 0.001) , D_A: 0.189, G_A: 0.884, cycle_A: 0.299, D_B: 0.212, G_B: 0.912, cycle_B: 0.289, gp: 0.205

[Rank 0] (epoch: 29, iters: 6336, time: 0.001, data: 0.001) , D_A: 0.287, G_A: 0.881, cycle_A: 0.296, D_B: 0.228, G_B: 0.861, cycle_B: 0.278, gp: 0.218

[Rank 0] (epoch: 29, iters: 7936, time: 0.001, data: 0.001) , D_A: 0.275, G_A: 0.784, cycle_A: 0.450, D_B: 0.320, G_B: 0.989, cycle_B: 0.408, gp: 0.316

[Rank 0] (epoch: 29, iters: 9536, time: 0.001, data: 0.001) , D_A: 0.281, G_A: 0.886, cycle_A: 0.289, D_B: 0.256, G_B: 0.987, cycle_B: 0.394, gp: 0.249

[Rank 0] (epoch: 29, iters: 11136, time: 0.001, data: 0.001) , D_A: 0.276, G_A: 0.886, cycle_A: 0.300, D_B: 0.282, G_B: 0.940, cycle_B: 0.275, gp: 0.268

[Rank 0] (epoch: 29, iters: 12736, time: 0.001, data: 0.001) , D_A: 0.206, G_A: 0.946, cycle_A: 0.286, D_B: 0.277, G_B: 0.921, cycle_B: 0.267, gp: 0.265

[Rank 0] (epoch: 29, iters: 14336, time: 0.001, data: 0.001) , D_A: 0.196, G_A: 0.946, cycle_A: 0.294, D_B: 0.270, G_B: 0.981, cycle_B: 0.275, gp: 0.265

[Rank 0] (epoch: 29, iters: 15936, time: 0.001, data: 0.001) , D_A: 0.211, G_A: 0.930, cycle_A: 0.274, D_B: 0.323, G_B: 0.882, cycle_B: 0.275, gp: 0.313

[Rank 0] (epoch: 29, iters: 17536, time: 0.001, data: 0.002) , D_A: 0.169, G_A: 1.023, cycle_A: 0.283, D_B: 0.188, G_B: 1.008, cycle_B: 0.419, gp: 0.180

[Rank 0] (epoch: 29, iters: 19136, time: 0.001, data: 0.001) , D_A: 0.219, G_A: 0.967, cycle_A: 0.292, D_B: 0.243, G_B: 0.912, cycle_B: 0.271, gp: 0.229

[Rank 0] (epoch: 29, iters: 20736, time: 0.001, data: 0.001) , D_A: 0.234, G_A: 0.980, cycle_A: 0.296, D_B: 0.284, G_B: 0.800, cycle_B: 0.277, gp: 0.271

learning rate 0.0002000 -> 0.0002000
temperature tau = 0.1929
End of epoch 29 / 50 	 Time Taken: 20 sec
[Rank 0] (epoch: 30, iters: 448, time: 0.001, data: 0.001) , D_A: 0.248, G_A: 0.987, cycle_A: 0.292, D_B: 0.290, G_B: 0.975, cycle_B: 0.408, gp: 0.283

[Rank 0] (epoch: 30, iters: 2048, time: 0.001, data: 0.000) , D_A: 0.254, G_A: 0.924, cycle_A: 0.292, D_B: 0.253, G_B: 0.980, cycle_B: 0.261, gp: 0.247

[Rank 0] (epoch: 30, iters: 3648, time: 0.001, data: 0.002) , D_A: 0.186, G_A: 0.889, cycle_A: 0.294, D_B: 0.288, G_B: 0.976, cycle_B: 0.279, gp: 0.283

--- iter tau=0.1929 ---
  cipher in : biheibhdebaehbiebg eiebfecdbahbdddbaedbgddbeeddhbibebebehi bfecb
  decrypted :  baeb aee hea be eaebe aeie ha eee hee eee eeeea b e e eaba aei 
  real plain:  c he a c h he ae f echage ha d hae bee beed a a eaie iei f c di
  cipher in : icbiciebced idbadbebaibebiciebfbgdebfbdbeadbaebfbciiei bfi abfbd
  decrypted : bi bibe ieeabe he e hb e bibe a eee a e ehe he a ibbeba abah a e
  real plain:  cece ichad e eecie diec f he e hahie ae aig ad deee cii ad edi 
[Rank 0] (epoch: 30, iters: 5248, time: 0.001, data: 0.001) , D_A: 0.309, G_A: 0.957, cycle_A: 0.279, D_B: 0.329, G_B: 0.978, cycle_B: 0.408, gp: 0.322

saving the latest model (epoch 30, total_iters 640000)
[Rank 0] (epoch: 30, iters: 6848, time: 0.001, data: 0.001) , D_A: 0.191, G_A: 0.916, cycle_A: 0.298, D_B: 0.242, G_B: 0.928, cycle_B: 0.278, gp: 0.234

[Rank 0] (epoch: 30, iters: 8448, time: 0.001, data: 0.001) , D_A: 0.210, G_A: 0.866, cycle_A: 0.284, D_B: 0.269, G_B: 0.881, cycle_B: 0.275, gp: 0.258

[Rank 0] (epoch: 30, iters: 10048, time: 0.001, data: 0.001) , D_A: 0.226, G_A: 0.869, cycle_A: 0.285, D_B: 0.223, G_B: 0.966, cycle_B: 0.410, gp: 0.216

[Rank 0] (epoch: 30, iters: 11648, time: 0.001, data: 0.002) , D_A: 0.265, G_A: 0.916, cycle_A: 0.279, D_B: 0.201, G_B: 0.953, cycle_B: 0.282, gp: 0.194

[Rank 0] (epoch: 30, iters: 13248, time: 0.001, data: 0.001) , D_A: 0.216, G_A: 1.024, cycle_A: 0.285, D_B: 0.304, G_B: 1.015, cycle_B: 0.410, gp: 0.293

[Rank 0] (epoch: 30, iters: 14848, time: 0.001, data: 0.001) , D_A: 0.233, G_A: 0.979, cycle_A: 0.290, D_B: 0.263, G_B: 0.997, cycle_B: 0.404, gp: 0.254

[Rank 0] (epoch: 30, iters: 16448, time: 0.001, data: 0.001) , D_A: 0.251, G_A: 0.923, cycle_A: 0.432, D_B: 0.301, G_B: 0.875, cycle_B: 0.278, gp: 0.294

[Rank 0] (epoch: 30, iters: 18048, time: 0.001, data: 0.001) , D_A: 0.283, G_A: 0.932, cycle_A: 0.457, D_B: 0.267, G_B: 0.762, cycle_B: 0.266, gp: 0.245

[Rank 0] (epoch: 30, iters: 19648, time: 0.001, data: 0.001) , D_A: 0.165, G_A: 0.968, cycle_A: 0.440, D_B: 0.316, G_B: 0.989, cycle_B: 0.282, gp: 0.311

[Rank 0] (epoch: 30, iters: 21248, time: 0.001, data: 0.001) , D_A: 0.236, G_A: 0.966, cycle_A: 0.288, D_B: 0.307, G_B: 0.937, cycle_B: 0.405, gp: 0.304

learning rate 0.0002000 -> 0.0002000
temperature tau = 0.1867
End of epoch 30 / 50 	 Time Taken: 18 sec
[Rank 0] (epoch: 31, iters: 960, time: 0.001, data: 0.001) , D_A: 0.269, G_A: 0.842, cycle_A: 0.287, D_B: 0.148, G_B: 0.973, cycle_B: 0.277, gp: 0.141

[Rank 0] (epoch: 31, iters: 2560, time: 0.001, data: 0.001) , D_A: 0.157, G_A: 0.952, cycle_A: 0.294, D_B: 0.280, G_B: 0.893, cycle_B: 0.279, gp: 0.251

[Rank 0] (epoch: 31, iters: 4160, time: 0.001, data: 0.001) , D_A: 0.192, G_A: 1.085, cycle_A: 0.446, D_B: 0.219, G_B: 0.959, cycle_B: 0.279, gp: 0.214

[Rank 0] (epoch: 31, iters: 5760, time: 0.001, data: 0.001) , D_A: 0.233, G_A: 0.906, cycle_A: 0.435, D_B: 0.242, G_B: 1.021, cycle_B: 0.403, gp: 0.234

[Rank 0] (epoch: 31, iters: 7360, time: 0.001, data: 0.001) , D_A: 0.136, G_A: 1.001, cycle_A: 0.457, D_B: 0.198, G_B: 0.793, cycle_B: 0.409, gp: 0.189

[Rank 0] (epoch: 31, iters: 8960, time: 0.001, data: 0.001) , D_A: 0.335, G_A: 1.147, cycle_A: 0.434, D_B: 0.269, G_B: 0.912, cycle_B: 0.409, gp: 0.262

[Rank 0] (epoch: 31, iters: 10560, time: 0.001, data: 0.001) , D_A: 0.294, G_A: 0.891, cycle_A: 0.285, D_B: 0.142, G_B: 1.027, cycle_B: 0.397, gp: 0.138

[Rank 0] (epoch: 31, iters: 12160, time: 0.001, data: 0.001) , D_A: 0.241, G_A: 0.928, cycle_A: 0.287, D_B: 0.253, G_B: 1.072, cycle_B: 0.407, gp: 0.243

[Rank 0] (epoch: 31, iters: 13760, time: 0.001, data: 0.006) , D_A: 0.295, G_A: 0.840, cycle_A: 0.285, D_B: 0.311, G_B: 0.943, cycle_B: 0.283, gp: 0.307

[Rank 0] (epoch: 31, iters: 15360, time: 0.001, data: 0.001) , D_A: 0.200, G_A: 0.943, cycle_A: 0.296, D_B: 0.239, G_B: 1.009, cycle_B: 0.418, gp: 0.229

[Rank 0] (epoch: 31, iters: 16960, time: 0.001, data: 0.001) , D_A: 0.208, G_A: 1.007, cycle_A: 0.450, D_B: 0.216, G_B: 0.822, cycle_B: 0.284, gp: 0.209

[Rank 0] (epoch: 31, iters: 18560, time: 0.001, data: 0.001) , D_A: 0.178, G_A: 1.028, cycle_A: 0.281, D_B: 0.195, G_B: 0.938, cycle_B: 0.406, gp: 0.185

[Rank 0] (epoch: 31, iters: 20160, time: 0.001, data: 0.001) , D_A: 0.281, G_A: 1.004, cycle_A: 0.281, D_B: 0.248, G_B: 0.938, cycle_B: 0.270, gp: 0.241

[Rank 0] (epoch: 31, iters: 21760, time: 0.001, data: 0.001) , D_A: 0.222, G_A: 0.984, cycle_A: 0.285, D_B: 0.309, G_B: 1.092, cycle_B: 0.416, gp: 0.299

learning rate 0.0002000 -> 0.0002000
temperature tau = 0.1806
End of epoch 31 / 50 	 Time Taken: 20 sec
--- iter tau=0.1806 ---
  cipher in : cdbdbdeebfebcii bcbibedhbgdbgei bdbcebdedbgei bibci bibibgdbabib
  decrypted : id d dee ae ibba i b eda ed eeba d ie ded eeba b iba b b ed h b 
  real plain: hai eaii hic ae bi efied ad ceced hihic e b he e ae f hei ceee a
  cipher in : ihibebdidhbgbadbceicebeihebaedbfbaibcdeb bfibibadbie ebecdbegdba
  decrypted : bab e dbda e hd iebie ebae hed a hb ide a ab b hd beae eid eed h
  real plain: ca fi cage i ae cage f bh ae a aie f eae aeia ae ed eie i he ae 
[Rank 0] (epoch: 32, iters: 1472, time: 0.001, data: 0.001) , D_A: 0.235, G_A: 0.889, cycle_A: 0.289, D_B: 0.201, G_B: 0.962, cycle_B: 0.267, gp: 0.194

saving the latest model (epoch 32, total_iters 680000)
[Rank 0] (epoch: 32, iters: 3072, time: 0.001, data: 0.003) , D_A: 0.228, G_A: 0.979, cycle_A: 0.277, D_B: 0.231, G_B: 0.956, cycle_B: 0.283, gp: 0.225

[Rank 0] (epoch: 32, iters: 4672, time: 0.001, data: 0.003) , D_A: 0.207, G_A: 0.997, cycle_A: 0.445, D_B: 0.317, G_B: 0.802, cycle_B: 0.290, gp: 0.312

[Rank 0] (epoch: 32, iters: 6272, time: 0.001, data: 0.003) , D_A: 0.229, G_A: 0.961, cycle_A: 0.297, D_B: 0.200, G_B: 0.962, cycle_B: 0.278, gp: 0.194

[Rank 0] (epoch: 32, iters: 7872, time: 0.001, data: 0.001) , D_A: 0.307, G_A: 1.099, cycle_A: 0.438, D_B: 0.258, G_B: 0.889, cycle_B: 0.278, gp: 0.245

[Rank 0] (epoch: 32, iters: 9472, time: 0.001, data: 0.001) , D_A: 0.242, G_A: 1.061, cycle_A: 0.284, D_B: 0.275, G_B: 1.028, cycle_B: 0.259, gp: 0.265

[Rank 0] (epoch: 32, iters: 11072, time: 0.001, data: 0.002) , D_A: 0.257, G_A: 1.000, cycle_A: 0.443, D_B: 0.236, G_B: 0.941, cycle_B: 0.276, gp: 0.227

[Rank 0] (epoch: 32, iters: 12672, time: 0.001, data: 0.002) , D_A: 0.228, G_A: 0.924, cycle_A: 0.295, D_B: 0.244, G_B: 1.060, cycle_B: 0.401, gp: 0.233

[Rank 0] (epoch: 32, iters: 14272, time: 0.001, data: 0.001) , D_A: 0.185, G_A: 0.980, cycle_A: 0.286, D_B: 0.205, G_B: 1.009, cycle_B: 0.273, gp: 0.202

[Rank 0] (epoch: 32, iters: 15872, time: 0.001, data: 0.001) , D_A: 0.229, G_A: 0.871, cycle_A: 0.285, D_B: 0.203, G_B: 1.041, cycle_B: 0.405, gp: 0.200

[Rank 0] (epoch: 32, iters: 17472, time: 0.001, data: 0.001) , D_A: 0.263, G_A: 0.921, cycle_A: 0.281, D_B: 0.265, G_B: 1.008, cycle_B: 0.415, gp: 0.254

[Rank 0] (epoch: 32, iters: 19072, time: 0.001, data: 0.001) , D_A: 0.259, G_A: 1.200, cycle_A: 0.443, D_B: 0.315, G_B: 0.779, cycle_B: 0.273, gp: 0.289

[Rank 0] (epoch: 32, iters: 20672, time: 0.001, data: 0.001) , D_A: 0.216, G_A: 0.960, cycle_A: 0.440, D_B: 0.273, G_B: 1.002, cycle_B: 0.278, gp: 0.268

learning rate 0.0002000 -> 0.0002000
temperature tau = 0.1748
End of epoch 32 / 50 	 Time Taken: 20 sec
[Rank 0] (epoch: 33, iters: 384, time: 0.001, data: 0.001) , D_A: 0.257, G_A: 0.933, cycle_A: 0.276, D_B: 0.185, G_B: 0.614, cycle_B: 0.279, gp: 0.157

[Rank 0] (epoch: 33, iters: 1984, time: 0.001, data: 0.000) , D_A: 0.200, G_A: 0.976, cycle_A: 0.284, D_B: 0.302, G_B: 0.884, cycle_B: 0.397, gp: 0.298

[Rank 0] (epoch: 33, iters: 3584, time: 0.001, data: 0.001) , D_A: 0.158, G_A: 0.956, cycle_A: 0.274, D_B: 0.211, G_B: 0.934, cycle_B: 0.281, gp: 0.203

[Rank 0] (epoch: 33, iters: 5184, time: 0.001, data: 0.001) , D_A: 0.261, G_A: 1.028, cycle_A: 0.446, D_B: 0.241, G_B: 0.759, cycle_B: 0.278, gp: 0.223

[Rank 0] (epoch: 33, iters: 6784, time: 0.001, data: 0.001) , D_A: 0.255, G_A: 0.915, cycle_A: 0.282, D_B: 0.235, G_B: 0.959, cycle_B: 0.415, gp: 0.210

[Rank 0] (epoch: 33, iters: 8384, time: 0.001, data: 0.001) , D_A: 0.227, G_A: 0.933, cycle_A: 0.290, D_B: 0.212, G_B: 0.966, cycle_B: 0.275, gp: 0.207

[Rank 0] (epoch: 33, iters: 9984, time: 0.001, data: 0.001) , D_A: 0.281, G_A: 1.023, cycle_A: 0.283, D_B: 0.286, G_B: 0.904, cycle_B: 0.411, gp: 0.282

[Rank 0] (epoch: 33, iters: 11584, time: 0.001, data: 0.001) , D_A: 0.250, G_A: 0.908, cycle_A: 0.276, D_B: 0.209, G_B: 0.873, cycle_B: 0.282, gp: 0.200

[Rank 0] (epoch: 33, iters: 13184, time: 0.001, data: 0.001) , D_A: 0.312, G_A: 0.912, cycle_A: 0.448, D_B: 0.240, G_B: 1.182, cycle_B: 0.410, gp: 0.230

[Rank 0] (epoch: 33, iters: 14784, time: 0.001, data: 0.001) , D_A: 0.213, G_A: 1.075, cycle_A: 0.449, D_B: 0.246, G_B: 0.934, cycle_B: 0.268, gp: 0.238

[Rank 0] (epoch: 33, iters: 16384, time: 0.001, data: 0.001) , D_A: 0.175, G_A: 0.973, cycle_A: 0.422, D_B: 0.212, G_B: 0.753, cycle_B: 0.275, gp: 0.193

[Rank 0] (epoch: 33, iters: 17984, time: 0.001, data: 0.001) , D_A: 0.271, G_A: 0.755, cycle_A: 0.286, D_B: 0.156, G_B: 0.923, cycle_B: 0.265, gp: 0.144

--- iter tau=0.1748 ---
  cipher in : adbgedhbadbadbadbihdbfbaebgabehbadbadbaehbhebgecbebdbadbehhdhbdb
  decrypted : hd eeda hd hd hd gad a he eh ea hd hd hea ae eei e d hd eaada d 
  real plain: ic he de gge ha e hd iae he he chicag cige f de ciic f aie fa i 
  cipher in : bcei baibdbei dbfbfeidhbifbadbeibcehdbeci bceeibieabfbebaicihdbc
  decrypted :  iega hg d egad a aegda ga hd eg iead eiga ieeg geh a e hgigad i
  real plain: i e hei dieae a he ie beig e i i cicaig ih he hee b gace ad iga 
[Rank 0] (epoch: 33, iters: 19584, time: 0.001, data: 0.001) , D_A: 0.220, G_A: 0.965, cycle_A: 0.292, D_B: 0.281, G_B: 0.989, cycle_B: 0.282, gp: 0.273

saving the latest model (epoch 33, total_iters 720000)
[Rank 0] (epoch: 33, iters: 21184, time: 0.001, data: 0.001) , D_A: 0.180, G_A: 0.989, cycle_A: 0.300, D_B: 0.215, G_B: 1.102, cycle_B: 0.277, gp: 0.200

learning rate 0.0002000 -> 0.0002000
temperature tau = 0.1691
End of epoch 33 / 50 	 Time Taken: 17 sec
[Rank 0] (epoch: 34, iters: 896, time: 0.001, data: 0.001) , D_A: 0.212, G_A: 0.999, cycle_A: 0.449, D_B: 0.234, G_B: 1.070, cycle_B: 0.411, gp: 0.211

[Rank 0] (epoch: 34, iters: 2496, time: 0.001, data: 0.001) , D_A: 0.199, G_A: 0.958, cycle_A: 0.285, D_B: 0.268, G_B: 0.949, cycle_B: 0.417, gp: 0.257

[Rank 0] (epoch: 34, iters: 4096, time: 0.001, data: 0.001) , D_A: 0.264, G_A: 0.861, cycle_A: 0.297, D_B: 0.284, G_B: 0.884, cycle_B: 0.279, gp: 0.273

[Rank 0] (epoch: 34, iters: 5696, time: 0.001, data: 0.001) , D_A: 0.252, G_A: 0.936, cycle_A: 0.285, D_B: 0.249, G_B: 1.014, cycle_B: 0.279, gp: 0.236

[Rank 0] (epoch: 34, iters: 7296, time: 0.001, data: 0.001) , D_A: 0.224, G_A: 0.893, cycle_A: 0.294, D_B: 0.321, G_B: 0.897, cycle_B: 0.410, gp: 0.306

[Rank 0] (epoch: 34, iters: 8896, time: 0.001, data: 0.001) , D_A: 0.264, G_A: 0.938, cycle_A: 0.289, D_B: 0.306, G_B: 1.006, cycle_B: 0.411, gp: 0.299

[Rank 0] (epoch: 34, iters: 10496, time: 0.001, data: 0.001) , D_A: 0.226, G_A: 0.952, cycle_A: 0.281, D_B: 0.291, G_B: 0.931, cycle_B: 0.265, gp: 0.286

[Rank 0] (epoch: 34, iters: 12096, time: 0.001, data: 0.001) , D_A: 0.194, G_A: 0.924, cycle_A: 0.281, D_B: 0.254, G_B: 0.922, cycle_B: 0.407, gp: 0.247

[Rank 0] (epoch: 34, iters: 13696, time: 0.001, data: 0.001) , D_A: 0.226, G_A: 0.932, cycle_A: 0.449, D_B: 0.296, G_B: 0.864, cycle_B: 0.283, gp: 0.291

[Rank 0] (epoch: 34, iters: 15296, time: 0.001, data: 0.001) , D_A: 0.227, G_A: 0.881, cycle_A: 0.437, D_B: 0.214, G_B: 1.068, cycle_B: 0.414, gp: 0.208

[Rank 0] (epoch: 34, iters: 16896, time: 0.001, data: 0.001) , D_A: 0.206, G_A: 0.825, cycle_A: 0.291, D_B: 0.164, G_B: 1.017, cycle_B: 0.406, gp: 0.159

[Rank 0] (epoch: 34, iters: 18496, time: 0.001, data: 0.001) , D_A: 0.196, G_A: 1.018, cycle_A: 0.288, D_B: 0.212, G_B: 0.833, cycle_B: 0.408, gp: 0.204

[Rank 0] (epoch: 34, iters: 20096, time: 0.001, data: 0.001) , D_A: 0.225, G_A: 0.946, cycle_A: 0.455, D_B: 0.341, G_B: 0.907, cycle_B: 0.270, gp: 0.336

[Rank 0] (epoch: 34, iters: 21696, time: 0.001, data: 0.001) , D_A: 0.216, G_A: 0.959, cycle_A: 0.452, D_B: 0.222, G_B: 0.885, cycle_B: 0.417, gp: 0.204

learning rate 0.0002000 -> 0.0002000
temperature tau = 0.1637
End of epoch 34 / 50 	 Time Taken: 17 sec
[Rank 0] (epoch: 35, iters: 1408, time: 0.001, data: 0.000) , D_A: 0.199, G_A: 0.900, cycle_A: 0.283, D_B: 0.215, G_B: 0.913, cycle_B: 0.399, gp: 0.203

[Rank 0] (epoch: 35, iters: 3008, time: 0.001, data: 0.001) , D_A: 0.169, G_A: 0.995, cycle_A: 0.273, D_B: 0.254, G_B: 0.973, cycle_B: 0.284, gp: 0.246

[Rank 0] (epoch: 35, iters: 4608, time: 0.001, data: 0.001) , D_A: 0.304, G_A: 1.038, cycle_A: 0.451, D_B: 0.239, G_B: 1.074, cycle_B: 0.279, gp: 0.231

[Rank 0] (epoch: 35, iters: 6208, time: 0.001, data: 0.001) , D_A: 0.188, G_A: 0.910, cycle_A: 0.294, D_B: 0.295, G_B: 0.940, cycle_B: 0.278, gp: 0.280

[Rank 0] (epoch: 35, iters: 7808, time: 0.001, data: 0.001) , D_A: 0.375, G_A: 0.914, cycle_A: 0.290, D_B: 0.177, G_B: 1.017, cycle_B: 0.278, gp: 0.170

[Rank 0] (epoch: 35, iters: 9408, time: 0.001, data: 0.001) , D_A: 0.213, G_A: 0.957, cycle_A: 0.288, D_B: 0.269, G_B: 0.540, cycle_B: 0.259, gp: 0.248

[Rank 0] (epoch: 35, iters: 11008, time: 0.001, data: 0.001) , D_A: 0.180, G_A: 0.943, cycle_A: 0.288, D_B: 0.297, G_B: 0.981, cycle_B: 0.275, gp: 0.287

[Rank 0] (epoch: 35, iters: 12608, time: 0.001, data: 0.001) , D_A: 0.211, G_A: 1.022, cycle_A: 0.431, D_B: 0.329, G_B: 0.968, cycle_B: 0.267, gp: 0.322

[Rank 0] (epoch: 35, iters: 14208, time: 0.001, data: 0.001) , D_A: 0.264, G_A: 0.937, cycle_A: 0.431, D_B: 0.266, G_B: 0.989, cycle_B: 0.274, gp: 0.261

--- iter tau=0.1637 ---
  cipher in : badbfdhdebddbdgicbfb eiebebadb ebceibe dddbfbebdciebfhbcdedhbfba
  decrypted :  hd adade dd degi a aege e hd ae ieg eaddd a e dige aa ideda a h
  real plain: eeda ha eed cia ecea eiia badige d ab a f hie he h cce befe he a
  cipher in : idhbeadehbfbebdebhi badbfidhebabiabcdebidbadi beecbfei dbdaigiib
  decrypted : gda ehdea a e de aga hd agdae h gh ide gd hdga eei aegad dhgegg 
  real plain: iig ad he iei h d ha i d hae a e he had ie e a ge i he b f he ca
[Rank 0] (epoch: 35, iters: 15808, time: 0.001, data: 0.001) , D_A: 0.259, G_A: 0.926, cycle_A: 0.428, D_B: 0.213, G_B: 0.885, cycle_B: 0.278, gp: 0.208

saving the latest model (epoch 35, total_iters 760000)
[Rank 0] (epoch: 35, iters: 17408, time: 0.001, data: 0.001) , D_A: 0.192, G_A: 0.906, cycle_A: 0.460, D_B: 0.296, G_B: 0.948, cycle_B: 0.283, gp: 0.287

[Rank 0] (epoch: 35, iters: 19008, time: 0.001, data: 0.001) , D_A: 0.218, G_A: 0.973, cycle_A: 0.289, D_B: 0.232, G_B: 0.832, cycle_B: 0.272, gp: 0.214

[Rank 0] (epoch: 35, iters: 20608, time: 0.001, data: 0.001) , D_A: 0.148, G_A: 0.969, cycle_A: 0.440, D_B: 0.206, G_B: 1.007, cycle_B: 0.279, gp: 0.200

learning rate 0.0002000 -> 0.0002000
temperature tau = 0.1584
End of epoch 35 / 50 	 Time Taken: 17 sec
[Rank 0] (epoch: 36, iters: 320, time: 0.001, data: 0.001) , D_A: 0.128, G_A: 0.936, cycle_A: 0.452, D_B: 0.232, G_B: 1.038, cycle_B: 0.280, gp: 0.210

[Rank 0] (epoch: 36, iters: 1920, time: 0.001, data: 0.004) , D_A: 0.180, G_A: 0.950, cycle_A: 0.284, D_B: 0.245, G_B: 0.932, cycle_B: 0.263, gp: 0.235

[Rank 0] (epoch: 36, iters: 3520, time: 0.001, data: 0.001) , D_A: 0.219, G_A: 0.937, cycle_A: 0.298, D_B: 0.220, G_B: 0.912, cycle_B: 0.280, gp: 0.210

[Rank 0] (epoch: 36, iters: 5120, time: 0.001, data: 0.001) , D_A: 0.223, G_A: 1.017, cycle_A: 0.444, D_B: 0.215, G_B: 0.941, cycle_B: 0.412, gp: 0.207

[Rank 0] (epoch: 36, iters: 6720, time: 0.001, data: 0.001) , D_A: 0.411, G_A: 0.971, cycle_A: 0.426, D_B: 0.271, G_B: 0.967, cycle_B: 0.413, gp: 0.265

[Rank 0] (epoch: 36, iters: 8320, time: 0.001, data: 0.001) , D_A: 0.180, G_A: 1.001, cycle_A: 0.290, D_B: 0.229, G_B: 0.981, cycle_B: 0.275, gp: 0.221

[Rank 0] (epoch: 36, iters: 9920, time: 0.001, data: 0.001) , D_A: 0.327, G_A: 0.749, cycle_A: 0.288, D_B: 0.219, G_B: 0.990, cycle_B: 0.408, gp: 0.209

[Rank 0] (epoch: 36, iters: 11520, time: 0.001, data: 0.001) , D_A: 0.164, G_A: 1.059, cycle_A: 0.291, D_B: 0.290, G_B: 0.822, cycle_B: 0.415, gp: 0.264

[Rank 0] (epoch: 36, iters: 13120, time: 0.001, data: 0.001) , D_A: 0.260, G_A: 0.929, cycle_A: 0.430, D_B: 0.208, G_B: 0.916, cycle_B: 0.274, gp: 0.198

[Rank 0] (epoch: 36, iters: 14720, time: 0.001, data: 0.001) , D_A: 0.241, G_A: 1.187, cycle_A: 0.440, D_B: 0.242, G_B: 0.950, cycle_B: 0.269, gp: 0.235

[Rank 0] (epoch: 36, iters: 16320, time: 0.001, data: 0.001) , D_A: 0.202, G_A: 0.941, cycle_A: 0.440, D_B: 0.191, G_B: 0.957, cycle_B: 0.275, gp: 0.188

[Rank 0] (epoch: 36, iters: 17920, time: 0.001, data: 0.001) , D_A: 0.198, G_A: 0.870, cycle_A: 0.283, D_B: 0.247, G_B: 1.060, cycle_B: 0.416, gp: 0.240

[Rank 0] (epoch: 36, iters: 19520, time: 0.001, data: 0.001) , D_A: 0.187, G_A: 0.954, cycle_A: 0.287, D_B: 0.333, G_B: 0.934, cycle_B: 0.281, gp: 0.325

[Rank 0] (epoch: 36, iters: 21120, time: 0.001, data: 0.001) , D_A: 0.261, G_A: 0.946, cycle_A: 0.445, D_B: 0.262, G_B: 0.953, cycle_B: 0.277, gp: 0.258

learning rate 0.0002000 -> 0.0002000
temperature tau = 0.1533
End of epoch 36 / 50 	 Time Taken: 17 sec
[Rank 0] (epoch: 37, iters: 832, time: 0.001, data: 0.000) , D_A: 0.228, G_A: 0.565, cycle_A: 0.445, D_B: 0.236, G_B: 0.910, cycle_B: 0.278, gp: 0.229

[Rank 0] (epoch: 37, iters: 2432, time: 0.001, data: 0.001) , D_A: 0.255, G_A: 1.008, cycle_A: 0.445, D_B: 0.197, G_B: 0.842, cycle_B: 0.415, gp: 0.186

[Rank 0] (epoch: 37, iters: 4032, time: 0.001, data: 0.001) , D_A: 0.266, G_A: 1.038, cycle_A: 0.440, D_B: 0.352, G_B: 0.935, cycle_B: 0.279, gp: 0.347

[Rank 0] (epoch: 37, iters: 5632, time: 0.001, data: 0.001) , D_A: 0.167, G_A: 0.971, cycle_A: 0.446, D_B: 0.222, G_B: 0.981, cycle_B: 0.278, gp: 0.212

[Rank 0] (epoch: 37, iters: 7232, time: 0.001, data: 0.001) , D_A: 0.275, G_A: 0.880, cycle_A: 0.450, D_B: 0.256, G_B: 1.252, cycle_B: 0.277, gp: 0.209

[Rank 0] (epoch: 37, iters: 8832, time: 0.001, data: 0.001) , D_A: 0.266, G_A: 1.021, cycle_A: 0.276, D_B: 0.319, G_B: 0.943, cycle_B: 0.411, gp: 0.311

[Rank 0] (epoch: 37, iters: 10432, time: 0.001, data: 0.003) , D_A: 0.151, G_A: 0.937, cycle_A: 0.300, D_B: 0.235, G_B: 1.120, cycle_B: 0.396, gp: 0.217

--- iter tau=0.1533 ---
  cipher in : edbcdcdbciibadbcbdcibhii iadbgdddbhidcbeiegdbcbehbcebcbibebedbdh
  decrypted : ed idid iff hd i dif affafhd eddd afdi efeed i ea ie i f e ed da
  real plain: iei egaged i deea afae die dig d a he a a ieea cade i he ied ae 
  cipher in : db e dbgdbfbdfbehbfddddbebegiiidbibebaedbddbecaiddhbibadibddbaed
  decrypted : d aead ed a da ea adddd e eefffd f e hed dd eihfdda f hdf dd hed
  real plain: a hi ha igh a gifede ha i eac ha e eec ffe he ee bee ig f ee he 
[Rank 0] (epoch: 37, iters: 12032, time: 0.001, data: 0.001) , D_A: 0.350, G_A: 0.906, cycle_A: 0.274, D_B: 0.256, G_B: 0.980, cycle_B: 0.263, gp: 0.244

saving the latest model (epoch 37, total_iters 800000)
[Rank 0] (epoch: 37, iters: 13632, time: 0.001, data: 0.001) , D_A: 0.258, G_A: 0.945, cycle_A: 0.287, D_B: 0.258, G_B: 0.951, cycle_B: 0.404, gp: 0.253

[Rank 0] (epoch: 37, iters: 15232, time: 0.001, data: 0.001) , D_A: 0.306, G_A: 0.970, cycle_A: 0.456, D_B: 0.329, G_B: 0.690, cycle_B: 0.281, gp: 0.290

[Rank 0] (epoch: 37, iters: 16832, time: 0.001, data: 0.001) , D_A: 0.196, G_A: 0.944, cycle_A: 0.444, D_B: 0.236, G_B: 0.905, cycle_B: 0.277, gp: 0.231

[Rank 0] (epoch: 37, iters: 18432, time: 0.001, data: 0.001) , D_A: 0.247, G_A: 0.916, cycle_A: 0.291, D_B: 0.238, G_B: 0.956, cycle_B: 0.265, gp: 0.233

[Rank 0] (epoch: 37, iters: 20032, time: 0.001, data: 0.001) , D_A: 0.150, G_A: 0.863, cycle_A: 0.274, D_B: 0.253, G_B: 0.992, cycle_B: 0.396, gp: 0.247

[Rank 0] (epoch: 37, iters: 21632, time: 0.001, data: 0.001) , D_A: 0.181, G_A: 0.987, cycle_A: 0.291, D_B: 0.321, G_B: 0.881, cycle_B: 0.418, gp: 0.316

learning rate 0.0002000 -> 0.0002000
temperature tau = 0.1483
End of epoch 37 / 50 	 Time Taken: 18 sec
[Rank 0] (epoch: 38, iters: 1344, time: 0.001, data: 0.000) , D_A: 0.257, G_A: 0.778, cycle_A: 0.291, D_B: 0.187, G_B: 0.932, cycle_B: 0.398, gp: 0.181

[Rank 0] (epoch: 38, iters: 2944, time: 0.001, data: 0.001) , D_A: 0.198, G_A: 0.911, cycle_A: 0.460, D_B: 0.218, G_B: 1.000, cycle_B: 0.411, gp: 0.208

[Rank 0] (epoch: 38, iters: 4544, time: 0.001, data: 0.001) , D_A: 0.328, G_A: 0.843, cycle_A: 0.292, D_B: 0.242, G_B: 0.927, cycle_B: 0.413, gp: 0.233

[Rank 0] (epoch: 38, iters: 6144, time: 0.001, data: 0.001) , D_A: 0.179, G_A: 1.012, cycle_A: 0.277, D_B: 0.280, G_B: 0.943, cycle_B: 0.405, gp: 0.273

[Rank 0] (epoch: 38, iters: 7744, time: 0.001, data: 0.001) , D_A: 0.213, G_A: 1.054, cycle_A: 0.429, D_B: 0.244, G_B: 1.056, cycle_B: 0.407, gp: 0.233

[Rank 0] (epoch: 38, iters: 9344, time: 0.001, data: 0.001) , D_A: 0.237, G_A: 0.867, cycle_A: 0.452, D_B: 0.286, G_B: 1.136, cycle_B: 0.260, gp: 0.242

[Rank 0] (epoch: 38, iters: 10944, time: 0.001, data: 0.001) , D_A: 0.234, G_A: 1.071, cycle_A: 0.443, D_B: 0.222, G_B: 0.947, cycle_B: 0.409, gp: 0.214

[Rank 0] (epoch: 38, iters: 12544, time: 0.001, data: 0.001) , D_A: 0.237, G_A: 0.874, cycle_A: 0.279, D_B: 0.211, G_B: 0.972, cycle_B: 0.401, gp: 0.204

[Rank 0] (epoch: 38, iters: 14144, time: 0.001, data: 0.001) , D_A: 0.363, G_A: 0.943, cycle_A: 0.437, D_B: 0.210, G_B: 0.853, cycle_B: 0.274, gp: 0.197

[Rank 0] (epoch: 38, iters: 15744, time: 0.001, data: 0.001) , D_A: 0.342, G_A: 0.937, cycle_A: 0.436, D_B: 0.290, G_B: 1.010, cycle_B: 0.278, gp: 0.285

[Rank 0] (epoch: 38, iters: 17344, time: 0.001, data: 0.001) , D_A: 0.172, G_A: 0.959, cycle_A: 0.450, D_B: 0.314, G_B: 1.007, cycle_B: 0.283, gp: 0.308

[Rank 0] (epoch: 38, iters: 18944, time: 0.001, data: 0.002) , D_A: 0.225, G_A: 0.916, cycle_A: 0.292, D_B: 0.252, G_B: 0.965, cycle_B: 0.408, gp: 0.242

[Rank 0] (epoch: 38, iters: 20544, time: 0.001, data: 0.001) , D_A: 0.245, G_A: 0.963, cycle_A: 0.439, D_B: 0.279, G_B: 0.894, cycle_B: 0.279, gp: 0.253

learning rate 0.0002000 -> 0.0002000
temperature tau = 0.1435
End of epoch 38 / 50 	 Time Taken: 19 sec
[Rank 0] (epoch: 39, iters: 256, time: 0.001, data: 0.002) , D_A: 0.204, G_A: 0.919, cycle_A: 0.294, D_B: 0.149, G_B: 0.964, cycle_B: 0.408, gp: 0.140

[Rank 0] (epoch: 39, iters: 1856, time: 0.001, data: 0.005) , D_A: 0.361, G_A: 0.858, cycle_A: 0.432, D_B: 0.289, G_B: 0.928, cycle_B: 0.263, gp: 0.284

[Rank 0] (epoch: 39, iters: 3456, time: 0.001, data: 0.001) , D_A: 0.187, G_A: 1.010, cycle_A: 0.293, D_B: 0.288, G_B: 0.856, cycle_B: 0.416, gp: 0.277

[Rank 0] (epoch: 39, iters: 5056, time: 0.001, data: 0.001) , D_A: 0.204, G_A: 0.956, cycle_A: 0.278, D_B: 0.181, G_B: 0.927, cycle_B: 0.414, gp: 0.173

[Rank 0] (epoch: 39, iters: 6656, time: 0.001, data: 0.001) , D_A: 0.269, G_A: 0.907, cycle_A: 0.442, D_B: 0.199, G_B: 1.078, cycle_B: 0.419, gp: 0.187

--- iter tau=0.1435 ---
  cipher in : badbdibfbei bgeb baebgddbhdgedhbehbhicdhbeifecbibaebgddbfhbgbaib
  decrypted :  hd dg a ega ee a he edd adeeda ea agida egaei g he edd aa e hg 
  real plain:  ih aai ad ih ae fig hich he cab eachide a diied a ige c a cee c
  cipher in : fbadbgbehbadbedbeebehbadbibdhbe eibhbadbfbadbedbebaddbibebaefbib
  decrypted : a hd e ea hd ed ee ea hd g da eaeg a hd a hd ed e hdd g e hea g 
  real plain: e iaia chche ade eici f he begiig ha he cfic beee hi ad he heih 
[Rank 0] (epoch: 39, iters: 8256, time: 0.001, data: 0.001) , D_A: 0.196, G_A: 0.995, cycle_A: 0.280, D_B: 0.296, G_B: 0.962, cycle_B: 0.275, gp: 0.291

saving the latest model (epoch 39, total_iters 840000)
[Rank 0] (epoch: 39, iters: 9856, time: 0.001, data: 0.001) , D_A: 0.293, G_A: 1.042, cycle_A: 0.278, D_B: 0.135, G_B: 0.894, cycle_B: 0.409, gp: 0.128

[Rank 0] (epoch: 39, iters: 11456, time: 0.001, data: 0.001) , D_A: 0.266, G_A: 0.930, cycle_A: 0.287, D_B: 0.270, G_B: 1.053, cycle_B: 0.416, gp: 0.255

[Rank 0] (epoch: 39, iters: 13056, time: 0.001, data: 0.001) , D_A: 0.286, G_A: 1.192, cycle_A: 0.424, D_B: 0.226, G_B: 0.927, cycle_B: 0.409, gp: 0.214

[Rank 0] (epoch: 39, iters: 14656, time: 0.001, data: 0.001) , D_A: 0.255, G_A: 0.968, cycle_A: 0.441, D_B: 0.213, G_B: 1.043, cycle_B: 0.269, gp: 0.197

[Rank 0] (epoch: 39, iters: 16256, time: 0.001, data: 0.001) , D_A: 0.316, G_A: 0.891, cycle_A: 0.285, D_B: 0.212, G_B: 0.960, cycle_B: 0.275, gp: 0.202

[Rank 0] (epoch: 39, iters: 17856, time: 0.001, data: 0.002) , D_A: 0.175, G_A: 0.983, cycle_A: 0.283, D_B: 0.196, G_B: 1.021, cycle_B: 0.416, gp: 0.187

[Rank 0] (epoch: 39, iters: 19456, time: 0.001, data: 0.001) , D_A: 0.320, G_A: 0.925, cycle_A: 0.434, D_B: 0.175, G_B: 0.896, cycle_B: 0.400, gp: 0.158

[Rank 0] (epoch: 39, iters: 21056, time: 0.001, data: 0.001) , D_A: 0.166, G_A: 0.940, cycle_A: 0.449, D_B: 0.261, G_B: 0.880, cycle_B: 0.278, gp: 0.253

learning rate 0.0002000 -> 0.0002000
temperature tau = 0.1389
End of epoch 39 / 50 	 Time Taken: 18 sec
[Rank 0] (epoch: 40, iters: 768, time: 0.001, data: 0.000) , D_A: 0.233, G_A: 0.992, cycle_A: 0.298, D_B: 0.173, G_B: 1.042, cycle_B: 0.413, gp: 0.168

[Rank 0] (epoch: 40, iters: 2368, time: 0.001, data: 0.000) , D_A: 0.221, G_A: 1.026, cycle_A: 0.284, D_B: 0.277, G_B: 0.822, cycle_B: 0.416, gp: 0.261

[Rank 0] (epoch: 40, iters: 3968, time: 0.001, data: 0.002) , D_A: 0.216, G_A: 0.667, cycle_A: 0.282, D_B: 0.197, G_B: 0.962, cycle_B: 0.410, gp: 0.189

[Rank 0] (epoch: 40, iters: 5568, time: 0.001, data: 0.001) , D_A: 0.248, G_A: 0.940, cycle_A: 0.292, D_B: 0.212, G_B: 1.007, cycle_B: 0.408, gp: 0.206

[Rank 0] (epoch: 40, iters: 7168, time: 0.001, data: 0.001) , D_A: 0.326, G_A: 1.099, cycle_A: 0.443, D_B: 0.128, G_B: 0.946, cycle_B: 0.279, gp: 0.118

[Rank 0] (epoch: 40, iters: 8768, time: 0.001, data: 0.001) , D_A: 0.139, G_A: 0.977, cycle_A: 0.277, D_B: 0.200, G_B: 0.816, cycle_B: 0.274, gp: 0.184

[Rank 0] (epoch: 40, iters: 10368, time: 0.001, data: 0.002) , D_A: 0.277, G_A: 0.955, cycle_A: 0.312, D_B: 0.323, G_B: 0.875, cycle_B: 0.266, gp: 0.296

[Rank 0] (epoch: 40, iters: 11968, time: 0.001, data: 0.001) , D_A: 0.203, G_A: 0.875, cycle_A: 0.286, D_B: 0.192, G_B: 0.979, cycle_B: 0.407, gp: 0.182

[Rank 0] (epoch: 40, iters: 13568, time: 0.001, data: 0.001) , D_A: 0.240, G_A: 0.967, cycle_A: 0.281, D_B: 0.194, G_B: 0.945, cycle_B: 0.405, gp: 0.188

[Rank 0] (epoch: 40, iters: 15168, time: 0.001, data: 0.001) , D_A: 0.288, G_A: 0.911, cycle_A: 0.288, D_B: 0.212, G_B: 0.841, cycle_B: 0.417, gp: 0.206

[Rank 0] (epoch: 40, iters: 16768, time: 0.001, data: 0.001) , D_A: 0.301, G_A: 1.147, cycle_A: 0.438, D_B: 0.145, G_B: 0.967, cycle_B: 0.278, gp: 0.137

[Rank 0] (epoch: 40, iters: 18368, time: 0.001, data: 0.001) , D_A: 0.189, G_A: 0.926, cycle_A: 0.283, D_B: 0.200, G_B: 1.020, cycle_B: 0.401, gp: 0.174

[Rank 0] (epoch: 40, iters: 19968, time: 0.001, data: 0.001) , D_A: 0.186, G_A: 0.935, cycle_A: 0.442, D_B: 0.236, G_B: 0.950, cycle_B: 0.281, gp: 0.229

[Rank 0] (epoch: 40, iters: 21568, time: 0.001, data: 0.001) , D_A: 0.208, G_A: 0.931, cycle_A: 0.441, D_B: 0.292, G_B: 0.974, cycle_B: 0.417, gp: 0.285

learning rate 0.0002000 -> 0.0001818
temperature tau = 0.1344
End of epoch 40 / 50 	 Time Taken: 18 sec
[Rank 0] (epoch: 41, iters: 1280, time: 0.001, data: 0.000) , D_A: 0.217, G_A: 0.968, cycle_A: 0.289, D_B: 0.280, G_B: 0.901, cycle_B: 0.267, gp: 0.268

[Rank 0] (epoch: 41, iters: 2880, time: 0.001, data: 0.001) , D_A: 0.191, G_A: 0.909, cycle_A: 0.289, D_B: 0.223, G_B: 0.974, cycle_B: 0.284, gp: 0.215

--- iter tau=0.1344 ---
  cipher in : dbhbedbadibaddbc badbgdidfbaebibdcei bfbadbee bibaehbebdcedhbfbe
  decrypted : d a ed hdb hdd ia hd edbda he b dieba a hd eea b hea e dieda a e
  real plain: ca echa ad a biee he a he had de f a ea he ca iia ad cia ffice d
  cipher in : behbdbibadbedbgbdbfbdbadbei bfbiebaicebfdedbcabebdbehbdbfbibehba
  decrypted :  ea d b hd ed e d a d hd eba a be hbie aded ih e d ea d a b ea h
  real plain:  be ei aid ea hee i gacie fe hbad ad he eied b hi ee ab he eaai 
[Rank 0] (epoch: 41, iters: 4480, time: 0.001, data: 0.003) , D_A: 0.277, G_A: 1.033, cycle_A: 0.447, D_B: 0.221, G_B: 0.958, cycle_B: 0.280, gp: 0.208

saving the latest model (epoch 41, total_iters 880000)
[Rank 0] (epoch: 41, iters: 6080, time: 0.001, data: 0.001) , D_A: 0.203, G_A: 0.957, cycle_A: 0.444, D_B: 0.345, G_B: 0.885, cycle_B: 0.278, gp: 0.337

[Rank 0] (epoch: 41, iters: 7680, time: 0.001, data: 0.001) , D_A: 0.274, G_A: 0.966, cycle_A: 0.447, D_B: 0.186, G_B: 0.847, cycle_B: 0.408, gp: 0.167

[Rank 0] (epoch: 41, iters: 9280, time: 0.001, data: 0.001) , D_A: 0.210, G_A: 0.900, cycle_A: 0.286, D_B: 0.266, G_B: 0.851, cycle_B: 0.260, gp: 0.253

[Rank 0] (epoch: 41, iters: 10880, time: 0.001, data: 0.001) , D_A: 0.262, G_A: 0.979, cycle_A: 0.289, D_B: 0.253, G_B: 0.935, cycle_B: 0.275, gp: 0.244

[Rank 0] (epoch: 41, iters: 12480, time: 0.001, data: 0.001) , D_A: 0.310, G_A: 0.941, cycle_A: 0.442, D_B: 0.229, G_B: 0.817, cycle_B: 0.400, gp: 0.220

[Rank 0] (epoch: 41, iters: 14080, time: 0.001, data: 0.001) , D_A: 0.195, G_A: 0.790, cycle_A: 0.295, D_B: 0.184, G_B: 0.898, cycle_B: 0.410, gp: 0.175

[Rank 0] (epoch: 41, iters: 15680, time: 0.001, data: 0.001) , D_A: 0.299, G_A: 0.960, cycle_A: 0.294, D_B: 0.311, G_B: 1.012, cycle_B: 0.405, gp: 0.306

[Rank 0] (epoch: 41, iters: 17280, time: 0.001, data: 0.001) , D_A: 0.286, G_A: 0.937, cycle_A: 0.294, D_B: 0.183, G_B: 0.940, cycle_B: 0.417, gp: 0.177

[Rank 0] (epoch: 41, iters: 18880, time: 0.001, data: 0.002) , D_A: 0.251, G_A: 0.963, cycle_A: 0.282, D_B: 0.253, G_B: 1.001, cycle_B: 0.274, gp: 0.244

[Rank 0] (epoch: 41, iters: 20480, time: 0.001, data: 0.001) , D_A: 0.248, G_A: 0.884, cycle_A: 0.283, D_B: 0.357, G_B: 0.605, cycle_B: 0.397, gp: 0.293

learning rate 0.0001818 -> 0.0001636
temperature tau = 0.1301
End of epoch 41 / 50 	 Time Taken: 19 sec
[Rank 0] (epoch: 42, iters: 192, time: 0.001, data: 0.001) , D_A: 0.378, G_A: 0.587, cycle_A: 0.289, D_B: 0.354, G_B: 0.953, cycle_B: 0.279, gp: 0.349

[Rank 0] (epoch: 42, iters: 1792, time: 0.001, data: 0.004) , D_A: 0.248, G_A: 0.927, cycle_A: 0.434, D_B: 0.282, G_B: 0.892, cycle_B: 0.394, gp: 0.276

[Rank 0] (epoch: 42, iters: 3392, time: 0.001, data: 0.001) , D_A: 0.236, G_A: 0.945, cycle_A: 0.445, D_B: 0.262, G_B: 1.005, cycle_B: 0.280, gp: 0.252

[Rank 0] (epoch: 42, iters: 4992, time: 0.001, data: 0.001) , D_A: 0.193, G_A: 0.946, cycle_A: 0.447, D_B: 0.302, G_B: 0.875, cycle_B: 0.289, gp: 0.295

[Rank 0] (epoch: 42, iters: 6592, time: 0.001, data: 0.001) , D_A: 0.183, G_A: 0.991, cycle_A: 0.293, D_B: 0.290, G_B: 0.897, cycle_B: 0.419, gp: 0.283

[Rank 0] (epoch: 42, iters: 8192, time: 0.001, data: 0.004) , D_A: 0.251, G_A: 0.982, cycle_A: 0.448, D_B: 0.150, G_B: 0.827, cycle_B: 0.278, gp: 0.142

[Rank 0] (epoch: 42, iters: 9792, time: 0.001, data: 0.001) , D_A: 0.280, G_A: 0.879, cycle_A: 0.442, D_B: 0.272, G_B: 0.876, cycle_B: 0.285, gp: 0.261

[Rank 0] (epoch: 42, iters: 11392, time: 0.001, data: 0.001) , D_A: 0.277, G_A: 0.938, cycle_A: 0.285, D_B: 0.218, G_B: 0.938, cycle_B: 0.415, gp: 0.210

[Rank 0] (epoch: 42, iters: 12992, time: 0.001, data: 0.001) , D_A: 0.215, G_A: 0.901, cycle_A: 0.436, D_B: 0.323, G_B: 0.887, cycle_B: 0.274, gp: 0.312

[Rank 0] (epoch: 42, iters: 14592, time: 0.001, data: 0.001) , D_A: 0.245, G_A: 1.030, cycle_A: 0.452, D_B: 0.330, G_B: 1.011, cycle_B: 0.403, gp: 0.324

[Rank 0] (epoch: 42, iters: 16192, time: 0.001, data: 0.001) , D_A: 0.261, G_A: 0.914, cycle_A: 0.296, D_B: 0.258, G_B: 0.981, cycle_B: 0.275, gp: 0.247

[Rank 0] (epoch: 42, iters: 17792, time: 0.001, data: 0.001) , D_A: 0.174, G_A: 0.892, cycle_A: 0.457, D_B: 0.216, G_B: 0.962, cycle_B: 0.416, gp: 0.209

[Rank 0] (epoch: 42, iters: 19392, time: 0.001, data: 0.001) , D_A: 0.214, G_A: 1.064, cycle_A: 0.427, D_B: 0.283, G_B: 0.945, cycle_B: 0.271, gp: 0.272

[Rank 0] (epoch: 42, iters: 20992, time: 0.001, data: 0.001) , D_A: 0.207, G_A: 0.920, cycle_A: 0.289, D_B: 0.311, G_B: 0.969, cycle_B: 0.415, gp: 0.304

learning rate 0.0001636 -> 0.0001455
temperature tau = 0.1258
End of epoch 42 / 50 	 Time Taken: 19 sec
--- iter tau=0.1258 ---
  cipher in : hbfddi bibaibadbebfbadbcecadbehbadbedbdbddhdhbibehbdb bibddbdddh
  decrypted : a addfa f hf hd e a hd ieihd ea hd ed d ddada f ea d a f dd ddda
  real plain: g f e ha i a ce he e ehe aaica ee deeca iicai a cci acceed b a i
  cipher in : bfibehbfbdecdbaedbedhbebibcfbehbdgdeb ddi bfidhbehbdebfihbadbebf
  decrypted :  af ea a deid hed eda e f ia ea dede addfa afda ea de afa hd e a
  real plain:  ae he eehe ca he ice ide hae heiaed he he a ha e had aed hi ce 
[Rank 0] (epoch: 43, iters: 704, time: 0.001, data: 0.001) , D_A: 0.120, G_A: 0.858, cycle_A: 0.447, D_B: 0.326, G_B: 0.853, cycle_B: 0.278, gp: 0.303

saving the latest model (epoch 43, total_iters 920000)
[Rank 0] (epoch: 43, iters: 2304, time: 0.001, data: 0.000) , D_A: 0.232, G_A: 0.940, cycle_A: 0.287, D_B: 0.192, G_B: 0.981, cycle_B: 0.415, gp: 0.185

[Rank 0] (epoch: 43, iters: 3904, time: 0.001, data: 0.001) , D_A: 0.303, G_A: 0.973, cycle_A: 0.442, D_B: 0.265, G_B: 0.951, cycle_B: 0.279, gp: 0.252

[Rank 0] (epoch: 43, iters: 5504, time: 0.001, data: 0.001) , D_A: 0.166, G_A: 0.991, cycle_A: 0.462, D_B: 0.196, G_B: 0.990, cycle_B: 0.407, gp: 0.186

[Rank 0] (epoch: 43, iters: 7104, time: 0.001, data: 0.001) , D_A: 0.216, G_A: 0.913, cycle_A: 0.295, D_B: 0.200, G_B: 0.999, cycle_B: 0.279, gp: 0.190

[Rank 0] (epoch: 43, iters: 8704, time: 0.001, data: 0.001) , D_A: 0.247, G_A: 0.938, cycle_A: 0.456, D_B: 0.248, G_B: 0.887, cycle_B: 0.275, gp: 0.237

[Rank 0] (epoch: 43, iters: 10304, time: 0.001, data: 0.001) , D_A: 0.197, G_A: 0.892, cycle_A: 0.282, D_B: 0.326, G_B: 0.924, cycle_B: 0.395, gp: 0.319

[Rank 0] (epoch: 43, iters: 11904, time: 0.001, data: 0.002) , D_A: 0.244, G_A: 0.978, cycle_A: 0.289, D_B: 0.233, G_B: 0.876, cycle_B: 0.407, gp: 0.218

[Rank 0] (epoch: 43, iters: 13504, time: 0.001, data: 0.001) , D_A: 0.347, G_A: 0.952, cycle_A: 0.446, D_B: 0.202, G_B: 0.897, cycle_B: 0.283, gp: 0.194

[Rank 0] (epoch: 43, iters: 15104, time: 0.001, data: 0.001) , D_A: 0.179, G_A: 0.907, cycle_A: 0.290, D_B: 0.250, G_B: 0.963, cycle_B: 0.416, gp: 0.242

[Rank 0] (epoch: 43, iters: 16704, time: 0.001, data: 0.001) , D_A: 0.156, G_A: 0.929, cycle_A: 0.281, D_B: 0.293, G_B: 0.963, cycle_B: 0.277, gp: 0.284

[Rank 0] (epoch: 43, iters: 18304, time: 0.001, data: 0.001) , D_A: 0.289, G_A: 0.870, cycle_A: 0.442, D_B: 0.221, G_B: 0.957, cycle_B: 0.400, gp: 0.213

[Rank 0] (epoch: 43, iters: 19904, time: 0.001, data: 0.002) , D_A: 0.238, G_A: 0.933, cycle_A: 0.279, D_B: 0.366, G_B: 0.966, cycle_B: 0.408, gp: 0.358

[Rank 0] (epoch: 43, iters: 21504, time: 0.001, data: 0.001) , D_A: 0.203, G_A: 1.000, cycle_A: 0.296, D_B: 0.213, G_B: 0.917, cycle_B: 0.277, gp: 0.208

learning rate 0.0001455 -> 0.0001273
temperature tau = 0.1218
End of epoch 43 / 50 	 Time Taken: 19 sec
[Rank 0] (epoch: 44, iters: 1216, time: 0.001, data: 0.001) , D_A: 0.215, G_A: 0.936, cycle_A: 0.438, D_B: 0.252, G_B: 0.821, cycle_B: 0.397, gp: 0.243

[Rank 0] (epoch: 44, iters: 2816, time: 0.001, data: 0.001) , D_A: 0.227, G_A: 0.835, cycle_A: 0.437, D_B: 0.256, G_B: 0.930, cycle_B: 0.411, gp: 0.242

[Rank 0] (epoch: 44, iters: 4416, time: 0.001, data: 0.001) , D_A: 0.236, G_A: 0.928, cycle_A: 0.284, D_B: 0.205, G_B: 0.950, cycle_B: 0.413, gp: 0.200

[Rank 0] (epoch: 44, iters: 6016, time: 0.001, data: 0.001) , D_A: 0.201, G_A: 0.882, cycle_A: 0.440, D_B: 0.262, G_B: 0.967, cycle_B: 0.278, gp: 0.253

[Rank 0] (epoch: 44, iters: 7616, time: 0.001, data: 0.000) , D_A: 0.311, G_A: 0.961, cycle_A: 0.290, D_B: 0.263, G_B: 0.865, cycle_B: 0.409, gp: 0.255

[Rank 0] (epoch: 44, iters: 9216, time: 0.001, data: 0.001) , D_A: 0.271, G_A: 0.995, cycle_A: 0.449, D_B: 0.241, G_B: 0.927, cycle_B: 0.274, gp: 0.231

[Rank 0] (epoch: 44, iters: 10816, time: 0.001, data: 0.001) , D_A: 0.268, G_A: 0.866, cycle_A: 0.292, D_B: 0.174, G_B: 0.843, cycle_B: 0.275, gp: 0.166

[Rank 0] (epoch: 44, iters: 12416, time: 0.001, data: 0.001) , D_A: 0.246, G_A: 0.861, cycle_A: 0.446, D_B: 0.279, G_B: 0.887, cycle_B: 0.400, gp: 0.267

[Rank 0] (epoch: 44, iters: 14016, time: 0.001, data: 0.001) , D_A: 0.201, G_A: 0.919, cycle_A: 0.446, D_B: 0.163, G_B: 0.947, cycle_B: 0.410, gp: 0.154

[Rank 0] (epoch: 44, iters: 15616, time: 0.001, data: 0.001) , D_A: 0.220, G_A: 0.914, cycle_A: 0.288, D_B: 0.221, G_B: 0.984, cycle_B: 0.405, gp: 0.210

[Rank 0] (epoch: 44, iters: 17216, time: 0.001, data: 0.001) , D_A: 0.208, G_A: 0.950, cycle_A: 0.297, D_B: 0.230, G_B: 0.942, cycle_B: 0.417, gp: 0.222

--- iter tau=0.1218 ---
  cipher in : bddhbebdbibdeidbcfbcdbeiebibdhbihicedbebiciebcdciebdedhbfeciibad
  decrypted :  eea e e g eege ia ie ege g ea gagiee e gige ieige eeea aeigg he
  real plain:  hee a hig d b de ahe di i a he aid id fge a ab hea ad he ec deb
  cipher in : cbidhbgbdifdhbddbibadbihbaebibibgegbdeiicbddcbebcieibfbadbdeb ab
  decrypted : i gea e egaea ee g he ga he g g eee eeggi eei e igeg a he ee ah 
  real plain: be ci ih abe idea deaig ih faiia iai a ge adeae he a fi a he eid
[Rank 0] (epoch: 44, iters: 18816, time: 0.001, data: 0.001) , D_A: 0.211, G_A: 0.905, cycle_A: 0.284, D_B: 0.252, G_B: 0.991, cycle_B: 0.274, gp: 0.242

saving the latest model (epoch 44, total_iters 960000)
[Rank 0] (epoch: 44, iters: 20416, time: 0.001, data: 0.001) , D_A: 0.171, G_A: 0.922, cycle_A: 0.284, D_B: 0.274, G_B: 0.960, cycle_B: 0.396, gp: 0.267

learning rate 0.0001273 -> 0.0001091
temperature tau = 0.1178
End of epoch 44 / 50 	 Time Taken: 18 sec
[Rank 0] (epoch: 45, iters: 128, time: 0.001, data: 0.001) , D_A: 0.228, G_A: 1.005, cycle_A: 0.286, D_B: 0.282, G_B: 0.938, cycle_B: 0.407, gp: 0.264

[Rank 0] (epoch: 45, iters: 1728, time: 0.001, data: 0.000) , D_A: 0.249, G_A: 0.911, cycle_A: 0.439, D_B: 0.178, G_B: 0.902, cycle_B: 0.263, gp: 0.168

[Rank 0] (epoch: 45, iters: 3328, time: 0.001, data: 0.001) , D_A: 0.243, G_A: 0.691, cycle_A: 0.431, D_B: 0.281, G_B: 0.936, cycle_B: 0.281, gp: 0.262

[Rank 0] (epoch: 45, iters: 4928, time: 0.001, data: 0.001) , D_A: 0.269, G_A: 0.865, cycle_A: 0.282, D_B: 0.210, G_B: 0.860, cycle_B: 0.413, gp: 0.198

[Rank 0] (epoch: 45, iters: 6528, time: 0.001, data: 0.001) , D_A: 0.143, G_A: 0.890, cycle_A: 0.295, D_B: 0.194, G_B: 0.907, cycle_B: 0.278, gp: 0.184

[Rank 0] (epoch: 45, iters: 8128, time: 0.001, data: 0.001) , D_A: 0.208, G_A: 0.942, cycle_A: 0.287, D_B: 0.256, G_B: 0.890, cycle_B: 0.408, gp: 0.247

[Rank 0] (epoch: 45, iters: 9728, time: 0.001, data: 0.001) , D_A: 0.295, G_A: 0.915, cycle_A: 0.298, D_B: 0.231, G_B: 0.892, cycle_B: 0.259, gp: 0.224

[Rank 0] (epoch: 45, iters: 11328, time: 0.001, data: 0.001) , D_A: 0.287, G_A: 0.905, cycle_A: 0.291, D_B: 0.280, G_B: 0.945, cycle_B: 0.283, gp: 0.271

[Rank 0] (epoch: 45, iters: 12928, time: 0.001, data: 0.001) , D_A: 0.181, G_A: 0.946, cycle_A: 0.294, D_B: 0.220, G_B: 0.870, cycle_B: 0.409, gp: 0.210

[Rank 0] (epoch: 45, iters: 14528, time: 0.001, data: 0.001) , D_A: 0.271, G_A: 0.969, cycle_A: 0.284, D_B: 0.288, G_B: 0.853, cycle_B: 0.268, gp: 0.268

[Rank 0] (epoch: 45, iters: 16128, time: 0.001, data: 0.001) , D_A: 0.246, G_A: 0.991, cycle_A: 0.293, D_B: 0.263, G_B: 0.806, cycle_B: 0.409, gp: 0.244

[Rank 0] (epoch: 45, iters: 17728, time: 0.001, data: 0.001) , D_A: 0.250, G_A: 0.951, cycle_A: 0.443, D_B: 0.296, G_B: 0.899, cycle_B: 0.415, gp: 0.283

[Rank 0] (epoch: 45, iters: 19328, time: 0.001, data: 0.001) , D_A: 0.226, G_A: 0.978, cycle_A: 0.297, D_B: 0.307, G_B: 0.964, cycle_B: 0.271, gp: 0.301

[Rank 0] (epoch: 45, iters: 20928, time: 0.001, data: 0.001) , D_A: 0.206, G_A: 0.904, cycle_A: 0.291, D_B: 0.316, G_B: 0.826, cycle_B: 0.278, gp: 0.301

learning rate 0.0001091 -> 0.0000909
temperature tau = 0.1140
End of epoch 45 / 50 	 Time Taken: 18 sec
[Rank 0] (epoch: 46, iters: 640, time: 0.001, data: 0.000) , D_A: 0.224, G_A: 0.964, cycle_A: 0.291, D_B: 0.223, G_B: 0.953, cycle_B: 0.277, gp: 0.215

[Rank 0] (epoch: 46, iters: 2240, time: 0.001, data: 0.000) , D_A: 0.235, G_A: 0.946, cycle_A: 0.287, D_B: 0.237, G_B: 0.921, cycle_B: 0.280, gp: 0.225

[Rank 0] (epoch: 46, iters: 3840, time: 0.001, data: 0.001) , D_A: 0.128, G_A: 0.940, cycle_A: 0.440, D_B: 0.234, G_B: 0.949, cycle_B: 0.279, gp: 0.227

[Rank 0] (epoch: 46, iters: 5440, time: 0.001, data: 0.001) , D_A: 0.251, G_A: 0.905, cycle_A: 0.444, D_B: 0.194, G_B: 0.925, cycle_B: 0.278, gp: 0.180

[Rank 0] (epoch: 46, iters: 7040, time: 0.001, data: 0.001) , D_A: 0.237, G_A: 0.921, cycle_A: 0.433, D_B: 0.209, G_B: 0.932, cycle_B: 0.413, gp: 0.198

[Rank 0] (epoch: 46, iters: 8640, time: 0.001, data: 0.001) , D_A: 0.271, G_A: 0.891, cycle_A: 0.264, D_B: 0.246, G_B: 0.860, cycle_B: 0.275, gp: 0.236

[Rank 0] (epoch: 46, iters: 10240, time: 0.001, data: 0.001) , D_A: 0.222, G_A: 0.892, cycle_A: 0.448, D_B: 0.234, G_B: 0.869, cycle_B: 0.285, gp: 0.220

[Rank 0] (epoch: 46, iters: 11840, time: 0.001, data: 0.001) , D_A: 0.167, G_A: 0.897, cycle_A: 0.445, D_B: 0.312, G_B: 0.938, cycle_B: 0.264, gp: 0.303

[Rank 0] (epoch: 46, iters: 13440, time: 0.001, data: 0.001) , D_A: 0.187, G_A: 0.914, cycle_A: 0.286, D_B: 0.229, G_B: 0.923, cycle_B: 0.403, gp: 0.222

--- iter tau=0.1140 ---
  cipher in : bhdhcidbdcaidbeidbfficiebicdbidbeadbdbiddi bdeeibibaidhbebgbebad
  decrypted :  adaifd dihfd efd aafife fid fd ehd d fddfa deef f hfda e e e hd
  real plain: gea eaee he aid f he ia ee he ei f ad i a ei f h b a a ei f eci 
  cipher in : hbadbfhbedihdbebaibdebibihdbcaieb ifbfbddhb dbcdbfbcebcaihdbibgd
  decrypted : a hd aa edfad e hf de f fad ihfe afa a dda ad id a ie ihfad f ed
  real plain: adaage i haig a fi ie iae headed b a ae he eaie e hae deee a bic
[Rank 0] (epoch: 46, iters: 15040, time: 0.001, data: 0.001) , D_A: 0.266, G_A: 0.942, cycle_A: 0.278, D_B: 0.252, G_B: 0.928, cycle_B: 0.416, gp: 0.243

saving the latest model (epoch 46, total_iters 1000000)
[Rank 0] (epoch: 46, iters: 16640, time: 0.001, data: 0.001) , D_A: 0.240, G_A: 0.913, cycle_A: 0.299, D_B: 0.101, G_B: 0.887, cycle_B: 0.406, gp: 0.084

[Rank 0] (epoch: 46, iters: 18240, time: 0.001, data: 0.001) , D_A: 0.231, G_A: 0.910, cycle_A: 0.437, D_B: 0.241, G_B: 0.955, cycle_B: 0.265, gp: 0.235

[Rank 0] (epoch: 46, iters: 19840, time: 0.001, data: 0.001) , D_A: 0.210, G_A: 0.900, cycle_A: 0.281, D_B: 0.239, G_B: 0.911, cycle_B: 0.281, gp: 0.227

[Rank 0] (epoch: 46, iters: 21440, time: 0.001, data: 0.001) , D_A: 0.249, G_A: 0.954, cycle_A: 0.299, D_B: 0.260, G_B: 0.968, cycle_B: 0.402, gp: 0.248

learning rate 0.0000909 -> 0.0000727
temperature tau = 0.1104
End of epoch 46 / 50 	 Time Taken: 17 sec
[Rank 0] (epoch: 47, iters: 1152, time: 0.001, data: 0.000) , D_A: 0.324, G_A: 0.908, cycle_A: 0.289, D_B: 0.298, G_B: 0.911, cycle_B: 0.267, gp: 0.286

[Rank 0] (epoch: 47, iters: 2752, time: 0.001, data: 0.001) , D_A: 0.184, G_A: 0.879, cycle_A: 0.285, D_B: 0.282, G_B: 0.836, cycle_B: 0.411, gp: 0.270

[Rank 0] (epoch: 47, iters: 4352, time: 0.001, data: 0.001) , D_A: 0.298, G_A: 0.978, cycle_A: 0.285, D_B: 0.265, G_B: 0.926, cycle_B: 0.413, gp: 0.256

[Rank 0] (epoch: 47, iters: 5952, time: 0.001, data: 0.001) , D_A: 0.168, G_A: 0.921, cycle_A: 0.285, D_B: 0.182, G_B: 0.793, cycle_B: 0.278, gp: 0.151

[Rank 0] (epoch: 47, iters: 7552, time: 0.001, data: 0.001) , D_A: 0.178, G_A: 0.833, cycle_A: 0.439, D_B: 0.302, G_B: 0.245, cycle_B: 0.277, gp: 0.292

[Rank 0] (epoch: 47, iters: 9152, time: 0.001, data: 0.001) , D_A: 0.228, G_A: 0.895, cycle_A: 0.436, D_B: 0.196, G_B: 0.920, cycle_B: 0.274, gp: 0.184

[Rank 0] (epoch: 47, iters: 10752, time: 0.001, data: 0.001) , D_A: 0.215, G_A: 0.952, cycle_A: 0.299, D_B: 0.242, G_B: 0.900, cycle_B: 0.395, gp: 0.230

[Rank 0] (epoch: 47, iters: 12352, time: 0.001, data: 0.001) , D_A: 0.219, G_A: 0.924, cycle_A: 0.437, D_B: 0.237, G_B: 0.922, cycle_B: 0.267, gp: 0.227

[Rank 0] (epoch: 47, iters: 13952, time: 0.001, data: 0.001) , D_A: 0.243, G_A: 0.883, cycle_A: 0.289, D_B: 0.197, G_B: 0.902, cycle_B: 0.410, gp: 0.190

[Rank 0] (epoch: 47, iters: 15552, time: 0.001, data: 0.001) , D_A: 0.160, G_A: 0.883, cycle_A: 0.442, D_B: 0.198, G_B: 0.898, cycle_B: 0.278, gp: 0.190

[Rank 0] (epoch: 47, iters: 17152, time: 0.001, data: 0.001) , D_A: 0.172, G_A: 0.937, cycle_A: 0.298, D_B: 0.251, G_B: 0.904, cycle_B: 0.417, gp: 0.241

[Rank 0] (epoch: 47, iters: 18752, time: 0.001, data: 0.001) , D_A: 0.273, G_A: 0.880, cycle_A: 0.440, D_B: 0.233, G_B: 0.870, cycle_B: 0.274, gp: 0.222

[Rank 0] (epoch: 47, iters: 20352, time: 0.001, data: 0.001) , D_A: 0.262, G_A: 0.953, cycle_A: 0.291, D_B: 0.251, G_B: 0.868, cycle_B: 0.269, gp: 0.244

learning rate 0.0000727 -> 0.0000545
temperature tau = 0.1068
End of epoch 47 / 50 	 Time Taken: 17 sec
[Rank 0] (epoch: 48, iters: 64, time: 0.001, data: 0.001) , D_A: 0.142, G_A: 0.934, cycle_A: 0.449, D_B: 0.262, G_B: 0.953, cycle_B: 0.279, gp: 0.256

[Rank 0] (epoch: 48, iters: 1664, time: 0.001, data: 0.006) , D_A: 0.211, G_A: 0.874, cycle_A: 0.444, D_B: 0.216, G_B: 0.938, cycle_B: 0.394, gp: 0.208

[Rank 0] (epoch: 48, iters: 3264, time: 0.001, data: 0.002) , D_A: 0.098, G_A: 0.881, cycle_A: 0.287, D_B: 0.261, G_B: 0.885, cycle_B: 0.280, gp: 0.249

[Rank 0] (epoch: 48, iters: 4864, time: 0.001, data: 0.001) , D_A: 0.195, G_A: 0.861, cycle_A: 0.452, D_B: 0.284, G_B: 0.911, cycle_B: 0.289, gp: 0.275

[Rank 0] (epoch: 48, iters: 6464, time: 0.001, data: 0.001) , D_A: 0.192, G_A: 0.933, cycle_A: 0.285, D_B: 0.231, G_B: 0.826, cycle_B: 0.418, gp: 0.217

[Rank 0] (epoch: 48, iters: 8064, time: 0.001, data: 0.001) , D_A: 0.234, G_A: 0.917, cycle_A: 0.296, D_B: 0.190, G_B: 0.874, cycle_B: 0.408, gp: 0.181

[Rank 0] (epoch: 48, iters: 9664, time: 0.001, data: 0.001) , D_A: 0.190, G_A: 0.922, cycle_A: 0.288, D_B: 0.261, G_B: 0.889, cycle_B: 0.259, gp: 0.250

--- iter tau=0.1068 ---
  cipher in : cdbaibibdei bfbheddbhebhdbddhbehiieibficebicidbibebadbdidadbehii
  decrypted : id hf f defa a aedd ae ad dda eaffef afie fifd f e hd dfdhd eaff
  real plain: id ig c a ie i e a ead c ieed bi a a ai b fee heig ie aid aeed a
  cipher in : dbdceba abadbaibfbebcebehadibebdbedbehbebidbebabebebedbgdbdddhbi
  decrypted : d die hah hd hf a e ie eahdf e d ed ea e fd e h e e ed ed ddda f
  real plain: ih i a fficie cdii f iig he eece f he ebe f iia cia ad ecic ee i
[Rank 0] (epoch: 48, iters: 11264, time: 0.001, data: 0.001) , D_A: 0.330, G_A: 0.853, cycle_A: 0.427, D_B: 0.223, G_B: 0.867, cycle_B: 0.275, gp: 0.211

saving the latest model (epoch 48, total_iters 1040000)
[Rank 0] (epoch: 48, iters: 12864, time: 0.001, data: 0.001) , D_A: 0.266, G_A: 0.881, cycle_A: 0.288, D_B: 0.222, G_B: 0.882, cycle_B: 0.274, gp: 0.207

[Rank 0] (epoch: 48, iters: 14464, time: 0.001, data: 0.001) , D_A: 0.174, G_A: 0.872, cycle_A: 0.280, D_B: 0.231, G_B: 0.938, cycle_B: 0.403, gp: 0.222

[Rank 0] (epoch: 48, iters: 16064, time: 0.001, data: 0.001) , D_A: 0.284, G_A: 0.916, cycle_A: 0.308, D_B: 0.195, G_B: 0.872, cycle_B: 0.275, gp: 0.186

[Rank 0] (epoch: 48, iters: 17664, time: 0.001, data: 0.003) , D_A: 0.237, G_A: 0.943, cycle_A: 0.280, D_B: 0.203, G_B: 0.917, cycle_B: 0.415, gp: 0.192

[Rank 0] (epoch: 48, iters: 19264, time: 0.001, data: 0.001) , D_A: 0.266, G_A: 0.944, cycle_A: 0.307, D_B: 0.223, G_B: 0.945, cycle_B: 0.271, gp: 0.216

[Rank 0] (epoch: 48, iters: 20864, time: 0.001, data: 0.001) , D_A: 0.203, G_A: 0.871, cycle_A: 0.446, D_B: 0.232, G_B: 0.950, cycle_B: 0.278, gp: 0.221

learning rate 0.0000545 -> 0.0000364
temperature tau = 0.1033
End of epoch 48 / 50 	 Time Taken: 19 sec
[Rank 0] (epoch: 49, iters: 576, time: 0.001, data: 0.001) , D_A: 0.258, G_A: 0.862, cycle_A: 0.429, D_B: 0.176, G_B: 0.880, cycle_B: 0.278, gp: 0.164

[Rank 0] (epoch: 49, iters: 2176, time: 0.001, data: 0.000) , D_A: 0.223, G_A: 0.897, cycle_A: 0.440, D_B: 0.256, G_B: 0.932, cycle_B: 0.280, gp: 0.246

[Rank 0] (epoch: 49, iters: 3776, time: 0.001, data: 0.001) , D_A: 0.246, G_A: 0.954, cycle_A: 0.279, D_B: 0.217, G_B: 0.877, cycle_B: 0.409, gp: 0.207

[Rank 0] (epoch: 49, iters: 5376, time: 0.001, data: 0.001) , D_A: 0.237, G_A: 0.941, cycle_A: 0.287, D_B: 0.302, G_B: 0.862, cycle_B: 0.407, gp: 0.284

[Rank 0] (epoch: 49, iters: 6976, time: 0.001, data: 0.001) , D_A: 0.217, G_A: 0.923, cycle_A: 0.301, D_B: 0.394, G_B: 0.862, cycle_B: 0.413, gp: 0.381

[Rank 0] (epoch: 49, iters: 8576, time: 0.001, data: 0.001) , D_A: 0.204, G_A: 0.888, cycle_A: 0.457, D_B: 0.234, G_B: 0.920, cycle_B: 0.275, gp: 0.223

[Rank 0] (epoch: 49, iters: 10176, time: 0.001, data: 0.001) , D_A: 0.149, G_A: 0.907, cycle_A: 0.436, D_B: 0.196, G_B: 0.846, cycle_B: 0.284, gp: 0.181

[Rank 0] (epoch: 49, iters: 11776, time: 0.001, data: 0.001) , D_A: 0.266, G_A: 0.892, cycle_A: 0.287, D_B: 0.191, G_B: 0.912, cycle_B: 0.414, gp: 0.182

[Rank 0] (epoch: 49, iters: 13376, time: 0.001, data: 0.001) , D_A: 0.321, G_A: 0.941, cycle_A: 0.276, D_B: 0.246, G_B: 0.882, cycle_B: 0.283, gp: 0.233

[Rank 0] (epoch: 49, iters: 14976, time: 0.001, data: 0.001) , D_A: 0.201, G_A: 0.929, cycle_A: 0.289, D_B: 0.202, G_B: 0.892, cycle_B: 0.281, gp: 0.193

[Rank 0] (epoch: 49, iters: 16576, time: 0.001, data: 0.001) , D_A: 0.244, G_A: 0.920, cycle_A: 0.287, D_B: 0.225, G_B: 0.940, cycle_B: 0.406, gp: 0.217

[Rank 0] (epoch: 49, iters: 18176, time: 0.001, data: 0.001) , D_A: 0.188, G_A: 0.936, cycle_A: 0.274, D_B: 0.243, G_B: 0.882, cycle_B: 0.400, gp: 0.231

[Rank 0] (epoch: 49, iters: 19776, time: 0.001, data: 0.001) , D_A: 0.240, G_A: 0.950, cycle_A: 0.279, D_B: 0.225, G_B: 0.944, cycle_B: 0.407, gp: 0.218

[Rank 0] (epoch: 49, iters: 21376, time: 0.001, data: 0.001) , D_A: 0.252, G_A: 0.916, cycle_A: 0.290, D_B: 0.116, G_B: 0.917, cycle_B: 0.277, gp: 0.107

learning rate 0.0000364 -> 0.0000182
temperature tau = 0.1000
End of epoch 49 / 50 	 Time Taken: 18 sec
[Rank 0] (epoch: 50, iters: 1088, time: 0.001, data: 0.001) , D_A: 0.290, G_A: 0.925, cycle_A: 0.303, D_B: 0.195, G_B: 0.899, cycle_B: 0.397, gp: 0.187

[Rank 0] (epoch: 50, iters: 2688, time: 0.001, data: 0.001) , D_A: 0.189, G_A: 0.920, cycle_A: 0.267, D_B: 0.175, G_B: 0.840, cycle_B: 0.411, gp: 0.160

[Rank 0] (epoch: 50, iters: 4288, time: 0.001, data: 0.001) , D_A: 0.218, G_A: 0.877, cycle_A: 0.449, D_B: 0.256, G_B: 0.874, cycle_B: 0.279, gp: 0.244

[Rank 0] (epoch: 50, iters: 5888, time: 0.001, data: 0.001) , D_A: 0.242, G_A: 0.901, cycle_A: 0.283, D_B: 0.303, G_B: 0.887, cycle_B: 0.404, gp: 0.291

--- iter tau=0.1000 ---
  cipher in : cdhbdfecdbaicabebebfdabehbidhbebdbai adbadbi abebebcdbfbadbedbeh
  decrypted : ida daeid hfih e e adh ea fda e d hfahd hd fah e e id a hd ed ea
  real plain: d ie f ae g b ade g he fgh ie a fied f he hee ad eed ed f he abi
  cipher in : cbaebcabebdbebhbgdbebibhbiibadbe dhbaebadbdigiibfbadbidhbedbibhb
  decrypted : i he ih e d e a ed e f a ff hd eada he hd dfeff a hd fda ed f a 
  real plain: i he cgegai ad he ge ece e e he bie ad cad afe ihe a he bech ee 
[Rank 0] (epoch: 50, iters: 7488, time: 0.001, data: 0.001) , D_A: 0.211, G_A: 0.837, cycle_A: 0.449, D_B: 0.192, G_B: 0.872, cycle_B: 0.277, gp: 0.180

saving the latest model (epoch 50, total_iters 1080000)
[Rank 0] (epoch: 50, iters: 9088, time: 0.001, data: 0.001) , D_A: 0.253, G_A: 0.837, cycle_A: 0.444, D_B: 0.276, G_B: 0.899, cycle_B: 0.274, gp: 0.267

[Rank 0] (epoch: 50, iters: 10688, time: 0.001, data: 0.001) , D_A: 0.144, G_A: 0.913, cycle_A: 0.281, D_B: 0.235, G_B: 0.904, cycle_B: 0.266, gp: 0.224

[Rank 0] (epoch: 50, iters: 12288, time: 0.001, data: 0.001) , D_A: 0.162, G_A: 0.757, cycle_A: 0.447, D_B: 0.246, G_B: 0.870, cycle_B: 0.263, gp: 0.232

[Rank 0] (epoch: 50, iters: 13888, time: 0.001, data: 0.001) , D_A: 0.180, G_A: 0.825, cycle_A: 0.440, D_B: 0.210, G_B: 0.947, cycle_B: 0.273, gp: 0.202

[Rank 0] (epoch: 50, iters: 15488, time: 0.001, data: 0.001) , D_A: 0.305, G_A: 0.945, cycle_A: 0.287, D_B: 0.241, G_B: 0.873, cycle_B: 0.404, gp: 0.233

[Rank 0] (epoch: 50, iters: 17088, time: 0.001, data: 0.001) , D_A: 0.235, G_A: 0.912, cycle_A: 0.436, D_B: 0.222, G_B: 0.833, cycle_B: 0.283, gp: 0.202

[Rank 0] (epoch: 50, iters: 18688, time: 0.001, data: 0.001) , D_A: 0.123, G_A: 0.782, cycle_A: 0.450, D_B: 0.189, G_B: 0.813, cycle_B: 0.275, gp: 0.169

[Rank 0] (epoch: 50, iters: 20288, time: 0.001, data: 0.001) , D_A: 0.240, G_A: 0.886, cycle_A: 0.451, D_B: 0.179, G_B: 0.856, cycle_B: 0.396, gp: 0.169

[Rank 0] (epoch: 50, iters: 21888, time: 0.001, data: 0.001) , D_A: 0.229, G_A: 0.828, cycle_A: 0.448, D_B: 0.244, G_B: 0.866, cycle_B: 0.284, gp: 0.227

learning rate 0.0000182 -> 0.0000000
temperature tau = 0.1000
saving the model at the end of epoch 50, iters 1094400
End of epoch 50 / 50 	 Time Taken: 17 sec
----------------- Options ---------------
             aspect_ratio: 1.0                           
               batch_size: 64                            
          checkpoints_dir: ./checkpoints                 
                crop_size: 256                           
                 dataroot: .                             	[default: None]
             dataset_mode: cipher                        
                direction: AtoB                          
               display_id: 0                             
          display_winsize: 256                           
                embed_dim: 256                           	[default: 64]
                    epoch: latest                        
                     eval: False                         
                 gan_mode: lsgan                         
                   gumbel: False                         
                init_gain: 0.02                          
                init_type: normal                        
                 input_nc: 3                             
                  isTrain: False                         	[default: None]
                     kw_D: 15                            	[default: 4]
                 lambda_A: 10.0                          
                 lambda_B: 10.0                          
                lambda_gp: 10.0                          
          lambda_identity: 0.0                           
                load_iter: 0                             	[default: 0]
                load_size: 256                           
                       lr: 0.0002                        
         matched_softness: True                          	[default: False]
         max_dataset_size: inf                           
                    model: cipher_cycle_gan              	[default: test]
               n_blocks_G: 5                             	[default: 4]
                 n_critic: 1                             
               n_layers_D: 5                             	[default: 3]
                     name: a10_s5_gp1                    	[default: experiment_name]
                      ndf: 32                            	[default: 128]
                     netD: seq                           
                     netG: seq                           
                      ngf: 128                           
               no_dropout: True                          
                  no_flip: True                          
                     norm: layer                         	[default: instance]
                 npz_path: data/a10/dataset.npz          	[default: None]
                 num_test: 50                            
              num_threads: 4                             
                output_nc: 3                             
                pair_seed: 0                             
                    phase: test                          
              pointwise_G: True                          	[default: False]
               preprocess: none                          
         real_logit_scale: 5.0                           
              results_dir: ./results/                    
           serial_batches: False                         
         straight_through: True                          	[default: False]
                   suffix:                               
                  tau_end: 0.1                           
                tau_start: 1.0                           
                   use_gp: False                         
                use_wandb: False                         
                  verbose: False                         
               vocab_size: -1                            
       wandb_project_name: CycleGAN-and-pix2pix          
----------------- End -------------------
[cipher] eval: A(cipher)=(4863, 64) B(plain)=(4863, 64) vocab=11 cipher=substitution paired=True
dataset [CipherDataset] was created
Initialized with device cuda:0
initialize network with normal
Initialized with device cuda:0
initialize network with normal
model [CipherCycleGANModel] was created
Initialized with device cuda:0
initialize network with normal
loading the model from checkpoints/a10_s5_gp1/latest_net_G_A.pth
Initialized with device cuda:0
initialize network with normal
loading the model from checkpoints/a10_s5_gp1/latest_net_G_B.pth
---------- Networks initialized -------------
[Network G_A] Total number of parameters : 0.205 M
[Network G_B] Total number of parameters : 0.205 M
-----------------------------------------------

==============================================================
cipher              substitution (key=perm-seed0)
samples             4863 x 64
character accuracy  0.3783   (chance ~0.1000)
character error     0.6217
key recovery        0.2000   (coverage 1.000)
==============================================================
cipher in : ebddi baedbedbaiebhdbebedhbedbabibebidbaebeb ibebaebebebedbgdebh
decrypted : e ddfa hed ed hfe ad e eda ed h f e fd he e af e he e e ed ede a
truth     : a eeig hae ae hia de a aed ae h i a ie ha a gi a ha a a ae bea d

wrote ./checkpoints/a10_s5_gp1/eval_metrics.json
wrote ./checkpoints/a10_s5_gp1/curves_a10_s5_gp1.png

loss             first      last       min       max
D_A              0.904     0.229     0.098     0.904
G_A              0.132     0.828     0.088     1.418
cycle_A          0.594     0.448     0.120     1.628
D_B              0.784     0.244     0.101     0.784
G_B              0.303     0.866     0.116     2.596
cycle_B          0.393     0.284     0.082     1.094
gp               0.489     0.227     0.084     0.489

D_A over the final window: 0.223
  -> at LSGAN equilibrium: the two networks are balanced.
