=== task 0 : dataset=a10 seed=6 ===
NVIDIA A100-SXM4-80GB
----------------- Options ---------------
               batch_size: 64                            
                    beta1: 0.0                           	[default: 0.5]
          checkpoints_dir: ./checkpoints                 
           continue_train: False                         
                crop_size: 256                           
               cycle_loss: ce                            
                 dataroot: .                             	[default: None]
             dataset_mode: cipher                        
                direction: AtoB                          
             display_freq: 20000                         	[default: 400]
               display_id: 0                             
          display_winsize: 256                           
                embed_dim: 256                           	[default: 64]
                    epoch: latest                        
              epoch_count: 1                             
                 gan_mode: lsgan                         
                   gumbel: False                         
                init_gain: 0.02                          
                init_type: normal                        
                 input_nc: 3                             
                  isTrain: True                          	[default: None]
                     kw_D: 15                            	[default: 4]
                 lambda_A: 1.0                           	[default: 10.0]
                 lambda_B: 1.0                           	[default: 10.0]
                lambda_gp: 1.0                           	[default: 10.0]
          lambda_identity: 0.0                           
                load_iter: 0                             	[default: 0]
                load_size: 286                           
                       lr: 0.0002                        
           lr_decay_iters: 50                            
                lr_policy: linear                        
         matched_softness: True                          	[default: False]
         max_dataset_size: inf                           
                    model: cipher_cycle_gan              	[default: cycle_gan]
               n_blocks_G: 5                             	[default: 4]
                 n_critic: 1                             
                 n_epochs: 40                            	[default: 100]
           n_epochs_decay: 10                            	[default: 100]
               n_layers_D: 5                             	[default: 3]
                     name: a10_s6_gp1                    	[default: experiment_name]
                      ndf: 32                            	[default: 128]
                     netD: seq                           
                     netG: seq                           
                      ngf: 128                           
               no_dropout: True                          
                  no_flip: True                          
                  no_html: False                         
                     norm: layer                         	[default: instance]
                 npz_path: data/a10/dataset.npz          	[default: None]
              num_threads: 8                             	[default: 4]
                output_nc: 3                             
                pair_seed: 6                             	[default: 0]
                    phase: train                         
              pointwise_G: True                          	[default: False]
                pool_size: 50                            
               preprocess: none                          
               print_freq: 100                           
         real_logit_scale: 5.0                           
             save_by_iter: False                         
          save_epoch_freq: 50                            	[default: 5]
         save_latest_freq: 5000                          
           serial_batches: False                         
         straight_through: True                          	[default: False]
                   suffix:                               
                  tau_end: 0.1                           
                tau_start: 0.5                           	[default: 1.0]
         update_html_freq: 1000                          
                   use_gp: True                          	[default: False]
                use_wandb: False                         
                  verbose: False                         
               vocab_size: -1                            
       wandb_project_name: CycleGAN-and-pix2pix          
----------------- End -------------------
Initialized with device cuda:0
[cipher] train: A(cipher)=(21883, 64) B(plain)=(21883, 64) vocab=11 cipher=substitution paired=False
dataset [CipherDataset] was created
The number of training images = 21883
Initialized with device cuda:0
initialize network with normal
Initialized with device cuda:0
initialize network with normal
Initialized with device cuda:0
initialize network with normal
Initialized with device cuda:0
initialize network with normal
model [CipherCycleGANModel] was created
Initialized with device cuda:0
initialize network with normal
Initialized with device cuda:0
initialize network with normal
Initialized with device cuda:0
initialize network with normal
Initialized with device cuda:0
initialize network with normal
---------- Networks initialized -------------
[Network G_A] Total number of parameters : 0.205 M
[Network G_B] Total number of parameters : 0.205 M
[Network D_A] Total number of parameters : 0.473 M
[Network D_B] Total number of parameters : 0.473 M
-----------------------------------------------
create web directory checkpoints/a10_s6_gp1/web...
[Rank 0] (epoch: 1, iters: 1600, time: 0.001, data: 0.073) , D_A: 0.932, G_A: 0.382, cycle_A: 0.519, D_B: 0.688, G_B: 0.695, cycle_B: 0.786, gp: 0.480

[Rank 0] (epoch: 1, iters: 3200, time: 0.001, data: 0.001) , D_A: 0.667, G_A: 0.755, cycle_A: 0.186, D_B: 0.606, G_B: 0.319, cycle_B: 0.237, gp: 0.406

[Rank 0] (epoch: 1, iters: 4800, time: 0.001, data: 0.001) , D_A: 0.640, G_A: 0.363, cycle_A: 0.169, D_B: 0.710, G_B: 1.082, cycle_B: 0.172, gp: 0.425

[Rank 0] (epoch: 1, iters: 6400, time: 0.001, data: 0.001) , D_A: 0.536, G_A: 1.039, cycle_A: 0.179, D_B: 0.695, G_B: 0.291, cycle_B: 0.144, gp: 0.403

[Rank 0] (epoch: 1, iters: 8000, time: 0.001, data: 0.001) , D_A: 0.462, G_A: 0.284, cycle_A: 0.159, D_B: 0.515, G_B: 0.776, cycle_B: 0.195, gp: 0.403

[Rank 0] (epoch: 1, iters: 9600, time: 0.001, data: 0.001) , D_A: 0.280, G_A: 0.970, cycle_A: 0.086, D_B: 0.539, G_B: 0.900, cycle_B: 0.100, gp: 0.421

[Rank 0] (epoch: 1, iters: 11200, time: 0.001, data: 0.001) , D_A: 0.399, G_A: 0.636, cycle_A: 0.060, D_B: 0.733, G_B: 0.880, cycle_B: 0.104, gp: 0.598

[Rank 0] (epoch: 1, iters: 12800, time: 0.001, data: 0.001) , D_A: 0.397, G_A: 0.866, cycle_A: 0.068, D_B: 0.410, G_B: 0.530, cycle_B: 0.092, gp: 0.330

[Rank 0] (epoch: 1, iters: 14400, time: 0.001, data: 0.001) , D_A: 0.466, G_A: 0.428, cycle_A: 0.066, D_B: 0.721, G_B: 0.661, cycle_B: 0.103, gp: 0.635

[Rank 0] (epoch: 1, iters: 16000, time: 0.001, data: 0.001) , D_A: 0.353, G_A: 1.200, cycle_A: 0.051, D_B: 0.575, G_B: 0.521, cycle_B: 0.104, gp: 0.372

[Rank 0] (epoch: 1, iters: 17600, time: 0.001, data: 0.001) , D_A: 0.416, G_A: 0.999, cycle_A: 0.049, D_B: 0.435, G_B: 1.077, cycle_B: 0.105, gp: 0.349

[Rank 0] (epoch: 1, iters: 19200, time: 0.001, data: 0.001) , D_A: 0.347, G_A: 1.118, cycle_A: 0.095, D_B: 0.466, G_B: 1.449, cycle_B: 0.099, gp: 0.351

[Rank 0] (epoch: 1, iters: 20800, time: 0.001, data: 0.001) , D_A: 0.329, G_A: 0.767, cycle_A: 0.040, D_B: 0.377, G_B: 0.864, cycle_B: 0.094, gp: 0.323

learning rate 0.0002000 -> 0.0002000
temperature tau = 0.4838
End of epoch 1 / 50 	 Time Taken: 19 sec
[Rank 0] (epoch: 2, iters: 512, time: 0.001, data: 0.002) , D_A: 0.379, G_A: 1.163, cycle_A: 0.067, D_B: 0.443, G_B: 0.618, cycle_B: 0.095, gp: 0.358

[Rank 0] (epoch: 2, iters: 2112, time: 0.001, data: 0.000) , D_A: 0.322, G_A: 0.896, cycle_A: 0.080, D_B: 0.373, G_B: 0.655, cycle_B: 0.093, gp: 0.290

[Rank 0] (epoch: 2, iters: 3712, time: 0.001, data: 0.001) , D_A: 0.317, G_A: 1.125, cycle_A: 0.052, D_B: 0.352, G_B: 0.761, cycle_B: 0.094, gp: 0.295

[Rank 0] (epoch: 2, iters: 5312, time: 0.001, data: 0.002) , D_A: 0.276, G_A: 1.053, cycle_A: 0.049, D_B: 0.652, G_B: 0.664, cycle_B: 0.096, gp: 0.439

[Rank 0] (epoch: 2, iters: 6912, time: 0.001, data: 0.001) , D_A: 0.427, G_A: 1.073, cycle_A: 0.050, D_B: 0.450, G_B: 0.616, cycle_B: 0.093, gp: 0.376

[Rank 0] (epoch: 2, iters: 8512, time: 0.001, data: 0.002) , D_A: 0.417, G_A: 0.449, cycle_A: 0.049, D_B: 0.350, G_B: 0.568, cycle_B: 0.098, gp: 0.254

[Rank 0] (epoch: 2, iters: 10112, time: 0.001, data: 0.001) , D_A: 0.293, G_A: 0.762, cycle_A: 0.047, D_B: 0.368, G_B: 0.551, cycle_B: 0.092, gp: 0.324

[Rank 0] (epoch: 2, iters: 11712, time: 0.001, data: 0.001) , D_A: 0.421, G_A: 1.087, cycle_A: 0.052, D_B: 0.384, G_B: 0.798, cycle_B: 0.095, gp: 0.351

[Rank 0] (epoch: 2, iters: 13312, time: 0.001, data: 0.001) , D_A: 0.312, G_A: 0.513, cycle_A: 0.063, D_B: 0.484, G_B: 0.525, cycle_B: 0.103, gp: 0.300

[Rank 0] (epoch: 2, iters: 14912, time: 0.001, data: 0.001) , D_A: 0.328, G_A: 1.169, cycle_A: 0.052, D_B: 0.520, G_B: 1.241, cycle_B: 0.096, gp: 0.427

[Rank 0] (epoch: 2, iters: 16512, time: 0.001, data: 0.001) , D_A: 0.343, G_A: 1.009, cycle_A: 0.050, D_B: 0.500, G_B: 0.529, cycle_B: 0.088, gp: 0.440

--- iter tau=0.4838 ---
  cipher in : idcbibadbcbeidbaddebeeibfbadbcbfbebddcicbiibgidbibhdbiifbadbdiib
  decrypted : aei a de i cae deec cca b de i b c eeiai aa iae a fe aab de eaa 
  real plain:  e if he a he hea he ia ae cei b a i a bie bae i idiaa befe ig a
  cipher in : hbddghbi beicebidcdbddghbihicei badbi ibaebaibibebfe baebibibibc
  decrypted : f eeif ag caic aeie eeif afaicag de aga dc da a c bcg dc a a a i
  real plain: a a g he hd be faabe a cce f gada geaic ifiai ahgh he eciai ae f
[Rank 0] (epoch: 2, iters: 18112, time: 0.001, data: 0.001) , D_A: 0.303, G_A: 0.985, cycle_A: 0.044, D_B: 0.376, G_B: 0.934, cycle_B: 0.093, gp: 0.307

saving the latest model (epoch 2, total_iters 40000)
[Rank 0] (epoch: 2, iters: 19712, time: 0.001, data: 0.001) , D_A: 0.416, G_A: 1.073, cycle_A: 0.069, D_B: 0.337, G_B: 0.846, cycle_B: 0.099, gp: 0.271

[Rank 0] (epoch: 2, iters: 21312, time: 0.001, data: 0.001) , D_A: 0.297, G_A: 0.993, cycle_A: 0.059, D_B: 0.576, G_B: 0.940, cycle_B: 0.095, gp: 0.534

learning rate 0.0002000 -> 0.0002000
temperature tau = 0.4682
End of epoch 2 / 50 	 Time Taken: 21 sec
[Rank 0] (epoch: 3, iters: 1024, time: 0.001, data: 0.001) , D_A: 0.231, G_A: 0.930, cycle_A: 0.053, D_B: 0.443, G_B: 0.813, cycle_B: 0.095, gp: 0.369

[Rank 0] (epoch: 3, iters: 2624, time: 0.001, data: 0.000) , D_A: 0.269, G_A: 0.606, cycle_A: 0.050, D_B: 0.298, G_B: 0.976, cycle_B: 0.092, gp: 0.246

[Rank 0] (epoch: 3, iters: 4224, time: 0.001, data: 0.001) , D_A: 0.252, G_A: 1.129, cycle_A: 0.050, D_B: 0.443, G_B: 1.209, cycle_B: 0.092, gp: 0.378

[Rank 0] (epoch: 3, iters: 5824, time: 0.001, data: 0.001) , D_A: 0.194, G_A: 1.112, cycle_A: 0.081, D_B: 0.550, G_B: 0.700, cycle_B: 0.090, gp: 0.492

[Rank 0] (epoch: 3, iters: 7424, time: 0.001, data: 0.001) , D_A: 0.278, G_A: 0.974, cycle_A: 0.059, D_B: 0.435, G_B: 0.883, cycle_B: 0.097, gp: 0.404

[Rank 0] (epoch: 3, iters: 9024, time: 0.001, data: 0.001) , D_A: 0.240, G_A: 0.902, cycle_A: 0.045, D_B: 0.617, G_B: 1.501, cycle_B: 0.093, gp: 0.517

[Rank 0] (epoch: 3, iters: 10624, time: 0.001, data: 0.001) , D_A: 0.262, G_A: 1.051, cycle_A: 0.048, D_B: 0.487, G_B: 1.115, cycle_B: 0.090, gp: 0.440

[Rank 0] (epoch: 3, iters: 12224, time: 0.001, data: 0.001) , D_A: 0.321, G_A: 0.790, cycle_A: 0.046, D_B: 0.361, G_B: 0.803, cycle_B: 0.092, gp: 0.317

[Rank 0] (epoch: 3, iters: 13824, time: 0.001, data: 0.001) , D_A: 0.237, G_A: 0.990, cycle_A: 0.048, D_B: 0.399, G_B: 0.558, cycle_B: 0.097, gp: 0.336

[Rank 0] (epoch: 3, iters: 15424, time: 0.001, data: 0.001) , D_A: 0.339, G_A: 0.633, cycle_A: 0.051, D_B: 0.469, G_B: 1.393, cycle_B: 0.087, gp: 0.376

[Rank 0] (epoch: 3, iters: 17024, time: 0.001, data: 0.001) , D_A: 0.291, G_A: 1.205, cycle_A: 0.051, D_B: 0.389, G_B: 0.888, cycle_B: 0.100, gp: 0.347

[Rank 0] (epoch: 3, iters: 18624, time: 0.001, data: 0.001) , D_A: 0.306, G_A: 0.861, cycle_A: 0.049, D_B: 0.395, G_B: 1.000, cycle_B: 0.094, gp: 0.368

[Rank 0] (epoch: 3, iters: 20224, time: 0.001, data: 0.001) , D_A: 0.320, G_A: 1.005, cycle_A: 0.045, D_B: 0.380, G_B: 0.643, cycle_B: 0.089, gp: 0.338

[Rank 0] (epoch: 3, iters: 21824, time: 0.001, data: 0.002) , D_A: 0.233, G_A: 0.892, cycle_A: 0.053, D_B: 0.473, G_B: 0.583, cycle_B: 0.088, gp: 0.360

learning rate 0.0002000 -> 0.0002000
temperature tau = 0.4531
End of epoch 3 / 50 	 Time Taken: 20 sec
[Rank 0] (epoch: 4, iters: 1536, time: 0.001, data: 0.001) , D_A: 0.233, G_A: 0.870, cycle_A: 0.055, D_B: 0.406, G_B: 0.989, cycle_B: 0.090, gp: 0.342

[Rank 0] (epoch: 4, iters: 3136, time: 0.001, data: 0.001) , D_A: 0.276, G_A: 0.711, cycle_A: 0.047, D_B: 0.339, G_B: 0.889, cycle_B: 0.093, gp: 0.289

[Rank 0] (epoch: 4, iters: 4736, time: 0.001, data: 0.001) , D_A: 0.327, G_A: 0.918, cycle_A: 0.049, D_B: 0.438, G_B: 1.181, cycle_B: 0.090, gp: 0.343

[Rank 0] (epoch: 4, iters: 6336, time: 0.001, data: 0.001) , D_A: 0.327, G_A: 1.140, cycle_A: 0.049, D_B: 0.325, G_B: 0.769, cycle_B: 0.090, gp: 0.295

[Rank 0] (epoch: 4, iters: 7936, time: 0.001, data: 0.001) , D_A: 0.234, G_A: 0.981, cycle_A: 0.051, D_B: 0.374, G_B: 0.858, cycle_B: 0.090, gp: 0.339

[Rank 0] (epoch: 4, iters: 9536, time: 0.001, data: 0.001) , D_A: 0.261, G_A: 1.038, cycle_A: 0.065, D_B: 0.381, G_B: 0.757, cycle_B: 0.091, gp: 0.332

[Rank 0] (epoch: 4, iters: 11136, time: 0.001, data: 0.001) , D_A: 0.208, G_A: 1.031, cycle_A: 0.047, D_B: 0.279, G_B: 0.790, cycle_B: 0.086, gp: 0.239

[Rank 0] (epoch: 4, iters: 12736, time: 0.001, data: 0.001) , D_A: 0.305, G_A: 0.841, cycle_A: 0.052, D_B: 0.813, G_B: 0.414, cycle_B: 0.092, gp: 0.614

--- iter tau=0.4531 ---
  cipher in : dhbibgabhidcbehbihidcbdahbddbdedhbibdbfbddebebadbddbedhba abhdca
  decrypted : ef a id faei cf afaei edf ee ecef a e b eec c de ee cef dgd feid
  real plain:  ag a ai f beig hich eed f be ae he iacae a hee had e eeed beee 
  cipher in : eai bddbebibeihbib dbibfihbd abdb bghbcaddbidbibaedb baddbadbfdb
  decrypted : cdag ee c a caf a ge a baf egd e g if idee ae a dce g dee de be 
  real plain: e b a he ae ie h deadabe h cd he ich f h ife a ade ie ee dead he
[Rank 0] (epoch: 4, iters: 14336, time: 0.001, data: 0.001) , D_A: 0.217, G_A: 1.001, cycle_A: 0.043, D_B: 0.314, G_B: 0.693, cycle_B: 0.093, gp: 0.262

saving the latest model (epoch 4, total_iters 80000)
[Rank 0] (epoch: 4, iters: 15936, time: 0.001, data: 0.001) , D_A: 0.246, G_A: 0.998, cycle_A: 0.047, D_B: 0.394, G_B: 1.071, cycle_B: 0.093, gp: 0.352

[Rank 0] (epoch: 4, iters: 17536, time: 0.001, data: 0.001) , D_A: 0.518, G_A: 1.385, cycle_A: 0.039, D_B: 0.487, G_B: 0.429, cycle_B: 0.096, gp: 0.341

[Rank 0] (epoch: 4, iters: 19136, time: 0.001, data: 0.001) , D_A: 0.231, G_A: 0.957, cycle_A: 0.060, D_B: 0.323, G_B: 0.839, cycle_B: 0.093, gp: 0.279

[Rank 0] (epoch: 4, iters: 20736, time: 0.001, data: 0.001) , D_A: 0.246, G_A: 0.980, cycle_A: 0.062, D_B: 0.673, G_B: 0.740, cycle_B: 0.090, gp: 0.604

learning rate 0.0002000 -> 0.0002000
temperature tau = 0.4384
End of epoch 4 / 50 	 Time Taken: 19 sec
[Rank 0] (epoch: 5, iters: 448, time: 0.001, data: 0.001) , D_A: 0.189, G_A: 1.097, cycle_A: 0.052, D_B: 0.396, G_B: 0.931, cycle_B: 0.092, gp: 0.365

[Rank 0] (epoch: 5, iters: 2048, time: 0.001, data: 0.000) , D_A: 0.211, G_A: 0.876, cycle_A: 0.046, D_B: 0.401, G_B: 1.073, cycle_B: 0.094, gp: 0.327

[Rank 0] (epoch: 5, iters: 3648, time: 0.001, data: 0.001) , D_A: 0.270, G_A: 0.979, cycle_A: 0.046, D_B: 0.235, G_B: 0.995, cycle_B: 0.094, gp: 0.198

[Rank 0] (epoch: 5, iters: 5248, time: 0.001, data: 0.001) , D_A: 0.270, G_A: 0.910, cycle_A: 0.051, D_B: 0.365, G_B: 0.902, cycle_B: 0.090, gp: 0.337

[Rank 0] (epoch: 5, iters: 6848, time: 0.001, data: 0.001) , D_A: 0.313, G_A: 0.925, cycle_A: 0.071, D_B: 0.398, G_B: 1.148, cycle_B: 0.089, gp: 0.292

[Rank 0] (epoch: 5, iters: 8448, time: 0.001, data: 0.001) , D_A: 0.277, G_A: 0.878, cycle_A: 0.054, D_B: 0.320, G_B: 0.720, cycle_B: 0.089, gp: 0.261

[Rank 0] (epoch: 5, iters: 10048, time: 0.001, data: 0.001) , D_A: 0.224, G_A: 0.861, cycle_A: 0.047, D_B: 0.615, G_B: 0.344, cycle_B: 0.087, gp: 0.408

[Rank 0] (epoch: 5, iters: 11648, time: 0.001, data: 0.001) , D_A: 0.160, G_A: 0.999, cycle_A: 0.046, D_B: 0.423, G_B: 0.730, cycle_B: 0.094, gp: 0.370

[Rank 0] (epoch: 5, iters: 13248, time: 0.001, data: 0.001) , D_A: 0.330, G_A: 1.269, cycle_A: 0.045, D_B: 0.281, G_B: 0.765, cycle_B: 0.098, gp: 0.239

[Rank 0] (epoch: 5, iters: 14848, time: 0.001, data: 0.001) , D_A: 0.198, G_A: 1.050, cycle_A: 0.044, D_B: 0.293, G_B: 1.076, cycle_B: 0.093, gp: 0.247

[Rank 0] (epoch: 5, iters: 16448, time: 0.001, data: 0.001) , D_A: 0.249, G_A: 0.963, cycle_A: 0.046, D_B: 0.459, G_B: 1.134, cycle_B: 0.084, gp: 0.414

[Rank 0] (epoch: 5, iters: 18048, time: 0.001, data: 0.001) , D_A: 0.270, G_A: 1.012, cycle_A: 0.045, D_B: 0.369, G_B: 0.831, cycle_B: 0.091, gp: 0.346

[Rank 0] (epoch: 5, iters: 19648, time: 0.001, data: 0.001) , D_A: 0.208, G_A: 1.001, cycle_A: 0.062, D_B: 0.421, G_B: 0.930, cycle_B: 0.092, gp: 0.368

[Rank 0] (epoch: 5, iters: 21248, time: 0.001, data: 0.001) , D_A: 0.201, G_A: 0.974, cycle_A: 0.050, D_B: 0.346, G_B: 0.820, cycle_B: 0.095, gp: 0.307

learning rate 0.0002000 -> 0.0002000
temperature tau = 0.4243
End of epoch 5 / 50 	 Time Taken: 19 sec
[Rank 0] (epoch: 6, iters: 960, time: 0.001, data: 0.001) , D_A: 0.292, G_A: 0.958, cycle_A: 0.048, D_B: 0.332, G_B: 0.896, cycle_B: 0.094, gp: 0.293

[Rank 0] (epoch: 6, iters: 2560, time: 0.001, data: 0.001) , D_A: 0.416, G_A: 0.728, cycle_A: 0.044, D_B: 0.339, G_B: 0.999, cycle_B: 0.091, gp: 0.304

[Rank 0] (epoch: 6, iters: 4160, time: 0.001, data: 0.001) , D_A: 0.233, G_A: 0.943, cycle_A: 0.047, D_B: 0.287, G_B: 0.756, cycle_B: 0.091, gp: 0.252

[Rank 0] (epoch: 6, iters: 5760, time: 0.001, data: 0.001) , D_A: 0.309, G_A: 0.983, cycle_A: 0.046, D_B: 0.374, G_B: 0.735, cycle_B: 0.089, gp: 0.335

[Rank 0] (epoch: 6, iters: 7360, time: 0.001, data: 0.001) , D_A: 0.329, G_A: 0.894, cycle_A: 0.077, D_B: 0.309, G_B: 0.970, cycle_B: 0.091, gp: 0.269

[Rank 0] (epoch: 6, iters: 8960, time: 0.001, data: 0.001) , D_A: 0.245, G_A: 1.023, cycle_A: 0.060, D_B: 0.348, G_B: 0.812, cycle_B: 0.091, gp: 0.294

--- iter tau=0.4243 ---
  cipher in : bdiadbcaiebiebebddcbebcabebdehdbd adbebiicebehbdegiabaebdbibegba
  decrypted :  eade idah ah h eei h id h ehfe egde h aaih hf ehiad dh e a hi d
  real plain:  aache e e dace ae hei f f he eeiece f ceai accdig aheie i he be
  cipher in : dbadbihbfbadibi bebchbehbihbadbadbddbeaddhbehbadibedbdedhbidbiff
  decrypted : e de af b dea ag h if hf af de de ee hdeef hf dea he ehef ae abb
  real plain: ed diec ad aiaic eee i he c eeiece f a e i he cea ce hi i ecie h
[Rank 0] (epoch: 6, iters: 10560, time: 0.001, data: 0.001) , D_A: 0.319, G_A: 0.785, cycle_A: 0.055, D_B: 0.351, G_B: 0.843, cycle_B: 0.089, gp: 0.326

saving the latest model (epoch 6, total_iters 120000)
[Rank 0] (epoch: 6, iters: 12160, time: 0.001, data: 0.001) , D_A: 0.333, G_A: 0.975, cycle_A: 0.048, D_B: 0.254, G_B: 0.789, cycle_B: 0.090, gp: 0.211

[Rank 0] (epoch: 6, iters: 13760, time: 0.001, data: 0.002) , D_A: 0.282, G_A: 1.172, cycle_A: 0.046, D_B: 0.299, G_B: 0.916, cycle_B: 0.091, gp: 0.270

[Rank 0] (epoch: 6, iters: 15360, time: 0.001, data: 0.001) , D_A: 0.276, G_A: 0.986, cycle_A: 0.049, D_B: 0.361, G_B: 1.229, cycle_B: 0.096, gp: 0.325

[Rank 0] (epoch: 6, iters: 16960, time: 0.001, data: 0.001) , D_A: 0.264, G_A: 1.000, cycle_A: 0.049, D_B: 0.332, G_B: 0.914, cycle_B: 0.098, gp: 0.298

[Rank 0] (epoch: 6, iters: 18560, time: 0.001, data: 0.001) , D_A: 0.311, G_A: 0.884, cycle_A: 0.073, D_B: 0.531, G_B: 1.128, cycle_B: 0.090, gp: 0.462

[Rank 0] (epoch: 6, iters: 20160, time: 0.001, data: 0.002) , D_A: 0.262, G_A: 0.891, cycle_A: 0.055, D_B: 0.360, G_B: 0.807, cycle_B: 0.087, gp: 0.319

[Rank 0] (epoch: 6, iters: 21760, time: 0.001, data: 0.001) , D_A: 0.305, G_A: 1.025, cycle_A: 0.044, D_B: 0.294, G_B: 0.952, cycle_B: 0.085, gp: 0.269

learning rate 0.0002000 -> 0.0002000
temperature tau = 0.4106
End of epoch 6 / 50 	 Time Taken: 20 sec
[Rank 0] (epoch: 7, iters: 1472, time: 0.001, data: 0.001) , D_A: 0.289, G_A: 1.058, cycle_A: 0.046, D_B: 0.320, G_B: 1.034, cycle_B: 0.086, gp: 0.305

[Rank 0] (epoch: 7, iters: 3072, time: 0.001, data: 0.001) , D_A: 0.252, G_A: 1.080, cycle_A: 0.044, D_B: 0.312, G_B: 0.755, cycle_B: 0.086, gp: 0.268

[Rank 0] (epoch: 7, iters: 4672, time: 0.001, data: 0.001) , D_A: 0.283, G_A: 0.992, cycle_A: 0.053, D_B: 0.305, G_B: 0.852, cycle_B: 0.089, gp: 0.280

[Rank 0] (epoch: 7, iters: 6272, time: 0.001, data: 0.001) , D_A: 0.239, G_A: 0.958, cycle_A: 0.072, D_B: 0.343, G_B: 0.751, cycle_B: 0.089, gp: 0.284

[Rank 0] (epoch: 7, iters: 7872, time: 0.001, data: 0.001) , D_A: 0.257, G_A: 0.975, cycle_A: 0.047, D_B: 0.309, G_B: 0.954, cycle_B: 0.086, gp: 0.281

[Rank 0] (epoch: 7, iters: 9472, time: 0.001, data: 0.001) , D_A: 0.225, G_A: 1.036, cycle_A: 0.046, D_B: 0.289, G_B: 1.014, cycle_B: 0.088, gp: 0.273

[Rank 0] (epoch: 7, iters: 11072, time: 0.001, data: 0.001) , D_A: 0.326, G_A: 0.924, cycle_A: 0.046, D_B: 0.286, G_B: 0.965, cycle_B: 0.085, gp: 0.267

[Rank 0] (epoch: 7, iters: 12672, time: 0.001, data: 0.001) , D_A: 0.280, G_A: 0.956, cycle_A: 0.049, D_B: 0.305, G_B: 0.879, cycle_B: 0.089, gp: 0.268

[Rank 0] (epoch: 7, iters: 14272, time: 0.001, data: 0.001) , D_A: 0.190, G_A: 1.004, cycle_A: 0.070, D_B: 0.282, G_B: 1.200, cycle_B: 0.093, gp: 0.228

[Rank 0] (epoch: 7, iters: 15872, time: 0.001, data: 0.001) , D_A: 0.198, G_A: 0.941, cycle_A: 0.042, D_B: 0.214, G_B: 0.944, cycle_B: 0.084, gp: 0.192

[Rank 0] (epoch: 7, iters: 17472, time: 0.001, data: 0.002) , D_A: 0.353, G_A: 0.955, cycle_A: 0.052, D_B: 0.365, G_B: 0.969, cycle_B: 0.094, gp: 0.328

[Rank 0] (epoch: 7, iters: 19072, time: 0.001, data: 0.001) , D_A: 0.225, G_A: 1.072, cycle_A: 0.058, D_B: 0.199, G_B: 0.760, cycle_B: 0.089, gp: 0.159

[Rank 0] (epoch: 7, iters: 20672, time: 0.001, data: 0.001) , D_A: 0.249, G_A: 0.758, cycle_A: 0.039, D_B: 0.359, G_B: 0.603, cycle_B: 0.088, gp: 0.322

learning rate 0.0002000 -> 0.0002000
temperature tau = 0.3973
End of epoch 7 / 50 	 Time Taken: 19 sec
[Rank 0] (epoch: 8, iters: 384, time: 0.001, data: 0.001) , D_A: 0.242, G_A: 1.009, cycle_A: 0.048, D_B: 0.404, G_B: 0.968, cycle_B: 0.088, gp: 0.379

[Rank 0] (epoch: 8, iters: 1984, time: 0.001, data: 0.002) , D_A: 0.211, G_A: 0.960, cycle_A: 0.051, D_B: 0.318, G_B: 0.999, cycle_B: 0.090, gp: 0.280

[Rank 0] (epoch: 8, iters: 3584, time: 0.001, data: 0.001) , D_A: 0.223, G_A: 0.957, cycle_A: 0.061, D_B: 0.387, G_B: 0.841, cycle_B: 0.088, gp: 0.318

[Rank 0] (epoch: 8, iters: 5184, time: 0.001, data: 0.001) , D_A: 0.226, G_A: 0.904, cycle_A: 0.051, D_B: 0.449, G_B: 1.012, cycle_B: 0.087, gp: 0.410

--- iter tau=0.3973 ---
  cipher in : dbebadbegdbdbcaeib ii badbadbfddbiibaebadbhidhbiabaehbaddbadbedh
  decrypted : e c de cie e idca gaag de de bee aa dc de faef ad dcf dee de cef
  real plain: ead g fedeic ead hed hi had aig a ie ae h hi head d edi had d hi
  cipher in : aebadbifdcdbfbfecbdecabadbcebgdbcdhbadbfibdbibi bebfebibidbadbdi
  decrypted : dc de abeie b bci ecid de ic ie ief de ba e a ag c bc a ae de ea
  real plain: deac f fe ceaie edea he a i a i a a egh ha a ge ae ihi igh ad he
[Rank 0] (epoch: 8, iters: 6784, time: 0.001, data: 0.001) , D_A: 0.385, G_A: 1.078, cycle_A: 0.045, D_B: 0.311, G_B: 0.657, cycle_B: 0.089, gp: 0.246

saving the latest model (epoch 8, total_iters 160000)
[Rank 0] (epoch: 8, iters: 8384, time: 0.001, data: 0.001) , D_A: 0.236, G_A: 0.957, cycle_A: 0.048, D_B: 0.191, G_B: 0.912, cycle_B: 0.087, gp: 0.168

[Rank 0] (epoch: 8, iters: 9984, time: 0.001, data: 0.001) , D_A: 0.274, G_A: 0.965, cycle_A: 0.047, D_B: 0.350, G_B: 0.668, cycle_B: 0.083, gp: 0.319

[Rank 0] (epoch: 8, iters: 11584, time: 0.001, data: 0.001) , D_A: 0.290, G_A: 0.988, cycle_A: 0.042, D_B: 0.330, G_B: 0.925, cycle_B: 0.092, gp: 0.307

[Rank 0] (epoch: 8, iters: 13184, time: 0.001, data: 0.001) , D_A: 0.190, G_A: 0.954, cycle_A: 0.059, D_B: 0.255, G_B: 0.847, cycle_B: 0.097, gp: 0.224

[Rank 0] (epoch: 8, iters: 14784, time: 0.001, data: 0.001) , D_A: 0.153, G_A: 1.024, cycle_A: 0.045, D_B: 0.390, G_B: 1.022, cycle_B: 0.091, gp: 0.357

[Rank 0] (epoch: 8, iters: 16384, time: 0.001, data: 0.001) , D_A: 0.297, G_A: 0.977, cycle_A: 0.045, D_B: 0.354, G_B: 1.197, cycle_B: 0.090, gp: 0.297

[Rank 0] (epoch: 8, iters: 17984, time: 0.001, data: 0.001) , D_A: 0.270, G_A: 1.033, cycle_A: 0.044, D_B: 0.330, G_B: 0.925, cycle_B: 0.089, gp: 0.299

[Rank 0] (epoch: 8, iters: 19584, time: 0.001, data: 0.001) , D_A: 0.268, G_A: 1.007, cycle_A: 0.061, D_B: 0.362, G_B: 1.083, cycle_B: 0.091, gp: 0.317

[Rank 0] (epoch: 8, iters: 21184, time: 0.001, data: 0.001) , D_A: 0.151, G_A: 0.941, cycle_A: 0.050, D_B: 0.310, G_B: 0.936, cycle_B: 0.091, gp: 0.284

learning rate 0.0002000 -> 0.0002000
temperature tau = 0.3845
End of epoch 8 / 50 	 Time Taken: 19 sec
[Rank 0] (epoch: 9, iters: 896, time: 0.001, data: 0.001) , D_A: 0.232, G_A: 1.017, cycle_A: 0.044, D_B: 0.353, G_B: 1.019, cycle_B: 0.093, gp: 0.337

[Rank 0] (epoch: 9, iters: 2496, time: 0.001, data: 0.000) , D_A: 0.169, G_A: 1.047, cycle_A: 0.050, D_B: 0.234, G_B: 0.836, cycle_B: 0.089, gp: 0.210

[Rank 0] (epoch: 9, iters: 4096, time: 0.001, data: 0.001) , D_A: 0.180, G_A: 1.022, cycle_A: 0.054, D_B: 0.265, G_B: 0.972, cycle_B: 0.089, gp: 0.234

[Rank 0] (epoch: 9, iters: 5696, time: 0.001, data: 0.001) , D_A: 0.262, G_A: 0.938, cycle_A: 0.044, D_B: 0.234, G_B: 0.928, cycle_B: 0.085, gp: 0.213

[Rank 0] (epoch: 9, iters: 7296, time: 0.001, data: 0.001) , D_A: 0.141, G_A: 0.975, cycle_A: 0.056, D_B: 0.260, G_B: 0.996, cycle_B: 0.088, gp: 0.229

[Rank 0] (epoch: 9, iters: 8896, time: 0.001, data: 0.001) , D_A: 0.427, G_A: 0.979, cycle_A: 0.047, D_B: 0.320, G_B: 0.825, cycle_B: 0.089, gp: 0.292

[Rank 0] (epoch: 9, iters: 10496, time: 0.001, data: 0.001) , D_A: 0.252, G_A: 1.004, cycle_A: 0.049, D_B: 0.253, G_B: 0.856, cycle_B: 0.084, gp: 0.229

[Rank 0] (epoch: 9, iters: 12096, time: 0.001, data: 0.001) , D_A: 0.239, G_A: 0.993, cycle_A: 0.065, D_B: 0.338, G_B: 0.931, cycle_B: 0.087, gp: 0.297

[Rank 0] (epoch: 9, iters: 13696, time: 0.001, data: 0.001) , D_A: 0.221, G_A: 1.014, cycle_A: 0.052, D_B: 0.375, G_B: 1.075, cycle_B: 0.093, gp: 0.341

[Rank 0] (epoch: 9, iters: 15296, time: 0.001, data: 0.001) , D_A: 0.313, G_A: 0.868, cycle_A: 0.045, D_B: 0.533, G_B: 0.196, cycle_B: 0.093, gp: 0.429

[Rank 0] (epoch: 9, iters: 16896, time: 0.001, data: 0.001) , D_A: 0.161, G_A: 1.006, cycle_A: 0.053, D_B: 0.344, G_B: 1.003, cycle_B: 0.083, gp: 0.310

[Rank 0] (epoch: 9, iters: 18496, time: 0.001, data: 0.001) , D_A: 0.254, G_A: 1.014, cycle_A: 0.063, D_B: 0.394, G_B: 0.986, cycle_B: 0.091, gp: 0.352

[Rank 0] (epoch: 9, iters: 20096, time: 0.001, data: 0.001) , D_A: 0.229, G_A: 1.012, cycle_A: 0.053, D_B: 0.330, G_B: 0.818, cycle_B: 0.086, gp: 0.299

[Rank 0] (epoch: 9, iters: 21696, time: 0.001, data: 0.001) , D_A: 0.257, G_A: 1.060, cycle_A: 0.040, D_B: 0.411, G_B: 0.752, cycle_B: 0.087, gp: 0.383

learning rate 0.0002000 -> 0.0002000
temperature tau = 0.3720
End of epoch 9 / 50 	 Time Taken: 19 sec
[Rank 0] (epoch: 10, iters: 1408, time: 0.001, data: 0.001) , D_A: 0.349, G_A: 1.160, cycle_A: 0.053, D_B: 0.315, G_B: 0.981, cycle_B: 0.086, gp: 0.290

--- iter tau=0.3720 ---
  cipher in : iabddbehb ddbegehbaebdebaebifbdbedbecaiddbebdbehehbfbdehdaibdbai
  decrypted : ad ee cf gee cicf dc ec dc ab e ce cidaee c e cfcf b ecfeda e da
  real plain: cbiai ag ih ie gig i ed be ad gee f cchiihcadiaia dece gee ga a 
  cipher in : ehbadbadbcdbehbadbabadbgabehbaebibgdbadbdhbfbfeibehbcdbadbhidbab
  decrypted : cf de de ie cf de d de id cf dc a ie de ef b bca cf ie de fae d 
  real plain: i ffeig ad i eaed ha he a ig i he i f hi dc ad e b a he d i hi h
[Rank 0] (epoch: 10, iters: 3008, time: 0.001, data: 0.001) , D_A: 0.227, G_A: 0.925, cycle_A: 0.047, D_B: 0.279, G_B: 0.832, cycle_B: 0.088, gp: 0.245

saving the latest model (epoch 10, total_iters 200000)
[Rank 0] (epoch: 10, iters: 4608, time: 0.001, data: 0.001) , D_A: 0.285, G_A: 0.969, cycle_A: 0.047, D_B: 0.362, G_B: 1.203, cycle_B: 0.088, gp: 0.290

[Rank 0] (epoch: 10, iters: 6208, time: 0.001, data: 0.001) , D_A: 0.167, G_A: 0.980, cycle_A: 0.051, D_B: 0.307, G_B: 0.806, cycle_B: 0.088, gp: 0.277

[Rank 0] (epoch: 10, iters: 7808, time: 0.001, data: 0.001) , D_A: 0.114, G_A: 1.020, cycle_A: 0.051, D_B: 0.292, G_B: 0.942, cycle_B: 0.088, gp: 0.272

[Rank 0] (epoch: 10, iters: 9408, time: 0.001, data: 0.001) , D_A: 0.189, G_A: 0.990, cycle_A: 0.044, D_B: 0.291, G_B: 0.981, cycle_B: 0.091, gp: 0.273

[Rank 0] (epoch: 10, iters: 11008, time: 0.001, data: 0.001) , D_A: 0.227, G_A: 0.922, cycle_A: 0.070, D_B: 0.390, G_B: 0.640, cycle_B: 0.086, gp: 0.315

[Rank 0] (epoch: 10, iters: 12608, time: 0.001, data: 0.001) , D_A: 0.288, G_A: 0.904, cycle_A: 0.045, D_B: 0.410, G_B: 0.918, cycle_B: 0.088, gp: 0.386

[Rank 0] (epoch: 10, iters: 14208, time: 0.001, data: 0.001) , D_A: 0.251, G_A: 0.991, cycle_A: 0.067, D_B: 0.335, G_B: 0.997, cycle_B: 0.092, gp: 0.298

[Rank 0] (epoch: 10, iters: 15808, time: 0.001, data: 0.001) , D_A: 0.254, G_A: 1.012, cycle_A: 0.048, D_B: 0.307, G_B: 0.940, cycle_B: 0.086, gp: 0.290

[Rank 0] (epoch: 10, iters: 17408, time: 0.001, data: 0.001) , D_A: 0.319, G_A: 0.949, cycle_A: 0.046, D_B: 0.367, G_B: 0.766, cycle_B: 0.098, gp: 0.325

[Rank 0] (epoch: 10, iters: 19008, time: 0.001, data: 0.001) , D_A: 0.233, G_A: 0.944, cycle_A: 0.047, D_B: 0.217, G_B: 1.118, cycle_B: 0.088, gp: 0.196

[Rank 0] (epoch: 10, iters: 20608, time: 0.001, data: 0.001) , D_A: 0.193, G_A: 0.926, cycle_A: 0.057, D_B: 0.391, G_B: 0.727, cycle_B: 0.087, gp: 0.323

learning rate 0.0002000 -> 0.0002000
temperature tau = 0.3600
End of epoch 10 / 50 	 Time Taken: 19 sec
[Rank 0] (epoch: 11, iters: 320, time: 0.001, data: 0.001) , D_A: 0.226, G_A: 0.941, cycle_A: 0.041, D_B: 0.268, G_B: 0.795, cycle_B: 0.088, gp: 0.248

[Rank 0] (epoch: 11, iters: 1920, time: 0.001, data: 0.000) , D_A: 0.176, G_A: 0.976, cycle_A: 0.042, D_B: 0.310, G_B: 1.035, cycle_B: 0.091, gp: 0.286

[Rank 0] (epoch: 11, iters: 3520, time: 0.001, data: 0.001) , D_A: 0.315, G_A: 0.992, cycle_A: 0.067, D_B: 0.291, G_B: 0.911, cycle_B: 0.089, gp: 0.259

[Rank 0] (epoch: 11, iters: 5120, time: 0.001, data: 0.001) , D_A: 0.182, G_A: 0.996, cycle_A: 0.049, D_B: 0.531, G_B: 1.278, cycle_B: 0.087, gp: 0.447

[Rank 0] (epoch: 11, iters: 6720, time: 0.001, data: 0.001) , D_A: 0.299, G_A: 1.049, cycle_A: 0.054, D_B: 0.204, G_B: 0.894, cycle_B: 0.088, gp: 0.172

[Rank 0] (epoch: 11, iters: 8320, time: 0.001, data: 0.001) , D_A: 0.183, G_A: 0.978, cycle_A: 0.047, D_B: 0.345, G_B: 0.970, cycle_B: 0.084, gp: 0.322

[Rank 0] (epoch: 11, iters: 9920, time: 0.001, data: 0.001) , D_A: 0.220, G_A: 0.913, cycle_A: 0.052, D_B: 0.243, G_B: 0.817, cycle_B: 0.084, gp: 0.222

[Rank 0] (epoch: 11, iters: 11520, time: 0.001, data: 0.001) , D_A: 0.126, G_A: 0.977, cycle_A: 0.053, D_B: 0.356, G_B: 0.707, cycle_B: 0.092, gp: 0.275

[Rank 0] (epoch: 11, iters: 13120, time: 0.001, data: 0.001) , D_A: 0.247, G_A: 0.988, cycle_A: 0.050, D_B: 0.441, G_B: 1.243, cycle_B: 0.097, gp: 0.386

[Rank 0] (epoch: 11, iters: 14720, time: 0.001, data: 0.001) , D_A: 0.208, G_A: 0.962, cycle_A: 0.046, D_B: 0.321, G_B: 0.970, cycle_B: 0.093, gp: 0.306

[Rank 0] (epoch: 11, iters: 16320, time: 0.001, data: 0.001) , D_A: 0.186, G_A: 0.856, cycle_A: 0.038, D_B: 0.391, G_B: 0.592, cycle_B: 0.093, gp: 0.311

[Rank 0] (epoch: 11, iters: 17920, time: 0.001, data: 0.001) , D_A: 0.248, G_A: 1.099, cycle_A: 0.049, D_B: 0.352, G_B: 0.961, cycle_B: 0.096, gp: 0.332

[Rank 0] (epoch: 11, iters: 19520, time: 0.001, data: 0.001) , D_A: 0.217, G_A: 0.871, cycle_A: 0.060, D_B: 0.295, G_B: 0.955, cycle_B: 0.092, gp: 0.272

--- iter tau=0.3600 ---
  cipher in : hdciibadbadbedbfecdedbfbeeicebcgibddbecdhbedhbiabadbe dbhddbaedb
  decrypted : feiaa de de he bhiehe b hhaih iia ee hief hef ad de hge fee dhe 
  real plain: hica eecie aie he aea de cd eahe i deae de ach acie he aea ad eh
  cipher in : ibddbibadbhdieiebhiddbehidcdbebebdcebdigicbehbgicbcceibibadbidhb
  decrypted : a ee a de feahah faee hfaeie h h eih eaiai hf iai iiha a de aef 
  real plain:  a cedi ad echica aiace i agice a geea ad iae ae i a hi age begi
[Rank 0] (epoch: 11, iters: 21120, time: 0.001, data: 0.001) , D_A: 0.156, G_A: 0.992, cycle_A: 0.051, D_B: 0.375, G_B: 0.855, cycle_B: 0.094, gp: 0.349

saving the latest model (epoch 11, total_iters 240000)
learning rate 0.0002000 -> 0.0002000
temperature tau = 0.3484
End of epoch 11 / 50 	 Time Taken: 19 sec
[Rank 0] (epoch: 12, iters: 832, time: 0.001, data: 0.001) , D_A: 0.213, G_A: 1.011, cycle_A: 0.042, D_B: 0.265, G_B: 0.949, cycle_B: 0.094, gp: 0.250

[Rank 0] (epoch: 12, iters: 2432, time: 0.001, data: 0.000) , D_A: 0.295, G_A: 0.997, cycle_A: 0.047, D_B: 0.255, G_B: 0.988, cycle_B: 0.090, gp: 0.229

[Rank 0] (epoch: 12, iters: 4032, time: 0.001, data: 0.001) , D_A: 0.196, G_A: 0.889, cycle_A: 0.054, D_B: 0.230, G_B: 1.069, cycle_B: 0.091, gp: 0.190

[Rank 0] (epoch: 12, iters: 5632, time: 0.001, data: 0.001) , D_A: 0.209, G_A: 0.945, cycle_A: 0.044, D_B: 0.288, G_B: 0.692, cycle_B: 0.089, gp: 0.235

[Rank 0] (epoch: 12, iters: 7232, time: 0.001, data: 0.001) , D_A: 0.216, G_A: 0.963, cycle_A: 0.040, D_B: 0.262, G_B: 0.919, cycle_B: 0.090, gp: 0.243

[Rank 0] (epoch: 12, iters: 8832, time: 0.001, data: 0.001) , D_A: 0.192, G_A: 0.963, cycle_A: 0.043, D_B: 0.326, G_B: 0.929, cycle_B: 0.090, gp: 0.300

[Rank 0] (epoch: 12, iters: 10432, time: 0.001, data: 0.001) , D_A: 0.228, G_A: 1.286, cycle_A: 0.073, D_B: 0.344, G_B: 0.686, cycle_B: 0.088, gp: 0.286

[Rank 0] (epoch: 12, iters: 12032, time: 0.001, data: 0.001) , D_A: 0.236, G_A: 1.014, cycle_A: 0.053, D_B: 0.307, G_B: 0.876, cycle_B: 0.090, gp: 0.276

[Rank 0] (epoch: 12, iters: 13632, time: 0.001, data: 0.001) , D_A: 0.213, G_A: 1.009, cycle_A: 0.049, D_B: 0.361, G_B: 0.937, cycle_B: 0.093, gp: 0.340

[Rank 0] (epoch: 12, iters: 15232, time: 0.001, data: 0.001) , D_A: 0.278, G_A: 0.948, cycle_A: 0.048, D_B: 0.506, G_B: 0.622, cycle_B: 0.090, gp: 0.451

[Rank 0] (epoch: 12, iters: 16832, time: 0.001, data: 0.002) , D_A: 0.264, G_A: 1.018, cycle_A: 0.044, D_B: 0.356, G_B: 0.828, cycle_B: 0.084, gp: 0.338

[Rank 0] (epoch: 12, iters: 18432, time: 0.001, data: 0.002) , D_A: 0.207, G_A: 0.995, cycle_A: 0.066, D_B: 0.326, G_B: 0.921, cycle_B: 0.088, gp: 0.293

[Rank 0] (epoch: 12, iters: 20032, time: 0.001, data: 0.001) , D_A: 0.128, G_A: 0.988, cycle_A: 0.045, D_B: 0.199, G_B: 0.968, cycle_B: 0.087, gp: 0.180

[Rank 0] (epoch: 12, iters: 21632, time: 0.001, data: 0.001) , D_A: 0.218, G_A: 0.903, cycle_A: 0.044, D_B: 0.473, G_B: 0.499, cycle_B: 0.081, gp: 0.445

learning rate 0.0002000 -> 0.0002000
temperature tau = 0.3371
End of epoch 12 / 50 	 Time Taken: 19 sec
[Rank 0] (epoch: 13, iters: 1344, time: 0.001, data: 0.001) , D_A: 0.336, G_A: 0.904, cycle_A: 0.050, D_B: 0.245, G_B: 0.895, cycle_B: 0.083, gp: 0.222

[Rank 0] (epoch: 13, iters: 2944, time: 0.001, data: 0.001) , D_A: 0.240, G_A: 0.956, cycle_A: 0.053, D_B: 0.319, G_B: 0.646, cycle_B: 0.087, gp: 0.279

[Rank 0] (epoch: 13, iters: 4544, time: 0.001, data: 0.001) , D_A: 0.216, G_A: 0.885, cycle_A: 0.042, D_B: 0.494, G_B: 1.029, cycle_B: 0.090, gp: 0.413

[Rank 0] (epoch: 13, iters: 6144, time: 0.001, data: 0.001) , D_A: 0.208, G_A: 0.757, cycle_A: 0.059, D_B: 0.242, G_B: 0.901, cycle_B: 0.090, gp: 0.210

[Rank 0] (epoch: 13, iters: 7744, time: 0.001, data: 0.001) , D_A: 0.237, G_A: 1.035, cycle_A: 0.047, D_B: 0.308, G_B: 0.671, cycle_B: 0.085, gp: 0.289

[Rank 0] (epoch: 13, iters: 9344, time: 0.001, data: 0.001) , D_A: 0.160, G_A: 1.092, cycle_A: 0.050, D_B: 0.271, G_B: 0.805, cycle_B: 0.088, gp: 0.245

[Rank 0] (epoch: 13, iters: 10944, time: 0.001, data: 0.001) , D_A: 0.174, G_A: 0.994, cycle_A: 0.056, D_B: 0.257, G_B: 0.880, cycle_B: 0.084, gp: 0.240

[Rank 0] (epoch: 13, iters: 12544, time: 0.001, data: 0.001) , D_A: 0.311, G_A: 0.979, cycle_A: 0.042, D_B: 0.327, G_B: 0.890, cycle_B: 0.091, gp: 0.311

[Rank 0] (epoch: 13, iters: 14144, time: 0.001, data: 0.001) , D_A: 0.194, G_A: 0.945, cycle_A: 0.057, D_B: 0.216, G_B: 0.851, cycle_B: 0.091, gp: 0.189

[Rank 0] (epoch: 13, iters: 15744, time: 0.001, data: 0.001) , D_A: 0.174, G_A: 0.950, cycle_A: 0.049, D_B: 0.308, G_B: 1.150, cycle_B: 0.086, gp: 0.252

--- iter tau=0.3371 ---
  cipher in : dhbadbhdebgegbibidbaddbebdai bicdbegbidba abadibfeadbdddhbdedhba
  decrypted : ef de feh ihi a ae dee h edag aie hi ae dgd dea bhde eeef ehef d
  real plain: e h cae he iie f aig eid f ecia ici eeach he iie i egaged i a ee
  cipher in : bdbfbddbabedciedhbeidbehbfidbdhcibibadbgec hbdhbadbfddi baddbaeb
  decrypted :  e b ee d heiahef hae hf bae efia a de ihigf ef de beeag dee dh 
  real plain: had che caaia becae f i eai f ecee ch beache ad abdace f ae ae b
[Rank 0] (epoch: 13, iters: 17344, time: 0.001, data: 0.001) , D_A: 0.140, G_A: 0.942, cycle_A: 0.048, D_B: 0.318, G_B: 0.856, cycle_B: 0.097, gp: 0.293

saving the latest model (epoch 13, total_iters 280000)
[Rank 0] (epoch: 13, iters: 18944, time: 0.001, data: 0.001) , D_A: 0.249, G_A: 0.994, cycle_A: 0.047, D_B: 0.227, G_B: 0.943, cycle_B: 0.091, gp: 0.208

[Rank 0] (epoch: 13, iters: 20544, time: 0.001, data: 0.001) , D_A: 0.241, G_A: 0.949, cycle_A: 0.052, D_B: 0.204, G_B: 1.039, cycle_B: 0.088, gp: 0.183

learning rate 0.0002000 -> 0.0002000
temperature tau = 0.3262
End of epoch 13 / 50 	 Time Taken: 19 sec
[Rank 0] (epoch: 14, iters: 256, time: 0.001, data: 0.001) , D_A: 0.292, G_A: 0.811, cycle_A: 0.043, D_B: 0.340, G_B: 0.741, cycle_B: 0.090, gp: 0.314

[Rank 0] (epoch: 14, iters: 1856, time: 0.001, data: 0.005) , D_A: 0.286, G_A: 0.806, cycle_A: 0.037, D_B: 0.397, G_B: 1.016, cycle_B: 0.092, gp: 0.343

[Rank 0] (epoch: 14, iters: 3456, time: 0.001, data: 0.001) , D_A: 0.244, G_A: 0.979, cycle_A: 0.064, D_B: 0.283, G_B: 0.957, cycle_B: 0.088, gp: 0.263

[Rank 0] (epoch: 14, iters: 5056, time: 0.001, data: 0.001) , D_A: 0.235, G_A: 1.104, cycle_A: 0.048, D_B: 0.482, G_B: 1.246, cycle_B: 0.091, gp: 0.438

[Rank 0] (epoch: 14, iters: 6656, time: 0.001, data: 0.001) , D_A: 0.319, G_A: 0.978, cycle_A: 0.043, D_B: 0.296, G_B: 1.001, cycle_B: 0.090, gp: 0.281

[Rank 0] (epoch: 14, iters: 8256, time: 0.001, data: 0.001) , D_A: 0.279, G_A: 0.880, cycle_A: 0.060, D_B: 0.364, G_B: 0.835, cycle_B: 0.087, gp: 0.330

[Rank 0] (epoch: 14, iters: 9856, time: 0.001, data: 0.001) , D_A: 0.329, G_A: 1.243, cycle_A: 0.053, D_B: 0.269, G_B: 0.873, cycle_B: 0.087, gp: 0.248

[Rank 0] (epoch: 14, iters: 11456, time: 0.001, data: 0.001) , D_A: 0.195, G_A: 0.984, cycle_A: 0.047, D_B: 0.448, G_B: 1.350, cycle_B: 0.093, gp: 0.360

[Rank 0] (epoch: 14, iters: 13056, time: 0.001, data: 0.001) , D_A: 0.197, G_A: 0.976, cycle_A: 0.043, D_B: 0.379, G_B: 1.199, cycle_B: 0.098, gp: 0.349

[Rank 0] (epoch: 14, iters: 14656, time: 0.001, data: 0.001) , D_A: 0.225, G_A: 1.021, cycle_A: 0.050, D_B: 0.293, G_B: 1.071, cycle_B: 0.093, gp: 0.275

[Rank 0] (epoch: 14, iters: 16256, time: 0.001, data: 0.001) , D_A: 0.241, G_A: 0.985, cycle_A: 0.050, D_B: 0.344, G_B: 0.823, cycle_B: 0.092, gp: 0.319

[Rank 0] (epoch: 14, iters: 17856, time: 0.001, data: 0.001) , D_A: 0.250, G_A: 0.857, cycle_A: 0.049, D_B: 0.303, G_B: 1.135, cycle_B: 0.095, gp: 0.252

[Rank 0] (epoch: 14, iters: 19456, time: 0.001, data: 0.001) , D_A: 0.229, G_A: 0.979, cycle_A: 0.045, D_B: 0.233, G_B: 1.002, cycle_B: 0.089, gp: 0.220

[Rank 0] (epoch: 14, iters: 21056, time: 0.001, data: 0.001) , D_A: 0.180, G_A: 0.982, cycle_A: 0.045, D_B: 0.417, G_B: 1.083, cycle_B: 0.091, gp: 0.397

learning rate 0.0002000 -> 0.0002000
temperature tau = 0.3157
End of epoch 14 / 50 	 Time Taken: 19 sec
[Rank 0] (epoch: 15, iters: 768, time: 0.001, data: 0.001) , D_A: 0.152, G_A: 1.059, cycle_A: 0.041, D_B: 0.257, G_B: 1.029, cycle_B: 0.091, gp: 0.242

[Rank 0] (epoch: 15, iters: 2368, time: 0.001, data: 0.000) , D_A: 0.181, G_A: 1.022, cycle_A: 0.051, D_B: 0.242, G_B: 0.945, cycle_B: 0.090, gp: 0.224

[Rank 0] (epoch: 15, iters: 3968, time: 0.001, data: 0.001) , D_A: 0.182, G_A: 0.962, cycle_A: 0.052, D_B: 0.270, G_B: 0.884, cycle_B: 0.091, gp: 0.245

[Rank 0] (epoch: 15, iters: 5568, time: 0.001, data: 0.001) , D_A: 0.202, G_A: 1.020, cycle_A: 0.048, D_B: 0.240, G_B: 0.989, cycle_B: 0.089, gp: 0.223

[Rank 0] (epoch: 15, iters: 7168, time: 0.001, data: 0.001) , D_A: 0.177, G_A: 1.008, cycle_A: 0.044, D_B: 0.294, G_B: 1.005, cycle_B: 0.085, gp: 0.280

[Rank 0] (epoch: 15, iters: 8768, time: 0.001, data: 0.001) , D_A: 0.194, G_A: 0.858, cycle_A: 0.056, D_B: 0.311, G_B: 1.008, cycle_B: 0.089, gp: 0.272

[Rank 0] (epoch: 15, iters: 10368, time: 0.001, data: 0.001) , D_A: 0.225, G_A: 0.981, cycle_A: 0.054, D_B: 0.298, G_B: 0.802, cycle_B: 0.088, gp: 0.264

[Rank 0] (epoch: 15, iters: 11968, time: 0.001, data: 0.001) , D_A: 0.197, G_A: 1.002, cycle_A: 0.050, D_B: 0.368, G_B: 0.858, cycle_B: 0.090, gp: 0.335

--- iter tau=0.3157 ---
  cipher in : bfbddidcdbaddbibiibebgdbddai bgbibadbcedbfbebibcebcdeibcigdbhiff
  decrypted :  b eeaeie dee a aa c ie eedag i a de ice b c a ic ieca iaie fabb
  real plain: ig e he dea a he he c he head he ied he dah a a ied dah de e he 
  cipher in : dbccibe ddhbibahbdbfibedbibgdidfbibehbhddhdcdbadbgigdbebadbehiba
  decrypted : e iia cgeef a df e ba ce a ieaeb a cf feefeie de iaie c de cfa d
  real plain: e fhe e ecagig ge i deee f fe ce he ceai f ecie aeica iceee a hi
[Rank 0] (epoch: 15, iters: 13568, time: 0.001, data: 0.001) , D_A: 0.156, G_A: 1.011, cycle_A: 0.048, D_B: 0.274, G_B: 0.721, cycle_B: 0.093, gp: 0.228

saving the latest model (epoch 15, total_iters 320000)
[Rank 0] (epoch: 15, iters: 15168, time: 0.001, data: 0.001) , D_A: 0.362, G_A: 1.200, cycle_A: 0.047, D_B: 0.422, G_B: 0.685, cycle_B: 0.097, gp: 0.400

[Rank 0] (epoch: 15, iters: 16768, time: 0.001, data: 0.001) , D_A: 0.259, G_A: 0.880, cycle_A: 0.051, D_B: 0.359, G_B: 0.946, cycle_B: 0.084, gp: 0.343

[Rank 0] (epoch: 15, iters: 18368, time: 0.001, data: 0.001) , D_A: 0.204, G_A: 0.994, cycle_A: 0.054, D_B: 0.337, G_B: 0.872, cycle_B: 0.089, gp: 0.316

[Rank 0] (epoch: 15, iters: 19968, time: 0.001, data: 0.001) , D_A: 0.203, G_A: 1.007, cycle_A: 0.048, D_B: 0.210, G_B: 0.976, cycle_B: 0.091, gp: 0.198

[Rank 0] (epoch: 15, iters: 21568, time: 0.001, data: 0.001) , D_A: 0.165, G_A: 0.964, cycle_A: 0.051, D_B: 0.444, G_B: 1.062, cycle_B: 0.084, gp: 0.421

learning rate 0.0002000 -> 0.0002000
temperature tau = 0.3055
End of epoch 15 / 50 	 Time Taken: 19 sec
[Rank 0] (epoch: 16, iters: 1280, time: 0.001, data: 0.001) , D_A: 0.209, G_A: 0.984, cycle_A: 0.048, D_B: 0.375, G_B: 1.124, cycle_B: 0.084, gp: 0.336

[Rank 0] (epoch: 16, iters: 2880, time: 0.001, data: 0.001) , D_A: 0.204, G_A: 0.899, cycle_A: 0.051, D_B: 0.249, G_B: 0.847, cycle_B: 0.084, gp: 0.228

[Rank 0] (epoch: 16, iters: 4480, time: 0.001, data: 0.001) , D_A: 0.306, G_A: 0.867, cycle_A: 0.046, D_B: 0.359, G_B: 0.706, cycle_B: 0.090, gp: 0.310

[Rank 0] (epoch: 16, iters: 6080, time: 0.001, data: 0.001) , D_A: 0.239, G_A: 0.972, cycle_A: 0.043, D_B: 0.210, G_B: 0.986, cycle_B: 0.089, gp: 0.199

[Rank 0] (epoch: 16, iters: 7680, time: 0.001, data: 0.001) , D_A: 0.209, G_A: 0.969, cycle_A: 0.047, D_B: 0.307, G_B: 0.989, cycle_B: 0.090, gp: 0.293

[Rank 0] (epoch: 16, iters: 9280, time: 0.001, data: 0.001) , D_A: 0.168, G_A: 0.982, cycle_A: 0.062, D_B: 0.460, G_B: 0.487, cycle_B: 0.089, gp: 0.278

[Rank 0] (epoch: 16, iters: 10880, time: 0.001, data: 0.001) , D_A: 0.163, G_A: 0.959, cycle_A: 0.058, D_B: 0.297, G_B: 0.939, cycle_B: 0.085, gp: 0.278

[Rank 0] (epoch: 16, iters: 12480, time: 0.001, data: 0.001) , D_A: 0.239, G_A: 0.845, cycle_A: 0.043, D_B: 0.272, G_B: 1.052, cycle_B: 0.089, gp: 0.247

[Rank 0] (epoch: 16, iters: 14080, time: 0.001, data: 0.001) , D_A: 0.256, G_A: 0.963, cycle_A: 0.058, D_B: 0.331, G_B: 1.006, cycle_B: 0.091, gp: 0.311

[Rank 0] (epoch: 16, iters: 15680, time: 0.001, data: 0.001) , D_A: 0.218, G_A: 0.957, cycle_A: 0.044, D_B: 0.389, G_B: 0.825, cycle_B: 0.086, gp: 0.333

[Rank 0] (epoch: 16, iters: 17280, time: 0.001, data: 0.001) , D_A: 0.265, G_A: 1.004, cycle_A: 0.041, D_B: 0.367, G_B: 0.972, cycle_B: 0.097, gp: 0.353

[Rank 0] (epoch: 16, iters: 18880, time: 0.001, data: 0.002) , D_A: 0.173, G_A: 0.927, cycle_A: 0.048, D_B: 0.281, G_B: 0.956, cycle_B: 0.090, gp: 0.261

[Rank 0] (epoch: 16, iters: 20480, time: 0.001, data: 0.001) , D_A: 0.212, G_A: 1.004, cycle_A: 0.048, D_B: 0.292, G_B: 0.784, cycle_B: 0.086, gp: 0.264

learning rate 0.0002000 -> 0.0002000
temperature tau = 0.2956
End of epoch 16 / 50 	 Time Taken: 21 sec
[Rank 0] (epoch: 17, iters: 192, time: 0.001, data: 0.001) , D_A: 0.245, G_A: 1.027, cycle_A: 0.047, D_B: 0.276, G_B: 0.945, cycle_B: 0.090, gp: 0.265

[Rank 0] (epoch: 17, iters: 1792, time: 0.001, data: 0.000) , D_A: 0.217, G_A: 0.968, cycle_A: 0.049, D_B: 0.391, G_B: 0.775, cycle_B: 0.092, gp: 0.336

[Rank 0] (epoch: 17, iters: 3392, time: 0.001, data: 0.001) , D_A: 0.194, G_A: 1.011, cycle_A: 0.057, D_B: 0.290, G_B: 1.071, cycle_B: 0.088, gp: 0.262

[Rank 0] (epoch: 17, iters: 4992, time: 0.001, data: 0.001) , D_A: 0.213, G_A: 0.992, cycle_A: 0.048, D_B: 0.457, G_B: 0.521, cycle_B: 0.089, gp: 0.398

[Rank 0] (epoch: 17, iters: 6592, time: 0.001, data: 0.001) , D_A: 0.223, G_A: 1.015, cycle_A: 0.055, D_B: 0.288, G_B: 0.961, cycle_B: 0.089, gp: 0.265

[Rank 0] (epoch: 17, iters: 8192, time: 0.001, data: 0.001) , D_A: 0.225, G_A: 1.013, cycle_A: 0.044, D_B: 0.284, G_B: 1.001, cycle_B: 0.086, gp: 0.262

--- iter tau=0.2956 ---
  cipher in : bibiebaddbadbebgdihdbadbdebaiabfb dbebdddhbibehicebcdeidbideieib
  decrypted :  a ah dee de h ieafe de eh dad b ge h eeef a hfaih iehae aehaha 
  real plain: g a afe ceace caiage ea ad aee a a ea f he ea ad a a ie f ide e 
  cipher in : ddhbebiiieidbehbdfhiciidbhi bcaihahbadbhdddebcdbidbadbihiiheb di
  decrypted : eef h aaahae hf ebfaiaae fag idafdf de feeeh ie ae de afaafh gea
  real plain: e h ee h befe he aed he fiig a ca ef he eeed be cig he ih egeace
[Rank 0] (epoch: 17, iters: 9792, time: 0.001, data: 0.001) , D_A: 0.156, G_A: 1.026, cycle_A: 0.060, D_B: 0.225, G_B: 0.844, cycle_B: 0.089, gp: 0.201

saving the latest model (epoch 17, total_iters 360000)
[Rank 0] (epoch: 17, iters: 11392, time: 0.001, data: 0.001) , D_A: 0.197, G_A: 0.909, cycle_A: 0.044, D_B: 0.190, G_B: 0.980, cycle_B: 0.091, gp: 0.172

[Rank 0] (epoch: 17, iters: 12992, time: 0.001, data: 0.001) , D_A: 0.202, G_A: 1.026, cycle_A: 0.042, D_B: 0.237, G_B: 1.077, cycle_B: 0.096, gp: 0.218

[Rank 0] (epoch: 17, iters: 14592, time: 0.001, data: 0.001) , D_A: 0.166, G_A: 0.985, cycle_A: 0.050, D_B: 0.185, G_B: 0.914, cycle_B: 0.092, gp: 0.163

[Rank 0] (epoch: 17, iters: 16192, time: 0.001, data: 0.001) , D_A: 0.248, G_A: 0.910, cycle_A: 0.047, D_B: 0.398, G_B: 0.884, cycle_B: 0.090, gp: 0.378

[Rank 0] (epoch: 17, iters: 17792, time: 0.001, data: 0.001) , D_A: 0.291, G_A: 0.985, cycle_A: 0.045, D_B: 0.348, G_B: 0.903, cycle_B: 0.095, gp: 0.332

[Rank 0] (epoch: 17, iters: 19392, time: 0.001, data: 0.001) , D_A: 0.281, G_A: 1.006, cycle_A: 0.053, D_B: 0.272, G_B: 0.970, cycle_B: 0.085, gp: 0.257

[Rank 0] (epoch: 17, iters: 20992, time: 0.001, data: 0.001) , D_A: 0.217, G_A: 0.996, cycle_A: 0.048, D_B: 0.326, G_B: 1.054, cycle_B: 0.088, gp: 0.315

learning rate 0.0002000 -> 0.0002000
temperature tau = 0.2861
End of epoch 17 / 50 	 Time Taken: 19 sec
[Rank 0] (epoch: 18, iters: 704, time: 0.001, data: 0.001) , D_A: 0.260, G_A: 1.000, cycle_A: 0.042, D_B: 0.301, G_B: 0.864, cycle_B: 0.094, gp: 0.277

[Rank 0] (epoch: 18, iters: 2304, time: 0.001, data: 0.001) , D_A: 0.193, G_A: 0.958, cycle_A: 0.066, D_B: 0.265, G_B: 0.983, cycle_B: 0.090, gp: 0.233

[Rank 0] (epoch: 18, iters: 3904, time: 0.001, data: 0.001) , D_A: 0.151, G_A: 0.957, cycle_A: 0.049, D_B: 0.272, G_B: 0.940, cycle_B: 0.089, gp: 0.257

[Rank 0] (epoch: 18, iters: 5504, time: 0.001, data: 0.001) , D_A: 0.210, G_A: 1.028, cycle_A: 0.046, D_B: 0.314, G_B: 0.846, cycle_B: 0.091, gp: 0.300

[Rank 0] (epoch: 18, iters: 7104, time: 0.001, data: 0.001) , D_A: 0.230, G_A: 0.984, cycle_A: 0.045, D_B: 0.293, G_B: 0.806, cycle_B: 0.086, gp: 0.265

[Rank 0] (epoch: 18, iters: 8704, time: 0.001, data: 0.001) , D_A: 0.215, G_A: 0.897, cycle_A: 0.055, D_B: 0.282, G_B: 0.759, cycle_B: 0.085, gp: 0.242

[Rank 0] (epoch: 18, iters: 10304, time: 0.001, data: 0.001) , D_A: 0.197, G_A: 0.983, cycle_A: 0.056, D_B: 0.296, G_B: 0.963, cycle_B: 0.084, gp: 0.282

[Rank 0] (epoch: 18, iters: 11904, time: 0.001, data: 0.001) , D_A: 0.202, G_A: 0.899, cycle_A: 0.046, D_B: 0.411, G_B: 0.789, cycle_B: 0.089, gp: 0.385

[Rank 0] (epoch: 18, iters: 13504, time: 0.001, data: 0.001) , D_A: 0.200, G_A: 0.994, cycle_A: 0.046, D_B: 0.276, G_B: 1.008, cycle_B: 0.091, gp: 0.263

[Rank 0] (epoch: 18, iters: 15104, time: 0.001, data: 0.001) , D_A: 0.222, G_A: 0.969, cycle_A: 0.050, D_B: 0.342, G_B: 0.946, cycle_B: 0.092, gp: 0.326

[Rank 0] (epoch: 18, iters: 16704, time: 0.001, data: 0.001) , D_A: 0.166, G_A: 1.011, cycle_A: 0.041, D_B: 0.317, G_B: 1.076, cycle_B: 0.083, gp: 0.296

[Rank 0] (epoch: 18, iters: 18304, time: 0.001, data: 0.001) , D_A: 0.205, G_A: 1.036, cycle_A: 0.052, D_B: 0.193, G_B: 0.743, cycle_B: 0.087, gp: 0.165

[Rank 0] (epoch: 18, iters: 19904, time: 0.001, data: 0.001) , D_A: 0.173, G_A: 0.964, cycle_A: 0.048, D_B: 0.237, G_B: 0.978, cycle_B: 0.091, gp: 0.221

[Rank 0] (epoch: 18, iters: 21504, time: 0.001, data: 0.001) , D_A: 0.164, G_A: 0.987, cycle_A: 0.050, D_B: 0.660, G_B: 0.346, cycle_B: 0.093, gp: 0.504

learning rate 0.0002000 -> 0.0002000
temperature tau = 0.2768
End of epoch 18 / 50 	 Time Taken: 19 sec
[Rank 0] (epoch: 19, iters: 1216, time: 0.001, data: 0.001) , D_A: 0.306, G_A: 0.997, cycle_A: 0.049, D_B: 0.179, G_B: 1.000, cycle_B: 0.084, gp: 0.158

[Rank 0] (epoch: 19, iters: 2816, time: 0.001, data: 0.001) , D_A: 0.212, G_A: 0.985, cycle_A: 0.058, D_B: 0.349, G_B: 0.941, cycle_B: 0.088, gp: 0.330

[Rank 0] (epoch: 19, iters: 4416, time: 0.001, data: 0.001) , D_A: 0.225, G_A: 0.945, cycle_A: 0.041, D_B: 0.265, G_B: 0.809, cycle_B: 0.089, gp: 0.246

--- iter tau=0.2768 ---
  cipher in : eiebgbifbaibibadbcedbadbebegiebdcibfbidbaei bebibfb bebddbibefdh
  decrypted : hah i ab da a de ihe de h hiah eia b ae dhag h a b g h ee a hbef
  real plain: ide f he aa ci ca f he ieaia aciai f fie fighe a ee ied da he a 
  cipher in : aehbidbaibhdbadbdedhbadbaddbccai bibei bibadbi abehbidhbgi bhdbi
  decrypted : dhf ae da fe de ehef de dee iidag a hag a de agd hf aef iag fe a
  real plain:  he a eed e he ab beig caed b icia bega deig he ad he e he caig 
[Rank 0] (epoch: 19, iters: 6016, time: 0.001, data: 0.001) , D_A: 0.210, G_A: 0.922, cycle_A: 0.047, D_B: 0.185, G_B: 0.868, cycle_B: 0.090, gp: 0.174

saving the latest model (epoch 19, total_iters 400000)
[Rank 0] (epoch: 19, iters: 7616, time: 0.001, data: 0.001) , D_A: 0.240, G_A: 0.965, cycle_A: 0.045, D_B: 0.237, G_B: 0.932, cycle_B: 0.090, gp: 0.228

[Rank 0] (epoch: 19, iters: 9216, time: 0.001, data: 0.001) , D_A: 0.197, G_A: 0.969, cycle_A: 0.060, D_B: 0.365, G_B: 0.931, cycle_B: 0.088, gp: 0.342

[Rank 0] (epoch: 19, iters: 10816, time: 0.001, data: 0.001) , D_A: 0.195, G_A: 0.843, cycle_A: 0.050, D_B: 0.237, G_B: 0.964, cycle_B: 0.084, gp: 0.224

[Rank 0] (epoch: 19, iters: 12416, time: 0.001, data: 0.001) , D_A: 0.163, G_A: 0.936, cycle_A: 0.049, D_B: 0.396, G_B: 0.887, cycle_B: 0.089, gp: 0.370

[Rank 0] (epoch: 19, iters: 14016, time: 0.001, data: 0.001) , D_A: 0.235, G_A: 1.272, cycle_A: 0.064, D_B: 0.325, G_B: 0.980, cycle_B: 0.093, gp: 0.307

[Rank 0] (epoch: 19, iters: 15616, time: 0.001, data: 0.001) , D_A: 0.292, G_A: 0.983, cycle_A: 0.046, D_B: 0.575, G_B: 0.131, cycle_B: 0.084, gp: 0.464

[Rank 0] (epoch: 19, iters: 17216, time: 0.001, data: 0.001) , D_A: 0.283, G_A: 0.883, cycle_A: 0.042, D_B: 0.435, G_B: 0.909, cycle_B: 0.098, gp: 0.424

[Rank 0] (epoch: 19, iters: 18816, time: 0.001, data: 0.001) , D_A: 0.318, G_A: 0.951, cycle_A: 0.058, D_B: 0.251, G_B: 1.056, cycle_B: 0.090, gp: 0.228

[Rank 0] (epoch: 19, iters: 20416, time: 0.001, data: 0.001) , D_A: 0.221, G_A: 1.005, cycle_A: 0.042, D_B: 0.262, G_B: 0.973, cycle_B: 0.087, gp: 0.251

learning rate 0.0002000 -> 0.0002000
temperature tau = 0.2679
End of epoch 19 / 50 	 Time Taken: 19 sec
[Rank 0] (epoch: 20, iters: 128, time: 0.001, data: 0.001) , D_A: 0.196, G_A: 1.008, cycle_A: 0.050, D_B: 0.458, G_B: 0.867, cycle_B: 0.088, gp: 0.434

[Rank 0] (epoch: 20, iters: 1728, time: 0.001, data: 0.000) , D_A: 0.266, G_A: 0.794, cycle_A: 0.040, D_B: 0.362, G_B: 1.179, cycle_B: 0.092, gp: 0.335

[Rank 0] (epoch: 20, iters: 3328, time: 0.001, data: 0.001) , D_A: 0.301, G_A: 0.853, cycle_A: 0.060, D_B: 0.369, G_B: 0.970, cycle_B: 0.088, gp: 0.347

[Rank 0] (epoch: 20, iters: 4928, time: 0.001, data: 0.001) , D_A: 0.235, G_A: 1.031, cycle_A: 0.052, D_B: 0.387, G_B: 0.967, cycle_B: 0.090, gp: 0.363

[Rank 0] (epoch: 20, iters: 6528, time: 0.001, data: 0.001) , D_A: 0.162, G_A: 0.959, cycle_A: 0.050, D_B: 0.240, G_B: 0.903, cycle_B: 0.089, gp: 0.227

[Rank 0] (epoch: 20, iters: 8128, time: 0.001, data: 0.001) , D_A: 0.249, G_A: 0.971, cycle_A: 0.049, D_B: 0.272, G_B: 0.880, cycle_B: 0.085, gp: 0.256

[Rank 0] (epoch: 20, iters: 9728, time: 0.001, data: 0.001) , D_A: 0.248, G_A: 0.999, cycle_A: 0.049, D_B: 0.267, G_B: 1.089, cycle_B: 0.087, gp: 0.246

[Rank 0] (epoch: 20, iters: 11328, time: 0.001, data: 0.001) , D_A: 0.235, G_A: 0.981, cycle_A: 0.050, D_B: 0.372, G_B: 0.808, cycle_B: 0.092, gp: 0.348

[Rank 0] (epoch: 20, iters: 12928, time: 0.001, data: 0.001) , D_A: 0.278, G_A: 0.987, cycle_A: 0.046, D_B: 0.363, G_B: 0.883, cycle_B: 0.096, gp: 0.348

[Rank 0] (epoch: 20, iters: 14528, time: 0.001, data: 0.001) , D_A: 0.203, G_A: 0.983, cycle_A: 0.054, D_B: 0.217, G_B: 0.916, cycle_B: 0.091, gp: 0.201

[Rank 0] (epoch: 20, iters: 16128, time: 0.001, data: 0.001) , D_A: 0.331, G_A: 0.894, cycle_A: 0.050, D_B: 0.470, G_B: 0.958, cycle_B: 0.090, gp: 0.451

[Rank 0] (epoch: 20, iters: 17728, time: 0.001, data: 0.001) , D_A: 0.277, G_A: 0.921, cycle_A: 0.047, D_B: 0.311, G_B: 0.909, cycle_B: 0.094, gp: 0.298

[Rank 0] (epoch: 20, iters: 19328, time: 0.001, data: 0.001) , D_A: 0.287, G_A: 0.960, cycle_A: 0.046, D_B: 0.195, G_B: 1.028, cycle_B: 0.086, gp: 0.183

[Rank 0] (epoch: 20, iters: 20928, time: 0.001, data: 0.001) , D_A: 0.216, G_A: 1.032, cycle_A: 0.041, D_B: 0.341, G_B: 1.066, cycle_B: 0.088, gp: 0.326

learning rate 0.0002000 -> 0.0002000
temperature tau = 0.2592
End of epoch 20 / 50 	 Time Taken: 19 sec
[Rank 0] (epoch: 21, iters: 640, time: 0.001, data: 0.001) , D_A: 0.141, G_A: 0.987, cycle_A: 0.060, D_B: 0.388, G_B: 0.673, cycle_B: 0.094, gp: 0.357

--- iter tau=0.2592 ---
  cipher in : becidhbibaibd ibehbcabfbibebibdhbgbfdheiicbdebibebedbfb edhbaebe
  decrypted :  hiaef a da ega hf id b a h a ef i befhaai eh a h he b ghef dh h
  real plain: aed ee e e h ed hei e b ide i a baic ha iic e e e chaig aheia ad
  cipher in : ddbdhdhbebaebiddbdidhbfbeiebcdbehabehbdbaehbdedhbadbgbehbiabhiff
  decrypted : ee efef h dh aee eaef b hah ie hfd hf e dhf ehef de i hf ad fabb
  real plain: e e eaai he he iced eade ah g aide hee he a i he c f he big ee a
[Rank 0] (epoch: 21, iters: 2240, time: 0.001, data: 0.000) , D_A: 0.131, G_A: 0.967, cycle_A: 0.051, D_B: 0.363, G_B: 0.870, cycle_B: 0.091, gp: 0.337

saving the latest model (epoch 21, total_iters 440000)
[Rank 0] (epoch: 21, iters: 3840, time: 0.001, data: 0.001) , D_A: 0.175, G_A: 1.015, cycle_A: 0.054, D_B: 0.305, G_B: 0.884, cycle_B: 0.091, gp: 0.284

[Rank 0] (epoch: 21, iters: 5440, time: 0.001, data: 0.001) , D_A: 0.208, G_A: 0.954, cycle_A: 0.040, D_B: 0.408, G_B: 0.698, cycle_B: 0.088, gp: 0.391

[Rank 0] (epoch: 21, iters: 7040, time: 0.001, data: 0.001) , D_A: 0.230, G_A: 0.934, cycle_A: 0.047, D_B: 0.281, G_B: 0.915, cycle_B: 0.090, gp: 0.261

[Rank 0] (epoch: 21, iters: 8640, time: 0.001, data: 0.001) , D_A: 0.130, G_A: 0.976, cycle_A: 0.057, D_B: 0.203, G_B: 0.918, cycle_B: 0.086, gp: 0.180

[Rank 0] (epoch: 21, iters: 10240, time: 0.001, data: 0.001) , D_A: 0.246, G_A: 0.969, cycle_A: 0.056, D_B: 0.318, G_B: 0.918, cycle_B: 0.086, gp: 0.302

[Rank 0] (epoch: 21, iters: 11840, time: 0.001, data: 0.001) , D_A: 0.285, G_A: 0.976, cycle_A: 0.045, D_B: 0.486, G_B: 0.832, cycle_B: 0.090, gp: 0.455

[Rank 0] (epoch: 21, iters: 13440, time: 0.001, data: 0.001) , D_A: 0.148, G_A: 0.956, cycle_A: 0.046, D_B: 0.276, G_B: 0.959, cycle_B: 0.092, gp: 0.265

[Rank 0] (epoch: 21, iters: 15040, time: 0.001, data: 0.001) , D_A: 0.286, G_A: 1.002, cycle_A: 0.050, D_B: 0.434, G_B: 0.736, cycle_B: 0.096, gp: 0.416

[Rank 0] (epoch: 21, iters: 16640, time: 0.001, data: 0.001) , D_A: 0.237, G_A: 0.968, cycle_A: 0.043, D_B: 0.410, G_B: 0.992, cycle_B: 0.083, gp: 0.394

[Rank 0] (epoch: 21, iters: 18240, time: 0.001, data: 0.001) , D_A: 0.161, G_A: 0.962, cycle_A: 0.069, D_B: 0.415, G_B: 0.734, cycle_B: 0.090, gp: 0.393

[Rank 0] (epoch: 21, iters: 19840, time: 0.001, data: 0.001) , D_A: 0.199, G_A: 0.993, cycle_A: 0.054, D_B: 0.288, G_B: 0.873, cycle_B: 0.092, gp: 0.272

[Rank 0] (epoch: 21, iters: 21440, time: 0.001, data: 0.001) , D_A: 0.196, G_A: 1.016, cycle_A: 0.041, D_B: 0.414, G_B: 0.840, cycle_B: 0.093, gp: 0.386

learning rate 0.0002000 -> 0.0002000
temperature tau = 0.2508
End of epoch 21 / 50 	 Time Taken: 19 sec
[Rank 0] (epoch: 22, iters: 1152, time: 0.001, data: 0.001) , D_A: 0.216, G_A: 1.021, cycle_A: 0.056, D_B: 0.281, G_B: 0.956, cycle_B: 0.083, gp: 0.266

[Rank 0] (epoch: 22, iters: 2752, time: 0.001, data: 0.001) , D_A: 0.228, G_A: 0.951, cycle_A: 0.056, D_B: 0.250, G_B: 1.006, cycle_B: 0.087, gp: 0.234

[Rank 0] (epoch: 22, iters: 4352, time: 0.001, data: 0.001) , D_A: 0.181, G_A: 0.977, cycle_A: 0.048, D_B: 0.202, G_B: 1.008, cycle_B: 0.091, gp: 0.190

[Rank 0] (epoch: 22, iters: 5952, time: 0.001, data: 0.001) , D_A: 0.102, G_A: 0.953, cycle_A: 0.048, D_B: 0.264, G_B: 0.818, cycle_B: 0.091, gp: 0.229

[Rank 0] (epoch: 22, iters: 7552, time: 0.001, data: 0.001) , D_A: 0.168, G_A: 0.946, cycle_A: 0.040, D_B: 0.259, G_B: 0.972, cycle_B: 0.091, gp: 0.247

[Rank 0] (epoch: 22, iters: 9152, time: 0.001, data: 0.001) , D_A: 0.248, G_A: 0.948, cycle_A: 0.055, D_B: 0.296, G_B: 0.944, cycle_B: 0.090, gp: 0.278

[Rank 0] (epoch: 22, iters: 10752, time: 0.001, data: 0.001) , D_A: 0.179, G_A: 0.983, cycle_A: 0.045, D_B: 0.227, G_B: 0.864, cycle_B: 0.088, gp: 0.218

[Rank 0] (epoch: 22, iters: 12352, time: 0.001, data: 0.001) , D_A: 0.182, G_A: 1.059, cycle_A: 0.052, D_B: 0.279, G_B: 1.051, cycle_B: 0.090, gp: 0.251

[Rank 0] (epoch: 22, iters: 13952, time: 0.001, data: 0.001) , D_A: 0.234, G_A: 0.956, cycle_A: 0.055, D_B: 0.210, G_B: 0.908, cycle_B: 0.092, gp: 0.191

[Rank 0] (epoch: 22, iters: 15552, time: 0.001, data: 0.001) , D_A: 0.240, G_A: 0.950, cycle_A: 0.046, D_B: 0.352, G_B: 0.728, cycle_B: 0.085, gp: 0.321

[Rank 0] (epoch: 22, iters: 17152, time: 0.001, data: 0.001) , D_A: 0.263, G_A: 1.174, cycle_A: 0.041, D_B: 0.240, G_B: 0.948, cycle_B: 0.099, gp: 0.230

[Rank 0] (epoch: 22, iters: 18752, time: 0.001, data: 0.001) , D_A: 0.249, G_A: 0.955, cycle_A: 0.056, D_B: 0.210, G_B: 1.023, cycle_B: 0.091, gp: 0.190

--- iter tau=0.2508 ---
  cipher in : ceibiiidbcabebcecibebaicabcebdecbiabibedbadbdbhifficbddbaddfdbhd
  decrypted : iha aaae id h ihia h daid ih ehi ad a he de e fabbai ee deebe fe
  real plain: gehe ad c he b eceed i hai ad had be he a eed a eid c ab ad caed
  cipher in : ibffbaddbibdebe bibhihbebeai badbhbecai badb ibhdi baebebci bdba
  decrypted : a bb dee a eh hg a faf h hdag de f hidag de ga feag dh h iag e d
  real plain: ee f hi ci cae eice ad ceig a ide aie f fai be becae eihe f he e
[Rank 0] (epoch: 22, iters: 20352, time: 0.001, data: 0.001) , D_A: 0.290, G_A: 0.994, cycle_A: 0.047, D_B: 0.275, G_B: 0.948, cycle_B: 0.086, gp: 0.262

saving the latest model (epoch 22, total_iters 480000)
learning rate 0.0002000 -> 0.0002000
temperature tau = 0.2427
End of epoch 22 / 50 	 Time Taken: 19 sec
[Rank 0] (epoch: 23, iters: 64, time: 0.001, data: 0.001) , D_A: 0.240, G_A: 0.924, cycle_A: 0.045, D_B: 0.371, G_B: 0.835, cycle_B: 0.089, gp: 0.360

[Rank 0] (epoch: 23, iters: 1664, time: 0.001, data: 0.000) , D_A: 0.310, G_A: 1.051, cycle_A: 0.046, D_B: 0.430, G_B: 0.836, cycle_B: 0.091, gp: 0.416

[Rank 0] (epoch: 23, iters: 3264, time: 0.001, data: 0.001) , D_A: 0.480, G_A: 1.049, cycle_A: 0.064, D_B: 0.307, G_B: 1.125, cycle_B: 0.130, gp: 0.278

[Rank 0] (epoch: 23, iters: 4864, time: 0.001, data: 0.001) , D_A: 0.594, G_A: 0.571, cycle_A: 0.845, D_B: 0.709, G_B: 0.763, cycle_B: 0.831, gp: 0.467

[Rank 0] (epoch: 23, iters: 6464, time: 0.001, data: 0.001) , D_A: 0.728, G_A: 1.297, cycle_A: 0.081, D_B: 0.427, G_B: 0.346, cycle_B: 0.100, gp: 0.288

[Rank 0] (epoch: 23, iters: 8064, time: 0.001, data: 0.001) , D_A: 0.653, G_A: 0.566, cycle_A: 0.059, D_B: 0.449, G_B: 0.765, cycle_B: 0.050, gp: 0.389

[Rank 0] (epoch: 23, iters: 9664, time: 0.001, data: 0.001) , D_A: 0.648, G_A: 0.890, cycle_A: 0.049, D_B: 0.516, G_B: 0.968, cycle_B: 0.052, gp: 0.449

[Rank 0] (epoch: 23, iters: 11264, time: 0.001, data: 0.001) , D_A: 0.675, G_A: 0.769, cycle_A: 0.055, D_B: 0.412, G_B: 0.892, cycle_B: 0.055, gp: 0.360

[Rank 0] (epoch: 23, iters: 12864, time: 0.001, data: 0.001) , D_A: 0.720, G_A: 0.715, cycle_A: 0.053, D_B: 0.508, G_B: 0.564, cycle_B: 0.046, gp: 0.433

[Rank 0] (epoch: 23, iters: 14464, time: 0.001, data: 0.001) , D_A: 0.743, G_A: 1.321, cycle_A: 0.045, D_B: 0.392, G_B: 0.832, cycle_B: 0.046, gp: 0.342

[Rank 0] (epoch: 23, iters: 16064, time: 0.001, data: 0.001) , D_A: 0.834, G_A: 0.421, cycle_A: 0.050, D_B: 0.393, G_B: 0.787, cycle_B: 0.045, gp: 0.359

[Rank 0] (epoch: 23, iters: 17664, time: 0.001, data: 0.001) , D_A: 0.749, G_A: 1.040, cycle_A: 0.051, D_B: 0.464, G_B: 0.715, cycle_B: 0.055, gp: 0.429

[Rank 0] (epoch: 23, iters: 19264, time: 0.001, data: 0.001) , D_A: 0.714, G_A: 0.986, cycle_A: 0.051, D_B: 0.370, G_B: 0.884, cycle_B: 0.049, gp: 0.325

[Rank 0] (epoch: 23, iters: 20864, time: 0.001, data: 0.001) , D_A: 0.735, G_A: 1.106, cycle_A: 0.050, D_B: 0.190, G_B: 0.780, cycle_B: 0.056, gp: 0.153

learning rate 0.0002000 -> 0.0002000
temperature tau = 0.2349
End of epoch 23 / 50 	 Time Taken: 19 sec
[Rank 0] (epoch: 24, iters: 576, time: 0.001, data: 0.001) , D_A: 0.733, G_A: 0.715, cycle_A: 0.057, D_B: 0.383, G_B: 0.936, cycle_B: 0.049, gp: 0.343

[Rank 0] (epoch: 24, iters: 2176, time: 0.001, data: 0.000) , D_A: 0.698, G_A: 0.922, cycle_A: 0.050, D_B: 0.326, G_B: 0.557, cycle_B: 0.047, gp: 0.213

[Rank 0] (epoch: 24, iters: 3776, time: 0.001, data: 0.001) , D_A: 0.649, G_A: 0.866, cycle_A: 0.052, D_B: 0.316, G_B: 0.915, cycle_B: 0.052, gp: 0.272

[Rank 0] (epoch: 24, iters: 5376, time: 0.001, data: 0.001) , D_A: 0.802, G_A: 0.493, cycle_A: 0.046, D_B: 0.429, G_B: 0.886, cycle_B: 0.061, gp: 0.358

[Rank 0] (epoch: 24, iters: 6976, time: 0.001, data: 0.001) , D_A: 0.596, G_A: 0.984, cycle_A: 0.050, D_B: 0.366, G_B: 0.812, cycle_B: 0.051, gp: 0.334

[Rank 0] (epoch: 24, iters: 8576, time: 0.001, data: 0.001) , D_A: 0.640, G_A: 1.078, cycle_A: 0.047, D_B: 0.274, G_B: 0.929, cycle_B: 0.051, gp: 0.228

[Rank 0] (epoch: 24, iters: 10176, time: 0.001, data: 0.001) , D_A: 0.643, G_A: 0.927, cycle_A: 0.061, D_B: 0.366, G_B: 0.891, cycle_B: 0.048, gp: 0.332

[Rank 0] (epoch: 24, iters: 11776, time: 0.001, data: 0.001) , D_A: 0.639, G_A: 0.975, cycle_A: 0.047, D_B: 0.256, G_B: 0.961, cycle_B: 0.046, gp: 0.237

[Rank 0] (epoch: 24, iters: 13376, time: 0.001, data: 0.001) , D_A: 0.675, G_A: 0.986, cycle_A: 0.057, D_B: 0.404, G_B: 0.836, cycle_B: 0.055, gp: 0.368

[Rank 0] (epoch: 24, iters: 14976, time: 0.001, data: 0.001) , D_A: 1.258, G_A: 0.283, cycle_A: 0.042, D_B: 0.384, G_B: 0.819, cycle_B: 0.052, gp: 0.332

--- iter tau=0.2349 ---
  cipher in : cbaebihhbaehbadbebdeadbaddb dhdbfbecidbfdiidbehbddbgbadbdebfbiei
  decrypted : i ha dff haf he a eahe hee gefe c aide cedde af ee i he ea c dad
  real plain: h da afe he eddig h cd i hae bee ha he ded he h he f i gig ic he
  cipher in : ebaibebdebe ehiebcdbgecbe be eibadbhbghbebib ehbebgdbadbhie abdg
  decrypted : a hd a ea agafda ie iai ag agad he f if a d gaf a ie he fdagh ei
  real plain:  i he iac hid i diidie if ie ad a e geeaig hdge eide ae added a 
[Rank 0] (epoch: 24, iters: 16576, time: 0.001, data: 0.001) , D_A: 0.673, G_A: 1.175, cycle_A: 0.045, D_B: 0.362, G_B: 0.955, cycle_B: 0.048, gp: 0.333

saving the latest model (epoch 24, total_iters 520000)
[Rank 0] (epoch: 24, iters: 18176, time: 0.001, data: 0.001) , D_A: 0.669, G_A: 0.983, cycle_A: 0.049, D_B: 0.290, G_B: 0.785, cycle_B: 0.054, gp: 0.256

[Rank 0] (epoch: 24, iters: 19776, time: 0.001, data: 0.001) , D_A: 0.566, G_A: 0.983, cycle_A: 0.052, D_B: 0.300, G_B: 0.865, cycle_B: 0.044, gp: 0.263

[Rank 0] (epoch: 24, iters: 21376, time: 0.001, data: 0.001) , D_A: 0.709, G_A: 0.709, cycle_A: 0.044, D_B: 0.578, G_B: 0.665, cycle_B: 0.048, gp: 0.532

learning rate 0.0002000 -> 0.0002000
temperature tau = 0.2273
End of epoch 24 / 50 	 Time Taken: 19 sec
[Rank 0] (epoch: 25, iters: 1088, time: 0.001, data: 0.001) , D_A: 0.693, G_A: 1.038, cycle_A: 0.051, D_B: 0.281, G_B: 0.781, cycle_B: 0.056, gp: 0.255

[Rank 0] (epoch: 25, iters: 2688, time: 0.001, data: 0.002) , D_A: 0.677, G_A: 0.738, cycle_A: 0.049, D_B: 0.226, G_B: 0.814, cycle_B: 0.050, gp: 0.202

[Rank 0] (epoch: 25, iters: 4288, time: 0.001, data: 0.001) , D_A: 0.684, G_A: 1.237, cycle_A: 0.051, D_B: 0.339, G_B: 0.985, cycle_B: 0.048, gp: 0.311

[Rank 0] (epoch: 25, iters: 5888, time: 0.001, data: 0.001) , D_A: 0.537, G_A: 1.112, cycle_A: 0.046, D_B: 0.353, G_B: 0.891, cycle_B: 0.051, gp: 0.321

[Rank 0] (epoch: 25, iters: 7488, time: 0.001, data: 0.001) , D_A: 0.739, G_A: 0.951, cycle_A: 0.045, D_B: 0.302, G_B: 1.030, cycle_B: 0.038, gp: 0.273

[Rank 0] (epoch: 25, iters: 9088, time: 0.001, data: 0.001) , D_A: 0.585, G_A: 0.870, cycle_A: 0.049, D_B: 0.406, G_B: 0.801, cycle_B: 0.050, gp: 0.365

[Rank 0] (epoch: 25, iters: 10688, time: 0.001, data: 0.001) , D_A: 0.685, G_A: 0.846, cycle_A: 0.053, D_B: 0.305, G_B: 0.822, cycle_B: 0.048, gp: 0.288

[Rank 0] (epoch: 25, iters: 12288, time: 0.001, data: 0.001) , D_A: 0.607, G_A: 0.730, cycle_A: 0.049, D_B: 0.334, G_B: 0.759, cycle_B: 0.053, gp: 0.297

[Rank 0] (epoch: 25, iters: 13888, time: 0.001, data: 0.001) , D_A: 0.626, G_A: 0.970, cycle_A: 0.054, D_B: 0.277, G_B: 0.774, cycle_B: 0.051, gp: 0.244

[Rank 0] (epoch: 25, iters: 15488, time: 0.001, data: 0.001) , D_A: 0.661, G_A: 0.894, cycle_A: 0.046, D_B: 0.400, G_B: 0.796, cycle_B: 0.051, gp: 0.366

[Rank 0] (epoch: 25, iters: 17088, time: 0.001, data: 0.001) , D_A: 0.571, G_A: 0.978, cycle_A: 0.056, D_B: 0.281, G_B: 1.038, cycle_B: 0.049, gp: 0.232

[Rank 0] (epoch: 25, iters: 18688, time: 0.001, data: 0.001) , D_A: 0.752, G_A: 0.907, cycle_A: 0.048, D_B: 0.247, G_B: 0.807, cycle_B: 0.047, gp: 0.228

[Rank 0] (epoch: 25, iters: 20288, time: 0.001, data: 0.001) , D_A: 0.661, G_A: 0.981, cycle_A: 0.049, D_B: 0.318, G_B: 1.125, cycle_B: 0.042, gp: 0.281

[Rank 0] (epoch: 25, iters: 21888, time: 0.001, data: 0.001) , D_A: 0.719, G_A: 0.553, cycle_A: 0.045, D_B: 0.436, G_B: 1.259, cycle_B: 0.044, gp: 0.316

learning rate 0.0002000 -> 0.0002000
temperature tau = 0.2200
End of epoch 25 / 50 	 Time Taken: 21 sec
[Rank 0] (epoch: 26, iters: 1600, time: 0.001, data: 0.106) , D_A: 0.603, G_A: 0.849, cycle_A: 0.038, D_B: 0.460, G_B: 0.884, cycle_B: 0.046, gp: 0.429

[Rank 0] (epoch: 26, iters: 3200, time: 0.001, data: 0.001) , D_A: 0.683, G_A: 0.902, cycle_A: 0.053, D_B: 0.280, G_B: 0.981, cycle_B: 0.051, gp: 0.247

[Rank 0] (epoch: 26, iters: 4800, time: 0.001, data: 0.001) , D_A: 0.679, G_A: 0.905, cycle_A: 0.049, D_B: 0.267, G_B: 0.912, cycle_B: 0.044, gp: 0.241

[Rank 0] (epoch: 26, iters: 6400, time: 0.001, data: 0.001) , D_A: 0.634, G_A: 0.939, cycle_A: 0.047, D_B: 0.282, G_B: 0.889, cycle_B: 0.049, gp: 0.262

[Rank 0] (epoch: 26, iters: 8000, time: 0.001, data: 0.001) , D_A: 0.774, G_A: 0.683, cycle_A: 0.050, D_B: 0.339, G_B: 0.755, cycle_B: 0.047, gp: 0.312

[Rank 0] (epoch: 26, iters: 9600, time: 0.001, data: 0.001) , D_A: 0.759, G_A: 0.699, cycle_A: 0.051, D_B: 0.313, G_B: 0.906, cycle_B: 0.054, gp: 0.297

[Rank 0] (epoch: 26, iters: 11200, time: 0.001, data: 0.001) , D_A: 0.678, G_A: 0.763, cycle_A: 0.043, D_B: 0.376, G_B: 1.049, cycle_B: 0.052, gp: 0.222

--- iter tau=0.2200 ---
  cipher in : bibcfib dbedhbiababebehedbeeidbehbehdbddhbhdedbhdaidbhbidbdbadbd
  decrypted :  d icd ge aef dh h a afae aade af afe eef feae fehde f de e he e
  real plain: ea hi bade a aacig hi ae he e e i a gff ice a affecai hich ie be
  cipher in : i bgbadbidfi baibebebg edbgddadbihbehbdigdbddghbddhbefdbidiibfba
  decrypted : dg i he decdg hd a a igae ieehe df af edie eeif eef ace dedd c h
  real plain: ace ca i becae i f ahe a b ee if ha he a e he ae be f e ad ae he
[Rank 0] (epoch: 26, iters: 12800, time: 0.001, data: 0.001) , D_A: 0.708, G_A: 1.114, cycle_A: 0.045, D_B: 0.349, G_B: 0.990, cycle_B: 0.051, gp: 0.328

saving the latest model (epoch 26, total_iters 560000)
[Rank 0] (epoch: 26, iters: 14400, time: 0.001, data: 0.001) , D_A: 0.705, G_A: 0.977, cycle_A: 0.054, D_B: 0.409, G_B: 0.957, cycle_B: 0.045, gp: 0.385

[Rank 0] (epoch: 26, iters: 16000, time: 0.001, data: 0.001) , D_A: 0.741, G_A: 0.944, cycle_A: 0.045, D_B: 0.416, G_B: 0.844, cycle_B: 0.045, gp: 0.388

[Rank 0] (epoch: 26, iters: 17600, time: 0.001, data: 0.001) , D_A: 0.684, G_A: 1.073, cycle_A: 0.049, D_B: 0.348, G_B: 0.640, cycle_B: 0.057, gp: 0.293

[Rank 0] (epoch: 26, iters: 19200, time: 0.001, data: 0.001) , D_A: 0.642, G_A: 0.957, cycle_A: 0.049, D_B: 0.435, G_B: 0.743, cycle_B: 0.048, gp: 0.406

[Rank 0] (epoch: 26, iters: 20800, time: 0.001, data: 0.001) , D_A: 0.687, G_A: 1.007, cycle_A: 0.047, D_B: 0.213, G_B: 0.812, cycle_B: 0.052, gp: 0.193

learning rate 0.0002000 -> 0.0002000
temperature tau = 0.2129
End of epoch 26 / 50 	 Time Taken: 21 sec
[Rank 0] (epoch: 27, iters: 512, time: 0.001, data: 0.002) , D_A: 0.575, G_A: 0.895, cycle_A: 0.057, D_B: 0.313, G_B: 1.035, cycle_B: 0.049, gp: 0.276

[Rank 0] (epoch: 27, iters: 2112, time: 0.001, data: 0.000) , D_A: 0.611, G_A: 0.718, cycle_A: 0.043, D_B: 0.365, G_B: 0.855, cycle_B: 0.048, gp: 0.337

[Rank 0] (epoch: 27, iters: 3712, time: 0.001, data: 0.001) , D_A: 0.653, G_A: 1.045, cycle_A: 0.046, D_B: 0.358, G_B: 0.909, cycle_B: 0.051, gp: 0.335

[Rank 0] (epoch: 27, iters: 5312, time: 0.001, data: 0.001) , D_A: 0.706, G_A: 0.995, cycle_A: 0.045, D_B: 0.362, G_B: 1.044, cycle_B: 0.055, gp: 0.309

[Rank 0] (epoch: 27, iters: 6912, time: 0.001, data: 0.001) , D_A: 0.584, G_A: 0.681, cycle_A: 0.045, D_B: 0.284, G_B: 0.943, cycle_B: 0.049, gp: 0.269

[Rank 0] (epoch: 27, iters: 8512, time: 0.001, data: 0.001) , D_A: 0.652, G_A: 0.869, cycle_A: 0.045, D_B: 0.378, G_B: 0.642, cycle_B: 0.054, gp: 0.336

[Rank 0] (epoch: 27, iters: 10112, time: 0.001, data: 0.001) , D_A: 0.650, G_A: 0.735, cycle_A: 0.050, D_B: 0.311, G_B: 1.036, cycle_B: 0.047, gp: 0.262

[Rank 0] (epoch: 27, iters: 11712, time: 0.001, data: 0.001) , D_A: 0.619, G_A: 1.156, cycle_A: 0.047, D_B: 0.300, G_B: 0.767, cycle_B: 0.046, gp: 0.287

[Rank 0] (epoch: 27, iters: 13312, time: 0.001, data: 0.001) , D_A: 0.686, G_A: 0.539, cycle_A: 0.047, D_B: 0.346, G_B: 0.906, cycle_B: 0.045, gp: 0.334

[Rank 0] (epoch: 27, iters: 14912, time: 0.001, data: 0.001) , D_A: 0.695, G_A: 0.933, cycle_A: 0.041, D_B: 0.303, G_B: 0.896, cycle_B: 0.053, gp: 0.270

[Rank 0] (epoch: 27, iters: 16512, time: 0.001, data: 0.001) , D_A: 0.594, G_A: 0.946, cycle_A: 0.044, D_B: 0.458, G_B: 0.973, cycle_B: 0.047, gp: 0.430

[Rank 0] (epoch: 27, iters: 18112, time: 0.001, data: 0.001) , D_A: 0.739, G_A: 0.641, cycle_A: 0.051, D_B: 0.246, G_B: 0.976, cycle_B: 0.052, gp: 0.220

[Rank 0] (epoch: 27, iters: 19712, time: 0.001, data: 0.001) , D_A: 0.772, G_A: 0.699, cycle_A: 0.047, D_B: 0.380, G_B: 0.874, cycle_B: 0.043, gp: 0.357

[Rank 0] (epoch: 27, iters: 21312, time: 0.001, data: 0.001) , D_A: 0.841, G_A: 0.528, cycle_A: 0.046, D_B: 0.381, G_B: 0.895, cycle_B: 0.046, gp: 0.368

learning rate 0.0002000 -> 0.0002000
temperature tau = 0.2060
End of epoch 27 / 50 	 Time Taken: 20 sec
[Rank 0] (epoch: 28, iters: 1024, time: 0.001, data: 0.001) , D_A: 0.578, G_A: 1.045, cycle_A: 0.052, D_B: 0.397, G_B: 0.956, cycle_B: 0.044, gp: 0.375

[Rank 0] (epoch: 28, iters: 2624, time: 0.001, data: 0.002) , D_A: 0.674, G_A: 0.741, cycle_A: 0.049, D_B: 0.225, G_B: 0.875, cycle_B: 0.050, gp: 0.200

[Rank 0] (epoch: 28, iters: 4224, time: 0.001, data: 0.001) , D_A: 0.677, G_A: 1.005, cycle_A: 0.044, D_B: 0.215, G_B: 0.911, cycle_B: 0.048, gp: 0.205

[Rank 0] (epoch: 28, iters: 5824, time: 0.001, data: 0.003) , D_A: 0.652, G_A: 0.967, cycle_A: 0.044, D_B: 0.411, G_B: 0.760, cycle_B: 0.052, gp: 0.390

[Rank 0] (epoch: 28, iters: 7424, time: 0.001, data: 0.001) , D_A: 0.674, G_A: 0.973, cycle_A: 0.050, D_B: 0.187, G_B: 0.953, cycle_B: 0.037, gp: 0.166

--- iter tau=0.2060 ---
  cipher in : badbaehbecdh dhbadbebibebdeidbaibebhdcihdhbadbiffbfi dbibadbcdb 
  decrypted :  he haf aiefgef he a d a eade hd a feidfef he dcc cdge d he ie g
  real plain: he ee e had had baceed i a figh e beig ebe a he cad e da bac ae 
  cipher in : egbidbdbibdbfbadbecidbciidbibadbhbfidhbiabdhbehbcebibibebdicbecd
  decrypted : ai de e d e c he aide idde d he f cdef dh ef af ia d d a edi aie
  real plain:  bbed f aiciai a c diaie eied he he ee cibig he hi i he igh he h
[Rank 0] (epoch: 28, iters: 9024, time: 0.001, data: 0.001) , D_A: 0.603, G_A: 0.995, cycle_A: 0.049, D_B: 0.374, G_B: 0.970, cycle_B: 0.048, gp: 0.349

saving the latest model (epoch 28, total_iters 600000)
[Rank 0] (epoch: 28, iters: 10624, time: 0.001, data: 0.001) , D_A: 0.618, G_A: 0.965, cycle_A: 0.047, D_B: 0.290, G_B: 0.936, cycle_B: 0.046, gp: 0.274

[Rank 0] (epoch: 28, iters: 12224, time: 0.001, data: 0.001) , D_A: 0.555, G_A: 1.163, cycle_A: 0.047, D_B: 0.424, G_B: 0.426, cycle_B: 0.056, gp: 0.286

[Rank 0] (epoch: 28, iters: 13824, time: 0.001, data: 0.001) , D_A: 0.614, G_A: 0.948, cycle_A: 0.052, D_B: 0.298, G_B: 0.948, cycle_B: 0.051, gp: 0.289

[Rank 0] (epoch: 28, iters: 15424, time: 0.001, data: 0.001) , D_A: 0.577, G_A: 0.931, cycle_A: 0.045, D_B: 0.503, G_B: 0.903, cycle_B: 0.047, gp: 0.490

[Rank 0] (epoch: 28, iters: 17024, time: 0.001, data: 0.001) , D_A: 0.638, G_A: 0.936, cycle_A: 0.046, D_B: 0.434, G_B: 0.895, cycle_B: 0.049, gp: 0.413

[Rank 0] (epoch: 28, iters: 18624, time: 0.001, data: 0.003) , D_A: 0.566, G_A: 1.039, cycle_A: 0.052, D_B: 0.302, G_B: 0.751, cycle_B: 0.048, gp: 0.256

[Rank 0] (epoch: 28, iters: 20224, time: 0.001, data: 0.001) , D_A: 0.698, G_A: 0.655, cycle_A: 0.049, D_B: 0.297, G_B: 0.956, cycle_B: 0.042, gp: 0.288

[Rank 0] (epoch: 28, iters: 21824, time: 0.001, data: 0.001) , D_A: 0.745, G_A: 1.105, cycle_A: 0.048, D_B: 0.381, G_B: 0.600, cycle_B: 0.043, gp: 0.350

learning rate 0.0002000 -> 0.0002000
temperature tau = 0.1993
End of epoch 28 / 50 	 Time Taken: 21 sec
[Rank 0] (epoch: 29, iters: 1536, time: 0.001, data: 0.001) , D_A: 0.684, G_A: 0.967, cycle_A: 0.046, D_B: 0.399, G_B: 0.807, cycle_B: 0.051, gp: 0.384

[Rank 0] (epoch: 29, iters: 3136, time: 0.001, data: 0.001) , D_A: 0.530, G_A: 0.974, cycle_A: 0.050, D_B: 0.208, G_B: 0.921, cycle_B: 0.048, gp: 0.187

[Rank 0] (epoch: 29, iters: 4736, time: 0.001, data: 0.001) , D_A: 0.657, G_A: 1.184, cycle_A: 0.044, D_B: 0.294, G_B: 0.985, cycle_B: 0.043, gp: 0.281

[Rank 0] (epoch: 29, iters: 6336, time: 0.001, data: 0.001) , D_A: 0.645, G_A: 1.015, cycle_A: 0.052, D_B: 0.264, G_B: 0.955, cycle_B: 0.047, gp: 0.243

[Rank 0] (epoch: 29, iters: 7936, time: 0.001, data: 0.001) , D_A: 0.809, G_A: 0.685, cycle_A: 0.050, D_B: 0.211, G_B: 0.978, cycle_B: 0.047, gp: 0.194

[Rank 0] (epoch: 29, iters: 9536, time: 0.001, data: 0.001) , D_A: 0.604, G_A: 0.901, cycle_A: 0.047, D_B: 0.374, G_B: 0.906, cycle_B: 0.050, gp: 0.360

[Rank 0] (epoch: 29, iters: 11136, time: 0.001, data: 0.001) , D_A: 0.655, G_A: 1.012, cycle_A: 0.050, D_B: 0.265, G_B: 0.810, cycle_B: 0.050, gp: 0.240

[Rank 0] (epoch: 29, iters: 12736, time: 0.001, data: 0.001) , D_A: 0.621, G_A: 1.044, cycle_A: 0.049, D_B: 0.239, G_B: 0.850, cycle_B: 0.049, gp: 0.214

[Rank 0] (epoch: 29, iters: 14336, time: 0.001, data: 0.001) , D_A: 0.648, G_A: 0.897, cycle_A: 0.050, D_B: 0.312, G_B: 0.888, cycle_B: 0.050, gp: 0.289

[Rank 0] (epoch: 29, iters: 15936, time: 0.001, data: 0.001) , D_A: 0.692, G_A: 0.871, cycle_A: 0.045, D_B: 0.349, G_B: 1.015, cycle_B: 0.042, gp: 0.322

[Rank 0] (epoch: 29, iters: 17536, time: 0.001, data: 0.001) , D_A: 0.659, G_A: 0.889, cycle_A: 0.042, D_B: 0.419, G_B: 1.000, cycle_B: 0.053, gp: 0.395

[Rank 0] (epoch: 29, iters: 19136, time: 0.001, data: 0.001) , D_A: 0.654, G_A: 0.804, cycle_A: 0.044, D_B: 0.381, G_B: 1.066, cycle_B: 0.047, gp: 0.366

[Rank 0] (epoch: 29, iters: 20736, time: 0.001, data: 0.001) , D_A: 0.673, G_A: 0.783, cycle_A: 0.049, D_B: 0.205, G_B: 0.866, cycle_B: 0.049, gp: 0.187

learning rate 0.0002000 -> 0.0002000
temperature tau = 0.1929
End of epoch 29 / 50 	 Time Taken: 21 sec
[Rank 0] (epoch: 30, iters: 448, time: 0.001, data: 0.001) , D_A: 0.612, G_A: 0.963, cycle_A: 0.051, D_B: 0.364, G_B: 0.945, cycle_B: 0.048, gp: 0.348

[Rank 0] (epoch: 30, iters: 2048, time: 0.001, data: 0.000) , D_A: 0.585, G_A: 0.971, cycle_A: 0.047, D_B: 0.303, G_B: 0.870, cycle_B: 0.045, gp: 0.286

[Rank 0] (epoch: 30, iters: 3648, time: 0.001, data: 0.001) , D_A: 0.597, G_A: 0.830, cycle_A: 0.047, D_B: 0.271, G_B: 0.909, cycle_B: 0.051, gp: 0.255

--- iter tau=0.1929 ---
  cipher in : dddbeadbdedbibaibdbifddbdbfbadbe dbebfbheebfbdbhdi dhbhicdbaebeh
  decrypted : eee ahe eae d hd e dcee e c he age a c faa c e fedgef fdie ha af
  real plain: e f he a ai he e f hee iiie ee ed ad ciai f daa f he egie ad ide
  cipher in : aidfbaebebdiieibddbdeidbadbebdihdhbaidfbaebadbaehbebebgdbfbigiii
  decrypted : hdec ha a eddad ee eade he a edfef hdec ha he haf a a ie c diddd
  real plain: be eaa ad hi ife hae ae a i he iceaea ceeie f faiie ih e babie h
[Rank 0] (epoch: 30, iters: 5248, time: 0.001, data: 0.001) , D_A: 0.655, G_A: 0.860, cycle_A: 0.049, D_B: 0.434, G_B: 0.950, cycle_B: 0.049, gp: 0.413

saving the latest model (epoch 30, total_iters 640000)
[Rank 0] (epoch: 30, iters: 6848, time: 0.001, data: 0.001) , D_A: 0.785, G_A: 0.926, cycle_A: 0.050, D_B: 0.256, G_B: 1.024, cycle_B: 0.052, gp: 0.229

[Rank 0] (epoch: 30, iters: 8448, time: 0.001, data: 0.001) , D_A: 0.650, G_A: 0.966, cycle_A: 0.054, D_B: 0.325, G_B: 1.053, cycle_B: 0.049, gp: 0.300

[Rank 0] (epoch: 30, iters: 10048, time: 0.001, data: 0.001) , D_A: 0.621, G_A: 1.056, cycle_A: 0.056, D_B: 0.256, G_B: 0.850, cycle_B: 0.045, gp: 0.232

[Rank 0] (epoch: 30, iters: 11648, time: 0.001, data: 0.001) , D_A: 0.677, G_A: 0.950, cycle_A: 0.047, D_B: 0.321, G_B: 0.927, cycle_B: 0.045, gp: 0.312

[Rank 0] (epoch: 30, iters: 13248, time: 0.001, data: 0.001) , D_A: 0.697, G_A: 1.260, cycle_A: 0.045, D_B: 0.299, G_B: 0.952, cycle_B: 0.045, gp: 0.286

[Rank 0] (epoch: 30, iters: 14848, time: 0.001, data: 0.001) , D_A: 0.671, G_A: 1.059, cycle_A: 0.049, D_B: 0.280, G_B: 0.840, cycle_B: 0.045, gp: 0.258

[Rank 0] (epoch: 30, iters: 16448, time: 0.001, data: 0.001) , D_A: 0.582, G_A: 1.009, cycle_A: 0.046, D_B: 0.413, G_B: 0.787, cycle_B: 0.047, gp: 0.398

[Rank 0] (epoch: 30, iters: 18048, time: 0.001, data: 0.001) , D_A: 0.538, G_A: 0.848, cycle_A: 0.057, D_B: 0.391, G_B: 0.971, cycle_B: 0.051, gp: 0.371

[Rank 0] (epoch: 30, iters: 19648, time: 0.001, data: 0.001) , D_A: 0.638, G_A: 0.640, cycle_A: 0.047, D_B: 0.386, G_B: 0.994, cycle_B: 0.043, gp: 0.374

[Rank 0] (epoch: 30, iters: 21248, time: 0.001, data: 0.001) , D_A: 0.699, G_A: 0.961, cycle_A: 0.046, D_B: 0.401, G_B: 1.018, cycle_B: 0.045, gp: 0.380

learning rate 0.0002000 -> 0.0002000
temperature tau = 0.1867
End of epoch 30 / 50 	 Time Taken: 19 sec
[Rank 0] (epoch: 31, iters: 960, time: 0.001, data: 0.001) , D_A: 0.654, G_A: 0.875, cycle_A: 0.046, D_B: 0.301, G_B: 0.920, cycle_B: 0.044, gp: 0.282

[Rank 0] (epoch: 31, iters: 2560, time: 0.001, data: 0.000) , D_A: 0.623, G_A: 1.043, cycle_A: 0.048, D_B: 0.278, G_B: 0.922, cycle_B: 0.046, gp: 0.261

[Rank 0] (epoch: 31, iters: 4160, time: 0.001, data: 0.001) , D_A: 0.748, G_A: 0.838, cycle_A: 0.047, D_B: 0.232, G_B: 1.018, cycle_B: 0.048, gp: 0.209

[Rank 0] (epoch: 31, iters: 5760, time: 0.001, data: 0.001) , D_A: 0.566, G_A: 0.868, cycle_A: 0.049, D_B: 0.228, G_B: 0.784, cycle_B: 0.048, gp: 0.207

[Rank 0] (epoch: 31, iters: 7360, time: 0.001, data: 0.001) , D_A: 0.647, G_A: 1.129, cycle_A: 0.052, D_B: 0.219, G_B: 0.940, cycle_B: 0.037, gp: 0.207

[Rank 0] (epoch: 31, iters: 8960, time: 0.001, data: 0.001) , D_A: 0.638, G_A: 1.007, cycle_A: 0.046, D_B: 0.304, G_B: 0.956, cycle_B: 0.047, gp: 0.271

[Rank 0] (epoch: 31, iters: 10560, time: 0.001, data: 0.001) , D_A: 0.671, G_A: 0.975, cycle_A: 0.049, D_B: 0.303, G_B: 0.757, cycle_B: 0.045, gp: 0.281

[Rank 0] (epoch: 31, iters: 12160, time: 0.001, data: 0.001) , D_A: 0.638, G_A: 0.843, cycle_A: 0.050, D_B: 0.209, G_B: 0.952, cycle_B: 0.051, gp: 0.184

[Rank 0] (epoch: 31, iters: 13760, time: 0.001, data: 0.001) , D_A: 0.550, G_A: 0.967, cycle_A: 0.052, D_B: 0.241, G_B: 0.855, cycle_B: 0.052, gp: 0.224

[Rank 0] (epoch: 31, iters: 15360, time: 0.001, data: 0.001) , D_A: 0.647, G_A: 0.890, cycle_A: 0.043, D_B: 0.375, G_B: 0.672, cycle_B: 0.050, gp: 0.348

[Rank 0] (epoch: 31, iters: 16960, time: 0.001, data: 0.001) , D_A: 0.811, G_A: 0.858, cycle_A: 0.045, D_B: 0.365, G_B: 0.839, cycle_B: 0.047, gp: 0.344

[Rank 0] (epoch: 31, iters: 18560, time: 0.001, data: 0.001) , D_A: 0.608, G_A: 0.936, cycle_A: 0.050, D_B: 0.302, G_B: 0.928, cycle_B: 0.046, gp: 0.280

[Rank 0] (epoch: 31, iters: 20160, time: 0.001, data: 0.001) , D_A: 0.710, G_A: 0.953, cycle_A: 0.048, D_B: 0.287, G_B: 0.873, cycle_B: 0.041, gp: 0.268

[Rank 0] (epoch: 31, iters: 21760, time: 0.001, data: 0.001) , D_A: 0.582, G_A: 1.019, cycle_A: 0.040, D_B: 0.539, G_B: 0.825, cycle_B: 0.043, gp: 0.516

learning rate 0.0002000 -> 0.0002000
temperature tau = 0.1806
End of epoch 31 / 50 	 Time Taken: 18 sec
--- iter tau=0.1806 ---
  cipher in : dbiidhbaebadbaedbadbadedbadbhbadebfbibehbadbadbadedbgecb ehebehb
  decrypted : e ddef ha he hae he heae he f hea c d af he he heae iai gafa af 
  real plain: e heigh f hde he ae i a dee eg i a f a hea cea ace a iabaded bab
  cipher in : baebadbcaeffdbdebddbhbfbaebadbeihbehhdbcedbgecbfbadbhbehbebebgbi
  decrypted :  ha he ihacce ea ee f c ha he adf affe iae iai c he f af a a i d
  real plain:  f hgh be cee abaded e ea i be abaded a he e e ea f eeig he chii
[Rank 0] (epoch: 32, iters: 1472, time: 0.001, data: 0.001) , D_A: 0.648, G_A: 0.927, cycle_A: 0.044, D_B: 0.211, G_B: 0.904, cycle_B: 0.052, gp: 0.192

saving the latest model (epoch 32, total_iters 680000)
[Rank 0] (epoch: 32, iters: 3072, time: 0.001, data: 0.001) , D_A: 0.720, G_A: 0.896, cycle_A: 0.051, D_B: 0.323, G_B: 0.949, cycle_B: 0.047, gp: 0.307

[Rank 0] (epoch: 32, iters: 4672, time: 0.001, data: 0.002) , D_A: 0.732, G_A: 0.754, cycle_A: 0.049, D_B: 0.305, G_B: 0.982, cycle_B: 0.042, gp: 0.293

[Rank 0] (epoch: 32, iters: 6272, time: 0.001, data: 0.001) , D_A: 0.661, G_A: 1.083, cycle_A: 0.050, D_B: 0.246, G_B: 0.989, cycle_B: 0.046, gp: 0.230

[Rank 0] (epoch: 32, iters: 7872, time: 0.001, data: 0.001) , D_A: 0.767, G_A: 0.879, cycle_A: 0.048, D_B: 0.210, G_B: 1.030, cycle_B: 0.046, gp: 0.185

[Rank 0] (epoch: 32, iters: 9472, time: 0.001, data: 0.001) , D_A: 0.642, G_A: 0.881, cycle_A: 0.050, D_B: 0.177, G_B: 0.944, cycle_B: 0.049, gp: 0.164

[Rank 0] (epoch: 32, iters: 11072, time: 0.001, data: 0.001) , D_A: 0.803, G_A: 0.610, cycle_A: 0.046, D_B: 0.320, G_B: 0.836, cycle_B: 0.050, gp: 0.300

[Rank 0] (epoch: 32, iters: 12672, time: 0.001, data: 0.002) , D_A: 0.629, G_A: 0.935, cycle_A: 0.047, D_B: 0.452, G_B: 0.765, cycle_B: 0.047, gp: 0.370

[Rank 0] (epoch: 32, iters: 14272, time: 0.001, data: 0.001) , D_A: 0.677, G_A: 0.963, cycle_A: 0.057, D_B: 0.332, G_B: 0.914, cycle_B: 0.051, gp: 0.301

[Rank 0] (epoch: 32, iters: 15872, time: 0.001, data: 0.001) , D_A: 0.617, G_A: 0.874, cycle_A: 0.042, D_B: 0.352, G_B: 0.975, cycle_B: 0.047, gp: 0.332

[Rank 0] (epoch: 32, iters: 17472, time: 0.001, data: 0.001) , D_A: 0.657, G_A: 1.048, cycle_A: 0.043, D_B: 0.378, G_B: 0.879, cycle_B: 0.054, gp: 0.358

[Rank 0] (epoch: 32, iters: 19072, time: 0.001, data: 0.001) , D_A: 0.630, G_A: 1.015, cycle_A: 0.039, D_B: 0.512, G_B: 0.988, cycle_B: 0.045, gp: 0.499

[Rank 0] (epoch: 32, iters: 20672, time: 0.001, data: 0.001) , D_A: 0.808, G_A: 0.523, cycle_A: 0.055, D_B: 0.326, G_B: 0.992, cycle_B: 0.049, gp: 0.301

learning rate 0.0002000 -> 0.0002000
temperature tau = 0.1748
End of epoch 32 / 50 	 Time Taken: 18 sec
[Rank 0] (epoch: 33, iters: 384, time: 0.001, data: 0.001) , D_A: 0.655, G_A: 0.884, cycle_A: 0.044, D_B: 0.309, G_B: 0.859, cycle_B: 0.047, gp: 0.294

[Rank 0] (epoch: 33, iters: 1984, time: 0.001, data: 0.003) , D_A: 0.646, G_A: 0.884, cycle_A: 0.049, D_B: 0.170, G_B: 0.740, cycle_B: 0.045, gp: 0.151

[Rank 0] (epoch: 33, iters: 3584, time: 0.001, data: 0.001) , D_A: 0.658, G_A: 0.978, cycle_A: 0.043, D_B: 0.302, G_B: 0.872, cycle_B: 0.047, gp: 0.288

[Rank 0] (epoch: 33, iters: 5184, time: 0.001, data: 0.001) , D_A: 0.601, G_A: 0.943, cycle_A: 0.038, D_B: 0.440, G_B: 0.925, cycle_B: 0.048, gp: 0.418

[Rank 0] (epoch: 33, iters: 6784, time: 0.001, data: 0.001) , D_A: 0.698, G_A: 0.870, cycle_A: 0.051, D_B: 0.229, G_B: 0.951, cycle_B: 0.047, gp: 0.217

[Rank 0] (epoch: 33, iters: 8384, time: 0.001, data: 0.001) , D_A: 0.618, G_A: 0.960, cycle_A: 0.050, D_B: 0.314, G_B: 0.983, cycle_B: 0.048, gp: 0.299

[Rank 0] (epoch: 33, iters: 9984, time: 0.001, data: 0.001) , D_A: 0.641, G_A: 0.899, cycle_A: 0.049, D_B: 0.276, G_B: 0.915, cycle_B: 0.044, gp: 0.255

[Rank 0] (epoch: 33, iters: 11584, time: 0.001, data: 0.001) , D_A: 0.685, G_A: 0.884, cycle_A: 0.048, D_B: 0.319, G_B: 0.933, cycle_B: 0.045, gp: 0.312

[Rank 0] (epoch: 33, iters: 13184, time: 0.001, data: 0.001) , D_A: 0.541, G_A: 1.029, cycle_A: 0.049, D_B: 0.282, G_B: 0.968, cycle_B: 0.044, gp: 0.267

[Rank 0] (epoch: 33, iters: 14784, time: 0.001, data: 0.001) , D_A: 0.673, G_A: 0.869, cycle_A: 0.045, D_B: 0.391, G_B: 0.706, cycle_B: 0.045, gp: 0.383

[Rank 0] (epoch: 33, iters: 16384, time: 0.001, data: 0.001) , D_A: 0.771, G_A: 0.582, cycle_A: 0.041, D_B: 0.490, G_B: 1.042, cycle_B: 0.041, gp: 0.470

[Rank 0] (epoch: 33, iters: 17984, time: 0.001, data: 0.001) , D_A: 0.678, G_A: 0.873, cycle_A: 0.043, D_B: 0.498, G_B: 0.540, cycle_B: 0.051, gp: 0.440

--- iter tau=0.1748 ---
  cipher in : ibifbddbgehbaebebcae dhbiabfbcbfbeebehbgedbcbfbeebebfficdbdii be
  decrypted : d dc ee iaf ha a ihagef dh c i c aa af iae i c aa a ccdie eddg a
  real plain:  hia a a dieg eebd had acceed he f ha he a a e chaig gi bd had a
  cipher in : bebihdbhbddcicbicabedebibichdhbibadbdehbfbebddedbddedbeddbddbe d
  decrypted :  a dfe f eeidi dih aea d difef d he eaf c a eeae eeae aee ee age
  real plain: fae a aaiic ai i he a ie ad a faee a ee aiaied ha e a a heiga fi
[Rank 0] (epoch: 33, iters: 19584, time: 0.001, data: 0.001) , D_A: 0.604, G_A: 0.882, cycle_A: 0.055, D_B: 0.269, G_B: 0.686, cycle_B: 0.042, gp: 0.240

saving the latest model (epoch 33, total_iters 720000)
[Rank 0] (epoch: 33, iters: 21184, time: 0.001, data: 0.001) , D_A: 0.697, G_A: 0.993, cycle_A: 0.045, D_B: 0.402, G_B: 0.994, cycle_B: 0.045, gp: 0.391

learning rate 0.0002000 -> 0.0002000
temperature tau = 0.1691
End of epoch 33 / 50 	 Time Taken: 19 sec
[Rank 0] (epoch: 34, iters: 896, time: 0.001, data: 0.001) , D_A: 0.764, G_A: 0.953, cycle_A: 0.050, D_B: 0.342, G_B: 0.840, cycle_B: 0.043, gp: 0.331

[Rank 0] (epoch: 34, iters: 2496, time: 0.001, data: 0.000) , D_A: 0.656, G_A: 0.937, cycle_A: 0.059, D_B: 0.354, G_B: 1.128, cycle_B: 0.046, gp: 0.293

[Rank 0] (epoch: 34, iters: 4096, time: 0.001, data: 0.001) , D_A: 0.632, G_A: 0.984, cycle_A: 0.051, D_B: 0.207, G_B: 0.964, cycle_B: 0.050, gp: 0.193

[Rank 0] (epoch: 34, iters: 5696, time: 0.001, data: 0.001) , D_A: 0.697, G_A: 0.826, cycle_A: 0.049, D_B: 0.273, G_B: 0.931, cycle_B: 0.051, gp: 0.252

[Rank 0] (epoch: 34, iters: 7296, time: 0.001, data: 0.001) , D_A: 0.625, G_A: 0.930, cycle_A: 0.050, D_B: 0.297, G_B: 0.939, cycle_B: 0.036, gp: 0.286

[Rank 0] (epoch: 34, iters: 8896, time: 0.001, data: 0.001) , D_A: 0.660, G_A: 0.924, cycle_A: 0.053, D_B: 0.277, G_B: 1.004, cycle_B: 0.046, gp: 0.255

[Rank 0] (epoch: 34, iters: 10496, time: 0.001, data: 0.001) , D_A: 0.667, G_A: 0.882, cycle_A: 0.050, D_B: 0.214, G_B: 0.875, cycle_B: 0.044, gp: 0.199

[Rank 0] (epoch: 34, iters: 12096, time: 0.001, data: 0.001) , D_A: 0.662, G_A: 1.387, cycle_A: 0.041, D_B: 0.304, G_B: 0.919, cycle_B: 0.053, gp: 0.291

[Rank 0] (epoch: 34, iters: 13696, time: 0.001, data: 0.001) , D_A: 0.549, G_A: 0.818, cycle_A: 0.050, D_B: 0.264, G_B: 0.885, cycle_B: 0.049, gp: 0.243

[Rank 0] (epoch: 34, iters: 15296, time: 0.001, data: 0.001) , D_A: 0.672, G_A: 0.875, cycle_A: 0.044, D_B: 0.484, G_B: 0.930, cycle_B: 0.050, gp: 0.459

[Rank 0] (epoch: 34, iters: 16896, time: 0.001, data: 0.001) , D_A: 0.631, G_A: 1.136, cycle_A: 0.042, D_B: 0.477, G_B: 0.962, cycle_B: 0.045, gp: 0.456

[Rank 0] (epoch: 34, iters: 18496, time: 0.001, data: 0.001) , D_A: 0.617, G_A: 1.009, cycle_A: 0.048, D_B: 0.250, G_B: 0.803, cycle_B: 0.046, gp: 0.230

[Rank 0] (epoch: 34, iters: 20096, time: 0.001, data: 0.001) , D_A: 0.658, G_A: 1.008, cycle_A: 0.056, D_B: 0.323, G_B: 0.928, cycle_B: 0.040, gp: 0.307

[Rank 0] (epoch: 34, iters: 21696, time: 0.001, data: 0.001) , D_A: 0.714, G_A: 1.021, cycle_A: 0.044, D_B: 0.461, G_B: 0.862, cycle_B: 0.041, gp: 0.442

learning rate 0.0002000 -> 0.0002000
temperature tau = 0.1637
End of epoch 34 / 50 	 Time Taken: 19 sec
[Rank 0] (epoch: 35, iters: 1408, time: 0.001, data: 0.001) , D_A: 0.554, G_A: 0.898, cycle_A: 0.042, D_B: 0.338, G_B: 0.878, cycle_B: 0.049, gp: 0.320

[Rank 0] (epoch: 35, iters: 3008, time: 0.001, data: 0.001) , D_A: 0.632, G_A: 1.037, cycle_A: 0.053, D_B: 0.372, G_B: 0.959, cycle_B: 0.046, gp: 0.303

[Rank 0] (epoch: 35, iters: 4608, time: 0.001, data: 0.001) , D_A: 0.630, G_A: 0.894, cycle_A: 0.044, D_B: 0.383, G_B: 0.969, cycle_B: 0.046, gp: 0.364

[Rank 0] (epoch: 35, iters: 6208, time: 0.001, data: 0.001) , D_A: 0.692, G_A: 0.893, cycle_A: 0.051, D_B: 0.402, G_B: 0.955, cycle_B: 0.047, gp: 0.377

[Rank 0] (epoch: 35, iters: 7808, time: 0.001, data: 0.001) , D_A: 0.846, G_A: 0.705, cycle_A: 0.049, D_B: 0.280, G_B: 0.894, cycle_B: 0.044, gp: 0.254

[Rank 0] (epoch: 35, iters: 9408, time: 0.001, data: 0.001) , D_A: 0.635, G_A: 0.917, cycle_A: 0.044, D_B: 0.323, G_B: 0.987, cycle_B: 0.048, gp: 0.305

[Rank 0] (epoch: 35, iters: 11008, time: 0.001, data: 0.001) , D_A: 0.727, G_A: 0.688, cycle_A: 0.047, D_B: 0.334, G_B: 0.890, cycle_B: 0.047, gp: 0.305

[Rank 0] (epoch: 35, iters: 12608, time: 0.001, data: 0.001) , D_A: 0.687, G_A: 0.958, cycle_A: 0.048, D_B: 0.270, G_B: 0.815, cycle_B: 0.047, gp: 0.253

[Rank 0] (epoch: 35, iters: 14208, time: 0.001, data: 0.001) , D_A: 0.660, G_A: 0.851, cycle_A: 0.052, D_B: 0.316, G_B: 0.874, cycle_B: 0.050, gp: 0.300

--- iter tau=0.1637 ---
  cipher in : aicabebadbdihdcdbe eibaibebdecdhbgdfdbadbiebcae dbibhgbeiebdcbfd
  decrypted : hdih a he edfeie agad hd a eaief iece he da ihage d fi ada ei ce
  real plain: ied ad hi ge aec eaed fad hee ee hide ca iide he ha ad he aae a 
  cipher in : hbddghbi beicebidcdbddghbihicei badbi ibaebaibibebfe baebibibibc
  decrypted : f eeif dg adia deie eeif dfdiadg he dgd ha hd d a cag ha d d d i
  real plain: affai i he ae fie ad fifie cb ha decaed i defiig hi e g e a ee a
[Rank 0] (epoch: 35, iters: 15808, time: 0.001, data: 0.001) , D_A: 0.518, G_A: 1.006, cycle_A: 0.046, D_B: 0.473, G_B: 0.735, cycle_B: 0.046, gp: 0.458

saving the latest model (epoch 35, total_iters 760000)
[Rank 0] (epoch: 35, iters: 17408, time: 0.001, data: 0.001) , D_A: 0.708, G_A: 1.200, cycle_A: 0.039, D_B: 0.497, G_B: 0.703, cycle_B: 0.047, gp: 0.475

[Rank 0] (epoch: 35, iters: 19008, time: 0.001, data: 0.001) , D_A: 0.766, G_A: 0.831, cycle_A: 0.046, D_B: 0.374, G_B: 0.971, cycle_B: 0.045, gp: 0.365

[Rank 0] (epoch: 35, iters: 20608, time: 0.001, data: 0.001) , D_A: 0.707, G_A: 0.938, cycle_A: 0.044, D_B: 0.318, G_B: 0.942, cycle_B: 0.048, gp: 0.301

learning rate 0.0002000 -> 0.0002000
temperature tau = 0.1584
End of epoch 35 / 50 	 Time Taken: 21 sec
[Rank 0] (epoch: 36, iters: 320, time: 0.001, data: 0.001) , D_A: 0.582, G_A: 0.900, cycle_A: 0.043, D_B: 0.317, G_B: 0.763, cycle_B: 0.046, gp: 0.301

[Rank 0] (epoch: 36, iters: 1920, time: 0.001, data: 0.004) , D_A: 0.707, G_A: 0.751, cycle_A: 0.040, D_B: 0.335, G_B: 1.073, cycle_B: 0.044, gp: 0.309

[Rank 0] (epoch: 36, iters: 3520, time: 0.001, data: 0.001) , D_A: 0.758, G_A: 0.819, cycle_A: 0.049, D_B: 0.264, G_B: 0.818, cycle_B: 0.047, gp: 0.246

[Rank 0] (epoch: 36, iters: 5120, time: 0.001, data: 0.001) , D_A: 0.711, G_A: 0.979, cycle_A: 0.046, D_B: 0.447, G_B: 1.041, cycle_B: 0.041, gp: 0.419

[Rank 0] (epoch: 36, iters: 6720, time: 0.001, data: 0.001) , D_A: 0.692, G_A: 0.942, cycle_A: 0.051, D_B: 0.351, G_B: 0.930, cycle_B: 0.049, gp: 0.329

[Rank 0] (epoch: 36, iters: 8320, time: 0.001, data: 0.001) , D_A: 0.657, G_A: 0.953, cycle_A: 0.051, D_B: 0.517, G_B: 0.251, cycle_B: 0.048, gp: 0.500

[Rank 0] (epoch: 36, iters: 9920, time: 0.001, data: 0.001) , D_A: 0.679, G_A: 1.044, cycle_A: 0.055, D_B: 0.332, G_B: 0.891, cycle_B: 0.044, gp: 0.313

[Rank 0] (epoch: 36, iters: 11520, time: 0.001, data: 0.001) , D_A: 0.641, G_A: 0.966, cycle_A: 0.045, D_B: 0.463, G_B: 0.893, cycle_B: 0.044, gp: 0.442

[Rank 0] (epoch: 36, iters: 13120, time: 0.001, data: 0.001) , D_A: 0.709, G_A: 0.902, cycle_A: 0.046, D_B: 0.284, G_B: 0.832, cycle_B: 0.044, gp: 0.260

[Rank 0] (epoch: 36, iters: 14720, time: 0.001, data: 0.001) , D_A: 0.674, G_A: 0.906, cycle_A: 0.045, D_B: 0.488, G_B: 0.975, cycle_B: 0.044, gp: 0.468

[Rank 0] (epoch: 36, iters: 16320, time: 0.001, data: 0.001) , D_A: 0.674, G_A: 0.917, cycle_A: 0.048, D_B: 0.472, G_B: 0.999, cycle_B: 0.040, gp: 0.451

[Rank 0] (epoch: 36, iters: 17920, time: 0.001, data: 0.001) , D_A: 0.605, G_A: 0.851, cycle_A: 0.052, D_B: 0.310, G_B: 0.857, cycle_B: 0.052, gp: 0.293

[Rank 0] (epoch: 36, iters: 19520, time: 0.001, data: 0.001) , D_A: 0.626, G_A: 1.137, cycle_A: 0.048, D_B: 0.314, G_B: 0.927, cycle_B: 0.041, gp: 0.294

[Rank 0] (epoch: 36, iters: 21120, time: 0.001, data: 0.001) , D_A: 0.734, G_A: 0.961, cycle_A: 0.053, D_B: 0.252, G_B: 0.904, cycle_B: 0.044, gp: 0.239

learning rate 0.0002000 -> 0.0002000
temperature tau = 0.1533
End of epoch 36 / 50 	 Time Taken: 19 sec
[Rank 0] (epoch: 37, iters: 832, time: 0.001, data: 0.001) , D_A: 0.670, G_A: 1.171, cycle_A: 0.045, D_B: 0.407, G_B: 0.947, cycle_B: 0.042, gp: 0.394

[Rank 0] (epoch: 37, iters: 2432, time: 0.001, data: 0.000) , D_A: 0.730, G_A: 0.854, cycle_A: 0.053, D_B: 0.246, G_B: 0.934, cycle_B: 0.046, gp: 0.230

[Rank 0] (epoch: 37, iters: 4032, time: 0.001, data: 0.001) , D_A: 0.662, G_A: 0.974, cycle_A: 0.046, D_B: 0.337, G_B: 0.861, cycle_B: 0.049, gp: 0.320

[Rank 0] (epoch: 37, iters: 5632, time: 0.001, data: 0.002) , D_A: 1.090, G_A: 0.671, cycle_A: 0.047, D_B: 0.399, G_B: 0.961, cycle_B: 0.047, gp: 0.377

[Rank 0] (epoch: 37, iters: 7232, time: 0.001, data: 0.001) , D_A: 0.727, G_A: 0.685, cycle_A: 0.046, D_B: 0.359, G_B: 0.878, cycle_B: 0.036, gp: 0.341

[Rank 0] (epoch: 37, iters: 8832, time: 0.001, data: 0.001) , D_A: 0.792, G_A: 1.012, cycle_A: 0.044, D_B: 0.351, G_B: 0.937, cycle_B: 0.047, gp: 0.336

[Rank 0] (epoch: 37, iters: 10432, time: 0.001, data: 0.001) , D_A: 0.540, G_A: 1.038, cycle_A: 0.055, D_B: 0.259, G_B: 0.954, cycle_B: 0.044, gp: 0.245

--- iter tau=0.1533 ---
  cipher in : h badbebfdhbgbfbfbaibdbibgd ebebifbdai beb i baedbidbebidbecai b
  decrypted : fg he a cef i c c hd e d iega a dc ehdg a gdg hae de a de aihdg 
  real plain: ig he ee a igh hee hd be bee b eice ad a f ci deae ad hei ai bac
  cipher in : dbhi baibdbadbciibebddhbehbfhbegdb beiebicidbddbie edhbehbadbehi
  decrypted : e fdg hd e he idd a eef af cf aie g ada dide ee dagaef af he afd
  real plain: gai hi chi ad hi ee eed ide ad g a he igh f a ga cae ge feaig ag
[Rank 0] (epoch: 37, iters: 12032, time: 0.001, data: 0.001) , D_A: 0.633, G_A: 0.841, cycle_A: 0.044, D_B: 0.444, G_B: 0.773, cycle_B: 0.050, gp: 0.426

saving the latest model (epoch 37, total_iters 800000)
[Rank 0] (epoch: 37, iters: 13632, time: 0.001, data: 0.001) , D_A: 0.700, G_A: 0.966, cycle_A: 0.048, D_B: 0.366, G_B: 0.914, cycle_B: 0.050, gp: 0.350

[Rank 0] (epoch: 37, iters: 15232, time: 0.001, data: 0.001) , D_A: 0.578, G_A: 1.061, cycle_A: 0.041, D_B: 0.460, G_B: 0.943, cycle_B: 0.049, gp: 0.449

[Rank 0] (epoch: 37, iters: 16832, time: 0.001, data: 0.001) , D_A: 0.706, G_A: 1.011, cycle_A: 0.040, D_B: 0.454, G_B: 0.865, cycle_B: 0.045, gp: 0.437

[Rank 0] (epoch: 37, iters: 18432, time: 0.001, data: 0.002) , D_A: 0.702, G_A: 0.804, cycle_A: 0.051, D_B: 0.277, G_B: 0.786, cycle_B: 0.050, gp: 0.238

[Rank 0] (epoch: 37, iters: 20032, time: 0.001, data: 0.001) , D_A: 0.661, G_A: 1.174, cycle_A: 0.047, D_B: 0.247, G_B: 0.856, cycle_B: 0.040, gp: 0.228

[Rank 0] (epoch: 37, iters: 21632, time: 0.001, data: 0.001) , D_A: 0.632, G_A: 1.069, cycle_A: 0.043, D_B: 0.654, G_B: 0.496, cycle_B: 0.041, gp: 0.583

learning rate 0.0002000 -> 0.0002000
temperature tau = 0.1483
End of epoch 37 / 50 	 Time Taken: 21 sec
[Rank 0] (epoch: 38, iters: 1344, time: 0.001, data: 0.001) , D_A: 0.702, G_A: 0.949, cycle_A: 0.039, D_B: 0.415, G_B: 0.969, cycle_B: 0.052, gp: 0.400

[Rank 0] (epoch: 38, iters: 2944, time: 0.001, data: 0.001) , D_A: 0.638, G_A: 1.052, cycle_A: 0.058, D_B: 0.484, G_B: 0.937, cycle_B: 0.046, gp: 0.456

[Rank 0] (epoch: 38, iters: 4544, time: 0.001, data: 0.001) , D_A: 0.727, G_A: 1.132, cycle_A: 0.046, D_B: 0.375, G_B: 0.945, cycle_B: 0.046, gp: 0.366

[Rank 0] (epoch: 38, iters: 6144, time: 0.001, data: 0.001) , D_A: 0.680, G_A: 0.888, cycle_A: 0.048, D_B: 0.380, G_B: 0.703, cycle_B: 0.046, gp: 0.352

[Rank 0] (epoch: 38, iters: 7744, time: 0.001, data: 0.001) , D_A: 0.693, G_A: 1.014, cycle_A: 0.046, D_B: 0.263, G_B: 0.904, cycle_B: 0.045, gp: 0.246

[Rank 0] (epoch: 38, iters: 9344, time: 0.001, data: 0.001) , D_A: 0.763, G_A: 0.937, cycle_A: 0.052, D_B: 0.435, G_B: 0.813, cycle_B: 0.048, gp: 0.422

[Rank 0] (epoch: 38, iters: 10944, time: 0.001, data: 0.001) , D_A: 0.654, G_A: 0.988, cycle_A: 0.044, D_B: 0.359, G_B: 0.940, cycle_B: 0.046, gp: 0.339

[Rank 0] (epoch: 38, iters: 12544, time: 0.001, data: 0.001) , D_A: 0.671, G_A: 0.893, cycle_A: 0.051, D_B: 0.337, G_B: 0.942, cycle_B: 0.046, gp: 0.302

[Rank 0] (epoch: 38, iters: 14144, time: 0.001, data: 0.001) , D_A: 0.634, G_A: 0.934, cycle_A: 0.044, D_B: 0.317, G_B: 0.894, cycle_B: 0.049, gp: 0.297

[Rank 0] (epoch: 38, iters: 15744, time: 0.001, data: 0.001) , D_A: 0.669, G_A: 0.836, cycle_A: 0.043, D_B: 0.474, G_B: 0.859, cycle_B: 0.045, gp: 0.454

[Rank 0] (epoch: 38, iters: 17344, time: 0.001, data: 0.001) , D_A: 0.697, G_A: 0.918, cycle_A: 0.047, D_B: 0.467, G_B: 0.786, cycle_B: 0.047, gp: 0.457

[Rank 0] (epoch: 38, iters: 18944, time: 0.001, data: 0.001) , D_A: 0.726, G_A: 1.043, cycle_A: 0.051, D_B: 0.402, G_B: 0.969, cycle_B: 0.045, gp: 0.388

[Rank 0] (epoch: 38, iters: 20544, time: 0.001, data: 0.001) , D_A: 0.668, G_A: 0.946, cycle_A: 0.050, D_B: 0.233, G_B: 0.802, cycle_B: 0.048, gp: 0.220

learning rate 0.0002000 -> 0.0002000
temperature tau = 0.1435
End of epoch 38 / 50 	 Time Taken: 19 sec
[Rank 0] (epoch: 39, iters: 256, time: 0.001, data: 0.001) , D_A: 0.688, G_A: 0.991, cycle_A: 0.042, D_B: 0.534, G_B: 0.862, cycle_B: 0.046, gp: 0.496

[Rank 0] (epoch: 39, iters: 1856, time: 0.001, data: 0.004) , D_A: 0.877, G_A: 1.033, cycle_A: 0.051, D_B: 0.542, G_B: 0.921, cycle_B: 0.044, gp: 0.510

[Rank 0] (epoch: 39, iters: 3456, time: 0.001, data: 0.001) , D_A: 0.572, G_A: 0.946, cycle_A: 0.059, D_B: 0.570, G_B: 1.326, cycle_B: 0.047, gp: 0.440

[Rank 0] (epoch: 39, iters: 5056, time: 0.001, data: 0.001) , D_A: 0.621, G_A: 1.063, cycle_A: 0.049, D_B: 0.475, G_B: 0.865, cycle_B: 0.041, gp: 0.458

[Rank 0] (epoch: 39, iters: 6656, time: 0.001, data: 0.001) , D_A: 0.637, G_A: 0.853, cycle_A: 0.050, D_B: 0.394, G_B: 0.729, cycle_B: 0.045, gp: 0.325

--- iter tau=0.1435 ---
  cipher in : di bddaebeidbeihbehbcigdhbibaebi abgibeihbibebddci bibdbgbadbiba
  decrypted : edg eeha ade adf af idief d ha dgh id adf d a eeidg d e i he d h
  real plain: cie hi ee f gec i hi ae e f he fac ha c cae ad eie ae hae e ha d
  cipher in : badbdfbadbdbfbaibai behbddhbadbggbadbdbgdbicedbdebadbfbhbdbihdbe
  decrypted :  he ec he e c hd hdg af eef he ii he e ie diae ea he c f e dfe a
  real plain: adii f e gia hee he eide h d ie he fe chiee ice aa f bh eig ad c
[Rank 0] (epoch: 39, iters: 8256, time: 0.001, data: 0.001) , D_A: 0.668, G_A: 0.758, cycle_A: 0.045, D_B: 0.636, G_B: 0.913, cycle_B: 0.049, gp: 0.612

saving the latest model (epoch 39, total_iters 840000)
[Rank 0] (epoch: 39, iters: 9856, time: 0.001, data: 0.001) , D_A: 0.671, G_A: 0.960, cycle_A: 0.044, D_B: 0.590, G_B: 0.878, cycle_B: 0.044, gp: 0.564

[Rank 0] (epoch: 39, iters: 11456, time: 0.001, data: 0.001) , D_A: 0.708, G_A: 0.609, cycle_A: 0.042, D_B: 0.482, G_B: 0.903, cycle_B: 0.044, gp: 0.465

[Rank 0] (epoch: 39, iters: 13056, time: 0.001, data: 0.001) , D_A: 0.654, G_A: 0.786, cycle_A: 0.042, D_B: 0.518, G_B: 0.876, cycle_B: 0.043, gp: 0.501

[Rank 0] (epoch: 39, iters: 14656, time: 0.001, data: 0.001) , D_A: 0.706, G_A: 0.878, cycle_A: 0.063, D_B: 0.599, G_B: 1.042, cycle_B: 0.044, gp: 0.533

[Rank 0] (epoch: 39, iters: 16256, time: 0.001, data: 0.001) , D_A: 0.705, G_A: 1.101, cycle_A: 0.045, D_B: 0.703, G_B: 1.001, cycle_B: 0.040, gp: 0.680

[Rank 0] (epoch: 39, iters: 17856, time: 0.001, data: 0.001) , D_A: 0.671, G_A: 0.805, cycle_A: 0.040, D_B: 0.521, G_B: 1.014, cycle_B: 0.052, gp: 0.495

[Rank 0] (epoch: 39, iters: 19456, time: 0.001, data: 0.001) , D_A: 0.611, G_A: 0.910, cycle_A: 0.042, D_B: 0.372, G_B: 0.899, cycle_B: 0.044, gp: 0.360

[Rank 0] (epoch: 39, iters: 21056, time: 0.001, data: 0.001) , D_A: 0.639, G_A: 0.916, cycle_A: 0.048, D_B: 0.457, G_B: 0.895, cycle_B: 0.044, gp: 0.440

learning rate 0.0002000 -> 0.0002000
temperature tau = 0.1389
End of epoch 39 / 50 	 Time Taken: 19 sec
[Rank 0] (epoch: 40, iters: 768, time: 0.001, data: 0.001) , D_A: 0.699, G_A: 1.006, cycle_A: 0.060, D_B: 0.533, G_B: 0.806, cycle_B: 0.042, gp: 0.515

[Rank 0] (epoch: 40, iters: 2368, time: 0.001, data: 0.000) , D_A: 0.763, G_A: 1.055, cycle_A: 0.054, D_B: 0.419, G_B: 0.832, cycle_B: 0.045, gp: 0.390

[Rank 0] (epoch: 40, iters: 3968, time: 0.001, data: 0.001) , D_A: 0.651, G_A: 0.872, cycle_A: 0.046, D_B: 0.426, G_B: 0.952, cycle_B: 0.048, gp: 0.409

[Rank 0] (epoch: 40, iters: 5568, time: 0.001, data: 0.001) , D_A: 0.615, G_A: 0.898, cycle_A: 0.047, D_B: 0.460, G_B: 0.910, cycle_B: 0.047, gp: 0.447

[Rank 0] (epoch: 40, iters: 7168, time: 0.001, data: 0.001) , D_A: 0.647, G_A: 0.851, cycle_A: 0.045, D_B: 0.517, G_B: 0.891, cycle_B: 0.046, gp: 0.496

[Rank 0] (epoch: 40, iters: 8768, time: 0.001, data: 0.001) , D_A: 0.829, G_A: 0.641, cycle_A: 0.048, D_B: 0.332, G_B: 0.758, cycle_B: 0.046, gp: 0.293

[Rank 0] (epoch: 40, iters: 10368, time: 0.001, data: 0.001) , D_A: 0.711, G_A: 0.896, cycle_A: 0.055, D_B: 0.417, G_B: 0.950, cycle_B: 0.044, gp: 0.369

[Rank 0] (epoch: 40, iters: 11968, time: 0.001, data: 0.001) , D_A: 0.759, G_A: 0.736, cycle_A: 0.053, D_B: 0.280, G_B: 0.919, cycle_B: 0.051, gp: 0.259

[Rank 0] (epoch: 40, iters: 13568, time: 0.001, data: 0.001) , D_A: 0.668, G_A: 0.955, cycle_A: 0.045, D_B: 0.525, G_B: 1.018, cycle_B: 0.049, gp: 0.505

[Rank 0] (epoch: 40, iters: 15168, time: 0.001, data: 0.001) , D_A: 0.658, G_A: 0.978, cycle_A: 0.041, D_B: 0.567, G_B: 0.917, cycle_B: 0.051, gp: 0.535

[Rank 0] (epoch: 40, iters: 16768, time: 0.001, data: 0.001) , D_A: 0.697, G_A: 0.742, cycle_A: 0.048, D_B: 0.633, G_B: 0.886, cycle_B: 0.044, gp: 0.619

[Rank 0] (epoch: 40, iters: 18368, time: 0.001, data: 0.001) , D_A: 0.641, G_A: 0.892, cycle_A: 0.047, D_B: 0.372, G_B: 0.852, cycle_B: 0.049, gp: 0.357

[Rank 0] (epoch: 40, iters: 19968, time: 0.001, data: 0.001) , D_A: 0.625, G_A: 0.925, cycle_A: 0.045, D_B: 0.521, G_B: 0.629, cycle_B: 0.041, gp: 0.457

[Rank 0] (epoch: 40, iters: 21568, time: 0.001, data: 0.001) , D_A: 0.705, G_A: 0.976, cycle_A: 0.051, D_B: 0.515, G_B: 0.961, cycle_B: 0.040, gp: 0.488

learning rate 0.0002000 -> 0.0001818
temperature tau = 0.1344
End of epoch 40 / 50 	 Time Taken: 18 sec
[Rank 0] (epoch: 41, iters: 1280, time: 0.001, data: 0.001) , D_A: 0.658, G_A: 0.794, cycle_A: 0.056, D_B: 0.647, G_B: 1.096, cycle_B: 0.048, gp: 0.625

[Rank 0] (epoch: 41, iters: 2880, time: 0.001, data: 0.001) , D_A: 0.608, G_A: 1.021, cycle_A: 0.059, D_B: 0.380, G_B: 0.979, cycle_B: 0.045, gp: 0.353

--- iter tau=0.1344 ---
  cipher in : ddbibeibei baibfeadbgbcgbcaeecdbigdbfbaibehbaibgadbaibadbgdbabch
  decrypted : ee d ad adg hd cahe i ii ihaaie die c hd af hd ihe hd he ie h if
  real plain: e aa eabe b hi a be he e f ceig defec i d cie a he eie c dg h i 
  cipher in : bdcbaebaddbedbfebdbdccdhbdbaebadbabidbgdiddbibddbadehbfbebgdi be
  decrypted :  ei ha hee ae ca e eiief e ha he h de iedee d ee heaf c a iedg a
  real plain: a gee iceae he dead f ch cai a iceae haig diffee fica ea ae diff
[Rank 0] (epoch: 41, iters: 4480, time: 0.001, data: 0.001) , D_A: 0.630, G_A: 0.899, cycle_A: 0.043, D_B: 0.628, G_B: 0.980, cycle_B: 0.045, gp: 0.613

saving the latest model (epoch 41, total_iters 880000)
[Rank 0] (epoch: 41, iters: 6080, time: 0.001, data: 0.001) , D_A: 0.660, G_A: 0.845, cycle_A: 0.044, D_B: 0.591, G_B: 0.820, cycle_B: 0.047, gp: 0.571

[Rank 0] (epoch: 41, iters: 7680, time: 0.001, data: 0.001) , D_A: 0.755, G_A: 0.932, cycle_A: 0.040, D_B: 0.465, G_B: 0.950, cycle_B: 0.036, gp: 0.452

[Rank 0] (epoch: 41, iters: 9280, time: 0.001, data: 0.001) , D_A: 0.630, G_A: 0.956, cycle_A: 0.044, D_B: 0.387, G_B: 0.832, cycle_B: 0.048, gp: 0.357

[Rank 0] (epoch: 41, iters: 10880, time: 0.001, data: 0.001) , D_A: 0.741, G_A: 0.971, cycle_A: 0.059, D_B: 0.454, G_B: 0.818, cycle_B: 0.046, gp: 0.422

[Rank 0] (epoch: 41, iters: 12480, time: 0.001, data: 0.001) , D_A: 0.717, G_A: 0.937, cycle_A: 0.044, D_B: 0.596, G_B: 0.867, cycle_B: 0.046, gp: 0.578

[Rank 0] (epoch: 41, iters: 14080, time: 0.001, data: 0.001) , D_A: 0.702, G_A: 1.002, cycle_A: 0.039, D_B: 0.506, G_B: 1.006, cycle_B: 0.049, gp: 0.471

[Rank 0] (epoch: 41, iters: 15680, time: 0.001, data: 0.001) , D_A: 0.740, G_A: 0.877, cycle_A: 0.044, D_B: 0.564, G_B: 0.854, cycle_B: 0.046, gp: 0.544

[Rank 0] (epoch: 41, iters: 17280, time: 0.001, data: 0.001) , D_A: 0.700, G_A: 0.678, cycle_A: 0.047, D_B: 0.511, G_B: 0.756, cycle_B: 0.047, gp: 0.500

[Rank 0] (epoch: 41, iters: 18880, time: 0.001, data: 0.001) , D_A: 0.685, G_A: 1.039, cycle_A: 0.045, D_B: 0.454, G_B: 0.835, cycle_B: 0.045, gp: 0.430

[Rank 0] (epoch: 41, iters: 20480, time: 0.001, data: 0.001) , D_A: 0.738, G_A: 1.034, cycle_A: 0.047, D_B: 0.387, G_B: 0.764, cycle_B: 0.040, gp: 0.376

learning rate 0.0001818 -> 0.0001636
temperature tau = 0.1301
End of epoch 41 / 50 	 Time Taken: 19 sec
[Rank 0] (epoch: 42, iters: 192, time: 0.001, data: 0.001) , D_A: 0.873, G_A: 0.483, cycle_A: 0.042, D_B: 0.458, G_B: 0.888, cycle_B: 0.046, gp: 0.446

[Rank 0] (epoch: 42, iters: 1792, time: 0.001, data: 0.004) , D_A: 0.686, G_A: 0.929, cycle_A: 0.048, D_B: 0.524, G_B: 0.915, cycle_B: 0.044, gp: 0.503

[Rank 0] (epoch: 42, iters: 3392, time: 0.001, data: 0.001) , D_A: 0.664, G_A: 0.961, cycle_A: 0.061, D_B: 0.505, G_B: 0.810, cycle_B: 0.046, gp: 0.469

[Rank 0] (epoch: 42, iters: 4992, time: 0.001, data: 0.001) , D_A: 0.644, G_A: 0.916, cycle_A: 0.046, D_B: 0.628, G_B: 0.892, cycle_B: 0.041, gp: 0.609

[Rank 0] (epoch: 42, iters: 6592, time: 0.001, data: 0.001) , D_A: 0.693, G_A: 0.792, cycle_A: 0.045, D_B: 0.541, G_B: 0.969, cycle_B: 0.045, gp: 0.528

[Rank 0] (epoch: 42, iters: 8192, time: 0.001, data: 0.002) , D_A: 0.768, G_A: 0.880, cycle_A: 0.046, D_B: 0.592, G_B: 0.832, cycle_B: 0.042, gp: 0.563

[Rank 0] (epoch: 42, iters: 9792, time: 0.001, data: 0.001) , D_A: 0.666, G_A: 0.903, cycle_A: 0.043, D_B: 0.472, G_B: 0.805, cycle_B: 0.044, gp: 0.448

[Rank 0] (epoch: 42, iters: 11392, time: 0.001, data: 0.001) , D_A: 0.727, G_A: 0.969, cycle_A: 0.061, D_B: 0.505, G_B: 0.902, cycle_B: 0.044, gp: 0.478

[Rank 0] (epoch: 42, iters: 12992, time: 0.001, data: 0.001) , D_A: 0.725, G_A: 0.902, cycle_A: 0.061, D_B: 0.311, G_B: 0.867, cycle_B: 0.043, gp: 0.295

[Rank 0] (epoch: 42, iters: 14592, time: 0.001, data: 0.001) , D_A: 0.738, G_A: 1.054, cycle_A: 0.048, D_B: 0.562, G_B: 0.830, cycle_B: 0.043, gp: 0.540

[Rank 0] (epoch: 42, iters: 16192, time: 0.001, data: 0.001) , D_A: 0.828, G_A: 0.602, cycle_A: 0.037, D_B: 0.534, G_B: 0.963, cycle_B: 0.040, gp: 0.515

[Rank 0] (epoch: 42, iters: 17792, time: 0.001, data: 0.001) , D_A: 0.711, G_A: 0.842, cycle_A: 0.047, D_B: 0.619, G_B: 0.872, cycle_B: 0.051, gp: 0.595

[Rank 0] (epoch: 42, iters: 19392, time: 0.001, data: 0.001) , D_A: 0.672, G_A: 0.928, cycle_A: 0.046, D_B: 0.502, G_B: 0.930, cycle_B: 0.044, gp: 0.480

[Rank 0] (epoch: 42, iters: 20992, time: 0.001, data: 0.001) , D_A: 0.665, G_A: 0.997, cycle_A: 0.046, D_B: 0.620, G_B: 0.863, cycle_B: 0.047, gp: 0.596

learning rate 0.0001636 -> 0.0001455
temperature tau = 0.1258
End of epoch 42 / 50 	 Time Taken: 21 sec
--- iter tau=0.1258 ---
  cipher in : bcdhbadbfi bhebfbadbdidbcebibedbdcdidhb hbicdbfbeebfbebcaeaicbid
  decrypted :  ief he cdg fa c he ede ia d ae eiedef gf die c aa c a ihahdi de
  real plain:  diffee f he dia ha he caa i i ie ee a fi he ca ad he gie f a ee
  cipher in : bidhbaebdiebdciddbebdehbcaeicbhihdbehbdicbeicebibcdeibdbfbdeibgb
  decrypted :  def ha eda eidee a eaf ihadi fdfe af edi adia d iead e c ead i 
  real plain:  ce cagie eaihi be he ceheie ae cee aciae a e f he eee ihi he ci
[Rank 0] (epoch: 43, iters: 704, time: 0.001, data: 0.001) , D_A: 0.701, G_A: 0.871, cycle_A: 0.044, D_B: 0.497, G_B: 0.842, cycle_B: 0.042, gp: 0.484

saving the latest model (epoch 43, total_iters 920000)
[Rank 0] (epoch: 43, iters: 2304, time: 0.001, data: 0.000) , D_A: 0.746, G_A: 1.006, cycle_A: 0.043, D_B: 0.504, G_B: 0.854, cycle_B: 0.045, gp: 0.482

[Rank 0] (epoch: 43, iters: 3904, time: 0.001, data: 0.001) , D_A: 0.674, G_A: 0.881, cycle_A: 0.056, D_B: 0.577, G_B: 0.945, cycle_B: 0.048, gp: 0.538

[Rank 0] (epoch: 43, iters: 5504, time: 0.001, data: 0.001) , D_A: 0.751, G_A: 0.742, cycle_A: 0.049, D_B: 0.301, G_B: 0.781, cycle_B: 0.046, gp: 0.275

[Rank 0] (epoch: 43, iters: 7104, time: 0.001, data: 0.001) , D_A: 0.615, G_A: 0.947, cycle_A: 0.040, D_B: 0.486, G_B: 0.828, cycle_B: 0.046, gp: 0.458

[Rank 0] (epoch: 43, iters: 8704, time: 0.001, data: 0.001) , D_A: 0.637, G_A: 0.830, cycle_A: 0.042, D_B: 0.499, G_B: 0.997, cycle_B: 0.046, gp: 0.484

[Rank 0] (epoch: 43, iters: 10304, time: 0.001, data: 0.001) , D_A: 0.673, G_A: 0.918, cycle_A: 0.041, D_B: 0.600, G_B: 0.852, cycle_B: 0.043, gp: 0.587

[Rank 0] (epoch: 43, iters: 11904, time: 0.001, data: 0.001) , D_A: 0.668, G_A: 0.942, cycle_A: 0.045, D_B: 0.506, G_B: 0.812, cycle_B: 0.049, gp: 0.486

[Rank 0] (epoch: 43, iters: 13504, time: 0.001, data: 0.001) , D_A: 0.732, G_A: 0.975, cycle_A: 0.045, D_B: 0.401, G_B: 0.786, cycle_B: 0.049, gp: 0.365

[Rank 0] (epoch: 43, iters: 15104, time: 0.001, data: 0.001) , D_A: 0.749, G_A: 0.717, cycle_A: 0.064, D_B: 0.524, G_B: 0.835, cycle_B: 0.048, gp: 0.479

[Rank 0] (epoch: 43, iters: 16704, time: 0.001, data: 0.001) , D_A: 0.693, G_A: 0.904, cycle_A: 0.040, D_B: 0.483, G_B: 0.878, cycle_B: 0.044, gp: 0.474

[Rank 0] (epoch: 43, iters: 18304, time: 0.001, data: 0.001) , D_A: 0.663, G_A: 0.910, cycle_A: 0.038, D_B: 0.503, G_B: 0.882, cycle_B: 0.049, gp: 0.493

[Rank 0] (epoch: 43, iters: 19904, time: 0.001, data: 0.001) , D_A: 0.722, G_A: 0.954, cycle_A: 0.047, D_B: 0.537, G_B: 0.924, cycle_B: 0.041, gp: 0.526

[Rank 0] (epoch: 43, iters: 21504, time: 0.001, data: 0.001) , D_A: 0.696, G_A: 0.937, cycle_A: 0.044, D_B: 0.598, G_B: 0.895, cycle_B: 0.043, gp: 0.544

learning rate 0.0001455 -> 0.0001273
temperature tau = 0.1218
End of epoch 43 / 50 	 Time Taken: 20 sec
[Rank 0] (epoch: 44, iters: 1216, time: 0.001, data: 0.001) , D_A: 0.681, G_A: 0.969, cycle_A: 0.045, D_B: 0.412, G_B: 0.906, cycle_B: 0.049, gp: 0.395

[Rank 0] (epoch: 44, iters: 2816, time: 0.001, data: 0.001) , D_A: 0.724, G_A: 0.926, cycle_A: 0.060, D_B: 0.445, G_B: 0.848, cycle_B: 0.045, gp: 0.408

[Rank 0] (epoch: 44, iters: 4416, time: 0.001, data: 0.001) , D_A: 0.797, G_A: 0.806, cycle_A: 0.053, D_B: 0.283, G_B: 0.842, cycle_B: 0.045, gp: 0.260

[Rank 0] (epoch: 44, iters: 6016, time: 0.001, data: 0.001) , D_A: 0.679, G_A: 0.905, cycle_A: 0.046, D_B: 0.506, G_B: 0.866, cycle_B: 0.046, gp: 0.486

[Rank 0] (epoch: 44, iters: 7616, time: 0.001, data: 0.001) , D_A: 0.739, G_A: 1.010, cycle_A: 0.044, D_B: 0.540, G_B: 0.817, cycle_B: 0.036, gp: 0.522

[Rank 0] (epoch: 44, iters: 9216, time: 0.001, data: 0.001) , D_A: 0.575, G_A: 0.937, cycle_A: 0.041, D_B: 0.570, G_B: 0.756, cycle_B: 0.045, gp: 0.544

[Rank 0] (epoch: 44, iters: 10816, time: 0.001, data: 0.001) , D_A: 0.636, G_A: 0.869, cycle_A: 0.043, D_B: 0.513, G_B: 0.867, cycle_B: 0.046, gp: 0.477

[Rank 0] (epoch: 44, iters: 12416, time: 0.001, data: 0.001) , D_A: 0.695, G_A: 0.856, cycle_A: 0.045, D_B: 0.383, G_B: 0.866, cycle_B: 0.045, gp: 0.366

[Rank 0] (epoch: 44, iters: 14016, time: 0.001, data: 0.001) , D_A: 0.726, G_A: 0.918, cycle_A: 0.062, D_B: 0.611, G_B: 0.857, cycle_B: 0.048, gp: 0.590

[Rank 0] (epoch: 44, iters: 15616, time: 0.001, data: 0.001) , D_A: 0.687, G_A: 0.933, cycle_A: 0.055, D_B: 0.419, G_B: 0.794, cycle_B: 0.045, gp: 0.383

[Rank 0] (epoch: 44, iters: 17216, time: 0.001, data: 0.001) , D_A: 0.733, G_A: 0.827, cycle_A: 0.050, D_B: 0.335, G_B: 0.859, cycle_B: 0.046, gp: 0.309

--- iter tau=0.1218 ---
  cipher in : aebcebgdbdbahbdcidbdibehbddhbaibdbecaidbedbfiedbebfbiddbdhdbehbi
  decrypted : ha ia ie e hf eide ed af eef hd e aihde ae cdae a c dee efe af d
  real plain:  cae ae he aid ha igh a i ad cd be aeed ehig caed a eace aa ha i
  cipher in : dcbehbd abfbfcdbaicabibddbebebfidbebigdbehbdbfidbgdfdbadbdehbgdh
  decrypted : ei af egh c cie hdih d ee a a cde a die af e cde iece he eaf ief
  real plain: edge he ifed hi i a abbed a i bee gig ice he i a a i i cege ha f
[Rank 0] (epoch: 44, iters: 18816, time: 0.001, data: 0.001) , D_A: 0.810, G_A: 0.928, cycle_A: 0.041, D_B: 0.486, G_B: 0.911, cycle_B: 0.045, gp: 0.471

saving the latest model (epoch 44, total_iters 960000)
[Rank 0] (epoch: 44, iters: 20416, time: 0.001, data: 0.001) , D_A: 0.733, G_A: 0.927, cycle_A: 0.049, D_B: 0.528, G_B: 0.921, cycle_B: 0.040, gp: 0.510

learning rate 0.0001273 -> 0.0001091
temperature tau = 0.1178
End of epoch 44 / 50 	 Time Taken: 19 sec
[Rank 0] (epoch: 45, iters: 128, time: 0.001, data: 0.001) , D_A: 0.705, G_A: 0.880, cycle_A: 0.044, D_B: 0.675, G_B: 0.832, cycle_B: 0.045, gp: 0.643

[Rank 0] (epoch: 45, iters: 1728, time: 0.001, data: 0.001) , D_A: 0.704, G_A: 0.922, cycle_A: 0.042, D_B: 0.606, G_B: 0.840, cycle_B: 0.043, gp: 0.593

[Rank 0] (epoch: 45, iters: 3328, time: 0.001, data: 0.001) , D_A: 0.713, G_A: 0.903, cycle_A: 0.045, D_B: 0.447, G_B: 0.800, cycle_B: 0.046, gp: 0.428

[Rank 0] (epoch: 45, iters: 4928, time: 0.001, data: 0.001) , D_A: 0.621, G_A: 0.883, cycle_A: 0.060, D_B: 0.451, G_B: 0.828, cycle_B: 0.040, gp: 0.413

[Rank 0] (epoch: 45, iters: 6528, time: 0.001, data: 0.001) , D_A: 0.712, G_A: 0.865, cycle_A: 0.054, D_B: 0.308, G_B: 0.859, cycle_B: 0.045, gp: 0.282

[Rank 0] (epoch: 45, iters: 8128, time: 0.001, data: 0.001) , D_A: 0.724, G_A: 0.878, cycle_A: 0.045, D_B: 0.605, G_B: 0.967, cycle_B: 0.042, gp: 0.578

[Rank 0] (epoch: 45, iters: 9728, time: 0.001, data: 0.001) , D_A: 0.713, G_A: 0.913, cycle_A: 0.047, D_B: 0.611, G_B: 0.918, cycle_B: 0.047, gp: 0.599

[Rank 0] (epoch: 45, iters: 11328, time: 0.001, data: 0.001) , D_A: 0.698, G_A: 0.949, cycle_A: 0.045, D_B: 0.532, G_B: 0.943, cycle_B: 0.044, gp: 0.519

[Rank 0] (epoch: 45, iters: 12928, time: 0.001, data: 0.001) , D_A: 0.689, G_A: 0.891, cycle_A: 0.042, D_B: 0.509, G_B: 0.711, cycle_B: 0.043, gp: 0.484

[Rank 0] (epoch: 45, iters: 14528, time: 0.001, data: 0.001) , D_A: 0.750, G_A: 0.883, cycle_A: 0.042, D_B: 0.524, G_B: 0.833, cycle_B: 0.043, gp: 0.509

[Rank 0] (epoch: 45, iters: 16128, time: 0.001, data: 0.001) , D_A: 0.737, G_A: 0.946, cycle_A: 0.050, D_B: 0.533, G_B: 0.811, cycle_B: 0.040, gp: 0.511

[Rank 0] (epoch: 45, iters: 17728, time: 0.001, data: 0.001) , D_A: 0.666, G_A: 0.875, cycle_A: 0.048, D_B: 0.664, G_B: 0.822, cycle_B: 0.051, gp: 0.648

[Rank 0] (epoch: 45, iters: 19328, time: 0.001, data: 0.001) , D_A: 0.640, G_A: 0.862, cycle_A: 0.039, D_B: 0.588, G_B: 0.825, cycle_B: 0.043, gp: 0.568

[Rank 0] (epoch: 45, iters: 20928, time: 0.001, data: 0.001) , D_A: 0.718, G_A: 0.860, cycle_A: 0.043, D_B: 0.536, G_B: 0.902, cycle_B: 0.047, gp: 0.518

learning rate 0.0001091 -> 0.0000909
temperature tau = 0.1140
End of epoch 45 / 50 	 Time Taken: 19 sec
[Rank 0] (epoch: 46, iters: 640, time: 0.001, data: 0.001) , D_A: 0.689, G_A: 0.923, cycle_A: 0.039, D_B: 0.571, G_B: 0.837, cycle_B: 0.042, gp: 0.549

[Rank 0] (epoch: 46, iters: 2240, time: 0.001, data: 0.000) , D_A: 0.639, G_A: 0.869, cycle_A: 0.047, D_B: 0.483, G_B: 0.833, cycle_B: 0.045, gp: 0.464

[Rank 0] (epoch: 46, iters: 3840, time: 0.001, data: 0.001) , D_A: 0.724, G_A: 0.799, cycle_A: 0.051, D_B: 0.561, G_B: 0.837, cycle_B: 0.048, gp: 0.518

[Rank 0] (epoch: 46, iters: 5440, time: 0.001, data: 0.001) , D_A: 0.780, G_A: 0.828, cycle_A: 0.059, D_B: 0.394, G_B: 0.840, cycle_B: 0.046, gp: 0.367

[Rank 0] (epoch: 46, iters: 7040, time: 0.001, data: 0.001) , D_A: 0.710, G_A: 0.900, cycle_A: 0.050, D_B: 0.281, G_B: 0.808, cycle_B: 0.046, gp: 0.258

[Rank 0] (epoch: 46, iters: 8640, time: 0.001, data: 0.001) , D_A: 0.747, G_A: 0.872, cycle_A: 0.044, D_B: 0.527, G_B: 0.821, cycle_B: 0.046, gp: 0.497

[Rank 0] (epoch: 46, iters: 10240, time: 0.001, data: 0.001) , D_A: 0.693, G_A: 0.859, cycle_A: 0.048, D_B: 0.674, G_B: 0.900, cycle_B: 0.043, gp: 0.659

[Rank 0] (epoch: 46, iters: 11840, time: 0.001, data: 0.001) , D_A: 0.603, G_A: 0.958, cycle_A: 0.045, D_B: 0.656, G_B: 0.821, cycle_B: 0.050, gp: 0.634

[Rank 0] (epoch: 46, iters: 13440, time: 0.001, data: 0.001) , D_A: 0.639, G_A: 0.912, cycle_A: 0.047, D_B: 0.570, G_B: 0.891, cycle_B: 0.048, gp: 0.558

--- iter tau=0.1140 ---
  cipher in : abcddbidbi bcdebcdbibibdeidbdeb bebdbfadbehbdebaebebeecdbibdibfb
  decrypted : h iee de dg iea ie d d eade ea g a e che af ea ha a aaie d ed c 
  real plain: e d fid hi ha e d be hee ha he ae d be cheded f ehee bed hag c h
  cipher in : debeadbaebeebceddbhbadhbaebfdedbcb edbehbiggbedbfbicai ebedbebeg
  decrypted : ea ahe ha aa iaee f hef ha ceae i gae af dii ae c dihdga ae a ai
  real plain: ai i a dc ac a ceed ad bihed die f he iei daa idicae ha he a be 
[Rank 0] (epoch: 46, iters: 15040, time: 0.001, data: 0.001) , D_A: 0.633, G_A: 0.773, cycle_A: 0.041, D_B: 0.613, G_B: 0.891, cycle_B: 0.047, gp: 0.598

saving the latest model (epoch 46, total_iters 1000000)
[Rank 0] (epoch: 46, iters: 16640, time: 0.001, data: 0.001) , D_A: 0.668, G_A: 0.903, cycle_A: 0.046, D_B: 0.547, G_B: 0.912, cycle_B: 0.044, gp: 0.523

[Rank 0] (epoch: 46, iters: 18240, time: 0.001, data: 0.001) , D_A: 0.660, G_A: 0.850, cycle_A: 0.040, D_B: 0.554, G_B: 0.875, cycle_B: 0.049, gp: 0.543

[Rank 0] (epoch: 46, iters: 19840, time: 0.001, data: 0.001) , D_A: 0.741, G_A: 0.919, cycle_A: 0.047, D_B: 0.516, G_B: 0.865, cycle_B: 0.040, gp: 0.494

[Rank 0] (epoch: 46, iters: 21440, time: 0.001, data: 0.001) , D_A: 0.694, G_A: 0.960, cycle_A: 0.045, D_B: 0.691, G_B: 0.911, cycle_B: 0.043, gp: 0.681

learning rate 0.0000909 -> 0.0000727
temperature tau = 0.1104
End of epoch 46 / 50 	 Time Taken: 19 sec
[Rank 0] (epoch: 47, iters: 1152, time: 0.001, data: 0.001) , D_A: 0.696, G_A: 0.850, cycle_A: 0.050, D_B: 0.569, G_B: 0.877, cycle_B: 0.048, gp: 0.551

[Rank 0] (epoch: 47, iters: 2752, time: 0.001, data: 0.001) , D_A: 0.726, G_A: 0.888, cycle_A: 0.044, D_B: 0.584, G_B: 0.857, cycle_B: 0.045, gp: 0.566

[Rank 0] (epoch: 47, iters: 4352, time: 0.001, data: 0.001) , D_A: 0.691, G_A: 0.916, cycle_A: 0.044, D_B: 0.486, G_B: 0.877, cycle_B: 0.045, gp: 0.469

[Rank 0] (epoch: 47, iters: 5952, time: 0.001, data: 0.001) , D_A: 0.697, G_A: 0.838, cycle_A: 0.050, D_B: 0.492, G_B: 0.855, cycle_B: 0.046, gp: 0.476

[Rank 0] (epoch: 47, iters: 7552, time: 0.001, data: 0.001) , D_A: 0.747, G_A: 0.900, cycle_A: 0.052, D_B: 0.551, G_B: 0.702, cycle_B: 0.036, gp: 0.526

[Rank 0] (epoch: 47, iters: 9152, time: 0.001, data: 0.001) , D_A: 0.764, G_A: 0.912, cycle_A: 0.063, D_B: 0.644, G_B: 0.846, cycle_B: 0.045, gp: 0.608

[Rank 0] (epoch: 47, iters: 10752, time: 0.001, data: 0.001) , D_A: 0.736, G_A: 0.917, cycle_A: 0.058, D_B: 0.660, G_B: 0.781, cycle_B: 0.043, gp: 0.633

[Rank 0] (epoch: 47, iters: 12352, time: 0.001, data: 0.001) , D_A: 0.608, G_A: 0.836, cycle_A: 0.057, D_B: 0.528, G_B: 0.790, cycle_B: 0.045, gp: 0.491

[Rank 0] (epoch: 47, iters: 13952, time: 0.001, data: 0.001) , D_A: 0.660, G_A: 0.893, cycle_A: 0.064, D_B: 0.502, G_B: 0.821, cycle_B: 0.048, gp: 0.463

[Rank 0] (epoch: 47, iters: 15552, time: 0.001, data: 0.001) , D_A: 0.692, G_A: 0.855, cycle_A: 0.052, D_B: 0.374, G_B: 0.797, cycle_B: 0.045, gp: 0.345

[Rank 0] (epoch: 47, iters: 17152, time: 0.001, data: 0.001) , D_A: 0.728, G_A: 0.901, cycle_A: 0.056, D_B: 0.310, G_B: 0.820, cycle_B: 0.046, gp: 0.285

[Rank 0] (epoch: 47, iters: 18752, time: 0.001, data: 0.001) , D_A: 0.779, G_A: 0.935, cycle_A: 0.051, D_B: 0.281, G_B: 0.829, cycle_B: 0.045, gp: 0.263

[Rank 0] (epoch: 47, iters: 20352, time: 0.001, data: 0.001) , D_A: 0.704, G_A: 0.929, cycle_A: 0.044, D_B: 0.730, G_B: 0.901, cycle_B: 0.040, gp: 0.713

learning rate 0.0000727 -> 0.0000545
temperature tau = 0.1068
End of epoch 47 / 50 	 Time Taken: 21 sec
[Rank 0] (epoch: 48, iters: 64, time: 0.001, data: 0.001) , D_A: 0.629, G_A: 0.920, cycle_A: 0.044, D_B: 0.712, G_B: 0.901, cycle_B: 0.045, gp: 0.696

[Rank 0] (epoch: 48, iters: 1664, time: 0.001, data: 0.005) , D_A: 0.738, G_A: 0.813, cycle_A: 0.047, D_B: 0.697, G_B: 0.820, cycle_B: 0.043, gp: 0.675

[Rank 0] (epoch: 48, iters: 3264, time: 0.001, data: 0.001) , D_A: 0.697, G_A: 0.887, cycle_A: 0.042, D_B: 0.662, G_B: 0.767, cycle_B: 0.046, gp: 0.626

[Rank 0] (epoch: 48, iters: 4864, time: 0.001, data: 0.001) , D_A: 0.724, G_A: 0.958, cycle_A: 0.047, D_B: 0.645, G_B: 0.790, cycle_B: 0.040, gp: 0.623

[Rank 0] (epoch: 48, iters: 6464, time: 0.001, data: 0.001) , D_A: 0.681, G_A: 0.919, cycle_A: 0.047, D_B: 0.694, G_B: 0.837, cycle_B: 0.045, gp: 0.678

[Rank 0] (epoch: 48, iters: 8064, time: 0.001, data: 0.001) , D_A: 0.595, G_A: 0.857, cycle_A: 0.051, D_B: 0.644, G_B: 0.837, cycle_B: 0.042, gp: 0.623

[Rank 0] (epoch: 48, iters: 9664, time: 0.001, data: 0.001) , D_A: 0.738, G_A: 0.897, cycle_A: 0.047, D_B: 0.483, G_B: 0.883, cycle_B: 0.047, gp: 0.464

--- iter tau=0.1068 ---
  cipher in : ibfddhbibebebdei bdaddbddbgbaddbadbedbadba abhdi bdbibibhbgdbeb 
  decrypted : d ceef d a a eadg ehee ee i hee he ae he hgh fedg e d d f ie a g
  real plain:  ecd fde dig e acai eid hee ecd ae ed i he ffice f he icia he ea
  cipher in : cdbehbadbddbhici badbcedbadbedbeihbibhifficbebidbaibegbebebabceb
  decrypted : ie af he ee fdidg he iae he ae adf d fdccdi a de hd ai a a h ia 
  real plain:  ide fiacia aid ecage he eabihe f caia edcai ga i bic ch he iiia
[Rank 0] (epoch: 48, iters: 11264, time: 0.001, data: 0.001) , D_A: 0.653, G_A: 0.911, cycle_A: 0.041, D_B: 0.655, G_B: 0.845, cycle_B: 0.045, gp: 0.625

saving the latest model (epoch 48, total_iters 1040000)
[Rank 0] (epoch: 48, iters: 12864, time: 0.001, data: 0.001) , D_A: 0.709, G_A: 0.847, cycle_A: 0.044, D_B: 0.553, G_B: 0.829, cycle_B: 0.043, gp: 0.540

[Rank 0] (epoch: 48, iters: 14464, time: 0.001, data: 0.001) , D_A: 0.721, G_A: 0.878, cycle_A: 0.044, D_B: 0.675, G_B: 0.816, cycle_B: 0.043, gp: 0.655

[Rank 0] (epoch: 48, iters: 16064, time: 0.001, data: 0.001) , D_A: 0.759, G_A: 0.905, cycle_A: 0.048, D_B: 0.649, G_B: 0.818, cycle_B: 0.040, gp: 0.631

[Rank 0] (epoch: 48, iters: 17664, time: 0.001, data: 0.001) , D_A: 0.707, G_A: 0.833, cycle_A: 0.047, D_B: 0.649, G_B: 0.868, cycle_B: 0.050, gp: 0.636

[Rank 0] (epoch: 48, iters: 19264, time: 0.001, data: 0.001) , D_A: 0.659, G_A: 0.893, cycle_A: 0.045, D_B: 0.625, G_B: 0.861, cycle_B: 0.043, gp: 0.604

[Rank 0] (epoch: 48, iters: 20864, time: 0.001, data: 0.001) , D_A: 0.713, G_A: 0.864, cycle_A: 0.047, D_B: 0.616, G_B: 0.857, cycle_B: 0.047, gp: 0.595

learning rate 0.0000545 -> 0.0000364
temperature tau = 0.1033
End of epoch 48 / 50 	 Time Taken: 21 sec
[Rank 0] (epoch: 49, iters: 576, time: 0.001, data: 0.001) , D_A: 0.783, G_A: 0.854, cycle_A: 0.054, D_B: 0.656, G_B: 0.877, cycle_B: 0.042, gp: 0.640

[Rank 0] (epoch: 49, iters: 2176, time: 0.001, data: 0.000) , D_A: 0.739, G_A: 0.870, cycle_A: 0.045, D_B: 0.616, G_B: 0.822, cycle_B: 0.045, gp: 0.595

[Rank 0] (epoch: 49, iters: 3776, time: 0.001, data: 0.002) , D_A: 0.750, G_A: 0.859, cycle_A: 0.039, D_B: 0.566, G_B: 0.889, cycle_B: 0.048, gp: 0.547

[Rank 0] (epoch: 49, iters: 5376, time: 0.001, data: 0.001) , D_A: 0.798, G_A: 0.877, cycle_A: 0.046, D_B: 0.736, G_B: 0.902, cycle_B: 0.046, gp: 0.716

[Rank 0] (epoch: 49, iters: 6976, time: 0.001, data: 0.001) , D_A: 0.697, G_A: 0.916, cycle_A: 0.042, D_B: 0.635, G_B: 0.854, cycle_B: 0.045, gp: 0.620

[Rank 0] (epoch: 49, iters: 8576, time: 0.001, data: 0.001) , D_A: 0.690, G_A: 0.747, cycle_A: 0.042, D_B: 0.609, G_B: 0.818, cycle_B: 0.046, gp: 0.587

[Rank 0] (epoch: 49, iters: 10176, time: 0.001, data: 0.001) , D_A: 0.745, G_A: 0.905, cycle_A: 0.047, D_B: 0.651, G_B: 0.862, cycle_B: 0.042, gp: 0.633

[Rank 0] (epoch: 49, iters: 11776, time: 0.001, data: 0.001) , D_A: 0.783, G_A: 0.900, cycle_A: 0.046, D_B: 0.603, G_B: 0.855, cycle_B: 0.044, gp: 0.585

[Rank 0] (epoch: 49, iters: 13376, time: 0.001, data: 0.001) , D_A: 0.639, G_A: 0.891, cycle_A: 0.045, D_B: 0.628, G_B: 0.906, cycle_B: 0.048, gp: 0.617

[Rank 0] (epoch: 49, iters: 14976, time: 0.001, data: 0.001) , D_A: 0.751, G_A: 0.802, cycle_A: 0.049, D_B: 0.594, G_B: 0.842, cycle_B: 0.048, gp: 0.581

[Rank 0] (epoch: 49, iters: 16576, time: 0.001, data: 0.001) , D_A: 0.721, G_A: 0.856, cycle_A: 0.045, D_B: 0.607, G_B: 0.859, cycle_B: 0.044, gp: 0.597

[Rank 0] (epoch: 49, iters: 18176, time: 0.001, data: 0.001) , D_A: 0.754, G_A: 0.878, cycle_A: 0.040, D_B: 0.590, G_B: 0.864, cycle_B: 0.049, gp: 0.576

[Rank 0] (epoch: 49, iters: 19776, time: 0.001, data: 0.001) , D_A: 0.768, G_A: 0.872, cycle_A: 0.045, D_B: 0.520, G_B: 0.898, cycle_B: 0.040, gp: 0.507

[Rank 0] (epoch: 49, iters: 21376, time: 0.001, data: 0.001) , D_A: 0.771, G_A: 0.908, cycle_A: 0.040, D_B: 0.664, G_B: 0.790, cycle_B: 0.043, gp: 0.649

learning rate 0.0000364 -> 0.0000182
temperature tau = 0.1000
End of epoch 49 / 50 	 Time Taken: 21 sec
[Rank 0] (epoch: 50, iters: 1088, time: 0.001, data: 0.001) , D_A: 0.772, G_A: 0.837, cycle_A: 0.044, D_B: 0.571, G_B: 0.841, cycle_B: 0.049, gp: 0.555

[Rank 0] (epoch: 50, iters: 2688, time: 0.001, data: 0.001) , D_A: 0.627, G_A: 0.865, cycle_A: 0.042, D_B: 0.612, G_B: 0.849, cycle_B: 0.045, gp: 0.598

[Rank 0] (epoch: 50, iters: 4288, time: 0.001, data: 0.001) , D_A: 0.713, G_A: 0.866, cycle_A: 0.048, D_B: 0.590, G_B: 0.804, cycle_B: 0.045, gp: 0.571

[Rank 0] (epoch: 50, iters: 5888, time: 0.001, data: 0.001) , D_A: 0.652, G_A: 0.853, cycle_A: 0.049, D_B: 0.624, G_B: 0.835, cycle_B: 0.045, gp: 0.609

--- iter tau=0.1000 ---
  cipher in : dbidbcegeebaddbihbcae dhbadhbhidbehbfbebaidbcdbeihbadbaii bibabh
  decrypted : e de iaiaa hee df ihagef hef fde af c a hde ie adf he hddg d h f
  real plain:  he e eiae f a a ee bii da defici i he e f he gig eide faee gif 
  cipher in : icebdbebdfi adbebihcdhbadbibebgebebefidhbadbfebhcdbadbabhcdbedhb
  decrypted : dia e a ecdghe a dfief he d a ia a acdef he ca fie he h fie aef 
  real plain:  d be iied ha i a de i hi a a hi iiece he a igh ad ee aha cd he 
[Rank 0] (epoch: 50, iters: 7488, time: 0.001, data: 0.001) , D_A: 0.674, G_A: 0.886, cycle_A: 0.046, D_B: 0.532, G_B: 0.875, cycle_B: 0.036, gp: 0.521

saving the latest model (epoch 50, total_iters 1080000)
[Rank 0] (epoch: 50, iters: 9088, time: 0.001, data: 0.001) , D_A: 0.707, G_A: 0.876, cycle_A: 0.044, D_B: 0.613, G_B: 0.843, cycle_B: 0.045, gp: 0.594

[Rank 0] (epoch: 50, iters: 10688, time: 0.001, data: 0.001) , D_A: 0.698, G_A: 0.873, cycle_A: 0.044, D_B: 0.637, G_B: 0.824, cycle_B: 0.043, gp: 0.623

[Rank 0] (epoch: 50, iters: 12288, time: 0.001, data: 0.001) , D_A: 0.718, G_A: 0.848, cycle_A: 0.044, D_B: 0.570, G_B: 0.847, cycle_B: 0.049, gp: 0.554

[Rank 0] (epoch: 50, iters: 13888, time: 0.001, data: 0.001) , D_A: 0.684, G_A: 0.899, cycle_A: 0.043, D_B: 0.659, G_B: 0.849, cycle_B: 0.048, gp: 0.643

[Rank 0] (epoch: 50, iters: 15488, time: 0.001, data: 0.001) , D_A: 0.693, G_A: 0.900, cycle_A: 0.044, D_B: 0.560, G_B: 0.847, cycle_B: 0.044, gp: 0.544

[Rank 0] (epoch: 50, iters: 17088, time: 0.001, data: 0.001) , D_A: 0.740, G_A: 0.884, cycle_A: 0.041, D_B: 0.614, G_B: 0.824, cycle_B: 0.046, gp: 0.598

[Rank 0] (epoch: 50, iters: 18688, time: 0.001, data: 0.001) , D_A: 0.696, G_A: 0.911, cycle_A: 0.039, D_B: 0.664, G_B: 0.853, cycle_B: 0.045, gp: 0.654

[Rank 0] (epoch: 50, iters: 20288, time: 0.001, data: 0.001) , D_A: 0.702, G_A: 0.957, cycle_A: 0.042, D_B: 0.657, G_B: 0.879, cycle_B: 0.040, gp: 0.649

[Rank 0] (epoch: 50, iters: 21888, time: 0.001, data: 0.001) , D_A: 0.670, G_A: 0.865, cycle_A: 0.041, D_B: 0.727, G_B: 0.845, cycle_B: 0.039, gp: 0.709

learning rate 0.0000182 -> 0.0000000
temperature tau = 0.1000
saving the model at the end of epoch 50, iters 1094400
End of epoch 50 / 50 	 Time Taken: 21 sec
----------------- Options ---------------
             aspect_ratio: 1.0                           
               batch_size: 64                            
          checkpoints_dir: ./checkpoints                 
                crop_size: 256                           
                 dataroot: .                             	[default: None]
             dataset_mode: cipher                        
                direction: AtoB                          
               display_id: 0                             
          display_winsize: 256                           
                embed_dim: 256                           	[default: 64]
                    epoch: latest                        
                     eval: False                         
                 gan_mode: lsgan                         
                   gumbel: False                         
                init_gain: 0.02                          
                init_type: normal                        
                 input_nc: 3                             
                  isTrain: False                         	[default: None]
                     kw_D: 15                            	[default: 4]
                 lambda_A: 10.0                          
                 lambda_B: 10.0                          
                lambda_gp: 10.0                          
          lambda_identity: 0.0                           
                load_iter: 0                             	[default: 0]
                load_size: 256                           
                       lr: 0.0002                        
         matched_softness: True                          	[default: False]
         max_dataset_size: inf                           
                    model: cipher_cycle_gan              	[default: test]
               n_blocks_G: 5                             	[default: 4]
                 n_critic: 1                             
               n_layers_D: 5                             	[default: 3]
                     name: a10_s6_gp1                    	[default: experiment_name]
                      ndf: 32                            	[default: 128]
                     netD: seq                           
                     netG: seq                           
                      ngf: 128                           
               no_dropout: True                          
                  no_flip: True                          
                     norm: layer                         	[default: instance]
                 npz_path: data/a10/dataset.npz          	[default: None]
                 num_test: 50                            
              num_threads: 4                             
                output_nc: 3                             
                pair_seed: 0                             
                    phase: test                          
              pointwise_G: True                          	[default: False]
               preprocess: none                          
         real_logit_scale: 5.0                           
              results_dir: ./results/                    
           serial_batches: False                         
         straight_through: True                          	[default: False]
                   suffix:                               
                  tau_end: 0.1                           
                tau_start: 1.0                           
                   use_gp: False                         
                use_wandb: False                         
                  verbose: False                         
               vocab_size: -1                            
       wandb_project_name: CycleGAN-and-pix2pix          
----------------- End -------------------
[cipher] eval: A(cipher)=(4863, 64) B(plain)=(4863, 64) vocab=11 cipher=substitution paired=True
dataset [CipherDataset] was created
Initialized with device cuda:0
initialize network with normal
Initialized with device cuda:0
initialize network with normal
model [CipherCycleGANModel] was created
Initialized with device cuda:0
initialize network with normal
loading the model from checkpoints/a10_s6_gp1/latest_net_G_A.pth
Initialized with device cuda:0
initialize network with normal
loading the model from checkpoints/a10_s6_gp1/latest_net_G_B.pth
---------- Networks initialized -------------
[Network G_A] Total number of parameters : 0.205 M
[Network G_B] Total number of parameters : 0.205 M
-----------------------------------------------

==============================================================
cipher              substitution (key=perm-seed0)
samples             4863 x 64
character accuracy  0.7215   (chance ~0.1000)
character error     0.2785
key recovery        0.5000   (coverage 1.000)
==============================================================
cipher in : ebddi baedbedbaiebhdbebedhbedbabibebidbaebeb ibebaebebebedbgdebh
decrypted : a eedg hae ae hda fe a aef ae h d a de ha a gd a ha a a ae iea f
truth     : a eeig hae ae hia de a aed ae h i a ie ha a gi a ha a a ae bea d

wrote ./checkpoints/a10_s6_gp1/eval_metrics.json
wrote ./checkpoints/a10_s6_gp1/curves_a10_s6_gp1.png

loss             first      last       min       max
D_A              0.932     0.670     0.102     1.258
G_A              0.382     0.865     0.283     1.387
cycle_A          0.519     0.041     0.037     0.845
D_B              0.688     0.727     0.170     0.813
G_B              0.695     0.845     0.131     1.501
cycle_B          0.786     0.039     0.036     0.831
gp               0.480     0.709     0.151     0.716

D_A over the final window: 0.708
  -> neither collapsed nor at equilibrium; inspect the shape.
