=== task 0 : dataset=a20 seed=6 ===
NVIDIA A100-SXM4-80GB
----------------- Options ---------------
               batch_size: 64                            
                    beta1: 0.0                           	[default: 0.5]
          checkpoints_dir: ./checkpoints                 
           continue_train: False                         
                crop_size: 256                           
               cycle_loss: ce                            
                 dataroot: .                             	[default: None]
             dataset_mode: cipher                        
                direction: AtoB                          
             display_freq: 20000                         	[default: 400]
               display_id: 0                             
          display_winsize: 256                           
                embed_dim: 256                           	[default: 64]
                    epoch: latest                        
              epoch_count: 1                             
                 gan_mode: lsgan                         
                   gumbel: False                         
                init_gain: 0.02                          
                init_type: normal                        
                 input_nc: 3                             
                  isTrain: True                          	[default: None]
                     kw_D: 15                            	[default: 4]
                 lambda_A: 1.0                           	[default: 10.0]
                 lambda_B: 1.0                           	[default: 10.0]
                lambda_gp: 1.0                           	[default: 10.0]
          lambda_identity: 0.0                           
                load_iter: 0                             	[default: 0]
                load_size: 286                           
                       lr: 0.0002                        
           lr_decay_iters: 50                            
                lr_policy: linear                        
         matched_softness: True                          	[default: False]
         max_dataset_size: inf                           
                    model: cipher_cycle_gan              	[default: cycle_gan]
               n_blocks_G: 5                             	[default: 4]
                 n_critic: 1                             
                 n_epochs: 40                            	[default: 100]
           n_epochs_decay: 10                            	[default: 100]
               n_layers_D: 5                             	[default: 3]
                     name: a20_s6_gp1                    	[default: experiment_name]
                      ndf: 32                            	[default: 128]
                     netD: seq                           
                     netG: seq                           
                      ngf: 128                           
               no_dropout: True                          
                  no_flip: True                          
                  no_html: False                         
                     norm: layer                         	[default: instance]
                 npz_path: data/a20/dataset.npz          	[default: None]
              num_threads: 8                             	[default: 4]
                output_nc: 3                             
                pair_seed: 6                             	[default: 0]
                    phase: train                         
              pointwise_G: True                          	[default: False]
                pool_size: 50                            
               preprocess: none                          
               print_freq: 100                           
         real_logit_scale: 5.0                           
             save_by_iter: False                         
          save_epoch_freq: 50                            	[default: 5]
         save_latest_freq: 5000                          
           serial_batches: False                         
         straight_through: True                          	[default: False]
                   suffix:                               
                  tau_end: 0.1                           
                tau_start: 0.5                           	[default: 1.0]
         update_html_freq: 1000                          
                   use_gp: True                          	[default: False]
                use_wandb: False                         
                  verbose: False                         
               vocab_size: -1                            
       wandb_project_name: CycleGAN-and-pix2pix          
----------------- End -------------------
Initialized with device cuda:0
[cipher] train: A(cipher)=(34810, 64) B(plain)=(34809, 64) vocab=21 cipher=substitution paired=False
dataset [CipherDataset] was created
The number of training images = 34810
Initialized with device cuda:0
initialize network with normal
Initialized with device cuda:0
initialize network with normal
Initialized with device cuda:0
initialize network with normal
Initialized with device cuda:0
initialize network with normal
model [CipherCycleGANModel] was created
Initialized with device cuda:0
initialize network with normal
Initialized with device cuda:0
initialize network with normal
Initialized with device cuda:0
initialize network with normal
Initialized with device cuda:0
initialize network with normal
---------- Networks initialized -------------
[Network G_A] Total number of parameters : 0.209 M
[Network G_B] Total number of parameters : 0.209 M
[Network D_A] Total number of parameters : 0.475 M
[Network D_B] Total number of parameters : 0.475 M
-----------------------------------------------
create web directory checkpoints/a20_s6_gp1/web...
[Rank 0] (epoch: 1, iters: 1600, time: 0.001, data: 0.082) , D_A: 1.028, G_A: 0.140, cycle_A: 0.964, D_B: 0.734, G_B: 0.357, cycle_B: 1.078, gp: 0.410

[Rank 0] (epoch: 1, iters: 3200, time: 0.001, data: 0.001) , D_A: 0.645, G_A: 0.777, cycle_A: 0.551, D_B: 0.719, G_B: 1.455, cycle_B: 0.501, gp: 0.376

[Rank 0] (epoch: 1, iters: 4800, time: 0.001, data: 0.001) , D_A: 0.478, G_A: 0.547, cycle_A: 0.544, D_B: 0.550, G_B: 0.392, cycle_B: 0.478, gp: 0.373

[Rank 0] (epoch: 1, iters: 6400, time: 0.001, data: 0.001) , D_A: 0.490, G_A: 0.753, cycle_A: 0.587, D_B: 0.649, G_B: 1.929, cycle_B: 0.649, gp: 0.354

[Rank 0] (epoch: 1, iters: 8000, time: 0.001, data: 0.001) , D_A: 0.412, G_A: 0.547, cycle_A: 0.491, D_B: 0.473, G_B: 1.326, cycle_B: 0.575, gp: 0.343

[Rank 0] (epoch: 1, iters: 9600, time: 0.001, data: 0.001) , D_A: 0.292, G_A: 1.502, cycle_A: 0.468, D_B: 0.495, G_B: 1.334, cycle_B: 0.454, gp: 0.425

[Rank 0] (epoch: 1, iters: 11200, time: 0.001, data: 0.001) , D_A: 0.317, G_A: 0.999, cycle_A: 0.441, D_B: 0.413, G_B: 1.181, cycle_B: 0.429, gp: 0.374

[Rank 0] (epoch: 1, iters: 12800, time: 0.001, data: 0.001) , D_A: 0.350, G_A: 1.505, cycle_A: 0.415, D_B: 0.326, G_B: 1.258, cycle_B: 0.484, gp: 0.279

[Rank 0] (epoch: 1, iters: 14400, time: 0.001, data: 0.001) , D_A: 0.426, G_A: 1.475, cycle_A: 0.400, D_B: 0.340, G_B: 0.904, cycle_B: 0.434, gp: 0.298

[Rank 0] (epoch: 1, iters: 16000, time: 0.001, data: 0.001) , D_A: 0.319, G_A: 1.019, cycle_A: 0.399, D_B: 0.337, G_B: 0.939, cycle_B: 0.443, gp: 0.301

[Rank 0] (epoch: 1, iters: 17600, time: 0.001, data: 0.001) , D_A: 0.348, G_A: 1.340, cycle_A: 0.376, D_B: 0.350, G_B: 0.943, cycle_B: 0.433, gp: 0.300

[Rank 0] (epoch: 1, iters: 19200, time: 0.001, data: 0.001) , D_A: 0.290, G_A: 1.006, cycle_A: 0.400, D_B: 0.354, G_B: 0.757, cycle_B: 0.394, gp: 0.298

[Rank 0] (epoch: 1, iters: 20800, time: 0.001, data: 0.001) , D_A: 0.282, G_A: 1.174, cycle_A: 0.408, D_B: 0.323, G_B: 1.375, cycle_B: 0.421, gp: 0.293

[Rank 0] (epoch: 1, iters: 22400, time: 0.001, data: 0.001) , D_A: 0.318, G_A: 1.018, cycle_A: 0.416, D_B: 0.361, G_B: 0.878, cycle_B: 0.468, gp: 0.319

[Rank 0] (epoch: 1, iters: 24000, time: 0.001, data: 0.001) , D_A: 0.261, G_A: 0.897, cycle_A: 0.322, D_B: 0.296, G_B: 1.201, cycle_B: 0.362, gp: 0.254

[Rank 0] (epoch: 1, iters: 25600, time: 0.001, data: 0.001) , D_A: 0.293, G_A: 1.392, cycle_A: 0.320, D_B: 0.300, G_B: 1.178, cycle_B: 0.354, gp: 0.272

[Rank 0] (epoch: 1, iters: 27200, time: 0.001, data: 0.001) , D_A: 0.316, G_A: 0.572, cycle_A: 0.309, D_B: 0.343, G_B: 1.082, cycle_B: 0.384, gp: 0.325

[Rank 0] (epoch: 1, iters: 28800, time: 0.001, data: 0.001) , D_A: 0.278, G_A: 1.250, cycle_A: 0.445, D_B: 0.329, G_B: 1.156, cycle_B: 0.419, gp: 0.300

[Rank 0] (epoch: 1, iters: 30400, time: 0.001, data: 0.001) , D_A: 0.308, G_A: 1.030, cycle_A: 0.336, D_B: 0.231, G_B: 1.133, cycle_B: 0.379, gp: 0.213

[Rank 0] (epoch: 1, iters: 32000, time: 0.001, data: 0.001) , D_A: 0.241, G_A: 0.842, cycle_A: 0.323, D_B: 0.269, G_B: 1.100, cycle_B: 0.352, gp: 0.245

[Rank 0] (epoch: 1, iters: 33600, time: 0.001, data: 0.001) , D_A: 0.398, G_A: 0.900, cycle_A: 0.333, D_B: 0.367, G_B: 1.691, cycle_B: 0.391, gp: 0.276

learning rate 0.0002000 -> 0.0002000
temperature tau = 0.4838
End of epoch 1 / 50 	 Time Taken: 29 sec
[Rank 0] (epoch: 2, iters: 384, time: 0.001, data: 0.001) , D_A: 0.231, G_A: 1.318, cycle_A: 0.311, D_B: 0.271, G_B: 0.887, cycle_B: 0.343, gp: 0.252

[Rank 0] (epoch: 2, iters: 1984, time: 0.001, data: 0.000) , D_A: 0.287, G_A: 1.042, cycle_A: 0.286, D_B: 0.258, G_B: 1.076, cycle_B: 0.336, gp: 0.244

[Rank 0] (epoch: 2, iters: 3584, time: 0.001, data: 0.001) , D_A: 0.319, G_A: 1.128, cycle_A: 0.286, D_B: 0.324, G_B: 1.080, cycle_B: 0.364, gp: 0.296

--- iter tau=0.4838 ---
  cipher in : njpnjesjckfejpgsfbkcnjbplnpqkfnbplsbnpsqpkbpakfcpkfplnpgsfjpefcp
  decrypted :   e  hr caoh eirolac  lei esao leirl ersealecaoceaoei eiro ehoce
  real plain: aion is a phenomenon in hich one finds no a condensed epression 
  cipher in : mkgeksfbpsqprnjbsfbpcnbkjkfdpspbcpsjpsjapeplnpfknjbkpklspjndejcp
  decrypted : naiharolerses  lrolec la aokerelcer er cehei eoa  laeaire  kh ce
  real plain: saacs here john and bobbie boh orked bobbie had been head of he 
[Rank 0] (epoch: 2, iters: 5184, time: 0.001, data: 0.001) , D_A: 0.306, G_A: 0.832, cycle_A: 0.284, D_B: 0.285, G_B: 1.072, cycle_B: 0.353, gp: 0.265

saving the latest model (epoch 2, total_iters 40000)
[Rank 0] (epoch: 2, iters: 6784, time: 0.001, data: 0.001) , D_A: 0.401, G_A: 1.022, cycle_A: 0.291, D_B: 0.347, G_B: 0.509, cycle_B: 0.343, gp: 0.255

[Rank 0] (epoch: 2, iters: 8384, time: 0.001, data: 0.001) , D_A: 0.291, G_A: 0.815, cycle_A: 0.291, D_B: 0.259, G_B: 1.308, cycle_B: 0.373, gp: 0.239

[Rank 0] (epoch: 2, iters: 9984, time: 0.001, data: 0.001) , D_A: 0.226, G_A: 0.859, cycle_A: 0.261, D_B: 0.337, G_B: 1.449, cycle_B: 0.357, gp: 0.320

[Rank 0] (epoch: 2, iters: 11584, time: 0.001, data: 0.001) , D_A: 0.374, G_A: 0.629, cycle_A: 0.284, D_B: 0.182, G_B: 0.643, cycle_B: 0.363, gp: 0.154

[Rank 0] (epoch: 2, iters: 13184, time: 0.001, data: 0.001) , D_A: 0.220, G_A: 1.017, cycle_A: 0.272, D_B: 0.266, G_B: 0.652, cycle_B: 0.332, gp: 0.247

[Rank 0] (epoch: 2, iters: 14784, time: 0.001, data: 0.001) , D_A: 0.191, G_A: 1.521, cycle_A: 0.300, D_B: 0.280, G_B: 0.844, cycle_B: 0.388, gp: 0.267

[Rank 0] (epoch: 2, iters: 16384, time: 0.001, data: 0.001) , D_A: 0.267, G_A: 0.920, cycle_A: 0.275, D_B: 0.370, G_B: 1.236, cycle_B: 0.355, gp: 0.357

[Rank 0] (epoch: 2, iters: 17984, time: 0.001, data: 0.001) , D_A: 0.232, G_A: 0.838, cycle_A: 0.290, D_B: 0.302, G_B: 0.682, cycle_B: 0.355, gp: 0.264

[Rank 0] (epoch: 2, iters: 19584, time: 0.001, data: 0.001) , D_A: 0.225, G_A: 0.966, cycle_A: 0.284, D_B: 0.296, G_B: 1.084, cycle_B: 0.361, gp: 0.285

[Rank 0] (epoch: 2, iters: 21184, time: 0.001, data: 0.001) , D_A: 0.301, G_A: 1.116, cycle_A: 0.276, D_B: 0.275, G_B: 0.840, cycle_B: 0.358, gp: 0.257

[Rank 0] (epoch: 2, iters: 22784, time: 0.001, data: 0.001) , D_A: 0.233, G_A: 1.044, cycle_A: 0.299, D_B: 0.246, G_B: 1.080, cycle_B: 0.336, gp: 0.235

[Rank 0] (epoch: 2, iters: 24384, time: 0.001, data: 0.001) , D_A: 0.378, G_A: 1.566, cycle_A: 0.281, D_B: 0.277, G_B: 1.257, cycle_B: 0.351, gp: 0.260

[Rank 0] (epoch: 2, iters: 25984, time: 0.001, data: 0.001) , D_A: 0.246, G_A: 1.033, cycle_A: 0.280, D_B: 0.287, G_B: 0.822, cycle_B: 0.348, gp: 0.268

[Rank 0] (epoch: 2, iters: 27584, time: 0.001, data: 0.001) , D_A: 0.268, G_A: 0.908, cycle_A: 0.274, D_B: 0.244, G_B: 1.215, cycle_B: 0.356, gp: 0.230

[Rank 0] (epoch: 2, iters: 29184, time: 0.001, data: 0.001) , D_A: 0.293, G_A: 0.880, cycle_A: 0.287, D_B: 0.228, G_B: 0.945, cycle_B: 0.352, gp: 0.217

[Rank 0] (epoch: 2, iters: 30784, time: 0.001, data: 0.001) , D_A: 0.209, G_A: 1.055, cycle_A: 0.300, D_B: 0.288, G_B: 0.930, cycle_B: 0.349, gp: 0.272

[Rank 0] (epoch: 2, iters: 32384, time: 0.001, data: 0.001) , D_A: 0.211, G_A: 1.028, cycle_A: 0.293, D_B: 0.304, G_B: 1.019, cycle_B: 0.374, gp: 0.294

[Rank 0] (epoch: 2, iters: 33984, time: 0.001, data: 0.001) , D_A: 0.243, G_A: 1.119, cycle_A: 0.280, D_B: 0.233, G_B: 1.180, cycle_B: 0.371, gp: 0.219

learning rate 0.0002000 -> 0.0002000
temperature tau = 0.4682
End of epoch 2 / 50 	 Time Taken: 28 sec
[Rank 0] (epoch: 3, iters: 768, time: 0.001, data: 0.001) , D_A: 0.210, G_A: 0.974, cycle_A: 0.287, D_B: 0.267, G_B: 0.956, cycle_B: 0.340, gp: 0.255

[Rank 0] (epoch: 3, iters: 2368, time: 0.001, data: 0.000) , D_A: 0.335, G_A: 0.982, cycle_A: 1.893, D_B: 0.214, G_B: 0.891, cycle_B: 1.633, gp: 0.206

[Rank 0] (epoch: 3, iters: 3968, time: 0.001, data: 0.001) , D_A: 0.359, G_A: 1.125, cycle_A: 0.587, D_B: 0.364, G_B: 1.083, cycle_B: 0.690, gp: 0.357

[Rank 0] (epoch: 3, iters: 5568, time: 0.001, data: 0.001) , D_A: 0.413, G_A: 0.363, cycle_A: 0.405, D_B: 0.304, G_B: 0.881, cycle_B: 0.474, gp: 0.287

[Rank 0] (epoch: 3, iters: 7168, time: 0.001, data: 0.001) , D_A: 0.217, G_A: 0.811, cycle_A: 0.393, D_B: 0.227, G_B: 1.254, cycle_B: 0.483, gp: 0.198

[Rank 0] (epoch: 3, iters: 8768, time: 0.001, data: 0.001) , D_A: 0.336, G_A: 0.993, cycle_A: 0.331, D_B: 0.390, G_B: 0.461, cycle_B: 0.479, gp: 0.288

--- iter tau=0.4682 ---
  cipher in : pnnfckfdplkbplnmrpnplsrnpspheanprsbbk mnplnpnflbkebkgpnfjsmmhnfp
  decrypted : b  ocaokbpalbp nsb bprs brbdhn bsrllasn bp b oplahla b o rnnd ob
  real plain: e proisions of his legislaion sec a sbjec o he limiaions hereina
  cipher in : emsfbphefpckemngkgbphefprnjbsfemkknbplnpjkncpspjnqeblksfplkhbnmq
  decrypted : hnrolbdhobcahn  a lbdhobs  lrohnaa lbp b a cbrb  shlparobpadl ns
  real plain: mrs kodama p me on he rain for koo m insrcions ere ha mr nishimo
[Rank 0] (epoch: 3, iters: 10368, time: 0.001, data: 0.001) , D_A: 0.235, G_A: 1.083, cycle_A: 0.385, D_B: 0.288, G_B: 0.678, cycle_B: 0.464, gp: 0.242

saving the latest model (epoch 3, total_iters 80000)
[Rank 0] (epoch: 3, iters: 11968, time: 0.001, data: 0.001) , D_A: 0.276, G_A: 0.974, cycle_A: 0.327, D_B: 0.269, G_B: 0.897, cycle_B: 0.454, gp: 0.259

[Rank 0] (epoch: 3, iters: 13568, time: 0.001, data: 0.001) , D_A: 0.293, G_A: 1.020, cycle_A: 0.312, D_B: 0.269, G_B: 0.895, cycle_B: 0.459, gp: 0.253

[Rank 0] (epoch: 3, iters: 15168, time: 0.001, data: 0.001) , D_A: 0.236, G_A: 0.944, cycle_A: 0.318, D_B: 0.248, G_B: 1.026, cycle_B: 0.332, gp: 0.223

[Rank 0] (epoch: 3, iters: 16768, time: 0.001, data: 0.001) , D_A: 0.204, G_A: 0.981, cycle_A: 0.258, D_B: 0.294, G_B: 1.104, cycle_B: 0.509, gp: 0.282

[Rank 0] (epoch: 3, iters: 18368, time: 0.001, data: 0.001) , D_A: 0.180, G_A: 0.970, cycle_A: 0.325, D_B: 0.327, G_B: 1.065, cycle_B: 0.370, gp: 0.313

[Rank 0] (epoch: 3, iters: 19968, time: 0.001, data: 0.002) , D_A: 0.190, G_A: 0.915, cycle_A: 0.288, D_B: 0.201, G_B: 0.903, cycle_B: 0.622, gp: 0.191

[Rank 0] (epoch: 3, iters: 21568, time: 0.001, data: 0.001) , D_A: 0.265, G_A: 0.926, cycle_A: 0.348, D_B: 0.181, G_B: 0.894, cycle_B: 0.375, gp: 0.170

[Rank 0] (epoch: 3, iters: 23168, time: 0.001, data: 0.001) , D_A: 0.268, G_A: 0.935, cycle_A: 0.335, D_B: 0.236, G_B: 0.874, cycle_B: 0.347, gp: 0.224

[Rank 0] (epoch: 3, iters: 24768, time: 0.001, data: 0.002) , D_A: 0.300, G_A: 0.834, cycle_A: 0.305, D_B: 0.487, G_B: 0.064, cycle_B: 0.421, gp: 0.194

[Rank 0] (epoch: 3, iters: 26368, time: 0.001, data: 0.001) , D_A: 0.293, G_A: 1.326, cycle_A: 0.272, D_B: 0.250, G_B: 0.962, cycle_B: 0.317, gp: 0.237

[Rank 0] (epoch: 3, iters: 27968, time: 0.001, data: 0.001) , D_A: 0.518, G_A: 1.829, cycle_A: 0.309, D_B: 0.193, G_B: 0.999, cycle_B: 0.300, gp: 0.183

[Rank 0] (epoch: 3, iters: 29568, time: 0.001, data: 0.001) , D_A: 0.140, G_A: 1.024, cycle_A: 0.261, D_B: 0.308, G_B: 1.132, cycle_B: 0.538, gp: 0.297

[Rank 0] (epoch: 3, iters: 31168, time: 0.001, data: 0.001) , D_A: 0.273, G_A: 1.020, cycle_A: 0.281, D_B: 0.179, G_B: 1.080, cycle_B: 0.243, gp: 0.168

[Rank 0] (epoch: 3, iters: 32768, time: 0.001, data: 0.001) , D_A: 0.188, G_A: 0.899, cycle_A: 0.265, D_B: 0.152, G_B: 0.915, cycle_B: 0.293, gp: 0.143

[Rank 0] (epoch: 3, iters: 34368, time: 0.001, data: 0.001) , D_A: 0.228, G_A: 1.061, cycle_A: 0.272, D_B: 0.279, G_B: 0.976, cycle_B: 0.269, gp: 0.269

learning rate 0.0002000 -> 0.0002000
temperature tau = 0.4531
End of epoch 3 / 50 	 Time Taken: 31 sec
[Rank 0] (epoch: 4, iters: 1152, time: 0.001, data: 0.001) , D_A: 0.246, G_A: 1.017, cycle_A: 0.254, D_B: 0.380, G_B: 1.961, cycle_B: 0.272, gp: 0.259

[Rank 0] (epoch: 4, iters: 2752, time: 0.001, data: 0.001) , D_A: 0.201, G_A: 0.976, cycle_A: 0.229, D_B: 0.307, G_B: 0.901, cycle_B: 0.456, gp: 0.294

[Rank 0] (epoch: 4, iters: 4352, time: 0.001, data: 0.001) , D_A: 0.183, G_A: 1.103, cycle_A: 0.217, D_B: 0.187, G_B: 0.998, cycle_B: 0.251, gp: 0.179

[Rank 0] (epoch: 4, iters: 5952, time: 0.001, data: 0.001) , D_A: 0.279, G_A: 1.121, cycle_A: 0.218, D_B: 0.204, G_B: 0.980, cycle_B: 0.277, gp: 0.197

[Rank 0] (epoch: 4, iters: 7552, time: 0.001, data: 0.001) , D_A: 0.364, G_A: 1.017, cycle_A: 0.189, D_B: 0.252, G_B: 0.954, cycle_B: 0.530, gp: 0.245

[Rank 0] (epoch: 4, iters: 9152, time: 0.001, data: 0.001) , D_A: 0.214, G_A: 1.073, cycle_A: 0.194, D_B: 0.193, G_B: 0.942, cycle_B: 0.229, gp: 0.182

[Rank 0] (epoch: 4, iters: 10752, time: 0.001, data: 0.001) , D_A: 0.292, G_A: 1.026, cycle_A: 0.202, D_B: 0.232, G_B: 1.010, cycle_B: 0.299, gp: 0.223

[Rank 0] (epoch: 4, iters: 12352, time: 0.001, data: 0.001) , D_A: 0.302, G_A: 0.906, cycle_A: 0.215, D_B: 0.361, G_B: 3.022, cycle_B: 0.311, gp: 0.215

[Rank 0] (epoch: 4, iters: 13952, time: 0.001, data: 0.001) , D_A: 0.345, G_A: 1.282, cycle_A: 0.308, D_B: 0.309, G_B: 0.876, cycle_B: 0.335, gp: 0.252

--- iter tau=0.4531 ---
  cipher in : hhnjphkfnbprjkgapqjefaqjnjbpklpqsjaprmegnpkfpbegnpgsnjpbkhhnjphk
  decrypted : dd  bdao lbs a nbs hons   lbapbsr nbsnh  baoblh  b r  bladd  bda
  real plain: b no carroer of ecess a credis for foreign aes hese iems and mos
  cipher in : emknpedekfpckbcekfkfdplnpdmsshplnpbepkfplnpqegnbpejsfcplnhplnpge
  decrypted : hna bhqhaobcalchaoaoqbp bqnrrdbp blhbaobp bsh  lbh rocbp dbp b h
  real plain: r he reqired adjsmen of he a collecion ears and he ons inoled ar
[Rank 0] (epoch: 4, iters: 15552, time: 0.001, data: 0.001) , D_A: 0.265, G_A: 0.963, cycle_A: 0.324, D_B: 0.292, G_B: 0.972, cycle_B: 0.406, gp: 0.269

saving the latest model (epoch 4, total_iters 120000)
[Rank 0] (epoch: 4, iters: 17152, time: 0.001, data: 0.001) , D_A: 0.338, G_A: 1.064, cycle_A: 0.310, D_B: 0.162, G_B: 0.908, cycle_B: 0.326, gp: 0.135

[Rank 0] (epoch: 4, iters: 18752, time: 0.001, data: 0.001) , D_A: 0.224, G_A: 0.929, cycle_A: 0.210, D_B: 0.242, G_B: 0.986, cycle_B: 0.522, gp: 0.223

[Rank 0] (epoch: 4, iters: 20352, time: 0.001, data: 0.001) , D_A: 0.202, G_A: 1.000, cycle_A: 0.313, D_B: 0.224, G_B: 1.125, cycle_B: 0.301, gp: 0.203

[Rank 0] (epoch: 4, iters: 21952, time: 0.001, data: 0.001) , D_A: 0.229, G_A: 1.037, cycle_A: 0.304, D_B: 0.210, G_B: 0.990, cycle_B: 0.422, gp: 0.198

[Rank 0] (epoch: 4, iters: 23552, time: 0.001, data: 0.001) , D_A: 0.295, G_A: 0.949, cycle_A: 0.329, D_B: 0.285, G_B: 0.556, cycle_B: 0.301, gp: 0.238

[Rank 0] (epoch: 4, iters: 25152, time: 0.001, data: 0.001) , D_A: 0.235, G_A: 1.001, cycle_A: 0.318, D_B: 0.227, G_B: 0.921, cycle_B: 0.429, gp: 0.211

[Rank 0] (epoch: 4, iters: 26752, time: 0.001, data: 0.001) , D_A: 0.293, G_A: 0.881, cycle_A: 0.183, D_B: 0.161, G_B: 0.910, cycle_B: 0.456, gp: 0.151

[Rank 0] (epoch: 4, iters: 28352, time: 0.001, data: 0.001) , D_A: 0.278, G_A: 1.012, cycle_A: 0.186, D_B: 0.231, G_B: 0.996, cycle_B: 0.247, gp: 0.213

[Rank 0] (epoch: 4, iters: 29952, time: 0.001, data: 0.001) , D_A: 0.220, G_A: 0.949, cycle_A: 0.310, D_B: 0.259, G_B: 0.849, cycle_B: 0.378, gp: 0.243

[Rank 0] (epoch: 4, iters: 31552, time: 0.001, data: 0.001) , D_A: 0.273, G_A: 0.900, cycle_A: 0.317, D_B: 0.268, G_B: 1.118, cycle_B: 0.276, gp: 0.252

[Rank 0] (epoch: 4, iters: 33152, time: 0.001, data: 0.001) , D_A: 0.222, G_A: 1.067, cycle_A: 0.206, D_B: 0.132, G_B: 0.986, cycle_B: 0.477, gp: 0.121

[Rank 0] (epoch: 4, iters: 34752, time: 0.001, data: 0.001) , D_A: 0.316, G_A: 1.551, cycle_A: 0.292, D_B: 0.171, G_B: 1.008, cycle_B: 0.384, gp: 0.162

learning rate 0.0002000 -> 0.0002000
temperature tau = 0.4384
End of epoch 4 / 50 	 Time Taken: 31 sec
[Rank 0] (epoch: 5, iters: 1536, time: 0.001, data: 0.001) , D_A: 0.190, G_A: 0.974, cycle_A: 0.288, D_B: 0.198, G_B: 1.021, cycle_B: 0.389, gp: 0.190

[Rank 0] (epoch: 5, iters: 3136, time: 0.001, data: 0.001) , D_A: 0.299, G_A: 1.015, cycle_A: 0.296, D_B: 0.215, G_B: 0.936, cycle_B: 0.371, gp: 0.205

[Rank 0] (epoch: 5, iters: 4736, time: 0.001, data: 0.001) , D_A: 0.257, G_A: 0.926, cycle_A: 0.307, D_B: 0.220, G_B: 1.120, cycle_B: 0.273, gp: 0.209

[Rank 0] (epoch: 5, iters: 6336, time: 0.001, data: 0.001) , D_A: 0.176, G_A: 1.064, cycle_A: 0.305, D_B: 0.155, G_B: 1.224, cycle_B: 0.274, gp: 0.112

[Rank 0] (epoch: 5, iters: 7936, time: 0.001, data: 0.001) , D_A: 0.171, G_A: 0.943, cycle_A: 0.310, D_B: 0.124, G_B: 0.952, cycle_B: 0.387, gp: 0.115

[Rank 0] (epoch: 5, iters: 9536, time: 0.001, data: 0.001) , D_A: 0.328, G_A: 1.116, cycle_A: 0.286, D_B: 0.222, G_B: 1.051, cycle_B: 0.271, gp: 0.213

[Rank 0] (epoch: 5, iters: 11136, time: 0.001, data: 0.001) , D_A: 0.221, G_A: 1.100, cycle_A: 0.197, D_B: 0.124, G_B: 0.997, cycle_B: 0.234, gp: 0.117

[Rank 0] (epoch: 5, iters: 12736, time: 0.001, data: 0.001) , D_A: 0.149, G_A: 0.973, cycle_A: 0.193, D_B: 0.169, G_B: 0.961, cycle_B: 0.250, gp: 0.158

[Rank 0] (epoch: 5, iters: 14336, time: 0.001, data: 0.001) , D_A: 0.232, G_A: 0.882, cycle_A: 0.183, D_B: 0.298, G_B: 0.987, cycle_B: 0.251, gp: 0.292

[Rank 0] (epoch: 5, iters: 15936, time: 0.001, data: 0.001) , D_A: 0.192, G_A: 0.969, cycle_A: 0.189, D_B: 0.197, G_B: 1.060, cycle_B: 0.442, gp: 0.191

[Rank 0] (epoch: 5, iters: 17536, time: 0.001, data: 0.001) , D_A: 0.216, G_A: 1.009, cycle_A: 0.300, D_B: 0.198, G_B: 1.006, cycle_B: 0.292, gp: 0.187

[Rank 0] (epoch: 5, iters: 19136, time: 0.001, data: 0.001) , D_A: 0.198, G_A: 1.070, cycle_A: 0.177, D_B: 0.193, G_B: 1.044, cycle_B: 0.457, gp: 0.186

--- iter tau=0.4384 ---
  cipher in : hpkfplkbpbsjnpefcpbsmnpqjshplnpgeblpjndkbnjpeqnjpglsakfdpefcp ne
  decrypted : deaoegalelr iemocelrnies rdegie mlge iqali emsi e grnaoqemocesim
  real plain: en of india and he presiden of he eporimpor bank of ashingon or 
  cipher in : gknfgpkfpnkmnbpebpnmbnlnjnpepheisjprejpsqplnpbsmksfpmknbpkfpdjne
  decrypted :  aio eaoeianilemleinligi iemedmpr esm ersegielrnaroenaileaoeq im
  real plain: m going aa o make a beer life a beer life escape i asn as if she
[Rank 0] (epoch: 5, iters: 20736, time: 0.001, data: 0.001) , D_A: 0.323, G_A: 1.036, cycle_A: 0.185, D_B: 0.181, G_B: 0.970, cycle_B: 0.236, gp: 0.170

saving the latest model (epoch 5, total_iters 160000)
[Rank 0] (epoch: 5, iters: 22336, time: 0.001, data: 0.001) , D_A: 0.225, G_A: 1.053, cycle_A: 0.179, D_B: 0.117, G_B: 0.978, cycle_B: 0.432, gp: 0.110

[Rank 0] (epoch: 5, iters: 23936, time: 0.001, data: 0.001) , D_A: 0.249, G_A: 1.073, cycle_A: 0.289, D_B: 0.226, G_B: 1.001, cycle_B: 0.364, gp: 0.220

[Rank 0] (epoch: 5, iters: 25536, time: 0.001, data: 0.001) , D_A: 0.268, G_A: 1.051, cycle_A: 0.301, D_B: 0.237, G_B: 1.026, cycle_B: 0.276, gp: 0.231

[Rank 0] (epoch: 5, iters: 27136, time: 0.001, data: 0.001) , D_A: 0.170, G_A: 1.032, cycle_A: 0.297, D_B: 0.180, G_B: 1.054, cycle_B: 0.372, gp: 0.172

[Rank 0] (epoch: 5, iters: 28736, time: 0.001, data: 0.001) , D_A: 0.110, G_A: 0.868, cycle_A: 0.281, D_B: 0.191, G_B: 1.076, cycle_B: 0.257, gp: 0.184

[Rank 0] (epoch: 5, iters: 30336, time: 0.001, data: 0.001) , D_A: 0.276, G_A: 1.080, cycle_A: 0.184, D_B: 0.168, G_B: 0.881, cycle_B: 0.242, gp: 0.155

[Rank 0] (epoch: 5, iters: 31936, time: 0.001, data: 0.001) , D_A: 0.240, G_A: 0.983, cycle_A: 0.190, D_B: 0.207, G_B: 1.030, cycle_B: 0.224, gp: 0.196

[Rank 0] (epoch: 5, iters: 33536, time: 0.001, data: 0.001) , D_A: 0.264, G_A: 0.955, cycle_A: 0.202, D_B: 0.225, G_B: 1.030, cycle_B: 0.216, gp: 0.218

learning rate 0.0002000 -> 0.0002000
temperature tau = 0.4243
End of epoch 5 / 50 	 Time Taken: 28 sec
[Rank 0] (epoch: 6, iters: 320, time: 0.001, data: 0.001) , D_A: 0.126, G_A: 0.966, cycle_A: 0.303, D_B: 0.219, G_B: 1.098, cycle_B: 0.272, gp: 0.211

[Rank 0] (epoch: 6, iters: 1920, time: 0.001, data: 0.002) , D_A: 0.246, G_A: 0.712, cycle_A: 0.290, D_B: 0.282, G_B: 0.968, cycle_B: 0.269, gp: 0.275

[Rank 0] (epoch: 6, iters: 3520, time: 0.001, data: 0.001) , D_A: 0.158, G_A: 0.825, cycle_A: 0.317, D_B: 0.119, G_B: 0.990, cycle_B: 0.401, gp: 0.113

[Rank 0] (epoch: 6, iters: 5120, time: 0.001, data: 0.001) , D_A: 0.731, G_A: 0.693, cycle_A: 0.187, D_B: 0.179, G_B: 0.954, cycle_B: 0.405, gp: 0.172

[Rank 0] (epoch: 6, iters: 6720, time: 0.001, data: 0.001) , D_A: 0.248, G_A: 1.009, cycle_A: 0.305, D_B: 0.192, G_B: 0.814, cycle_B: 0.384, gp: 0.166

[Rank 0] (epoch: 6, iters: 8320, time: 0.001, data: 0.001) , D_A: 0.121, G_A: 0.975, cycle_A: 0.302, D_B: 0.189, G_B: 1.036, cycle_B: 0.299, gp: 0.183

[Rank 0] (epoch: 6, iters: 9920, time: 0.001, data: 0.001) , D_A: 0.379, G_A: 1.045, cycle_A: 0.304, D_B: 0.218, G_B: 0.957, cycle_B: 0.372, gp: 0.213

[Rank 0] (epoch: 6, iters: 11520, time: 0.001, data: 0.001) , D_A: 0.245, G_A: 1.050, cycle_A: 0.310, D_B: 0.170, G_B: 0.976, cycle_B: 0.385, gp: 0.162

[Rank 0] (epoch: 6, iters: 13120, time: 0.001, data: 0.001) , D_A: 0.233, G_A: 1.016, cycle_A: 0.309, D_B: 0.217, G_B: 0.954, cycle_B: 0.376, gp: 0.211

[Rank 0] (epoch: 6, iters: 14720, time: 0.001, data: 0.001) , D_A: 0.194, G_A: 0.949, cycle_A: 0.177, D_B: 0.345, G_B: 0.832, cycle_B: 0.250, gp: 0.298

[Rank 0] (epoch: 6, iters: 16320, time: 0.001, data: 0.001) , D_A: 0.293, G_A: 1.032, cycle_A: 0.180, D_B: 0.214, G_B: 1.085, cycle_B: 0.235, gp: 0.208

[Rank 0] (epoch: 6, iters: 17920, time: 0.001, data: 0.001) , D_A: 0.151, G_A: 0.905, cycle_A: 0.188, D_B: 0.191, G_B: 1.008, cycle_B: 0.281, gp: 0.181

[Rank 0] (epoch: 6, iters: 19520, time: 0.001, data: 0.001) , D_A: 0.223, G_A: 0.979, cycle_A: 0.290, D_B: 0.257, G_B: 1.017, cycle_B: 0.292, gp: 0.248

[Rank 0] (epoch: 6, iters: 21120, time: 0.001, data: 0.001) , D_A: 0.217, G_A: 0.974, cycle_A: 0.298, D_B: 0.141, G_B: 0.993, cycle_B: 0.379, gp: 0.135

[Rank 0] (epoch: 6, iters: 22720, time: 0.001, data: 0.001) , D_A: 0.236, G_A: 1.019, cycle_A: 0.287, D_B: 0.186, G_B: 1.033, cycle_B: 0.262, gp: 0.179

[Rank 0] (epoch: 6, iters: 24320, time: 0.001, data: 0.001) , D_A: 0.298, G_A: 0.950, cycle_A: 0.191, D_B: 0.232, G_B: 0.819, cycle_B: 0.235, gp: 0.213

--- iter tau=0.4243 ---
  cipher in : ebplepfnejmpbgjerncplnpdjsfcplnkjpdsmcnfpqjkfdncpnremnbpefcpbrkg
  decrypted : hlbghboih nbl  hsicbgibk rocbgia bkrnciobs aokicbishnilbhocblsa 
  real plain:  c b no a dedcion for hef losses ssained b a ransferor prior o a
  cipher in : ncplkbpkfqjegksfpsqpebnpsmcprjshrmpckbgsnjplspmkmnphnjgpmk njemb
  decrypted : icbgalbaos h arobrsbhlibrncbs rdsnbcal ri bgrbnanibdi  bnasi hnl
  real plain: hold nder boh sides of he pelis hen no maer ha happens he childs
[Rank 0] (epoch: 6, iters: 25920, time: 0.001, data: 0.001) , D_A: 0.188, G_A: 1.032, cycle_A: 0.181, D_B: 0.214, G_B: 0.972, cycle_B: 0.226, gp: 0.208

saving the latest model (epoch 6, total_iters 200000)
[Rank 0] (epoch: 6, iters: 27520, time: 0.001, data: 0.001) , D_A: 0.246, G_A: 1.082, cycle_A: 0.190, D_B: 0.172, G_B: 0.985, cycle_B: 0.450, gp: 0.167

[Rank 0] (epoch: 6, iters: 29120, time: 0.001, data: 0.001) , D_A: 0.173, G_A: 0.967, cycle_A: 0.306, D_B: 0.196, G_B: 1.020, cycle_B: 0.362, gp: 0.190

[Rank 0] (epoch: 6, iters: 30720, time: 0.001, data: 0.001) , D_A: 0.134, G_A: 0.842, cycle_A: 0.297, D_B: 0.195, G_B: 0.991, cycle_B: 0.368, gp: 0.189

[Rank 0] (epoch: 6, iters: 32320, time: 0.001, data: 0.001) , D_A: 0.157, G_A: 0.896, cycle_A: 0.302, D_B: 0.171, G_B: 0.967, cycle_B: 0.400, gp: 0.165

[Rank 0] (epoch: 6, iters: 33920, time: 0.001, data: 0.001) , D_A: 0.212, G_A: 0.955, cycle_A: 0.186, D_B: 0.201, G_B: 0.997, cycle_B: 0.262, gp: 0.195

learning rate 0.0002000 -> 0.0002000
temperature tau = 0.4106
End of epoch 6 / 50 	 Time Taken: 28 sec
[Rank 0] (epoch: 7, iters: 704, time: 0.001, data: 0.001) , D_A: 0.259, G_A: 0.861, cycle_A: 0.177, D_B: 0.203, G_B: 1.004, cycle_B: 0.218, gp: 0.195

[Rank 0] (epoch: 7, iters: 2304, time: 0.001, data: 0.000) , D_A: 0.218, G_A: 0.945, cycle_A: 0.192, D_B: 0.203, G_B: 0.976, cycle_B: 0.230, gp: 0.196

[Rank 0] (epoch: 7, iters: 3904, time: 0.001, data: 0.001) , D_A: 0.229, G_A: 0.976, cycle_A: 0.189, D_B: 0.150, G_B: 1.041, cycle_B: 0.237, gp: 0.145

[Rank 0] (epoch: 7, iters: 5504, time: 0.001, data: 0.001) , D_A: 0.285, G_A: 0.966, cycle_A: 0.169, D_B: 0.187, G_B: 1.068, cycle_B: 0.250, gp: 0.179

[Rank 0] (epoch: 7, iters: 7104, time: 0.001, data: 0.001) , D_A: 0.194, G_A: 0.955, cycle_A: 0.197, D_B: 0.151, G_B: 1.046, cycle_B: 0.439, gp: 0.143

[Rank 0] (epoch: 7, iters: 8704, time: 0.001, data: 0.001) , D_A: 0.182, G_A: 1.019, cycle_A: 0.177, D_B: 0.265, G_B: 1.061, cycle_B: 0.450, gp: 0.260

[Rank 0] (epoch: 7, iters: 10304, time: 0.001, data: 0.001) , D_A: 0.211, G_A: 1.027, cycle_A: 0.192, D_B: 0.180, G_B: 0.884, cycle_B: 0.238, gp: 0.171

[Rank 0] (epoch: 7, iters: 11904, time: 0.001, data: 0.001) , D_A: 0.150, G_A: 0.975, cycle_A: 0.209, D_B: 0.139, G_B: 1.046, cycle_B: 0.242, gp: 0.133

[Rank 0] (epoch: 7, iters: 13504, time: 0.001, data: 0.001) , D_A: 0.304, G_A: 0.908, cycle_A: 0.191, D_B: 0.164, G_B: 0.965, cycle_B: 0.486, gp: 0.157

[Rank 0] (epoch: 7, iters: 15104, time: 0.001, data: 0.001) , D_A: 0.151, G_A: 1.133, cycle_A: 0.180, D_B: 0.192, G_B: 0.758, cycle_B: 0.262, gp: 0.176

[Rank 0] (epoch: 7, iters: 16704, time: 0.001, data: 0.001) , D_A: 0.284, G_A: 0.935, cycle_A: 0.171, D_B: 0.113, G_B: 1.033, cycle_B: 0.250, gp: 0.107

[Rank 0] (epoch: 7, iters: 18304, time: 0.001, data: 0.001) , D_A: 0.182, G_A: 1.185, cycle_A: 0.187, D_B: 0.275, G_B: 0.988, cycle_B: 0.415, gp: 0.270

[Rank 0] (epoch: 7, iters: 19904, time: 0.001, data: 0.001) , D_A: 0.203, G_A: 0.860, cycle_A: 0.178, D_B: 0.150, G_B: 0.879, cycle_B: 0.253, gp: 0.143

[Rank 0] (epoch: 7, iters: 21504, time: 0.001, data: 0.001) , D_A: 0.112, G_A: 0.871, cycle_A: 0.179, D_B: 0.204, G_B: 0.895, cycle_B: 0.442, gp: 0.199

[Rank 0] (epoch: 7, iters: 23104, time: 0.001, data: 0.001) , D_A: 0.234, G_A: 1.019, cycle_A: 0.178, D_B: 0.150, G_B: 0.984, cycle_B: 0.240, gp: 0.144

[Rank 0] (epoch: 7, iters: 24704, time: 0.001, data: 0.001) , D_A: 0.189, G_A: 0.992, cycle_A: 0.185, D_B: 0.191, G_B: 1.020, cycle_B: 0.465, gp: 0.186

[Rank 0] (epoch: 7, iters: 26304, time: 0.001, data: 0.001) , D_A: 0.274, G_A: 0.939, cycle_A: 0.297, D_B: 0.180, G_B: 1.076, cycle_B: 0.279, gp: 0.175

[Rank 0] (epoch: 7, iters: 27904, time: 0.001, data: 0.001) , D_A: 0.224, G_A: 0.961, cycle_A: 0.169, D_B: 0.258, G_B: 0.848, cycle_B: 0.226, gp: 0.248

[Rank 0] (epoch: 7, iters: 29504, time: 0.001, data: 0.001) , D_A: 0.219, G_A: 0.976, cycle_A: 0.185, D_B: 0.222, G_B: 1.039, cycle_B: 0.228, gp: 0.218

--- iter tau=0.4106 ---
  cipher in : pjsfcp pqnfgnbplnfpkpebpsspbhemmpspjneglplnperrmnpjnnp sdlpspkbp
  decrypted : e rocesesio ilegioeaehlerreldhnnere ih gegiehssnie iiesrkgereale
  real plain:  o his hrsda and frida ronds of and his hreerond oal of as hree 
  cipher in : mncplkbpbrjemncpqnnpsdnlnjpbsplnpbsscpbkcnp pbkcnpkfplnkjpsmcp s
  decrypted : nicegalels hnicesiierkigi elregielrrcelacieselacieaoegia erncesr
  real plain: rds for he hond of heaens prsi b jdicial fia he didn seem o be a
[Rank 0] (epoch: 7, iters: 31104, time: 0.001, data: 0.001) , D_A: 0.138, G_A: 1.004, cycle_A: 0.179, D_B: 0.257, G_B: 1.022, cycle_B: 0.217, gp: 0.253

saving the latest model (epoch 7, total_iters 240000)
[Rank 0] (epoch: 7, iters: 32704, time: 0.001, data: 0.001) , D_A: 0.189, G_A: 1.051, cycle_A: 0.180, D_B: 0.175, G_B: 1.103, cycle_B: 0.713, gp: 0.168

[Rank 0] (epoch: 7, iters: 34304, time: 0.001, data: 0.001) , D_A: 0.296, G_A: 0.998, cycle_A: 0.196, D_B: 0.169, G_B: 1.042, cycle_B: 0.229, gp: 0.164

learning rate 0.0002000 -> 0.0002000
temperature tau = 0.3973
End of epoch 7 / 50 	 Time Taken: 28 sec
[Rank 0] (epoch: 8, iters: 1088, time: 0.001, data: 0.001) , D_A: 0.154, G_A: 0.945, cycle_A: 0.189, D_B: 0.164, G_B: 1.178, cycle_B: 0.242, gp: 0.153

[Rank 0] (epoch: 8, iters: 2688, time: 0.001, data: 0.001) , D_A: 0.199, G_A: 0.987, cycle_A: 0.186, D_B: 0.140, G_B: 1.011, cycle_B: 0.224, gp: 0.135

[Rank 0] (epoch: 8, iters: 4288, time: 0.001, data: 0.001) , D_A: 0.187, G_A: 1.103, cycle_A: 0.183, D_B: 0.255, G_B: 1.336, cycle_B: 0.241, gp: 0.231

[Rank 0] (epoch: 8, iters: 5888, time: 0.001, data: 0.001) , D_A: 0.191, G_A: 0.979, cycle_A: 0.170, D_B: 0.239, G_B: 0.994, cycle_B: 0.234, gp: 0.236

[Rank 0] (epoch: 8, iters: 7488, time: 0.001, data: 0.001) , D_A: 0.187, G_A: 1.032, cycle_A: 0.176, D_B: 0.120, G_B: 0.935, cycle_B: 0.227, gp: 0.114

[Rank 0] (epoch: 8, iters: 9088, time: 0.001, data: 0.001) , D_A: 0.197, G_A: 1.002, cycle_A: 0.183, D_B: 0.230, G_B: 0.936, cycle_B: 0.233, gp: 0.224

[Rank 0] (epoch: 8, iters: 10688, time: 0.001, data: 0.001) , D_A: 0.199, G_A: 1.031, cycle_A: 0.182, D_B: 0.239, G_B: 0.952, cycle_B: 0.216, gp: 0.235

[Rank 0] (epoch: 8, iters: 12288, time: 0.001, data: 0.001) , D_A: 0.237, G_A: 0.996, cycle_A: 0.189, D_B: 0.251, G_B: 0.936, cycle_B: 0.210, gp: 0.247

[Rank 0] (epoch: 8, iters: 13888, time: 0.001, data: 0.001) , D_A: 0.226, G_A: 0.940, cycle_A: 0.191, D_B: 0.274, G_B: 0.924, cycle_B: 0.227, gp: 0.268

[Rank 0] (epoch: 8, iters: 15488, time: 0.001, data: 0.001) , D_A: 0.177, G_A: 0.973, cycle_A: 0.180, D_B: 0.176, G_B: 1.068, cycle_B: 0.236, gp: 0.171

[Rank 0] (epoch: 8, iters: 17088, time: 0.001, data: 0.001) , D_A: 0.119, G_A: 1.014, cycle_A: 0.166, D_B: 0.118, G_B: 0.922, cycle_B: 0.210, gp: 0.112

[Rank 0] (epoch: 8, iters: 18688, time: 0.001, data: 0.001) , D_A: 0.165, G_A: 0.959, cycle_A: 0.171, D_B: 0.186, G_B: 0.990, cycle_B: 0.211, gp: 0.181

[Rank 0] (epoch: 8, iters: 20288, time: 0.001, data: 0.001) , D_A: 0.290, G_A: 0.981, cycle_A: 0.182, D_B: 0.153, G_B: 0.968, cycle_B: 0.202, gp: 0.148

[Rank 0] (epoch: 8, iters: 21888, time: 0.001, data: 0.001) , D_A: 0.221, G_A: 1.001, cycle_A: 0.183, D_B: 0.207, G_B: 1.001, cycle_B: 0.212, gp: 0.204

[Rank 0] (epoch: 8, iters: 23488, time: 0.001, data: 0.001) , D_A: 0.176, G_A: 1.021, cycle_A: 0.178, D_B: 0.236, G_B: 1.085, cycle_B: 0.207, gp: 0.232

[Rank 0] (epoch: 8, iters: 25088, time: 0.001, data: 0.001) , D_A: 0.150, G_A: 0.976, cycle_A: 0.167, D_B: 0.134, G_B: 1.022, cycle_B: 0.210, gp: 0.132

[Rank 0] (epoch: 8, iters: 26688, time: 0.001, data: 0.001) , D_A: 0.227, G_A: 1.016, cycle_A: 0.177, D_B: 0.214, G_B: 0.979, cycle_B: 0.208, gp: 0.209

[Rank 0] (epoch: 8, iters: 28288, time: 0.001, data: 0.001) , D_A: 0.163, G_A: 0.961, cycle_A: 0.184, D_B: 0.188, G_B: 1.031, cycle_B: 0.202, gp: 0.183

[Rank 0] (epoch: 8, iters: 29888, time: 0.001, data: 0.001) , D_A: 0.147, G_A: 0.985, cycle_A: 0.161, D_B: 0.156, G_B: 0.961, cycle_B: 0.211, gp: 0.150

[Rank 0] (epoch: 8, iters: 31488, time: 0.001, data: 0.001) , D_A: 0.285, G_A: 1.233, cycle_A: 0.190, D_B: 0.211, G_B: 0.851, cycle_B: 0.218, gp: 0.205

[Rank 0] (epoch: 8, iters: 33088, time: 0.001, data: 0.001) , D_A: 0.185, G_A: 1.014, cycle_A: 0.178, D_B: 0.138, G_B: 0.960, cycle_B: 0.215, gp: 0.134

[Rank 0] (epoch: 8, iters: 34688, time: 0.001, data: 0.001) , D_A: 0.156, G_A: 0.989, cycle_A: 0.175, D_B: 0.080, G_B: 0.993, cycle_B: 0.224, gp: 0.075

learning rate 0.0002000 -> 0.0002000
temperature tau = 0.3845
End of epoch 8 / 50 	 Time Taken: 28 sec
--- iter tau=0.3845 ---
  cipher in : nfpeggsbncp phebancphnfpeplkbphsnmplnpfkdlp nqsjnplnpjkempsrnfnc
  decrypted : ioeh  rlicesedhlnicedioehegaledrinegieoakgesisr iegie ahnersioic
  real plain:  he nied saes leis looked a him and began o cr and hen saing ha 
  cipher in : fdkfnnjbpsfprjscgprjs mnhbpebpnmmpebpekcpklpcnbkdfpefcphefpejnpn
  decrypted : okaoii leroes rc es rsnidlehleinnehlehaceagecilakoehocedhoeh iei
  real plain: are o oher people in ime shared mijbils loe i remained arond s h
[Rank 0] (epoch: 9, iters: 1472, time: 0.001, data: 0.001) , D_A: 0.122, G_A: 1.019, cycle_A: 0.171, D_B: 0.153, G_B: 1.101, cycle_B: 0.228, gp: 0.147

saving the latest model (epoch 9, total_iters 280000)
[Rank 0] (epoch: 9, iters: 3072, time: 0.001, data: 0.001) , D_A: 0.240, G_A: 0.969, cycle_A: 0.181, D_B: 0.166, G_B: 0.959, cycle_B: 0.208, gp: 0.162

[Rank 0] (epoch: 9, iters: 4672, time: 0.001, data: 0.001) , D_A: 0.238, G_A: 1.002, cycle_A: 0.175, D_B: 0.133, G_B: 0.991, cycle_B: 0.205, gp: 0.130

[Rank 0] (epoch: 9, iters: 6272, time: 0.001, data: 0.001) , D_A: 0.228, G_A: 1.024, cycle_A: 0.165, D_B: 0.260, G_B: 1.014, cycle_B: 0.219, gp: 0.257

[Rank 0] (epoch: 9, iters: 7872, time: 0.001, data: 0.001) , D_A: 0.228, G_A: 0.991, cycle_A: 0.178, D_B: 0.284, G_B: 1.296, cycle_B: 0.214, gp: 0.260

[Rank 0] (epoch: 9, iters: 9472, time: 0.001, data: 0.001) , D_A: 0.230, G_A: 1.034, cycle_A: 0.177, D_B: 0.199, G_B: 1.034, cycle_B: 0.214, gp: 0.192

[Rank 0] (epoch: 9, iters: 11072, time: 0.001, data: 0.001) , D_A: 0.206, G_A: 0.985, cycle_A: 0.177, D_B: 0.239, G_B: 0.999, cycle_B: 0.209, gp: 0.234

[Rank 0] (epoch: 9, iters: 12672, time: 0.001, data: 0.001) , D_A: 0.286, G_A: 0.979, cycle_A: 0.187, D_B: 0.190, G_B: 0.989, cycle_B: 0.215, gp: 0.186

[Rank 0] (epoch: 9, iters: 14272, time: 0.001, data: 0.001) , D_A: 0.272, G_A: 1.023, cycle_A: 0.164, D_B: 0.242, G_B: 1.030, cycle_B: 0.240, gp: 0.235

[Rank 0] (epoch: 9, iters: 15872, time: 0.001, data: 0.001) , D_A: 0.276, G_A: 1.049, cycle_A: 0.171, D_B: 0.156, G_B: 1.000, cycle_B: 0.230, gp: 0.151

[Rank 0] (epoch: 9, iters: 17472, time: 0.001, data: 0.001) , D_A: 0.187, G_A: 1.001, cycle_A: 0.169, D_B: 0.147, G_B: 1.005, cycle_B: 0.214, gp: 0.141

[Rank 0] (epoch: 9, iters: 19072, time: 0.001, data: 0.001) , D_A: 0.152, G_A: 1.047, cycle_A: 0.154, D_B: 0.212, G_B: 1.004, cycle_B: 0.224, gp: 0.204

[Rank 0] (epoch: 9, iters: 20672, time: 0.001, data: 0.001) , D_A: 0.189, G_A: 1.010, cycle_A: 0.149, D_B: 0.180, G_B: 0.993, cycle_B: 0.207, gp: 0.176

[Rank 0] (epoch: 9, iters: 22272, time: 0.001, data: 0.001) , D_A: 0.201, G_A: 1.002, cycle_A: 0.139, D_B: 0.189, G_B: 0.963, cycle_B: 0.215, gp: 0.179

[Rank 0] (epoch: 9, iters: 23872, time: 0.001, data: 0.001) , D_A: 0.224, G_A: 0.977, cycle_A: 0.156, D_B: 0.186, G_B: 1.000, cycle_B: 0.204, gp: 0.182

[Rank 0] (epoch: 9, iters: 25472, time: 0.001, data: 0.001) , D_A: 0.198, G_A: 1.027, cycle_A: 0.153, D_B: 0.177, G_B: 1.025, cycle_B: 0.220, gp: 0.173

[Rank 0] (epoch: 9, iters: 27072, time: 0.001, data: 0.001) , D_A: 0.163, G_A: 0.941, cycle_A: 0.151, D_B: 0.236, G_B: 0.963, cycle_B: 0.202, gp: 0.232

[Rank 0] (epoch: 9, iters: 28672, time: 0.001, data: 0.001) , D_A: 0.160, G_A: 1.014, cycle_A: 0.145, D_B: 0.185, G_B: 0.979, cycle_B: 0.212, gp: 0.181

[Rank 0] (epoch: 9, iters: 30272, time: 0.001, data: 0.001) , D_A: 0.173, G_A: 0.955, cycle_A: 0.145, D_B: 0.183, G_B: 1.013, cycle_B: 0.203, gp: 0.177

[Rank 0] (epoch: 9, iters: 31872, time: 0.001, data: 0.001) , D_A: 0.155, G_A: 1.083, cycle_A: 0.179, D_B: 0.186, G_B: 0.963, cycle_B: 0.210, gp: 0.180

[Rank 0] (epoch: 9, iters: 33472, time: 0.001, data: 0.001) , D_A: 0.177, G_A: 1.019, cycle_A: 0.142, D_B: 0.153, G_B: 0.950, cycle_B: 0.217, gp: 0.147

learning rate 0.0002000 -> 0.0002000
temperature tau = 0.3720
End of epoch 9 / 50 	 Time Taken: 28 sec
[Rank 0] (epoch: 10, iters: 256, time: 0.001, data: 0.001) , D_A: 0.144, G_A: 1.021, cycle_A: 0.151, D_B: 0.237, G_B: 0.919, cycle_B: 0.193, gp: 0.228

[Rank 0] (epoch: 10, iters: 1856, time: 0.001, data: 0.000) , D_A: 0.182, G_A: 0.941, cycle_A: 0.150, D_B: 0.204, G_B: 1.008, cycle_B: 0.197, gp: 0.200

[Rank 0] (epoch: 10, iters: 3456, time: 0.001, data: 0.001) , D_A: 0.181, G_A: 1.001, cycle_A: 0.149, D_B: 0.214, G_B: 0.976, cycle_B: 0.202, gp: 0.209

[Rank 0] (epoch: 10, iters: 5056, time: 0.001, data: 0.001) , D_A: 0.212, G_A: 0.672, cycle_A: 0.141, D_B: 0.209, G_B: 1.039, cycle_B: 0.241, gp: 0.205

--- iter tau=0.3720 ---
  cipher in : enpkfbjefgnpgmekhbpsjplefcmnpcksjgnpgebnbp plkbprjkhejpqfgksfpjn
  decrypted : hieaol ho ie nhadler eghocniecar  ie hlilesegales adh eso aroe i
  real plain: e esed b boh he saline and albmin mehods he aciiies of fracions 
  cipher in : efcplkbpgjkbrmpjfncprjsbnpemmpgsfjk npsplnpnqqngknfnbbpsqplkbp s
  decrypted : hocegale  alsne oices rliehnne ro asieregieissi aioillersegalesr
  real plain: o be disribed o members of he peace corps a peace corps official
[Rank 0] (epoch: 10, iters: 6656, time: 0.001, data: 0.001) , D_A: 0.147, G_A: 0.976, cycle_A: 0.144, D_B: 0.113, G_B: 1.018, cycle_B: 0.215, gp: 0.109

saving the latest model (epoch 10, total_iters 320000)
[Rank 0] (epoch: 10, iters: 8256, time: 0.001, data: 0.001) , D_A: 0.345, G_A: 0.998, cycle_A: 0.151, D_B: 0.236, G_B: 0.941, cycle_B: 0.204, gp: 0.230

[Rank 0] (epoch: 10, iters: 9856, time: 0.001, data: 0.001) , D_A: 0.228, G_A: 1.023, cycle_A: 0.148, D_B: 0.201, G_B: 1.000, cycle_B: 0.210, gp: 0.197

[Rank 0] (epoch: 10, iters: 11456, time: 0.001, data: 0.001) , D_A: 0.189, G_A: 0.987, cycle_A: 0.151, D_B: 0.219, G_B: 0.948, cycle_B: 0.209, gp: 0.215

[Rank 0] (epoch: 10, iters: 13056, time: 0.001, data: 0.001) , D_A: 0.178, G_A: 1.005, cycle_A: 0.154, D_B: 0.156, G_B: 1.030, cycle_B: 0.207, gp: 0.152

[Rank 0] (epoch: 10, iters: 14656, time: 0.001, data: 0.001) , D_A: 0.147, G_A: 1.007, cycle_A: 0.155, D_B: 0.177, G_B: 0.993, cycle_B: 0.219, gp: 0.174

[Rank 0] (epoch: 10, iters: 16256, time: 0.001, data: 0.001) , D_A: 0.192, G_A: 1.051, cycle_A: 0.150, D_B: 0.220, G_B: 1.000, cycle_B: 0.212, gp: 0.217

[Rank 0] (epoch: 10, iters: 17856, time: 0.001, data: 0.001) , D_A: 0.181, G_A: 0.954, cycle_A: 0.148, D_B: 0.171, G_B: 0.951, cycle_B: 0.214, gp: 0.165

[Rank 0] (epoch: 10, iters: 19456, time: 0.001, data: 0.001) , D_A: 0.270, G_A: 0.880, cycle_A: 0.146, D_B: 0.232, G_B: 0.878, cycle_B: 0.218, gp: 0.222

[Rank 0] (epoch: 10, iters: 21056, time: 0.001, data: 0.001) , D_A: 0.233, G_A: 0.974, cycle_A: 0.150, D_B: 0.134, G_B: 1.021, cycle_B: 0.216, gp: 0.131

[Rank 0] (epoch: 10, iters: 22656, time: 0.001, data: 0.001) , D_A: 0.176, G_A: 0.990, cycle_A: 0.141, D_B: 0.207, G_B: 1.035, cycle_B: 0.205, gp: 0.203

[Rank 0] (epoch: 10, iters: 24256, time: 0.001, data: 0.001) , D_A: 0.150, G_A: 0.906, cycle_A: 0.140, D_B: 0.178, G_B: 0.988, cycle_B: 0.208, gp: 0.173

[Rank 0] (epoch: 10, iters: 25856, time: 0.001, data: 0.001) , D_A: 0.157, G_A: 1.092, cycle_A: 0.146, D_B: 0.193, G_B: 0.970, cycle_B: 0.208, gp: 0.189

[Rank 0] (epoch: 10, iters: 27456, time: 0.001, data: 0.001) , D_A: 0.215, G_A: 0.913, cycle_A: 0.142, D_B: 0.131, G_B: 1.005, cycle_B: 0.215, gp: 0.128

[Rank 0] (epoch: 10, iters: 29056, time: 0.001, data: 0.001) , D_A: 0.232, G_A: 1.009, cycle_A: 0.143, D_B: 0.262, G_B: 0.994, cycle_B: 0.205, gp: 0.258

[Rank 0] (epoch: 10, iters: 30656, time: 0.001, data: 0.001) , D_A: 0.206, G_A: 0.960, cycle_A: 0.143, D_B: 0.203, G_B: 1.017, cycle_B: 0.209, gp: 0.201

[Rank 0] (epoch: 10, iters: 32256, time: 0.001, data: 0.001) , D_A: 0.235, G_A: 1.134, cycle_A: 0.151, D_B: 0.163, G_B: 1.022, cycle_B: 0.207, gp: 0.161

[Rank 0] (epoch: 10, iters: 33856, time: 0.001, data: 0.001) , D_A: 0.173, G_A: 0.968, cycle_A: 0.147, D_B: 0.193, G_B: 0.948, cycle_B: 0.218, gp: 0.190

learning rate 0.0002000 -> 0.0002000
temperature tau = 0.3600
End of epoch 10 / 50 	 Time Taken: 28 sec
[Rank 0] (epoch: 11, iters: 640, time: 0.001, data: 0.001) , D_A: 0.194, G_A: 1.012, cycle_A: 0.154, D_B: 0.190, G_B: 1.041, cycle_B: 0.200, gp: 0.186

[Rank 0] (epoch: 11, iters: 2240, time: 0.001, data: 0.000) , D_A: 0.223, G_A: 0.915, cycle_A: 0.155, D_B: 0.178, G_B: 1.047, cycle_B: 0.224, gp: 0.175

[Rank 0] (epoch: 11, iters: 3840, time: 0.001, data: 0.001) , D_A: 0.190, G_A: 0.949, cycle_A: 0.151, D_B: 0.217, G_B: 0.997, cycle_B: 0.206, gp: 0.213

[Rank 0] (epoch: 11, iters: 5440, time: 0.001, data: 0.001) , D_A: 0.170, G_A: 0.934, cycle_A: 0.151, D_B: 0.166, G_B: 0.978, cycle_B: 0.208, gp: 0.163

[Rank 0] (epoch: 11, iters: 7040, time: 0.001, data: 0.001) , D_A: 0.163, G_A: 1.078, cycle_A: 0.147, D_B: 0.168, G_B: 0.952, cycle_B: 0.207, gp: 0.164

[Rank 0] (epoch: 11, iters: 8640, time: 0.001, data: 0.001) , D_A: 0.190, G_A: 0.997, cycle_A: 0.142, D_B: 0.196, G_B: 0.993, cycle_B: 0.207, gp: 0.193

[Rank 0] (epoch: 11, iters: 10240, time: 0.001, data: 0.001) , D_A: 0.217, G_A: 0.962, cycle_A: 0.141, D_B: 0.244, G_B: 1.105, cycle_B: 0.210, gp: 0.236

--- iter tau=0.3600 ---
  cipher in : fdpgmsbnjpefcpgmsbnjpspepsglcsfplnfpkfpepbjnehnjpsqpcbpkpmefcncp
  decrypted : okb nrli bmocb nrli brbmbr gcrobgiobaobmbl imdi brsbclbabnmocicb
  real plain: room said he as prepared o anser qesions abo he his liqor firm p
  cipher in : gknfgnpscepbddnbbphefpslnjpenfnbpsqpkfnbkdeksfpsjprmefpkbpspannr
  decrypted :  aio ibrcmblkkillbdmobrgi bmioilbrsbaoilakmarobr bsnmobalbrbniis
  real plain: he principal rier ssems of old china hs he middle nmber represen
[Rank 0] (epoch: 11, iters: 11840, time: 0.001, data: 0.001) , D_A: 0.116, G_A: 1.014, cycle_A: 0.152, D_B: 0.119, G_B: 1.073, cycle_B: 0.218, gp: 0.114

saving the latest model (epoch 11, total_iters 360000)
[Rank 0] (epoch: 11, iters: 13440, time: 0.001, data: 0.001) , D_A: 0.184, G_A: 1.004, cycle_A: 0.138, D_B: 0.122, G_B: 1.017, cycle_B: 0.221, gp: 0.119

[Rank 0] (epoch: 11, iters: 15040, time: 0.001, data: 0.001) , D_A: 0.356, G_A: 1.051, cycle_A: 0.151, D_B: 0.131, G_B: 0.976, cycle_B: 0.181, gp: 0.126

[Rank 0] (epoch: 11, iters: 16640, time: 0.001, data: 0.001) , D_A: 0.193, G_A: 1.069, cycle_A: 0.153, D_B: 0.125, G_B: 0.990, cycle_B: 0.210, gp: 0.122

[Rank 0] (epoch: 11, iters: 18240, time: 0.001, data: 0.001) , D_A: 0.219, G_A: 0.989, cycle_A: 0.152, D_B: 0.174, G_B: 1.014, cycle_B: 0.216, gp: 0.170

[Rank 0] (epoch: 11, iters: 19840, time: 0.001, data: 0.001) , D_A: 0.259, G_A: 1.027, cycle_A: 0.150, D_B: 0.193, G_B: 0.955, cycle_B: 0.215, gp: 0.189

[Rank 0] (epoch: 11, iters: 21440, time: 0.001, data: 0.001) , D_A: 0.267, G_A: 1.029, cycle_A: 0.152, D_B: 0.200, G_B: 1.003, cycle_B: 0.211, gp: 0.195

[Rank 0] (epoch: 11, iters: 23040, time: 0.001, data: 0.001) , D_A: 0.183, G_A: 1.005, cycle_A: 0.143, D_B: 0.214, G_B: 1.060, cycle_B: 0.203, gp: 0.210

[Rank 0] (epoch: 11, iters: 24640, time: 0.001, data: 0.001) , D_A: 0.235, G_A: 1.000, cycle_A: 0.147, D_B: 0.198, G_B: 1.033, cycle_B: 0.210, gp: 0.195

[Rank 0] (epoch: 11, iters: 26240, time: 0.001, data: 0.001) , D_A: 0.168, G_A: 0.987, cycle_A: 0.146, D_B: 0.139, G_B: 1.022, cycle_B: 0.214, gp: 0.136

[Rank 0] (epoch: 11, iters: 27840, time: 0.001, data: 0.001) , D_A: 0.140, G_A: 1.005, cycle_A: 0.141, D_B: 0.159, G_B: 1.020, cycle_B: 0.196, gp: 0.155

[Rank 0] (epoch: 11, iters: 29440, time: 0.001, data: 0.001) , D_A: 0.163, G_A: 0.975, cycle_A: 0.149, D_B: 0.158, G_B: 0.988, cycle_B: 0.198, gp: 0.156

[Rank 0] (epoch: 11, iters: 31040, time: 0.001, data: 0.001) , D_A: 0.196, G_A: 0.979, cycle_A: 0.143, D_B: 0.118, G_B: 0.939, cycle_B: 0.201, gp: 0.115

[Rank 0] (epoch: 11, iters: 32640, time: 0.001, data: 0.001) , D_A: 0.196, G_A: 1.004, cycle_A: 0.143, D_B: 0.173, G_B: 0.964, cycle_B: 0.225, gp: 0.171

[Rank 0] (epoch: 11, iters: 34240, time: 0.001, data: 0.001) , D_A: 0.182, G_A: 1.019, cycle_A: 0.142, D_B: 0.223, G_B: 1.021, cycle_B: 0.236, gp: 0.221

learning rate 0.0002000 -> 0.0002000
temperature tau = 0.3484
End of epoch 11 / 50 	 Time Taken: 28 sec
[Rank 0] (epoch: 12, iters: 1024, time: 0.001, data: 0.001) , D_A: 0.169, G_A: 0.883, cycle_A: 0.134, D_B: 0.228, G_B: 0.998, cycle_B: 0.210, gp: 0.225

[Rank 0] (epoch: 12, iters: 2624, time: 0.001, data: 0.000) , D_A: 0.170, G_A: 0.956, cycle_A: 0.149, D_B: 0.201, G_B: 0.999, cycle_B: 0.211, gp: 0.194

[Rank 0] (epoch: 12, iters: 4224, time: 0.001, data: 0.001) , D_A: 0.205, G_A: 0.997, cycle_A: 0.149, D_B: 0.136, G_B: 0.969, cycle_B: 0.215, gp: 0.133

[Rank 0] (epoch: 12, iters: 5824, time: 0.001, data: 0.001) , D_A: 0.142, G_A: 0.974, cycle_A: 0.136, D_B: 0.136, G_B: 1.031, cycle_B: 0.222, gp: 0.134

[Rank 0] (epoch: 12, iters: 7424, time: 0.001, data: 0.001) , D_A: 0.197, G_A: 1.012, cycle_A: 0.144, D_B: 0.130, G_B: 0.989, cycle_B: 0.209, gp: 0.126

[Rank 0] (epoch: 12, iters: 9024, time: 0.001, data: 0.001) , D_A: 0.151, G_A: 0.986, cycle_A: 0.142, D_B: 0.141, G_B: 1.042, cycle_B: 0.204, gp: 0.138

[Rank 0] (epoch: 12, iters: 10624, time: 0.001, data: 0.001) , D_A: 0.151, G_A: 0.997, cycle_A: 0.146, D_B: 0.198, G_B: 1.066, cycle_B: 0.204, gp: 0.195

[Rank 0] (epoch: 12, iters: 12224, time: 0.001, data: 0.001) , D_A: 0.298, G_A: 1.018, cycle_A: 0.139, D_B: 0.095, G_B: 1.057, cycle_B: 0.214, gp: 0.091

[Rank 0] (epoch: 12, iters: 13824, time: 0.001, data: 0.001) , D_A: 0.189, G_A: 1.012, cycle_A: 0.152, D_B: 0.231, G_B: 0.946, cycle_B: 0.220, gp: 0.227

[Rank 0] (epoch: 12, iters: 15424, time: 0.001, data: 0.001) , D_A: 0.206, G_A: 0.968, cycle_A: 0.146, D_B: 0.113, G_B: 0.906, cycle_B: 0.223, gp: 0.109

--- iter tau=0.3484 ---
  cipher in : plnhpfspleplnkjpjnhsnprebpkbpebpckbgsfkfsbpklplnkjprjnbnfpbnmnbp
  decrypted : egideoreghegia e idrieshlealehlecal roaorleagegia es ilioelinile
  real plain: ar ork niccolo machiaelli and he prince can e discoer ha i is in
  cipher in : gshrefpklphjpfedjkfpefcphejksfpbgspebpkbpmneckfdpcefgnjbpbnnhncp
  decrypted :  rdshoeaged eohk aoehocedh aroel rehlealenihcaokecho i leliidice
  real plain:  age ho are ineligible o compee in he jnior class sch a class as
[Rank 0] (epoch: 12, iters: 17024, time: 0.001, data: 0.001) , D_A: 0.181, G_A: 0.978, cycle_A: 0.144, D_B: 0.136, G_B: 0.990, cycle_B: 0.208, gp: 0.134

saving the latest model (epoch 12, total_iters 400000)
[Rank 0] (epoch: 12, iters: 18624, time: 0.001, data: 0.001) , D_A: 0.205, G_A: 1.006, cycle_A: 0.153, D_B: 0.154, G_B: 0.990, cycle_B: 0.202, gp: 0.151

[Rank 0] (epoch: 12, iters: 20224, time: 0.001, data: 0.001) , D_A: 0.179, G_A: 0.970, cycle_A: 0.144, D_B: 0.214, G_B: 1.018, cycle_B: 0.201, gp: 0.211

[Rank 0] (epoch: 12, iters: 21824, time: 0.001, data: 0.001) , D_A: 0.144, G_A: 1.037, cycle_A: 0.142, D_B: 0.163, G_B: 1.008, cycle_B: 0.195, gp: 0.161

[Rank 0] (epoch: 12, iters: 23424, time: 0.001, data: 0.001) , D_A: 0.148, G_A: 1.028, cycle_A: 0.148, D_B: 0.248, G_B: 0.972, cycle_B: 0.203, gp: 0.245

[Rank 0] (epoch: 12, iters: 25024, time: 0.001, data: 0.001) , D_A: 0.222, G_A: 0.340, cycle_A: 0.144, D_B: 0.240, G_B: 1.040, cycle_B: 0.209, gp: 0.237

[Rank 0] (epoch: 12, iters: 26624, time: 0.001, data: 0.001) , D_A: 0.299, G_A: 0.965, cycle_A: 0.134, D_B: 0.250, G_B: 1.720, cycle_B: 0.210, gp: 0.154

[Rank 0] (epoch: 12, iters: 28224, time: 0.001, data: 0.001) , D_A: 0.228, G_A: 0.981, cycle_A: 0.141, D_B: 0.298, G_B: 0.988, cycle_B: 0.196, gp: 0.288

[Rank 0] (epoch: 12, iters: 29824, time: 0.001, data: 0.001) , D_A: 0.292, G_A: 0.983, cycle_A: 0.167, D_B: 0.177, G_B: 0.982, cycle_B: 0.209, gp: 0.172

[Rank 0] (epoch: 12, iters: 31424, time: 0.001, data: 0.001) , D_A: 0.205, G_A: 1.113, cycle_A: 0.148, D_B: 0.203, G_B: 0.991, cycle_B: 0.217, gp: 0.197

[Rank 0] (epoch: 12, iters: 33024, time: 0.001, data: 0.001) , D_A: 0.156, G_A: 0.967, cycle_A: 0.142, D_B: 0.206, G_B: 0.962, cycle_B: 0.217, gp: 0.201

[Rank 0] (epoch: 12, iters: 34624, time: 0.001, data: 0.001) , D_A: 0.191, G_A: 0.988, cycle_A: 0.141, D_B: 0.195, G_B: 1.011, cycle_B: 0.215, gp: 0.191

learning rate 0.0002000 -> 0.0002000
temperature tau = 0.3371
End of epoch 12 / 50 	 Time Taken: 28 sec
[Rank 0] (epoch: 13, iters: 1408, time: 0.001, data: 0.001) , D_A: 0.256, G_A: 0.980, cycle_A: 0.146, D_B: 0.238, G_B: 0.955, cycle_B: 0.222, gp: 0.232

[Rank 0] (epoch: 13, iters: 3008, time: 0.001, data: 0.001) , D_A: 0.215, G_A: 1.018, cycle_A: 0.152, D_B: 0.141, G_B: 0.981, cycle_B: 0.207, gp: 0.137

[Rank 0] (epoch: 13, iters: 4608, time: 0.001, data: 0.001) , D_A: 0.142, G_A: 0.988, cycle_A: 0.146, D_B: 0.188, G_B: 1.014, cycle_B: 0.215, gp: 0.185

[Rank 0] (epoch: 13, iters: 6208, time: 0.001, data: 0.001) , D_A: 0.201, G_A: 0.972, cycle_A: 0.141, D_B: 0.196, G_B: 1.014, cycle_B: 0.212, gp: 0.194

[Rank 0] (epoch: 13, iters: 7808, time: 0.001, data: 0.001) , D_A: 0.241, G_A: 0.984, cycle_A: 0.144, D_B: 0.168, G_B: 0.948, cycle_B: 0.212, gp: 0.163

[Rank 0] (epoch: 13, iters: 9408, time: 0.001, data: 0.001) , D_A: 0.203, G_A: 1.007, cycle_A: 0.149, D_B: 0.146, G_B: 0.953, cycle_B: 0.215, gp: 0.143

[Rank 0] (epoch: 13, iters: 11008, time: 0.001, data: 0.001) , D_A: 0.273, G_A: 0.988, cycle_A: 0.145, D_B: 0.195, G_B: 0.997, cycle_B: 0.213, gp: 0.191

[Rank 0] (epoch: 13, iters: 12608, time: 0.001, data: 0.001) , D_A: 0.193, G_A: 0.969, cycle_A: 0.146, D_B: 0.132, G_B: 0.998, cycle_B: 0.217, gp: 0.130

[Rank 0] (epoch: 13, iters: 14208, time: 0.001, data: 0.001) , D_A: 1.055, G_A: 0.229, cycle_A: 0.138, D_B: 0.158, G_B: 0.987, cycle_B: 0.211, gp: 0.155

[Rank 0] (epoch: 13, iters: 15808, time: 0.001, data: 0.001) , D_A: 0.832, G_A: 0.751, cycle_A: 0.964, D_B: 0.537, G_B: 1.317, cycle_B: 1.286, gp: 0.398

[Rank 0] (epoch: 13, iters: 17408, time: 0.001, data: 0.001) , D_A: 0.559, G_A: 0.362, cycle_A: 0.561, D_B: 0.865, G_B: 1.363, cycle_B: 0.514, gp: 0.323

[Rank 0] (epoch: 13, iters: 19008, time: 0.001, data: 0.001) , D_A: 0.596, G_A: 0.365, cycle_A: 0.372, D_B: 0.542, G_B: 1.123, cycle_B: 0.391, gp: 0.333

[Rank 0] (epoch: 13, iters: 20608, time: 0.001, data: 0.001) , D_A: 0.428, G_A: 0.169, cycle_A: 0.354, D_B: 0.322, G_B: 0.903, cycle_B: 0.394, gp: 0.307

--- iter tau=0.3371 ---
  cipher in : dpsqplnpqegbplnpbkpemlsdlpgshhsfmpcnbkdfencpebpepbkfdmnpegksfpeg
  decrypted : iersegmes  kegmek e ngrige rddronecmk io mce ke ek oinme   roe  
  real plain: caser arms hh she said hardl lisening as she sdied her lef eelid
  cipher in : sbhkhpjlnfkhpkjkckhpefcpjlnfkhpklpjkrlnfmrlsbrlkfnpjkrlnfmejbkfn
  decrypted : rkd deigmo de i c de oceigmo de gei sgmonsgrksg omei sgmon ik om
  real plain: idered as a cclis and if i hae gone ino so mch deail abo so smal
[Rank 0] (epoch: 13, iters: 22208, time: 0.001, data: 0.001) , D_A: 0.372, G_A: 0.363, cycle_A: 0.335, D_B: 0.319, G_B: 1.108, cycle_B: 0.435, gp: 0.293

saving the latest model (epoch 13, total_iters 440000)
[Rank 0] (epoch: 13, iters: 23808, time: 0.001, data: 0.001) , D_A: 0.277, G_A: 0.915, cycle_A: 0.341, D_B: 0.404, G_B: 0.818, cycle_B: 0.401, gp: 0.381

[Rank 0] (epoch: 13, iters: 25408, time: 0.001, data: 0.001) , D_A: 0.353, G_A: 1.141, cycle_A: 0.334, D_B: 0.348, G_B: 1.065, cycle_B: 0.422, gp: 0.326

[Rank 0] (epoch: 13, iters: 27008, time: 0.001, data: 0.001) , D_A: 0.269, G_A: 0.992, cycle_A: 0.365, D_B: 0.293, G_B: 0.875, cycle_B: 0.393, gp: 0.278

[Rank 0] (epoch: 13, iters: 28608, time: 0.001, data: 0.001) , D_A: 0.207, G_A: 0.863, cycle_A: 0.342, D_B: 0.210, G_B: 0.889, cycle_B: 0.396, gp: 0.198

[Rank 0] (epoch: 13, iters: 30208, time: 0.001, data: 0.001) , D_A: 0.283, G_A: 1.022, cycle_A: 0.337, D_B: 0.328, G_B: 1.013, cycle_B: 0.407, gp: 0.318

[Rank 0] (epoch: 13, iters: 31808, time: 0.001, data: 0.001) , D_A: 0.309, G_A: 0.928, cycle_A: 0.337, D_B: 0.372, G_B: 0.810, cycle_B: 0.404, gp: 0.353

[Rank 0] (epoch: 13, iters: 33408, time: 0.001, data: 0.001) , D_A: 0.204, G_A: 0.995, cycle_A: 0.331, D_B: 0.286, G_B: 0.972, cycle_B: 0.430, gp: 0.273

learning rate 0.0002000 -> 0.0002000
temperature tau = 0.3262
End of epoch 13 / 50 	 Time Taken: 29 sec
[Rank 0] (epoch: 14, iters: 192, time: 0.001, data: 0.001) , D_A: 0.322, G_A: 0.913, cycle_A: 0.320, D_B: 0.306, G_B: 0.959, cycle_B: 0.403, gp: 0.253

[Rank 0] (epoch: 14, iters: 1792, time: 0.001, data: 0.005) , D_A: 0.235, G_A: 1.073, cycle_A: 0.355, D_B: 0.289, G_B: 0.976, cycle_B: 0.407, gp: 0.276

[Rank 0] (epoch: 14, iters: 3392, time: 0.001, data: 0.001) , D_A: 0.161, G_A: 0.938, cycle_A: 0.346, D_B: 0.279, G_B: 0.951, cycle_B: 0.412, gp: 0.266

[Rank 0] (epoch: 14, iters: 4992, time: 0.001, data: 0.001) , D_A: 0.208, G_A: 0.974, cycle_A: 0.357, D_B: 0.280, G_B: 0.973, cycle_B: 0.424, gp: 0.270

[Rank 0] (epoch: 14, iters: 6592, time: 0.001, data: 0.001) , D_A: 0.242, G_A: 0.973, cycle_A: 0.335, D_B: 0.288, G_B: 0.858, cycle_B: 0.431, gp: 0.269

[Rank 0] (epoch: 14, iters: 8192, time: 0.001, data: 0.001) , D_A: 0.228, G_A: 1.030, cycle_A: 0.351, D_B: 0.248, G_B: 1.036, cycle_B: 0.447, gp: 0.239

[Rank 0] (epoch: 14, iters: 9792, time: 0.001, data: 0.001) , D_A: 0.278, G_A: 1.022, cycle_A: 0.359, D_B: 0.235, G_B: 0.918, cycle_B: 0.416, gp: 0.225

[Rank 0] (epoch: 14, iters: 11392, time: 0.001, data: 0.001) , D_A: 0.191, G_A: 0.912, cycle_A: 0.345, D_B: 0.195, G_B: 0.951, cycle_B: 0.419, gp: 0.188

[Rank 0] (epoch: 14, iters: 12992, time: 0.001, data: 0.001) , D_A: 0.120, G_A: 0.991, cycle_A: 0.343, D_B: 0.246, G_B: 0.955, cycle_B: 0.433, gp: 0.238

[Rank 0] (epoch: 14, iters: 14592, time: 0.001, data: 0.001) , D_A: 0.183, G_A: 0.954, cycle_A: 0.345, D_B: 0.257, G_B: 0.960, cycle_B: 0.436, gp: 0.247

[Rank 0] (epoch: 14, iters: 16192, time: 0.001, data: 0.001) , D_A: 0.238, G_A: 0.994, cycle_A: 0.337, D_B: 0.295, G_B: 0.987, cycle_B: 0.422, gp: 0.286

[Rank 0] (epoch: 14, iters: 17792, time: 0.001, data: 0.001) , D_A: 0.200, G_A: 0.987, cycle_A: 0.342, D_B: 0.211, G_B: 0.968, cycle_B: 0.436, gp: 0.204

[Rank 0] (epoch: 14, iters: 19392, time: 0.001, data: 0.001) , D_A: 0.153, G_A: 0.976, cycle_A: 0.322, D_B: 0.228, G_B: 0.933, cycle_B: 0.419, gp: 0.220

[Rank 0] (epoch: 14, iters: 20992, time: 0.001, data: 0.001) , D_A: 0.250, G_A: 1.302, cycle_A: 0.338, D_B: 0.209, G_B: 1.025, cycle_B: 0.418, gp: 0.195

[Rank 0] (epoch: 14, iters: 22592, time: 0.001, data: 0.001) , D_A: 0.254, G_A: 0.971, cycle_A: 0.327, D_B: 0.132, G_B: 0.921, cycle_B: 0.410, gp: 0.116

[Rank 0] (epoch: 14, iters: 24192, time: 0.001, data: 0.001) , D_A: 0.252, G_A: 0.974, cycle_A: 0.337, D_B: 0.172, G_B: 0.943, cycle_B: 0.411, gp: 0.165

[Rank 0] (epoch: 14, iters: 25792, time: 0.001, data: 0.001) , D_A: 0.271, G_A: 0.972, cycle_A: 0.342, D_B: 0.193, G_B: 0.972, cycle_B: 0.417, gp: 0.184

--- iter tau=0.3262 ---
  cipher in : e bsmnprsnjpsmcpbkhmefnsbmpcnbjsplkbpsrrsfnfbpgkknbpefcprnsrmnpk
  decrypted :  slrnhbsrhibrncbl dn ohrlnbchlirbg lbrssroholb   hlb ocbshrsnhb 
  real plain: o appl i sbjeciel o his on circmsances i is of corse eas o see h
  cipher in : npepjnmeknmpbkhrmnpsrnjeksfpspgejjpspefcpsmcp jkfdpefpe jrpnfcps
  decrypted : hb bihn  hnbl dsnhbrshi  robrb  iibrb ocbrncbsi oib ob sisbhocbr
  real plain: e giar i am cerain ha carl sandbrg ill no fall ino he same sad p
[Rank 0] (epoch: 14, iters: 27392, time: 0.001, data: 0.001) , D_A: 0.331, G_A: 0.942, cycle_A: 0.334, D_B: 0.208, G_B: 0.811, cycle_B: 0.439, gp: 0.196

saving the latest model (epoch 14, total_iters 480000)
[Rank 0] (epoch: 14, iters: 28992, time: 0.001, data: 0.001) , D_A: 0.194, G_A: 0.998, cycle_A: 0.330, D_B: 0.210, G_B: 0.965, cycle_B: 0.417, gp: 0.202

[Rank 0] (epoch: 14, iters: 30592, time: 0.001, data: 0.001) , D_A: 0.300, G_A: 1.025, cycle_A: 0.354, D_B: 0.248, G_B: 0.884, cycle_B: 0.412, gp: 0.238

[Rank 0] (epoch: 14, iters: 32192, time: 0.001, data: 0.001) , D_A: 0.157, G_A: 0.950, cycle_A: 0.334, D_B: 0.244, G_B: 1.111, cycle_B: 0.414, gp: 0.234

[Rank 0] (epoch: 14, iters: 33792, time: 0.001, data: 0.001) , D_A: 0.156, G_A: 0.994, cycle_A: 0.344, D_B: 0.227, G_B: 0.804, cycle_B: 0.427, gp: 0.204

learning rate 0.0002000 -> 0.0002000
temperature tau = 0.3157
End of epoch 14 / 50 	 Time Taken: 28 sec
[Rank 0] (epoch: 15, iters: 576, time: 0.001, data: 0.001) , D_A: 0.195, G_A: 1.039, cycle_A: 0.333, D_B: 0.172, G_B: 0.986, cycle_B: 0.421, gp: 0.165

[Rank 0] (epoch: 15, iters: 2176, time: 0.001, data: 0.000) , D_A: 0.102, G_A: 0.988, cycle_A: 0.331, D_B: 0.245, G_B: 1.008, cycle_B: 0.421, gp: 0.239

[Rank 0] (epoch: 15, iters: 3776, time: 0.001, data: 0.001) , D_A: 0.254, G_A: 0.826, cycle_A: 0.319, D_B: 0.264, G_B: 0.969, cycle_B: 0.424, gp: 0.259

[Rank 0] (epoch: 15, iters: 5376, time: 0.001, data: 0.001) , D_A: 0.135, G_A: 0.988, cycle_A: 0.319, D_B: 0.244, G_B: 1.031, cycle_B: 0.431, gp: 0.240

[Rank 0] (epoch: 15, iters: 6976, time: 0.001, data: 0.001) , D_A: 0.202, G_A: 0.739, cycle_A: 0.348, D_B: 0.320, G_B: 0.973, cycle_B: 0.408, gp: 0.304

[Rank 0] (epoch: 15, iters: 8576, time: 0.001, data: 0.001) , D_A: 0.221, G_A: 0.975, cycle_A: 0.333, D_B: 0.266, G_B: 0.953, cycle_B: 0.428, gp: 0.261

[Rank 0] (epoch: 15, iters: 10176, time: 0.001, data: 0.001) , D_A: 0.192, G_A: 1.008, cycle_A: 0.336, D_B: 0.271, G_B: 0.963, cycle_B: 0.412, gp: 0.267

[Rank 0] (epoch: 15, iters: 11776, time: 0.001, data: 0.001) , D_A: 0.248, G_A: 1.340, cycle_A: 0.344, D_B: 0.257, G_B: 0.959, cycle_B: 0.439, gp: 0.251

[Rank 0] (epoch: 15, iters: 13376, time: 0.001, data: 0.001) , D_A: 0.169, G_A: 1.010, cycle_A: 0.330, D_B: 0.253, G_B: 1.003, cycle_B: 0.449, gp: 0.248

[Rank 0] (epoch: 15, iters: 14976, time: 0.001, data: 0.001) , D_A: 0.290, G_A: 1.000, cycle_A: 0.342, D_B: 0.136, G_B: 0.985, cycle_B: 0.430, gp: 0.129

[Rank 0] (epoch: 15, iters: 16576, time: 0.001, data: 0.001) , D_A: 0.182, G_A: 0.990, cycle_A: 0.338, D_B: 0.188, G_B: 0.958, cycle_B: 0.414, gp: 0.181

[Rank 0] (epoch: 15, iters: 18176, time: 0.001, data: 0.001) , D_A: 0.237, G_A: 0.958, cycle_A: 0.335, D_B: 0.178, G_B: 0.973, cycle_B: 0.412, gp: 0.172

[Rank 0] (epoch: 15, iters: 19776, time: 0.001, data: 0.001) , D_A: 0.127, G_A: 0.966, cycle_A: 0.334, D_B: 0.197, G_B: 0.961, cycle_B: 0.443, gp: 0.192

[Rank 0] (epoch: 15, iters: 21376, time: 0.001, data: 0.001) , D_A: 0.145, G_A: 0.873, cycle_A: 0.324, D_B: 0.240, G_B: 0.926, cycle_B: 0.418, gp: 0.232

[Rank 0] (epoch: 15, iters: 22976, time: 0.001, data: 0.001) , D_A: 0.147, G_A: 0.982, cycle_A: 0.331, D_B: 0.271, G_B: 1.003, cycle_B: 0.407, gp: 0.267

[Rank 0] (epoch: 15, iters: 24576, time: 0.001, data: 0.001) , D_A: 0.226, G_A: 1.027, cycle_A: 0.336, D_B: 0.194, G_B: 0.970, cycle_B: 0.415, gp: 0.188

[Rank 0] (epoch: 15, iters: 26176, time: 0.001, data: 0.001) , D_A: 0.222, G_A: 1.029, cycle_A: 0.314, D_B: 0.268, G_B: 0.968, cycle_B: 0.425, gp: 0.262

[Rank 0] (epoch: 15, iters: 27776, time: 0.001, data: 0.001) , D_A: 0.164, G_A: 1.008, cycle_A: 0.327, D_B: 0.204, G_B: 1.005, cycle_B: 0.407, gp: 0.198

[Rank 0] (epoch: 15, iters: 29376, time: 0.001, data: 0.001) , D_A: 0.252, G_A: 0.954, cycle_A: 0.345, D_B: 0.290, G_B: 0.888, cycle_B: 0.422, gp: 0.284

[Rank 0] (epoch: 15, iters: 30976, time: 0.001, data: 0.001) , D_A: 0.080, G_A: 1.000, cycle_A: 0.333, D_B: 0.163, G_B: 1.009, cycle_B: 0.431, gp: 0.159

--- iter tau=0.3157 ---
  cipher in : fnplnpnrnjbpejnplbpqsjgncpsplrslnbknpbnonfgnbpsqpnnfbpleplenpfnn
  decrypted : oheghehshile iheglesri hceregsrghl helh ho hlersehholeg eg heohh
  real plain: mr has i is a maer of deep personal saisfacion for me o add m oi
  cipher in : sqpepgsmmngksfpeplnpgsfpmkfnpnmnhnfejpbglssmpspcnokfcjnplkglpleb
  decrypted : rse e rnnh  roe eghe roen ohehnhdho iel grrnerech  ociheg  geg l
  real plain: m hese resls one sees ha he sd of linear operaors on ecor spaces
[Rank 0] (epoch: 15, iters: 32576, time: 0.001, data: 0.001) , D_A: 0.215, G_A: 1.288, cycle_A: 0.332, D_B: 0.114, G_B: 0.959, cycle_B: 0.429, gp: 0.109

saving the latest model (epoch 15, total_iters 520000)
[Rank 0] (epoch: 15, iters: 34176, time: 0.001, data: 0.001) , D_A: 0.281, G_A: 0.979, cycle_A: 0.334, D_B: 0.177, G_B: 0.981, cycle_B: 0.430, gp: 0.173

learning rate 0.0002000 -> 0.0002000
temperature tau = 0.3055
End of epoch 15 / 50 	 Time Taken: 28 sec
[Rank 0] (epoch: 16, iters: 960, time: 0.001, data: 0.001) , D_A: 0.103, G_A: 1.000, cycle_A: 0.316, D_B: 0.304, G_B: 1.005, cycle_B: 0.423, gp: 0.298

[Rank 0] (epoch: 16, iters: 2560, time: 0.001, data: 0.001) , D_A: 0.210, G_A: 0.947, cycle_A: 0.339, D_B: 0.327, G_B: 0.968, cycle_B: 0.417, gp: 0.320

[Rank 0] (epoch: 16, iters: 4160, time: 0.001, data: 0.001) , D_A: 0.215, G_A: 0.987, cycle_A: 0.343, D_B: 0.208, G_B: 1.022, cycle_B: 0.423, gp: 0.203

[Rank 0] (epoch: 16, iters: 5760, time: 0.001, data: 0.001) , D_A: 0.262, G_A: 1.004, cycle_A: 0.334, D_B: 0.187, G_B: 0.959, cycle_B: 0.429, gp: 0.180

[Rank 0] (epoch: 16, iters: 7360, time: 0.001, data: 0.001) , D_A: 0.220, G_A: 0.985, cycle_A: 0.336, D_B: 0.272, G_B: 0.967, cycle_B: 0.409, gp: 0.267

[Rank 0] (epoch: 16, iters: 8960, time: 0.001, data: 0.001) , D_A: 0.177, G_A: 0.964, cycle_A: 0.335, D_B: 0.288, G_B: 0.975, cycle_B: 0.416, gp: 0.284

[Rank 0] (epoch: 16, iters: 10560, time: 0.001, data: 0.001) , D_A: 0.177, G_A: 1.022, cycle_A: 0.332, D_B: 0.223, G_B: 0.953, cycle_B: 0.428, gp: 0.219

[Rank 0] (epoch: 16, iters: 12160, time: 0.001, data: 0.001) , D_A: 0.276, G_A: 0.376, cycle_A: 0.309, D_B: 0.270, G_B: 0.960, cycle_B: 0.394, gp: 0.266

[Rank 0] (epoch: 16, iters: 13760, time: 0.001, data: 0.001) , D_A: 0.276, G_A: 0.924, cycle_A: 0.334, D_B: 0.230, G_B: 0.939, cycle_B: 0.422, gp: 0.225

[Rank 0] (epoch: 16, iters: 15360, time: 0.001, data: 0.001) , D_A: 0.224, G_A: 1.018, cycle_A: 0.526, D_B: 0.267, G_B: 1.008, cycle_B: 0.404, gp: 0.258

[Rank 0] (epoch: 16, iters: 16960, time: 0.001, data: 0.001) , D_A: 0.199, G_A: 0.844, cycle_A: 0.342, D_B: 0.234, G_B: 0.949, cycle_B: 0.395, gp: 0.226

[Rank 0] (epoch: 16, iters: 18560, time: 0.001, data: 0.001) , D_A: 0.175, G_A: 0.995, cycle_A: 0.336, D_B: 0.196, G_B: 0.978, cycle_B: 0.365, gp: 0.191

[Rank 0] (epoch: 16, iters: 20160, time: 0.001, data: 0.001) , D_A: 0.220, G_A: 0.983, cycle_A: 0.336, D_B: 0.203, G_B: 0.939, cycle_B: 0.370, gp: 0.197

[Rank 0] (epoch: 16, iters: 21760, time: 0.001, data: 0.001) , D_A: 0.282, G_A: 1.010, cycle_A: 0.311, D_B: 0.201, G_B: 0.960, cycle_B: 0.372, gp: 0.198

[Rank 0] (epoch: 16, iters: 23360, time: 0.001, data: 0.001) , D_A: 0.277, G_A: 0.978, cycle_A: 0.324, D_B: 0.251, G_B: 0.960, cycle_B: 0.388, gp: 0.248

[Rank 0] (epoch: 16, iters: 24960, time: 0.001, data: 0.001) , D_A: 0.221, G_A: 1.002, cycle_A: 0.325, D_B: 0.227, G_B: 1.005, cycle_B: 0.367, gp: 0.223

[Rank 0] (epoch: 16, iters: 26560, time: 0.001, data: 0.001) , D_A: 0.296, G_A: 0.999, cycle_A: 0.328, D_B: 0.243, G_B: 0.943, cycle_B: 0.373, gp: 0.239

[Rank 0] (epoch: 16, iters: 28160, time: 0.001, data: 0.001) , D_A: 0.274, G_A: 0.993, cycle_A: 0.321, D_B: 0.208, G_B: 0.998, cycle_B: 0.357, gp: 0.203

[Rank 0] (epoch: 16, iters: 29760, time: 0.001, data: 0.001) , D_A: 0.201, G_A: 1.017, cycle_A: 0.314, D_B: 0.170, G_B: 1.008, cycle_B: 0.362, gp: 0.165

[Rank 0] (epoch: 16, iters: 31360, time: 0.001, data: 0.001) , D_A: 0.243, G_A: 0.972, cycle_A: 0.352, D_B: 0.195, G_B: 1.013, cycle_B: 0.380, gp: 0.188

[Rank 0] (epoch: 16, iters: 32960, time: 0.001, data: 0.001) , D_A: 0.247, G_A: 0.978, cycle_A: 0.325, D_B: 0.221, G_B: 0.930, cycle_B: 0.382, gp: 0.216

[Rank 0] (epoch: 16, iters: 34560, time: 0.001, data: 0.001) , D_A: 0.255, G_A: 0.980, cycle_A: 0.341, D_B: 0.246, G_B: 0.942, cycle_B: 0.370, gp: 0.242

learning rate 0.0002000 -> 0.0002000
temperature tau = 0.2956
End of epoch 16 / 50 	 Time Taken: 28 sec
[Rank 0] (epoch: 17, iters: 1344, time: 0.001, data: 0.001) , D_A: 0.290, G_A: 0.996, cycle_A: 0.326, D_B: 0.182, G_B: 0.959, cycle_B: 0.388, gp: 0.177

--- iter tau=0.2956 ---
  cipher in : sjnkdfpgejbpsfmpljnnpbefcejcphscnmbp kgapgljbmnjpefcphnjgjplecpb
  decrypted : rih ioe  ileronegihhel oc icedrchnles  ne gilnhie ocedhi ieg cel
  real plain: r allan poe of nineeenh cenr american leers plao and arisole pla
  cipher in : nbpsfpgmnejpgleffnmbpbrngkqkncpqsjpgmebbpepsrnjeksfpefcpbspjnfcn
  decrypted : hleroe nh ie g oohnlelsh  s hcesrie n lle ershi  roe ocelreihoch
  real plain: s of he o ssems are measred b a plseiming circi and a resisance 
[Rank 0] (epoch: 17, iters: 2944, time: 0.001, data: 0.001) , D_A: 0.285, G_A: 0.989, cycle_A: 0.341, D_B: 0.212, G_B: 0.962, cycle_B: 0.382, gp: 0.209

saving the latest model (epoch 17, total_iters 560000)
[Rank 0] (epoch: 17, iters: 4544, time: 0.001, data: 0.001) , D_A: 0.263, G_A: 1.155, cycle_A: 0.335, D_B: 0.313, G_B: 0.979, cycle_B: 0.387, gp: 0.310

[Rank 0] (epoch: 17, iters: 6144, time: 0.001, data: 0.001) , D_A: 0.227, G_A: 0.977, cycle_A: 0.352, D_B: 0.231, G_B: 1.026, cycle_B: 0.376, gp: 0.226

[Rank 0] (epoch: 17, iters: 7744, time: 0.001, data: 0.001) , D_A: 0.250, G_A: 0.996, cycle_A: 0.320, D_B: 0.236, G_B: 0.977, cycle_B: 0.390, gp: 0.233

[Rank 0] (epoch: 17, iters: 9344, time: 0.001, data: 0.001) , D_A: 0.199, G_A: 0.967, cycle_A: 0.323, D_B: 0.279, G_B: 0.999, cycle_B: 0.371, gp: 0.275

[Rank 0] (epoch: 17, iters: 10944, time: 0.001, data: 0.001) , D_A: 0.205, G_A: 0.998, cycle_A: 0.335, D_B: 0.181, G_B: 0.978, cycle_B: 0.366, gp: 0.177

[Rank 0] (epoch: 17, iters: 12544, time: 0.001, data: 0.001) , D_A: 0.201, G_A: 1.000, cycle_A: 0.317, D_B: 0.226, G_B: 0.965, cycle_B: 0.397, gp: 0.222

[Rank 0] (epoch: 17, iters: 14144, time: 0.001, data: 0.001) , D_A: 0.192, G_A: 0.999, cycle_A: 0.322, D_B: 0.204, G_B: 1.019, cycle_B: 0.373, gp: 0.202

[Rank 0] (epoch: 17, iters: 15744, time: 0.001, data: 0.001) , D_A: 0.204, G_A: 0.957, cycle_A: 0.348, D_B: 0.292, G_B: 0.980, cycle_B: 0.369, gp: 0.285

[Rank 0] (epoch: 17, iters: 17344, time: 0.001, data: 0.001) , D_A: 0.260, G_A: 0.971, cycle_A: 0.332, D_B: 0.244, G_B: 1.001, cycle_B: 0.370, gp: 0.241

[Rank 0] (epoch: 17, iters: 18944, time: 0.001, data: 0.001) , D_A: 0.142, G_A: 0.982, cycle_A: 0.312, D_B: 0.214, G_B: 1.026, cycle_B: 0.352, gp: 0.212

[Rank 0] (epoch: 17, iters: 20544, time: 0.001, data: 0.001) , D_A: 0.217, G_A: 0.986, cycle_A: 0.317, D_B: 0.320, G_B: 0.991, cycle_B: 0.367, gp: 0.317

[Rank 0] (epoch: 17, iters: 22144, time: 0.001, data: 0.001) , D_A: 0.266, G_A: 0.995, cycle_A: 0.337, D_B: 0.205, G_B: 0.967, cycle_B: 0.368, gp: 0.202

[Rank 0] (epoch: 17, iters: 23744, time: 0.001, data: 0.001) , D_A: 0.158, G_A: 0.981, cycle_A: 0.333, D_B: 0.208, G_B: 0.978, cycle_B: 0.377, gp: 0.205

[Rank 0] (epoch: 17, iters: 25344, time: 0.001, data: 0.001) , D_A: 0.212, G_A: 0.977, cycle_A: 0.334, D_B: 0.288, G_B: 0.983, cycle_B: 0.372, gp: 0.285

[Rank 0] (epoch: 17, iters: 26944, time: 0.001, data: 0.001) , D_A: 0.290, G_A: 1.008, cycle_A: 0.328, D_B: 0.194, G_B: 0.997, cycle_B: 0.369, gp: 0.190

[Rank 0] (epoch: 17, iters: 28544, time: 0.001, data: 0.001) , D_A: 0.217, G_A: 0.984, cycle_A: 0.333, D_B: 0.219, G_B: 1.022, cycle_B: 0.363, gp: 0.216

[Rank 0] (epoch: 17, iters: 30144, time: 0.001, data: 0.001) , D_A: 0.150, G_A: 0.988, cycle_A: 0.327, D_B: 0.177, G_B: 0.961, cycle_B: 0.358, gp: 0.173

[Rank 0] (epoch: 17, iters: 31744, time: 0.001, data: 0.001) , D_A: 0.249, G_A: 0.977, cycle_A: 0.347, D_B: 0.269, G_B: 0.904, cycle_B: 0.371, gp: 0.262

[Rank 0] (epoch: 17, iters: 33344, time: 0.001, data: 0.001) , D_A: 0.210, G_A: 1.006, cycle_A: 0.323, D_B: 0.230, G_B: 0.999, cycle_B: 0.370, gp: 0.227

learning rate 0.0002000 -> 0.0002000
temperature tau = 0.2861
End of epoch 17 / 50 	 Time Taken: 29 sec
[Rank 0] (epoch: 18, iters: 128, time: 0.001, data: 0.001) , D_A: 0.150, G_A: 1.018, cycle_A: 0.330, D_B: 0.302, G_B: 1.058, cycle_B: 0.348, gp: 0.299

[Rank 0] (epoch: 18, iters: 1728, time: 0.001, data: 0.001) , D_A: 0.200, G_A: 0.995, cycle_A: 0.325, D_B: 0.128, G_B: 0.972, cycle_B: 0.354, gp: 0.126

[Rank 0] (epoch: 18, iters: 3328, time: 0.001, data: 0.001) , D_A: 0.221, G_A: 0.994, cycle_A: 0.315, D_B: 0.188, G_B: 1.011, cycle_B: 0.374, gp: 0.185

[Rank 0] (epoch: 18, iters: 4928, time: 0.001, data: 0.001) , D_A: 0.250, G_A: 0.982, cycle_A: 0.328, D_B: 0.268, G_B: 0.963, cycle_B: 0.371, gp: 0.266

[Rank 0] (epoch: 18, iters: 6528, time: 0.001, data: 0.001) , D_A: 0.215, G_A: 1.004, cycle_A: 0.326, D_B: 0.156, G_B: 1.058, cycle_B: 0.376, gp: 0.148

--- iter tau=0.2861 ---
  cipher in : onbksfpleplecpsp npebancpmsfdp nqsjnplnpbeprejnnplsdlpehnjkgefbp
  decrypted :  ml roap ap carasma lnmcanroiasmsrimapmal as immapripa dmi   ola
  real plain:  copernics formlaion does no proide anoher reason for he accepan
  cipher in : np k mksdjerlkgempceepklpjnbrngplnjnsplpgebnpsfbknpkfbrngksfbpsp
  decrypted : mas sn rii sp   nac  a paimlsm apmimrapa  lmarol ma olsm  rolara
  real plain: inoled i migh srggle in for a jr id in hands don b i hogh mabe o
[Rank 0] (epoch: 18, iters: 8128, time: 0.001, data: 0.001) , D_A: 0.148, G_A: 0.816, cycle_A: 0.330, D_B: 0.302, G_B: 1.013, cycle_B: 0.412, gp: 0.299

saving the latest model (epoch 18, total_iters 600000)
[Rank 0] (epoch: 18, iters: 9728, time: 0.001, data: 0.001) , D_A: 0.285, G_A: 0.967, cycle_A: 0.336, D_B: 0.249, G_B: 0.965, cycle_B: 0.376, gp: 0.246

[Rank 0] (epoch: 18, iters: 11328, time: 0.001, data: 0.001) , D_A: 0.180, G_A: 0.968, cycle_A: 0.331, D_B: 0.258, G_B: 0.962, cycle_B: 0.377, gp: 0.255

[Rank 0] (epoch: 18, iters: 12928, time: 0.001, data: 0.001) , D_A: 0.268, G_A: 0.977, cycle_A: 0.322, D_B: 0.224, G_B: 1.034, cycle_B: 0.372, gp: 0.221

[Rank 0] (epoch: 18, iters: 14528, time: 0.001, data: 0.001) , D_A: 0.184, G_A: 1.008, cycle_A: 0.309, D_B: 0.216, G_B: 0.952, cycle_B: 0.380, gp: 0.213

[Rank 0] (epoch: 18, iters: 16128, time: 0.001, data: 0.001) , D_A: 0.270, G_A: 0.983, cycle_A: 0.317, D_B: 0.277, G_B: 0.964, cycle_B: 0.377, gp: 0.272

[Rank 0] (epoch: 18, iters: 17728, time: 0.001, data: 0.001) , D_A: 0.215, G_A: 0.998, cycle_A: 0.330, D_B: 0.225, G_B: 1.104, cycle_B: 0.387, gp: 0.209

[Rank 0] (epoch: 18, iters: 19328, time: 0.001, data: 0.001) , D_A: 0.197, G_A: 0.994, cycle_A: 0.321, D_B: 0.242, G_B: 0.919, cycle_B: 0.364, gp: 0.237

[Rank 0] (epoch: 18, iters: 20928, time: 0.001, data: 0.001) , D_A: 0.185, G_A: 1.019, cycle_A: 0.330, D_B: 0.201, G_B: 1.000, cycle_B: 0.365, gp: 0.198

[Rank 0] (epoch: 18, iters: 22528, time: 0.001, data: 0.001) , D_A: 0.255, G_A: 0.996, cycle_A: 0.325, D_B: 0.310, G_B: 1.004, cycle_B: 0.367, gp: 0.307

[Rank 0] (epoch: 18, iters: 24128, time: 0.001, data: 0.001) , D_A: 0.160, G_A: 1.006, cycle_A: 0.321, D_B: 0.178, G_B: 0.972, cycle_B: 0.368, gp: 0.175

[Rank 0] (epoch: 18, iters: 25728, time: 0.001, data: 0.001) , D_A: 0.206, G_A: 0.999, cycle_A: 0.338, D_B: 0.383, G_B: 0.556, cycle_B: 0.372, gp: 0.255

[Rank 0] (epoch: 18, iters: 27328, time: 0.001, data: 0.001) , D_A: 0.187, G_A: 1.018, cycle_A: 0.331, D_B: 0.201, G_B: 0.989, cycle_B: 0.392, gp: 0.198

[Rank 0] (epoch: 18, iters: 28928, time: 0.001, data: 0.001) , D_A: 0.263, G_A: 0.993, cycle_A: 0.317, D_B: 0.150, G_B: 0.972, cycle_B: 0.369, gp: 0.147

[Rank 0] (epoch: 18, iters: 30528, time: 0.001, data: 0.001) , D_A: 0.199, G_A: 0.989, cycle_A: 0.331, D_B: 0.297, G_B: 0.989, cycle_B: 0.371, gp: 0.294

[Rank 0] (epoch: 18, iters: 32128, time: 0.001, data: 0.001) , D_A: 0.206, G_A: 1.001, cycle_A: 0.330, D_B: 0.190, G_B: 0.981, cycle_B: 0.367, gp: 0.186

[Rank 0] (epoch: 18, iters: 33728, time: 0.001, data: 0.001) , D_A: 0.194, G_A: 0.982, cycle_A: 0.321, D_B: 0.145, G_B: 0.983, cycle_B: 0.370, gp: 0.141

learning rate 0.0002000 -> 0.0002000
temperature tau = 0.2768
End of epoch 18 / 50 	 Time Taken: 28 sec
[Rank 0] (epoch: 19, iters: 512, time: 0.001, data: 0.013) , D_A: 0.202, G_A: 0.990, cycle_A: 0.314, D_B: 0.247, G_B: 0.997, cycle_B: 0.344, gp: 0.245

[Rank 0] (epoch: 19, iters: 2112, time: 0.001, data: 0.000) , D_A: 0.277, G_A: 0.996, cycle_A: 0.328, D_B: 0.171, G_B: 0.991, cycle_B: 0.374, gp: 0.168

[Rank 0] (epoch: 19, iters: 3712, time: 0.001, data: 0.001) , D_A: 0.210, G_A: 0.949, cycle_A: 0.312, D_B: 0.207, G_B: 0.981, cycle_B: 0.364, gp: 0.203

[Rank 0] (epoch: 19, iters: 5312, time: 0.001, data: 0.001) , D_A: 0.247, G_A: 0.964, cycle_A: 0.338, D_B: 0.249, G_B: 0.981, cycle_B: 0.369, gp: 0.246

[Rank 0] (epoch: 19, iters: 6912, time: 0.001, data: 0.001) , D_A: 0.239, G_A: 0.981, cycle_A: 0.328, D_B: 0.279, G_B: 1.046, cycle_B: 0.366, gp: 0.274

[Rank 0] (epoch: 19, iters: 8512, time: 0.001, data: 0.001) , D_A: 0.209, G_A: 0.968, cycle_A: 0.346, D_B: 0.291, G_B: 1.016, cycle_B: 0.373, gp: 0.288

[Rank 0] (epoch: 19, iters: 10112, time: 0.001, data: 0.001) , D_A: 0.214, G_A: 0.986, cycle_A: 0.309, D_B: 0.267, G_B: 0.961, cycle_B: 0.369, gp: 0.264

[Rank 0] (epoch: 19, iters: 11712, time: 0.001, data: 0.001) , D_A: 0.243, G_A: 0.998, cycle_A: 0.349, D_B: 0.201, G_B: 0.996, cycle_B: 0.377, gp: 0.198

--- iter tau=0.2768 ---
  cipher in : efdnbpsqpkfnfbkpsfplnpgnmmpnjnpeglknncp pbnpsqpepkjnpbgjnnfpefcp
  decrypted :  oihlerse ohol eroeghe hnnehihe  g hhceselherse e ihel ihhoe oce
  real plain: c a kind of lockian social conrac on a orldide scale he defec of
  cipher in : sfdpqefebkgpnrkgpkfprjsbnpnfkmncplefbpemknfbplkglprjsqnbbsjp ssa
  decrypted : roies o l  ehs  e oesirlheho nhceg ole n holeg  gesirshllriesrrn
  real plain:  preios fe das a he h ee palmer chose o hi a oneiron hen a hreeo
[Rank 0] (epoch: 19, iters: 13312, time: 0.001, data: 0.001) , D_A: 0.239, G_A: 0.979, cycle_A: 0.324, D_B: 0.232, G_B: 1.003, cycle_B: 0.369, gp: 0.230

saving the latest model (epoch 19, total_iters 640000)
[Rank 0] (epoch: 19, iters: 14912, time: 0.001, data: 0.001) , D_A: 0.320, G_A: 0.999, cycle_A: 0.343, D_B: 0.187, G_B: 1.025, cycle_B: 0.378, gp: 0.184

[Rank 0] (epoch: 19, iters: 16512, time: 0.001, data: 0.001) , D_A: 0.541, G_A: 0.159, cycle_A: 0.316, D_B: 0.260, G_B: 1.021, cycle_B: 0.369, gp: 0.258

[Rank 0] (epoch: 19, iters: 18112, time: 0.001, data: 0.001) , D_A: 0.512, G_A: 0.653, cycle_A: 0.316, D_B: 0.167, G_B: 1.012, cycle_B: 0.782, gp: 0.165

[Rank 0] (epoch: 19, iters: 19712, time: 0.001, data: 0.001) , D_A: 0.252, G_A: 1.000, cycle_A: 0.324, D_B: 0.257, G_B: 0.982, cycle_B: 0.413, gp: 0.255

[Rank 0] (epoch: 19, iters: 21312, time: 0.001, data: 0.001) , D_A: 0.177, G_A: 1.002, cycle_A: 0.326, D_B: 0.201, G_B: 1.025, cycle_B: 0.402, gp: 0.198

[Rank 0] (epoch: 19, iters: 22912, time: 0.001, data: 0.001) , D_A: 0.375, G_A: 0.977, cycle_A: 0.322, D_B: 0.225, G_B: 1.015, cycle_B: 0.366, gp: 0.223

[Rank 0] (epoch: 19, iters: 24512, time: 0.001, data: 0.001) , D_A: 0.239, G_A: 0.987, cycle_A: 0.317, D_B: 0.208, G_B: 0.944, cycle_B: 0.366, gp: 0.202

[Rank 0] (epoch: 19, iters: 26112, time: 0.001, data: 0.001) , D_A: 0.217, G_A: 0.992, cycle_A: 0.328, D_B: 0.223, G_B: 1.013, cycle_B: 0.370, gp: 0.221

[Rank 0] (epoch: 19, iters: 27712, time: 0.001, data: 0.001) , D_A: 0.254, G_A: 1.019, cycle_A: 0.328, D_B: 0.327, G_B: 1.007, cycle_B: 0.358, gp: 0.323

[Rank 0] (epoch: 19, iters: 29312, time: 0.001, data: 0.001) , D_A: 0.308, G_A: 0.992, cycle_A: 0.332, D_B: 0.188, G_B: 0.960, cycle_B: 0.372, gp: 0.183

[Rank 0] (epoch: 19, iters: 30912, time: 0.001, data: 0.001) , D_A: 0.306, G_A: 0.992, cycle_A: 0.322, D_B: 0.224, G_B: 0.976, cycle_B: 0.367, gp: 0.223

[Rank 0] (epoch: 19, iters: 32512, time: 0.001, data: 0.001) , D_A: 0.182, G_A: 0.987, cycle_A: 0.311, D_B: 0.224, G_B: 0.967, cycle_B: 0.395, gp: 0.219

[Rank 0] (epoch: 19, iters: 34112, time: 0.001, data: 0.001) , D_A: 0.238, G_A: 1.007, cycle_A: 0.315, D_B: 0.172, G_B: 0.981, cycle_B: 0.380, gp: 0.169

learning rate 0.0002000 -> 0.0002000
temperature tau = 0.2679
End of epoch 19 / 50 	 Time Taken: 28 sec
[Rank 0] (epoch: 20, iters: 896, time: 0.001, data: 0.001) , D_A: 0.192, G_A: 0.993, cycle_A: 0.324, D_B: 0.120, G_B: 0.998, cycle_B: 0.377, gp: 0.117

[Rank 0] (epoch: 20, iters: 2496, time: 0.001, data: 0.002) , D_A: 0.197, G_A: 0.979, cycle_A: 0.322, D_B: 0.162, G_B: 1.023, cycle_B: 0.374, gp: 0.159

[Rank 0] (epoch: 20, iters: 4096, time: 0.001, data: 0.001) , D_A: 0.239, G_A: 0.977, cycle_A: 0.326, D_B: 0.231, G_B: 0.985, cycle_B: 0.365, gp: 0.229

[Rank 0] (epoch: 20, iters: 5696, time: 0.001, data: 0.001) , D_A: 0.282, G_A: 1.035, cycle_A: 0.314, D_B: 0.244, G_B: 1.000, cycle_B: 0.382, gp: 0.241

[Rank 0] (epoch: 20, iters: 7296, time: 0.001, data: 0.001) , D_A: 0.148, G_A: 0.994, cycle_A: 0.312, D_B: 0.132, G_B: 0.994, cycle_B: 0.360, gp: 0.130

[Rank 0] (epoch: 20, iters: 8896, time: 0.001, data: 0.001) , D_A: 0.189, G_A: 1.003, cycle_A: 0.330, D_B: 0.196, G_B: 0.966, cycle_B: 0.364, gp: 0.194

[Rank 0] (epoch: 20, iters: 10496, time: 0.001, data: 0.001) , D_A: 0.157, G_A: 0.980, cycle_A: 0.319, D_B: 0.101, G_B: 1.006, cycle_B: 0.357, gp: 0.099

[Rank 0] (epoch: 20, iters: 12096, time: 0.001, data: 0.001) , D_A: 0.227, G_A: 0.979, cycle_A: 0.324, D_B: 0.186, G_B: 0.993, cycle_B: 0.379, gp: 0.183

[Rank 0] (epoch: 20, iters: 13696, time: 0.001, data: 0.001) , D_A: 0.218, G_A: 0.978, cycle_A: 0.320, D_B: 0.206, G_B: 1.019, cycle_B: 0.396, gp: 0.204

[Rank 0] (epoch: 20, iters: 15296, time: 0.001, data: 0.001) , D_A: 0.218, G_A: 1.024, cycle_A: 0.352, D_B: 0.217, G_B: 0.965, cycle_B: 0.387, gp: 0.212

[Rank 0] (epoch: 20, iters: 16896, time: 0.001, data: 0.001) , D_A: 0.111, G_A: 0.928, cycle_A: 0.376, D_B: 0.352, G_B: 1.052, cycle_B: 0.378, gp: 0.346

--- iter tau=0.2679 ---
  cipher in : knjmpe splkbpkqnplnpebpsfplnpb ingpqsjpnfphkfnbpsjpbsplnfplnpfsk
  decrypted :  hina srap la shapha laroaphalsjhjasriahoad ohlarialraphoaphaor 
  real plain: dicionar sage if cell af is no an informaion cell e conclde ha h
  cipher in :  nkfdprjsgnbbncpkfpkpkbprmeffncpspcs mnplnpfh njpsqpnehbpefcpsph
  decrypted : sh oaasirjhllhca oa a lasn oohcaracrsnhaphaodshiarsah dla ocarad
  real plain: oleh of socialism as conspicosl absen he second specific commen 
[Rank 0] (epoch: 20, iters: 18496, time: 0.001, data: 0.001) , D_A: 0.252, G_A: 0.977, cycle_A: 0.411, D_B: 0.184, G_B: 0.963, cycle_B: 0.363, gp: 0.182

saving the latest model (epoch 20, total_iters 680000)
[Rank 0] (epoch: 20, iters: 20096, time: 0.001, data: 0.001) , D_A: 0.230, G_A: 0.998, cycle_A: 0.281, D_B: 0.288, G_B: 0.938, cycle_B: 0.368, gp: 0.282

[Rank 0] (epoch: 20, iters: 21696, time: 0.001, data: 0.001) , D_A: 0.160, G_A: 0.944, cycle_A: 0.246, D_B: 0.284, G_B: 0.997, cycle_B: 0.310, gp: 0.281

[Rank 0] (epoch: 20, iters: 23296, time: 0.001, data: 0.001) , D_A: 0.249, G_A: 0.935, cycle_A: 0.265, D_B: 0.219, G_B: 0.982, cycle_B: 0.302, gp: 0.214

[Rank 0] (epoch: 20, iters: 24896, time: 0.001, data: 0.001) , D_A: 0.218, G_A: 1.048, cycle_A: 0.279, D_B: 0.152, G_B: 0.975, cycle_B: 0.507, gp: 0.147

[Rank 0] (epoch: 20, iters: 26496, time: 0.001, data: 0.001) , D_A: 0.176, G_A: 1.003, cycle_A: 0.268, D_B: 0.174, G_B: 0.984, cycle_B: 0.309, gp: 0.171

[Rank 0] (epoch: 20, iters: 28096, time: 0.001, data: 0.001) , D_A: 0.195, G_A: 0.970, cycle_A: 0.244, D_B: 0.230, G_B: 0.978, cycle_B: 0.291, gp: 0.228

[Rank 0] (epoch: 20, iters: 29696, time: 0.001, data: 0.001) , D_A: 0.233, G_A: 0.987, cycle_A: 0.232, D_B: 0.170, G_B: 0.994, cycle_B: 0.281, gp: 0.167

[Rank 0] (epoch: 20, iters: 31296, time: 0.001, data: 0.001) , D_A: 0.263, G_A: 0.979, cycle_A: 0.202, D_B: 0.212, G_B: 0.991, cycle_B: 0.255, gp: 0.209

[Rank 0] (epoch: 20, iters: 32896, time: 0.001, data: 0.001) , D_A: 0.217, G_A: 0.959, cycle_A: 0.226, D_B: 0.135, G_B: 0.986, cycle_B: 0.293, gp: 0.131

[Rank 0] (epoch: 20, iters: 34496, time: 0.001, data: 0.001) , D_A: 0.230, G_A: 0.999, cycle_A: 0.309, D_B: 0.154, G_B: 0.958, cycle_B: 0.273, gp: 0.152

learning rate 0.0002000 -> 0.0002000
temperature tau = 0.2592
End of epoch 20 / 50 	 Time Taken: 28 sec
[Rank 0] (epoch: 21, iters: 1280, time: 0.001, data: 0.001) , D_A: 0.238, G_A: 0.898, cycle_A: 0.208, D_B: 0.284, G_B: 0.929, cycle_B: 0.285, gp: 0.279

[Rank 0] (epoch: 21, iters: 2880, time: 0.001, data: 0.001) , D_A: 0.257, G_A: 0.936, cycle_A: 0.214, D_B: 0.210, G_B: 0.966, cycle_B: 0.279, gp: 0.207

[Rank 0] (epoch: 21, iters: 4480, time: 0.001, data: 0.001) , D_A: 0.246, G_A: 0.976, cycle_A: 0.226, D_B: 0.218, G_B: 0.993, cycle_B: 0.295, gp: 0.215

[Rank 0] (epoch: 21, iters: 6080, time: 0.001, data: 0.001) , D_A: 0.268, G_A: 0.973, cycle_A: 0.221, D_B: 0.111, G_B: 0.975, cycle_B: 0.280, gp: 0.108

[Rank 0] (epoch: 21, iters: 7680, time: 0.001, data: 0.001) , D_A: 0.220, G_A: 1.002, cycle_A: 0.231, D_B: 0.249, G_B: 0.983, cycle_B: 0.275, gp: 0.246

[Rank 0] (epoch: 21, iters: 9280, time: 0.001, data: 0.001) , D_A: 0.212, G_A: 0.994, cycle_A: 0.266, D_B: 0.243, G_B: 0.978, cycle_B: 0.299, gp: 0.240

[Rank 0] (epoch: 21, iters: 10880, time: 0.001, data: 0.001) , D_A: 0.215, G_A: 0.984, cycle_A: 0.263, D_B: 0.182, G_B: 1.012, cycle_B: 0.290, gp: 0.180

[Rank 0] (epoch: 21, iters: 12480, time: 0.001, data: 0.001) , D_A: 0.195, G_A: 1.009, cycle_A: 0.210, D_B: 0.279, G_B: 0.890, cycle_B: 0.293, gp: 0.271

[Rank 0] (epoch: 21, iters: 14080, time: 0.001, data: 0.001) , D_A: 0.223, G_A: 0.998, cycle_A: 0.224, D_B: 0.233, G_B: 0.991, cycle_B: 0.286, gp: 0.229

[Rank 0] (epoch: 21, iters: 15680, time: 0.001, data: 0.001) , D_A: 0.173, G_A: 0.966, cycle_A: 0.212, D_B: 0.289, G_B: 1.004, cycle_B: 0.277, gp: 0.286

[Rank 0] (epoch: 21, iters: 17280, time: 0.001, data: 0.001) , D_A: 0.162, G_A: 0.994, cycle_A: 0.200, D_B: 0.257, G_B: 1.041, cycle_B: 0.220, gp: 0.253

[Rank 0] (epoch: 21, iters: 18880, time: 0.001, data: 0.001) , D_A: 0.316, G_A: 0.994, cycle_A: 0.196, D_B: 0.303, G_B: 0.970, cycle_B: 0.198, gp: 0.299

[Rank 0] (epoch: 21, iters: 20480, time: 0.001, data: 0.001) , D_A: 0.249, G_A: 0.972, cycle_A: 0.197, D_B: 0.224, G_B: 0.988, cycle_B: 0.174, gp: 0.222

[Rank 0] (epoch: 21, iters: 22080, time: 0.001, data: 0.001) , D_A: 0.442, G_A: 0.887, cycle_A: 0.191, D_B: 0.263, G_B: 0.985, cycle_B: 0.156, gp: 0.260

--- iter tau=0.2592 ---
  cipher in : pbregnp nsfcpbplnpslnjpbnfbnbp nkfdpcngkcncmpkfqnjksjpkqpfspsemm
  decrypted : els fheshrocelepherphielholhlesh oaechf chcne oshi rie seorer nn
  real plain: ered and he snheic problem has is se b o conine o diorce adanced
  cipher in : egnpsfplnpeblkfdsfphsfhnfpkpkbpkbk mnpljsdlsplnpgkpefcphnfpqjshp
  decrypted :  fheroephe lp oaroedrodhoe e le l snhepiraprephef e ocedhoesirde
  real plain:  a girl ho has sacrificed a promising career for marriage she kn
[Rank 0] (epoch: 21, iters: 23680, time: 0.001, data: 0.001) , D_A: 0.348, G_A: 0.944, cycle_A: 0.187, D_B: 0.141, G_B: 0.997, cycle_B: 0.143, gp: 0.139

saving the latest model (epoch 21, total_iters 720000)
[Rank 0] (epoch: 21, iters: 25280, time: 0.001, data: 0.001) , D_A: 0.346, G_A: 0.893, cycle_A: 0.187, D_B: 0.152, G_B: 0.996, cycle_B: 0.152, gp: 0.150

[Rank 0] (epoch: 21, iters: 26880, time: 0.001, data: 0.001) , D_A: 0.284, G_A: 0.937, cycle_A: 0.198, D_B: 0.176, G_B: 0.970, cycle_B: 0.160, gp: 0.175

[Rank 0] (epoch: 21, iters: 28480, time: 0.001, data: 0.001) , D_A: 0.349, G_A: 0.974, cycle_A: 0.198, D_B: 0.225, G_B: 1.013, cycle_B: 0.165, gp: 0.223

[Rank 0] (epoch: 21, iters: 30080, time: 0.001, data: 0.001) , D_A: 0.297, G_A: 0.982, cycle_A: 0.193, D_B: 0.166, G_B: 0.991, cycle_B: 0.140, gp: 0.164

[Rank 0] (epoch: 21, iters: 31680, time: 0.001, data: 0.001) , D_A: 0.256, G_A: 0.919, cycle_A: 0.208, D_B: 0.113, G_B: 0.970, cycle_B: 0.182, gp: 0.111

[Rank 0] (epoch: 21, iters: 33280, time: 0.001, data: 0.001) , D_A: 0.217, G_A: 0.892, cycle_A: 0.197, D_B: 0.227, G_B: 0.982, cycle_B: 0.157, gp: 0.224

learning rate 0.0002000 -> 0.0002000
temperature tau = 0.2508
End of epoch 21 / 50 	 Time Taken: 28 sec
[Rank 0] (epoch: 22, iters: 64, time: 0.001, data: 0.001) , D_A: 0.324, G_A: 1.015, cycle_A: 0.191, D_B: 0.219, G_B: 0.940, cycle_B: 0.130, gp: 0.216

[Rank 0] (epoch: 22, iters: 1664, time: 0.001, data: 0.001) , D_A: 0.213, G_A: 0.990, cycle_A: 0.195, D_B: 0.124, G_B: 0.959, cycle_B: 0.166, gp: 0.122

[Rank 0] (epoch: 22, iters: 3264, time: 0.001, data: 0.001) , D_A: 0.211, G_A: 0.940, cycle_A: 0.190, D_B: 0.269, G_B: 0.998, cycle_B: 0.160, gp: 0.266

[Rank 0] (epoch: 22, iters: 4864, time: 0.001, data: 0.001) , D_A: 0.200, G_A: 0.996, cycle_A: 0.188, D_B: 0.194, G_B: 0.940, cycle_B: 0.141, gp: 0.190

[Rank 0] (epoch: 22, iters: 6464, time: 0.001, data: 0.001) , D_A: 0.341, G_A: 0.952, cycle_A: 0.189, D_B: 0.113, G_B: 0.968, cycle_B: 0.152, gp: 0.111

[Rank 0] (epoch: 22, iters: 8064, time: 0.001, data: 0.001) , D_A: 0.231, G_A: 0.952, cycle_A: 0.191, D_B: 0.241, G_B: 0.962, cycle_B: 0.151, gp: 0.238

[Rank 0] (epoch: 22, iters: 9664, time: 0.001, data: 0.001) , D_A: 0.247, G_A: 0.944, cycle_A: 0.195, D_B: 0.127, G_B: 0.965, cycle_B: 0.135, gp: 0.124

[Rank 0] (epoch: 22, iters: 11264, time: 0.001, data: 0.001) , D_A: 0.201, G_A: 0.991, cycle_A: 0.193, D_B: 0.256, G_B: 1.009, cycle_B: 0.152, gp: 0.253

[Rank 0] (epoch: 22, iters: 12864, time: 0.001, data: 0.001) , D_A: 0.194, G_A: 1.026, cycle_A: 0.193, D_B: 0.168, G_B: 0.989, cycle_B: 0.164, gp: 0.166

[Rank 0] (epoch: 22, iters: 14464, time: 0.001, data: 0.001) , D_A: 0.224, G_A: 1.088, cycle_A: 0.188, D_B: 0.261, G_B: 0.990, cycle_B: 0.174, gp: 0.257

[Rank 0] (epoch: 22, iters: 16064, time: 0.001, data: 0.001) , D_A: 0.294, G_A: 0.950, cycle_A: 0.187, D_B: 0.225, G_B: 0.974, cycle_B: 0.142, gp: 0.223

[Rank 0] (epoch: 22, iters: 17664, time: 0.001, data: 0.001) , D_A: 0.285, G_A: 0.950, cycle_A: 0.190, D_B: 0.217, G_B: 1.006, cycle_B: 0.147, gp: 0.213

[Rank 0] (epoch: 22, iters: 19264, time: 0.001, data: 0.001) , D_A: 0.282, G_A: 0.961, cycle_A: 0.193, D_B: 0.315, G_B: 0.958, cycle_B: 0.131, gp: 0.311

[Rank 0] (epoch: 22, iters: 20864, time: 0.001, data: 0.001) , D_A: 0.286, G_A: 1.019, cycle_A: 0.208, D_B: 0.190, G_B: 0.994, cycle_B: 0.168, gp: 0.188

[Rank 0] (epoch: 22, iters: 22464, time: 0.001, data: 0.001) , D_A: 0.199, G_A: 0.977, cycle_A: 0.198, D_B: 0.258, G_B: 0.977, cycle_B: 0.162, gp: 0.255

[Rank 0] (epoch: 22, iters: 24064, time: 0.001, data: 0.001) , D_A: 0.313, G_A: 0.961, cycle_A: 0.191, D_B: 0.221, G_B: 1.029, cycle_B: 0.155, gp: 0.218

[Rank 0] (epoch: 22, iters: 25664, time: 0.001, data: 0.001) , D_A: 0.284, G_A: 0.977, cycle_A: 0.197, D_B: 0.171, G_B: 0.956, cycle_B: 0.146, gp: 0.168

[Rank 0] (epoch: 22, iters: 27264, time: 0.001, data: 0.001) , D_A: 0.376, G_A: 1.013, cycle_A: 0.203, D_B: 0.220, G_B: 0.964, cycle_B: 0.150, gp: 0.218

--- iter tau=0.2508 ---
  cipher in : pcfehkgpspgsfnjegpqnnmkfdbpsqplnmrmnbbfnbbpefcplsrnmnbbfnbbpdnfn
  decrypted : eco d ferefrohi feshhn oalersephnsnhllohlle oceprshnhllohlleahoh
  real plain: o obsere is orse inside hornbrg informed and skolmans jammed in 
  cipher in : pfkdlbpefcplsdlpkpebpdnfnjemmprjekbncplnjnpebpgsfbkcnje mnpgjkkg
  decrypted : eo aple oceprape e leahohi nnesi  lhcephihe lefrol chi snhefi  f
  real plain: caed here ere one or o more han hose repored assming he loer fig
[Rank 0] (epoch: 22, iters: 28864, time: 0.001, data: 0.001) , D_A: 0.198, G_A: 0.968, cycle_A: 0.181, D_B: 0.285, G_B: 0.971, cycle_B: 0.141, gp: 0.283

saving the latest model (epoch 22, total_iters 760000)
[Rank 0] (epoch: 22, iters: 30464, time: 0.001, data: 0.001) , D_A: 0.268, G_A: 0.969, cycle_A: 0.197, D_B: 0.170, G_B: 0.895, cycle_B: 0.146, gp: 0.165

[Rank 0] (epoch: 22, iters: 32064, time: 0.001, data: 0.001) , D_A: 0.245, G_A: 0.899, cycle_A: 0.190, D_B: 0.144, G_B: 0.980, cycle_B: 0.153, gp: 0.142

[Rank 0] (epoch: 22, iters: 33664, time: 0.001, data: 0.001) , D_A: 0.235, G_A: 0.972, cycle_A: 0.203, D_B: 0.149, G_B: 0.979, cycle_B: 0.152, gp: 0.147

learning rate 0.0002000 -> 0.0002000
temperature tau = 0.2427
End of epoch 22 / 50 	 Time Taken: 28 sec
[Rank 0] (epoch: 23, iters: 448, time: 0.001, data: 0.001) , D_A: 0.258, G_A: 0.912, cycle_A: 0.201, D_B: 0.149, G_B: 0.944, cycle_B: 0.124, gp: 0.145

[Rank 0] (epoch: 23, iters: 2048, time: 0.001, data: 0.001) , D_A: 0.180, G_A: 0.988, cycle_A: 0.193, D_B: 0.094, G_B: 0.954, cycle_B: 0.149, gp: 0.092

[Rank 0] (epoch: 23, iters: 3648, time: 0.001, data: 0.001) , D_A: 0.233, G_A: 1.003, cycle_A: 0.191, D_B: 0.245, G_B: 1.018, cycle_B: 0.135, gp: 0.242

[Rank 0] (epoch: 23, iters: 5248, time: 0.001, data: 0.001) , D_A: 0.245, G_A: 0.966, cycle_A: 0.187, D_B: 0.108, G_B: 0.991, cycle_B: 0.161, gp: 0.106

[Rank 0] (epoch: 23, iters: 6848, time: 0.001, data: 0.001) , D_A: 0.198, G_A: 0.968, cycle_A: 0.192, D_B: 0.176, G_B: 1.001, cycle_B: 0.165, gp: 0.174

[Rank 0] (epoch: 23, iters: 8448, time: 0.001, data: 0.001) , D_A: 0.267, G_A: 1.036, cycle_A: 0.189, D_B: 0.140, G_B: 1.009, cycle_B: 0.141, gp: 0.137

[Rank 0] (epoch: 23, iters: 10048, time: 0.001, data: 0.001) , D_A: 0.339, G_A: 1.291, cycle_A: 0.186, D_B: 0.253, G_B: 0.964, cycle_B: 0.129, gp: 0.251

[Rank 0] (epoch: 23, iters: 11648, time: 0.001, data: 0.001) , D_A: 0.330, G_A: 0.951, cycle_A: 0.196, D_B: 0.231, G_B: 0.979, cycle_B: 0.141, gp: 0.230

[Rank 0] (epoch: 23, iters: 13248, time: 0.001, data: 0.001) , D_A: 0.321, G_A: 0.975, cycle_A: 0.209, D_B: 0.147, G_B: 0.993, cycle_B: 0.136, gp: 0.146

[Rank 0] (epoch: 23, iters: 14848, time: 0.001, data: 0.001) , D_A: 0.284, G_A: 0.881, cycle_A: 0.197, D_B: 0.196, G_B: 0.992, cycle_B: 0.177, gp: 0.193

[Rank 0] (epoch: 23, iters: 16448, time: 0.001, data: 0.001) , D_A: 0.179, G_A: 0.993, cycle_A: 0.195, D_B: 0.118, G_B: 0.957, cycle_B: 0.164, gp: 0.116

[Rank 0] (epoch: 23, iters: 18048, time: 0.001, data: 0.001) , D_A: 0.210, G_A: 0.911, cycle_A: 0.183, D_B: 0.225, G_B: 0.901, cycle_B: 0.156, gp: 0.220

[Rank 0] (epoch: 23, iters: 19648, time: 0.001, data: 0.001) , D_A: 0.152, G_A: 0.940, cycle_A: 0.200, D_B: 0.163, G_B: 1.010, cycle_B: 0.154, gp: 0.158

[Rank 0] (epoch: 23, iters: 21248, time: 0.001, data: 0.001) , D_A: 0.257, G_A: 0.987, cycle_A: 0.212, D_B: 0.152, G_B: 0.972, cycle_B: 0.162, gp: 0.148

[Rank 0] (epoch: 23, iters: 22848, time: 0.001, data: 0.001) , D_A: 0.204, G_A: 0.946, cycle_A: 0.184, D_B: 0.275, G_B: 0.990, cycle_B: 0.143, gp: 0.274

[Rank 0] (epoch: 23, iters: 24448, time: 0.001, data: 0.001) , D_A: 0.276, G_A: 0.990, cycle_A: 0.187, D_B: 0.145, G_B: 1.020, cycle_B: 0.146, gp: 0.143

[Rank 0] (epoch: 23, iters: 26048, time: 0.001, data: 0.001) , D_A: 0.251, G_A: 1.001, cycle_A: 0.190, D_B: 0.251, G_B: 1.006, cycle_B: 0.154, gp: 0.249

[Rank 0] (epoch: 23, iters: 27648, time: 0.001, data: 0.001) , D_A: 0.176, G_A: 0.950, cycle_A: 0.188, D_B: 0.230, G_B: 1.006, cycle_B: 0.150, gp: 0.228

[Rank 0] (epoch: 23, iters: 29248, time: 0.001, data: 0.001) , D_A: 0.283, G_A: 0.941, cycle_A: 0.199, D_B: 0.087, G_B: 1.003, cycle_B: 0.141, gp: 0.085

[Rank 0] (epoch: 23, iters: 30848, time: 0.001, data: 0.001) , D_A: 0.267, G_A: 0.994, cycle_A: 0.194, D_B: 0.203, G_B: 0.991, cycle_B: 0.138, gp: 0.201

[Rank 0] (epoch: 23, iters: 32448, time: 0.001, data: 0.001) , D_A: 0.159, G_A: 0.989, cycle_A: 0.193, D_B: 0.170, G_B: 0.992, cycle_B: 0.166, gp: 0.167

--- iter tau=0.2427 ---
  cipher in : gksfpebpremhnjpgsmcpgshhkpbglpepbgsjkfdpbegjkmndnplnjnpebplsrnpm
  decrypted : f roe les ndmiefrncefrdd elfge elfri oael fi nmamegmime legrsmen
  real plain:  nearl leel areas are reqired for parking areas beaches camp are
  cipher in : pkpeggsjckfdmpjnqbncpspebbhnpijkbckgksfplnjnrsfplnpgemkqsjfkepbr
  decrypted : e e ffric oaneimslmcere lldme i lc f roegmimsroegmef n srio  els
  real plain:  home he sa he figre of a man in a poncho coming p he compan sre
[Rank 0] (epoch: 23, iters: 34048, time: 0.001, data: 0.001) , D_A: 0.136, G_A: 0.953, cycle_A: 0.199, D_B: 0.200, G_B: 0.995, cycle_B: 0.147, gp: 0.199

saving the latest model (epoch 23, total_iters 800000)
learning rate 0.0002000 -> 0.0002000
temperature tau = 0.2349
End of epoch 23 / 50 	 Time Taken: 28 sec
[Rank 0] (epoch: 24, iters: 832, time: 0.001, data: 0.001) , D_A: 0.210, G_A: 1.046, cycle_A: 0.198, D_B: 0.213, G_B: 1.011, cycle_B: 0.142, gp: 0.211

[Rank 0] (epoch: 24, iters: 2432, time: 0.001, data: 0.000) , D_A: 0.216, G_A: 0.981, cycle_A: 0.190, D_B: 0.284, G_B: 1.000, cycle_B: 0.150, gp: 0.281

[Rank 0] (epoch: 24, iters: 4032, time: 0.001, data: 0.001) , D_A: 0.281, G_A: 0.871, cycle_A: 0.192, D_B: 0.203, G_B: 0.929, cycle_B: 0.131, gp: 0.201

[Rank 0] (epoch: 24, iters: 5632, time: 0.001, data: 0.001) , D_A: 0.271, G_A: 1.031, cycle_A: 0.182, D_B: 0.173, G_B: 0.973, cycle_B: 0.158, gp: 0.171

[Rank 0] (epoch: 24, iters: 7232, time: 0.001, data: 0.001) , D_A: 0.220, G_A: 0.985, cycle_A: 0.193, D_B: 0.195, G_B: 1.052, cycle_B: 0.159, gp: 0.189

[Rank 0] (epoch: 24, iters: 8832, time: 0.001, data: 0.001) , D_A: 0.244, G_A: 0.992, cycle_A: 0.194, D_B: 0.156, G_B: 0.967, cycle_B: 0.138, gp: 0.154

[Rank 0] (epoch: 24, iters: 10432, time: 0.001, data: 0.001) , D_A: 0.287, G_A: 0.932, cycle_A: 0.192, D_B: 0.192, G_B: 1.039, cycle_B: 0.134, gp: 0.189

[Rank 0] (epoch: 24, iters: 12032, time: 0.001, data: 0.001) , D_A: 0.243, G_A: 0.916, cycle_A: 0.196, D_B: 0.220, G_B: 1.005, cycle_B: 0.154, gp: 0.218

[Rank 0] (epoch: 24, iters: 13632, time: 0.001, data: 0.001) , D_A: 0.267, G_A: 0.935, cycle_A: 0.194, D_B: 0.223, G_B: 0.990, cycle_B: 0.159, gp: 0.221

[Rank 0] (epoch: 24, iters: 15232, time: 0.001, data: 0.001) , D_A: 0.234, G_A: 0.948, cycle_A: 0.205, D_B: 0.204, G_B: 1.002, cycle_B: 0.159, gp: 0.201

[Rank 0] (epoch: 24, iters: 16832, time: 0.001, data: 0.001) , D_A: 0.212, G_A: 0.973, cycle_A: 0.201, D_B: 0.149, G_B: 1.019, cycle_B: 0.146, gp: 0.148

[Rank 0] (epoch: 24, iters: 18432, time: 0.001, data: 0.001) , D_A: 0.201, G_A: 1.000, cycle_A: 0.187, D_B: 0.166, G_B: 0.982, cycle_B: 0.134, gp: 0.164

[Rank 0] (epoch: 24, iters: 20032, time: 0.001, data: 0.001) , D_A: 0.233, G_A: 0.985, cycle_A: 0.206, D_B: 0.197, G_B: 0.991, cycle_B: 0.153, gp: 0.195

[Rank 0] (epoch: 24, iters: 21632, time: 0.001, data: 0.001) , D_A: 0.190, G_A: 0.953, cycle_A: 0.195, D_B: 0.202, G_B: 1.007, cycle_B: 0.144, gp: 0.200

[Rank 0] (epoch: 24, iters: 23232, time: 0.001, data: 0.001) , D_A: 0.254, G_A: 1.011, cycle_A: 0.183, D_B: 0.280, G_B: 0.925, cycle_B: 0.149, gp: 0.278

[Rank 0] (epoch: 24, iters: 24832, time: 0.001, data: 0.001) , D_A: 0.202, G_A: 0.992, cycle_A: 0.192, D_B: 0.122, G_B: 1.014, cycle_B: 0.135, gp: 0.119

[Rank 0] (epoch: 24, iters: 26432, time: 0.001, data: 0.001) , D_A: 0.311, G_A: 0.982, cycle_A: 0.196, D_B: 0.183, G_B: 0.987, cycle_B: 0.145, gp: 0.181

[Rank 0] (epoch: 24, iters: 28032, time: 0.001, data: 0.001) , D_A: 0.276, G_A: 0.993, cycle_A: 0.201, D_B: 0.205, G_B: 1.002, cycle_B: 0.133, gp: 0.203

[Rank 0] (epoch: 24, iters: 29632, time: 0.001, data: 0.001) , D_A: 0.183, G_A: 0.948, cycle_A: 0.198, D_B: 0.137, G_B: 1.002, cycle_B: 0.141, gp: 0.136

[Rank 0] (epoch: 24, iters: 31232, time: 0.001, data: 0.001) , D_A: 0.203, G_A: 0.946, cycle_A: 0.195, D_B: 0.196, G_B: 1.063, cycle_B: 0.136, gp: 0.191

[Rank 0] (epoch: 24, iters: 32832, time: 0.001, data: 0.001) , D_A: 0.149, G_A: 1.003, cycle_A: 0.197, D_B: 0.197, G_B: 0.973, cycle_B: 0.177, gp: 0.196

[Rank 0] (epoch: 24, iters: 34432, time: 0.001, data: 0.001) , D_A: 0.169, G_A: 1.039, cycle_A: 0.202, D_B: 0.174, G_B: 0.915, cycle_B: 0.156, gp: 0.171

learning rate 0.0002000 -> 0.0002000
temperature tau = 0.2273
End of epoch 24 / 50 	 Time Taken: 32 sec
[Rank 0] (epoch: 25, iters: 1216, time: 0.001, data: 0.001) , D_A: 0.101, G_A: 0.981, cycle_A: 0.203, D_B: 0.171, G_B: 0.964, cycle_B: 0.158, gp: 0.168

[Rank 0] (epoch: 25, iters: 2816, time: 0.001, data: 0.001) , D_A: 0.227, G_A: 0.913, cycle_A: 0.186, D_B: 0.213, G_B: 1.054, cycle_B: 0.149, gp: 0.209

--- iter tau=0.2273 ---
  cipher in : gmejkncpefcpbsprjsqsfcmpnbjefdncpqjshplnpgsfnfksfempqsjhbpkfplkg
  decrypted : fn i mce ocelresirsrocnemli oamcesirdegmefromo ro nesridle oeg f
  real plain: n pes of reacors is discssed in he ne chaper he objecie fncion i
  cipher in : qpejjedsfpgebpepbrnmmpsqpcnmkdlpebphglpecspjfncpbnjksbplkmnplnpk
  decrypted : se ii aroef le elsmnnersecmn age ledfge creiomcelmi rleg nmegme 
  real plain: held he papers agains he herd hem noes and morgages ere spoken o
[Rank 0] (epoch: 25, iters: 4416, time: 0.001, data: 0.001) , D_A: 0.132, G_A: 1.027, cycle_A: 0.183, D_B: 0.203, G_B: 1.012, cycle_B: 0.151, gp: 0.198

saving the latest model (epoch 25, total_iters 840000)
[Rank 0] (epoch: 25, iters: 6016, time: 0.001, data: 0.001) , D_A: 0.268, G_A: 0.994, cycle_A: 0.224, D_B: 0.194, G_B: 0.945, cycle_B: 0.155, gp: 0.191

[Rank 0] (epoch: 25, iters: 7616, time: 0.001, data: 0.001) , D_A: 0.241, G_A: 0.993, cycle_A: 0.191, D_B: 0.189, G_B: 0.957, cycle_B: 0.162, gp: 0.188

[Rank 0] (epoch: 25, iters: 9216, time: 0.001, data: 0.001) , D_A: 0.174, G_A: 0.999, cycle_A: 0.189, D_B: 0.231, G_B: 1.028, cycle_B: 0.152, gp: 0.227

[Rank 0] (epoch: 25, iters: 10816, time: 0.001, data: 0.001) , D_A: 0.215, G_A: 0.976, cycle_A: 0.179, D_B: 0.238, G_B: 1.040, cycle_B: 0.151, gp: 0.235

[Rank 0] (epoch: 25, iters: 12416, time: 0.001, data: 0.001) , D_A: 0.348, G_A: 1.001, cycle_A: 0.188, D_B: 0.262, G_B: 0.980, cycle_B: 0.152, gp: 0.260

[Rank 0] (epoch: 25, iters: 14016, time: 0.001, data: 0.001) , D_A: 0.331, G_A: 0.959, cycle_A: 0.185, D_B: 0.248, G_B: 1.009, cycle_B: 0.138, gp: 0.246

[Rank 0] (epoch: 25, iters: 15616, time: 0.001, data: 0.001) , D_A: 0.270, G_A: 0.962, cycle_A: 0.185, D_B: 0.197, G_B: 1.027, cycle_B: 0.136, gp: 0.193

[Rank 0] (epoch: 25, iters: 17216, time: 0.001, data: 0.001) , D_A: 0.226, G_A: 1.070, cycle_A: 0.203, D_B: 0.249, G_B: 0.952, cycle_B: 0.176, gp: 0.247

[Rank 0] (epoch: 25, iters: 18816, time: 0.001, data: 0.001) , D_A: 0.170, G_A: 0.952, cycle_A: 0.196, D_B: 0.214, G_B: 0.952, cycle_B: 0.165, gp: 0.212

[Rank 0] (epoch: 25, iters: 20416, time: 0.001, data: 0.001) , D_A: 0.329, G_A: 1.148, cycle_A: 0.185, D_B: 0.317, G_B: 0.948, cycle_B: 0.176, gp: 0.315

[Rank 0] (epoch: 25, iters: 22016, time: 0.001, data: 0.001) , D_A: 0.229, G_A: 0.983, cycle_A: 0.182, D_B: 0.170, G_B: 1.005, cycle_B: 0.138, gp: 0.168

[Rank 0] (epoch: 25, iters: 23616, time: 0.001, data: 0.001) , D_A: 0.216, G_A: 0.925, cycle_A: 0.178, D_B: 0.127, G_B: 1.011, cycle_B: 0.145, gp: 0.125

[Rank 0] (epoch: 25, iters: 25216, time: 0.001, data: 0.001) , D_A: 0.163, G_A: 1.029, cycle_A: 0.184, D_B: 0.181, G_B: 0.968, cycle_B: 0.140, gp: 0.179

[Rank 0] (epoch: 25, iters: 26816, time: 0.001, data: 0.001) , D_A: 0.210, G_A: 1.038, cycle_A: 0.179, D_B: 0.206, G_B: 0.961, cycle_B: 0.144, gp: 0.204

[Rank 0] (epoch: 25, iters: 28416, time: 0.001, data: 0.001) , D_A: 0.162, G_A: 0.986, cycle_A: 0.188, D_B: 0.274, G_B: 0.084, cycle_B: 0.147, gp: 0.127

[Rank 0] (epoch: 25, iters: 30016, time: 0.001, data: 0.001) , D_A: 0.263, G_A: 0.992, cycle_A: 0.185, D_B: 0.156, G_B: 0.977, cycle_B: 0.137, gp: 0.153

[Rank 0] (epoch: 25, iters: 31616, time: 0.001, data: 0.001) , D_A: 0.228, G_A: 1.021, cycle_A: 0.187, D_B: 0.104, G_B: 0.978, cycle_B: 0.152, gp: 0.102

[Rank 0] (epoch: 25, iters: 33216, time: 0.001, data: 0.001) , D_A: 0.231, G_A: 0.984, cycle_A: 0.188, D_B: 0.173, G_B: 0.963, cycle_B: 0.140, gp: 0.172

[Rank 0] (epoch: 25, iters: 34816, time: 0.001, data: 0.001) , D_A: 0.250, G_A: 0.899, cycle_A: 0.175, D_B: 0.248, G_B: 0.977, cycle_B: 0.133, gp: 0.246

learning rate 0.0002000 -> 0.0002000
temperature tau = 0.2200
End of epoch 25 / 50 	 Time Taken: 29 sec
[Rank 0] (epoch: 26, iters: 1600, time: 0.001, data: 0.104) , D_A: 0.276, G_A: 1.005, cycle_A: 0.183, D_B: 0.186, G_B: 0.996, cycle_B: 0.134, gp: 0.184

[Rank 0] (epoch: 26, iters: 3200, time: 0.001, data: 0.001) , D_A: 0.179, G_A: 1.008, cycle_A: 0.178, D_B: 0.177, G_B: 0.974, cycle_B: 0.152, gp: 0.176

[Rank 0] (epoch: 26, iters: 4800, time: 0.001, data: 0.001) , D_A: 0.240, G_A: 0.924, cycle_A: 0.178, D_B: 0.155, G_B: 0.972, cycle_B: 0.143, gp: 0.154

[Rank 0] (epoch: 26, iters: 6400, time: 0.001, data: 0.001) , D_A: 0.200, G_A: 0.982, cycle_A: 0.182, D_B: 0.243, G_B: 0.995, cycle_B: 0.146, gp: 0.241

[Rank 0] (epoch: 26, iters: 8000, time: 0.001, data: 0.001) , D_A: 0.181, G_A: 0.966, cycle_A: 0.178, D_B: 0.230, G_B: 0.958, cycle_B: 0.148, gp: 0.228

--- iter tau=0.2200 ---
  cipher in : pckbefgnp nnnfplnpbrkfcmnpgnfnjpefcplnpgsmhfpeprjnbbpklpefpkfglp
  decrypted : ec l ofheshhhoephels ocnhefhohie ocephefrndoe esihlle pe oe ofpe
  real plain: be discssed laer peripheral defocsing can be improed on b iliing
  cipher in : lsbnplspnjnpkfnfpsfplnprjsredeksfpsqpbmenjpkfplepnjjksjpgemmpqsj
  decrypted : prlheprehihe ohoeroephesirs a  roerseln hie oep ehii rief nnesri
  real plain: s a globeroer ho knos good food ne orleans she sas of corse ie h
[Rank 0] (epoch: 26, iters: 9600, time: 0.001, data: 0.001) , D_A: 0.268, G_A: 1.036, cycle_A: 0.186, D_B: 0.157, G_B: 0.967, cycle_B: 0.140, gp: 0.153

saving the latest model (epoch 26, total_iters 880000)
[Rank 0] (epoch: 26, iters: 11200, time: 0.001, data: 0.001) , D_A: 0.202, G_A: 1.015, cycle_A: 0.185, D_B: 0.174, G_B: 1.009, cycle_B: 0.137, gp: 0.173

[Rank 0] (epoch: 26, iters: 12800, time: 0.001, data: 0.001) , D_A: 0.295, G_A: 0.958, cycle_A: 0.191, D_B: 0.137, G_B: 0.976, cycle_B: 0.144, gp: 0.135

[Rank 0] (epoch: 26, iters: 14400, time: 0.001, data: 0.001) , D_A: 0.125, G_A: 0.930, cycle_A: 0.188, D_B: 0.186, G_B: 1.003, cycle_B: 0.147, gp: 0.185

[Rank 0] (epoch: 26, iters: 16000, time: 0.001, data: 0.001) , D_A: 0.256, G_A: 0.924, cycle_A: 0.189, D_B: 0.171, G_B: 1.013, cycle_B: 0.157, gp: 0.168

[Rank 0] (epoch: 26, iters: 17600, time: 0.001, data: 0.001) , D_A: 0.185, G_A: 0.981, cycle_A: 0.180, D_B: 0.194, G_B: 0.999, cycle_B: 0.152, gp: 0.193

[Rank 0] (epoch: 26, iters: 19200, time: 0.001, data: 0.001) , D_A: 0.167, G_A: 1.006, cycle_A: 0.181, D_B: 0.150, G_B: 1.000, cycle_B: 0.142, gp: 0.148

[Rank 0] (epoch: 26, iters: 20800, time: 0.001, data: 0.001) , D_A: 0.189, G_A: 0.953, cycle_A: 0.188, D_B: 0.248, G_B: 0.982, cycle_B: 0.155, gp: 0.246

[Rank 0] (epoch: 26, iters: 22400, time: 0.001, data: 0.001) , D_A: 0.165, G_A: 1.026, cycle_A: 0.188, D_B: 0.195, G_B: 1.007, cycle_B: 0.155, gp: 0.193

[Rank 0] (epoch: 26, iters: 24000, time: 0.001, data: 0.001) , D_A: 0.219, G_A: 0.993, cycle_A: 0.175, D_B: 0.186, G_B: 1.000, cycle_B: 0.144, gp: 0.185

[Rank 0] (epoch: 26, iters: 25600, time: 0.001, data: 0.001) , D_A: 0.197, G_A: 0.992, cycle_A: 0.184, D_B: 0.118, G_B: 0.996, cycle_B: 0.134, gp: 0.117

[Rank 0] (epoch: 26, iters: 27200, time: 0.001, data: 0.001) , D_A: 0.165, G_A: 0.989, cycle_A: 0.182, D_B: 0.128, G_B: 0.987, cycle_B: 0.152, gp: 0.126

[Rank 0] (epoch: 26, iters: 28800, time: 0.001, data: 0.001) , D_A: 0.252, G_A: 1.008, cycle_A: 0.190, D_B: 0.218, G_B: 1.006, cycle_B: 0.131, gp: 0.216

[Rank 0] (epoch: 26, iters: 30400, time: 0.001, data: 0.001) , D_A: 0.330, G_A: 1.035, cycle_A: 0.187, D_B: 0.199, G_B: 1.035, cycle_B: 0.136, gp: 0.197

[Rank 0] (epoch: 26, iters: 32000, time: 0.001, data: 0.001) , D_A: 0.208, G_A: 0.974, cycle_A: 0.187, D_B: 0.182, G_B: 0.984, cycle_B: 0.127, gp: 0.180

[Rank 0] (epoch: 26, iters: 33600, time: 0.001, data: 0.001) , D_A: 0.183, G_A: 1.033, cycle_A: 0.191, D_B: 0.174, G_B: 0.946, cycle_B: 0.142, gp: 0.172

learning rate 0.0002000 -> 0.0002000
temperature tau = 0.2129
End of epoch 26 / 50 	 Time Taken: 28 sec
[Rank 0] (epoch: 27, iters: 384, time: 0.001, data: 0.001) , D_A: 0.188, G_A: 0.974, cycle_A: 0.192, D_B: 0.163, G_B: 0.975, cycle_B: 0.130, gp: 0.161

[Rank 0] (epoch: 27, iters: 1984, time: 0.001, data: 0.002) , D_A: 0.258, G_A: 0.965, cycle_A: 0.192, D_B: 0.154, G_B: 1.007, cycle_B: 0.159, gp: 0.152

[Rank 0] (epoch: 27, iters: 3584, time: 0.001, data: 0.001) , D_A: 0.178, G_A: 1.010, cycle_A: 0.189, D_B: 0.180, G_B: 0.945, cycle_B: 0.158, gp: 0.178

[Rank 0] (epoch: 27, iters: 5184, time: 0.001, data: 0.001) , D_A: 0.138, G_A: 1.015, cycle_A: 0.187, D_B: 0.174, G_B: 0.998, cycle_B: 0.161, gp: 0.172

[Rank 0] (epoch: 27, iters: 6784, time: 0.001, data: 0.001) , D_A: 0.253, G_A: 0.931, cycle_A: 0.184, D_B: 0.166, G_B: 1.008, cycle_B: 0.150, gp: 0.165

[Rank 0] (epoch: 27, iters: 8384, time: 0.001, data: 0.001) , D_A: 0.235, G_A: 0.978, cycle_A: 0.189, D_B: 0.194, G_B: 0.985, cycle_B: 0.139, gp: 0.193

[Rank 0] (epoch: 27, iters: 9984, time: 0.001, data: 0.001) , D_A: 1.123, G_A: 0.013, cycle_A: 0.182, D_B: 0.130, G_B: 1.013, cycle_B: 0.124, gp: 0.128

[Rank 0] (epoch: 27, iters: 11584, time: 0.001, data: 0.001) , D_A: 0.223, G_A: 0.993, cycle_A: 0.194, D_B: 0.234, G_B: 0.928, cycle_B: 0.134, gp: 0.233

[Rank 0] (epoch: 27, iters: 13184, time: 0.001, data: 0.001) , D_A: 0.251, G_A: 0.984, cycle_A: 0.183, D_B: 0.227, G_B: 1.005, cycle_B: 0.109, gp: 0.226

--- iter tau=0.2129 ---
  cipher in : ebbjefgnpsplnpnmngsjenpsmcplenpgebncpbpeprjsqsfcphsjempblsgape s
  decrypted :  lli ofmerepmemnmfri merncep mef lmcele esirsrocedri nelprfne sr
  real plain: is forehead and hen more igorosl beeen his legs he belched he sr
  cipher in : knmbpsfplnpbrrsjkfdpgsmhfpsprsbkksfplnpcjkmmp kpkfbnecpsqplnpsja
  decrypted :  mnleroepmelssri oaefrndoeresrl  roepmeci nnes e olm cersepmerin
  real plain: l session i ill reall hro his adminisraion ino a scramble cerain
[Rank 0] (epoch: 27, iters: 14784, time: 0.001, data: 0.001) , D_A: 0.238, G_A: 0.989, cycle_A: 0.186, D_B: 0.136, G_B: 0.972, cycle_B: 0.145, gp: 0.134

saving the latest model (epoch 27, total_iters 920000)
[Rank 0] (epoch: 27, iters: 16384, time: 0.001, data: 0.001) , D_A: 0.261, G_A: 0.966, cycle_A: 0.175, D_B: 0.191, G_B: 1.045, cycle_B: 0.110, gp: 0.188

[Rank 0] (epoch: 27, iters: 17984, time: 0.001, data: 0.001) , D_A: 0.239, G_A: 0.962, cycle_A: 0.180, D_B: 0.284, G_B: 0.970, cycle_B: 0.108, gp: 0.282

[Rank 0] (epoch: 27, iters: 19584, time: 0.001, data: 0.001) , D_A: 0.214, G_A: 0.983, cycle_A: 0.180, D_B: 0.198, G_B: 1.051, cycle_B: 0.113, gp: 0.194

[Rank 0] (epoch: 27, iters: 21184, time: 0.001, data: 0.001) , D_A: 0.273, G_A: 0.964, cycle_A: 0.182, D_B: 0.135, G_B: 0.990, cycle_B: 0.117, gp: 0.134

[Rank 0] (epoch: 27, iters: 22784, time: 0.001, data: 0.001) , D_A: 0.129, G_A: 0.984, cycle_A: 0.172, D_B: 0.188, G_B: 1.019, cycle_B: 0.107, gp: 0.187

[Rank 0] (epoch: 27, iters: 24384, time: 0.001, data: 0.001) , D_A: 0.176, G_A: 0.980, cycle_A: 0.192, D_B: 0.158, G_B: 0.967, cycle_B: 0.105, gp: 0.157

[Rank 0] (epoch: 27, iters: 25984, time: 0.001, data: 0.001) , D_A: 0.253, G_A: 0.987, cycle_A: 0.195, D_B: 0.212, G_B: 1.070, cycle_B: 0.112, gp: 0.208

[Rank 0] (epoch: 27, iters: 27584, time: 0.001, data: 0.001) , D_A: 0.255, G_A: 0.997, cycle_A: 0.176, D_B: 0.205, G_B: 1.002, cycle_B: 0.118, gp: 0.204

[Rank 0] (epoch: 27, iters: 29184, time: 0.001, data: 0.001) , D_A: 0.271, G_A: 0.997, cycle_A: 0.185, D_B: 0.146, G_B: 1.003, cycle_B: 0.108, gp: 0.145

[Rank 0] (epoch: 27, iters: 30784, time: 0.001, data: 0.001) , D_A: 0.192, G_A: 1.000, cycle_A: 0.188, D_B: 0.137, G_B: 1.006, cycle_B: 0.116, gp: 0.135

[Rank 0] (epoch: 27, iters: 32384, time: 0.001, data: 0.001) , D_A: 0.262, G_A: 0.960, cycle_A: 0.184, D_B: 0.204, G_B: 0.992, cycle_B: 0.126, gp: 0.202

[Rank 0] (epoch: 27, iters: 33984, time: 0.001, data: 0.001) , D_A: 0.206, G_A: 0.955, cycle_A: 0.179, D_B: 0.247, G_B: 0.977, cycle_B: 0.110, gp: 0.246

learning rate 0.0002000 -> 0.0002000
temperature tau = 0.2060
End of epoch 27 / 50 	 Time Taken: 28 sec
[Rank 0] (epoch: 28, iters: 768, time: 0.001, data: 0.001) , D_A: 0.316, G_A: 0.946, cycle_A: 0.185, D_B: 0.048, G_B: 1.014, cycle_B: 0.099, gp: 0.047

[Rank 0] (epoch: 28, iters: 2368, time: 0.001, data: 0.000) , D_A: 0.235, G_A: 0.945, cycle_A: 0.179, D_B: 0.146, G_B: 0.992, cycle_B: 0.105, gp: 0.143

[Rank 0] (epoch: 28, iters: 3968, time: 0.001, data: 0.001) , D_A: 0.237, G_A: 0.969, cycle_A: 0.184, D_B: 0.150, G_B: 0.989, cycle_B: 0.089, gp: 0.148

[Rank 0] (epoch: 28, iters: 5568, time: 0.001, data: 0.001) , D_A: 0.260, G_A: 0.958, cycle_A: 0.177, D_B: 0.191, G_B: 0.998, cycle_B: 0.112, gp: 0.188

[Rank 0] (epoch: 28, iters: 7168, time: 0.001, data: 0.001) , D_A: 0.232, G_A: 1.005, cycle_A: 0.191, D_B: 0.200, G_B: 0.979, cycle_B: 0.110, gp: 0.197

[Rank 0] (epoch: 28, iters: 8768, time: 0.001, data: 0.001) , D_A: 0.233, G_A: 0.881, cycle_A: 0.186, D_B: 0.173, G_B: 0.948, cycle_B: 0.108, gp: 0.170

[Rank 0] (epoch: 28, iters: 10368, time: 0.001, data: 0.001) , D_A: 0.131, G_A: 0.922, cycle_A: 0.189, D_B: 0.172, G_B: 0.975, cycle_B: 0.111, gp: 0.171

[Rank 0] (epoch: 28, iters: 11968, time: 0.001, data: 0.001) , D_A: 0.176, G_A: 0.965, cycle_A: 0.183, D_B: 0.213, G_B: 0.999, cycle_B: 0.112, gp: 0.211

[Rank 0] (epoch: 28, iters: 13568, time: 0.001, data: 0.001) , D_A: 0.194, G_A: 0.994, cycle_A: 0.183, D_B: 0.169, G_B: 0.972, cycle_B: 0.117, gp: 0.167

[Rank 0] (epoch: 28, iters: 15168, time: 0.001, data: 0.001) , D_A: 0.251, G_A: 0.983, cycle_A: 0.180, D_B: 0.200, G_B: 0.995, cycle_B: 0.112, gp: 0.198

[Rank 0] (epoch: 28, iters: 16768, time: 0.001, data: 0.001) , D_A: 0.237, G_A: 0.919, cycle_A: 0.184, D_B: 0.168, G_B: 0.972, cycle_B: 0.115, gp: 0.166

[Rank 0] (epoch: 28, iters: 18368, time: 0.001, data: 0.001) , D_A: 0.205, G_A: 1.000, cycle_A: 0.177, D_B: 0.192, G_B: 1.010, cycle_B: 0.099, gp: 0.191

--- iter tau=0.2060 ---
  cipher in : flbpfkmplnpgkbp sejcpsqplsbrkembpmkqncplnp efpsfp kjlgsfjsmplnje
  decrypted : opleo nepmef lesr icerseprls  nlen smcepmes oeroes ipfroirnepmi 
  real plain: donnell roe his essa reeal no sch simple aide oard he soh if he 
  cipher in : efcpnqqkgknfgplnjnpnjnpssmbpe sp plnpnjnpfnempanrplnjnpebpfspgsf
  decrypted :  ocemss f mofepmimemimerrnle sresepmemimeom nenmsepmime leorefro
  real plain: or speech las nigh js ho o sand on he qesion good replied he sen
[Rank 0] (epoch: 28, iters: 19968, time: 0.001, data: 0.001) , D_A: 0.218, G_A: 0.993, cycle_A: 0.188, D_B: 0.182, G_B: 0.968, cycle_B: 0.108, gp: 0.179

saving the latest model (epoch 28, total_iters 960000)
[Rank 0] (epoch: 28, iters: 21568, time: 0.001, data: 0.001) , D_A: 0.223, G_A: 0.994, cycle_A: 0.184, D_B: 0.255, G_B: 1.004, cycle_B: 0.099, gp: 0.253

[Rank 0] (epoch: 28, iters: 23168, time: 0.001, data: 0.001) , D_A: 0.305, G_A: 0.995, cycle_A: 0.185, D_B: 0.317, G_B: 0.968, cycle_B: 0.101, gp: 0.315

[Rank 0] (epoch: 28, iters: 24768, time: 0.001, data: 0.001) , D_A: 0.213, G_A: 0.953, cycle_A: 0.182, D_B: 0.181, G_B: 0.999, cycle_B: 0.095, gp: 0.179

[Rank 0] (epoch: 28, iters: 26368, time: 0.001, data: 0.001) , D_A: 0.176, G_A: 0.939, cycle_A: 0.182, D_B: 0.206, G_B: 1.018, cycle_B: 0.111, gp: 0.205

[Rank 0] (epoch: 28, iters: 27968, time: 0.001, data: 0.001) , D_A: 0.194, G_A: 0.975, cycle_A: 0.189, D_B: 0.136, G_B: 0.982, cycle_B: 0.100, gp: 0.133

[Rank 0] (epoch: 28, iters: 29568, time: 0.001, data: 0.001) , D_A: 0.185, G_A: 1.008, cycle_A: 0.184, D_B: 0.124, G_B: 0.991, cycle_B: 0.105, gp: 0.122

[Rank 0] (epoch: 28, iters: 31168, time: 0.001, data: 0.001) , D_A: 0.197, G_A: 0.949, cycle_A: 0.177, D_B: 0.176, G_B: 1.023, cycle_B: 0.110, gp: 0.175

[Rank 0] (epoch: 28, iters: 32768, time: 0.001, data: 0.001) , D_A: 0.154, G_A: 0.955, cycle_A: 0.189, D_B: 0.206, G_B: 0.988, cycle_B: 0.116, gp: 0.205

[Rank 0] (epoch: 28, iters: 34368, time: 0.001, data: 0.001) , D_A: 0.276, G_A: 0.999, cycle_A: 0.185, D_B: 0.142, G_B: 1.003, cycle_B: 0.099, gp: 0.141

learning rate 0.0002000 -> 0.0002000
temperature tau = 0.1993
End of epoch 28 / 50 	 Time Taken: 28 sec
[Rank 0] (epoch: 29, iters: 1152, time: 0.001, data: 0.001) , D_A: 0.284, G_A: 0.921, cycle_A: 0.182, D_B: 0.100, G_B: 1.003, cycle_B: 0.108, gp: 0.099

[Rank 0] (epoch: 29, iters: 2752, time: 0.001, data: 0.001) , D_A: 0.234, G_A: 0.999, cycle_A: 0.184, D_B: 0.147, G_B: 0.978, cycle_B: 0.103, gp: 0.146

[Rank 0] (epoch: 29, iters: 4352, time: 0.001, data: 0.001) , D_A: 0.207, G_A: 1.000, cycle_A: 0.186, D_B: 0.190, G_B: 0.966, cycle_B: 0.110, gp: 0.189

[Rank 0] (epoch: 29, iters: 5952, time: 0.001, data: 0.001) , D_A: 0.193, G_A: 0.992, cycle_A: 0.184, D_B: 0.259, G_B: 0.999, cycle_B: 0.109, gp: 0.258

[Rank 0] (epoch: 29, iters: 7552, time: 0.001, data: 0.001) , D_A: 0.174, G_A: 1.008, cycle_A: 0.179, D_B: 0.220, G_B: 1.029, cycle_B: 0.113, gp: 0.218

[Rank 0] (epoch: 29, iters: 9152, time: 0.001, data: 0.001) , D_A: 0.216, G_A: 1.022, cycle_A: 0.181, D_B: 0.237, G_B: 1.009, cycle_B: 0.100, gp: 0.235

[Rank 0] (epoch: 29, iters: 10752, time: 0.001, data: 0.001) , D_A: 0.206, G_A: 1.022, cycle_A: 0.174, D_B: 0.152, G_B: 0.974, cycle_B: 0.097, gp: 0.150

[Rank 0] (epoch: 29, iters: 12352, time: 0.001, data: 0.001) , D_A: 0.218, G_A: 0.944, cycle_A: 0.182, D_B: 0.152, G_B: 0.989, cycle_B: 0.105, gp: 0.150

[Rank 0] (epoch: 29, iters: 13952, time: 0.001, data: 0.001) , D_A: 0.255, G_A: 1.021, cycle_A: 0.180, D_B: 0.245, G_B: 0.982, cycle_B: 0.108, gp: 0.244

[Rank 0] (epoch: 29, iters: 15552, time: 0.001, data: 0.001) , D_A: 0.167, G_A: 0.952, cycle_A: 0.180, D_B: 0.196, G_B: 0.996, cycle_B: 0.100, gp: 0.194

[Rank 0] (epoch: 29, iters: 17152, time: 0.001, data: 0.001) , D_A: 0.248, G_A: 0.968, cycle_A: 0.188, D_B: 0.107, G_B: 1.006, cycle_B: 0.100, gp: 0.106

[Rank 0] (epoch: 29, iters: 18752, time: 0.001, data: 0.001) , D_A: 0.207, G_A: 0.916, cycle_A: 0.187, D_B: 0.146, G_B: 0.995, cycle_B: 0.105, gp: 0.145

[Rank 0] (epoch: 29, iters: 20352, time: 0.001, data: 0.001) , D_A: 0.168, G_A: 0.976, cycle_A: 0.181, D_B: 0.279, G_B: 1.019, cycle_B: 0.109, gp: 0.277

[Rank 0] (epoch: 29, iters: 21952, time: 0.001, data: 0.001) , D_A: 0.095, G_A: 0.956, cycle_A: 0.176, D_B: 0.188, G_B: 0.995, cycle_B: 0.109, gp: 0.186

[Rank 0] (epoch: 29, iters: 23552, time: 0.001, data: 0.001) , D_A: 0.100, G_A: 0.955, cycle_A: 0.190, D_B: 0.202, G_B: 0.976, cycle_B: 0.109, gp: 0.199

--- iter tau=0.1993 ---
  cipher in : jncplnp emkfdp kmmkanfbpmebpfkdlpbrneanjbpepepkrsqqpgm pckffnjpc
  decrypted : imcegmes n oaes nn nmolen leo agelsm nmile e e srssefnsec oomiec
  real plain: e incesos loe of he man pal morel someimes repels is eas o see h
  cipher in : geksfncpmenpisfnbpgehnpsejcplnhpqebpfspemsfdplnpbslnjfpsnpsqplnp
  decrypted : f  romcen mejromlef dmer icegmdes leore nroaegmelrgmioermersegme
  real plain: n of degree af or less af hs f saisfies af if and onl if f has h
[Rank 0] (epoch: 29, iters: 25152, time: 0.001, data: 0.001) , D_A: 0.162, G_A: 0.964, cycle_A: 0.186, D_B: 0.238, G_B: 0.983, cycle_B: 0.105, gp: 0.236

saving the latest model (epoch 29, total_iters 1000000)
[Rank 0] (epoch: 29, iters: 26752, time: 0.001, data: 0.001) , D_A: 0.129, G_A: 0.967, cycle_A: 0.182, D_B: 0.109, G_B: 1.014, cycle_B: 0.105, gp: 0.108

[Rank 0] (epoch: 29, iters: 28352, time: 0.001, data: 0.001) , D_A: 0.169, G_A: 0.986, cycle_A: 0.177, D_B: 0.218, G_B: 1.058, cycle_B: 0.112, gp: 0.216

[Rank 0] (epoch: 29, iters: 29952, time: 0.001, data: 0.001) , D_A: 0.176, G_A: 0.994, cycle_A: 0.191, D_B: 0.175, G_B: 0.951, cycle_B: 0.111, gp: 0.174

[Rank 0] (epoch: 29, iters: 31552, time: 0.001, data: 0.001) , D_A: 0.192, G_A: 0.976, cycle_A: 0.186, D_B: 0.297, G_B: 0.996, cycle_B: 0.107, gp: 0.296

[Rank 0] (epoch: 29, iters: 33152, time: 0.001, data: 0.001) , D_A: 0.209, G_A: 0.938, cycle_A: 0.174, D_B: 0.160, G_B: 1.041, cycle_B: 0.110, gp: 0.155

[Rank 0] (epoch: 29, iters: 34752, time: 0.001, data: 0.001) , D_A: 0.213, G_A: 0.988, cycle_A: 0.183, D_B: 0.173, G_B: 0.932, cycle_B: 0.106, gp: 0.170

learning rate 0.0002000 -> 0.0002000
temperature tau = 0.1929
End of epoch 29 / 50 	 Time Taken: 28 sec
[Rank 0] (epoch: 30, iters: 1536, time: 0.001, data: 0.001) , D_A: 0.174, G_A: 0.993, cycle_A: 0.193, D_B: 0.230, G_B: 1.013, cycle_B: 0.114, gp: 0.228

[Rank 0] (epoch: 30, iters: 3136, time: 0.001, data: 0.001) , D_A: 0.154, G_A: 1.018, cycle_A: 0.190, D_B: 0.236, G_B: 0.907, cycle_B: 0.111, gp: 0.231

[Rank 0] (epoch: 30, iters: 4736, time: 0.001, data: 0.001) , D_A: 0.249, G_A: 0.959, cycle_A: 0.186, D_B: 0.149, G_B: 0.996, cycle_B: 0.108, gp: 0.147

[Rank 0] (epoch: 30, iters: 6336, time: 0.001, data: 0.001) , D_A: 0.261, G_A: 1.009, cycle_A: 0.185, D_B: 0.244, G_B: 0.970, cycle_B: 0.103, gp: 0.242

[Rank 0] (epoch: 30, iters: 7936, time: 0.001, data: 0.001) , D_A: 0.298, G_A: 1.001, cycle_A: 0.179, D_B: 0.227, G_B: 0.998, cycle_B: 0.100, gp: 0.226

[Rank 0] (epoch: 30, iters: 9536, time: 0.001, data: 0.001) , D_A: 0.301, G_A: 0.922, cycle_A: 0.187, D_B: 0.103, G_B: 1.000, cycle_B: 0.101, gp: 0.101

[Rank 0] (epoch: 30, iters: 11136, time: 0.001, data: 0.001) , D_A: 0.196, G_A: 0.983, cycle_A: 0.187, D_B: 0.180, G_B: 1.029, cycle_B: 0.097, gp: 0.178

[Rank 0] (epoch: 30, iters: 12736, time: 0.001, data: 0.001) , D_A: 0.187, G_A: 0.977, cycle_A: 0.189, D_B: 0.162, G_B: 1.027, cycle_B: 0.111, gp: 0.160

[Rank 0] (epoch: 30, iters: 14336, time: 0.001, data: 0.001) , D_A: 0.224, G_A: 1.039, cycle_A: 0.189, D_B: 0.151, G_B: 0.952, cycle_B: 0.102, gp: 0.150

[Rank 0] (epoch: 30, iters: 15936, time: 0.001, data: 0.001) , D_A: 0.211, G_A: 0.959, cycle_A: 0.183, D_B: 0.156, G_B: 1.026, cycle_B: 0.107, gp: 0.154

[Rank 0] (epoch: 30, iters: 17536, time: 0.001, data: 0.001) , D_A: 0.135, G_A: 0.994, cycle_A: 0.191, D_B: 0.271, G_B: 0.922, cycle_B: 0.101, gp: 0.270

[Rank 0] (epoch: 30, iters: 19136, time: 0.001, data: 0.001) , D_A: 0.219, G_A: 0.976, cycle_A: 0.180, D_B: 0.258, G_B: 1.024, cycle_B: 0.105, gp: 0.255

[Rank 0] (epoch: 30, iters: 20736, time: 0.001, data: 0.001) , D_A: 0.135, G_A: 1.000, cycle_A: 0.176, D_B: 0.170, G_B: 0.991, cycle_B: 0.113, gp: 0.168

[Rank 0] (epoch: 30, iters: 22336, time: 0.001, data: 0.001) , D_A: 0.228, G_A: 0.994, cycle_A: 0.178, D_B: 0.198, G_B: 0.946, cycle_B: 0.114, gp: 0.195

[Rank 0] (epoch: 30, iters: 23936, time: 0.001, data: 0.001) , D_A: 0.192, G_A: 0.994, cycle_A: 0.185, D_B: 0.230, G_B: 0.983, cycle_B: 0.100, gp: 0.229

[Rank 0] (epoch: 30, iters: 25536, time: 0.001, data: 0.001) , D_A: 0.180, G_A: 0.998, cycle_A: 0.188, D_B: 0.205, G_B: 1.018, cycle_B: 0.107, gp: 0.204

[Rank 0] (epoch: 30, iters: 27136, time: 0.001, data: 0.001) , D_A: 0.099, G_A: 0.982, cycle_A: 0.187, D_B: 0.187, G_B: 0.996, cycle_B: 0.103, gp: 0.185

[Rank 0] (epoch: 30, iters: 28736, time: 0.001, data: 0.001) , D_A: 0.119, G_A: 0.961, cycle_A: 0.183, D_B: 0.148, G_B: 0.976, cycle_B: 0.108, gp: 0.147

--- iter tau=0.1929 ---
  cipher in : peplnpnfcpefcpqsjprejpkfplnpe mnbpr mkgeksfpefcpckbjk ksfplnprjn
  decrypted : e epmemoce ocesries ie oepme snmlessn f  roe ocec li s roepmesim
  real plain: d heir eas a of doing hings b i coldn escape an neasiness a heir
  cipher in : cpembspedlplkhpephsjnprsbkknpmnbbsfpqsjpbkpnejbphpqelnjplecplecp
  decrypted : ce nlre apep de edrimesrl  menmllroesriel em iledes pmiep cep ce
  real plain:  disdainfl shall e ge o of here leaing he card room he moed back
[Rank 0] (epoch: 30, iters: 30336, time: 0.001, data: 0.001) , D_A: 0.139, G_A: 1.023, cycle_A: 0.192, D_B: 0.170, G_B: 1.065, cycle_B: 0.105, gp: 0.167

saving the latest model (epoch 30, total_iters 1040000)
[Rank 0] (epoch: 30, iters: 31936, time: 0.001, data: 0.001) , D_A: 0.230, G_A: 0.975, cycle_A: 0.165, D_B: 0.182, G_B: 1.010, cycle_B: 0.098, gp: 0.179

[Rank 0] (epoch: 30, iters: 33536, time: 0.001, data: 0.001) , D_A: 0.297, G_A: 0.969, cycle_A: 0.185, D_B: 0.219, G_B: 0.996, cycle_B: 0.105, gp: 0.218

learning rate 0.0002000 -> 0.0002000
temperature tau = 0.1867
End of epoch 30 / 50 	 Time Taken: 28 sec
[Rank 0] (epoch: 31, iters: 320, time: 0.001, data: 0.001) , D_A: 0.180, G_A: 1.036, cycle_A: 0.183, D_B: 0.184, G_B: 1.036, cycle_B: 0.089, gp: 0.182

[Rank 0] (epoch: 31, iters: 1920, time: 0.001, data: 0.000) , D_A: 0.273, G_A: 1.011, cycle_A: 0.181, D_B: 0.160, G_B: 1.032, cycle_B: 0.099, gp: 0.159

[Rank 0] (epoch: 31, iters: 3520, time: 0.001, data: 0.001) , D_A: 0.152, G_A: 0.990, cycle_A: 0.181, D_B: 0.174, G_B: 1.058, cycle_B: 0.104, gp: 0.172

[Rank 0] (epoch: 31, iters: 5120, time: 0.001, data: 0.001) , D_A: 0.229, G_A: 0.948, cycle_A: 0.186, D_B: 0.237, G_B: 0.944, cycle_B: 0.104, gp: 0.235

[Rank 0] (epoch: 31, iters: 6720, time: 0.001, data: 0.001) , D_A: 0.245, G_A: 1.003, cycle_A: 0.181, D_B: 0.171, G_B: 1.009, cycle_B: 0.107, gp: 0.169

[Rank 0] (epoch: 31, iters: 8320, time: 0.001, data: 0.001) , D_A: 0.200, G_A: 0.976, cycle_A: 0.186, D_B: 0.191, G_B: 1.019, cycle_B: 0.116, gp: 0.189

[Rank 0] (epoch: 31, iters: 9920, time: 0.001, data: 0.001) , D_A: 0.209, G_A: 0.972, cycle_A: 0.183, D_B: 0.098, G_B: 1.059, cycle_B: 0.101, gp: 0.094

[Rank 0] (epoch: 31, iters: 11520, time: 0.001, data: 0.001) , D_A: 0.137, G_A: 0.972, cycle_A: 0.177, D_B: 0.233, G_B: 0.966, cycle_B: 0.100, gp: 0.232

[Rank 0] (epoch: 31, iters: 13120, time: 0.001, data: 0.001) , D_A: 0.231, G_A: 0.933, cycle_A: 0.190, D_B: 0.157, G_B: 1.011, cycle_B: 0.087, gp: 0.156

[Rank 0] (epoch: 31, iters: 14720, time: 0.001, data: 0.001) , D_A: 0.323, G_A: 1.055, cycle_A: 0.181, D_B: 0.145, G_B: 0.970, cycle_B: 0.103, gp: 0.143

[Rank 0] (epoch: 31, iters: 16320, time: 0.001, data: 0.001) , D_A: 0.229, G_A: 1.019, cycle_A: 0.185, D_B: 0.285, G_B: 1.032, cycle_B: 0.099, gp: 0.282

[Rank 0] (epoch: 31, iters: 17920, time: 0.001, data: 0.001) , D_A: 0.220, G_A: 0.979, cycle_A: 0.176, D_B: 0.176, G_B: 0.995, cycle_B: 0.101, gp: 0.175

[Rank 0] (epoch: 31, iters: 19520, time: 0.001, data: 0.001) , D_A: 0.174, G_A: 1.001, cycle_A: 0.183, D_B: 0.200, G_B: 1.003, cycle_B: 0.106, gp: 0.199

[Rank 0] (epoch: 31, iters: 21120, time: 0.001, data: 0.001) , D_A: 0.192, G_A: 1.022, cycle_A: 0.182, D_B: 0.172, G_B: 0.980, cycle_B: 0.101, gp: 0.170

[Rank 0] (epoch: 31, iters: 22720, time: 0.001, data: 0.001) , D_A: 0.117, G_A: 0.973, cycle_A: 0.182, D_B: 0.172, G_B: 0.925, cycle_B: 0.096, gp: 0.167

[Rank 0] (epoch: 31, iters: 24320, time: 0.001, data: 0.001) , D_A: 0.250, G_A: 0.930, cycle_A: 0.185, D_B: 0.172, G_B: 0.987, cycle_B: 0.106, gp: 0.171

[Rank 0] (epoch: 31, iters: 25920, time: 0.001, data: 0.001) , D_A: 0.213, G_A: 1.008, cycle_A: 0.186, D_B: 0.122, G_B: 1.019, cycle_B: 0.111, gp: 0.120

[Rank 0] (epoch: 31, iters: 27520, time: 0.001, data: 0.001) , D_A: 0.260, G_A: 0.988, cycle_A: 0.181, D_B: 0.239, G_B: 1.081, cycle_B: 0.105, gp: 0.235

[Rank 0] (epoch: 31, iters: 29120, time: 0.001, data: 0.001) , D_A: 0.203, G_A: 1.008, cycle_A: 0.182, D_B: 0.199, G_B: 0.998, cycle_B: 0.095, gp: 0.198

[Rank 0] (epoch: 31, iters: 30720, time: 0.001, data: 0.001) , D_A: 0.300, G_A: 1.069, cycle_A: 0.183, D_B: 0.190, G_B: 0.966, cycle_B: 0.099, gp: 0.189

[Rank 0] (epoch: 31, iters: 32320, time: 0.001, data: 0.001) , D_A: 0.224, G_A: 0.920, cycle_A: 0.180, D_B: 0.126, G_B: 0.992, cycle_B: 0.111, gp: 0.124

[Rank 0] (epoch: 31, iters: 33920, time: 0.001, data: 0.001) , D_A: 0.138, G_A: 1.033, cycle_A: 0.181, D_B: 0.157, G_B: 0.996, cycle_B: 0.110, gp: 0.155

learning rate 0.0002000 -> 0.0002000
temperature tau = 0.1806
End of epoch 31 / 50 	 Time Taken: 28 sec
--- iter tau=0.1806 ---
  cipher in : lsmejblkrprmefpsmcprjskcnpqncnjempgsfjk ksfbpspneglphnckgempefcp
  decrypted : prn ilp sesn oerncesir cmesmcmi nefroi s rolerem fpedmc f ne oce
  real plain: herspoon bles singer and a good one and he ike isaacs rio hich h
  cipher in : prnjkscpsqpkhnpkmmpgebnpdskjnpskfdpspkflk kksfpsqpljskcplsjhsfnp
  decrypted : esmi rcerse dme nnef lmear imer oaere op s  roersepir cepridrome
  real plain:  praer for he dead i cold hear alfreds oice a fe ords behind mel
[Rank 0] (epoch: 32, iters: 704, time: 0.001, data: 0.001) , D_A: 0.199, G_A: 0.978, cycle_A: 0.187, D_B: 0.167, G_B: 1.024, cycle_B: 0.104, gp: 0.166

saving the latest model (epoch 32, total_iters 1080000)
[Rank 0] (epoch: 32, iters: 2304, time: 0.001, data: 0.000) , D_A: 0.231, G_A: 0.995, cycle_A: 0.193, D_B: 0.204, G_B: 0.989, cycle_B: 0.112, gp: 0.203

[Rank 0] (epoch: 32, iters: 3904, time: 0.001, data: 0.001) , D_A: 0.205, G_A: 0.942, cycle_A: 0.189, D_B: 0.229, G_B: 0.978, cycle_B: 0.092, gp: 0.228

[Rank 0] (epoch: 32, iters: 5504, time: 0.001, data: 0.001) , D_A: 0.245, G_A: 0.959, cycle_A: 0.180, D_B: 0.278, G_B: 0.977, cycle_B: 0.100, gp: 0.276

[Rank 0] (epoch: 32, iters: 7104, time: 0.001, data: 0.001) , D_A: 0.157, G_A: 0.947, cycle_A: 0.174, D_B: 0.173, G_B: 0.992, cycle_B: 0.100, gp: 0.172

[Rank 0] (epoch: 32, iters: 8704, time: 0.001, data: 0.001) , D_A: 0.208, G_A: 1.002, cycle_A: 0.183, D_B: 0.152, G_B: 1.018, cycle_B: 0.115, gp: 0.151

[Rank 0] (epoch: 32, iters: 10304, time: 0.001, data: 0.001) , D_A: 0.224, G_A: 0.983, cycle_A: 0.186, D_B: 0.132, G_B: 0.968, cycle_B: 0.105, gp: 0.131

[Rank 0] (epoch: 32, iters: 11904, time: 0.001, data: 0.001) , D_A: 0.240, G_A: 1.018, cycle_A: 0.185, D_B: 0.223, G_B: 0.990, cycle_B: 0.100, gp: 0.221

[Rank 0] (epoch: 32, iters: 13504, time: 0.001, data: 0.001) , D_A: 0.147, G_A: 0.932, cycle_A: 0.190, D_B: 0.236, G_B: 1.025, cycle_B: 0.099, gp: 0.233

[Rank 0] (epoch: 32, iters: 15104, time: 0.001, data: 0.001) , D_A: 0.283, G_A: 1.025, cycle_A: 0.187, D_B: 0.316, G_B: 1.085, cycle_B: 0.096, gp: 0.313

[Rank 0] (epoch: 32, iters: 16704, time: 0.001, data: 0.001) , D_A: 0.141, G_A: 0.982, cycle_A: 0.186, D_B: 0.175, G_B: 1.059, cycle_B: 0.104, gp: 0.173

[Rank 0] (epoch: 32, iters: 18304, time: 0.001, data: 0.001) , D_A: 0.214, G_A: 0.971, cycle_A: 0.178, D_B: 0.163, G_B: 0.918, cycle_B: 0.095, gp: 0.161

[Rank 0] (epoch: 32, iters: 19904, time: 0.001, data: 0.001) , D_A: 0.191, G_A: 0.977, cycle_A: 0.170, D_B: 0.182, G_B: 0.989, cycle_B: 0.101, gp: 0.181

[Rank 0] (epoch: 32, iters: 21504, time: 0.001, data: 0.001) , D_A: 0.121, G_A: 1.009, cycle_A: 0.182, D_B: 0.154, G_B: 0.987, cycle_B: 0.100, gp: 0.153

[Rank 0] (epoch: 32, iters: 23104, time: 0.001, data: 0.001) , D_A: 0.180, G_A: 0.862, cycle_A: 0.177, D_B: 0.142, G_B: 0.989, cycle_B: 0.105, gp: 0.141

[Rank 0] (epoch: 32, iters: 24704, time: 0.001, data: 0.001) , D_A: 0.204, G_A: 0.965, cycle_A: 0.186, D_B: 0.125, G_B: 1.047, cycle_B: 0.102, gp: 0.123

[Rank 0] (epoch: 32, iters: 26304, time: 0.001, data: 0.001) , D_A: 0.186, G_A: 0.968, cycle_A: 0.187, D_B: 0.239, G_B: 0.966, cycle_B: 0.102, gp: 0.238

[Rank 0] (epoch: 32, iters: 27904, time: 0.001, data: 0.001) , D_A: 0.211, G_A: 1.029, cycle_A: 0.180, D_B: 0.197, G_B: 0.931, cycle_B: 0.097, gp: 0.194

[Rank 0] (epoch: 32, iters: 29504, time: 0.001, data: 0.001) , D_A: 0.189, G_A: 0.947, cycle_A: 0.180, D_B: 0.147, G_B: 0.995, cycle_B: 0.099, gp: 0.147

[Rank 0] (epoch: 32, iters: 31104, time: 0.001, data: 0.001) , D_A: 0.114, G_A: 0.959, cycle_A: 0.187, D_B: 0.120, G_B: 0.980, cycle_B: 0.101, gp: 0.119

[Rank 0] (epoch: 32, iters: 32704, time: 0.001, data: 0.001) , D_A: 0.155, G_A: 0.995, cycle_A: 0.179, D_B: 0.242, G_B: 1.012, cycle_B: 0.111, gp: 0.241

[Rank 0] (epoch: 32, iters: 34304, time: 0.001, data: 0.001) , D_A: 0.369, G_A: 1.048, cycle_A: 0.183, D_B: 0.149, G_B: 0.955, cycle_B: 0.100, gp: 0.147

learning rate 0.0002000 -> 0.0002000
temperature tau = 0.1748
End of epoch 32 / 50 	 Time Taken: 28 sec
[Rank 0] (epoch: 33, iters: 1088, time: 0.001, data: 0.001) , D_A: 0.405, G_A: 0.934, cycle_A: 0.186, D_B: 0.116, G_B: 1.067, cycle_B: 0.107, gp: 0.113

[Rank 0] (epoch: 33, iters: 2688, time: 0.001, data: 0.001) , D_A: 0.208, G_A: 0.999, cycle_A: 0.182, D_B: 0.100, G_B: 0.989, cycle_B: 0.098, gp: 0.098

[Rank 0] (epoch: 33, iters: 4288, time: 0.001, data: 0.001) , D_A: 0.224, G_A: 0.920, cycle_A: 0.180, D_B: 0.194, G_B: 0.963, cycle_B: 0.100, gp: 0.192

--- iter tau=0.1748 ---
  cipher in : qpkfplnkjprjnksbpeshmkanpbhemmfnbbplnpsmcplenpgpeepsspe jrmpkfsp
  decrypted : se oepm iesim rle rdn nmeld nnomllepmerncep mefe  erre sisne ore
  real plain: ile and mos srprising in more himself indeed i is een srprising 
  cipher in : nps bnjncpkfplnpqkjbprkgjnpeplnpafkqnpkbpibp ndkffkfdpspecefgnpk
  decrypted : merslmimce oepmes iles fime epmeno sme lejlesma oo oaere c ofme 
  real plain:  in general se he soiled fabrics sed for rapid esing of deergen 
[Rank 0] (epoch: 33, iters: 5888, time: 0.001, data: 0.001) , D_A: 0.247, G_A: 1.037, cycle_A: 0.183, D_B: 0.143, G_B: 0.882, cycle_B: 0.110, gp: 0.135

saving the latest model (epoch 33, total_iters 1120000)
[Rank 0] (epoch: 33, iters: 7488, time: 0.001, data: 0.001) , D_A: 0.202, G_A: 0.969, cycle_A: 0.177, D_B: 0.302, G_B: 0.982, cycle_B: 0.110, gp: 0.300

[Rank 0] (epoch: 33, iters: 9088, time: 0.001, data: 0.001) , D_A: 0.143, G_A: 0.994, cycle_A: 0.174, D_B: 0.113, G_B: 0.959, cycle_B: 0.098, gp: 0.110

[Rank 0] (epoch: 33, iters: 10688, time: 0.001, data: 0.001) , D_A: 0.247, G_A: 0.978, cycle_A: 0.188, D_B: 0.217, G_B: 1.010, cycle_B: 0.097, gp: 0.216

[Rank 0] (epoch: 33, iters: 12288, time: 0.001, data: 0.001) , D_A: 0.194, G_A: 0.976, cycle_A: 0.181, D_B: 0.121, G_B: 0.984, cycle_B: 0.112, gp: 0.119

[Rank 0] (epoch: 33, iters: 13888, time: 0.001, data: 0.001) , D_A: 0.192, G_A: 1.022, cycle_A: 0.182, D_B: 0.190, G_B: 0.977, cycle_B: 0.096, gp: 0.189

[Rank 0] (epoch: 33, iters: 15488, time: 0.001, data: 0.001) , D_A: 0.217, G_A: 1.039, cycle_A: 0.190, D_B: 0.293, G_B: 0.969, cycle_B: 0.094, gp: 0.291

[Rank 0] (epoch: 33, iters: 17088, time: 0.001, data: 0.001) , D_A: 0.283, G_A: 0.973, cycle_A: 0.168, D_B: 0.181, G_B: 1.023, cycle_B: 0.099, gp: 0.180

[Rank 0] (epoch: 33, iters: 18688, time: 0.001, data: 0.001) , D_A: 0.167, G_A: 0.933, cycle_A: 0.182, D_B: 0.173, G_B: 0.971, cycle_B: 0.109, gp: 0.171

[Rank 0] (epoch: 33, iters: 20288, time: 0.001, data: 0.001) , D_A: 0.199, G_A: 1.000, cycle_A: 0.185, D_B: 0.259, G_B: 0.956, cycle_B: 0.102, gp: 0.257

[Rank 0] (epoch: 33, iters: 21888, time: 0.001, data: 0.001) , D_A: 0.200, G_A: 0.954, cycle_A: 0.188, D_B: 0.176, G_B: 1.010, cycle_B: 0.105, gp: 0.174

[Rank 0] (epoch: 33, iters: 23488, time: 0.001, data: 0.001) , D_A: 0.222, G_A: 0.990, cycle_A: 0.180, D_B: 0.137, G_B: 1.037, cycle_B: 0.106, gp: 0.135

[Rank 0] (epoch: 33, iters: 25088, time: 0.001, data: 0.001) , D_A: 0.190, G_A: 1.039, cycle_A: 0.181, D_B: 0.243, G_B: 0.987, cycle_B: 0.105, gp: 0.242

[Rank 0] (epoch: 33, iters: 26688, time: 0.001, data: 0.001) , D_A: 0.212, G_A: 1.030, cycle_A: 0.179, D_B: 0.200, G_B: 0.814, cycle_B: 0.097, gp: 0.198

[Rank 0] (epoch: 33, iters: 28288, time: 0.001, data: 0.001) , D_A: 0.263, G_A: 0.918, cycle_A: 0.176, D_B: 0.091, G_B: 1.008, cycle_B: 0.105, gp: 0.090

[Rank 0] (epoch: 33, iters: 29888, time: 0.001, data: 0.001) , D_A: 0.188, G_A: 0.962, cycle_A: 0.183, D_B: 0.227, G_B: 0.963, cycle_B: 0.104, gp: 0.225

[Rank 0] (epoch: 33, iters: 31488, time: 0.001, data: 0.001) , D_A: 0.192, G_A: 0.955, cycle_A: 0.175, D_B: 0.184, G_B: 1.020, cycle_B: 0.097, gp: 0.183

[Rank 0] (epoch: 33, iters: 33088, time: 0.001, data: 0.001) , D_A: 0.221, G_A: 0.962, cycle_A: 0.176, D_B: 0.180, G_B: 1.005, cycle_B: 0.099, gp: 0.178

[Rank 0] (epoch: 33, iters: 34688, time: 0.001, data: 0.001) , D_A: 0.249, G_A: 0.940, cycle_A: 0.177, D_B: 0.269, G_B: 0.985, cycle_B: 0.098, gp: 0.268

learning rate 0.0002000 -> 0.0002000
temperature tau = 0.1691
End of epoch 33 / 50 	 Time Taken: 28 sec
[Rank 0] (epoch: 34, iters: 1472, time: 0.001, data: 0.001) , D_A: 0.171, G_A: 0.976, cycle_A: 0.190, D_B: 0.228, G_B: 0.985, cycle_B: 0.116, gp: 0.226

[Rank 0] (epoch: 34, iters: 3072, time: 0.001, data: 0.001) , D_A: 0.162, G_A: 0.975, cycle_A: 0.177, D_B: 0.186, G_B: 0.916, cycle_B: 0.099, gp: 0.185

[Rank 0] (epoch: 34, iters: 4672, time: 0.001, data: 0.001) , D_A: 0.246, G_A: 1.003, cycle_A: 0.183, D_B: 0.149, G_B: 0.987, cycle_B: 0.101, gp: 0.147

[Rank 0] (epoch: 34, iters: 6272, time: 0.001, data: 0.001) , D_A: 0.282, G_A: 1.130, cycle_A: 0.185, D_B: 0.196, G_B: 0.983, cycle_B: 0.096, gp: 0.195

[Rank 0] (epoch: 34, iters: 7872, time: 0.001, data: 0.001) , D_A: 0.146, G_A: 0.982, cycle_A: 0.177, D_B: 0.170, G_B: 1.004, cycle_B: 0.105, gp: 0.168

[Rank 0] (epoch: 34, iters: 9472, time: 0.001, data: 0.001) , D_A: 0.200, G_A: 1.014, cycle_A: 0.183, D_B: 0.166, G_B: 1.136, cycle_B: 0.107, gp: 0.157

--- iter tau=0.1691 ---
  cipher in : plkhbnmqpsfplnpbnmmkfdpenpsqpnnjprebbksfpgsfbnonfmpsfpsgs njphjb
  decrypted : ep dlmnseroepmelmnn oae mersemmies ll roefrolmbmoneroerfrsmiedil
  real plain:  all b is comprised of realiies ieed no in he concrren sensor sr
  cipher in : benbhefpsqpfsphnefpoemkknbpbljncpgemgmekfdpkfphefpebpjnemkbkgpnf
  decrypted : l mld oerseoredm oeb n  mlelpimcef nfn  oae oed oe leim n l femo
  real plain: sor accinaion rigoros camp saniaion and adeqae hospial faciliies
[Rank 0] (epoch: 34, iters: 11072, time: 0.001, data: 0.001) , D_A: 0.142, G_A: 0.977, cycle_A: 0.182, D_B: 0.113, G_B: 1.010, cycle_B: 0.102, gp: 0.111

saving the latest model (epoch 34, total_iters 1160000)
[Rank 0] (epoch: 34, iters: 12672, time: 0.001, data: 0.001) , D_A: 0.210, G_A: 0.928, cycle_A: 0.179, D_B: 0.168, G_B: 0.984, cycle_B: 0.105, gp: 0.167

[Rank 0] (epoch: 34, iters: 14272, time: 0.001, data: 0.001) , D_A: 0.187, G_A: 0.978, cycle_A: 0.178, D_B: 0.236, G_B: 1.035, cycle_B: 0.096, gp: 0.235

[Rank 0] (epoch: 34, iters: 15872, time: 0.001, data: 0.001) , D_A: 0.129, G_A: 1.012, cycle_A: 0.187, D_B: 0.191, G_B: 0.976, cycle_B: 0.100, gp: 0.189

[Rank 0] (epoch: 34, iters: 17472, time: 0.001, data: 0.001) , D_A: 0.136, G_A: 1.050, cycle_A: 0.182, D_B: 0.172, G_B: 0.995, cycle_B: 0.096, gp: 0.171

[Rank 0] (epoch: 34, iters: 19072, time: 0.001, data: 0.001) , D_A: 0.211, G_A: 0.921, cycle_A: 0.183, D_B: 0.214, G_B: 0.706, cycle_B: 0.097, gp: 0.205

[Rank 0] (epoch: 34, iters: 20672, time: 0.001, data: 0.001) , D_A: 0.215, G_A: 0.948, cycle_A: 0.182, D_B: 0.229, G_B: 1.017, cycle_B: 0.111, gp: 0.227

[Rank 0] (epoch: 34, iters: 22272, time: 0.001, data: 0.001) , D_A: 0.162, G_A: 1.065, cycle_A: 0.194, D_B: 0.216, G_B: 0.992, cycle_B: 0.106, gp: 0.211

[Rank 0] (epoch: 34, iters: 23872, time: 0.001, data: 0.001) , D_A: 0.217, G_A: 1.002, cycle_A: 0.175, D_B: 0.085, G_B: 1.002, cycle_B: 0.093, gp: 0.084

[Rank 0] (epoch: 34, iters: 25472, time: 0.001, data: 0.001) , D_A: 0.213, G_A: 0.995, cycle_A: 0.180, D_B: 0.184, G_B: 0.993, cycle_B: 0.097, gp: 0.183

[Rank 0] (epoch: 34, iters: 27072, time: 0.001, data: 0.001) , D_A: 0.221, G_A: 1.002, cycle_A: 0.178, D_B: 0.118, G_B: 0.955, cycle_B: 0.095, gp: 0.117

[Rank 0] (epoch: 34, iters: 28672, time: 0.001, data: 0.001) , D_A: 0.250, G_A: 0.928, cycle_A: 0.182, D_B: 0.185, G_B: 0.994, cycle_B: 0.104, gp: 0.184

[Rank 0] (epoch: 34, iters: 30272, time: 0.001, data: 0.001) , D_A: 0.127, G_A: 0.998, cycle_A: 0.173, D_B: 0.158, G_B: 0.999, cycle_B: 0.101, gp: 0.157

[Rank 0] (epoch: 34, iters: 31872, time: 0.001, data: 0.001) , D_A: 0.219, G_A: 0.937, cycle_A: 0.180, D_B: 0.222, G_B: 0.987, cycle_B: 0.097, gp: 0.220

[Rank 0] (epoch: 34, iters: 33472, time: 0.001, data: 0.001) , D_A: 0.200, G_A: 0.963, cycle_A: 0.182, D_B: 0.184, G_B: 1.001, cycle_B: 0.099, gp: 0.183

learning rate 0.0002000 -> 0.0002000
temperature tau = 0.1637
End of epoch 34 / 50 	 Time Taken: 28 sec
[Rank 0] (epoch: 35, iters: 256, time: 0.001, data: 0.001) , D_A: 0.171, G_A: 0.954, cycle_A: 0.176, D_B: 0.172, G_B: 1.000, cycle_B: 0.093, gp: 0.170

[Rank 0] (epoch: 35, iters: 1856, time: 0.001, data: 0.000) , D_A: 0.143, G_A: 0.997, cycle_A: 0.181, D_B: 0.139, G_B: 0.990, cycle_B: 0.100, gp: 0.138

[Rank 0] (epoch: 35, iters: 3456, time: 0.001, data: 0.001) , D_A: 0.102, G_A: 0.932, cycle_A: 0.174, D_B: 0.310, G_B: 1.003, cycle_B: 0.105, gp: 0.309

[Rank 0] (epoch: 35, iters: 5056, time: 0.001, data: 0.001) , D_A: 0.126, G_A: 1.004, cycle_A: 0.182, D_B: 0.075, G_B: 1.003, cycle_B: 0.099, gp: 0.074

[Rank 0] (epoch: 35, iters: 6656, time: 0.001, data: 0.001) , D_A: 0.187, G_A: 0.893, cycle_A: 0.182, D_B: 0.226, G_B: 0.996, cycle_B: 0.097, gp: 0.225

[Rank 0] (epoch: 35, iters: 8256, time: 0.001, data: 0.001) , D_A: 0.130, G_A: 1.068, cycle_A: 0.187, D_B: 0.269, G_B: 1.001, cycle_B: 0.113, gp: 0.268

[Rank 0] (epoch: 35, iters: 9856, time: 0.001, data: 0.001) , D_A: 0.175, G_A: 0.896, cycle_A: 0.177, D_B: 0.145, G_B: 1.057, cycle_B: 0.094, gp: 0.142

[Rank 0] (epoch: 35, iters: 11456, time: 0.001, data: 0.001) , D_A: 0.197, G_A: 1.021, cycle_A: 0.176, D_B: 0.182, G_B: 0.990, cycle_B: 0.096, gp: 0.180

[Rank 0] (epoch: 35, iters: 13056, time: 0.001, data: 0.001) , D_A: 0.304, G_A: 0.979, cycle_A: 0.185, D_B: 0.172, G_B: 0.965, cycle_B: 0.096, gp: 0.170

[Rank 0] (epoch: 35, iters: 14656, time: 0.001, data: 0.001) , D_A: 0.247, G_A: 1.008, cycle_A: 0.184, D_B: 0.149, G_B: 1.017, cycle_B: 0.102, gp: 0.147

--- iter tau=0.1637 ---
  cipher in : psfmpkfnbbpspsjpfcnjbefckfdpsqplepkpehpbekfdpkplenpqmmpgsfqkcnfg
  decrypted : erone ohllererieochil oc oaersep e e del  oae ep hesnnefros chof
  real plain:  philharmonic he philadelphia orchesra and he boson smphon his s
  cipher in : npecefgncprbjnehplnfplnpjfncpsplnpjkdlpgmkh ncplnpnh efahnfpefcp
  decrypted : he c ofhceslih dephoepheiohcerephei apefn dshcephehds ondhoe oce
  real plain: ases are so dense ha older eqipmen canno handle hem efficienl he
[Rank 0] (epoch: 35, iters: 16256, time: 0.001, data: 0.001) , D_A: 0.242, G_A: 1.114, cycle_A: 0.182, D_B: 0.161, G_B: 0.994, cycle_B: 0.097, gp: 0.160

saving the latest model (epoch 35, total_iters 1200000)
[Rank 0] (epoch: 35, iters: 17856, time: 0.001, data: 0.001) , D_A: 0.174, G_A: 0.934, cycle_A: 0.183, D_B: 0.201, G_B: 1.008, cycle_B: 0.094, gp: 0.200

[Rank 0] (epoch: 35, iters: 19456, time: 0.001, data: 0.001) , D_A: 0.137, G_A: 0.923, cycle_A: 0.181, D_B: 0.156, G_B: 1.035, cycle_B: 0.098, gp: 0.154

[Rank 0] (epoch: 35, iters: 21056, time: 0.001, data: 0.001) , D_A: 0.146, G_A: 0.985, cycle_A: 0.191, D_B: 0.260, G_B: 1.000, cycle_B: 0.103, gp: 0.258

[Rank 0] (epoch: 35, iters: 22656, time: 0.001, data: 0.001) , D_A: 0.215, G_A: 0.988, cycle_A: 0.187, D_B: 0.210, G_B: 0.993, cycle_B: 0.099, gp: 0.207

[Rank 0] (epoch: 35, iters: 24256, time: 0.001, data: 0.001) , D_A: 0.203, G_A: 0.960, cycle_A: 0.179, D_B: 0.143, G_B: 1.004, cycle_B: 0.096, gp: 0.142

[Rank 0] (epoch: 35, iters: 25856, time: 0.001, data: 0.001) , D_A: 0.217, G_A: 0.930, cycle_A: 0.175, D_B: 0.131, G_B: 1.025, cycle_B: 0.101, gp: 0.130

[Rank 0] (epoch: 35, iters: 27456, time: 0.001, data: 0.001) , D_A: 0.198, G_A: 0.938, cycle_A: 0.183, D_B: 0.162, G_B: 0.999, cycle_B: 0.107, gp: 0.161

[Rank 0] (epoch: 35, iters: 29056, time: 0.001, data: 0.001) , D_A: 0.133, G_A: 0.972, cycle_A: 0.181, D_B: 0.168, G_B: 1.027, cycle_B: 0.099, gp: 0.166

[Rank 0] (epoch: 35, iters: 30656, time: 0.001, data: 0.001) , D_A: 0.239, G_A: 0.940, cycle_A: 0.180, D_B: 0.152, G_B: 1.044, cycle_B: 0.098, gp: 0.150

[Rank 0] (epoch: 35, iters: 32256, time: 0.001, data: 0.001) , D_A: 0.309, G_A: 0.943, cycle_A: 0.185, D_B: 0.233, G_B: 0.982, cycle_B: 0.090, gp: 0.232

[Rank 0] (epoch: 35, iters: 33856, time: 0.001, data: 0.001) , D_A: 0.207, G_A: 1.037, cycle_A: 0.183, D_B: 0.239, G_B: 0.973, cycle_B: 0.099, gp: 0.237

learning rate 0.0002000 -> 0.0002000
temperature tau = 0.1584
End of epoch 35 / 50 	 Time Taken: 28 sec
[Rank 0] (epoch: 36, iters: 640, time: 0.001, data: 0.001) , D_A: 0.267, G_A: 0.961, cycle_A: 0.182, D_B: 0.200, G_B: 0.950, cycle_B: 0.098, gp: 0.197

[Rank 0] (epoch: 36, iters: 2240, time: 0.001, data: 0.000) , D_A: 0.291, G_A: 0.981, cycle_A: 0.180, D_B: 0.191, G_B: 0.982, cycle_B: 0.104, gp: 0.189

[Rank 0] (epoch: 36, iters: 3840, time: 0.001, data: 0.001) , D_A: 0.311, G_A: 1.034, cycle_A: 0.188, D_B: 0.175, G_B: 1.060, cycle_B: 0.093, gp: 0.172

[Rank 0] (epoch: 36, iters: 5440, time: 0.001, data: 0.001) , D_A: 0.191, G_A: 1.011, cycle_A: 0.197, D_B: 0.230, G_B: 0.935, cycle_B: 0.110, gp: 0.225

[Rank 0] (epoch: 36, iters: 7040, time: 0.001, data: 0.001) , D_A: 0.246, G_A: 1.029, cycle_A: 0.184, D_B: 0.183, G_B: 1.002, cycle_B: 0.098, gp: 0.182

[Rank 0] (epoch: 36, iters: 8640, time: 0.001, data: 0.001) , D_A: 0.099, G_A: 0.944, cycle_A: 0.191, D_B: 0.171, G_B: 0.952, cycle_B: 0.113, gp: 0.170

[Rank 0] (epoch: 36, iters: 10240, time: 0.001, data: 0.001) , D_A: 0.186, G_A: 1.038, cycle_A: 0.186, D_B: 0.144, G_B: 0.969, cycle_B: 0.096, gp: 0.142

[Rank 0] (epoch: 36, iters: 11840, time: 0.001, data: 0.001) , D_A: 0.198, G_A: 0.877, cycle_A: 0.178, D_B: 0.169, G_B: 1.017, cycle_B: 0.103, gp: 0.167

[Rank 0] (epoch: 36, iters: 13440, time: 0.001, data: 0.001) , D_A: 0.102, G_A: 1.003, cycle_A: 0.188, D_B: 0.202, G_B: 0.945, cycle_B: 0.102, gp: 0.201

[Rank 0] (epoch: 36, iters: 15040, time: 0.001, data: 0.001) , D_A: 0.207, G_A: 0.947, cycle_A: 0.182, D_B: 0.144, G_B: 0.982, cycle_B: 0.097, gp: 0.142

[Rank 0] (epoch: 36, iters: 16640, time: 0.001, data: 0.001) , D_A: 0.149, G_A: 0.984, cycle_A: 0.181, D_B: 0.166, G_B: 0.877, cycle_B: 0.102, gp: 0.156

[Rank 0] (epoch: 36, iters: 18240, time: 0.001, data: 0.001) , D_A: 0.246, G_A: 0.963, cycle_A: 0.176, D_B: 0.112, G_B: 0.992, cycle_B: 0.097, gp: 0.111

[Rank 0] (epoch: 36, iters: 19840, time: 0.001, data: 0.001) , D_A: 0.172, G_A: 0.873, cycle_A: 0.174, D_B: 0.157, G_B: 1.009, cycle_B: 0.103, gp: 0.156

--- iter tau=0.1584 ---
  cipher in : pgsfgkmhefpgkncpkfbefgnbpsqpkfnqqkgknfpbnpsqpnokrhnfpsjpbrrmknbp
  decrypted : efrof nd oef hce ol ofhlerse ohss f hoelhersehb sdhoerielssn hle
  real plain: leased ih he arm nigh and he sill more pleasing compan of his ae
  cipher in : bpdekfbplnbnpspcnemnjbpejnpnrnjknfgkfdpejnpe snpenjednpqsjplnkjp
  decrypted : lea  oleghlherech nhile ihehshi hof oae ihe srhe hi ahesriegh ie
  real plain: ned a halfbreed ilson hogh and he as handsome despie he long hin
[Rank 0] (epoch: 36, iters: 21440, time: 0.001, data: 0.001) , D_A: 0.134, G_A: 0.946, cycle_A: 0.180, D_B: 0.191, G_B: 0.951, cycle_B: 0.105, gp: 0.189

saving the latest model (epoch 36, total_iters 1240000)
[Rank 0] (epoch: 36, iters: 23040, time: 0.001, data: 0.001) , D_A: 0.109, G_A: 0.963, cycle_A: 0.173, D_B: 0.128, G_B: 0.924, cycle_B: 0.097, gp: 0.127

[Rank 0] (epoch: 36, iters: 24640, time: 0.001, data: 0.001) , D_A: 0.225, G_A: 0.974, cycle_A: 0.186, D_B: 0.274, G_B: 1.025, cycle_B: 0.099, gp: 0.273

[Rank 0] (epoch: 36, iters: 26240, time: 0.001, data: 0.001) , D_A: 0.168, G_A: 1.073, cycle_A: 0.181, D_B: 0.230, G_B: 0.948, cycle_B: 0.102, gp: 0.228

[Rank 0] (epoch: 36, iters: 27840, time: 0.001, data: 0.001) , D_A: 0.165, G_A: 0.964, cycle_A: 0.179, D_B: 0.121, G_B: 1.044, cycle_B: 0.097, gp: 0.118

[Rank 0] (epoch: 36, iters: 29440, time: 0.001, data: 0.001) , D_A: 0.191, G_A: 0.900, cycle_A: 0.181, D_B: 0.175, G_B: 0.964, cycle_B: 0.102, gp: 0.173

[Rank 0] (epoch: 36, iters: 31040, time: 0.001, data: 0.001) , D_A: 0.157, G_A: 0.996, cycle_A: 0.179, D_B: 0.190, G_B: 0.965, cycle_B: 0.105, gp: 0.188

[Rank 0] (epoch: 36, iters: 32640, time: 0.001, data: 0.001) , D_A: 0.186, G_A: 1.011, cycle_A: 0.184, D_B: 0.206, G_B: 0.920, cycle_B: 0.113, gp: 0.205

[Rank 0] (epoch: 36, iters: 34240, time: 0.001, data: 0.001) , D_A: 0.135, G_A: 1.086, cycle_A: 0.183, D_B: 0.169, G_B: 0.985, cycle_B: 0.103, gp: 0.167

learning rate 0.0002000 -> 0.0002000
temperature tau = 0.1533
End of epoch 36 / 50 	 Time Taken: 28 sec
[Rank 0] (epoch: 37, iters: 1024, time: 0.001, data: 0.001) , D_A: 0.184, G_A: 1.034, cycle_A: 0.193, D_B: 0.203, G_B: 1.008, cycle_B: 0.101, gp: 0.202

[Rank 0] (epoch: 37, iters: 2624, time: 0.001, data: 0.000) , D_A: 0.181, G_A: 0.989, cycle_A: 0.181, D_B: 0.177, G_B: 1.019, cycle_B: 0.098, gp: 0.176

[Rank 0] (epoch: 37, iters: 4224, time: 0.001, data: 0.001) , D_A: 0.165, G_A: 1.009, cycle_A: 0.182, D_B: 0.207, G_B: 1.005, cycle_B: 0.103, gp: 0.205

[Rank 0] (epoch: 37, iters: 5824, time: 0.001, data: 0.001) , D_A: 0.155, G_A: 0.952, cycle_A: 0.189, D_B: 0.183, G_B: 0.990, cycle_B: 0.100, gp: 0.181

[Rank 0] (epoch: 37, iters: 7424, time: 0.001, data: 0.001) , D_A: 0.113, G_A: 0.864, cycle_A: 0.180, D_B: 0.077, G_B: 0.962, cycle_B: 0.106, gp: 0.076

[Rank 0] (epoch: 37, iters: 9024, time: 0.001, data: 0.001) , D_A: 0.126, G_A: 0.949, cycle_A: 0.183, D_B: 0.170, G_B: 0.920, cycle_B: 0.097, gp: 0.163

[Rank 0] (epoch: 37, iters: 10624, time: 0.001, data: 0.001) , D_A: 0.208, G_A: 1.012, cycle_A: 0.181, D_B: 0.137, G_B: 0.995, cycle_B: 0.096, gp: 0.136

[Rank 0] (epoch: 37, iters: 12224, time: 0.001, data: 0.001) , D_A: 0.178, G_A: 0.943, cycle_A: 0.183, D_B: 0.200, G_B: 1.019, cycle_B: 0.101, gp: 0.198

[Rank 0] (epoch: 37, iters: 13824, time: 0.001, data: 0.001) , D_A: 0.302, G_A: 1.024, cycle_A: 0.183, D_B: 0.211, G_B: 0.973, cycle_B: 0.099, gp: 0.208

[Rank 0] (epoch: 37, iters: 15424, time: 0.001, data: 0.001) , D_A: 0.315, G_A: 0.912, cycle_A: 0.177, D_B: 0.201, G_B: 0.790, cycle_B: 0.096, gp: 0.185

[Rank 0] (epoch: 37, iters: 17024, time: 0.001, data: 0.001) , D_A: 0.239, G_A: 0.986, cycle_A: 0.190, D_B: 0.079, G_B: 0.978, cycle_B: 0.101, gp: 0.078

[Rank 0] (epoch: 37, iters: 18624, time: 0.001, data: 0.001) , D_A: 0.138, G_A: 0.994, cycle_A: 0.180, D_B: 0.186, G_B: 0.949, cycle_B: 0.107, gp: 0.183

[Rank 0] (epoch: 37, iters: 20224, time: 0.001, data: 0.001) , D_A: 0.206, G_A: 0.961, cycle_A: 0.182, D_B: 0.105, G_B: 1.029, cycle_B: 0.104, gp: 0.104

[Rank 0] (epoch: 37, iters: 21824, time: 0.001, data: 0.001) , D_A: 0.144, G_A: 1.015, cycle_A: 0.180, D_B: 0.106, G_B: 0.964, cycle_B: 0.103, gp: 0.104

[Rank 0] (epoch: 37, iters: 23424, time: 0.001, data: 0.001) , D_A: 0.093, G_A: 0.985, cycle_A: 0.178, D_B: 0.215, G_B: 0.948, cycle_B: 0.101, gp: 0.214

[Rank 0] (epoch: 37, iters: 25024, time: 0.001, data: 0.001) , D_A: 0.209, G_A: 0.934, cycle_A: 0.189, D_B: 0.193, G_B: 0.966, cycle_B: 0.095, gp: 0.191

--- iter tau=0.1533 ---
  cipher in : eljsshpcssjpqmnpsrnfpefcpndnfnpgehnpspklplkbpqegnpmelnjncpqsjpbl
  decrypted :  pirrdecrriesnhershoe ocehahohef dhere pep les fhen phihcesrielp
  real plain:  he adaping of he daa processing ssem o ne programs as he are ma
  cipher in : jkbbpbkdfpfspegefgpfsphenjplsphefpehnjkgefbpdspe jsecpkfpbhhnjpr
  decrypted : i llel aoeore f ofeored hiepred oe dhi f oleare sir ce oelddhies
  real plain: resmed an acie par in niersi and poliical discssions in one deba
[Rank 0] (epoch: 37, iters: 26624, time: 0.001, data: 0.001) , D_A: 0.236, G_A: 1.016, cycle_A: 0.180, D_B: 0.138, G_B: 1.000, cycle_B: 0.099, gp: 0.136

saving the latest model (epoch 37, total_iters 1280000)
[Rank 0] (epoch: 37, iters: 28224, time: 0.001, data: 0.001) , D_A: 0.169, G_A: 0.952, cycle_A: 0.191, D_B: 0.120, G_B: 0.996, cycle_B: 0.105, gp: 0.118

[Rank 0] (epoch: 37, iters: 29824, time: 0.001, data: 0.001) , D_A: 0.177, G_A: 1.093, cycle_A: 0.175, D_B: 0.207, G_B: 0.985, cycle_B: 0.103, gp: 0.205

[Rank 0] (epoch: 37, iters: 31424, time: 0.001, data: 0.001) , D_A: 0.256, G_A: 0.924, cycle_A: 0.196, D_B: 0.165, G_B: 0.980, cycle_B: 0.098, gp: 0.163

[Rank 0] (epoch: 37, iters: 33024, time: 0.001, data: 0.001) , D_A: 0.129, G_A: 1.020, cycle_A: 0.181, D_B: 0.131, G_B: 0.988, cycle_B: 0.104, gp: 0.130

[Rank 0] (epoch: 37, iters: 34624, time: 0.001, data: 0.001) , D_A: 0.147, G_A: 1.004, cycle_A: 0.190, D_B: 0.233, G_B: 0.995, cycle_B: 0.101, gp: 0.231

learning rate 0.0002000 -> 0.0002000
temperature tau = 0.1483
End of epoch 37 / 50 	 Time Taken: 28 sec
[Rank 0] (epoch: 38, iters: 1408, time: 0.001, data: 0.001) , D_A: 0.146, G_A: 0.862, cycle_A: 0.181, D_B: 0.226, G_B: 0.985, cycle_B: 0.110, gp: 0.224

[Rank 0] (epoch: 38, iters: 3008, time: 0.001, data: 0.001) , D_A: 0.200, G_A: 0.982, cycle_A: 0.177, D_B: 0.191, G_B: 0.855, cycle_B: 0.100, gp: 0.184

[Rank 0] (epoch: 38, iters: 4608, time: 0.001, data: 0.001) , D_A: 0.185, G_A: 0.991, cycle_A: 0.176, D_B: 0.144, G_B: 0.950, cycle_B: 0.101, gp: 0.143

[Rank 0] (epoch: 38, iters: 6208, time: 0.001, data: 0.001) , D_A: 0.079, G_A: 1.048, cycle_A: 0.186, D_B: 0.129, G_B: 0.980, cycle_B: 0.097, gp: 0.129

[Rank 0] (epoch: 38, iters: 7808, time: 0.001, data: 0.001) , D_A: 0.186, G_A: 0.960, cycle_A: 0.183, D_B: 0.228, G_B: 0.989, cycle_B: 0.106, gp: 0.226

[Rank 0] (epoch: 38, iters: 9408, time: 0.001, data: 0.001) , D_A: 0.140, G_A: 0.962, cycle_A: 0.183, D_B: 0.139, G_B: 0.941, cycle_B: 0.107, gp: 0.133

[Rank 0] (epoch: 38, iters: 11008, time: 0.001, data: 0.001) , D_A: 0.123, G_A: 0.989, cycle_A: 0.184, D_B: 0.159, G_B: 0.945, cycle_B: 0.102, gp: 0.157

[Rank 0] (epoch: 38, iters: 12608, time: 0.001, data: 0.001) , D_A: 0.167, G_A: 0.957, cycle_A: 0.184, D_B: 0.192, G_B: 0.933, cycle_B: 0.105, gp: 0.188

[Rank 0] (epoch: 38, iters: 14208, time: 0.001, data: 0.001) , D_A: 0.142, G_A: 0.889, cycle_A: 0.196, D_B: 0.139, G_B: 1.000, cycle_B: 0.096, gp: 0.137

[Rank 0] (epoch: 38, iters: 15808, time: 0.001, data: 0.001) , D_A: 0.173, G_A: 0.974, cycle_A: 0.176, D_B: 0.207, G_B: 0.987, cycle_B: 0.097, gp: 0.205

[Rank 0] (epoch: 38, iters: 17408, time: 0.001, data: 0.001) , D_A: 0.258, G_A: 1.022, cycle_A: 0.180, D_B: 0.108, G_B: 1.000, cycle_B: 0.098, gp: 0.107

[Rank 0] (epoch: 38, iters: 19008, time: 0.001, data: 0.001) , D_A: 0.167, G_A: 0.987, cycle_A: 0.183, D_B: 0.190, G_B: 0.984, cycle_B: 0.092, gp: 0.188

[Rank 0] (epoch: 38, iters: 20608, time: 0.001, data: 0.001) , D_A: 0.266, G_A: 0.966, cycle_A: 0.190, D_B: 0.161, G_B: 0.999, cycle_B: 0.108, gp: 0.158

[Rank 0] (epoch: 38, iters: 22208, time: 0.001, data: 0.001) , D_A: 0.220, G_A: 0.901, cycle_A: 0.182, D_B: 0.177, G_B: 1.009, cycle_B: 0.112, gp: 0.173

[Rank 0] (epoch: 38, iters: 23808, time: 0.001, data: 0.001) , D_A: 0.139, G_A: 1.003, cycle_A: 0.181, D_B: 0.250, G_B: 1.072, cycle_B: 0.098, gp: 0.238

[Rank 0] (epoch: 38, iters: 25408, time: 0.001, data: 0.001) , D_A: 0.100, G_A: 0.997, cycle_A: 0.186, D_B: 0.231, G_B: 0.998, cycle_B: 0.101, gp: 0.229

[Rank 0] (epoch: 38, iters: 27008, time: 0.001, data: 0.001) , D_A: 0.126, G_A: 0.972, cycle_A: 0.193, D_B: 0.161, G_B: 1.004, cycle_B: 0.099, gp: 0.160

[Rank 0] (epoch: 38, iters: 28608, time: 0.001, data: 0.001) , D_A: 0.190, G_A: 0.939, cycle_A: 0.181, D_B: 0.168, G_B: 0.998, cycle_B: 0.110, gp: 0.167

[Rank 0] (epoch: 38, iters: 30208, time: 0.001, data: 0.001) , D_A: 0.075, G_A: 1.012, cycle_A: 0.181, D_B: 0.134, G_B: 0.993, cycle_B: 0.107, gp: 0.132

--- iter tau=0.1483 ---
  cipher in : efcbshnpqegnpdjegnqmpebplkbpqnfgkfdpefcpcefgkfdpmnbbsfbplecpedlp
  decrypted :  oclrdmes fmeai fmsne lep lesmof oae ocec of oaenmllrolep ce ape
  real plain: ch as a brae smile poor john as he kind of sock ha keeps a barga
  cipher in : pbnjkgnpbeksfpegkkknbplefpsfpnnfbknpnlkgmnpjnrekjbpkpgsfjegbpklp
  decrypted : elmi fmel  roe f   mlep oeroemmol memp fnmeims  ile efroi fle pe
  real plain:  his ne rade here as no eapon earl cold no ake apar and reassemb
[Rank 0] (epoch: 38, iters: 31808, time: 0.001, data: 0.001) , D_A: 0.121, G_A: 0.893, cycle_A: 0.177, D_B: 0.133, G_B: 1.028, cycle_B: 0.095, gp: 0.131

saving the latest model (epoch 38, total_iters 1320000)
[Rank 0] (epoch: 38, iters: 33408, time: 0.001, data: 0.001) , D_A: 0.126, G_A: 0.804, cycle_A: 0.181, D_B: 0.237, G_B: 0.941, cycle_B: 0.100, gp: 0.229

learning rate 0.0002000 -> 0.0002000
temperature tau = 0.1435
End of epoch 38 / 50 	 Time Taken: 28 sec
[Rank 0] (epoch: 39, iters: 192, time: 0.001, data: 0.001) , D_A: 0.194, G_A: 0.976, cycle_A: 0.186, D_B: 0.159, G_B: 0.910, cycle_B: 0.094, gp: 0.158

[Rank 0] (epoch: 39, iters: 1792, time: 0.001, data: 0.000) , D_A: 0.166, G_A: 0.954, cycle_A: 0.186, D_B: 0.123, G_B: 0.985, cycle_B: 0.102, gp: 0.121

[Rank 0] (epoch: 39, iters: 3392, time: 0.001, data: 0.002) , D_A: 0.199, G_A: 0.976, cycle_A: 0.189, D_B: 0.145, G_B: 1.002, cycle_B: 0.107, gp: 0.143

[Rank 0] (epoch: 39, iters: 4992, time: 0.001, data: 0.001) , D_A: 0.127, G_A: 0.941, cycle_A: 0.178, D_B: 0.126, G_B: 1.020, cycle_B: 0.098, gp: 0.122

[Rank 0] (epoch: 39, iters: 6592, time: 0.001, data: 0.001) , D_A: 0.160, G_A: 0.986, cycle_A: 0.180, D_B: 0.154, G_B: 0.969, cycle_B: 0.096, gp: 0.153

[Rank 0] (epoch: 39, iters: 8192, time: 0.001, data: 0.001) , D_A: 0.253, G_A: 0.981, cycle_A: 0.171, D_B: 0.167, G_B: 1.017, cycle_B: 0.101, gp: 0.165

[Rank 0] (epoch: 39, iters: 9792, time: 0.001, data: 0.001) , D_A: 0.331, G_A: 1.002, cycle_A: 0.179, D_B: 0.244, G_B: 0.989, cycle_B: 0.090, gp: 0.243

[Rank 0] (epoch: 39, iters: 11392, time: 0.001, data: 0.001) , D_A: 0.218, G_A: 0.971, cycle_A: 0.188, D_B: 0.178, G_B: 0.968, cycle_B: 0.094, gp: 0.176

[Rank 0] (epoch: 39, iters: 12992, time: 0.001, data: 0.001) , D_A: 0.238, G_A: 1.073, cycle_A: 0.179, D_B: 0.111, G_B: 1.003, cycle_B: 0.089, gp: 0.109

[Rank 0] (epoch: 39, iters: 14592, time: 0.001, data: 0.001) , D_A: 0.178, G_A: 0.908, cycle_A: 0.189, D_B: 0.098, G_B: 1.035, cycle_B: 0.103, gp: 0.094

[Rank 0] (epoch: 39, iters: 16192, time: 0.001, data: 0.001) , D_A: 0.210, G_A: 0.946, cycle_A: 0.173, D_B: 0.151, G_B: 0.960, cycle_B: 0.106, gp: 0.149

[Rank 0] (epoch: 39, iters: 17792, time: 0.001, data: 0.001) , D_A: 0.241, G_A: 1.020, cycle_A: 0.196, D_B: 0.126, G_B: 0.942, cycle_B: 0.094, gp: 0.124

[Rank 0] (epoch: 39, iters: 19392, time: 0.001, data: 0.001) , D_A: 0.276, G_A: 0.995, cycle_A: 0.180, D_B: 0.133, G_B: 0.977, cycle_B: 0.092, gp: 0.130

[Rank 0] (epoch: 39, iters: 20992, time: 0.001, data: 0.001) , D_A: 0.182, G_A: 0.962, cycle_A: 0.183, D_B: 0.196, G_B: 0.947, cycle_B: 0.104, gp: 0.194

[Rank 0] (epoch: 39, iters: 22592, time: 0.001, data: 0.001) , D_A: 0.172, G_A: 0.998, cycle_A: 0.177, D_B: 0.243, G_B: 0.980, cycle_B: 0.094, gp: 0.241

[Rank 0] (epoch: 39, iters: 24192, time: 0.001, data: 0.001) , D_A: 0.265, G_A: 1.035, cycle_A: 0.187, D_B: 0.194, G_B: 1.000, cycle_B: 0.095, gp: 0.192

[Rank 0] (epoch: 39, iters: 25792, time: 0.001, data: 0.001) , D_A: 0.152, G_A: 1.018, cycle_A: 0.178, D_B: 0.208, G_B: 0.982, cycle_B: 0.107, gp: 0.207

[Rank 0] (epoch: 39, iters: 27392, time: 0.001, data: 0.001) , D_A: 0.210, G_A: 0.953, cycle_A: 0.181, D_B: 0.180, G_B: 0.989, cycle_B: 0.107, gp: 0.179

[Rank 0] (epoch: 39, iters: 28992, time: 0.001, data: 0.001) , D_A: 0.156, G_A: 0.952, cycle_A: 0.186, D_B: 0.206, G_B: 0.988, cycle_B: 0.103, gp: 0.204

[Rank 0] (epoch: 39, iters: 30592, time: 0.001, data: 0.001) , D_A: 0.241, G_A: 0.962, cycle_A: 0.186, D_B: 0.132, G_B: 0.961, cycle_B: 0.104, gp: 0.130

[Rank 0] (epoch: 39, iters: 32192, time: 0.001, data: 0.001) , D_A: 0.148, G_A: 0.966, cycle_A: 0.175, D_B: 0.210, G_B: 0.975, cycle_B: 0.093, gp: 0.207

[Rank 0] (epoch: 39, iters: 33792, time: 0.001, data: 0.001) , D_A: 0.178, G_A: 0.937, cycle_A: 0.187, D_B: 0.211, G_B: 0.976, cycle_B: 0.099, gp: 0.210

learning rate 0.0002000 -> 0.0002000
temperature tau = 0.1389
End of epoch 39 / 50 	 Time Taken: 29 sec
[Rank 0] (epoch: 40, iters: 576, time: 0.001, data: 0.001) , D_A: 0.175, G_A: 0.960, cycle_A: 0.176, D_B: 0.151, G_B: 0.988, cycle_B: 0.101, gp: 0.150

--- iter tau=0.1389 ---
  cipher in : npkpkbpfsprjskcncp plnpmejdnjpbsgknplnpbrrsjknpjnmeksfbpgefperre
  decrypted : me e leoresir cmcesepmen iamielrf mepmelssri meimn  rolef oe ss 
  real plain:  need and assignmen of ehicles d se of cars in lie of mileage al
  cipher in : phekmncpkpklpebphglpgsfqkcnfgnpebpkqpkplecp nnfpep kjlcepgejcpsp
  decrypted : ed  nmce e pe ledfpefros cmofme le se ep cesmmoe es ipc ef icere
  real plain: sal mch as he had done hen he ere formall members of ha board an
[Rank 0] (epoch: 40, iters: 2176, time: 0.001, data: 0.000) , D_A: 0.097, G_A: 0.998, cycle_A: 0.183, D_B: 0.231, G_B: 1.006, cycle_B: 0.110, gp: 0.230

saving the latest model (epoch 40, total_iters 1360000)
[Rank 0] (epoch: 40, iters: 3776, time: 0.001, data: 0.001) , D_A: 0.212, G_A: 0.997, cycle_A: 0.189, D_B: 0.159, G_B: 0.992, cycle_B: 0.094, gp: 0.158

[Rank 0] (epoch: 40, iters: 5376, time: 0.001, data: 0.001) , D_A: 0.136, G_A: 1.044, cycle_A: 0.186, D_B: 0.189, G_B: 0.989, cycle_B: 0.105, gp: 0.188

[Rank 0] (epoch: 40, iters: 6976, time: 0.001, data: 0.001) , D_A: 0.144, G_A: 1.003, cycle_A: 0.179, D_B: 0.228, G_B: 1.012, cycle_B: 0.101, gp: 0.227

[Rank 0] (epoch: 40, iters: 8576, time: 0.001, data: 0.001) , D_A: 0.222, G_A: 1.000, cycle_A: 0.180, D_B: 0.194, G_B: 0.974, cycle_B: 0.109, gp: 0.192

[Rank 0] (epoch: 40, iters: 10176, time: 0.001, data: 0.001) , D_A: 0.122, G_A: 1.062, cycle_A: 0.180, D_B: 0.189, G_B: 0.982, cycle_B: 0.095, gp: 0.187

[Rank 0] (epoch: 40, iters: 11776, time: 0.001, data: 0.001) , D_A: 0.160, G_A: 1.058, cycle_A: 0.179, D_B: 0.102, G_B: 0.991, cycle_B: 0.097, gp: 0.101

[Rank 0] (epoch: 40, iters: 13376, time: 0.001, data: 0.001) , D_A: 0.188, G_A: 0.879, cycle_A: 0.179, D_B: 0.105, G_B: 1.024, cycle_B: 0.103, gp: 0.102

[Rank 0] (epoch: 40, iters: 14976, time: 0.001, data: 0.001) , D_A: 0.144, G_A: 1.045, cycle_A: 0.184, D_B: 0.162, G_B: 0.980, cycle_B: 0.097, gp: 0.159

[Rank 0] (epoch: 40, iters: 16576, time: 0.001, data: 0.001) , D_A: 0.217, G_A: 0.930, cycle_A: 0.182, D_B: 0.185, G_B: 1.002, cycle_B: 0.105, gp: 0.183

[Rank 0] (epoch: 40, iters: 18176, time: 0.001, data: 0.001) , D_A: 0.137, G_A: 1.027, cycle_A: 0.181, D_B: 0.237, G_B: 0.980, cycle_B: 0.094, gp: 0.233

[Rank 0] (epoch: 40, iters: 19776, time: 0.001, data: 0.001) , D_A: 0.121, G_A: 0.939, cycle_A: 0.181, D_B: 0.157, G_B: 0.969, cycle_B: 0.101, gp: 0.154

[Rank 0] (epoch: 40, iters: 21376, time: 0.001, data: 0.001) , D_A: 0.170, G_A: 0.999, cycle_A: 0.182, D_B: 0.171, G_B: 1.012, cycle_B: 0.101, gp: 0.170

[Rank 0] (epoch: 40, iters: 22976, time: 0.001, data: 0.001) , D_A: 0.287, G_A: 0.988, cycle_A: 0.189, D_B: 0.191, G_B: 0.961, cycle_B: 0.094, gp: 0.190

[Rank 0] (epoch: 40, iters: 24576, time: 0.001, data: 0.001) , D_A: 0.304, G_A: 0.933, cycle_A: 0.183, D_B: 0.174, G_B: 1.000, cycle_B: 0.095, gp: 0.172

[Rank 0] (epoch: 40, iters: 26176, time: 0.001, data: 0.001) , D_A: 0.247, G_A: 1.020, cycle_A: 0.179, D_B: 0.214, G_B: 0.968, cycle_B: 0.099, gp: 0.212

[Rank 0] (epoch: 40, iters: 27776, time: 0.001, data: 0.001) , D_A: 0.249, G_A: 0.929, cycle_A: 0.189, D_B: 0.171, G_B: 0.997, cycle_B: 0.095, gp: 0.170

[Rank 0] (epoch: 40, iters: 29376, time: 0.001, data: 0.001) , D_A: 0.187, G_A: 0.974, cycle_A: 0.184, D_B: 0.115, G_B: 0.974, cycle_B: 0.109, gp: 0.114

[Rank 0] (epoch: 40, iters: 30976, time: 0.001, data: 0.001) , D_A: 0.205, G_A: 0.964, cycle_A: 0.172, D_B: 0.140, G_B: 0.978, cycle_B: 0.112, gp: 0.139

[Rank 0] (epoch: 40, iters: 32576, time: 0.001, data: 0.001) , D_A: 0.168, G_A: 0.962, cycle_A: 0.182, D_B: 0.138, G_B: 0.955, cycle_B: 0.113, gp: 0.136

[Rank 0] (epoch: 40, iters: 34176, time: 0.001, data: 0.001) , D_A: 0.211, G_A: 0.969, cycle_A: 0.180, D_B: 0.139, G_B: 1.039, cycle_B: 0.104, gp: 0.137

learning rate 0.0002000 -> 0.0001818
temperature tau = 0.1344
End of epoch 40 / 50 	 Time Taken: 28 sec
[Rank 0] (epoch: 41, iters: 960, time: 0.001, data: 0.001) , D_A: 0.134, G_A: 0.949, cycle_A: 0.186, D_B: 0.214, G_B: 0.943, cycle_B: 0.101, gp: 0.212

[Rank 0] (epoch: 41, iters: 2560, time: 0.001, data: 0.000) , D_A: 0.063, G_A: 0.951, cycle_A: 0.184, D_B: 0.196, G_B: 0.963, cycle_B: 0.110, gp: 0.194

[Rank 0] (epoch: 41, iters: 4160, time: 0.001, data: 0.001) , D_A: 0.258, G_A: 0.986, cycle_A: 0.179, D_B: 0.190, G_B: 1.029, cycle_B: 0.103, gp: 0.189

[Rank 0] (epoch: 41, iters: 5760, time: 0.001, data: 0.001) , D_A: 0.134, G_A: 1.006, cycle_A: 0.178, D_B: 0.167, G_B: 0.992, cycle_B: 0.100, gp: 0.165

--- iter tau=0.1344 ---
  cipher in :  ecmpefcpnnjsfnpebbhncpleplnpsmcpdnpkp ngebnplnpebpepgmsbnpqjknf
  decrypted : s cne ocehhirohe lldhceg eghernceahe eshf lheghe le efnrlhesi ho
  real plain: n cook a piece of anelope seak i neer een sa an oh o cold i an o
  cipher in : pregancpefcpneglpgjpeshpkbpbjjsfcncp pepckbsjncpsgelncjsfpsqpspe
  decrypted : es fnhce oceh fgefie rde leliirochcese ec lrihcerf ghciroersere 
  real plain:  of minnesoa dosman of michilimackinac michigan and prairie d ch
[Rank 0] (epoch: 41, iters: 7360, time: 0.001, data: 0.001) , D_A: 0.129, G_A: 1.007, cycle_A: 0.182, D_B: 0.103, G_B: 1.003, cycle_B: 0.107, gp: 0.102

saving the latest model (epoch 41, total_iters 1400000)
[Rank 0] (epoch: 41, iters: 8960, time: 0.001, data: 0.001) , D_A: 0.128, G_A: 0.923, cycle_A: 0.197, D_B: 0.194, G_B: 1.010, cycle_B: 0.101, gp: 0.190

[Rank 0] (epoch: 41, iters: 10560, time: 0.001, data: 0.001) , D_A: 0.183, G_A: 0.982, cycle_A: 0.184, D_B: 0.189, G_B: 1.002, cycle_B: 0.100, gp: 0.188

[Rank 0] (epoch: 41, iters: 12160, time: 0.001, data: 0.001) , D_A: 0.291, G_A: 0.924, cycle_A: 0.178, D_B: 0.146, G_B: 0.988, cycle_B: 0.102, gp: 0.144

[Rank 0] (epoch: 41, iters: 13760, time: 0.001, data: 0.001) , D_A: 0.154, G_A: 0.980, cycle_A: 0.175, D_B: 0.059, G_B: 0.982, cycle_B: 0.103, gp: 0.057

[Rank 0] (epoch: 41, iters: 15360, time: 0.001, data: 0.001) , D_A: 0.154, G_A: 0.934, cycle_A: 0.179, D_B: 0.163, G_B: 1.000, cycle_B: 0.100, gp: 0.161

[Rank 0] (epoch: 41, iters: 16960, time: 0.001, data: 0.001) , D_A: 0.193, G_A: 0.986, cycle_A: 0.180, D_B: 0.225, G_B: 0.983, cycle_B: 0.103, gp: 0.223

[Rank 0] (epoch: 41, iters: 18560, time: 0.001, data: 0.001) , D_A: 0.208, G_A: 0.963, cycle_A: 0.191, D_B: 0.231, G_B: 1.003, cycle_B: 0.105, gp: 0.229

[Rank 0] (epoch: 41, iters: 20160, time: 0.001, data: 0.001) , D_A: 0.190, G_A: 0.963, cycle_A: 0.177, D_B: 0.174, G_B: 0.989, cycle_B: 0.100, gp: 0.173

[Rank 0] (epoch: 41, iters: 21760, time: 0.001, data: 0.001) , D_A: 0.150, G_A: 1.004, cycle_A: 0.188, D_B: 0.243, G_B: 0.978, cycle_B: 0.102, gp: 0.241

[Rank 0] (epoch: 41, iters: 23360, time: 0.001, data: 0.001) , D_A: 0.131, G_A: 1.024, cycle_A: 0.186, D_B: 0.072, G_B: 0.987, cycle_B: 0.103, gp: 0.070

[Rank 0] (epoch: 41, iters: 24960, time: 0.001, data: 0.001) , D_A: 0.151, G_A: 0.983, cycle_A: 0.181, D_B: 0.109, G_B: 0.977, cycle_B: 0.099, gp: 0.107

[Rank 0] (epoch: 41, iters: 26560, time: 0.001, data: 0.001) , D_A: 0.087, G_A: 0.933, cycle_A: 0.175, D_B: 0.169, G_B: 0.936, cycle_B: 0.101, gp: 0.168

[Rank 0] (epoch: 41, iters: 28160, time: 0.001, data: 0.001) , D_A: 0.236, G_A: 0.978, cycle_A: 0.177, D_B: 0.157, G_B: 0.985, cycle_B: 0.097, gp: 0.155

[Rank 0] (epoch: 41, iters: 29760, time: 0.001, data: 0.001) , D_A: 0.146, G_A: 0.991, cycle_A: 0.188, D_B: 0.206, G_B: 0.996, cycle_B: 0.105, gp: 0.204

[Rank 0] (epoch: 41, iters: 31360, time: 0.001, data: 0.001) , D_A: 0.110, G_A: 0.931, cycle_A: 0.184, D_B: 0.140, G_B: 0.986, cycle_B: 0.101, gp: 0.139

[Rank 0] (epoch: 41, iters: 32960, time: 0.001, data: 0.001) , D_A: 0.181, G_A: 0.957, cycle_A: 0.177, D_B: 0.133, G_B: 1.003, cycle_B: 0.104, gp: 0.131

[Rank 0] (epoch: 41, iters: 34560, time: 0.001, data: 0.001) , D_A: 0.162, G_A: 0.980, cycle_A: 0.189, D_B: 0.150, G_B: 0.985, cycle_B: 0.101, gp: 0.149

learning rate 0.0001818 -> 0.0001636
temperature tau = 0.1301
End of epoch 41 / 50 	 Time Taken: 28 sec
[Rank 0] (epoch: 42, iters: 1344, time: 0.001, data: 0.001) , D_A: 0.068, G_A: 1.036, cycle_A: 0.180, D_B: 0.135, G_B: 0.985, cycle_B: 0.108, gp: 0.134

[Rank 0] (epoch: 42, iters: 2944, time: 0.001, data: 0.001) , D_A: 0.115, G_A: 0.931, cycle_A: 0.183, D_B: 0.166, G_B: 1.012, cycle_B: 0.098, gp: 0.164

[Rank 0] (epoch: 42, iters: 4544, time: 0.001, data: 0.001) , D_A: 0.183, G_A: 0.947, cycle_A: 0.189, D_B: 0.116, G_B: 0.958, cycle_B: 0.103, gp: 0.114

[Rank 0] (epoch: 42, iters: 6144, time: 0.001, data: 0.001) , D_A: 0.131, G_A: 0.973, cycle_A: 0.182, D_B: 0.143, G_B: 0.980, cycle_B: 0.101, gp: 0.138

[Rank 0] (epoch: 42, iters: 7744, time: 0.001, data: 0.001) , D_A: 0.187, G_A: 0.972, cycle_A: 0.184, D_B: 0.281, G_B: 0.974, cycle_B: 0.106, gp: 0.279

[Rank 0] (epoch: 42, iters: 9344, time: 0.001, data: 0.001) , D_A: 0.171, G_A: 1.007, cycle_A: 0.188, D_B: 0.096, G_B: 0.981, cycle_B: 0.106, gp: 0.094

[Rank 0] (epoch: 42, iters: 10944, time: 0.001, data: 0.001) , D_A: 0.109, G_A: 0.981, cycle_A: 0.178, D_B: 0.146, G_B: 1.010, cycle_B: 0.101, gp: 0.145

--- iter tau=0.1301 ---
  cipher in : afsfpsfmpspfknjbkpbcnfbpbjdncpspsfsplnpbjnnbpsqpbjeb sjdpsnjjfkf
  decrypted : noroeronereo hil elcholeliahcererorephelihhlerseli lsriaerhiio o
  real plain:  immediael familiar conceps sch as grace damnaion prgaion blasph
  cipher in : ksfpkpqnnmpakfcpsqp ecpe spkplnpdenpe nmpepokgapdmefgnpefcphsncp
  decrypted :  roe eshhnen ocerses ce sre ephea he shne eb fnean ofhe ocedrhce
  real plain: n he gien mass and are based on an esimae of he nmbers of isal m
[Rank 0] (epoch: 42, iters: 12544, time: 0.001, data: 0.001) , D_A: 0.203, G_A: 0.996, cycle_A: 0.190, D_B: 0.172, G_B: 0.932, cycle_B: 0.105, gp: 0.170

saving the latest model (epoch 42, total_iters 1440000)
[Rank 0] (epoch: 42, iters: 14144, time: 0.001, data: 0.001) , D_A: 0.113, G_A: 0.896, cycle_A: 0.185, D_B: 0.136, G_B: 1.008, cycle_B: 0.099, gp: 0.134

[Rank 0] (epoch: 42, iters: 15744, time: 0.001, data: 0.001) , D_A: 0.148, G_A: 0.925, cycle_A: 0.179, D_B: 0.208, G_B: 0.977, cycle_B: 0.099, gp: 0.206

[Rank 0] (epoch: 42, iters: 17344, time: 0.001, data: 0.001) , D_A: 0.165, G_A: 0.978, cycle_A: 0.187, D_B: 0.165, G_B: 0.977, cycle_B: 0.103, gp: 0.163

[Rank 0] (epoch: 42, iters: 18944, time: 0.001, data: 0.001) , D_A: 0.227, G_A: 0.993, cycle_A: 0.189, D_B: 0.117, G_B: 0.999, cycle_B: 0.104, gp: 0.115

[Rank 0] (epoch: 42, iters: 20544, time: 0.001, data: 0.001) , D_A: 0.148, G_A: 0.976, cycle_A: 0.183, D_B: 0.163, G_B: 0.984, cycle_B: 0.109, gp: 0.161

[Rank 0] (epoch: 42, iters: 22144, time: 0.001, data: 0.001) , D_A: 0.156, G_A: 0.968, cycle_A: 0.185, D_B: 0.094, G_B: 0.953, cycle_B: 0.109, gp: 0.092

[Rank 0] (epoch: 42, iters: 23744, time: 0.001, data: 0.001) , D_A: 0.168, G_A: 0.963, cycle_A: 0.172, D_B: 0.214, G_B: 0.976, cycle_B: 0.098, gp: 0.213

[Rank 0] (epoch: 42, iters: 25344, time: 0.001, data: 0.001) , D_A: 0.091, G_A: 1.018, cycle_A: 0.178, D_B: 0.154, G_B: 0.984, cycle_B: 0.102, gp: 0.152

[Rank 0] (epoch: 42, iters: 26944, time: 0.001, data: 0.001) , D_A: 0.143, G_A: 0.984, cycle_A: 0.180, D_B: 0.203, G_B: 0.956, cycle_B: 0.098, gp: 0.202

[Rank 0] (epoch: 42, iters: 28544, time: 0.001, data: 0.001) , D_A: 0.214, G_A: 0.948, cycle_A: 0.178, D_B: 0.147, G_B: 0.920, cycle_B: 0.109, gp: 0.143

[Rank 0] (epoch: 42, iters: 30144, time: 0.001, data: 0.001) , D_A: 0.110, G_A: 0.990, cycle_A: 0.177, D_B: 0.153, G_B: 0.907, cycle_B: 0.107, gp: 0.148

[Rank 0] (epoch: 42, iters: 31744, time: 0.001, data: 0.001) , D_A: 0.223, G_A: 0.916, cycle_A: 0.185, D_B: 0.161, G_B: 0.940, cycle_B: 0.159, gp: 0.155

[Rank 0] (epoch: 42, iters: 33344, time: 0.001, data: 0.001) , D_A: 0.232, G_A: 0.859, cycle_A: 0.181, D_B: 0.206, G_B: 0.958, cycle_B: 0.150, gp: 0.203

learning rate 0.0001636 -> 0.0001455
temperature tau = 0.1258
End of epoch 42 / 50 	 Time Taken: 28 sec
[Rank 0] (epoch: 43, iters: 128, time: 0.001, data: 0.001) , D_A: 0.327, G_A: 0.961, cycle_A: 0.175, D_B: 0.234, G_B: 0.927, cycle_B: 0.131, gp: 0.224

[Rank 0] (epoch: 43, iters: 1728, time: 0.001, data: 0.000) , D_A: 0.428, G_A: 1.161, cycle_A: 0.179, D_B: 0.191, G_B: 0.988, cycle_B: 0.145, gp: 0.188

[Rank 0] (epoch: 43, iters: 3328, time: 0.001, data: 0.001) , D_A: 0.270, G_A: 0.931, cycle_A: 0.184, D_B: 0.186, G_B: 0.932, cycle_B: 0.153, gp: 0.181

[Rank 0] (epoch: 43, iters: 4928, time: 0.001, data: 0.001) , D_A: 0.174, G_A: 0.917, cycle_A: 0.179, D_B: 0.198, G_B: 0.911, cycle_B: 0.149, gp: 0.191

[Rank 0] (epoch: 43, iters: 6528, time: 0.001, data: 0.001) , D_A: 0.322, G_A: 0.942, cycle_A: 0.184, D_B: 0.233, G_B: 0.933, cycle_B: 0.148, gp: 0.230

[Rank 0] (epoch: 43, iters: 8128, time: 0.001, data: 0.001) , D_A: 0.146, G_A: 0.987, cycle_A: 0.186, D_B: 0.211, G_B: 0.957, cycle_B: 0.159, gp: 0.204

[Rank 0] (epoch: 43, iters: 9728, time: 0.001, data: 0.001) , D_A: 0.186, G_A: 0.939, cycle_A: 0.180, D_B: 0.225, G_B: 0.995, cycle_B: 0.145, gp: 0.223

[Rank 0] (epoch: 43, iters: 11328, time: 0.001, data: 0.001) , D_A: 0.134, G_A: 0.994, cycle_A: 0.185, D_B: 0.201, G_B: 1.005, cycle_B: 0.146, gp: 0.200

[Rank 0] (epoch: 43, iters: 12928, time: 0.001, data: 0.001) , D_A: 0.199, G_A: 0.932, cycle_A: 0.181, D_B: 0.232, G_B: 1.001, cycle_B: 0.142, gp: 0.231

[Rank 0] (epoch: 43, iters: 14528, time: 0.001, data: 0.001) , D_A: 0.265, G_A: 0.980, cycle_A: 0.183, D_B: 0.144, G_B: 0.948, cycle_B: 0.156, gp: 0.142

[Rank 0] (epoch: 43, iters: 16128, time: 0.001, data: 0.001) , D_A: 0.203, G_A: 0.984, cycle_A: 0.177, D_B: 0.211, G_B: 0.977, cycle_B: 0.153, gp: 0.209

--- iter tau=0.1258 ---
  cipher in : plkbpgkplnjnpejnpsfmpspkhnbplnpdmsjksbprebpefcplnpgsjjrpcnrjnbbk
  decrypted : ep lef ephihe iheronere dhlepheanri rles le ocephefriisechsihll 
  real plain: can be mainained onl b he ependire of an effor hich limael ehass
  cipher in : plecpsp sejcplnjpspbshnlnjnpeqnjpemkgnpnfpbnfcphpcedlnjpspefpsjr
  decrypted : ep ceresr icephierelrdhphihe shie n fhehoelhocedec aphiere oeris
  real plain: a ne imeable for ihdraing heir forces from he medierranean base 
[Rank 0] (epoch: 43, iters: 17728, time: 0.001, data: 0.001) , D_A: 0.139, G_A: 0.953, cycle_A: 0.186, D_B: 0.199, G_B: 0.944, cycle_B: 0.149, gp: 0.196

saving the latest model (epoch 43, total_iters 1480000)
[Rank 0] (epoch: 43, iters: 19328, time: 0.001, data: 0.001) , D_A: 0.124, G_A: 0.970, cycle_A: 0.180, D_B: 0.190, G_B: 0.971, cycle_B: 0.142, gp: 0.188

[Rank 0] (epoch: 43, iters: 20928, time: 0.001, data: 0.001) , D_A: 0.213, G_A: 0.954, cycle_A: 0.181, D_B: 0.255, G_B: 1.005, cycle_B: 0.156, gp: 0.253

[Rank 0] (epoch: 43, iters: 22528, time: 0.001, data: 0.001) , D_A: 0.118, G_A: 0.927, cycle_A: 0.182, D_B: 0.115, G_B: 0.983, cycle_B: 0.155, gp: 0.113

[Rank 0] (epoch: 43, iters: 24128, time: 0.001, data: 0.001) , D_A: 0.124, G_A: 0.940, cycle_A: 0.191, D_B: 0.282, G_B: 0.990, cycle_B: 0.139, gp: 0.281

[Rank 0] (epoch: 43, iters: 25728, time: 0.001, data: 0.001) , D_A: 0.256, G_A: 0.919, cycle_A: 0.181, D_B: 0.112, G_B: 1.006, cycle_B: 0.156, gp: 0.110

[Rank 0] (epoch: 43, iters: 27328, time: 0.001, data: 0.001) , D_A: 0.149, G_A: 0.959, cycle_A: 0.184, D_B: 0.210, G_B: 0.967, cycle_B: 0.158, gp: 0.208

[Rank 0] (epoch: 43, iters: 28928, time: 0.001, data: 0.002) , D_A: 0.215, G_A: 0.954, cycle_A: 0.193, D_B: 0.181, G_B: 0.878, cycle_B: 0.146, gp: 0.179

[Rank 0] (epoch: 43, iters: 30528, time: 0.001, data: 0.002) , D_A: 0.241, G_A: 0.947, cycle_A: 0.177, D_B: 0.176, G_B: 0.928, cycle_B: 0.152, gp: 0.174

[Rank 0] (epoch: 43, iters: 32128, time: 0.001, data: 0.001) , D_A: 0.262, G_A: 1.013, cycle_A: 0.188, D_B: 0.181, G_B: 0.947, cycle_B: 0.140, gp: 0.178

[Rank 0] (epoch: 43, iters: 33728, time: 0.001, data: 0.001) , D_A: 0.119, G_A: 1.017, cycle_A: 0.189, D_B: 0.113, G_B: 0.970, cycle_B: 0.146, gp: 0.112

learning rate 0.0001455 -> 0.0001273
temperature tau = 0.1218
End of epoch 43 / 50 	 Time Taken: 32 sec
[Rank 0] (epoch: 44, iters: 512, time: 0.001, data: 0.014) , D_A: 0.151, G_A: 0.967, cycle_A: 0.190, D_B: 0.159, G_B: 0.964, cycle_B: 0.134, gp: 0.155

[Rank 0] (epoch: 44, iters: 2112, time: 0.001, data: 0.000) , D_A: 0.164, G_A: 0.964, cycle_A: 0.182, D_B: 0.202, G_B: 0.964, cycle_B: 0.150, gp: 0.201

[Rank 0] (epoch: 44, iters: 3712, time: 0.001, data: 0.001) , D_A: 0.106, G_A: 0.941, cycle_A: 0.181, D_B: 0.190, G_B: 0.989, cycle_B: 0.144, gp: 0.188

[Rank 0] (epoch: 44, iters: 5312, time: 0.001, data: 0.001) , D_A: 0.201, G_A: 0.972, cycle_A: 0.188, D_B: 0.130, G_B: 0.966, cycle_B: 0.150, gp: 0.127

[Rank 0] (epoch: 44, iters: 6912, time: 0.001, data: 0.001) , D_A: 0.103, G_A: 0.971, cycle_A: 0.181, D_B: 0.200, G_B: 0.995, cycle_B: 0.147, gp: 0.198

[Rank 0] (epoch: 44, iters: 8512, time: 0.001, data: 0.001) , D_A: 0.191, G_A: 0.975, cycle_A: 0.190, D_B: 0.131, G_B: 0.965, cycle_B: 0.149, gp: 0.128

[Rank 0] (epoch: 44, iters: 10112, time: 0.001, data: 0.001) , D_A: 0.218, G_A: 0.989, cycle_A: 0.174, D_B: 0.191, G_B: 0.973, cycle_B: 0.143, gp: 0.189

[Rank 0] (epoch: 44, iters: 11712, time: 0.001, data: 0.001) , D_A: 0.236, G_A: 0.892, cycle_A: 0.182, D_B: 0.213, G_B: 0.989, cycle_B: 0.145, gp: 0.212

[Rank 0] (epoch: 44, iters: 13312, time: 0.001, data: 0.001) , D_A: 0.242, G_A: 1.016, cycle_A: 0.176, D_B: 0.193, G_B: 0.966, cycle_B: 0.140, gp: 0.191

[Rank 0] (epoch: 44, iters: 14912, time: 0.001, data: 0.001) , D_A: 0.184, G_A: 0.982, cycle_A: 0.195, D_B: 0.172, G_B: 0.971, cycle_B: 0.149, gp: 0.170

[Rank 0] (epoch: 44, iters: 16512, time: 0.001, data: 0.001) , D_A: 0.249, G_A: 0.975, cycle_A: 0.179, D_B: 0.153, G_B: 0.944, cycle_B: 0.153, gp: 0.151

[Rank 0] (epoch: 44, iters: 18112, time: 0.001, data: 0.001) , D_A: 0.185, G_A: 1.006, cycle_A: 0.179, D_B: 0.165, G_B: 0.961, cycle_B: 0.135, gp: 0.163

[Rank 0] (epoch: 44, iters: 19712, time: 0.001, data: 0.001) , D_A: 0.240, G_A: 1.010, cycle_A: 0.178, D_B: 0.223, G_B: 0.952, cycle_B: 0.147, gp: 0.218

[Rank 0] (epoch: 44, iters: 21312, time: 0.001, data: 0.001) , D_A: 0.178, G_A: 0.976, cycle_A: 0.191, D_B: 0.190, G_B: 0.954, cycle_B: 0.150, gp: 0.187

--- iter tau=0.1218 ---
  cipher in : njpnjnpfsplnmrkfdplnjpebpepjnbmpblnpgsfbmncphnckgempelsjkknbpefc
  decrypted : hiehiheorephns oaephie le eihlnelphefrolnhcedhc f ne pri  hle oc
  real plain: of he fall colors hrogh skies sep clear of hae for crcial encone
  cipher in : pebpngnnckfdpnpcsfpckbgmsbnpqkfefgkempqkdjnbpsplnpr mkgpkbpdjslp
  decrypted : e lehfhhc oaehecroec lfnrlhes o of  nes aihlerephessn fe leairpe
  real plain: lands onership and se of he land and he iliies aailable here for
[Rank 0] (epoch: 44, iters: 22912, time: 0.001, data: 0.001) , D_A: 0.222, G_A: 0.953, cycle_A: 0.185, D_B: 0.282, G_B: 1.005, cycle_B: 0.140, gp: 0.280

saving the latest model (epoch 44, total_iters 1520000)
[Rank 0] (epoch: 44, iters: 24512, time: 0.001, data: 0.001) , D_A: 0.175, G_A: 1.005, cycle_A: 0.181, D_B: 0.210, G_B: 0.968, cycle_B: 0.139, gp: 0.208

[Rank 0] (epoch: 44, iters: 26112, time: 0.001, data: 0.001) , D_A: 0.111, G_A: 1.013, cycle_A: 0.181, D_B: 0.172, G_B: 0.972, cycle_B: 0.156, gp: 0.170

[Rank 0] (epoch: 44, iters: 27712, time: 0.001, data: 0.001) , D_A: 0.281, G_A: 0.989, cycle_A: 0.186, D_B: 0.222, G_B: 0.958, cycle_B: 0.133, gp: 0.221

[Rank 0] (epoch: 44, iters: 29312, time: 0.001, data: 0.001) , D_A: 0.178, G_A: 0.975, cycle_A: 0.193, D_B: 0.161, G_B: 1.006, cycle_B: 0.146, gp: 0.159

[Rank 0] (epoch: 44, iters: 30912, time: 0.001, data: 0.001) , D_A: 0.296, G_A: 1.005, cycle_A: 0.178, D_B: 0.173, G_B: 0.998, cycle_B: 0.139, gp: 0.168

[Rank 0] (epoch: 44, iters: 32512, time: 0.001, data: 0.001) , D_A: 0.308, G_A: 0.965, cycle_A: 0.185, D_B: 0.279, G_B: 1.006, cycle_B: 0.153, gp: 0.276

[Rank 0] (epoch: 44, iters: 34112, time: 0.001, data: 0.001) , D_A: 0.267, G_A: 0.793, cycle_A: 0.182, D_B: 0.196, G_B: 0.961, cycle_B: 0.141, gp: 0.195

learning rate 0.0001273 -> 0.0001091
temperature tau = 0.1178
End of epoch 44 / 50 	 Time Taken: 28 sec
[Rank 0] (epoch: 45, iters: 896, time: 0.001, data: 0.001) , D_A: 0.139, G_A: 0.989, cycle_A: 0.186, D_B: 0.224, G_B: 0.970, cycle_B: 0.145, gp: 0.222

[Rank 0] (epoch: 45, iters: 2496, time: 0.001, data: 0.001) , D_A: 0.167, G_A: 0.968, cycle_A: 0.177, D_B: 0.225, G_B: 0.959, cycle_B: 0.144, gp: 0.224

[Rank 0] (epoch: 45, iters: 4096, time: 0.001, data: 0.001) , D_A: 0.148, G_A: 0.967, cycle_A: 0.186, D_B: 0.258, G_B: 0.976, cycle_B: 0.145, gp: 0.256

[Rank 0] (epoch: 45, iters: 5696, time: 0.001, data: 0.001) , D_A: 0.251, G_A: 1.004, cycle_A: 0.190, D_B: 0.254, G_B: 0.985, cycle_B: 0.146, gp: 0.252

[Rank 0] (epoch: 45, iters: 7296, time: 0.001, data: 0.001) , D_A: 0.233, G_A: 0.978, cycle_A: 0.178, D_B: 0.305, G_B: 0.962, cycle_B: 0.155, gp: 0.302

[Rank 0] (epoch: 45, iters: 8896, time: 0.001, data: 0.001) , D_A: 0.169, G_A: 0.961, cycle_A: 0.174, D_B: 0.259, G_B: 0.966, cycle_B: 0.146, gp: 0.258

[Rank 0] (epoch: 45, iters: 10496, time: 0.001, data: 0.001) , D_A: 0.089, G_A: 0.975, cycle_A: 0.184, D_B: 0.259, G_B: 0.970, cycle_B: 0.144, gp: 0.258

[Rank 0] (epoch: 45, iters: 12096, time: 0.001, data: 0.001) , D_A: 0.216, G_A: 0.972, cycle_A: 0.188, D_B: 0.286, G_B: 0.995, cycle_B: 0.148, gp: 0.284

[Rank 0] (epoch: 45, iters: 13696, time: 0.001, data: 0.001) , D_A: 0.171, G_A: 0.904, cycle_A: 0.178, D_B: 0.168, G_B: 0.982, cycle_B: 0.156, gp: 0.165

[Rank 0] (epoch: 45, iters: 15296, time: 0.001, data: 0.001) , D_A: 0.178, G_A: 0.957, cycle_A: 0.188, D_B: 0.184, G_B: 0.979, cycle_B: 0.147, gp: 0.181

[Rank 0] (epoch: 45, iters: 16896, time: 0.001, data: 0.001) , D_A: 0.177, G_A: 0.979, cycle_A: 0.181, D_B: 0.179, G_B: 0.966, cycle_B: 0.152, gp: 0.177

[Rank 0] (epoch: 45, iters: 18496, time: 0.001, data: 0.001) , D_A: 0.251, G_A: 0.943, cycle_A: 0.168, D_B: 0.165, G_B: 0.956, cycle_B: 0.152, gp: 0.164

[Rank 0] (epoch: 45, iters: 20096, time: 0.001, data: 0.001) , D_A: 0.081, G_A: 0.995, cycle_A: 0.184, D_B: 0.164, G_B: 0.948, cycle_B: 0.152, gp: 0.162

[Rank 0] (epoch: 45, iters: 21696, time: 0.001, data: 0.001) , D_A: 0.129, G_A: 1.005, cycle_A: 0.177, D_B: 0.189, G_B: 0.998, cycle_B: 0.151, gp: 0.187

[Rank 0] (epoch: 45, iters: 23296, time: 0.001, data: 0.001) , D_A: 0.182, G_A: 0.937, cycle_A: 0.188, D_B: 0.189, G_B: 0.987, cycle_B: 0.157, gp: 0.186

[Rank 0] (epoch: 45, iters: 24896, time: 0.001, data: 0.001) , D_A: 0.144, G_A: 0.966, cycle_A: 0.172, D_B: 0.232, G_B: 0.975, cycle_B: 0.143, gp: 0.231

[Rank 0] (epoch: 45, iters: 26496, time: 0.001, data: 0.001) , D_A: 0.179, G_A: 1.010, cycle_A: 0.183, D_B: 0.190, G_B: 1.001, cycle_B: 0.145, gp: 0.188

--- iter tau=0.1178 ---
  cipher in : khnbpklp ecpjnbmbpnnfpeqnjplnpqkjbpeblpbkfgnprjegkgempeblkfdprjs
  decrypted :  dhle pes ceihlnlehhoe shiephes ile lpel ofhesi f f ne lp oaesir
  real plain:  her ees o eileen cried and samped her foo hen i came back from 
  cipher in : fkfgkfdpkqp mheffbpsfpcnqkfkksfpsqphlpkbpbjkgmpeclnjncpspefcpkpk
  decrypted : o of oae sesnd ooleroechs o  roersedpe leli fne cphihcere oce e 
  real plain:  or anone else b i am afraid mr eskers mea and poaoes dish isn e
[Rank 0] (epoch: 45, iters: 28096, time: 0.001, data: 0.001) , D_A: 0.115, G_A: 0.972, cycle_A: 0.190, D_B: 0.152, G_B: 1.001, cycle_B: 0.136, gp: 0.150

saving the latest model (epoch 45, total_iters 1560000)
[Rank 0] (epoch: 45, iters: 29696, time: 0.001, data: 0.001) , D_A: 0.200, G_A: 1.001, cycle_A: 0.201, D_B: 0.138, G_B: 0.969, cycle_B: 0.150, gp: 0.136

[Rank 0] (epoch: 45, iters: 31296, time: 0.001, data: 0.001) , D_A: 0.210, G_A: 0.989, cycle_A: 0.182, D_B: 0.251, G_B: 0.958, cycle_B: 0.154, gp: 0.250

[Rank 0] (epoch: 45, iters: 32896, time: 0.001, data: 0.001) , D_A: 0.175, G_A: 0.924, cycle_A: 0.185, D_B: 0.180, G_B: 0.939, cycle_B: 0.155, gp: 0.178

[Rank 0] (epoch: 45, iters: 34496, time: 0.001, data: 0.001) , D_A: 0.164, G_A: 0.922, cycle_A: 0.188, D_B: 0.195, G_B: 1.005, cycle_B: 0.150, gp: 0.194

learning rate 0.0001091 -> 0.0000909
temperature tau = 0.1140
End of epoch 45 / 50 	 Time Taken: 29 sec
[Rank 0] (epoch: 46, iters: 1280, time: 0.001, data: 0.001) , D_A: 0.321, G_A: 0.985, cycle_A: 0.179, D_B: 0.226, G_B: 0.935, cycle_B: 0.156, gp: 0.224

[Rank 0] (epoch: 46, iters: 2880, time: 0.001, data: 0.001) , D_A: 0.174, G_A: 1.023, cycle_A: 0.176, D_B: 0.190, G_B: 0.899, cycle_B: 0.145, gp: 0.188

[Rank 0] (epoch: 46, iters: 4480, time: 0.001, data: 0.001) , D_A: 0.146, G_A: 0.998, cycle_A: 0.177, D_B: 0.141, G_B: 0.983, cycle_B: 0.150, gp: 0.139

[Rank 0] (epoch: 46, iters: 6080, time: 0.001, data: 0.001) , D_A: 0.142, G_A: 0.978, cycle_A: 0.189, D_B: 0.208, G_B: 0.959, cycle_B: 0.145, gp: 0.206

[Rank 0] (epoch: 46, iters: 7680, time: 0.001, data: 0.001) , D_A: 0.152, G_A: 0.973, cycle_A: 0.183, D_B: 0.289, G_B: 1.014, cycle_B: 0.155, gp: 0.288

[Rank 0] (epoch: 46, iters: 9280, time: 0.001, data: 0.001) , D_A: 0.156, G_A: 0.994, cycle_A: 0.184, D_B: 0.157, G_B: 0.880, cycle_B: 0.144, gp: 0.155

[Rank 0] (epoch: 46, iters: 10880, time: 0.001, data: 0.001) , D_A: 0.204, G_A: 0.979, cycle_A: 0.182, D_B: 0.164, G_B: 1.010, cycle_B: 0.149, gp: 0.162

[Rank 0] (epoch: 46, iters: 12480, time: 0.001, data: 0.001) , D_A: 0.133, G_A: 0.963, cycle_A: 0.190, D_B: 0.190, G_B: 0.979, cycle_B: 0.156, gp: 0.188

[Rank 0] (epoch: 46, iters: 14080, time: 0.001, data: 0.001) , D_A: 0.232, G_A: 0.912, cycle_A: 0.193, D_B: 0.149, G_B: 0.921, cycle_B: 0.144, gp: 0.147

[Rank 0] (epoch: 46, iters: 15680, time: 0.001, data: 0.001) , D_A: 0.160, G_A: 0.926, cycle_A: 0.189, D_B: 0.180, G_B: 0.970, cycle_B: 0.146, gp: 0.178

[Rank 0] (epoch: 46, iters: 17280, time: 0.001, data: 0.001) , D_A: 0.194, G_A: 0.913, cycle_A: 0.186, D_B: 0.247, G_B: 0.968, cycle_B: 0.144, gp: 0.246

[Rank 0] (epoch: 46, iters: 18880, time: 0.001, data: 0.001) , D_A: 0.194, G_A: 0.913, cycle_A: 0.179, D_B: 0.188, G_B: 0.984, cycle_B: 0.152, gp: 0.187

[Rank 0] (epoch: 46, iters: 20480, time: 0.001, data: 0.001) , D_A: 0.215, G_A: 0.960, cycle_A: 0.183, D_B: 0.188, G_B: 0.958, cycle_B: 0.152, gp: 0.186

[Rank 0] (epoch: 46, iters: 22080, time: 0.001, data: 0.001) , D_A: 0.155, G_A: 0.977, cycle_A: 0.185, D_B: 0.197, G_B: 0.957, cycle_B: 0.156, gp: 0.195

[Rank 0] (epoch: 46, iters: 23680, time: 0.001, data: 0.001) , D_A: 0.133, G_A: 1.001, cycle_A: 0.181, D_B: 0.187, G_B: 0.970, cycle_B: 0.146, gp: 0.185

[Rank 0] (epoch: 46, iters: 25280, time: 0.001, data: 0.001) , D_A: 0.160, G_A: 0.916, cycle_A: 0.176, D_B: 0.153, G_B: 0.926, cycle_B: 0.141, gp: 0.152

[Rank 0] (epoch: 46, iters: 26880, time: 0.001, data: 0.001) , D_A: 0.126, G_A: 0.957, cycle_A: 0.189, D_B: 0.214, G_B: 0.999, cycle_B: 0.145, gp: 0.213

[Rank 0] (epoch: 46, iters: 28480, time: 0.001, data: 0.001) , D_A: 0.170, G_A: 0.950, cycle_A: 0.192, D_B: 0.229, G_B: 0.978, cycle_B: 0.145, gp: 0.227

[Rank 0] (epoch: 46, iters: 30080, time: 0.001, data: 0.001) , D_A: 0.147, G_A: 0.967, cycle_A: 0.179, D_B: 0.224, G_B: 0.978, cycle_B: 0.148, gp: 0.223

[Rank 0] (epoch: 46, iters: 31680, time: 0.001, data: 0.001) , D_A: 0.173, G_A: 0.984, cycle_A: 0.177, D_B: 0.156, G_B: 1.000, cycle_B: 0.153, gp: 0.154

--- iter tau=0.1140 ---
  cipher in : njfkplnprebbksfpsqplnpmefcpbshnplenpbnnfpjnkemkbhpefcplnpbnejglp
  decrypted : mio epmes ll roersepmen ocelrdmep melmmoeim  n lde ocepmelm ifpe
  real plain:  o be belieed deailed informaion on record lenghs of he gians is
  cipher in : bpbnemncpjekfp jsdlplnpjniskfcnjpleplkbpebpephlpeakfpspdnsjdnpeb
  decrypted : lelm nmcei  oesirapepmeimjr ocmiep ep le le edpe n oereamriame l
  real plain: mmonsense objecs if ar is o release s from hese poslaed hings hi
[Rank 0] (epoch: 46, iters: 33280, time: 0.001, data: 0.001) , D_A: 0.105, G_A: 0.992, cycle_A: 0.186, D_B: 0.164, G_B: 0.964, cycle_B: 0.155, gp: 0.163

saving the latest model (epoch 46, total_iters 1600000)
learning rate 0.0000909 -> 0.0000727
temperature tau = 0.1104
End of epoch 46 / 50 	 Time Taken: 29 sec
[Rank 0] (epoch: 47, iters: 64, time: 0.001, data: 0.001) , D_A: 0.207, G_A: 0.939, cycle_A: 0.185, D_B: 0.182, G_B: 0.974, cycle_B: 0.134, gp: 0.180

[Rank 0] (epoch: 47, iters: 1664, time: 0.001, data: 0.000) , D_A: 0.115, G_A: 0.937, cycle_A: 0.178, D_B: 0.211, G_B: 0.967, cycle_B: 0.145, gp: 0.210

[Rank 0] (epoch: 47, iters: 3264, time: 0.001, data: 0.001) , D_A: 0.266, G_A: 0.985, cycle_A: 0.175, D_B: 0.161, G_B: 0.998, cycle_B: 0.154, gp: 0.159

[Rank 0] (epoch: 47, iters: 4864, time: 0.001, data: 0.001) , D_A: 0.168, G_A: 0.944, cycle_A: 0.200, D_B: 0.126, G_B: 0.975, cycle_B: 0.148, gp: 0.122

[Rank 0] (epoch: 47, iters: 6464, time: 0.001, data: 0.001) , D_A: 0.113, G_A: 0.965, cycle_A: 0.185, D_B: 0.123, G_B: 0.986, cycle_B: 0.147, gp: 0.121

[Rank 0] (epoch: 47, iters: 8064, time: 0.001, data: 0.001) , D_A: 0.176, G_A: 0.939, cycle_A: 0.182, D_B: 0.211, G_B: 0.979, cycle_B: 0.160, gp: 0.208

[Rank 0] (epoch: 47, iters: 9664, time: 0.001, data: 0.001) , D_A: 0.158, G_A: 0.988, cycle_A: 0.177, D_B: 0.207, G_B: 0.912, cycle_B: 0.144, gp: 0.204

[Rank 0] (epoch: 47, iters: 11264, time: 0.001, data: 0.001) , D_A: 0.156, G_A: 0.919, cycle_A: 0.187, D_B: 0.185, G_B: 0.948, cycle_B: 0.149, gp: 0.183

[Rank 0] (epoch: 47, iters: 12864, time: 0.001, data: 0.001) , D_A: 0.152, G_A: 0.994, cycle_A: 0.178, D_B: 0.206, G_B: 0.966, cycle_B: 0.141, gp: 0.205

[Rank 0] (epoch: 47, iters: 14464, time: 0.001, data: 0.001) , D_A: 0.310, G_A: 0.975, cycle_A: 0.177, D_B: 0.136, G_B: 0.937, cycle_B: 0.157, gp: 0.133

[Rank 0] (epoch: 47, iters: 16064, time: 0.001, data: 0.001) , D_A: 0.195, G_A: 0.989, cycle_A: 0.184, D_B: 0.120, G_B: 0.967, cycle_B: 0.152, gp: 0.119

[Rank 0] (epoch: 47, iters: 17664, time: 0.001, data: 0.001) , D_A: 0.240, G_A: 1.005, cycle_A: 0.180, D_B: 0.102, G_B: 0.984, cycle_B: 0.149, gp: 0.101

[Rank 0] (epoch: 47, iters: 19264, time: 0.001, data: 0.001) , D_A: 0.198, G_A: 0.982, cycle_A: 0.174, D_B: 0.115, G_B: 0.931, cycle_B: 0.142, gp: 0.113

[Rank 0] (epoch: 47, iters: 20864, time: 0.001, data: 0.001) , D_A: 0.238, G_A: 0.998, cycle_A: 0.191, D_B: 0.146, G_B: 1.006, cycle_B: 0.156, gp: 0.143

[Rank 0] (epoch: 47, iters: 22464, time: 0.001, data: 0.001) , D_A: 0.230, G_A: 0.963, cycle_A: 0.187, D_B: 0.206, G_B: 0.975, cycle_B: 0.156, gp: 0.204

[Rank 0] (epoch: 47, iters: 24064, time: 0.001, data: 0.001) , D_A: 0.175, G_A: 0.972, cycle_A: 0.185, D_B: 0.187, G_B: 0.968, cycle_B: 0.146, gp: 0.185

[Rank 0] (epoch: 47, iters: 25664, time: 0.001, data: 0.001) , D_A: 0.184, G_A: 0.933, cycle_A: 0.180, D_B: 0.215, G_B: 0.970, cycle_B: 0.155, gp: 0.214

[Rank 0] (epoch: 47, iters: 27264, time: 0.001, data: 0.001) , D_A: 0.125, G_A: 0.991, cycle_A: 0.188, D_B: 0.217, G_B: 1.003, cycle_B: 0.159, gp: 0.216

[Rank 0] (epoch: 47, iters: 28864, time: 0.001, data: 0.001) , D_A: 0.145, G_A: 0.976, cycle_A: 0.176, D_B: 0.226, G_B: 0.984, cycle_B: 0.147, gp: 0.225

[Rank 0] (epoch: 47, iters: 30464, time: 0.001, data: 0.001) , D_A: 0.206, G_A: 0.960, cycle_A: 0.188, D_B: 0.105, G_B: 0.949, cycle_B: 0.150, gp: 0.101

[Rank 0] (epoch: 47, iters: 32064, time: 0.001, data: 0.001) , D_A: 0.171, G_A: 0.964, cycle_A: 0.188, D_B: 0.159, G_B: 0.968, cycle_B: 0.141, gp: 0.155

[Rank 0] (epoch: 47, iters: 33664, time: 0.001, data: 0.001) , D_A: 0.167, G_A: 1.006, cycle_A: 0.183, D_B: 0.234, G_B: 0.958, cycle_B: 0.145, gp: 0.232

learning rate 0.0000727 -> 0.0000545
temperature tau = 0.1068
End of epoch 47 / 50 	 Time Taken: 28 sec
[Rank 0] (epoch: 48, iters: 448, time: 0.001, data: 0.001) , D_A: 0.181, G_A: 0.956, cycle_A: 0.174, D_B: 0.202, G_B: 1.006, cycle_B: 0.133, gp: 0.200

[Rank 0] (epoch: 48, iters: 2048, time: 0.001, data: 0.000) , D_A: 0.086, G_A: 0.958, cycle_A: 0.179, D_B: 0.193, G_B: 0.942, cycle_B: 0.146, gp: 0.191

--- iter tau=0.1068 ---
  cipher in : pckcpfslkfdpspemmnkenplnkjpsjhnfplnpnrkjncpehkcpkfcnbgjk e mnpqe
  decrypted : ec ceorp oaere nnh  heph ieridhoephehs ihce d ce ochlfi s snhes 
  real plain: eral ones are no sricl speaking meaphorical b he combine o creae
  cipher in : dsmc njdpqnmmpkfspmkfnpklphjplscdnbperrjekbemplsdlplnjnplebp nnf
  decrypted : arncshiaeshnne oren ohe pedieprcahle ssi  l neprapephihep leshho
  real plain: ermines he loer limi of loop gain raher han response ime i ms be
[Rank 0] (epoch: 48, iters: 3648, time: 0.001, data: 0.001) , D_A: 0.163, G_A: 0.980, cycle_A: 0.189, D_B: 0.301, G_B: 0.978, cycle_B: 0.144, gp: 0.300

saving the latest model (epoch 48, total_iters 1640000)
[Rank 0] (epoch: 48, iters: 5248, time: 0.001, data: 0.001) , D_A: 0.156, G_A: 0.982, cycle_A: 0.178, D_B: 0.150, G_B: 0.996, cycle_B: 0.150, gp: 0.148

[Rank 0] (epoch: 48, iters: 6848, time: 0.001, data: 0.001) , D_A: 0.141, G_A: 0.971, cycle_A: 0.176, D_B: 0.181, G_B: 0.960, cycle_B: 0.147, gp: 0.180

[Rank 0] (epoch: 48, iters: 8448, time: 0.001, data: 0.001) , D_A: 0.164, G_A: 0.994, cycle_A: 0.188, D_B: 0.228, G_B: 0.964, cycle_B: 0.148, gp: 0.226

[Rank 0] (epoch: 48, iters: 10048, time: 0.001, data: 0.001) , D_A: 0.217, G_A: 0.955, cycle_A: 0.179, D_B: 0.106, G_B: 0.965, cycle_B: 0.143, gp: 0.105

[Rank 0] (epoch: 48, iters: 11648, time: 0.001, data: 0.001) , D_A: 0.168, G_A: 0.975, cycle_A: 0.177, D_B: 0.190, G_B: 0.950, cycle_B: 0.144, gp: 0.188

[Rank 0] (epoch: 48, iters: 13248, time: 0.001, data: 0.001) , D_A: 0.157, G_A: 0.991, cycle_A: 0.194, D_B: 0.158, G_B: 0.979, cycle_B: 0.140, gp: 0.157

[Rank 0] (epoch: 48, iters: 14848, time: 0.001, data: 0.001) , D_A: 0.187, G_A: 0.979, cycle_A: 0.178, D_B: 0.116, G_B: 0.954, cycle_B: 0.155, gp: 0.114

[Rank 0] (epoch: 48, iters: 16448, time: 0.001, data: 0.001) , D_A: 0.112, G_A: 0.962, cycle_A: 0.181, D_B: 0.231, G_B: 0.970, cycle_B: 0.152, gp: 0.230

[Rank 0] (epoch: 48, iters: 18048, time: 0.001, data: 0.001) , D_A: 0.181, G_A: 0.966, cycle_A: 0.184, D_B: 0.297, G_B: 0.984, cycle_B: 0.136, gp: 0.294

[Rank 0] (epoch: 48, iters: 19648, time: 0.001, data: 0.001) , D_A: 0.171, G_A: 0.894, cycle_A: 0.188, D_B: 0.140, G_B: 0.976, cycle_B: 0.148, gp: 0.137

[Rank 0] (epoch: 48, iters: 21248, time: 0.001, data: 0.001) , D_A: 0.124, G_A: 0.941, cycle_A: 0.181, D_B: 0.161, G_B: 0.989, cycle_B: 0.150, gp: 0.159

[Rank 0] (epoch: 48, iters: 22848, time: 0.001, data: 0.001) , D_A: 0.203, G_A: 0.985, cycle_A: 0.185, D_B: 0.228, G_B: 0.975, cycle_B: 0.140, gp: 0.226

[Rank 0] (epoch: 48, iters: 24448, time: 0.001, data: 0.001) , D_A: 0.220, G_A: 0.965, cycle_A: 0.184, D_B: 0.147, G_B: 0.964, cycle_B: 0.139, gp: 0.146

[Rank 0] (epoch: 48, iters: 26048, time: 0.001, data: 0.001) , D_A: 0.179, G_A: 1.002, cycle_A: 0.179, D_B: 0.107, G_B: 0.996, cycle_B: 0.155, gp: 0.106

[Rank 0] (epoch: 48, iters: 27648, time: 0.001, data: 0.001) , D_A: 0.174, G_A: 0.916, cycle_A: 0.182, D_B: 0.149, G_B: 0.985, cycle_B: 0.159, gp: 0.147

[Rank 0] (epoch: 48, iters: 29248, time: 0.001, data: 0.001) , D_A: 0.153, G_A: 0.995, cycle_A: 0.189, D_B: 0.095, G_B: 0.988, cycle_B: 0.150, gp: 0.093

[Rank 0] (epoch: 48, iters: 30848, time: 0.001, data: 0.001) , D_A: 0.103, G_A: 0.985, cycle_A: 0.171, D_B: 0.186, G_B: 0.997, cycle_B: 0.146, gp: 0.184

[Rank 0] (epoch: 48, iters: 32448, time: 0.001, data: 0.001) , D_A: 0.138, G_A: 0.972, cycle_A: 0.181, D_B: 0.223, G_B: 0.951, cycle_B: 0.157, gp: 0.221

[Rank 0] (epoch: 48, iters: 34048, time: 0.001, data: 0.001) , D_A: 0.180, G_A: 0.943, cycle_A: 0.190, D_B: 0.240, G_B: 1.016, cycle_B: 0.145, gp: 0.238

learning rate 0.0000545 -> 0.0000364
temperature tau = 0.1033
End of epoch 48 / 50 	 Time Taken: 28 sec
[Rank 0] (epoch: 49, iters: 832, time: 0.001, data: 0.001) , D_A: 0.209, G_A: 0.985, cycle_A: 0.181, D_B: 0.120, G_B: 0.989, cycle_B: 0.149, gp: 0.119

[Rank 0] (epoch: 49, iters: 2432, time: 0.001, data: 0.000) , D_A: 0.177, G_A: 0.954, cycle_A: 0.189, D_B: 0.253, G_B: 0.979, cycle_B: 0.148, gp: 0.252

[Rank 0] (epoch: 49, iters: 4032, time: 0.001, data: 0.001) , D_A: 0.091, G_A: 0.944, cycle_A: 0.185, D_B: 0.152, G_B: 0.935, cycle_B: 0.144, gp: 0.150

[Rank 0] (epoch: 49, iters: 5632, time: 0.001, data: 0.001) , D_A: 0.194, G_A: 0.944, cycle_A: 0.181, D_B: 0.203, G_B: 0.977, cycle_B: 0.150, gp: 0.202

[Rank 0] (epoch: 49, iters: 7232, time: 0.001, data: 0.001) , D_A: 0.174, G_A: 0.976, cycle_A: 0.188, D_B: 0.129, G_B: 0.945, cycle_B: 0.155, gp: 0.127

--- iter tau=0.1033 ---
  cipher in : msdjnnfp mndjnnfp jsfpefcprkfapkmnbpnjnpqkjncpsfgnpspgsfnpjsfcpr
  decrypted : nraihhoesnhaihhoesiroe oces one nhlehihes ihcerofherefroheiroces
  real plain: s and he fel as if he old break don and eep oh no no again he sa
  cipher in : hnefbplenpfspjekbncpbnjksbponbksfbpe splnpemnpsqplnplkdlnfnjdpqn
  decrypted : dh olep heorei  lhcelhi rlebhl role srephe nhersephep aphohiaesh
  real plain: f ih all he joos spiri of a child going on a holida nodding aeni
[Rank 0] (epoch: 49, iters: 8832, time: 0.001, data: 0.001) , D_A: 0.238, G_A: 0.967, cycle_A: 0.181, D_B: 0.226, G_B: 0.930, cycle_B: 0.146, gp: 0.224

saving the latest model (epoch 49, total_iters 1680000)
[Rank 0] (epoch: 49, iters: 10432, time: 0.001, data: 0.001) , D_A: 0.282, G_A: 0.983, cycle_A: 0.180, D_B: 0.181, G_B: 0.989, cycle_B: 0.144, gp: 0.179

[Rank 0] (epoch: 49, iters: 12032, time: 0.001, data: 0.001) , D_A: 0.208, G_A: 0.956, cycle_A: 0.181, D_B: 0.120, G_B: 0.954, cycle_B: 0.148, gp: 0.118

[Rank 0] (epoch: 49, iters: 13632, time: 0.001, data: 0.001) , D_A: 0.137, G_A: 0.948, cycle_A: 0.175, D_B: 0.249, G_B: 0.948, cycle_B: 0.156, gp: 0.245

[Rank 0] (epoch: 49, iters: 15232, time: 0.001, data: 0.001) , D_A: 0.119, G_A: 0.966, cycle_A: 0.186, D_B: 0.136, G_B: 0.974, cycle_B: 0.147, gp: 0.134

[Rank 0] (epoch: 49, iters: 16832, time: 0.001, data: 0.001) , D_A: 0.148, G_A: 0.951, cycle_A: 0.178, D_B: 0.150, G_B: 0.991, cycle_B: 0.152, gp: 0.149

[Rank 0] (epoch: 49, iters: 18432, time: 0.001, data: 0.001) , D_A: 0.153, G_A: 0.960, cycle_A: 0.185, D_B: 0.161, G_B: 0.932, cycle_B: 0.136, gp: 0.158

[Rank 0] (epoch: 49, iters: 20032, time: 0.001, data: 0.001) , D_A: 0.148, G_A: 0.946, cycle_A: 0.182, D_B: 0.090, G_B: 0.994, cycle_B: 0.152, gp: 0.089

[Rank 0] (epoch: 49, iters: 21632, time: 0.001, data: 0.001) , D_A: 0.148, G_A: 0.978, cycle_A: 0.175, D_B: 0.145, G_B: 0.991, cycle_B: 0.151, gp: 0.144

[Rank 0] (epoch: 49, iters: 23232, time: 0.001, data: 0.001) , D_A: 0.152, G_A: 0.977, cycle_A: 0.181, D_B: 0.129, G_B: 0.980, cycle_B: 0.157, gp: 0.127

[Rank 0] (epoch: 49, iters: 24832, time: 0.001, data: 0.001) , D_A: 0.182, G_A: 0.974, cycle_A: 0.188, D_B: 0.117, G_B: 0.955, cycle_B: 0.143, gp: 0.115

[Rank 0] (epoch: 49, iters: 26432, time: 0.001, data: 0.001) , D_A: 0.153, G_A: 0.957, cycle_A: 0.186, D_B: 0.206, G_B: 0.963, cycle_B: 0.145, gp: 0.204

[Rank 0] (epoch: 49, iters: 28032, time: 0.001, data: 0.001) , D_A: 0.168, G_A: 0.976, cycle_A: 0.176, D_B: 0.191, G_B: 0.982, cycle_B: 0.136, gp: 0.190

[Rank 0] (epoch: 49, iters: 29632, time: 0.001, data: 0.001) , D_A: 0.148, G_A: 0.947, cycle_A: 0.184, D_B: 0.172, G_B: 1.010, cycle_B: 0.150, gp: 0.170

[Rank 0] (epoch: 49, iters: 31232, time: 0.001, data: 0.001) , D_A: 0.225, G_A: 0.979, cycle_A: 0.185, D_B: 0.193, G_B: 0.968, cycle_B: 0.146, gp: 0.191

[Rank 0] (epoch: 49, iters: 32832, time: 0.001, data: 0.001) , D_A: 0.175, G_A: 0.955, cycle_A: 0.175, D_B: 0.154, G_B: 0.977, cycle_B: 0.155, gp: 0.153

[Rank 0] (epoch: 49, iters: 34432, time: 0.001, data: 0.001) , D_A: 0.173, G_A: 0.967, cycle_A: 0.182, D_B: 0.181, G_B: 0.968, cycle_B: 0.149, gp: 0.179

learning rate 0.0000364 -> 0.0000182
temperature tau = 0.1000
End of epoch 49 / 50 	 Time Taken: 28 sec
[Rank 0] (epoch: 50, iters: 1216, time: 0.001, data: 0.001) , D_A: 0.195, G_A: 0.963, cycle_A: 0.186, D_B: 0.238, G_B: 0.977, cycle_B: 0.157, gp: 0.236

[Rank 0] (epoch: 50, iters: 2816, time: 0.001, data: 0.001) , D_A: 0.197, G_A: 0.947, cycle_A: 0.184, D_B: 0.165, G_B: 0.965, cycle_B: 0.146, gp: 0.164

[Rank 0] (epoch: 50, iters: 4416, time: 0.001, data: 0.001) , D_A: 0.125, G_A: 0.985, cycle_A: 0.189, D_B: 0.172, G_B: 0.966, cycle_B: 0.151, gp: 0.170

[Rank 0] (epoch: 50, iters: 6016, time: 0.001, data: 0.001) , D_A: 0.126, G_A: 0.965, cycle_A: 0.183, D_B: 0.194, G_B: 0.982, cycle_B: 0.146, gp: 0.193

[Rank 0] (epoch: 50, iters: 7616, time: 0.001, data: 0.001) , D_A: 0.140, G_A: 0.961, cycle_A: 0.181, D_B: 0.122, G_B: 0.951, cycle_B: 0.155, gp: 0.121

[Rank 0] (epoch: 50, iters: 9216, time: 0.001, data: 0.001) , D_A: 0.163, G_A: 0.950, cycle_A: 0.191, D_B: 0.260, G_B: 0.956, cycle_B: 0.146, gp: 0.257

[Rank 0] (epoch: 50, iters: 10816, time: 0.001, data: 0.001) , D_A: 0.165, G_A: 0.910, cycle_A: 0.184, D_B: 0.201, G_B: 0.971, cycle_B: 0.149, gp: 0.199

[Rank 0] (epoch: 50, iters: 12416, time: 0.001, data: 0.001) , D_A: 0.175, G_A: 0.979, cycle_A: 0.184, D_B: 0.204, G_B: 0.978, cycle_B: 0.157, gp: 0.203

--- iter tau=0.1000 ---
  cipher in : npbnpsqpfgmnejpnersfbplebplnpmep plepkqpbshn scpcngkcnbpsp jneap
  decrypted : helherseofnh ieh sroleg leghen eseg e selrdhsrcechf chleresih ne
  real plain: rimph a one poin lae in he da hen palmer as lining p a foo p on 
  cipher in : gshnpebpnjpeggjenmprnjbsfkqkfdpefpnmnhnfpsqps fsksbpgsfcnbgnfbks
  decrypted : frdhe lehie ffi hneshilro s oae oehnhdhoersersor rlefrochlfhol r
  real plain:  hear sddenl opened o jo he hogh ha if once onl once he cold alk
[Rank 0] (epoch: 50, iters: 14016, time: 0.001, data: 0.001) , D_A: 0.146, G_A: 0.957, cycle_A: 0.184, D_B: 0.123, G_B: 0.984, cycle_B: 0.144, gp: 0.122

saving the latest model (epoch 50, total_iters 1720000)
[Rank 0] (epoch: 50, iters: 15616, time: 0.001, data: 0.001) , D_A: 0.132, G_A: 0.970, cycle_A: 0.173, D_B: 0.162, G_B: 0.955, cycle_B: 0.145, gp: 0.160

[Rank 0] (epoch: 50, iters: 17216, time: 0.001, data: 0.001) , D_A: 0.180, G_A: 0.966, cycle_A: 0.192, D_B: 0.162, G_B: 0.958, cycle_B: 0.144, gp: 0.160

[Rank 0] (epoch: 50, iters: 18816, time: 0.001, data: 0.001) , D_A: 0.146, G_A: 0.949, cycle_A: 0.186, D_B: 0.255, G_B: 0.984, cycle_B: 0.152, gp: 0.253

[Rank 0] (epoch: 50, iters: 20416, time: 0.001, data: 0.001) , D_A: 0.166, G_A: 0.942, cycle_A: 0.182, D_B: 0.072, G_B: 0.967, cycle_B: 0.152, gp: 0.070

[Rank 0] (epoch: 50, iters: 22016, time: 0.001, data: 0.001) , D_A: 0.164, G_A: 0.953, cycle_A: 0.185, D_B: 0.172, G_B: 0.984, cycle_B: 0.151, gp: 0.170

[Rank 0] (epoch: 50, iters: 23616, time: 0.001, data: 0.001) , D_A: 0.250, G_A: 0.936, cycle_A: 0.176, D_B: 0.185, G_B: 0.959, cycle_B: 0.146, gp: 0.183

[Rank 0] (epoch: 50, iters: 25216, time: 0.001, data: 0.001) , D_A: 0.143, G_A: 0.968, cycle_A: 0.188, D_B: 0.236, G_B: 0.922, cycle_B: 0.141, gp: 0.234

[Rank 0] (epoch: 50, iters: 26816, time: 0.001, data: 0.001) , D_A: 0.212, G_A: 0.952, cycle_A: 0.181, D_B: 0.186, G_B: 0.964, cycle_B: 0.146, gp: 0.183

[Rank 0] (epoch: 50, iters: 28416, time: 0.001, data: 0.001) , D_A: 0.168, G_A: 0.943, cycle_A: 0.179, D_B: 0.272, G_B: 0.961, cycle_B: 0.145, gp: 0.270

[Rank 0] (epoch: 50, iters: 30016, time: 0.001, data: 0.001) , D_A: 0.191, G_A: 0.959, cycle_A: 0.188, D_B: 0.091, G_B: 0.969, cycle_B: 0.148, gp: 0.090

[Rank 0] (epoch: 50, iters: 31616, time: 0.001, data: 0.001) , D_A: 0.145, G_A: 0.983, cycle_A: 0.180, D_B: 0.174, G_B: 0.971, cycle_B: 0.154, gp: 0.172

[Rank 0] (epoch: 50, iters: 33216, time: 0.001, data: 0.001) , D_A: 0.218, G_A: 0.972, cycle_A: 0.173, D_B: 0.166, G_B: 0.988, cycle_B: 0.155, gp: 0.165

[Rank 0] (epoch: 50, iters: 34816, time: 0.001, data: 0.001) , D_A: 0.215, G_A: 0.972, cycle_A: 0.186, D_B: 0.110, G_B: 0.986, cycle_B: 0.150, gp: 0.109

learning rate 0.0000182 -> 0.0000000
temperature tau = 0.1000
saving the model at the end of epoch 50, iters 1740800
End of epoch 50 / 50 	 Time Taken: 29 sec
----------------- Options ---------------
             aspect_ratio: 1.0                           
               batch_size: 64                            
          checkpoints_dir: ./checkpoints                 
                crop_size: 256                           
                 dataroot: .                             	[default: None]
             dataset_mode: cipher                        
                direction: AtoB                          
               display_id: 0                             
          display_winsize: 256                           
                embed_dim: 256                           	[default: 64]
                    epoch: latest                        
                     eval: False                         
                 gan_mode: lsgan                         
                   gumbel: False                         
                init_gain: 0.02                          
                init_type: normal                        
                 input_nc: 3                             
                  isTrain: False                         	[default: None]
                     kw_D: 15                            	[default: 4]
                 lambda_A: 10.0                          
                 lambda_B: 10.0                          
                lambda_gp: 10.0                          
          lambda_identity: 0.0                           
                load_iter: 0                             	[default: 0]
                load_size: 256                           
                       lr: 0.0002                        
         matched_softness: True                          	[default: False]
         max_dataset_size: inf                           
                    model: cipher_cycle_gan              	[default: test]
               n_blocks_G: 5                             	[default: 4]
                 n_critic: 1                             
               n_layers_D: 5                             	[default: 3]
                     name: a20_s6_gp1                    	[default: experiment_name]
                      ndf: 32                            	[default: 128]
                     netD: seq                           
                     netG: seq                           
                      ngf: 128                           
               no_dropout: True                          
                  no_flip: True                          
                     norm: layer                         	[default: instance]
                 npz_path: data/a20/dataset.npz          	[default: None]
                 num_test: 50                            
              num_threads: 4                             
                output_nc: 3                             
                pair_seed: 0                             
                    phase: test                          
              pointwise_G: True                          	[default: False]
               preprocess: none                          
         real_logit_scale: 5.0                           
              results_dir: ./results/                    
           serial_batches: False                         
         straight_through: True                          	[default: False]
                   suffix:                               
                  tau_end: 0.1                           
                tau_start: 1.0                           
                   use_gp: False                         
                use_wandb: False                         
                  verbose: False                         
               vocab_size: -1                            
       wandb_project_name: CycleGAN-and-pix2pix          
----------------- End -------------------
[cipher] eval: A(cipher)=(7735, 64) B(plain)=(7735, 64) vocab=21 cipher=substitution paired=True
dataset [CipherDataset] was created
Initialized with device cuda:0
initialize network with normal
Initialized with device cuda:0
initialize network with normal
model [CipherCycleGANModel] was created
Initialized with device cuda:0
initialize network with normal
loading the model from checkpoints/a20_s6_gp1/latest_net_G_A.pth
Initialized with device cuda:0
initialize network with normal
loading the model from checkpoints/a20_s6_gp1/latest_net_G_B.pth
---------- Networks initialized -------------
[Network G_A] Total number of parameters : 0.209 M
[Network G_B] Total number of parameters : 0.209 M
-----------------------------------------------

==============================================================
cipher              substitution (key=perm-seed0)
samples             7735 x 64
character accuracy  0.0015   (chance ~0.0500)
character error     0.9985
key recovery        0.0500   (coverage 1.000)
==============================================================
cipher in : qkdpkbpspbshnpcndjnnpepgshrsbknpsqprnbpefcpkpkbpglejegnjkncp pln
decrypted : s ae lerelrdmecmaimme efrdsrl mersesmle oce e lefp i fmi mcesepm
truth     : fig is o some degree a composie of pes and i is characeried b he

wrote ./checkpoints/a20_s6_gp1/eval_metrics.json
wrote ./checkpoints/a20_s6_gp1/curves_a20_s6_gp1.png

loss             first      last       min       max
D_A              1.028     0.215     0.063     1.123
G_A              0.140     0.972     0.013     1.829
cycle_A          0.964     0.186     0.134     1.893
D_B              0.734     0.110     0.048     0.865
G_B              0.357     0.986     0.064     3.022
cycle_B          1.078     0.150     0.087     1.633
gp               0.410     0.109     0.047     0.425

D_A over the final window: 0.168
  -> neither collapsed nor at equilibrium; inspect the shape.
