=== task 0 : dataset=a7 seed=7 ===
NVIDIA A100-SXM4-80GB
----------------- Options ---------------
               batch_size: 64                            
                    beta1: 0.0                           	[default: 0.5]
          checkpoints_dir: ./checkpoints                 
           continue_train: False                         
                crop_size: 256                           
               cycle_loss: ce                            
                 dataroot: .                             	[default: None]
             dataset_mode: cipher                        
                direction: AtoB                          
             display_freq: 20000                         	[default: 400]
               display_id: 0                             
          display_winsize: 256                           
                embed_dim: 256                           	[default: 64]
                    epoch: latest                        
              epoch_count: 1                             
                 gan_mode: lsgan                         
                   gumbel: False                         
                init_gain: 0.02                          
                init_type: normal                        
                 input_nc: 3                             
                  isTrain: True                          	[default: None]
                     kw_D: 15                            	[default: 4]
                 lambda_A: 1.0                           	[default: 10.0]
                 lambda_B: 1.0                           	[default: 10.0]
                lambda_gp: 1.0                           	[default: 10.0]
          lambda_identity: 0.0                           
                load_iter: 0                             	[default: 0]
                load_size: 286                           
                       lr: 0.0002                        
           lr_decay_iters: 50                            
                lr_policy: linear                        
         matched_softness: True                          	[default: False]
         max_dataset_size: inf                           
                    model: cipher_cycle_gan              	[default: cycle_gan]
               n_blocks_G: 5                             	[default: 4]
                 n_critic: 1                             
                 n_epochs: 40                            	[default: 100]
           n_epochs_decay: 10                            	[default: 100]
               n_layers_D: 5                             	[default: 3]
                     name: a7_s7_gp1                     	[default: experiment_name]
                      ndf: 32                            	[default: 128]
                     netD: seq                           
                     netG: seq                           
                      ngf: 128                           
               no_dropout: True                          
                  no_flip: True                          
                  no_html: False                         
                     norm: layer                         	[default: instance]
                 npz_path: data/a7/dataset.npz           	[default: None]
              num_threads: 8                             	[default: 4]
                output_nc: 3                             
                pair_seed: 7                             	[default: 0]
                    phase: train                         
              pointwise_G: True                          	[default: False]
                pool_size: 50                            
               preprocess: none                          
               print_freq: 100                           
         real_logit_scale: 5.0                           
             save_by_iter: False                         
          save_epoch_freq: 50                            	[default: 5]
         save_latest_freq: 5000                          
           serial_batches: False                         
         straight_through: True                          	[default: False]
                   suffix:                               
                  tau_end: 0.1                           
                tau_start: 0.5                           	[default: 1.0]
         update_html_freq: 1000                          
                   use_gp: True                          	[default: False]
                use_wandb: False                         
                  verbose: False                         
               vocab_size: -1                            
       wandb_project_name: CycleGAN-and-pix2pix          
----------------- End -------------------
Initialized with device cuda:0
[cipher] train: A(cipher)=(16179, 64) B(plain)=(16179, 64) vocab=8 cipher=substitution paired=False
dataset [CipherDataset] was created
The number of training images = 16179
Initialized with device cuda:0
initialize network with normal
Initialized with device cuda:0
initialize network with normal
Initialized with device cuda:0
initialize network with normal
Initialized with device cuda:0
initialize network with normal
model [CipherCycleGANModel] was created
Initialized with device cuda:0
initialize network with normal
Initialized with device cuda:0
initialize network with normal
Initialized with device cuda:0
initialize network with normal
Initialized with device cuda:0
initialize network with normal
---------- Networks initialized -------------
[Network G_A] Total number of parameters : 0.204 M
[Network G_B] Total number of parameters : 0.204 M
[Network D_A] Total number of parameters : 0.472 M
[Network D_B] Total number of parameters : 0.472 M
-----------------------------------------------
create web directory checkpoints/a7_s7_gp1/web...
[Rank 0] (epoch: 1, iters: 1600, time: 0.001, data: 0.104) , D_A: 0.692, G_A: 0.807, cycle_A: 0.313, D_B: 0.659, G_B: 0.648, cycle_B: 0.295, gp: 0.431

[Rank 0] (epoch: 1, iters: 3200, time: 0.001, data: 0.001) , D_A: 0.601, G_A: 0.524, cycle_A: 0.218, D_B: 0.667, G_B: 0.425, cycle_B: 0.263, gp: 0.450

[Rank 0] (epoch: 1, iters: 4800, time: 0.001, data: 0.001) , D_A: 0.522, G_A: 1.792, cycle_A: 0.210, D_B: 0.441, G_B: 0.486, cycle_B: 0.322, gp: 0.249

[Rank 0] (epoch: 1, iters: 6400, time: 0.001, data: 0.001) , D_A: 0.368, G_A: 1.526, cycle_A: 0.197, D_B: 0.674, G_B: 1.062, cycle_B: 0.316, gp: 0.492

[Rank 0] (epoch: 1, iters: 8000, time: 0.001, data: 0.003) , D_A: 0.448, G_A: 1.035, cycle_A: 0.206, D_B: 0.500, G_B: 1.362, cycle_B: 0.262, gp: 0.362

[Rank 0] (epoch: 1, iters: 9600, time: 0.001, data: 0.001) , D_A: 0.414, G_A: 1.314, cycle_A: 0.193, D_B: 0.420, G_B: 0.469, cycle_B: 0.280, gp: 0.279

[Rank 0] (epoch: 1, iters: 11200, time: 0.001, data: 0.001) , D_A: 0.357, G_A: 0.844, cycle_A: 0.201, D_B: 0.387, G_B: 0.820, cycle_B: 0.272, gp: 0.287

[Rank 0] (epoch: 1, iters: 12800, time: 0.001, data: 0.001) , D_A: 0.387, G_A: 0.440, cycle_A: 0.182, D_B: 0.409, G_B: 0.889, cycle_B: 0.275, gp: 0.338

[Rank 0] (epoch: 1, iters: 14400, time: 0.001, data: 0.001) , D_A: 0.432, G_A: 0.263, cycle_A: 0.184, D_B: 0.378, G_B: 0.758, cycle_B: 0.261, gp: 0.302

[Rank 0] (epoch: 1, iters: 16000, time: 0.001, data: 0.001) , D_A: 0.375, G_A: 1.292, cycle_A: 0.336, D_B: 0.411, G_B: 0.951, cycle_B: 0.242, gp: 0.300

learning rate 0.0002000 -> 0.0002000
temperature tau = 0.4838
End of epoch 1 / 50 	 Time Taken: 14 sec
[Rank 0] (epoch: 2, iters: 1408, time: 0.001, data: 0.001) , D_A: 0.319, G_A: 1.099, cycle_A: 0.231, D_B: 0.449, G_B: 0.857, cycle_B: 0.244, gp: 0.394

[Rank 0] (epoch: 2, iters: 3008, time: 0.001, data: 0.001) , D_A: 0.351, G_A: 0.958, cycle_A: 0.329, D_B: 0.473, G_B: 0.603, cycle_B: 0.249, gp: 0.296

[Rank 0] (epoch: 2, iters: 4608, time: 0.001, data: 0.001) , D_A: 0.384, G_A: 0.708, cycle_A: 0.199, D_B: 0.606, G_B: 1.263, cycle_B: 0.263, gp: 0.330

[Rank 0] (epoch: 2, iters: 6208, time: 0.001, data: 0.001) , D_A: 0.366, G_A: 0.605, cycle_A: 0.194, D_B: 0.648, G_B: 1.107, cycle_B: 0.277, gp: 0.480

[Rank 0] (epoch: 2, iters: 7808, time: 0.001, data: 0.001) , D_A: 0.282, G_A: 1.191, cycle_A: 0.184, D_B: 0.297, G_B: 0.640, cycle_B: 0.266, gp: 0.212

[Rank 0] (epoch: 2, iters: 9408, time: 0.001, data: 0.001) , D_A: 0.285, G_A: 0.997, cycle_A: 0.290, D_B: 0.325, G_B: 0.989, cycle_B: 0.276, gp: 0.273

[Rank 0] (epoch: 2, iters: 11008, time: 0.001, data: 0.001) , D_A: 0.288, G_A: 0.535, cycle_A: 0.206, D_B: 0.563, G_B: 0.970, cycle_B: 0.257, gp: 0.501

[Rank 0] (epoch: 2, iters: 12608, time: 0.001, data: 0.001) , D_A: 0.226, G_A: 1.064, cycle_A: 0.194, D_B: 0.284, G_B: 0.892, cycle_B: 0.251, gp: 0.244

[Rank 0] (epoch: 2, iters: 14208, time: 0.001, data: 0.001) , D_A: 0.391, G_A: 0.756, cycle_A: 0.567, D_B: 0.654, G_B: 0.774, cycle_B: 0.614, gp: 0.442

[Rank 0] (epoch: 2, iters: 15808, time: 0.001, data: 0.001) , D_A: 0.237, G_A: 1.121, cycle_A: 0.499, D_B: 0.495, G_B: 0.530, cycle_B: 0.523, gp: 0.380

learning rate 0.0002000 -> 0.0002000
temperature tau = 0.4682
End of epoch 2 / 50 	 Time Taken: 14 sec
[Rank 0] (epoch: 3, iters: 1216, time: 0.001, data: 0.001) , D_A: 0.217, G_A: 1.199, cycle_A: 0.470, D_B: 0.505, G_B: 0.968, cycle_B: 0.489, gp: 0.459

[Rank 0] (epoch: 3, iters: 2816, time: 0.001, data: 0.001) , D_A: 0.364, G_A: 1.719, cycle_A: 0.534, D_B: 0.381, G_B: 0.979, cycle_B: 0.483, gp: 0.324

[Rank 0] (epoch: 3, iters: 4416, time: 0.001, data: 0.001) , D_A: 0.279, G_A: 1.034, cycle_A: 0.557, D_B: 0.442, G_B: 0.951, cycle_B: 0.485, gp: 0.411

[Rank 0] (epoch: 3, iters: 6016, time: 0.001, data: 0.001) , D_A: 0.348, G_A: 0.879, cycle_A: 0.528, D_B: 0.360, G_B: 0.819, cycle_B: 0.493, gp: 0.316

--- iter tau=0.4682 ---
  cipher in : cfbfbcbdfbfbfbcbfbdbabcbfcdb cfbfb fdefbfbfbabccbcbdbabfbfb fbc 
  decrypted : ea a e ea a a e a e e e aee eea a eaeca a a e ee e e e a a ea ee
  real plain:  fae dc e e cac e aa ec ae ee bda aeace decbe e bdae f e ec ae d
  cipher in : bfbcbcbfcb fc bc bf fbabfbcfbecf bcbaccefbfbabcb fbdbcbcbfc bfbe
  decrypted :  a e e ae eaee ee aea e a ea ceae e eeeca a e e ea e e e aee a c
  real plain: f e e c e ebca caddae ae ed e ad ae a ad e ae d be ced a e a aec
[Rank 0] (epoch: 3, iters: 7616, time: 0.001, data: 0.001) , D_A: 0.345, G_A: 0.777, cycle_A: 0.537, D_B: 0.316, G_B: 1.050, cycle_B: 0.478, gp: 0.296

saving the latest model (epoch 3, total_iters 40000)
[Rank 0] (epoch: 3, iters: 9216, time: 0.001, data: 0.001) , D_A: 0.323, G_A: 1.321, cycle_A: 0.504, D_B: 0.431, G_B: 1.591, cycle_B: 0.469, gp: 0.266

[Rank 0] (epoch: 3, iters: 10816, time: 0.001, data: 0.001) , D_A: 0.261, G_A: 0.899, cycle_A: 0.466, D_B: 0.314, G_B: 0.768, cycle_B: 0.478, gp: 0.253

[Rank 0] (epoch: 3, iters: 12416, time: 0.001, data: 0.001) , D_A: 0.374, G_A: 1.151, cycle_A: 0.454, D_B: 0.336, G_B: 1.050, cycle_B: 0.479, gp: 0.309

[Rank 0] (epoch: 3, iters: 14016, time: 0.001, data: 0.001) , D_A: 0.254, G_A: 1.935, cycle_A: 0.551, D_B: 0.417, G_B: 1.200, cycle_B: 0.505, gp: 0.360

[Rank 0] (epoch: 3, iters: 15616, time: 0.001, data: 0.001) , D_A: 0.291, G_A: 1.108, cycle_A: 0.510, D_B: 0.427, G_B: 1.055, cycle_B: 0.556, gp: 0.391

learning rate 0.0002000 -> 0.0002000
temperature tau = 0.4531
End of epoch 3 / 50 	 Time Taken: 15 sec
[Rank 0] (epoch: 4, iters: 1024, time: 0.001, data: 0.001) , D_A: 0.298, G_A: 0.962, cycle_A: 0.459, D_B: 0.421, G_B: 1.163, cycle_B: 0.488, gp: 0.378

[Rank 0] (epoch: 4, iters: 2624, time: 0.001, data: 0.000) , D_A: 0.291, G_A: 1.004, cycle_A: 0.465, D_B: 0.381, G_B: 1.223, cycle_B: 0.503, gp: 0.355

[Rank 0] (epoch: 4, iters: 4224, time: 0.001, data: 0.001) , D_A: 0.274, G_A: 0.918, cycle_A: 0.448, D_B: 0.346, G_B: 0.782, cycle_B: 0.487, gp: 0.314

[Rank 0] (epoch: 4, iters: 5824, time: 0.001, data: 0.001) , D_A: 0.255, G_A: 0.946, cycle_A: 0.473, D_B: 0.309, G_B: 1.067, cycle_B: 0.496, gp: 0.286

[Rank 0] (epoch: 4, iters: 7424, time: 0.001, data: 0.001) , D_A: 0.271, G_A: 1.227, cycle_A: 0.564, D_B: 0.311, G_B: 1.031, cycle_B: 0.482, gp: 0.284

[Rank 0] (epoch: 4, iters: 9024, time: 0.001, data: 0.001) , D_A: 0.254, G_A: 1.081, cycle_A: 0.520, D_B: 0.360, G_B: 1.079, cycle_B: 0.479, gp: 0.330

[Rank 0] (epoch: 4, iters: 10624, time: 0.001, data: 0.001) , D_A: 0.324, G_A: 0.976, cycle_A: 0.473, D_B: 0.522, G_B: 0.459, cycle_B: 0.466, gp: 0.255

[Rank 0] (epoch: 4, iters: 12224, time: 0.001, data: 0.001) , D_A: 0.270, G_A: 0.915, cycle_A: 0.469, D_B: 0.322, G_B: 0.926, cycle_B: 0.479, gp: 0.299

[Rank 0] (epoch: 4, iters: 13824, time: 0.001, data: 0.001) , D_A: 0.244, G_A: 0.895, cycle_A: 0.597, D_B: 0.342, G_B: 1.150, cycle_B: 0.499, gp: 0.311

[Rank 0] (epoch: 4, iters: 15424, time: 0.001, data: 0.001) , D_A: 0.194, G_A: 1.034, cycle_A: 0.515, D_B: 0.311, G_B: 0.855, cycle_B: 0.484, gp: 0.291

learning rate 0.0002000 -> 0.0002000
temperature tau = 0.4384
End of epoch 4 / 50 	 Time Taken: 13 sec
[Rank 0] (epoch: 5, iters: 832, time: 0.001, data: 0.001) , D_A: 0.338, G_A: 1.065, cycle_A: 0.544, D_B: 0.397, G_B: 0.958, cycle_B: 0.465, gp: 0.381

[Rank 0] (epoch: 5, iters: 2432, time: 0.001, data: 0.001) , D_A: 0.175, G_A: 0.819, cycle_A: 0.481, D_B: 0.345, G_B: 0.878, cycle_B: 0.464, gp: 0.313

[Rank 0] (epoch: 5, iters: 4032, time: 0.001, data: 0.001) , D_A: 0.277, G_A: 0.965, cycle_A: 0.465, D_B: 0.381, G_B: 1.002, cycle_B: 0.471, gp: 0.355

[Rank 0] (epoch: 5, iters: 5632, time: 0.001, data: 0.001) , D_A: 0.205, G_A: 1.000, cycle_A: 0.478, D_B: 0.402, G_B: 1.037, cycle_B: 0.484, gp: 0.383

[Rank 0] (epoch: 5, iters: 7232, time: 0.001, data: 0.001) , D_A: 0.294, G_A: 0.752, cycle_A: 0.608, D_B: 0.334, G_B: 0.972, cycle_B: 0.482, gp: 0.310

[Rank 0] (epoch: 5, iters: 8832, time: 0.001, data: 0.001) , D_A: 0.251, G_A: 1.016, cycle_A: 0.553, D_B: 0.261, G_B: 1.009, cycle_B: 0.478, gp: 0.246

[Rank 0] (epoch: 5, iters: 10432, time: 0.001, data: 0.001) , D_A: 0.286, G_A: 1.027, cycle_A: 0.488, D_B: 0.407, G_B: 1.469, cycle_B: 0.467, gp: 0.280

[Rank 0] (epoch: 5, iters: 12032, time: 0.001, data: 0.001) , D_A: 0.255, G_A: 1.004, cycle_A: 0.535, D_B: 0.450, G_B: 0.370, cycle_B: 0.463, gp: 0.328

[Rank 0] (epoch: 5, iters: 13632, time: 0.001, data: 0.001) , D_A: 0.196, G_A: 1.020, cycle_A: 0.480, D_B: 0.316, G_B: 0.761, cycle_B: 0.495, gp: 0.263

--- iter tau=0.4384 ---
  cipher in :  f bdebcb bfbfbe fbcdfbfbcbcbfbfbcfdbcbcbefdcfbfbff babfbcefbcbf
  decrypted : ebe ec e e b b ceb eeb b e e b b ebe e e cbeeb b bbe e b ecb e b
  real plain: e e f e d adee e e befe a a d ef e ace b e ed d e a e f e e be a
  cipher in : fbfbc bcdbdffbfbcfbffbecbcfbfbfbdcbefb fdcdbc baffbdfbfbcbcfbdff
  decrypted : b b ee ee ebb b eb bb ce eb b b ee cb ebeee ee ebb eb b e eb ebb
  real plain:  ea aa c c a fc f e ae ae e ce ad cece baa e e e c face e d de e
[Rank 0] (epoch: 5, iters: 15232, time: 0.001, data: 0.001) , D_A: 0.243, G_A: 1.193, cycle_A: 0.477, D_B: 0.391, G_B: 1.090, cycle_B: 0.462, gp: 0.370

saving the latest model (epoch 5, total_iters 80000)
learning rate 0.0002000 -> 0.0002000
temperature tau = 0.4243
End of epoch 5 / 50 	 Time Taken: 13 sec
[Rank 0] (epoch: 6, iters: 640, time: 0.001, data: 0.001) , D_A: 0.132, G_A: 1.135, cycle_A: 0.576, D_B: 0.325, G_B: 0.890, cycle_B: 0.480, gp: 0.293

[Rank 0] (epoch: 6, iters: 2240, time: 0.001, data: 0.000) , D_A: 0.315, G_A: 1.422, cycle_A: 0.542, D_B: 0.264, G_B: 0.983, cycle_B: 0.470, gp: 0.245

[Rank 0] (epoch: 6, iters: 3840, time: 0.001, data: 0.001) , D_A: 0.234, G_A: 1.018, cycle_A: 0.474, D_B: 0.370, G_B: 0.997, cycle_B: 0.479, gp: 0.339

[Rank 0] (epoch: 6, iters: 5440, time: 0.001, data: 0.001) , D_A: 0.294, G_A: 0.445, cycle_A: 0.468, D_B: 0.279, G_B: 0.995, cycle_B: 0.554, gp: 0.260

[Rank 0] (epoch: 6, iters: 7040, time: 0.001, data: 0.001) , D_A: 0.244, G_A: 0.905, cycle_A: 0.478, D_B: 0.266, G_B: 0.956, cycle_B: 0.474, gp: 0.250

[Rank 0] (epoch: 6, iters: 8640, time: 0.001, data: 0.001) , D_A: 0.194, G_A: 0.935, cycle_A: 0.467, D_B: 0.268, G_B: 1.035, cycle_B: 0.460, gp: 0.254

[Rank 0] (epoch: 6, iters: 10240, time: 0.001, data: 0.001) , D_A: 0.263, G_A: 1.078, cycle_A: 0.510, D_B: 0.274, G_B: 0.917, cycle_B: 0.453, gp: 0.253

[Rank 0] (epoch: 6, iters: 11840, time: 0.001, data: 0.001) , D_A: 0.226, G_A: 0.939, cycle_A: 0.476, D_B: 0.236, G_B: 0.856, cycle_B: 0.464, gp: 0.207

[Rank 0] (epoch: 6, iters: 13440, time: 0.001, data: 0.001) , D_A: 0.556, G_A: 1.217, cycle_A: 0.710, D_B: 0.420, G_B: 0.449, cycle_B: 0.564, gp: 0.328

[Rank 0] (epoch: 6, iters: 15040, time: 0.001, data: 0.001) , D_A: 0.318, G_A: 1.076, cycle_A: 0.571, D_B: 0.240, G_B: 0.966, cycle_B: 0.480, gp: 0.223

learning rate 0.0002000 -> 0.0002000
temperature tau = 0.4106
End of epoch 6 / 50 	 Time Taken: 14 sec
[Rank 0] (epoch: 7, iters: 448, time: 0.001, data: 0.001) , D_A: 0.134, G_A: 1.053, cycle_A: 0.565, D_B: 0.337, G_B: 0.985, cycle_B: 0.480, gp: 0.324

[Rank 0] (epoch: 7, iters: 2048, time: 0.001, data: 0.002) , D_A: 0.254, G_A: 0.944, cycle_A: 0.467, D_B: 0.354, G_B: 0.860, cycle_B: 0.478, gp: 0.327

[Rank 0] (epoch: 7, iters: 3648, time: 0.001, data: 0.001) , D_A: 0.282, G_A: 1.094, cycle_A: 0.553, D_B: 0.678, G_B: 0.386, cycle_B: 0.586, gp: 0.342

[Rank 0] (epoch: 7, iters: 5248, time: 0.001, data: 0.001) , D_A: 0.274, G_A: 1.737, cycle_A: 0.540, D_B: 0.269, G_B: 1.021, cycle_B: 0.480, gp: 0.242

[Rank 0] (epoch: 7, iters: 6848, time: 0.001, data: 0.001) , D_A: 0.300, G_A: 0.928, cycle_A: 0.516, D_B: 0.303, G_B: 1.017, cycle_B: 0.468, gp: 0.287

[Rank 0] (epoch: 7, iters: 8448, time: 0.001, data: 0.001) , D_A: 0.281, G_A: 0.894, cycle_A: 0.491, D_B: 0.405, G_B: 0.994, cycle_B: 0.468, gp: 0.380

[Rank 0] (epoch: 7, iters: 10048, time: 0.001, data: 0.001) , D_A: 0.233, G_A: 1.114, cycle_A: 0.446, D_B: 0.267, G_B: 0.968, cycle_B: 0.455, gp: 0.248

[Rank 0] (epoch: 7, iters: 11648, time: 0.001, data: 0.001) , D_A: 0.344, G_A: 0.873, cycle_A: 0.545, D_B: 0.406, G_B: 1.216, cycle_B: 0.463, gp: 0.281

[Rank 0] (epoch: 7, iters: 13248, time: 0.001, data: 0.001) , D_A: 0.187, G_A: 1.124, cycle_A: 0.478, D_B: 0.204, G_B: 0.972, cycle_B: 0.481, gp: 0.188

[Rank 0] (epoch: 7, iters: 14848, time: 0.001, data: 0.001) , D_A: 0.276, G_A: 1.126, cycle_A: 0.482, D_B: 0.354, G_B: 1.068, cycle_B: 0.492, gp: 0.339

learning rate 0.0002000 -> 0.0002000
temperature tau = 0.3973
End of epoch 7 / 50 	 Time Taken: 14 sec
[Rank 0] (epoch: 8, iters: 256, time: 0.001, data: 0.001) , D_A: 0.232, G_A: 0.995, cycle_A: 0.501, D_B: 0.348, G_B: 1.030, cycle_B: 0.509, gp: 0.336

[Rank 0] (epoch: 8, iters: 1856, time: 0.001, data: 0.000) , D_A: 0.293, G_A: 1.037, cycle_A: 0.500, D_B: 0.270, G_B: 0.947, cycle_B: 0.485, gp: 0.260

[Rank 0] (epoch: 8, iters: 3456, time: 0.001, data: 0.001) , D_A: 0.216, G_A: 1.050, cycle_A: 0.559, D_B: 0.307, G_B: 0.922, cycle_B: 0.494, gp: 0.285

[Rank 0] (epoch: 8, iters: 5056, time: 0.001, data: 0.001) , D_A: 0.329, G_A: 0.975, cycle_A: 0.569, D_B: 0.278, G_B: 0.993, cycle_B: 0.470, gp: 0.265

--- iter tau=0.3973 ---
  cipher in : dfbcba bfbacfbcbcb ffbcbfd bfbfbdcfbacdbabfffbcbfcbcbcbfbabffbef
  decrypted : ea e ee a eea e e eaa e aee a a eea eee e aaa e ae e e a e aa ca
  real plain: fed e eaa ca a dc faceface c e ebe bece acaed e ae de a aa a e f
  cipher in : cddf babcbfbe bcbcfbefcdbabcbcfb fbcfabfbcbccbcfbffcb fdf bfcfbc
  decrypted : eeeae e e a ce e ea caee e e ea ea eae a e ee ea aae eaeae aea e
  real plain: cece e ee fed ae eed ee a ae f ea eee dca a a c f ecca fece a c 
[Rank 0] (epoch: 8, iters: 6656, time: 0.001, data: 0.001) , D_A: 0.190, G_A: 0.907, cycle_A: 0.519, D_B: 0.352, G_B: 1.013, cycle_B: 0.500, gp: 0.343

saving the latest model (epoch 8, total_iters 120000)
[Rank 0] (epoch: 8, iters: 8256, time: 0.001, data: 0.001) , D_A: 0.317, G_A: 0.950, cycle_A: 0.573, D_B: 0.269, G_B: 0.910, cycle_B: 0.469, gp: 0.243

[Rank 0] (epoch: 8, iters: 9856, time: 0.001, data: 0.001) , D_A: 0.307, G_A: 0.952, cycle_A: 0.548, D_B: 0.260, G_B: 1.221, cycle_B: 0.458, gp: 0.242

[Rank 0] (epoch: 8, iters: 11456, time: 0.001, data: 0.001) , D_A: 0.220, G_A: 1.022, cycle_A: 0.464, D_B: 0.317, G_B: 0.695, cycle_B: 0.472, gp: 0.271

[Rank 0] (epoch: 8, iters: 13056, time: 0.001, data: 0.001) , D_A: 0.317, G_A: 1.108, cycle_A: 0.448, D_B: 0.349, G_B: 1.020, cycle_B: 0.469, gp: 0.325

[Rank 0] (epoch: 8, iters: 14656, time: 0.001, data: 0.001) , D_A: 0.189, G_A: 1.082, cycle_A: 0.469, D_B: 0.240, G_B: 0.858, cycle_B: 0.470, gp: 0.211

learning rate 0.0002000 -> 0.0002000
temperature tau = 0.3845
End of epoch 8 / 50 	 Time Taken: 14 sec
[Rank 0] (epoch: 9, iters: 64, time: 0.001, data: 0.001) , D_A: 0.268, G_A: 0.933, cycle_A: 0.480, D_B: 0.394, G_B: 0.947, cycle_B: 0.464, gp: 0.376

[Rank 0] (epoch: 9, iters: 1664, time: 0.001, data: 0.006) , D_A: 0.336, G_A: 1.041, cycle_A: 0.458, D_B: 0.309, G_B: 0.927, cycle_B: 0.457, gp: 0.297

[Rank 0] (epoch: 9, iters: 3264, time: 0.001, data: 0.001) , D_A: 0.241, G_A: 0.980, cycle_A: 0.486, D_B: 0.241, G_B: 0.887, cycle_B: 0.479, gp: 0.229

[Rank 0] (epoch: 9, iters: 4864, time: 0.001, data: 0.002) , D_A: 0.270, G_A: 1.202, cycle_A: 0.463, D_B: 0.258, G_B: 0.914, cycle_B: 0.461, gp: 0.240

[Rank 0] (epoch: 9, iters: 6464, time: 0.001, data: 0.002) , D_A: 0.277, G_A: 1.101, cycle_A: 0.452, D_B: 0.258, G_B: 0.985, cycle_B: 0.494, gp: 0.248

[Rank 0] (epoch: 9, iters: 8064, time: 0.001, data: 0.001) , D_A: 0.414, G_A: 1.175, cycle_A: 0.472, D_B: 0.370, G_B: 1.062, cycle_B: 0.480, gp: 0.359

[Rank 0] (epoch: 9, iters: 9664, time: 0.001, data: 0.002) , D_A: 0.266, G_A: 1.035, cycle_A: 0.472, D_B: 0.266, G_B: 0.979, cycle_B: 0.481, gp: 0.257

[Rank 0] (epoch: 9, iters: 11264, time: 0.001, data: 0.001) , D_A: 0.236, G_A: 0.945, cycle_A: 0.512, D_B: 0.417, G_B: 0.501, cycle_B: 0.471, gp: 0.195

[Rank 0] (epoch: 9, iters: 12864, time: 0.001, data: 0.001) , D_A: 0.236, G_A: 0.904, cycle_A: 0.572, D_B: 0.286, G_B: 0.975, cycle_B: 0.480, gp: 0.272

[Rank 0] (epoch: 9, iters: 14464, time: 0.001, data: 0.001) , D_A: 0.214, G_A: 0.941, cycle_A: 0.542, D_B: 0.295, G_B: 0.935, cycle_B: 0.488, gp: 0.280

[Rank 0] (epoch: 9, iters: 16064, time: 0.001, data: 0.001) , D_A: 0.255, G_A: 0.939, cycle_A: 0.528, D_B: 0.334, G_B: 1.039, cycle_B: 0.468, gp: 0.323

learning rate 0.0002000 -> 0.0002000
temperature tau = 0.3720
End of epoch 9 / 50 	 Time Taken: 14 sec
[Rank 0] (epoch: 10, iters: 1472, time: 0.001, data: 0.001) , D_A: 0.281, G_A: 1.076, cycle_A: 0.537, D_B: 0.344, G_B: 0.874, cycle_B: 0.480, gp: 0.332

[Rank 0] (epoch: 10, iters: 3072, time: 0.001, data: 0.001) , D_A: 0.260, G_A: 1.045, cycle_A: 0.515, D_B: 0.355, G_B: 1.047, cycle_B: 0.501, gp: 0.345

[Rank 0] (epoch: 10, iters: 4672, time: 0.001, data: 0.001) , D_A: 0.261, G_A: 0.912, cycle_A: 0.476, D_B: 0.403, G_B: 0.812, cycle_B: 0.466, gp: 0.385

[Rank 0] (epoch: 10, iters: 6272, time: 0.001, data: 0.001) , D_A: 0.215, G_A: 0.972, cycle_A: 0.438, D_B: 0.254, G_B: 0.819, cycle_B: 0.527, gp: 0.236

[Rank 0] (epoch: 10, iters: 7872, time: 0.001, data: 0.001) , D_A: 0.237, G_A: 0.996, cycle_A: 0.462, D_B: 0.327, G_B: 1.014, cycle_B: 0.500, gp: 0.316

[Rank 0] (epoch: 10, iters: 9472, time: 0.001, data: 0.001) , D_A: 0.235, G_A: 0.949, cycle_A: 0.649, D_B: 0.599, G_B: 0.245, cycle_B: 0.486, gp: 0.404

[Rank 0] (epoch: 10, iters: 11072, time: 0.001, data: 0.001) , D_A: 0.284, G_A: 1.003, cycle_A: 0.555, D_B: 0.202, G_B: 0.951, cycle_B: 0.473, gp: 0.188

[Rank 0] (epoch: 10, iters: 12672, time: 0.001, data: 0.001) , D_A: 0.169, G_A: 1.073, cycle_A: 0.552, D_B: 0.277, G_B: 0.961, cycle_B: 0.474, gp: 0.268

--- iter tau=0.3720 ---
  cipher in : babafbc bababfbcc b bcfbcbffbdbffbfbefbd bab befbcbfbdadbc bcbab
  decrypted :  e ea ee e e a eee e ea e aa e aa a ca ee e e ca e a eee ee e e 
  real plain: ed f f da e a ad befe cae e e e fed a fea f ad b e a d e ee d a 
  cipher in : fbfbabd bcbfbc fbabaffbebcdbffefbfbfcbcbccbccfbabfbcefbc babfffc
  decrypted : a a e ee e a eea e eaa c ee aaca a ae e ee eea e a eca ee e aaae
  real plain:  ed ca e eabe f e ea e ee f ce be e ff f ad e fee eefe a ee a dc
[Rank 0] (epoch: 10, iters: 14272, time: 0.001, data: 0.001) , D_A: 0.238, G_A: 0.900, cycle_A: 0.465, D_B: 0.262, G_B: 0.912, cycle_B: 0.471, gp: 0.248

saving the latest model (epoch 10, total_iters 160000)
[Rank 0] (epoch: 10, iters: 15872, time: 0.001, data: 0.001) , D_A: 0.339, G_A: 0.953, cycle_A: 0.468, D_B: 0.447, G_B: 0.751, cycle_B: 0.494, gp: 0.303

learning rate 0.0002000 -> 0.0002000
temperature tau = 0.3600
End of epoch 10 / 50 	 Time Taken: 14 sec
[Rank 0] (epoch: 11, iters: 1280, time: 0.001, data: 0.001) , D_A: 0.223, G_A: 0.883, cycle_A: 0.460, D_B: 0.306, G_B: 0.794, cycle_B: 0.498, gp: 0.297

[Rank 0] (epoch: 11, iters: 2880, time: 0.001, data: 0.001) , D_A: 0.253, G_A: 1.077, cycle_A: 0.461, D_B: 0.323, G_B: 0.989, cycle_B: 0.489, gp: 0.312

[Rank 0] (epoch: 11, iters: 4480, time: 0.001, data: 0.001) , D_A: 0.260, G_A: 1.001, cycle_A: 0.459, D_B: 0.204, G_B: 0.885, cycle_B: 0.514, gp: 0.192

[Rank 0] (epoch: 11, iters: 6080, time: 0.001, data: 0.001) , D_A: 0.303, G_A: 0.937, cycle_A: 0.448, D_B: 0.324, G_B: 0.998, cycle_B: 0.542, gp: 0.317

[Rank 0] (epoch: 11, iters: 7680, time: 0.001, data: 0.001) , D_A: 0.219, G_A: 1.075, cycle_A: 0.490, D_B: 0.285, G_B: 1.007, cycle_B: 0.483, gp: 0.277

[Rank 0] (epoch: 11, iters: 9280, time: 0.001, data: 0.001) , D_A: 0.252, G_A: 0.991, cycle_A: 0.457, D_B: 0.231, G_B: 0.945, cycle_B: 0.471, gp: 0.215

[Rank 0] (epoch: 11, iters: 10880, time: 0.001, data: 0.001) , D_A: 0.310, G_A: 0.987, cycle_A: 0.464, D_B: 0.217, G_B: 0.882, cycle_B: 0.464, gp: 0.202

[Rank 0] (epoch: 11, iters: 12480, time: 0.001, data: 0.001) , D_A: 0.192, G_A: 0.955, cycle_A: 0.578, D_B: 0.287, G_B: 0.906, cycle_B: 0.464, gp: 0.270

[Rank 0] (epoch: 11, iters: 14080, time: 0.001, data: 0.001) , D_A: 0.283, G_A: 1.024, cycle_A: 0.522, D_B: 0.299, G_B: 1.037, cycle_B: 0.478, gp: 0.284

[Rank 0] (epoch: 11, iters: 15680, time: 0.001, data: 0.001) , D_A: 0.213, G_A: 0.944, cycle_A: 0.482, D_B: 0.246, G_B: 0.990, cycle_B: 0.553, gp: 0.239

learning rate 0.0002000 -> 0.0002000
temperature tau = 0.3484
End of epoch 11 / 50 	 Time Taken: 13 sec
[Rank 0] (epoch: 12, iters: 1088, time: 0.001, data: 0.001) , D_A: 0.397, G_A: 0.930, cycle_A: 0.459, D_B: 0.268, G_B: 0.799, cycle_B: 0.491, gp: 0.258

[Rank 0] (epoch: 12, iters: 2688, time: 0.001, data: 0.001) , D_A: 0.327, G_A: 1.078, cycle_A: 0.475, D_B: 0.274, G_B: 1.068, cycle_B: 0.502, gp: 0.262

[Rank 0] (epoch: 12, iters: 4288, time: 0.001, data: 0.001) , D_A: 0.245, G_A: 0.976, cycle_A: 0.452, D_B: 0.299, G_B: 1.008, cycle_B: 0.505, gp: 0.285

[Rank 0] (epoch: 12, iters: 5888, time: 0.001, data: 0.001) , D_A: 0.281, G_A: 0.926, cycle_A: 0.447, D_B: 0.298, G_B: 0.966, cycle_B: 0.487, gp: 0.288

[Rank 0] (epoch: 12, iters: 7488, time: 0.001, data: 0.001) , D_A: 0.277, G_A: 1.310, cycle_A: 0.457, D_B: 0.271, G_B: 0.973, cycle_B: 0.481, gp: 0.264

[Rank 0] (epoch: 12, iters: 9088, time: 0.001, data: 0.001) , D_A: 0.230, G_A: 0.904, cycle_A: 0.491, D_B: 0.315, G_B: 1.269, cycle_B: 0.514, gp: 0.283

[Rank 0] (epoch: 12, iters: 10688, time: 0.001, data: 0.001) , D_A: 0.312, G_A: 0.916, cycle_A: 0.497, D_B: 0.282, G_B: 1.065, cycle_B: 0.464, gp: 0.257

[Rank 0] (epoch: 12, iters: 12288, time: 0.001, data: 0.001) , D_A: 0.216, G_A: 0.956, cycle_A: 0.476, D_B: 0.282, G_B: 1.413, cycle_B: 0.469, gp: 0.257

[Rank 0] (epoch: 12, iters: 13888, time: 0.001, data: 0.001) , D_A: 0.322, G_A: 1.145, cycle_A: 0.466, D_B: 0.246, G_B: 1.167, cycle_B: 0.560, gp: 0.228

[Rank 0] (epoch: 12, iters: 15488, time: 0.001, data: 0.001) , D_A: 0.286, G_A: 1.208, cycle_A: 0.451, D_B: 0.247, G_B: 0.991, cycle_B: 0.481, gp: 0.239

learning rate 0.0002000 -> 0.0002000
temperature tau = 0.3371
End of epoch 12 / 50 	 Time Taken: 13 sec
[Rank 0] (epoch: 13, iters: 896, time: 0.001, data: 0.001) , D_A: 0.216, G_A: 1.019, cycle_A: 0.471, D_B: 0.273, G_B: 0.981, cycle_B: 0.539, gp: 0.265

[Rank 0] (epoch: 13, iters: 2496, time: 0.001, data: 0.001) , D_A: 0.328, G_A: 1.163, cycle_A: 0.481, D_B: 0.282, G_B: 1.052, cycle_B: 0.477, gp: 0.269

[Rank 0] (epoch: 13, iters: 4096, time: 0.001, data: 0.001) , D_A: 0.282, G_A: 1.099, cycle_A: 0.465, D_B: 0.219, G_B: 0.890, cycle_B: 0.483, gp: 0.205

--- iter tau=0.3371 ---
  cipher in : ebfbcbacdcbacbcdbabacbcbfcf bfbc bfbcbacdbfbfbdcbefbabfcbc ccfbc
  decrypted : c a e eeee ee ee e ee e aeae a ee a e eee a a ee ca e ae eeeea e
  real plain: ace fe aad d eceea a aea a ae bee aa ed ad ee ea f cea e b a be 
  cipher in : badfbfbfadcbabcbffb bfbcbebfcbabcbdfbdcf bfbcbdbdcbefbfff bcbfb 
  decrypted :  eea a aeee e e aa e a e c ae e e ea eeae a e e ee ca aaae e a e
  real plain: a e f aed e ad e b f ad fec b eea eaa ae ee e ee cade a e aac ea
[Rank 0] (epoch: 13, iters: 5696, time: 0.001, data: 0.001) , D_A: 0.305, G_A: 1.035, cycle_A: 0.466, D_B: 0.261, G_B: 0.965, cycle_B: 0.486, gp: 0.254

saving the latest model (epoch 13, total_iters 200000)
[Rank 0] (epoch: 13, iters: 7296, time: 0.001, data: 0.001) , D_A: 0.276, G_A: 0.870, cycle_A: 0.570, D_B: 0.286, G_B: 0.903, cycle_B: 0.548, gp: 0.269

[Rank 0] (epoch: 13, iters: 8896, time: 0.001, data: 0.001) , D_A: 0.243, G_A: 1.110, cycle_A: 0.546, D_B: 0.411, G_B: 0.901, cycle_B: 0.527, gp: 0.402

[Rank 0] (epoch: 13, iters: 10496, time: 0.001, data: 0.001) , D_A: 0.299, G_A: 0.901, cycle_A: 0.515, D_B: 0.261, G_B: 1.050, cycle_B: 0.526, gp: 0.253

[Rank 0] (epoch: 13, iters: 12096, time: 0.001, data: 0.001) , D_A: 0.143, G_A: 1.076, cycle_A: 0.477, D_B: 0.240, G_B: 0.847, cycle_B: 0.496, gp: 0.220

[Rank 0] (epoch: 13, iters: 13696, time: 0.001, data: 0.001) , D_A: 0.340, G_A: 0.959, cycle_A: 0.459, D_B: 0.239, G_B: 0.914, cycle_B: 0.551, gp: 0.226

[Rank 0] (epoch: 13, iters: 15296, time: 0.001, data: 0.001) , D_A: 0.299, G_A: 0.905, cycle_A: 0.473, D_B: 0.254, G_B: 1.076, cycle_B: 0.479, gp: 0.245

learning rate 0.0002000 -> 0.0002000
temperature tau = 0.3262
End of epoch 13 / 50 	 Time Taken: 14 sec
[Rank 0] (epoch: 14, iters: 704, time: 0.001, data: 0.001) , D_A: 0.292, G_A: 0.869, cycle_A: 0.473, D_B: 0.247, G_B: 0.967, cycle_B: 0.517, gp: 0.239

[Rank 0] (epoch: 14, iters: 2304, time: 0.001, data: 0.000) , D_A: 0.282, G_A: 0.701, cycle_A: 0.474, D_B: 0.292, G_B: 1.088, cycle_B: 0.533, gp: 0.280

[Rank 0] (epoch: 14, iters: 3904, time: 0.001, data: 0.001) , D_A: 0.319, G_A: 0.945, cycle_A: 0.482, D_B: 0.226, G_B: 1.005, cycle_B: 0.499, gp: 0.215

[Rank 0] (epoch: 14, iters: 5504, time: 0.001, data: 0.001) , D_A: 0.243, G_A: 0.906, cycle_A: 0.482, D_B: 0.316, G_B: 0.909, cycle_B: 0.539, gp: 0.307

[Rank 0] (epoch: 14, iters: 7104, time: 0.001, data: 0.001) , D_A: 0.219, G_A: 0.903, cycle_A: 0.453, D_B: 0.211, G_B: 0.915, cycle_B: 0.531, gp: 0.201

[Rank 0] (epoch: 14, iters: 8704, time: 0.001, data: 0.001) , D_A: 0.261, G_A: 1.036, cycle_A: 0.479, D_B: 0.324, G_B: 0.993, cycle_B: 0.527, gp: 0.318

[Rank 0] (epoch: 14, iters: 10304, time: 0.001, data: 0.001) , D_A: 0.237, G_A: 1.008, cycle_A: 0.475, D_B: 0.304, G_B: 0.915, cycle_B: 0.492, gp: 0.294

[Rank 0] (epoch: 14, iters: 11904, time: 0.001, data: 0.003) , D_A: 0.200, G_A: 1.081, cycle_A: 0.481, D_B: 0.312, G_B: 0.962, cycle_B: 0.481, gp: 0.304

[Rank 0] (epoch: 14, iters: 13504, time: 0.001, data: 0.001) , D_A: 0.262, G_A: 0.882, cycle_A: 0.467, D_B: 0.317, G_B: 0.979, cycle_B: 0.548, gp: 0.310

[Rank 0] (epoch: 14, iters: 15104, time: 0.001, data: 0.001) , D_A: 0.246, G_A: 1.173, cycle_A: 0.479, D_B: 0.326, G_B: 1.040, cycle_B: 0.484, gp: 0.302

learning rate 0.0002000 -> 0.0002000
temperature tau = 0.3157
End of epoch 14 / 50 	 Time Taken: 14 sec
[Rank 0] (epoch: 15, iters: 512, time: 0.001, data: 0.002) , D_A: 0.233, G_A: 1.008, cycle_A: 0.465, D_B: 0.245, G_B: 1.053, cycle_B: 0.550, gp: 0.238

[Rank 0] (epoch: 15, iters: 2112, time: 0.001, data: 0.000) , D_A: 0.285, G_A: 1.344, cycle_A: 0.485, D_B: 0.346, G_B: 1.310, cycle_B: 0.549, gp: 0.330

[Rank 0] (epoch: 15, iters: 3712, time: 0.001, data: 0.001) , D_A: 0.304, G_A: 0.960, cycle_A: 0.464, D_B: 0.282, G_B: 1.087, cycle_B: 0.529, gp: 0.273

[Rank 0] (epoch: 15, iters: 5312, time: 0.001, data: 0.001) , D_A: 0.195, G_A: 0.828, cycle_A: 0.471, D_B: 0.249, G_B: 0.928, cycle_B: 0.565, gp: 0.243

[Rank 0] (epoch: 15, iters: 6912, time: 0.001, data: 0.001) , D_A: 0.360, G_A: 0.909, cycle_A: 0.490, D_B: 0.364, G_B: 0.555, cycle_B: 0.542, gp: 0.343

[Rank 0] (epoch: 15, iters: 8512, time: 0.001, data: 0.001) , D_A: 0.295, G_A: 0.948, cycle_A: 0.473, D_B: 0.211, G_B: 1.057, cycle_B: 0.555, gp: 0.201

[Rank 0] (epoch: 15, iters: 10112, time: 0.001, data: 0.001) , D_A: 0.229, G_A: 0.901, cycle_A: 0.479, D_B: 0.316, G_B: 1.146, cycle_B: 0.545, gp: 0.306

[Rank 0] (epoch: 15, iters: 11712, time: 0.001, data: 0.001) , D_A: 0.206, G_A: 1.044, cycle_A: 0.465, D_B: 0.325, G_B: 0.880, cycle_B: 0.541, gp: 0.316

--- iter tau=0.3157 ---
  cipher in : babfbefcdbabaddbfbfbfcefbc bfbfbffbc babf bfbcba b fbcbfcbedbab 
  decrypted :  e a caee e eee a a aeca ee a a aa ee e ae a e ee ea e ae ce e e
  real plain: be ee f e c e a ed ad eed a e de eae eae be c a ab ced ece ee f 
  cipher in :  bfbcbcbcb babfc bfbfbdbfbfcbccbfbdbfcbcdbfbf bfbcfbcbcefbfbcbcb
  decrypted : e a e e e e e aee a a e a ae ee a e ae ee a ae a ea e eca a e e 
  real plain: b aea de def ffce be f ca b acace ad fe eacee eed f cea f a a f 
[Rank 0] (epoch: 15, iters: 13312, time: 0.001, data: 0.001) , D_A: 0.248, G_A: 0.890, cycle_A: 0.464, D_B: 0.227, G_B: 0.927, cycle_B: 0.541, gp: 0.218

saving the latest model (epoch 15, total_iters 240000)
[Rank 0] (epoch: 15, iters: 14912, time: 0.001, data: 0.001) , D_A: 0.198, G_A: 1.037, cycle_A: 0.467, D_B: 0.264, G_B: 1.001, cycle_B: 0.527, gp: 0.259

learning rate 0.0002000 -> 0.0002000
temperature tau = 0.3055
End of epoch 15 / 50 	 Time Taken: 14 sec
[Rank 0] (epoch: 16, iters: 320, time: 0.001, data: 0.001) , D_A: 0.252, G_A: 0.945, cycle_A: 0.476, D_B: 0.305, G_B: 0.929, cycle_B: 0.557, gp: 0.299

[Rank 0] (epoch: 16, iters: 1920, time: 0.001, data: 0.000) , D_A: 0.280, G_A: 1.422, cycle_A: 0.484, D_B: 0.368, G_B: 0.417, cycle_B: 0.509, gp: 0.338

[Rank 0] (epoch: 16, iters: 3520, time: 0.001, data: 0.001) , D_A: 0.273, G_A: 0.779, cycle_A: 0.490, D_B: 0.275, G_B: 1.029, cycle_B: 0.496, gp: 0.265

[Rank 0] (epoch: 16, iters: 5120, time: 0.001, data: 0.001) , D_A: 0.207, G_A: 0.983, cycle_A: 0.499, D_B: 0.200, G_B: 0.926, cycle_B: 0.506, gp: 0.195

[Rank 0] (epoch: 16, iters: 6720, time: 0.001, data: 0.001) , D_A: 0.198, G_A: 0.932, cycle_A: 0.486, D_B: 0.325, G_B: 1.007, cycle_B: 0.503, gp: 0.319

[Rank 0] (epoch: 16, iters: 8320, time: 0.001, data: 0.001) , D_A: 0.386, G_A: 1.036, cycle_A: 0.482, D_B: 0.237, G_B: 0.824, cycle_B: 0.550, gp: 0.220

[Rank 0] (epoch: 16, iters: 9920, time: 0.001, data: 0.001) , D_A: 0.328, G_A: 0.829, cycle_A: 0.460, D_B: 0.269, G_B: 1.272, cycle_B: 0.532, gp: 0.242

[Rank 0] (epoch: 16, iters: 11520, time: 0.001, data: 0.001) , D_A: 0.312, G_A: 0.931, cycle_A: 0.481, D_B: 0.201, G_B: 1.099, cycle_B: 0.530, gp: 0.195

[Rank 0] (epoch: 16, iters: 13120, time: 0.001, data: 0.001) , D_A: 0.148, G_A: 1.061, cycle_A: 0.464, D_B: 0.274, G_B: 0.967, cycle_B: 0.541, gp: 0.269

[Rank 0] (epoch: 16, iters: 14720, time: 0.001, data: 0.001) , D_A: 0.247, G_A: 0.991, cycle_A: 0.457, D_B: 0.233, G_B: 0.905, cycle_B: 0.567, gp: 0.227

learning rate 0.0002000 -> 0.0002000
temperature tau = 0.2956
End of epoch 16 / 50 	 Time Taken: 14 sec
[Rank 0] (epoch: 17, iters: 128, time: 0.001, data: 0.001) , D_A: 0.281, G_A: 1.030, cycle_A: 0.456, D_B: 0.250, G_B: 0.905, cycle_B: 0.565, gp: 0.241

[Rank 0] (epoch: 17, iters: 1728, time: 0.001, data: 0.000) , D_A: 0.326, G_A: 1.013, cycle_A: 0.460, D_B: 0.352, G_B: 0.705, cycle_B: 0.556, gp: 0.322

[Rank 0] (epoch: 17, iters: 3328, time: 0.001, data: 0.001) , D_A: 0.334, G_A: 0.970, cycle_A: 0.466, D_B: 0.223, G_B: 0.815, cycle_B: 0.553, gp: 0.213

[Rank 0] (epoch: 17, iters: 4928, time: 0.001, data: 0.001) , D_A: 0.372, G_A: 1.113, cycle_A: 0.480, D_B: 0.194, G_B: 0.944, cycle_B: 0.539, gp: 0.187

[Rank 0] (epoch: 17, iters: 6528, time: 0.001, data: 0.001) , D_A: 0.296, G_A: 0.990, cycle_A: 0.482, D_B: 0.209, G_B: 1.156, cycle_B: 0.565, gp: 0.204

[Rank 0] (epoch: 17, iters: 8128, time: 0.001, data: 0.001) , D_A: 0.263, G_A: 0.926, cycle_A: 0.481, D_B: 0.314, G_B: 0.912, cycle_B: 0.545, gp: 0.307

[Rank 0] (epoch: 17, iters: 9728, time: 0.001, data: 0.001) , D_A: 0.274, G_A: 0.883, cycle_A: 0.487, D_B: 0.444, G_B: 0.976, cycle_B: 0.571, gp: 0.436

[Rank 0] (epoch: 17, iters: 11328, time: 0.001, data: 0.001) , D_A: 0.358, G_A: 0.884, cycle_A: 0.477, D_B: 0.257, G_B: 0.918, cycle_B: 0.539, gp: 0.250

[Rank 0] (epoch: 17, iters: 12928, time: 0.001, data: 0.001) , D_A: 0.335, G_A: 0.959, cycle_A: 0.484, D_B: 0.255, G_B: 1.027, cycle_B: 0.537, gp: 0.250

[Rank 0] (epoch: 17, iters: 14528, time: 0.001, data: 0.001) , D_A: 0.355, G_A: 0.938, cycle_A: 0.466, D_B: 0.253, G_B: 0.910, cycle_B: 0.545, gp: 0.246

[Rank 0] (epoch: 17, iters: 16128, time: 0.001, data: 0.001) , D_A: 0.248, G_A: 0.929, cycle_A: 0.469, D_B: 0.175, G_B: 0.994, cycle_B: 0.534, gp: 0.169

learning rate 0.0002000 -> 0.0002000
temperature tau = 0.2861
End of epoch 17 / 50 	 Time Taken: 14 sec
[Rank 0] (epoch: 18, iters: 1536, time: 0.001, data: 0.001) , D_A: 0.253, G_A: 1.140, cycle_A: 0.477, D_B: 0.296, G_B: 1.183, cycle_B: 0.550, gp: 0.289

[Rank 0] (epoch: 18, iters: 3136, time: 0.001, data: 0.001) , D_A: 0.217, G_A: 0.919, cycle_A: 0.483, D_B: 0.163, G_B: 0.880, cycle_B: 0.543, gp: 0.154

--- iter tau=0.2861 ---
  cipher in : bfbffbc bfbaafbefdcfbcbfbcbcaabc b fbfb befaf bffbabc bcbcbfbf b
  decrypted :  f ff ee f eef cfeef e f e eee ee ef f e cfefe ff e ee e e f fe 
  real plain: e fde f ca ad ca bab ea e f ade ad ce a a e ae ce cd dd ce f ee 
  cipher in : fbcbfbfbfbcfbdcbcbc bdfbc b f bac bfbcbaf bfbfdfbcbcbffbfbd bdfb
  decrypted : f e f f f ef ee e ee ef ee efe eee f e efe f fef e e ff f ee ef 
  real plain: e fa ad defe e f eeece e f ee ae eea ea f acad cac a def a ae a 
[Rank 0] (epoch: 18, iters: 4736, time: 0.001, data: 0.002) , D_A: 0.359, G_A: 1.066, cycle_A: 0.489, D_B: 0.297, G_B: 1.094, cycle_B: 0.532, gp: 0.290

saving the latest model (epoch 18, total_iters 280000)
[Rank 0] (epoch: 18, iters: 6336, time: 0.001, data: 0.001) , D_A: 0.269, G_A: 1.152, cycle_A: 0.463, D_B: 0.371, G_B: 1.071, cycle_B: 0.553, gp: 0.366

[Rank 0] (epoch: 18, iters: 7936, time: 0.001, data: 0.001) , D_A: 0.207, G_A: 1.017, cycle_A: 0.471, D_B: 0.287, G_B: 0.931, cycle_B: 0.558, gp: 0.282

[Rank 0] (epoch: 18, iters: 9536, time: 0.001, data: 0.001) , D_A: 0.192, G_A: 0.929, cycle_A: 0.477, D_B: 0.231, G_B: 1.021, cycle_B: 0.555, gp: 0.225

[Rank 0] (epoch: 18, iters: 11136, time: 0.001, data: 0.001) , D_A: 0.272, G_A: 1.002, cycle_A: 0.467, D_B: 0.250, G_B: 1.104, cycle_B: 0.543, gp: 0.244

[Rank 0] (epoch: 18, iters: 12736, time: 0.001, data: 0.001) , D_A: 0.307, G_A: 1.106, cycle_A: 0.466, D_B: 0.323, G_B: 0.779, cycle_B: 0.555, gp: 0.316

[Rank 0] (epoch: 18, iters: 14336, time: 0.001, data: 0.002) , D_A: 0.223, G_A: 1.018, cycle_A: 0.476, D_B: 0.281, G_B: 0.913, cycle_B: 0.549, gp: 0.276

[Rank 0] (epoch: 18, iters: 15936, time: 0.001, data: 0.002) , D_A: 0.277, G_A: 0.961, cycle_A: 0.474, D_B: 0.300, G_B: 1.026, cycle_B: 0.546, gp: 0.296

learning rate 0.0002000 -> 0.0002000
temperature tau = 0.2768
End of epoch 18 / 50 	 Time Taken: 14 sec
[Rank 0] (epoch: 19, iters: 1344, time: 0.001, data: 0.001) , D_A: 0.715, G_A: 0.065, cycle_A: 5.124, D_B: 0.680, G_B: 0.422, cycle_B: 1.930, gp: 0.320

[Rank 0] (epoch: 19, iters: 2944, time: 0.001, data: 0.002) , D_A: 0.477, G_A: 1.169, cycle_A: 0.417, D_B: 0.389, G_B: 1.006, cycle_B: 0.349, gp: 0.363

[Rank 0] (epoch: 19, iters: 4544, time: 0.001, data: 0.002) , D_A: 0.314, G_A: 0.723, cycle_A: 0.283, D_B: 0.414, G_B: 0.740, cycle_B: 0.283, gp: 0.358

[Rank 0] (epoch: 19, iters: 6144, time: 0.001, data: 0.002) , D_A: 0.359, G_A: 0.884, cycle_A: 0.273, D_B: 0.502, G_B: 0.894, cycle_B: 0.278, gp: 0.395

[Rank 0] (epoch: 19, iters: 7744, time: 0.001, data: 0.001) , D_A: 0.264, G_A: 0.835, cycle_A: 0.262, D_B: 0.414, G_B: 1.476, cycle_B: 0.273, gp: 0.350

[Rank 0] (epoch: 19, iters: 9344, time: 0.001, data: 0.001) , D_A: 0.261, G_A: 1.306, cycle_A: 0.261, D_B: 0.416, G_B: 1.257, cycle_B: 0.269, gp: 0.376

[Rank 0] (epoch: 19, iters: 10944, time: 0.001, data: 0.001) , D_A: 0.343, G_A: 0.934, cycle_A: 0.241, D_B: 0.364, G_B: 0.887, cycle_B: 0.271, gp: 0.328

[Rank 0] (epoch: 19, iters: 12544, time: 0.001, data: 0.001) , D_A: 0.290, G_A: 1.060, cycle_A: 0.250, D_B: 0.318, G_B: 0.951, cycle_B: 0.273, gp: 0.302

[Rank 0] (epoch: 19, iters: 14144, time: 0.001, data: 0.001) , D_A: 0.249, G_A: 1.226, cycle_A: 0.286, D_B: 0.383, G_B: 0.876, cycle_B: 0.270, gp: 0.314

[Rank 0] (epoch: 19, iters: 15744, time: 0.001, data: 0.001) , D_A: 0.358, G_A: 1.243, cycle_A: 0.249, D_B: 0.306, G_B: 0.759, cycle_B: 0.266, gp: 0.280

learning rate 0.0002000 -> 0.0002000
temperature tau = 0.2679
End of epoch 19 / 50 	 Time Taken: 14 sec
[Rank 0] (epoch: 20, iters: 1152, time: 0.001, data: 0.001) , D_A: 0.391, G_A: 1.034, cycle_A: 0.238, D_B: 0.244, G_B: 1.073, cycle_B: 0.273, gp: 0.220

[Rank 0] (epoch: 20, iters: 2752, time: 0.001, data: 0.001) , D_A: 0.301, G_A: 0.931, cycle_A: 0.241, D_B: 0.395, G_B: 0.923, cycle_B: 0.272, gp: 0.380

[Rank 0] (epoch: 20, iters: 4352, time: 0.001, data: 0.001) , D_A: 0.319, G_A: 0.875, cycle_A: 0.230, D_B: 0.614, G_B: 0.586, cycle_B: 0.271, gp: 0.496

[Rank 0] (epoch: 20, iters: 5952, time: 0.001, data: 0.002) , D_A: 0.243, G_A: 0.988, cycle_A: 0.251, D_B: 0.360, G_B: 0.785, cycle_B: 0.274, gp: 0.325

[Rank 0] (epoch: 20, iters: 7552, time: 0.001, data: 0.001) , D_A: 0.262, G_A: 0.966, cycle_A: 0.261, D_B: 0.314, G_B: 0.701, cycle_B: 0.271, gp: 0.282

[Rank 0] (epoch: 20, iters: 9152, time: 0.001, data: 0.002) , D_A: 0.298, G_A: 1.075, cycle_A: 0.251, D_B: 0.250, G_B: 0.773, cycle_B: 0.268, gp: 0.224

[Rank 0] (epoch: 20, iters: 10752, time: 0.001, data: 0.002) , D_A: 0.538, G_A: 1.680, cycle_A: 0.246, D_B: 0.304, G_B: 0.990, cycle_B: 0.270, gp: 0.280

--- iter tau=0.2679 ---
  cipher in :  fbc bcbc bf bfbc bfbffbdfbfbffb febfbfdbffbfbf babffbffbfbffbef
  decrypted : db ed e ed bd b ed b bb db b bb dbc b bd bb b bd e bb bb b bb cb
  real plain: ea a e dea bde e ad fee ae e c ed f e c eac e f ee b ae a fca a 
  cipher in : b fbccfbcbcbfbfbc babfbecbfbebfbfbfbcfbfbc bffbcbcbfbcecdbfbfcba
  decrypted :  db eeb e e b b ed e b ce b c b b b eb b ed bb e e b eced b be e
  real plain: caceca ace e f ce a bee de a cac c ee b eeae ad e c e f ac ad ae
[Rank 0] (epoch: 20, iters: 12352, time: 0.001, data: 0.001) , D_A: 0.320, G_A: 1.021, cycle_A: 0.241, D_B: 0.396, G_B: 0.570, cycle_B: 0.274, gp: 0.353

saving the latest model (epoch 20, total_iters 320000)
[Rank 0] (epoch: 20, iters: 13952, time: 0.001, data: 0.001) , D_A: 0.306, G_A: 1.020, cycle_A: 0.274, D_B: 0.280, G_B: 1.208, cycle_B: 0.265, gp: 0.233

[Rank 0] (epoch: 20, iters: 15552, time: 0.001, data: 0.001) , D_A: 0.235, G_A: 1.001, cycle_A: 0.270, D_B: 0.368, G_B: 1.212, cycle_B: 0.265, gp: 0.343

learning rate 0.0002000 -> 0.0002000
temperature tau = 0.2592
End of epoch 20 / 50 	 Time Taken: 14 sec
[Rank 0] (epoch: 21, iters: 960, time: 0.001, data: 0.001) , D_A: 0.225, G_A: 0.981, cycle_A: 0.233, D_B: 0.342, G_B: 0.813, cycle_B: 0.272, gp: 0.319

[Rank 0] (epoch: 21, iters: 2560, time: 0.001, data: 0.001) , D_A: 0.301, G_A: 0.970, cycle_A: 0.244, D_B: 0.430, G_B: 0.336, cycle_B: 0.261, gp: 0.325

[Rank 0] (epoch: 21, iters: 4160, time: 0.001, data: 0.001) , D_A: 0.330, G_A: 0.855, cycle_A: 0.253, D_B: 0.291, G_B: 0.935, cycle_B: 0.268, gp: 0.271

[Rank 0] (epoch: 21, iters: 5760, time: 0.001, data: 0.001) , D_A: 0.397, G_A: 0.850, cycle_A: 0.240, D_B: 0.428, G_B: 0.858, cycle_B: 0.271, gp: 0.410

[Rank 0] (epoch: 21, iters: 7360, time: 0.001, data: 0.001) , D_A: 0.293, G_A: 0.855, cycle_A: 0.261, D_B: 0.376, G_B: 0.856, cycle_B: 0.274, gp: 0.348

[Rank 0] (epoch: 21, iters: 8960, time: 0.001, data: 0.001) , D_A: 0.235, G_A: 1.015, cycle_A: 0.267, D_B: 0.371, G_B: 0.994, cycle_B: 0.266, gp: 0.358

[Rank 0] (epoch: 21, iters: 10560, time: 0.001, data: 0.001) , D_A: 0.233, G_A: 0.985, cycle_A: 0.251, D_B: 0.277, G_B: 0.946, cycle_B: 0.266, gp: 0.266

[Rank 0] (epoch: 21, iters: 12160, time: 0.001, data: 0.001) , D_A: 0.285, G_A: 0.968, cycle_A: 0.257, D_B: 0.259, G_B: 0.492, cycle_B: 0.271, gp: 0.172

[Rank 0] (epoch: 21, iters: 13760, time: 0.001, data: 0.001) , D_A: 0.228, G_A: 0.965, cycle_A: 0.254, D_B: 0.294, G_B: 0.769, cycle_B: 0.269, gp: 0.258

[Rank 0] (epoch: 21, iters: 15360, time: 0.001, data: 0.001) , D_A: 0.264, G_A: 0.920, cycle_A: 0.259, D_B: 0.337, G_B: 0.802, cycle_B: 0.268, gp: 0.318

learning rate 0.0002000 -> 0.0002000
temperature tau = 0.2508
End of epoch 21 / 50 	 Time Taken: 13 sec
[Rank 0] (epoch: 22, iters: 768, time: 0.001, data: 0.001) , D_A: 0.239, G_A: 0.876, cycle_A: 0.260, D_B: 0.335, G_B: 1.109, cycle_B: 0.271, gp: 0.299

[Rank 0] (epoch: 22, iters: 2368, time: 0.001, data: 0.000) , D_A: 0.262, G_A: 0.901, cycle_A: 0.263, D_B: 0.365, G_B: 0.908, cycle_B: 0.262, gp: 0.350

[Rank 0] (epoch: 22, iters: 3968, time: 0.001, data: 0.001) , D_A: 0.315, G_A: 0.941, cycle_A: 0.265, D_B: 0.352, G_B: 1.061, cycle_B: 0.261, gp: 0.321

[Rank 0] (epoch: 22, iters: 5568, time: 0.001, data: 0.002) , D_A: 0.254, G_A: 1.017, cycle_A: 0.244, D_B: 0.314, G_B: 0.911, cycle_B: 0.263, gp: 0.291

[Rank 0] (epoch: 22, iters: 7168, time: 0.001, data: 0.001) , D_A: 0.299, G_A: 0.972, cycle_A: 0.249, D_B: 0.316, G_B: 1.020, cycle_B: 0.260, gp: 0.298

[Rank 0] (epoch: 22, iters: 8768, time: 0.001, data: 0.003) , D_A: 0.305, G_A: 0.897, cycle_A: 0.266, D_B: 0.301, G_B: 1.095, cycle_B: 0.266, gp: 0.280

[Rank 0] (epoch: 22, iters: 10368, time: 0.001, data: 0.001) , D_A: 0.275, G_A: 0.859, cycle_A: 0.260, D_B: 0.328, G_B: 0.837, cycle_B: 0.264, gp: 0.307

[Rank 0] (epoch: 22, iters: 11968, time: 0.001, data: 0.001) , D_A: 0.299, G_A: 0.921, cycle_A: 0.254, D_B: 0.256, G_B: 0.943, cycle_B: 0.272, gp: 0.241

[Rank 0] (epoch: 22, iters: 13568, time: 0.001, data: 0.002) , D_A: 0.324, G_A: 0.901, cycle_A: 0.258, D_B: 0.320, G_B: 0.874, cycle_B: 0.264, gp: 0.302

[Rank 0] (epoch: 22, iters: 15168, time: 0.001, data: 0.001) , D_A: 0.323, G_A: 0.916, cycle_A: 0.260, D_B: 0.319, G_B: 1.023, cycle_B: 0.275, gp: 0.308

learning rate 0.0002000 -> 0.0002000
temperature tau = 0.2427
End of epoch 22 / 50 	 Time Taken: 15 sec
[Rank 0] (epoch: 23, iters: 576, time: 0.001, data: 0.001) , D_A: 0.263, G_A: 1.051, cycle_A: 0.245, D_B: 0.272, G_B: 0.831, cycle_B: 0.278, gp: 0.252

[Rank 0] (epoch: 23, iters: 2176, time: 0.001, data: 0.000) , D_A: 0.222, G_A: 0.908, cycle_A: 0.269, D_B: 0.323, G_B: 1.099, cycle_B: 0.259, gp: 0.307

--- iter tau=0.2427 ---
  cipher in : dbcbcfbffcfb fbabcfbfbabafbcfbcdba bfdffcbcaafdbfdfcbcfbfbccbafc
  decrypted : d e ea aaea da e ea a e ea ea ed ed adaae eeead adae ea a ee eae
  real plain:  e b e e ae ee ea f ee d b be ad a ce deced b aace a e ca e ae a
  cipher in : afccbfaddbfbabfcbc bfbcddfbcfb fafcbc bcdbd fbcbfbdfbcbdfccb fba
  decrypted : eaee aedd a e ae ed a edda ea daeae ed ed dda e a da e daee da e
  real plain: ed f bae ee b cee fae e dea f e ea ce ae ceaca f e a fce e f e e
[Rank 0] (epoch: 23, iters: 3776, time: 0.001, data: 0.001) , D_A: 0.229, G_A: 0.930, cycle_A: 0.262, D_B: 0.196, G_B: 0.951, cycle_B: 0.260, gp: 0.188

saving the latest model (epoch 23, total_iters 360000)
[Rank 0] (epoch: 23, iters: 5376, time: 0.001, data: 0.001) , D_A: 0.330, G_A: 1.103, cycle_A: 0.249, D_B: 0.384, G_B: 0.906, cycle_B: 0.268, gp: 0.372

[Rank 0] (epoch: 23, iters: 6976, time: 0.001, data: 0.001) , D_A: 0.305, G_A: 0.841, cycle_A: 0.251, D_B: 0.293, G_B: 0.521, cycle_B: 0.262, gp: 0.241

[Rank 0] (epoch: 23, iters: 8576, time: 0.001, data: 0.001) , D_A: 0.261, G_A: 1.126, cycle_A: 0.241, D_B: 0.260, G_B: 1.042, cycle_B: 0.267, gp: 0.241

[Rank 0] (epoch: 23, iters: 10176, time: 0.001, data: 0.001) , D_A: 0.253, G_A: 0.933, cycle_A: 0.262, D_B: 0.345, G_B: 0.527, cycle_B: 0.267, gp: 0.263

[Rank 0] (epoch: 23, iters: 11776, time: 0.001, data: 0.001) , D_A: 0.339, G_A: 0.979, cycle_A: 0.264, D_B: 0.265, G_B: 0.839, cycle_B: 0.274, gp: 0.247

[Rank 0] (epoch: 23, iters: 13376, time: 0.001, data: 0.001) , D_A: 0.293, G_A: 0.883, cycle_A: 0.258, D_B: 0.261, G_B: 0.901, cycle_B: 0.264, gp: 0.242

[Rank 0] (epoch: 23, iters: 14976, time: 0.001, data: 0.001) , D_A: 0.243, G_A: 0.974, cycle_A: 0.261, D_B: 0.298, G_B: 1.178, cycle_B: 0.277, gp: 0.280

learning rate 0.0002000 -> 0.0002000
temperature tau = 0.2349
End of epoch 23 / 50 	 Time Taken: 14 sec
[Rank 0] (epoch: 24, iters: 384, time: 0.001, data: 0.001) , D_A: 0.294, G_A: 1.050, cycle_A: 0.259, D_B: 0.406, G_B: 0.955, cycle_B: 0.272, gp: 0.390

[Rank 0] (epoch: 24, iters: 1984, time: 0.001, data: 0.000) , D_A: 0.258, G_A: 1.051, cycle_A: 0.264, D_B: 0.307, G_B: 0.947, cycle_B: 0.275, gp: 0.284

[Rank 0] (epoch: 24, iters: 3584, time: 0.001, data: 0.001) , D_A: 0.271, G_A: 0.985, cycle_A: 0.250, D_B: 0.310, G_B: 0.864, cycle_B: 0.268, gp: 0.295

[Rank 0] (epoch: 24, iters: 5184, time: 0.001, data: 0.002) , D_A: 0.315, G_A: 0.989, cycle_A: 0.250, D_B: 0.275, G_B: 0.934, cycle_B: 0.266, gp: 0.264

[Rank 0] (epoch: 24, iters: 6784, time: 0.001, data: 0.001) , D_A: 0.307, G_A: 1.023, cycle_A: 0.254, D_B: 0.423, G_B: 1.145, cycle_B: 0.260, gp: 0.380

[Rank 0] (epoch: 24, iters: 8384, time: 0.001, data: 0.002) , D_A: 0.263, G_A: 0.988, cycle_A: 0.259, D_B: 0.353, G_B: 1.073, cycle_B: 0.267, gp: 0.337

[Rank 0] (epoch: 24, iters: 9984, time: 0.001, data: 0.001) , D_A: 0.205, G_A: 0.990, cycle_A: 0.251, D_B: 0.330, G_B: 0.902, cycle_B: 0.258, gp: 0.314

[Rank 0] (epoch: 24, iters: 11584, time: 0.001, data: 0.001) , D_A: 0.209, G_A: 0.960, cycle_A: 0.239, D_B: 0.205, G_B: 0.956, cycle_B: 0.266, gp: 0.183

[Rank 0] (epoch: 24, iters: 13184, time: 0.001, data: 0.001) , D_A: 0.258, G_A: 0.929, cycle_A: 0.257, D_B: 0.231, G_B: 0.893, cycle_B: 0.248, gp: 0.207

[Rank 0] (epoch: 24, iters: 14784, time: 0.001, data: 0.001) , D_A: 0.276, G_A: 0.996, cycle_A: 0.258, D_B: 0.276, G_B: 0.913, cycle_B: 0.271, gp: 0.264

learning rate 0.0002000 -> 0.0002000
temperature tau = 0.2273
End of epoch 24 / 50 	 Time Taken: 15 sec
[Rank 0] (epoch: 25, iters: 192, time: 0.001, data: 0.001) , D_A: 0.310, G_A: 0.988, cycle_A: 0.253, D_B: 0.297, G_B: 0.947, cycle_B: 0.270, gp: 0.284

[Rank 0] (epoch: 25, iters: 1792, time: 0.001, data: 0.000) , D_A: 0.262, G_A: 0.967, cycle_A: 0.253, D_B: 0.255, G_B: 1.107, cycle_B: 0.275, gp: 0.222

[Rank 0] (epoch: 25, iters: 3392, time: 0.001, data: 0.001) , D_A: 0.368, G_A: 0.997, cycle_A: 0.255, D_B: 0.338, G_B: 0.943, cycle_B: 0.261, gp: 0.313

[Rank 0] (epoch: 25, iters: 4992, time: 0.001, data: 0.001) , D_A: 0.316, G_A: 0.951, cycle_A: 0.262, D_B: 0.433, G_B: 0.931, cycle_B: 0.266, gp: 0.382

[Rank 0] (epoch: 25, iters: 6592, time: 0.001, data: 0.001) , D_A: 0.213, G_A: 1.012, cycle_A: 0.257, D_B: 0.327, G_B: 0.896, cycle_B: 0.280, gp: 0.313

[Rank 0] (epoch: 25, iters: 8192, time: 0.001, data: 0.001) , D_A: 0.218, G_A: 0.973, cycle_A: 0.251, D_B: 0.395, G_B: 0.595, cycle_B: 0.270, gp: 0.330

[Rank 0] (epoch: 25, iters: 9792, time: 0.001, data: 0.001) , D_A: 0.282, G_A: 1.000, cycle_A: 0.252, D_B: 0.313, G_B: 0.809, cycle_B: 0.260, gp: 0.303

--- iter tau=0.2273 ---
  cipher in : baccfbc bcfdcbcbfcbdfbfbabcbcffbabdcdfbafbfbfb fcbabcefbcdd fbdf
  decrypted :  eeea ed eade e ae da a e e eaa e deda ea a a dae e eca eddda da
  real plain: e e ae f e ceee ae e b a e add e ceee f cece ad e ceee f eac e d
  cipher in : bfbabfbffbabddfbabffbebffbefbf bebabc bcdffbff bcbfbfbfbfbcbffbf
  decrypted :  a e a aa e dda e aa c aa ca ad c e ed edaa aad e a a a a e aa a
  real plain: c a a ad ed e d a a f e bee e ad e e a b ad ae d ee e e ad a e a
[Rank 0] (epoch: 25, iters: 11392, time: 0.001, data: 0.001) , D_A: 0.308, G_A: 0.896, cycle_A: 0.254, D_B: 0.347, G_B: 0.724, cycle_B: 0.270, gp: 0.331

saving the latest model (epoch 25, total_iters 400000)
[Rank 0] (epoch: 25, iters: 12992, time: 0.001, data: 0.001) , D_A: 0.247, G_A: 0.905, cycle_A: 0.260, D_B: 0.327, G_B: 1.005, cycle_B: 0.246, gp: 0.311

[Rank 0] (epoch: 25, iters: 14592, time: 0.001, data: 0.001) , D_A: 0.161, G_A: 1.053, cycle_A: 0.256, D_B: 0.383, G_B: 0.941, cycle_B: 0.268, gp: 0.365

[Rank 0] (epoch: 25, iters: 16192, time: 0.001, data: 0.001) , D_A: 0.247, G_A: 0.961, cycle_A: 0.254, D_B: 0.291, G_B: 0.886, cycle_B: 0.273, gp: 0.283

learning rate 0.0002000 -> 0.0002000
temperature tau = 0.2200
End of epoch 25 / 50 	 Time Taken: 14 sec
[Rank 0] (epoch: 26, iters: 1600, time: 0.001, data: 0.151) , D_A: 0.211, G_A: 0.966, cycle_A: 0.259, D_B: 0.538, G_B: 0.247, cycle_B: 0.272, gp: 0.336

[Rank 0] (epoch: 26, iters: 3200, time: 0.001, data: 0.001) , D_A: 0.253, G_A: 0.996, cycle_A: 0.250, D_B: 0.298, G_B: 0.743, cycle_B: 0.259, gp: 0.274

[Rank 0] (epoch: 26, iters: 4800, time: 0.001, data: 0.002) , D_A: 0.373, G_A: 1.197, cycle_A: 0.264, D_B: 0.304, G_B: 0.899, cycle_B: 0.264, gp: 0.279

[Rank 0] (epoch: 26, iters: 6400, time: 0.001, data: 0.002) , D_A: 0.256, G_A: 1.056, cycle_A: 0.248, D_B: 0.275, G_B: 0.970, cycle_B: 0.281, gp: 0.255

[Rank 0] (epoch: 26, iters: 8000, time: 0.001, data: 0.001) , D_A: 0.274, G_A: 0.979, cycle_A: 0.252, D_B: 0.493, G_B: 0.963, cycle_B: 0.274, gp: 0.457

[Rank 0] (epoch: 26, iters: 9600, time: 0.001, data: 0.001) , D_A: 0.241, G_A: 0.943, cycle_A: 0.269, D_B: 0.399, G_B: 0.870, cycle_B: 0.270, gp: 0.388

[Rank 0] (epoch: 26, iters: 11200, time: 0.001, data: 0.001) , D_A: 0.193, G_A: 0.954, cycle_A: 0.252, D_B: 0.243, G_B: 1.033, cycle_B: 0.263, gp: 0.219

[Rank 0] (epoch: 26, iters: 12800, time: 0.001, data: 0.002) , D_A: 0.286, G_A: 0.903, cycle_A: 0.274, D_B: 0.313, G_B: 1.019, cycle_B: 0.276, gp: 0.291

[Rank 0] (epoch: 26, iters: 14400, time: 0.001, data: 0.001) , D_A: 0.198, G_A: 0.942, cycle_A: 0.249, D_B: 0.275, G_B: 1.008, cycle_B: 0.270, gp: 0.260

[Rank 0] (epoch: 26, iters: 16000, time: 0.001, data: 0.002) , D_A: 0.236, G_A: 0.900, cycle_A: 0.253, D_B: 0.242, G_B: 0.988, cycle_B: 0.269, gp: 0.232

learning rate 0.0002000 -> 0.0002000
temperature tau = 0.2129
End of epoch 26 / 50 	 Time Taken: 15 sec
[Rank 0] (epoch: 27, iters: 1408, time: 0.001, data: 0.001) , D_A: 0.220, G_A: 0.961, cycle_A: 0.247, D_B: 0.358, G_B: 0.378, cycle_B: 0.265, gp: 0.281

[Rank 0] (epoch: 27, iters: 3008, time: 0.001, data: 0.001) , D_A: 0.212, G_A: 1.000, cycle_A: 0.247, D_B: 0.224, G_B: 0.860, cycle_B: 0.272, gp: 0.203

[Rank 0] (epoch: 27, iters: 4608, time: 0.001, data: 0.001) , D_A: 0.318, G_A: 0.967, cycle_A: 0.273, D_B: 0.297, G_B: 1.126, cycle_B: 0.266, gp: 0.241

[Rank 0] (epoch: 27, iters: 6208, time: 0.001, data: 0.001) , D_A: 0.292, G_A: 0.829, cycle_A: 0.252, D_B: 0.325, G_B: 0.942, cycle_B: 0.276, gp: 0.309

[Rank 0] (epoch: 27, iters: 7808, time: 0.001, data: 0.001) , D_A: 0.337, G_A: 0.999, cycle_A: 0.250, D_B: 0.246, G_B: 0.855, cycle_B: 0.274, gp: 0.225

[Rank 0] (epoch: 27, iters: 9408, time: 0.001, data: 0.003) , D_A: 0.236, G_A: 0.938, cycle_A: 0.254, D_B: 0.276, G_B: 0.754, cycle_B: 0.274, gp: 0.250

[Rank 0] (epoch: 27, iters: 11008, time: 0.001, data: 0.001) , D_A: 0.185, G_A: 0.958, cycle_A: 0.252, D_B: 0.277, G_B: 0.851, cycle_B: 0.266, gp: 0.258

[Rank 0] (epoch: 27, iters: 12608, time: 0.001, data: 0.001) , D_A: 0.224, G_A: 0.975, cycle_A: 0.263, D_B: 0.282, G_B: 0.868, cycle_B: 0.277, gp: 0.266

[Rank 0] (epoch: 27, iters: 14208, time: 0.001, data: 0.001) , D_A: 0.232, G_A: 0.916, cycle_A: 0.254, D_B: 0.282, G_B: 0.686, cycle_B: 0.272, gp: 0.268

[Rank 0] (epoch: 27, iters: 15808, time: 0.001, data: 0.001) , D_A: 0.224, G_A: 0.938, cycle_A: 0.280, D_B: 0.380, G_B: 1.077, cycle_B: 0.259, gp: 0.317

learning rate 0.0002000 -> 0.0002000
temperature tau = 0.2060
End of epoch 27 / 50 	 Time Taken: 15 sec
[Rank 0] (epoch: 28, iters: 1216, time: 0.001, data: 0.001) , D_A: 0.341, G_A: 1.015, cycle_A: 0.255, D_B: 0.323, G_B: 1.008, cycle_B: 0.259, gp: 0.294

--- iter tau=0.2060 ---
  cipher in : fbff cbafbc bffbfbcbfbafbacdbff bcefb fbfcfbfbab ebcbfbffbabdbfb
  decrypted : f ffde ef ed ff f e f ef eed ffd ecf df fef f e dc e f ff e d f 
  real plain:  e e ff d aa ad eae e d a ee e ae e ad dd e b d e af f e cab a e
  cipher in : fbfcf bcbfbffbcbfbfbfbffbffbfbfbcbfbcbffbcf bfbcbf bcbdcbffbfbfb
  decrypted : f fefd e f ff e f f f ff ff f f e f e ff efd f e fd e de ff f f 
  real plain: a f d a ad e dc c ded a e deee ace be e ceca ca c f deae eca e a
[Rank 0] (epoch: 28, iters: 2816, time: 0.001, data: 0.001) , D_A: 0.233, G_A: 0.910, cycle_A: 0.244, D_B: 0.270, G_B: 0.807, cycle_B: 0.260, gp: 0.253

saving the latest model (epoch 28, total_iters 440000)
[Rank 0] (epoch: 28, iters: 4416, time: 0.001, data: 0.001) , D_A: 0.205, G_A: 0.963, cycle_A: 0.257, D_B: 0.346, G_B: 0.256, cycle_B: 0.261, gp: 0.327

[Rank 0] (epoch: 28, iters: 6016, time: 0.001, data: 0.001) , D_A: 0.274, G_A: 1.003, cycle_A: 0.260, D_B: 0.296, G_B: 0.762, cycle_B: 0.265, gp: 0.268

[Rank 0] (epoch: 28, iters: 7616, time: 0.001, data: 0.001) , D_A: 0.291, G_A: 1.180, cycle_A: 0.247, D_B: 0.257, G_B: 0.857, cycle_B: 0.269, gp: 0.241

[Rank 0] (epoch: 28, iters: 9216, time: 0.001, data: 0.001) , D_A: 0.267, G_A: 0.982, cycle_A: 0.269, D_B: 0.302, G_B: 0.929, cycle_B: 0.267, gp: 0.286

[Rank 0] (epoch: 28, iters: 10816, time: 0.001, data: 0.001) , D_A: 0.256, G_A: 0.960, cycle_A: 0.256, D_B: 0.227, G_B: 0.843, cycle_B: 0.260, gp: 0.208

[Rank 0] (epoch: 28, iters: 12416, time: 0.001, data: 0.001) , D_A: 0.261, G_A: 0.911, cycle_A: 0.248, D_B: 0.327, G_B: 0.947, cycle_B: 0.264, gp: 0.314

[Rank 0] (epoch: 28, iters: 14016, time: 0.001, data: 0.001) , D_A: 0.323, G_A: 0.916, cycle_A: 0.244, D_B: 0.381, G_B: 0.897, cycle_B: 0.264, gp: 0.356

[Rank 0] (epoch: 28, iters: 15616, time: 0.001, data: 0.001) , D_A: 0.334, G_A: 0.983, cycle_A: 0.255, D_B: 0.336, G_B: 0.924, cycle_B: 0.265, gp: 0.324

learning rate 0.0002000 -> 0.0002000
temperature tau = 0.1993
End of epoch 28 / 50 	 Time Taken: 13 sec
[Rank 0] (epoch: 29, iters: 1024, time: 0.001, data: 0.001) , D_A: 0.224, G_A: 0.998, cycle_A: 0.252, D_B: 0.319, G_B: 0.971, cycle_B: 0.280, gp: 0.293

[Rank 0] (epoch: 29, iters: 2624, time: 0.001, data: 0.001) , D_A: 0.236, G_A: 1.004, cycle_A: 0.258, D_B: 0.277, G_B: 0.920, cycle_B: 0.259, gp: 0.266

[Rank 0] (epoch: 29, iters: 4224, time: 0.001, data: 0.001) , D_A: 0.266, G_A: 0.970, cycle_A: 0.240, D_B: 0.315, G_B: 1.000, cycle_B: 0.256, gp: 0.247

[Rank 0] (epoch: 29, iters: 5824, time: 0.001, data: 0.001) , D_A: 0.326, G_A: 0.955, cycle_A: 0.254, D_B: 0.239, G_B: 0.922, cycle_B: 0.254, gp: 0.220

[Rank 0] (epoch: 29, iters: 7424, time: 0.001, data: 0.001) , D_A: 0.351, G_A: 0.793, cycle_A: 0.255, D_B: 0.219, G_B: 0.976, cycle_B: 0.257, gp: 0.207

[Rank 0] (epoch: 29, iters: 9024, time: 0.001, data: 0.001) , D_A: 0.171, G_A: 1.092, cycle_A: 0.255, D_B: 0.362, G_B: 1.063, cycle_B: 0.247, gp: 0.323

[Rank 0] (epoch: 29, iters: 10624, time: 0.001, data: 0.002) , D_A: 0.261, G_A: 1.043, cycle_A: 0.250, D_B: 0.354, G_B: 0.642, cycle_B: 0.252, gp: 0.317

[Rank 0] (epoch: 29, iters: 12224, time: 0.001, data: 0.001) , D_A: 0.288, G_A: 0.988, cycle_A: 0.264, D_B: 0.264, G_B: 0.739, cycle_B: 0.255, gp: 0.234

[Rank 0] (epoch: 29, iters: 13824, time: 0.001, data: 0.001) , D_A: 0.298, G_A: 0.951, cycle_A: 0.254, D_B: 0.346, G_B: 0.925, cycle_B: 0.253, gp: 0.335

[Rank 0] (epoch: 29, iters: 15424, time: 0.001, data: 0.001) , D_A: 0.310, G_A: 0.929, cycle_A: 0.251, D_B: 0.329, G_B: 0.467, cycle_B: 0.259, gp: 0.273

learning rate 0.0002000 -> 0.0002000
temperature tau = 0.1929
End of epoch 29 / 50 	 Time Taken: 15 sec
[Rank 0] (epoch: 30, iters: 832, time: 0.001, data: 0.001) , D_A: 0.177, G_A: 0.989, cycle_A: 0.251, D_B: 0.288, G_B: 0.967, cycle_B: 0.276, gp: 0.271

[Rank 0] (epoch: 30, iters: 2432, time: 0.001, data: 0.000) , D_A: 0.255, G_A: 0.958, cycle_A: 0.252, D_B: 0.262, G_B: 0.958, cycle_B: 0.261, gp: 0.236

[Rank 0] (epoch: 30, iters: 4032, time: 0.001, data: 0.001) , D_A: 0.282, G_A: 0.975, cycle_A: 0.261, D_B: 0.359, G_B: 0.815, cycle_B: 0.261, gp: 0.341

[Rank 0] (epoch: 30, iters: 5632, time: 0.001, data: 0.002) , D_A: 0.243, G_A: 0.912, cycle_A: 0.254, D_B: 0.367, G_B: 0.995, cycle_B: 0.256, gp: 0.352

[Rank 0] (epoch: 30, iters: 7232, time: 0.001, data: 0.001) , D_A: 0.246, G_A: 0.818, cycle_A: 0.249, D_B: 0.362, G_B: 1.063, cycle_B: 0.257, gp: 0.349

[Rank 0] (epoch: 30, iters: 8832, time: 0.001, data: 0.001) , D_A: 0.322, G_A: 0.917, cycle_A: 0.254, D_B: 0.266, G_B: 0.965, cycle_B: 0.249, gp: 0.254

--- iter tau=0.1929 ---
  cipher in : bcbabfbcb fcbfbcf bfbdffbc bf bcbdfbfbafb bfbfbc bfbfff bcf b bc
  decrypted :  e e f e dfe f efd f dff ed fd e df f ef d f f ed f fffd efd d e
  real plain: efeea e e e ad a eed be dec aced e de fec a ce ea eac e e eebae 
  cipher in : bcb bfbfabfbebfcb ff b bfbabfbafcfbffb fbfbfbffbff babfebc becdb
  decrypted :  e d f fe f c fe dffd d f e f efef ff df f f ff ffd e fc ed ced 
  real plain: d c bed e ae d ae a e be d f e ae e aae bacbd d eeae e eeae c be
[Rank 0] (epoch: 30, iters: 10432, time: 0.001, data: 0.001) , D_A: 0.287, G_A: 0.711, cycle_A: 0.252, D_B: 0.328, G_B: 1.013, cycle_B: 0.251, gp: 0.272

saving the latest model (epoch 30, total_iters 480000)
[Rank 0] (epoch: 30, iters: 12032, time: 0.001, data: 0.001) , D_A: 0.248, G_A: 0.974, cycle_A: 0.260, D_B: 0.217, G_B: 0.954, cycle_B: 0.252, gp: 0.197

[Rank 0] (epoch: 30, iters: 13632, time: 0.001, data: 0.002) , D_A: 0.275, G_A: 0.966, cycle_A: 0.248, D_B: 0.281, G_B: 0.904, cycle_B: 0.246, gp: 0.257

[Rank 0] (epoch: 30, iters: 15232, time: 0.001, data: 0.001) , D_A: 0.301, G_A: 1.001, cycle_A: 0.246, D_B: 0.223, G_B: 0.759, cycle_B: 0.254, gp: 0.195

learning rate 0.0002000 -> 0.0002000
temperature tau = 0.1867
End of epoch 30 / 50 	 Time Taken: 15 sec
[Rank 0] (epoch: 31, iters: 640, time: 0.001, data: 0.001) , D_A: 0.358, G_A: 0.717, cycle_A: 0.250, D_B: 0.282, G_B: 1.032, cycle_B: 0.258, gp: 0.263

[Rank 0] (epoch: 31, iters: 2240, time: 0.001, data: 0.000) , D_A: 0.288, G_A: 0.963, cycle_A: 0.264, D_B: 0.239, G_B: 1.101, cycle_B: 0.240, gp: 0.218

[Rank 0] (epoch: 31, iters: 3840, time: 0.001, data: 0.001) , D_A: 0.313, G_A: 0.951, cycle_A: 0.253, D_B: 0.295, G_B: 0.874, cycle_B: 0.243, gp: 0.282

[Rank 0] (epoch: 31, iters: 5440, time: 0.001, data: 0.001) , D_A: 0.316, G_A: 1.007, cycle_A: 0.243, D_B: 0.232, G_B: 1.013, cycle_B: 0.247, gp: 0.204

[Rank 0] (epoch: 31, iters: 7040, time: 0.001, data: 0.001) , D_A: 0.248, G_A: 1.139, cycle_A: 0.243, D_B: 0.304, G_B: 0.913, cycle_B: 0.243, gp: 0.290

[Rank 0] (epoch: 31, iters: 8640, time: 0.001, data: 0.001) , D_A: 0.233, G_A: 0.938, cycle_A: 0.261, D_B: 0.302, G_B: 0.946, cycle_B: 0.248, gp: 0.263

[Rank 0] (epoch: 31, iters: 10240, time: 0.001, data: 0.001) , D_A: 0.344, G_A: 0.998, cycle_A: 0.253, D_B: 0.316, G_B: 0.958, cycle_B: 0.248, gp: 0.301

[Rank 0] (epoch: 31, iters: 11840, time: 0.001, data: 0.001) , D_A: 0.380, G_A: 0.845, cycle_A: 0.255, D_B: 0.351, G_B: 0.988, cycle_B: 0.265, gp: 0.338

[Rank 0] (epoch: 31, iters: 13440, time: 0.001, data: 0.001) , D_A: 0.282, G_A: 0.966, cycle_A: 0.247, D_B: 0.256, G_B: 0.817, cycle_B: 0.256, gp: 0.227

[Rank 0] (epoch: 31, iters: 15040, time: 0.001, data: 0.001) , D_A: 0.257, G_A: 0.873, cycle_A: 0.240, D_B: 0.319, G_B: 0.971, cycle_B: 0.264, gp: 0.309

learning rate 0.0002000 -> 0.0002000
temperature tau = 0.1806
End of epoch 31 / 50 	 Time Taken: 14 sec
[Rank 0] (epoch: 32, iters: 448, time: 0.001, data: 0.001) , D_A: 0.329, G_A: 0.896, cycle_A: 0.255, D_B: 0.343, G_B: 0.962, cycle_B: 0.263, gp: 0.304

[Rank 0] (epoch: 32, iters: 2048, time: 0.001, data: 0.001) , D_A: 0.194, G_A: 0.967, cycle_A: 0.261, D_B: 0.289, G_B: 1.079, cycle_B: 0.266, gp: 0.268

[Rank 0] (epoch: 32, iters: 3648, time: 0.001, data: 0.001) , D_A: 0.323, G_A: 0.945, cycle_A: 0.242, D_B: 0.335, G_B: 0.839, cycle_B: 0.254, gp: 0.302

[Rank 0] (epoch: 32, iters: 5248, time: 0.001, data: 0.001) , D_A: 0.210, G_A: 0.990, cycle_A: 0.270, D_B: 0.413, G_B: 1.546, cycle_B: 0.262, gp: 0.249

[Rank 0] (epoch: 32, iters: 6848, time: 0.001, data: 0.001) , D_A: 0.259, G_A: 0.995, cycle_A: 0.255, D_B: 0.195, G_B: 0.937, cycle_B: 0.261, gp: 0.184

[Rank 0] (epoch: 32, iters: 8448, time: 0.001, data: 0.001) , D_A: 0.226, G_A: 0.905, cycle_A: 0.247, D_B: 0.343, G_B: 1.079, cycle_B: 0.254, gp: 0.309

[Rank 0] (epoch: 32, iters: 10048, time: 0.001, data: 0.001) , D_A: 0.323, G_A: 0.990, cycle_A: 0.244, D_B: 0.319, G_B: 0.757, cycle_B: 0.248, gp: 0.300

[Rank 0] (epoch: 32, iters: 11648, time: 0.001, data: 0.001) , D_A: 0.246, G_A: 0.968, cycle_A: 0.248, D_B: 0.178, G_B: 0.917, cycle_B: 0.255, gp: 0.163

[Rank 0] (epoch: 32, iters: 13248, time: 0.001, data: 0.001) , D_A: 0.213, G_A: 1.022, cycle_A: 0.255, D_B: 0.301, G_B: 0.982, cycle_B: 0.237, gp: 0.281

[Rank 0] (epoch: 32, iters: 14848, time: 0.001, data: 0.001) , D_A: 0.239, G_A: 0.928, cycle_A: 0.251, D_B: 0.253, G_B: 0.782, cycle_B: 0.253, gp: 0.235

learning rate 0.0002000 -> 0.0002000
temperature tau = 0.1748
End of epoch 32 / 50 	 Time Taken: 14 sec
[Rank 0] (epoch: 33, iters: 256, time: 0.001, data: 0.001) , D_A: 0.327, G_A: 1.079, cycle_A: 0.249, D_B: 0.264, G_B: 0.789, cycle_B: 0.247, gp: 0.239

--- iter tau=0.1748 ---
  cipher in : babcabffcfbcbcfbcbffcbffcfbdbfbc fb fbcbff bcbacbcbc cbddff baad
  decrypted :  e ee aaea e ea e aae aaea d a eda da e aad e ee e ede ddaad eed
  real plain: a ad aeed ad ad aeed e a f ca eede e ae beccaa ad a a a e ad aee
  cipher in : bcbf cbffbcbfb bef b fbfb fbacfbddbcbfbefdb ff bffbdfbcbcff bacf
  decrypted :  e ade aa e a d cad da a da eea dd e a cad daad aa da e eaad eea
  real plain:  ad de ca e eee e ee f ea d a eceaed eeabe ac e edc eee affec ee
[Rank 0] (epoch: 33, iters: 1856, time: 0.001, data: 0.000) , D_A: 0.299, G_A: 0.937, cycle_A: 0.256, D_B: 0.276, G_B: 0.888, cycle_B: 0.249, gp: 0.242

saving the latest model (epoch 33, total_iters 520000)
[Rank 0] (epoch: 33, iters: 3456, time: 0.001, data: 0.001) , D_A: 0.247, G_A: 0.977, cycle_A: 0.245, D_B: 0.308, G_B: 0.981, cycle_B: 0.241, gp: 0.292

[Rank 0] (epoch: 33, iters: 5056, time: 0.001, data: 0.001) , D_A: 0.252, G_A: 0.888, cycle_A: 0.254, D_B: 0.347, G_B: 0.987, cycle_B: 0.246, gp: 0.336

[Rank 0] (epoch: 33, iters: 6656, time: 0.001, data: 0.001) , D_A: 0.253, G_A: 1.037, cycle_A: 0.247, D_B: 0.312, G_B: 0.889, cycle_B: 0.264, gp: 0.297

[Rank 0] (epoch: 33, iters: 8256, time: 0.001, data: 0.003) , D_A: 0.360, G_A: 0.947, cycle_A: 0.245, D_B: 0.357, G_B: 0.567, cycle_B: 0.247, gp: 0.317

[Rank 0] (epoch: 33, iters: 9856, time: 0.001, data: 0.001) , D_A: 0.281, G_A: 0.972, cycle_A: 0.247, D_B: 0.260, G_B: 0.903, cycle_B: 0.243, gp: 0.234

[Rank 0] (epoch: 33, iters: 11456, time: 0.001, data: 0.001) , D_A: 0.299, G_A: 0.949, cycle_A: 0.246, D_B: 0.328, G_B: 0.885, cycle_B: 0.253, gp: 0.310

[Rank 0] (epoch: 33, iters: 13056, time: 0.001, data: 0.001) , D_A: 0.322, G_A: 0.947, cycle_A: 0.259, D_B: 0.414, G_B: 0.566, cycle_B: 0.237, gp: 0.349

[Rank 0] (epoch: 33, iters: 14656, time: 0.001, data: 0.001) , D_A: 0.256, G_A: 0.909, cycle_A: 0.252, D_B: 0.300, G_B: 0.959, cycle_B: 0.253, gp: 0.286

learning rate 0.0002000 -> 0.0002000
temperature tau = 0.1691
End of epoch 33 / 50 	 Time Taken: 15 sec
[Rank 0] (epoch: 34, iters: 64, time: 0.001, data: 0.001) , D_A: 0.304, G_A: 0.968, cycle_A: 0.247, D_B: 0.376, G_B: 1.100, cycle_B: 0.248, gp: 0.310

[Rank 0] (epoch: 34, iters: 1664, time: 0.001, data: 0.001) , D_A: 0.276, G_A: 0.924, cycle_A: 0.248, D_B: 0.326, G_B: 0.765, cycle_B: 0.247, gp: 0.304

[Rank 0] (epoch: 34, iters: 3264, time: 0.001, data: 0.001) , D_A: 0.219, G_A: 0.941, cycle_A: 0.242, D_B: 0.325, G_B: 0.969, cycle_B: 0.243, gp: 0.300

[Rank 0] (epoch: 34, iters: 4864, time: 0.001, data: 0.001) , D_A: 0.312, G_A: 0.957, cycle_A: 0.251, D_B: 0.262, G_B: 0.849, cycle_B: 0.246, gp: 0.245

[Rank 0] (epoch: 34, iters: 6464, time: 0.001, data: 0.001) , D_A: 0.224, G_A: 1.008, cycle_A: 0.253, D_B: 0.225, G_B: 0.589, cycle_B: 0.260, gp: 0.181

[Rank 0] (epoch: 34, iters: 8064, time: 0.001, data: 0.001) , D_A: 0.352, G_A: 0.919, cycle_A: 0.250, D_B: 0.324, G_B: 0.791, cycle_B: 0.247, gp: 0.304

[Rank 0] (epoch: 34, iters: 9664, time: 0.001, data: 0.001) , D_A: 0.231, G_A: 0.921, cycle_A: 0.264, D_B: 0.339, G_B: 0.820, cycle_B: 0.249, gp: 0.299

[Rank 0] (epoch: 34, iters: 11264, time: 0.001, data: 0.001) , D_A: 0.275, G_A: 0.853, cycle_A: 0.240, D_B: 0.252, G_B: 0.912, cycle_B: 0.245, gp: 0.232

[Rank 0] (epoch: 34, iters: 12864, time: 0.001, data: 0.001) , D_A: 0.198, G_A: 0.809, cycle_A: 0.246, D_B: 0.317, G_B: 0.919, cycle_B: 0.238, gp: 0.298

[Rank 0] (epoch: 34, iters: 14464, time: 0.001, data: 0.001) , D_A: 0.210, G_A: 0.926, cycle_A: 0.251, D_B: 0.299, G_B: 0.885, cycle_B: 0.253, gp: 0.284

[Rank 0] (epoch: 34, iters: 16064, time: 0.001, data: 0.001) , D_A: 0.258, G_A: 0.968, cycle_A: 0.252, D_B: 0.300, G_B: 1.044, cycle_B: 0.246, gp: 0.253

learning rate 0.0002000 -> 0.0002000
temperature tau = 0.1637
End of epoch 34 / 50 	 Time Taken: 15 sec
[Rank 0] (epoch: 35, iters: 1472, time: 0.001, data: 0.001) , D_A: 0.275, G_A: 0.997, cycle_A: 0.260, D_B: 0.354, G_B: 0.996, cycle_B: 0.246, gp: 0.331

[Rank 0] (epoch: 35, iters: 3072, time: 0.001, data: 0.001) , D_A: 0.237, G_A: 0.996, cycle_A: 0.237, D_B: 0.166, G_B: 0.849, cycle_B: 0.251, gp: 0.148

[Rank 0] (epoch: 35, iters: 4672, time: 0.001, data: 0.003) , D_A: 0.303, G_A: 0.858, cycle_A: 0.262, D_B: 0.263, G_B: 0.580, cycle_B: 0.246, gp: 0.211

[Rank 0] (epoch: 35, iters: 6272, time: 0.001, data: 0.002) , D_A: 0.231, G_A: 0.934, cycle_A: 0.253, D_B: 0.231, G_B: 0.804, cycle_B: 0.261, gp: 0.193

[Rank 0] (epoch: 35, iters: 7872, time: 0.001, data: 0.001) , D_A: 0.299, G_A: 1.001, cycle_A: 0.248, D_B: 0.355, G_B: 0.896, cycle_B: 0.248, gp: 0.335

--- iter tau=0.1637 ---
  cipher in : efbdfbfbff bfbfbcbf ff fbffbabefbc b fc bfbffbc bfbabfbeffababfb
  decrypted : cf df f ffd f f e fdffdf ff e cf ed dfed f ff ed f e f cffe e f 
  real plain:  e ad e ee cee f a e aed ad e fae f ee cde e fe ce bd a d ca ce 
  cipher in : bfcdbfefb bfbfbabfcdbffbcbffbcbcbabaaffbfcdbfefbcbcbcefb bfbfbc 
  decrypted :  fed fcf d f f e fed ff e ff e e e eeff fed fcf e e ecf d f f ed
  real plain: de ad bace fd e aeed a a f a a ced e dae a ea b e a a a f ae e c
[Rank 0] (epoch: 35, iters: 9472, time: 0.001, data: 0.001) , D_A: 0.197, G_A: 0.944, cycle_A: 0.243, D_B: 0.256, G_B: 0.959, cycle_B: 0.247, gp: 0.237

saving the latest model (epoch 35, total_iters 560000)
[Rank 0] (epoch: 35, iters: 11072, time: 0.001, data: 0.001) , D_A: 0.245, G_A: 0.925, cycle_A: 0.250, D_B: 0.263, G_B: 0.846, cycle_B: 0.247, gp: 0.246

[Rank 0] (epoch: 35, iters: 12672, time: 0.001, data: 0.001) , D_A: 0.259, G_A: 0.975, cycle_A: 0.253, D_B: 0.287, G_B: 0.983, cycle_B: 0.253, gp: 0.279

[Rank 0] (epoch: 35, iters: 14272, time: 0.001, data: 0.001) , D_A: 0.340, G_A: 0.910, cycle_A: 0.258, D_B: 0.273, G_B: 0.945, cycle_B: 0.247, gp: 0.261

[Rank 0] (epoch: 35, iters: 15872, time: 0.001, data: 0.001) , D_A: 0.254, G_A: 0.985, cycle_A: 0.252, D_B: 0.427, G_B: 0.310, cycle_B: 0.243, gp: 0.314

learning rate 0.0002000 -> 0.0002000
temperature tau = 0.1584
End of epoch 35 / 50 	 Time Taken: 15 sec
[Rank 0] (epoch: 36, iters: 1280, time: 0.001, data: 0.001) , D_A: 0.214, G_A: 1.038, cycle_A: 0.251, D_B: 0.187, G_B: 1.011, cycle_B: 0.245, gp: 0.176

[Rank 0] (epoch: 36, iters: 2880, time: 0.001, data: 0.002) , D_A: 0.309, G_A: 1.009, cycle_A: 0.254, D_B: 0.338, G_B: 0.740, cycle_B: 0.251, gp: 0.327

[Rank 0] (epoch: 36, iters: 4480, time: 0.001, data: 0.001) , D_A: 0.256, G_A: 0.984, cycle_A: 0.251, D_B: 0.241, G_B: 0.820, cycle_B: 0.250, gp: 0.217

[Rank 0] (epoch: 36, iters: 6080, time: 0.001, data: 0.001) , D_A: 0.336, G_A: 0.935, cycle_A: 0.248, D_B: 0.353, G_B: 0.914, cycle_B: 0.248, gp: 0.321

[Rank 0] (epoch: 36, iters: 7680, time: 0.001, data: 0.001) , D_A: 0.227, G_A: 0.909, cycle_A: 0.245, D_B: 0.416, G_B: 0.655, cycle_B: 0.251, gp: 0.386

[Rank 0] (epoch: 36, iters: 9280, time: 0.001, data: 0.002) , D_A: 0.320, G_A: 0.979, cycle_A: 0.252, D_B: 0.279, G_B: 0.908, cycle_B: 0.248, gp: 0.249

[Rank 0] (epoch: 36, iters: 10880, time: 0.001, data: 0.002) , D_A: 0.238, G_A: 0.900, cycle_A: 0.248, D_B: 0.213, G_B: 0.940, cycle_B: 0.246, gp: 0.200

[Rank 0] (epoch: 36, iters: 12480, time: 0.001, data: 0.001) , D_A: 0.299, G_A: 0.917, cycle_A: 0.259, D_B: 0.273, G_B: 0.884, cycle_B: 0.253, gp: 0.259

[Rank 0] (epoch: 36, iters: 14080, time: 0.001, data: 0.001) , D_A: 0.340, G_A: 0.989, cycle_A: 0.244, D_B: 0.298, G_B: 0.995, cycle_B: 0.245, gp: 0.273

[Rank 0] (epoch: 36, iters: 15680, time: 0.001, data: 0.001) , D_A: 0.329, G_A: 0.806, cycle_A: 0.254, D_B: 0.223, G_B: 0.920, cycle_B: 0.243, gp: 0.203

learning rate 0.0002000 -> 0.0002000
temperature tau = 0.1533
End of epoch 36 / 50 	 Time Taken: 15 sec
[Rank 0] (epoch: 37, iters: 1088, time: 0.001, data: 0.001) , D_A: 0.310, G_A: 0.896, cycle_A: 0.250, D_B: 0.195, G_B: 1.068, cycle_B: 0.245, gp: 0.186

[Rank 0] (epoch: 37, iters: 2688, time: 0.001, data: 0.001) , D_A: 0.206, G_A: 0.926, cycle_A: 0.251, D_B: 0.306, G_B: 0.625, cycle_B: 0.251, gp: 0.260

[Rank 0] (epoch: 37, iters: 4288, time: 0.001, data: 0.001) , D_A: 0.301, G_A: 0.993, cycle_A: 0.248, D_B: 0.346, G_B: 0.840, cycle_B: 0.251, gp: 0.322

[Rank 0] (epoch: 37, iters: 5888, time: 0.001, data: 0.001) , D_A: 0.218, G_A: 0.937, cycle_A: 0.248, D_B: 0.264, G_B: 1.007, cycle_B: 0.247, gp: 0.245

[Rank 0] (epoch: 37, iters: 7488, time: 0.001, data: 0.001) , D_A: 0.272, G_A: 1.123, cycle_A: 0.256, D_B: 0.265, G_B: 0.962, cycle_B: 0.249, gp: 0.247

[Rank 0] (epoch: 37, iters: 9088, time: 0.001, data: 0.001) , D_A: 0.317, G_A: 1.347, cycle_A: 0.245, D_B: 0.238, G_B: 0.817, cycle_B: 0.242, gp: 0.214

[Rank 0] (epoch: 37, iters: 10688, time: 0.001, data: 0.001) , D_A: 0.312, G_A: 0.981, cycle_A: 0.255, D_B: 0.255, G_B: 1.075, cycle_B: 0.248, gp: 0.238

[Rank 0] (epoch: 37, iters: 12288, time: 0.001, data: 0.001) , D_A: 0.328, G_A: 0.978, cycle_A: 0.254, D_B: 0.299, G_B: 0.960, cycle_B: 0.246, gp: 0.285

[Rank 0] (epoch: 37, iters: 13888, time: 0.001, data: 0.001) , D_A: 0.362, G_A: 0.912, cycle_A: 0.257, D_B: 0.346, G_B: 1.037, cycle_B: 0.246, gp: 0.316

[Rank 0] (epoch: 37, iters: 15488, time: 0.001, data: 0.001) , D_A: 0.292, G_A: 0.933, cycle_A: 0.250, D_B: 0.288, G_B: 0.900, cycle_B: 0.245, gp: 0.270

learning rate 0.0002000 -> 0.0002000
temperature tau = 0.1483
End of epoch 37 / 50 	 Time Taken: 14 sec
--- iter tau=0.1483 ---
  cipher in : ffbebfbecdbfbc bfbfdfbc bc bffbcfbfbcfbabffdfbfcbffdcbfbc b fbfc
  decrypted : aa c a ced a ed a ada ed ed aa ea a ea e aada ae aade a ed da ae
  real plain: ee be aa ee cfe e a be ce aa a e accdea cece b ae a cece aceed b
  cipher in : bcbcbdbfb b cbdffbcbdbc bffbcbaffbfbd babdbfbcff bfbffbc bcbdfbf
  decrypted :  e e d a d de daa e d ed aa e eaa a dd e d a eaad a aa ed e da a
  real plain: ece a ee e da f e ae f e c cbe aed e e ba ad ee a ac a a c d a a
[Rank 0] (epoch: 38, iters: 896, time: 0.001, data: 0.001) , D_A: 0.242, G_A: 0.998, cycle_A: 0.244, D_B: 0.290, G_B: 0.934, cycle_B: 0.256, gp: 0.275

saving the latest model (epoch 38, total_iters 600000)
[Rank 0] (epoch: 38, iters: 2496, time: 0.001, data: 0.000) , D_A: 0.276, G_A: 0.943, cycle_A: 0.247, D_B: 0.337, G_B: 1.104, cycle_B: 0.238, gp: 0.323

[Rank 0] (epoch: 38, iters: 4096, time: 0.001, data: 0.001) , D_A: 0.267, G_A: 1.003, cycle_A: 0.247, D_B: 0.207, G_B: 0.877, cycle_B: 0.243, gp: 0.172

[Rank 0] (epoch: 38, iters: 5696, time: 0.001, data: 0.001) , D_A: 0.301, G_A: 0.864, cycle_A: 0.256, D_B: 0.348, G_B: 1.130, cycle_B: 0.249, gp: 0.319

[Rank 0] (epoch: 38, iters: 7296, time: 0.001, data: 0.001) , D_A: 0.200, G_A: 1.090, cycle_A: 0.251, D_B: 0.330, G_B: 0.804, cycle_B: 0.250, gp: 0.308

[Rank 0] (epoch: 38, iters: 8896, time: 0.001, data: 0.001) , D_A: 0.177, G_A: 1.108, cycle_A: 0.249, D_B: 0.237, G_B: 0.947, cycle_B: 0.241, gp: 0.196

[Rank 0] (epoch: 38, iters: 10496, time: 0.001, data: 0.001) , D_A: 0.261, G_A: 0.912, cycle_A: 0.257, D_B: 0.323, G_B: 0.953, cycle_B: 0.247, gp: 0.305

[Rank 0] (epoch: 38, iters: 12096, time: 0.001, data: 0.001) , D_A: 0.299, G_A: 0.932, cycle_A: 0.256, D_B: 0.360, G_B: 0.695, cycle_B: 0.246, gp: 0.316

[Rank 0] (epoch: 38, iters: 13696, time: 0.001, data: 0.001) , D_A: 0.315, G_A: 0.531, cycle_A: 0.253, D_B: 0.346, G_B: 1.037, cycle_B: 0.241, gp: 0.335

[Rank 0] (epoch: 38, iters: 15296, time: 0.001, data: 0.001) , D_A: 0.232, G_A: 0.902, cycle_A: 0.251, D_B: 0.323, G_B: 0.870, cycle_B: 0.249, gp: 0.307

learning rate 0.0002000 -> 0.0002000
temperature tau = 0.1435
End of epoch 38 / 50 	 Time Taken: 13 sec
[Rank 0] (epoch: 39, iters: 704, time: 0.001, data: 0.001) , D_A: 0.324, G_A: 0.983, cycle_A: 0.249, D_B: 0.249, G_B: 0.910, cycle_B: 0.254, gp: 0.231

[Rank 0] (epoch: 39, iters: 2304, time: 0.001, data: 0.000) , D_A: 0.161, G_A: 0.979, cycle_A: 0.242, D_B: 0.285, G_B: 0.865, cycle_B: 0.239, gp: 0.269

[Rank 0] (epoch: 39, iters: 3904, time: 0.001, data: 0.001) , D_A: 0.265, G_A: 0.923, cycle_A: 0.244, D_B: 0.315, G_B: 0.753, cycle_B: 0.244, gp: 0.279

[Rank 0] (epoch: 39, iters: 5504, time: 0.001, data: 0.001) , D_A: 0.315, G_A: 0.899, cycle_A: 0.262, D_B: 0.320, G_B: 0.990, cycle_B: 0.246, gp: 0.305

[Rank 0] (epoch: 39, iters: 7104, time: 0.001, data: 0.001) , D_A: 0.273, G_A: 0.934, cycle_A: 0.246, D_B: 0.356, G_B: 0.943, cycle_B: 0.241, gp: 0.328

[Rank 0] (epoch: 39, iters: 8704, time: 0.001, data: 0.001) , D_A: 0.249, G_A: 0.941, cycle_A: 0.239, D_B: 0.259, G_B: 0.822, cycle_B: 0.245, gp: 0.242

[Rank 0] (epoch: 39, iters: 10304, time: 0.001, data: 0.001) , D_A: 0.181, G_A: 0.866, cycle_A: 0.269, D_B: 0.234, G_B: 0.810, cycle_B: 0.247, gp: 0.208

[Rank 0] (epoch: 39, iters: 11904, time: 0.001, data: 0.001) , D_A: 0.249, G_A: 0.957, cycle_A: 0.253, D_B: 0.300, G_B: 0.858, cycle_B: 0.247, gp: 0.277

[Rank 0] (epoch: 39, iters: 13504, time: 0.001, data: 0.001) , D_A: 0.172, G_A: 0.910, cycle_A: 0.252, D_B: 0.314, G_B: 0.889, cycle_B: 0.242, gp: 0.296

[Rank 0] (epoch: 39, iters: 15104, time: 0.001, data: 0.001) , D_A: 0.242, G_A: 0.958, cycle_A: 0.247, D_B: 0.269, G_B: 0.685, cycle_B: 0.249, gp: 0.258

learning rate 0.0002000 -> 0.0002000
temperature tau = 0.1389
End of epoch 39 / 50 	 Time Taken: 14 sec
[Rank 0] (epoch: 40, iters: 512, time: 0.001, data: 0.002) , D_A: 0.292, G_A: 0.930, cycle_A: 0.258, D_B: 0.328, G_B: 0.663, cycle_B: 0.247, gp: 0.282

[Rank 0] (epoch: 40, iters: 2112, time: 0.001, data: 0.000) , D_A: 0.234, G_A: 1.092, cycle_A: 0.253, D_B: 0.194, G_B: 0.814, cycle_B: 0.240, gp: 0.175

[Rank 0] (epoch: 40, iters: 3712, time: 0.001, data: 0.001) , D_A: 0.242, G_A: 0.879, cycle_A: 0.247, D_B: 0.289, G_B: 0.866, cycle_B: 0.243, gp: 0.266

[Rank 0] (epoch: 40, iters: 5312, time: 0.001, data: 0.003) , D_A: 0.360, G_A: 0.872, cycle_A: 0.248, D_B: 0.247, G_B: 0.919, cycle_B: 0.246, gp: 0.229

[Rank 0] (epoch: 40, iters: 6912, time: 0.001, data: 0.001) , D_A: 0.302, G_A: 1.039, cycle_A: 0.253, D_B: 0.327, G_B: 0.996, cycle_B: 0.240, gp: 0.281

--- iter tau=0.1389 ---
  cipher in : bdbfb fb fbefdcfbfbd fbfabc bfcefbffcf bfbfbfb fdc fbcdbfbffbfdf
  decrypted :  d f df df cfdef f ddf fe ed fecf ffefd f f f dfdedf ed f ff fdf
  real plain: e ea e cc f ad ae ac aed a e a f a ece e d a f ee ee a eb a a e 
  cipher in : bfbff bffbc ba bcbcfbebd b bcbffbabffbfbdfbfbc bfebdcbefb fabffb
  decrypted :  f ffd ff ed ed e ef c dd d e ff e ff f df f ed fc de cf dfe ff 
  real plain: cfc f ee beee e dde ca ad a e ca e fed f edcaa c f ee ee e c cae
[Rank 0] (epoch: 40, iters: 8512, time: 0.001, data: 0.003) , D_A: 0.288, G_A: 0.901, cycle_A: 0.250, D_B: 0.307, G_B: 0.928, cycle_B: 0.245, gp: 0.269

saving the latest model (epoch 40, total_iters 640000)
[Rank 0] (epoch: 40, iters: 10112, time: 0.001, data: 0.003) , D_A: 0.266, G_A: 0.878, cycle_A: 0.250, D_B: 0.323, G_B: 0.897, cycle_B: 0.242, gp: 0.304

[Rank 0] (epoch: 40, iters: 11712, time: 0.001, data: 0.002) , D_A: 0.307, G_A: 0.922, cycle_A: 0.252, D_B: 0.330, G_B: 0.771, cycle_B: 0.255, gp: 0.309

[Rank 0] (epoch: 40, iters: 13312, time: 0.001, data: 0.001) , D_A: 0.247, G_A: 1.059, cycle_A: 0.258, D_B: 0.250, G_B: 0.650, cycle_B: 0.236, gp: 0.216

[Rank 0] (epoch: 40, iters: 14912, time: 0.001, data: 0.001) , D_A: 0.239, G_A: 0.959, cycle_A: 0.246, D_B: 0.367, G_B: 0.963, cycle_B: 0.251, gp: 0.346

learning rate 0.0002000 -> 0.0001818
temperature tau = 0.1344
End of epoch 40 / 50 	 Time Taken: 15 sec
[Rank 0] (epoch: 41, iters: 320, time: 0.001, data: 0.001) , D_A: 0.265, G_A: 1.008, cycle_A: 0.257, D_B: 0.383, G_B: 0.893, cycle_B: 0.247, gp: 0.351

[Rank 0] (epoch: 41, iters: 1920, time: 0.001, data: 0.002) , D_A: 0.204, G_A: 0.957, cycle_A: 0.253, D_B: 0.276, G_B: 0.837, cycle_B: 0.247, gp: 0.261

[Rank 0] (epoch: 41, iters: 3520, time: 0.001, data: 0.001) , D_A: 0.270, G_A: 1.006, cycle_A: 0.259, D_B: 0.277, G_B: 0.765, cycle_B: 0.241, gp: 0.245

[Rank 0] (epoch: 41, iters: 5120, time: 0.001, data: 0.001) , D_A: 0.293, G_A: 0.945, cycle_A: 0.255, D_B: 0.303, G_B: 0.924, cycle_B: 0.246, gp: 0.287

[Rank 0] (epoch: 41, iters: 6720, time: 0.001, data: 0.001) , D_A: 0.249, G_A: 0.879, cycle_A: 0.253, D_B: 0.272, G_B: 0.986, cycle_B: 0.241, gp: 0.244

[Rank 0] (epoch: 41, iters: 8320, time: 0.001, data: 0.001) , D_A: 0.245, G_A: 0.881, cycle_A: 0.249, D_B: 0.215, G_B: 1.027, cycle_B: 0.246, gp: 0.180

[Rank 0] (epoch: 41, iters: 9920, time: 0.001, data: 0.001) , D_A: 0.281, G_A: 1.027, cycle_A: 0.241, D_B: 0.229, G_B: 0.741, cycle_B: 0.242, gp: 0.199

[Rank 0] (epoch: 41, iters: 11520, time: 0.001, data: 0.001) , D_A: 0.327, G_A: 0.965, cycle_A: 0.247, D_B: 0.314, G_B: 0.743, cycle_B: 0.254, gp: 0.283

[Rank 0] (epoch: 41, iters: 13120, time: 0.001, data: 0.001) , D_A: 0.269, G_A: 0.945, cycle_A: 0.262, D_B: 0.327, G_B: 0.887, cycle_B: 0.238, gp: 0.303

[Rank 0] (epoch: 41, iters: 14720, time: 0.001, data: 0.001) , D_A: 0.237, G_A: 0.960, cycle_A: 0.244, D_B: 0.363, G_B: 0.861, cycle_B: 0.252, gp: 0.316

learning rate 0.0001818 -> 0.0001636
temperature tau = 0.1301
End of epoch 41 / 50 	 Time Taken: 14 sec
[Rank 0] (epoch: 42, iters: 128, time: 0.001, data: 0.001) , D_A: 0.300, G_A: 0.986, cycle_A: 0.252, D_B: 0.400, G_B: 0.641, cycle_B: 0.247, gp: 0.324

[Rank 0] (epoch: 42, iters: 1728, time: 0.001, data: 0.000) , D_A: 0.279, G_A: 0.908, cycle_A: 0.252, D_B: 0.259, G_B: 0.866, cycle_B: 0.247, gp: 0.216

[Rank 0] (epoch: 42, iters: 3328, time: 0.001, data: 0.001) , D_A: 0.251, G_A: 0.876, cycle_A: 0.261, D_B: 0.249, G_B: 0.973, cycle_B: 0.241, gp: 0.237

[Rank 0] (epoch: 42, iters: 4928, time: 0.001, data: 0.001) , D_A: 0.304, G_A: 0.929, cycle_A: 0.247, D_B: 0.237, G_B: 0.890, cycle_B: 0.245, gp: 0.221

[Rank 0] (epoch: 42, iters: 6528, time: 0.001, data: 0.001) , D_A: 0.325, G_A: 0.874, cycle_A: 0.254, D_B: 0.258, G_B: 0.891, cycle_B: 0.261, gp: 0.223

[Rank 0] (epoch: 42, iters: 8128, time: 0.001, data: 0.001) , D_A: 0.297, G_A: 0.922, cycle_A: 0.263, D_B: 0.299, G_B: 0.896, cycle_B: 0.247, gp: 0.271

[Rank 0] (epoch: 42, iters: 9728, time: 0.001, data: 0.001) , D_A: 0.259, G_A: 0.932, cycle_A: 0.256, D_B: 0.433, G_B: 1.030, cycle_B: 0.247, gp: 0.411

[Rank 0] (epoch: 42, iters: 11328, time: 0.001, data: 0.001) , D_A: 0.225, G_A: 0.927, cycle_A: 0.239, D_B: 0.358, G_B: 0.804, cycle_B: 0.254, gp: 0.328

[Rank 0] (epoch: 42, iters: 12928, time: 0.001, data: 0.001) , D_A: 0.316, G_A: 0.877, cycle_A: 0.245, D_B: 0.301, G_B: 0.856, cycle_B: 0.239, gp: 0.277

[Rank 0] (epoch: 42, iters: 14528, time: 0.001, data: 0.001) , D_A: 0.273, G_A: 0.931, cycle_A: 0.254, D_B: 0.317, G_B: 0.875, cycle_B: 0.252, gp: 0.296

--- iter tau=0.1301 ---
  cipher in : ab cdf bebfbdfbab babcbfbfbabfbdfbfbffbacdbabfbefbabdb cdffbfbcf
  decrypted : e dedfd c f df e d e e f f e f df f ff eed e f cf e d dedff f ef
  real plain:  ea ee be f cea eed bae ee ace fce e be aed a e ee eaabe ad ea a
  cipher in :  fbdffbc bf f babfbefffbabdcfbdffbeb b fbffbc b fbcdcbfbdffbc cb
  decrypted : df dff ed fdfd e f cfff e def dff c d df ff ed df ede f dff ede 
  real plain: ee ffeed a e f ee c f ace ce ea a ffe e ae cae f e e d f e bca f
[Rank 0] (epoch: 42, iters: 16128, time: 0.001, data: 0.001) , D_A: 0.177, G_A: 0.967, cycle_A: 0.247, D_B: 0.334, G_B: 0.944, cycle_B: 0.245, gp: 0.308

saving the latest model (epoch 42, total_iters 680000)
learning rate 0.0001636 -> 0.0001455
temperature tau = 0.1258
End of epoch 42 / 50 	 Time Taken: 13 sec
[Rank 0] (epoch: 43, iters: 1536, time: 0.001, data: 0.001) , D_A: 0.337, G_A: 0.962, cycle_A: 0.255, D_B: 0.362, G_B: 0.896, cycle_B: 0.246, gp: 0.340

[Rank 0] (epoch: 43, iters: 3136, time: 0.001, data: 0.001) , D_A: 0.375, G_A: 0.953, cycle_A: 0.242, D_B: 0.252, G_B: 0.811, cycle_B: 0.241, gp: 0.232

[Rank 0] (epoch: 43, iters: 4736, time: 0.001, data: 0.001) , D_A: 0.343, G_A: 0.889, cycle_A: 0.263, D_B: 0.319, G_B: 0.995, cycle_B: 0.246, gp: 0.299

[Rank 0] (epoch: 43, iters: 6336, time: 0.001, data: 0.001) , D_A: 0.148, G_A: 0.951, cycle_A: 0.249, D_B: 0.309, G_B: 0.822, cycle_B: 0.261, gp: 0.282

[Rank 0] (epoch: 43, iters: 7936, time: 0.001, data: 0.001) , D_A: 0.300, G_A: 0.900, cycle_A: 0.245, D_B: 0.252, G_B: 0.885, cycle_B: 0.248, gp: 0.229

[Rank 0] (epoch: 43, iters: 9536, time: 0.001, data: 0.001) , D_A: 0.347, G_A: 0.976, cycle_A: 0.243, D_B: 0.432, G_B: 0.785, cycle_B: 0.247, gp: 0.412

[Rank 0] (epoch: 43, iters: 11136, time: 0.001, data: 0.001) , D_A: 0.368, G_A: 0.854, cycle_A: 0.259, D_B: 0.335, G_B: 0.820, cycle_B: 0.245, gp: 0.303

[Rank 0] (epoch: 43, iters: 12736, time: 0.001, data: 0.001) , D_A: 0.276, G_A: 0.745, cycle_A: 0.261, D_B: 0.189, G_B: 0.867, cycle_B: 0.252, gp: 0.167

[Rank 0] (epoch: 43, iters: 14336, time: 0.001, data: 0.001) , D_A: 0.331, G_A: 1.003, cycle_A: 0.241, D_B: 0.271, G_B: 0.860, cycle_B: 0.246, gp: 0.236

[Rank 0] (epoch: 43, iters: 15936, time: 0.001, data: 0.001) , D_A: 0.284, G_A: 0.987, cycle_A: 0.251, D_B: 0.276, G_B: 0.922, cycle_B: 0.245, gp: 0.257

learning rate 0.0001455 -> 0.0001273
temperature tau = 0.1218
End of epoch 43 / 50 	 Time Taken: 13 sec
[Rank 0] (epoch: 44, iters: 1344, time: 0.001, data: 0.001) , D_A: 0.380, G_A: 0.942, cycle_A: 0.262, D_B: 0.301, G_B: 0.900, cycle_B: 0.246, gp: 0.277

[Rank 0] (epoch: 44, iters: 2944, time: 0.001, data: 0.002) , D_A: 0.324, G_A: 0.931, cycle_A: 0.250, D_B: 0.340, G_B: 0.842, cycle_B: 0.252, gp: 0.317

[Rank 0] (epoch: 44, iters: 4544, time: 0.001, data: 0.002) , D_A: 0.384, G_A: 0.951, cycle_A: 0.250, D_B: 0.202, G_B: 0.880, cycle_B: 0.250, gp: 0.180

[Rank 0] (epoch: 44, iters: 6144, time: 0.001, data: 0.001) , D_A: 0.276, G_A: 0.938, cycle_A: 0.252, D_B: 0.300, G_B: 0.957, cycle_B: 0.248, gp: 0.280

[Rank 0] (epoch: 44, iters: 7744, time: 0.001, data: 0.002) , D_A: 0.262, G_A: 0.891, cycle_A: 0.249, D_B: 0.314, G_B: 0.878, cycle_B: 0.248, gp: 0.285

[Rank 0] (epoch: 44, iters: 9344, time: 0.001, data: 0.002) , D_A: 0.241, G_A: 0.803, cycle_A: 0.255, D_B: 0.361, G_B: 0.800, cycle_B: 0.248, gp: 0.336

[Rank 0] (epoch: 44, iters: 10944, time: 0.001, data: 0.002) , D_A: 0.251, G_A: 0.870, cycle_A: 0.257, D_B: 0.358, G_B: 0.850, cycle_B: 0.246, gp: 0.332

[Rank 0] (epoch: 44, iters: 12544, time: 0.001, data: 0.001) , D_A: 0.259, G_A: 0.864, cycle_A: 0.245, D_B: 0.350, G_B: 0.766, cycle_B: 0.253, gp: 0.323

[Rank 0] (epoch: 44, iters: 14144, time: 0.001, data: 0.001) , D_A: 0.255, G_A: 0.854, cycle_A: 0.248, D_B: 0.283, G_B: 0.904, cycle_B: 0.246, gp: 0.258

[Rank 0] (epoch: 44, iters: 15744, time: 0.001, data: 0.001) , D_A: 0.269, G_A: 0.934, cycle_A: 0.254, D_B: 0.332, G_B: 0.966, cycle_B: 0.244, gp: 0.318

learning rate 0.0001273 -> 0.0001091
temperature tau = 0.1178
End of epoch 44 / 50 	 Time Taken: 15 sec
[Rank 0] (epoch: 45, iters: 1152, time: 0.001, data: 0.001) , D_A: 0.182, G_A: 0.869, cycle_A: 0.257, D_B: 0.458, G_B: 0.889, cycle_B: 0.245, gp: 0.431

[Rank 0] (epoch: 45, iters: 2752, time: 0.001, data: 0.003) , D_A: 0.348, G_A: 0.804, cycle_A: 0.250, D_B: 0.324, G_B: 0.810, cycle_B: 0.251, gp: 0.300

[Rank 0] (epoch: 45, iters: 4352, time: 0.001, data: 0.001) , D_A: 0.283, G_A: 0.961, cycle_A: 0.248, D_B: 0.227, G_B: 0.729, cycle_B: 0.251, gp: 0.197

[Rank 0] (epoch: 45, iters: 5952, time: 0.001, data: 0.002) , D_A: 0.412, G_A: 0.945, cycle_A: 0.250, D_B: 0.260, G_B: 0.771, cycle_B: 0.249, gp: 0.230

--- iter tau=0.1178 ---
  cipher in : df bddffbffbdcbefbebebcbdcdbabceb ff bfbfbabfcdfbfbffb b fbcbcef
  decrypted : dad ddaa aa de ca c c e ded e ec daad a a e aeda a aa d da e eca
  real plain:  fae dc e e cac e aa ec ae ee bda aeace decbe e bdae f e ec ae d
  cipher in : bfbabdcbdcfbfbccdfbfbcbeccdfbfb  fbc bffdf bfbfbcbdbfbcbfbfcdfba
  decrypted :  a e de dea a eeda a e ceeda a dda ed aadad a a e d a e a aeda e
  real plain: f e e c e ebca caddae ae ed e ad ae a ad e ae d be ced a e a aec
[Rank 0] (epoch: 45, iters: 7552, time: 0.001, data: 0.001) , D_A: 0.325, G_A: 0.982, cycle_A: 0.245, D_B: 0.295, G_B: 0.928, cycle_B: 0.250, gp: 0.276

saving the latest model (epoch 45, total_iters 720000)
[Rank 0] (epoch: 45, iters: 9152, time: 0.001, data: 0.001) , D_A: 0.329, G_A: 0.934, cycle_A: 0.251, D_B: 0.270, G_B: 0.773, cycle_B: 0.242, gp: 0.242

[Rank 0] (epoch: 45, iters: 10752, time: 0.001, data: 0.001) , D_A: 0.255, G_A: 0.794, cycle_A: 0.254, D_B: 0.175, G_B: 0.792, cycle_B: 0.247, gp: 0.158

[Rank 0] (epoch: 45, iters: 12352, time: 0.001, data: 0.001) , D_A: 0.249, G_A: 0.906, cycle_A: 0.261, D_B: 0.278, G_B: 0.925, cycle_B: 0.253, gp: 0.256

[Rank 0] (epoch: 45, iters: 13952, time: 0.001, data: 0.002) , D_A: 0.266, G_A: 0.912, cycle_A: 0.251, D_B: 0.277, G_B: 0.759, cycle_B: 0.247, gp: 0.245

[Rank 0] (epoch: 45, iters: 15552, time: 0.001, data: 0.001) , D_A: 0.279, G_A: 0.909, cycle_A: 0.252, D_B: 0.346, G_B: 0.847, cycle_B: 0.244, gp: 0.321

learning rate 0.0001091 -> 0.0000909
temperature tau = 0.1140
End of epoch 45 / 50 	 Time Taken: 15 sec
[Rank 0] (epoch: 46, iters: 960, time: 0.001, data: 0.001) , D_A: 0.353, G_A: 0.872, cycle_A: 0.256, D_B: 0.263, G_B: 0.821, cycle_B: 0.254, gp: 0.234

[Rank 0] (epoch: 46, iters: 2560, time: 0.001, data: 0.000) , D_A: 0.256, G_A: 0.934, cycle_A: 0.263, D_B: 0.338, G_B: 0.807, cycle_B: 0.239, gp: 0.311

[Rank 0] (epoch: 46, iters: 4160, time: 0.001, data: 0.003) , D_A: 0.213, G_A: 0.965, cycle_A: 0.242, D_B: 0.367, G_B: 0.792, cycle_B: 0.250, gp: 0.341

[Rank 0] (epoch: 46, iters: 5760, time: 0.001, data: 0.001) , D_A: 0.350, G_A: 0.918, cycle_A: 0.239, D_B: 0.320, G_B: 0.776, cycle_B: 0.249, gp: 0.294

[Rank 0] (epoch: 46, iters: 7360, time: 0.001, data: 0.001) , D_A: 0.299, G_A: 0.883, cycle_A: 0.251, D_B: 0.387, G_B: 0.790, cycle_B: 0.250, gp: 0.372

[Rank 0] (epoch: 46, iters: 8960, time: 0.001, data: 0.001) , D_A: 0.268, G_A: 0.921, cycle_A: 0.249, D_B: 0.319, G_B: 0.800, cycle_B: 0.241, gp: 0.288

[Rank 0] (epoch: 46, iters: 10560, time: 0.001, data: 0.001) , D_A: 0.310, G_A: 0.943, cycle_A: 0.254, D_B: 0.214, G_B: 0.901, cycle_B: 0.247, gp: 0.196

[Rank 0] (epoch: 46, iters: 12160, time: 0.001, data: 0.001) , D_A: 0.205, G_A: 0.940, cycle_A: 0.245, D_B: 0.282, G_B: 0.877, cycle_B: 0.246, gp: 0.259

[Rank 0] (epoch: 46, iters: 13760, time: 0.001, data: 0.001) , D_A: 0.282, G_A: 0.962, cycle_A: 0.249, D_B: 0.272, G_B: 0.914, cycle_B: 0.241, gp: 0.244

[Rank 0] (epoch: 46, iters: 15360, time: 0.001, data: 0.001) , D_A: 0.253, G_A: 0.930, cycle_A: 0.254, D_B: 0.198, G_B: 0.981, cycle_B: 0.250, gp: 0.183

learning rate 0.0000909 -> 0.0000727
temperature tau = 0.1104
End of epoch 46 / 50 	 Time Taken: 15 sec
[Rank 0] (epoch: 47, iters: 768, time: 0.001, data: 0.001) , D_A: 0.218, G_A: 0.906, cycle_A: 0.262, D_B: 0.261, G_B: 0.854, cycle_B: 0.255, gp: 0.238

[Rank 0] (epoch: 47, iters: 2368, time: 0.001, data: 0.000) , D_A: 0.293, G_A: 0.956, cycle_A: 0.241, D_B: 0.266, G_B: 0.941, cycle_B: 0.239, gp: 0.248

[Rank 0] (epoch: 47, iters: 3968, time: 0.001, data: 0.001) , D_A: 0.170, G_A: 0.907, cycle_A: 0.262, D_B: 0.382, G_B: 0.729, cycle_B: 0.243, gp: 0.356

[Rank 0] (epoch: 47, iters: 5568, time: 0.001, data: 0.001) , D_A: 0.245, G_A: 0.937, cycle_A: 0.250, D_B: 0.213, G_B: 0.865, cycle_B: 0.246, gp: 0.194

[Rank 0] (epoch: 47, iters: 7168, time: 0.001, data: 0.001) , D_A: 0.193, G_A: 0.859, cycle_A: 0.253, D_B: 0.402, G_B: 0.783, cycle_B: 0.240, gp: 0.377

[Rank 0] (epoch: 47, iters: 8768, time: 0.001, data: 0.001) , D_A: 0.217, G_A: 0.902, cycle_A: 0.255, D_B: 0.260, G_B: 0.757, cycle_B: 0.242, gp: 0.225

[Rank 0] (epoch: 47, iters: 10368, time: 0.001, data: 0.001) , D_A: 0.310, G_A: 0.810, cycle_A: 0.242, D_B: 0.205, G_B: 0.915, cycle_B: 0.247, gp: 0.179

[Rank 0] (epoch: 47, iters: 11968, time: 0.001, data: 0.001) , D_A: 0.238, G_A: 0.893, cycle_A: 0.247, D_B: 0.226, G_B: 0.832, cycle_B: 0.247, gp: 0.201

[Rank 0] (epoch: 47, iters: 13568, time: 0.001, data: 0.001) , D_A: 0.326, G_A: 0.927, cycle_A: 0.268, D_B: 0.272, G_B: 0.722, cycle_B: 0.241, gp: 0.242

--- iter tau=0.1104 ---
  cipher in : dbffb cffbcbfcbefcb babcebcfbcbc bcdbfbdcffcfbdbcfbdbfbcbfbeff b
  decrypted : d aa deaa e ae cae d e ec ea e ed ed a deaaea d ea d a e a caad 
  real plain: e e f e d adee e e befe a a d ef e ace b e ed d e a e f e e be a
  cipher in : cbcbcb fffbddcbc bfbdfcfbacbdf bfbddcbcbfcbfcbfdcfbfcbab fdbdfba
  decrypted : e e e daaa dde ed a daea ee dad a dde e ae ae adea ae e dad da e
  real plain:  ea aa c c a fc f e ae ae e ce ad cece baa e e e c face e d de e
[Rank 0] (epoch: 47, iters: 15168, time: 0.001, data: 0.001) , D_A: 0.216, G_A: 0.946, cycle_A: 0.250, D_B: 0.328, G_B: 0.896, cycle_B: 0.249, gp: 0.304

saving the latest model (epoch 47, total_iters 760000)
learning rate 0.0000727 -> 0.0000545
temperature tau = 0.1068
End of epoch 47 / 50 	 Time Taken: 14 sec
[Rank 0] (epoch: 48, iters: 576, time: 0.001, data: 0.001) , D_A: 0.187, G_A: 0.916, cycle_A: 0.256, D_B: 0.280, G_B: 0.915, cycle_B: 0.254, gp: 0.266

[Rank 0] (epoch: 48, iters: 2176, time: 0.001, data: 0.000) , D_A: 0.276, G_A: 0.849, cycle_A: 0.247, D_B: 0.296, G_B: 0.781, cycle_B: 0.239, gp: 0.267

[Rank 0] (epoch: 48, iters: 3776, time: 0.001, data: 0.001) , D_A: 0.174, G_A: 0.890, cycle_A: 0.250, D_B: 0.392, G_B: 0.757, cycle_B: 0.243, gp: 0.362

[Rank 0] (epoch: 48, iters: 5376, time: 0.001, data: 0.001) , D_A: 0.275, G_A: 0.936, cycle_A: 0.248, D_B: 0.279, G_B: 0.877, cycle_B: 0.246, gp: 0.254

[Rank 0] (epoch: 48, iters: 6976, time: 0.001, data: 0.001) , D_A: 0.250, G_A: 0.940, cycle_A: 0.244, D_B: 0.301, G_B: 0.861, cycle_B: 0.240, gp: 0.274

[Rank 0] (epoch: 48, iters: 8576, time: 0.001, data: 0.001) , D_A: 0.295, G_A: 0.843, cycle_A: 0.251, D_B: 0.253, G_B: 0.828, cycle_B: 0.246, gp: 0.230

[Rank 0] (epoch: 48, iters: 10176, time: 0.001, data: 0.001) , D_A: 0.209, G_A: 0.942, cycle_A: 0.254, D_B: 0.368, G_B: 0.810, cycle_B: 0.242, gp: 0.339

[Rank 0] (epoch: 48, iters: 11776, time: 0.001, data: 0.001) , D_A: 0.238, G_A: 0.921, cycle_A: 0.261, D_B: 0.304, G_B: 0.861, cycle_B: 0.254, gp: 0.284

[Rank 0] (epoch: 48, iters: 13376, time: 0.001, data: 0.001) , D_A: 0.197, G_A: 0.886, cycle_A: 0.256, D_B: 0.288, G_B: 0.903, cycle_B: 0.241, gp: 0.271

[Rank 0] (epoch: 48, iters: 14976, time: 0.001, data: 0.001) , D_A: 0.364, G_A: 0.879, cycle_A: 0.255, D_B: 0.316, G_B: 0.828, cycle_B: 0.249, gp: 0.290

learning rate 0.0000545 -> 0.0000364
temperature tau = 0.1033
End of epoch 48 / 50 	 Time Taken: 15 sec
[Rank 0] (epoch: 49, iters: 384, time: 0.001, data: 0.001) , D_A: 0.342, G_A: 0.789, cycle_A: 0.255, D_B: 0.313, G_B: 0.806, cycle_B: 0.247, gp: 0.282

[Rank 0] (epoch: 49, iters: 1984, time: 0.001, data: 0.000) , D_A: 0.294, G_A: 0.827, cycle_A: 0.249, D_B: 0.212, G_B: 0.907, cycle_B: 0.247, gp: 0.192

[Rank 0] (epoch: 49, iters: 3584, time: 0.001, data: 0.001) , D_A: 0.292, G_A: 0.932, cycle_A: 0.247, D_B: 0.321, G_B: 0.783, cycle_B: 0.241, gp: 0.288

[Rank 0] (epoch: 49, iters: 5184, time: 0.001, data: 0.001) , D_A: 0.289, G_A: 0.839, cycle_A: 0.255, D_B: 0.292, G_B: 0.801, cycle_B: 0.246, gp: 0.270

[Rank 0] (epoch: 49, iters: 6784, time: 0.001, data: 0.001) , D_A: 0.340, G_A: 0.872, cycle_A: 0.258, D_B: 0.259, G_B: 0.937, cycle_B: 0.240, gp: 0.242

[Rank 0] (epoch: 49, iters: 8384, time: 0.001, data: 0.001) , D_A: 0.318, G_A: 0.891, cycle_A: 0.245, D_B: 0.269, G_B: 0.833, cycle_B: 0.246, gp: 0.251

[Rank 0] (epoch: 49, iters: 9984, time: 0.001, data: 0.001) , D_A: 0.284, G_A: 0.892, cycle_A: 0.247, D_B: 0.272, G_B: 0.886, cycle_B: 0.242, gp: 0.248

[Rank 0] (epoch: 49, iters: 11584, time: 0.001, data: 0.001) , D_A: 0.286, G_A: 0.875, cycle_A: 0.253, D_B: 0.323, G_B: 0.791, cycle_B: 0.254, gp: 0.298

[Rank 0] (epoch: 49, iters: 13184, time: 0.001, data: 0.001) , D_A: 0.258, G_A: 0.915, cycle_A: 0.252, D_B: 0.323, G_B: 0.787, cycle_B: 0.238, gp: 0.290

[Rank 0] (epoch: 49, iters: 14784, time: 0.001, data: 0.002) , D_A: 0.219, G_A: 0.898, cycle_A: 0.255, D_B: 0.303, G_B: 0.823, cycle_B: 0.252, gp: 0.274

learning rate 0.0000364 -> 0.0000182
temperature tau = 0.1000
End of epoch 49 / 50 	 Time Taken: 15 sec
[Rank 0] (epoch: 50, iters: 192, time: 0.001, data: 0.001) , D_A: 0.274, G_A: 0.890, cycle_A: 0.257, D_B: 0.221, G_B: 0.812, cycle_B: 0.248, gp: 0.203

[Rank 0] (epoch: 50, iters: 1792, time: 0.001, data: 0.001) , D_A: 0.316, G_A: 0.836, cycle_A: 0.252, D_B: 0.310, G_B: 0.786, cycle_B: 0.247, gp: 0.287

[Rank 0] (epoch: 50, iters: 3392, time: 0.001, data: 0.001) , D_A: 0.208, G_A: 0.865, cycle_A: 0.254, D_B: 0.303, G_B: 0.853, cycle_B: 0.241, gp: 0.276

[Rank 0] (epoch: 50, iters: 4992, time: 0.001, data: 0.001) , D_A: 0.235, G_A: 0.877, cycle_A: 0.253, D_B: 0.318, G_B: 0.743, cycle_B: 0.246, gp: 0.294

--- iter tau=0.1000 ---
  cipher in : abcfbffbfbc bc bdcf bfbfcbabfbcfbefbcaaf b cbabfbfcbab bfbc bfb 
  decrypted : e ef ff f ed ed defd f fe e f ef cf eeefd de e f fe e d f ed f d
  real plain: fed e eaa ca a dc faceface c e ebe bece acaed e ae de a aa a e f
  cipher in : fbcbfcbc bdbfbfaf bcfbff bfb bddbfbcbc bfb fbfbc bfbdcbfbc bfbfb
  decrypted : f e fe ed d f fefd ef ffd f d dd f e ed f df f ed f de f ed f f 
  real plain: cece e ee fed ae eed ee a ae f ea eee dca a a c f ecca fece a c 
[Rank 0] (epoch: 50, iters: 6592, time: 0.001, data: 0.001) , D_A: 0.273, G_A: 0.852, cycle_A: 0.253, D_B: 0.308, G_B: 0.886, cycle_B: 0.261, gp: 0.277

saving the latest model (epoch 50, total_iters 800000)
[Rank 0] (epoch: 50, iters: 8192, time: 0.001, data: 0.001) , D_A: 0.341, G_A: 0.896, cycle_A: 0.255, D_B: 0.278, G_B: 0.758, cycle_B: 0.247, gp: 0.248

[Rank 0] (epoch: 50, iters: 9792, time: 0.001, data: 0.001) , D_A: 0.267, G_A: 0.962, cycle_A: 0.249, D_B: 0.350, G_B: 0.811, cycle_B: 0.242, gp: 0.320

[Rank 0] (epoch: 50, iters: 11392, time: 0.001, data: 0.001) , D_A: 0.276, G_A: 0.918, cycle_A: 0.245, D_B: 0.421, G_B: 0.784, cycle_B: 0.254, gp: 0.400

[Rank 0] (epoch: 50, iters: 12992, time: 0.001, data: 0.001) , D_A: 0.295, G_A: 0.927, cycle_A: 0.247, D_B: 0.236, G_B: 0.912, cycle_B: 0.238, gp: 0.208

[Rank 0] (epoch: 50, iters: 14592, time: 0.001, data: 0.001) , D_A: 0.310, G_A: 0.874, cycle_A: 0.247, D_B: 0.279, G_B: 0.790, cycle_B: 0.252, gp: 0.248

[Rank 0] (epoch: 50, iters: 16192, time: 0.001, data: 0.001) , D_A: 0.300, G_A: 0.840, cycle_A: 0.242, D_B: 0.327, G_B: 0.824, cycle_B: 0.248, gp: 0.297

learning rate 0.0000182 -> 0.0000000
temperature tau = 0.1000
saving the model at the end of epoch 50, iters 809600
End of epoch 50 / 50 	 Time Taken: 15 sec
----------------- Options ---------------
             aspect_ratio: 1.0                           
               batch_size: 64                            
          checkpoints_dir: ./checkpoints                 
                crop_size: 256                           
                 dataroot: .                             	[default: None]
             dataset_mode: cipher                        
                direction: AtoB                          
               display_id: 0                             
          display_winsize: 256                           
                embed_dim: 256                           	[default: 64]
                    epoch: latest                        
                     eval: False                         
                 gan_mode: lsgan                         
                   gumbel: False                         
                init_gain: 0.02                          
                init_type: normal                        
                 input_nc: 3                             
                  isTrain: False                         	[default: None]
                     kw_D: 15                            	[default: 4]
                 lambda_A: 10.0                          
                 lambda_B: 10.0                          
                lambda_gp: 10.0                          
          lambda_identity: 0.0                           
                load_iter: 0                             	[default: 0]
                load_size: 256                           
                       lr: 0.0002                        
         matched_softness: True                          	[default: False]
         max_dataset_size: inf                           
                    model: cipher_cycle_gan              	[default: test]
               n_blocks_G: 5                             	[default: 4]
                 n_critic: 1                             
               n_layers_D: 5                             	[default: 3]
                     name: a7_s7_gp1                     	[default: experiment_name]
                      ndf: 32                            	[default: 128]
                     netD: seq                           
                     netG: seq                           
                      ngf: 128                           
               no_dropout: True                          
                  no_flip: True                          
                     norm: layer                         	[default: instance]
                 npz_path: data/a7/dataset.npz           	[default: None]
                 num_test: 50                            
              num_threads: 4                             
                output_nc: 3                             
                pair_seed: 0                             
                    phase: test                          
              pointwise_G: True                          	[default: False]
               preprocess: none                          
         real_logit_scale: 5.0                           
              results_dir: ./results/                    
           serial_batches: False                         
         straight_through: True                          	[default: False]
                   suffix:                               
                  tau_end: 0.1                           
                tau_start: 1.0                           
                   use_gp: False                         
                use_wandb: False                         
                  verbose: False                         
               vocab_size: -1                            
       wandb_project_name: CycleGAN-and-pix2pix          
----------------- End -------------------
[cipher] eval: A(cipher)=(3595, 64) B(plain)=(3595, 64) vocab=8 cipher=substitution paired=True
dataset [CipherDataset] was created
Initialized with device cuda:0
initialize network with normal
Initialized with device cuda:0
initialize network with normal
model [CipherCycleGANModel] was created
Initialized with device cuda:0
initialize network with normal
loading the model from checkpoints/a7_s7_gp1/latest_net_G_A.pth
Initialized with device cuda:0
initialize network with normal
loading the model from checkpoints/a7_s7_gp1/latest_net_G_B.pth
---------- Networks initialized -------------
[Network G_A] Total number of parameters : 0.204 M
[Network G_B] Total number of parameters : 0.204 M
-----------------------------------------------

==============================================================
cipher              substitution (key=perm-seed0)
samples             3595 x 64
character accuracy  0.4314   (chance ~0.1429)
character error     0.5686
key recovery        0.2857   (coverage 1.000)
==============================================================
cipher in : cbfcdbc bfbabfbdffdfbabcb fdbcbc fcbdff b ddfbffffbfc bcbcebffbf
decrypted : e fed ed f e f dffdf e e dfd e edfe dffd dddf ffff fed e ec ff f
truth     : a eac ad e f e ceece f a dec a adea ceed dcce eeee ead a ab ee e

wrote ./checkpoints/a7_s7_gp1/eval_metrics.json
wrote ./checkpoints/a7_s7_gp1/curves_a7_s7_gp1.png

loss             first      last       min       max
D_A              0.692     0.300     0.132     0.715
G_A              0.807     0.840     0.065     1.935
cycle_A          0.313     0.242     0.182     5.124
D_B              0.659     0.327     0.163     0.680
G_B              0.648     0.824     0.245     1.591
cycle_B          0.295     0.248     0.236     1.930
gp               0.431     0.297     0.148     0.501

D_A over the final window: 0.284
  -> at LSGAN equilibrium: the two networks are balanced.
