=== task 0 : dataset=a7 seed=6 ===
NVIDIA A100-SXM4-80GB
----------------- Options ---------------
               batch_size: 64                            
                    beta1: 0.0                           	[default: 0.5]
          checkpoints_dir: ./checkpoints                 
           continue_train: False                         
                crop_size: 256                           
               cycle_loss: ce                            
                 dataroot: .                             	[default: None]
             dataset_mode: cipher                        
                direction: AtoB                          
             display_freq: 20000                         	[default: 400]
               display_id: 0                             
          display_winsize: 256                           
                embed_dim: 256                           	[default: 64]
                    epoch: latest                        
              epoch_count: 1                             
                 gan_mode: lsgan                         
                   gumbel: False                         
                init_gain: 0.02                          
                init_type: normal                        
                 input_nc: 3                             
                  isTrain: True                          	[default: None]
                     kw_D: 15                            	[default: 4]
                 lambda_A: 1.0                           	[default: 10.0]
                 lambda_B: 1.0                           	[default: 10.0]
                lambda_gp: 1.0                           	[default: 10.0]
          lambda_identity: 0.0                           
                load_iter: 0                             	[default: 0]
                load_size: 286                           
                       lr: 0.0002                        
           lr_decay_iters: 50                            
                lr_policy: linear                        
         matched_softness: True                          	[default: False]
         max_dataset_size: inf                           
                    model: cipher_cycle_gan              	[default: cycle_gan]
               n_blocks_G: 5                             	[default: 4]
                 n_critic: 1                             
                 n_epochs: 40                            	[default: 100]
           n_epochs_decay: 10                            	[default: 100]
               n_layers_D: 5                             	[default: 3]
                     name: a7_s6_gp1                     	[default: experiment_name]
                      ndf: 32                            	[default: 128]
                     netD: seq                           
                     netG: seq                           
                      ngf: 128                           
               no_dropout: True                          
                  no_flip: True                          
                  no_html: False                         
                     norm: layer                         	[default: instance]
                 npz_path: data/a7/dataset.npz           	[default: None]
              num_threads: 8                             	[default: 4]
                output_nc: 3                             
                pair_seed: 6                             	[default: 0]
                    phase: train                         
              pointwise_G: True                          	[default: False]
                pool_size: 50                            
               preprocess: none                          
               print_freq: 100                           
         real_logit_scale: 5.0                           
             save_by_iter: False                         
          save_epoch_freq: 50                            	[default: 5]
         save_latest_freq: 5000                          
           serial_batches: False                         
         straight_through: True                          	[default: False]
                   suffix:                               
                  tau_end: 0.1                           
                tau_start: 0.5                           	[default: 1.0]
         update_html_freq: 1000                          
                   use_gp: True                          	[default: False]
                use_wandb: False                         
                  verbose: False                         
               vocab_size: -1                            
       wandb_project_name: CycleGAN-and-pix2pix          
----------------- End -------------------
Initialized with device cuda:0
[cipher] train: A(cipher)=(16179, 64) B(plain)=(16179, 64) vocab=8 cipher=substitution paired=False
dataset [CipherDataset] was created
The number of training images = 16179
Initialized with device cuda:0
initialize network with normal
Initialized with device cuda:0
initialize network with normal
Initialized with device cuda:0
initialize network with normal
Initialized with device cuda:0
initialize network with normal
model [CipherCycleGANModel] was created
Initialized with device cuda:0
initialize network with normal
Initialized with device cuda:0
initialize network with normal
Initialized with device cuda:0
initialize network with normal
Initialized with device cuda:0
initialize network with normal
---------- Networks initialized -------------
[Network G_A] Total number of parameters : 0.204 M
[Network G_B] Total number of parameters : 0.204 M
[Network D_A] Total number of parameters : 0.472 M
[Network D_B] Total number of parameters : 0.472 M
-----------------------------------------------
create web directory checkpoints/a7_s6_gp1/web...
[Rank 0] (epoch: 1, iters: 1600, time: 0.001, data: 0.111) , D_A: 0.835, G_A: 0.252, cycle_A: 0.159, D_B: 0.901, G_B: 1.165, cycle_B: 0.278, gp: 0.491

[Rank 0] (epoch: 1, iters: 3200, time: 0.001, data: 0.001) , D_A: 0.709, G_A: 0.548, cycle_A: 0.041, D_B: 0.820, G_B: 0.274, cycle_B: 0.059, gp: 0.530

[Rank 0] (epoch: 1, iters: 4800, time: 0.001, data: 0.001) , D_A: 0.869, G_A: 0.233, cycle_A: 0.013, D_B: 0.882, G_B: 0.485, cycle_B: 0.012, gp: 0.639

[Rank 0] (epoch: 1, iters: 6400, time: 0.001, data: 0.001) , D_A: 0.884, G_A: 0.593, cycle_A: 0.007, D_B: 0.788, G_B: 0.494, cycle_B: 0.006, gp: 0.606

[Rank 0] (epoch: 1, iters: 8000, time: 0.001, data: 0.001) , D_A: 0.923, G_A: 0.345, cycle_A: 0.004, D_B: 0.947, G_B: 0.617, cycle_B: 0.004, gp: 0.746

[Rank 0] (epoch: 1, iters: 9600, time: 0.001, data: 0.001) , D_A: 0.933, G_A: 0.500, cycle_A: 0.003, D_B: 0.941, G_B: 0.283, cycle_B: 0.003, gp: 0.740

[Rank 0] (epoch: 1, iters: 11200, time: 0.001, data: 0.001) , D_A: 0.821, G_A: 0.446, cycle_A: 0.003, D_B: 1.009, G_B: 1.010, cycle_B: 0.002, gp: 0.771

[Rank 0] (epoch: 1, iters: 12800, time: 0.001, data: 0.001) , D_A: 0.938, G_A: 0.545, cycle_A: 0.002, D_B: 0.811, G_B: 0.358, cycle_B: 0.002, gp: 0.655

[Rank 0] (epoch: 1, iters: 14400, time: 0.001, data: 0.001) , D_A: 0.949, G_A: 0.274, cycle_A: 0.002, D_B: 0.893, G_B: 0.362, cycle_B: 0.001, gp: 0.741

[Rank 0] (epoch: 1, iters: 16000, time: 0.001, data: 0.001) , D_A: 0.880, G_A: 0.802, cycle_A: 0.001, D_B: 0.988, G_B: 0.348, cycle_B: 0.001, gp: 0.783

learning rate 0.0002000 -> 0.0002000
temperature tau = 0.4838
End of epoch 1 / 50 	 Time Taken: 15 sec
[Rank 0] (epoch: 2, iters: 1408, time: 0.001, data: 0.001) , D_A: 0.941, G_A: 0.311, cycle_A: 0.001, D_B: 0.872, G_B: 1.187, cycle_B: 0.001, gp: 0.709

[Rank 0] (epoch: 2, iters: 3008, time: 0.001, data: 0.001) , D_A: 0.837, G_A: 0.845, cycle_A: 0.001, D_B: 0.908, G_B: 0.715, cycle_B: 0.001, gp: 0.805

[Rank 0] (epoch: 2, iters: 4608, time: 0.001, data: 0.001) , D_A: 0.915, G_A: 1.089, cycle_A: 0.001, D_B: 0.949, G_B: 0.215, cycle_B: 0.001, gp: 0.783

[Rank 0] (epoch: 2, iters: 6208, time: 0.001, data: 0.001) , D_A: 0.849, G_A: 0.436, cycle_A: 0.001, D_B: 0.907, G_B: 0.649, cycle_B: 0.001, gp: 0.785

[Rank 0] (epoch: 2, iters: 7808, time: 0.001, data: 0.001) , D_A: 0.919, G_A: 1.034, cycle_A: 0.001, D_B: 0.982, G_B: 0.385, cycle_B: 0.001, gp: 0.834

[Rank 0] (epoch: 2, iters: 9408, time: 0.001, data: 0.001) , D_A: 0.825, G_A: 0.444, cycle_A: 0.001, D_B: 0.954, G_B: 1.064, cycle_B: 0.001, gp: 0.830

[Rank 0] (epoch: 2, iters: 11008, time: 0.001, data: 0.001) , D_A: 0.880, G_A: 0.750, cycle_A: 0.001, D_B: 0.919, G_B: 0.515, cycle_B: 0.001, gp: 0.798

[Rank 0] (epoch: 2, iters: 12608, time: 0.001, data: 0.001) , D_A: 0.772, G_A: 0.650, cycle_A: 0.001, D_B: 0.859, G_B: 0.816, cycle_B: 0.000, gp: 0.711

[Rank 0] (epoch: 2, iters: 14208, time: 0.001, data: 0.001) , D_A: 0.927, G_A: 1.034, cycle_A: 0.001, D_B: 0.843, G_B: 0.610, cycle_B: 0.000, gp: 0.756

[Rank 0] (epoch: 2, iters: 15808, time: 0.001, data: 0.001) , D_A: 0.734, G_A: 0.539, cycle_A: 0.000, D_B: 0.874, G_B: 0.311, cycle_B: 0.000, gp: 0.767

learning rate 0.0002000 -> 0.0002000
temperature tau = 0.4682
End of epoch 2 / 50 	 Time Taken: 13 sec
[Rank 0] (epoch: 3, iters: 1216, time: 0.001, data: 0.000) , D_A: 0.913, G_A: 0.531, cycle_A: 0.000, D_B: 0.894, G_B: 1.034, cycle_B: 0.000, gp: 0.769

[Rank 0] (epoch: 3, iters: 2816, time: 0.001, data: 0.001) , D_A: 0.749, G_A: 0.916, cycle_A: 0.000, D_B: 0.743, G_B: 0.667, cycle_B: 0.000, gp: 0.668

[Rank 0] (epoch: 3, iters: 4416, time: 0.001, data: 0.001) , D_A: 0.872, G_A: 0.510, cycle_A: 0.000, D_B: 0.857, G_B: 1.196, cycle_B: 0.000, gp: 0.760

[Rank 0] (epoch: 3, iters: 6016, time: 0.001, data: 0.001) , D_A: 0.934, G_A: 1.114, cycle_A: 0.000, D_B: 0.950, G_B: 0.273, cycle_B: 0.000, gp: 0.800

--- iter tau=0.4682 ---
  cipher in : babfbaadfbfbfbcbcbffbfbffbc beffb fbfdbfbecdb fbddbfabfbffbddbcb
  decrypted :  b e bbde e e a a ee e ee ac fee ce ed e fad ce dd eb e ee dd a 
  real plain: e a fad caa f be cdaed aa eed ad a fa a baace be effeced a ec fa
  cipher in : f f bcb ffefbabfb bdfdfbfcdbabfbcfcfbdcf bcb bff bfbcb ffc bffab
  decrypted : ecec a ceefe b e c dede ead b e aeae daec a c eec e a ceeac eeb 
  real plain: cea a f a deeae dea ad aee ac e e d a e cee aae f e bd f f e ace
[Rank 0] (epoch: 3, iters: 7616, time: 0.001, data: 0.001) , D_A: 0.830, G_A: 0.693, cycle_A: 0.000, D_B: 0.941, G_B: 0.991, cycle_B: 0.000, gp: 0.872

saving the latest model (epoch 3, total_iters 40000)
[Rank 0] (epoch: 3, iters: 9216, time: 0.001, data: 0.001) , D_A: 0.902, G_A: 1.109, cycle_A: 0.000, D_B: 0.847, G_B: 0.997, cycle_B: 0.000, gp: 0.770

[Rank 0] (epoch: 3, iters: 10816, time: 0.001, data: 0.001) , D_A: 0.838, G_A: 0.845, cycle_A: 0.000, D_B: 0.879, G_B: 0.563, cycle_B: 0.000, gp: 0.802

[Rank 0] (epoch: 3, iters: 12416, time: 0.001, data: 0.001) , D_A: 0.949, G_A: 1.103, cycle_A: 0.000, D_B: 0.806, G_B: 0.975, cycle_B: 0.000, gp: 0.745

[Rank 0] (epoch: 3, iters: 14016, time: 0.001, data: 0.001) , D_A: 0.833, G_A: 0.702, cycle_A: 0.000, D_B: 0.784, G_B: 0.935, cycle_B: 0.000, gp: 0.727

[Rank 0] (epoch: 3, iters: 15616, time: 0.001, data: 0.001) , D_A: 0.888, G_A: 0.895, cycle_A: 0.000, D_B: 0.850, G_B: 0.816, cycle_B: 0.000, gp: 0.781

learning rate 0.0002000 -> 0.0002000
temperature tau = 0.4531
End of epoch 3 / 50 	 Time Taken: 13 sec
[Rank 0] (epoch: 4, iters: 1024, time: 0.001, data: 0.002) , D_A: 0.859, G_A: 0.844, cycle_A: 0.000, D_B: 0.933, G_B: 0.722, cycle_B: 0.000, gp: 0.885

[Rank 0] (epoch: 4, iters: 2624, time: 0.001, data: 0.001) , D_A: 0.894, G_A: 0.579, cycle_A: 0.000, D_B: 0.872, G_B: 0.894, cycle_B: 0.000, gp: 0.813

[Rank 0] (epoch: 4, iters: 4224, time: 0.001, data: 0.001) , D_A: 0.930, G_A: 0.933, cycle_A: 0.000, D_B: 0.795, G_B: 0.396, cycle_B: 0.000, gp: 0.722

[Rank 0] (epoch: 4, iters: 5824, time: 0.001, data: 0.001) , D_A: 0.846, G_A: 0.726, cycle_A: 0.000, D_B: 0.775, G_B: 0.904, cycle_B: 0.000, gp: 0.727

[Rank 0] (epoch: 4, iters: 7424, time: 0.001, data: 0.001) , D_A: 0.855, G_A: 0.874, cycle_A: 0.000, D_B: 0.805, G_B: 0.758, cycle_B: 0.000, gp: 0.752

[Rank 0] (epoch: 4, iters: 9024, time: 0.001, data: 0.001) , D_A: 0.855, G_A: 1.073, cycle_A: 0.000, D_B: 0.855, G_B: 1.031, cycle_B: 0.000, gp: 0.786

[Rank 0] (epoch: 4, iters: 10624, time: 0.001, data: 0.001) , D_A: 0.905, G_A: 1.064, cycle_A: 0.000, D_B: 0.811, G_B: 0.813, cycle_B: 0.000, gp: 0.750

[Rank 0] (epoch: 4, iters: 12224, time: 0.001, data: 0.001) , D_A: 0.863, G_A: 0.979, cycle_A: 0.000, D_B: 0.793, G_B: 0.594, cycle_B: 0.000, gp: 0.722

[Rank 0] (epoch: 4, iters: 13824, time: 0.001, data: 0.001) , D_A: 0.859, G_A: 1.008, cycle_A: 0.000, D_B: 0.878, G_B: 1.441, cycle_B: 0.000, gp: 0.751

[Rank 0] (epoch: 4, iters: 15424, time: 0.001, data: 0.001) , D_A: 0.859, G_A: 0.724, cycle_A: 0.000, D_B: 0.852, G_B: 0.703, cycle_B: 0.000, gp: 0.796

learning rate 0.0002000 -> 0.0002000
temperature tau = 0.4384
End of epoch 4 / 50 	 Time Taken: 13 sec
[Rank 0] (epoch: 5, iters: 832, time: 0.001, data: 0.001) , D_A: 0.826, G_A: 0.659, cycle_A: 0.000, D_B: 0.870, G_B: 1.081, cycle_B: 0.000, gp: 0.832

[Rank 0] (epoch: 5, iters: 2432, time: 0.001, data: 0.001) , D_A: 0.833, G_A: 1.039, cycle_A: 0.000, D_B: 0.828, G_B: 1.123, cycle_B: 0.000, gp: 0.771

[Rank 0] (epoch: 5, iters: 4032, time: 0.001, data: 0.001) , D_A: 0.856, G_A: 0.899, cycle_A: 0.000, D_B: 0.913, G_B: 0.904, cycle_B: 0.000, gp: 0.872

[Rank 0] (epoch: 5, iters: 5632, time: 0.001, data: 0.001) , D_A: 0.811, G_A: 0.917, cycle_A: 0.000, D_B: 0.881, G_B: 0.707, cycle_B: 0.000, gp: 0.839

[Rank 0] (epoch: 5, iters: 7232, time: 0.001, data: 0.001) , D_A: 0.843, G_A: 0.885, cycle_A: 0.000, D_B: 0.807, G_B: 0.685, cycle_B: 0.000, gp: 0.747

[Rank 0] (epoch: 5, iters: 8832, time: 0.001, data: 0.001) , D_A: 0.858, G_A: 0.910, cycle_A: 0.000, D_B: 0.837, G_B: 0.989, cycle_B: 0.000, gp: 0.793

[Rank 0] (epoch: 5, iters: 10432, time: 0.001, data: 0.001) , D_A: 0.836, G_A: 0.608, cycle_A: 0.000, D_B: 0.853, G_B: 1.007, cycle_B: 0.000, gp: 0.799

[Rank 0] (epoch: 5, iters: 12032, time: 0.001, data: 0.001) , D_A: 0.828, G_A: 1.079, cycle_A: 0.000, D_B: 0.809, G_B: 0.801, cycle_B: 0.000, gp: 0.771

[Rank 0] (epoch: 5, iters: 13632, time: 0.001, data: 0.001) , D_A: 0.783, G_A: 0.746, cycle_A: 0.000, D_B: 0.947, G_B: 1.116, cycle_B: 0.000, gp: 0.869

--- iter tau=0.4384 ---
  cipher in : fbcfcbc bcbddbcdfbc bfbfbfbc bcbcbefdfbfcbdbdcbefbfffdf bc bcbfb
  decrypted : e aea ac a dd ade ac e e e ac a a fede ea d da fe eeedec ac a e 
  real plain:  e acfc a e a deaaed e ca f aa ad aa ae fee ad ded e e a fa aa a
  cipher in : bddb bfbddbdcfbfb fcbabcbcbfbc bfbfcbfbcbfb befbffbfbddfbfcbebdc
  decrypted :  dd c e dd dae e cea b a a e ac e ea e a e c fe ee e dde ea f da
  real plain: a abe ced bed e e de aec ced e a d ad e e ac e bedde abe a ae f 
[Rank 0] (epoch: 5, iters: 15232, time: 0.001, data: 0.001) , D_A: 0.836, G_A: 0.990, cycle_A: 0.000, D_B: 0.962, G_B: 0.534, cycle_B: 0.000, gp: 0.888

saving the latest model (epoch 5, total_iters 80000)
learning rate 0.0002000 -> 0.0002000
temperature tau = 0.4243
End of epoch 5 / 50 	 Time Taken: 13 sec
[Rank 0] (epoch: 6, iters: 640, time: 0.001, data: 0.001) , D_A: 0.845, G_A: 0.960, cycle_A: 0.000, D_B: 0.814, G_B: 0.752, cycle_B: 0.000, gp: 0.772

[Rank 0] (epoch: 6, iters: 2240, time: 0.001, data: 0.000) , D_A: 0.837, G_A: 0.786, cycle_A: 0.000, D_B: 0.792, G_B: 1.011, cycle_B: 0.000, gp: 0.748

[Rank 0] (epoch: 6, iters: 3840, time: 0.001, data: 0.001) , D_A: 0.841, G_A: 1.006, cycle_A: 0.000, D_B: 0.915, G_B: 0.711, cycle_B: 0.000, gp: 0.874

[Rank 0] (epoch: 6, iters: 5440, time: 0.001, data: 0.001) , D_A: 0.865, G_A: 1.053, cycle_A: 0.000, D_B: 0.940, G_B: 0.533, cycle_B: 0.000, gp: 0.863

[Rank 0] (epoch: 6, iters: 7040, time: 0.001, data: 0.001) , D_A: 0.920, G_A: 0.990, cycle_A: 0.000, D_B: 0.848, G_B: 0.662, cycle_B: 0.000, gp: 0.791

[Rank 0] (epoch: 6, iters: 8640, time: 0.001, data: 0.001) , D_A: 0.818, G_A: 0.929, cycle_A: 0.000, D_B: 0.859, G_B: 0.839, cycle_B: 0.000, gp: 0.823

[Rank 0] (epoch: 6, iters: 10240, time: 0.001, data: 0.001) , D_A: 0.823, G_A: 0.851, cycle_A: 0.000, D_B: 0.840, G_B: 0.917, cycle_B: 0.000, gp: 0.818

[Rank 0] (epoch: 6, iters: 11840, time: 0.001, data: 0.001) , D_A: 0.896, G_A: 0.806, cycle_A: 0.000, D_B: 0.852, G_B: 0.816, cycle_B: 0.000, gp: 0.807

[Rank 0] (epoch: 6, iters: 13440, time: 0.001, data: 0.001) , D_A: 0.872, G_A: 1.008, cycle_A: 0.000, D_B: 0.914, G_B: 0.672, cycle_B: 0.000, gp: 0.854

[Rank 0] (epoch: 6, iters: 15040, time: 0.001, data: 0.001) , D_A: 0.910, G_A: 0.523, cycle_A: 0.000, D_B: 0.821, G_B: 0.600, cycle_B: 0.000, gp: 0.768

learning rate 0.0002000 -> 0.0002000
temperature tau = 0.4106
End of epoch 6 / 50 	 Time Taken: 15 sec
[Rank 0] (epoch: 7, iters: 448, time: 0.001, data: 0.001) , D_A: 0.868, G_A: 1.167, cycle_A: 0.000, D_B: 0.928, G_B: 1.224, cycle_B: 0.000, gp: 0.838

[Rank 0] (epoch: 7, iters: 2048, time: 0.001, data: 0.001) , D_A: 0.857, G_A: 0.923, cycle_A: 0.000, D_B: 0.876, G_B: 0.811, cycle_B: 0.000, gp: 0.840

[Rank 0] (epoch: 7, iters: 3648, time: 0.001, data: 0.001) , D_A: 0.957, G_A: 0.738, cycle_A: 0.000, D_B: 0.903, G_B: 0.902, cycle_B: 0.000, gp: 0.861

[Rank 0] (epoch: 7, iters: 5248, time: 0.001, data: 0.001) , D_A: 0.843, G_A: 0.927, cycle_A: 0.000, D_B: 0.854, G_B: 0.740, cycle_B: 0.000, gp: 0.816

[Rank 0] (epoch: 7, iters: 6848, time: 0.001, data: 0.002) , D_A: 0.939, G_A: 0.665, cycle_A: 0.000, D_B: 0.931, G_B: 0.900, cycle_B: 0.000, gp: 0.883

[Rank 0] (epoch: 7, iters: 8448, time: 0.001, data: 0.001) , D_A: 0.872, G_A: 1.054, cycle_A: 0.000, D_B: 0.864, G_B: 0.873, cycle_B: 0.000, gp: 0.833

[Rank 0] (epoch: 7, iters: 10048, time: 0.001, data: 0.001) , D_A: 0.873, G_A: 0.864, cycle_A: 0.000, D_B: 0.898, G_B: 1.052, cycle_B: 0.000, gp: 0.871

[Rank 0] (epoch: 7, iters: 11648, time: 0.001, data: 0.001) , D_A: 0.852, G_A: 1.078, cycle_A: 0.000, D_B: 0.768, G_B: 0.983, cycle_B: 0.000, gp: 0.742

[Rank 0] (epoch: 7, iters: 13248, time: 0.001, data: 0.001) , D_A: 0.884, G_A: 1.078, cycle_A: 0.000, D_B: 0.855, G_B: 0.736, cycle_B: 0.000, gp: 0.815

[Rank 0] (epoch: 7, iters: 14848, time: 0.001, data: 0.001) , D_A: 0.894, G_A: 0.868, cycle_A: 0.000, D_B: 0.910, G_B: 1.047, cycle_B: 0.000, gp: 0.877

learning rate 0.0002000 -> 0.0002000
temperature tau = 0.3973
End of epoch 7 / 50 	 Time Taken: 14 sec
[Rank 0] (epoch: 8, iters: 256, time: 0.001, data: 0.001) , D_A: 0.882, G_A: 0.558, cycle_A: 0.000, D_B: 0.850, G_B: 0.823, cycle_B: 0.000, gp: 0.808

[Rank 0] (epoch: 8, iters: 1856, time: 0.001, data: 0.000) , D_A: 0.864, G_A: 0.829, cycle_A: 0.000, D_B: 0.785, G_B: 0.947, cycle_B: 0.000, gp: 0.767

[Rank 0] (epoch: 8, iters: 3456, time: 0.001, data: 0.002) , D_A: 0.851, G_A: 1.009, cycle_A: 0.000, D_B: 0.948, G_B: 0.730, cycle_B: 0.000, gp: 0.906

[Rank 0] (epoch: 8, iters: 5056, time: 0.001, data: 0.001) , D_A: 0.922, G_A: 0.641, cycle_A: 0.000, D_B: 0.802, G_B: 1.046, cycle_B: 0.000, gp: 0.772

--- iter tau=0.3973 ---
  cipher in : cfbc bfb cdbc bafbcbabfbefbdcbabcfbc b fbc bdfb fbcdbdfbffbdfcdb
  decrypted : ae ac e cad ac be a b e fe da b ae ac ce ac de ce ad de ee dead 
  real plain: ad ee ee ca ad cd e ad e c a eead fa ad ee a e a a e ee aded e a
  cipher in : efcff bcfbf baffbcdcbdfbdbdbfbc fbabddfbc bfffbfffb fdccbabffdcb
  decrypted : feaeec ae ec bee ada de d d e ace b dde ac eee eee cedaa b eeda 
  real plain: ea fed bea bea f aa a ec ee e cae afe ea eff c a e e ed ae e ee 
[Rank 0] (epoch: 8, iters: 6656, time: 0.001, data: 0.002) , D_A: 0.871, G_A: 0.974, cycle_A: 0.000, D_B: 0.826, G_B: 0.777, cycle_B: 0.000, gp: 0.788

saving the latest model (epoch 8, total_iters 120000)
[Rank 0] (epoch: 8, iters: 8256, time: 0.001, data: 0.001) , D_A: 0.911, G_A: 0.727, cycle_A: 0.000, D_B: 0.856, G_B: 0.902, cycle_B: 0.000, gp: 0.819

[Rank 0] (epoch: 8, iters: 9856, time: 0.001, data: 0.001) , D_A: 0.811, G_A: 0.817, cycle_A: 0.000, D_B: 0.863, G_B: 0.968, cycle_B: 0.000, gp: 0.839

[Rank 0] (epoch: 8, iters: 11456, time: 0.001, data: 0.001) , D_A: 0.840, G_A: 0.983, cycle_A: 0.000, D_B: 0.871, G_B: 0.892, cycle_B: 0.000, gp: 0.835

[Rank 0] (epoch: 8, iters: 13056, time: 0.001, data: 0.001) , D_A: 0.937, G_A: 1.051, cycle_A: 0.000, D_B: 0.846, G_B: 0.970, cycle_B: 0.000, gp: 0.814

[Rank 0] (epoch: 8, iters: 14656, time: 0.001, data: 0.001) , D_A: 0.852, G_A: 0.764, cycle_A: 0.000, D_B: 0.938, G_B: 1.130, cycle_B: 0.000, gp: 0.883

learning rate 0.0002000 -> 0.0002000
temperature tau = 0.3845
End of epoch 8 / 50 	 Time Taken: 15 sec
[Rank 0] (epoch: 9, iters: 64, time: 0.001, data: 0.001) , D_A: 0.868, G_A: 0.906, cycle_A: 0.000, D_B: 0.851, G_B: 0.720, cycle_B: 0.000, gp: 0.810

[Rank 0] (epoch: 9, iters: 1664, time: 0.001, data: 0.002) , D_A: 0.881, G_A: 0.951, cycle_A: 0.000, D_B: 0.891, G_B: 0.956, cycle_B: 0.000, gp: 0.848

[Rank 0] (epoch: 9, iters: 3264, time: 0.001, data: 0.001) , D_A: 0.785, G_A: 0.904, cycle_A: 0.000, D_B: 0.859, G_B: 0.873, cycle_B: 0.000, gp: 0.819

[Rank 0] (epoch: 9, iters: 4864, time: 0.001, data: 0.001) , D_A: 0.839, G_A: 0.849, cycle_A: 0.000, D_B: 0.811, G_B: 0.968, cycle_B: 0.000, gp: 0.767

[Rank 0] (epoch: 9, iters: 6464, time: 0.001, data: 0.001) , D_A: 0.865, G_A: 0.946, cycle_A: 0.000, D_B: 0.796, G_B: 1.036, cycle_B: 0.000, gp: 0.771

[Rank 0] (epoch: 9, iters: 8064, time: 0.001, data: 0.001) , D_A: 0.861, G_A: 0.938, cycle_A: 0.000, D_B: 0.793, G_B: 0.733, cycle_B: 0.000, gp: 0.773

[Rank 0] (epoch: 9, iters: 9664, time: 0.001, data: 0.001) , D_A: 0.839, G_A: 0.823, cycle_A: 0.000, D_B: 0.904, G_B: 1.044, cycle_B: 0.000, gp: 0.846

[Rank 0] (epoch: 9, iters: 11264, time: 0.001, data: 0.001) , D_A: 0.841, G_A: 0.946, cycle_A: 0.000, D_B: 0.880, G_B: 1.182, cycle_B: 0.000, gp: 0.846

[Rank 0] (epoch: 9, iters: 12864, time: 0.001, data: 0.001) , D_A: 0.900, G_A: 0.770, cycle_A: 0.000, D_B: 0.808, G_B: 0.860, cycle_B: 0.000, gp: 0.760

[Rank 0] (epoch: 9, iters: 14464, time: 0.001, data: 0.001) , D_A: 0.928, G_A: 1.055, cycle_A: 0.000, D_B: 0.876, G_B: 0.658, cycle_B: 0.000, gp: 0.839

[Rank 0] (epoch: 9, iters: 16064, time: 0.001, data: 0.001) , D_A: 0.906, G_A: 0.753, cycle_A: 0.000, D_B: 0.803, G_B: 1.076, cycle_B: 0.000, gp: 0.762

learning rate 0.0002000 -> 0.0002000
temperature tau = 0.3720
End of epoch 9 / 50 	 Time Taken: 14 sec
[Rank 0] (epoch: 10, iters: 1472, time: 0.001, data: 0.001) , D_A: 0.897, G_A: 0.614, cycle_A: 0.000, D_B: 0.885, G_B: 1.029, cycle_B: 0.000, gp: 0.840

[Rank 0] (epoch: 10, iters: 3072, time: 0.001, data: 0.001) , D_A: 0.812, G_A: 0.820, cycle_A: 0.000, D_B: 0.920, G_B: 1.036, cycle_B: 0.000, gp: 0.887

[Rank 0] (epoch: 10, iters: 4672, time: 0.001, data: 0.001) , D_A: 0.874, G_A: 0.791, cycle_A: 0.000, D_B: 0.924, G_B: 1.143, cycle_B: 0.000, gp: 0.867

[Rank 0] (epoch: 10, iters: 6272, time: 0.001, data: 0.001) , D_A: 0.818, G_A: 0.996, cycle_A: 0.000, D_B: 0.907, G_B: 0.853, cycle_B: 0.000, gp: 0.867

[Rank 0] (epoch: 10, iters: 7872, time: 0.001, data: 0.001) , D_A: 0.889, G_A: 0.758, cycle_A: 0.000, D_B: 0.799, G_B: 0.887, cycle_B: 0.000, gp: 0.782

[Rank 0] (epoch: 10, iters: 9472, time: 0.001, data: 0.001) , D_A: 0.901, G_A: 0.971, cycle_A: 0.000, D_B: 0.906, G_B: 0.786, cycle_B: 0.000, gp: 0.886

[Rank 0] (epoch: 10, iters: 11072, time: 0.001, data: 0.001) , D_A: 0.859, G_A: 0.788, cycle_A: 0.000, D_B: 0.858, G_B: 0.898, cycle_B: 0.000, gp: 0.830

[Rank 0] (epoch: 10, iters: 12672, time: 0.001, data: 0.001) , D_A: 0.931, G_A: 0.922, cycle_A: 0.000, D_B: 0.882, G_B: 0.899, cycle_B: 0.000, gp: 0.857

--- iter tau=0.3720 ---
  cipher in : bcfbcfcbc bfbdcbcbffdbc bf bffebcbdcfabfcdbacf bddbabcbabfbfffdb
  decrypted :  ae aea ac e da a eed ac ec eef a daeb ead baec dd b a b e eeed 
  real plain: d ce e e cea e f dee b ced a eee a da b e e be ad ae a c f aa ad
  cipher in : cfbfbabfbfbc bcbfbfbdcbfcbcbdbeeefbeeefbcfbfbebcbfc bc bc bcbcfb
  decrypted : ae e b e e ac a e e da ea a d fffe fffe ae e f a eac ac ac a ae 
  real plain: eeced e d f a eebe c eea a eea ea a ae aaa aeed e a f a eaed eac
[Rank 0] (epoch: 10, iters: 14272, time: 0.001, data: 0.001) , D_A: 0.854, G_A: 0.878, cycle_A: 0.000, D_B: 0.898, G_B: 1.118, cycle_B: 0.000, gp: 0.874

saving the latest model (epoch 10, total_iters 160000)
[Rank 0] (epoch: 10, iters: 15872, time: 0.001, data: 0.001) , D_A: 0.885, G_A: 0.993, cycle_A: 0.000, D_B: 0.744, G_B: 0.850, cycle_B: 0.000, gp: 0.728

learning rate 0.0002000 -> 0.0002000
temperature tau = 0.3600
End of epoch 10 / 50 	 Time Taken: 13 sec
[Rank 0] (epoch: 11, iters: 1280, time: 0.001, data: 0.000) , D_A: 0.938, G_A: 1.062, cycle_A: 0.000, D_B: 0.877, G_B: 0.693, cycle_B: 0.000, gp: 0.844

[Rank 0] (epoch: 11, iters: 2880, time: 0.001, data: 0.001) , D_A: 0.865, G_A: 0.976, cycle_A: 0.000, D_B: 0.888, G_B: 0.797, cycle_B: 0.000, gp: 0.865

[Rank 0] (epoch: 11, iters: 4480, time: 0.001, data: 0.001) , D_A: 0.864, G_A: 0.956, cycle_A: 0.000, D_B: 0.882, G_B: 1.113, cycle_B: 0.000, gp: 0.846

[Rank 0] (epoch: 11, iters: 6080, time: 0.001, data: 0.001) , D_A: 0.847, G_A: 0.870, cycle_A: 0.000, D_B: 0.965, G_B: 1.271, cycle_B: 0.000, gp: 0.866

[Rank 0] (epoch: 11, iters: 7680, time: 0.001, data: 0.001) , D_A: 0.863, G_A: 1.125, cycle_A: 0.000, D_B: 0.898, G_B: 0.636, cycle_B: 0.000, gp: 0.868

[Rank 0] (epoch: 11, iters: 9280, time: 0.001, data: 0.001) , D_A: 0.838, G_A: 0.851, cycle_A: 0.000, D_B: 0.878, G_B: 0.812, cycle_B: 0.000, gp: 0.845

[Rank 0] (epoch: 11, iters: 10880, time: 0.001, data: 0.001) , D_A: 0.899, G_A: 1.000, cycle_A: 0.000, D_B: 0.836, G_B: 0.652, cycle_B: 0.000, gp: 0.771

[Rank 0] (epoch: 11, iters: 12480, time: 0.001, data: 0.001) , D_A: 0.887, G_A: 0.630, cycle_A: 0.000, D_B: 0.926, G_B: 1.148, cycle_B: 0.000, gp: 0.819

[Rank 0] (epoch: 11, iters: 14080, time: 0.001, data: 0.001) , D_A: 0.896, G_A: 1.031, cycle_A: 0.000, D_B: 0.906, G_B: 0.771, cycle_B: 0.000, gp: 0.857

[Rank 0] (epoch: 11, iters: 15680, time: 0.001, data: 0.001) , D_A: 0.903, G_A: 0.950, cycle_A: 0.000, D_B: 0.862, G_B: 1.107, cycle_B: 0.000, gp: 0.825

learning rate 0.0002000 -> 0.0002000
temperature tau = 0.3484
End of epoch 11 / 50 	 Time Taken: 13 sec
[Rank 0] (epoch: 12, iters: 1088, time: 0.001, data: 0.000) , D_A: 0.885, G_A: 0.791, cycle_A: 0.000, D_B: 0.889, G_B: 0.885, cycle_B: 0.000, gp: 0.866

[Rank 0] (epoch: 12, iters: 2688, time: 0.001, data: 0.001) , D_A: 0.826, G_A: 1.030, cycle_A: 0.000, D_B: 0.902, G_B: 0.856, cycle_B: 0.000, gp: 0.873

[Rank 0] (epoch: 12, iters: 4288, time: 0.001, data: 0.001) , D_A: 0.888, G_A: 0.769, cycle_A: 0.000, D_B: 0.892, G_B: 0.888, cycle_B: 0.000, gp: 0.872

[Rank 0] (epoch: 12, iters: 5888, time: 0.001, data: 0.001) , D_A: 0.910, G_A: 0.973, cycle_A: 0.000, D_B: 0.926, G_B: 0.849, cycle_B: 0.000, gp: 0.907

[Rank 0] (epoch: 12, iters: 7488, time: 0.001, data: 0.001) , D_A: 0.884, G_A: 0.872, cycle_A: 0.000, D_B: 0.829, G_B: 1.048, cycle_B: 0.000, gp: 0.799

[Rank 0] (epoch: 12, iters: 9088, time: 0.001, data: 0.001) , D_A: 0.882, G_A: 0.905, cycle_A: 0.000, D_B: 0.873, G_B: 1.053, cycle_B: 0.000, gp: 0.854

[Rank 0] (epoch: 12, iters: 10688, time: 0.001, data: 0.001) , D_A: 0.856, G_A: 0.725, cycle_A: 0.000, D_B: 0.846, G_B: 1.032, cycle_B: 0.000, gp: 0.826

[Rank 0] (epoch: 12, iters: 12288, time: 0.001, data: 0.001) , D_A: 0.881, G_A: 0.947, cycle_A: 0.000, D_B: 0.864, G_B: 0.908, cycle_B: 0.000, gp: 0.850

[Rank 0] (epoch: 12, iters: 13888, time: 0.001, data: 0.001) , D_A: 0.910, G_A: 0.788, cycle_A: 0.000, D_B: 0.838, G_B: 0.936, cycle_B: 0.000, gp: 0.813

[Rank 0] (epoch: 12, iters: 15488, time: 0.001, data: 0.001) , D_A: 0.905, G_A: 0.941, cycle_A: 0.000, D_B: 0.881, G_B: 0.986, cycle_B: 0.000, gp: 0.848

learning rate 0.0002000 -> 0.0002000
temperature tau = 0.3371
End of epoch 12 / 50 	 Time Taken: 13 sec
[Rank 0] (epoch: 13, iters: 896, time: 0.001, data: 0.001) , D_A: 0.940, G_A: 0.681, cycle_A: 0.000, D_B: 0.923, G_B: 0.972, cycle_B: 0.000, gp: 0.899

[Rank 0] (epoch: 13, iters: 2496, time: 0.001, data: 0.000) , D_A: 0.899, G_A: 0.967, cycle_A: 0.000, D_B: 0.785, G_B: 1.052, cycle_B: 0.000, gp: 0.770

[Rank 0] (epoch: 13, iters: 4096, time: 0.001, data: 0.001) , D_A: 0.898, G_A: 0.927, cycle_A: 0.000, D_B: 0.818, G_B: 0.928, cycle_B: 0.000, gp: 0.801

--- iter tau=0.3371 ---
  cipher in : fbebcfbfbfbfbcbfbffbfcef bcf bffdfb fbffb f bebffbcfbcbabfb bacf
  decrypted : e f ae e e e a e ee eafec aec eede ce ee cec f ee ae a b e c bae
  real plain:  cc fa f dca e ae e eae ad eae acce ead f ad e e e ae e ea a ae 
  cipher in : cbfbcbfbdfbdccdfbabfbcfbcbfdcf beb fbfbffbefbdcdfbabccbfbcfbc bc
  decrypted : a e a e de daade b e ae a edaec f ce e ee fe dade b aa e ae ac a
  real plain: a d e ae e e e e ad e e a a e f e ee eee deb ad ea bead a bbae e
[Rank 0] (epoch: 13, iters: 5696, time: 0.001, data: 0.001) , D_A: 0.868, G_A: 0.792, cycle_A: 0.000, D_B: 0.924, G_B: 0.959, cycle_B: 0.000, gp: 0.893

saving the latest model (epoch 13, total_iters 200000)
[Rank 0] (epoch: 13, iters: 7296, time: 0.001, data: 0.001) , D_A: 0.921, G_A: 1.012, cycle_A: 0.000, D_B: 0.942, G_B: 0.815, cycle_B: 0.000, gp: 0.913

[Rank 0] (epoch: 13, iters: 8896, time: 0.001, data: 0.001) , D_A: 0.927, G_A: 0.943, cycle_A: 0.000, D_B: 0.858, G_B: 0.731, cycle_B: 0.000, gp: 0.839

[Rank 0] (epoch: 13, iters: 10496, time: 0.001, data: 0.001) , D_A: 0.883, G_A: 0.881, cycle_A: 0.000, D_B: 0.897, G_B: 0.860, cycle_B: 0.000, gp: 0.881

[Rank 0] (epoch: 13, iters: 12096, time: 0.001, data: 0.001) , D_A: 0.828, G_A: 0.927, cycle_A: 0.000, D_B: 0.870, G_B: 0.988, cycle_B: 0.000, gp: 0.858

[Rank 0] (epoch: 13, iters: 13696, time: 0.001, data: 0.001) , D_A: 0.886, G_A: 0.918, cycle_A: 0.000, D_B: 0.905, G_B: 0.927, cycle_B: 0.000, gp: 0.880

[Rank 0] (epoch: 13, iters: 15296, time: 0.001, data: 0.001) , D_A: 0.867, G_A: 0.748, cycle_A: 0.000, D_B: 0.870, G_B: 0.867, cycle_B: 0.000, gp: 0.846

learning rate 0.0002000 -> 0.0002000
temperature tau = 0.3262
End of epoch 13 / 50 	 Time Taken: 13 sec
[Rank 0] (epoch: 14, iters: 704, time: 0.001, data: 0.001) , D_A: 0.887, G_A: 0.946, cycle_A: 0.000, D_B: 0.896, G_B: 0.951, cycle_B: 0.000, gp: 0.869

[Rank 0] (epoch: 14, iters: 2304, time: 0.001, data: 0.000) , D_A: 0.950, G_A: 1.026, cycle_A: 0.000, D_B: 0.892, G_B: 1.013, cycle_B: 0.000, gp: 0.861

[Rank 0] (epoch: 14, iters: 3904, time: 0.001, data: 0.001) , D_A: 0.844, G_A: 0.815, cycle_A: 0.000, D_B: 0.833, G_B: 0.848, cycle_B: 0.000, gp: 0.813

[Rank 0] (epoch: 14, iters: 5504, time: 0.001, data: 0.001) , D_A: 0.932, G_A: 1.009, cycle_A: 0.000, D_B: 0.920, G_B: 0.876, cycle_B: 0.000, gp: 0.906

[Rank 0] (epoch: 14, iters: 7104, time: 0.001, data: 0.001) , D_A: 0.923, G_A: 0.733, cycle_A: 0.000, D_B: 0.959, G_B: 1.122, cycle_B: 0.000, gp: 0.906

[Rank 0] (epoch: 14, iters: 8704, time: 0.001, data: 0.001) , D_A: 0.970, G_A: 1.004, cycle_A: 0.000, D_B: 0.839, G_B: 0.834, cycle_B: 0.000, gp: 0.824

[Rank 0] (epoch: 14, iters: 10304, time: 0.001, data: 0.001) , D_A: 0.875, G_A: 0.804, cycle_A: 0.000, D_B: 0.841, G_B: 0.957, cycle_B: 0.000, gp: 0.817

[Rank 0] (epoch: 14, iters: 11904, time: 0.001, data: 0.001) , D_A: 0.884, G_A: 1.007, cycle_A: 0.000, D_B: 0.863, G_B: 1.024, cycle_B: 0.000, gp: 0.842

[Rank 0] (epoch: 14, iters: 13504, time: 0.001, data: 0.001) , D_A: 0.914, G_A: 0.634, cycle_A: 0.000, D_B: 0.892, G_B: 0.828, cycle_B: 0.000, gp: 0.867

[Rank 0] (epoch: 14, iters: 15104, time: 0.001, data: 0.001) , D_A: 0.919, G_A: 1.019, cycle_A: 0.000, D_B: 0.905, G_B: 1.219, cycle_B: 0.000, gp: 0.871

learning rate 0.0002000 -> 0.0002000
temperature tau = 0.3157
End of epoch 14 / 50 	 Time Taken: 13 sec
[Rank 0] (epoch: 15, iters: 512, time: 0.001, data: 0.001) , D_A: 0.894, G_A: 0.919, cycle_A: 0.000, D_B: 0.972, G_B: 1.074, cycle_B: 0.000, gp: 0.954

[Rank 0] (epoch: 15, iters: 2112, time: 0.001, data: 0.000) , D_A: 0.894, G_A: 0.833, cycle_A: 0.000, D_B: 0.885, G_B: 0.786, cycle_B: 0.000, gp: 0.856

[Rank 0] (epoch: 15, iters: 3712, time: 0.001, data: 0.001) , D_A: 0.947, G_A: 1.003, cycle_A: 0.000, D_B: 0.891, G_B: 0.774, cycle_B: 0.000, gp: 0.859

[Rank 0] (epoch: 15, iters: 5312, time: 0.001, data: 0.001) , D_A: 0.838, G_A: 0.794, cycle_A: 0.000, D_B: 0.941, G_B: 0.872, cycle_B: 0.000, gp: 0.926

[Rank 0] (epoch: 15, iters: 6912, time: 0.001, data: 0.001) , D_A: 0.935, G_A: 1.110, cycle_A: 0.000, D_B: 0.902, G_B: 1.181, cycle_B: 0.000, gp: 0.853

[Rank 0] (epoch: 15, iters: 8512, time: 0.001, data: 0.001) , D_A: 0.872, G_A: 0.944, cycle_A: 0.000, D_B: 0.834, G_B: 0.778, cycle_B: 0.000, gp: 0.815

[Rank 0] (epoch: 15, iters: 10112, time: 0.001, data: 0.001) , D_A: 0.848, G_A: 0.950, cycle_A: 0.000, D_B: 0.909, G_B: 0.962, cycle_B: 0.000, gp: 0.887

[Rank 0] (epoch: 15, iters: 11712, time: 0.001, data: 0.001) , D_A: 0.894, G_A: 0.972, cycle_A: 0.000, D_B: 0.891, G_B: 0.807, cycle_B: 0.000, gp: 0.871

--- iter tau=0.3157 ---
  cipher in : bfb bffbcbebffcbcebcbcdfbf bcbcfbdfbabfcbc bcf bcfbffbcbcbfdfcba
  decrypted :  e c ee a f eea af a ade ec a ae de b ea ac aec ae ee a a edea b
  real plain: a e a ceed af f beebead befe e bbebee ea e e cae e ee ee ece a e
  cipher in : cdcbfbabfbcfbfbccfbcfbfbdcfbfdfbacfbcbfbecdbfb fdccbab ff fdfbcb
  decrypted : ada e b e ae e aae ae e dae ede bae a e fad e cedaa b ceecede a 
  real plain: ee ecaa f eae e a a ea a ac d a ce a a a e dea a e eece d ae f e
[Rank 0] (epoch: 15, iters: 13312, time: 0.001, data: 0.001) , D_A: 0.898, G_A: 1.097, cycle_A: 0.000, D_B: 0.863, G_B: 0.958, cycle_B: 0.000, gp: 0.853

saving the latest model (epoch 15, total_iters 240000)
[Rank 0] (epoch: 15, iters: 14912, time: 0.001, data: 0.001) , D_A: 0.863, G_A: 0.752, cycle_A: 0.000, D_B: 0.920, G_B: 1.057, cycle_B: 0.000, gp: 0.872

learning rate 0.0002000 -> 0.0002000
temperature tau = 0.3055
End of epoch 15 / 50 	 Time Taken: 15 sec
[Rank 0] (epoch: 16, iters: 320, time: 0.001, data: 0.001) , D_A: 0.930, G_A: 1.085, cycle_A: 0.000, D_B: 0.898, G_B: 0.980, cycle_B: 0.000, gp: 0.881

[Rank 0] (epoch: 16, iters: 1920, time: 0.001, data: 0.001) , D_A: 0.950, G_A: 0.850, cycle_A: 0.000, D_B: 0.879, G_B: 0.979, cycle_B: 0.000, gp: 0.871

[Rank 0] (epoch: 16, iters: 3520, time: 0.001, data: 0.001) , D_A: 0.922, G_A: 0.879, cycle_A: 0.000, D_B: 0.907, G_B: 0.979, cycle_B: 0.000, gp: 0.885

[Rank 0] (epoch: 16, iters: 5120, time: 0.001, data: 0.001) , D_A: 0.827, G_A: 0.933, cycle_A: 0.000, D_B: 0.933, G_B: 0.670, cycle_B: 0.000, gp: 0.899

[Rank 0] (epoch: 16, iters: 6720, time: 0.001, data: 0.001) , D_A: 0.946, G_A: 0.897, cycle_A: 0.000, D_B: 0.961, G_B: 0.891, cycle_B: 0.000, gp: 0.912

[Rank 0] (epoch: 16, iters: 8320, time: 0.001, data: 0.001) , D_A: 0.871, G_A: 0.987, cycle_A: 0.000, D_B: 0.925, G_B: 0.587, cycle_B: 0.000, gp: 0.872

[Rank 0] (epoch: 16, iters: 9920, time: 0.001, data: 0.001) , D_A: 0.902, G_A: 0.696, cycle_A: 0.000, D_B: 0.899, G_B: 1.185, cycle_B: 0.000, gp: 0.857

[Rank 0] (epoch: 16, iters: 11520, time: 0.001, data: 0.001) , D_A: 0.863, G_A: 0.969, cycle_A: 0.000, D_B: 0.852, G_B: 0.731, cycle_B: 0.000, gp: 0.814

[Rank 0] (epoch: 16, iters: 13120, time: 0.001, data: 0.001) , D_A: 0.944, G_A: 1.068, cycle_A: 0.000, D_B: 0.925, G_B: 0.929, cycle_B: 0.000, gp: 0.907

[Rank 0] (epoch: 16, iters: 14720, time: 0.001, data: 0.001) , D_A: 0.929, G_A: 0.945, cycle_A: 0.000, D_B: 0.913, G_B: 0.755, cycle_B: 0.000, gp: 0.904

learning rate 0.0002000 -> 0.0002000
temperature tau = 0.2956
End of epoch 16 / 50 	 Time Taken: 13 sec
[Rank 0] (epoch: 17, iters: 128, time: 0.001, data: 0.001) , D_A: 1.015, G_A: 0.313, cycle_A: 0.000, D_B: 0.959, G_B: 1.026, cycle_B: 0.000, gp: 0.941

[Rank 0] (epoch: 17, iters: 1728, time: 0.001, data: 0.000) , D_A: 0.866, G_A: 0.794, cycle_A: 0.000, D_B: 0.873, G_B: 0.902, cycle_B: 0.000, gp: 0.860

[Rank 0] (epoch: 17, iters: 3328, time: 0.001, data: 0.001) , D_A: 0.876, G_A: 0.923, cycle_A: 0.000, D_B: 0.891, G_B: 1.059, cycle_B: 0.000, gp: 0.878

[Rank 0] (epoch: 17, iters: 4928, time: 0.001, data: 0.001) , D_A: 0.901, G_A: 0.689, cycle_A: 0.000, D_B: 0.886, G_B: 0.898, cycle_B: 0.000, gp: 0.864

[Rank 0] (epoch: 17, iters: 6528, time: 0.001, data: 0.001) , D_A: 0.856, G_A: 0.918, cycle_A: 0.000, D_B: 0.925, G_B: 0.888, cycle_B: 0.000, gp: 0.907

[Rank 0] (epoch: 17, iters: 8128, time: 0.001, data: 0.001) , D_A: 0.886, G_A: 0.678, cycle_A: 0.000, D_B: 0.947, G_B: 1.197, cycle_B: 0.000, gp: 0.910

[Rank 0] (epoch: 17, iters: 9728, time: 0.001, data: 0.001) , D_A: 0.882, G_A: 0.975, cycle_A: 0.000, D_B: 0.818, G_B: 0.751, cycle_B: 0.000, gp: 0.804

[Rank 0] (epoch: 17, iters: 11328, time: 0.001, data: 0.001) , D_A: 0.908, G_A: 0.757, cycle_A: 0.000, D_B: 0.873, G_B: 1.058, cycle_B: 0.000, gp: 0.825

[Rank 0] (epoch: 17, iters: 12928, time: 0.001, data: 0.001) , D_A: 0.895, G_A: 0.806, cycle_A: 0.000, D_B: 0.944, G_B: 1.046, cycle_B: 0.000, gp: 0.872

[Rank 0] (epoch: 17, iters: 14528, time: 0.001, data: 0.001) , D_A: 0.942, G_A: 0.601, cycle_A: 0.000, D_B: 0.943, G_B: 0.894, cycle_B: 0.000, gp: 0.912

[Rank 0] (epoch: 17, iters: 16128, time: 0.001, data: 0.001) , D_A: 0.972, G_A: 1.002, cycle_A: 0.000, D_B: 0.873, G_B: 0.899, cycle_B: 0.000, gp: 0.853

learning rate 0.0002000 -> 0.0002000
temperature tau = 0.2861
End of epoch 17 / 50 	 Time Taken: 13 sec
[Rank 0] (epoch: 18, iters: 1536, time: 0.001, data: 0.000) , D_A: 0.919, G_A: 0.884, cycle_A: 0.000, D_B: 0.890, G_B: 1.041, cycle_B: 0.000, gp: 0.879

[Rank 0] (epoch: 18, iters: 3136, time: 0.001, data: 0.001) , D_A: 0.882, G_A: 0.854, cycle_A: 0.000, D_B: 0.877, G_B: 0.810, cycle_B: 0.000, gp: 0.852

--- iter tau=0.2861 ---
  cipher in : fbf dfbaff bdbcfbd ff bc cb ccbabe fbcbaff bfcbcfbdcaffcbcdfbabd
  decrypted : e ecde beec d ae dceec aca caa b fce a beec ea ae dabeea ade b d
  real plain: e d ee ae ae c f c cae f fa aae e deca dc be aded accd a c ad c 
  cipher in : babccbc bcbcbcdcfbafbabf dcbcbabcbcbcfbdffbfbcbff bcbcbe fbccbc 
  decrypted :  b aa ac a a adae be b ecda a b a a ae dee e a eec a a fce aa ac
  real plain: e ee ad cce a e cad ad ce becae acc ee a f ee eace e a e e a a a
[Rank 0] (epoch: 18, iters: 4736, time: 0.001, data: 0.001) , D_A: 0.888, G_A: 0.901, cycle_A: 0.000, D_B: 0.881, G_B: 1.012, cycle_B: 0.000, gp: 0.863

saving the latest model (epoch 18, total_iters 280000)
[Rank 0] (epoch: 18, iters: 6336, time: 0.001, data: 0.001) , D_A: 0.945, G_A: 0.877, cycle_A: 0.000, D_B: 0.867, G_B: 0.967, cycle_B: 0.000, gp: 0.849

[Rank 0] (epoch: 18, iters: 7936, time: 0.001, data: 0.001) , D_A: 0.941, G_A: 0.915, cycle_A: 0.000, D_B: 0.891, G_B: 0.818, cycle_B: 0.000, gp: 0.861

[Rank 0] (epoch: 18, iters: 9536, time: 0.001, data: 0.001) , D_A: 0.899, G_A: 0.387, cycle_A: 0.000, D_B: 0.877, G_B: 0.895, cycle_B: 0.000, gp: 0.865

[Rank 0] (epoch: 18, iters: 11136, time: 0.001, data: 0.001) , D_A: 0.879, G_A: 0.797, cycle_A: 0.000, D_B: 0.950, G_B: 1.018, cycle_B: 0.000, gp: 0.920

[Rank 0] (epoch: 18, iters: 12736, time: 0.001, data: 0.002) , D_A: 0.877, G_A: 1.028, cycle_A: 0.000, D_B: 0.882, G_B: 0.992, cycle_B: 0.000, gp: 0.871

[Rank 0] (epoch: 18, iters: 14336, time: 0.001, data: 0.001) , D_A: 0.884, G_A: 0.941, cycle_A: 0.000, D_B: 0.913, G_B: 0.837, cycle_B: 0.000, gp: 0.885

[Rank 0] (epoch: 18, iters: 15936, time: 0.001, data: 0.001) , D_A: 0.881, G_A: 0.694, cycle_A: 0.000, D_B: 1.010, G_B: 1.147, cycle_B: 0.000, gp: 0.929

learning rate 0.0002000 -> 0.0002000
temperature tau = 0.2768
End of epoch 18 / 50 	 Time Taken: 14 sec
[Rank 0] (epoch: 19, iters: 1344, time: 0.001, data: 0.000) , D_A: 0.940, G_A: 0.772, cycle_A: 0.000, D_B: 0.946, G_B: 0.982, cycle_B: 0.000, gp: 0.886

[Rank 0] (epoch: 19, iters: 2944, time: 0.001, data: 0.001) , D_A: 0.938, G_A: 1.004, cycle_A: 0.000, D_B: 0.895, G_B: 0.959, cycle_B: 0.000, gp: 0.888

[Rank 0] (epoch: 19, iters: 4544, time: 0.001, data: 0.001) , D_A: 0.915, G_A: 0.989, cycle_A: 0.000, D_B: 0.927, G_B: 0.955, cycle_B: 0.000, gp: 0.911

[Rank 0] (epoch: 19, iters: 6144, time: 0.001, data: 0.001) , D_A: 0.906, G_A: 1.078, cycle_A: 0.000, D_B: 0.937, G_B: 1.134, cycle_B: 0.000, gp: 0.925

[Rank 0] (epoch: 19, iters: 7744, time: 0.001, data: 0.001) , D_A: 0.865, G_A: 0.936, cycle_A: 0.000, D_B: 0.839, G_B: 0.743, cycle_B: 0.000, gp: 0.812

[Rank 0] (epoch: 19, iters: 9344, time: 0.001, data: 0.001) , D_A: 0.930, G_A: 0.982, cycle_A: 0.000, D_B: 0.982, G_B: 1.035, cycle_B: 0.000, gp: 0.921

[Rank 0] (epoch: 19, iters: 10944, time: 0.001, data: 0.001) , D_A: 0.950, G_A: 1.051, cycle_A: 0.000, D_B: 0.954, G_B: 0.951, cycle_B: 0.000, gp: 0.935

[Rank 0] (epoch: 19, iters: 12544, time: 0.001, data: 0.001) , D_A: 0.912, G_A: 0.791, cycle_A: 0.000, D_B: 0.916, G_B: 0.953, cycle_B: 0.000, gp: 0.887

[Rank 0] (epoch: 19, iters: 14144, time: 0.001, data: 0.001) , D_A: 0.945, G_A: 0.861, cycle_A: 0.000, D_B: 1.041, G_B: 0.777, cycle_B: 0.000, gp: 1.033

[Rank 0] (epoch: 19, iters: 15744, time: 0.001, data: 0.001) , D_A: 0.883, G_A: 0.995, cycle_A: 0.000, D_B: 0.888, G_B: 0.928, cycle_B: 0.000, gp: 0.862

learning rate 0.0002000 -> 0.0002000
temperature tau = 0.2679
End of epoch 19 / 50 	 Time Taken: 13 sec
[Rank 0] (epoch: 20, iters: 1152, time: 0.001, data: 0.000) , D_A: 0.939, G_A: 1.019, cycle_A: 0.000, D_B: 0.908, G_B: 0.861, cycle_B: 0.000, gp: 0.892

[Rank 0] (epoch: 20, iters: 2752, time: 0.001, data: 0.001) , D_A: 0.911, G_A: 0.927, cycle_A: 0.000, D_B: 0.900, G_B: 1.081, cycle_B: 0.000, gp: 0.879

[Rank 0] (epoch: 20, iters: 4352, time: 0.001, data: 0.001) , D_A: 0.919, G_A: 0.876, cycle_A: 0.000, D_B: 0.905, G_B: 0.938, cycle_B: 0.000, gp: 0.895

[Rank 0] (epoch: 20, iters: 5952, time: 0.001, data: 0.001) , D_A: 0.888, G_A: 0.918, cycle_A: 0.000, D_B: 0.929, G_B: 0.479, cycle_B: 0.000, gp: 0.847

[Rank 0] (epoch: 20, iters: 7552, time: 0.001, data: 0.001) , D_A: 0.869, G_A: 0.777, cycle_A: 0.000, D_B: 0.885, G_B: 1.028, cycle_B: 0.000, gp: 0.855

[Rank 0] (epoch: 20, iters: 9152, time: 0.001, data: 0.001) , D_A: 0.914, G_A: 0.930, cycle_A: 0.000, D_B: 0.916, G_B: 0.854, cycle_B: 0.000, gp: 0.908

[Rank 0] (epoch: 20, iters: 10752, time: 0.001, data: 0.001) , D_A: 0.867, G_A: 0.824, cycle_A: 0.000, D_B: 0.906, G_B: 0.906, cycle_B: 0.000, gp: 0.891

--- iter tau=0.2679 ---
  cipher in : bfdcbcba bcbfbcfbecdbfcbdb fdefbfbffbc badfbfbfbdcfbabfbdbfdcbdc
  decrypted :  eda a bc a e ae fad ea d cedfe e ee ac bde e e dae b e d eda da
  real plain: d eea e afca f ee f e e f ca ee a d f eeee ee ce aeca fe ced abe
  cipher in : bcbffbfbcbfbffcfbcbdbcbc beffbff f bfbeb dbfbfcbcfbfcbfb cfbcbdc
  decrypted :  a ee e a e eeae a d a ac fee eecec e f cd e ea ae ea e cae a da
  real plain: ca e aa fae bea d a e c e a be e eae f eed e eece abece f a e ee
[Rank 0] (epoch: 20, iters: 12352, time: 0.001, data: 0.001) , D_A: 0.953, G_A: 0.806, cycle_A: 0.000, D_B: 0.859, G_B: 0.845, cycle_B: 0.000, gp: 0.833

saving the latest model (epoch 20, total_iters 320000)
[Rank 0] (epoch: 20, iters: 13952, time: 0.001, data: 0.001) , D_A: 0.934, G_A: 0.837, cycle_A: 0.000, D_B: 0.876, G_B: 1.099, cycle_B: 0.000, gp: 0.859

[Rank 0] (epoch: 20, iters: 15552, time: 0.001, data: 0.001) , D_A: 0.915, G_A: 0.893, cycle_A: 0.000, D_B: 0.883, G_B: 0.904, cycle_B: 0.000, gp: 0.853

learning rate 0.0002000 -> 0.0002000
temperature tau = 0.2592
End of epoch 20 / 50 	 Time Taken: 13 sec
[Rank 0] (epoch: 21, iters: 960, time: 0.001, data: 0.001) , D_A: 0.946, G_A: 0.942, cycle_A: 0.000, D_B: 0.900, G_B: 0.917, cycle_B: 0.000, gp: 0.886

[Rank 0] (epoch: 21, iters: 2560, time: 0.001, data: 0.000) , D_A: 0.853, G_A: 0.778, cycle_A: 0.000, D_B: 0.905, G_B: 0.790, cycle_B: 0.000, gp: 0.888

[Rank 0] (epoch: 21, iters: 4160, time: 0.001, data: 0.001) , D_A: 0.956, G_A: 0.888, cycle_A: 0.000, D_B: 1.000, G_B: 1.117, cycle_B: 0.000, gp: 0.908

[Rank 0] (epoch: 21, iters: 5760, time: 0.001, data: 0.001) , D_A: 0.904, G_A: 1.066, cycle_A: 0.000, D_B: 0.905, G_B: 0.954, cycle_B: 0.000, gp: 0.844

[Rank 0] (epoch: 21, iters: 7360, time: 0.001, data: 0.001) , D_A: 0.919, G_A: 0.901, cycle_A: 0.000, D_B: 0.863, G_B: 0.902, cycle_B: 0.000, gp: 0.853

[Rank 0] (epoch: 21, iters: 8960, time: 0.001, data: 0.001) , D_A: 0.876, G_A: 0.904, cycle_A: 0.000, D_B: 0.902, G_B: 0.954, cycle_B: 0.000, gp: 0.891

[Rank 0] (epoch: 21, iters: 10560, time: 0.001, data: 0.001) , D_A: 0.942, G_A: 0.760, cycle_A: 0.000, D_B: 0.930, G_B: 1.015, cycle_B: 0.000, gp: 0.915

[Rank 0] (epoch: 21, iters: 12160, time: 0.001, data: 0.001) , D_A: 0.871, G_A: 0.981, cycle_A: 0.000, D_B: 0.961, G_B: 1.261, cycle_B: 0.000, gp: 0.884

[Rank 0] (epoch: 21, iters: 13760, time: 0.001, data: 0.001) , D_A: 0.919, G_A: 0.841, cycle_A: 0.000, D_B: 0.911, G_B: 1.183, cycle_B: 0.000, gp: 0.887

[Rank 0] (epoch: 21, iters: 15360, time: 0.001, data: 0.001) , D_A: 0.949, G_A: 0.796, cycle_A: 0.000, D_B: 0.951, G_B: 0.877, cycle_B: 0.000, gp: 0.932

learning rate 0.0002000 -> 0.0002000
temperature tau = 0.2508
End of epoch 21 / 50 	 Time Taken: 13 sec
[Rank 0] (epoch: 22, iters: 768, time: 0.001, data: 0.000) , D_A: 0.931, G_A: 1.016, cycle_A: 0.000, D_B: 0.829, G_B: 0.728, cycle_B: 0.000, gp: 0.815

[Rank 0] (epoch: 22, iters: 2368, time: 0.001, data: 0.000) , D_A: 0.877, G_A: 0.809, cycle_A: 0.000, D_B: 0.967, G_B: 1.173, cycle_B: 0.000, gp: 0.908

[Rank 0] (epoch: 22, iters: 3968, time: 0.001, data: 0.002) , D_A: 0.893, G_A: 0.927, cycle_A: 0.000, D_B: 0.888, G_B: 0.858, cycle_B: 0.000, gp: 0.864

[Rank 0] (epoch: 22, iters: 5568, time: 0.001, data: 0.001) , D_A: 0.860, G_A: 1.007, cycle_A: 0.000, D_B: 0.967, G_B: 0.662, cycle_B: 0.000, gp: 0.926

[Rank 0] (epoch: 22, iters: 7168, time: 0.001, data: 0.002) , D_A: 0.898, G_A: 0.832, cycle_A: 0.000, D_B: 0.941, G_B: 0.740, cycle_B: 0.000, gp: 0.912

[Rank 0] (epoch: 22, iters: 8768, time: 0.001, data: 0.001) , D_A: 0.912, G_A: 0.999, cycle_A: 0.000, D_B: 0.901, G_B: 0.750, cycle_B: 0.000, gp: 0.854

[Rank 0] (epoch: 22, iters: 10368, time: 0.001, data: 0.001) , D_A: 0.928, G_A: 0.821, cycle_A: 0.000, D_B: 0.849, G_B: 0.756, cycle_B: 0.000, gp: 0.826

[Rank 0] (epoch: 22, iters: 11968, time: 0.001, data: 0.001) , D_A: 0.898, G_A: 0.995, cycle_A: 0.000, D_B: 0.986, G_B: 0.687, cycle_B: 0.000, gp: 0.926

[Rank 0] (epoch: 22, iters: 13568, time: 0.001, data: 0.001) , D_A: 0.902, G_A: 1.003, cycle_A: 0.000, D_B: 0.858, G_B: 0.976, cycle_B: 0.000, gp: 0.832

[Rank 0] (epoch: 22, iters: 15168, time: 0.001, data: 0.001) , D_A: 0.945, G_A: 0.917, cycle_A: 0.000, D_B: 0.895, G_B: 0.784, cycle_B: 0.000, gp: 0.871

learning rate 0.0002000 -> 0.0002000
temperature tau = 0.2427
End of epoch 22 / 50 	 Time Taken: 14 sec
[Rank 0] (epoch: 23, iters: 576, time: 0.001, data: 0.001) , D_A: 0.944, G_A: 0.853, cycle_A: 0.000, D_B: 0.901, G_B: 0.709, cycle_B: 0.000, gp: 0.866

[Rank 0] (epoch: 23, iters: 2176, time: 0.001, data: 0.000) , D_A: 0.867, G_A: 0.749, cycle_A: 0.000, D_B: 0.948, G_B: 0.761, cycle_B: 0.000, gp: 0.930

--- iter tau=0.2427 ---
  cipher in : bcfbcbfcbdcdbdbc bcbddcdfbfbffbacbf b fabc bfabaf bfbab cbffbfbf
  decrypted :  ae a ea dad d ac a ddade e ee ba ec ceb ac eb bec e b ca ee e e
  real plain: ded ee e e ebe a e cea a e a ab de a e ede a d d bab ffe f e de 
  cipher in : cbfbdf bfbcbfbfbdbc bdbf bfbccbabfb fbcbcbdbaf bc bcbcdbab bfbdb
  decrypted : a e dec e a e e d ac d ec e aa b e ce a a d bec ac a ad b c e d 
  real plain:  cca a cae c ff e e f e e f e da a f face a ee eed eac c e ec ad
[Rank 0] (epoch: 23, iters: 3776, time: 0.001, data: 0.001) , D_A: 0.894, G_A: 1.023, cycle_A: 0.000, D_B: 0.904, G_B: 0.738, cycle_B: 0.000, gp: 0.863

saving the latest model (epoch 23, total_iters 360000)
[Rank 0] (epoch: 23, iters: 5376, time: 0.001, data: 0.002) , D_A: 0.973, G_A: 1.103, cycle_A: 0.000, D_B: 0.939, G_B: 0.754, cycle_B: 0.000, gp: 0.904

[Rank 0] (epoch: 23, iters: 6976, time: 0.001, data: 0.001) , D_A: 0.865, G_A: 0.921, cycle_A: 0.000, D_B: 0.963, G_B: 0.780, cycle_B: 0.000, gp: 0.951

[Rank 0] (epoch: 23, iters: 8576, time: 0.001, data: 0.001) , D_A: 0.921, G_A: 0.967, cycle_A: 0.000, D_B: 0.954, G_B: 0.828, cycle_B: 0.000, gp: 0.938

[Rank 0] (epoch: 23, iters: 10176, time: 0.001, data: 0.001) , D_A: 0.878, G_A: 1.005, cycle_A: 0.000, D_B: 0.943, G_B: 0.978, cycle_B: 0.000, gp: 0.932

[Rank 0] (epoch: 23, iters: 11776, time: 0.001, data: 0.001) , D_A: 0.953, G_A: 0.759, cycle_A: 0.000, D_B: 0.939, G_B: 0.894, cycle_B: 0.000, gp: 0.911

[Rank 0] (epoch: 23, iters: 13376, time: 0.001, data: 0.001) , D_A: 0.971, G_A: 0.842, cycle_A: 0.000, D_B: 0.913, G_B: 1.129, cycle_B: 0.000, gp: 0.887

[Rank 0] (epoch: 23, iters: 14976, time: 0.001, data: 0.001) , D_A: 0.875, G_A: 0.890, cycle_A: 0.000, D_B: 0.902, G_B: 0.830, cycle_B: 0.000, gp: 0.878

learning rate 0.0002000 -> 0.0002000
temperature tau = 0.2349
End of epoch 23 / 50 	 Time Taken: 13 sec
[Rank 0] (epoch: 24, iters: 384, time: 0.001, data: 0.001) , D_A: 0.964, G_A: 0.948, cycle_A: 0.000, D_B: 0.944, G_B: 0.772, cycle_B: 0.000, gp: 0.929

[Rank 0] (epoch: 24, iters: 1984, time: 0.001, data: 0.000) , D_A: 0.921, G_A: 0.929, cycle_A: 0.000, D_B: 0.921, G_B: 0.643, cycle_B: 0.000, gp: 0.905

[Rank 0] (epoch: 24, iters: 3584, time: 0.001, data: 0.001) , D_A: 0.866, G_A: 0.700, cycle_A: 0.000, D_B: 0.929, G_B: 0.987, cycle_B: 0.000, gp: 0.924

[Rank 0] (epoch: 24, iters: 5184, time: 0.001, data: 0.001) , D_A: 0.925, G_A: 1.033, cycle_A: 0.000, D_B: 0.880, G_B: 0.821, cycle_B: 0.000, gp: 0.866

[Rank 0] (epoch: 24, iters: 6784, time: 0.001, data: 0.001) , D_A: 0.908, G_A: 0.952, cycle_A: 0.000, D_B: 0.956, G_B: 0.663, cycle_B: 0.000, gp: 0.933

[Rank 0] (epoch: 24, iters: 8384, time: 0.001, data: 0.001) , D_A: 0.921, G_A: 0.889, cycle_A: 0.000, D_B: 0.858, G_B: 0.902, cycle_B: 0.000, gp: 0.838

[Rank 0] (epoch: 24, iters: 9984, time: 0.001, data: 0.001) , D_A: 0.933, G_A: 0.988, cycle_A: 0.000, D_B: 0.975, G_B: 0.879, cycle_B: 0.000, gp: 0.957

[Rank 0] (epoch: 24, iters: 11584, time: 0.001, data: 0.001) , D_A: 0.884, G_A: 0.968, cycle_A: 0.000, D_B: 0.913, G_B: 0.762, cycle_B: 0.000, gp: 0.897

[Rank 0] (epoch: 24, iters: 13184, time: 0.001, data: 0.001) , D_A: 0.925, G_A: 0.801, cycle_A: 0.000, D_B: 0.943, G_B: 0.995, cycle_B: 0.000, gp: 0.924

[Rank 0] (epoch: 24, iters: 14784, time: 0.001, data: 0.001) , D_A: 0.998, G_A: 0.592, cycle_A: 0.000, D_B: 0.871, G_B: 0.791, cycle_B: 0.000, gp: 0.856

learning rate 0.0002000 -> 0.0002000
temperature tau = 0.2273
End of epoch 24 / 50 	 Time Taken: 13 sec
[Rank 0] (epoch: 25, iters: 192, time: 0.001, data: 0.001) , D_A: 0.857, G_A: 0.873, cycle_A: 0.000, D_B: 0.968, G_B: 0.277, cycle_B: 0.000, gp: 0.954

[Rank 0] (epoch: 25, iters: 1792, time: 0.001, data: 0.000) , D_A: 0.906, G_A: 0.787, cycle_A: 0.000, D_B: 0.898, G_B: 0.854, cycle_B: 0.000, gp: 0.881

[Rank 0] (epoch: 25, iters: 3392, time: 0.001, data: 0.001) , D_A: 0.922, G_A: 0.922, cycle_A: 0.000, D_B: 0.919, G_B: 1.004, cycle_B: 0.000, gp: 0.899

[Rank 0] (epoch: 25, iters: 4992, time: 0.001, data: 0.001) , D_A: 0.941, G_A: 1.004, cycle_A: 0.000, D_B: 0.919, G_B: 0.981, cycle_B: 0.000, gp: 0.909

[Rank 0] (epoch: 25, iters: 6592, time: 0.001, data: 0.001) , D_A: 0.936, G_A: 0.930, cycle_A: 0.000, D_B: 0.988, G_B: 0.645, cycle_B: 0.000, gp: 0.898

[Rank 0] (epoch: 25, iters: 8192, time: 0.001, data: 0.001) , D_A: 0.920, G_A: 0.851, cycle_A: 0.000, D_B: 0.887, G_B: 0.630, cycle_B: 0.000, gp: 0.858

[Rank 0] (epoch: 25, iters: 9792, time: 0.001, data: 0.001) , D_A: 0.944, G_A: 0.838, cycle_A: 0.000, D_B: 0.963, G_B: 1.022, cycle_B: 0.000, gp: 0.938

--- iter tau=0.2273 ---
  cipher in : c bfbcf bcbcfbabca bcbcf baaffbfbfbfff ba bcf bcbabafbccfbfbabf 
  decrypted : ac e aec a ae b abc a aec bbee e e eeec bc aec a b be aae e b ec
  real plain: a be ac b a ce ae a fe f ee f aa f e caed dfed f ae eeee ae e ea
  cipher in : cbefbdfdf bcbdfbdfbccfbcfbfbfaff babdfbcfbc bafcfbdfbccbccfbefbf
  decrypted : a fe dedec a de de aae ae e ebeec b de ae ac beae de aa aae fe e
  real plain:  f ce c caace ae ee edece a cce f e a be c de aea e acc f b ad a
[Rank 0] (epoch: 25, iters: 11392, time: 0.001, data: 0.001) , D_A: 0.872, G_A: 0.935, cycle_A: 0.000, D_B: 0.912, G_B: 0.997, cycle_B: 0.000, gp: 0.880

saving the latest model (epoch 25, total_iters 400000)
[Rank 0] (epoch: 25, iters: 12992, time: 0.001, data: 0.001) , D_A: 0.893, G_A: 0.871, cycle_A: 0.000, D_B: 0.928, G_B: 0.784, cycle_B: 0.000, gp: 0.898

[Rank 0] (epoch: 25, iters: 14592, time: 0.001, data: 0.001) , D_A: 0.932, G_A: 0.741, cycle_A: 0.000, D_B: 0.884, G_B: 1.091, cycle_B: 0.000, gp: 0.864

[Rank 0] (epoch: 25, iters: 16192, time: 0.001, data: 0.001) , D_A: 0.856, G_A: 0.760, cycle_A: 0.000, D_B: 0.951, G_B: 0.873, cycle_B: 0.000, gp: 0.941

learning rate 0.0002000 -> 0.0002000
temperature tau = 0.2200
End of epoch 25 / 50 	 Time Taken: 13 sec
[Rank 0] (epoch: 26, iters: 1600, time: 0.001, data: 0.132) , D_A: 0.967, G_A: 0.803, cycle_A: 0.000, D_B: 0.893, G_B: 0.889, cycle_B: 0.000, gp: 0.881

[Rank 0] (epoch: 26, iters: 3200, time: 0.001, data: 0.001) , D_A: 0.864, G_A: 1.058, cycle_A: 0.000, D_B: 0.974, G_B: 0.874, cycle_B: 0.000, gp: 0.960

[Rank 0] (epoch: 26, iters: 4800, time: 0.001, data: 0.001) , D_A: 0.975, G_A: 0.818, cycle_A: 0.000, D_B: 0.923, G_B: 0.962, cycle_B: 0.000, gp: 0.908

[Rank 0] (epoch: 26, iters: 6400, time: 0.001, data: 0.001) , D_A: 0.934, G_A: 0.730, cycle_A: 0.000, D_B: 0.936, G_B: 0.993, cycle_B: 0.000, gp: 0.920

[Rank 0] (epoch: 26, iters: 8000, time: 0.001, data: 0.001) , D_A: 0.950, G_A: 1.060, cycle_A: 0.000, D_B: 0.997, G_B: 0.640, cycle_B: 0.000, gp: 0.954

[Rank 0] (epoch: 26, iters: 9600, time: 0.001, data: 0.001) , D_A: 0.953, G_A: 0.998, cycle_A: 0.000, D_B: 0.892, G_B: 0.839, cycle_B: 0.000, gp: 0.873

[Rank 0] (epoch: 26, iters: 11200, time: 0.001, data: 0.001) , D_A: 0.907, G_A: 0.917, cycle_A: 0.000, D_B: 0.924, G_B: 0.888, cycle_B: 0.000, gp: 0.912

[Rank 0] (epoch: 26, iters: 12800, time: 0.001, data: 0.001) , D_A: 0.928, G_A: 0.808, cycle_A: 0.000, D_B: 0.997, G_B: 0.981, cycle_B: 0.000, gp: 0.988

[Rank 0] (epoch: 26, iters: 14400, time: 0.001, data: 0.001) , D_A: 0.976, G_A: 0.681, cycle_A: 0.000, D_B: 0.959, G_B: 0.787, cycle_B: 0.000, gp: 0.934

[Rank 0] (epoch: 26, iters: 16000, time: 0.001, data: 0.001) , D_A: 0.950, G_A: 0.948, cycle_A: 0.000, D_B: 0.913, G_B: 0.965, cycle_B: 0.000, gp: 0.895

learning rate 0.0002000 -> 0.0002000
temperature tau = 0.2129
End of epoch 26 / 50 	 Time Taken: 13 sec
[Rank 0] (epoch: 27, iters: 1408, time: 0.001, data: 0.001) , D_A: 0.901, G_A: 0.935, cycle_A: 0.000, D_B: 0.974, G_B: 1.128, cycle_B: 0.000, gp: 0.936

[Rank 0] (epoch: 27, iters: 3008, time: 0.001, data: 0.001) , D_A: 0.963, G_A: 0.879, cycle_A: 0.000, D_B: 0.933, G_B: 0.939, cycle_B: 0.000, gp: 0.922

[Rank 0] (epoch: 27, iters: 4608, time: 0.001, data: 0.001) , D_A: 0.933, G_A: 0.937, cycle_A: 0.000, D_B: 0.916, G_B: 0.915, cycle_B: 0.000, gp: 0.900

[Rank 0] (epoch: 27, iters: 6208, time: 0.001, data: 0.001) , D_A: 0.941, G_A: 0.993, cycle_A: 0.000, D_B: 0.922, G_B: 0.974, cycle_B: 0.000, gp: 0.911

[Rank 0] (epoch: 27, iters: 7808, time: 0.001, data: 0.001) , D_A: 0.925, G_A: 0.827, cycle_A: 0.000, D_B: 0.991, G_B: 0.908, cycle_B: 0.000, gp: 0.977

[Rank 0] (epoch: 27, iters: 9408, time: 0.001, data: 0.001) , D_A: 0.923, G_A: 0.806, cycle_A: 0.000, D_B: 0.950, G_B: 1.001, cycle_B: 0.000, gp: 0.938

[Rank 0] (epoch: 27, iters: 11008, time: 0.001, data: 0.001) , D_A: 0.940, G_A: 0.942, cycle_A: 0.000, D_B: 0.967, G_B: 0.978, cycle_B: 0.000, gp: 0.947

[Rank 0] (epoch: 27, iters: 12608, time: 0.001, data: 0.001) , D_A: 0.876, G_A: 0.966, cycle_A: 0.000, D_B: 0.914, G_B: 1.050, cycle_B: 0.000, gp: 0.893

[Rank 0] (epoch: 27, iters: 14208, time: 0.001, data: 0.001) , D_A: 0.954, G_A: 0.982, cycle_A: 0.000, D_B: 0.949, G_B: 0.865, cycle_B: 0.000, gp: 0.937

[Rank 0] (epoch: 27, iters: 15808, time: 0.001, data: 0.001) , D_A: 0.976, G_A: 0.858, cycle_A: 0.000, D_B: 0.928, G_B: 0.830, cycle_B: 0.000, gp: 0.907

learning rate 0.0002000 -> 0.0002000
temperature tau = 0.2060
End of epoch 27 / 50 	 Time Taken: 16 sec
[Rank 0] (epoch: 28, iters: 1216, time: 0.001, data: 0.001) , D_A: 0.963, G_A: 0.792, cycle_A: 0.000, D_B: 0.965, G_B: 0.971, cycle_B: 0.000, gp: 0.923

--- iter tau=0.2060 ---
  cipher in : bff bcbdffbabcc cbfbabfbddfbfbc fbddcbaf bfcbc bdfcbfbcbfbcdbfbf
  decrypted :  eec a dee b aaca e b e dde e ace dda bec ea ac dea e a e ad e e
  real plain: ceed e aebe f d a bee a ba f fdaea ee de da ad a ce d f e ea f e
  cipher in : cfdcbdcdbfbf dcbffbdcbefb ebcbfbcfdcbdcdbcddfbfbaf babfbf dcbffb
  decrypted : aeda dad e ecda ee da fe cf a e aeda dad adde e bec b e ecda ee 
  real plain: ad becae a fe f cee a ea bfe f c a ef e c f ee c de e a ee a de 
[Rank 0] (epoch: 28, iters: 2816, time: 0.001, data: 0.001) , D_A: 0.953, G_A: 0.865, cycle_A: 0.000, D_B: 0.950, G_B: 0.515, cycle_B: 0.000, gp: 0.936

saving the latest model (epoch 28, total_iters 440000)
[Rank 0] (epoch: 28, iters: 4416, time: 0.001, data: 0.001) , D_A: 0.955, G_A: 0.795, cycle_A: 0.000, D_B: 0.853, G_B: 0.846, cycle_B: 0.000, gp: 0.844

[Rank 0] (epoch: 28, iters: 6016, time: 0.001, data: 0.001) , D_A: 0.931, G_A: 0.924, cycle_A: 0.000, D_B: 0.968, G_B: 0.968, cycle_B: 0.000, gp: 0.949

[Rank 0] (epoch: 28, iters: 7616, time: 0.001, data: 0.001) , D_A: 0.953, G_A: 0.914, cycle_A: 0.000, D_B: 0.958, G_B: 0.762, cycle_B: 0.000, gp: 0.907

[Rank 0] (epoch: 28, iters: 9216, time: 0.001, data: 0.001) , D_A: 0.948, G_A: 0.909, cycle_A: 0.000, D_B: 0.961, G_B: 0.944, cycle_B: 0.000, gp: 0.935

[Rank 0] (epoch: 28, iters: 10816, time: 0.001, data: 0.001) , D_A: 0.993, G_A: 0.705, cycle_A: 0.000, D_B: 0.920, G_B: 0.996, cycle_B: 0.000, gp: 0.890

[Rank 0] (epoch: 28, iters: 12416, time: 0.001, data: 0.001) , D_A: 0.973, G_A: 1.052, cycle_A: 0.000, D_B: 0.912, G_B: 0.816, cycle_B: 0.000, gp: 0.896

[Rank 0] (epoch: 28, iters: 14016, time: 0.001, data: 0.001) , D_A: 0.927, G_A: 0.844, cycle_A: 0.000, D_B: 0.895, G_B: 1.144, cycle_B: 0.000, gp: 0.866

[Rank 0] (epoch: 28, iters: 15616, time: 0.001, data: 0.001) , D_A: 0.958, G_A: 0.862, cycle_A: 0.000, D_B: 0.918, G_B: 1.031, cycle_B: 0.000, gp: 0.890

learning rate 0.0002000 -> 0.0002000
temperature tau = 0.1993
End of epoch 28 / 50 	 Time Taken: 13 sec
[Rank 0] (epoch: 29, iters: 1024, time: 0.001, data: 0.000) , D_A: 0.981, G_A: 0.955, cycle_A: 0.000, D_B: 0.899, G_B: 0.899, cycle_B: 0.000, gp: 0.889

[Rank 0] (epoch: 29, iters: 2624, time: 0.001, data: 0.000) , D_A: 0.965, G_A: 0.847, cycle_A: 0.000, D_B: 0.923, G_B: 0.928, cycle_B: 0.000, gp: 0.906

[Rank 0] (epoch: 29, iters: 4224, time: 0.001, data: 0.001) , D_A: 0.972, G_A: 0.929, cycle_A: 0.000, D_B: 0.944, G_B: 0.869, cycle_B: 0.000, gp: 0.930

[Rank 0] (epoch: 29, iters: 5824, time: 0.001, data: 0.001) , D_A: 0.965, G_A: 0.852, cycle_A: 0.000, D_B: 1.001, G_B: 0.606, cycle_B: 0.000, gp: 0.945

[Rank 0] (epoch: 29, iters: 7424, time: 0.001, data: 0.001) , D_A: 1.006, G_A: 0.842, cycle_A: 0.000, D_B: 0.952, G_B: 0.889, cycle_B: 0.000, gp: 0.935

[Rank 0] (epoch: 29, iters: 9024, time: 0.001, data: 0.001) , D_A: 0.952, G_A: 0.966, cycle_A: 0.000, D_B: 0.976, G_B: 0.873, cycle_B: 0.000, gp: 0.957

[Rank 0] (epoch: 29, iters: 10624, time: 0.001, data: 0.001) , D_A: 0.949, G_A: 0.910, cycle_A: 0.000, D_B: 0.974, G_B: 1.202, cycle_B: 0.000, gp: 0.933

[Rank 0] (epoch: 29, iters: 12224, time: 0.001, data: 0.001) , D_A: 0.940, G_A: 0.830, cycle_A: 0.000, D_B: 0.918, G_B: 0.983, cycle_B: 0.000, gp: 0.908

[Rank 0] (epoch: 29, iters: 13824, time: 0.001, data: 0.001) , D_A: 0.943, G_A: 0.833, cycle_A: 0.000, D_B: 0.940, G_B: 0.968, cycle_B: 0.000, gp: 0.930

[Rank 0] (epoch: 29, iters: 15424, time: 0.001, data: 0.001) , D_A: 0.871, G_A: 0.890, cycle_A: 0.000, D_B: 0.908, G_B: 0.952, cycle_B: 0.000, gp: 0.894

learning rate 0.0002000 -> 0.0002000
temperature tau = 0.1929
End of epoch 29 / 50 	 Time Taken: 14 sec
[Rank 0] (epoch: 30, iters: 832, time: 0.001, data: 0.000) , D_A: 0.913, G_A: 0.933, cycle_A: 0.000, D_B: 0.953, G_B: 0.791, cycle_B: 0.000, gp: 0.938

[Rank 0] (epoch: 30, iters: 2432, time: 0.001, data: 0.000) , D_A: 0.917, G_A: 0.927, cycle_A: 0.000, D_B: 1.011, G_B: 0.776, cycle_B: 0.000, gp: 0.966

[Rank 0] (epoch: 30, iters: 4032, time: 0.001, data: 0.001) , D_A: 0.960, G_A: 0.969, cycle_A: 0.000, D_B: 0.984, G_B: 0.895, cycle_B: 0.000, gp: 0.961

[Rank 0] (epoch: 30, iters: 5632, time: 0.001, data: 0.001) , D_A: 0.953, G_A: 0.888, cycle_A: 0.000, D_B: 1.012, G_B: 0.689, cycle_B: 0.000, gp: 0.963

[Rank 0] (epoch: 30, iters: 7232, time: 0.001, data: 0.001) , D_A: 0.914, G_A: 0.681, cycle_A: 0.000, D_B: 0.933, G_B: 0.968, cycle_B: 0.000, gp: 0.914

[Rank 0] (epoch: 30, iters: 8832, time: 0.001, data: 0.001) , D_A: 0.938, G_A: 0.896, cycle_A: 0.000, D_B: 0.872, G_B: 0.897, cycle_B: 0.000, gp: 0.845

--- iter tau=0.1929 ---
  cipher in : dfbfbabdfcbcbebacbdfbebabfbfafcbfb bfbfb fb fbfbddcdfbfbfdbabfbf
  decrypted : de e b dea a f ba de f b e ebea e c e e ce ce e ddade e ed b e e
  real plain: e ac e f ad bee aed f eea ea eace e ee a e b ee cceed ab e ea f 
  cipher in : fbabcbfdfbf bfbfcf bcbfba bfb bcbfbdbc b fbfb fbfbafbfbcf bfbdba
  decrypted : e b a ede ec e eaec a e bc e c a e d ac ce e ce e be e aec e d b
  real plain:  fee e ae aed ada a eabe a e ed ae e ee de f ea deae a f a eac e
[Rank 0] (epoch: 30, iters: 10432, time: 0.001, data: 0.001) , D_A: 0.940, G_A: 0.816, cycle_A: 0.000, D_B: 0.917, G_B: 0.849, cycle_B: 0.000, gp: 0.898

saving the latest model (epoch 30, total_iters 480000)
[Rank 0] (epoch: 30, iters: 12032, time: 0.001, data: 0.001) , D_A: 0.947, G_A: 0.825, cycle_A: 0.000, D_B: 0.976, G_B: 0.873, cycle_B: 0.000, gp: 0.951

[Rank 0] (epoch: 30, iters: 13632, time: 0.001, data: 0.001) , D_A: 0.976, G_A: 0.907, cycle_A: 0.000, D_B: 0.969, G_B: 0.831, cycle_B: 0.000, gp: 0.928

[Rank 0] (epoch: 30, iters: 15232, time: 0.001, data: 0.001) , D_A: 0.892, G_A: 0.714, cycle_A: 0.000, D_B: 0.949, G_B: 0.920, cycle_B: 0.000, gp: 0.933

learning rate 0.0002000 -> 0.0002000
temperature tau = 0.1867
End of epoch 30 / 50 	 Time Taken: 13 sec
[Rank 0] (epoch: 31, iters: 640, time: 0.001, data: 0.001) , D_A: 0.888, G_A: 0.935, cycle_A: 0.000, D_B: 1.051, G_B: 0.559, cycle_B: 0.000, gp: 1.030

[Rank 0] (epoch: 31, iters: 2240, time: 0.001, data: 0.000) , D_A: 0.992, G_A: 0.978, cycle_A: 0.000, D_B: 0.934, G_B: 0.931, cycle_B: 0.000, gp: 0.921

[Rank 0] (epoch: 31, iters: 3840, time: 0.001, data: 0.001) , D_A: 0.951, G_A: 0.853, cycle_A: 0.000, D_B: 0.909, G_B: 1.070, cycle_B: 0.000, gp: 0.885

[Rank 0] (epoch: 31, iters: 5440, time: 0.001, data: 0.001) , D_A: 0.982, G_A: 0.914, cycle_A: 0.000, D_B: 0.939, G_B: 0.825, cycle_B: 0.000, gp: 0.920

[Rank 0] (epoch: 31, iters: 7040, time: 0.001, data: 0.001) , D_A: 0.953, G_A: 0.931, cycle_A: 0.000, D_B: 0.907, G_B: 0.867, cycle_B: 0.000, gp: 0.885

[Rank 0] (epoch: 31, iters: 8640, time: 0.001, data: 0.001) , D_A: 0.917, G_A: 0.927, cycle_A: 0.000, D_B: 0.918, G_B: 0.958, cycle_B: 0.000, gp: 0.903

[Rank 0] (epoch: 31, iters: 10240, time: 0.001, data: 0.001) , D_A: 0.957, G_A: 0.850, cycle_A: 0.000, D_B: 0.951, G_B: 0.826, cycle_B: 0.000, gp: 0.927

[Rank 0] (epoch: 31, iters: 11840, time: 0.001, data: 0.001) , D_A: 0.992, G_A: 0.861, cycle_A: 0.000, D_B: 0.970, G_B: 1.077, cycle_B: 0.000, gp: 0.939

[Rank 0] (epoch: 31, iters: 13440, time: 0.001, data: 0.001) , D_A: 0.921, G_A: 0.941, cycle_A: 0.000, D_B: 0.848, G_B: 0.906, cycle_B: 0.000, gp: 0.831

[Rank 0] (epoch: 31, iters: 15040, time: 0.001, data: 0.001) , D_A: 0.950, G_A: 0.957, cycle_A: 0.000, D_B: 0.971, G_B: 0.811, cycle_B: 0.000, gp: 0.949

learning rate 0.0002000 -> 0.0002000
temperature tau = 0.1806
End of epoch 31 / 50 	 Time Taken: 13 sec
[Rank 0] (epoch: 32, iters: 448, time: 0.001, data: 0.001) , D_A: 0.970, G_A: 0.833, cycle_A: 0.000, D_B: 1.000, G_B: 0.900, cycle_B: 0.000, gp: 0.979

[Rank 0] (epoch: 32, iters: 2048, time: 0.001, data: 0.002) , D_A: 0.903, G_A: 0.986, cycle_A: 0.000, D_B: 0.941, G_B: 1.037, cycle_B: 0.000, gp: 0.925

[Rank 0] (epoch: 32, iters: 3648, time: 0.001, data: 0.001) , D_A: 0.924, G_A: 0.932, cycle_A: 0.000, D_B: 0.953, G_B: 0.869, cycle_B: 0.000, gp: 0.933

[Rank 0] (epoch: 32, iters: 5248, time: 0.001, data: 0.001) , D_A: 0.900, G_A: 1.009, cycle_A: 0.000, D_B: 0.935, G_B: 0.878, cycle_B: 0.000, gp: 0.912

[Rank 0] (epoch: 32, iters: 6848, time: 0.001, data: 0.001) , D_A: 0.980, G_A: 1.057, cycle_A: 0.000, D_B: 0.919, G_B: 0.910, cycle_B: 0.000, gp: 0.897

[Rank 0] (epoch: 32, iters: 8448, time: 0.001, data: 0.001) , D_A: 0.947, G_A: 0.829, cycle_A: 0.000, D_B: 0.926, G_B: 0.931, cycle_B: 0.000, gp: 0.913

[Rank 0] (epoch: 32, iters: 10048, time: 0.001, data: 0.001) , D_A: 0.941, G_A: 0.880, cycle_A: 0.000, D_B: 0.981, G_B: 0.945, cycle_B: 0.000, gp: 0.965

[Rank 0] (epoch: 32, iters: 11648, time: 0.001, data: 0.001) , D_A: 0.940, G_A: 0.871, cycle_A: 0.000, D_B: 0.938, G_B: 1.006, cycle_B: 0.000, gp: 0.929

[Rank 0] (epoch: 32, iters: 13248, time: 0.001, data: 0.001) , D_A: 0.952, G_A: 0.826, cycle_A: 0.000, D_B: 0.958, G_B: 0.826, cycle_B: 0.000, gp: 0.936

[Rank 0] (epoch: 32, iters: 14848, time: 0.001, data: 0.001) , D_A: 0.991, G_A: 0.896, cycle_A: 0.000, D_B: 0.958, G_B: 0.742, cycle_B: 0.000, gp: 0.940

learning rate 0.0002000 -> 0.0002000
temperature tau = 0.1748
End of epoch 32 / 50 	 Time Taken: 14 sec
[Rank 0] (epoch: 33, iters: 256, time: 0.001, data: 0.001) , D_A: 0.962, G_A: 0.798, cycle_A: 0.000, D_B: 0.911, G_B: 0.948, cycle_B: 0.000, gp: 0.891

--- iter tau=0.1748 ---
  cipher in : fbaf fcbffb fbc bfcfb cbcfbcbefbfb bfbfbc bcbfbcbcfbcbdffbcfbfb 
  decrypted : e becea ee ce ac eae ca ae a fe e c e e ac a e a ae a dee ae e c
  real plain:  de e ace ba decbe a a fe ac de ad e a deed ae bee a d eca a ece
  cipher in : fbfbfababfbcfdcbcb fbffbfbfbcc bcbcbf cfb f babcdbc ba bfbc bcbc
  decrypted : e e eb b e aeda a ce ee e e aac a a ecae cec b ad ac bc e ac a a
  real plain: ad ad b e eace ad e ea cce e ee f ee a deaed ce f ead de ee ae e
[Rank 0] (epoch: 33, iters: 1856, time: 0.001, data: 0.006) , D_A: 0.939, G_A: 0.948, cycle_A: 0.000, D_B: 1.094, G_B: 0.620, cycle_B: 0.000, gp: 1.079

saving the latest model (epoch 33, total_iters 520000)
[Rank 0] (epoch: 33, iters: 3456, time: 0.001, data: 0.001) , D_A: 0.942, G_A: 1.066, cycle_A: 0.000, D_B: 0.954, G_B: 0.654, cycle_B: 0.000, gp: 0.941

[Rank 0] (epoch: 33, iters: 5056, time: 0.001, data: 0.001) , D_A: 0.922, G_A: 1.012, cycle_A: 0.000, D_B: 0.972, G_B: 0.868, cycle_B: 0.000, gp: 0.955

[Rank 0] (epoch: 33, iters: 6656, time: 0.001, data: 0.001) , D_A: 0.964, G_A: 0.802, cycle_A: 0.000, D_B: 0.976, G_B: 0.849, cycle_B: 0.000, gp: 0.954

[Rank 0] (epoch: 33, iters: 8256, time: 0.001, data: 0.001) , D_A: 0.947, G_A: 0.916, cycle_A: 0.000, D_B: 0.909, G_B: 0.997, cycle_B: 0.000, gp: 0.876

[Rank 0] (epoch: 33, iters: 9856, time: 0.001, data: 0.001) , D_A: 0.883, G_A: 0.996, cycle_A: 0.000, D_B: 0.990, G_B: 1.047, cycle_B: 0.000, gp: 0.960

[Rank 0] (epoch: 33, iters: 11456, time: 0.001, data: 0.001) , D_A: 0.927, G_A: 0.883, cycle_A: 0.000, D_B: 1.147, G_B: 1.251, cycle_B: 0.000, gp: 0.908

[Rank 0] (epoch: 33, iters: 13056, time: 0.001, data: 0.001) , D_A: 0.933, G_A: 0.884, cycle_A: 0.000, D_B: 1.156, G_B: 0.522, cycle_B: 0.000, gp: 0.971

[Rank 0] (epoch: 33, iters: 14656, time: 0.001, data: 0.001) , D_A: 0.973, G_A: 0.902, cycle_A: 0.000, D_B: 0.931, G_B: 0.920, cycle_B: 0.000, gp: 0.907

learning rate 0.0002000 -> 0.0002000
temperature tau = 0.1691
End of epoch 33 / 50 	 Time Taken: 13 sec
[Rank 0] (epoch: 34, iters: 64, time: 0.001, data: 0.001) , D_A: 0.897, G_A: 0.766, cycle_A: 0.000, D_B: 0.970, G_B: 0.748, cycle_B: 0.000, gp: 0.942

[Rank 0] (epoch: 34, iters: 1664, time: 0.001, data: 0.002) , D_A: 0.955, G_A: 0.884, cycle_A: 0.000, D_B: 0.920, G_B: 0.633, cycle_B: 0.000, gp: 0.904

[Rank 0] (epoch: 34, iters: 3264, time: 0.001, data: 0.002) , D_A: 0.916, G_A: 0.871, cycle_A: 0.000, D_B: 0.954, G_B: 0.972, cycle_B: 0.000, gp: 0.946

[Rank 0] (epoch: 34, iters: 4864, time: 0.001, data: 0.001) , D_A: 1.007, G_A: 0.956, cycle_A: 0.000, D_B: 0.998, G_B: 0.884, cycle_B: 0.000, gp: 0.975

[Rank 0] (epoch: 34, iters: 6464, time: 0.001, data: 0.001) , D_A: 0.976, G_A: 0.978, cycle_A: 0.000, D_B: 0.962, G_B: 0.939, cycle_B: 0.000, gp: 0.951

[Rank 0] (epoch: 34, iters: 8064, time: 0.001, data: 0.001) , D_A: 0.881, G_A: 0.961, cycle_A: 0.000, D_B: 0.971, G_B: 0.864, cycle_B: 0.000, gp: 0.957

[Rank 0] (epoch: 34, iters: 9664, time: 0.001, data: 0.001) , D_A: 0.904, G_A: 0.866, cycle_A: 0.000, D_B: 0.962, G_B: 0.919, cycle_B: 0.000, gp: 0.949

[Rank 0] (epoch: 34, iters: 11264, time: 0.001, data: 0.001) , D_A: 0.951, G_A: 0.979, cycle_A: 0.000, D_B: 0.946, G_B: 0.839, cycle_B: 0.000, gp: 0.933

[Rank 0] (epoch: 34, iters: 12864, time: 0.001, data: 0.001) , D_A: 0.948, G_A: 0.707, cycle_A: 0.000, D_B: 0.982, G_B: 1.098, cycle_B: 0.000, gp: 0.951

[Rank 0] (epoch: 34, iters: 14464, time: 0.001, data: 0.001) , D_A: 0.942, G_A: 0.967, cycle_A: 0.000, D_B: 0.939, G_B: 0.880, cycle_B: 0.000, gp: 0.922

[Rank 0] (epoch: 34, iters: 16064, time: 0.001, data: 0.001) , D_A: 0.988, G_A: 0.903, cycle_A: 0.000, D_B: 1.026, G_B: 0.660, cycle_B: 0.000, gp: 1.008

learning rate 0.0002000 -> 0.0002000
temperature tau = 0.1637
End of epoch 34 / 50 	 Time Taken: 13 sec
[Rank 0] (epoch: 35, iters: 1472, time: 0.001, data: 0.001) , D_A: 0.988, G_A: 0.926, cycle_A: 0.000, D_B: 0.990, G_B: 1.204, cycle_B: 0.000, gp: 0.955

[Rank 0] (epoch: 35, iters: 3072, time: 0.001, data: 0.001) , D_A: 0.981, G_A: 0.879, cycle_A: 0.000, D_B: 0.956, G_B: 0.837, cycle_B: 0.000, gp: 0.938

[Rank 0] (epoch: 35, iters: 4672, time: 0.001, data: 0.001) , D_A: 0.975, G_A: 0.783, cycle_A: 0.000, D_B: 0.921, G_B: 0.908, cycle_B: 0.000, gp: 0.904

[Rank 0] (epoch: 35, iters: 6272, time: 0.001, data: 0.001) , D_A: 0.855, G_A: 0.888, cycle_A: 0.000, D_B: 0.954, G_B: 0.922, cycle_B: 0.000, gp: 0.941

[Rank 0] (epoch: 35, iters: 7872, time: 0.001, data: 0.001) , D_A: 1.036, G_A: 0.822, cycle_A: 0.000, D_B: 0.990, G_B: 0.839, cycle_B: 0.000, gp: 0.972

--- iter tau=0.1637 ---
  cipher in : cfbabfbcbabfbcbfbfdfcbd bfbdcbfbafbc bababdecbfbefbabccbdbfb  fb
  decrypted : ae b e a b e a e edea dc e da e be ac b b dfa e fe b aa d e cce 
  real plain:  e dead ad b ca f e ee ed ae a bd cea b fee ee e b a dbaed e ece
  cipher in : bfdbfdbfbcbabcbfbcbdbedbc bcf b fbcbffcbcf bfbefbcbc bfbd bfcbfb
  decrypted :  ed ed e a b a e a d fd ac aec ce a eea aec e fe a ac e dc ea e 
  real plain: d ebbe e ede ede d ee daed e a fe da a ad c fe ded da ad a cada 
[Rank 0] (epoch: 35, iters: 9472, time: 0.001, data: 0.001) , D_A: 0.924, G_A: 0.927, cycle_A: 0.000, D_B: 0.952, G_B: 0.807, cycle_B: 0.000, gp: 0.931

saving the latest model (epoch 35, total_iters 560000)
[Rank 0] (epoch: 35, iters: 11072, time: 0.001, data: 0.001) , D_A: 0.958, G_A: 0.883, cycle_A: 0.000, D_B: 0.897, G_B: 1.066, cycle_B: 0.000, gp: 0.877

[Rank 0] (epoch: 35, iters: 12672, time: 0.001, data: 0.001) , D_A: 0.996, G_A: 0.842, cycle_A: 0.000, D_B: 0.938, G_B: 0.956, cycle_B: 0.000, gp: 0.912

[Rank 0] (epoch: 35, iters: 14272, time: 0.001, data: 0.001) , D_A: 0.951, G_A: 0.997, cycle_A: 0.000, D_B: 0.969, G_B: 0.699, cycle_B: 0.000, gp: 0.944

[Rank 0] (epoch: 35, iters: 15872, time: 0.001, data: 0.001) , D_A: 0.893, G_A: 0.943, cycle_A: 0.000, D_B: 0.942, G_B: 0.932, cycle_B: 0.000, gp: 0.932

learning rate 0.0002000 -> 0.0002000
temperature tau = 0.1584
End of epoch 35 / 50 	 Time Taken: 13 sec
[Rank 0] (epoch: 36, iters: 1280, time: 0.001, data: 0.001) , D_A: 0.997, G_A: 0.892, cycle_A: 0.000, D_B: 0.965, G_B: 0.998, cycle_B: 0.000, gp: 0.952

[Rank 0] (epoch: 36, iters: 2880, time: 0.001, data: 0.001) , D_A: 0.941, G_A: 1.001, cycle_A: 0.000, D_B: 0.951, G_B: 0.881, cycle_B: 0.000, gp: 0.930

[Rank 0] (epoch: 36, iters: 4480, time: 0.001, data: 0.001) , D_A: 0.957, G_A: 0.940, cycle_A: 0.000, D_B: 0.955, G_B: 0.789, cycle_B: 0.000, gp: 0.934

[Rank 0] (epoch: 36, iters: 6080, time: 0.001, data: 0.001) , D_A: 0.960, G_A: 0.970, cycle_A: 0.000, D_B: 1.059, G_B: 0.572, cycle_B: 0.000, gp: 0.938

[Rank 0] (epoch: 36, iters: 7680, time: 0.001, data: 0.001) , D_A: 0.904, G_A: 0.954, cycle_A: 0.000, D_B: 0.940, G_B: 1.015, cycle_B: 0.000, gp: 0.900

[Rank 0] (epoch: 36, iters: 9280, time: 0.001, data: 0.001) , D_A: 0.857, G_A: 0.786, cycle_A: 0.000, D_B: 0.956, G_B: 0.862, cycle_B: 0.000, gp: 0.939

[Rank 0] (epoch: 36, iters: 10880, time: 0.001, data: 0.001) , D_A: 0.990, G_A: 0.977, cycle_A: 0.000, D_B: 1.006, G_B: 0.986, cycle_B: 0.000, gp: 0.980

[Rank 0] (epoch: 36, iters: 12480, time: 0.001, data: 0.001) , D_A: 0.962, G_A: 0.828, cycle_A: 0.000, D_B: 0.965, G_B: 0.913, cycle_B: 0.000, gp: 0.945

[Rank 0] (epoch: 36, iters: 14080, time: 0.001, data: 0.001) , D_A: 0.950, G_A: 0.923, cycle_A: 0.000, D_B: 0.905, G_B: 0.873, cycle_B: 0.000, gp: 0.890

[Rank 0] (epoch: 36, iters: 15680, time: 0.001, data: 0.001) , D_A: 0.908, G_A: 0.798, cycle_A: 0.000, D_B: 0.983, G_B: 0.944, cycle_B: 0.000, gp: 0.954

learning rate 0.0002000 -> 0.0002000
temperature tau = 0.1533
End of epoch 36 / 50 	 Time Taken: 13 sec
[Rank 0] (epoch: 37, iters: 1088, time: 0.001, data: 0.000) , D_A: 0.939, G_A: 0.746, cycle_A: 0.000, D_B: 0.968, G_B: 0.909, cycle_B: 0.000, gp: 0.960

[Rank 0] (epoch: 37, iters: 2688, time: 0.001, data: 0.001) , D_A: 0.925, G_A: 0.897, cycle_A: 0.000, D_B: 0.979, G_B: 0.750, cycle_B: 0.000, gp: 0.954

[Rank 0] (epoch: 37, iters: 4288, time: 0.001, data: 0.001) , D_A: 0.971, G_A: 0.969, cycle_A: 0.000, D_B: 0.973, G_B: 0.804, cycle_B: 0.000, gp: 0.949

[Rank 0] (epoch: 37, iters: 5888, time: 0.001, data: 0.002) , D_A: 0.967, G_A: 0.940, cycle_A: 0.000, D_B: 0.965, G_B: 0.844, cycle_B: 0.000, gp: 0.926

[Rank 0] (epoch: 37, iters: 7488, time: 0.001, data: 0.001) , D_A: 0.957, G_A: 0.914, cycle_A: 0.000, D_B: 0.959, G_B: 0.781, cycle_B: 0.000, gp: 0.931

[Rank 0] (epoch: 37, iters: 9088, time: 0.001, data: 0.001) , D_A: 0.930, G_A: 0.925, cycle_A: 0.000, D_B: 0.950, G_B: 0.951, cycle_B: 0.000, gp: 0.940

[Rank 0] (epoch: 37, iters: 10688, time: 0.001, data: 0.001) , D_A: 0.899, G_A: 0.943, cycle_A: 0.000, D_B: 0.938, G_B: 0.810, cycle_B: 0.000, gp: 0.921

[Rank 0] (epoch: 37, iters: 12288, time: 0.001, data: 0.001) , D_A: 0.979, G_A: 0.896, cycle_A: 0.000, D_B: 0.985, G_B: 0.927, cycle_B: 0.000, gp: 0.973

[Rank 0] (epoch: 37, iters: 13888, time: 0.001, data: 0.001) , D_A: 0.935, G_A: 0.825, cycle_A: 0.000, D_B: 0.934, G_B: 0.932, cycle_B: 0.000, gp: 0.913

[Rank 0] (epoch: 37, iters: 15488, time: 0.001, data: 0.001) , D_A: 0.994, G_A: 0.865, cycle_A: 0.000, D_B: 0.949, G_B: 0.893, cycle_B: 0.000, gp: 0.926

learning rate 0.0002000 -> 0.0002000
temperature tau = 0.1483
End of epoch 37 / 50 	 Time Taken: 14 sec
--- iter tau=0.1483 ---
  cipher in : fbabfbfbfbdef bcbdbcbfbd bfbe bfbefbabfb babfabcbcb fdcfbecc fbc
  decrypted : e b e e e dfec a d a e dc e fc e fe b e c b eb a a cedae faace a
  real plain:  ee f e ad ae ae be ceae f e ae b ae e e a e e e b a ee e a ee a
  cipher in : bdbabcbcbcbffcbfcbdbabddbefbcbab bc bfbfbebcbefffbcbfbc cdfbabfb
  decrypted :  d b a a a eea ea d b dd fe a b c ac e e f a feee a e acade b e 
  real plain:  a fa f e ae c ec ad e add a e a ad ad e ad c a e e aeed ee ae b
[Rank 0] (epoch: 38, iters: 896, time: 0.001, data: 0.001) , D_A: 0.980, G_A: 0.741, cycle_A: 0.000, D_B: 0.970, G_B: 0.800, cycle_B: 0.000, gp: 0.942

saving the latest model (epoch 38, total_iters 600000)
[Rank 0] (epoch: 38, iters: 2496, time: 0.001, data: 0.000) , D_A: 0.951, G_A: 0.900, cycle_A: 0.000, D_B: 0.983, G_B: 0.956, cycle_B: 0.000, gp: 0.961

[Rank 0] (epoch: 38, iters: 4096, time: 0.001, data: 0.001) , D_A: 0.964, G_A: 0.749, cycle_A: 0.000, D_B: 0.974, G_B: 0.909, cycle_B: 0.000, gp: 0.954

[Rank 0] (epoch: 38, iters: 5696, time: 0.001, data: 0.001) , D_A: 0.995, G_A: 0.920, cycle_A: 0.000, D_B: 0.915, G_B: 0.846, cycle_B: 0.000, gp: 0.894

[Rank 0] (epoch: 38, iters: 7296, time: 0.001, data: 0.001) , D_A: 0.944, G_A: 0.838, cycle_A: 0.000, D_B: 0.991, G_B: 0.810, cycle_B: 0.000, gp: 0.968

[Rank 0] (epoch: 38, iters: 8896, time: 0.001, data: 0.001) , D_A: 0.910, G_A: 0.689, cycle_A: 0.000, D_B: 0.995, G_B: 0.893, cycle_B: 0.000, gp: 0.967

[Rank 0] (epoch: 38, iters: 10496, time: 0.001, data: 0.001) , D_A: 0.998, G_A: 0.971, cycle_A: 0.000, D_B: 0.974, G_B: 0.941, cycle_B: 0.000, gp: 0.947

[Rank 0] (epoch: 38, iters: 12096, time: 0.001, data: 0.001) , D_A: 0.982, G_A: 0.946, cycle_A: 0.000, D_B: 0.963, G_B: 0.828, cycle_B: 0.000, gp: 0.934

[Rank 0] (epoch: 38, iters: 13696, time: 0.001, data: 0.001) , D_A: 0.973, G_A: 0.882, cycle_A: 0.000, D_B: 0.952, G_B: 0.885, cycle_B: 0.000, gp: 0.926

[Rank 0] (epoch: 38, iters: 15296, time: 0.001, data: 0.001) , D_A: 0.944, G_A: 1.009, cycle_A: 0.000, D_B: 0.970, G_B: 0.836, cycle_B: 0.000, gp: 0.946

learning rate 0.0002000 -> 0.0002000
temperature tau = 0.1435
End of epoch 38 / 50 	 Time Taken: 13 sec
[Rank 0] (epoch: 39, iters: 704, time: 0.001, data: 0.001) , D_A: 0.953, G_A: 0.778, cycle_A: 0.000, D_B: 1.002, G_B: 0.731, cycle_B: 0.000, gp: 0.969

[Rank 0] (epoch: 39, iters: 2304, time: 0.001, data: 0.000) , D_A: 0.978, G_A: 0.790, cycle_A: 0.000, D_B: 0.981, G_B: 0.792, cycle_B: 0.000, gp: 0.956

[Rank 0] (epoch: 39, iters: 3904, time: 0.001, data: 0.001) , D_A: 0.939, G_A: 0.922, cycle_A: 0.000, D_B: 0.960, G_B: 0.997, cycle_B: 0.000, gp: 0.932

[Rank 0] (epoch: 39, iters: 5504, time: 0.001, data: 0.001) , D_A: 0.978, G_A: 0.883, cycle_A: 0.000, D_B: 0.953, G_B: 0.823, cycle_B: 0.000, gp: 0.929

[Rank 0] (epoch: 39, iters: 7104, time: 0.001, data: 0.001) , D_A: 1.021, G_A: 0.856, cycle_A: 0.000, D_B: 0.951, G_B: 1.002, cycle_B: 0.000, gp: 0.912

[Rank 0] (epoch: 39, iters: 8704, time: 0.001, data: 0.001) , D_A: 0.973, G_A: 0.926, cycle_A: 0.000, D_B: 0.954, G_B: 0.830, cycle_B: 0.000, gp: 0.929

[Rank 0] (epoch: 39, iters: 10304, time: 0.001, data: 0.001) , D_A: 0.947, G_A: 0.681, cycle_A: 0.000, D_B: 0.963, G_B: 0.909, cycle_B: 0.000, gp: 0.939

[Rank 0] (epoch: 39, iters: 11904, time: 0.001, data: 0.001) , D_A: 0.936, G_A: 0.908, cycle_A: 0.000, D_B: 0.975, G_B: 0.967, cycle_B: 0.000, gp: 0.964

[Rank 0] (epoch: 39, iters: 13504, time: 0.001, data: 0.001) , D_A: 0.982, G_A: 0.778, cycle_A: 0.000, D_B: 1.005, G_B: 0.931, cycle_B: 0.000, gp: 0.984

[Rank 0] (epoch: 39, iters: 15104, time: 0.001, data: 0.001) , D_A: 1.003, G_A: 0.804, cycle_A: 0.000, D_B: 0.968, G_B: 0.877, cycle_B: 0.000, gp: 0.955

learning rate 0.0002000 -> 0.0002000
temperature tau = 0.1389
End of epoch 39 / 50 	 Time Taken: 14 sec
[Rank 0] (epoch: 40, iters: 512, time: 0.001, data: 0.001) , D_A: 0.973, G_A: 0.856, cycle_A: 0.000, D_B: 0.942, G_B: 0.850, cycle_B: 0.000, gp: 0.927

[Rank 0] (epoch: 40, iters: 2112, time: 0.001, data: 0.000) , D_A: 0.930, G_A: 0.881, cycle_A: 0.000, D_B: 0.993, G_B: 0.725, cycle_B: 0.000, gp: 0.956

[Rank 0] (epoch: 40, iters: 3712, time: 0.001, data: 0.001) , D_A: 0.895, G_A: 0.781, cycle_A: 0.000, D_B: 0.936, G_B: 0.840, cycle_B: 0.000, gp: 0.920

[Rank 0] (epoch: 40, iters: 5312, time: 0.001, data: 0.001) , D_A: 0.975, G_A: 1.067, cycle_A: 0.000, D_B: 0.976, G_B: 1.036, cycle_B: 0.000, gp: 0.933

[Rank 0] (epoch: 40, iters: 6912, time: 0.001, data: 0.001) , D_A: 0.883, G_A: 0.894, cycle_A: 0.000, D_B: 0.974, G_B: 0.706, cycle_B: 0.000, gp: 0.953

--- iter tau=0.1389 ---
  cipher in : bddfbffbfcbfbcddcbfafbcbfbcfbdfcb dcfbcbdbfcbdcbdefbcb fbfbff bc
  decrypted :  dde ee ea e adda ebe a e ae dea cdae a d ea da dfe a ce e eec a
  real plain:  a a cec f ee daa aaed c ad c eece ad ae ded f a e e e fee ad ac
  cipher in : befffbfbdffbc bfbc cbebfbefbabdffb ffbfbcbcffbabfbfdcfbab fcbeff
  decrypted :  feee e dee ac e aca f e fe b dee cee e a aee b e edae b cea fee
  real plain: e bac ee ae e a f e e ed be a ab e e e e b bd d ec abe cd e da a
[Rank 0] (epoch: 40, iters: 8512, time: 0.001, data: 0.001) , D_A: 0.947, G_A: 0.931, cycle_A: 0.000, D_B: 0.964, G_B: 0.885, cycle_B: 0.000, gp: 0.943

saving the latest model (epoch 40, total_iters 640000)
[Rank 0] (epoch: 40, iters: 10112, time: 0.001, data: 0.001) , D_A: 0.945, G_A: 0.844, cycle_A: 0.000, D_B: 0.983, G_B: 0.805, cycle_B: 0.000, gp: 0.967

[Rank 0] (epoch: 40, iters: 11712, time: 0.001, data: 0.001) , D_A: 0.922, G_A: 0.921, cycle_A: 0.000, D_B: 1.032, G_B: 0.806, cycle_B: 0.000, gp: 1.015

[Rank 0] (epoch: 40, iters: 13312, time: 0.001, data: 0.001) , D_A: 0.994, G_A: 0.722, cycle_A: 0.000, D_B: 0.942, G_B: 0.963, cycle_B: 0.000, gp: 0.926

[Rank 0] (epoch: 40, iters: 14912, time: 0.001, data: 0.001) , D_A: 0.982, G_A: 0.875, cycle_A: 0.000, D_B: 0.950, G_B: 0.768, cycle_B: 0.000, gp: 0.920

learning rate 0.0002000 -> 0.0001818
temperature tau = 0.1344
End of epoch 40 / 50 	 Time Taken: 13 sec
[Rank 0] (epoch: 41, iters: 320, time: 0.001, data: 0.001) , D_A: 1.000, G_A: 0.729, cycle_A: 0.000, D_B: 0.966, G_B: 0.653, cycle_B: 0.000, gp: 0.938

[Rank 0] (epoch: 41, iters: 1920, time: 0.001, data: 0.003) , D_A: 0.983, G_A: 0.812, cycle_A: 0.000, D_B: 0.979, G_B: 0.939, cycle_B: 0.000, gp: 0.961

[Rank 0] (epoch: 41, iters: 3520, time: 0.001, data: 0.001) , D_A: 0.910, G_A: 0.819, cycle_A: 0.000, D_B: 0.971, G_B: 0.938, cycle_B: 0.000, gp: 0.958

[Rank 0] (epoch: 41, iters: 5120, time: 0.001, data: 0.001) , D_A: 0.927, G_A: 0.838, cycle_A: 0.000, D_B: 0.951, G_B: 0.932, cycle_B: 0.000, gp: 0.942

[Rank 0] (epoch: 41, iters: 6720, time: 0.001, data: 0.001) , D_A: 0.972, G_A: 0.831, cycle_A: 0.000, D_B: 0.950, G_B: 0.750, cycle_B: 0.000, gp: 0.925

[Rank 0] (epoch: 41, iters: 8320, time: 0.001, data: 0.001) , D_A: 0.955, G_A: 0.911, cycle_A: 0.000, D_B: 0.957, G_B: 0.775, cycle_B: 0.000, gp: 0.931

[Rank 0] (epoch: 41, iters: 9920, time: 0.001, data: 0.001) , D_A: 0.987, G_A: 0.806, cycle_A: 0.000, D_B: 0.942, G_B: 0.936, cycle_B: 0.000, gp: 0.916

[Rank 0] (epoch: 41, iters: 11520, time: 0.001, data: 0.001) , D_A: 0.911, G_A: 0.780, cycle_A: 0.000, D_B: 1.006, G_B: 0.926, cycle_B: 0.000, gp: 0.988

[Rank 0] (epoch: 41, iters: 13120, time: 0.001, data: 0.001) , D_A: 0.986, G_A: 0.908, cycle_A: 0.000, D_B: 1.001, G_B: 0.869, cycle_B: 0.000, gp: 0.985

[Rank 0] (epoch: 41, iters: 14720, time: 0.001, data: 0.001) , D_A: 0.985, G_A: 0.964, cycle_A: 0.000, D_B: 0.952, G_B: 1.044, cycle_B: 0.000, gp: 0.940

learning rate 0.0001818 -> 0.0001636
temperature tau = 0.1301
End of epoch 41 / 50 	 Time Taken: 13 sec
[Rank 0] (epoch: 42, iters: 128, time: 0.001, data: 0.001) , D_A: 0.997, G_A: 0.883, cycle_A: 0.000, D_B: 1.020, G_B: 0.978, cycle_B: 0.000, gp: 0.980

[Rank 0] (epoch: 42, iters: 1728, time: 0.001, data: 0.000) , D_A: 1.021, G_A: 0.917, cycle_A: 0.000, D_B: 0.914, G_B: 0.829, cycle_B: 0.000, gp: 0.883

[Rank 0] (epoch: 42, iters: 3328, time: 0.001, data: 0.001) , D_A: 1.011, G_A: 0.895, cycle_A: 0.000, D_B: 0.965, G_B: 0.825, cycle_B: 0.000, gp: 0.955

[Rank 0] (epoch: 42, iters: 4928, time: 0.001, data: 0.001) , D_A: 0.964, G_A: 0.858, cycle_A: 0.000, D_B: 0.960, G_B: 0.873, cycle_B: 0.000, gp: 0.939

[Rank 0] (epoch: 42, iters: 6528, time: 0.001, data: 0.001) , D_A: 0.965, G_A: 0.965, cycle_A: 0.000, D_B: 0.993, G_B: 0.914, cycle_B: 0.000, gp: 0.981

[Rank 0] (epoch: 42, iters: 8128, time: 0.001, data: 0.001) , D_A: 1.005, G_A: 0.860, cycle_A: 0.000, D_B: 0.976, G_B: 0.729, cycle_B: 0.000, gp: 0.952

[Rank 0] (epoch: 42, iters: 9728, time: 0.001, data: 0.001) , D_A: 0.968, G_A: 0.815, cycle_A: 0.000, D_B: 0.995, G_B: 0.803, cycle_B: 0.000, gp: 0.949

[Rank 0] (epoch: 42, iters: 11328, time: 0.001, data: 0.001) , D_A: 0.944, G_A: 0.906, cycle_A: 0.000, D_B: 0.924, G_B: 0.835, cycle_B: 0.000, gp: 0.911

[Rank 0] (epoch: 42, iters: 12928, time: 0.001, data: 0.001) , D_A: 1.022, G_A: 0.978, cycle_A: 0.000, D_B: 0.988, G_B: 1.011, cycle_B: 0.000, gp: 0.967

[Rank 0] (epoch: 42, iters: 14528, time: 0.001, data: 0.001) , D_A: 1.003, G_A: 0.639, cycle_A: 0.000, D_B: 0.883, G_B: 0.898, cycle_B: 0.000, gp: 0.866

--- iter tau=0.1301 ---
  cipher in : cfbfbcdbfbffcfbabdbcbfcbfbcbfb bdcbdff f bcbfb bcbacdbdffbfbcbcb
  decrypted : ae e ad e eeae b d a ea e a e c da deecec a e c a bad dee e a a 
  real plain:  a a f a e aa e f e abe aae feed c a ee ee feede cae a f eae da 
  cipher in : ab bcbadcbcbabcbabfbfbcbfcbcb ffbcbabfbfbfcdbc fdfbcebcababfbcfb
  decrypted : b c a bda a b a b e e a ea a cee a b e e ead acede af ab b e ae 
  real plain: d bad e e d ab e caff eac e eca e bcee c cad eae e ad ded e face
[Rank 0] (epoch: 42, iters: 16128, time: 0.001, data: 0.001) , D_A: 0.961, G_A: 0.935, cycle_A: 0.000, D_B: 0.980, G_B: 1.032, cycle_B: 0.000, gp: 0.967

saving the latest model (epoch 42, total_iters 680000)
learning rate 0.0001636 -> 0.0001455
temperature tau = 0.1258
End of epoch 42 / 50 	 Time Taken: 13 sec
[Rank 0] (epoch: 43, iters: 1536, time: 0.001, data: 0.001) , D_A: 0.963, G_A: 0.825, cycle_A: 0.000, D_B: 0.970, G_B: 0.949, cycle_B: 0.000, gp: 0.949

[Rank 0] (epoch: 43, iters: 3136, time: 0.001, data: 0.001) , D_A: 0.989, G_A: 0.859, cycle_A: 0.000, D_B: 0.995, G_B: 0.823, cycle_B: 0.000, gp: 0.971

[Rank 0] (epoch: 43, iters: 4736, time: 0.001, data: 0.001) , D_A: 0.970, G_A: 0.816, cycle_A: 0.000, D_B: 0.959, G_B: 0.825, cycle_B: 0.000, gp: 0.935

[Rank 0] (epoch: 43, iters: 6336, time: 0.001, data: 0.001) , D_A: 1.010, G_A: 0.835, cycle_A: 0.000, D_B: 0.925, G_B: 0.757, cycle_B: 0.000, gp: 0.901

[Rank 0] (epoch: 43, iters: 7936, time: 0.001, data: 0.002) , D_A: 0.986, G_A: 0.834, cycle_A: 0.000, D_B: 0.987, G_B: 0.912, cycle_B: 0.000, gp: 0.971

[Rank 0] (epoch: 43, iters: 9536, time: 0.001, data: 0.001) , D_A: 0.983, G_A: 0.879, cycle_A: 0.000, D_B: 0.939, G_B: 0.913, cycle_B: 0.000, gp: 0.922

[Rank 0] (epoch: 43, iters: 11136, time: 0.001, data: 0.002) , D_A: 1.002, G_A: 0.909, cycle_A: 0.000, D_B: 1.024, G_B: 0.746, cycle_B: 0.000, gp: 1.007

[Rank 0] (epoch: 43, iters: 12736, time: 0.001, data: 0.001) , D_A: 1.020, G_A: 0.780, cycle_A: 0.000, D_B: 0.961, G_B: 0.838, cycle_B: 0.000, gp: 0.942

[Rank 0] (epoch: 43, iters: 14336, time: 0.001, data: 0.001) , D_A: 1.016, G_A: 0.833, cycle_A: 0.000, D_B: 0.965, G_B: 0.828, cycle_B: 0.000, gp: 0.945

[Rank 0] (epoch: 43, iters: 15936, time: 0.001, data: 0.001) , D_A: 0.955, G_A: 0.838, cycle_A: 0.000, D_B: 1.005, G_B: 0.692, cycle_B: 0.000, gp: 0.975

learning rate 0.0001455 -> 0.0001273
temperature tau = 0.1218
End of epoch 43 / 50 	 Time Taken: 16 sec
[Rank 0] (epoch: 44, iters: 1344, time: 0.001, data: 0.001) , D_A: 0.941, G_A: 0.871, cycle_A: 0.000, D_B: 0.961, G_B: 0.680, cycle_B: 0.000, gp: 0.949

[Rank 0] (epoch: 44, iters: 2944, time: 0.001, data: 0.001) , D_A: 0.920, G_A: 0.942, cycle_A: 0.000, D_B: 0.963, G_B: 0.828, cycle_B: 0.000, gp: 0.943

[Rank 0] (epoch: 44, iters: 4544, time: 0.001, data: 0.001) , D_A: 0.966, G_A: 0.881, cycle_A: 0.000, D_B: 1.006, G_B: 0.754, cycle_B: 0.000, gp: 0.952

[Rank 0] (epoch: 44, iters: 6144, time: 0.001, data: 0.001) , D_A: 0.957, G_A: 0.895, cycle_A: 0.000, D_B: 0.993, G_B: 0.754, cycle_B: 0.000, gp: 0.950

[Rank 0] (epoch: 44, iters: 7744, time: 0.001, data: 0.001) , D_A: 0.978, G_A: 0.723, cycle_A: 0.000, D_B: 0.965, G_B: 0.796, cycle_B: 0.000, gp: 0.939

[Rank 0] (epoch: 44, iters: 9344, time: 0.001, data: 0.001) , D_A: 0.967, G_A: 0.833, cycle_A: 0.000, D_B: 0.974, G_B: 0.929, cycle_B: 0.000, gp: 0.946

[Rank 0] (epoch: 44, iters: 10944, time: 0.001, data: 0.001) , D_A: 1.005, G_A: 0.811, cycle_A: 0.000, D_B: 1.004, G_B: 0.777, cycle_B: 0.000, gp: 0.974

[Rank 0] (epoch: 44, iters: 12544, time: 0.001, data: 0.001) , D_A: 0.982, G_A: 0.869, cycle_A: 0.000, D_B: 0.972, G_B: 0.796, cycle_B: 0.000, gp: 0.946

[Rank 0] (epoch: 44, iters: 14144, time: 0.001, data: 0.001) , D_A: 0.924, G_A: 0.869, cycle_A: 0.000, D_B: 0.962, G_B: 0.841, cycle_B: 0.000, gp: 0.944

[Rank 0] (epoch: 44, iters: 15744, time: 0.001, data: 0.001) , D_A: 0.936, G_A: 0.856, cycle_A: 0.000, D_B: 1.069, G_B: 0.744, cycle_B: 0.000, gp: 0.985

learning rate 0.0001273 -> 0.0001091
temperature tau = 0.1178
End of epoch 44 / 50 	 Time Taken: 13 sec
[Rank 0] (epoch: 45, iters: 1152, time: 0.001, data: 0.001) , D_A: 0.960, G_A: 0.767, cycle_A: 0.000, D_B: 0.964, G_B: 0.635, cycle_B: 0.000, gp: 0.940

[Rank 0] (epoch: 45, iters: 2752, time: 0.001, data: 0.001) , D_A: 0.963, G_A: 0.816, cycle_A: 0.000, D_B: 0.968, G_B: 0.905, cycle_B: 0.000, gp: 0.950

[Rank 0] (epoch: 45, iters: 4352, time: 0.001, data: 0.001) , D_A: 0.972, G_A: 0.905, cycle_A: 0.000, D_B: 0.938, G_B: 0.844, cycle_B: 0.000, gp: 0.919

[Rank 0] (epoch: 45, iters: 5952, time: 0.001, data: 0.001) , D_A: 0.991, G_A: 0.857, cycle_A: 0.000, D_B: 0.966, G_B: 0.823, cycle_B: 0.000, gp: 0.941

--- iter tau=0.1178 ---
  cipher in : fdcbfcdb cbfbabffbffbabccfbf b dfbfbc bfcbfbafbafffbfbf bcfbebaf
  decrypted : eda ead ca e b ee ee b aae ec cde e ac ea e be beee e ec ae f be
  real plain: e a fad caa f be cdaed aa eed ad a fa a baace be effeced a ec fa
  cipher in : b fdbc bfb fdbf bffbcbc bf bfbdccbabcfbdfcbfbabfbcfbcbddfcf bfbf
  decrypted :  ced ac e ced ec ee a ac ec e daa b ae dea e b e ae a ddeaec e e
  real plain: cea a f a deeae dea ad aee ac e e d a e cee aae f e bd f f e ace
[Rank 0] (epoch: 45, iters: 7552, time: 0.001, data: 0.001) , D_A: 0.944, G_A: 0.865, cycle_A: 0.000, D_B: 0.956, G_B: 0.824, cycle_B: 0.000, gp: 0.928

saving the latest model (epoch 45, total_iters 720000)
[Rank 0] (epoch: 45, iters: 9152, time: 0.001, data: 0.001) , D_A: 0.971, G_A: 0.873, cycle_A: 0.000, D_B: 0.964, G_B: 0.937, cycle_B: 0.000, gp: 0.951

[Rank 0] (epoch: 45, iters: 10752, time: 0.001, data: 0.001) , D_A: 0.988, G_A: 0.919, cycle_A: 0.000, D_B: 1.019, G_B: 0.840, cycle_B: 0.000, gp: 1.000

[Rank 0] (epoch: 45, iters: 12352, time: 0.001, data: 0.001) , D_A: 0.961, G_A: 0.841, cycle_A: 0.000, D_B: 0.991, G_B: 0.847, cycle_B: 0.000, gp: 0.973

[Rank 0] (epoch: 45, iters: 13952, time: 0.001, data: 0.001) , D_A: 1.011, G_A: 0.753, cycle_A: 0.000, D_B: 1.009, G_B: 0.743, cycle_B: 0.000, gp: 0.990

[Rank 0] (epoch: 45, iters: 15552, time: 0.001, data: 0.001) , D_A: 0.965, G_A: 0.760, cycle_A: 0.000, D_B: 0.993, G_B: 0.870, cycle_B: 0.000, gp: 0.972

learning rate 0.0001091 -> 0.0000909
temperature tau = 0.1140
End of epoch 45 / 50 	 Time Taken: 13 sec
[Rank 0] (epoch: 46, iters: 960, time: 0.001, data: 0.001) , D_A: 0.942, G_A: 0.875, cycle_A: 0.000, D_B: 0.983, G_B: 0.858, cycle_B: 0.000, gp: 0.961

[Rank 0] (epoch: 46, iters: 2560, time: 0.001, data: 0.001) , D_A: 0.976, G_A: 0.879, cycle_A: 0.000, D_B: 0.968, G_B: 0.948, cycle_B: 0.000, gp: 0.958

[Rank 0] (epoch: 46, iters: 4160, time: 0.001, data: 0.001) , D_A: 0.984, G_A: 0.880, cycle_A: 0.000, D_B: 0.956, G_B: 0.833, cycle_B: 0.000, gp: 0.942

[Rank 0] (epoch: 46, iters: 5760, time: 0.001, data: 0.001) , D_A: 0.920, G_A: 0.820, cycle_A: 0.000, D_B: 1.021, G_B: 0.811, cycle_B: 0.000, gp: 0.962

[Rank 0] (epoch: 46, iters: 7360, time: 0.001, data: 0.001) , D_A: 0.996, G_A: 0.699, cycle_A: 0.000, D_B: 0.979, G_B: 0.824, cycle_B: 0.000, gp: 0.953

[Rank 0] (epoch: 46, iters: 8960, time: 0.001, data: 0.001) , D_A: 0.946, G_A: 0.710, cycle_A: 0.000, D_B: 0.977, G_B: 0.759, cycle_B: 0.000, gp: 0.947

[Rank 0] (epoch: 46, iters: 10560, time: 0.001, data: 0.001) , D_A: 0.971, G_A: 0.888, cycle_A: 0.000, D_B: 0.984, G_B: 0.876, cycle_B: 0.000, gp: 0.968

[Rank 0] (epoch: 46, iters: 12160, time: 0.001, data: 0.001) , D_A: 0.995, G_A: 0.864, cycle_A: 0.000, D_B: 0.996, G_B: 0.898, cycle_B: 0.000, gp: 0.984

[Rank 0] (epoch: 46, iters: 13760, time: 0.001, data: 0.001) , D_A: 0.951, G_A: 0.851, cycle_A: 0.000, D_B: 0.984, G_B: 0.849, cycle_B: 0.000, gp: 0.956

[Rank 0] (epoch: 46, iters: 15360, time: 0.001, data: 0.001) , D_A: 0.951, G_A: 0.840, cycle_A: 0.000, D_B: 1.000, G_B: 0.800, cycle_B: 0.000, gp: 0.975

learning rate 0.0000909 -> 0.0000727
temperature tau = 0.1104
End of epoch 46 / 50 	 Time Taken: 13 sec
[Rank 0] (epoch: 47, iters: 768, time: 0.001, data: 0.001) , D_A: 0.942, G_A: 0.838, cycle_A: 0.000, D_B: 0.964, G_B: 0.795, cycle_B: 0.000, gp: 0.942

[Rank 0] (epoch: 47, iters: 2368, time: 0.001, data: 0.000) , D_A: 0.991, G_A: 0.903, cycle_A: 0.000, D_B: 0.986, G_B: 0.815, cycle_B: 0.000, gp: 0.959

[Rank 0] (epoch: 47, iters: 3968, time: 0.001, data: 0.001) , D_A: 0.972, G_A: 0.821, cycle_A: 0.000, D_B: 1.022, G_B: 0.841, cycle_B: 0.000, gp: 0.999

[Rank 0] (epoch: 47, iters: 5568, time: 0.001, data: 0.001) , D_A: 0.954, G_A: 0.876, cycle_A: 0.000, D_B: 0.996, G_B: 0.859, cycle_B: 0.000, gp: 0.975

[Rank 0] (epoch: 47, iters: 7168, time: 0.001, data: 0.001) , D_A: 0.975, G_A: 0.867, cycle_A: 0.000, D_B: 0.973, G_B: 0.733, cycle_B: 0.000, gp: 0.947

[Rank 0] (epoch: 47, iters: 8768, time: 0.001, data: 0.001) , D_A: 0.995, G_A: 0.840, cycle_A: 0.000, D_B: 1.007, G_B: 0.906, cycle_B: 0.000, gp: 0.991

[Rank 0] (epoch: 47, iters: 10368, time: 0.001, data: 0.001) , D_A: 0.952, G_A: 0.751, cycle_A: 0.000, D_B: 1.012, G_B: 0.716, cycle_B: 0.000, gp: 0.991

[Rank 0] (epoch: 47, iters: 11968, time: 0.001, data: 0.001) , D_A: 0.972, G_A: 0.830, cycle_A: 0.000, D_B: 0.963, G_B: 0.806, cycle_B: 0.000, gp: 0.948

[Rank 0] (epoch: 47, iters: 13568, time: 0.001, data: 0.001) , D_A: 1.029, G_A: 0.779, cycle_A: 0.000, D_B: 0.916, G_B: 0.820, cycle_B: 0.000, gp: 0.901

--- iter tau=0.1104 ---
  cipher in :  bcbfbcff bffbcfdbabf bcdd bfcbcfbc bdfcb fbcb bc b bebabffb fbf
  decrypted : c a e aeec ee aed b ec addc ea ae ac dea ce a c ac c f b ee ce e
  real plain:  e acfc a e a deaaed e ca f aa ad aa ae fee ad ded e e a fa aa a
  cipher in : bc befbdf beb bfbf dcf bef bfbfbc fbdfcbfdf bc bcf b bfcbfcbdb f
  decrypted :  ac fe dec f c e ecdaec fec e e ace dea edec ac aec c ea ea d ce
  real plain: a abe ced bed e e de aec ced e a d ad e e ac e bedde abe a ae f 
[Rank 0] (epoch: 47, iters: 15168, time: 0.001, data: 0.001) , D_A: 0.986, G_A: 0.975, cycle_A: 0.000, D_B: 0.980, G_B: 0.815, cycle_B: 0.000, gp: 0.955

saving the latest model (epoch 47, total_iters 760000)
learning rate 0.0000727 -> 0.0000545
temperature tau = 0.1068
End of epoch 47 / 50 	 Time Taken: 14 sec
[Rank 0] (epoch: 48, iters: 576, time: 0.001, data: 0.001) , D_A: 0.993, G_A: 0.893, cycle_A: 0.000, D_B: 0.973, G_B: 0.777, cycle_B: 0.000, gp: 0.947

[Rank 0] (epoch: 48, iters: 2176, time: 0.001, data: 0.000) , D_A: 0.976, G_A: 0.823, cycle_A: 0.000, D_B: 0.988, G_B: 0.839, cycle_B: 0.000, gp: 0.969

[Rank 0] (epoch: 48, iters: 3776, time: 0.001, data: 0.001) , D_A: 0.958, G_A: 0.779, cycle_A: 0.000, D_B: 0.988, G_B: 0.743, cycle_B: 0.000, gp: 0.954

[Rank 0] (epoch: 48, iters: 5376, time: 0.001, data: 0.001) , D_A: 1.008, G_A: 0.812, cycle_A: 0.000, D_B: 0.997, G_B: 0.813, cycle_B: 0.000, gp: 0.971

[Rank 0] (epoch: 48, iters: 6976, time: 0.001, data: 0.001) , D_A: 0.986, G_A: 0.850, cycle_A: 0.000, D_B: 1.009, G_B: 0.760, cycle_B: 0.000, gp: 0.982

[Rank 0] (epoch: 48, iters: 8576, time: 0.001, data: 0.001) , D_A: 0.991, G_A: 0.816, cycle_A: 0.000, D_B: 1.013, G_B: 0.811, cycle_B: 0.000, gp: 0.989

[Rank 0] (epoch: 48, iters: 10176, time: 0.001, data: 0.001) , D_A: 0.980, G_A: 0.800, cycle_A: 0.000, D_B: 1.003, G_B: 0.876, cycle_B: 0.000, gp: 0.989

[Rank 0] (epoch: 48, iters: 11776, time: 0.001, data: 0.001) , D_A: 0.990, G_A: 0.829, cycle_A: 0.000, D_B: 1.010, G_B: 0.895, cycle_B: 0.000, gp: 0.991

[Rank 0] (epoch: 48, iters: 13376, time: 0.001, data: 0.001) , D_A: 0.980, G_A: 0.787, cycle_A: 0.000, D_B: 0.938, G_B: 0.803, cycle_B: 0.000, gp: 0.901

[Rank 0] (epoch: 48, iters: 14976, time: 0.001, data: 0.001) , D_A: 0.976, G_A: 0.856, cycle_A: 0.000, D_B: 0.941, G_B: 0.808, cycle_B: 0.000, gp: 0.922

learning rate 0.0000545 -> 0.0000364
temperature tau = 0.1033
End of epoch 48 / 50 	 Time Taken: 14 sec
[Rank 0] (epoch: 49, iters: 384, time: 0.001, data: 0.001) , D_A: 0.984, G_A: 0.749, cycle_A: 0.000, D_B: 1.008, G_B: 0.763, cycle_B: 0.000, gp: 0.974

[Rank 0] (epoch: 49, iters: 1984, time: 0.001, data: 0.001) , D_A: 0.987, G_A: 0.768, cycle_A: 0.000, D_B: 0.986, G_B: 0.826, cycle_B: 0.000, gp: 0.962

[Rank 0] (epoch: 49, iters: 3584, time: 0.001, data: 0.001) , D_A: 0.923, G_A: 0.839, cycle_A: 0.000, D_B: 0.985, G_B: 0.817, cycle_B: 0.000, gp: 0.965

[Rank 0] (epoch: 49, iters: 5184, time: 0.001, data: 0.001) , D_A: 0.998, G_A: 0.796, cycle_A: 0.000, D_B: 1.005, G_B: 0.772, cycle_B: 0.000, gp: 0.979

[Rank 0] (epoch: 49, iters: 6784, time: 0.001, data: 0.001) , D_A: 1.022, G_A: 0.761, cycle_A: 0.000, D_B: 0.995, G_B: 0.767, cycle_B: 0.000, gp: 0.960

[Rank 0] (epoch: 49, iters: 8384, time: 0.001, data: 0.001) , D_A: 0.969, G_A: 0.811, cycle_A: 0.000, D_B: 0.969, G_B: 0.790, cycle_B: 0.000, gp: 0.943

[Rank 0] (epoch: 49, iters: 9984, time: 0.001, data: 0.001) , D_A: 1.002, G_A: 0.824, cycle_A: 0.000, D_B: 0.964, G_B: 0.782, cycle_B: 0.000, gp: 0.938

[Rank 0] (epoch: 49, iters: 11584, time: 0.001, data: 0.001) , D_A: 0.986, G_A: 0.778, cycle_A: 0.000, D_B: 0.981, G_B: 0.818, cycle_B: 0.000, gp: 0.956

[Rank 0] (epoch: 49, iters: 13184, time: 0.001, data: 0.001) , D_A: 0.967, G_A: 0.813, cycle_A: 0.000, D_B: 1.027, G_B: 0.752, cycle_B: 0.000, gp: 1.008

[Rank 0] (epoch: 49, iters: 14784, time: 0.001, data: 0.001) , D_A: 0.927, G_A: 0.836, cycle_A: 0.000, D_B: 0.976, G_B: 0.815, cycle_B: 0.000, gp: 0.953

learning rate 0.0000364 -> 0.0000182
temperature tau = 0.1000
End of epoch 49 / 50 	 Time Taken: 13 sec
[Rank 0] (epoch: 50, iters: 192, time: 0.001, data: 0.001) , D_A: 1.027, G_A: 0.770, cycle_A: 0.000, D_B: 1.001, G_B: 0.790, cycle_B: 0.000, gp: 0.975

[Rank 0] (epoch: 50, iters: 1792, time: 0.001, data: 0.004) , D_A: 1.010, G_A: 0.821, cycle_A: 0.000, D_B: 0.974, G_B: 0.804, cycle_B: 0.000, gp: 0.956

[Rank 0] (epoch: 50, iters: 3392, time: 0.001, data: 0.001) , D_A: 0.985, G_A: 0.868, cycle_A: 0.000, D_B: 0.964, G_B: 0.829, cycle_B: 0.000, gp: 0.950

[Rank 0] (epoch: 50, iters: 4992, time: 0.001, data: 0.001) , D_A: 0.957, G_A: 0.762, cycle_A: 0.000, D_B: 0.980, G_B: 0.819, cycle_B: 0.000, gp: 0.954

--- iter tau=0.1000 ---
  cipher in : bdfbabfbf bcfbabfbcbffbfcbfbcfbcbf bfb fbf babdbcfbcefb fffbfbcb
  decrypted :  de b e ec ae b e a ee ea e ae a ec e ce ec b d ae afe ceee e a 
  real plain: ad ee ee ca ad cd e ad e c a eead fa ad ee a e a a e ee aded e a
  cipher in : bdbcbcc bc fbfbdbcbfbfbffbabfbdccbcbcfbffafbffcafbff bebdbdccb f
  decrypted :  d a aac ace e d a e e ee b e daa a ae eebe eeabe eec f d daa ce
  real plain: ea fed bea bea f aa a ec ee e cae afe ea eff c a e e ed ae e ee 
[Rank 0] (epoch: 50, iters: 6592, time: 0.001, data: 0.001) , D_A: 0.960, G_A: 0.815, cycle_A: 0.000, D_B: 1.005, G_B: 0.799, cycle_B: 0.000, gp: 0.982

saving the latest model (epoch 50, total_iters 800000)
[Rank 0] (epoch: 50, iters: 8192, time: 0.001, data: 0.001) , D_A: 0.966, G_A: 0.852, cycle_A: 0.000, D_B: 1.002, G_B: 0.774, cycle_B: 0.000, gp: 0.974

[Rank 0] (epoch: 50, iters: 9792, time: 0.001, data: 0.001) , D_A: 0.936, G_A: 0.838, cycle_A: 0.000, D_B: 0.983, G_B: 0.776, cycle_B: 0.000, gp: 0.958

[Rank 0] (epoch: 50, iters: 11392, time: 0.001, data: 0.001) , D_A: 0.981, G_A: 0.794, cycle_A: 0.000, D_B: 0.939, G_B: 0.832, cycle_B: 0.000, gp: 0.918

[Rank 0] (epoch: 50, iters: 12992, time: 0.001, data: 0.001) , D_A: 0.966, G_A: 0.847, cycle_A: 0.000, D_B: 1.002, G_B: 0.842, cycle_B: 0.000, gp: 0.982

[Rank 0] (epoch: 50, iters: 14592, time: 0.001, data: 0.001) , D_A: 1.006, G_A: 0.828, cycle_A: 0.000, D_B: 1.006, G_B: 0.838, cycle_B: 0.000, gp: 0.987

[Rank 0] (epoch: 50, iters: 16192, time: 0.001, data: 0.001) , D_A: 0.996, G_A: 0.784, cycle_A: 0.000, D_B: 1.029, G_B: 0.777, cycle_B: 0.000, gp: 0.999

learning rate 0.0000182 -> 0.0000000
temperature tau = 0.1000
saving the model at the end of epoch 50, iters 809600
End of epoch 50 / 50 	 Time Taken: 14 sec
----------------- Options ---------------
             aspect_ratio: 1.0                           
               batch_size: 64                            
          checkpoints_dir: ./checkpoints                 
                crop_size: 256                           
                 dataroot: .                             	[default: None]
             dataset_mode: cipher                        
                direction: AtoB                          
               display_id: 0                             
          display_winsize: 256                           
                embed_dim: 256                           	[default: 64]
                    epoch: latest                        
                     eval: False                         
                 gan_mode: lsgan                         
                   gumbel: False                         
                init_gain: 0.02                          
                init_type: normal                        
                 input_nc: 3                             
                  isTrain: False                         	[default: None]
                     kw_D: 15                            	[default: 4]
                 lambda_A: 10.0                          
                 lambda_B: 10.0                          
                lambda_gp: 10.0                          
          lambda_identity: 0.0                           
                load_iter: 0                             	[default: 0]
                load_size: 256                           
                       lr: 0.0002                        
         matched_softness: True                          	[default: False]
         max_dataset_size: inf                           
                    model: cipher_cycle_gan              	[default: test]
               n_blocks_G: 5                             	[default: 4]
                 n_critic: 1                             
               n_layers_D: 5                             	[default: 3]
                     name: a7_s6_gp1                     	[default: experiment_name]
                      ndf: 32                            	[default: 128]
                     netD: seq                           
                     netG: seq                           
                      ngf: 128                           
               no_dropout: True                          
                  no_flip: True                          
                     norm: layer                         	[default: instance]
                 npz_path: data/a7/dataset.npz           	[default: None]
                 num_test: 50                            
              num_threads: 4                             
                output_nc: 3                             
                pair_seed: 0                             
                    phase: test                          
              pointwise_G: True                          	[default: False]
               preprocess: none                          
         real_logit_scale: 5.0                           
              results_dir: ./results/                    
           serial_batches: False                         
         straight_through: True                          	[default: False]
                   suffix:                               
                  tau_end: 0.1                           
                tau_start: 1.0                           
                   use_gp: False                         
                use_wandb: False                         
                  verbose: False                         
               vocab_size: -1                            
       wandb_project_name: CycleGAN-and-pix2pix          
----------------- End -------------------
[cipher] eval: A(cipher)=(3595, 64) B(plain)=(3595, 64) vocab=8 cipher=substitution paired=True
dataset [CipherDataset] was created
Initialized with device cuda:0
initialize network with normal
Initialized with device cuda:0
initialize network with normal
model [CipherCycleGANModel] was created
Initialized with device cuda:0
initialize network with normal
loading the model from checkpoints/a7_s6_gp1/latest_net_G_A.pth
Initialized with device cuda:0
initialize network with normal
loading the model from checkpoints/a7_s6_gp1/latest_net_G_B.pth
---------- Networks initialized -------------
[Network G_A] Total number of parameters : 0.204 M
[Network G_B] Total number of parameters : 0.204 M
-----------------------------------------------

==============================================================
cipher              substitution (key=perm-seed0)
samples             3595 x 64
character accuracy  0.7753   (chance ~0.1429)
character error     0.2247
key recovery        0.4286   (coverage 1.000)
==============================================================
cipher in : cbfcdbc bfbabfbdffdfbabcb fdbcbc fcbdff b ddfbffffbfc bcbcebffbf
decrypted : a ead ac e b e deede b a ced a acea deec cdde eeee eac a af ee e
truth     : a eac ad e f e ceece f a dec a adea ceed dcce eeee ead a ab ee e

wrote ./checkpoints/a7_s6_gp1/eval_metrics.json
wrote ./checkpoints/a7_s6_gp1/curves_a7_s6_gp1.png

loss             first      last       min       max
D_A              0.835     0.996     0.709     1.036
G_A              0.252     0.784     0.233     1.167
cycle_A          0.159     0.000     0.000     0.159
D_B              0.901     1.029     0.743     1.156
G_B              1.165     0.777     0.215     1.441
cycle_B          0.278     0.000     0.000     0.278
gp               0.491     0.999     0.491     1.079

D_A over the final window: 0.979
  -> neither collapsed nor at equilibrium; inspect the shape.
