=== task 0 : dataset=a7 seed=9 ===
NVIDIA A100-SXM4-80GB
----------------- Options ---------------
               batch_size: 64                            
                    beta1: 0.0                           	[default: 0.5]
          checkpoints_dir: ./checkpoints                 
           continue_train: False                         
                crop_size: 256                           
               cycle_loss: ce                            
                 dataroot: .                             	[default: None]
             dataset_mode: cipher                        
                direction: AtoB                          
             display_freq: 20000                         	[default: 400]
               display_id: 0                             
          display_winsize: 256                           
                embed_dim: 256                           	[default: 64]
                    epoch: latest                        
              epoch_count: 1                             
                 gan_mode: lsgan                         
                   gumbel: False                         
                init_gain: 0.02                          
                init_type: normal                        
                 input_nc: 3                             
                  isTrain: True                          	[default: None]
                     kw_D: 15                            	[default: 4]
                 lambda_A: 1.0                           	[default: 10.0]
                 lambda_B: 1.0                           	[default: 10.0]
                lambda_gp: 1.0                           	[default: 10.0]
          lambda_identity: 0.0                           
                load_iter: 0                             	[default: 0]
                load_size: 286                           
                       lr: 0.0002                        
           lr_decay_iters: 50                            
                lr_policy: linear                        
         matched_softness: True                          	[default: False]
         max_dataset_size: inf                           
                    model: cipher_cycle_gan              	[default: cycle_gan]
               n_blocks_G: 5                             	[default: 4]
                 n_critic: 1                             
                 n_epochs: 40                            	[default: 100]
           n_epochs_decay: 10                            	[default: 100]
               n_layers_D: 5                             	[default: 3]
                     name: a7_s9_gp1                     	[default: experiment_name]
                      ndf: 32                            	[default: 128]
                     netD: seq                           
                     netG: seq                           
                      ngf: 128                           
               no_dropout: True                          
                  no_flip: True                          
                  no_html: False                         
                     norm: layer                         	[default: instance]
                 npz_path: data/a7/dataset.npz           	[default: None]
              num_threads: 8                             	[default: 4]
                output_nc: 3                             
                pair_seed: 9                             	[default: 0]
                    phase: train                         
              pointwise_G: True                          	[default: False]
                pool_size: 50                            
               preprocess: none                          
               print_freq: 100                           
         real_logit_scale: 5.0                           
             save_by_iter: False                         
          save_epoch_freq: 50                            	[default: 5]
         save_latest_freq: 5000                          
           serial_batches: False                         
         straight_through: True                          	[default: False]
                   suffix:                               
                  tau_end: 0.1                           
                tau_start: 0.5                           	[default: 1.0]
         update_html_freq: 1000                          
                   use_gp: True                          	[default: False]
                use_wandb: False                         
                  verbose: False                         
               vocab_size: -1                            
       wandb_project_name: CycleGAN-and-pix2pix          
----------------- End -------------------
Initialized with device cuda:0
[cipher] train: A(cipher)=(16179, 64) B(plain)=(16179, 64) vocab=8 cipher=substitution paired=False
dataset [CipherDataset] was created
The number of training images = 16179
Initialized with device cuda:0
initialize network with normal
Initialized with device cuda:0
initialize network with normal
Initialized with device cuda:0
initialize network with normal
Initialized with device cuda:0
initialize network with normal
model [CipherCycleGANModel] was created
Initialized with device cuda:0
initialize network with normal
Initialized with device cuda:0
initialize network with normal
Initialized with device cuda:0
initialize network with normal
Initialized with device cuda:0
initialize network with normal
---------- Networks initialized -------------
[Network G_A] Total number of parameters : 0.204 M
[Network G_B] Total number of parameters : 0.204 M
[Network D_A] Total number of parameters : 0.472 M
[Network D_B] Total number of parameters : 0.472 M
-----------------------------------------------
create web directory checkpoints/a7_s9_gp1/web...
[Rank 0] (epoch: 1, iters: 1600, time: 0.001, data: 0.078) , D_A: 0.728, G_A: 1.444, cycle_A: 0.237, D_B: 0.785, G_B: 0.634, cycle_B: 0.717, gp: 0.439

[Rank 0] (epoch: 1, iters: 3200, time: 0.001, data: 0.001) , D_A: 0.610, G_A: 0.929, cycle_A: 0.247, D_B: 0.519, G_B: 0.546, cycle_B: 0.310, gp: 0.320

[Rank 0] (epoch: 1, iters: 4800, time: 0.001, data: 0.001) , D_A: 0.532, G_A: 0.586, cycle_A: 0.282, D_B: 0.509, G_B: 0.477, cycle_B: 0.284, gp: 0.356

[Rank 0] (epoch: 1, iters: 6400, time: 0.001, data: 0.001) , D_A: 0.586, G_A: 1.046, cycle_A: 0.286, D_B: 0.675, G_B: 1.630, cycle_B: 0.300, gp: 0.420

[Rank 0] (epoch: 1, iters: 8000, time: 0.001, data: 0.001) , D_A: 0.468, G_A: 1.179, cycle_A: 0.308, D_B: 0.414, G_B: 0.931, cycle_B: 0.229, gp: 0.369

[Rank 0] (epoch: 1, iters: 9600, time: 0.001, data: 0.001) , D_A: 0.387, G_A: 0.889, cycle_A: 0.284, D_B: 0.512, G_B: 0.816, cycle_B: 0.200, gp: 0.412

[Rank 0] (epoch: 1, iters: 11200, time: 0.001, data: 0.001) , D_A: 0.380, G_A: 0.666, cycle_A: 0.126, D_B: 0.337, G_B: 0.848, cycle_B: 0.465, gp: 0.291

[Rank 0] (epoch: 1, iters: 12800, time: 0.001, data: 0.001) , D_A: 0.429, G_A: 0.956, cycle_A: 0.269, D_B: 0.296, G_B: 0.592, cycle_B: 0.275, gp: 0.248

[Rank 0] (epoch: 1, iters: 14400, time: 0.001, data: 0.001) , D_A: 0.429, G_A: 0.430, cycle_A: 0.288, D_B: 0.366, G_B: 0.794, cycle_B: 0.225, gp: 0.329

[Rank 0] (epoch: 1, iters: 16000, time: 0.001, data: 0.001) , D_A: 0.411, G_A: 1.099, cycle_A: 0.280, D_B: 0.283, G_B: 0.794, cycle_B: 0.310, gp: 0.247

learning rate 0.0002000 -> 0.0002000
temperature tau = 0.4838
End of epoch 1 / 50 	 Time Taken: 15 sec
[Rank 0] (epoch: 2, iters: 1408, time: 0.001, data: 0.001) , D_A: 0.326, G_A: 0.992, cycle_A: 0.280, D_B: 0.384, G_B: 0.753, cycle_B: 0.277, gp: 0.336

[Rank 0] (epoch: 2, iters: 3008, time: 0.001, data: 0.001) , D_A: 0.427, G_A: 0.574, cycle_A: 0.274, D_B: 0.378, G_B: 0.774, cycle_B: 0.314, gp: 0.340

[Rank 0] (epoch: 2, iters: 4608, time: 0.001, data: 0.001) , D_A: 0.319, G_A: 0.930, cycle_A: 0.287, D_B: 0.236, G_B: 0.897, cycle_B: 0.315, gp: 0.211

[Rank 0] (epoch: 2, iters: 6208, time: 0.001, data: 0.001) , D_A: 0.353, G_A: 1.035, cycle_A: 0.301, D_B: 0.352, G_B: 1.291, cycle_B: 0.152, gp: 0.311

[Rank 0] (epoch: 2, iters: 7808, time: 0.001, data: 0.001) , D_A: 0.454, G_A: 1.225, cycle_A: 0.117, D_B: 0.437, G_B: 1.102, cycle_B: 0.334, gp: 0.408

[Rank 0] (epoch: 2, iters: 9408, time: 0.001, data: 0.001) , D_A: 0.324, G_A: 0.774, cycle_A: 0.104, D_B: 0.321, G_B: 1.077, cycle_B: 0.333, gp: 0.303

[Rank 0] (epoch: 2, iters: 11008, time: 0.001, data: 0.001) , D_A: 0.436, G_A: 0.672, cycle_A: 0.099, D_B: 0.366, G_B: 0.881, cycle_B: 0.153, gp: 0.338

[Rank 0] (epoch: 2, iters: 12608, time: 0.001, data: 0.001) , D_A: 0.390, G_A: 0.627, cycle_A: 0.278, D_B: 0.307, G_B: 0.510, cycle_B: 0.287, gp: 0.266

[Rank 0] (epoch: 2, iters: 14208, time: 0.001, data: 0.001) , D_A: 0.259, G_A: 1.231, cycle_A: 0.105, D_B: 0.359, G_B: 1.367, cycle_B: 0.132, gp: 0.320

[Rank 0] (epoch: 2, iters: 15808, time: 0.001, data: 0.001) , D_A: 0.317, G_A: 1.308, cycle_A: 0.270, D_B: 0.420, G_B: 0.791, cycle_B: 0.155, gp: 0.377

learning rate 0.0002000 -> 0.0002000
temperature tau = 0.4682
End of epoch 2 / 50 	 Time Taken: 14 sec
[Rank 0] (epoch: 3, iters: 1216, time: 0.001, data: 0.001) , D_A: 0.572, G_A: 0.213, cycle_A: 0.291, D_B: 0.309, G_B: 1.020, cycle_B: 0.322, gp: 0.287

[Rank 0] (epoch: 3, iters: 2816, time: 0.001, data: 0.001) , D_A: 0.287, G_A: 1.278, cycle_A: 0.294, D_B: 0.336, G_B: 0.911, cycle_B: 0.145, gp: 0.259

[Rank 0] (epoch: 3, iters: 4416, time: 0.001, data: 0.001) , D_A: 0.338, G_A: 1.103, cycle_A: 0.303, D_B: 0.304, G_B: 1.204, cycle_B: 0.154, gp: 0.263

[Rank 0] (epoch: 3, iters: 6016, time: 0.001, data: 0.001) , D_A: 0.295, G_A: 1.058, cycle_A: 0.113, D_B: 0.345, G_B: 0.850, cycle_B: 0.329, gp: 0.327

--- iter tau=0.4682 ---
  cipher in : bcbfbabdffbaff babfbfcfbabecdfcbdbaff bcbabffbfcfbabecdfcbdbaff 
  decrypted :  e a b eaa baaf b a aea b eeeae e baaf e b aa aea b eeeae e baaf
  real plain: d accd ae e ad e e e f e e e a ce f fece a e e bec a e ee ab d e
  cipher in : bef bfbdcbc b fbc bfbc b fbfbebcdbcbcf bffbcbcb fbcaf bfbfcbc bc
  decrypted :  eaf a ee ef fa ef a ef fa a e ee e eaf aa e e fa ebaf a ae ef e
  real plain:  a bbbe ad da ca b e a a ecea bbbe ad bee ccef e dd ac ace ad af
[Rank 0] (epoch: 3, iters: 7616, time: 0.001, data: 0.001) , D_A: 0.477, G_A: 0.608, cycle_A: 0.270, D_B: 0.266, G_B: 0.833, cycle_B: 0.312, gp: 0.233

saving the latest model (epoch 3, total_iters 40000)
[Rank 0] (epoch: 3, iters: 9216, time: 0.001, data: 0.001) , D_A: 0.262, G_A: 1.254, cycle_A: 0.099, D_B: 0.313, G_B: 1.125, cycle_B: 0.136, gp: 0.289

[Rank 0] (epoch: 3, iters: 10816, time: 0.001, data: 0.001) , D_A: 0.248, G_A: 0.975, cycle_A: 0.283, D_B: 0.369, G_B: 1.238, cycle_B: 0.159, gp: 0.332

[Rank 0] (epoch: 3, iters: 12416, time: 0.001, data: 0.001) , D_A: 0.375, G_A: 1.284, cycle_A: 0.273, D_B: 0.235, G_B: 1.066, cycle_B: 0.320, gp: 0.219

[Rank 0] (epoch: 3, iters: 14016, time: 0.001, data: 0.001) , D_A: 0.414, G_A: 1.600, cycle_A: 0.104, D_B: 0.219, G_B: 1.012, cycle_B: 0.338, gp: 0.207

[Rank 0] (epoch: 3, iters: 15616, time: 0.001, data: 0.001) , D_A: 0.346, G_A: 0.891, cycle_A: 0.274, D_B: 0.283, G_B: 1.153, cycle_B: 0.145, gp: 0.250

learning rate 0.0002000 -> 0.0002000
temperature tau = 0.4531
End of epoch 3 / 50 	 Time Taken: 13 sec
[Rank 0] (epoch: 4, iters: 1024, time: 0.001, data: 0.001) , D_A: 0.375, G_A: 0.433, cycle_A: 0.104, D_B: 0.238, G_B: 1.085, cycle_B: 0.152, gp: 0.214

[Rank 0] (epoch: 4, iters: 2624, time: 0.001, data: 0.000) , D_A: 0.282, G_A: 1.021, cycle_A: 0.100, D_B: 0.280, G_B: 0.878, cycle_B: 0.330, gp: 0.268

[Rank 0] (epoch: 4, iters: 4224, time: 0.001, data: 0.001) , D_A: 0.253, G_A: 1.052, cycle_A: 0.113, D_B: 0.309, G_B: 1.184, cycle_B: 0.314, gp: 0.284

[Rank 0] (epoch: 4, iters: 5824, time: 0.001, data: 0.001) , D_A: 0.301, G_A: 0.516, cycle_A: 0.294, D_B: 0.289, G_B: 0.967, cycle_B: 0.323, gp: 0.273

[Rank 0] (epoch: 4, iters: 7424, time: 0.001, data: 0.001) , D_A: 0.295, G_A: 1.065, cycle_A: 0.110, D_B: 0.307, G_B: 0.897, cycle_B: 0.342, gp: 0.294

[Rank 0] (epoch: 4, iters: 9024, time: 0.001, data: 0.001) , D_A: 0.324, G_A: 0.843, cycle_A: 0.282, D_B: 0.354, G_B: 1.034, cycle_B: 0.309, gp: 0.337

[Rank 0] (epoch: 4, iters: 10624, time: 0.001, data: 0.001) , D_A: 0.310, G_A: 0.857, cycle_A: 0.283, D_B: 0.179, G_B: 0.898, cycle_B: 0.312, gp: 0.157

[Rank 0] (epoch: 4, iters: 12224, time: 0.001, data: 0.001) , D_A: 0.249, G_A: 0.883, cycle_A: 0.112, D_B: 0.296, G_B: 1.048, cycle_B: 0.144, gp: 0.281

[Rank 0] (epoch: 4, iters: 13824, time: 0.001, data: 0.001) , D_A: 0.250, G_A: 0.943, cycle_A: 0.261, D_B: 0.341, G_B: 1.023, cycle_B: 0.314, gp: 0.330

[Rank 0] (epoch: 4, iters: 15424, time: 0.001, data: 0.001) , D_A: 0.252, G_A: 1.009, cycle_A: 0.278, D_B: 0.206, G_B: 0.847, cycle_B: 0.302, gp: 0.187

learning rate 0.0002000 -> 0.0002000
temperature tau = 0.4384
End of epoch 4 / 50 	 Time Taken: 15 sec
[Rank 0] (epoch: 5, iters: 832, time: 0.001, data: 0.001) , D_A: 0.300, G_A: 0.903, cycle_A: 0.282, D_B: 0.292, G_B: 1.054, cycle_B: 0.315, gp: 0.278

[Rank 0] (epoch: 5, iters: 2432, time: 0.001, data: 0.000) , D_A: 0.233, G_A: 0.933, cycle_A: 0.276, D_B: 0.241, G_B: 0.947, cycle_B: 0.310, gp: 0.231

[Rank 0] (epoch: 5, iters: 4032, time: 0.001, data: 0.001) , D_A: 0.252, G_A: 0.916, cycle_A: 0.286, D_B: 0.278, G_B: 0.834, cycle_B: 0.327, gp: 0.253

[Rank 0] (epoch: 5, iters: 5632, time: 0.001, data: 0.001) , D_A: 0.303, G_A: 0.970, cycle_A: 0.285, D_B: 0.252, G_B: 0.973, cycle_B: 0.319, gp: 0.244

[Rank 0] (epoch: 5, iters: 7232, time: 0.001, data: 0.001) , D_A: 0.247, G_A: 0.965, cycle_A: 0.105, D_B: 0.263, G_B: 1.357, cycle_B: 0.324, gp: 0.196

[Rank 0] (epoch: 5, iters: 8832, time: 0.001, data: 0.001) , D_A: 0.228, G_A: 0.956, cycle_A: 0.274, D_B: 0.262, G_B: 0.978, cycle_B: 0.308, gp: 0.245

[Rank 0] (epoch: 5, iters: 10432, time: 0.001, data: 0.001) , D_A: 0.243, G_A: 0.905, cycle_A: 0.300, D_B: 0.242, G_B: 1.060, cycle_B: 0.143, gp: 0.225

[Rank 0] (epoch: 5, iters: 12032, time: 0.001, data: 0.001) , D_A: 0.320, G_A: 1.013, cycle_A: 0.106, D_B: 0.171, G_B: 0.892, cycle_B: 0.334, gp: 0.157

[Rank 0] (epoch: 5, iters: 13632, time: 0.001, data: 0.001) , D_A: 0.209, G_A: 1.036, cycle_A: 0.110, D_B: 0.206, G_B: 1.000, cycle_B: 0.324, gp: 0.199

--- iter tau=0.4384 ---
  cipher in : beb bcb c bfbc bcdcfbf bfbf bc befcf babfbdcbcbd bcfbfcdf bf bef
  decrypted :  e c e cec a ec eeea ac a ac ec eaeac b a ee e ec ea aeeac ac ea
  real plain: ea ae ed b e acee e e a ea efae ad c beee ace e ae a a aabe de a
  cipher in : b f bfbdcfbccbcdfbffcb fcbfbffbab cbcffbcbcfbcbefbfcfbffbfbfcfbc
  decrypted :  cac a eea ee eea aae cae a aa b ce eaa e ea e ea aea aa a aea e
  real plain: a fe f e ec f e fe ae b a cae f ccece decbe a d d f ea f dec ded
[Rank 0] (epoch: 5, iters: 15232, time: 0.001, data: 0.001) , D_A: 0.263, G_A: 0.840, cycle_A: 0.250, D_B: 0.228, G_B: 0.959, cycle_B: 0.322, gp: 0.222

saving the latest model (epoch 5, total_iters 80000)
learning rate 0.0002000 -> 0.0002000
temperature tau = 0.4243
End of epoch 5 / 50 	 Time Taken: 13 sec
[Rank 0] (epoch: 6, iters: 640, time: 0.001, data: 0.001) , D_A: 0.324, G_A: 1.046, cycle_A: 0.273, D_B: 0.253, G_B: 1.063, cycle_B: 0.145, gp: 0.240

[Rank 0] (epoch: 6, iters: 2240, time: 0.001, data: 0.000) , D_A: 0.329, G_A: 0.953, cycle_A: 0.284, D_B: 0.304, G_B: 1.642, cycle_B: 0.141, gp: 0.231

[Rank 0] (epoch: 6, iters: 3840, time: 0.001, data: 0.001) , D_A: 0.211, G_A: 0.938, cycle_A: 0.297, D_B: 0.230, G_B: 1.024, cycle_B: 0.314, gp: 0.221

[Rank 0] (epoch: 6, iters: 5440, time: 0.001, data: 0.001) , D_A: 0.320, G_A: 0.885, cycle_A: 0.118, D_B: 0.284, G_B: 0.869, cycle_B: 0.327, gp: 0.277

[Rank 0] (epoch: 6, iters: 7040, time: 0.001, data: 0.001) , D_A: 0.300, G_A: 1.111, cycle_A: 0.113, D_B: 0.262, G_B: 0.838, cycle_B: 0.326, gp: 0.251

[Rank 0] (epoch: 6, iters: 8640, time: 0.001, data: 0.001) , D_A: 0.285, G_A: 0.959, cycle_A: 0.295, D_B: 0.247, G_B: 1.114, cycle_B: 0.152, gp: 0.234

[Rank 0] (epoch: 6, iters: 10240, time: 0.001, data: 0.001) , D_A: 0.219, G_A: 1.026, cycle_A: 0.103, D_B: 0.289, G_B: 0.893, cycle_B: 0.325, gp: 0.279

[Rank 0] (epoch: 6, iters: 11840, time: 0.001, data: 0.001) , D_A: 0.309, G_A: 0.947, cycle_A: 0.278, D_B: 0.338, G_B: 1.020, cycle_B: 0.148, gp: 0.324

[Rank 0] (epoch: 6, iters: 13440, time: 0.001, data: 0.001) , D_A: 0.218, G_A: 1.013, cycle_A: 0.281, D_B: 0.225, G_B: 1.047, cycle_B: 0.134, gp: 0.210

[Rank 0] (epoch: 6, iters: 15040, time: 0.001, data: 0.001) , D_A: 0.233, G_A: 0.862, cycle_A: 0.281, D_B: 0.307, G_B: 1.063, cycle_B: 0.319, gp: 0.299

learning rate 0.0002000 -> 0.0002000
temperature tau = 0.4106
End of epoch 6 / 50 	 Time Taken: 14 sec
[Rank 0] (epoch: 7, iters: 448, time: 0.001, data: 0.001) , D_A: 0.263, G_A: 1.022, cycle_A: 0.268, D_B: 0.271, G_B: 0.977, cycle_B: 0.331, gp: 0.266

[Rank 0] (epoch: 7, iters: 2048, time: 0.001, data: 0.000) , D_A: 0.241, G_A: 0.920, cycle_A: 0.296, D_B: 0.291, G_B: 1.162, cycle_B: 0.134, gp: 0.268

[Rank 0] (epoch: 7, iters: 3648, time: 0.001, data: 0.001) , D_A: 0.222, G_A: 0.846, cycle_A: 0.106, D_B: 0.191, G_B: 1.056, cycle_B: 0.324, gp: 0.182

[Rank 0] (epoch: 7, iters: 5248, time: 0.001, data: 0.001) , D_A: 0.287, G_A: 0.891, cycle_A: 0.107, D_B: 0.311, G_B: 0.961, cycle_B: 0.134, gp: 0.304

[Rank 0] (epoch: 7, iters: 6848, time: 0.001, data: 0.001) , D_A: 0.223, G_A: 0.986, cycle_A: 0.279, D_B: 0.276, G_B: 1.444, cycle_B: 0.150, gp: 0.198

[Rank 0] (epoch: 7, iters: 8448, time: 0.001, data: 0.001) , D_A: 0.354, G_A: 0.872, cycle_A: 0.285, D_B: 0.303, G_B: 0.984, cycle_B: 0.313, gp: 0.293

[Rank 0] (epoch: 7, iters: 10048, time: 0.001, data: 0.001) , D_A: 0.172, G_A: 0.944, cycle_A: 0.264, D_B: 0.227, G_B: 1.015, cycle_B: 0.148, gp: 0.211

[Rank 0] (epoch: 7, iters: 11648, time: 0.001, data: 0.001) , D_A: 0.179, G_A: 1.036, cycle_A: 0.287, D_B: 0.302, G_B: 0.932, cycle_B: 0.145, gp: 0.289

[Rank 0] (epoch: 7, iters: 13248, time: 0.001, data: 0.001) , D_A: 0.190, G_A: 0.806, cycle_A: 0.282, D_B: 0.253, G_B: 1.007, cycle_B: 0.133, gp: 0.245

[Rank 0] (epoch: 7, iters: 14848, time: 0.001, data: 0.001) , D_A: 0.463, G_A: 1.172, cycle_A: 0.260, D_B: 0.229, G_B: 0.970, cycle_B: 0.152, gp: 0.218

learning rate 0.0002000 -> 0.0002000
temperature tau = 0.3973
End of epoch 7 / 50 	 Time Taken: 13 sec
[Rank 0] (epoch: 8, iters: 256, time: 0.001, data: 0.001) , D_A: 0.278, G_A: 0.959, cycle_A: 0.266, D_B: 0.232, G_B: 0.940, cycle_B: 0.324, gp: 0.226

[Rank 0] (epoch: 8, iters: 1856, time: 0.001, data: 0.002) , D_A: 0.353, G_A: 0.888, cycle_A: 0.276, D_B: 0.307, G_B: 1.054, cycle_B: 0.311, gp: 0.299

[Rank 0] (epoch: 8, iters: 3456, time: 0.001, data: 0.001) , D_A: 0.253, G_A: 0.997, cycle_A: 0.267, D_B: 0.262, G_B: 1.018, cycle_B: 0.131, gp: 0.255

[Rank 0] (epoch: 8, iters: 5056, time: 0.001, data: 0.001) , D_A: 0.237, G_A: 0.976, cycle_A: 0.271, D_B: 0.312, G_B: 1.075, cycle_B: 0.314, gp: 0.302

--- iter tau=0.3973 ---
  cipher in : bcbfdadbefcb bfbcdfbabcbcb babdbfffdfbcfbeffbfb bdccbcbcbccb bcb
  decrypted :  d aebe ead c a dea b d d c b e aaaea da eaa a c edd d d dd c d 
  real plain: ced b be a ad bee b e eea f efeece a be e ee a aed f e a ded ea 
  cipher in : bffbcfbfbccfbfbab ffbc cdfbffbcbfbfddfbefbff bab fcbceefcbcbcbcf
  decrypted :  aa da a dda a b caa dcdea aa d a aeea ea aac b cad deead d d da
  real plain:  e e b eace ade e e a a ea deeed e bac c ae eea f acadec dbed fa
[Rank 0] (epoch: 8, iters: 6656, time: 0.001, data: 0.001) , D_A: 0.277, G_A: 0.923, cycle_A: 0.296, D_B: 0.272, G_B: 1.332, cycle_B: 0.136, gp: 0.205

saving the latest model (epoch 8, total_iters 120000)
[Rank 0] (epoch: 8, iters: 8256, time: 0.001, data: 0.001) , D_A: 0.346, G_A: 1.075, cycle_A: 0.109, D_B: 0.289, G_B: 0.973, cycle_B: 0.332, gp: 0.282

[Rank 0] (epoch: 8, iters: 9856, time: 0.001, data: 0.001) , D_A: 0.198, G_A: 1.127, cycle_A: 0.099, D_B: 0.191, G_B: 0.997, cycle_B: 0.141, gp: 0.179

[Rank 0] (epoch: 8, iters: 11456, time: 0.001, data: 0.001) , D_A: 0.325, G_A: 0.859, cycle_A: 0.272, D_B: 0.228, G_B: 0.965, cycle_B: 0.140, gp: 0.219

[Rank 0] (epoch: 8, iters: 13056, time: 0.001, data: 0.001) , D_A: 0.221, G_A: 0.950, cycle_A: 0.259, D_B: 0.229, G_B: 1.016, cycle_B: 0.129, gp: 0.222

[Rank 0] (epoch: 8, iters: 14656, time: 0.001, data: 0.001) , D_A: 0.312, G_A: 1.051, cycle_A: 0.111, D_B: 0.219, G_B: 0.984, cycle_B: 0.329, gp: 0.210

learning rate 0.0002000 -> 0.0002000
temperature tau = 0.3845
End of epoch 8 / 50 	 Time Taken: 13 sec
[Rank 0] (epoch: 9, iters: 64, time: 0.001, data: 0.001) , D_A: 0.458, G_A: 1.538, cycle_A: 0.274, D_B: 0.266, G_B: 0.962, cycle_B: 0.163, gp: 0.257

[Rank 0] (epoch: 9, iters: 1664, time: 0.001, data: 0.002) , D_A: 0.196, G_A: 0.922, cycle_A: 0.113, D_B: 0.218, G_B: 1.000, cycle_B: 0.321, gp: 0.211

[Rank 0] (epoch: 9, iters: 3264, time: 0.001, data: 0.001) , D_A: 0.282, G_A: 1.004, cycle_A: 0.275, D_B: 0.211, G_B: 0.894, cycle_B: 0.130, gp: 0.200

[Rank 0] (epoch: 9, iters: 4864, time: 0.001, data: 0.001) , D_A: 0.259, G_A: 1.016, cycle_A: 0.107, D_B: 0.301, G_B: 0.964, cycle_B: 0.132, gp: 0.291

[Rank 0] (epoch: 9, iters: 6464, time: 0.001, data: 0.001) , D_A: 0.321, G_A: 1.006, cycle_A: 0.282, D_B: 0.323, G_B: 0.938, cycle_B: 0.145, gp: 0.313

[Rank 0] (epoch: 9, iters: 8064, time: 0.001, data: 0.001) , D_A: 0.285, G_A: 0.984, cycle_A: 0.102, D_B: 0.301, G_B: 0.973, cycle_B: 0.130, gp: 0.289

[Rank 0] (epoch: 9, iters: 9664, time: 0.001, data: 0.001) , D_A: 0.265, G_A: 1.007, cycle_A: 0.294, D_B: 0.168, G_B: 0.928, cycle_B: 0.314, gp: 0.159

[Rank 0] (epoch: 9, iters: 11264, time: 0.001, data: 0.001) , D_A: 0.218, G_A: 0.985, cycle_A: 0.113, D_B: 0.200, G_B: 0.961, cycle_B: 0.319, gp: 0.191

[Rank 0] (epoch: 9, iters: 12864, time: 0.001, data: 0.001) , D_A: 0.301, G_A: 0.883, cycle_A: 0.282, D_B: 0.249, G_B: 0.901, cycle_B: 0.143, gp: 0.241

[Rank 0] (epoch: 9, iters: 14464, time: 0.001, data: 0.001) , D_A: 0.292, G_A: 0.802, cycle_A: 0.286, D_B: 0.251, G_B: 1.013, cycle_B: 0.324, gp: 0.245

[Rank 0] (epoch: 9, iters: 16064, time: 0.001, data: 0.001) , D_A: 0.268, G_A: 0.970, cycle_A: 0.271, D_B: 0.220, G_B: 1.001, cycle_B: 0.310, gp: 0.213

learning rate 0.0002000 -> 0.0002000
temperature tau = 0.3720
End of epoch 9 / 50 	 Time Taken: 15 sec
[Rank 0] (epoch: 10, iters: 1472, time: 0.001, data: 0.001) , D_A: 0.268, G_A: 1.034, cycle_A: 0.270, D_B: 0.298, G_B: 0.990, cycle_B: 0.141, gp: 0.289

[Rank 0] (epoch: 10, iters: 3072, time: 0.001, data: 0.001) , D_A: 0.339, G_A: 1.006, cycle_A: 0.100, D_B: 0.277, G_B: 0.922, cycle_B: 0.320, gp: 0.270

[Rank 0] (epoch: 10, iters: 4672, time: 0.001, data: 0.001) , D_A: 0.353, G_A: 1.306, cycle_A: 0.107, D_B: 0.253, G_B: 0.988, cycle_B: 0.150, gp: 0.245

[Rank 0] (epoch: 10, iters: 6272, time: 0.001, data: 0.001) , D_A: 0.251, G_A: 0.986, cycle_A: 0.110, D_B: 0.261, G_B: 1.026, cycle_B: 0.318, gp: 0.254

[Rank 0] (epoch: 10, iters: 7872, time: 0.001, data: 0.001) , D_A: 0.296, G_A: 0.875, cycle_A: 0.299, D_B: 0.301, G_B: 0.981, cycle_B: 0.139, gp: 0.295

[Rank 0] (epoch: 10, iters: 9472, time: 0.001, data: 0.001) , D_A: 0.338, G_A: 0.888, cycle_A: 0.289, D_B: 0.382, G_B: 0.981, cycle_B: 0.143, gp: 0.374

[Rank 0] (epoch: 10, iters: 11072, time: 0.001, data: 0.001) , D_A: 0.324, G_A: 1.126, cycle_A: 0.264, D_B: 0.318, G_B: 0.952, cycle_B: 0.310, gp: 0.309

[Rank 0] (epoch: 10, iters: 12672, time: 0.001, data: 0.001) , D_A: 0.265, G_A: 1.007, cycle_A: 0.112, D_B: 0.176, G_B: 0.911, cycle_B: 0.139, gp: 0.167

--- iter tau=0.3720 ---
  cipher in : becfbabcbfbfbffcfbfb fffbdcbab fbfbc fbfbdbabf  b bfbfbdbabfbfbf
  decrypted :  eea b e a a aaea a faaa ee b fa a efa a e b aff f a a e b a a a
  real plain: aded a f eeda ee eecee e eae f ada cae a ae affeced e e ae bee b
  cipher in :  bcbcbfbfb  bcbacbcbdcbcfba bfbfbfba babcbcbaccbfbfd bcdfbffbabe
  decrypted : f e e a a ff e be e ee ea bf a a a bf b e e bee a aef eea aa b e
  real plain: a ade a a e e defe fe e be ead ace ecc ad ca cece deed e bea dca
[Rank 0] (epoch: 10, iters: 14272, time: 0.001, data: 0.001) , D_A: 0.277, G_A: 0.954, cycle_A: 0.100, D_B: 0.320, G_B: 1.029, cycle_B: 0.133, gp: 0.309

saving the latest model (epoch 10, total_iters 160000)
[Rank 0] (epoch: 10, iters: 15872, time: 0.001, data: 0.001) , D_A: 0.276, G_A: 0.849, cycle_A: 0.266, D_B: 0.238, G_B: 0.924, cycle_B: 0.143, gp: 0.226

learning rate 0.0002000 -> 0.0002000
temperature tau = 0.3600
End of epoch 10 / 50 	 Time Taken: 13 sec
[Rank 0] (epoch: 11, iters: 1280, time: 0.001, data: 0.000) , D_A: 0.318, G_A: 1.095, cycle_A: 0.108, D_B: 0.166, G_B: 1.046, cycle_B: 0.314, gp: 0.156

[Rank 0] (epoch: 11, iters: 2880, time: 0.001, data: 0.001) , D_A: 0.279, G_A: 1.015, cycle_A: 0.108, D_B: 0.211, G_B: 1.057, cycle_B: 0.323, gp: 0.203

[Rank 0] (epoch: 11, iters: 4480, time: 0.001, data: 0.001) , D_A: 1.234, G_A: 0.169, cycle_A: 4.424, D_B: 0.764, G_B: 0.812, cycle_B: 6.699, gp: 0.547

[Rank 0] (epoch: 11, iters: 6080, time: 0.001, data: 0.001) , D_A: 0.575, G_A: 0.244, cycle_A: 0.614, D_B: 1.010, G_B: 1.125, cycle_B: 0.721, gp: 0.525

[Rank 0] (epoch: 11, iters: 7680, time: 0.001, data: 0.001) , D_A: 0.313, G_A: 0.850, cycle_A: 0.510, D_B: 0.459, G_B: 0.672, cycle_B: 0.513, gp: 0.406

[Rank 0] (epoch: 11, iters: 9280, time: 0.001, data: 0.001) , D_A: 0.309, G_A: 0.834, cycle_A: 0.302, D_B: 0.357, G_B: 0.874, cycle_B: 0.239, gp: 0.328

[Rank 0] (epoch: 11, iters: 10880, time: 0.001, data: 0.001) , D_A: 0.252, G_A: 0.933, cycle_A: 0.284, D_B: 0.436, G_B: 1.023, cycle_B: 0.227, gp: 0.412

[Rank 0] (epoch: 11, iters: 12480, time: 0.001, data: 0.001) , D_A: 0.320, G_A: 0.985, cycle_A: 0.281, D_B: 0.313, G_B: 0.944, cycle_B: 0.210, gp: 0.294

[Rank 0] (epoch: 11, iters: 14080, time: 0.001, data: 0.001) , D_A: 0.449, G_A: 0.970, cycle_A: 0.281, D_B: 0.277, G_B: 0.883, cycle_B: 0.212, gp: 0.261

[Rank 0] (epoch: 11, iters: 15680, time: 0.001, data: 0.001) , D_A: 0.305, G_A: 1.048, cycle_A: 0.262, D_B: 0.275, G_B: 0.604, cycle_B: 0.216, gp: 0.238

learning rate 0.0002000 -> 0.0002000
temperature tau = 0.3484
End of epoch 11 / 50 	 Time Taken: 13 sec
[Rank 0] (epoch: 12, iters: 1088, time: 0.001, data: 0.000) , D_A: 0.300, G_A: 1.097, cycle_A: 0.293, D_B: 0.361, G_B: 1.204, cycle_B: 0.227, gp: 0.321

[Rank 0] (epoch: 12, iters: 2688, time: 0.001, data: 0.001) , D_A: 0.187, G_A: 1.051, cycle_A: 0.600, D_B: 0.590, G_B: 0.861, cycle_B: 0.232, gp: 0.299

[Rank 0] (epoch: 12, iters: 4288, time: 0.001, data: 0.001) , D_A: 0.308, G_A: 1.000, cycle_A: 0.280, D_B: 0.289, G_B: 1.003, cycle_B: 0.219, gp: 0.274

[Rank 0] (epoch: 12, iters: 5888, time: 0.001, data: 0.001) , D_A: 0.319, G_A: 0.990, cycle_A: 0.267, D_B: 0.295, G_B: 1.036, cycle_B: 0.212, gp: 0.285

[Rank 0] (epoch: 12, iters: 7488, time: 0.001, data: 0.001) , D_A: 0.215, G_A: 1.022, cycle_A: 0.272, D_B: 0.294, G_B: 0.987, cycle_B: 0.207, gp: 0.277

[Rank 0] (epoch: 12, iters: 9088, time: 0.001, data: 0.001) , D_A: 0.297, G_A: 0.986, cycle_A: 0.299, D_B: 0.366, G_B: 0.984, cycle_B: 0.214, gp: 0.355

[Rank 0] (epoch: 12, iters: 10688, time: 0.001, data: 0.001) , D_A: 0.261, G_A: 0.953, cycle_A: 0.311, D_B: 0.229, G_B: 1.031, cycle_B: 0.215, gp: 0.209

[Rank 0] (epoch: 12, iters: 12288, time: 0.001, data: 0.001) , D_A: 0.138, G_A: 0.904, cycle_A: 0.267, D_B: 0.349, G_B: 0.928, cycle_B: 0.222, gp: 0.331

[Rank 0] (epoch: 12, iters: 13888, time: 0.001, data: 0.001) , D_A: 0.432, G_A: 1.085, cycle_A: 0.279, D_B: 0.339, G_B: 1.051, cycle_B: 0.204, gp: 0.324

[Rank 0] (epoch: 12, iters: 15488, time: 0.001, data: 0.001) , D_A: 0.179, G_A: 1.054, cycle_A: 0.286, D_B: 0.263, G_B: 0.958, cycle_B: 0.211, gp: 0.253

learning rate 0.0002000 -> 0.0002000
temperature tau = 0.3371
End of epoch 12 / 50 	 Time Taken: 15 sec
[Rank 0] (epoch: 13, iters: 896, time: 0.001, data: 0.001) , D_A: 0.286, G_A: 1.007, cycle_A: 0.277, D_B: 0.313, G_B: 0.919, cycle_B: 0.214, gp: 0.297

[Rank 0] (epoch: 13, iters: 2496, time: 0.001, data: 0.000) , D_A: 0.272, G_A: 0.970, cycle_A: 0.791, D_B: 0.574, G_B: 0.296, cycle_B: 0.211, gp: 0.440

[Rank 0] (epoch: 13, iters: 4096, time: 0.001, data: 0.001) , D_A: 0.261, G_A: 0.931, cycle_A: 0.268, D_B: 0.272, G_B: 1.005, cycle_B: 0.226, gp: 0.257

--- iter tau=0.3371 ---
  cipher in : bfbfbcfbcfbfbffdbfbaffdfbffbcfb fcf bcbfcbdcbc bcf babfbebdcbc b
  decrypted :  a a ca ca a aae a baaea aa ca  aca  c ac ec c  ca  b a e ec c  
  real plain:  e a ba aae ad e abe e ecd abe eee ad a e dd ad e a e dd e d f e
  cipher in : b cbaf bebfbabfbfbabfbe fbfb fbc bcbcbf bfbcdbabcbcfbfffb bfbabe
  decrypted :   c ba  e a b a a b a e a a  a c  c c a  a ce b c ca aaa   a b e
  real plain:  bbe f c e e a ae bee e e e e added a cae ed ed ad cafca ee e f 
[Rank 0] (epoch: 13, iters: 5696, time: 0.001, data: 0.001) , D_A: 0.182, G_A: 0.977, cycle_A: 0.270, D_B: 0.232, G_B: 0.954, cycle_B: 0.210, gp: 0.222

saving the latest model (epoch 13, total_iters 200000)
[Rank 0] (epoch: 13, iters: 7296, time: 0.001, data: 0.001) , D_A: 0.353, G_A: 0.967, cycle_A: 0.282, D_B: 0.294, G_B: 1.025, cycle_B: 0.207, gp: 0.277

[Rank 0] (epoch: 13, iters: 8896, time: 0.001, data: 0.001) , D_A: 0.265, G_A: 0.971, cycle_A: 0.278, D_B: 0.240, G_B: 0.999, cycle_B: 0.214, gp: 0.231

[Rank 0] (epoch: 13, iters: 10496, time: 0.001, data: 0.001) , D_A: 0.284, G_A: 0.993, cycle_A: 0.285, D_B: 0.251, G_B: 0.961, cycle_B: 0.217, gp: 0.242

[Rank 0] (epoch: 13, iters: 12096, time: 0.001, data: 0.001) , D_A: 0.173, G_A: 1.215, cycle_A: 0.272, D_B: 0.282, G_B: 0.996, cycle_B: 0.223, gp: 0.270

[Rank 0] (epoch: 13, iters: 13696, time: 0.001, data: 0.001) , D_A: 0.201, G_A: 1.075, cycle_A: 0.278, D_B: 0.315, G_B: 0.990, cycle_B: 0.215, gp: 0.308

[Rank 0] (epoch: 13, iters: 15296, time: 0.001, data: 0.001) , D_A: 0.270, G_A: 0.962, cycle_A: 0.279, D_B: 0.266, G_B: 0.973, cycle_B: 0.212, gp: 0.259

learning rate 0.0002000 -> 0.0002000
temperature tau = 0.3262
End of epoch 13 / 50 	 Time Taken: 15 sec
[Rank 0] (epoch: 14, iters: 704, time: 0.001, data: 0.001) , D_A: 0.234, G_A: 0.951, cycle_A: 0.276, D_B: 0.319, G_B: 0.880, cycle_B: 0.214, gp: 0.302

[Rank 0] (epoch: 14, iters: 2304, time: 0.001, data: 0.000) , D_A: 0.285, G_A: 0.946, cycle_A: 0.291, D_B: 0.362, G_B: 0.883, cycle_B: 0.209, gp: 0.354

[Rank 0] (epoch: 14, iters: 3904, time: 0.001, data: 0.001) , D_A: 0.314, G_A: 0.771, cycle_A: 0.277, D_B: 0.288, G_B: 0.898, cycle_B: 0.219, gp: 0.264

[Rank 0] (epoch: 14, iters: 5504, time: 0.001, data: 0.001) , D_A: 0.279, G_A: 0.940, cycle_A: 0.270, D_B: 0.263, G_B: 0.876, cycle_B: 0.219, gp: 0.249

[Rank 0] (epoch: 14, iters: 7104, time: 0.001, data: 0.001) , D_A: 0.183, G_A: 0.961, cycle_A: 0.282, D_B: 0.273, G_B: 0.935, cycle_B: 0.211, gp: 0.264

[Rank 0] (epoch: 14, iters: 8704, time: 0.001, data: 0.001) , D_A: 0.235, G_A: 1.037, cycle_A: 0.269, D_B: 0.183, G_B: 0.944, cycle_B: 0.222, gp: 0.178

[Rank 0] (epoch: 14, iters: 10304, time: 0.001, data: 0.001) , D_A: 0.232, G_A: 0.943, cycle_A: 0.258, D_B: 0.217, G_B: 1.016, cycle_B: 0.219, gp: 0.209

[Rank 0] (epoch: 14, iters: 11904, time: 0.001, data: 0.001) , D_A: 0.128, G_A: 1.000, cycle_A: 0.284, D_B: 0.183, G_B: 0.912, cycle_B: 0.220, gp: 0.171

[Rank 0] (epoch: 14, iters: 13504, time: 0.001, data: 0.001) , D_A: 0.396, G_A: 0.997, cycle_A: 0.308, D_B: 0.222, G_B: 0.951, cycle_B: 0.207, gp: 0.216

[Rank 0] (epoch: 14, iters: 15104, time: 0.001, data: 0.001) , D_A: 0.233, G_A: 0.913, cycle_A: 0.270, D_B: 0.252, G_B: 1.086, cycle_B: 0.209, gp: 0.244

learning rate 0.0002000 -> 0.0002000
temperature tau = 0.3157
End of epoch 14 / 50 	 Time Taken: 15 sec
[Rank 0] (epoch: 15, iters: 512, time: 0.001, data: 0.001) , D_A: 0.293, G_A: 0.910, cycle_A: 0.274, D_B: 0.330, G_B: 0.995, cycle_B: 0.224, gp: 0.319

[Rank 0] (epoch: 15, iters: 2112, time: 0.001, data: 0.000) , D_A: 0.335, G_A: 0.899, cycle_A: 0.280, D_B: 0.228, G_B: 1.081, cycle_B: 0.207, gp: 0.219

[Rank 0] (epoch: 15, iters: 3712, time: 0.001, data: 0.001) , D_A: 0.304, G_A: 0.989, cycle_A: 0.271, D_B: 0.313, G_B: 0.924, cycle_B: 0.221, gp: 0.304

[Rank 0] (epoch: 15, iters: 5312, time: 0.001, data: 0.001) , D_A: 0.230, G_A: 1.031, cycle_A: 0.278, D_B: 0.256, G_B: 0.926, cycle_B: 0.217, gp: 0.248

[Rank 0] (epoch: 15, iters: 6912, time: 0.001, data: 0.001) , D_A: 0.345, G_A: 0.908, cycle_A: 0.283, D_B: 0.363, G_B: 1.026, cycle_B: 0.211, gp: 0.356

[Rank 0] (epoch: 15, iters: 8512, time: 0.001, data: 0.001) , D_A: 0.291, G_A: 0.953, cycle_A: 0.285, D_B: 0.226, G_B: 0.970, cycle_B: 0.227, gp: 0.220

[Rank 0] (epoch: 15, iters: 10112, time: 0.001, data: 0.001) , D_A: 0.221, G_A: 1.010, cycle_A: 0.279, D_B: 0.211, G_B: 0.939, cycle_B: 0.213, gp: 0.205

[Rank 0] (epoch: 15, iters: 11712, time: 0.001, data: 0.001) , D_A: 0.161, G_A: 0.855, cycle_A: 0.265, D_B: 0.197, G_B: 0.871, cycle_B: 0.213, gp: 0.183

--- iter tau=0.3157 ---
  cipher in : bc bfbdcf bfcbc bd bf cbcbff bab fbcbfbfbc babc bfbfffbabcbcfbcb
  decrypted :  c  a eca  ac c  e  a c c aa  b  a c a a c  b c  a aaa b c ca c 
  real plain: c ad e e a eaa d ea be bec e cd acabe e e f eae e ae ece f a a a
  cipher in : fbfc f bcbfbcbfcbcbfff bfbcbf bfbfbfcbfbffcbffbc beccbfbebabcb f
  decrypted : a ac a  c a c ac c aaa  a c a  a a ac a aac aa c  ecc a e b c  a
  real plain: fae aa e a defed e ee f cade bb dead a ae eae e aca e a ead a d 
[Rank 0] (epoch: 15, iters: 13312, time: 0.001, data: 0.001) , D_A: 0.293, G_A: 1.167, cycle_A: 0.288, D_B: 0.317, G_B: 0.907, cycle_B: 0.200, gp: 0.307

saving the latest model (epoch 15, total_iters 240000)
[Rank 0] (epoch: 15, iters: 14912, time: 0.001, data: 0.001) , D_A: 0.270, G_A: 1.032, cycle_A: 0.265, D_B: 0.232, G_B: 0.896, cycle_B: 0.211, gp: 0.218

learning rate 0.0002000 -> 0.0002000
temperature tau = 0.3055
End of epoch 15 / 50 	 Time Taken: 13 sec
[Rank 0] (epoch: 16, iters: 320, time: 0.001, data: 0.001) , D_A: 0.374, G_A: 0.535, cycle_A: 0.265, D_B: 0.294, G_B: 0.971, cycle_B: 0.224, gp: 0.285

[Rank 0] (epoch: 16, iters: 1920, time: 0.001, data: 0.001) , D_A: 0.212, G_A: 1.026, cycle_A: 0.278, D_B: 0.278, G_B: 0.968, cycle_B: 0.199, gp: 0.274

[Rank 0] (epoch: 16, iters: 3520, time: 0.001, data: 0.001) , D_A: 0.219, G_A: 0.982, cycle_A: 0.277, D_B: 0.268, G_B: 1.017, cycle_B: 0.206, gp: 0.256

[Rank 0] (epoch: 16, iters: 5120, time: 0.001, data: 0.001) , D_A: 0.280, G_A: 1.131, cycle_A: 0.277, D_B: 0.307, G_B: 1.012, cycle_B: 0.210, gp: 0.301

[Rank 0] (epoch: 16, iters: 6720, time: 0.001, data: 0.001) , D_A: 0.298, G_A: 1.000, cycle_A: 0.274, D_B: 0.202, G_B: 0.928, cycle_B: 0.210, gp: 0.195

[Rank 0] (epoch: 16, iters: 8320, time: 0.001, data: 0.001) , D_A: 0.279, G_A: 0.977, cycle_A: 0.287, D_B: 0.213, G_B: 0.955, cycle_B: 0.219, gp: 0.206

[Rank 0] (epoch: 16, iters: 9920, time: 0.001, data: 0.001) , D_A: 0.306, G_A: 1.247, cycle_A: 0.293, D_B: 0.260, G_B: 1.060, cycle_B: 0.213, gp: 0.249

[Rank 0] (epoch: 16, iters: 11520, time: 0.001, data: 0.001) , D_A: 0.223, G_A: 0.964, cycle_A: 0.278, D_B: 0.202, G_B: 0.921, cycle_B: 0.212, gp: 0.190

[Rank 0] (epoch: 16, iters: 13120, time: 0.001, data: 0.001) , D_A: 0.232, G_A: 1.010, cycle_A: 0.283, D_B: 0.273, G_B: 0.956, cycle_B: 0.203, gp: 0.265

[Rank 0] (epoch: 16, iters: 14720, time: 0.001, data: 0.001) , D_A: 0.225, G_A: 1.001, cycle_A: 0.285, D_B: 0.295, G_B: 0.944, cycle_B: 0.214, gp: 0.287

learning rate 0.0002000 -> 0.0002000
temperature tau = 0.2956
End of epoch 16 / 50 	 Time Taken: 13 sec
[Rank 0] (epoch: 17, iters: 128, time: 0.001, data: 0.001) , D_A: 0.207, G_A: 0.919, cycle_A: 0.276, D_B: 0.180, G_B: 0.955, cycle_B: 0.224, gp: 0.174

[Rank 0] (epoch: 17, iters: 1728, time: 0.001, data: 0.002) , D_A: 0.201, G_A: 0.944, cycle_A: 0.274, D_B: 0.289, G_B: 0.947, cycle_B: 0.199, gp: 0.281

[Rank 0] (epoch: 17, iters: 3328, time: 0.001, data: 0.001) , D_A: 0.157, G_A: 0.976, cycle_A: 0.276, D_B: 0.337, G_B: 0.941, cycle_B: 0.204, gp: 0.332

[Rank 0] (epoch: 17, iters: 4928, time: 0.001, data: 0.001) , D_A: 0.184, G_A: 0.932, cycle_A: 0.265, D_B: 0.262, G_B: 0.967, cycle_B: 0.208, gp: 0.255

[Rank 0] (epoch: 17, iters: 6528, time: 0.001, data: 0.001) , D_A: 0.324, G_A: 0.992, cycle_A: 0.277, D_B: 0.266, G_B: 0.836, cycle_B: 0.213, gp: 0.255

[Rank 0] (epoch: 17, iters: 8128, time: 0.001, data: 0.001) , D_A: 0.288, G_A: 0.992, cycle_A: 0.278, D_B: 0.237, G_B: 1.028, cycle_B: 0.210, gp: 0.229

[Rank 0] (epoch: 17, iters: 9728, time: 0.001, data: 0.001) , D_A: 0.184, G_A: 0.985, cycle_A: 0.284, D_B: 0.242, G_B: 0.735, cycle_B: 0.217, gp: 0.218

[Rank 0] (epoch: 17, iters: 11328, time: 0.001, data: 0.001) , D_A: 0.153, G_A: 0.945, cycle_A: 0.278, D_B: 0.258, G_B: 1.059, cycle_B: 0.214, gp: 0.251

[Rank 0] (epoch: 17, iters: 12928, time: 0.001, data: 0.001) , D_A: 0.219, G_A: 0.940, cycle_A: 0.277, D_B: 0.271, G_B: 0.898, cycle_B: 0.202, gp: 0.264

[Rank 0] (epoch: 17, iters: 14528, time: 0.001, data: 0.001) , D_A: 0.162, G_A: 1.024, cycle_A: 0.278, D_B: 0.290, G_B: 0.802, cycle_B: 0.218, gp: 0.273

[Rank 0] (epoch: 17, iters: 16128, time: 0.001, data: 0.001) , D_A: 0.202, G_A: 0.936, cycle_A: 0.265, D_B: 0.267, G_B: 1.002, cycle_B: 0.208, gp: 0.261

learning rate 0.0002000 -> 0.0002000
temperature tau = 0.2861
End of epoch 17 / 50 	 Time Taken: 13 sec
[Rank 0] (epoch: 18, iters: 1536, time: 0.001, data: 0.000) , D_A: 0.222, G_A: 0.838, cycle_A: 0.269, D_B: 0.249, G_B: 0.909, cycle_B: 0.218, gp: 0.243

[Rank 0] (epoch: 18, iters: 3136, time: 0.001, data: 0.001) , D_A: 0.207, G_A: 0.874, cycle_A: 0.271, D_B: 0.259, G_B: 0.995, cycle_B: 0.201, gp: 0.249

--- iter tau=0.2861 ---
  cipher in : bcbabfbfbcbaccbabcbc bfbc bf bfd bfbecbfbaabcbcfdbcdbcbae bdfbfb
  decrypted :  c b a a c bcc b c c  a c  a  ae  a ec a bb c cae ce c be  ea a 
  real plain: eae e dec ad ade f dec aca acce e ae ead aeabe eaee ae e c fce a
  cipher in : c bfb cdfbfbfff bcbabcbfdbabc bfbcdadbabfcefbecb bcfbffbffbcdbef
  decrypted : c  a  cea a aaa  c b c ae b c  a cebe b acea ec   ca aa aa ce ea
  real plain: f a edea daa cee ee e cd eae e e f bd e face f e ea ef eeed e ee
[Rank 0] (epoch: 18, iters: 4736, time: 0.001, data: 0.001) , D_A: 0.256, G_A: 0.860, cycle_A: 0.274, D_B: 0.318, G_B: 0.984, cycle_B: 0.206, gp: 0.312

saving the latest model (epoch 18, total_iters 280000)
[Rank 0] (epoch: 18, iters: 6336, time: 0.001, data: 0.001) , D_A: 0.215, G_A: 1.086, cycle_A: 0.264, D_B: 0.260, G_B: 0.728, cycle_B: 0.214, gp: 0.238

[Rank 0] (epoch: 18, iters: 7936, time: 0.001, data: 0.001) , D_A: 0.297, G_A: 1.226, cycle_A: 0.282, D_B: 0.300, G_B: 0.912, cycle_B: 0.210, gp: 0.289

[Rank 0] (epoch: 18, iters: 9536, time: 0.001, data: 0.001) , D_A: 0.229, G_A: 1.077, cycle_A: 0.270, D_B: 0.334, G_B: 0.957, cycle_B: 0.217, gp: 0.328

[Rank 0] (epoch: 18, iters: 11136, time: 0.001, data: 0.001) , D_A: 0.285, G_A: 1.004, cycle_A: 0.278, D_B: 0.235, G_B: 1.018, cycle_B: 0.215, gp: 0.231

[Rank 0] (epoch: 18, iters: 12736, time: 0.001, data: 0.001) , D_A: 0.224, G_A: 0.999, cycle_A: 0.283, D_B: 0.253, G_B: 0.963, cycle_B: 0.205, gp: 0.249

[Rank 0] (epoch: 18, iters: 14336, time: 0.001, data: 0.001) , D_A: 0.330, G_A: 0.924, cycle_A: 0.279, D_B: 0.256, G_B: 0.982, cycle_B: 0.200, gp: 0.252

[Rank 0] (epoch: 18, iters: 15936, time: 0.001, data: 0.001) , D_A: 0.205, G_A: 1.011, cycle_A: 0.276, D_B: 0.198, G_B: 0.963, cycle_B: 0.209, gp: 0.194

learning rate 0.0002000 -> 0.0002000
temperature tau = 0.2768
End of epoch 18 / 50 	 Time Taken: 16 sec
[Rank 0] (epoch: 19, iters: 1344, time: 0.001, data: 0.001) , D_A: 0.297, G_A: 0.979, cycle_A: 0.273, D_B: 0.232, G_B: 1.013, cycle_B: 0.220, gp: 0.229

[Rank 0] (epoch: 19, iters: 2944, time: 0.001, data: 0.001) , D_A: 0.247, G_A: 0.972, cycle_A: 0.271, D_B: 0.281, G_B: 0.884, cycle_B: 0.215, gp: 0.267

[Rank 0] (epoch: 19, iters: 4544, time: 0.001, data: 0.001) , D_A: 0.173, G_A: 0.941, cycle_A: 0.272, D_B: 0.200, G_B: 0.965, cycle_B: 0.219, gp: 0.196

[Rank 0] (epoch: 19, iters: 6144, time: 0.001, data: 0.001) , D_A: 0.183, G_A: 0.941, cycle_A: 0.266, D_B: 0.298, G_B: 0.936, cycle_B: 0.212, gp: 0.292

[Rank 0] (epoch: 19, iters: 7744, time: 0.001, data: 0.001) , D_A: 0.141, G_A: 0.938, cycle_A: 0.282, D_B: 0.290, G_B: 1.026, cycle_B: 0.208, gp: 0.282

[Rank 0] (epoch: 19, iters: 9344, time: 0.001, data: 0.001) , D_A: 0.178, G_A: 0.945, cycle_A: 0.274, D_B: 0.230, G_B: 1.004, cycle_B: 0.219, gp: 0.226

[Rank 0] (epoch: 19, iters: 10944, time: 0.001, data: 0.001) , D_A: 0.276, G_A: 0.938, cycle_A: 0.283, D_B: 0.217, G_B: 0.975, cycle_B: 0.215, gp: 0.206

[Rank 0] (epoch: 19, iters: 12544, time: 0.001, data: 0.001) , D_A: 0.244, G_A: 0.956, cycle_A: 0.281, D_B: 0.288, G_B: 0.924, cycle_B: 0.205, gp: 0.281

[Rank 0] (epoch: 19, iters: 14144, time: 0.001, data: 0.001) , D_A: 0.218, G_A: 0.957, cycle_A: 0.279, D_B: 0.164, G_B: 1.002, cycle_B: 0.201, gp: 0.158

[Rank 0] (epoch: 19, iters: 15744, time: 0.001, data: 0.001) , D_A: 0.241, G_A: 1.018, cycle_A: 0.274, D_B: 0.247, G_B: 0.944, cycle_B: 0.211, gp: 0.241

learning rate 0.0002000 -> 0.0002000
temperature tau = 0.2679
End of epoch 19 / 50 	 Time Taken: 13 sec
[Rank 0] (epoch: 20, iters: 1152, time: 0.001, data: 0.001) , D_A: 0.257, G_A: 0.997, cycle_A: 0.283, D_B: 0.235, G_B: 0.912, cycle_B: 0.220, gp: 0.227

[Rank 0] (epoch: 20, iters: 2752, time: 0.001, data: 0.001) , D_A: 0.212, G_A: 1.030, cycle_A: 0.284, D_B: 0.155, G_B: 0.973, cycle_B: 0.212, gp: 0.150

[Rank 0] (epoch: 20, iters: 4352, time: 0.001, data: 0.001) , D_A: 0.235, G_A: 0.990, cycle_A: 0.280, D_B: 0.217, G_B: 1.034, cycle_B: 0.218, gp: 0.209

[Rank 0] (epoch: 20, iters: 5952, time: 0.001, data: 0.001) , D_A: 0.194, G_A: 0.860, cycle_A: 0.271, D_B: 0.265, G_B: 0.970, cycle_B: 0.213, gp: 0.259

[Rank 0] (epoch: 20, iters: 7552, time: 0.001, data: 0.001) , D_A: 0.186, G_A: 1.007, cycle_A: 0.276, D_B: 0.299, G_B: 0.947, cycle_B: 0.207, gp: 0.293

[Rank 0] (epoch: 20, iters: 9152, time: 0.001, data: 0.001) , D_A: 0.252, G_A: 0.985, cycle_A: 0.285, D_B: 0.182, G_B: 0.970, cycle_B: 0.212, gp: 0.176

[Rank 0] (epoch: 20, iters: 10752, time: 0.001, data: 0.001) , D_A: 0.335, G_A: 0.937, cycle_A: 0.269, D_B: 0.247, G_B: 0.959, cycle_B: 0.214, gp: 0.242

--- iter tau=0.2679 ---
  cipher in : cbabcbff bebacfbffbfdccbcf befcbc bfbfbcbefb df bfbfbcebcbfdfb b
  decrypted : c b c aa  e bca aa aecc ca  eac c  a a c ea  ea  a a ce c aea   
  real plain: e a aae f f adece ead e ae a a dee f a ebc e ebc e ae d a ee f c
  cipher in : b bfbffb abdfbcbe fbdcbdbffbefbcbcbfbfbecdbfb cbabfbcfbfbfbacbef
  decrypted :    a aa  b ea c e a ec e aa ea c c a a ece a  c b a ca a a bc ea
  real plain:  ac f afa ad eee eeae a ca f e deee f ade ad a f a e ae eabe ee 
[Rank 0] (epoch: 20, iters: 12352, time: 0.001, data: 0.001) , D_A: 0.156, G_A: 1.008, cycle_A: 0.279, D_B: 0.271, G_B: 0.966, cycle_B: 0.205, gp: 0.266

saving the latest model (epoch 20, total_iters 320000)
[Rank 0] (epoch: 20, iters: 13952, time: 0.001, data: 0.001) , D_A: 0.232, G_A: 0.984, cycle_A: 0.276, D_B: 0.236, G_B: 0.950, cycle_B: 0.200, gp: 0.231

[Rank 0] (epoch: 20, iters: 15552, time: 0.001, data: 0.001) , D_A: 0.342, G_A: 0.886, cycle_A: 0.261, D_B: 0.274, G_B: 0.879, cycle_B: 0.206, gp: 0.261

learning rate 0.0002000 -> 0.0002000
temperature tau = 0.2592
End of epoch 20 / 50 	 Time Taken: 13 sec
[Rank 0] (epoch: 21, iters: 960, time: 0.001, data: 0.001) , D_A: 0.322, G_A: 1.088, cycle_A: 0.269, D_B: 0.269, G_B: 0.970, cycle_B: 0.209, gp: 0.262

[Rank 0] (epoch: 21, iters: 2560, time: 0.001, data: 0.001) , D_A: 0.212, G_A: 0.883, cycle_A: 0.283, D_B: 0.196, G_B: 0.996, cycle_B: 0.207, gp: 0.192

[Rank 0] (epoch: 21, iters: 4160, time: 0.001, data: 0.001) , D_A: 0.249, G_A: 1.023, cycle_A: 0.283, D_B: 0.340, G_B: 0.929, cycle_B: 0.218, gp: 0.334

[Rank 0] (epoch: 21, iters: 5760, time: 0.001, data: 0.001) , D_A: 0.256, G_A: 0.973, cycle_A: 0.274, D_B: 0.245, G_B: 0.986, cycle_B: 0.212, gp: 0.240

[Rank 0] (epoch: 21, iters: 7360, time: 0.001, data: 0.001) , D_A: 0.373, G_A: 0.978, cycle_A: 0.272, D_B: 0.201, G_B: 0.938, cycle_B: 0.208, gp: 0.195

[Rank 0] (epoch: 21, iters: 8960, time: 0.001, data: 0.001) , D_A: 0.293, G_A: 0.921, cycle_A: 0.278, D_B: 0.281, G_B: 1.061, cycle_B: 0.212, gp: 0.272

[Rank 0] (epoch: 21, iters: 10560, time: 0.001, data: 0.001) , D_A: 0.284, G_A: 0.953, cycle_A: 0.280, D_B: 0.307, G_B: 0.942, cycle_B: 0.216, gp: 0.304

[Rank 0] (epoch: 21, iters: 12160, time: 0.001, data: 0.001) , D_A: 0.231, G_A: 0.967, cycle_A: 0.264, D_B: 0.184, G_B: 0.947, cycle_B: 0.218, gp: 0.176

[Rank 0] (epoch: 21, iters: 13760, time: 0.001, data: 0.001) , D_A: 0.250, G_A: 1.134, cycle_A: 0.277, D_B: 0.303, G_B: 1.008, cycle_B: 0.205, gp: 0.298

[Rank 0] (epoch: 21, iters: 15360, time: 0.001, data: 0.001) , D_A: 0.209, G_A: 1.031, cycle_A: 0.272, D_B: 0.254, G_B: 0.974, cycle_B: 0.209, gp: 0.252

learning rate 0.0002000 -> 0.0002000
temperature tau = 0.2508
End of epoch 21 / 50 	 Time Taken: 13 sec
[Rank 0] (epoch: 22, iters: 768, time: 0.001, data: 0.000) , D_A: 0.275, G_A: 0.932, cycle_A: 0.265, D_B: 0.430, G_B: 1.169, cycle_B: 0.212, gp: 0.402

[Rank 0] (epoch: 22, iters: 2368, time: 0.001, data: 0.000) , D_A: 0.230, G_A: 1.029, cycle_A: 0.275, D_B: 0.347, G_B: 0.954, cycle_B: 0.210, gp: 0.333

[Rank 0] (epoch: 22, iters: 3968, time: 0.001, data: 0.001) , D_A: 0.121, G_A: 0.953, cycle_A: 0.270, D_B: 0.302, G_B: 0.956, cycle_B: 0.218, gp: 0.292

[Rank 0] (epoch: 22, iters: 5568, time: 0.001, data: 0.001) , D_A: 0.213, G_A: 0.973, cycle_A: 0.281, D_B: 0.293, G_B: 0.964, cycle_B: 0.213, gp: 0.285

[Rank 0] (epoch: 22, iters: 7168, time: 0.001, data: 0.001) , D_A: 0.317, G_A: 0.961, cycle_A: 0.274, D_B: 0.207, G_B: 0.989, cycle_B: 0.210, gp: 0.201

[Rank 0] (epoch: 22, iters: 8768, time: 0.001, data: 0.001) , D_A: 0.258, G_A: 1.010, cycle_A: 0.275, D_B: 0.256, G_B: 1.013, cycle_B: 0.213, gp: 0.248

[Rank 0] (epoch: 22, iters: 10368, time: 0.001, data: 0.001) , D_A: 0.223, G_A: 0.941, cycle_A: 0.285, D_B: 0.204, G_B: 0.929, cycle_B: 0.215, gp: 0.201

[Rank 0] (epoch: 22, iters: 11968, time: 0.001, data: 0.001) , D_A: 0.197, G_A: 0.988, cycle_A: 0.274, D_B: 0.231, G_B: 0.971, cycle_B: 0.220, gp: 0.227

[Rank 0] (epoch: 22, iters: 13568, time: 0.001, data: 0.001) , D_A: 0.210, G_A: 0.975, cycle_A: 0.280, D_B: 0.206, G_B: 0.965, cycle_B: 0.207, gp: 0.200

[Rank 0] (epoch: 22, iters: 15168, time: 0.001, data: 0.001) , D_A: 0.180, G_A: 0.938, cycle_A: 0.286, D_B: 0.251, G_B: 0.978, cycle_B: 0.210, gp: 0.248

learning rate 0.0002000 -> 0.0002000
temperature tau = 0.2427
End of epoch 22 / 50 	 Time Taken: 13 sec
[Rank 0] (epoch: 23, iters: 576, time: 0.001, data: 0.001) , D_A: 0.231, G_A: 0.896, cycle_A: 0.274, D_B: 0.251, G_B: 0.952, cycle_B: 0.210, gp: 0.242

[Rank 0] (epoch: 23, iters: 2176, time: 0.001, data: 0.000) , D_A: 0.281, G_A: 1.000, cycle_A: 0.275, D_B: 0.324, G_B: 0.980, cycle_B: 0.208, gp: 0.320

--- iter tau=0.2427 ---
  cipher in : ffbcbfbdfbc bdfbfbfbfc bcbcbfbfcbfbfdf bdfbcbff bfbc bcbc bfbf b
  decrypted : aa c a ea c  ea a a ac  c c a ac a aea  ea c aa  a c  c c  a a  
  real plain: d f e d a d ad a ded a ea ad ea ed ac e ae e e aa ead b e a a d 
  cipher in : bfbcbfbfbcbfbfbfbaabcbc  cbfb befafbfbadbefcbdcbffbffbfdfbfbfbcb
  decrypted :  a c a a c a a a bb c c  c a   eaba a be eac ec aa aa aea a a c 
  real plain: af aed ff e d a cdeabe e e ed e ece befe f a dffc e af e ee f e 
[Rank 0] (epoch: 23, iters: 3776, time: 0.001, data: 0.001) , D_A: 0.316, G_A: 0.781, cycle_A: 0.277, D_B: 0.212, G_B: 0.937, cycle_B: 0.219, gp: 0.205

saving the latest model (epoch 23, total_iters 360000)
[Rank 0] (epoch: 23, iters: 5376, time: 0.001, data: 0.001) , D_A: 0.216, G_A: 0.983, cycle_A: 0.275, D_B: 0.289, G_B: 0.919, cycle_B: 0.217, gp: 0.282

[Rank 0] (epoch: 23, iters: 6976, time: 0.001, data: 0.001) , D_A: 0.267, G_A: 0.956, cycle_A: 0.276, D_B: 0.208, G_B: 1.017, cycle_B: 0.208, gp: 0.203

[Rank 0] (epoch: 23, iters: 8576, time: 0.001, data: 0.001) , D_A: 0.320, G_A: 1.093, cycle_A: 0.283, D_B: 0.161, G_B: 0.982, cycle_B: 0.220, gp: 0.155

[Rank 0] (epoch: 23, iters: 10176, time: 0.001, data: 0.001) , D_A: 0.285, G_A: 0.959, cycle_A: 0.271, D_B: 0.263, G_B: 1.011, cycle_B: 0.213, gp: 0.257

[Rank 0] (epoch: 23, iters: 11776, time: 0.001, data: 0.001) , D_A: 0.212, G_A: 0.991, cycle_A: 0.278, D_B: 0.258, G_B: 1.011, cycle_B: 0.216, gp: 0.254

[Rank 0] (epoch: 23, iters: 13376, time: 0.001, data: 0.001) , D_A: 0.236, G_A: 1.050, cycle_A: 0.277, D_B: 0.146, G_B: 0.986, cycle_B: 0.206, gp: 0.142

[Rank 0] (epoch: 23, iters: 14976, time: 0.001, data: 0.001) , D_A: 0.363, G_A: 0.961, cycle_A: 0.279, D_B: 0.147, G_B: 0.996, cycle_B: 0.211, gp: 0.144

learning rate 0.0002000 -> 0.0002000
temperature tau = 0.2349
End of epoch 23 / 50 	 Time Taken: 13 sec
[Rank 0] (epoch: 24, iters: 384, time: 0.001, data: 0.001) , D_A: 0.197, G_A: 0.960, cycle_A: 0.285, D_B: 0.212, G_B: 0.952, cycle_B: 0.226, gp: 0.205

[Rank 0] (epoch: 24, iters: 1984, time: 0.001, data: 0.002) , D_A: 0.256, G_A: 1.011, cycle_A: 0.284, D_B: 0.320, G_B: 1.049, cycle_B: 0.200, gp: 0.316

[Rank 0] (epoch: 24, iters: 3584, time: 0.001, data: 0.001) , D_A: 0.310, G_A: 0.943, cycle_A: 0.292, D_B: 0.275, G_B: 0.976, cycle_B: 0.201, gp: 0.271

[Rank 0] (epoch: 24, iters: 5184, time: 0.001, data: 0.001) , D_A: 0.242, G_A: 0.997, cycle_A: 0.279, D_B: 0.305, G_B: 0.840, cycle_B: 0.215, gp: 0.286

[Rank 0] (epoch: 24, iters: 6784, time: 0.001, data: 0.001) , D_A: 0.400, G_A: 1.032, cycle_A: 0.263, D_B: 0.298, G_B: 1.104, cycle_B: 0.209, gp: 0.291

[Rank 0] (epoch: 24, iters: 8384, time: 0.001, data: 0.001) , D_A: 0.195, G_A: 1.014, cycle_A: 0.281, D_B: 0.239, G_B: 1.072, cycle_B: 0.222, gp: 0.227

[Rank 0] (epoch: 24, iters: 9984, time: 0.001, data: 0.001) , D_A: 0.246, G_A: 0.900, cycle_A: 0.274, D_B: 0.236, G_B: 1.001, cycle_B: 0.217, gp: 0.232

[Rank 0] (epoch: 24, iters: 11584, time: 0.001, data: 0.001) , D_A: 0.295, G_A: 0.978, cycle_A: 0.284, D_B: 0.193, G_B: 0.986, cycle_B: 0.211, gp: 0.189

[Rank 0] (epoch: 24, iters: 13184, time: 0.001, data: 0.001) , D_A: 0.202, G_A: 0.972, cycle_A: 0.284, D_B: 0.250, G_B: 1.037, cycle_B: 0.203, gp: 0.245

[Rank 0] (epoch: 24, iters: 14784, time: 0.001, data: 0.001) , D_A: 0.233, G_A: 1.045, cycle_A: 0.282, D_B: 0.232, G_B: 0.952, cycle_B: 0.216, gp: 0.228

learning rate 0.0002000 -> 0.0002000
temperature tau = 0.2273
End of epoch 24 / 50 	 Time Taken: 16 sec
[Rank 0] (epoch: 25, iters: 192, time: 0.001, data: 0.001) , D_A: 0.207, G_A: 1.113, cycle_A: 0.266, D_B: 0.220, G_B: 1.097, cycle_B: 0.227, gp: 0.204

[Rank 0] (epoch: 25, iters: 1792, time: 0.001, data: 0.001) , D_A: 0.241, G_A: 0.622, cycle_A: 0.270, D_B: 0.223, G_B: 0.991, cycle_B: 0.198, gp: 0.219

[Rank 0] (epoch: 25, iters: 3392, time: 0.001, data: 0.001) , D_A: 0.198, G_A: 1.011, cycle_A: 0.281, D_B: 0.287, G_B: 0.963, cycle_B: 0.204, gp: 0.284

[Rank 0] (epoch: 25, iters: 4992, time: 0.001, data: 0.001) , D_A: 0.238, G_A: 0.982, cycle_A: 0.276, D_B: 0.298, G_B: 0.956, cycle_B: 0.207, gp: 0.294

[Rank 0] (epoch: 25, iters: 6592, time: 0.001, data: 0.001) , D_A: 0.273, G_A: 0.992, cycle_A: 0.279, D_B: 0.266, G_B: 0.965, cycle_B: 0.209, gp: 0.262

[Rank 0] (epoch: 25, iters: 8192, time: 0.001, data: 0.001) , D_A: 0.233, G_A: 0.990, cycle_A: 0.265, D_B: 0.221, G_B: 1.155, cycle_B: 0.212, gp: 0.209

[Rank 0] (epoch: 25, iters: 9792, time: 0.001, data: 0.001) , D_A: 0.170, G_A: 0.935, cycle_A: 0.264, D_B: 0.347, G_B: 0.939, cycle_B: 0.212, gp: 0.342

--- iter tau=0.2273 ---
  cipher in : ffbcbacdbdcbabffdbfbabfbebcfbcbcbdfcbfbefbdf bebcbddfbfbfbfbfbf 
  decrypted : aa d bde ed b aae a b a e da d d ead a ea ea  e d eea a a a a a 
  real plain: ea b de aeed a e eae ad a a e b e cd aee ee e e ee a d a bad fec
  cipher in : cfbab  cbcfbfb ccbfff bddbcbdfbdcbcbabcbcbdbcfcfbc bfbf babcbff 
  decrypted : da b   d da a  dd aaa  ee d ea ed d b d d e dada d  a a  b d aa 
  real plain:  e e e d e ca b e dd e a e f e ad de a e a d ad e ca d fd ad ae 
[Rank 0] (epoch: 25, iters: 11392, time: 0.001, data: 0.001) , D_A: 0.263, G_A: 0.967, cycle_A: 0.277, D_B: 0.247, G_B: 0.936, cycle_B: 0.212, gp: 0.243

saving the latest model (epoch 25, total_iters 400000)
[Rank 0] (epoch: 25, iters: 12992, time: 0.001, data: 0.001) , D_A: 0.288, G_A: 0.960, cycle_A: 0.276, D_B: 0.274, G_B: 0.988, cycle_B: 0.202, gp: 0.266

[Rank 0] (epoch: 25, iters: 14592, time: 0.001, data: 0.002) , D_A: 0.256, G_A: 0.957, cycle_A: 0.267, D_B: 0.247, G_B: 1.013, cycle_B: 0.212, gp: 0.240

[Rank 0] (epoch: 25, iters: 16192, time: 0.001, data: 0.001) , D_A: 0.492, G_A: 1.284, cycle_A: 0.266, D_B: 0.388, G_B: 1.072, cycle_B: 0.208, gp: 0.382

learning rate 0.0002000 -> 0.0002000
temperature tau = 0.2200
End of epoch 25 / 50 	 Time Taken: 16 sec
[Rank 0] (epoch: 26, iters: 1600, time: 0.001, data: 0.140) , D_A: 0.265, G_A: 0.967, cycle_A: 0.278, D_B: 0.213, G_B: 1.058, cycle_B: 0.201, gp: 0.206

[Rank 0] (epoch: 26, iters: 3200, time: 0.001, data: 0.001) , D_A: 0.197, G_A: 0.967, cycle_A: 0.272, D_B: 0.251, G_B: 1.008, cycle_B: 0.201, gp: 0.246

[Rank 0] (epoch: 26, iters: 4800, time: 0.001, data: 0.001) , D_A: 0.231, G_A: 1.001, cycle_A: 0.289, D_B: 0.315, G_B: 1.034, cycle_B: 0.208, gp: 0.307

[Rank 0] (epoch: 26, iters: 6400, time: 0.001, data: 0.001) , D_A: 0.282, G_A: 0.971, cycle_A: 0.272, D_B: 0.193, G_B: 0.913, cycle_B: 0.212, gp: 0.187

[Rank 0] (epoch: 26, iters: 8000, time: 0.001, data: 0.001) , D_A: 0.211, G_A: 1.063, cycle_A: 0.270, D_B: 0.182, G_B: 0.883, cycle_B: 0.213, gp: 0.169

[Rank 0] (epoch: 26, iters: 9600, time: 0.001, data: 0.001) , D_A: 0.290, G_A: 0.890, cycle_A: 0.267, D_B: 0.235, G_B: 0.961, cycle_B: 0.216, gp: 0.230

[Rank 0] (epoch: 26, iters: 11200, time: 0.001, data: 0.001) , D_A: 0.170, G_A: 1.092, cycle_A: 0.286, D_B: 0.247, G_B: 0.832, cycle_B: 0.214, gp: 0.243

[Rank 0] (epoch: 26, iters: 12800, time: 0.001, data: 0.001) , D_A: 0.223, G_A: 0.935, cycle_A: 0.272, D_B: 0.218, G_B: 0.975, cycle_B: 0.204, gp: 0.214

[Rank 0] (epoch: 26, iters: 14400, time: 0.001, data: 0.001) , D_A: 0.251, G_A: 0.866, cycle_A: 0.278, D_B: 0.242, G_B: 1.073, cycle_B: 0.217, gp: 0.230

[Rank 0] (epoch: 26, iters: 16000, time: 0.001, data: 0.001) , D_A: 0.287, G_A: 0.965, cycle_A: 0.284, D_B: 0.245, G_B: 0.967, cycle_B: 0.208, gp: 0.240

learning rate 0.0002000 -> 0.0002000
temperature tau = 0.2129
End of epoch 26 / 50 	 Time Taken: 15 sec
[Rank 0] (epoch: 27, iters: 1408, time: 0.001, data: 0.001) , D_A: 0.233, G_A: 1.022, cycle_A: 0.291, D_B: 0.332, G_B: 0.943, cycle_B: 0.216, gp: 0.329

[Rank 0] (epoch: 27, iters: 3008, time: 0.001, data: 0.001) , D_A: 0.158, G_A: 0.975, cycle_A: 0.270, D_B: 0.180, G_B: 0.977, cycle_B: 0.213, gp: 0.174

[Rank 0] (epoch: 27, iters: 4608, time: 0.001, data: 0.001) , D_A: 0.300, G_A: 0.835, cycle_A: 0.267, D_B: 0.216, G_B: 0.991, cycle_B: 0.216, gp: 0.211

[Rank 0] (epoch: 27, iters: 6208, time: 0.001, data: 0.001) , D_A: 0.318, G_A: 1.010, cycle_A: 0.281, D_B: 0.327, G_B: 0.865, cycle_B: 0.210, gp: 0.318

[Rank 0] (epoch: 27, iters: 7808, time: 0.001, data: 0.001) , D_A: 0.207, G_A: 0.976, cycle_A: 0.276, D_B: 0.189, G_B: 0.912, cycle_B: 0.208, gp: 0.183

[Rank 0] (epoch: 27, iters: 9408, time: 0.001, data: 0.001) , D_A: 0.581, G_A: 0.340, cycle_A: 0.281, D_B: 0.289, G_B: 0.974, cycle_B: 0.219, gp: 0.285

[Rank 0] (epoch: 27, iters: 11008, time: 0.001, data: 0.001) , D_A: 0.299, G_A: 0.964, cycle_A: 0.273, D_B: 0.252, G_B: 0.932, cycle_B: 0.214, gp: 0.247

[Rank 0] (epoch: 27, iters: 12608, time: 0.001, data: 0.001) , D_A: 0.210, G_A: 0.974, cycle_A: 0.276, D_B: 0.205, G_B: 1.027, cycle_B: 0.204, gp: 0.203

[Rank 0] (epoch: 27, iters: 14208, time: 0.001, data: 0.001) , D_A: 0.243, G_A: 0.947, cycle_A: 0.279, D_B: 0.351, G_B: 1.063, cycle_B: 0.200, gp: 0.344

[Rank 0] (epoch: 27, iters: 15808, time: 0.001, data: 0.001) , D_A: 0.268, G_A: 0.902, cycle_A: 0.275, D_B: 0.197, G_B: 1.006, cycle_B: 0.209, gp: 0.189

learning rate 0.0002000 -> 0.0002000
temperature tau = 0.2060
End of epoch 27 / 50 	 Time Taken: 13 sec
[Rank 0] (epoch: 28, iters: 1216, time: 0.001, data: 0.001) , D_A: 0.221, G_A: 0.901, cycle_A: 0.295, D_B: 0.193, G_B: 1.164, cycle_B: 0.216, gp: 0.179

--- iter tau=0.2060 ---
  cipher in : fdf bcbfbefbabcbfcdbdcbefbf bebc cfb fdffbcfbc bfabcbff befbfff 
  decrypted : aea  d a ea b d ade ed ea a  e d da  aeaa da d  ab d aa  ea aaa 
  real plain: a ae e fa a ece b caed d eace d a ded ae ee ca ad ca f c a ea f 
  cipher in : cb aaffbdbffbfbddfb fbefbcbcfbc bcbcbcfbcbc beffbccbcbdbdfbffcbc
  decrypted : d  bbaa e aa a eea  a ea d da d  d d da d d  eaa dd d e ea aad d
  real plain: c ee f e eaa adad eaa e eaa ee e aded c a defed a e a f ac ee f 
[Rank 0] (epoch: 28, iters: 2816, time: 0.001, data: 0.001) , D_A: 0.275, G_A: 0.939, cycle_A: 0.271, D_B: 0.239, G_B: 0.913, cycle_B: 0.213, gp: 0.234

saving the latest model (epoch 28, total_iters 440000)
[Rank 0] (epoch: 28, iters: 4416, time: 0.001, data: 0.001) , D_A: 0.274, G_A: 0.913, cycle_A: 0.273, D_B: 0.270, G_B: 1.048, cycle_B: 0.219, gp: 0.263

[Rank 0] (epoch: 28, iters: 6016, time: 0.001, data: 0.001) , D_A: 0.256, G_A: 0.907, cycle_A: 0.273, D_B: 0.252, G_B: 0.907, cycle_B: 0.210, gp: 0.242

[Rank 0] (epoch: 28, iters: 7616, time: 0.001, data: 0.001) , D_A: 0.317, G_A: 0.968, cycle_A: 0.278, D_B: 0.295, G_B: 0.933, cycle_B: 0.206, gp: 0.288

[Rank 0] (epoch: 28, iters: 9216, time: 0.001, data: 0.001) , D_A: 0.300, G_A: 0.964, cycle_A: 0.278, D_B: 0.301, G_B: 0.947, cycle_B: 0.212, gp: 0.298

[Rank 0] (epoch: 28, iters: 10816, time: 0.001, data: 0.001) , D_A: 0.218, G_A: 0.972, cycle_A: 0.285, D_B: 0.380, G_B: 0.913, cycle_B: 0.214, gp: 0.373

[Rank 0] (epoch: 28, iters: 12416, time: 0.001, data: 0.001) , D_A: 0.254, G_A: 0.974, cycle_A: 0.283, D_B: 0.275, G_B: 1.061, cycle_B: 0.205, gp: 0.270

[Rank 0] (epoch: 28, iters: 14016, time: 0.001, data: 0.001) , D_A: 0.301, G_A: 0.898, cycle_A: 0.270, D_B: 0.284, G_B: 0.912, cycle_B: 0.200, gp: 0.278

[Rank 0] (epoch: 28, iters: 15616, time: 0.001, data: 0.001) , D_A: 0.215, G_A: 1.043, cycle_A: 0.265, D_B: 0.227, G_B: 0.961, cycle_B: 0.208, gp: 0.222

learning rate 0.0002000 -> 0.0002000
temperature tau = 0.1993
End of epoch 28 / 50 	 Time Taken: 13 sec
[Rank 0] (epoch: 29, iters: 1024, time: 0.001, data: 0.000) , D_A: 0.246, G_A: 0.927, cycle_A: 0.284, D_B: 0.251, G_B: 0.921, cycle_B: 0.209, gp: 0.247

[Rank 0] (epoch: 29, iters: 2624, time: 0.001, data: 0.001) , D_A: 0.243, G_A: 0.939, cycle_A: 0.286, D_B: 0.202, G_B: 0.994, cycle_B: 0.212, gp: 0.199

[Rank 0] (epoch: 29, iters: 4224, time: 0.001, data: 0.001) , D_A: 0.307, G_A: 0.934, cycle_A: 0.273, D_B: 0.149, G_B: 1.145, cycle_B: 0.216, gp: 0.130

[Rank 0] (epoch: 29, iters: 5824, time: 0.001, data: 0.001) , D_A: 0.240, G_A: 0.980, cycle_A: 0.273, D_B: 0.246, G_B: 0.994, cycle_B: 0.210, gp: 0.242

[Rank 0] (epoch: 29, iters: 7424, time: 0.001, data: 0.001) , D_A: 0.251, G_A: 0.967, cycle_A: 0.272, D_B: 0.242, G_B: 1.022, cycle_B: 0.205, gp: 0.237

[Rank 0] (epoch: 29, iters: 9024, time: 0.001, data: 0.001) , D_A: 0.366, G_A: 0.949, cycle_A: 0.272, D_B: 0.292, G_B: 0.827, cycle_B: 0.214, gp: 0.279

[Rank 0] (epoch: 29, iters: 10624, time: 0.001, data: 0.001) , D_A: 0.336, G_A: 0.997, cycle_A: 0.270, D_B: 0.226, G_B: 0.929, cycle_B: 0.214, gp: 0.219

[Rank 0] (epoch: 29, iters: 12224, time: 0.001, data: 0.001) , D_A: 0.325, G_A: 0.885, cycle_A: 0.289, D_B: 0.223, G_B: 1.055, cycle_B: 0.217, gp: 0.219

[Rank 0] (epoch: 29, iters: 13824, time: 0.001, data: 0.001) , D_A: 0.204, G_A: 0.936, cycle_A: 0.288, D_B: 0.202, G_B: 0.837, cycle_B: 0.206, gp: 0.196

[Rank 0] (epoch: 29, iters: 15424, time: 0.001, data: 0.001) , D_A: 0.232, G_A: 0.854, cycle_A: 0.273, D_B: 0.276, G_B: 1.050, cycle_B: 0.207, gp: 0.274

learning rate 0.0002000 -> 0.0002000
temperature tau = 0.1929
End of epoch 29 / 50 	 Time Taken: 13 sec
[Rank 0] (epoch: 30, iters: 832, time: 0.001, data: 0.000) , D_A: 0.272, G_A: 0.796, cycle_A: 0.273, D_B: 0.188, G_B: 1.066, cycle_B: 0.210, gp: 0.181

[Rank 0] (epoch: 30, iters: 2432, time: 0.001, data: 0.000) , D_A: 0.330, G_A: 0.982, cycle_A: 0.275, D_B: 0.353, G_B: 0.851, cycle_B: 0.208, gp: 0.345

[Rank 0] (epoch: 30, iters: 4032, time: 0.001, data: 0.001) , D_A: 0.251, G_A: 1.131, cycle_A: 0.277, D_B: 0.260, G_B: 1.029, cycle_B: 0.217, gp: 0.253

[Rank 0] (epoch: 30, iters: 5632, time: 0.001, data: 0.001) , D_A: 0.303, G_A: 0.892, cycle_A: 0.285, D_B: 0.236, G_B: 0.946, cycle_B: 0.214, gp: 0.233

[Rank 0] (epoch: 30, iters: 7232, time: 0.001, data: 0.001) , D_A: 0.282, G_A: 0.873, cycle_A: 0.277, D_B: 0.249, G_B: 0.992, cycle_B: 0.207, gp: 0.242

[Rank 0] (epoch: 30, iters: 8832, time: 0.001, data: 0.001) , D_A: 0.359, G_A: 1.006, cycle_A: 0.275, D_B: 0.199, G_B: 0.982, cycle_B: 0.212, gp: 0.195

--- iter tau=0.1929 ---
  cipher in : fbcbdfbcbdff bfbcbcbfbc bcdf bdbfbcbe bfbcbfc bebebf baabdcba f 
  decrypted : a d ea d eaa  a d d a d  dea  e a d e  a d ad  e e a  bb ed b a 
  real plain:  eac b a ce f c a a eed a ae faa e dee cfe f e e cac aea a ee eb
  cipher in : fbfcf bc fbcbdbcbcbfbd bfcba bcbafbcbcbffbddbfbf bcbfb fbdcabfbc
  decrypted : a ada  d a d e d d a e  ad b  d ba d d aa ee a a  d a  a edb a d
  real plain: f e cee e d e ed f eac a dcae ee f dffeece beee e cd e ae ad e c
[Rank 0] (epoch: 30, iters: 10432, time: 0.001, data: 0.001) , D_A: 0.324, G_A: 0.941, cycle_A: 0.268, D_B: 0.176, G_B: 0.984, cycle_B: 0.215, gp: 0.173

saving the latest model (epoch 30, total_iters 480000)
[Rank 0] (epoch: 30, iters: 12032, time: 0.001, data: 0.001) , D_A: 0.245, G_A: 0.982, cycle_A: 0.272, D_B: 0.344, G_B: 0.963, cycle_B: 0.217, gp: 0.341

[Rank 0] (epoch: 30, iters: 13632, time: 0.001, data: 0.001) , D_A: 0.283, G_A: 1.017, cycle_A: 0.283, D_B: 0.274, G_B: 0.952, cycle_B: 0.205, gp: 0.270

[Rank 0] (epoch: 30, iters: 15232, time: 0.001, data: 0.001) , D_A: 0.217, G_A: 0.921, cycle_A: 0.287, D_B: 0.307, G_B: 1.016, cycle_B: 0.209, gp: 0.303

learning rate 0.0002000 -> 0.0002000
temperature tau = 0.1867
End of epoch 30 / 50 	 Time Taken: 16 sec
[Rank 0] (epoch: 31, iters: 640, time: 0.001, data: 0.001) , D_A: 0.221, G_A: 1.010, cycle_A: 0.269, D_B: 0.204, G_B: 1.206, cycle_B: 0.211, gp: 0.161

[Rank 0] (epoch: 31, iters: 2240, time: 0.001, data: 0.000) , D_A: 0.312, G_A: 0.930, cycle_A: 0.275, D_B: 0.301, G_B: 0.917, cycle_B: 0.208, gp: 0.297

[Rank 0] (epoch: 31, iters: 3840, time: 0.001, data: 0.001) , D_A: 0.253, G_A: 1.020, cycle_A: 0.279, D_B: 0.267, G_B: 0.941, cycle_B: 0.219, gp: 0.263

[Rank 0] (epoch: 31, iters: 5440, time: 0.001, data: 0.001) , D_A: 0.349, G_A: 0.918, cycle_A: 0.283, D_B: 0.156, G_B: 0.980, cycle_B: 0.213, gp: 0.149

[Rank 0] (epoch: 31, iters: 7040, time: 0.001, data: 0.001) , D_A: 0.237, G_A: 1.006, cycle_A: 0.272, D_B: 0.245, G_B: 0.988, cycle_B: 0.208, gp: 0.243

[Rank 0] (epoch: 31, iters: 8640, time: 0.001, data: 0.001) , D_A: 0.201, G_A: 0.963, cycle_A: 0.275, D_B: 0.186, G_B: 0.985, cycle_B: 0.221, gp: 0.184

[Rank 0] (epoch: 31, iters: 10240, time: 0.001, data: 0.001) , D_A: 0.277, G_A: 0.725, cycle_A: 0.264, D_B: 0.234, G_B: 0.863, cycle_B: 0.214, gp: 0.227

[Rank 0] (epoch: 31, iters: 11840, time: 0.001, data: 0.001) , D_A: 0.304, G_A: 0.842, cycle_A: 0.292, D_B: 0.255, G_B: 1.024, cycle_B: 0.218, gp: 0.248

[Rank 0] (epoch: 31, iters: 13440, time: 0.001, data: 0.001) , D_A: 0.285, G_A: 0.941, cycle_A: 0.269, D_B: 0.223, G_B: 0.991, cycle_B: 0.206, gp: 0.219

[Rank 0] (epoch: 31, iters: 15040, time: 0.001, data: 0.001) , D_A: 0.252, G_A: 0.918, cycle_A: 0.272, D_B: 0.226, G_B: 1.011, cycle_B: 0.210, gp: 0.223

learning rate 0.0002000 -> 0.0002000
temperature tau = 0.1806
End of epoch 31 / 50 	 Time Taken: 16 sec
[Rank 0] (epoch: 32, iters: 448, time: 0.001, data: 0.001) , D_A: 0.340, G_A: 0.932, cycle_A: 0.275, D_B: 0.231, G_B: 0.901, cycle_B: 0.225, gp: 0.226

[Rank 0] (epoch: 32, iters: 2048, time: 0.001, data: 0.001) , D_A: 0.187, G_A: 0.901, cycle_A: 0.273, D_B: 0.241, G_B: 0.907, cycle_B: 0.197, gp: 0.233

[Rank 0] (epoch: 32, iters: 3648, time: 0.001, data: 0.001) , D_A: 0.253, G_A: 0.889, cycle_A: 0.278, D_B: 0.279, G_B: 0.976, cycle_B: 0.219, gp: 0.275

[Rank 0] (epoch: 32, iters: 5248, time: 0.001, data: 0.001) , D_A: 0.204, G_A: 0.921, cycle_A: 0.279, D_B: 0.176, G_B: 0.966, cycle_B: 0.215, gp: 0.173

[Rank 0] (epoch: 32, iters: 6848, time: 0.001, data: 0.001) , D_A: 0.197, G_A: 1.009, cycle_A: 0.270, D_B: 0.520, G_B: 0.919, cycle_B: 0.208, gp: 0.385

[Rank 0] (epoch: 32, iters: 8448, time: 0.001, data: 0.001) , D_A: 0.300, G_A: 0.976, cycle_A: 0.281, D_B: 0.336, G_B: 1.001, cycle_B: 0.220, gp: 0.327

[Rank 0] (epoch: 32, iters: 10048, time: 0.001, data: 0.001) , D_A: 0.289, G_A: 0.943, cycle_A: 0.280, D_B: 0.210, G_B: 0.921, cycle_B: 0.211, gp: 0.205

[Rank 0] (epoch: 32, iters: 11648, time: 0.001, data: 0.001) , D_A: 0.210, G_A: 0.963, cycle_A: 0.284, D_B: 0.264, G_B: 0.962, cycle_B: 0.211, gp: 0.259

[Rank 0] (epoch: 32, iters: 13248, time: 0.001, data: 0.001) , D_A: 0.284, G_A: 0.827, cycle_A: 0.283, D_B: 0.281, G_B: 0.958, cycle_B: 0.200, gp: 0.277

[Rank 0] (epoch: 32, iters: 14848, time: 0.001, data: 0.001) , D_A: 0.278, G_A: 0.929, cycle_A: 0.272, D_B: 0.341, G_B: 0.826, cycle_B: 0.215, gp: 0.331

learning rate 0.0002000 -> 0.0002000
temperature tau = 0.1748
End of epoch 32 / 50 	 Time Taken: 16 sec
[Rank 0] (epoch: 33, iters: 256, time: 0.001, data: 0.001) , D_A: 0.267, G_A: 0.948, cycle_A: 0.277, D_B: 0.234, G_B: 0.904, cycle_B: 0.224, gp: 0.223

--- iter tau=0.1748 ---
  cipher in : ccffbcbebcbfbcbfbabfb dbafbabcbfbcbfbabfb db db bfdfbcb db fbc b
  decrypted : ccaa c e c a c a b a  e ba b c a c a b a  e  e   aea c  e  a c  
  real plain:  ae d d d beee b ad bceced ea be ad ad ea e ae ae dca ffe ecea e
  cipher in : babfcdfbc bfcecbfb  fbfba bffbfb  fbabcfbabcbccbcb fdfbcb fdcf b
  decrypted :  b acea c  acec a   a a b  aa a   a b ca b c cc c  aea c  aeca  
  real plain: afa ad a a ee a e ad aed e aed e ad a a e ad ade e ed e a e ee f
[Rank 0] (epoch: 33, iters: 1856, time: 0.001, data: 0.003) , D_A: 0.312, G_A: 0.698, cycle_A: 0.282, D_B: 0.407, G_B: 0.947, cycle_B: 0.202, gp: 0.403

saving the latest model (epoch 33, total_iters 520000)
[Rank 0] (epoch: 33, iters: 3456, time: 0.001, data: 0.001) , D_A: 0.352, G_A: 0.982, cycle_A: 0.286, D_B: 0.328, G_B: 1.015, cycle_B: 0.200, gp: 0.323

[Rank 0] (epoch: 33, iters: 5056, time: 0.001, data: 0.001) , D_A: 0.372, G_A: 0.849, cycle_A: 0.276, D_B: 0.299, G_B: 0.967, cycle_B: 0.207, gp: 0.295

[Rank 0] (epoch: 33, iters: 6656, time: 0.001, data: 0.001) , D_A: 0.224, G_A: 1.032, cycle_A: 0.269, D_B: 0.321, G_B: 0.993, cycle_B: 0.210, gp: 0.319

[Rank 0] (epoch: 33, iters: 8256, time: 0.001, data: 0.001) , D_A: 0.328, G_A: 0.878, cycle_A: 0.270, D_B: 0.220, G_B: 0.943, cycle_B: 0.219, gp: 0.214

[Rank 0] (epoch: 33, iters: 9856, time: 0.001, data: 0.001) , D_A: 0.262, G_A: 1.016, cycle_A: 0.276, D_B: 0.180, G_B: 0.987, cycle_B: 0.210, gp: 0.177

[Rank 0] (epoch: 33, iters: 11456, time: 0.001, data: 0.001) , D_A: 0.195, G_A: 0.986, cycle_A: 0.280, D_B: 0.250, G_B: 0.998, cycle_B: 0.211, gp: 0.245

[Rank 0] (epoch: 33, iters: 13056, time: 0.001, data: 0.001) , D_A: 0.287, G_A: 0.807, cycle_A: 0.269, D_B: 0.219, G_B: 0.802, cycle_B: 0.199, gp: 0.198

[Rank 0] (epoch: 33, iters: 14656, time: 0.001, data: 0.001) , D_A: 0.208, G_A: 0.996, cycle_A: 0.268, D_B: 0.201, G_B: 0.929, cycle_B: 0.213, gp: 0.196

learning rate 0.0002000 -> 0.0002000
temperature tau = 0.1691
End of epoch 33 / 50 	 Time Taken: 16 sec
[Rank 0] (epoch: 34, iters: 64, time: 0.001, data: 0.001) , D_A: 0.255, G_A: 0.855, cycle_A: 0.272, D_B: 0.320, G_B: 0.974, cycle_B: 0.224, gp: 0.315

[Rank 0] (epoch: 34, iters: 1664, time: 0.001, data: 0.000) , D_A: 0.224, G_A: 0.916, cycle_A: 0.283, D_B: 0.237, G_B: 1.013, cycle_B: 0.198, gp: 0.234

[Rank 0] (epoch: 34, iters: 3264, time: 0.001, data: 0.001) , D_A: 0.213, G_A: 0.976, cycle_A: 0.279, D_B: 0.298, G_B: 0.980, cycle_B: 0.201, gp: 0.295

[Rank 0] (epoch: 34, iters: 4864, time: 0.001, data: 0.001) , D_A: 0.308, G_A: 0.992, cycle_A: 0.279, D_B: 0.218, G_B: 1.086, cycle_B: 0.206, gp: 0.211

[Rank 0] (epoch: 34, iters: 6464, time: 0.001, data: 0.001) , D_A: 0.201, G_A: 0.959, cycle_A: 0.271, D_B: 0.223, G_B: 1.071, cycle_B: 0.210, gp: 0.215

[Rank 0] (epoch: 34, iters: 8064, time: 0.001, data: 0.001) , D_A: 0.167, G_A: 0.900, cycle_A: 0.277, D_B: 0.204, G_B: 0.902, cycle_B: 0.208, gp: 0.200

[Rank 0] (epoch: 34, iters: 9664, time: 0.001, data: 0.001) , D_A: 0.235, G_A: 0.928, cycle_A: 0.258, D_B: 0.255, G_B: 0.919, cycle_B: 0.216, gp: 0.249

[Rank 0] (epoch: 34, iters: 11264, time: 0.001, data: 0.001) , D_A: 0.572, G_A: 0.528, cycle_A: 0.286, D_B: 0.280, G_B: 0.965, cycle_B: 0.215, gp: 0.276

[Rank 0] (epoch: 34, iters: 12864, time: 0.001, data: 0.001) , D_A: 0.495, G_A: 0.851, cycle_A: 0.278, D_B: 0.195, G_B: 0.909, cycle_B: 0.205, gp: 0.190

[Rank 0] (epoch: 34, iters: 14464, time: 0.001, data: 0.001) , D_A: 0.280, G_A: 0.938, cycle_A: 0.264, D_B: 0.191, G_B: 0.951, cycle_B: 0.213, gp: 0.188

[Rank 0] (epoch: 34, iters: 16064, time: 0.001, data: 0.001) , D_A: 0.226, G_A: 0.925, cycle_A: 0.287, D_B: 0.337, G_B: 0.805, cycle_B: 0.209, gp: 0.319

learning rate 0.0002000 -> 0.0002000
temperature tau = 0.1637
End of epoch 34 / 50 	 Time Taken: 13 sec
[Rank 0] (epoch: 35, iters: 1472, time: 0.001, data: 0.000) , D_A: 0.239, G_A: 0.916, cycle_A: 0.276, D_B: 0.305, G_B: 1.009, cycle_B: 0.216, gp: 0.299

[Rank 0] (epoch: 35, iters: 3072, time: 0.001, data: 0.001) , D_A: 0.203, G_A: 0.949, cycle_A: 0.265, D_B: 0.255, G_B: 0.957, cycle_B: 0.213, gp: 0.249

[Rank 0] (epoch: 35, iters: 4672, time: 0.001, data: 0.001) , D_A: 0.256, G_A: 0.988, cycle_A: 0.275, D_B: 0.238, G_B: 0.821, cycle_B: 0.206, gp: 0.232

[Rank 0] (epoch: 35, iters: 6272, time: 0.001, data: 0.001) , D_A: 0.276, G_A: 0.994, cycle_A: 0.276, D_B: 0.251, G_B: 0.970, cycle_B: 0.210, gp: 0.248

[Rank 0] (epoch: 35, iters: 7872, time: 0.001, data: 0.001) , D_A: 0.263, G_A: 0.995, cycle_A: 0.271, D_B: 0.263, G_B: 0.832, cycle_B: 0.208, gp: 0.253

--- iter tau=0.1637 ---
  cipher in : fbcb fcfbf cdfbdfbffbffbfbabcfb bec bcfb bacdfbddbcbcfbcbcabefcb
  decrypted : a d  ada a dea ea aa aa a b da   ed  da   bdea ee d da d db ead 
  real plain: e c ee ae fded ad b cd f ab ad ebe e ee eae cfc e eaa ecc ce ad 
  cipher in : dbfdfbfdff bfbcbabaffb fff bebfbdbcbefbabcb ffcbc bddbffabcbefba
  decrypted : e aea aeaa  a d b baa  aaa  e a e d ea b d  aad d  ee aab d ea b
  real plain:  ca a ab fd a e de ffe f a ec a a aeca e ae ece fea be cadd efea
[Rank 0] (epoch: 35, iters: 9472, time: 0.001, data: 0.001) , D_A: 0.258, G_A: 0.974, cycle_A: 0.266, D_B: 0.299, G_B: 1.031, cycle_B: 0.216, gp: 0.294

saving the latest model (epoch 35, total_iters 560000)
[Rank 0] (epoch: 35, iters: 11072, time: 0.001, data: 0.001) , D_A: 0.248, G_A: 0.882, cycle_A: 0.264, D_B: 0.281, G_B: 0.986, cycle_B: 0.214, gp: 0.276

[Rank 0] (epoch: 35, iters: 12672, time: 0.001, data: 0.001) , D_A: 0.282, G_A: 0.960, cycle_A: 0.278, D_B: 0.330, G_B: 1.009, cycle_B: 0.204, gp: 0.326

[Rank 0] (epoch: 35, iters: 14272, time: 0.001, data: 0.001) , D_A: 0.335, G_A: 0.942, cycle_A: 0.270, D_B: 0.214, G_B: 0.913, cycle_B: 0.213, gp: 0.208

[Rank 0] (epoch: 35, iters: 15872, time: 0.001, data: 0.001) , D_A: 0.311, G_A: 1.001, cycle_A: 0.266, D_B: 0.284, G_B: 0.994, cycle_B: 0.207, gp: 0.275

learning rate 0.0002000 -> 0.0002000
temperature tau = 0.1584
End of epoch 35 / 50 	 Time Taken: 13 sec
[Rank 0] (epoch: 36, iters: 1280, time: 0.001, data: 0.000) , D_A: 0.169, G_A: 0.907, cycle_A: 0.269, D_B: 0.191, G_B: 0.941, cycle_B: 0.217, gp: 0.188

[Rank 0] (epoch: 36, iters: 2880, time: 0.001, data: 0.001) , D_A: 0.204, G_A: 0.895, cycle_A: 0.271, D_B: 0.225, G_B: 0.995, cycle_B: 0.212, gp: 0.220

[Rank 0] (epoch: 36, iters: 4480, time: 0.001, data: 0.001) , D_A: 0.326, G_A: 0.964, cycle_A: 0.274, D_B: 0.202, G_B: 0.934, cycle_B: 0.216, gp: 0.199

[Rank 0] (epoch: 36, iters: 6080, time: 0.001, data: 0.001) , D_A: 0.220, G_A: 0.954, cycle_A: 0.285, D_B: 0.233, G_B: 1.028, cycle_B: 0.209, gp: 0.226

[Rank 0] (epoch: 36, iters: 7680, time: 0.001, data: 0.001) , D_A: 0.262, G_A: 0.976, cycle_A: 0.272, D_B: 0.263, G_B: 0.991, cycle_B: 0.205, gp: 0.261

[Rank 0] (epoch: 36, iters: 9280, time: 0.001, data: 0.001) , D_A: 0.345, G_A: 1.007, cycle_A: 0.278, D_B: 0.243, G_B: 0.836, cycle_B: 0.216, gp: 0.231

[Rank 0] (epoch: 36, iters: 10880, time: 0.001, data: 0.001) , D_A: 0.250, G_A: 0.853, cycle_A: 0.282, D_B: 0.251, G_B: 0.855, cycle_B: 0.215, gp: 0.243

[Rank 0] (epoch: 36, iters: 12480, time: 0.001, data: 0.001) , D_A: 0.242, G_A: 0.961, cycle_A: 0.267, D_B: 0.263, G_B: 1.012, cycle_B: 0.204, gp: 0.261

[Rank 0] (epoch: 36, iters: 14080, time: 0.001, data: 0.001) , D_A: 0.204, G_A: 0.983, cycle_A: 0.289, D_B: 0.218, G_B: 1.004, cycle_B: 0.199, gp: 0.214

[Rank 0] (epoch: 36, iters: 15680, time: 0.001, data: 0.001) , D_A: 0.246, G_A: 0.502, cycle_A: 0.290, D_B: 0.195, G_B: 0.937, cycle_B: 0.207, gp: 0.190

learning rate 0.0002000 -> 0.0002000
temperature tau = 0.1533
End of epoch 36 / 50 	 Time Taken: 13 sec
[Rank 0] (epoch: 37, iters: 1088, time: 0.001, data: 0.000) , D_A: 0.253, G_A: 0.971, cycle_A: 0.279, D_B: 0.221, G_B: 1.037, cycle_B: 0.217, gp: 0.214

[Rank 0] (epoch: 37, iters: 2688, time: 0.001, data: 0.001) , D_A: 0.215, G_A: 0.973, cycle_A: 0.269, D_B: 0.271, G_B: 0.779, cycle_B: 0.212, gp: 0.264

[Rank 0] (epoch: 37, iters: 4288, time: 0.001, data: 0.001) , D_A: 0.277, G_A: 0.937, cycle_A: 0.278, D_B: 0.241, G_B: 1.096, cycle_B: 0.216, gp: 0.232

[Rank 0] (epoch: 37, iters: 5888, time: 0.001, data: 0.001) , D_A: 0.242, G_A: 0.961, cycle_A: 0.271, D_B: 0.179, G_B: 0.941, cycle_B: 0.211, gp: 0.175

[Rank 0] (epoch: 37, iters: 7488, time: 0.001, data: 0.001) , D_A: 0.168, G_A: 0.971, cycle_A: 0.267, D_B: 0.263, G_B: 1.026, cycle_B: 0.204, gp: 0.257

[Rank 0] (epoch: 37, iters: 9088, time: 0.001, data: 0.001) , D_A: 0.293, G_A: 0.974, cycle_A: 0.273, D_B: 0.171, G_B: 1.038, cycle_B: 0.212, gp: 0.167

[Rank 0] (epoch: 37, iters: 10688, time: 0.001, data: 0.001) , D_A: 0.306, G_A: 0.949, cycle_A: 0.260, D_B: 0.225, G_B: 1.222, cycle_B: 0.212, gp: 0.200

[Rank 0] (epoch: 37, iters: 12288, time: 0.001, data: 0.001) , D_A: 0.204, G_A: 0.926, cycle_A: 0.284, D_B: 0.217, G_B: 0.964, cycle_B: 0.217, gp: 0.214

[Rank 0] (epoch: 37, iters: 13888, time: 0.001, data: 0.001) , D_A: 0.377, G_A: 0.807, cycle_A: 0.288, D_B: 0.284, G_B: 1.018, cycle_B: 0.199, gp: 0.275

[Rank 0] (epoch: 37, iters: 15488, time: 0.001, data: 0.001) , D_A: 0.270, G_A: 0.826, cycle_A: 0.267, D_B: 0.228, G_B: 0.994, cycle_B: 0.208, gp: 0.224

learning rate 0.0002000 -> 0.0002000
temperature tau = 0.1483
End of epoch 37 / 50 	 Time Taken: 16 sec
--- iter tau=0.1483 ---
  cipher in : bafbacfbaf b bcbfcdcbf bc bcbacbafcfbcbfbebdf bcbdfbfbf bcbc bff
  decrypted :  ba bda ba    d aded a  d  d bd bada d a e ea  d ea a a  d d  aa
  real plain: e eea aa d be ade a de aa a bee ed ad a caab deeed add a f fed a
  cipher in : cbfddcbc bfbcb bebfbcfbffbacbffbfbabffbfbcdcbfb fbc b fbc bfbdf 
  decrypted : d aeed d  a d   e a da aa bd aa a b aa a ded a  a d   a d  a ea 
  real plain:  e b f be e face a e f a e de e ee caed fbea a caed aa ee e e a 
[Rank 0] (epoch: 38, iters: 896, time: 0.001, data: 0.001) , D_A: 0.265, G_A: 0.901, cycle_A: 0.283, D_B: 0.146, G_B: 0.950, cycle_B: 0.210, gp: 0.143

saving the latest model (epoch 38, total_iters 600000)
[Rank 0] (epoch: 38, iters: 2496, time: 0.001, data: 0.000) , D_A: 0.243, G_A: 0.858, cycle_A: 0.272, D_B: 0.293, G_B: 0.864, cycle_B: 0.208, gp: 0.286

[Rank 0] (epoch: 38, iters: 4096, time: 0.001, data: 0.001) , D_A: 0.240, G_A: 0.962, cycle_A: 0.262, D_B: 0.267, G_B: 0.912, cycle_B: 0.218, gp: 0.262

[Rank 0] (epoch: 38, iters: 5696, time: 0.001, data: 0.001) , D_A: 0.258, G_A: 0.992, cycle_A: 0.285, D_B: 0.267, G_B: 1.023, cycle_B: 0.210, gp: 0.264

[Rank 0] (epoch: 38, iters: 7296, time: 0.001, data: 0.001) , D_A: 0.180, G_A: 0.937, cycle_A: 0.270, D_B: 0.224, G_B: 0.964, cycle_B: 0.205, gp: 0.222

[Rank 0] (epoch: 38, iters: 8896, time: 0.001, data: 0.001) , D_A: 0.203, G_A: 1.038, cycle_A: 0.276, D_B: 0.280, G_B: 0.933, cycle_B: 0.211, gp: 0.277

[Rank 0] (epoch: 38, iters: 10496, time: 0.001, data: 0.001) , D_A: 0.371, G_A: 0.930, cycle_A: 0.279, D_B: 0.209, G_B: 0.970, cycle_B: 0.214, gp: 0.207

[Rank 0] (epoch: 38, iters: 12096, time: 0.001, data: 0.001) , D_A: 0.308, G_A: 0.831, cycle_A: 0.269, D_B: 0.170, G_B: 0.865, cycle_B: 0.217, gp: 0.162

[Rank 0] (epoch: 38, iters: 13696, time: 0.001, data: 0.001) , D_A: 0.257, G_A: 0.992, cycle_A: 0.271, D_B: 0.203, G_B: 0.992, cycle_B: 0.206, gp: 0.197

[Rank 0] (epoch: 38, iters: 15296, time: 0.001, data: 0.001) , D_A: 0.226, G_A: 0.841, cycle_A: 0.273, D_B: 0.310, G_B: 0.914, cycle_B: 0.210, gp: 0.302

learning rate 0.0002000 -> 0.0002000
temperature tau = 0.1435
End of epoch 38 / 50 	 Time Taken: 13 sec
[Rank 0] (epoch: 39, iters: 704, time: 0.001, data: 0.001) , D_A: 0.253, G_A: 0.935, cycle_A: 0.269, D_B: 0.276, G_B: 0.954, cycle_B: 0.209, gp: 0.273

[Rank 0] (epoch: 39, iters: 2304, time: 0.001, data: 0.000) , D_A: 0.271, G_A: 0.921, cycle_A: 0.283, D_B: 0.251, G_B: 1.032, cycle_B: 0.207, gp: 0.244

[Rank 0] (epoch: 39, iters: 3904, time: 0.001, data: 0.001) , D_A: 0.237, G_A: 0.964, cycle_A: 0.282, D_B: 0.199, G_B: 0.883, cycle_B: 0.219, gp: 0.191

[Rank 0] (epoch: 39, iters: 5504, time: 0.001, data: 0.001) , D_A: 0.333, G_A: 0.988, cycle_A: 0.278, D_B: 0.233, G_B: 0.958, cycle_B: 0.214, gp: 0.229

[Rank 0] (epoch: 39, iters: 7104, time: 0.001, data: 0.001) , D_A: 0.231, G_A: 0.931, cycle_A: 0.273, D_B: 0.207, G_B: 0.922, cycle_B: 0.208, gp: 0.200

[Rank 0] (epoch: 39, iters: 8704, time: 0.001, data: 0.001) , D_A: 0.352, G_A: 0.984, cycle_A: 0.261, D_B: 0.205, G_B: 0.976, cycle_B: 0.219, gp: 0.202

[Rank 0] (epoch: 39, iters: 10304, time: 0.001, data: 0.001) , D_A: 0.287, G_A: 0.903, cycle_A: 0.283, D_B: 0.204, G_B: 0.989, cycle_B: 0.214, gp: 0.198

[Rank 0] (epoch: 39, iters: 11904, time: 0.001, data: 0.001) , D_A: 0.263, G_A: 0.902, cycle_A: 0.278, D_B: 0.215, G_B: 0.989, cycle_B: 0.216, gp: 0.210

[Rank 0] (epoch: 39, iters: 13504, time: 0.001, data: 0.001) , D_A: 0.317, G_A: 1.068, cycle_A: 0.270, D_B: 0.223, G_B: 0.932, cycle_B: 0.206, gp: 0.218

[Rank 0] (epoch: 39, iters: 15104, time: 0.001, data: 0.001) , D_A: 0.339, G_A: 0.864, cycle_A: 0.283, D_B: 0.211, G_B: 0.889, cycle_B: 0.209, gp: 0.206

learning rate 0.0002000 -> 0.0002000
temperature tau = 0.1389
End of epoch 39 / 50 	 Time Taken: 13 sec
[Rank 0] (epoch: 40, iters: 512, time: 0.001, data: 0.001) , D_A: 0.158, G_A: 0.897, cycle_A: 0.271, D_B: 0.282, G_B: 0.986, cycle_B: 0.224, gp: 0.279

[Rank 0] (epoch: 40, iters: 2112, time: 0.001, data: 0.000) , D_A: 0.294, G_A: 1.025, cycle_A: 0.269, D_B: 0.237, G_B: 1.031, cycle_B: 0.207, gp: 0.233

[Rank 0] (epoch: 40, iters: 3712, time: 0.001, data: 0.001) , D_A: 0.255, G_A: 0.958, cycle_A: 0.270, D_B: 0.276, G_B: 1.030, cycle_B: 0.218, gp: 0.271

[Rank 0] (epoch: 40, iters: 5312, time: 0.001, data: 0.001) , D_A: 0.317, G_A: 1.113, cycle_A: 0.280, D_B: 0.226, G_B: 0.974, cycle_B: 0.218, gp: 0.221

[Rank 0] (epoch: 40, iters: 6912, time: 0.001, data: 0.001) , D_A: 0.380, G_A: 0.972, cycle_A: 0.272, D_B: 0.203, G_B: 1.022, cycle_B: 0.209, gp: 0.201

--- iter tau=0.1389 ---
  cipher in : fbcbfb ba bccbefcbccbdccbdfbcbfbfbebfbfbfbcf bfbcbcbcfc bcbdfbab
  decrypted : a c a   b  cc eac cc ecc ea c a a e a a a ca  a c c cac  c ea b 
  real plain: e c ee ae fded ad b cd f ab ad ebe e ee eae cfc e eaa ecc ce ad 
  cipher in : fbdbcfbfbfcfbfbabfbcfbff babcbaaec cb dbfbacbc bc  bfbcbccc fbdf
  decrypted : a e ca a aca a b a ca aa  b c bbec c  e a bc c  c   a c ccc a ea
  real plain: eee a ad eceae a a a ce ea eed ae eb dde e e ad c ea f f ee eaed
[Rank 0] (epoch: 40, iters: 8512, time: 0.001, data: 0.001) , D_A: 0.261, G_A: 0.924, cycle_A: 0.280, D_B: 0.230, G_B: 0.892, cycle_B: 0.219, gp: 0.219

saving the latest model (epoch 40, total_iters 640000)
[Rank 0] (epoch: 40, iters: 10112, time: 0.001, data: 0.001) , D_A: 0.263, G_A: 0.966, cycle_A: 0.270, D_B: 0.208, G_B: 0.927, cycle_B: 0.211, gp: 0.200

[Rank 0] (epoch: 40, iters: 11712, time: 0.001, data: 0.001) , D_A: 0.292, G_A: 0.733, cycle_A: 0.267, D_B: 0.243, G_B: 0.873, cycle_B: 0.211, gp: 0.234

[Rank 0] (epoch: 40, iters: 13312, time: 0.001, data: 0.001) , D_A: 0.175, G_A: 0.942, cycle_A: 0.271, D_B: 0.245, G_B: 0.984, cycle_B: 0.200, gp: 0.242

[Rank 0] (epoch: 40, iters: 14912, time: 0.001, data: 0.001) , D_A: 0.243, G_A: 0.851, cycle_A: 0.282, D_B: 0.253, G_B: 0.976, cycle_B: 0.209, gp: 0.249

learning rate 0.0002000 -> 0.0001818
temperature tau = 0.1344
End of epoch 40 / 50 	 Time Taken: 13 sec
[Rank 0] (epoch: 41, iters: 320, time: 0.001, data: 0.001) , D_A: 0.276, G_A: 0.971, cycle_A: 0.285, D_B: 0.211, G_B: 0.978, cycle_B: 0.224, gp: 0.207

[Rank 0] (epoch: 41, iters: 1920, time: 0.001, data: 0.001) , D_A: 0.286, G_A: 0.994, cycle_A: 0.286, D_B: 0.176, G_B: 0.963, cycle_B: 0.198, gp: 0.174

[Rank 0] (epoch: 41, iters: 3520, time: 0.001, data: 0.001) , D_A: 0.226, G_A: 0.937, cycle_A: 0.288, D_B: 0.174, G_B: 0.936, cycle_B: 0.201, gp: 0.170

[Rank 0] (epoch: 41, iters: 5120, time: 0.001, data: 0.001) , D_A: 0.233, G_A: 0.916, cycle_A: 0.282, D_B: 0.220, G_B: 1.022, cycle_B: 0.208, gp: 0.217

[Rank 0] (epoch: 41, iters: 6720, time: 0.001, data: 0.001) , D_A: 0.259, G_A: 0.888, cycle_A: 0.279, D_B: 0.269, G_B: 0.928, cycle_B: 0.208, gp: 0.263

[Rank 0] (epoch: 41, iters: 8320, time: 0.001, data: 0.001) , D_A: 0.246, G_A: 0.909, cycle_A: 0.276, D_B: 0.274, G_B: 0.972, cycle_B: 0.220, gp: 0.272

[Rank 0] (epoch: 41, iters: 9920, time: 0.001, data: 0.001) , D_A: 0.291, G_A: 0.961, cycle_A: 0.279, D_B: 0.213, G_B: 0.996, cycle_B: 0.211, gp: 0.211

[Rank 0] (epoch: 41, iters: 11520, time: 0.001, data: 0.001) , D_A: 0.219, G_A: 0.956, cycle_A: 0.275, D_B: 0.171, G_B: 1.007, cycle_B: 0.211, gp: 0.166

[Rank 0] (epoch: 41, iters: 13120, time: 0.001, data: 0.001) , D_A: 0.307, G_A: 0.952, cycle_A: 0.282, D_B: 0.268, G_B: 0.970, cycle_B: 0.201, gp: 0.266

[Rank 0] (epoch: 41, iters: 14720, time: 0.001, data: 0.001) , D_A: 0.372, G_A: 0.946, cycle_A: 0.271, D_B: 0.265, G_B: 0.991, cycle_B: 0.213, gp: 0.260

learning rate 0.0001818 -> 0.0001636
temperature tau = 0.1301
End of epoch 41 / 50 	 Time Taken: 13 sec
[Rank 0] (epoch: 42, iters: 128, time: 0.001, data: 0.001) , D_A: 0.266, G_A: 0.943, cycle_A: 0.274, D_B: 0.269, G_B: 0.983, cycle_B: 0.225, gp: 0.264

[Rank 0] (epoch: 42, iters: 1728, time: 0.001, data: 0.000) , D_A: 0.206, G_A: 0.975, cycle_A: 0.280, D_B: 0.248, G_B: 1.012, cycle_B: 0.201, gp: 0.246

[Rank 0] (epoch: 42, iters: 3328, time: 0.001, data: 0.001) , D_A: 0.229, G_A: 0.961, cycle_A: 0.262, D_B: 0.206, G_B: 0.951, cycle_B: 0.206, gp: 0.203

[Rank 0] (epoch: 42, iters: 4928, time: 0.001, data: 0.001) , D_A: 0.273, G_A: 0.930, cycle_A: 0.275, D_B: 0.322, G_B: 1.057, cycle_B: 0.206, gp: 0.317

[Rank 0] (epoch: 42, iters: 6528, time: 0.001, data: 0.001) , D_A: 0.222, G_A: 0.919, cycle_A: 0.273, D_B: 0.152, G_B: 0.898, cycle_B: 0.211, gp: 0.146

[Rank 0] (epoch: 42, iters: 8128, time: 0.001, data: 0.001) , D_A: 0.233, G_A: 0.941, cycle_A: 0.269, D_B: 0.147, G_B: 0.919, cycle_B: 0.208, gp: 0.141

[Rank 0] (epoch: 42, iters: 9728, time: 0.001, data: 0.001) , D_A: 0.194, G_A: 0.950, cycle_A: 0.282, D_B: 0.255, G_B: 1.012, cycle_B: 0.216, gp: 0.251

[Rank 0] (epoch: 42, iters: 11328, time: 0.001, data: 0.001) , D_A: 0.157, G_A: 0.907, cycle_A: 0.270, D_B: 0.230, G_B: 0.957, cycle_B: 0.212, gp: 0.226

[Rank 0] (epoch: 42, iters: 12928, time: 0.001, data: 0.001) , D_A: 0.368, G_A: 0.786, cycle_A: 0.281, D_B: 0.187, G_B: 1.034, cycle_B: 0.200, gp: 0.183

[Rank 0] (epoch: 42, iters: 14528, time: 0.001, data: 0.001) , D_A: 0.304, G_A: 0.962, cycle_A: 0.273, D_B: 0.269, G_B: 1.006, cycle_B: 0.214, gp: 0.264

--- iter tau=0.1301 ---
  cipher in : ccb fcbf fbfbcfbcbdcbefb fbc bfb bc bfbfbfbcbf bcbd b fdbdcbcfbc
  decrypted : cc  ac a a a ca c ec ea  a c  a   c  a a a c a  c e   ae ec ca c
  real plain:  c a e a beaf f ad e c a dee ae a e c a aac b ae a eebe ae fabe 
  cipher in : bfb b fbfbfbebfbdbcdfbaf bd df bebdffb fcfbfbfdfcbffb fcfbc bcbf
  decrypted :  a    a a a e a e cea ba  e ea  e eaa  aca a aeac aa  aca c  c a
  real plain: be ee f e c e a ed ad eed a e de eae eae be c a ab ced ece ee f 
[Rank 0] (epoch: 42, iters: 16128, time: 0.001, data: 0.001) , D_A: 0.302, G_A: 0.861, cycle_A: 0.291, D_B: 0.273, G_B: 0.904, cycle_B: 0.208, gp: 0.267

saving the latest model (epoch 42, total_iters 680000)
learning rate 0.0001636 -> 0.0001455
temperature tau = 0.1258
End of epoch 42 / 50 	 Time Taken: 13 sec
[Rank 0] (epoch: 43, iters: 1536, time: 0.001, data: 0.001) , D_A: 0.390, G_A: 0.954, cycle_A: 0.258, D_B: 0.167, G_B: 0.867, cycle_B: 0.216, gp: 0.156

[Rank 0] (epoch: 43, iters: 3136, time: 0.001, data: 0.001) , D_A: 0.247, G_A: 0.866, cycle_A: 0.298, D_B: 0.142, G_B: 0.897, cycle_B: 0.203, gp: 0.140

[Rank 0] (epoch: 43, iters: 4736, time: 0.001, data: 0.001) , D_A: 0.260, G_A: 0.911, cycle_A: 0.274, D_B: 0.253, G_B: 0.932, cycle_B: 0.208, gp: 0.247

[Rank 0] (epoch: 43, iters: 6336, time: 0.001, data: 0.001) , D_A: 0.242, G_A: 0.889, cycle_A: 0.278, D_B: 0.306, G_B: 1.020, cycle_B: 0.211, gp: 0.301

[Rank 0] (epoch: 43, iters: 7936, time: 0.001, data: 0.001) , D_A: 0.260, G_A: 0.865, cycle_A: 0.276, D_B: 0.194, G_B: 0.911, cycle_B: 0.208, gp: 0.192

[Rank 0] (epoch: 43, iters: 9536, time: 0.001, data: 0.001) , D_A: 0.265, G_A: 0.958, cycle_A: 0.268, D_B: 0.255, G_B: 1.020, cycle_B: 0.217, gp: 0.245

[Rank 0] (epoch: 43, iters: 11136, time: 0.001, data: 0.001) , D_A: 0.193, G_A: 0.931, cycle_A: 0.276, D_B: 0.243, G_B: 0.946, cycle_B: 0.214, gp: 0.237

[Rank 0] (epoch: 43, iters: 12736, time: 0.001, data: 0.001) , D_A: 0.243, G_A: 0.952, cycle_A: 0.285, D_B: 0.138, G_B: 0.968, cycle_B: 0.204, gp: 0.135

[Rank 0] (epoch: 43, iters: 14336, time: 0.001, data: 0.001) , D_A: 0.275, G_A: 0.970, cycle_A: 0.275, D_B: 0.245, G_B: 1.008, cycle_B: 0.200, gp: 0.240

[Rank 0] (epoch: 43, iters: 15936, time: 0.001, data: 0.001) , D_A: 0.272, G_A: 0.893, cycle_A: 0.282, D_B: 0.210, G_B: 0.919, cycle_B: 0.209, gp: 0.203

learning rate 0.0001455 -> 0.0001273
temperature tau = 0.1218
End of epoch 43 / 50 	 Time Taken: 13 sec
[Rank 0] (epoch: 44, iters: 1344, time: 0.001, data: 0.001) , D_A: 0.284, G_A: 0.913, cycle_A: 0.280, D_B: 0.186, G_B: 1.008, cycle_B: 0.224, gp: 0.174

[Rank 0] (epoch: 44, iters: 2944, time: 0.001, data: 0.001) , D_A: 0.271, G_A: 0.878, cycle_A: 0.283, D_B: 0.191, G_B: 0.894, cycle_B: 0.212, gp: 0.181

[Rank 0] (epoch: 44, iters: 4544, time: 0.001, data: 0.001) , D_A: 0.260, G_A: 0.837, cycle_A: 0.270, D_B: 0.206, G_B: 0.956, cycle_B: 0.216, gp: 0.202

[Rank 0] (epoch: 44, iters: 6144, time: 0.001, data: 0.001) , D_A: 0.236, G_A: 0.931, cycle_A: 0.279, D_B: 0.169, G_B: 0.983, cycle_B: 0.209, gp: 0.167

[Rank 0] (epoch: 44, iters: 7744, time: 0.001, data: 0.001) , D_A: 0.282, G_A: 0.932, cycle_A: 0.274, D_B: 0.184, G_B: 0.954, cycle_B: 0.208, gp: 0.182

[Rank 0] (epoch: 44, iters: 9344, time: 0.001, data: 0.001) , D_A: 0.178, G_A: 0.925, cycle_A: 0.270, D_B: 0.255, G_B: 0.982, cycle_B: 0.217, gp: 0.251

[Rank 0] (epoch: 44, iters: 10944, time: 0.001, data: 0.001) , D_A: 0.167, G_A: 0.882, cycle_A: 0.270, D_B: 0.327, G_B: 1.005, cycle_B: 0.215, gp: 0.322

[Rank 0] (epoch: 44, iters: 12544, time: 0.001, data: 0.001) , D_A: 0.251, G_A: 1.004, cycle_A: 0.276, D_B: 0.304, G_B: 0.980, cycle_B: 0.204, gp: 0.300

[Rank 0] (epoch: 44, iters: 14144, time: 0.001, data: 0.001) , D_A: 0.306, G_A: 0.930, cycle_A: 0.280, D_B: 0.212, G_B: 0.953, cycle_B: 0.199, gp: 0.208

[Rank 0] (epoch: 44, iters: 15744, time: 0.001, data: 0.001) , D_A: 0.226, G_A: 0.894, cycle_A: 0.284, D_B: 0.286, G_B: 0.956, cycle_B: 0.208, gp: 0.279

learning rate 0.0001273 -> 0.0001091
temperature tau = 0.1178
End of epoch 44 / 50 	 Time Taken: 15 sec
[Rank 0] (epoch: 45, iters: 1152, time: 0.001, data: 0.001) , D_A: 0.205, G_A: 0.912, cycle_A: 0.279, D_B: 0.280, G_B: 0.932, cycle_B: 0.216, gp: 0.271

[Rank 0] (epoch: 45, iters: 2752, time: 0.001, data: 0.001) , D_A: 0.341, G_A: 0.945, cycle_A: 0.286, D_B: 0.252, G_B: 0.997, cycle_B: 0.212, gp: 0.248

[Rank 0] (epoch: 45, iters: 4352, time: 0.001, data: 0.001) , D_A: 0.300, G_A: 0.962, cycle_A: 0.277, D_B: 0.205, G_B: 0.992, cycle_B: 0.217, gp: 0.202

[Rank 0] (epoch: 45, iters: 5952, time: 0.001, data: 0.001) , D_A: 0.275, G_A: 0.816, cycle_A: 0.279, D_B: 0.265, G_B: 0.944, cycle_B: 0.209, gp: 0.257

--- iter tau=0.1178 ---
  cipher in : abfbffbfbdcb fabfbfdfbabfcf bfbfbfbffbc bacfbabfbffcbfb  cbfbcba
  decrypted : b a aa a ed  ab a aea b ada  a a a aa d  bda b a aad a   d a d b
  real plain: d accd ae e ad e e e f e e e a ce f fece a e e bec a e ee ab d e
  cipher in : bcbfb cfbabdb b cbd bcfbdfba bebfcbfbcbabfbfbccbfdb bddfbcbacdbc
  decrypted :  d a  da b e    d e  da ea b  e ad a d b a a dd ae   eea d bde d
  real plain:  a bbbe ad da ca b e a a ecea bbbe ad bee ccef e dd ac ace ad af
[Rank 0] (epoch: 45, iters: 7552, time: 0.001, data: 0.001) , D_A: 0.232, G_A: 0.925, cycle_A: 0.283, D_B: 0.202, G_B: 0.980, cycle_B: 0.208, gp: 0.200

saving the latest model (epoch 45, total_iters 720000)
[Rank 0] (epoch: 45, iters: 9152, time: 0.001, data: 0.001) , D_A: 0.187, G_A: 0.880, cycle_A: 0.286, D_B: 0.197, G_B: 0.934, cycle_B: 0.214, gp: 0.194

[Rank 0] (epoch: 45, iters: 10752, time: 0.001, data: 0.001) , D_A: 0.334, G_A: 0.894, cycle_A: 0.291, D_B: 0.253, G_B: 0.953, cycle_B: 0.215, gp: 0.248

[Rank 0] (epoch: 45, iters: 12352, time: 0.001, data: 0.001) , D_A: 0.190, G_A: 0.925, cycle_A: 0.275, D_B: 0.177, G_B: 1.002, cycle_B: 0.203, gp: 0.175

[Rank 0] (epoch: 45, iters: 13952, time: 0.001, data: 0.001) , D_A: 0.281, G_A: 0.898, cycle_A: 0.283, D_B: 0.247, G_B: 1.039, cycle_B: 0.200, gp: 0.239

[Rank 0] (epoch: 45, iters: 15552, time: 0.001, data: 0.001) , D_A: 0.227, G_A: 0.938, cycle_A: 0.270, D_B: 0.243, G_B: 0.967, cycle_B: 0.208, gp: 0.240

learning rate 0.0001091 -> 0.0000909
temperature tau = 0.1140
End of epoch 45 / 50 	 Time Taken: 16 sec
[Rank 0] (epoch: 46, iters: 960, time: 0.001, data: 0.001) , D_A: 0.301, G_A: 0.897, cycle_A: 0.279, D_B: 0.238, G_B: 0.997, cycle_B: 0.210, gp: 0.229

[Rank 0] (epoch: 46, iters: 2560, time: 0.001, data: 0.000) , D_A: 0.284, G_A: 0.911, cycle_A: 0.272, D_B: 0.188, G_B: 0.922, cycle_B: 0.207, gp: 0.182

[Rank 0] (epoch: 46, iters: 4160, time: 0.001, data: 0.001) , D_A: 0.254, G_A: 0.932, cycle_A: 0.276, D_B: 0.356, G_B: 0.928, cycle_B: 0.217, gp: 0.352

[Rank 0] (epoch: 46, iters: 5760, time: 0.001, data: 0.001) , D_A: 0.276, G_A: 0.906, cycle_A: 0.278, D_B: 0.217, G_B: 1.002, cycle_B: 0.209, gp: 0.213

[Rank 0] (epoch: 46, iters: 7360, time: 0.001, data: 0.001) , D_A: 0.231, G_A: 0.961, cycle_A: 0.283, D_B: 0.267, G_B: 0.960, cycle_B: 0.205, gp: 0.264

[Rank 0] (epoch: 46, iters: 8960, time: 0.001, data: 0.001) , D_A: 0.358, G_A: 0.818, cycle_A: 0.277, D_B: 0.271, G_B: 0.980, cycle_B: 0.212, gp: 0.265

[Rank 0] (epoch: 46, iters: 10560, time: 0.001, data: 0.001) , D_A: 0.254, G_A: 0.958, cycle_A: 0.276, D_B: 0.226, G_B: 0.957, cycle_B: 0.213, gp: 0.221

[Rank 0] (epoch: 46, iters: 12160, time: 0.001, data: 0.001) , D_A: 0.250, G_A: 0.941, cycle_A: 0.272, D_B: 0.311, G_B: 0.931, cycle_B: 0.217, gp: 0.308

[Rank 0] (epoch: 46, iters: 13760, time: 0.001, data: 0.001) , D_A: 0.208, G_A: 0.957, cycle_A: 0.272, D_B: 0.232, G_B: 0.982, cycle_B: 0.206, gp: 0.230

[Rank 0] (epoch: 46, iters: 15360, time: 0.001, data: 0.001) , D_A: 0.236, G_A: 0.970, cycle_A: 0.275, D_B: 0.239, G_B: 0.970, cycle_B: 0.209, gp: 0.237

learning rate 0.0000909 -> 0.0000727
temperature tau = 0.1104
End of epoch 46 / 50 	 Time Taken: 13 sec
[Rank 0] (epoch: 47, iters: 768, time: 0.001, data: 0.001) , D_A: 0.263, G_A: 0.804, cycle_A: 0.275, D_B: 0.248, G_B: 0.902, cycle_B: 0.210, gp: 0.245

[Rank 0] (epoch: 47, iters: 2368, time: 0.001, data: 0.000) , D_A: 0.213, G_A: 0.940, cycle_A: 0.283, D_B: 0.188, G_B: 0.910, cycle_B: 0.207, gp: 0.183

[Rank 0] (epoch: 47, iters: 3968, time: 0.001, data: 0.001) , D_A: 0.291, G_A: 0.931, cycle_A: 0.282, D_B: 0.218, G_B: 1.015, cycle_B: 0.218, gp: 0.213

[Rank 0] (epoch: 47, iters: 5568, time: 0.001, data: 0.001) , D_A: 0.353, G_A: 0.894, cycle_A: 0.274, D_B: 0.228, G_B: 0.961, cycle_B: 0.216, gp: 0.224

[Rank 0] (epoch: 47, iters: 7168, time: 0.001, data: 0.001) , D_A: 0.315, G_A: 0.900, cycle_A: 0.281, D_B: 0.295, G_B: 0.986, cycle_B: 0.212, gp: 0.292

[Rank 0] (epoch: 47, iters: 8768, time: 0.001, data: 0.001) , D_A: 0.325, G_A: 0.919, cycle_A: 0.269, D_B: 0.180, G_B: 0.930, cycle_B: 0.212, gp: 0.173

[Rank 0] (epoch: 47, iters: 10368, time: 0.001, data: 0.001) , D_A: 0.228, G_A: 0.835, cycle_A: 0.278, D_B: 0.350, G_B: 0.966, cycle_B: 0.213, gp: 0.345

[Rank 0] (epoch: 47, iters: 11968, time: 0.001, data: 0.001) , D_A: 0.223, G_A: 0.980, cycle_A: 0.271, D_B: 0.206, G_B: 0.985, cycle_B: 0.217, gp: 0.202

[Rank 0] (epoch: 47, iters: 13568, time: 0.001, data: 0.001) , D_A: 0.182, G_A: 0.921, cycle_A: 0.271, D_B: 0.225, G_B: 0.978, cycle_B: 0.205, gp: 0.222

--- iter tau=0.1104 ---
  cipher in : c bfbabfbfcffbabeb dbc bf fbcbcbdb bffbcfbcfbcbcbffbfbdadbefffbd
  decrypted : c  a b a acaa b e  e c  a a c c e   aa ca ca c c aa a ebe eaaa e
  real plain: ea ae ed b e acee e e a ea efae ad c beee ace e ae a a aabe de a
  cipher in : d bffbfc b bffbeff bf f befffbfbdbc bfbcfbdcbdcf babfbcfbfbfbdfb
  decrypted : e  aa ac    aa eaa  a a  eaaa a e c  a ca ec eca  b a ca a a ea 
  real plain: a fe f e ec f e fe ae b a cae f ccece decbe a d d f ea f dec ded
[Rank 0] (epoch: 47, iters: 15168, time: 0.001, data: 0.001) , D_A: 0.292, G_A: 0.765, cycle_A: 0.278, D_B: 0.200, G_B: 0.976, cycle_B: 0.209, gp: 0.196

saving the latest model (epoch 47, total_iters 760000)
learning rate 0.0000727 -> 0.0000545
temperature tau = 0.1068
End of epoch 47 / 50 	 Time Taken: 13 sec
[Rank 0] (epoch: 48, iters: 576, time: 0.001, data: 0.001) , D_A: 0.275, G_A: 0.877, cycle_A: 0.275, D_B: 0.196, G_B: 0.975, cycle_B: 0.210, gp: 0.192

[Rank 0] (epoch: 48, iters: 2176, time: 0.001, data: 0.000) , D_A: 0.238, G_A: 0.949, cycle_A: 0.274, D_B: 0.289, G_B: 0.965, cycle_B: 0.207, gp: 0.285

[Rank 0] (epoch: 48, iters: 3776, time: 0.001, data: 0.001) , D_A: 0.214, G_A: 0.922, cycle_A: 0.273, D_B: 0.218, G_B: 0.966, cycle_B: 0.218, gp: 0.214

[Rank 0] (epoch: 48, iters: 5376, time: 0.001, data: 0.001) , D_A: 0.275, G_A: 0.966, cycle_A: 0.274, D_B: 0.130, G_B: 0.966, cycle_B: 0.214, gp: 0.125

[Rank 0] (epoch: 48, iters: 6976, time: 0.001, data: 0.001) , D_A: 0.256, G_A: 0.962, cycle_A: 0.279, D_B: 0.277, G_B: 0.932, cycle_B: 0.208, gp: 0.274

[Rank 0] (epoch: 48, iters: 8576, time: 0.001, data: 0.001) , D_A: 0.235, G_A: 0.935, cycle_A: 0.279, D_B: 0.277, G_B: 0.973, cycle_B: 0.219, gp: 0.273

[Rank 0] (epoch: 48, iters: 10176, time: 0.001, data: 0.001) , D_A: 0.192, G_A: 0.954, cycle_A: 0.277, D_B: 0.187, G_B: 0.962, cycle_B: 0.211, gp: 0.182

[Rank 0] (epoch: 48, iters: 11776, time: 0.001, data: 0.001) , D_A: 0.362, G_A: 0.952, cycle_A: 0.277, D_B: 0.234, G_B: 0.963, cycle_B: 0.212, gp: 0.230

[Rank 0] (epoch: 48, iters: 13376, time: 0.001, data: 0.001) , D_A: 0.184, G_A: 0.980, cycle_A: 0.269, D_B: 0.248, G_B: 0.973, cycle_B: 0.206, gp: 0.246

[Rank 0] (epoch: 48, iters: 14976, time: 0.001, data: 0.001) , D_A: 0.271, G_A: 0.810, cycle_A: 0.275, D_B: 0.285, G_B: 0.954, cycle_B: 0.217, gp: 0.282

learning rate 0.0000545 -> 0.0000364
temperature tau = 0.1033
End of epoch 48 / 50 	 Time Taken: 15 sec
[Rank 0] (epoch: 49, iters: 384, time: 0.001, data: 0.001) , D_A: 0.293, G_A: 0.899, cycle_A: 0.268, D_B: 0.237, G_B: 0.974, cycle_B: 0.227, gp: 0.234

[Rank 0] (epoch: 49, iters: 1984, time: 0.001, data: 0.001) , D_A: 0.211, G_A: 0.896, cycle_A: 0.273, D_B: 0.198, G_B: 0.965, cycle_B: 0.203, gp: 0.195

[Rank 0] (epoch: 49, iters: 3584, time: 0.001, data: 0.001) , D_A: 0.222, G_A: 0.929, cycle_A: 0.283, D_B: 0.256, G_B: 0.969, cycle_B: 0.201, gp: 0.253

[Rank 0] (epoch: 49, iters: 5184, time: 0.001, data: 0.001) , D_A: 0.267, G_A: 0.917, cycle_A: 0.281, D_B: 0.299, G_B: 0.934, cycle_B: 0.214, gp: 0.295

[Rank 0] (epoch: 49, iters: 6784, time: 0.001, data: 0.001) , D_A: 0.279, G_A: 0.901, cycle_A: 0.277, D_B: 0.344, G_B: 0.968, cycle_B: 0.208, gp: 0.338

[Rank 0] (epoch: 49, iters: 8384, time: 0.001, data: 0.001) , D_A: 0.321, G_A: 0.941, cycle_A: 0.286, D_B: 0.273, G_B: 0.969, cycle_B: 0.219, gp: 0.270

[Rank 0] (epoch: 49, iters: 9984, time: 0.001, data: 0.001) , D_A: 0.333, G_A: 0.866, cycle_A: 0.270, D_B: 0.216, G_B: 0.939, cycle_B: 0.211, gp: 0.212

[Rank 0] (epoch: 49, iters: 11584, time: 0.001, data: 0.001) , D_A: 0.320, G_A: 0.914, cycle_A: 0.278, D_B: 0.184, G_B: 0.959, cycle_B: 0.211, gp: 0.179

[Rank 0] (epoch: 49, iters: 13184, time: 0.001, data: 0.001) , D_A: 0.282, G_A: 0.918, cycle_A: 0.277, D_B: 0.331, G_B: 0.956, cycle_B: 0.200, gp: 0.326

[Rank 0] (epoch: 49, iters: 14784, time: 0.001, data: 0.001) , D_A: 0.273, G_A: 0.920, cycle_A: 0.269, D_B: 0.196, G_B: 0.963, cycle_B: 0.213, gp: 0.192

learning rate 0.0000364 -> 0.0000182
temperature tau = 0.1000
End of epoch 49 / 50 	 Time Taken: 13 sec
[Rank 0] (epoch: 50, iters: 192, time: 0.001, data: 0.001) , D_A: 0.298, G_A: 0.927, cycle_A: 0.285, D_B: 0.228, G_B: 0.971, cycle_B: 0.224, gp: 0.224

[Rank 0] (epoch: 50, iters: 1792, time: 0.001, data: 0.001) , D_A: 0.193, G_A: 0.922, cycle_A: 0.276, D_B: 0.270, G_B: 0.962, cycle_B: 0.199, gp: 0.266

[Rank 0] (epoch: 50, iters: 3392, time: 0.001, data: 0.001) , D_A: 0.265, G_A: 0.910, cycle_A: 0.265, D_B: 0.218, G_B: 0.956, cycle_B: 0.201, gp: 0.214

[Rank 0] (epoch: 50, iters: 4992, time: 0.001, data: 0.001) , D_A: 0.230, G_A: 0.912, cycle_A: 0.274, D_B: 0.253, G_B: 0.960, cycle_B: 0.206, gp: 0.249

--- iter tau=0.1000 ---
  cipher in : bfbfd cbfbcfbfbdb cbdb bcfbfbc bf becbcbabcbdfbfbcfbcbecfbf bffb
  decrypted :  a ae c a ca a e  c e   ca a c  a  ec c b c ea a ca c eca a  aa 
  real plain: ced b be a ad bee b e eea f efeece a be e ee a aed f e a ded ea 
  cipher in : bdcbdbfbfdbababe  bc bfbcfbabcbdcdbccb cbcbf ba cefbecfbccbfbfcd
  decrypted :  ec e a ae b b e   c  a ca b c ece cc  c c a  b cea eca cc a ace
  real plain:  e e b eace ade e e a a ea deeed e bac c ae eea f acadec dbed fa
[Rank 0] (epoch: 50, iters: 6592, time: 0.001, data: 0.001) , D_A: 0.240, G_A: 0.858, cycle_A: 0.283, D_B: 0.178, G_B: 0.964, cycle_B: 0.210, gp: 0.170

saving the latest model (epoch 50, total_iters 800000)
[Rank 0] (epoch: 50, iters: 8192, time: 0.001, data: 0.001) , D_A: 0.244, G_A: 0.915, cycle_A: 0.271, D_B: 0.215, G_B: 0.958, cycle_B: 0.208, gp: 0.210

[Rank 0] (epoch: 50, iters: 9792, time: 0.001, data: 0.001) , D_A: 0.211, G_A: 0.915, cycle_A: 0.275, D_B: 0.349, G_B: 0.936, cycle_B: 0.211, gp: 0.345

[Rank 0] (epoch: 50, iters: 11392, time: 0.001, data: 0.001) , D_A: 0.304, G_A: 0.893, cycle_A: 0.266, D_B: 0.199, G_B: 0.933, cycle_B: 0.212, gp: 0.195

[Rank 0] (epoch: 50, iters: 12992, time: 0.001, data: 0.001) , D_A: 0.263, G_A: 0.895, cycle_A: 0.280, D_B: 0.200, G_B: 0.971, cycle_B: 0.200, gp: 0.196

[Rank 0] (epoch: 50, iters: 14592, time: 0.001, data: 0.001) , D_A: 0.260, G_A: 0.931, cycle_A: 0.286, D_B: 0.252, G_B: 0.957, cycle_B: 0.213, gp: 0.249

[Rank 0] (epoch: 50, iters: 16192, time: 0.001, data: 0.001) , D_A: 0.314, G_A: 0.914, cycle_A: 0.261, D_B: 0.185, G_B: 0.960, cycle_B: 0.206, gp: 0.181

learning rate 0.0000182 -> 0.0000000
temperature tau = 0.1000
saving the model at the end of epoch 50, iters 809600
End of epoch 50 / 50 	 Time Taken: 13 sec
----------------- Options ---------------
             aspect_ratio: 1.0                           
               batch_size: 64                            
          checkpoints_dir: ./checkpoints                 
                crop_size: 256                           
                 dataroot: .                             	[default: None]
             dataset_mode: cipher                        
                direction: AtoB                          
               display_id: 0                             
          display_winsize: 256                           
                embed_dim: 256                           	[default: 64]
                    epoch: latest                        
                     eval: False                         
                 gan_mode: lsgan                         
                   gumbel: False                         
                init_gain: 0.02                          
                init_type: normal                        
                 input_nc: 3                             
                  isTrain: False                         	[default: None]
                     kw_D: 15                            	[default: 4]
                 lambda_A: 10.0                          
                 lambda_B: 10.0                          
                lambda_gp: 10.0                          
          lambda_identity: 0.0                           
                load_iter: 0                             	[default: 0]
                load_size: 256                           
                       lr: 0.0002                        
         matched_softness: True                          	[default: False]
         max_dataset_size: inf                           
                    model: cipher_cycle_gan              	[default: test]
               n_blocks_G: 5                             	[default: 4]
                 n_critic: 1                             
               n_layers_D: 5                             	[default: 3]
                     name: a7_s9_gp1                     	[default: experiment_name]
                      ndf: 32                            	[default: 128]
                     netD: seq                           
                     netG: seq                           
                      ngf: 128                           
               no_dropout: True                          
                  no_flip: True                          
                     norm: layer                         	[default: instance]
                 npz_path: data/a7/dataset.npz           	[default: None]
                 num_test: 50                            
              num_threads: 4                             
                output_nc: 3                             
                pair_seed: 0                             
                    phase: test                          
              pointwise_G: True                          	[default: False]
               preprocess: none                          
         real_logit_scale: 5.0                           
              results_dir: ./results/                    
           serial_batches: False                         
         straight_through: True                          	[default: False]
                   suffix:                               
                  tau_end: 0.1                           
                tau_start: 1.0                           
                   use_gp: False                         
                use_wandb: False                         
                  verbose: False                         
               vocab_size: -1                            
       wandb_project_name: CycleGAN-and-pix2pix          
----------------- End -------------------
[cipher] eval: A(cipher)=(3595, 64) B(plain)=(3595, 64) vocab=8 cipher=substitution paired=True
dataset [CipherDataset] was created
Initialized with device cuda:0
initialize network with normal
Initialized with device cuda:0
initialize network with normal
model [CipherCycleGANModel] was created
Initialized with device cuda:0
initialize network with normal
loading the model from checkpoints/a7_s9_gp1/latest_net_G_A.pth
Initialized with device cuda:0
initialize network with normal
loading the model from checkpoints/a7_s9_gp1/latest_net_G_B.pth
---------- Networks initialized -------------
[Network G_A] Total number of parameters : 0.204 M
[Network G_B] Total number of parameters : 0.204 M
-----------------------------------------------

==============================================================
cipher              substitution (key=perm-seed0)
samples             3595 x 64
character accuracy  0.3505   (chance ~0.1429)
character error     0.6495
key recovery        0.1429   (coverage 1.000)
==============================================================
cipher in : cbfcdbc bfbabfbdffdfbabcb fdbcbc fcbdff b ddfbffffbfc bcbcebffbf
decrypted : c ace c  a b a eaaea b c  ae c c ac eaa   eea aaaa ac  c ce aa a
truth     : a eac ad e f e ceece f a dec a adea ceed dcce eeee ead a ab ee e

wrote ./checkpoints/a7_s9_gp1/eval_metrics.json
wrote ./checkpoints/a7_s9_gp1/curves_a7_s9_gp1.png

loss             first      last       min       max
D_A              0.728     0.314     0.121     1.234
G_A              1.444     0.914     0.169     1.600
cycle_A          0.237     0.261     0.099     4.424
D_B              0.785     0.185     0.130     1.010
G_B              0.634     0.960     0.296     1.642
cycle_B          0.717     0.206     0.129     6.699
gp               0.439     0.181     0.125     0.547

D_A over the final window: 0.267
  -> at LSGAN equilibrium: the two networks are balanced.
