----------------- Options ---------------
               batch_size: 128                           	[default: 64]
                    beta1: 0.0                           	[default: 0.5]
          checkpoints_dir: ./checkpoints                 
           continue_train: False                         
                crop_size: 256                           
               cycle_loss: ce                            
                 dataroot: .                             	[default: None]
             dataset_mode: cipher                        
                direction: AtoB                          
             display_freq: 400                           
               display_id: 0                             
          display_winsize: 256                           
                embed_dim: 24                            	[default: 64]
                    epoch: latest                        
              epoch_count: 1                             
                 gan_mode: wgangp                        	[default: lsgan]
                   gumbel: False                         
                init_gain: 0.02                          
                init_type: normal                        
                 input_nc: 3                             
                  isTrain: True                          	[default: None]
                 lambda_A: 0.1                           	[default: 10.0]
                 lambda_B: 0.1                           	[default: 10.0]
                lambda_gp: 10.0                          
          lambda_identity: 0.0                           
                load_iter: 0                             	[default: 0]
                load_size: 286                           
                       lr: 0.0001                        	[default: 0.0002]
           lr_decay_iters: 50                            
                lr_policy: linear                        
         matched_softness: True                          	[default: False]
         max_dataset_size: inf                           
                    model: cipher_cycle_gan              	[default: cycle_gan]
               n_blocks_G: 4                             
                 n_critic: 5                             	[default: 1]
                 n_epochs: 60                            	[default: 100]
           n_epochs_decay: 20                            	[default: 100]
               n_layers_D: 1                             	[default: 3]
                     name: lam0.1_s2                     	[default: experiment_name]
                      ndf: 64                            	[default: 128]
                     netD: seq                           
                     netG: seq                           
                      ngf: 64                            	[default: 128]
               no_dropout: True                          
                  no_flip: True                          
                  no_html: False                         
                     norm: none                          	[default: instance]
                 npz_path: data/identity/dataset.npz     	[default: None]
              num_threads: 8                             	[default: 4]
                output_nc: 3                             
                pair_seed: 2                             	[default: 0]
                    phase: train                         
              pointwise_G: True                          	[default: False]
                pool_size: 50                            
               preprocess: none                          
               print_freq: 100000                        	[default: 100]
         real_logit_scale: 5.0                           
             save_by_iter: False                         
          save_epoch_freq: 5                             
         save_latest_freq: 5000                          
           serial_batches: False                         
                   suffix:                               
                  tau_end: 0.1                           
                tau_start: 0.5                           	[default: 1.0]
         update_html_freq: 1000                          
                use_wandb: False                         
                  verbose: False                         
               vocab_size: -1                            
       wandb_project_name: CycleGAN-and-pix2pix          
----------------- End -------------------
Initialized with device cuda:0
[cipher] train: A(cipher)=(40436, 64) B(plain)=(40436, 64) vocab=28 cipher=identity paired=False
dataset [CipherDataset] was created
The number of training images = 40436
Initialized with device cuda:0
initialize network with normal
Initialized with device cuda:0
initialize network with normal
Initialized with device cuda:0
initialize network with normal
Initialized with device cuda:0
initialize network with normal
model [CipherCycleGANModel] was created
Initialized with device cuda:0
initialize network with normal
Initialized with device cuda:0
initialize network with normal
Initialized with device cuda:0
initialize network with normal
Initialized with device cuda:0
initialize network with normal
---------- Networks initialized -------------
[Network G_A] Total number of parameters : 0.004 M
[Network G_B] Total number of parameters : 0.004 M
[Network D_A] Total number of parameters : 0.007 M
[Network D_B] Total number of parameters : 0.007 M
-----------------------------------------------
create web directory checkpoints/lam0.1_s2/web...
--- iter tau=0.5000 ---
  cipher in : mediate perceptions and to be dominated by their knowledge of wh
  decrypted : o__dcg_jt_at_tgdi_tjc__jgijg_j_iod_cg__jgtjgt_daja_itt__t_jitjtt
  real plain: s own hands have committed his guilty conscience projects itself
  cipher in : requencies the senses in each counterpart bear the impression on
  decrypted : a_og__td_tjgt_jt__t_tjd_j_cttjtig_g_atcagjg_cajgt_jdota_ttdi_ji_
  real plain: e let the germans do this i have sat many hours with this styka 
--- iter tau=0.5000 ---
  cipher in :  spaced teeth front teeth not meeting when the back teeth close 
  decrypted : sttgtgisgggggstaitgsgggggstigsogggdttstggtsgggsggtasgggggstditgs
  real plain: ct that the old roman was referring to change made under militar
  cipher in :  dingylooking was what she said why dont you paint it red and wh
  decrypted : sidtttdiiadttstgtstgggstggstgdistgtsiitgstigstgdtgsdgsagisgtistg
  real plain: ancers of bali on march hollywood a southeast library workshop w
--- iter tau=0.5000 ---
  cipher in : ound drifting on a life raft after they had abandoned a sinking 
  decrypted : dcgisiadtgdgtsdgsisddtgsaitgsitggasgagasaiisigigidggisistdgadgts
  real plain:  ceiling near it was a metal ladder on casters attached to the t
  cipher in : ebration lunch at the cafeteria on the campus rachel wore a smar
  decrypted : ggaigddgsdcgaasigsgagsaitgggadisdgsgagsaiotctsaiaagdstdagsistoia
  real plain: ves breathes and thinks for the good of the people hughes asked 
--- iter tau=0.5000 ---
  cipher in : s collaborators in the societies where he functioned the press s
  decrypted : asadddagdaacdaasdcscaasadadacdaasaaaaasaasaccacddcaiscaasaaaaasa
  real plain: peech only hardy would say a grin of bitterness swept thereby li
  cipher in : ished up the victuals from then on in keeping with the tradition
  decrypted : daaaiscascaasadaccadasaadoscaacsdcsdcsaaaadcasadcascaascaaidcddc
  real plain: st be attributed either to trace impurities or to variation in w
--- iter tau=0.5000 ---
  cipher in : d by bultmann barth and buri to do this it is sufficient to poin
  decrypted : dsgasgcdaraaasgaaaasaadsgcadsadsddsaadasdasdasacaadadaaasadsadda
  real plain:  gen taylor to make an inspection trip at this time communist gu
  cipher in : derstand richard said gloomily through quiet laughter his mother
  decrypted : daaaaaadsadaaaadsaaddsadddrddasaaadcaasacdaasdacaaaaasadasrdaaaa
  real plain: and palm oil the colony was administered from brussels with neit
--- iter tau=0.5000 ---
  cipher in :  sticks over laos president kennedy already two quiet demands do
  decrypted : daaddaaddaaaddddaddaaaddaaadaaaaadadddaaddadadddaadaaddardadaddd
  real plain: hose who recall easily the statues of bernini and the gigantic p
  cipher in : r to explain why the governor was not used to having his integri
  decrypted : adaddadddddaddaadaaadadaaaadadddadadadaaaddaddadadaadadaddaaaaad
  real plain: ty that would arrive by next ship this went faster than schedule
--- iter tau=0.5000 ---
  cipher in : her in theology or in manners ezra stiles gannett an honorable r
  decrypted : rdadddddrddddddddaddddrddddaddddaddddddddddddddddddddrdddadrddda
  real plain: the estimate for eligible electors were made without the benefit
  cipher in : n fact show a strong italian influence couperin also turns up al
  decrypted : ddodddddrdddddddaddddddddddddddoddddddddddddaddddddddddadddddddd
  real plain: ard committee and dissembling discounted it inside if so i would
--- iter tau=0.5000 ---
  cipher in :  pattern of virtually all american cities the big factories whic
  decrypted : ddddddrdddddddrddddddddddddrdrdddddddddddddddddddddddddrdddddddd
  real plain: ni in new york to ask them for contributions to the graham memor
  cipher in : ans shoulder the halfman woke recognized mercer and gave him a h
  decrypted : dddddddddddrdddddddddrddddddddrddddddddddrdrddrddddddddddddrdddd
  real plain: iaison officer to critically important new york city walton who 
--- iter tau=0.5000 ---
  cipher in : peared on the run but theres no way off the point except through
  decrypted : dddddddddddddddddddddddddddddddddddddddddddddddddddddddddddddddd
  real plain: e networks for military communications are one of the best examp
  cipher in : troversy that comes before a national or international tribunal 
  decrypted : dddddddddddddddddddddddddddddddddddddddddddddddddddddddddddddddd
  real plain: ld one day discover but he was perpetually engaged in a battle t
--- iter tau=0.5000 ---
  cipher in :  choose his wife with a swift swoop of his big arms he grabbed s
  decrypted : dddddddddddddddddddddddddddddddddddddddddddddddddddddddddddddddd
  real plain:  the snake reaches its maturity it has already reached about its
  cipher in :  began to fascinate him when he was twelve he took to reading st
  decrypted : dddddddddddddddddddddddddddddddddddddddddddddddddddddddddddddddd
  real plain: f hands above a clothesline and the flutter of garments hung the
--- iter tau=0.5000 ---
  cipher in : se at the back seam of a sock can be woven together invisibly th
  decrypted : dddddddddddddddddddddddddddddddddddddddddddddddddddddddddddddddd
  real plain:  after a fashion he envied in time he grew to depend upon her oc
  cipher in : cely as inventive as the praise elicited by the show might lead 
  decrypted : dddddddddddddddddddddddddddddddddddddddddddddddddddddddddddddddd
  real plain: imean war the american civil war and the franchise struggle trev
--- iter tau=0.5000 ---
  cipher in : and twelve men arrived at about seven oclock may occasionally th
  decrypted :      d                                                          
  real plain: aps of the seton harness over gregs shoulders but this goddamn c
  cipher in : ntly returned from russia twice a month the editorial staff meet
  decrypted :                            d                                    
  real plain: augural program with the slow and modest entrance of the maidens
learning rate 0.0001000 -> 0.0001000
temperature tau = 0.4899
End of epoch 1 / 80 	 Time Taken: 17 sec
--- iter tau=0.4899 ---
  cipher in : awled be my guest on the wrapping it gave him a good feeling mmm
  decrypted :                                                                 
  real plain:  establishments overseas to finance private investment and to pr
  cipher in : aid that if presidents were supposed to be colorful mr coolidge 
  decrypted :                                                                 
  real plain:  not the utilities available nearby may provide a savings in the
--- iter tau=0.4899 ---
  cipher in : y of aircraft on the ground put aircraft in bombproof hangars wh
  decrypted :                                                                 
  real plain: political campaign we have recourse to the scientificallytrained
  cipher in : stance so that time stood still and minor anxieties fell away an
  decrypted :                                                                 
  real plain: y in spite of powerful opposition the draft act finally passed c
--- iter tau=0.4899 ---
  cipher in : aced on either side of the tent as the field on which my tent wa
  decrypted :                                                                 
  real plain: t was with granny dying but they all agreed she wouldnt have wan
  cipher in : ted risks and ibm machines the planning dept comes into existenc
  decrypted :                                                                 
  real plain:  plan for the capitals franklin d roosevelt memorial a circle of
--- iter tau=0.4899 ---
  cipher in : ivation in western asia and initiated it in the united states wa
  decrypted :                                                                 
  real plain: nes of boston president kennedy couldnt stay away from his desk 
  cipher in : ce box and begun to buy fiftypound blocks of ice in town as the 
  decrypted :                                                                 
  real plain: etty the inside of their place was full of new furniture five bu
--- iter tau=0.4899 ---
  cipher in :  since the s these new pictures focussed on the familiar and com
  decrypted :                                                                 
  real plain: e in them well walk up there later its perhaps a mile from here 
  cipher in : hospital shortly before am yesterday after a hunting accident in
  decrypted :                                                                 
  real plain: hs indeed it was probably to mr morses advantage to have mr and 
--- iter tau=0.4899 ---
  cipher in : tford he drew up a defense of the towns right to toll corn and t
  decrypted :                                                                 
  real plain: ackle executive powers the final decision went to the executive 
  cipher in : a glance that the biggest sandals belonged to niobe the neatest 
  decrypted :                                                                 
  real plain:  on the trot until december hitched to a breaking cart once arou
--- iter tau=0.4899 ---
  cipher in : nt has now been translated into action by the majority of people
  decrypted :      h              hh   h h       h          h    h          h 
  real plain: ect save one both were eccentrics of the purest ray serene alexa
  cipher in :  masquerades under the name democratic study group had fought th
  decrypted :  h h     h h   h         h  h h     h  h  h          h          
  real plain:  already beginning to thin and recede at the sides and abel look
--- iter tau=0.4899 ---
  cipher in : e with knees apart and bent place flat palms on either side of t
  decrypted :    h   h   h    h    h h     h    hh     hhh     h   h hhh   h  
  real plain: in surprise then noticed that fred powell was clutching his ches
  cipher in : e next closest pro but it was barely good enough for a secondpla
  decrypted :     h   h h h   h  h   h    h h h hh    h        h h   h    h h 
  real plain: ly of the expenditures for the department of defense are for pro
--- iter tau=0.4899 ---
  cipher in : interlayer interactions which are already quite short at aj henc
  decrypted : h   hh h h h   h   h  h h h    h   hh  hh   h   h  h      h     
  real plain: hout the land they say it helps them bring back into schools the
  cipher in : s persuasively with the tangled confusion of scottish politics a
  decrypted : h   hh  hhh hh hh          hh h    h hh    h h    hh    hh h h  
  real plain: d rapidly at first but then baldy began to draw away somewhere i
--- iter tau=0.4899 ---
  cipher in : y on the road and some americans are not particularly keen on ge
  decrypted : h        h  h   h h h   h hh   h  h        h h hh hhh h       h 
  real plain: re that none of the effects of this story were consciously emplo
  cipher in : to make it useable sometimes you have a choice of exposure for s
  decrypted :    h h  h  hh  hh  h h  hh h h h   h       h    h  h  hhh  h h h
  real plain:  of the stockholders of du pont and general motors and to consid
--- iter tau=0.4899 ---
  cipher in : evertheless with foresight and careful planning some of the more
  decrypted :  h h   h hh hh   h h hhh   h h  hh hhh  hh  h h h h   h     h h 
  real plain: eat conductor can bring soloist orchestra and music to ultimate 
  cipher in : by performing a service for the builder cheaper than he could do
  decrypted : hh   hh hhh h h h hhh   h h     hhhhh h    h  h   h       hhh h 
  real plain: ent she was told by the manservant who opened the door that his 
--- iter tau=0.4899 ---
  cipher in : ly magwitchs pursuit of compeyson his archenemy and betrayer beg
  decrypted : hh hhhhh hhh hhhhhh   h h hh hh   hhh hhhh   hh h h h  hhh h h h
  real plain: available to him your finger tips the happy one could never have
  cipher in : los angeles country club for the annual formal party saturday ev
  decrypted : h h h h h h h h  hh hhhh h h  h  h  hhh h hhhh hhh h hh hhhhh  h
  real plain: s late as in the bestselling novel so red the rose by stark youn
--- iter tau=0.4899 ---
  cipher in : ged epaulets and spic redvisored caps i suddenly saw just over t
  decrypted : h h  hhhh  h hhh hhhh h hhhh h h hhhh h hhhh hhh hhh hhh   h h  
  real plain:  because baker had sent him to the mexican border in to investig
  cipher in : hands from any dish she put before him hesitatingly as if she dr
  decrypted : hhhhh hh h hhh hhhh hh  hh  h h h  hhh h hh h hhhhh hh hh hh  hh
  real plain: ltiple and ambivalent identities of their passage from child to 
saving the latest model (epoch 2, total_iters 80000)
learning rate 0.0001000 -> 0.0001000
temperature tau = 0.4800
End of epoch 2 / 80 	 Time Taken: 17 sec
--- iter tau=0.4800 ---
  cipher in : e typewriter with a little more confidence his interests range f
  decrypted :   hhh hhhh h hhhh h hhhhh  h h  h hhhh hh  hhh hhh h hhh hhhh  h
  real plain: nt have tended to dress their dancers in simple lines and solid 
  cipher in : ew leni bauerecsy production of lucia di lammermoor this season 
  decrypted :  h h hh hhh h hhh hh hhhhh h  h hhhhh hh hhhh hh  h hhhh h hh h 
  real plain: in at am and end at pm in the auditorium of the library and fine
--- iter tau=0.4800 ---
  cipher in : ate decision backward from whatever may conceivably or possibly 
  decrypted : hh  h hhhh h hhhhhhhh hh h hhhh h h hhh h hh hhhhhh  h h hhhhhh 
  real plain: d and directed to cover into the yugoslav claims fund the sum of
  cipher in : he silk trade route vincent bergers mission is a failure because
  decrypted : h  hhhh hhhh  h hh  hhhh hh h hh hh hhhhh h hh h hhhhhh  h hhhh 
  real plain: is unhappily uniqueingrownscrewedup breed their reading and thin
--- iter tau=0.4800 ---
  cipher in : ills he did not leave the middle of the road he did not try to r
  decrypted : hhhh h  hhh h   h hh   h  hhhhh   h  h  h hh h  hhh h    hh    h
  real plain: ed analogy to say that this is what thomas did to poetry the spe
  cipher in :  a school on account of his color in general members of nairo wo
  decrypted :  h hhh  h  h hhh hh   h hhh h h h hh h h hhh h hh hh  h hhhh  h 
  real plain: oots and will live for the blessing of generations to come miss 
--- iter tau=0.4800 ---
  cipher in : tion will be well worth your time all model cars are not availab
  decrypted :  h   hhhh h  h hh h h h h hh  hh  hhh h h h hhhh hh      hhhhhhh
  real plain: disillusionment turn somewhat as they do for the naive hero of d
  cipher in : ne another out blindfolded here idje you fella like tabac he sai
  decrypted :    h   h h  h  hhh hh hh h h h  hhh  h h h hhh hhh   hhhh h  hhh
  real plain: rsty dictator of the dominican republic for years perhaps deserv
--- iter tau=0.4800 ---
  cipher in : vering the entire state with these maps completed the inventory 
  decrypted : h hh h  h     hh  h h   hh h  h h  hhhh   hhh   h  h  h h    hh 
  real plain:  products research foundation to help bricklayers do better work
  cipher in : berts looked at one of his eyes and felt for a pulse he couldnt 
  decrypted : h h h h  h h h       h hhh  h h h h h h  h h h hhhh  h    hhh   
  real plain:  might be said to be an upper or an uppermiddleclass bias but th
--- iter tau=0.4800 ---
  cipher in : ers and platters for outdoor use made of the worlds toughest unb
  decrypted :  hh h h hhh   hh h h  h h  h hh  hhh   h  h  h hhhh   hhh h  h h
  real plain: amous document that comes out of this dispute is perhaps sir phi
  cipher in : ber of papers physical chemistry of washing although there is no
  decrypted : h h  h hhh hh hhhhh hh  h hhh hh  h hhhhh h hh h hhh  h h  hh   
  real plain: he writing are all qualities which hold ones attention with the 
--- iter tau=0.4800 ---
  cipher in : the standard repertoire featured novelties like erdmanns piano c
  decrypted :  h  h h hhhh h h h  hh  h h hh h   h h h h hhh   hhhh  h hhh    
  real plain:  judicious attitude that he read some of the books assigned to h
  cipher in : uly the discovery picked her way along the milelong strait avoid
  decrypted : hhh  h  hhh  h hh hh h h h h hhh hh  h  h  hhh h  h h hhh  hh hh
  real plain: ndation for the next fiscal year specifically congress should co
--- iter tau=0.4800 ---
  cipher in : emed to understand and appreciate the film when he wrote miss po
  decrypted :  h h    h h hh h h h h hhhh  hh    h  hhhh hh   h  hh    hhhh h 
  real plain: ni in new york to ask them for contributions to the graham memor
  cipher in : d one thing papa had not taught henrietta was how to handle a yo
  decrypted : h      hh h hhhh hhh      hhhh  h  hh   h hhh h h    hh hh  h h 
  real plain: iaison officer to critically important new york city walton who 
--- iter tau=0.4800 ---
  cipher in :  was a cause she believed in after correspondence with miss pack
  decrypted :  hhh h  hhh  hh  h hh h h h  hh  h   hh h   h     hh h hhhh  h h
  real plain: icate finally the forces of authoritarianism protrujillo and pro
  cipher in : it was done at all as mrs morris may be in some want before that
  decrypted : h  hhh h    h  hhh hh hhh h hhhh hhh h  h  h h  hh   h h h   hh 
  real plain:  humble their approach to life direct and unsophisticated whatev
--- iter tau=0.4800 ---
  cipher in : budget of the church may be presented and pledges solicited at t
  decrypted : hhhh    h       hh   hhh h   h h    h h h  h hh h h hh h  h h   
  real plain: ns require the inscription of each individual male or female adu
  cipher in :  make adjustment to the urban life negro radio is vitally necess
  decrypted :  hhh  hhhhh h           hhhh  hhh    hh  hhhh  hh hh hhhh     hh
  real plain: s was lying or insisting on a private definition of antisemitism
--- iter tau=0.4800 ---
  cipher in : nce as a new york columnist catherine marshall lesourd the insig
  decrypted :     he h   h h hh   hhh he   h   hh   hhhe hhh h e hhh     h ehh
  real plain: tively admitted for next fall after state investigators question
  cipher in :  cooperation by and with atomic energy commission the department
  decrypted :       hh h   hh h h hh   h  hh     hhh   hhheeh       h  hh h   
  real plain: te system of personal contacts and have experts constantly study
--- iter tau=0.4800 ---
  cipher in :  af is vastly larger than r no optimism is more baseless than th
  decrypted :   e he h e he h he h      h       hehee he e h  h e h ee        
  real plain: freshing deep peep show the viewers of the deep peep show at th 
  cipher in : d not from the hull but youve got to know both whats below the w
  decrypted : e     eh e      hhh hh  e hh  e      e  h h    h   e h h h     h
  real plain: lish by dutton co of new york in the book was received by the pr
learning rate 0.0001000 -> 0.0001000
temperature tau = 0.4704
End of epoch 3 / 80 	 Time Taken: 17 sec
--- iter tau=0.4704 ---
  cipher in : ntry club it was greeted with a chorus of boos by women in trent
  decrypted : c ee  eee e  hee ee    e he   e    eee  e e  e ee h e c ec  e c 
  real plain:  parents were doing quite well her mother was a good manager and
  cipher in : me of aeschylus to that of shakespeare and although they were as
  decrypted : e   e e e  eeee      e   e e ee e  ee  ece ee   ee     e h e  ee
  real plain: than less of an individualist than any of his predecessors for h
--- iter tau=0.4704 ---
  cipher in : illas were running across the parade ground and through the rear
  decrypted : eeeee c e  eeccece e e ee  e  eeeee  ee ece ece  ee eee  e  e ee
  real plain: s own hands have committed his guilty conscience projects itself
  cipher in : le othon had seen what the discontent might lead to for before h
  decrypted : e    e c eee e  c cee   e  eee  c  c  eeee  e ee    e e e e e  e
  real plain: e let the germans do this i have sat many hours with this styka 
--- iter tau=0.4704 ---
  cipher in : oments when he loved the stage and all those unseen people out t
  decrypted : ie c e ce c e  eic e  e  e ee  ece eee  eie  ece  c i iie  ie   
  real plain: ct that the old roman was referring to change made under militar
  cipher in : ed for summer comfort are the shoes illustrated at the left is a
  decrypted :  e eie eeee e iieeie  ee   e  eei e eeeee ee  e e   e  e e  ee e
  real plain: ancers of bali on march hollywood a southeast library workshop w
--- iter tau=0.4704 ---
  cipher in : l be nil despite all this the idea apparently has captured the i
  decrypted : eie iceeie eie  ieeei eeei e iee eieiiee c eeieeeiiei ee ei e ie
  real plain:  ceiling near it was a metal ladder on casters attached to the t
  cipher in : stic to expect a continuation of the yearly growth of or better 
  decrypted : e eii ii ei i ieiiic ecee eiciiei e ie eeeeieeii eiieiieie    ei
  real plain: ves breathes and thinks for the good of the people hughes asked 
--- iter tau=0.4704 ---
  cipher in :  a marked narrowing of the orifices of the large major visceral 
  decrypted : ieieeee eiceeeiceceiiei e iieeeei eiiei e iteee ieeiieiceei eeti
  real plain: peech only hardy would say a grin of bitterness swept thereby li
  cipher in : chine when she visited him the next day after another treatment 
  decrypted : ieec ice ciee iceee  eieeei e ic e ieeeiee  eieci e ei e e e c i
  real plain: st be attributed either to trace impurities or to variation in w
--- iter tau=0.4704 ---
  cipher in :  who caused the mischief and who made him say that the ruling pa
  decrypted :  cei ieee t  e  eeeiee e ect cei eet  eee eee  ee   e  eetece ie
  real plain:  gen taylor to make an inspection trip at this time communist gu
  cipher in : re in this profession we reach into the souls of men and women a
  decrypted : e  ec  eee ieie eeeic c  e eie ec i  e  eiete ie e c ect cie c e
  real plain: and palm oil the colony was administered from brussels with neit
--- iter tau=0.4704 ---
  cipher in :  in the us news world report of may which discussed this type of
  decrypted :  ec  e  et c ct ciett e iie  ie eee ceeie tetiett t  eet  ei  ie
  real plain: hose who recall easily the statues of bernini and the gigantic p
  cipher in :  as i may need to speak about my background my hopes my views on
  decrypted :  et e eee c  t  i ti ee eeie  ee eeieeeiect ee eii t ee ce ct ic
  real plain: ty that would arrive by next ship this went faster than schedule
--- iter tau=0.4704 ---
  cipher in :  such as onthejob disability pay can be put on a direct payment 
  decrypted :  teie et ic e cie ttteettt e iee iec e  ie  ic e tte i  ieee c  
  real plain: in surprise then noticed that fred powell was clutching his ches
  cipher in : d much like the foregoing reading some mediums speak in practica
  decrypted : t eeie ttt   e  tie eitce e ettce tie  e tteet ti et tc ieei tie
  real plain: ly of the expenditures for the department of defense are for pro
--- iter tau=0.4704 ---
  cipher in : milarly covered with aj sections were then washed with pbs for m
  decrypted : etteett iic e t ct e ec t i tict c e   e c cete t ct e iet tie e
  real plain: re of the war was not to be considered seriously true there had 
  cipher in : d and finished as runnerup in the national invitation tournament
  decrypted : t ect ttctte t et eecc eei tc  e  ce ticet tcct e tic  ieecee c 
  real plain:  the square takes its name was erected by the emperor marcus aur
--- iter tau=0.4704 ---
  cipher in : be made it may be of course that such objectives can be pursued 
  decrypted : e  tet  t  tet e  it iieet   ee  teie iei i tc t iec e  ieete t 
  real plain: e networks for military communications are one of the best examp
  cipher in : us to read into our authors nathaniel hawthorne for example and 
  decrypted : et  i e et tc i iee ee eiet ce eect t eec eiec  tie  eetit  ect 
  real plain: ld one day discover but he was perpetually engaged in a battle t
--- iter tau=0.4704 ---
  cipher in : ophy however modesty and triviality are different qualities phil
  decrypted : iiet eic c e tit t t ect  etctett t ee  tttt e c  ieett t t iett
  real plain:  the snake reaches its maturity it has already reached about its
  cipher in : vement protected the istiqlals privileged position until the fal
  decrypted : c t c  iei  i  t  e  tt titett ietctt e t iitt tic ec tt  e  tet
  real plain: f hands above a clothesline and the flutter of garments hung the
--- iter tau=0.4704 ---
  cipher in : ad been intimately thrown six decades before i could never forge
  decrypted : et e  c tc tte  tt  eeicc tti t iet t e tie  t iiett c c e tiee 
  real plain:  after a fashion he envied in time he grew to depend upon her oc
  cipher in :  road to vienna the u s and soviet heads of government have met 
  decrypted :  eiet  i ct cce  e  e t ect tict   e ett it eic ect c  eec  t   
  real plain: imean war the american civil war and the franchise struggle trev
--- iter tau=0.4704 ---
  cipher in : management whether at the district region or headquarters level 
  decrypted : tecee t c  ce  e e e   e  ttt eti  e etic ie e etieee  et t c t 
  real plain: aps of the seton harness over gregs shoulders but this goddamn c
  cipher in : as been the foundations principal administrative officer continu
  decrypted : et e  c  e  tiecte tict ietcitiet etttctt ee tc  ittti e iic tce
  real plain: augural program with the slow and modest entrance of the maidens
saving the latest model (epoch 4, total_iters 160000)
learning rate 0.0001000 -> 0.0001000
temperature tau = 0.4609
End of epoch 4 / 80 	 Time Taken: 17 sec
--- iter tau=0.4609 ---
  cipher in :  of the ceasefire by the international control commission before
  decrypted :  it ee  i et tte  et ee  tce eceeticet iiceeit iittttttic e tie 
  real plain:  establishments overseas to finance private investment and to pr
  cipher in : a thousand arms and shoving her against a spruce her back to him
  decrypted : e eeietect eett ect teictce e e eeetcte e tieei  e e eeit ei ett
  real plain:  not the utilities available nearby may provide a savings in the
--- iter tau=0.4609 ---
  cipher in : of dropping off he gave it a strong push heard it slide then tum
  decrypted : it teiiitce itt e  eec  te e teeice iete e eet te tttt  ee c eet
  real plain: political campaign we have recourse to the scientificallytrained
  cipher in :  secretary of the interior shall a conduct encourage and promote
  decrypted :  t ie eeet it ee  tce etie teett e iicteie  ciieeee  ect ieitie 
  real plain: y in spite of powerful opposition the draft act finally passed c
--- iter tau=0.4609 ---
  cipher in : areas each day has increased tremendously since world war total 
  decrypted : ee et  eie tet eet tcie et t ee t ctiettt ttci  ciett cee eieet 
  real plain: t was with granny dying but they all agreed she wouldnt have wan
  cipher in : t and lightreflecting in color th of a second between af and af 
  decrypted : e ect tteeee tt ietce tc iitie ee it e t iict e ec  c et ect et 
  real plain:  plan for the capitals franklin d roosevelt memorial a circle of
--- iter tau=0.4609 ---
  cipher in : southern fiction does tobacco road with all the traditional trim
  decrypted : tieee ec ttietic ti t eieeiii eiet ctee ett ee  eeetteticet eett
  real plain: nes of boston president kennedy couldnt stay away from his desk 
  cipher in : ening street he would have to do something on his own but what t
  decrypted :  ctce tee  e e  ciett eec  ei ti tit eetce ic ett icc eee ceee e
  real plain: etty the inside of their place was full of new furniture five bu
--- iter tau=0.4609 ---
  cipher in : ainst social evils he remained a devout christian he was remembe
  decrypted : etcte tiitet  cttt e  e tetc t e t ciee ieettetec e  cet e t te 
  real plain: e in them well walk up there later its perhaps a mile from here 
  cipher in : m wouldnt touch me with a tenfoot blue pencil i remember one day
  decrypted : t ciettce eieie t  ctee e e ctiie ete  i citt t e t te e ic  tet
  real plain: hs indeed it was probably to mr morses advantage to have mr and 
--- iter tau=0.4609 ---
  cipher in : n to canada to fight the americans in the war of had settled in 
  decrypted : c ei iecete ei tteee ee  et etiect tc ee  cee it eet t eet t tc 
  real plain: ackle executive powers the final decision went to the executive 
  cipher in : bvious where there is a larger and more distinguished outside fa
  decrypted : ectiet ce e  ee e  tt e teee e ect tie  tttetceette t ieettt  te
  real plain:  on the trot until december hitched to a breaking cart once arou
--- iter tau=0.4609 ---
  cipher in :  plantation life they have an ancestry extending back however at
  decrypted :  iteceeetic ttt  ee t eec  ec eci teet  ie cttce eeit eic c e ee
  real plain:  judicious attitude that he read some of the books assigned to h
  cipher in : m and down the stairs in the lighted interior he saw other men a
  decrypted : t ect ticc ee  teetet tc ee  tteee t tce etie e  tec iee e t c e
  real plain: ndation for the next fiscal year specifically congress should co
--- iter tau=0.4609 ---
  cipher in : rect coombs used for comparison the insoluble material resulting
  decrypted : e ie iiitet et t tie iitieettic ee  tctiteet  tee etet e tetetce
  real plain: es which incorporated this hegelian abstraction and saw law dome
  cipher in : or the causing of suffering there is something very unfitting if
  decrypted : ie ee  ieettce it tett etce ee e  tt tit eetce c et ectteetce tt
  real plain: r battens are glued and screwed to the flooring the exception is
--- iter tau=0.4609 ---
  cipher in : ects of the rural recovery are being felt almost immediately by 
  decrypted :  iet it ee  eeeet e iic et ee  e tce t te ettite ttt ttee tt et 
  real plain: hout the land they say it helps them bring back into schools the
  cipher in : nd most surprising in more himself indeed it is even surprising 
  decrypted : ct tite teeietttce tc tie  ettt tt tct  t te tt  c c teeietttce 
  real plain: d rapidly at first but then baldy began to draw away somewhere i
--- iter tau=0.4609 ---
  cipher in : s and the power gain at the peak of the beam were both measured 
  decrypted : t ect ee  iic e eetc ee ee  i et it ee  e et c e  eiee t etee t 
  real plain: re that none of the effects of this story were consciously emplo
  cipher in : ed for help in the matter of her career she could act and she co
  decrypted :  t tie e ti tc ee  teee e it e e iee  e te  iiett eie ect te  ii
  real plain:  of the stockholders of du pont and general motors and to consid
--- iter tau=0.4609 ---
  cipher in : s heavily on umt support was most effective the istiqlal found t
  decrypted : t e ecttt ic ete teiiiee cet tite  tt ietc  ee  ttetitet tiect e
  real plain: eat conductor can bring soloist orchestra and music to ultimate 
  cipher in : s sometimes months without the solace of tobacco mitchell barton
  decrypted : t tit ett t ticeet cteeiee ee  titei  it eieeiii tteie tt eeeeic
  real plain: ent she was told by the manservant who opened the door that his 
--- iter tau=0.4609 ---
  cipher in : n to his car he had played into lords hands the trouble was that
  decrypted : c ei ett iee e  eet itet t tcei tiett eectt ee  eeieet  cet eeee
  real plain: available to him your finger tips the happy one could never have
  cipher in :  time he reached the edge of the pit he was panting and his shou
  decrypted :  ett  e  e eie t ee   te  it ee  ite e  cet iecetce ect ett teie
  real plain: s late as in the bestselling novel so red the rose by stark youn
--- iter tau=0.4609 ---
  cipher in : it had come as no great surprise to matson that the hot water in
  decrypted : te eet iit  et ci ee ee teeiett  ei teetic eeee ee  eie cee e tc
  real plain:  because baker had sent him to the mexican border in to investig
  cipher in : now undergoing redevelopment this school and its program are esp
  decrypted : cic ect eeitce e t c tiit ce eett tieiit ect tet ieieeet ee   ti
  real plain: ltiple and ambivalent identities of their passage from child to 
learning rate 0.0001000 -> 0.0001000
temperature tau = 0.4516
saving the model at the end of epoch 5, iters 202240
End of epoch 5 / 80 	 Time Taken: 17 sec
--- iter tau=0.4516 ---
  cipher in : purities because it would not be apt to be a chain reaction sinc
  decrypted : ieetet t e ieet  te ciett cie e  eie ei e  e ieetc e eietic ttci
  real plain: nt have tended to dress their dancers in simple lines and solid 
  cipher in : e it sparks some action let the media clean house too many of us
  decrypted :   te tieeet tie  eietic t e ee  e tte it ec eiet  eii eect it et
  real plain: in at am and end at pm in the auditorium of the library and fine
--- iter tau=0.4516 ---
  cipher in : has been printed derogatory to you purporting to have come from 
  decrypted : eet e  c ietce t t eieeeiet ei tie ieeiieetce ei eec  iie  teie 
  real plain: d and directed to cover into the yugoslav claims fund the sum of
  cipher in : ed by the laying on of a finger although they were not apparentl
  decrypted :  t et ee  tettce ic it e ttce e eteeieee ee t c e  cie eiiee cet
  real plain: is unhappily uniqueingrownscrewedup breed their reading and thin
--- iter tau=0.4516 ---
  cipher in : rs monmouth by picasso himself like certain expensive restaurant
  decrypted : et eiceieee et itietti etet tt tte  i eeetc  ii cttc  e teeeeece
  real plain: ed analogy to say that this is what thomas did to poetry the spe
  cipher in : ries could meet and solve problems without resorting to war russ
  decrypted : et t iiett e  e ect titc  ieiet et cteeiee e tieetce ei cee eett
  real plain: oots and will live for the blessing of generations to come miss 
--- iter tau=0.4516 ---
  cipher in :  love for literature and history remained with him for his entir
  decrypted :  tic  tie tte eeeee  ect etteiet e eetc t ctee ete tie ett  cete
  real plain: disillusionment turn somewhat as they do for the naive hero of d
  cipher in : inarily be on the first complement the cat not the second comple
  decrypted : tceettt e  ic ee  ttete iieit e ce ee  iee cie ee  t iict iieit 
  real plain: rsty dictator of the dominican republic for years perhaps deserv
--- iter tau=0.4516 ---
  cipher in : t it would greatly strengthen any mayors executive powers remove
  decrypted : e te ciett ee eett tee ceee c ect eetiet  i ieetc  iic et e eic 
  real plain:  products research foundation to help bricklayers do better work
  cipher in : ider pushpull superset technique in which one exercise of the su
  decrypted : tt e ieteiett tei et e e iectie  tc cetie ic   i eitt  it ee  te
  real plain:  might be said to be an upper or an uppermiddleclass bias but th
--- iter tau=0.4516 ---
  cipher in : nd more disturbing however is the moral isolation of raymond cha
  decrypted : ct eie  ttteeeetce eic c e tt ee  eieet ttiteetic it eeteict iee
  real plain: hose who recall easily the statues of bernini and the gigantic p
  cipher in : istrator and the premier patrice lumumba a reasonable man twenty
  decrypted : tteeeeie ect ee  ie et e ieeeti  teeeeee e e eticeet  eec ec cet
  real plain: ty that would arrive by next ship this went faster than schedule
--- iter tau=0.4516 ---
  cipher in : cept that the secretary general would probably order the list de
  decrypted : i ie eeee ee  t ie eeet e c eet ciett ieieeett iet e ee  ttte t 
  real plain: the estimate for eligible electors were made without the benefit
  cipher in : ffice while republicans ran the senate the department was at the
  decrypted : ttti  cett  e ieettiect eec ee  t cee  ee  t ieeee ce cet ee ee 
  real plain: ard committee and dissembling discounted it inside if so i would
--- iter tau=0.4516 ---
  cipher in : ith unleavened bread furthermore bern decrees that we must do as
  decrypted : tee ect ec c t ee et teeee eeie  e ec t ie  t eeee i  eete ti et
  real plain: ni in new york to ask them for contributions to the graham memor
  cipher in :  hotels and multifamily dwellings to a room the cost of a licens
  decrypted :  eie tt ect eetetteettt ti tttcet ei e eiie ee  iite it e tti ct
  real plain: iaison officer to critically important new york city walton who 
--- iter tau=0.4516 ---
  cipher in : low engineers for his technical competence and was regarded as a
  decrypted : tii  cetc  et tie ett e iectiet iiei e ci  ect iet e eeet t et e
  real plain: icate finally the forces of authoritarianism protrujillo and pro
  cipher in : der install the facilities this whole development is certain to 
  decrypted : t e tcteett ee  teitttet t eett ieit  t c tiie ce tt i eeetc ei 
  real plain:  humble their approach to life direct and unsophisticated whatev
--- iter tau=0.4516 ---
  cipher in : inged under sodden covers listening to the waves slop against th
  decrypted : tce t ect e titt c iic et ttte ctce ei ee  iec t ttii eeetcte ee
  real plain: ns require the inscription of each individual male or female adu
  cipher in : ttier they were inside than their dull exteriors indicated we sh
  decrypted : eet e ee t i e  tcttt  eeec ee te tett  ie etiet tcttiee t i  te
  real plain: s was lying or insisting on a private definition of antisemitism
--- iter tau=0.4516 ---
  cipher in : t by one of the first sticks of bombs vesole rushed from gun to 
  decrypted : e et ic  it ee  ttete tetiet it eieet c tit  eete t teie eec ei 
  real plain: tively admitted for next fall after state investigators question
  cipher in : r oxygen is about normal however the possible absence of a cente
  decrypted : e iite c tt eeiee cieeet eii c e ee  iitttet  eet ci  it e i ce 
  real plain: te system of personal contacts and have experts constantly study
--- iter tau=0.4516 ---
  cipher in : g all components into a single pattern the preparation of a mast
  decrypted : e ett iieiic cet tcei e ttcet  ieee ec ee  ie ieeeetic it e eete
  real plain: freshing deep peep show the viewers of the deep peep show at th 
  cipher in : he echoes dont you be afraid he would save her if there was a fi
  decrypted : e   iei t tice tie e  eteett e  iiett tec  e e tt ee e  iet e tt
  real plain: lish by dutton co of new york in the book was received by the pr
saving the latest model (epoch 6, total_iters 240000)
learning rate 0.0001000 -> 0.0001000
temperature tau = 0.4425
End of epoch 6 / 80 	 Time Taken: 17 sec
--- iter tau=0.4425 ---
  cipher in : d in detail during the past years and decades by numerous invest
  decrypted : t tc tceett teetce eec iete tceet ect tcietct et ceeceiet tcccte
  real plain:  parents were doing quite well her mother was a good manager and
  cipher in : rried a man named vincent black i remember her because she didnt
  decrypted : eetct e eec ceect ctcicce eteie t ececeece ece ecieetc tec tttce
  real plain: than less of an individualist than any of his predecessors for h
--- iter tau=0.4425 ---
  cipher in : uture policy and the chinese as the albanian incident shows have
  decrypted : eeeec iittit ect eec ietcctc et eec eteectec tcittcce teict eecc
  real plain: s own hands have committed his guilty conscience projects itself
  cipher in : and intuition dr isaacs was so pleased with the quality of her b
  decrypted : ect tceetetic te tteeit cet ti itcetct ctee eec ieettet it ece e
  real plain: e let the germans do this i have sat many hours with this styka 
--- iter tau=0.4425 ---
  cipher in :  was mounted on a floating platform and caused the entire platfo
  decrypted :  iet eiecect ic e ttieetce iteetiee ect ieetct eec ccetec iteeti
  real plain: ct that the old roman was referring to change made under militar
  cipher in : er members of the party lounged in the smaller alcoves between b
  decrypted : ce eceecet it eec ieeet tiecect tc eec teettce etiicct eceiccc e
  real plain: ancers of bali on march hollywood a southeast library workshop w
--- iter tau=0.4425 ---
  cipher in : d the completion profile it may be assumed that differences in r
  decrypted : t eec iieitcetic ieitttc te eet ec etteect eeee ttttceccict tc e
  real plain:  ceiling near it was a metal ladder on casters attached to the t
  cipher in : of the firms were selected on a random basis from names submitte
  decrypted : it eec tteet icec tctciect ic e eectie eettt teie ceect teeeteec
  real plain: ves breathes and thinks for the good of the people hughes asked 
--- iter tau=0.4425 ---
  cipher in : d mines big ones and little the crude wooden boxes of the enemy 
  decrypted : t etcct ete icct ect tteetc eec ieetc iiitcc eiict it eec cccet 
  real plain: peech only hardy would say a grin of bitterness swept thereby li
  cipher in : e west valley forge also obstructed the trade between howes forc
  decrypted : c icte cettct tieec etti ieteeeiect eec eeetc eceiccc eiict tiei
  real plain: st be attributed either to trace impurities or to variation in w
--- iter tau=0.4425 ---
  cipher in : e of fully distributed cost analysis which unlike the railroad t
  decrypted : c it tettt ttteeteeect iite ecettttt ietie ecttec eec eetteiet e
  real plain: ackle executive powers the final decision went to the executive 
  cipher in : jecting the bronchial artery first with no pressure on the pulmo
  decrypted : icietce eec eeicietet eeecet ttete itee ci iectteec ic eec ietei
  real plain:  on the trot until december hitched to a breaking cart once arou
--- iter tau=0.4425 ---
  cipher in : is the pacing of a brief and dangerous watch and to all sentinel
  decrypted : tt eec ieitce it e eetct ect tececeiet ieeie ect ei ett tccetcct
  real plain: ect save one both were eccentrics of the purest ray serene alexa
  cipher in : ad with the breathing the equipment was fine rob stated standing
  decrypted : et itee eec eeceeetce eec cietiecce iet ttcc eie teeect teecttce
  real plain:  already beginning to thin and recede at the sides and abel look
--- iter tau=0.4425 ---
  cipher in : etings starr jones gets up every morning at five oclock milks hi
  decrypted : cetcet teeee iicct ecet ei cccet eiectce ee ttcc iitiie ettet et
  real plain: in surprise then noticed that fred powell was clutching his ches
  cipher in : f many foods are widely scattered geographically and because of 
  decrypted : t eect tiitt eec ittctt tieeecect ecieeeietiettt ect ecieetc it 
  real plain: ly of the expenditures for the department of defense are for pro
--- iter tau=0.4425 ---
  cipher in : rom time to time authorization for construction and operation or
  decrypted : eie etec ei etec eeeeietceetic tie iicteeeietic ect iiceeetic ie
  real plain: re of the war was not to be considered seriously true there had 
  cipher in : ng the remainder of the text and we must attend to it more close
  decrypted : ce eec eceetctce it eec ecie ect ic eete eeecct ei te eiec ititc
  real plain:  the square takes its name was erected by the emperor marcus aur
--- iter tau=0.4425 ---
  cipher in :  the son of mr and mrs lawrence larson sw nevada ct portland oth
  decrypted :  eec tic it ee ect eet teieccic teetic ti cccete ie iieetect iee
  real plain: e networks for military communications are one of the best examp
  cipher in : s a calorimeter the element is inserted in the discharge circuit
  decrypted : t e ietietecece eec ctcecce tt tctceect tc eec tttieeeec iteiete
  real plain: ld one day discover but he was perpetually engaged in a battle t
--- iter tau=0.4425 ---
  cipher in : h the cultural and moral values held by the traditional professi
  decrypted : e eec ieteeeet ect eieet cetect ectt ee eec eeetteticet ieitcttt
  real plain:  the snake reaches its maturity it has already reached about its
  cipher in : ple who did not know him as the composer but who talked in the m
  decrypted : itc iei ttt cie ecii ete et eec iieiitce eee iei eetect tc eec e
  real plain: f hands above a clothesline and the flutter of garments hung the
--- iter tau=0.4425 ---
  cipher in :  up in two years and of each steaming hour up in total these inc
  decrypted :  ei tc eii eceet ect it ceie teceetce eiee ei tc eieet eectc tci
  real plain:  after a fashion he envied in time he grew to depend upon her oc
  cipher in : accomplished relatively easily for them in that both cities end 
  decrypted : eiiieitttect ecteetccte cettte tie eece tc eeee eiee itetct cct 
  real plain: imean war the american civil war and the franchise struggle trev
--- iter tau=0.4425 ---
  cipher in : versity and the fulfillment of its mission as an institution of 
  decrypted : ccettee ect eec tetttttecce it tet ettttic et ec tcteteeetic it 
  real plain: aps of the seton harness over gregs shoulders but this goddamn c
  cipher in : e a southerner married to a new englander i have lived for many 
  decrypted : c e tieeececce eeeetct ei e cci ccetectce t eecc ttcct tie eece 
  real plain: augural program with the slow and modest entrance of the maidens
learning rate 0.0001000 -> 0.0001000
temperature tau = 0.4335
End of epoch 7 / 80 	 Time Taken: 17 sec
--- iter tau=0.4335 ---
  cipher in :  dictionary of complete paradigms rather than single forms and t
  decrypted :  ttieticeee it iieitcec ieeetteet eeeece eeec ttcetc tieet ect e
  real plain:  establishments overseas to finance private investment and to pr
  cipher in : snakes require five years to attain maturity but this apparently
  decrypted : tceect ecietec ttcc eceet ei eeeetc eeeeetee eee eett eiieeccete
  real plain:  not the utilities available nearby may provide a savings in the
--- iter tau=0.4335 ---
  cipher in : s divinely inspired and all he has to do is find the right key a
  decrypted : t ttctccte tctitect ect ett ec eet ei ti tt ttct eec eteee ece e
  real plain: political campaign we have recourse to the scientificallytrained
  cipher in :  because i am holy st peter holiness without which no man will s
  decrypted :  ecieetc t ee eite te icece eittcctt iteeiee ietie ci eec ittt t
  real plain: y in spite of powerful opposition the draft act finally passed c
--- iter tau=0.4335 ---
  cipher in :  distant farm a rooster crowed and far down the valley an associ
  decrypted :  ttteece teee e eiitece ieiict ect tee tiic eec cettce ec ettiit
  real plain: t was with granny dying but they all agreed she wouldnt have wan
  cipher in : ional and presidential campaigns his character shines as an exam
  decrypted : ticet ect iectttccetet ieeietect ett ieeeeiece tetcct et ec ciee
  real plain:  plan for the capitals franklin d roosevelt memorial a circle of
--- iter tau=0.4335 ---
  cipher in : ably those of the beaujolais are better consumed at cellar tempe
  decrypted : eete eeitc it eec eceeiitett eec eceece iicteect ee icttee eceic
  real plain: nes of boston president kennedy couldnt stay away from his desk 
  cipher in : ied for this procedure before the accelerometers are mounted on 
  decrypted : tct tie eett ieiicteec ectiec eec eiictceiececet eec eiecect ic 
  real plain: etty the inside of their place was full of new furniture five bu
--- iter tau=0.4335 ---
  cipher in : chusetts corporal fighting madmen or not men at all but whiskey 
  decrypted : ieetceet iieiieet tteeetce eetecc ie cie ecc ee ett eee iettece 
  real plain:  products research foundation to help bricklayers do better work
  cipher in : riculum but the usual pattern of american education has limited 
  decrypted : etietee eee eec eteet ieeecec it eecetiec cteieetic eet ttetect 
  real plain:  might be said to be an upper or an uppermiddleclass bias but th
--- iter tau=0.4335 ---
  cipher in : tions to nc for successfully delving into the heart of the probl
  decrypted : etict ei ci tie teiictttette tctctce tcei eec eceee it eec ieiet
  real plain: amous document that comes out of this dispute is perhaps sir phi
  cipher in : ly new approach to lighting problems no matter what industry is 
  decrypted : te cci eiieieie ei tteeetce ieietcet ci eeeece ieee tcteteee tt 
  real plain: he writing are all qualities which hold ones attention with the 
--- iter tau=0.4335 ---
  cipher in : using administration came under fire in dallas last week the adm
  decrypted : ettce etetctteeeetic ieec ectce ttec tc tettet tete icce eec ete
  real plain:  judicious attitude that he read some of the books assigned to h
  cipher in : rough surface in pound weight after selecting a sheet and inspec
  decrypted : eieee teeteic tc iiect icteee etece tctcietce e tecce ect tctici
  real plain: ndation for the next fiscal year specifically congress should co
--- iter tau=0.4335 ---
  cipher in : ries of measurements was made on a highdensity polyethylene in a
  decrypted : etct it eceteececcet iet eetc ic e eteetccttee iiteceeetccc tc e
  real plain: es which incorporated this hegelian abstraction and saw law dome
  cipher in : re than a cluck of disapproval neither his appetites his exacerb
  decrypted : ec eeec e iteie it ttteiieicet ccteece ett eiicetect ett cieicee
  real plain: r battens are glued and screwed to the flooring the exception is
--- iter tau=0.4335 ---
  cipher in :  central file of illustrations of diseases wounds and injuries o
  decrypted :  icceeet tttc it ttteteeeetict it tttcetct iiectt ect tcieetct i
  real plain: hout the land they say it helps them bring back into schools the
  cipher in :  atmosphere the prevailing official attitude then seemed to be t
  decrypted :  eeeitiecec eec ieccetttce itttitet eeeteetc eecc tccect ei ec e
  real plain: d rapidly at first but then baldy began to draw away somewhere i
--- iter tau=0.4335 ---
  cipher in : r of points this and other qualifications make the cocktail part
  decrypted : e it iitcet eett ect ieece ieettttieetict eeec eec iiieeett ieee
  real plain: re that none of the effects of this story were consciously emplo
  cipher in : ral or state governments today federal funds account for only on
  decrypted : eet ie teeec eiccececcet eitee tctceet tectt eiiiece tie icte ic
  real plain:  of the stockholders of du pont and general motors and to consid
--- iter tau=0.4335 ---
  cipher in : articipant or spectator he smoked as did everybody and imbibed t
  decrypted : eeetitiece ie ticieeeie ec teiect et ttt ccceeeite ect teetect e
  real plain: eat conductor can bring soloist orchestra and music to ultimate 
  cipher in : he truman doctrine exactly one week after the herald tribune edi
  decrypted : ec eeeeec tiieetcc cieiete icc icce etece eec eceett eeteecc ctt
  real plain: ent she was told by the manservant who opened the door that his 
--- iter tau=0.4335 ---
  cipher in :  of title of which amended the georgebarden act annual authoriza
  decrypted :  it etetc it ietie eecctct eec ecieeceeetcc eie ecceet eeeeietce
  real plain: available to him your finger tips the happy one could never have
  cipher in : c forces which alone can effectively oppose castro moreover col 
  decrypted : i tieict ietie eticc iec cttcietccte iiiitc ieteei eiecicce iit 
  real plain: s late as in the bestselling novel so red the rose by stark youn
saving the latest model (epoch 8, total_iters 320000)
--- iter tau=0.4335 ---
  cipher in : l enrollment of about two hundred all three schools coordinate t
  decrypted : t cceittecce it eeiee eii eectect ett eeecc tieiitt iiiettceec e
  real plain: onal traveler from italy brought news of peter robert who was no
  cipher in :  be more than sufficient no other popular idol is accorded even 
  decrypted :  ec eiec eeec tetttitcce ci ieece iiietee ttit tt eiiietct cccc 
  real plain: dicks classmate jimmy from next door let the cat out of the bag 
learning rate 0.0001000 -> 0.0001000
temperature tau = 0.4248
End of epoch 8 / 80 	 Time Taken: 17 sec
--- iter tau=0.4248 ---
  cipher in : t agreement reached between the southern pacific co and the orde
  decrypted : e eeeccecce eceiect eceiccc eec tieeecec ieittti ii ect eec ietc
  real plain: nt have tended to dress their dancers in simple lines and solid 
  cipher in : er thei druncke drewe ther dagers uppon the hoste att a faier ty
  decrypted : ce eect teeciec tecic eece teecet eiiic eec eitec eee e tetce ee
  real plain: in at am and end at pm in the auditorium of the library and fine
--- iter tau=0.4248 ---
  cipher in :  voluntarily this year were honored yesterday by their colleague
  decrypted :  citeceeetts eett scee ocec eiciect sctecetes es eecte iittceeec
  real plain: d and directed to cover into the yugoslav claims fund the sum of
  cipher in : th laura and he had no idea what they would be like mcfeeley not
  decrypted : ee teeee ect ec eet ci ttce oeee eecs oiett ec ttec eitcctcs cie
  real plain: is unhappily uniqueingrownscrewedup breed their reading and thin
--- iter tau=0.4248 ---
  cipher in :  fast ball over the left fielders head by the time the fielder g
  decrypted :  tete eett ioce eec tcte ttcttcet ecet es eec etec eec ttcttce e
  real plain: ed analogy to say that this is what thomas did to poetry the spe
  cipher in : in foods at reasonable cost to the consumer with the development
  decrypted : tc tiitt ee eceticeetc iite ei eec iicteece otee eec tcoctiiecce
  real plain: oots and will live for the blessing of generations to come miss 
--- iter tau=0.4248 ---
  cipher in : k too demoralized for the task further it has its work cut out s
  decrypted : e eii tclieettcct tie eec eete teeeece te eet tet oiee iee iee t
  real plain: peech only hardy would say a grin of bitterness swept thereby li
  cipher in : se party leaders who as a rule have shown livelier interest in p
  decrypted : tc ieees tcetcet oei et e eetc eeoc teioo ttocttce toececte to i
  real plain: st be attributed either to trace impurities or to variation in w
--- iter tau=0.4248 ---
  cipher in :  the depression literally flooded washington for a time the pres
  decrypted :  eec tcinctttio ttecnetts ttiitct oetetoeeio tin e etlc eec inct
  real plain:  gen taylor to make an inspection trip at this time communist gu
  cipher in : above determine the average per capita income for the united sta
  decrypted : eeioc tcecnltoc eec eocneec icn ieitee toiilc tin eec eotect tee
  real plain: and palm oil the colony was administered from brussels with neit
--- iter tau=0.4248 ---
  cipher in : e them then along chicagos lake shore drive just after sunset is
  decrypted : o eeol eeoo etioe ietieeit teeo teino tntoo oete eteon teotoe tt
  real plain: hose who recall easily the statues of bernini and the gigantic p
  cipher in : granted this might be so but found the result to be even more at
  decrypted : eneoeot eett lteee eo ti eee tieot eeo notete ei eo oooo lino ee
  real plain: ty that would arrive by next ship this went faster than schedule
--- iter tau=0.4248 ---
  cipher in :  over childrearing moneyhandling and home maintenance she found 
  decrypted :  ioon ietttnoenton liooseeottton eot eilo letoeooeoio teo tieot 
  real plain: the estimate for eligible electors were made without the benefit
  cipher in : er by the age of six young johnny indicated that he had the call
  decrypted : on es eeo eno it tti sieon iieoos tottieeot eeee eo eet eeo iett
  real plain: ard committee and dissembling discounted it inside if so i would
--- iter tau=0.4248 ---
  cipher in : lowers in tall silver bowls page the candles were lighted and we
  decrypted : tioont to eett tttoon eiott ieno eeo ieottot oono ttneeot eot oo
  real plain: ni in new york to ask them for contributions to the graham memor
  cipher in : associated with dental schools will take patients at a nominal f
  decrypted : ettiiteeot otee tooeet tieiitt ottt eeeo ieetooet ee e oiltoet t
  real plain: iaison officer to critically important new york city walton who 
--- iter tau=0.4248 ---
  cipher in : hey all mean well have great promises to make when they are abou
  decrypted : eos ett loeo oott eeoo nnoee inilttot ei leso oeoo eeos eno eeie
  real plain: icate finally the forces of authoritarianism protrujillo and pro
  cipher in : ou and in a way the promise works out true for whether he wants 
  decrypted : ie eot to e oes eeo iniltto oinst iee eneo tin oeoeeon eo oeoet 
  real plain:  humble their approach to life direct and unsophisticated whatev
--- iter tau=0.4248 ---
  cipher in : mproved relations between hindus and muslims neither has the est
  decrypted : linioot noteetiot ooeoooo etotet eot letttlt ooteeon eet eeo ote
  real plain: ns require the inscription of each individual male or female adu
  cipher in : nical action to loosen the dirt particles and dried matter in th
  decrypted : otiet eietio ei tiitoo eeo ttne ienetitot eot tntot leeeon to ee
  real plain: s was lying or insisting on a private definition of antisemitism
--- iter tau=0.4248 ---
  cipher in : f administration policies first the republicans some weeks ago s
  decrypted : t etltotteneetio iittitot ttnte eeo noieottieot tilo ooost eni t
  real plain: tively admitted for next fall after state investigators question
  cipher in :  dissident katanga does this suggest that the congo is fit for n
  decrypted :  ttttttooe seeeone tiot eett tennote eeee eeo iioni tt tte tin o
  real plain: te system of personal contacts and have experts constantly study
--- iter tau=0.4248 ---
  cipher in : eing the detested pedagogue rather than teach where teaching was
  decrypted : oton eeo toeoteot iotenineo neeeon eeeo eoeie oeono eoeieton oet
  real plain: aps of the seton harness over gregs shoulders but this goddamn c
  cipher in : overnment or through private organizations and institutions to h
  decrypted : ioonolooe in eeniene intoeeo inneotoeetiot eot toteteeetiot ei e
  real plain: augural program with the slow and modest entrance of the maidens
learning rate 0.0001000 -> 0.0001000
temperature tau = 0.4162
End of epoch 9 / 80 	 Time Taken: 17 sec
--- iter tau=0.4162 ---
  cipher in : own hall was the greekborn pianists first new york recital since
  decrypted : ioo eett oet eeo nnoosoino iteottet ttnte ooo sins noiteet ttoio
  real plain:  parents were doing quite well her mother was a good manager and
  cipher in : ve severely wounding him in the stomach a second bullet ricochet
  decrypted : oo tooonots oieotton etl to eeo teileie e toiiot oettoe ntiiieoe
  real plain: than less of an individualist than any of his predecessors for h
--- iter tau=0.4162 ---
  cipher in : hought of answering with the truth but she knew there were men w
  decrypted : eienee it eotoonton otee eeo eneee oee teo sooo eeono oono loo o
  real plain: s own hands have committed his guilty conscience projects itself
  cipher in : very wealthy man and toured all europe with him at deauville she
  decrypted : oons ooetees leo eot eienot ett oeniio otee etl ee toeeottto teo
  real plain: e let the germans do this i have sat many hours with this styka 
--- iter tau=0.4162 ---
  cipher in : ring the joints are of af stock and are applied after the walls 
  decrypted : nton eeo iitoet eno it et teiis eot eno eiittot eteon eeo oettt 
  real plain: ct that the old roman was referring to change made under militar
  cipher in : n the meal was ready he told jones to wash up and going into the
  decrypted : o eeo loet oet noets eo eitt iioot ei oete ei eot niton toei eeo
  real plain: ancers of bali on march hollywood a southeast library workshop w
--- iter tau=0.4162 ---
  cipher in :  rather regret that schnabel didnt collaborate with the budapest
  decrypted :  neeeon nonnoe eeee tieoeoot tttoe iitteoineeo otee eeo oeteiote
  real plain: nes of boston president kennedy couldnt stay away from his desk 
  cipher in : g all components into a single pattern the preparation of a mast
  decrypted : n ett iiliioooet toei e ttonto ieeeono eeo inoieneetio it e lete
  real plain: etty the inside of their place was full of new furniture five bu
--- iter tau=0.4162 ---
  cipher in : iginal drama on television but not for years have many regretted
  decrypted : tntoet tnele io eotootttio oee oie tin soent eeoo leos nonnoeeot
  real plain: e in them well walk up there later its perhaps a mile from here 
  cipher in : aims that the best is yet to be it always arouses at least in th
  decrypted : etlt eeee eeo oote tt soe ei oo te etoest enietot ee toete to ee
  real plain: hs indeed it was probably to mr morses advantage to have mr and 
--- iter tau=0.4162 ---
  cipher in : the gilt sterns of the menofwar becoming clearer to him the side
  decrypted : eec ntte tecnot it eec lcoitoen eciilton itcencn ei etl eec tttc
  real plain: ackle executive powers the final decision went to the executive 
  cipher in : d desired goals with a minimum of misunderstanding like yourselv
  decrypted : t tcttnct niett otee e ltotlel it ltteotcnteeotton ttsc sientcto
  real plain:  on the trot until december hitched to a breaking cart once arou
--- iter tau=0.4162 ---
  cipher in :  rose in her hair and alfred got richer and sicker with diabetes
  decrypted :  nilc to ecn eetn eot ettnct nie ntiecn eot ltiscn utee tteececl
  real plain: ect save one both were eccentrics of the purest ray serene alexa
  cipher in : ork remain undisturbed but subsequent research has expanded and 
  decrypted : ins ncleto eottleenect eee leelciecoe nclcenie eel ciieotct eot 
  real plain:  already beginning to thin and recede at the sides and abel look
--- iter tau=0.4162 ---
  cipher in : nal identification cards are issued to all adult males on which 
  decrypted : uet ttcuetttieetiu ientl enc tllect ei ett etete letcl iu uetie 
  real plain: in surprise then noticed that fred powell was clutching his ches
  cipher in : private ownership prevails the governing warrior elite moreover 
  decrypted : intueec iuucnleti incuettl eec niucnutun uenntin cttec linciucn 
  real plain: ly of the expenditures for the department of defense are for pro
--- iter tau=0.4162 ---
  cipher in : he craftsmanship first rate especially brumidis we were greatly 
  decrypted : ec inetelleuleti ttnle neec clicitetts eneltttl uc ucnc nnceets 
  real plain: re of the war was not to be considered seriously true there had 
  cipher in : ey where he had been the night before the hangover in turn remin
  decrypted : cs uecnc ec eet eccu eec utnee ectinc eec eeuniucn tu eenu ncltu
  real plain:  the square takes its name was erected by the emperor marcus aur
--- iter tau=0.4162 ---
  cipher in : self a man mountain running to lard in his middleage seeing me h
  decrypted : lctt e leu lieueetu neuutun ei tent tu etl lttttcenc lcctun lc e
  real plain: e networks for military communications are one of the best examp
  cipher in : tural instrument of free discussion is there some magic in it th
  decrypted : eenet tulenelcue it tncc ttlielltiu tl eecnc lilc lenti tu te ee
  real plain: ld one day discover but he was perpetually engaged in a battle t
--- iter tau=0.4162 ---
  cipher in : t her as a vagabond and to escape the shame she fled to the wood
  decrypted : e ecn el e ueneeiut eut ei clieic eec leelc lec ttct ei eec uiit
  real plain:  the snake reaches its maturity it has already reached about its
  cipher in :  was all too young and thin and straight winston it was mr jack 
  decrypted :  uel ett eii sieun eut eetu eut lenetnee utuleiu te uel ln ieis 
  real plain: f hands above a clothesline and the flutter of garments hung the
--- iter tau=0.4162 ---
  cipher in : elike and mildly accusing was contradicted by the gilt and black
  decrypted : cttsc eut ltttts eiieltun uel iiuenettiect es eec ntte eut eteis
  real plain: available to him your finger tips the happy one could never have
  cipher in : ffing envelopes wheres the lieut the clerk wagged his head towar
  decrypted : tttun cuuctiicl uecncl eec ttcee eec itcns uennct etl ecet eiuen
  real plain: s late as in the bestselling novel so red the rose by stark youn
[Rank 0] (epoch: 10, iters: 35968, time: 0.000, data: 0.098) , D_A: 2.034, G_A: -1.783, cycle_A: 0.110, D_B: 0.829, G_B: -1.802, cycle_B: 0.125

saving the latest model (epoch 10, total_iters 400000)
--- iter tau=0.4162 ---
  cipher in : id and last week at the masters palmer and player did as the thi
  decrypted : tt eut tele uccs ee eec lelecnl ietlcn eut itescn ttt el eec eet
  real plain:  because baker had sent him to the mexican border in to investig
  cipher in : tory and follow in fancy the crusaders in their quest for the ho
  decrypted : eins eut tittiu tu teuis eec ineletcnl tu eectn iecle tin eec ei
  real plain: ltiple and ambivalent identities of their passage from child to 
learning rate 0.0001000 -> 0.0001000
temperature tau = 0.4078
saving the model at the end of epoch 10, iters 404480
End of epoch 10 / 80 	 Time Taken: 17 sec
--- iter tau=0.4078 ---
  cipher in : time the score was and it really didnt matter the yankee triumph
  decrypted : etlc eec liinc uel eut te ncetts tttue leeecn eec seuscc entelie
  real plain:  establishments overseas to finance private investment and to pr
  cipher in : e book it is still poetry of a high order if he would only leave
  decrypted : c eiis te tl lettt iicens it e etae intcn tt ec uiett iuts tceuc
  real plain:  not the utilities available nearby may provide a savings in the
--- iter tau=0.4078 ---
  cipher in : ions of which diplomacy is compact and the facility with languag
  decrypted : tiul it uetie ttitileis tl iilieie eut eec teitttes utee teuaeea
  real plain: political campaign we have recourse to the scientificallytrained
  cipher in : c theory of imitation based upon a recognition of levels of trut
  decrypted : i eecins it tlteeetiu eelct eiiu e nciiautetiu it tcuctl it enee
  real plain: y in spite of powerful opposition the draft act finally passed c
--- iter tau=0.4078 ---
  cipher in :  disputes that result from the craftindustrial rivalry do not wi
  decrypted :  ttlieecl eeee nclete tnil eec inetetutelentet ntuetns ti uie ut
  real plain: ed analogy to say that this is what thomas did to poetry the spe
  cipher in :  to it we thought we had preserved our social and economic syste
  decrypted :  ei te uc eeieaee uc eet inclcnuct ien liitet eut ciiuilti lslec
  real plain: oots and will live for the blessing of generations to come miss 
--- iter tau=0.4078 ---
  cipher in : s attributable to disease percent to insects percent to fire and
  decrypted : l eeentheeehtc ei ttlcelc icnicue ei tulciel icnicue ei ttnc eut
  real plain: disillusionment turn somewhat as they do for the naive hero of d
  cipher in : pas de cinq called gossiping women a stirring flames of paris pa
  decrypted : iel tc itui iettct ailltitua uilcu e letnntua ttelcl it ientl ie
  real plain: rsty dictator of the dominican republic for years perhaps deserv
--- iter tau=0.4078 ---
  cipher in : ils of sage hens making love walitzee whitened his leggings with
  decrypted : ttl it leac ecul lestua tiuc uetteccc uetecuct etl tcaatual utee
  real plain:  products research foundation to help bricklayers do better work
  cipher in : neighborhood for its clarity and flavor not long ago an acquaint
  decrypted : uctaelineiit tin tel itentes eut tteuin uie tiua eai eu eiieetue
  real plain:  might be said to be an upper or an uppermiddleclass bias but th
--- iter tau=0.4078 ---
  cipher in : on and charles sumner showed a magnificent moral bravery when fa
  decrypted : iu eut ieentcy yllucn yeiuct e leauttticue linet hneucns uecu te
  real plain: amous document that comes out of this dispute is perhaps sir phi
  cipher in : nterest in his fellowcreatures while his letters were full of go
  decrypted : uecncye tu ety tcttiuinceelncy uettc ety tceecny ucnc tltt it ai
  real plain: he writing are all qualities which hold ones attention with the 
--- iter tau=0.4078 ---
  cipher in :  literary form the orator of this period in order to earn a repu
  decrypted :  ttecnens tinl eec ineein it eety icntit tu intcn ei cenu e ncil
  real plain:  judicious attitude that he read some of the books assigned to h
  cipher in : ew york where he is general manager of the waldorfastoria hotel 
  decrypted : cu sins uecnc ec ty acucnet leueacn it eec uettinteyeinte eiect 
  real plain: ndation for the next fiscal year specifically congress should co
--- iter tau=0.4078 ---
  cipher in : due is to stop dragging the dead weight of poor teachers up the 
  decrypted : tlc ty ei yeii tneaatua eec tcet uctaee it iiin eceiecny li eec 
  real plain: es which incorporated this hegelian abstraction and saw law dome
  cipher in :  each new project must undergo a board of estimate public hearin
  decrypted :  ceie ucu iniicie llye lutcnai e hient it cyetleec ilhtti ecentu
  real plain: r battens are glued and screwed to the flooring the exception is
--- iter tau=0.4078 ---
  cipher in : se for teachers a new well then off again rushing to keep up we 
  decrypted : yc tin eceiecny e ocu uctt eeco itt eaeto neyetoa ei scci ei uc 
  real plain: hout the land they say it helps them bring back into schools the
  cipher in : e a small sports shop in strasbourg that would be a great help i
  decrypted : c e ylett yiiney yeii to yeneyhiena eeee uiett hc e ancee ecti t
  real plain: d rapidly at first but then baldy began to draw away somewhere i
--- iter tau=0.4078 ---
  cipher in : e additional lane would then be directional with the traffic bur
  decrypted : c etttetioet teoc uiett eeco hc ttncietioet utee eec enettti hen
  real plain: re that none of the effects of this story were consciously emplo
  cipher in : eir people had very few slaves themselves yet they had been pret
  decrypted : ctn iciitc eet ucns tcu yteucy eeclyctucy sce eecs eet hcco ince
  real plain:  of the stockholders of du pont and general motors and to consid
--- iter tau=0.4078 ---
  cipher in : reward systems that most religions embody have great motivating 
  decrypted : nouent ysyeoly eeee liye nottatioy olhits eeoo anoee lietoeetoa 
  real plain: tively admitted for next fall after state investigators question
  cipher in : ns for reaching international agreement on a temperature scale b
  decrypted : oy tin noeietoa toeonoeetioet eanoolooe io e eolioneeeno yieto h
  real plain: te system of personal contacts and have experts constantly study
--- iter tau=0.4078 ---
  cipher in :  started it through some expert tactics in rabble rousing just w
  decrypted :  reeneot te eenieae rilo oiione eeietir to nehhto niertoa iere u
  real plain: freshing deep peep show the viewers of the deep peep show at th 
  cipher in :  ten men in all and they are arranged in roughly chronological o
  decrypted :  eoo loo to ett eot eeos eno enneoaot to nieaets ienioitiatiet i
  real plain: lish by dutton co of new york in the book was received by the pr
--- iter tau=0.4078 ---
  cipher in : hottest part of the year and for the first few days miss langfor
  decrypted : eieeore iene it eeo soen egt tin eeo ttnre tou tesr ltrr tegatin
  real plain: onal traveler from italy brought news of peter robert who was no
  cipher in : ythological concepts may by all means still be used but they can
  decrypted : seeitiatiet iigioier les hs ett loegr rettt ho erot hee eeos ieg
  real plain: dicks classmate jimmy from next door let the cat out of the bag 
learning rate 0.0001000 -> 0.0001000
temperature tau = 0.3996
End of epoch 11 / 80 	 Time Taken: 17 sec
--- iter tau=0.3996 ---
  cipher in :  constructively do much of anything not compatible with its need
  decrypted :  iigreneietuots ti leil it egseltga gie iilieethto utel ter goot
  real plain: nt have tended to dress their dancers in simple lines and solid 
  cipher in : tern undertook the work of going from house to house with the th
  decrypted : eong egtoneiis elo uins it aitga tnil liero ei liero utel elo el
  real plain: in at am and end at pm in the auditorium of the library and fine
--- iter tau=0.3996 ---
  cipher in : mena such as undue regression unhealthy suppression and repressi
  decrypted : loge reil er egteo noanorrtig egloetels reiinorrtig egt noinorrt
  real plain: ct that the old roman was referring to change made under militar
  cipher in : mest election i ever saw colquitt policeman tom williams said be
  decrypted : lore otoietig t ouon reu iitietee iittioleg eil uttttelr rett ho
  real plain: ancers of bali on march hollywood a southeast library workshop w
--- iter tau=0.3996 ---
  cipher in : hardly notice and trying to pick up strange men but each time i 
  decrypted : lentts gietio egt enstga ei itis li renegao log hle oeil etlo t 
  real plain:  ceiling near it was a metal ladder on casters attached to the t
  cipher in : t longer lizzie stated during the inquest that while her father 
  decrypted : e tigaon ttooto reeeot tlntga elo tgilore elee ultto lon teelon 
  real plain: ves breathes and thinks for the good of the people hughes asked 
--- iter tau=0.3996 ---
  cipher in :  hundred feet and at times the sheer cliffs seemed about to clos
  decrypted :  legtnct tcce egt ee etlcr elc rlccn ittttr rcclct ehiee ei itir
  real plain: peech only hardy would say a grin of bitterness swept thereby li
  cipher in : ing short articles and long letters and could not get even a sma
  decrypted : tga rline enetitcr egt tiga tceecnr egt iiett gie ace cucg e rle
  real plain: st be attributed either to trace impurities or to variation in w
--- iter tau=0.3996 ---
  cipher in : ty suspicion and distrust combine to provide a target for antago
  decrypted : es rlrititig egt ttrenlre iilhtgc ei iniuttc e eenace tin egeeai
  real plain:  gen taylor to make an inspection trip at this time communist gu
  cipher in : e downward slope cousin emma had simply put miss theresa stubble
  decrypted : c tiuguent rtiic iilrtg clle let rtlits ile ltrr elcncre relhhtc
  real plain: and palm oil the colony was administered from brussels with neit
--- iter tau=0.3996 ---
  cipher in : he job and the immediate need for this type of compilation precl
  decrypted : lc iih egt elc tllctteec gcct tin eltr esic it iilitteetig incit
  real plain: hose who recall easily the statues of bernini and the gigantic p
  cipher in : o two million game birds were harvested on commercial and privat
  decrypted : i eui lttttig aelc htntr ucnc lenucrect ig iillcnitet egt intuee
  real plain: ty that would arrive by next ship this went faster than schedule
--- iter tau=0.3996 ---
  cipher in :  for ted collins old boston yankees in the national football lea
  decrypted :  min ect iitttor itt hireio seosccr to elc oeetioet miiehett tce
  real plain: the estimate for eligible electors were made without the benefit
  cipher in : re similar we can also infer that the thermodynamics will also b
  decrypted : nc rtltten uc ieo etri tomcn elee elc elcnlitsoeltir uttt etri h
  real plain: ard committee and dissembling discounted it inside if so i would
--- iter tau=0.3996 ---
  cipher in : loff playing with a group of musicians from the bayreuth ensembl
  decrypted : timm itestoa utel e anili im llrtiteor mnil elc hesnclel corclht
  real plain: ni in new york to ask them for contributions to the graham memor
  cipher in : lted and complied with but alas the authenticity seems to stop a
  decrypted : tect eot iilittct utel hle eter elc elelcoetites rcclr ei reii e
  real plain: iaison officer to critically important new york city walton who 
--- iter tau=0.3996 ---
  cipher in : r married life she and jim had been doing nothing but rescue his
  decrypted : n lenntct ttmc rlc eot utl let hcco titoa oieltoa hle ncrilc ltr
  real plain: icate finally the forces of authoritarianism protrujillo and pro
  cipher in : nations that the united states except in defense will never turn
  decrypted : oeetior elee elc lotect reeecr ciicie to tcmcorc uttt ocucn elno
  real plain:  humble their approach to life direct and unsophisticated whatev
--- iter tau=0.3996 ---
  cipher in : t along with serenissimus and do a job at the same time the prin
  decrypted : e etioa utel rcncotrrtllr eot ti e uih ee elc relc etlc elc into
  real plain:  the snake reaches its maturity it has already reached about its
  cipher in : o their ranks and messed up the smart formation considerably now
  decrypted : i elctn neosr eot lcrrct li elc rlene minleetio iiorttcnehts oiu
  real plain: f hands above a clothesline and the flutter of garments hung the
--- iter tau=0.3996 ---
  cipher in : a corn field and a patch of woods to the school jack knew of cou
  decrypted : e iino mtctt eot e ieeil im uiitr ei elc riliit ueis socu im iil
  real plain:  after a fashion he envied in time he grew to depend upon her oc
  cipher in : took him about fifteen minutes to calm himself then he realized 
  decrypted : eiis ltl ehile mtmecco ltolecr ei ietl ltlrctm elco lc ncettoct 
  real plain: imean war the american civil war and the franchise struggle trev
saving the latest model (epoch 12, total_iters 480000)
--- iter tau=0.3996 ---
  cipher in : a young woman of remarkable beauty and poise she munched little 
  decrypted : e siloa uileo im nolensehto hoeles eot iitro rlo lloilot tteeto 
  real plain: aps of the seton harness over gregs shoulders but this goddamn c
  cipher in : t seat he turned then to look toward the lighted boulevard and s
  decrypted : e roee lo elnoot eloo ei tiis eiuent elo ttaleot hiltouent eot r
  real plain: augural program with the slow and modest entrance of the maidens
learning rate 0.0001000 -> 0.0001000
temperature tau = 0.3916
End of epoch 12 / 80 	 Time Taken: 17 sec
--- iter tau=0.3916 ---
  cipher in : t even noticed what was his name pete he hadnt seen him sit down
  decrypted : e ouoo oietiot ulee uer ltr oelo ioeo lo letoe rooo ltl rte tiuo
  real plain:  parents were doing quite well her mother was a good manager and
  cipher in : law only a few more than boats had been registered with the divi
  decrypted : teu iots e mou lino eleo hieer let hooo noatreonot utel elo ttut
  real plain: than less of an individualist than any of his predecessors for h
--- iter tau=0.3916 ---
  cipher in : at amounts to selfredefinition to see if we can predict its futu
  decrypted : ee eliloer ei rotmnotomtotetio ei roo tm uo ieo inottie ter mlel
  real plain: political campaign we have recourse to the scientificallytrained
  cipher in :  written out of books and not out of experience it asserts emoti
  decrypted :  unteeoo ile im hiisr eot oie ile im oiiontooio te erroner oliet
  real plain: y in spite of powerful opposition the draft act finally passed c
--- iter tau=0.3916 ---
  cipher in : laced exclusively in parliamentary hands two purposes were serve
  decrypted : teiot oiitlrtuots to ienttelooeens leotr eui ilniiror uono ronuo
  real plain: t was with granny dying but they all agreed she wouldnt have wan
  cipher in : nited states not just in a classroom but also in an american hou
  decrypted : oteot reeeor oie ulre to e iterrniil hle etri to eo elontieo lil
  real plain:  plan for the capitals franklin d roosevelt memorial a circle of
--- iter tau=0.3916 ---
  cipher in :  to encourage discourage or whatever the need may be hands to gu
  decrypted :  ei ooiilneao ttriilneao in uleeouon elo ooot les ho leotr ei al
  real plain: nes of boston president kennedy couldnt stay away from his desk 
  cipher in : wyers servants of government and men of affairs hundreds indeed 
  decrypted : usonr ronueoer im aiuonolooe eot loo im emmetnr llotnotr totoot 
  real plain: etty the inside of their place was full of new furniture five bu
--- iter tau=0.3916 ---
  cipher in : fort of straightening the tangle in the courts or seeking to ref
  decrypted : mine im renetalecotoa elc eeoatc to elc iilner in rccstoa ei ncm
  real plain: e in them well walk up there later its perhaps a mile from here 
  cipher in : lf as long as the biggest adults felix kopstein states that when
  decrypted : tm er tioa er elc htaacre etlter mctti siirecto reeecr elee ulco
  real plain: hs indeed it was probably to mr morses advantage to have mr and 
--- iter tau=0.3916 ---
  cipher in : ances exactly as in the sciences i doubt if anyone holds such id
  decrypted : eoicr cieiets er to elc ritcoicr t tilhe tm eosioc littr rlil tt
  real plain: ackle executive powers the final decision went to the executive 
  cipher in : d the fruit is allowed to mature on the tree but it is still fir
  decrypted : t elc mnlte tr ettiuct ei leelnc io elc encc hle te tr rettt mtn
  real plain:  on the trot until december hitched to a breaking cart once arou
--- iter tau=0.3916 ---
  cipher in : he army itself in world war over these voluntary agencies in the
  decrypted : lc enls terctm to uintt uen iucn elcrc uitloeens eacoitcr to elc
  real plain: ect save one both were eccentrics of the purest ray serene alexa
  cipher in : ry board our selections are made by experienced selectors who gi
  decrypted : ns hient iln rctcietior enc letc hs ciicntcoict rctcieinr uli at
  real plain:  already beginning to thin and recede at the sides and abel look
--- iter tau=0.3916 ---
  cipher in : o greater the difficulty of analysis of any subsystem in the pho
  decrypted : i anceecn elc ttmmtiltes im eoetsrtr im eos rlhrsrecl to elc ili
  real plain: in surprise then noticed that fred powell was clutching his ches
  cipher in : ispered pointing to a small clump of blackness give me your mach
  decrypted : tricnct iitoetoa ei e rlett itlli im hteisocrr atuc lc siln leil
  real plain: ly of the expenditures for the department of defense are for pro
--- iter tau=0.3916 ---
  cipher in : t cases this requires words and letters frequently the message m
  decrypted : e iercr ewtr nciltncr uintr eot tceecnr mncilcoets ewc lcrreac l
  real plain: re of the war was not to be considered seriously true there had 
  cipher in : d from fermented rice in india beer generally fermented from bar
  decrypted : t mnil mcnlcoect ntic to totte hccn acocnetts mcnlcoect mnil hen
  real plain:  the square takes its name was erected by the emperor marcus aur
--- iter tau=0.3916 ---
  cipher in : ite house library secretary and mrs dillon have contributed enou
  decrypted : tec wilrc tthnens rcinceens eot lnr ttttio weuc iioenthlect coil
  real plain: re that none of the effects of this story were consciously emplo
  cipher in : it was then that i saw what the drawnback covers revealed there 
  decrypted : te uer ewco ewee t reu uwee ewc tneuoheis iiucnr ncucetct ewcnc 
  real plain:  of the stockholders of du pont and general motors and to consid
--- iter tau=0.3916 ---
  cipher in : lf of any national of the united states against any foreign gove
  decrypted : tm im eos oeetioet im ewc lotect reeecr eaetore eos minctao aiuc
  real plain: eat conductor can bring soloist orchestra and music to ultimate 
  cipher in : oliver has recently used the secondlevel approach with the large
  decrypted : ittucn wer ncicoets lrct ewc rciiottcuct eiinieiw utew ewc tenac
  real plain: ent she was told by the manservant who opened the door that his 
--- iter tau=0.3916 ---
  cipher in : e platoons were taking up new positions on the steps arriving an
  decrypted : c iteeiior ucnc eestoa li ocu iirtetior io ewc recir enntutoa eo
  real plain: available to him your finger tips the happy one could never have
  cipher in : ands on his pantslegs as if ridding himself of something unclean
  decrypted : eotr io wtr ieoertcar er tm nttttoa wtlrctm im rilcewtoa loitceo
  real plain: s late as in the bestselling novel so red the rose by stark youn
--- iter tau=0.3916 ---
  cipher in :  beams with spidery steel cantilevers jutting out into the air m
  decrypted :  hcelr utew rittcns recct ieoettcucnr uleetoa ile toei ewc etn l
  real plain:  because baker had sent him to the mexican border in to investig
  cipher in : e conversation the reporters were questioning the interior man a
  decrypted : c iioucnreetio ewc nciinecnr ucnc ilcretiotoa ewc toecntin leo e
  real plain: ltiple and ambivalent identities of their passage from child to 
learning rate 0.0001000 -> 0.0001000
temperature tau = 0.3837
End of epoch 13 / 80 	 Time Taken: 18 sec
--- iter tau=0.3837 ---
  cipher in : indows was lighted it was framed in maroon drapes and no faces w
  decrypted : totiur uer ttawect te uer mnelct to leniio tneicr eot oi meicr u
  real plain: nt have tended to dress their dancers in simple lines and solid 
  cipher in : ied he owed in the main only current doctors bills after they ha
  decrypted : tct wc iuct to ewc leto iots ilnncoe tiieinr htttr emecn ewcs we
  real plain: in at am and end at pm in the auditorium of the library and fine
--- iter tau=0.3837 ---
  cipher in : y than it was before in the minds of the people i met was a stro
  decrypted : s eweo te uer hcminc to ewc ltotr im ewc iciitc t lce uer e reni
  real plain: d and directed to cover into the yugoslav claims fund the sum of
  cipher in :  by jet specialties co los angeles calif on largearea units wher
  decrypted :  hs uce ricitetetcr ii tir eoactcr iettm io tenacence loter uwcn
  real plain: is unhappily uniqueingrownscrewedup breed their reading and thin
--- iter tau=0.3837 ---
  cipher in : fundamentally both these types the amateur and the collector are
  decrypted : mlotelcoeetts piew ewcrc esicr ewc eleecln eot ewc iittciein enc
  real plain: ed analogy to say that this is what thomas did to poetry the spe
  cipher in :  of producing a foamed urethane product the foam can be made int
  decrypted :  im initlitoa e mielct lnceweoc initlie ewc miel ieo pc letc toe
  real plain: oots and will live for the blessing of generations to come miss 
--- iter tau=0.3837 ---
  cipher in : friend and the like it must be some body there of his own level 
  decrypted : mntcot eot ewc ttsc te llre pc rilc pits ewcnc im wtr iuo tcuct 
  real plain: disillusionment turn somewhat as they do for the naive hero of d
  cipher in :  it is still however the junior member of the league if not in y
  decrypted :  te tr rettt wiucucn ewc ulotin lclpcn im ewc tcealc tm oie to s
  real plain: rsty dictator of the dominican republic for years perhaps deserv
--- iter tau=0.3837 ---
  cipher in : t there were probably good reasons for the haste in which the tr
  decrypted : e ewcnc ucnc inipepts aiit ncerior min ewc werec to uwtiw ewc en
  real plain:  products research foundation to help bricklayers do better work
  cipher in :  demand for farm machinery is regarded as a yardstick of rural b
  decrypted :  tcleot min menl leiwtocns tr ncaentct er e sentretis im nlnet p
  real plain:  might be said to be an upper or an uppermiddleclass bias but th
--- iter tau=0.3837 ---
  cipher in : ck on the dismissal of marlborough but his principal theme is th
  decrypted : is io ewc ttrltrrey im lenypinilaw ple wtr intoitiey ewclc tr ew
  real plain: amous document that comes out of this dispute is perhaps sir phi
  cipher in : reement or to the operation of arrangements carried out pursuant
  decrypted : ncclcoe in ei ewc iicneetio im enneoaclcoer ienntct ile ilnrleoe
  real plain: he writing are all qualities which hold ones attention with the 
--- iter tau=0.3837 ---
  cipher in : se tubes and diluted to ml with isotonic saline ultracentrifugat
  decrypted : rc elpcr eot ttylect ei ly utew trieioti reytoc lyeneicoentmlaee
  real plain:  judicious attitude that he read some of the books assigned to h
  cipher in : riting obituaries of living americans for the manchester guardia
  decrypted : ntetoa iptelentcr im ytutoa elcntieor min ewc leoiwcrecn alentte
  real plain: ndation for the next fiscal year specifically congress should co
--- iter tau=0.3837 ---
  cipher in : ver quite reached such candor in his sermons but theodore parker
  decrypted : ucn iltec nceiwct rliw ieotin to wtr rcnlior ple ewcitinc ienscn
  real plain: es which incorporated this hegelian abstraction and saw law dome
  cipher in : though she were discovering the pleasantly tingling insinuations
  decrypted : ewilaw rwc ucnc ttriiucntoa ewc iycereoeys etoaytoa tortoleetior
  real plain: r battens are glued and screwed to the flooring the exception is
--- iter tau=0.3837 ---
  cipher in : red scratches when police arrived the man was still violent slat
  decrypted : nct rineeiwcr uwco iiytic enntuct ewc leo uer retyy utiycoe ryee
  real plain: icate finally the forces of authoritarianism protrujillo and pro
  cipher in : gher annual rate of in the second half of the decade during the 
  decrypted : awcn eooley neec im to ewc rciiot weym im ewc tcietc tlntoa ewc 
  real plain:  humble their approach to life direct and unsophisticated whatev
--- iter tau=0.3837 ---
  cipher in : bother with it see this kind of place shed be through here just 
  decrypted : piewcn utew te rcc ewtr stot im iyeic rwct pc ewnilaw wcnc ulre 
  real plain: ns require the inscription of each individual male or female adu
  cipher in : hat this protease may be active in vivo there is no conclusive e
  decrypted : wee ewtr iniecerc les pc eietuc to utui ewcnc tr oi iioiylrtuc c
  real plain: s was lying or insisting on a private definition of antisemitism
--- iter tau=0.3837 ---
  cipher in : questions it is one of the ironic quirks of history that the via
  decrypted : ilcretior te tr ioc im ewc tnioti iltnsr im wtreins ewee ewc ute
  real plain: tively admitted for next fall after state investigators question
  cipher in : an with a sketch pad in hand sat with a large pink woman in a sm
  decrypted : eo utew e rsceiw iet to weot ree utew e yenac itos uileo to e rl
  real plain: te system of personal contacts and have experts constantly study
saving the latest model (epoch 14, total_iters 560000)
--- iter tau=0.3837 ---
  cipher in : ir actual existence fails to reach these religious heights one b
  decrypted : tn eieley citrecoic metyr ei nceiw ewcrc ncytatilr wctawer ioc p
  real plain: freshing deep peep show the viewers of the deep peep show at th 
  cipher in : sity urethane semirigid foams usually have stronger flex fatigue
  decrypted : rtes lnceweoc rcltntatt mielr lrleyys weuc renioacn myci meetalc
  real plain: lish by dutton co of new york in the book was received by the pr
learning rate 0.0001000 -> 0.0001000
temperature tau = 0.3759
End of epoch 14 / 80 	 Time Taken: 20 sec
--- iter tau=0.3759 ---
  cipher in : maybe you will surprise yourself true we are not all great artis
  decrypted : lespc sil udyy rlnindrc silnrcym enlc uc enc oie eyy ancee enedr
  real plain:  parents were doing quite well her mother was a good manager and
  cipher in : es is a wonderful thing actually all a man in uniform has to do 
  decrypted : cr dr e uiotcnmly ewdoa eieleyys eyy e leo do lodminl wer ei ti 
  real plain: than less of an individualist than any of his predecessors for h
--- iter tau=0.3759 ---
  cipher in : e lately heard of you from the legislature of louisiana and felt
  decrypted : c teects wcent im sil mnil ewc tcadrteelnc im tildrdeoe eot mcte
  real plain: s own hands have committed his guilty conscience projects itself
  cipher in : aganda the hope of onesided concessions and the chance to split 
  decrypted : eaeote ewc wiic im iocrdtct iioicrrdior eot ewc iweoic ei ritde 
  real plain: e let the germans do this i have sat many hours with this styka 
--- iter tau=0.3759 ---
  cipher in : elf as a successful stager of touring productions not a corner h
  decrypted : ctm er e rliicrrmlt reeacn im eilntoa initlietior oie e iinocn w
  real plain: ct that the old roman was referring to change made under militar
  cipher in :  other professional or trade associations the most ready portray
  decrypted :  iewcn inimcrrtioet in enetc erriiteetior ewc lire ncets iinenes
  real plain: ancers of bali on march hollywood a southeast library workshop w
--- iter tau=0.3759 ---
  cipher in : ad his head up glaring his teeth gnawing at the place where hed 
  decrypted : et wdr wcet li atendoa wdr eccew aoeudoa ee ewc iteic uwcnc wct 
  real plain:  ceiling near it was a metal ladder on casters attached to the t
  cipher in : ly voluble blackbearded murat somay a manhattan turk who is the 
  decrypted : ts uitlptc pteispcentct llnee riles e leoweeeeo elns uwi dr ewc 
  real plain: ves breathes and thinks for the good of the people hughes asked 
--- iter tau=0.3759 ---
  cipher in : h renfro or any of the rest of the bar b crew morgan watched the
  decrypted : w ncomni in eos im ewc ncre im ewc pen p incu linaeo ueeiwct ewc
  real plain: peech only hardy would say a grin of bitterness swept thereby li
  cipher in : time the score was and it really didnt matter the yankee triumph
  decrypted : edlc ewc riinc uer eot de ncetts tdtoe leeecn ewc seoscc endlliw
  real plain: st be attributed either to trace impurities or to variation in w
--- iter tau=0.3759 ---
  cipher in :  finger with the liquid several times another wart removal metho
  decrypted :  mdoacn udew ewc tdildt rcucnet edlcr eoiewcn uene ncliuet lcewi
  real plain:  gen taylor to make an inspection trip at this time communist gu
  cipher in : uthern border cattle of the early longhorn breed whose coloratio
  decrypted : lewcno pintcn ieeetc im ewc cents tioawino pncct uwirc iitineedi
  real plain: and palm oil the colony was administered from brussels with neit
--- iter tau=0.3759 ---
  cipher in : ts would not impinge upon his nights nor would his days be haunt
  decrypted : er uiltt oie dlidoac liio wdr odawer oin uiltt wdr tesr pc weloe
  real plain: hose who recall easily the statues of bernini and the gigantic p
  cipher in : natomy with burns he replied maybe you know him he teaches at th
  decrypted : oeeils udew plnor wc ncitdct lespc sil soiu wdl wc eceiwcr ee ew
  real plain: ty that would arrive by next ship this went faster than schedule
--- iter tau=0.3759 ---
  cipher in : n playing larry larkin the cartoonist carries the show in marvel
  decrypted : o itestoa tenns tensto ewc ieneiiotre ienntcr ewc rwiu to lenuct
  real plain: the estimate for eligible electors were made without the benefit
  cipher in : l be a presentation by welton becket center architect of color s
  decrypted : t pc e incrcoeeetio ps ucteio pcisce icoecn eniwtecie im iitin r
  real plain: ard committee and dissembling discounted it inside if so i would
--- iter tau=0.3759 ---
  cipher in : plicitly to be broached these began to be apparent in a press co
  decrypted : ittitets ei pc pnieiwct ewcrc pcaeo ei pc eiiencoe to e incrr ii
  real plain: re of the war was not to be considered seriously true there had 
  cipher in : in its present artless lowbudget form the subject matter seems d
  decrypted : to ter incrcoe enetcrr tiupltace minl ewc rlpucie leeecn rcclr t
  real plain:  the square takes its name was erected by the emperor marcus aur
--- iter tau=0.3759 ---
  cipher in : wn that at any rate is what happens at the khaju bridge boys and
  decrypted : uo elee ee eos neec dr ulee leiicor ee elc sleul pndtac pisr eot
  real plain: e networks for military communications are one of the best examp
  cipher in : perors nightingale and the red balloon workshops are conducted b
  decrypted : icninr odaledoaetc eot elc nct pettiio uinsrliir enc iiotliect p
  real plain: ld one day discover but he was perpetually engaged in a battle t
--- iter tau=0.3759 ---
  cipher in : e on man or woman than on god david finished shaving washed his 
  decrypted : c io leo in uileo eleo io ait teutt mtotrlct rleutoa uerlct ltr 
  real plain:  the snake reaches its maturity it has already reached about its
  cipher in :  washington indulged in a game of wickets with some children his
  decrypted :  uerltoaeio totltact to e aelc im utiscer utel rilc iltttnco ltr
  real plain: f hands above a clothesline and the flutter of garments hung the
--- iter tau=0.3759 ---
  cipher in : s still fluid vulnerable to the pressures that its new and enlar
  decrypted : r rettt mtltt ultocneptc ei elc incrrlncr elee ter ocu eot coten
  real plain:  after a fashion he envied in time he grew to depend upon her oc
  cipher in : uded with a tour of the church facilities and refreshments the s
  decrypted : ltct utel e eiln im elc illnil meitttetcr eot ncmncrllcoer elc r
  real plain: imean war the american civil war and the franchise struggle trev
--- iter tau=0.3759 ---
  cipher in : normal rate of healthy growth should the accelerating growth of 
  decrypted : oinlet neec im lcetels aniuel rliltt elc eiictcneetoa aniuel im 
  real plain: aps of the seton harness over gregs shoulders but this goddamn c
  cipher in : of so little courtesy that they had to respond with at the least
  decrypted : im ri tteetc iilnecrs elee elcs let ei ncriiot utel ee elc tcere
  real plain: augural program with the slow and modest entrance of the maidens
learning rate 0.0001000 -> 0.0001000
temperature tau = 0.3683
saving the model at the end of epoch 15, iters 606720
End of epoch 15 / 80 	 Time Taken: 17 sec
--- iter tau=0.3683 ---
  cipher in : he sibley warehouse robbery which became famous for the cool bra
  decrypted : lc rtptcs uenclilrc nippcns ultil pcielc melilr min elc iiit pne
  real plain:  establishments overseas to finance private investment and to pr
  cipher in : or an orient which she herself having slight knowledge of it had
  decrypted : in eo intcoe ultil rlc lcnrctm leutoa rttale soiutctac im te let
  real plain:  not the utilities available nearby may provide a savings in the
--- iter tau=0.3683 ---
  cipher in : e gang mousie said it was because he was too proud to stand pity
  decrypted : c aeoa lilrtc rett te uer pcielrc lc uer eii inilt ei reeot ites
  real plain: political campaign we have recourse to the scientificallytrained
  cipher in : f the government he had to resort to borrowing small sums from f
  decrypted : m elc aiucnolcoe lc let ei ncrine ei pinniutoa rlett rllr mnil m
  real plain: y in spite of powerful opposition the draft act finally passed c
--- iter tau=0.3683 ---
  cipher in : uch a part of my landscape as the beech and horsechestnut trees 
  decrypted : lil e iene im ls teotrieic er elc pccil eot linrcilcreole enccr 
  real plain: t was with granny dying but they all agreed she wouldnt have wan
  cipher in : ed the contents and the list of items sold then he then what he 
  decrypted : ct elc iioecoer eot elc ttre im teclr ritt elco lc elco ulee lc 
  real plain:  plan for the capitals franklin d roosevelt memorial a circle of
--- iter tau=0.3683 ---
  cipher in : ve me a dark rider was whipping his pony with a quirt in an atte
  decrypted : uc lc e tens nttcn uer ultiitoa ltr iios utel e iltne to eo eeec
  real plain: nes of boston president kennedy couldnt stay away from his desk 
  cipher in : ntrolling german industries social institutions and armed forces
  decrypted : oenitttoa acnleo totlrentcr riitet toreteletior eot enlct minicr
  real plain: etty the inside of their place was full of new furniture five bu
--- iter tau=0.3683 ---
  cipher in : ering wheel he seemed very pleased with himself as though some i
  decrypted : cntoa ulcct lc rcclct ucns itcerct utel ltlrctm er elilal rilc t
  real plain: e in them well walk up there later its perhaps a mile from here 
  cipher in : ls for setting up vocational courses stress the importance of fi
  decrypted : tr min rceetoa li uiieetioet iilnrcr rencrr elc tliineeoic im mt
  real plain: hs indeed it was probably to mr morses advantage to have mr and 
--- iter tau=0.3683 ---
  cipher in : unties in the state with the exception of fulton county which re
  decrypted : loedcr do elc reeec udel elc ciiciedio im mlteio iiloes uldil nc
  real plain: ackle executive powers the final decision went to the executive 
  cipher in : t crash he heard a slight noise in the outer office he turned ar
  decrypted : e inerl lc lcent e rtdale oidrc do elc ilecn immdic lc elnoct en
  real plain:  on the trot until december hitched to a breaking cart once arou
--- iter tau=0.3683 ---
  cipher in : cular mays who reaches a decade in the big leagues come may join
  decrypted : ilten lesr uli nceilcr e tcietc do elc pda tcealcr iilc les uido
  real plain: ect save one both were eccentrics of the purest ray serene alexa
  cipher in : h we use the method of difference it removes our present express
  decrypted : l uc lrc elc lcelit im tdmmcncoic de ncliucr iln incrcoe ciincrr
  real plain:  already beginning to thin and recede at the sides and abel look
--- iter tau=0.3683 ---
  cipher in : ated him he seems strong enough inside the party to cope with an
  decrypted : eect ldl lc rcclr renioa coilal dordtc elc ienes ei iiic udel eo
  real plain: es which incorporated this hegelian abstraction and saw law dome
  cipher in :  kansas as a prairie national park there the buffalo would roam 
  decrypted :  seorer er e inedndc oeedioet iens elcnc elc plmmeti uiltt niel 
  real plain: r battens are glued and screwed to the flooring the exception is
--- iter tau=0.3683 ---
  cipher in : eld ab and ma degrees from harvard university and who before the
  decrypted : ctt ep eot le tcanccr mnil lenuent loducnrdes eot uli pcminc elc
  real plain: hout the land they say it helps them bring back into schools the
  cipher in : apparently it is still in the air for example a writer in a rece
  decrypted : eiiencoets de dr redtt do elc edn min cielitc e undecn do e ncic
  real plain: d rapidly at first but then baldy began to draw away somewhere i
--- iter tau=0.3683 ---
  cipher in : e pointed out that as far as she knew bridget had gone up to her
  decrypted : c iidoect ile elee er men er rlc socu pndtace let aioc li ei lcn
  real plain: re that none of the effects of this story were consciously emplo
  cipher in : ay over a period of years use of these roads by the public resul
  decrypted : es iucn e icndit im scenr lrc im elcrc nietr ps elc ilptdi ncrlt
  real plain:  of the stockholders of du pont and general motors and to consid
--- iter tau=0.3683 ---
  cipher in : o the center of the city the renaissance city to the piazza navo
  decrypted : i elc icoecn im elc ides elc ncoedrreoic ides ei elc ideuue oeui
  real plain: eat conductor can bring soloist orchestra and music to ultimate 
  cipher in : xclusive alternatives in the end picasso and braque plumped for 
  decrypted : iislrduc esecnoeeducr do elc cot idierri eot pneilc isllict min 
  real plain: ent she was told by the manservant who opened the door that his 
saving the latest model (epoch 16, total_iters 640000)
--- iter tau=0.3683 ---
  cipher in : ally all bulky housing products can now be ordered in standard u
  decrypted : esss ess plsss lilrdoa initlier ieo oiu pc intcnct do reeotent l
  real plain: available to him your finger tips the happy one could never have
  cipher in : e nature of the dialogue itself the stimulus from the confrontat
  decrypted : c oeelnc im elc tdesialc dercsm elc redllslr mnil elc iiomnioeee
  real plain: s late as in the bestselling novel so red the rose by stark youn
--- iter tau=0.3683 ---
  cipher in : a fiber coupled double stage image intensifier is af it is obvio
  decrypted : e mdpcn iilisct tilpsc reeac dleac doecordmdcn dr em de dr ipudi
  real plain:  because baker had sent him to the mexican border in to investig
  cipher in : ware that such acceptance and identification need to be suppleme
  decrypted : uenc elee rlil eiicieeoic eot dtcoedmdieedio occt ei pc rliisclc
  real plain: ltiple and ambivalent identities of their passage from child to 
learning rate 0.0001000 -> 0.0001000
temperature tau = 0.3609
End of epoch 16 / 80 	 Time Taken: 17 sec
--- iter tau=0.3609 ---
  cipher in : sec in carrying out his functions under section of this act the 
  decrypted : rci do iennsdoa ile ldr mloiedior lotcn rciedio im eldr eie elc 
  real plain: nt have tended to dress their dancers in simple lines and solid 
  cipher in : ge with a colloquial flair though versatile and capable of turni
  decrypted : ac udel e iissiildes msedn elilal ucnreedsc eot ieiepsc im elnod
  real plain: in at am and end at pm in the auditorium of the library and fine
--- iter tau=0.3609 ---
  cipher in : uld occupy a balcony that stretches across the length of the roo
  decrypted : lst iiilis e pesiios elee renceilcr einirr elc scoael im elc nii
  real plain: d and directed to cover into the yugoslav claims fund the sum of
  cipher in : reet in doc abels office lets see it we walked up main street to
  decrypted : ncce do tii epcsr immdic scer rcc de uc uessct li ledo rencce ei
  real plain: is unhappily uniqueingrownscrewedup breed their reading and thin
--- iter tau=0.3609 ---
  cipher in : the license number the tenant writes out if he does its still be
  decrypted : elc sdicorc ollpcn elc ecoeoe undecr ile dm lc ticr der redss pc
  real plain: ed analogy to say that this is what thomas did to poetry the spe
  cipher in : ony as a goal more tolerant of diversity and aware of other cult
  decrypted : ios er e aies linc eiscneoe im tducnrdes eot euenc im ielcn ilse
  real plain: oots and will live for the blessing of generations to come miss 
--- iter tau=0.3609 ---
  cipher in : ective properties of this drug how to feed beef not less than mi
  decrypted : cieduc iniicnedcr im eldr tnla liu ei mcct pccm oie scrr eleo ld
  real plain: disillusionment turn somewhat as they do for the naive hero of d
  cipher in : g them economically e m martin assistant secretary of state for 
  decrypted : a elcl ciioildiesss c l lenedo errdreeoe rcinceens im reeec min 
  real plain: rsty dictator of the dominican republic for years perhaps deserv
--- iter tau=0.3609 ---
  cipher in : io program hours has risen at least per cent and the number of n
  decrypted : di inianel lilnr ler ndrco ee scere icn icoe eot elc ollpcn im o
  real plain:  products research foundation to help bricklayers do better work
  cipher in : ween general company practice and local practice in the south an
  decrypted : ucco acocnes iilieos ineiedic eot siies ineiedic do elc rilel eo
  real plain:  might be said to be an upper or an uppermiddleclass bias but th
--- iter tau=0.3609 ---
  cipher in :  pipes burst and they all laughed and stood in ice water to thei
  decrypted :  idicr plnre eot elcs ess selalct eot reiit do dic ueecn ei elcd
  real plain: amous document that comes out of this dispute is perhaps sir phi
  cipher in : xplanation of matching formula as is the case with the allotment
  decrypted : iiseoeedio im leeildoa minllse er dr elc ierc udel elc essielcoe
  real plain: he writing are all qualities which hold ones attention with the 
--- iter tau=0.3609 ---
  cipher in :  their sexual energy they withdraw to the underground of the slu
  decrypted :  elcdn rciles cocnas elcs udeltneu ei elc lotcnanilot im elc rsl
  real plain: the estimate for eligible electors were made without the benefit
  cipher in : d repulsions native to their own quality as in experience one is
  decrypted : t ncilsrdior oeeduc ei elcdn iuo slesdes er do ciicndcoic ioc dr
  real plain: ard committee and dissembling discounted it inside if so i would
--- iter tau=0.3609 ---
  cipher in : d could be crossed only at the corner where there were stepping 
  decrypted : t iilst pc inillct ioss ee elc iinocn ulcnc elcnc ucnc leciidoa 
  real plain: ni in new york to ask them for contributions to the graham memor
  cipher in : an it is the exploitation of the inherent potential of infectiou
  decrypted : eo de dl elc ciisideeedio im elc dolcncoe iiecoedes im domciedil
  real plain: iaison officer to critically important new york city walton who 
--- iter tau=0.3609 ---
  cipher in : elfare of their fellow men did not let their concern to run thei
  decrypted : csmenc im elcdn mcssiu bco tdt oie sce elcdn iioicno ei nlo elcd
  real plain: icate finally the forces of authoritarianism protrujillo and pro
  cipher in : gle binomial trials thus in the threedice example af af and the 
  decrypted : asc pdoibdes endesr ellr do elc elncctdic ciebisc em em eot elc 
  real plain:  humble their approach to life direct and unsophisticated whatev
--- iter tau=0.3609 ---
  cipher in : n old maid too if you happen to drive a car it is changing the t
  decrypted : o ist bedt eii dm sib leiico ei tnduc e ien de dl ileoadoa elc e
  real plain: ns require the inscription of each individual male or female adu
  cipher in : post fortyfive feet below the ground at offutt air force base ne
  decrypted : iile minesmduc mcce pcsiu elc anibot ee immbee edn minic pelc oc
  real plain: s was lying or insisting on a private definition of antisemitism
--- iter tau=0.3609 ---
  cipher in : mean the difference between participation and inaction spiritual
  decrypted : lceo elc tdmmcncoic pceucco ienedidieedio eot doeiedio ridndebes
  real plain: tively admitted for next fall after state investigators question
  cipher in :  were in fact some lovely peals of thunder from jerry mulligans 
  decrypted :  ucnc do meie rilc siucss icesr im elbotcn mnil ucnns lbssdaeor 
  real plain: te system of personal contacts and have experts constantly study
--- iter tau=0.3609 ---
  cipher in : he was in spite of himself and how anxious this lover of obscuri
  decrypted : lc uer do ridec im ldprcsm eot liu eoidibr eldr siucn im ipribnd
  real plain: freshing deep peep show the viewers of the deep peep show at th 
  cipher in : nking plebian dictators of many passages in the book that exempl
  decrypted : osdoa iscpdeo tdieeeinr im peos ierreacr do elc piis elee cicpis
  real plain: lish by dutton co of new york in the book was received by the pr
learning rate 0.0001000 -> 0.0001000
temperature tau = 0.3536
End of epoch 17 / 80 	 Time Taken: 17 sec
--- iter tau=0.3536 ---
  cipher in : e following pages which will focus on the empirical and analytic
  decrypted : c missiudoa ieacr uldil udss miipr io elc cpidndies eot eoessedi
  real plain:  parents were doing quite well her mother was a good manager and
  cipher in : erable smell after the rain that i have done little more than lo
  decrypted : cnepsc rpcss emecn elc nedo elee d leuc tioc sdeesc pinc eleo si
  real plain: than less of an individualist than any of his predecessors for h
--- iter tau=0.3536 ---
  cipher in :  time this will disappear parents are often concerned that ortho
  decrypted :  edpc eldr udss tdreiicen iencoer enc imeco iioicnoct elee ineli
  real plain: s own hands have committed his guilty conscience projects itself
  cipher in : ty in the various municipalities in rhode island this condition 
  decrypted : es do elc uendipr ppodidiesdedcr do nlitc drseot eldr iiotdedio 
  real plain: e let the germans do this i have sat many hours with this styka 
--- iter tau=0.3536 ---
  cipher in : ng she waved away one encroaching photographer who dared approac
  decrypted : oa rlc ueuct eues ioc coinieildoa ilieianeilcn uli tenct eiiniei
  real plain: ct that the old roman was referring to change made under militar
  cipher in : fer corporations cannot it can project longrange goals for itsel
  decrypted : mcn iiniineedior ieooie de ieo iniucie sioaneoac aiesr min dercs
  real plain: ancers of bali on march hollywood a southeast library workshop w
--- iter tau=0.3536 ---
  cipher in :  become autistic because of something that happens to them or be
  decrypted :  pciipc epedredi pcieprc im ripceldoa elee leiicor ei elcp in pc
  real plain:  ceiling near it was a metal ladder on casters attached to the t
  cipher in : heir sleep rifle fire often kept the opposing gunners from manni
  decrypted : lcdn rscci ndmsc mdnc imeco scie elc iiiirdoa apoocnr mnip peood
  real plain: ves breathes and thinks for the good of the people hughes asked 
--- iter tau=0.3536 ---
  cipher in : ly bewildered he sank back on his thin haunches like a weary hou
  decrypted : ss pcudstcnct lc reos peis io ldr eldo lepoilcr sdsc e ucens lip
  real plain: peech only hardy would say a grin of bitterness swept thereby li
  cipher in : they have objected to is the attempt of the russians to make use
  decrypted : elcs leuc ipuciect ei dr elc eeecpie im elc nprrdeor ei pesc prc
  real plain: st be attributed either to trace impurities or to variation in w
--- iter tau=0.3536 ---
  cipher in : particles but waves and to see the meaning of this new picture i
  decrypted : ienediscr ppe ueucr eot ei rcc elc pceodoa im eldr ocu idiepnc d
  real plain:  gen taylor to make an inspection trip at this time communist gu
  cipher in : tic techniques of programing others have socalled development pl
  decrypted : edi ecilodspcr im inianepdoa ielcnr leuc riiessct tcucsiipcoe is
  real plain: and palm oil the colony was administered from brussels with neit
--- iter tau=0.3536 ---
  cipher in : ens a point like p gets information directly from n but all info
  decrypted : cor e iidoe sdsc i acer dominpeedio tdnciess mnip o hpe ess domi
  real plain: ect save one both were eccentrics of the purest ray serene alexa
  cipher in : s of his third voyage in hudson was probably in his early fortie
  decrypted : r im ldr eldnt uiseac do lptrio uer inihehss do ldr censs minedc
  real plain:  already beginning to thin and recede at the sides and abel look
--- iter tau=0.3536 ---
  cipher in : ing to him until he saw his chance he caught officer simmons eye
  decrypted : doa ei ldp poeds lc reu ldr ileoic lc iepale immdicn rdppior csc
  real plain: in surprise then noticed that fred powell was clutching his ches
  cipher in : y like lizards in the sun too indolent to blink their eyes perha
  decrypted : s sdsc sduentr do elc rpo eii dotiscoe ei hsdos elcdn cscr icnle
  real plain: ly of the expenditures for the department of defense are for pro
--- iter tau=0.3536 ---
  cipher in : s are the arabs and the most inscrutable of the arabs are the sa
  decrypted : r enc elc enehr eot elc pire dorinpeehsc im elc enehr enc elc re
  real plain: re of the war was not to be considered seriously true there had 
  cipher in :  of producing a foamed urethane product the foam can be made int
  decrypted :  im initpidoa e miepct pnceleoc initpie elc miep ieo hc petc doe
  real plain:  the square takes its name was erected by the emperor marcus aur
--- iter tau=0.3536 ---
  cipher in : sage did not come from a spirit but was received telepathically 
  decrypted : reac tdt oie iipc mnip e ridnde hpe uer ncicduct ecscieeldiesss 
  real plain: e networks for military communications are one of the best examp
  cipher in : rustees of the college and the director and two members of the b
  decrypted : npreccr im elc iisscac eot elc tdnciein eot eui pcphcnr im elc h
  real plain: ld one day discover but he was perpetually engaged in a battle t
--- iter tau=0.3536 ---
  cipher in :  location in los angeles nor could they secure any clearcut info
  decrypted :  siieedio do sir eoacscr oin iipst elcs rcipnc eos iscenipe domi
  real plain:  the snake reaches its maturity it has already reached about its
  cipher in : e only and is independent of pressure or volume in other words i
  decrypted : c ioss eot dr dotcicotcoe im incrrpnc in uisppc do ielcn uintr d
  real plain: f hands above a clothesline and the flutter of garments hung the
saving the latest model (epoch 18, total_iters 720000)
--- iter tau=0.3536 ---
  cipher in : a truly great and noble species now we are leaving humor and com
  decrypted : e enpss ancee eot oihsc ricidcr oiu uc enc sceudoa lppin eot iip
  real plain:  after a fashion he envied in time he grew to depend upon her oc
  cipher in : city mo feb upi the president of the kansas city local of the in
  decrypted : ides pi mch pid elc incrdtcoe im elc seorer ides siies im elc do
  real plain: imean war the american civil war and the franchise struggle trev
--- iter tau=0.3536 ---
  cipher in : nd in a pool these things are important to almost all persians a
  decrypted : ot do e iiis elcrc eldoar enc dpiineeoe ei espire ess icnrdeor e
  real plain: aps of the seton harness over gregs shoulders but this goddamn c
  cipher in : nning his destruction but she was she was even as the conviction
  decrypted : oodoa ldr tcrenpiedio hpe rlc uer rlc uer cuco er elc iioudiedio
  real plain: augural program with the slow and modest entrance of the maidens
learning rate 0.0001000 -> 0.0001000
temperature tau = 0.3465
End of epoch 18 / 80 	 Time Taken: 17 sec
--- iter tau=0.3465 ---
  cipher in : inecrisscrossed maze he decided that the marines must be deployi
  decrypted : docindrrinirrct peuc lc tcidtct elee elc pendocr ppre hc tcisisd
  real plain:  establishments overseas to finance private investment and to pr
  cipher in : z however kicks only about or extra points during each practice 
  decrypted : u liucucn sdisr ioss ehipe in ciene iidoer tpndoa ceil ineiedic 
  real plain:  not the utilities available nearby may provide a savings in the
--- iter tau=0.3465 ---
  cipher in : t feathertop was a connoisseur he liked to savor his meat before
  decrypted : e mceelcneii uer e iiooidrrcpn lc sdsct ei reuin ldr pcee hcminc
  real plain: political campaign we have recourse to the scientificallytrained
  cipher in : levance disappears vocational training which holds no hope that 
  decrypted : scueoic tdreiicenr uiieedioes enedodoa uldil listr oi liic elee 
  real plain: y in spite of powerful opposition the draft act finally passed c
--- iter tau=0.3465 ---
  cipher in : without seeming to invalidate those of the other two because of 
  decrypted : udelipe rccpdoa ei douesdteec elirc im elc ielcn eui hcieprc im 
  real plain: t was with granny dying but they all agreed she wouldnt have wan
  cipher in : es if one lives near a subway or an express parkway the solution
  decrypted : cr dm ioc sducr ocen e rphues in eo ciincrr iensues elc rispedio
  real plain:  plan for the capitals franklin d roosevelt memorial a circle of
--- iter tau=0.3465 ---
  cipher in : t led up to the porch of the culver house pamela turned the whee
  decrypted : e sct pi ei elc iinil im elc ipsucn liprc iepcse epnoct elc ulcc
  real plain: nes of boston president kennedy couldnt stay away from his desk 
  cipher in : een discouraged from trying central distribution a new low capac
  decrypted : cco tdriipneact mnip ensdoa icoenes tdrendhpedio e ocu siu ieiei
  real plain: etty the inside of their place was full of new furniture five bu
--- iter tau=0.3465 ---
  cipher in : heir part to understand how local resources human and material c
  decrypted : lcdn iene ei potcnreeot liu siies ncripnicr lppeo eot peecndes i
  real plain: e in them well walk up there later its perhaps a mile from here 
  cipher in : have been made even if its glass doors had never opened accounti
  decrypted : leuc hcco petc cuco dm der aserr tiinr let ocucn iicoct eiiipoed
  real plain: hs indeed it was probably to mr morses advantage to have mr and 
--- iter tau=0.3465 ---
  cipher in : as a formidable looking young man with the only baseball cap thi
  decrypted : er e minpdtehsc siisdoa sipoa peo udel elc ioss herchess iei eld
  real plain: amous document that comes out of this dispute is perhaps sir phi
  cipher in : sk is a mammoth one and partly because some of its local manifes
  decrypted : rs dr e peppiel ioc eot ieness hcieprc ripc im der siies peodmcr
  real plain: he writing are all qualities which hold ones attention with the 
--- iter tau=0.3465 ---
  cipher in : esident of somerset county and he and the governor also a somers
  decrypted : crdtcoe im ripcnrce iipoes eot lc eot elc aiucnoin esri e ripcnr
  real plain:  judicious attitude that he read some of the books assigned to h
  cipher in :  as the exclusive property of the east which created depressions
  decrypted :  er elc ciisprduc iniicnes im elc cere uldil inceect tcincrrdior
  real plain: ndation for the next fiscal year specifically congress should co
--- iter tau=0.3465 ---
  cipher in : ime two waving tails told pam north it was not whatever tale was
  decrypted : dpc eui ueudoa eedsr eist iep oinel de uer oie uleecucn eesc uer
  real plain: es which incorporated this hegelian abstraction and saw law dome
  cipher in : s necessitates the introduction of new spiritual forces into the
  decrypted : r ocicrrdeeecr elc doenitpiedio im ocu ridndepes minicr doei elc
  real plain: r battens are glued and screwed to the flooring the exception is
--- iter tau=0.3465 ---
  cipher in : ry or in recurrent practice to provide for prosodic necessity th
  decrypted : ns in do ncipnncoe ineiedic ei iniudtc min iniritdi ocicrrdes el
  real plain: hout the land they say it helps them bring back into schools the
  cipher in :  was a real work horse small antelope were generally grassed wit
  decrypted :  uer e nces uins linrc rpess eoecsiic ucnc acocnesss anerrct ude
  real plain: d rapidly at first but then baldy began to draw away somewhere i
--- iter tau=0.3465 ---
  cipher in :  help provide the skilled manpower necessary to carry out the de
  decrypted :  lcsi iniudtc elc rsdssct peoiiucn ocicrrens ei ienns ipe elc tc
  real plain: re that none of the effects of this story were consciously emplo
  cipher in : tain heights and cloud positions later on in the day fogg could 
  decrypted : eedo lcdaler eot isipt iirdedior seecn io do elc tes miaa iipst 
  real plain:  of the stockholders of du pont and general motors and to consid
--- iter tau=0.3465 ---
  cipher in : he other he looked for a printer with a knowledge of the law whi
  decrypted : lc ielcn lc siisct min e indoecn udel e soiusctac im elc seu uld
  real plain: eat conductor can bring soloist orchestra and music to ultimate 
  cipher in : my man came out of the office building he came out alone i wasnt
  decrypted : ps peo iepc ipe im elc immdic hpdstdoa lc iepc ipe esioc d ueroe
  real plain: ent she was told by the manservant who opened the door that his 
--- iter tau=0.3465 ---
  cipher in : ler owners of a twostory tudorstyle house on the south side of t
  decrypted : scn iuocnr im e euireins eptinressc liprc io elc ripel rdtc im e
  real plain: available to him your finger tips the happy one could never have
  cipher in : in which earthy realism is placed alongside the exaggeration of 
  decrypted : do uldil cenels ncesdrp dr iseict esioardtc elc cieaacneedio im 
  real plain: s late as in the bestselling novel so red the rose by stark youn
--- iter tau=0.3465 ---
  cipher in : d south east and west back and forth he sailed in the landlocked
  decrypted : t ripel cere eot ucre heis eot minel lc redsct do elc seotsiisct
  real plain:  because baker had sent him to the mexican border in to investig
  cipher in : wn that at any rate is what happens at the khaju bridge boys and
  decrypted : uo elee ee eos neec dr ulee leiicor ee elc sleup hndtac hisr eot
  real plain: ltiple and ambivalent identities of their passage from child to 
learning rate 0.0001000 -> 0.0001000
temperature tau = 0.3395
End of epoch 19 / 80 	 Time Taken: 17 sec
--- iter tau=0.3395 ---
  cipher in : stian commitment the necessity of family religion and private de
  decrypted : redeo iippdepcoe elc ocicrrdes im mepdss ncsdadio eot indueec tc
  real plain: nt have tended to dress their dancers in simple lines and solid 
  cipher in :  instead one partner or the other dominates the sexual relations
  decrypted :  dorecet ioc ieneocn in elc ielcn tipdoeecr elc rcipes ncseedior
  real plain: in at am and end at pm in the auditorium of the library and fine
--- iter tau=0.3395 ---
  cipher in : much was spent by hearst but if as much money was expended elsew
  decrypted : ppil uer ricoe hs lcenre hpe dm er ppil piocs uer ciicotct csrcu
  real plain: d and directed to cover into the yugoslav claims fund the sum of
  cipher in : rought into a range from a distance were called immigrants them 
  decrypted : nipale doei e neoac mnip e tdreeoic ucnc iessct dppdaneoer elcp 
  real plain: is unhappily uniqueingrownscrewedup breed their reading and thin
--- iter tau=0.3395 ---
  cipher in :  so compulsively necessary to maintain even when it might seem a
  decrypted :  ri iipipsrducss ocicrrens ei pedoeedo cuco ulco de pdale rccp e
  real plain: ed analogy to say that this is what thomas did to poetry the spe
  cipher in : of af independent binomial trials all with the same probability 
  decrypted : im em dotcicotcoe hdoipdes endesr ess udel elc repc inihehdsdes 
  real plain: oots and will live for the blessing of generations to come miss 
--- iter tau=0.3395 ---
  cipher in : ttle doubt that the number of those who wish to serve will be fa
  decrypted : eesc tiphe elee elc opphcn im elirc uli udrl ei rcnuc udss hc me
  real plain: disillusionment turn somewhat as they do for the naive hero of d
  cipher in :  an interdependent world new machinery of coordination should no
  decrypted :  eo doecntcicotcoe uinst ocu peildocns im iiintdoeedio rlipst oi
  real plain: rsty dictator of the dominican republic for years perhaps deserv
--- iter tau=0.3395 ---
  cipher in : dy passed into the corridor their good lucks following him it wa
  decrypted : ts ierrct doei elc iinndtin elcdn aiit spisr missiudoa ldp de ue
  real plain:  gen taylor to make an inspection trip at this time communist gu
  cipher in : ne painting by each member of the eight as well as work by sloan
  decrypted : oc iedoedoa hs ceil pcphcn im elc cdale er ucss er uins hs rsieo
  real plain: and palm oil the colony was administered from brussels with neit
--- iter tau=0.3395 ---
  cipher in : too proud to pick up the phone said a house democratic leader on
  decrypted : eii inipt ei idis pi elc ilioc redt e liprc tcpiineedi scetcn io
  real plain: hose who recall easily the statues of bernini and the gigantic p
  cipher in : gen and make up the solid structure of my finger bone since thes
  decrypted : aco eot pesc pi elc risdt renpiepnc im ps mdoacn hioc rdoic elcr
  real plain: ty that would arrive by next ship this went faster than schedule
--- iter tau=0.3395 ---
  cipher in : deserves a lot of credit working down here under real obstacles 
  decrypted : tcrcnucr e sie im inctde uinsdoa tiuo lcnc potcn nces ihreeiscr 
  real plain: the estimate for eligible electors were made without the benefit
  cipher in :  cherries now the yard looked wet and bald the trees bare under 
  decrypted :  ilcnndcr oiu elc sent siisct uce eot hest elc enccr henc potcn 
  real plain: ard committee and dissembling discounted it inside if so i would
--- iter tau=0.3395 ---
  cipher in : siastically others may drag their feet funds may be readily dona
  decrypted : rderediesss ielcnr pes tnea elcdn mcce mpotr pes hc ncetdss tioe
  real plain: ni in new york to ask them for contributions to the graham memor
  cipher in : applied to eliminate the intermediate step these results appear 
  decrypted : eiisdct ei csdpdoeec elc doecnpctdeec reci elcrc ncrpser eiicen 
  real plain: iaison officer to critically important new york city walton who 
--- iter tau=0.3395 ---
  cipher in : cive to oscar winning performances i tried my hardest with littl
  decrypted : iduc ei irien udoodoa icnminpeoicr d endct ps lentcre udel sdees
  real plain: icate finally the forces of authoritarianism protrujillo and pro
  cipher in : d guns were captured in position seven battle flags and fourteen
  decrypted : t apor ucnc ieiepnct do iirdedio rcuco heeesc msear eot mipnecco
  real plain:  humble their approach to life direct and unsophisticated whatev
--- iter tau=0.3395 ---
  cipher in : r right fielder was still a little fuzzy from drink they dropped
  decrypted : n ndale mdcstcn uer redss e sdeesc mpuus mnip tndos elcs tniiict
  real plain: ns require the inscription of each individual male or female adu
  cipher in : ittle to say at the beginning of the tour but warmed up later th
  decrypted : deesc ei res ee elc hcadoodoa im elc eipn hpe uenpct pi seecn el
  real plain: s was lying or insisting on a private definition of antisemitism
[Rank 0] (epoch: 20, iters: 31488, time: 0.000, data: 0.001) , D_A: 2.217, G_A: -1.791, cycle_A: 0.030, D_B: 1.651, G_B: 0.234, cycle_B: 0.066

saving the latest model (epoch 20, total_iters 800000)
--- iter tau=0.3395 ---
  cipher in : e was a perfect place to lie down and make believe he was canute
  decrypted : c uer e icnmcie iseic ei sdc tiuo eot pesc hcsdcuc lc uer ieopec
  real plain: tively admitted for next fall after state investigators question
  cipher in : e mississippi through the heart of downtown st louis and out to 
  decrypted : c pdrrdrrdiid elnipal elc lcene im tiuoeiuo re sipdr eot ipe ei 
  real plain: te system of personal contacts and have experts constantly study
--- iter tau=0.3395 ---
  cipher in : r of syllables is not clear doubt on this point is strongest bef
  decrypted : n im rsssehscr dr oie iscen tiphe io eldr iidoe dr renioacre hcm
  real plain: freshing deep peep show the viewers of the deep peep show at th 
  cipher in : he theory before us simply absent the remark now expresses nothi
  decrypted : lc elcins hcminc pr rdpiss ehrcoe elc ncpens oiu ciincrrcr oield
  real plain: lish by dutton co of new york in the book was received by the pr
learning rate 0.0001000 -> 0.0001000
temperature tau = 0.3327
saving the model at the end of epoch 20, iters 808960
End of epoch 20 / 80 	 Time Taken: 17 sec
--- iter tau=0.3327 ---
  cipher in : tammany conspired to overthrow the government by force and viole
  decrypted : eeppeos iioridnct ei iucnelniu elc aiucnopcoe hs minic eot udisc
  real plain:  parents were doing quite well her mother was a good manager and
  cipher in : ng behind him took to the stairs in longshanked leaps comment ej
  decrypted : oa hcldot ldp eiis ei elc reednr do sioarleosct sceir iippcoe cu
  real plain: than less of an individualist than any of his predecessors for h
--- iter tau=0.3327 ---
  cipher in : fornia to organize farm workers these attempts met with little s
  decrypted : minode ei inaeoduc menp uinscnr elcrc eeecpier pce udel sdeesc r
  real plain: s own hands have committed his guilty conscience projects itself
  cipher in : he way there about one hundred yards on your right you pass a si
  decrypted : lc ues elcnc ehipe ioc lpotnct sentr io sipn ndale sip ierr e rd
  real plain: e let the germans do this i have sat many hours with this styka 
--- iter tau=0.3327 ---
  cipher in : easuring inches by inches or larger any flatbed press capable of
  decrypted : cerpndoa doilcr hs doilcr in senacn eos mseehct incrr ieiehsc im
  real plain: ct that the old roman was referring to change made under militar
  cipher in : y as were the doings of women automobile drivers for every grown
  decrypted : s er ucnc elc tidoar im uipco epeipihdsc tnducnr min cucns aniuo
  real plain: ancers of bali on march hollywood a southeast library workshop w
--- iter tau=0.3327 ---
  cipher in : cause its position in a sentence seems to make it apply to the w
  decrypted : ieprc der iirdedio do e rcoecoic rccpr ei pesc de eiiss ei elc u
  real plain:  ceiling near it was a metal ladder on casters attached to the t
  cipher in : came the symbol of honesty and the father image of the uniting s
  decrypted : iepc elc rsphis im liocres eot elc meelcn dpeac im elc podedoa r
  real plain: ves breathes and thinks for the good of the people hughes asked 
--- iter tau=0.3327 ---
  cipher in : kitchen she sat down at the table shaking her head im sorry mr m
  decrypted : sdeilco rlc ree tiuo ee elc eehsc rlesdoa lcn lcet dp rinns pn p
  real plain: e in them well walk up there later its perhaps a mile from here 
  cipher in : rom one essentially negative in nature the nightwatchman state t
  decrypted : nip ioc crrcoedesss ocaeeduc do oeepnc elc odaleueeilpeo reeec e
  real plain: hs indeed it was probably to mr morses advantage to have mr and 
--- iter tau=0.3327 ---
  cipher in : ith epidemic disease a hypothetical example will illustrate this
  decrypted : del cidtcpdi tdrcerc e lsiielcedies ciepisc udss dsspreneec eldr
  real plain: ackle executive powers the final decision went to the executive 
  cipher in : out maybe playing with the kids jack stayed close to the schoolh
  decrypted : ipe peshc isesdoa udel elc sdtr ueis reesct isirc ei elc riliisl
  real plain:  on the trot until december hitched to a breaking cart once arou
--- iter tau=0.3327 ---
  cipher in :  dark scornful fashion she proceeded to her destination afraid o
  decrypted :  tens riinomps merldio rlc iniicctct ei lcn tcredoeedio emnedt i
  real plain: ect save one both were eccentrics of the purest ray serene alexa
  cipher in : ted all across the united states this is a great national cultur
  decrypted : ect ess einirr elc podect reeecr eldr dr e ancee oeedioes ipsepn
  real plain:  already beginning to thin and recede at the sides and abel look
--- iter tau=0.3327 ---
  cipher in : owever the significance of the volume is greater than the forego
  decrypted : iucucn elc rdaodmdieoic im elc uisppc dr anceecn eleo elc mincai
  real plain: in surprise then noticed that fred powell was clutching his ches
  cipher in :  to your filtering and vacuuming problems as well as providing a
  decrypted :  ei sipn mdsecndoa eot ueipppdoa inihscpr er ucss er iniudtdoa e
  real plain: ly of the expenditures for the department of defense are for pro
--- iter tau=0.3327 ---
  cipher in : urts for a friendly test suit to test the validity of the act an
  decrypted : pner min e mndcotss ecre rpde ei ecre elc uesdtdes im elc eie eo
  real plain: re of the war was not to be considered seriously true there had 
  cipher in : me measure of the increase in value of the stream by processing 
  decrypted : pc pcerpnc im elc doincerc do uespc im elc rencep hs iniicrrdoa 
  real plain:  the square takes its name was erected by the emperor marcus aur
--- iter tau=0.3327 ---
  cipher in : selfcertainty most adolescents have some ideological diffusion a
  decrypted : rcsmicneedoes pire etiscricoer leuc ripc dtcisiadies tdmmprdio e
  real plain: e networks for military communications are one of the best examp
  cipher in : ecution obtained evidence by unfair and fundamentally illegal me
  decrypted : cipedio iheedoct cudtcoic hs pomedn eot mpotepcoeesss dsscaes pc
  real plain: ld one day discover but he was perpetually engaged in a battle t
--- iter tau=0.3327 ---
  cipher in : husiasm and reliance on personal diplomacy involved him in other
  decrypted : lprderp eot ncsdeoic io icnrioes tdisipeis douisuct ldp do ielcn
  real plain:  the snake reaches its maturity it has already reached about its
  cipher in : s brothers is to become the priest this is a significant fact in
  decrypted : r hnielcnr dr ei hciipc elc indcre eldr dr e rdaodmdieoe meie do
  real plain: f hands above a clothesline and the flutter of garments hung the
--- iter tau=0.3327 ---
  cipher in : e taken so that no stranger be allowed in the city and no citize
  decrypted : c eesco ri elee oi reneoacn hc essiuct do elc ides eot oi ideduc
  real plain:  after a fashion he envied in time he grew to depend upon her oc
  cipher in : s about the problem of government support to private education t
  decrypted : r ehipe elc inihscp im aiucnopcoe rpiiine ei indueec ctpieedio e
  real plain: imean war the american civil war and the franchise struggle trev
--- iter tau=0.3327 ---
  cipher in : in case i brought the money with me now that he knew himself to 
  decrypted : do ierc d hnipale elc piocs udel pc oiu elee lc socu ldprcsm ei 
  real plain:  because baker had sent him to the mexican border in to investig
  cipher in : her than that of any other inceptor from christs of that year it
  decrypted : lcn eleo elee im eos ielcn doiciein mnip ilndrer im elee scen de
  real plain: ltiple and ambivalent identities of their passage from child to 
learning rate 0.0001000 -> 0.0001000
temperature tau = 0.3260
End of epoch 21 / 80 	 Time Taken: 17 sec
--- iter tau=0.3260 ---
  cipher in : atter has only a few such the last three volumes are again more 
  decrypted : eeecn ler ioss e mcu rpil elc sere elncc uisppcr enc eaedo pinc 
  real plain:  establishments overseas to finance private investment and to pr
  cipher in : son has been awarded seventeen major prizes including two gold m
  decrypted : rio ler hcco euentct rcucoecco peuin inducr doisptdoa eui aist p
  real plain:  not the utilities available nearby may provide a savings in the
--- iter tau=0.3260 ---
  cipher in : guy gave him a sword instead of a pistol and painted in furnitur
  decrypted : aps aeuc ldp e ruint dorecet im e idreis eot iedoect do mpnodepn
  real plain: political campaign we have recourse to the scientificallytrained
  cipher in : ut are recognized as common to all states situs of property alth
  decrypted : pe enc nciiaoduct er iippio ei ess reeecr rdepr im iniicnes esel
  real plain: y in spite of powerful opposition the draft act finally passed c
--- iter tau=0.3260 ---
  cipher in : constitution robert e lee represented the dignity needed by a re
  decrypted : iioredepedio nihcne c scc ncincrcoect elc tdaodes occtct hs e nc
  real plain: t was with granny dying but they all agreed she wouldnt have wan
  cipher in : ane the marshal came to know littlepage quite well at general he
  decrypted : eoc elc penrles iepc ei soiu sdeescieac spdec ucss ee acocnes lc
  real plain:  plan for the capitals franklin d roosevelt memorial a circle of
--- iter tau=0.3260 ---
  cipher in : act you field workers often miss you mean this punk can brush me
  decrypted : eie sip mdost uinsonr imeoo pdrr sip poeo eldr ipos ieo hnprl po
  real plain: disillusionment turn somewhat as they do for the naive hero of d
  cipher in :  a state matter it accordingly refused to assume jurisdiction wh
  decrypted :  e reeeo peeeon de eiiintdoass nomprot ei errppo upndrtdiedio ul
  real plain: rsty dictator of the dominican republic for years perhaps deserv
--- iter tau=0.3260 ---
  cipher in : he started into the tunnel with the suitcase he found the illumi
  decrypted : lo reeneot doei elo epooos udel elo rpdeiero lo mipot elo dssppd
  real plain:  products research foundation to help bricklayers do better work
  cipher in : ile you wait everythings on the table what train does mr flannag
  decrypted : dso sip uede ouonseldoar io elo eehso ulee enedo tior pn mseooea
  real plain:  might be said to be an upper or an uppermiddleclass bias but th
--- iter tau=0.3260 ---
  cipher in : r you and your bride youll have a memorable tour but it wont be 
  decrypted : n sip eot sipn hndto sipss leuo e popinehso eipn hpe de uioe ho 
  real plain: amous document that comes out of this dispute is perhaps sir phi
  cipher in : unkind word from his parents and never has been taunted by his s
  decrypted : posdot uint mnip ldr ienooer eot oouon ler hooo eepoeot hs ldr r
  real plain: he writing are all qualities which hold ones attention with the 
--- iter tau=0.3260 ---
  cipher in : iversity the acoustics of the small hall had been misgauged by t
  decrypted : duonrdes elo eiipredir im elo rpess less let hoou pdraepaot hs e
  real plain:  judicious attitude that he read some of the books assigned to h
  cipher in : stherson called twice she wants to pay you a visit she says the 
  decrypted : relonriu iessot eudio rlo ueuer ei ies sip e udrde rlo resr elo 
  real plain: ndation for the next fiscal year specifically congress should co
--- iter tau=0.3260 ---
  cipher in : ckney of park pl evanston who pleaded guilty to reckless driving
  decrypted : isuos im iens is oueureiu uli isoetot apdses ei noissorr tndudua
  real plain: es which incorporated this hegelian abstraction and saw law dome
  cipher in : e holy scriptures why had he given them to him the whiteclad tre
  decrypted : o liss rindiepnor uls let lo aduou elop ei ldp elo uldeoiset eno
  real plain: r battens are glued and screwed to the flooring the exception is
--- iter tau=0.3260 ---
  cipher in : e had simply no visual memory at all he was oblivious of the for
  decrypted : o let rdpiss ui udrpes popins ee ess lo uer ihsdudipr im elo min
  real plain: hout the land they say it helps them bring back into schools the
  cipher in : temen were instructed in the use of terrain for concealment they
  decrypted : eopou uono durenpieot du elo pro im eonnedu min iiuioespoue elos
  real plain: d rapidly at first but then baldy began to draw away somewhere i
--- iter tau=0.3260 ---
  cipher in : ntelect kennedy and got a cool acknowledgment in reply consideri
  decrypted : ueosoie souuots eut aie e iiis eisuiusotapoue du noiss iiurdtond
  real plain: re that none of the effects of this story were consciously emplo
  cipher in : n that brutal murdering dance it was no use i felt myself trembl
  decrypted : u elee hnpees ppntondua teuio de uer ui pro d mose psrosm enophs
  real plain:  of the stockholders of du pont and general motors and to consid
saving the latest model (epoch 22, total_iters 880000)
--- iter tau=0.3260 ---
  cipher in : l be able to kick up high enough so that the teacher can catch t
  decrypted : s ho ehso ei sdis pi ldal ouipal ri elee elo eoeilon ieu ieeil e
  real plain: eat conductor can bring soloist orchestra and music to ultimate 
  cipher in : eness of alienation goes far toward conquering it he in effect d
  decrypted : ouorr im esdoueediu aior men eiuent iiuspondua de lo du ommoie t
  real plain: ent she was told by the manservant who opened the door that his 
--- iter tau=0.3260 ---
  cipher in : es and has not been discharged prior to the date of payment paym
  decrypted : or eut ler uie hoou tdrilenaot indin ei elo teeo im iespoue iesp
  real plain: freshing deep peep show the viewers of the deep peep show at th 
  cipher in : ellknown american intellectual the conditions among negroes in t
  decrypted : osssuiuu epondieu dueossoiepes elo iiutdediur epiua uoanior du e
  real plain: lish by dutton co of new york in the book was received by the pr
--- iter tau=0.3260 ---
  cipher in : port let me enlighten them with the truths that under communism 
  decrypted : iine soe po ousdaleou elop udel elo enpelr elee puton iipppudrp 
  real plain: onal traveler from italy brought news of peter robert who was no
  cipher in :  and regal bearing there is still no one who can touch her if th
  decrypted :  eut noaes hoendua elono dr redss ui iuo uli ieu eipil lon dm el
  real plain: dicks classmate jimmy from next door let the cat out of the bag 
learning rate 0.0001000 -> 0.0001000
temperature tau = 0.3194
End of epoch 22 / 80 	 Time Taken: 18 sec
--- iter tau=0.3194 ---
  cipher in : ediate future the evident contradiction between the rosy picture
  decrypted : otdeeo mpepno elo oudtoue iiuenetdiediu hoeuoou elo nirs idiepno
  real plain: nt have tended to dress their dancers in simple lines and solid 
  cipher in : e all sorts of plans come to life this is followed by a boom in 
  decrypted : o ess riner im iseur iipo ei sdmo eldr dr missiuot hs e hiip du 
  real plain: in at am and end at pm in the auditorium of the library and fine
--- iter tau=0.3194 ---
  cipher in : er head that would make bdikkat happy the lady da forced the for
  decrypted : on loet elee uipst peso htdssee leiis elo sets te miniot elo min
  real plain: d and directed to cover into the yugoslav claims fund the sum of
  cipher in : final section of this pamphlet is of special interest in a consi
  decrypted : mdues roiediu im eldr iepilsoe dr im rioides dueonore du e iiurd
  real plain: is unhappily uniqueingrownscrewedup breed their reading and thin
--- iter tau=0.3194 ---
  cipher in :  he was on his way to the warm waters of the pacific after three
  decrypted :  lo uer iu ldr ues ei elo uenp ueeonr im elo ieidmdi emeon elnoo
  real plain:  ceiling near it was a metal ladder on casters attached to the t
  cipher in : n the fifties as his title suggests and as his competent drawing
  decrypted : u elo mdmedor er ldr edeso rpaaorer eut er ldr iipioeoue tneudua
  real plain: ves breathes and thinks for the good of the people hughes asked 
--- iter tau=0.3194 ---
  cipher in : riage incurable disease widowhood old age the certainty of death
  decrypted : ndeao duipnehso tdroero udtiuliit ist eao elo ioneedues im toeel
  real plain: peech only hardy would say a grin of bitterness swept thereby li
  cipher in : gned to play the living room here dec because thats the only tim
  decrypted : auot ei ises elo sdudua niip lono toi hoiepro eleer elo iuss edp
  real plain: st be attributed either to trace impurities or to variation in w
--- iter tau=0.3194 ---
  cipher in : hicles he said and i challenge mitchell to tell the people where
  decrypted : ldisor lo redt eut d ilessouao pdeiloss ei eoss elo ioiiso ulono
  real plain:  gen taylor to make an inspection trip at this time communist gu
  cipher in : provide needed space for the extra television sets required by m
  decrypted : iniudto uootot rieio min elo oiene eosoudrdiu roer nospdnot hs p
  real plain: and palm oil the colony was administered from brussels with neit
--- iter tau=0.3194 ---
  cipher in : the united nations this was disclosed today by a responsible sou
  decrypted : elo pudeot ueediur eldr uer tdrisirot eites hs e noriiurdhso rip
  real plain: hose who recall easily the statues of bernini and the gigantic p
  cipher in : o chances to applaud in the third frank robinson hammered a long
  decrypted : i ileuior ei eiisept du elo eldnt mneus nihduriu lepponot e siua
  real plain: ty that would arrive by next ship this went faster than schedule
--- iter tau=0.3194 ---
  cipher in : fronts and shouting imprudently garry davis to power as i got of
  decrypted : mniuer eut rlipedua dpinptouess aenns teudr ei iiuon er d aie im
  real plain: the estimate for eligible electors were made without the benefit
  cipher in : y conscience obligated to regard himself as a custodian he is a 
  decrypted : s iiuridouio ihsdaeeot ei noaent ldprosm er e ipreitdeu lo dr e 
  real plain: ard committee and dissembling discounted it inside if so i would
--- iter tau=0.3194 ---
  cipher in : ichael butt and adame moore were thrown off the capstan and badl
  decrypted : dileos hpee eut etepo piino uono elniuu imm elo ieireeu eut hets
  real plain: ni in new york to ask them for contributions to the graham memor
  cipher in :  was setting up the liquor tray in the next room through the doo
  decrypted :  uer roeedua pi elo sdspin enes du elo uoie niip elnipal elo tii
  real plain: iaison officer to critically important new york city walton who 
--- iter tau=0.3194 ---
  cipher in :  the same material and there were some big oil paintings portrai
  decrypted :  elo repo peeondes eut elono uono ripo hda ids iedueduar iinened
  real plain: icate finally the forces of authoritarianism protrujillo and pro
  cipher in : ale who had nested in the big lime tree at the foot of the garde
  decrypted : eso uli let uoreot du elo hda sdpo enoo ee elo miie im elo aento
  real plain:  humble their approach to life direct and unsophisticated whatev
--- iter tau=0.3194 ---
  cipher in : of intuition or instinct by those individuals or nations which h
  decrypted : im duepdediu in dureduie hs eliro dutdudtpesr in ueediur uldil l
  real plain: ns require the inscription of each individual male or female adu
  cipher in : piece is glued and screwed to the frames and transom and the pie
  decrypted : idoio dr aspot eut rinouot ei elo mnepor eut eneurip eut elo ido
  real plain: s was lying or insisting on a private definition of antisemitism
--- iter tau=0.3194 ---
  cipher in : ive of the london committee the trade in a few commodities noted
  decrypted : duo im elo siutiu iippdeeoo elo eneto du e mou iippitdedor uieot
  real plain:  after a fashion he envied in time he grew to depend upon her oc
  cipher in : bors eyes popping as well as their mouths watering jiffy barbecu
  decrypted : hinr osor iiiidua er uoss er elodn pipelr ueeondua udmms henhoip
  real plain: imean war the american civil war and the franchise struggle trev
--- iter tau=0.3194 ---
  cipher in : elves as lacking in any conscious likeness to their mature perso
  decrypted : osuor er seisdua du eus iiuridipr sdsouorr ei elodn peepno ionri
  real plain: aps of the seton harness over gregs shoulders but this goddamn c
  cipher in : write it im telling you freddy said i know what im talking about
  decrypted : undeo de dp eossdua sip mnotts redt d suiu ulee dp eessdua ehipe
  real plain: augural program with the slow and modest entrance of the maidens
learning rate 0.0001000 -> 0.0001000
temperature tau = 0.3129
End of epoch 23 / 80 	 Time Taken: 17 sec
--- iter tau=0.3129 ---
  cipher in : ot to their feet when papa approached morning reverend his being
  decrypted : ie ei elodn mooe ulou ieie eiinieilot pinudua nouonout ldr hodua
  real plain:  parents were doing quite well her mother was a good manager and
  cipher in : which came over salem it casts a spell upon them so that they le
  decrypted : uldil iepo iuon resop de ierer e rioss piiu elop ri elee elos so
  real plain: than less of an individualist than any of his predecessors for h
--- iter tau=0.3129 ---
  cipher in : tems the proteins were extracted with volumes of af in af to giv
  decrypted : eopr elo inieodur uono oieneieot udel uisppor im em du em ei adu
  real plain: s own hands have committed his guilty conscience projects itself
  cipher in : progress in freedom of the uncommitted and newly emerging nation
  decrypted : inianorr du mnootip im elo puiippdeeot eut uouss oponadua ueediu
  real plain: e let the germans do this i have sat many hours with this styka 
--- iter tau=0.3129 ---
  cipher in : acy and that causal efficacy is something intellectually imputed
  decrypted : eis eut elee iepres ommdieis dr ripoeldua dueossoiepesss dpipeot
  real plain: t was with granny dying but they all agreed she wouldnt have wan
  cipher in : tinued to display to the public the achievements of the armed fo
  decrypted : edupot ei tdrises ei elo iphsdi elo eildouopouer im elo enpot mi
  real plain:  plan for the capitals franklin d roosevelt memorial a circle of
--- iter tau=0.3129 ---
  cipher in : and adam but being nevertheless as yet a virgin having become di
  decrypted : eut etep hpe hodua uouonelosorr er soe e udnadu leudua hoiipo td
  real plain: nes of boston president kennedy couldnt stay away from his desk 
  cipher in : but blanche was sweet yes blanche was very very sweet being in h
  decrypted : hpe hseuilo uer ruooe sor hseuilo uer uons uons ruooe hodua du l
  real plain: etty the inside of their place was full of new furniture five bu
--- iter tau=0.3129 ---
  cipher in :  resentment what otherwise could the lawyer doctor minister the 
  decrypted :  norouepoue ulee ielonudro iipst elo seuson tiiein pdudreon elo 
  real plain: e in them well walk up there later its perhaps a mile from here 
  cipher in : ly grail as they sail out from brindisi an ancient town in the h
  decrypted : ss aneds er elos reds ipe mnip hndutdrd eu euidoue eiuu du elo l
  real plain: hs indeed it was probably to mr morses advantage to have mr and 
--- iter tau=0.3129 ---
  cipher in : t of the long brahmsian phrases and by the directness and drive 
  decrypted : e im elo siua hnelprdeu ilneror eut hs elo tdnoieuorr eut tnduo 
  real plain: ackle executive powers the final decision went to the executive 
  cipher in : or the worst is when times are best during intercrisis periods t
  decrypted : in elo uinre dr ulou edpor eno hore tpndua dueonindrdr ionditr e
  real plain:  on the trot until december hitched to a breaking cart once arou
--- iter tau=0.3129 ---
  cipher in : deciding it would be born in india or burma that november she wa
  decrypted : toidtdua de uipst ho hinu du dutde in hpnpe elee uiuophon rlo ue
  real plain: ect save one both were eccentrics of the purest ray serene alexa
  cipher in :  following have been found effective extend the number of classe
  decrypted :  missiudua leuo hoou miput ommoieduo oieout elo upphon im iserro
  real plain:  already beginning to thin and recede at the sides and abel look
--- iter tau=0.3129 ---
  cipher in :  going to take a lot of activity to fill it have you ever operat
  decrypted :  aidua ei eeso e sie im eiedudes ei mdss de leuo sip ouon iionee
  real plain: in surprise then noticed that fred powell was clutching his ches
  cipher in : cation there can be no doubt that the american catholic accompli
  decrypted : ieediu elono ieu ho ui tiphe elee elo epondieu ieelisdi eiiipisd
  real plain: ly of the expenditures for the department of defense are for pro
--- iter tau=0.3129 ---
  cipher in : uch to start them all rolling again closer still regular barrica
  decrypted : pil ei reene elop ess nissdua eaedu isiron redss noapsen henndie
  real plain: re of the war was not to be considered seriously true there had 
  cipher in : to stop civil rights bills new mexicos clint anderson offered a 
  decrypted : ei reii iduds ndaler hdssr uou poidiir isdue eutonriu immonot e 
  real plain:  the square takes its name was erected by the emperor marcus aur
--- iter tau=0.3129 ---
  cipher in : arties and the ministry of the interior were busily at work afte
  decrypted : enedor eut elo pdudrens im elo dueondin uono hprdss ee uins emeo
  real plain: e networks for military communications are one of the best examp
  cipher in : y a tomb a tomb in which persia lies well preserved but indeed d
  decrypted : s e eiph e eiph du uldil ionrde sdor uoss inoronuot hpe dutoot t
  real plain: ld one day discover but he was perpetually engaged in a battle t
saving the latest model (epoch 24, total_iters 960000)
--- iter tau=0.3129 ---
  cipher in : is time national gargle your cooling system week rolls around it
  decrypted : dr edpo ueediues aenaso sipn iiisdua rsreop uoos nissr eniput de
  real plain: eat conductor can bring soloist orchestra and music to ultimate 
  cipher in : tary sighed with relief and then the telephone clicked in rector
  decrypted : eens rdalot udel nosdom eut elou elo eosoiliuo isdisot du noiein
  real plain: ent she was told by the manservant who opened the door that his 
--- iter tau=0.3129 ---
  cipher in : v such that a af b af the diagonalizable operator d and the nilp
  decrypted : u rpil elee e em h em elo tdeaiuesduehso iioneein t eut elo udsi
  real plain: available to him your finger tips the happy one could never have
  cipher in :  clinical neuroses and assumed therefore that the neuronal chang
  decrypted :  isdudies uopniror eut errppot elonomino elee elo uopniues ileua
  real plain: s late as in the bestselling novel so red the rose by stark youn
--- iter tau=0.3129 ---
  cipher in : s less troubled by humanitarian sentiment and not so moved by sl
  decrypted : r sorr eniphsot hs lppeudeendeu rouedpoue eut uie ri piuot hs rs
  real plain:  because baker had sent him to the mexican border in to investig
  cipher in : rrogance they would ride with streaming amulets their colors rip
  decrypted : nniaeuio elos uipst ndto udel renoepdua eppsoer elodn iisinr ndi
  real plain: ltiple and ambivalent identities of their passage from child to 
learning rate 0.0001000 -> 0.0001000
temperature tau = 0.3066
End of epoch 24 / 80 	 Time Taken: 18 sec
--- iter tau=0.3066 ---
  cipher in : embodiment of the middle class conception of liberty which amoun
  decrypted : ophitdpoue im elo pdttso iserr iiuioiediu im sdhones uldil epipu
  real plain:  establishments overseas to finance private investment and to pr
  cipher in :  mason of shreveport la and the late mrs henry cater parmer was 
  decrypted :  periu im rlnouoiine se eut elo seeo pnr louns ieeon ienpon uer 
  real plain:  not the utilities available nearby may provide a savings in the
--- iter tau=0.3066 ---
  cipher in : nce in understanding the current activities of the planning divi
  decrypted : uio du putonreeutdua elo ipnnoue eiedudedor im elo iseuudua tdud
  real plain: d and directed to cover into the yugoslav claims fund the sum of
  cipher in : e the news of who the composer was did finally begin to get arou
  decrypted : o elo uour im uli elo iipiiron uer tdt mduesss hoadu ei aoe enip
  real plain: is unhappily uniqueingrownscrewedup breed their reading and thin
--- iter tau=0.3066 ---
  cipher in : ing is neither a truncated nor a telescoped experience but is of
  decrypted : dua dr uodelon e enpuieeot uin e eosoriiiot oiiondouio hpe dr im
  real plain: ed analogy to say that this is what thomas did to poetry the spe
  cipher in :  that do not relate directly to the educational program expert s
  decrypted :  elee ti uie noseeo tdnoiess ei elo otpieediues inianep oiione r
  real plain: oots and will live for the blessing of generations to come miss 
--- iter tau=0.3066 ---
  cipher in :  they put us to theyd think twice before letting themselves get 
  decrypted :  elos ipe pr ei elost eldus eudio homino soeedua eloprosuor aoe 
  real plain: disillusionment turn somewhat as they do for the naive hero of d
  cipher in : school he could certainly talk the upshot of the evening was tha
  decrypted : riliis lo iipst ioneeduss eess elo pirlie im elo ououdua uer ele
  real plain: rsty dictator of the dominican republic for years perhaps deserv
--- iter tau=0.3066 ---
  cipher in : ship standing out of the old harbor porto vecchio the night was 
  decrypted : rldi reeutdua ipe im elo ist lenhin iinei uoiildi elo udale uer 
  real plain:  products research foundation to help bricklayers do better work
  cipher in : ll right i put my arm carefully around him hans had his fingers 
  decrypted : ss ndale d ipe ps enp ienompsss eniput ldp leur let ldr mduaonr 
  real plain:  might be said to be an upper or an uppermiddleclass bias but th
--- iter tau=0.3066 ---
  cipher in : their own vocal cords and diaphragms but sound issued through mi
  decrypted : elodn iuu uiies iintr eut tdeilneapr hpe riput drrpot elnipal pd
  real plain: amous document that comes out of this dispute is perhaps sir phi
  cipher in : em of peaceful coexistence and peaceful competition with the cap
  decrypted : op im ioeiomps iioidreouio eut ioeiomps iipioedediu udel elo iei
  real plain: he writing are all qualities which hold ones attention with the 
--- iter tau=0.3066 ---
  cipher in : at is at issue is whether all s is p it is indifferent whether s
  decrypted : ee dr ee drrpo dr uloelon ess r dr i de dr dutdmmonoue uloelon r
  real plain:  judicious attitude that he read some of the books assigned to h
  cipher in : adily on a par with past growth and no limitation is in evidence
  decrypted : etdss iu e ien udel iere aniuel eut ui sdpdeeediu dr du oudtouio
  real plain: ndation for the next fiscal year specifically congress should co
--- iter tau=0.3066 ---
  cipher in : g under his suddenly rumpled black hair they actually bristled l
  decrypted : a puton ldr rpttouss nppisot hseis ledn elos eiepesss hndresot s
  real plain: es which incorporated this hegelian abstraction and saw law dome
  cipher in : nger his breath coming in long painful gasps that quirt i ought 
  decrypted : uaon ldr hnoeel iipdua du siua iedumps aerir elee spdne d ipale 
  real plain: r battens are glued and screwed to the flooring the exception is
--- iter tau=0.3066 ---
  cipher in :  of poughkeepsie town township where the project is located thin
  decrypted :  im iipalsooirdo eiuu eiuurldi ulono elo iniioie dr siieeot eldu
  real plain: hout the land they say it helps them bring back into schools the
  cipher in : uben or madame alexander she always let it be known that there w
  decrypted : phou in petepo esoieuton rlo esuesr soe de ho suiuu elee elono u
  real plain: d rapidly at first but then baldy began to draw away somewhere i
--- iter tau=0.3066 ---
  cipher in :  central role with huskyvoiced sincerity the longsuffering heroi
  decrypted :  iouenes niso udel lprssuidiot rduiondes elo siuarpmmondua lonid
  real plain: ns require the inscription of each individual male or female adu
  cipher in :  vice president nixon came out in support of president kennedys 
  decrypted :  udio inordtoue udiiu iepo ipe du rpiiine im inordtoue souuotsr 
  real plain: s was lying or insisting on a private definition of antisemitism
--- iter tau=0.3066 ---
  cipher in :  according to du pont cellulose acetate butyrate is used extensi
  decrypted :  eiiintdua ei tp iiue iosspsiro eioeeeo hpesneeo dr prot oieourd
  real plain: tively admitted for next fall after state investigators question
  cipher in :  on my host and exchanging one of a scarcelytapped store of smil
  decrypted :  iu ps lire eut oiileuadua iuo im e rieniosseeiiot reino im rpds
  real plain: te system of personal contacts and have experts constantly study
--- iter tau=0.3066 ---
  cipher in : a rapidly growing territory to serve both these types and those 
  decrypted : e neidtss aniudua eonndeins ei ronao hiel eloro esior eut eliro 
  real plain: freshing deep peep show the viewers of the deep peep show at th 
  cipher in : e on the part of a government of managing the affairs of a count
  decrypted : o iu elo iene im e aiaonupoue im peueadua elo emmednr im e iipue
  real plain: lish by dutton co of new york in the book was received by the pr
--- iter tau=0.3066 ---
  cipher in : for components sales of transistors in exceeded million compared
  decrypted : min iipiiuouer resor im eneurdreinr du oiiootot pdssdiu iipienot
  real plain: onal traveler from italy brought news of peter robert who was no
  cipher in :  resting nearly closed on the unselfconscious rise and fall of t
  decrypted :  noredua uoenss isirot iu elo purosmiiuridipr ndro eut mess im e
  real plain: dicks classmate jimmy from next door let the cat out of the bag 
learning rate 0.0001000 -> 0.0001000
temperature tau = 0.3005
saving the model at the end of epoch 25, iters 1011200
End of epoch 25 / 80 	 Time Taken: 17 sec
--- iter tau=0.3005 ---
  cipher in : ercentage less than nor more than if the resulting difference fo
  decrypted : onioueeao sorr eleu uin pino eleu dm elo norpsedua tdmmonouio mi
  real plain: s own hands have committed his guilty conscience projects itself
  cipher in : unts in this world fear is increasing does that explain why ther
  decrypted : puer du eldr uinst moen dr duinoerdua tior elee oiisedu uls elon
  real plain: e let the germans do this i have sat many hours with this styka 
--- iter tau=0.3005 ---
  cipher in : e sen dick richards will keynote state and county committeemen c
  decrypted : o rou tdis ndilentr udss sosuieo reeeo eut iipues iippdeeoopou i
  real plain: ct that the old roman was referring to change made under militar
  cipher in :  related to survival in the more sophisticated atmosphere of tod
  decrypted :  noseeot ei rpnadaes du elo pino riildredieeot eepirilono im eit
  real plain: ancers of bali on march hollywood a southeast library workshop w
--- iter tau=0.3005 ---
  cipher in : ent a casehardened racedriver as saying he has left his car whic
  decrypted : oue e ierolentouot neiotndaon er resdua lo ler some ldr ien uldi
  real plain:  ceiling near it was a metal ladder on casters attached to the t
  cipher in : id a bifocal vision which can see both the nearathand and the di
  decrypted : dt e hdmiies adrdiu uldil ieu roo hiel elo uoeneeleut eut elo td
  real plain: ves breathes and thinks for the good of the people hughes asked 
--- iter tau=0.3005 ---
  cipher in : g of the individual human psyche and it is to this problem that 
  decrypted : a im elo dutdadtpes lppeu irsilo eut de dr ei eldr inihsop elee 
  real plain: peech only hardy would say a grin of bitterness swept thereby li
  cipher in : is arms still wrapped around one knee lets just remember sergean
  decrypted : dr enpr redss uneiiot eniput iuo suoo soer ipre nopophon ronaoeu
  real plain: st be attributed either to trace impurities or to variation in w
--- iter tau=0.3005 ---
  cipher in : ing to call the cta supervisor as he left the bus with his money
  decrypted : dua ei iess elo iee rpionadrin er lo some elo hpr udel ldr piuos
  real plain:  gen taylor to make an inspection trip at this time communist gu
  cipher in : ational christian family week and to undertake one project in wh
  decrypted : eediues ilndredeu mepdss uoos eut ei putoneeso iuo iniioie du ul
  real plain: and palm oil the colony was administered from brussels with neit
--- iter tau=0.3005 ---
  cipher in : ons the stethoscope glinted silver in the darkening room ill dro
  decrypted : iur elo reoeliriiio asdueot rdsaon du elo tensoudua niip dss tni
  real plain: hose who recall easily the statues of bernini and the gigantic p
  cipher in :  but unfortunate defect born of our lack of detailed information
  decrypted :  hpe puminepueeo tomoie hinu im ipn seis im toeedsot duminpeediu
  real plain: ty that would arrive by next ship this went faster than schedule
--- iter tau=0.3005 ---
  cipher in :  may be due to one of his completely unknown fellowcraftsmen the
  decrypted :  pes ho tpo ei iuo im ldr iipisoeoss pusuiuu mossiuinemerpou elo
  real plain: the estimate for eligible electors were made without the benefit
  cipher in : g s on the mall from chase hall throughout the period and during
  decrypted : a r iu elo pess mnip ilero less elnipalipe elo iondit eut tpndua
  real plain: ard committee and dissembling discounted it inside if so i would
--- iter tau=0.3005 ---
  cipher in : nd a chartered electrical engineer in great britain the promotio
  decrypted : ut e ileneonot osoiendies ouaduoon du anoee hndeedu elo inipiedi
  real plain: ni in new york to ask them for contributions to the graham memor
  cipher in :  tennessee from trading in the center city for example was clear
  decrypted :  eouuorroo mnip enetdua du elo ioueon ides min oiepiso uer isoen
  real plain: iaison officer to critically important new york city walton who 
--- iter tau=0.3005 ---
  cipher in : ave that gogogo without getting too fat says ramsey so he hides 
  decrypted : eao elee aiaiai udelipe aoeedua eii mee resr nepros ri lo ldtor 
  real plain: e networks for military communications are one of the best examp
  cipher in : d then here in alabama with shout and slow dance with tears and 
  decrypted : t elou lono du esehepe udel rlipe eut rsiu teuio udel eoenr eut 
  real plain: ld one day discover but he was perpetually engaged in a battle t
saving the latest model (epoch 26, total_iters 1040000)
--- iter tau=0.3005 ---
  cipher in : ated fatty acids would reduce the cholesterol of the blood in se
  decrypted : eeot meees eidtr uipst notpio elo ilisoreonis im elo hsiit du ro
  real plain:  the snake reaches its maturity it has already reached about its
  cipher in : er sudden change of mood he is again calm and protective exhorti
  decrypted : on rpttou ileuao im piit lo dr eaedu iesp eut inieoiedao oilined
  real plain: f hands above a clothesline and the flutter of garments hung the
--- iter tau=0.3005 ---
  cipher in :  the stumps of betelstained teeth karipos women then named this 
  decrypted :  elo reppir im hoeosreeduot eooel sendiir uipou elou uepot eldr 
  real plain:  after a fashion he envied in time he grew to depend upon her oc
  cipher in : on in april down from the march level of more than billion april
  decrypted : iu du einds tiuu mnip elo penil soaos im pino eleu hdssdiu einds
  real plain: imean war the american civil war and the franchise struggle trev
--- iter tau=0.3005 ---
  cipher in : t from whose cooperation our mission in the world must become in
  decrypted : e mnip uliro iiiioneediu ipn pdrrdiu du elo uinst ppre hoiipo du
  real plain: aps of the seton harness over gregs shoulders but this goddamn c
  cipher in :  the neck as shown in fig as well as many other hitherto impossi
  decrypted :  elo uois er rliuu du mda er uoss er peus ielon ldelonei dpiirrd
  real plain: augural program with the slow and modest entrance of the maidens
learning rate 0.0001000 -> 0.0001000
temperature tau = 0.2944
End of epoch 26 / 80 	 Time Taken: 17 sec
--- iter tau=0.2944 ---
  cipher in :  london bridge the teddy boys of the east end will gather to sin
  decrypted :  siutiu hndtao elo eotts hisr im elo oere out udss aeelon ei rdu
  real plain:  establishments overseas to finance private investment and to pr
  cipher in : own over them he got her dozens of them one shawl was so tremend
  decrypted : iuu iaon elop lo aie lon tiuour im elop iuo rleus uer ri enopout
  real plain:  not the utilities available nearby may provide a savings in the
--- iter tau=0.2944 ---
  cipher in : to foil her i can be as stubborn as she can he thought my nerves
  decrypted : ei mids lon d ieu ho er rephhinu er rlo ieu lo elipale ps uonaor
  real plain: political campaign we have recourse to the scientificallytrained
  cipher in : gunnar i can say this to you beebe is a little too honest you ca
  decrypted : apuuen d ieu res eldr ei sip hooho dr e sdeeso eii liuore sip ie
  real plain: y in spite of powerful opposition the draft act finally passed c
--- iter tau=0.2944 ---
  cipher in :  the whole duration of married life if there are serious reasons
  decrypted :  elo uliso tpneediu im penndot sdmo dm elono eno rondipr noeriur
  real plain: t was with granny dying but they all agreed she wouldnt have wan
  cipher in : he missionary outreach of the major denominations there is much 
  decrypted : lo pdrrdiuens ipenoeil im elo peiin touipdueediur elono dr ppil 
  real plain:  plan for the capitals franklin d roosevelt memorial a circle of
--- iter tau=0.2944 ---
  cipher in : poked at it gingerly with his foot how could anyone know what to
  decrypted : iisot ee de aduaonss udel ldr miie liu iipst eusiuo suiu ulee ei
  real plain: nes of boston president kennedy couldnt stay away from his desk 
  cipher in : nal dynamic to counteract feelings of helplessness and hopelessn
  decrypted : ues tsuepdi ei iipueoneie moosduar im losisorruorr eut liiosorru
  real plain: etty the inside of their place was full of new furniture five bu
--- iter tau=0.2944 ---
  cipher in : in the maritime provinces farther east the tones are a little qu
  decrypted : du elo pendedpo iniaduior menelon oere elo eiuor eno e sdeeso sp
  real plain: e in them well walk up there later its perhaps a mile from here 
  cipher in : w york to participate in a oneactplay competition and won mercer
  decrypted : u sins ei ienedidieeo du e iuoeieises iipioedediu eut uiu ponion
  real plain: hs indeed it was probably to mr morses advantage to have mr and 
--- iter tau=0.2944 ---
  cipher in : as flat broke as i am i think well have to take the added risk o
  decrypted : er msee hniso er d ep d eldus uoss leao ei eeso elo ettot ndrs i
  real plain: ackle executive powers the final decision went to the executive 
  cipher in : hat do the utopians labor here on a desk is a stack of pamphlets
  decrypted : lee ti elo peiideur sehin lono iu e tors dr e reeis im iepilsoer
  real plain:  on the trot until december hitched to a breaking cart once arou
--- iter tau=0.2944 ---
  cipher in : g because honey i thought silently there are plenty of desert is
  decrypted : a hoiepro liuos d elipale rdsouess elono eno isoues im torone dr
  real plain: ect save one both were eccentrics of the purest ray serene alexa
  cipher in : ng the united states and its nato partners washington apparently
  decrypted : ua elo pudeot reeeor eut der ueei ieneuonr uerlduaeiu eiienouess
  real plain:  already beginning to thin and recede at the sides and abel look
--- iter tau=0.2944 ---
  cipher in : ed jews who use the symbol in asserting a vaguely cultural rathe
  decrypted : ot iour uli pro elo rsphis du erronedua e aeaposs ipsepnes neelo
  real plain: in surprise then noticed that fred powell was clutching his ches
  cipher in : sanction both premarital chastity as the ideal and the double st
  decrypted : reuiediu hiel inopendees ileredes er elo dtoes eut elo tiphso re
  real plain: ly of the expenditures for the department of defense are for pro
--- iter tau=0.2944 ---
  cipher in : e of fabrication plastic signs are economical according to one m
  decrypted : o im mehndieediu iseredi rdaur eno oiiuipdies eiiintdua ei iuo p
  real plain: hout the land they say it helps them bring back into schools the
  cipher in : e manner of their selection accordingly as ingroup they might ha
  decrypted : o peuuon im elodn rosoiediu eiiintduass er duanipi elos pdale le
  real plain: d rapidly at first but then baldy began to draw away somewhere i
--- iter tau=0.2944 ---
  cipher in : tly attempted the government pays a subsidy for revival of the c
  decrypted : ess eeeopieot elo aiaonupoue iesr e rphrdts min noadaes im elo i
  real plain: re that none of the effects of this story were consciously emplo
  cipher in : m rectangular bases and have three platforms from which the muez
  decrypted : p noieeuapsen heror eut leao elnoo iseeminpr mnip uldil elo ppou
  real plain:  of the stockholders of du pont and general motors and to consid
--- iter tau=0.2944 ---
  cipher in : ion of the inescapable powerfulness of this unknown and empty wo
  decrypted : diu im elo duorieiehso iiuonmpsuorr im eldr pusuiuu eut opies ui
  real plain: eat conductor can bring soloist orchestra and music to ultimate 
  cipher in : e i want to go home these were the last words he ever uttered co
  decrypted : o d ueue ei ai lipo eloro uono elo sere uintr lo oaon peeonot ii
  real plain: ent she was told by the manservant who opened the door that his 
--- iter tau=0.2944 ---
  cipher in :  by means of charts showing wavetravel times and depths in the o
  decrypted :  hs poeur im ilener rliudua ueaoeneaos edpor eut toielr du elo i
  real plain: available to him your finger tips the happy one could never have
  cipher in : regulations as the commission may prescribe to a hearing before 
  decrypted : noapseediur er elo iippdrrdiu pes inorindho ei e loendua homino 
  real plain: s late as in the bestselling novel so red the rose by stark youn
--- iter tau=0.2944 ---
  cipher in :  until some idea of the possibilities of normal reactions had be
  decrypted :  pueds ripo dtoe im elo iirrdhdsdedor im uinpes noeiediur let ho
  real plain:  because baker had sent him to the mexican border in to investig
  cipher in : s of society is from status to contract the essence of contract 
  decrypted : r im riidoes dr mnip reeepr ei iiueneie elo orrouio im iiueneie 
  real plain: ltiple and ambivalent identities of their passage from child to 
learning rate 0.0001000 -> 0.0001000
temperature tau = 0.2885
End of epoch 27 / 80 	 Time Taken: 17 sec
--- iter tau=0.2885 ---
  cipher in :  try me phil rubbed his forehead wearily he was beginning to fee
  decrypted :  ens po ilds nphhot ldr minoloet uoendss lo uer hoaduudua ei moo
  real plain: nt have tended to dress their dancers in simple lines and solid 
  cipher in : of it each week go hundreds of thousands of words purporting to 
  decrypted : im de oeil uoos ai lputnotr im elipreutr im uintr ipniinedua ei 
  real plain: in at am and end at pm in the auditorium of the library and fine
--- iter tau=0.2885 ---
  cipher in : hnny get your gun to keep the home fires burning to mademoiselle
  decrypted : luus aoe sipn apu ei sooi elo lipo mdnor hpnudua ei petopidrosso
  real plain: d and directed to cover into the yugoslav claims fund the sum of
  cipher in : peculiarly it is a most prevalent mental disturbance affecting e
  decrypted : ioipsdenss de dr e pire inoaesoue pouees tdrepnheuio emmoiedua o
  real plain: is unhappily uniqueingrownscrewedup breed their reading and thin
--- iter tau=0.2885 ---
  cipher in : state automobiles can be related more clearly prior to automobil
  decrypted : reeeo epeipihdsor ieu ho noseeot pino isoenss indin ei epeipihds
  real plain: ed analogy to say that this is what thomas did to poetry the spe
  cipher in : ake had freshened yesterdays events in his thoughts in the caves
  decrypted : eso let mnorlouot soreontesr oaouer du ldr elipaler du elo ieaor
  real plain: oots and will live for the blessing of generations to come miss 
--- iter tau=0.2885 ---
  cipher in : m severe serenity displays itself in the vases this spirit may p
  decrypted : p roaono ronoudes tdrisesr derosm du elo aeror eldr ridnde pes i
  real plain: disillusionment turn somewhat as they do for the naive hero of d
  cipher in : are spenders if either one ever started making promises there is
  decrypted : eno rioutonr dm odelon iuo oaon reeneot pesdua inipdror elono dr
  real plain: rsty dictator of the dominican republic for years perhaps deserv
--- iter tau=0.2885 ---
  cipher in : g hung from the belt and he pulled it off as he entered the char
  decrypted : a lpua mnip elo hose eut lo ipssot de imm er lo oueonot elo ilen
  real plain:  products research foundation to help bricklayers do better work
  cipher in : a wildhack general chairman and dr c m herzfeld program chairman
  decrypted : e udstleis aouones ilednpeu eut tn i p lonumost inianep ilednpeu
  real plain:  might be said to be an upper or an uppermiddleclass bias but th
--- iter tau=0.2885 ---
  cipher in : tly as they did in anglosaxon institutions it was important to b
  decrypted : ess er elos tdt du euasireiiu duredepediur de uer dpiineeue ei h
  real plain: amous document that comes out of this dispute is perhaps sir phi
  cipher in : des the training provided to youth in school the existence of th
  decrypted : tor elo enedudua iniadtot ei sipel du riliis elo oidreouio im el
  real plain: he writing are all qualities which hold ones attention with the 
--- iter tau=0.2885 ---
  cipher in : e constructed by agrippa in bc was rebuilt in its present shape 
  decrypted : o iiurenpieot hs eandiie du hi uer nohpdse du der inoroue rleio 
  real plain:  judicious attitude that he read some of the books assigned to h
  cipher in : ith their craft in the southwest the fall brings out flotillas o
  decrypted : del elodn ineme du elo ripeluore elo mess hnduar ipe msiedsser i
  real plain: ndation for the next fiscal year specifically congress should co
--- iter tau=0.2885 ---
  cipher in : stinguished old man called on nine divinities to come and join u
  decrypted : reduapdrlot ist peu iessot iu uduo tdadudedor ei iipo eut iidu p
  real plain: ni in new york to ask them for contributions to the graham memor
  cipher in : diplomats or jazz musicians or even organizers of readingrooms a
  decrypted : tdisipeer in ieuu pprdideur in oaou inaeuduonr im noetduaniipr e
  real plain: iaison officer to critically important new york city walton who 
--- iter tau=0.2885 ---
  cipher in : ccording to union under the new offering only million in debentu
  decrypted : iiintdua ei pudiu puton elo uou immondua iuss pdssdiu du tohouep
  real plain: icate finally the forces of authoritarianism protrujillo and pro
  cipher in :  me up among the other gallants who had established the astor st
  decrypted :  po pi epiua elo ielon aesseuer uli let oreehsdrlot elo erein re
  real plain:  humble their approach to life direct and unsophisticated whatev
saving the latest model (epoch 28, total_iters 1120000)
--- iter tau=0.2885 ---
  cipher in : etween the front of the knife and the back of the chip is low en
  decrypted : oeuoou elo mniue im elo sudmo eut elo heis im elo ildi dr siu ou
  real plain: ns require the inscription of each individual male or female adu
  cipher in :  and showed titers of in albumin and by the indirect coombs test
  decrypted :  eut rliuot edeonr im du eshppdu eut hs elo dutdnoie iiiphr eore
  real plain: s was lying or insisting on a private definition of antisemitism
--- iter tau=0.2885 ---
  cipher in :  concentrations of lanthanum ion is probably the strongest known
  decrypted :  iiuioueneediur im seueleupp diu dr inihehss elo reniuaore suiuu
  real plain: tively admitted for next fall after state investigators question
  cipher in : tted bare feet and she was decidedly not a child but une femme d
  decrypted : eeot heno mooe eut rlo uer toidtotss uie e ildst hpe puo moppo t
  real plain: te system of personal contacts and have experts constantly study
--- iter tau=0.2885 ---
  cipher in : g other ties of social solidarity national identification was no
  decrypted : a ielon edor im riides risdtendes ueediues dtouedmdieediu uer ui
  real plain: freshing deep peep show the viewers of the deep peep show at th 
  cipher in : ring fiscal years and there were military and civilian students 
  decrypted : ndua mdries soenr eut elono uono pdsdeens eut idadsdeu reptouer 
  real plain: lish by dutton co of new york in the book was received by the pr
learning rate 0.0001000 -> 0.0001000
temperature tau = 0.2826
End of epoch 28 / 80 	 Time Taken: 17 sec
--- iter tau=0.2826 ---
  cipher in : ret business of his own what it was kate could not fathom he cla
  decrypted : noe hprduorr im ldr iuu ulee de uer seeo iipst uie meelip lo ise
  real plain:  parents were doing quite well her mother was a good manager and
  cipher in : ed the first german performances of puccinis manon lescaut and d
  decrypted : ot elo mdnre aonpeu ionminpeuior im ipiidudr peuiu soriepe eut t
  real plain: than less of an individualist than any of his predecessors for h
--- iter tau=0.2826 ---
  cipher in : allet with enough franc notes to paper the roof of notredame wil
  decrypted : essoe udel ouipal mneui uieor ei ieion elo niim im uienotepo uds
  real plain: s own hands have committed his guilty conscience projects itself
  cipher in :  the integral elemental power of that which grows with abounding
  decrypted :  elo dueoanes osopouees iiuon im elee uldil aniur udel ehiputdua
  real plain: e let the germans do this i have sat many hours with this styka 
--- iter tau=0.2826 ---
  cipher in : have at least semester hours credit in the subject they are teac
  decrypted : leao ee soere roporeon lipnr inotde du elo rphioie elos eno eoei
  real plain: ct that the old roman was referring to change made under militar
  cipher in :  the dark night flecked with pineknot torches goddamn you what d
  decrypted :  elo tens udale msoisot udel iduosuie einilor aittepu sip ulee t
  real plain: ancers of bali on march hollywood a southeast library workshop w
--- iter tau=0.2826 ---
  cipher in : cribes mans creation as follows so that the man should not have 
  decrypted : indhor peur inoeediu er missiur ri elee elo peu rlipst uie leao 
  real plain:  ceiling near it was a metal ladder on casters attached to the t
  cipher in : of intuition or instinct by those individuals or nations which h
  decrypted : im duepdediu in dureduie hs eliro dutdadtpesr in ueediur uldil l
  real plain: ves breathes and thinks for the good of the people hughes asked 
--- iter tau=0.2826 ---
  cipher in : hich is suited for perfumes a forest crop that has not been exte
  decrypted : ldil dr rpdeot min ionmppor e minore inii elee ler uie hoou oieo
  real plain: peech only hardy would say a grin of bitterness swept thereby li
  cipher in :  relationships the original d minor seems to symbolize blindness
  decrypted :  noseediurldir elo indadues t pduin roopr ei rsphisduo hsdutuorr
  real plain: st be attributed either to trace impurities or to variation in w
--- iter tau=0.2826 ---
  cipher in :  she stood before him with ears pricked up and regard all curios
  decrypted :  rlo reiit homino ldp udel oenr indisot pi eut noaent ess ipndir
  real plain:  gen taylor to make an inspection trip at this time communist gu
  cipher in : ldly and i could feel the coolness of that radiant firecolored b
  decrypted : stss eut d iipst moos elo iiisuorr im elee netdeue mdnoiisinot h
  real plain: and palm oil the colony was administered from brussels with neit
--- iter tau=0.2826 ---
  cipher in : or future legislature sessions a veteran jackson county legislat
  decrypted : in mpepno soadrseepno rorrdiur e aoeoneu ieisriu iipues soadrsee
  real plain: hose who recall easily the statues of bernini and the gigantic p
  cipher in :  when he regained consciousness he was in lords house in the off
  decrypted :  ulou lo noaeduot iiuridipruorr lo uer du sintr lipro du elo imm
  real plain: ty that would arrive by next ship this went faster than schedule
--- iter tau=0.2826 ---
  cipher in : ess and agility of both dancers were exploited in leaps lifts cr
  decrypted : orr eut eadsdes im hiel teuionr uono oiisideot du soeir sdmer in
  real plain: in surprise then noticed that fred powell was clutching his ches
  cipher in :  it on the fringe of the amused throng of white onlookers stood 
  decrypted :  de iu elo mnduao im elo epprot elniua im uldeo iusiisonr reiit 
  real plain: ly of the expenditures for the department of defense are for pro
--- iter tau=0.2826 ---
  cipher in : ng on their sharply anthropomorphic dress the modern student who
  decrypted : ua iu elodn rleniss euelniiipinildi tnorr elo pitonu reptoue uli
  real plain: re of the war was not to be considered seriously true there had 
  cipher in : pability one of the important and difficult decisions which had 
  decrypted : iehdsdes iuo im elo dpiineeue eut tdmmdipse toidrdiur uldil let 
  real plain:  the square takes its name was erected by the emperor marcus aur
--- iter tau=0.2826 ---
  cipher in :  navy to which he had dedicated his soul where had he failed how
  decrypted :  ueas ei uldil lo let totdieeot ldr rips ulono let lo medsot liu
  real plain: e networks for military communications are one of the best examp
  cipher in : of coffee or something or maybe a drink she asked in a way that 
  decrypted : im iimmoo in ripoeldua in pesho e tndus rlo ersot du e ues elee 
  real plain: ld one day discover but he was perpetually engaged in a battle t
--- iter tau=0.2826 ---
  cipher in : will and not inclined towards shrewd and sophisticated misuse of
  decrypted : udss eut uie duisduot eiuentr rlnout eut riildredieeot pdrpro im
  real plain:  the snake reaches its maturity it has already reached about its
  cipher in :  heads any irregularity on the piston heads will make it impossi
  decrypted :  loetr eus dnnoapsendes iu elo idreiu loetr udss peso de dpiirrd
  real plain: f hands above a clothesline and the flutter of garments hung the
--- iter tau=0.2826 ---
  cipher in :  kindly recognition that the catholic church is now at least of 
  decrypted :  sdutss noiiaudediu elee elo ieelisdi ilpnil dr uiu ee soere im 
  real plain:  after a fashion he envied in time he grew to depend upon her oc
  cipher in : her flesh and send tiny points of pain along her thighs they wer
  decrypted : lon msorl eut rout edus iiduer im iedu esiua lon eldalr elos uon
  real plain: imean war the american civil war and the franchise struggle trev
--- iter tau=0.2826 ---
  cipher in : nthusiastic bulletins on new lines they always issued his lawyer
  decrypted : uelprderedi hpssoedur iu uou sduor elos esuesr drrpot ldr seuson
  real plain: aps of the seton harness over gregs shoulders but this goddamn c
  cipher in :  in a paralysis of workmanship this paralysis may be expressed i
  decrypted :  du e ienessrdr im uinspeurldi eldr ienessrdr pes ho oiinorrot d
  real plain: augural program with the slow and modest entrance of the maidens
learning rate 0.0001000 -> 0.0001000
temperature tau = 0.2769
End of epoch 29 / 80 	 Time Taken: 17 sec
--- iter tau=0.2769 ---
  cipher in : rms of deerskins but it coupled with this a requirement that ind
  decrypted : npr im toonrsdur hpe de iipisot udel eldr e nospdnopoue elee dut
  real plain:  establishments overseas to finance private investment and to pr
  cipher in : he minds of their congregations one can even argue though this i
  decrypted : lo pdutr im elodn iiuanoaeediur iuo ieu oaou enapo elipal eldr d
  real plain:  not the utilities available nearby may provide a savings in the
--- iter tau=0.2769 ---
  cipher in : ibrary association and the playground and recreation association
  decrypted : dhnens erriideediu eut elo isesaniput eut noinoeediu erriideediu
  real plain: political campaign we have recourse to the scientificallytrained
  cipher in :  new york state natural food associates convention a man from th
  decrypted :  uou sins reeeo ueepnes miit erriideeor iiuaouediu e peu mnip el
  real plain: y in spite of powerful opposition the draft act finally passed c
--- iter tau=0.2769 ---
  cipher in : l he was placed in charge of athletics and among other things ad
  decrypted : s lo uer iseiot du ilenao im eelsoedir eut epiua ielon elduar et
  real plain: t was with granny dying but they all agreed she wouldnt have wan
  cipher in :  made the statement in an interview as the interstate commerce c
  decrypted :  peto elo reeeopoue du eu dueonadou er elo dueonreeeo iipponio i
  real plain:  plan for the capitals franklin d roosevelt memorial a circle of
--- iter tau=0.2769 ---
  cipher in : lowed the basic tenets laid down by mr brown it expanded from ha
  decrypted : siuot elo herdi eouoer sedt tiuu hs pn hniuu de oiieutot mnip le
  real plain: nes of boston president kennedy couldnt stay away from his desk 
  cipher in : finances might already be in progress in the form of an administ
  decrypted : mdueuior pdale esnoets ho du inianorr du elo minp im eu etpdudre
  real plain: etty the inside of their place was full of new furniture five bu
--- iter tau=0.2769 ---
  cipher in : ore adoniram looked at the greek word for baptism the more unhap
  decrypted : ino etiudnep siisot ee elo anoos uint min heiedrp elo pino pulei
  real plain: e in them well walk up there later its perhaps a mile from here 
  cipher in : ger and then a startling thing occurred it was so utterly unexpe
  decrypted : aon eut elou e reenesdua eldua iiipnnot de uer ri peeonss puoiio
  real plain: hs indeed it was probably to mr morses advantage to have mr and 
--- iter tau=0.2769 ---
  cipher in : corp a firm composed of philadelphia area builders which is inte
  decrypted : iini e mdnp iipiirot im ildsetosilde enoe hpdstonr uldil dr dueo
  real plain: ackle executive powers the final decision went to the executive 
  cipher in : he reader to become genuinely absorbed in what is said whether h
  decrypted : lo noeton ei hoiipo aoupduoss ehrinhot du ulee dr redt uloelon l
  real plain:  on the trot until december hitched to a breaking cart once arou
--- iter tau=0.2769 ---
  cipher in : ors and it took approximately one hour minutes to judge the clas
  decrypted : inr eut de eiis eiiniidpeeoss iuo lipn pdupeor ei iptao elo iser
  real plain:  judicious attitude that he read some of the books assigned to h
  cipher in : erica from rhode island this is an official preliminary contest 
  decrypted : ondie mnip nlito drseut eldr dr eu immdides inosdpduens iiueore 
  real plain: ndation for the next fiscal year specifically congress should co
--- iter tau=0.2769 ---
  cipher in : reases in operating costs outweigh the savings that result from 
  decrypted : noeror du iioneedua iirer ipeuodal elo readuar elee norpse mnip 
  real plain: es which incorporated this hegelian abstraction and saw law dome
  cipher in : ood very still his arms at his sides staring up at the heavens t
  decrypted : iit aons redss ldr enpr ee ldr rdtor reendua pi ee elo loeaour e
  real plain: r battens are glued and screwed to the flooring the exception is
--- iter tau=0.2769 ---
  cipher in : d legislators to suspect the tax bill was related more directly 
  decrypted : t soadrseeinr ei rprioie elo eei hdss uer noseeot pino tdnoiess 
  real plain: hout the land they say it helps them bring back into schools the
  cipher in : ll the way into the bedroom there i got my colt special and shou
  decrypted : ss elo ues duei elo hotniip elono d aie ps iise rioides eut rlip
  real plain: d rapidly at first but then baldy began to draw away somewhere i
[Rank 0] (epoch: 30, iters: 27008, time: 0.000, data: 0.001) , D_A: 2.187, G_A: -1.302, cycle_A: 0.020, D_B: 2.245, G_B: -1.178, cycle_B: 0.062

saving the latest model (epoch 30, total_iters 1200000)
--- iter tau=0.2769 ---
  cipher in : great natural catastrophes and the great transitions of life mar
  decrypted : anoee ueepnes ieeereniilor eut elo anoee eneurdediur im sdmo pen
  real plain: re that none of the effects of this story were consciously emplo
  cipher in : entlessly dour as the trappings of the small new theater are gau
  decrypted : ouesorrss tipn er elo eneiiduar im elo rpess uou eloeeon eno aep
  real plain:  of the stockholders of du pont and general motors and to consid
--- iter tau=0.2769 ---
  cipher in : fically by only one of the five towns known to tax boats it woul
  decrypted : mdiesss hs iuss iuo im elo mdao eiuur suiuu ei eei hieer de uips
  real plain: eat conductor can bring soloist orchestra and music to ultimate 
  cipher in : price for the month in which the sale occurred as determined by 
  decrypted : indio min elo piuel du uldil elo reso iiipnnot er toeonpduot hs 
  real plain: ent she was told by the manservant who opened the door that his 
--- iter tau=0.2769 ---
  cipher in : initial acts in office was to appoint philip coombs of the ford 
  decrypted : dudedes eier du immdio uer ei eiiidue ildsdi iiiphr im elo mint 
  real plain: available to him your finger tips the happy one could never have
  cipher in : l me where the frontier is because this gentleman here i indicat
  decrypted : s po ulono elo mniuedon dr hoiepro eldr aouesopeu lono d dutdiee
  real plain: s late as in the bestselling novel so red the rose by stark youn
--- iter tau=0.2769 ---
  cipher in :  be too much lower than the rental charges for the same period o
  decrypted :  ho eii ppil siuon eleu elo nouees ilenaor min elo repo iondit i
  real plain:  because baker had sent him to the mexican border in to investig
  cipher in :  battleground characterized by strife and avaricious competition
  decrypted :  heeesoaniput ileneieonduot hs rendmo eut eaendidipr iipioedediu
  real plain: ltiple and ambivalent identities of their passage from child to 
learning rate 0.0001000 -> 0.0001000
temperature tau = 0.2714
saving the model at the end of epoch 30, iters 1213440
End of epoch 30 / 80 	 Time Taken: 17 sec
--- iter tau=0.2714 ---
  cipher in : he next move will be only time of course will tell personally i 
  decrypted : lo uoie piao udss ho iuss edpo im iipnro udss eoss ionriuesss d 
  real plain: nt have tended to dress their dancers in simple lines and solid 
  cipher in : d white tiled floor and persian rugs he studied the night clerk 
  decrypted : t uldeo edsot msiin eut ionrdeu npar lo reptdot elo udale isons 
  real plain: in at am and end at pm in the auditorium of the library and fine
--- iter tau=0.2714 ---
  cipher in : hat he needed to be made over another case may be given in illus
  decrypted : lee lo uootot ei ho peto iaon euielon iero pes ho adaou du dsspr
  real plain: d and directed to cover into the yugoslav claims fund the sum of
  cipher in : t orthodox and plain like a family she might meet in brooklyn or
  decrypted : e inelitii eut isedu sdso e mepdss rlo pdale pooe du hniisssu in
  real plain: is unhappily uniqueingrownscrewedup breed their reading and thin
--- iter tau=0.2714 ---
  cipher in : olved from a rotating mass of incandescent gas nearly a half cen
  decrypted : isaot mnip e nieeedua perr im duieutorioue aer uoenss e lesm iou
  real plain: ed analogy to say that this is what thomas did to poetry the spe
  cipher in : ur pupils learn on someone else doctor just let me die in peace 
  decrypted : pn ipidsr soenu iu ripoiuo osro tiiein ipre soe po tdo du ioeio 
  real plain: oots and will live for the blessing of generations to come miss 
--- iter tau=0.2714 ---
  cipher in : nder formbys plan an appointee would be selected by a board comp
  decrypted : uton minphsr iseu eu eiiidueoo uipst ho rosoieot hs e hient iipi
  real plain: disillusionment turn somewhat as they do for the naive hero of d
  cipher in : reorientation toward wavelength standards in the far infrared th
  decrypted : noindoueeediu eiuent ueaosouael reeutentr du elo men dumnenot el
  real plain: rsty dictator of the dominican republic for years perhaps deserv
--- iter tau=0.2714 ---
  cipher in : ss man who waits until the last minute to leave his home or shop
  decrypted : rr peu uli ueder pueds elo sere pdupeo ei soeao ldr lipo in rlii
  real plain:  products research foundation to help bricklayers do better work
  cipher in : the public pressure against wageprice increases finally since th
  decrypted : elo iphsdi inorrpno eaedure ueaoindio duinoeror mduesss rduio el
  real plain:  might be said to be an upper or an uppermiddleclass bias but th
--- iter tau=0.2714 ---
  cipher in : ice for all costs in excess of a patient community visiting nurs
  decrypted : dio min ess iirer du oiiorr im e ieedoue iipppudes adrdedua upnr
  real plain: hose who recall easily the statues of bernini and the gigantic p
  cipher in : essary for the occurrence of contraction its presence and enzyma
  decrypted : orrens min elo iiipnnouio im iiueneiediu der inorouio eut ouuspe
  real plain: ty that would arrive by next ship this went faster than schedule
--- iter tau=0.2714 ---
  cipher in : n to be eight other guys biting their fingernails to the quick j
  decrypted : u ei ho odale ielon apsr hdedua elodn mduaonuedsr ei elo spdis i
  real plain: the estimate for eligible electors were made without the benefit
  cipher in : icy of a democratic president aimed at germany had to be pushed 
  decrypted : dis im e topiineedi inordtoue edpot ee aonpeus let ei ho iprlot 
  real plain: ard committee and dissembling discounted it inside if so i would
--- iter tau=0.2714 ---
  cipher in :  first half of the play running a bar and singing about the unla
  decrypted :  mdnre lesm im elo ises npuudua e hen eut rduadua ehipe elo puse
  real plain: ni in new york to ask them for contributions to the graham memor
  cipher in : exact measurements of the flow of blood through the aorta dimens
  decrypted : oieie poerpnopouer im elo msiu im hsiit elnipal elo einee tdpour
  real plain: iaison officer to critically important new york city walton who 
--- iter tau=0.2714 ---
  cipher in : rranges mixed tournaments in tennis and golf in the fall and spr
  decrypted : nneuaor pdiot eipnuepouer du eouudr eut aism du elo mess eut rin
  real plain: icate finally the forces of authoritarianism protrujillo and pro
  cipher in : uk quietly bestowed no pun intended the mantle of authority on m
  decrypted : ps spdoess horeiuot ui ipu dueoutot elo peueso im epelindes iu p
  real plain:  humble their approach to life direct and unsophisticated whatev
--- iter tau=0.2714 ---
  cipher in : aching her hands that grazed my thighs and sent us from the tabl
  decrypted : eildua lon leutr elee aneuot ps eldalr eut roue pr mnip elo eehs
  real plain: ns require the inscription of each individual male or female adu
  cipher in : accomplished relatively easily for them in that both cities end 
  decrypted : eiiipisdrlot noseedaoss oerdss min elop du elee hiel idedor out 
  real plain: s was lying or insisting on a private definition of antisemitism
--- iter tau=0.2714 ---
  cipher in : ame an institution of the chicago scene and marked the way to th
  decrypted : epo eu duredepediu im elo ildieai riouo eut pensot elo aes ei el
  real plain: tively admitted for next fall after state investigators question
  cipher in : got slater how then he was asking himself the usual early mornin
  decrypted : aie rseeon lia elou lo aer ersdua ldprosm elo prpes oenss pinudu
  real plain: te system of personal contacts and have experts constantly study
--- iter tau=0.2714 ---
  cipher in : ll sweep over a man or his wife because he or she feels age cree
  decrypted : ss raooi iaon e peu in ldr admo hoiepro lo in rlo moosr eao inoo
  real plain: freshing deep peep show the viewers of the deep peep show at th 
  cipher in : l and cultural security had been achieved at least on a simple p
  decrypted : s eut ipsepnes roipndes let hoou eildoaot ee soere iu e rdpiso i
  real plain: lish by dutton co of new york in the book was received by the pr
learning rate 0.0001000 -> 0.0001000
temperature tau = 0.2659
End of epoch 31 / 80 	 Time Taken: 17 sec
--- iter tau=0.2659 ---
  cipher in : rge dollar and thus far mr freeman has offered very little relie
  decrypted : nao tissen eut elpr men pn mnoopeu ler immonot aons sdeeso nosdo
  real plain:  parents were doing quite well her mother was a good manager and
  cipher in :  this group decided some of the members mrs henry t sulcer of wi
  decrypted :  eldr anipi toidtot ripo im elo pophonr pnr louns e rpsion im ad
  real plain: than less of an individualist than any of his predecessors for h
--- iter tau=0.2659 ---
  cipher in : ed we do not deny originality to the agamemnon because aeschylus
  decrypted : ot ao ti uie tous indaduesdes ei elo eaepopuiu hoiepro eorilsspr
  real plain: s own hands have committed his guilty conscience projects itself
  cipher in : vernment with such military assistance as may be necessary until
  decrypted : aonupoue adel rpil pdsdeens errdreeuio er pes ho uoiorrens pueds
  real plain: e let the germans do this i have sat many hours with this styka 
--- iter tau=0.2659 ---
  cipher in : ursory survey of available material indicates a high rate of ill
  decrypted : pnrins rpnaos im eaedsehso peeondes dutdieeor e ldal neeo im dss
  real plain: ct that the old roman was referring to change made under militar
  cipher in : property lying just across pennsylvania avenue from the white ho
  decrypted : iniiones ssdua ipre einirr iouurssaeude eaoupo mnip elo aldeo li
  real plain: ancers of bali on march hollywood a southeast library workshop w
--- iter tau=0.2659 ---
  cipher in : te transportation was felt perfectly justifiable once the princi
  decrypted : eo eneuriineeediu aer mose ionmoiess ipredmdehso iuio elo induid
  real plain:  ceiling near it was a metal ladder on casters attached to the t
  cipher in : the west side of narragansett bay five miles south but still wit
  decrypted : elo aore rdto im uenneaeuroee hes mdao pdsor ripel hpe redss ade
  real plain: ves breathes and thinks for the good of the people hughes asked 
--- iter tau=0.2659 ---
  cipher in : e selfrealized mahayana saint possessed superhuman powers and ma
  decrypted : o rosmnoesduot peleseue redue iirrorrot rpionlppeu iiaonr eut pe
  real plain: peech only hardy would say a grin of bitterness swept thereby li
  cipher in : ts may refuse to exercise jurisdiction conferred in a valid act 
  decrypted : er pes nompro ei oionidro ipndrtdiediu iiumonnot du e aesdt eie 
  real plain: st be attributed either to trace impurities or to variation in w
--- iter tau=0.2659 ---
  cipher in : inions about kafka not having read kafka they were i felt people
  decrypted : dudiur ehipe semse uie leadua noet semse elos aono d mose ioiiso
  real plain: ackle executive powers the final decision went to the executive 
  cipher in :  subject will be too bright too dull or too light or too dark wh
  decrypted :  rphioie adss ho eii hndale eii tpss in eii sdale in eii tens al
  real plain:  on the trot until december hitched to a breaking cart once arou
--- iter tau=0.2659 ---
  cipher in :  apply the teaching and admonitions of religion the insuperable 
  decrypted :  eiiss elo eoeildua eut etpiudediur im nosdadiu elo durpionehso 
  real plain: ect save one both were eccentrics of the purest ray serene alexa
  cipher in :  laboratory the silver chloride was fused under vacuum in the pr
  decrypted :  sehineeins elo rdsaon ilsindto aer mprot puton aeippp du elo in
  real plain:  already beginning to thin and recede at the sides and abel look
--- iter tau=0.2659 ---
  cipher in : rly leaves the way open for further discussion of the issue he e
  decrypted : nss soeaor elo aes iiou min mpnelon tdriprrdiu im elo drrpo lo o
  real plain: in surprise then noticed that fred powell was clutching his ches
  cipher in : cks he found that the earliest volumes began on the left and pro
  decrypted : isr lo miput elee elo oensdore aisppor hoaeu iu elo some eut ini
  real plain: ly of the expenditures for the department of defense are for pro
--- iter tau=0.2659 ---
  cipher in :  repress any and every notion unless it gives evidence that it i
  decrypted :  noinorr eus eut oaons uiediu pusorr de adaor oadtouio elee de d
  real plain: re of the war was not to be considered seriously true there had 
  cipher in : echnique he has employed from his section rich immediate materia
  decrypted : oiludspo lo ler opisisot mnip ldr roiediu ndil dppotdeeo peeonde
  real plain:  the square takes its name was erected by the emperor marcus aur
saving the latest model (epoch 32, total_iters 1280000)
--- iter tau=0.2659 ---
  cipher in :  for he becomes ordinary and so the young minister resigned to g
  decrypted :  min lo hoiipor intduens eut ri elo sipua pdudreon nordauot ei a
  real plain: e networks for military communications are one of the best examp
  cipher in : e without a permit it was the wrong thing to say by failing to d
  decrypted : o adelipe e ionpde de aer elo aniua eldua ei res hs medsdua ei t
  real plain: ld one day discover but he was perpetually engaged in a battle t
--- iter tau=0.2659 ---
  cipher in : thodically looted of their money by the singing waiters before b
  decrypted : elitdiesss siieot im elodn piuos hs elo rduadua aedeonr homino h
  real plain:  the snake reaches its maturity it has already reached about its
  cipher in : these were proposed by religious groups they will be for teachin
  decrypted : eloro aono iniiirot hs nosdadipr anipir elos adss ho min eoeildu
  real plain: f hands above a clothesline and the flutter of garments hung the
--- iter tau=0.2659 ---
  cipher in :  claps her hands in a tantrum beats them upon her bosom and upon
  decrypted :  iseir lon leutr du e eeuenpp hoeer elop piiu lon hirip eut piiu
  real plain:  after a fashion he envied in time he grew to depend upon her oc
  cipher in : e existential status of a decaying tradition but he does perceiv
  decrypted : o oidreouedes reeepr im e toiesdua enetdediu hpe lo tior ionioda
  real plain: imean war the american civil war and the franchise struggle trev
--- iter tau=0.2659 ---
  cipher in :  a fair break from parole boards but once the strike trend hits 
  decrypted :  e medn hnoes mnip ieniso hientr hpe iuio elo rendso enout lder 
  real plain: aps of the seton harness over gregs shoulders but this goddamn c
  cipher in : d way to cut your labor waste is to make sure you are using just
  decrypted : t aes ei ipe sipn sehin aereo dr ei peso rpno sip eno prdua ipre
  real plain: augural program with the slow and modest entrance of the maidens
learning rate 0.0001000 -> 0.0001000
temperature tau = 0.2605
End of epoch 32 / 80 	 Time Taken: 17 sec
--- iter tau=0.2605 ---
  cipher in : actly contemporary and political so during the period approximat
  decrypted : eiess iiueopiinens eut iisdedies ri tpndua elo iondit eiiniidpee
  real plain:  establishments overseas to finance private investment and to pr
  cipher in : ile and nod and an hour later the paint would be all over his pa
  decrypted : dso eut uit eut eu lipn seeon elo iedue aipst ho ess iaon ldr ie
  real plain:  not the utilities available nearby may provide a savings in the
--- iter tau=0.2605 ---
  cipher in : urletter word i can think of dull apparently fellini caught the 
  decrypted : pnsoeeon aint d ieu eldus im tpss eiienouess mossdud iepale elo 
  real plain: political campaign we have recourse to the scientificallytrained
  cipher in : zing in skits vocals comedy and instrumentals all of it distinct
  decrypted : udua du rsder aiiesr iipots eut durenppoueesr ess im de tdreduie
  real plain: y in spite of powerful opposition the draft act finally passed c
--- iter tau=0.2605 ---
  cipher in : tribute to these phenomena why should the practical adhesion of 
  decrypted : endhpeo ei eloro ilouipoue als rlipst elo ineiedies etlordiu im 
  real plain: t was with granny dying but they all agreed she wouldnt have wan
  cipher in : oth sides sovereign americans had given their lives in the civil
  decrypted : iel rdtor riaonodau epondieur let adaou elodn sdaor du elo idads
  real plain:  plan for the capitals franklin d roosevelt memorial a circle of
--- iter tau=0.2605 ---
  cipher in : rable friendship between katie and himself at no time does he se
  decrypted : nehso mndoutrldi hoeaoou seedo eut ldprosm ee ui edpo tior lo ro
  real plain: nes of boston president kennedy couldnt stay away from his desk 
  cipher in :  simple indeed that it would be limited to a finding of the tota
  decrypted :  rdpiso dutoot elee de aipst ho sdpdeot ei e mdutdua im elo eiee
  real plain: etty the inside of their place was full of new furniture five bu
--- iter tau=0.2605 ---
  cipher in : ep all the next night next morning the caravan was out of the tr
  decrypted : oi ess elo uoie udale uoie pinudua elo ieneaeu aer ipe im elo en
  real plain:  products research foundation to help bricklayers do better work
  cipher in : asional hr composite was made examination of the operations of t
  decrypted : erdiues ln iipiirdeo aer peto oiepdueediu im elo iioneediur im e
  real plain:  might be said to be an upper or an uppermiddleclass bias but th
--- iter tau=0.2605 ---
  cipher in :  life goes merrily on thats called progress the new way of life 
  decrypted :  sdmo aior ponndss iu eleer iessot inianorr elo uoa aes im sdmo 
  real plain: amous document that comes out of this dispute is perhaps sir phi
  cipher in :  were authoritative without being presumptuous the c minor varia
  decrypted :  aono epelindeeedao adelipe hodua inorppiepipr elo i pduin aende
  real plain: he writing are all qualities which hold ones attention with the 
--- iter tau=0.2605 ---
  cipher in : ercial life very much a social institution in the bazaar those t
  decrypted : onides sdmo aons ppil e riides duredepediu du elo heueen eliro e
  real plain:  judicious attitude that he read some of the books assigned to h
  cipher in : this went a harsh proclamation any academic degree earned during
  decrypted : eldr aoue e lenrl iniisepeediu eus eietopdi toanoo oenuot tpndua
  real plain: ndation for the next fiscal year specifically congress should co
--- iter tau=0.2605 ---
  cipher in : ung man as highspirited and opinionated as herself she could not
  decrypted : pua peu er ldalridndeot eut iidudiueeot er lonrosm rlo iipst uie
  real plain: es which incorporated this hegelian abstraction and saw law dome
  cipher in : and possible content for an overall concept of antisubmarine war
  decrypted : eut iirrdhso iiueoue min eu iaoness iiuioie im euedrphpenduo aen
  real plain: r battens are glued and screwed to the flooring the exception is
--- iter tau=0.2605 ---
  cipher in : on originally the main types used were various compositions of p
  decrypted : iu indaduesss elo pedu esior prot aono aendipr iipiirdediur im i
  real plain: hout the land they say it helps them bring back into schools the
  cipher in : t go down on the sidewalk she was enjoying the situation imagine
  decrypted : e ai tiau iu elo rdtoaess rlo aer ouiisdua elo rdepeediu dpeaduo
  real plain: d rapidly at first but then baldy began to draw away somewhere i
--- iter tau=0.2605 ---
  cipher in : i must tell you about it oh yes im quite sure its important beca
  decrypted : d ppre eoss sip ehipe de il sor dp spdeo rpno der dpiineeue hoie
  real plain: re that none of the effects of this story were consciously emplo
  cipher in : attention and other organized sports may have attracted him as p
  decrypted : eeeouediu eut ielon inaeuduot riiner pes leao eeeneieot ldp er i
  real plain:  of the stockholders of du pont and general motors and to consid
--- iter tau=0.2605 ---
  cipher in : upport clarification and anticipatory guidance over a relatively
  decrypted : piiine isendmdieediu eut euedidieeins apdteuio iaon e noseedaoss
  real plain: eat conductor can bring soloist orchestra and music to ultimate 
  cipher in : lars as fair compensation for a years work the new owner at atta
  decrypted : senr er medn iipioureediu min e soenr ains elo uoa iauon ee eeee
  real plain: ent she was told by the manservant who opened the door that his 
--- iter tau=0.2605 ---
  cipher in : d he tightened the cinches over the saddle blanket working by to
  decrypted : t lo edaleouot elo iduilor iaon elo rettso hseusoe ainsdua hs ei
  real plain: available to him your finger tips the happy one could never have
  cipher in : knife in the plane of the substrate as shown in fig if the rake 
  decrypted : sudmo du elo iseuo im elo rphreneeo er rliau du mda dm elo neso 
  real plain: s late as in the bestselling novel so red the rose by stark youn
--- iter tau=0.2605 ---
  cipher in : bles one of the most wholesome things you could schedule in your
  decrypted : hsor iuo im elo pire alisoripo elduar sip iipst rilotpso du sipn
  real plain: onal traveler from italy brought news of peter robert who was no
  cipher in : actly the risk we run when we assume as we too often do that we 
  decrypted : eiess elo ndrs ao npu alou ao errppo er ao eii imeou ti elee ao 
  real plain: dicks classmate jimmy from next door let the cat out of the bag 
learning rate 0.0001000 -> 0.0001000
temperature tau = 0.2553
End of epoch 33 / 80 	 Time Taken: 17 sec
--- iter tau=0.2553 ---
  cipher in : her listen precious what about him suddenly she was very mysteri
  decrypted : lon sdreou inoidipr alee ehipe ldp rpttouss rlo aer aons psreond
  real plain: nt have tended to dress their dancers in simple lines and solid 
  cipher in : urch of st irene completed by constantine in ad on my left and t
  decrypted : pnil im re dnouo iipisoeot hs iiureeueduo du et iu ps some eut e
  real plain: in at am and end at pm in the auditorium of the library and fine
--- iter tau=0.2553 ---
  cipher in : ble at the bank of manchester or at various other vermont banks 
  decrypted : hso ee elo heus im peuiloreon in ee aendipr ielon aonpiue heusr 
  real plain: d and directed to cover into the yugoslav claims fund the sum of
  cipher in : n appointed a valuable pencilandsepia allegorical drawing of ben
  decrypted : u eiiidueot e aespehso iouidseutroide essoaindies tneadua im hou
  real plain: is unhappily uniqueingrownscrewedup breed their reading and thin
--- iter tau=0.2553 ---
  cipher in : ul with over four million american men away at war protestants f
  decrypted : ps adel iaon mipn pdssdiu epondieu pou eaes ee aen inieoreeuer m
  real plain: ed analogy to say that this is what thomas did to poetry the spe
  cipher in : d czarina declare that all truly great men had oddities was mad 
  decrypted : t iuendue toiseno elee ess enpss anoee pou let ittdedor aer pet 
  real plain: oots and will live for the blessing of generations to come miss 
--- iter tau=0.2553 ---
  cipher in : ou were in a hurry werent you martin would have liked to break t
  decrypted : ip aono du e lpnns aonoue sip penedu aipst leao sdsot ei hnoes e
  real plain: peech only hardy would say a grin of bitterness swept thereby li
  cipher in : ve a figure of nemesis from pips phantasy of guilt the scarred d
  decrypted : ao e mdapno im uopordr mnip idir ileueers im apdse elo riennot t
  real plain: st be attributed either to trace impurities or to variation in w
--- iter tau=0.2553 ---
  cipher in : cadillac which are available in some countries it is probably wi
  decrypted : ietdssei aldil eno eaedsehso du ripo iipuendor de dr inihehss ad
  real plain:  gen taylor to make an inspection trip at this time communist gu
  cipher in : ump over the two men like a tire over a piece of gravel then mov
  decrypted : ppi iaon elo eai pou sdso e edno iaon e idoio im aneaos elou pia
  real plain: and palm oil the colony was administered from brussels with neit
--- iter tau=0.2553 ---
  cipher in :  a gorgeous miro with a yellow background that looked like an in
  decrypted :  e ainaoipr pdni adel e sossia heisaniput elee siisot sdso eu du
  real plain: hose who recall easily the statues of bernini and the gigantic p
  cipher in :  systems coons schramm and rottger did not report any such nonsp
  decrypted :  rsreopr iiiur rilnepp eut nieeaon tdt uie noiine eus rpil uiuri
  real plain: ty that would arrive by next ship this went faster than schedule
--- iter tau=0.2553 ---
  cipher in : the international kc of chicago show and had the highest score i
  decrypted : elo dueonueediues si im ildieai rlia eut let elo ldalore riino d
  real plain: the estimate for eligible electors were made without the benefit
  cipher in : the armies of the tennessee and the ohio followed the line of ha
  decrypted : elo enpdor im elo eouuorroo eut elo ildi missiaot elo sduo im le
  real plain: ard committee and dissembling discounted it inside if so i would
--- iter tau=0.2553 ---
  cipher in : he had great possibilities in the ballet and wanted to show the 
  decrypted : lo let anoee iirrdhdsdedor du elo hessoe eut aeueot ei rlia elo 
  real plain: ni in new york to ask them for contributions to the graham memor
  cipher in :  new and modern techniques being developed for prevention for su
  decrypted :  uoa eut pitonu eoiludspor hodua toaosiiot min inoaouediu min rp
  real plain: iaison officer to critically important new york city walton who 
saving the latest model (epoch 34, total_iters 1360000)
--- iter tau=0.2553 ---
  cipher in : eaching and publicity in reaching new members the proclamation o
  decrypted : oeildua eut iphsdides du noeildua uoa pophonr elo iniisepeediu i
  real plain: icate finally the forces of authoritarianism protrujillo and pro
  cipher in : numbers tape channel and unit numbers alteration switches etc an
  decrypted : upphonr eeio ileuuos eut pude upphonr eseoneediu radeilor oei eu
  real plain:  humble their approach to life direct and unsophisticated whatev
--- iter tau=0.2553 ---
  cipher in : that many local churches drop from the active membership rolls e
  decrypted : elee peus siies ilpnilor tnii mnip elo eiedao pophonrldi nissr o
  real plain: ns require the inscription of each individual male or female adu
  cipher in : table i stared at him for a long time he did not return my inter
  decrypted : eehso d reenot ee ldp min e siua edpo lo tdt uie noepnu ps dueon
  real plain: s was lying or insisting on a private definition of antisemitism
--- iter tau=0.2553 ---
  cipher in :  types of communistic theory we will achieve a more vivid sense 
  decrypted :  esior im iipppudredi eloins ao adss eildoao e pino adadt rouro 
  real plain: tively admitted for next fall after state investigators question
  cipher in : lvanic all blank according to these needles theyre stone dead ek
  decrypted : saeudi ess hseus eiiintdua ei eloro uootsor elosno reiuo toet os
  real plain: te system of personal contacts and have experts constantly study
--- iter tau=0.2553 ---
  cipher in : alists of some years ago louis jouvet tried to humanize some of 
  decrypted : esdrer im ripo soenr eai sipdr iipaoe endot ei lppeuduo ripo im 
  real plain: aps of the seton harness over gregs shoulders but this goddamn c
  cipher in : d one thing papa had not taught henrietta was how to handle a yo
  decrypted : t iuo eldua ieie let uie eepale loundoeee aer lia ei leutso e si
  real plain: augural program with the slow and modest entrance of the maidens
learning rate 0.0001000 -> 0.0001000
temperature tau = 0.2501
End of epoch 34 / 80 	 Time Taken: 17 sec
--- iter tau=0.2501 ---
  cipher in : ey to lose he says today neither me nor my wife were helped by t
  decrypted : os ei siro lo resr eites uodelon po uin ps admo aono losiot hs e
  real plain:  parents were doing quite well her mother was a good manager and
  cipher in : on wine waiter a really good wine waiter is paradoxically the gu
  decrypted : iu aduo aedeon e noesss aiit aduo aedeon dr ienetiidiesss elo ap
  real plain: than less of an individualist than any of his predecessors for h
--- iter tau=0.2501 ---
  cipher in : n short both his own declarations and his figural blindness when
  decrypted : u rline hiel ldr iau toiseneediur eut ldr mdapnes hsdutuorr alou
  real plain: s own hands have committed his guilty conscience projects itself
  cipher in : t hesitates to suggest precise graphic devices to effect these c
  decrypted : e lordeeeor ei rpaaore inoidro aneildi toadior ei ommoie eloro i
  real plain: e let the germans do this i have sat many hours with this styka 
--- iter tau=0.2501 ---
  cipher in :  source of emotional security these personal and social goals of
  decrypted :  ripnio im opiediues roipndes eloro ionriues eut riides aiesr im
  real plain: ct that the old roman was referring to change made under militar
  cipher in : s might affect international relations no longer did the soverei
  decrypted : r pdale emmoie dueonueediues noseediur ui siuaon tdt elo riaonod
  real plain: ancers of bali on march hollywood a southeast library workshop w
--- iter tau=0.2501 ---
  cipher in : across the white wool on his shoulder as though the bright v wov
  decrypted : einirr elo aldeo aiis iu ldr rlipston er elipal elo hndale a aia
  real plain: nes of boston president kennedy couldnt stay away from his desk 
  cipher in : is arms still wrapped around one knee lets just remember sergean
  decrypted : dr enpr redss aneiiot eniput iuo suoo soer ipre nopophon ronaoeu
  real plain: etty the inside of their place was full of new furniture five bu
--- iter tau=0.2501 ---
  cipher in : est but why did the old chinese postulate five elements when the
  decrypted : ore hpe als tdt elo ist ilduoro iirepseeo mdao osopouer alou elo
  real plain: e in them well walk up there later its perhaps a mile from here 
  cipher in : sydney on his way to race in the new zealand grand prix britains
  decrypted : rstuos iu ldr aes ei neio du elo uoa uoeseut aneut indi hndeedur
  real plain: hs indeed it was probably to mr morses advantage to have mr and 
--- iter tau=0.2501 ---
  cipher in : are out before you leave and of course you know not to take clip
  decrypted : eno ipe homino sip soeao eut im iipnro sip suia uie ei eeso isdi
  real plain: ackle executive powers the final decision went to the executive 
  cipher in : for lack or paucity of data the following information on snakes 
  decrypted : min seis in iepides im teee elo missiadua duminpeediu iu ruesor 
  real plain:  on the trot until december hitched to a breaking cart once arou
--- iter tau=0.2501 ---
  cipher in : ure in almost a year it wasnt just the pressure of work although
  decrypted : pno du espire e soen de aerue ipre elo inorrpno im ains eselipal
  real plain: ect save one both were eccentrics of the purest ray serene alexa
  cipher in : discovered and that he feel the rightness of the quality that is
  decrypted : tdriiaonot eut elee lo moos elo ndaleuorr im elo spesdes elee dr
  real plain:  already beginning to thin and recede at the sides and abel look
--- iter tau=0.2501 ---
  cipher in : nning as this district los angeles has said they would send the 
  decrypted : uudua er eldr tdrendie sir euaosor ler redt elos aipst rout elo 
  real plain: in surprise then noticed that fred powell was clutching his ches
  cipher in :  spoke anyhow and he didnt speak to his parents about religion a
  decrypted :  riiso euslia eut lo tdtue rioes ei ldr ienouer ehipe nosdadiu e
  real plain: ly of the expenditures for the department of defense are for pro
--- iter tau=0.2501 ---
  cipher in : on which he had been practicing and his image of acala and left 
  decrypted : iu aldil lo let hoou ineiedidua eut ldr dpeao im eiese eut some 
  real plain: re of the war was not to be considered seriously true there had 
  cipher in : d joined the life class which met every tuesday and thursday fro
  decrypted : t iiduot elo sdmo iserr aldil poe oaons eportes eut elpnrtes mni
  real plain:  the square takes its name was erected by the emperor marcus aur
--- iter tau=0.2501 ---
  cipher in : ities with which popular imagination had peopled the world of sp
  decrypted : dedor adel aldil iiipsen dpeadueediu let ioiisot elo ainst im ri
  real plain: e networks for military communications are one of the best examp
  cipher in : ican eyes and narrow trousers and their hair looked unnaturally 
  decrypted : dieu osor eut uennia enipronr eut elodn ledn siisot puueepnesss 
  real plain: ld one day discover but he was perpetually engaged in a battle t
--- iter tau=0.2501 ---
  cipher in : idered bright enough to be confused with the staining of small a
  decrypted : dtonot hndale ouipal ei ho iiumprot adel elo reedudua im rpess e
  real plain:  the snake reaches its maturity it has already reached about its
  cipher in : cted as the new clouds of radioactive fallout spread silently an
  decrypted : ieot er elo uoa isiptr im netdieiedao messipe rinoet rdsouess eu
  real plain: f hands above a clothesline and the flutter of garments hung the
--- iter tau=0.2501 ---
  cipher in : ty or society is always correlated with and to a degree dependen
  decrypted : es in riidoes dr esaesr iinnoseeot adel eut ei e toanoo toioutou
  real plain: available to him your finger tips the happy one could never have
  cipher in : e reaction of certain city council members to californias newest
  decrypted : o noeiediu im ioneedu ides iipuids pophonr ei iesdminuder uoaore
  real plain: s late as in the bestselling novel so red the rose by stark youn
--- iter tau=0.2501 ---
  cipher in : e to do at that moment holden almost slammed on the brakes to go
  decrypted : o ei ti ee elee pipoue listou espire rseppot iu elo hnesor ei ai
  real plain:  because baker had sent him to the mexican border in to investig
  cipher in :  at the end of the next scene when his theme cuts through the wa
  decrypted :  ee elo out im elo uoie riouo alou ldr elopo iper elnipal elo ae
  real plain: ltiple and ambivalent identities of their passage from child to 
learning rate 0.0001000 -> 0.0001000
temperature tau = 0.2451
saving the model at the end of epoch 35, iters 1415680
End of epoch 35 / 80 	 Time Taken: 17 sec
--- iter tau=0.2451 ---
  cipher in : ment because of color these he said are two of the principal und
  decrypted : poue hoiepro im iisin eloro lo redt eno eai im elo induidies put
  real plain:  establishments overseas to finance private investment and to pr
  cipher in : o me becketts writing had seemed permeated with love for human b
  decrypted : i po hoisoeer andedua let roopot ionpoeeot adel siao min lppeu h
  real plain:  not the utilities available nearby may provide a savings in the
--- iter tau=0.2451 ---
  cipher in : st john the nature of the new birth the new birth is a new creat
  decrypted : re iilu elo ueepno im elo uoa hdnel elo uoa hdnel dr e uoa inoee
  real plain: political campaign we have recourse to the scientificallytrained
  cipher in :  two weeks a month we talk it over again and maybe if nothing ha
  decrypted :  eai aoosr e piuel ao eess de iaon eaedu eut pesho dm uieldua le
  real plain: y in spite of powerful opposition the draft act finally passed c
--- iter tau=0.2451 ---
  cipher in : sture again and again it asked the communists to freeze the mili
  decrypted : repno eaedu eut eaedu de ersot elo iipppudrer ei mnoouo elo pdsd
  real plain: ed analogy to say that this is what thomas did to poetry the spe
  cipher in : ve finished with it besides the number of the suite hasnt been p
  decrypted : ao mdudrlot adel de hordtor elo upphon im elo rpdeo lerue hoou i
  real plain: oots and will live for the blessing of generations to come miss 
--- iter tau=0.2451 ---
  cipher in : gton dc adjusted gross income the deductions allowed in determin
  decrypted : aeiu ti etipreot anirr duiipo elo totpiediur essiaot du toeonpdu
  real plain: disillusionment turn somewhat as they do for the naive hero of d
  cipher in : ance when shafts of sunlight are penetrating this great roman te
  decrypted : euio alou rlemer im rpusdale eno iouoeneedua eldr anoee nipeu eo
  real plain: rsty dictator of the dominican republic for years perhaps deserv
--- iter tau=0.2451 ---
  cipher in : wishful thinking dont talk about the final stages of reconstruct
  decrypted : adrlmps eldusdua tiue eess ehipe elo mdues reeaor im noiiurenpie
  real plain:  products research foundation to help bricklayers do better work
  cipher in : keene was on stage there was not much to it the theatre was hot 
  decrypted : soouo aer iu reeao elono aer uie ppil ei de elo eloeeno aer lie 
  real plain:  might be said to be an upper or an uppermiddleclass bias but th
--- iter tau=0.2451 ---
  cipher in :  the governor to award the contract woodruff wanted this politic
  decrypted :  elo aiaonuin ei eaent elo iiueneie aiitnpmm aeueot eldr iisdedi
  real plain: amous document that comes out of this dispute is perhaps sir phi
  cipher in : e depending on the vector direction of af the resultant friction
  decrypted : o toioutdua iu elo aoiein tdnoiediu im em elo norpseeue mndiediu
  real plain: he writing are all qualities which hold ones attention with the 
--- iter tau=0.2451 ---
  cipher in : yregion that have been linked to af each contain an address in t
  decrypted : snoadiu elee leao hoou sdusot ei em oeil iiueedu eu ettnorr du e
  real plain:  judicious attitude that he read some of the books assigned to h
  cipher in : the basket mr jack sets store by that really winston it was mean
  decrypted : elo hersoe pn ieis roer reino hs elee noesss adureiu de aer poeu
  real plain: ndation for the next fiscal year specifically congress should co
--- iter tau=0.2451 ---
  cipher in : re able to answer the questions on this score than engineering v
  decrypted : no ehso ei euraon elo sporediur iu eldr riino eleu ouaduoondua a
  real plain: es which incorporated this hegelian abstraction and saw law dome
  cipher in : egardless of the other numbers used in the formula and the resul
  decrypted : oaentsorr im elo ielon upphonr prot du elo minppse eut elo norps
  real plain: r battens are glued and screwed to the flooring the exception is
saving the latest model (epoch 36, total_iters 1440000)
--- iter tau=0.2451 ---
  cipher in :  ranking of the various families in the population the large maj
  decrypted :  neusdua im elo aendipr mepdsdor du elo iiipseediu elo senao pei
  real plain: hout the land they say it helps them bring back into schools the
  cipher in : ory centers motor tensions associated word symbols and conscious
  decrypted : ins ioueonr piein eourdiur erriideeot aint rsphisr eut iiuridipr
  real plain: d rapidly at first but then baldy began to draw away somewhere i
--- iter tau=0.2451 ---
  cipher in :  that will cool every part of your house its upkeep no less an a
  decrypted :  elee adss iiis oaons iene im sipn lipro der pisooi ui sorr eu e
  real plain: re that none of the effects of this story were consciously emplo
  cipher in : emories and the little flower rides to break a lance again i saw
  decrypted : opindor eut elo sdeeso msiaon ndtor ei hnoes e seuio eaedu d rea
  real plain:  of the stockholders of du pont and general motors and to consid
--- iter tau=0.2451 ---
  cipher in : high cost of the veterans administration medical program to the 
  decrypted : ldal iire im elo aoeoneur etpdudreneediu potdies inianep ei elo 
  real plain: tively admitted for next fall after state investigators question
  cipher in :  or the severe muscle weakness the terminal hospital admission o
  decrypted :  in elo roaono ppriso aoesuorr elo eonpdues liridees etpdrrdiu i
  real plain: te system of personal contacts and have experts constantly study
--- iter tau=0.2451 ---
  cipher in : feminine as you can imagine she decided the pilot possessed exce
  decrypted : mopduduo er sip ieu dpeaduo rlo toidtot elo idsie iirrorrot oiio
  real plain: freshing deep peep show the viewers of the deep peep show at th 
  cipher in : i said i took the pail and shovel and went out on the porch i do
  decrypted : d redt d eiis elo ieds eut rliaos eut aoue ipe iu elo iinil d ti
  real plain: lish by dutton co of new york in the book was received by the pr
--- iter tau=0.2451 ---
  cipher in : rbons who remain unreconstructed go much further than this they 
  decrypted : nhiur ali nopedu punoiiurenpieot ai ppil mpnelon eleu eldr elos 
  real plain: onal traveler from italy brought news of peter robert who was no
  cipher in : es not tolerate the influence in his classes of an organization 
  decrypted : or uie eisoneeo elo dumspouio du ldr iserror im eu inaeudueediu 
  real plain: dicks classmate jimmy from next door let the cat out of the bag 
learning rate 0.0001000 -> 0.0001000
temperature tau = 0.2401
End of epoch 36 / 80 	 Time Taken: 17 sec
--- iter tau=0.2401 ---
  cipher in : rop of blood the belgians would not fight for the privilege of b
  decrypted : nii im hsiit elo hosadeur aipst uie mdale min elo indadsoao im h
  real plain: nt have tended to dress their dancers in simple lines and solid 
  cipher in : version of the instrumentation for this procedure is shown in fi
  decrypted : aonrdiu im elo durenppoueeediu min eldr iniiotpno dr rliau du md
  real plain: in at am and end at pm in the auditorium of the library and fine
--- iter tau=0.2401 ---
  cipher in : of muscle drama that is unforgettable to judges and audiences al
  decrypted : im ppriso tnepe elee dr puminaoeeehso ei iptaor eut eptdouior es
  real plain: ct that the old roman was referring to change made under militar
  cipher in :  regression line in their school system the final sample was not
  decrypted :  noanorrdiu sduo du elodn riliis rsreop elo mdues repiso aer uie
  real plain: ancers of bali on march hollywood a southeast library workshop w
--- iter tau=0.2401 ---
  cipher in : s that look good in exhibitions and catalogs and may please the 
  decrypted : r elee siis aiit du oildhdediur eut ieeesiar eut pes isoero elo 
  real plain:  ceiling near it was a metal ladder on casters attached to the t
  cipher in :  remained only the delicate task of maneuvering the laws through
  decrypted :  nopeduot iuss elo tosdieeo eers im peuopaondua elo sear elnipal
  real plain: ves breathes and thinks for the good of the people hughes asked 
--- iter tau=0.2401 ---
  cipher in : e jesuit rangoni under no circumstances could we mistake one for
  decrypted : o iorpde neuaiud puton ui idnippreeuior iipst ao pdreeso iuo min
  real plain: peech only hardy would say a grin of bitterness swept thereby li
  cipher in : ssembly and in many cases a conveyor belt to transport and conta
  decrypted : rrophss eut du peus ieror e iiuaosin hose ei eneuriine eut iiuee
  real plain: st be attributed either to trace impurities or to variation in w
--- iter tau=0.2401 ---
  cipher in : me in the evenings and the childrens bedtime is frequently prece
  decrypted : po du elo oaouduar eut elo ildstnour hotedpo dr mnospouess inoio
  real plain:  gen taylor to make an inspection trip at this time communist gu
  cipher in : ll areas reported this group headed by harold colee of jacksonvi
  decrypted : ss enoer noiineot eldr anipi loetot hs lenist iisoo im ieisriuad
  real plain: and palm oil the colony was administered from brussels with neit
--- iter tau=0.2401 ---
  cipher in : instead of continuing as an art of reduction it must grow must m
  decrypted : dureoet im iiuedupdua er eu ene im notpiediu de ppre ania ppre p
  real plain: hose who recall easily the statues of bernini and the gigantic p
  cipher in : e asserting to be bad was precisely the suffering we thought had
  decrypted : o erronedua ei ho het aer inoidross elo rpmmondua ao elipale let
  real plain: ty that would arrive by next ship this went faster than schedule
--- iter tau=0.2401 ---
  cipher in : s feed pound per head daily for weeks commencing at calving time
  decrypted : r moot iiput ion loet tedss min aoosr iippouidua ee iesadua edpo
  real plain: the estimate for eligible electors were made without the benefit
  cipher in : w about the hall at this point although i had been inside it i h
  decrypted : a ehipe elo less ee eldr iidue eselipal d let hoou durdto de d l
  real plain: ard committee and dissembling discounted it inside if so i would
--- iter tau=0.2401 ---
  cipher in : me the new york times without changing a comma each has its pecu
  decrypted : po elo uoa sins edpor adelipe ileuadua e iippe oeil ler der ioip
  real plain: ni in new york to ask them for contributions to the graham memor
  cipher in : ome in a blackandyellow polkadotted slicker bearing down on him 
  decrypted : ipo du e hseiseutsossia iissetieeot rsdison hoendua tiau iu ldp 
  real plain: iaison officer to critically important new york city walton who 
--- iter tau=0.2401 ---
  cipher in :  to which is wired a milliampere flashlighttype bulb tests have 
  decrypted :  ei aldil dr adnot e pdssdepiono mserlsdaleesio hpsh eorer leao 
  real plain: icate finally the forces of authoritarianism protrujillo and pro
  cipher in : mie country in a single week my reputations my stock in trade to
  decrypted : pdo iipuens du e rduaso aoos ps noipeeediur ps reiis du eneto ei
  real plain:  humble their approach to life direct and unsophisticated whatev
--- iter tau=0.2401 ---
  cipher in : kee pitcher who sells mutual funds in denver dimaggio still was 
  decrypted : soo ideilon ali rossr ppepes mputr du touaon tdpeaadi redss aer 
  real plain:  the snake reaches its maturity it has already reached about its
  cipher in : rapping food particles increasing the likelihood of rapid decay 
  decrypted : neiidua miit ienedisor duinoerdua elo sdsosdliit im neidt toies 
  real plain: f hands above a clothesline and the flutter of garments hung the
--- iter tau=0.2401 ---
  cipher in : f guns and propaganda materials to south america it would be the
  decrypted : m apur eut iniieaeute peeondesr ei ripel epondie de aipst ho elo
  real plain:  after a fashion he envied in time he grew to depend upon her oc
  cipher in : e time period in which it would become operational it was decide
  decrypted : o edpo iondit du aldil de aipst hoiipo iioneediues de aer toidto
  real plain: imean war the american civil war and the franchise struggle trev
--- iter tau=0.2401 ---
  cipher in : e boy who was my patient i began to understand the uncanny effec
  decrypted : o his ali aer ps ieedoue d hoaeu ei putonreeut elo puieuus ommoi
  real plain: aps of the seton harness over gregs shoulders but this goddamn c
  cipher in : seclusion and quiet and lived there to the end of their days it 
  decrypted : roisprdiu eut spdoe eut sdaot elono ei elo out im elodn tesr de 
  real plain: augural program with the slow and modest entrance of the maidens
learning rate 0.0001000 -> 0.0001000
temperature tau = 0.2353
End of epoch 37 / 80 	 Time Taken: 17 sec
--- iter tau=0.2353 ---
  cipher in :  ahmads blood the crimson tulip stains go tell his aged mother t
  decrypted :  elpetr hsiit elo indpriu epsdi reedur ai eoss ldr eaot pielon e
  real plain:  parents were doing quite well her mother was a good manager and
  cipher in :  as far as i know dreamlessly we met at maxines and decided we w
  decrypted :  er men er d suia tnoepsorrss ao poe ee peiduor eut toidtot ao a
  real plain: than less of an individualist than any of his predecessors for h
--- iter tau=0.2353 ---
  cipher in : flock and the great crowd and to take solace from pauls castigat
  decrypted : msiis eut elo anoee iniat eut ei eeso riseio mnip iepsr ieredaee
  real plain: political campaign we have recourse to the scientificallytrained
  cipher in : hed his style of playing to jazz after listening to two old arms
  decrypted : lot ldr resso im isesdua ei ieuu emeon sdreoudua ei eai ist enpr
  real plain: y in spite of powerful opposition the draft act finally passed c
--- iter tau=0.2353 ---
  cipher in : not questioned why the women said they had seen him wave an exha
  decrypted : uie sporediuot als elo aipou redt elos let roou ldp aeao eu oile
  real plain: t was with granny dying but they all agreed she wouldnt have wan
  cipher in : ind both increased percentages and a previously stated intention
  decrypted : dut hiel duinoerot ionioueeaor eut e inoadiprss reeeot dueouediu
  real plain:  plan for the capitals franklin d roosevelt memorial a circle of
--- iter tau=0.2353 ---
  cipher in : ine habits within a context of developing autonomy and initiativ
  decrypted : duo lehder adeldu e iiueoie im toaosiidua epeiuips eut dudedeeda
  real plain: nes of boston president kennedy couldnt stay away from his desk 
  cipher in : ested by the secretary general as i understand it to discuss wit
  decrypted : oreot hs elo roinoeens aouones er d putonreeut de ei tdriprr ade
  real plain: etty the inside of their place was full of new furniture five bu
--- iter tau=0.2353 ---
  cipher in :  will understand what i mean it is at least possible that the ca
  decrypted :  adss putonreeut alee d poeu de dr ee soere iirrdhso elee elo ie
  real plain: e in them well walk up there later its perhaps a mile from here 
  cipher in : is paid if the check is not good and the april or other due date
  decrypted : dr iedt dm elo ilois dr uie aiit eut elo einds in ielon tpo teeo
  real plain: hs indeed it was probably to mr morses advantage to have mr and 
--- iter tau=0.2353 ---
  cipher in : government decided to end a ban on sharing military secrets with
  decrypted : aiaonupoue toidtot ei out e heu iu rlendua pdsdeens roinoer adel
  real plain: ackle executive powers the final decision went to the executive 
  cipher in : on his rights as a world citizen to the first ranks of twentieth
  decrypted : iu ldr ndaler er e ainst ideduou ei elo mdnre neusr im eaouedoel
  real plain:  on the trot until december hitched to a breaking cart once arou
--- iter tau=0.2353 ---
  cipher in : t be ready to tackle history economics and political science ind
  decrypted : e ho noets ei eeisso ldreins oiiuipdir eut iisdedies ridouio dut
  real plain: ect save one both were eccentrics of the purest ray serene alexa
  cipher in : large room the remnants of stale smoke which drifted about in pa
  decrypted : senao niip elo nopueuer im reeso rpiso aldil tndmeot ehipe du ie
  real plain:  already beginning to thin and recede at the sides and abel look
--- iter tau=0.2353 ---
  cipher in : d as a marker such an animal has frequently been the downfall of
  decrypted : t er e penson rpil eu eudpes ler mnospouess hoou elo tiaumess im
  real plain: in surprise then noticed that fred powell was clutching his ches
  cipher in : miscalculation he has gained only one thing he has exploded a me
  decrypted : pdriesipseediu lo ler aeduot iuss iuo eldua lo ler oiisitot e po
  real plain: ly of the expenditures for the department of defense are for pro
saving the latest model (epoch 38, total_iters 1520000)
--- iter tau=0.2353 ---
  cipher in : ody on the bed covered by a blanket several slugs fired into the
  decrypted : its iu elo hot iiaonot hs e hseusoe roaones rspar mdnot duei elo
  real plain: re of the war was not to be considered seriously true there had 
  cipher in : rful obedience brilliant heroism and high qualities in battle sh
  decrypted : nmps ihotdouio hndssdeue lonidrp eut ldal spesdedor du heeeso rl
  real plain:  the square takes its name was erected by the emperor marcus aur
--- iter tau=0.2353 ---
  cipher in : to grass shootin em out was gettin cattle out of a corral onto t
  decrypted : ei anerr rliiedu op ipe aer aoeedu ieeeso ipe im e iinnes iuei e
  real plain: re that none of the effects of this story were consciously emplo
  cipher in : d such societies should stress our sympathy for the emerging soc
  decrypted : t rpil riidoedor rlipst renorr ipn rspieels min elo oponadua rii
  real plain:  of the stockholders of du pont and general motors and to consid
--- iter tau=0.2353 ---
  cipher in : ily about the new world she has seen open before her ronnie has 
  decrypted : dss ehipe elo uoa ainst rlo ler roou iiou homino lon niuudo ler 
  real plain: eat conductor can bring soloist orchestra and music to ultimate 
  cipher in : ing the vessel considerably the drive would adjust to a onegee d
  decrypted : dua elo aorros iiurdtonehss elo tndao aipst etipre ei e iuoaoo t
  real plain: ent she was told by the manservant who opened the door that his 
--- iter tau=0.2353 ---
  cipher in :  st sophia on my left the blue mosque on my right and in a momen
  decrypted :  re riilde iu ps some elo hspo pirspo iu ps ndale eut du e pipou
  real plain: available to him your finger tips the happy one could never have
  cipher in :  of the tragedy of dag hammarskjolds death to turn the entire un
  decrypted :  im elo eneaots im tea leppenrsiistr toeel ei epnu elo ouedno pu
  real plain: s late as in the bestselling novel so red the rose by stark youn
--- iter tau=0.2353 ---
  cipher in : e symphonys golden anniversary season it was announced the guest
  decrypted : o rspiliusr aistou euudaonrens roeriu de aer euuipuiot elo apore
  real plain:  because baker had sent him to the mexican border in to investig
  cipher in :  handle this one he turned back to the screens the crucial concl
  decrypted :  leutso eldr iuo lo epnuot heis ei elo rinoour elo inpides iiuis
  real plain: ltiple and ambivalent identities of their passage from child to 
learning rate 0.0001000 -> 0.0001000
temperature tau = 0.2305
End of epoch 38 / 80 	 Time Taken: 17 sec
--- iter tau=0.2305 ---
  cipher in :  did you go to their funeral i was wrong i admitted comedy didnt
  decrypted :  tdt sip ai ei elodn mpuones d aer aniua d etpdeeot iipots tdtue
  real plain: nt have tended to dress their dancers in simple lines and solid 
  cipher in :  ikeykikey caricature of the yiddish intellectual at other point
  decrypted :  dsossdsos iendieepno im elo sdttdrl dueossoiepes ee ielon iidue
  real plain: in at am and end at pm in the auditorium of the library and fine
--- iter tau=0.2305 ---
  cipher in : xplosion did not mean much guns were going off all over washingt
  decrypted : iisirdiu tdt uie poeu ppil apur aono aidua imm ess iaon aerlduae
  real plain: d and directed to cover into the yugoslav claims fund the sum of
  cipher in : on futuretime orientation in favor of sociability moral relativi
  decrypted : iu mpepnoedpo indoueeediu du meain im riidehdsdes pines noseedad
  real plain: is unhappily uniqueingrownscrewedup breed their reading and thin
--- iter tau=0.2305 ---
  cipher in : dale when he was arrested with the two civil servants outside th
  decrypted : teso alou lo aer ennoreot adel elo eai idads ronaeuer iperdto el
  real plain: ed analogy to say that this is what thomas did to poetry the spe
  cipher in : t saxons and wh stevensons dr guest and the english conquest of 
  decrypted : e reiiur eut al reoaouriur tn apore eut elo ouasdrl iiuspore im 
  real plain: oots and will live for the blessing of generations to come miss 
--- iter tau=0.2305 ---
  cipher in : n a wellknown school for any part of the span the other ivies ha
  decrypted : u e aosssuiau riliis min eus iene im elo rieu elo ielon dador le
  real plain: disillusionment turn somewhat as they do for the naive hero of d
  cipher in : f the civil war emancipation was achieved long before the christ
  decrypted : m elo idads aen opeuidieediu aer eildoaot siua homino elo ilndre
  real plain: rsty dictator of the dominican republic for years perhaps deserv
--- iter tau=0.2305 ---
  cipher in :  still ruled as they waited for supper they sat by the fire glas
  decrypted :  redss npsot er elos aedeot min rpiion elos ree hs elo mdno aser
  real plain:  products research foundation to help bricklayers do better work
  cipher in : sel smoke passed briefly through his mind back alleys were their
  decrypted : ros rpiso ierrot hndomss elnipal ldr pdut heis essosr aono elodn
  real plain:  might be said to be an upper or an uppermiddleclass bias but th
--- iter tau=0.2305 ---
  cipher in : nceptions one may find in it utopian communism remains as an int
  decrypted : uioiediur iuo pes mdut du de peiideu iipppudrp nopedur er eu due
  real plain: amous document that comes out of this dispute is perhaps sir phi
  cipher in : ous etes matinals she greeted them pleasantly alex explained tha
  decrypted : ipr oeor peeduesr rlo anooeot elop isoereuess esoi oiiseduot ele
  real plain: he writing are all qualities which hold ones attention with the 
--- iter tau=0.2305 ---
  cipher in : icken choking then lays it upon her heaving bosom with an unnatu
  decrypted : disou ilisdua elou sesr de piiu lon loeadua hirip adel eu puueep
  real plain:  judicious attitude that he read some of the books assigned to h
  cipher in : e college it is the purpose of this magazine to serve as an outl
  decrypted : o iissoao de dr elo ipniiro im eldr peaeuduo ei ronao er eu ipes
  real plain: ndation for the next fiscal year specifically congress should co
--- iter tau=0.2305 ---
  cipher in :  and the protestant succession the three forming together a deta
  decrypted :  eut elo inieoreeue rpiiorrdiu elo elnoo minpdua eiaoelon e toee
  real plain: es which incorporated this hegelian abstraction and saw law dome
  cipher in : h number of successes x is paired with its probability of occurr
  decrypted : l upphon im rpiiorror i dr iednot adel der inihehdsdes im iiipnn
  real plain: r battens are glued and screwed to the flooring the exception is
--- iter tau=0.2305 ---
  cipher in : the best vineyards or the best parts of them he may also be the 
  decrypted : elo hore aduosentr in elo hore iener im elop lo pes esri ho elo 
  real plain: icate finally the forces of authoritarianism protrujillo and pro
  cipher in : es it was testified range was a vital detail designs of parts we
  decrypted : or de aer eoredmdot neuao aer e adees toeeds tordaur im iener ao
  real plain:  humble their approach to life direct and unsophisticated whatev
--- iter tau=0.2305 ---
  cipher in :  approval of her womanly good sense rests the tissues he said an
  decrypted :  eiiniaes im lon aipeuss aiit rouro norer elo edrrpor lo redt eu
  real plain: ns require the inscription of each individual male or female adu
  cipher in : hborhoods subjects individual differences in maturation and the 
  decrypted : lhinliitr rphioier dutdadtpes tdmmonouior du peepneediu eut elo 
  real plain: s was lying or insisting on a private definition of antisemitism
--- iter tau=0.2305 ---
  cipher in : h came into town with this imposing list of averages smoky burge
  decrypted : l iepo duei eiau adel eldr dpiirdua sdre im eaoneaor rpiss hpnao
  real plain: tively admitted for next fall after state investigators question
  cipher in :  fiction has always assumed that the creatures on the planets of
  decrypted :  mdiediu ler esaesr errppot elee elo inoeepnor iu elo iseuoer im
  real plain: te system of personal contacts and have experts constantly study
--- iter tau=0.2305 ---
  cipher in :  enemy whatever force they might have as that small party in thi
  decrypted :  ouops aleeoaon minio elos pdale leao er elee rpess ienes du eld
  real plain: freshing deep peep show the viewers of the deep peep show at th 
  cipher in : d forms and explaining how the information is to be summarized a
  decrypted : t minpr eut oiisedudua lia elo duminpeediu dr ei ho rpppenduot e
  real plain: lish by dutton co of new york in the book was received by the pr
learning rate 0.0001000 -> 0.0001000
temperature tau = 0.2259
End of epoch 39 / 80 	 Time Taken: 17 sec
--- iter tau=0.2259 ---
  cipher in : y will not misuse the power we put in their hands to our hurt bu
  decrypted : s adss uie pdrpro elo iiaon ao ipe du elodn leutr ei ipn lpne hp
  real plain:  parents were doing quite well her mother was a good manager and
  cipher in : sity of north carolina and two at harvard and fred had been in a
  decrypted : rdes im uinel ienisdue eut eai ee lenaent eut mnot let hoou du e
  real plain: than less of an individualist than any of his predecessors for h
--- iter tau=0.2259 ---
  cipher in : rouched behind it i have heard people talk with contempt about t
  decrypted : nipilot holdut de d leao loent ioiiso eess adel iiueopie ehipe e
  real plain: s own hands have committed his guilty conscience projects itself
  cipher in :  south snowballs toward further urbanization it becomes more and
  decrypted :  ripel ruiahessr eiaent mpnelon pnheudueediu de hoiipor pino eut
  real plain: e let the germans do this i have sat many hours with this styka 
--- iter tau=0.2259 ---
  cipher in : nst suggestions and criticisms by anyone except peer friends dur
  decrypted : ure rpaaorediur eut indedidrpr hs eusiuo oiioie ioon mndoutr tpn
  real plain: ct that the old roman was referring to change made under militar
  cipher in :  not typical hes pretty special his may typify a certain kind of
  decrypted :  uie esidies lor inoees rioides ldr pes esidms e ioneedu sdut im
  real plain: ancers of bali on march hollywood a southeast library workshop w
--- iter tau=0.2259 ---
  cipher in :  the beehunter johnson jones hooper whose character simon suggs 
  decrypted :  elo hoolpueon iiluriu iiuor liiion aliro ileneieon rdpiu rpaar 
  real plain:  ceiling near it was a metal ladder on casters attached to the t
  cipher in : ked and muddied and your life was at stake probably people were 
  decrypted : sot eut ppttdot eut sipn sdmo aer ee reeso inihehss ioiiso aono 
  real plain: ves breathes and thinks for the good of the people hughes asked 
--- iter tau=0.2259 ---
  cipher in : top horsewoman and one of the citys most gracious hostesses alth
  decrypted : eii linroaipeu eut iuo im elo idesr pire aneidipr lireorror esel
  real plain: peech only hardy would say a grin of bitterness swept thereby li
  cipher in : eignty in these two preambles the worst war of the nineteenth ce
  decrypted : odaues du eloro eai inoephsor elo ainre aen im elo uduoeoouel io
  real plain: st be attributed either to trace impurities or to variation in w
--- iter tau=0.2259 ---
  cipher in : f borrioboolagha was so intense that she quite forgot and neglec
  decrypted : m hinndihiiseale aer ri dueouro elee rlo spdeo minaie eut uoasoi
  real plain:  gen taylor to make an inspection trip at this time communist gu
  cipher in : be abolished the work week of attendants who are on duty hours a
  decrypted : ho ehisdrlot elo ains aoos im eeeouteuer ali eno iu tpes lipnr e
  real plain: and palm oil the colony was administered from brussels with neit
--- iter tau=0.2259 ---
  cipher in : ng force is af where yl is the shear strength of the coating and
  decrypted : ua minio dr em alono ss dr elo rloen renouael im elo iieedua eut
  real plain: hose who recall easily the statues of bernini and the gigantic p
  cipher in : oon that he dropped the shorts on the floor now im not going to 
  decrypted : iiu elee lo tniiiot elo rliner iu elo msiin uia dp uie aidua ei 
  real plain: ty that would arrive by next ship this went faster than schedule
--- iter tau=0.2259 ---
  cipher in : provisations and he has a quiet way of getting back and restatin
  decrypted : iniadreediur eut lo ler e spdoe aes im aoeedua heis eut noreeedu
  real plain: the estimate for eligible electors were made without the benefit
  cipher in : se legislation has already been proposed to authorize the sale o
  decrypted : ro soadrseediu ler esnoets hoou iniiirot ei epelinduo elo reso i
  real plain: ard committee and dissembling discounted it inside if so i would
[Rank 0] (epoch: 40, iters: 22528, time: 0.000, data: 0.001) , D_A: 1.585, G_A: -1.749, cycle_A: 0.014, D_B: 2.219, G_B: -1.725, cycle_B: 0.053

saving the latest model (epoch 40, total_iters 1600000)
--- iter tau=0.2259 ---
  cipher in : ata did not permit douglass to determine uniquely the space grou
  decrypted : eee tdt uie ionpde tipaserr ei toeonpduo pudsposs elo rieio anip
  real plain: re of the war was not to be considered seriously true there had 
  cipher in : ear warfare itself that dilemma is as much with us as ever the s
  decrypted : oen aenmeno derosm elee tdsoppe dr er ppil adel pr er oaon elo r
  real plain:  the square takes its name was erected by the emperor marcus aur
--- iter tau=0.2259 ---
  cipher in : ber he finished with the team and filled his pipe and stood look
  decrypted : hon lo mdudrlot adel elo eoep eut mdssot ldr idio eut reiit siis
  real plain: e networks for military communications are one of the best examp
  cipher in : d of nuclear weapons to other countries as well as a fatal blow 
  decrypted : t im upisoen aoeiiur ei ielon iipuendor er aoss er e meees hsia 
  real plain: ld one day discover but he was perpetually engaged in a battle t
--- iter tau=0.2259 ---
  cipher in :  structures various of the apartments are of the terrace type be
  decrypted :  renpiepnor aendipr im elo eienepouer eno im elo eonneio esio ho
  real plain:  the snake reaches its maturity it has already reached about its
  cipher in : collage as too constricting and had suddenly tried to escape all
  decrypted : iisseao er eii iiurendiedua eut let rpttouss endot ei orieio ess
  real plain: f hands above a clothesline and the flutter of garments hung the
--- iter tau=0.2259 ---
  cipher in : rking attendant was busy with a customer then slipped around the
  decrypted : nsdua eeeouteue aer hprs adel e ipreipon elou rsdiiot eniput elo
  real plain:  after a fashion he envied in time he grew to depend upon her oc
  cipher in : lortv system to view the results fig is a simplified block diagr
  decrypted : sinea rsreop ei adoa elo norpser mda dr e rdpisdmdot hsiis tdean
  real plain: imean war the american civil war and the franchise struggle trev
--- iter tau=0.2259 ---
  cipher in : r was wholly foreign to me large warehouses flanked the street o
  decrypted : n aer alisss minodau ei po senao aenolipror mseusot elo renooe i
  real plain: aps of the seton harness over gregs shoulders but this goddamn c
  cipher in : tance too much pressure will force the tool beyond its cutting c
  decrypted : eeuio eii ppil inorrpno adss minio elo eiis hosiut der ipeedua i
  real plain: augural program with the slow and modest entrance of the maidens
learning rate 0.0001000 -> 0.0001000
temperature tau = 0.2213
saving the model at the end of epoch 40, iters 1617920
End of epoch 40 / 80 	 Time Taken: 18 sec
--- iter tau=0.2213 ---
  cipher in : h meets zg in af points the second requires that there be a line
  decrypted : l pooer ua du em iiduer elo roiiut nospdnor elee elono ho e sduo
  real plain:  establishments overseas to finance private investment and to pr
  cipher in : ho know about them are too far down the line to be able to do an
  decrypted : li suia ehipe elop eno eii men tiau elo sduo ei ho ehso ei ti eu
  real plain:  not the utilities available nearby may provide a savings in the
--- iter tau=0.2213 ---
  cipher in : business transactions has in recent years fallen substantially s
  decrypted : hprduorr eneureiediur ler du noioue soenr messou rphreeuedesss r
  real plain: political campaign we have recourse to the scientificallytrained
  cipher in : t a secular version of its counterpart in evangelical protestant
  decrypted : e e roipsen aonrdiu im der iipueoniene du oaeuaosdies inieoreeue
  real plain: y in spite of powerful opposition the draft act finally passed c
--- iter tau=0.2213 ---
  cipher in : t at the rates then existing insufficient for their requirements
  decrypted : e ee elo neeor elou oidredua durpmmdidoue min elodn nospdnopouer
  real plain: t was with granny dying but they all agreed she wouldnt have wan
  cipher in : get things squared away than the bankers expected any shareholde
  decrypted : aoe elduar rspenot eaes eleu elo heusonr oiioieot eus rlenolisto
  real plain:  plan for the capitals franklin d roosevelt memorial a circle of
--- iter tau=0.2213 ---
  cipher in : hammock at night and it gets kinda cool you know you just take t
  decrypted : leppiis ee udale eut de aoer sdute iiis sip suia sip ipre eeso e
  real plain: nes of boston president kennedy couldnt stay away from his desk 
  cipher in : e to assume that this will qualify when you suggest a community 
  decrypted : o ei errppo elee eldr adss spesdms alou sip rpaaore e iipppudes 
  real plain: etty the inside of their place was full of new furniture five bu
--- iter tau=0.2213 ---
  cipher in : ration present due to the effect of wind gusts engine noise turb
  decrypted : neediu inoroue tpo ei elo ommoie im adut aprer ouaduo uidro epnh
  real plain: e in them well walk up there later its perhaps a mile from here 
  cipher in : ollege days by ted place director of greater miami youth for chr
  decrypted : issoao tesr hs eot iseio tdnoiein im anoeeon pdepd sipel min iln
  real plain: hs indeed it was probably to mr morses advantage to have mr and 
--- iter tau=0.2213 ---
  cipher in : by means of geographical isolation and high fertility rates inbr
  decrypted : hs poeur im aoianeildies driseediu eut ldal monedsdes neeor duhn
  real plain: ackle executive powers the final decision went to the executive 
  cipher in : o accede to williams wishes in any way that did not block his ul
  decrypted : i eiioto ei adssdepr adrlor du eus aes elee tdt uie hsiis ldr ps
  real plain:  on the trot until december hitched to a breaking cart once arou
--- iter tau=0.2213 ---
  cipher in : centers too exclusively on bright is insufficiently appreciative
  decrypted : ioueonr eii oiisprdaoss iu hndale dr durpmmdidouess eiinoideedao
  real plain: ect save one both were eccentrics of the purest ray serene alexa
  cipher in : idered bright enough to be confused with the staining of small a
  decrypted : dtonot hndale ouipal ei ho iiumprot adel elo reedudua im rpess e
  real plain:  already beginning to thin and recede at the sides and abel look
--- iter tau=0.2213 ---
  cipher in : nals and tested imports is increasing production expense produce
  decrypted : uesr eut eoreot dpiiner dr duinoerdua initpiediu oiiouro initpio
  real plain: es which incorporated this hegelian abstraction and saw law dome
  cipher in : nk and provocative remarks when in doubt as to two courses of ac
  decrypted : us eut iniaiieedao nopensr alou du tiphe er ei eai iipnror im ei
  real plain: r battens are glued and screwed to the flooring the exception is
--- iter tau=0.2213 ---
  cipher in : e dirty brownish ones of their auxiliaries captain androfski and
  decrypted : o tdnes hniaudrl iuor im elodn epidsdendor ieieedu eutnimrsd eut
  real plain: hout the land they say it helps them bring back into schools the
  cipher in : r with the grave dangers physical moral and religious thereby in
  decrypted : n adel elo aneao teuaonr ilsrdies pines eut nosdadipr elonohs du
  real plain: d rapidly at first but then baldy began to draw away somewhere i
--- iter tau=0.2213 ---
  cipher in : d the district of columbia and excludes the virgin islands guam 
  decrypted : t elo tdrendie im iispphde eut oiisptor elo adnadu drseutr apep 
  real plain: re that none of the effects of this story were consciously emplo
  cipher in : en it is no longer possible to replenish that core from the neig
  decrypted : ou de dr ui siuaon iirrdhso ei noisoudrl elee iino mnip elo uoda
  real plain:  of the stockholders of du pont and general motors and to consid
--- iter tau=0.2213 ---
  cipher in : of the united states into an atlantic community or economic empi
  decrypted : im elo pudeot reeeor duei eu eeseuedi iipppudes in oiiuipdi opid
  real plain: eat conductor can bring soloist orchestra and music to ultimate 
  cipher in : ents in thermoforming stem from original work done with signs an
  decrypted : ouer du elonpiminpdua reop mnip indadues ains tiuo adel rdaur eu
  real plain: ent she was told by the manservant who opened the door that his 
--- iter tau=0.2213 ---
  cipher in :  above all read in jens bjerres the last cannibal show the old m
  decrypted :  ehiao ess noet du iour hionnor elo sere ieuudhes rlia elo ist p
  real plain: available to him your finger tips the happy one could never have
  cipher in : f which the redcoat soldiers emerged with their bayonets and the
  decrypted : m aldil elo notiiee ristdonr oponaot adel elodn hesiuoer eut elo
  real plain: s late as in the bestselling novel so red the rose by stark youn
--- iter tau=0.2213 ---
  cipher in : ition to the heart and aorta successful measurements of liver an
  decrypted : dediu ei elo loene eut einee rpiiorrmps poerpnopouer im sdaon eu
  real plain:  because baker had sent him to the mexican border in to investig
  cipher in : g of relatively stable interrelationships among its parts includ
  decrypted : a im noseedaoss reehso dueonnoseediurldir epiua der iener duispt
  real plain: ltiple and ambivalent identities of their passage from child to 
learning rate 0.0001000 -> 0.0001000
temperature tau = 0.2169
End of epoch 41 / 80 	 Time Taken: 17 sec
--- iter tau=0.2169 ---
  cipher in :  as much to bobbie bobbie will take the job as his just reward a
  decrypted :  er ppil ei hihhdo hihhdo adss eeso elo iih er ldr ipre noaent e
  real plain: nt have tended to dress their dancers in simple lines and solid 
  cipher in :  most irrelevant and illogical comparisons a chance remark about
  decrypted :  pire dnnosoaeue eut dssiadies iipiendriur e ileuio nopens ehipe
  real plain: in at am and end at pm in the auditorium of the library and fine
--- iter tau=0.2169 ---
  cipher in :  his church door not only his parishioners but the whole town an
  decrypted :  ldr ilpnil tiin uie iuss ldr iendrldiuonr hpe elo aliso eiau eu
  real plain: d and directed to cover into the yugoslav claims fund the sum of
  cipher in :  internal portions of cells in a different color where the micro
  decrypted :  dueonues iinediur im iossr du e tdmmonoue iisin alono elo pdini
  real plain: is unhappily uniqueingrownscrewedup breed their reading and thin
--- iter tau=0.2169 ---
  cipher in : said it would post hour guards at gladdens home and at those of 
  decrypted : redt de aipst iire lipn apentr ee asettour lipo eut ee eliro im 
  real plain: ed analogy to say that this is what thomas did to poetry the spe
  cipher in : nk and white tones predominating as well as golden shades are us
  decrypted : us eut aldeo eiuor inotipdueedua er aoss er aistou rletor eno pr
  real plain: oots and will live for the blessing of generations to come miss 
--- iter tau=0.2169 ---
  cipher in : ces would it ever be right to permit the termination of the huma
  decrypted : ior aipst de oaon ho ndale ei ionpde elo eonpdueediu im elo lppe
  real plain: disillusionment turn somewhat as they do for the naive hero of d
  cipher in : ob schmitt of berea hopes to cut his labor costs another per hou
  decrypted : ih rilpdee im honoe liior ei ipe ldr sehin iirer euielon ion lip
  real plain: rsty dictator of the dominican republic for years perhaps deserv
--- iter tau=0.2169 ---
  cipher in : n it for bugs captain musmannos renovated schooner with the flam
  decrypted : u de min hpar ieieedu pprpeuuir nouiaeeot riliiuon adel elo msep
  real plain:  products research foundation to help bricklayers do better work
  cipher in : own course somewhere between these two extreme cases according t
  decrypted : iau iipnro ripoalono hoeaoou eloro eai oienopo ieror eiiintdua e
  real plain:  might be said to be an upper or an uppermiddleclass bias but th
--- iter tau=0.2169 ---
  cipher in :  made negro radio programs famous the sociological impact is per
  decrypted :  peto uoani netdi inianepr mepipr elo riidisiadies dpieie dr ion
  real plain: amous document that comes out of this dispute is perhaps sir phi
  cipher in :  shayne said i know it was tim his voice was chilling and cold d
  decrypted :  rlesuo redt d suia de aer edp ldr aidio aer ildssdua eut iist t
  real plain: he writing are all qualities which hold ones attention with the 
--- iter tau=0.2169 ---
  cipher in : onspire to defy season and banish spoilage and in the wake of th
  decrypted : iuridno ei toms roeriu eut heudrl riidseao eut du elo aeso im el
  real plain: the estimate for eligible electors were made without the benefit
  cipher in : ance and landscapes suggest the influence of western color on hi
  decrypted : euio eut seutrieior rpaaore elo dumspouio im aoreonu iisin iu ld
  real plain: ard committee and dissembling discounted it inside if so i would
saving the latest model (epoch 42, total_iters 1680000)
--- iter tau=0.2169 ---
  cipher in : lant is a short period of preemployment training for a large num
  decrypted : seue dr e rline iondit im inoopisispoue enedudua min e senao upp
  real plain: ni in new york to ask them for contributions to the graham memor
  cipher in : n of predisposition with which they and the people around them e
  decrypted : u im inotdriirdediu adel aldil elos eut elo ioiiso eniput elop o
  real plain: iaison officer to critically important new york city walton who 
--- iter tau=0.2169 ---
  cipher in : tening delayed menstruation the sufferer drinks tansy tea bruise
  decrypted : eoudua tosesot pourenpeediu elo rpmmonon tndusr eeurs eoe hnpdro
  real plain: icate finally the forces of authoritarianism protrujillo and pro
  cipher in : ars petes son was rejected hanford college little ivy league had
  decrypted : enr ioeor riu aer noioieot leumint iissoao sdeeso das soeapo let
  real plain:  humble their approach to life direct and unsophisticated whatev
--- iter tau=0.2169 ---
  cipher in :  old friend jean arp and confided to him his new resolutions arp
  decrypted :  ist mndout ioeu eni eut iiumdtot ei ldp ldr uoa norispediur eni
  real plain: ns require the inscription of each individual male or female adu
  cipher in : in brandy and that koussevitzkys second cousin was an intimate o
  decrypted : du hneuts eut elee siprroadeussr roiiut iiprdu aer eu duedpeeo i
  real plain: s was lying or insisting on a private definition of antisemitism
--- iter tau=0.2169 ---
  cipher in : infringements of the same patent the vast industrial interests c
  decrypted : dumnduaopouer im elo repo ieeoue elo aere dutprendes dueonorer i
  real plain: tively admitted for next fall after state investigators question
  cipher in : on wagon feeling in his trouser cuffs for the ignition key which
  decrypted : iu aeaiu moosdua du ldr enipron ipmmr min elo daudediu sos aldil
  real plain: te system of personal contacts and have experts constantly study
--- iter tau=0.2169 ---
  cipher in : dle classes it could be argued that only such neighborhoods can 
  decrypted : tso iserror de iipst ho enapot elee iuss rpil uodalhinliitr ieu 
  real plain: freshing deep peep show the viewers of the deep peep show at th 
  cipher in :  the fact that student leaders are more likely to be supporters 
  decrypted :  elo meie elee reptoue soetonr eno pino sdsoss ei ho rpiiineonr 
  real plain: lish by dutton co of new york in the book was received by the pr
learning rate 0.0001000 -> 0.0001000
temperature tau = 0.2125
End of epoch 42 / 80 	 Time Taken: 17 sec
--- iter tau=0.2125 ---
  cipher in : ions toward rome and sicily goethe asks in wilhelm meister wheth
  decrypted : diur eiaent nipo eut rdidss aioelo ersr du adslosp podreon aloel
  real plain:  parents were doing quite well her mother was a good manager and
  cipher in : ors at the hospital said he was partially paralyzed on the right
  decrypted : inr ee elo liridees redt lo aer ienedesss ienessuot iu elo ndale
  real plain: than less of an individualist than any of his predecessors for h
--- iter tau=0.2125 ---
  cipher in : y in the little white flakes falling through the blue night i ha
  decrypted : s du elo sdeeso aldeo msesor messdua elnipal elo hspo udale d le
  real plain: s own hands have committed his guilty conscience projects itself
  cipher in : stand why they are classics those who wrote them knew people and
  decrypted : reeut als elos eno iserrdir eliro ali anieo elop suoa ioiiso eut
  real plain: e let the germans do this i have sat many hours with this styka 
--- iter tau=0.2125 ---
  cipher in : r face turned pink with pleasure and a smothered cough you can a
  decrypted : n meio epnuot idus adel isoerpno eut e rpielonot iipal sip ieu e
  real plain: ct that the old roman was referring to change made under militar
  cipher in : n guards three the striped suits of convicts five miles in a sma
  decrypted : u apentr elnoo elo rendiot rpder im iiuadier mdao pdsor du e rpe
  real plain: ancers of bali on march hollywood a southeast library workshop w
--- iter tau=0.2125 ---
  cipher in :  been sent to clean up the gambling and vice rackets wiley lynn 
  decrypted :  hoou roue ei isoeu pi elo aephsdua eut adio neisoer adsos ssuu 
  real plain:  ceiling near it was a metal ladder on casters attached to the t
  cipher in : o take off from foot runways but they would require more powerfu
  decrypted : i eeso imm mnip miie npuaesr hpe elos aipst nospdno pino iiaonmp
  real plain: ves breathes and thinks for the good of the people hughes asked 
--- iter tau=0.2125 ---
  cipher in : i like to think i spun about and clattered through the front roo
  decrypted : d sdso ei eldus d ripu ehipe eut iseeeonot elnipal elo mniue nii
  real plain: peech only hardy would say a grin of bitterness swept thereby li
  cipher in : ng his tenure in the post office at oxford mississippi thirtyfiv
  decrypted : ua ldr eoupno du elo iire immdio ee iimint pdrrdrrdiid eldnesmda
  real plain: st be attributed either to trace impurities or to variation in w
--- iter tau=0.2125 ---
  cipher in :  tourist is likely to see at first only the contrast and the ugl
  decrypted :  eipndre dr sdsoss ei roo ee mdnre iuss elo iiuenere eut elo pas
  real plain:  gen taylor to make an inspection trip at this time communist gu
  cipher in : ings colorado for interpretation to the sac command and control 
  decrypted : duar iisineti min dueoninoeeediu ei elo rei iippeut eut iiuenis 
  real plain: and palm oil the colony was administered from brussels with neit
--- iter tau=0.2125 ---
  cipher in : d require the verification of facts contrary to those assumed in
  decrypted : t nospdno elo aondmdieediu im meier iiuenens ei eliro errppot du
  real plain: ect save one both were eccentrics of the purest ray serene alexa
  cipher in :  there was a measure of protection in its concrete walls and cei
  decrypted :  elono aer e poerpno im inieoiediu du der iiuinoeo aessr eut iod
  real plain:  already beginning to thin and recede at the sides and abel look
--- iter tau=0.2125 ---
  cipher in : e had time to be with us she looked at him in surprise i know he
  decrypted : o let edpo ei ho adel pr rlo siisot ee ldp du rpnindro d suia lo
  real plain: in surprise then noticed that fred powell was clutching his ches
  cipher in : from healthy young secure and relatively inexperienced persons a
  decrypted : mnip loesels sipua roipno eut noseedaoss duoiiondouiot ionriur e
  real plain: ly of the expenditures for the department of defense are for pro
--- iter tau=0.2125 ---
  cipher in : c factors and school board competence as judged by a panel of pr
  decrypted : i meieinr eut riliis hient iipioeouio er iptaot hs e ieuos im in
  real plain: re of the war was not to be considered seriously true there had 
  cipher in : tends to reflect the hostility and indifference of man or else t
  decrypted : eoutr ei nomsoie elo liredsdes eut dutdmmonouio im peu in osro e
  real plain:  the square takes its name was erected by the emperor marcus aur
--- iter tau=0.2125 ---
  cipher in : eah tony calenda casey heard the voice distinctly and he knew wh
  decrypted : oel eius iesoute ieros loent elo aidio tdreduiess eut lo suoa al
  real plain: e networks for military communications are one of the best examp
  cipher in : ade mecum of beginning students of history went through edition 
  decrypted : eto poipp im hoaduudua reptouer im ldreins aoue elnipal otdediu 
  real plain: ld one day discover but he was perpetually engaged in a battle t
--- iter tau=0.2125 ---
  cipher in : his tenn two daughters mrs gene f stoll and miss nancy harris bo
  decrypted : ldr eouu eai tepaleonr pnr aouo m reiss eut pdrr ueuis lenndr hi
  real plain:  the snake reaches its maturity it has already reached about its
  cipher in : airs strategically placed on the far side of the pool where they
  decrypted : ednr reneeoadiesss iseiot iu elo men rdto im elo iiis alono elos
  real plain: f hands above a clothesline and the flutter of garments hung the
--- iter tau=0.2125 ---
  cipher in : hining shoes and laundering clothes sometimes these servants wro
  decrypted : ldudua rlior eut seputondua isielor ripoedpor eloro ronaeuer ani
  real plain:  after a fashion he envied in time he grew to depend upon her oc
  cipher in : ws show even the front page of the santa luisa register resting 
  decrypted : ar rlia oaou elo mniue ieao im elo reuee spdre noadreon noredua 
  real plain: imean war the american civil war and the franchise struggle trev
--- iter tau=0.2125 ---
  cipher in : e a century during which it had undergone several changes in own
  decrypted : o e iouepns tpndua aldil de let putonaiuo roaones ileuaor du iau
  real plain: aps of the seton harness over gregs shoulders but this goddamn c
  cipher in : tythree varieties great big scapulars and hardly any primaries a
  decrypted : eselnoo aendoedor anoee hda rieipsenr eut lentss eus indpendor e
  real plain: augural program with the slow and modest entrance of the maidens
learning rate 0.0001000 -> 0.0001000
temperature tau = 0.2082
End of epoch 43 / 80 	 Time Taken: 17 sec
--- iter tau=0.2082 ---
  cipher in : to the boat lets get away fast said brassnose shaking water from
  decrypted : ei elo hiee soer aoe eaes mere redt hnerruiro rlesdua aeeon mnip
  real plain:  establishments overseas to finance private investment and to pr
  cipher in : stinct crossstriations and myofibrillae the nuclei of these fibe
  decrypted : reduie inirrrendeediur eut psimdhndsseo elo upisod im eloro mdho
  real plain:  not the utilities available nearby may provide a savings in the
--- iter tau=0.2082 ---
  cipher in : ither the situation will give or we will break direct confrontat
  decrypted : delon elo rdepeediu adss adao in ao adss hnoes tdnoie iiumniueee
  real plain: political campaign we have recourse to the scientificallytrained
  cipher in : m but if all alternatives should be clearly blocked off it can b
  decrypted : p hpe dm ess eseonueedaor rlipst ho isoenss hsiisot imm de ieu h
  real plain: y in spite of powerful opposition the draft act finally passed c
--- iter tau=0.2082 ---
  cipher in : uld take care of herself and her ambulatory half in any situatio
  decrypted : pst eeso ieno im lonrosm eut lon ephpseeins lesm du eus rdepeedi
  real plain: t was with granny dying but they all agreed she wouldnt have wan
  cipher in : c nations because it could encompass all of the members of the a
  decrypted : i ueediur hoiepro de iipst ouiipierr ess im elo pophonr im elo e
  real plain:  plan for the capitals franklin d roosevelt memorial a circle of
--- iter tau=0.2082 ---
  cipher in : air with screenings of doris new one lover come back and flower 
  decrypted : edn adel rinoouduar im tindr uoa iuo siaon iipo heis eut msiaon 
  real plain: nes of boston president kennedy couldnt stay away from his desk 
  cipher in : you by faith christ in you your hope of glory colossians it is n
  decrypted : sip hs medel ilndre du sip sipn liio im asins iisirrdeur de dr u
  real plain: etty the inside of their place was full of new furniture five bu
--- iter tau=0.2082 ---
  cipher in : alian flicker opens at popular prices at the loop theater nov my
  decrypted : esdeu msdison iiour ee iiipsen indior ee elo siii eloeeon uia ps
  real plain: e in them well walk up there later its perhaps a mile from here 
  cipher in : lvanic all blank according to these needles theyre stone dead ek
  decrypted : saeudi ess hseus eiiintdua ei eloro uootsor elosno reiuo toet os
  real plain: hs indeed it was probably to mr morses advantage to have mr and 
--- iter tau=0.2082 ---
  cipher in : pengally whose name showed him to be a descendant of the welsh s
  decrypted : iouaesss aliro uepo rliaot ldp ei ho e toriouteue im elo aosrl r
  real plain: amous document that comes out of this dispute is perhaps sir phi
  cipher in :  a typical peremptory message from peru grocer j j hapgood to bu
  decrypted :  e esidies ionopieins porreao mnip ionp aniion i i leiaiit ei hp
  real plain: he writing are all qualities which hold ones attention with the 
--- iter tau=0.2082 ---
  cipher in : ts would not impinge upon his nights nor would his days be haunt
  decrypted : er aipst uie dpiduao piiu ldr udaler uin aipst ldr tesr ho lepue
  real plain:  judicious attitude that he read some of the books assigned to h
  cipher in : re often difficult a few of his examples are of very great inter
  decrypted : no imeou tdmmdipse e moa im ldr oiepisor eno im aons anoee dueon
  real plain: ndation for the next fiscal year specifically congress should co
saving the latest model (epoch 44, total_iters 1760000)
--- iter tau=0.2082 ---
  cipher in :  had ample time to go into a blind somewhere and wait his prey c
  decrypted :  let episo edpo ei ai duei e hsdut ripoalono eut aede ldr inos i
  real plain: es which incorporated this hegelian abstraction and saw law dome
  cipher in : rys head brandt took third and gentile second on the error then 
  decrypted : nsr loet hneute eiis eldnt eut aouedso roiiut iu elo onnin elou 
  real plain: r battens are glued and screwed to the flooring the exception is
--- iter tau=0.2082 ---
  cipher in : nd him simms admired the raucous tales emanating from the backwo
  decrypted : ut ldp rdppr etpdnot elo nepiipr eesor opeueedua mnip elo heisai
  real plain: hout the land they say it helps them bring back into schools the
  cipher in : d expectantly to his touch pompeii rolled over his head undulate
  decrypted : t oiioieeuess ei ldr eipil iipiodd nissot iaon ldr loet putpseeo
  real plain: d rapidly at first but then baldy began to draw away somewhere i
--- iter tau=0.2082 ---
  cipher in : fond of saying formed their inductions out of experience under t
  decrypted : miut im resdua minpot elodn dutpiediur ipe im oiiondouio puton e
  real plain: re that none of the effects of this story were consciously emplo
  cipher in : and see trusting that the massive doses of shellpsychology would
  decrypted : eut roo enpredua elee elo perrdao tiror im rlossirsilisias aipst
  real plain:  of the stockholders of du pont and general motors and to consid
--- iter tau=0.2082 ---
  cipher in : t he brings to his subject his own original mind and his own sen
  decrypted : e lo hnduar ei ldr rphioie ldr iau indadues pdut eut ldr iau rou
  real plain: eat conductor can bring soloist orchestra and music to ultimate 
  cipher in : ams or funds for the purpose of attracting new industry the oppo
  decrypted : epr in mputr min elo ipniiro im eeeneiedua uoa dutprens elo iiii
  real plain: ent she was told by the manservant who opened the door that his 
--- iter tau=0.2082 ---
  cipher in : t medical exhibits and the museum collected new accessions of mi
  decrypted : e potdies oildhder eut elo ppropp iissoieot uoa eiiorrdiur im pd
  real plain: available to him your finger tips the happy one could never have
  cipher in : h for chicago when the university of chicagos chancellor lawrenc
  decrypted : l min ildieai alou elo pudaonrdes im ildieair ileuiossin seanoui
  real plain: s late as in the bestselling novel so red the rose by stark youn
--- iter tau=0.2082 ---
  cipher in : onclusions will be a reasonable approximation the direction of t
  decrypted : iuisprdiur adss ho e noeriuehso eiiniidpeediu elo tdnoiediu im e
  real plain:  because baker had sent him to the mexican border in to investig
  cipher in : x tiered bunks each one screened off with a curtain and projecti
  decrypted : i edonot hpusr oeil iuo rinoouot imm adel e ipneedu eut iniioied
  real plain: ltiple and ambivalent identities of their passage from child to 
learning rate 0.0001000 -> 0.0001000
temperature tau = 0.2040
End of epoch 44 / 80 	 Time Taken: 17 sec
--- iter tau=0.2040 ---
  cipher in : er feel faint and in tokyo where she had gone that summer she ha
  decrypted : on moos medue eut du eissi alono rlo let aiuo elee rpppon rlo le
  real plain: nt have tended to dress their dancers in simple lines and solid 
  cipher in : nd policies especially in the medical field this will mean that 
  decrypted : ut iisdidor orioidesss du elo potdies mdost eldr adss poeu elee 
  real plain: in at am and end at pm in the auditorium of the library and fine
--- iter tau=0.2040 ---
  cipher in :  collective life to the nation to conformity to christian standa
  decrypted :  iissoiedao sdmo ei elo ueediu ei iiuminpdes ei ilndredeu reeute
  real plain: d and directed to cover into the yugoslav claims fund the sum of
  cipher in : on the process of boundary maintenance identifies and preserves 
  decrypted : iu elo iniiorr im hiputens pedueoueuio dtouedmdor eut inoronaor 
  real plain: is unhappily uniqueingrownscrewedup breed their reading and thin
--- iter tau=0.2040 ---
  cipher in : e little newt hung back until the little eye had grown up to it 
  decrypted : o sdeeso uoae lpua heis pueds elo sdeeso oso let aniau pi ei de 
  real plain: ed analogy to say that this is what thomas did to poetry the spe
  cipher in : d to their home in colorado springs after spending a few days at
  decrypted : t ei elodn lipo du iisineti rinduar emeon rioutdua e moa tesr ee
  real plain: oots and will live for the blessing of generations to come miss 
--- iter tau=0.2040 ---
  cipher in : heavy slack bestubbled jaw open and close to emit the cruel obsc
  decrypted : loeas rseis horephhsot iea iiou eut isiro ei opde elo inpos ihri
  real plain: disillusionment turn somewhat as they do for the naive hero of d
  cipher in : attack the only way out of this state of affairs is agreement to
  decrypted : eeeeis elo iuss aes ipe im eldr reeeo im emmednr dr eanoopoue ei
  real plain: rsty dictator of the dominican republic for years perhaps deserv
--- iter tau=0.2040 ---
  cipher in : ied for this procedure before the accelerometers are mounted on 
  decrypted : dot min eldr iniiotpno homino elo eiiosonipoeonr eno pipueot iu 
  real plain:  gen taylor to make an inspection trip at this time communist gu
  cipher in : as no attempt to halt them pausing in the outside door to glance
  decrypted : er ui eeeopie ei lese elop ieprdua du elo iperdto tiin ei aseuio
  real plain: and palm oil the colony was administered from brussels with neit
--- iter tau=0.2040 ---
  cipher in : d desired goals with a minimum of misunderstanding like yourselv
  decrypted : t tordnot aiesr adel e pdudppp im pdrputonreeutdua sdso sipnrosa
  real plain: hose who recall easily the statues of bernini and the gigantic p
  cipher in : rgents harris has indicated that two devices the launderometer a
  decrypted : naouer lenndr ler dutdieeot elee eai toadior elo seputonipoeon e
  real plain: ty that would arrive by next ship this went faster than schedule
--- iter tau=0.2040 ---
  cipher in :  were moist and soft so the golfers were able to strike their ap
  decrypted :  aono pidre eut rime ri elo aismonr aono ehso ei rendso elodn ei
  real plain: the estimate for eligible electors were made without the benefit
  cipher in :  the book it is not peripheral but central the concern of utopia
  decrypted :  elo hiis de dr uie iondilones hpe iouenes elo iiuionu im peiide
  real plain: ard committee and dissembling discounted it inside if so i would
--- iter tau=0.2040 ---
  cipher in : on so greatly prides itself on being over all these fairly awkwa
  decrypted : iu ri anoeess indtor derosm iu hodua iaon ess eloro mednss easae
  real plain: ni in new york to ask them for contributions to the graham memor
  cipher in : f responsibility his first thought is about the question itself 
  decrypted : m noriiurdhdsdes ldr mdnre elipale dr ehipe elo sporediu derosm 
  real plain: iaison officer to critically important new york city walton who 
--- iter tau=0.2040 ---
  cipher in :  have primafacie evidence of the ontological weakness of the fad
  decrypted :  leao indpemeido oadtouio im elo iueisiadies aoesuorr im elo met
  real plain: icate finally the forces of authoritarianism protrujillo and pro
  cipher in : of universal gradient frequencies across which the modern profes
  decrypted : im pudaonres anetdoue mnospouidor einirr aldil elo pitonu inimor
  real plain:  humble their approach to life direct and unsophisticated whatev
--- iter tau=0.2040 ---
  cipher in : cluding the hypothalamus on emotions related to fight and flight
  decrypted : isptdua elo lsiieleseppr iu opiediur noseeot ei mdale eut msdale
  real plain: ns require the inscription of each individual male or female adu
  cipher in : a twinkling so far as he knew only his father could be there wha
  decrypted : e eadussdua ri men er lo suoa iuss ldr meelon iipst ho elono ale
  real plain: s was lying or insisting on a private definition of antisemitism
--- iter tau=0.2040 ---
  cipher in : tion are hard to sustain in the metropolis for more than a singl
  decrypted : ediu eno lent ei rpreedu du elo poeniiisdr min pino eleu e rduas
  real plain: tively admitted for next fall after state investigators question
  cipher in :  of that walk i would have liked the town and the busyness of it
  decrypted :  im elee aess d aipst leao sdsot elo eiau eut elo hprsuorr im de
  real plain: te system of personal contacts and have experts constantly study
--- iter tau=0.2040 ---
  cipher in :  calendar so as to make all tax installments due and payable in 
  decrypted :  iesouten ri er ei peso ess eei dureesspouer tpo eut iesehso du 
  real plain: freshing deep peep show the viewers of the deep peep show at th 
  cipher in : ons or molded threedimensional figures which were rare down to b
  decrypted : iur in pistot elnootdpourdiues mdapnor aldil aono neno tiau ei h
  real plain: lish by dutton co of new york in the book was received by the pr
learning rate 0.0001000 -> 0.0001000
temperature tau = 0.1999
saving the model at the end of epoch 45, iters 1820160
End of epoch 45 / 80 	 Time Taken: 17 sec
--- iter tau=0.1999 ---
  cipher in :  does not drive during that time he was caught driving the day a
  decrypted :  tior uie tndao tpndua elee edpo lo aer iepale tndadua elo tes e
  real plain:  parents were doing quite well her mother was a good manager and
  cipher in : ure boiling milk aint you soothing it with his hand knowing the 
  decrypted : pno hidsdua pdss edue sip riieldua de adel ldr leut suiadua elo 
  real plain: than less of an individualist than any of his predecessors for h
--- iter tau=0.1999 ---
  cipher in : ces by a mob and in england after the restoration the body of cr
  decrypted : ior hs e pih eut du ouaseut emeon elo noreineediu elo hits im in
  real plain: s own hands have committed his guilty conscience projects itself
  cipher in :  the foot traveler ball games especially football required some 
  decrypted :  elo miie eneaoson hess aepor orioidesss miiehess nospdnot ripo 
  real plain: e let the germans do this i have sat many hours with this styka 
--- iter tau=0.1999 ---
  cipher in : om the point of view of the applicants less time was wasted in b
  decrypted : ip elo iidue im adoa im elo eiisdieuer sorr edpo aer aereot du h
  real plain: ct that the old roman was referring to change made under militar
  cipher in :  ingredient in gallstones they suspect it plays a role in the pr
  decrypted :  duanotdoue du aessreiuor elos rprioie de isesr e niso du elo in
  real plain: ancers of bali on march hollywood a southeast library workshop w
--- iter tau=0.1999 ---
  cipher in : ibution can be derived for regions of space near the ecliptic pl
  decrypted : dhpediu ieu ho tondaot min noadiur im rieio uoen elo oisdiedi is
  real plain:  ceiling near it was a metal ladder on casters attached to the t
  cipher in : d by burning oil and that every muscle was ready to dissolve int
  decrypted : t hs hpnudua ids eut elee oaons ppriso aer noets ei tdrrisao due
  real plain: ves breathes and thinks for the good of the people hughes asked 
--- iter tau=0.1999 ---
  cipher in : ts they smiled at her door two or three hours later mary jane wh
  decrypted : er elos rpdsot ee lon tiin eai in elnoo lipnr seeon pens ieuo al
  real plain: e in them well walk up there later its perhaps a mile from here 
  cipher in : porcupines and mice on highvalue areas of forage and commercial 
  decrypted : iinipiduor eut pdio iu ldalaespo enoer im mineao eut iipponides 
  real plain: hs indeed it was probably to mr morses advantage to have mr and 
--- iter tau=0.1999 ---
  cipher in : these days shed been driving that pretty little mare that looked
  decrypted : eloro tesr rlot hoou tndadua elee inoees sdeeso peno elee siisot
  real plain: ackle executive powers the final decision went to the executive 
  cipher in : ng in this way we are obviously taking for granted that a demyth
  decrypted : ua du eldr aes ao eno ihadiprss eesdua min aneueot elee e topsel
  real plain:  on the trot until december hitched to a breaking cart once arou
--- iter tau=0.1999 ---
  cipher in : ontrary still wished to continue it our northern brethren also i
  decrypted : iuenens redss adrlot ei iiuedupo de ipn uinelonu hnoelnou esri d
  real plain: ect save one both were eccentrics of the purest ray serene alexa
  cipher in :  been necessary to announce the number of his suite quite so pub
  decrypted :  hoou uoiorrens ei euuipuio elo upphon im ldr rpdeo spdeo ri iph
  real plain:  already beginning to thin and recede at the sides and abel look
saving the latest model (epoch 46, total_iters 1840000)
--- iter tau=0.1999 ---
  cipher in : ether you experienced the passion of desire i have of course no 
  decrypted : oelon sip oiiondouiot elo ierrdiu im tordno d leao im iipnro ui 
  real plain: in surprise then noticed that fred powell was clutching his ches
  cipher in : her went as a missionary to china in a generation that responded
  decrypted : lon aoue er e pdrrdiuens ei ildue du e aouoneediu elee noriiutot
  real plain: ly of the expenditures for the department of defense are for pro
--- iter tau=0.1999 ---
  cipher in : at the plane of the mirror is perpendicular to the sensitive axi
  decrypted : ee elo iseuo im elo pdnnin dr ionioutdipsen ei elo rourdedao eid
  real plain: re of the war was not to be considered seriously true there had 
  cipher in : eat first baseman for some forgotten reason this made a sportswr
  decrypted : oee mdnre heropeu min ripo minaieeou noeriu eldr peto e riineran
  real plain:  the square takes its name was erected by the emperor marcus aur
--- iter tau=0.1999 ---
  cipher in : ents one wonders about its applicability to people will advances
  decrypted : ouer iuo aiutonr ehipe der eiisdiehdsdes ei ioiiso adss etaeuior
  real plain: e networks for military communications are one of the best examp
  cipher in :  sharp burning colors of his body stood brilliant and plain agai
  decrypted :  rleni hpnudua iisinr im ldr hits reiit hndssdeue eut isedu eaed
  real plain: ld one day discover but he was perpetually engaged in a battle t
--- iter tau=0.1999 ---
  cipher in : th four cubans and accused of trying to land a boatload of rifle
  decrypted : el mipn ipheur eut eiiprot im ensdua ei seut e hieesiet im ndmso
  real plain:  the snake reaches its maturity it has already reached about its
  cipher in : ywhere had grown meanwhile in devotion to basic democratic princ
  decrypted : salono let aniau poeualdso du toaiediu ei herdi topiineedi indui
  real plain: f hands above a clothesline and the flutter of garments hung the
--- iter tau=0.1999 ---
  cipher in : he thousands of belgian civilians who had remained in the countr
  decrypted : lo elipreutr im hosadeu idadsdeur ali let nopeduot du elo iipuen
  real plain:  after a fashion he envied in time he grew to depend upon her oc
  cipher in : mple of grand or exquisite diction may have been created by the 
  decrypted : piso im aneut in oispdrdeo tdiediu pes leao hoou inoeeot hs elo 
  real plain: imean war the american civil war and the franchise struggle trev
--- iter tau=0.1999 ---
  cipher in : d river robert dickson superintendent of the western indian depa
  decrypted : t ndaon nihone tdisriu rpiondueoutoue im elo aoreonu dutdeu toie
  real plain:  because baker had sent him to the mexican border in to investig
  cipher in :  had ordered two of everything just in case he spills anything f
  decrypted :  let intonot eai im oaonseldua ipre du iero lo ridssr euseldua m
  real plain: ltiple and ambivalent identities of their passage from child to 
learning rate 0.0001000 -> 0.0001000
temperature tau = 0.1959
End of epoch 46 / 80 	 Time Taken: 17 sec
--- iter tau=0.1959 ---
  cipher in : ily by dominant class a or class b clearchannel stations designe
  decrypted : dss hs tipdueue iserr e in iserr h isoenileuuos reeediur tordauo
  real plain:  establishments overseas to finance private investment and to pr
  cipher in : surmises i want to be in scottys bar at midnight when marsha mak
  decrypted : rpnpdror d aeue ei ho du riieesr hen ee pdtudale alou penrle pes
  real plain:  not the utilities available nearby may provide a savings in the
--- iter tau=0.1959 ---
  cipher in : with stiff hands panting for breath after a minute he went to ro
  decrypted : adel redmm leutr ieuedua min hnoeel emeon e pdupeo lo aoue ei ni
  real plain: political campaign we have recourse to the scientificallytrained
  cipher in : ou while you were talking to him and if you said for christs sak
  decrypted : ip aldso sip aono eessdua ei ldp eut dm sip redt min ilndrer res
  real plain: y in spite of powerful opposition the draft act finally passed c
--- iter tau=0.1959 ---
  cipher in : ea is that artistic literature serves to reduce emotional confli
  decrypted : oe dr elee enedredi sdeoneepno ronaor ei notpio opiediues iiumsd
  real plain: t was with granny dying but they all agreed she wouldnt have wan
  cipher in : n space exploration which is often mistakenly supposed to be an 
  decrypted : u rieio oiisineediu aldil dr imeou pdreesouss rpiiirot ei ho eu 
  real plain:  plan for the capitals franklin d roosevelt memorial a circle of
--- iter tau=0.1959 ---
  cipher in : ll of dust they raised made it difficult to see when the aricara
  decrypted : ss im tpre elos nedrot peto de tdmmdipse ei roo alou elo endiene
  real plain: disillusionment turn somewhat as they do for the naive hero of d
  cipher in : th in situations of this sort the board generally favors the exp
  decrypted : el du rdepeediur im eldr rine elo hient aouonesss meainr elo oii
  real plain: rsty dictator of the dominican republic for years perhaps deserv
--- iter tau=0.1959 ---
  cipher in : zations and at the same time had to deny them a place in the mor
  decrypted : ueediur eut ee elo repo edpo let ei tous elop e iseio du elo pin
  real plain:  products research foundation to help bricklayers do better work
  cipher in :  the mechanisms of heredity and in bio and physiological chemist
  decrypted :  elo poileudrpr im lonotdes eut du hdi eut ilsrdisiadies ilopdre
  real plain:  might be said to be an upper or an uppermiddleclass bias but th
--- iter tau=0.1959 ---
  cipher in : stations in the pacific which are equipped with seismographs its
  decrypted : reeediur du elo ieidmdi aldil eno ospdiiot adel rodrpianeilr der
  real plain: amous document that comes out of this dispute is perhaps sir phi
  cipher in : ing his head now if i can just figure out what hes talking about
  decrypted : dua ldr loet uia dm d ieu ipre mdapno ipe alee lor eessdua ehipe
  real plain: he writing are all qualities which hold ones attention with the 
--- iter tau=0.1959 ---
  cipher in :  to amend their codes on grounds that otherwise they will suffer
  decrypted :  ei epout elodn iitor iu aniputr elee ielonadro elos adss rpmmon
  real plain:  judicious attitude that he read some of the books assigned to h
  cipher in : e amount of phosphate builder lightduty synthetic detergents wit
  decrypted : o epipue im ilirileeo hpdston sdaletpes rsueloedi toeonaouer ade
  real plain: ndation for the next fiscal year specifically congress should co
--- iter tau=0.1959 ---
  cipher in : ber to call me jan andrei said styka nodded and sniffed and blew
  decrypted : hon ei iess po ieu eutnod redt resse uittot eut rudmmot eut hsoa
  real plain: es which incorporated this hegelian abstraction and saw law dome
  cipher in : progress appears to have been made the agencies of government ar
  decrypted : inianorr eiioenr ei leao hoou peto elo eaouidor im aiaonupoue en
  real plain: r battens are glued and screwed to the flooring the exception is
--- iter tau=0.1959 ---
  cipher in : aries to win the savages from the heathen carolinians during the
  decrypted : endor ei adu elo reaeaor mnip elo loeelou ienisdudeur tpndua elo
  real plain: hout the land they say it helps them bring back into schools the
  cipher in : lled id druther stay here and watch the girls charles grinned ma
  decrypted : ssot dt tnpelon rees lono eut aeeil elo adnsr ilensor anduuot pe
  real plain: d rapidly at first but then baldy began to draw away somewhere i
--- iter tau=0.1959 ---
  cipher in :  on the idea of simplicity it is often stated that copernican as
  decrypted :  iu elo dtoe im rdpisdides de dr imeou reeeot elee iiionudieu er
  real plain: re that none of the effects of this story were consciously emplo
  cipher in : the example of the die where we have arbitrarily constructed the
  decrypted : elo oiepiso im elo tdo alono ao leao enhdenendss iiurenpieot elo
  real plain:  of the stockholders of du pont and general motors and to consid
--- iter tau=0.1959 ---
  cipher in :  bout with the canny woodruff pike had learned that it was bette
  decrypted :  hipe adel elo ieuus aiitnpmm idso let soenuot elee de aer hoeeo
  real plain: eat conductor can bring soloist orchestra and music to ultimate 
  cipher in : od could it do otherwise even though i have always had a genius 
  decrypted : it iipst de ti ielonadro oaou elipal d leao esaesr let e aoudpr 
  real plain: ent she was told by the manservant who opened the door that his 
--- iter tau=0.1959 ---
  cipher in : hey go on thinking of the church with introverted and selfcenter
  decrypted : los ai iu eldusdua im elo ilpnil adel dueniaoneot eut rosmioueon
  real plain: freshing deep peep show the viewers of the deep peep show at th 
  cipher in :  the fire at any rate heat grew so intense in the main part of t
  decrypted :  elo mdno ee eus neeo loee anoa ri dueouro du elo pedu iene im e
  real plain: lish by dutton co of new york in the book was received by the pr
--- iter tau=0.1959 ---
  cipher in : les the essex rising on february he set down that i gave mr gree
  decrypted : sor elo orroi ndrdua iu mohnpens lo roe tiau elee d aeao pn anoo
  real plain: onal traveler from italy brought news of peter robert who was no
  cipher in : eth should be corrected for physical reasons bad alignment may r
  decrypted : oel rlipst ho iinnoieot min ilsrdies noeriur het esdaupoue pes n
  real plain: dicks classmate jimmy from next door let the cat out of the bag 
learning rate 0.0001000 -> 0.0001000
temperature tau = 0.1919
End of epoch 47 / 80 	 Time Taken: 17 sec
--- iter tau=0.1919 ---
  cipher in :  of booze and well a drunk is apt to do anything he says hell do
  decrypted :  im hiiuo eut aoss e tnpus dr eie ei ti euseldua lo resr loss ti
  real plain: nt have tended to dress their dancers in simple lines and solid 
  cipher in : e spending may be requested for fiscal although the impact of th
  decrypted : o rioutdua pes ho nosporeot min mdries eselipal elo dpieie im el
  real plain: in at am and end at pm in the auditorium of the library and fine
--- iter tau=0.1919 ---
  cipher in : shap of breaking his spectacles his ecumenical colleagues insist
  decrypted : rlei im hnoesdua ldr rioieeisor ldr oippoudies iissoeapor durdre
  real plain: d and directed to cover into the yugoslav claims fund the sum of
  cipher in : bustin im with terrific force rammin one horn of a downed steer 
  decrypted : hpredu dp adel eonndmdi minio neppdu iuo linu im e tiauot reoon 
  real plain: is unhappily uniqueingrownscrewedup breed their reading and thin
--- iter tau=0.1919 ---
  cipher in : ia of a drug so powerful that the known universe had forbidden i
  decrypted : de im e tnpa ri iiaonmps elee elo suiau pudaonro let minhdttou d
  real plain:  ceiling near it was a metal ladder on casters attached to the t
  cipher in :  unwanted by the people of the ussr pozzatti and i could not kno
  decrypted :  puaeueot hs elo ioiiso im elo prrn iiuueeed eut d iipst uie sui
  real plain: ves breathes and thinks for the good of the people hughes asked 
--- iter tau=0.1919 ---
  cipher in : e confederation of the entire western world the movement toward 
  decrypted : o iiumotoneediu im elo ouedno aoreonu ainst elo piaopoue eiaent 
  real plain: peech only hardy would say a grin of bitterness swept thereby li
  cipher in : jazz is the musical language of sex the vocabulary of the orgasm
  decrypted : ieuu dr elo pprdies seuapeao im roi elo aiiehpsens im elo inaerp
  real plain: st be attributed either to trace impurities or to variation in w
--- iter tau=0.1919 ---
  cipher in : studio i work at a tilttop table but leave the paper unfixed so 
  decrypted : reptdi d ains ee e edseeii eehso hpe soeao elo ieion pumdiot ri 
  real plain:  gen taylor to make an inspection trip at this time communist gu
  cipher in :  lightly up and down with her hind feet at this moment loveless 
  decrypted :  sdaless pi eut tiau adel lon ldut mooe ee eldr pipoue siaosorr 
  real plain: and palm oil the colony was administered from brussels with neit
--- iter tau=0.1919 ---
  cipher in : n mind johnson nodded he said he could do it rector was warming 
  decrypted : u pdut iiluriu uittot lo redt lo iipst ti de noiein aer aenpdua 
  real plain: hose who recall easily the statues of bernini and the gigantic p
  cipher in : of witnessing this work is no favorite of mine i am prepared to 
  decrypted : im adeuorrdua eldr ains dr ui meaindeo im pduo d ep inoienot ei 
  real plain: ty that would arrive by next ship this went faster than schedule
saving the latest model (epoch 48, total_iters 1920000)
--- iter tau=0.1919 ---
  cipher in : esidents of the excelsior told us they saw that both ladies were
  decrypted : ordtouer im elo oiiosrdin eist pr elos rea elee hiel setdor aono
  real plain: the estimate for eligible electors were made without the benefit
  cipher in : us style in middleclass life where the congregation is a vehicle
  decrypted : pr resso du pdttsoiserr sdmo alono elo iiuanoaeediu dr e aoldiso
  real plain: ard committee and dissembling discounted it inside if so i would
--- iter tau=0.1919 ---
  cipher in : e to an inglorious end that tumultuous painful and costly experi
  decrypted : o ei eu duasindipr out elee epppsepipr iedumps eut iiress oiiond
  real plain: ni in new york to ask them for contributions to the graham memor
  cipher in :  this time he tossed it into the stall with the frightened bucks
  decrypted :  eldr edpo lo eirrot de duei elo reess adel elo mndaleouot hpisr
  real plain: iaison officer to critically important new york city walton who 
--- iter tau=0.1919 ---
  cipher in : s evening by herr riefling his was a burgomasters beethoven soli
  decrypted : r oaoudua hs lonn ndomsdua ldr aer e hpnaipereonr hooeliaou risd
  real plain: icate finally the forces of authoritarianism protrujillo and pro
  cipher in : s the internal organization rarely has any chronological order e
  decrypted : r elo dueonues inaeudueediu nenoss ler eus ilniuisiadies inton o
  real plain:  humble their approach to life direct and unsophisticated whatev
--- iter tau=0.1919 ---
  cipher in : r thursdays open date solly plans to open with larry jackson aga
  decrypted : n elpnrtesr iiou teeo risss iseur ei iiou adel senns ieisriu eae
  real plain: ns require the inscription of each individual male or female adu
  cipher in : ed at the bottom of fig bar c is long drawfile the edges square 
  decrypted : ot ee elo hieeip im mda hen i dr siua tneamdso elo otaor rspeno 
  real plain: s was lying or insisting on a private definition of antisemitism
--- iter tau=0.1919 ---
  cipher in : nced in varying degree and temporarily by all adolescents as a r
  decrypted : uiot du aensdua toanoo eut eopiinendss hs ess etisoriouer er e n
  real plain:  after a fashion he envied in time he grew to depend upon her oc
  cipher in : tune her reputation her livelihood her home and her nation itsel
  decrypted : epuo lon noipeeediu lon sdaosdliit lon lipo eut lon ueediu deros
  real plain: imean war the american civil war and the franchise struggle trev
--- iter tau=0.1919 ---
  cipher in : on to include all of the emotions the singer simply matches the 
  decrypted : iu ei duispto ess im elo opiediur elo rduaon rdpiss peeilor elo 
  real plain: aps of the seton harness over gregs shoulders but this goddamn c
  cipher in :  the schoolhouse jack watched miss langford all morning he could
  decrypted :  elo riliislipro ieis aeeilot pdrr seuamint ess pinudua lo iipst
  real plain: augural program with the slow and modest entrance of the maidens
learning rate 0.0001000 -> 0.0001000
temperature tau = 0.1881
End of epoch 48 / 80 	 Time Taken: 17 sec
--- iter tau=0.1881 ---
  cipher in : ntelect kennedy and got a cool acknowledgment in reply consideri
  decrypted : ueosoie souuots eut aie e iiis eisuiasotapoue du noiss iiurdtond
  real plain:  parents were doing quite well her mother was a good manager and
  cipher in : sistent of light love lyrics to come out of american musical com
  decrypted : rdreoue im sdale siao ssndir ei iipo ipe im epondieu pprdies iip
  real plain: than less of an individualist than any of his predecessors for h
--- iter tau=0.1881 ---
  cipher in : tate library in albany which will supply any book to a system th
  decrypted : eeeo sdhnens du esheus aldil adss rpiiss eus hiis ei e rsreop el
  real plain: s own hands have committed his guilty conscience projects itself
  cipher in : xpected unexpected because lilly walked with her head bent down 
  decrypted : iioieot puoiioieot hoiepro sdsss aessot adel lon loet houe tiau 
  real plain: e let the germans do this i have sat many hours with this styka 
--- iter tau=0.1881 ---
  cipher in : situation most libraries either endure the severe limitations of
  decrypted : rdepeediu pire sdhnendor odelon outpno elo roaono sdpdeeediur im
  real plain: t was with granny dying but they all agreed she wouldnt have wan
  cipher in : thousand men sixteen were under canvas in the south and sixteen 
  decrypted : elipreut pou rdieoou aono puton ieuaer du elo ripel eut rdieoou 
  real plain:  plan for the capitals franklin d roosevelt memorial a circle of
--- iter tau=0.1881 ---
  cipher in : ht her into the wings since she could not act one part suited he
  decrypted : le lon duei elo aduar rduio rlo iipst uie eie iuo iene rpdeot lo
  real plain: nes of boston president kennedy couldnt stay away from his desk 
  cipher in : d he pushes and straightens himself as if he cant stand the feel
  decrypted : t lo iprlor eut renedaleour ldprosm er dm lo ieue reeut elo moos
  real plain: etty the inside of their place was full of new furniture five bu
--- iter tau=0.1881 ---
  cipher in : ts can discover their immortality is the most remarkable of all 
  decrypted : er ieu tdriiaon elodn dppineesdes dr elo pire nopensehso im ess 
  real plain: e in them well walk up there later its perhaps a mile from here 
  cipher in : ents in thermoforming stem from original work done with signs an
  decrypted : ouer du elonpiminpdua reop mnip indadues ains tiuo adel rdaur eu
  real plain: hs indeed it was probably to mr morses advantage to have mr and 
--- iter tau=0.1881 ---
  cipher in : and set to shuttling again only by conventional perspective that
  decrypted : eut roe ei rlpeesdua eaedu iuss hs iiuaouediues ionrioiedao elee
  real plain: ackle executive powers the final decision went to the executive 
  cipher in : while on the famous jonesimboden raid in may general jones was f
  decrypted : aldso iu elo mepipr iiuordphitou nedt du pes aouones iiuor aer m
  real plain:  on the trot until december hitched to a breaking cart once arou
--- iter tau=0.1881 ---
  cipher in : n factories in west berlin berlins resilience is amazing but if 
  decrypted : u meieindor du aore honsdu honsdur nordsdouio dr epeudua hpe dm 
  real plain: ect save one both were eccentrics of the purest ray serene alexa
  cipher in : le randolph smiling or ill give you another black eye he patted 
  decrypted : so neutisil rpdsdua in dss adao sip euielon hseis oso lo ieeeot 
  real plain:  already beginning to thin and recede at the sides and abel look
--- iter tau=0.1881 ---
  cipher in : a door marked fire stairs it was a neat setup for murder the bel
  decrypted : e tiin pensot mdno reednr de aer e uoee roepi min ppnton elo hos
  real plain: in surprise then noticed that fred powell was clutching his ches
  cipher in :  mortgage were very high he was sure that he could do better if 
  decrypted :  pineaeao aono aons ldal lo aer rpno elee lo iipst ti hoeeon dm 
  real plain: ly of the expenditures for the department of defense are for pro
--- iter tau=0.1881 ---
  cipher in : ended speeds generally the larger the tool and the harder the ma
  decrypted : outot riootr aouonesss elo senaon elo eiis eut elo lenton elo pe
  real plain: re of the war was not to be considered seriously true there had 
  cipher in : rpm for to min refrigeration being used throughout the run succe
  decrypted : nip min ei pdu nomndaoneediu hodua prot elnipalipe elo npu rpiio
  real plain:  the square takes its name was erected by the emperor marcus aur
--- iter tau=0.1881 ---
  cipher in :  thyroid one of the proteases has ph optimum of about and anothe
  decrypted :  elsnidt iuo im elo inieoeror ler il iiedppp im ehipe eut euielo
  real plain: e networks for military communications are one of the best examp
  cipher in :  on the enemy side you see what i mean how its phrased there the
  decrypted :  iu elo ouops rdto sip roo alee d poeu lia der ilnerot elono elo
  real plain: ld one day discover but he was perpetually engaged in a battle t
--- iter tau=0.1881 ---
  cipher in :  arrangement of the heart and a catheter carrying a thermistor i
  decrypted :  enneuaopoue im elo loene eut e ieeloeon iennsdua e elonpdrein d
  real plain: eat conductor can bring soloist orchestra and music to ultimate 
  cipher in : der atlantic community the united states and canada belong only 
  decrypted : ton eeseuedi iipppudes elo pudeot reeeor eut ieuete hosiua iuss 
  real plain: ent she was told by the manservant who opened the door that his 
--- iter tau=0.1881 ---
  cipher in :  state vehicles the legislatures role in policy determination in
  decrypted :  reeeo aoldisor elo soadrseepnor niso du iisdis toeonpdueediu du
  real plain: available to him your finger tips the happy one could never have
  cipher in : isparity comparable visions of life are at work in antigone and 
  decrypted : driendes iipienehso adrdiur im sdmo eno ee ains du euedaiuo eut 
  real plain: s late as in the bestselling novel so red the rose by stark youn
--- iter tau=0.1881 ---
  cipher in :  cannot imagine myself condemning a man to the noose or the elec
  decrypted :  ieuuie dpeaduo psrosm iiutopudua e peu ei elo uiiro in elo osoi
  real plain:  because baker had sent him to the mexican border in to investig
  cipher in : nsity greater than or equal to af and q is proportional to the m
  decrypted : urdes anoeeon eleu in ospes ei em eut s dr iniiinediues ei elo p
  real plain: ltiple and ambivalent identities of their passage from child to 
learning rate 0.0001000 -> 0.0001000
temperature tau = 0.1843
End of epoch 49 / 80 	 Time Taken: 17 sec
--- iter tau=0.1843 ---
  cipher in :  a tremendously partisan year hence the attention theyre lavishi
  decrypted :  e enopoutiprss ienedreu soen louio elo eeeouediu elosno seadrld
  real plain:  establishments overseas to finance private investment and to pr
  cipher in : getable and flower market continue on the via d baullari to the 
  decrypted : aoeehso eut msiaon pensoe iiuedupo iu elo ade t hepssend ei elo 
  real plain:  not the utilities available nearby may provide a savings in the
--- iter tau=0.1843 ---
  cipher in : it is not having his baby nestled warm and fat against your brea
  decrypted : de dr uie leadua ldr hehs uoresot aenp eut mee eaedure sipn hnoe
  real plain: d and directed to cover into the yugoslav claims fund the sum of
  cipher in : e to the amazing variety and power of reactions attitudes and em
  decrypted : o ei elo epeudua aendoes eut iiaon im noeiediur eeedeptor eut op
  real plain: is unhappily uniqueingrownscrewedup breed their reading and thin
--- iter tau=0.1843 ---
  cipher in : confronted he must think about which of these principles must ta
  decrypted : iiumniueot lo ppre eldus ehipe aldil im eloro induidisor ppre ee
  real plain: ed analogy to say that this is what thomas did to poetry the spe
  cipher in : protestant congregations actually there is little evidence of su
  decrypted : inieoreeue iiuanoaeediur eiepesss elono dr sdeeso oadtouio im rp
  real plain: oots and will live for the blessing of generations to come miss 
--- iter tau=0.1843 ---
  cipher in : nal dynamic to counteract feelings of helplessness and hopelessn
  decrypted : ues tsuepdi ei iipueoneie moosduar im losisorruorr eut liiosorru
  real plain: disillusionment turn somewhat as they do for the naive hero of d
  cipher in : gan the world with light this god still gives light to a world w
  decrypted : aeu elo ainst adel sdale eldr ait redss adaor sdale ei e ainst a
  real plain: rsty dictator of the dominican republic for years perhaps deserv
--- iter tau=0.1843 ---
  cipher in :  swallowbarn in and in his genial portrait of frank meriwether p
  decrypted :  raessiahenu du eut du ldr aoudes iinenede im mneus pondaoelon i
  real plain:  products research foundation to help bricklayers do better work
  cipher in : espectable position in the society of nations if internal fricti
  decrypted : orioieehso iirdediu du elo riidoes im ueediur dm dueonues mndied
  real plain:  might be said to be an upper or an uppermiddleclass bias but th
--- iter tau=0.1843 ---
  cipher in : ivision i must postpone the evolution of sculpture architecture 
  decrypted : dadrdiu d ppre iireiiuo elo oaispediu im ripsiepno enildeoiepno 
  real plain: amous document that comes out of this dispute is perhaps sir phi
  cipher in : y for college in a few years education should be uppermost in th
  decrypted : s min iissoao du e moa soenr otpieediu rlipst ho piionpire du el
  real plain: he writing are all qualities which hold ones attention with the 
[Rank 0] (epoch: 50, iters: 18048, time: 0.000, data: 0.001) , D_A: 1.608, G_A: -1.887, cycle_A: 0.010, D_B: 2.456, G_B: -2.124, cycle_B: 0.052

saving the latest model (epoch 50, total_iters 2000000)
--- iter tau=0.1843 ---
  cipher in : the communist countries allocated more than in economic aid alon
  decrypted : elo iipppudre iipuendor essiieeot pino eleu du oiiuipdi edt esiu
  real plain:  judicious attitude that he read some of the books assigned to h
  cipher in : ellknown american intellectual the conditions among negroes in t
  decrypted : osssuiau epondieu dueossoiepes elo iiutdediur epiua uoanior du e
  real plain: ndation for the next fiscal year specifically congress should co
--- iter tau=0.1843 ---
  cipher in :  been like an anagram which he could unscramble at his own pace 
  decrypted :  hoou sdso eu eueanep aldil lo iipst purinephso ee ldr iau ieio 
  real plain: es which incorporated this hegelian abstraction and saw law dome
  cipher in : ng for more than a year and mr nishima one of the science teache
  decrypted : ua min pino eleu e soen eut pn udrldpe iuo im elo ridouio eoeilo
  real plain: r battens are glued and screwed to the flooring the exception is
--- iter tau=0.1843 ---
  cipher in : ion of the biological effect of radiation doses is not considere
  decrypted : diu im elo hdisiadies ommoie im netdeediu tiror dr uie iiurdtono
  real plain: hout the land they say it helps them bring back into schools the
  cipher in : an object is handled the conclusion seems unavoidable that touch
  decrypted : eu ihioie dr leutsot elo iiuisprdiu roopr pueaidtehso elee eipil
  real plain: d rapidly at first but then baldy began to draw away somewhere i
--- iter tau=0.1843 ---
  cipher in : f economy made no arrangements to furnish better goods at attrac
  decrypted : m oiiuips peto ui enneuaopouer ei mpnudrl hoeeon aiitr ee eeenei
  real plain: ns require the inscription of each individual male or female adu
  cipher in : ica except excess costs resulting from the requirement that unit
  decrypted : die oiioie oiiorr iirer norpsedua mnip elo nospdnopoue elee pude
  real plain: s was lying or insisting on a private definition of antisemitism
--- iter tau=0.1843 ---
  cipher in : k one after it passes the foot mark the combination of thin patt
  decrypted : s iuo emeon de ierror elo miie pens elo iiphdueediu im eldu ieee
  real plain: tively admitted for next fall after state investigators question
  cipher in : eely because they are uninhibited by emotional bias or purposive
  decrypted : ooss hoiepro elos eno puduldhdeot hs opiediues hder in ipniirdao
  real plain: te system of personal contacts and have experts constantly study
--- iter tau=0.1843 ---
  cipher in : n while working out in sylvania a swelling developed in the knee
  decrypted : u aldso ainsdua ipe du rssaeude e raossdua toaosiiot du elo suoo
  real plain: freshing deep peep show the viewers of the deep peep show at th 
  cipher in : astered hair and the car he couldnt afford and the tooshiny shoe
  decrypted : ereonot ledn eut elo ien lo iipstue emmint eut elo eiirldus rlio
  real plain: lish by dutton co of new york in the book was received by the pr
--- iter tau=0.1843 ---
  cipher in : s deteriorating alarmingly deadlock on tests the president was e
  decrypted : r toeondineedua esenpduass toetsiis iu eorer elo inordtoue aer o
  real plain: onal traveler from italy brought news of peter robert who was no
  cipher in : h consequently fred and tom the two who had been provided colleg
  decrypted : l iiurospouess mnot eut eip elo eai ali let hoou iniadtot iissoa
  real plain: dicks classmate jimmy from next door let the cat out of the bag 
learning rate 0.0001000 -> 0.0001000
temperature tau = 0.1805
saving the model at the end of epoch 50, iters 2022400
End of epoch 50 / 80 	 Time Taken: 17 sec
--- iter tau=0.1805 ---
  cipher in : ubcommittee is expected to report out a good bill calling for th
  decrypted : phiippdeeoo dr oiioieot ei noiine ipe e aiit hdss iessdua min el
  real plain: s own hands have committed his guilty conscience projects itself
  cipher in : ill be mrs geraghtys first stop then japan hong kong manila indi
  decrypted : dss ho pnr aonealesr mdnre reii elou ieieu liua siua peudse dutd
  real plain: e let the germans do this i have sat many hours with this styka 
--- iter tau=0.1805 ---
  cipher in :  becoming a vastly different type of legendary figure such ranch
  decrypted :  hoiipdua e aeress tdmmonoue esio im soaoutens mdapno rpil neuil
  real plain: ct that the old roman was referring to change made under militar
  cipher in : as a houston teacher now serving in the legislature proposed thu
  decrypted : er e lipreiu eoeilon uia ronadua du elo soadrseepno iniiirot elp
  real plain: ancers of bali on march hollywood a southeast library workshop w
--- iter tau=0.1805 ---
  cipher in : iers of freedom a more highly mobilized force for liberation the
  decrypted : donr im mnootip e pino ldalss pihdsduot minio min sdhoneediu elo
  real plain:  ceiling near it was a metal ladder on casters attached to the t
  cipher in : enemy answers them from loudspeakers that pour out communist pro
  decrypted : ouops euraonr elop mnip siptrioesonr elee iipn ipe iipppudre ini
  real plain: ves breathes and thinks for the good of the people hughes asked 
--- iter tau=0.1805 ---
  cipher in :  hands were trembling and her brow had contracted with anxiety a
  decrypted :  leutr aono enophsdua eut lon hnia let iiueneieot adel euidoes e
  real plain: peech only hardy would say a grin of bitterness swept thereby li
  cipher in : tering to what critics may assume to be a vulgar taste for viole
  decrypted : eondua ei alee indedir pes errppo ei ho e apsaen eereo min adiso
  real plain: st be attributed either to trace impurities or to variation in w
--- iter tau=0.1805 ---
  cipher in : ng rifles its extremely accurate for an auto and the test rifle 
  decrypted : ua ndmsor der oienoposs eiipneeo min eu epei eut elo eore ndmso 
  real plain:  gen taylor to make an inspection trip at this time communist gu
  cipher in : ives adverbs or only by swadesh and hoijer pronouns demonstrativ
  decrypted : daor etaonhr in iuss hs raetorl eut lidion iniuipur topiureneeda
  real plain: and palm oil the colony was administered from brussels with neit
--- iter tau=0.1805 ---
  cipher in :  be used to illustrate another point where faulkner touches auth
  decrypted :  ho prot ei dsspreneeo euielon iidue alono mepssuon eipilor epel
  real plain: hose who recall easily the statues of bernini and the gigantic p
  cipher in :  hung up he called the bar and grill where he had picked burton 
  decrypted :  lpua pi lo iessot elo hen eut andss alono lo let idisot hpneiu 
  real plain: ty that would arrive by next ship this went faster than schedule
--- iter tau=0.1805 ---
  cipher in :  street is a nice tenminute color film called sunday in greenwic
  decrypted :  renooe dr e udio eoupdupeo iisin mdsp iessot rputes du anoouadi
  real plain: the estimate for eligible electors were made without the benefit
  cipher in : o the sense of responsibility which is determined for him by the
  decrypted : i elo rouro im noriiurdhdsdes aldil dr toeonpduot min ldp hs elo
  real plain: ard committee and dissembling discounted it inside if so i would
--- iter tau=0.1805 ---
  cipher in : e lead him around his rooms to look at some of the pictures and 
  decrypted : o soet ldp eniput ldr niipr ei siis ee ripo im elo idiepnor eut 
  real plain: ni in new york to ask them for contributions to the graham memor
  cipher in : ause he has spoken with the freedom of an englishman and he assu
  decrypted : epro lo ler riisou adel elo mnootip im eu ouasdrlpeu eut lo errp
  real plain: iaison officer to critically important new york city walton who 
--- iter tau=0.1805 ---
  cipher in : t sense from his historical predecessors he no longer sought to 
  decrypted : e rouro mnip ldr ldreindies inotoiorrinr lo ui siuaon ripale ei 
  real plain: e networks for military communications are one of the best examp
  cipher in : e night there were some dried peas lying on our kitchen table an
  decrypted : o udale elono aono ripo tndot ioer ssdua iu ipn sdeilou eehso eu
  real plain: ld one day discover but he was perpetually engaged in a battle t
--- iter tau=0.1805 ---
  cipher in : s in his own string of newspapers spanning the land yet his edit
  decrypted : r du ldr iau rendua im uoarieionr rieuudua elo seut soe ldr otde
  real plain:  the snake reaches its maturity it has already reached about its
  cipher in : shortterm treasury notes augmenting the towns miscellaneous reve
  decrypted : rlineeonp enoerpns uieor epapouedua elo eiaur pdriosseuoipr noao
  real plain: f hands above a clothesline and the flutter of garments hung the
--- iter tau=0.1805 ---
  cipher in : nodding or shaking the head talking with ones hands et cetera sm
  decrypted : uittdua in rlesdua elo loet eessdua adel iuor leutr oe ioeone rp
  real plain:  after a fashion he envied in time he grew to depend upon her oc
  cipher in : ed under authority of this act shall be provided for in such man
  decrypted : ot puton epelindes im eldr eie rless ho iniadtot min du rpil peu
  real plain: imean war the american civil war and the franchise struggle trev
--- iter tau=0.1805 ---
  cipher in : efore do i john a notte jr governor of the state of rhode island
  decrypted : omino ti d iilu e uieeo in aiaonuin im elo reeeo im nlito drseut
  real plain: aps of the seton harness over gregs shoulders but this goddamn c
  cipher in : n on and became a pointer for emphasizing the finer aspects of h
  decrypted : u iu eut hoiepo e iidueon min opilerdudua elo mduon erioier im l
  real plain: augural program with the slow and modest entrance of the maidens
learning rate 0.0001000 -> 0.0001000
temperature tau = 0.1769
End of epoch 51 / 80 	 Time Taken: 17 sec
--- iter tau=0.1769 ---
  cipher in : eval guild system was dedicated to the proposition that per cent
  decrypted : oaes apdst rsreop aer totdieeot ei elo iniiirdediu elee ion ioue
  real plain:  establishments overseas to finance private investment and to pr
  cipher in :  the summary characterization of the current generation as silen
  decrypted :  elo rpppens ileneieondueediu im elo ipnnoue aouoneediu er rdsou
  real plain:  not the utilities available nearby may provide a savings in the
--- iter tau=0.1769 ---
  cipher in : fter i looked in at francie i went into the living room and wait
  decrypted : meon d siisot du ee mneuido d aoue duei elo sdadua niip eut aede
  real plain: political campaign we have recourse to the scientificallytrained
  cipher in :  being situated where it is garaged obviously it would be imposs
  decrypted :  hodua rdepeeot alono de dr aeneaot ihadiprss de aipst ho dpiirr
  real plain: y in spite of powerful opposition the draft act finally passed c
--- iter tau=0.1769 ---
  cipher in : ting from chlorine and rots quickly but gritimpregnated paints a
  decrypted : edua mnip ilsinduo eut nier spdisss hpe andedpinoaueeot ieduer e
  real plain: t was with granny dying but they all agreed she wouldnt have wan
  cipher in :  steep steps to the main floor an old man with a white beard and
  decrypted :  reooi reoir ei elo pedu msiin eu ist peu adel e aldeo hoent eut
  real plain:  plan for the capitals franklin d roosevelt memorial a circle of
--- iter tau=0.1769 ---
  cipher in : g tolleys going is my fault i drove him away you know it and ill
  decrypted : a eissosr aidua dr ps mepse d tniao ldp eaes sip suia de eut dss
  real plain: nes of boston president kennedy couldnt stay away from his desk 
  cipher in : es and shooters and a roman candle from last fourth of july ludi
  decrypted : or eut rliieonr eut e nipeu ieutso mnip sere mipnel im ipss sptd
  real plain: etty the inside of their place was full of new furniture five bu
--- iter tau=0.1769 ---
  cipher in : come known and at the same time dreaming of the startling effect
  decrypted : iipo suiau eut ee elo repo edpo tnoepdua im elo reenesdua ommoie
  real plain: e in them well walk up there later its perhaps a mile from here 
  cipher in : ed his glass to a senators wife and gaily cried up your bottom f
  decrypted : ot ldr aserr ei e roueeinr admo eut aedss indot pi sipn hieeip m
  real plain: hs indeed it was probably to mr morses advantage to have mr and 
--- iter tau=0.1769 ---
  cipher in : e motto for getting ahead is dont rock the boat sometimes this l
  decrypted : o pieei min aoeedua eloet dr tiue niis elo hiee ripoedpor eldr s
  real plain: ackle executive powers the final decision went to the executive 
  cipher in : or almost all music listeners but for students of musical forms 
  decrypted : in espire ess pprdi sdreouonr hpe min reptouer im pprdies minpr 
  real plain:  on the trot until december hitched to a breaking cart once arou
saving the latest model (epoch 52, total_iters 2080000)
--- iter tau=0.1769 ---
  cipher in : trusting not only in the skill of his doctor and nurse but also 
  decrypted : enpredua uie iuss du elo rsdss im ldr tiiein eut upnro hpe esri 
  real plain: ect save one both were eccentrics of the purest ray serene alexa
  cipher in : t may be desirable to make explicit in a kikuyu orthography to d
  decrypted : e pes ho tordnehso ei peso oiisdide du e sdspsp inelianeils ei t
  real plain:  already beginning to thin and recede at the sides and abel look
--- iter tau=0.1769 ---
  cipher in : that what they heard was more syrupy than sweet more mannered th
  decrypted : elee alee elos loent aer pino rsnpis eleu raooe pino peuuonot el
  real plain: in surprise then noticed that fred powell was clutching his ches
  cipher in : self in the course of our talk askington mentioned that he spent
  decrypted : rosm du elo iipnro im ipn eess ersduaeiu pouediuot elee lo rioue
  real plain: ly of the expenditures for the department of defense are for pro
--- iter tau=0.1769 ---
  cipher in : nglish i have not seen this charge made during my stay here but 
  decrypted : uasdrl d leao uie roou eldr ilenao peto tpndua ps rees lono hpe 
  real plain: hout the land they say it helps them bring back into schools the
  cipher in : onstantly improved sanitation and distributing practices and tre
  decrypted : iureeuess dpiniaot reudeeediu eut tdrendhpedua ineiedior eut eno
  real plain: d rapidly at first but then baldy began to draw away somewhere i
--- iter tau=0.1769 ---
  cipher in : ut it is politically essential in the long run us position on se
  decrypted : pe de dr iisdediesss orrouedes du elo siua npu pr iirdediu iu ro
  real plain: re that none of the effects of this story were consciously emplo
  cipher in : delay and inaction what i am suggesting is that when we delay or
  decrypted : toses eut dueiediu alee d ep rpaaoredua dr elee alou ao toses in
  real plain:  of the stockholders of du pont and general motors and to consid
--- iter tau=0.1769 ---
  cipher in : ead of the immigration service gen swing has received public att
  decrypted : oet im elo dppdaneediu ronadio aou radua ler noiodaot iphsdi eee
  real plain: eat conductor can bring soloist orchestra and music to ultimate 
  cipher in : war policies in defeating louis capet john towers victory in tex
  decrypted : aen iisdidor du tomoeedua sipdr ieioe iilu eiaonr adieins du eoi
  real plain: ent she was told by the manservant who opened the door that his 
--- iter tau=0.1769 ---
  cipher in : rutiny its pretense to operate in the public interest is little 
  decrypted : npedus der inoeouro ei iioneeo du elo iphsdi dueonore dr sdeeso 
  real plain: available to him your finger tips the happy one could never have
  cipher in : ean no that isnt what i said she snapped at him i only said i wa
  decrypted : oeu ui elee drue alee d redt rlo rueiiot ee ldp d iuss redt d ae
  real plain: s late as in the bestselling novel so red the rose by stark youn
--- iter tau=0.1769 ---
  cipher in :  help him do so the prince had conferred control of his land for
  decrypted :  losi ldp ti ri elo induio let iiumonnot iiuenis im ldr seut min
  real plain:  because baker had sent him to the mexican border in to investig
  cipher in : nited states not just in a classroom but also in an american hou
  decrypted : udeot reeeor uie ipre du e iserrniip hpe esri du eu epondieu lip
  real plain: ltiple and ambivalent identities of their passage from child to 
learning rate 0.0001000 -> 0.0001000
temperature tau = 0.1733
End of epoch 52 / 80 	 Time Taken: 17 sec
--- iter tau=0.1733 ---
  cipher in : human struggle for a just endurable order of existence to blind 
  decrypted : lppeu renpaaso min e ipre outpnehso inton im oidreouio ei hsdut 
  real plain: nt have tended to dress their dancers in simple lines and solid 
  cipher in : inning with the liberty group opposite the east door and ending 
  decrypted : duudua adel elo sdhones anipi iiiirdeo elo oere tiin eut outdua 
  real plain: in at am and end at pm in the auditorium of the library and fine
--- iter tau=0.1733 ---
  cipher in : hing dan knew that it would heal but his only hat was something 
  decrypted : ldua teu suoa elee de aipst loes hpe ldr iuss lee aer ripoeldua 
  real plain: d and directed to cover into the yugoslav claims fund the sum of
  cipher in : zed ceramics company an organization that built very experimenta
  decrypted : uot ionepdir iipieus eu inaeudueediu elee hpdse aons oiiondpouee
  real plain: is unhappily uniqueingrownscrewedup breed their reading and thin
--- iter tau=0.1733 ---
  cipher in :  upon which it is based this is what was meant above by describi
  decrypted :  piiu aldil de dr herot eldr dr alee aer poeue ehiao hs torindhd
  real plain: ed analogy to say that this is what thomas did to poetry the spe
  cipher in : t state taxing requirements at present are a roadblock to accept
  decrypted : e reeeo eeidua nospdnopouer ee inoroue eno e niethsiis ei eiioie
  real plain: oots and will live for the blessing of generations to come miss 
--- iter tau=0.1733 ---
  cipher in : ront of her waiting and in back of her blocking her retreat she 
  decrypted : niue im lon aededua eut du heis im lon hsiisdua lon noenoee rlo 
  real plain: disillusionment turn somewhat as they do for the naive hero of d
  cipher in :  the stairs or that some thieving bastard of a cop had walked of
  decrypted :  elo reednr in elee ripo eldoadua hereent im e iii let aessot im
  real plain: rsty dictator of the dominican republic for years perhaps deserv
--- iter tau=0.1733 ---
  cipher in : s a research scientist this approach has not been entirely satis
  decrypted : r e noroenil ridouedre eldr eiinieil ler uie hoou ouednoss reedr
  real plain:  products research foundation to help bricklayers do better work
  cipher in : her accurately perceiving the childs needs not only respected th
  decrypted : lon eiipneeoss ioniodadua elo ildstr uootr uie iuss norioieot el
  real plain:  might be said to be an upper or an uppermiddleclass bias but th
--- iter tau=0.1733 ---
  cipher in : ns chief end which was his duty to god and his own salvation how
  decrypted : ur ildom out aldil aer ldr tpes ei ait eut ldr iau resaeediu lia
  real plain: amous document that comes out of this dispute is perhaps sir phi
  cipher in : s by purchase license lease or donation g assemble and maintain 
  decrypted : r hs ipnilero sdiouro soero in tiueediu a errophso eut pedueedu 
  real plain: he writing are all qualities which hold ones attention with the 
--- iter tau=0.1733 ---
  cipher in : n might mary have had that moment to hold her child on her lap p
  decrypted : u pdale pens leao let elee pipoue ei list lon ildst iu lon sei i
  real plain:  judicious attitude that he read some of the books assigned to h
  cipher in : xpend the largest share of local disbursements this greatly simp
  decrypted : iiout elo senaore rleno im siies tdrhpnropouer eldr anoeess rdpi
  real plain: ndation for the next fiscal year specifically congress should co
--- iter tau=0.1733 ---
  cipher in : ted to make that personal contact in such trying and unusual cir
  decrypted : eot ei peso elee ionriues iiueeie du rpil ensdua eut puprpes idn
  real plain: ni in new york to ask them for contributions to the graham memor
  cipher in : exciting singing her rockabye your baby was as good as it can be
  decrypted : oiidedua rduadua lon niisehso sipn hehs aer er aiit er de ieu ho
  real plain: iaison officer to critically important new york city walton who 
--- iter tau=0.1733 ---
  cipher in : rch the bark bashaw weighed anchor at new orleans while on the l
  decrypted : nil elo hens herlea aodalot euilin ee uoa insoeur aldso iu elo s
  real plain: icate finally the forces of authoritarianism protrujillo and pro
  cipher in : maybe you will surprise yourself true we are not all great artis
  decrypted : pesho sip adss rpnindro sipnrosm enpo ao eno uie ess anoee enedr
  real plain:  humble their approach to life direct and unsophisticated whatev
--- iter tau=0.1733 ---
  cipher in : um of hours a month field does the planning for the machine oper
  decrypted : pp im lipnr e piuel mdost tior elo iseuudua min elo peilduo iion
  real plain: ns require the inscription of each individual male or female adu
  cipher in :  we eyed one another almost like sparring partners and then one 
  decrypted :  ao osot iuo euielon espire sdso rienndua ieneuonr eut elou iuo 
  real plain: s was lying or insisting on a private definition of antisemitism
--- iter tau=0.1733 ---
  cipher in : dark man his head thick with resiny black hair his eyes like two
  decrypted : tens peu ldr loet eldis adel nordus hseis ledn ldr osor sdso eai
  real plain: tively admitted for next fall after state investigators question
  cipher in : g very much attention he will be thinking about what you are tel
  decrypted : a aons ppil eeeouediu lo adss ho eldusdua ehipe alee sip eno eos
  real plain: te system of personal contacts and have experts constantly study
--- iter tau=0.1733 ---
  cipher in : on dollars and that medical benefits paid out would run billion 
  decrypted : iu tissenr eut elee potdies houomder iedt ipe aipst npu hdssdiu 
  real plain: freshing deep peep show the viewers of the deep peep show at th 
  cipher in : in repetitions of the experiment from couple to couple the votes
  decrypted : du noioedediur im elo oiiondpoue mnip iipiso ei iipiso elo aieor
  real plain: lish by dutton co of new york in the book was received by the pr
learning rate 0.0001000 -> 0.0001000
temperature tau = 0.1698
End of epoch 53 / 80 	 Time Taken: 17 sec
--- iter tau=0.1698 ---
  cipher in : he should move in a certain atmosphere an atmosphere in which he
  decrypted : lo rlipst piao du e ioneedu eepirilono eu eepirilono du aldil lo
  real plain:  parents were doing quite well her mother was a good manager and
  cipher in : service were between and additionally on the many ships at sea a
  decrypted : ronadio aono hoeaoou eut ettdediuesss iu elo peus rldir ee roe e
  real plain: than less of an individualist than any of his predecessors for h
--- iter tau=0.1698 ---
  cipher in : e look that ultimately comes to some women who are born at the e
  decrypted : o siis elee psedpeeoss iipor ei ripo aipou ali eno hinu ee elo o
  real plain: s own hands have committed his guilty conscience projects itself
  cipher in : by religion there was no evidence either of a positive or negati
  decrypted : hs nosdadiu elono aer ui oadtouio odelon im e iirdedao in uoaeed
  real plain: e let the germans do this i have sat many hours with this styka 
--- iter tau=0.1698 ---
  cipher in :  local board in his file having had every opportunity to rebut t
  decrypted :  siies hient du ldr mdso leadua let oaons iiiinepudes ei nohpe e
  real plain: ct that the old roman was referring to change made under militar
  cipher in : rflung overnight accommodations maybe motelkeeping isnt the nati
  decrypted : nmspua iaonudale eiiippiteediur pesho pieossooidua drue elo ueed
  real plain: ancers of bali on march hollywood a southeast library workshop w
--- iter tau=0.1698 ---
  cipher in : roves that it was yet another phase of the struggle against fren
  decrypted : niaor elee de aer soe euielon ilero im elo renpaaso eaedure mnou
  real plain:  ceiling near it was a metal ladder on casters attached to the t
  cipher in : oup that he works with the chamber jazz sextet is often ignored 
  decrypted : ipi elee lo ainsr adel elo ilephon ieuu roieoe dr imeou dauinot 
  real plain: ves breathes and thinks for the good of the people hughes asked 
--- iter tau=0.1698 ---
  cipher in : e used to take lemon juice and honey in hot water for a cold and
  decrypted : o prot ei eeso sopiu ipdio eut liuos du lie aeeon min e iist eut
  real plain: peech only hardy would say a grin of bitterness swept thereby li
  cipher in : estions made in this critical field in years and i certainly hop
  decrypted : orediur peto du eldr indedies mdost du soenr eut d ioneeduss lii
  real plain: st be attributed either to trace impurities or to variation in w
--- iter tau=0.1698 ---
  cipher in : h papa preached and the dreadful lake of fire so walking in awe 
  decrypted : l ieie inoeilot eut elo tnoetmps seso im mdno ri aessdua du eao 
  real plain:  gen taylor to make an inspection trip at this time communist gu
  cipher in : f behind the wheel of a car and head for the open road for those
  decrypted : m holdut elo aloos im e ien eut loet min elo iiou niet min eliro
  real plain: and palm oil the colony was administered from brussels with neit
saving the latest model (epoch 54, total_iters 2160000)
--- iter tau=0.1698 ---
  cipher in : e is no way for him not to know it there are few things under he
  decrypted : o dr ui aes min ldp uie ei suia de elono eno moa elduar puton lo
  real plain: hose who recall easily the statues of bernini and the gigantic p
  cipher in : here is nothing holy in wedlock this girl soon drops the bourgeo
  decrypted : lono dr uieldua liss du aotsiis eldr adns riiu tniir elo hipnaoi
  real plain: ty that would arrive by next ship this went faster than schedule
--- iter tau=0.1698 ---
  cipher in : ds flocked through the waterfront streets chattering loudly in t
  decrypted : tr msiisot elnipal elo aeeonmniue renooer ileeeondua siptss du e
  real plain: in surprise then noticed that fred powell was clutching his ches
  cipher in : e contrary it seemed utterly reasonable she did not pause to con
  decrypted : o iiuenens de roopot peeonss noeriuehso rlo tdt uie iepro ei iiu
  real plain: ly of the expenditures for the department of defense are for pro
--- iter tau=0.1698 ---
  cipher in : r of mortar board at aj her husband who is the son of alton john
  decrypted : n im pineen hient ee ei lon lprheut ali dr elo riu im eseiu iilu
  real plain: re of the war was not to be considered seriously true there had 
  cipher in : able and even desirable but he was convinced that the realities 
  decrypted : ehso eut oaou tordnehso hpe lo aer iiuaduiot elee elo noesdedor 
  real plain:  the square takes its name was erected by the emperor marcus aur
--- iter tau=0.1698 ---
  cipher in : ed in order to provide any reasonably comparable coverage from j
  decrypted : ot du inton ei iniadto eus noeriuehss iipienehso iiaoneao mnip i
  real plain: e networks for military communications are one of the best examp
  cipher in : she could cope with all kinds of problems for which she was once
  decrypted : rlo iipst iiio adel ess sdutr im inihsopr min aldil rlo aer iuio
  real plain: ld one day discover but he was perpetually engaged in a battle t
--- iter tau=0.1698 ---
  cipher in : face without an expression in the world we didnt have time to sp
  decrypted : meio adelipe eu oiinorrdiu du elo ainst ao tdtue leao edpo ei ri
  real plain:  the snake reaches its maturity it has already reached about its
  cipher in :  of that walk i would have liked the town and the busyness of it
  decrypted :  im elee aess d aipst leao sdsot elo eiau eut elo hprsuorr im de
  real plain: f hands above a clothesline and the flutter of garments hung the
--- iter tau=0.1698 ---
  cipher in : al of attention in one outstanding example whirlpool corp found 
  decrypted : es im eeeouediu du iuo ipereeutdua oiepiso aldnsiiis iini miput 
  real plain:  after a fashion he envied in time he grew to depend upon her oc
  cipher in : made in the s demonstrated that psychiatrists reacted immediatel
  decrypted : peto du elo r topiureneeot elee irsildeendrer noeieot dppotdeeos
  real plain: imean war the american civil war and the franchise struggle trev
--- iter tau=0.1698 ---
  cipher in : s well received by the juniors as the class had an entry of juni
  decrypted : r aoss noiodaot hs elo ipudinr er elo iserr let eu ouens im ipud
  real plain: aps of the seton harness over gregs shoulders but this goddamn c
  cipher in : itory and excitatory systems respectively we stressed the recipr
  decrypted : deins eut oiideeeins rsreopr norioiedaoss ao renorrot elo noidin
  real plain: augural program with the slow and modest entrance of the maidens
learning rate 0.0001000 -> 0.0001000
temperature tau = 0.1664
End of epoch 54 / 80 	 Time Taken: 17 sec
--- iter tau=0.1664 ---
  cipher in : as wine in the pot roast or that the chicken had been marinated 
  decrypted : er aduo du elo iie niere in elee elo ildisou let hoou pendueeot 
  real plain:  establishments overseas to finance private investment and to pr
  cipher in : y startling thomas is a regression from the technical originalit
  decrypted : s reenesdua eliper dr e noanorrdiu mnip elo eoiludies indaduesde
  real plain:  not the utilities available nearby may provide a savings in the
--- iter tau=0.1664 ---
  cipher in : ot designed to help people get better jobs there is no doubt tha
  decrypted : ie tordauot ei losi ioiiso aoe hoeeon iihr elono dr ui tiphe ele
  real plain: political campaign we have recourse to the scientificallytrained
  cipher in : developments or to provide additional stream frontage for a fish
  decrypted : toaosiipouer in ei iniadto ettdediues renoep mniueeao min e mdrl
  real plain: y in spite of powerful opposition the draft act finally passed c
--- iter tau=0.1664 ---
  cipher in :  his purpose thus in prokofieff the union of soviet socialist re
  decrypted :  ldr ipniiro elpr du inisimdomm elo pudiu im riadoe riidesdre no
  real plain: t was with granny dying but they all agreed she wouldnt have wan
  cipher in : in states like the carolinas and georgia which were among the mo
  decrypted : du reeeor sdso elo ienisduer eut aoinade aldil aono epiua elo pi
  real plain:  plan for the capitals franklin d roosevelt memorial a circle of
--- iter tau=0.1664 ---
  cipher in : o the window again a gnawing and gnashing within him the snow wa
  decrypted : i elo adutia eaedu e aueadua eut auerldua adeldu ldp elo ruia ae
  real plain: nes of boston president kennedy couldnt stay away from his desk 
  cipher in : ance rome today by contrast it is a lively and colorful fruit ve
  decrypted : euio nipo eites hs iiuenere de dr e sdaoss eut iisinmps mnpde ao
  real plain: etty the inside of their place was full of new furniture five bu
--- iter tau=0.1664 ---
  cipher in : nd in itself the conference declared we steadfastly uphold what 
  decrypted : ut du derosm elo iiumonouio toisenot ao reoetmeress pilist alee 
  real plain: e in them well walk up there later its perhaps a mile from here 
  cipher in :  companies of infantry arrived at the mouth of the st peters riv
  decrypted :  iipieudor im dumeuens enndaot ee elo pipel im elo re ioeonr nda
  real plain: hs indeed it was probably to mr morses advantage to have mr and 
--- iter tau=0.1664 ---
  cipher in : through the house of representatives by the ranking minority mem
  decrypted : elnipal elo lipro im noinoroueeedaor hs elo neusdua pduindes pop
  real plain: ackle executive powers the final decision went to the executive 
  cipher in :  discovered differences in achievement to be interpreted as resu
  decrypted :  tdriiaonot tdmmonouior du eildoaopoue ei ho dueoninoeot er norp
  real plain:  on the trot until december hitched to a breaking cart once arou
--- iter tau=0.1664 ---
  cipher in : opularity of last years model pump with a shortbarrel this desig
  decrypted : iipsendes im sere soenr pitos ippi adel e rlinehennos eldr torda
  real plain:  judicious attitude that he read some of the books assigned to h
  cipher in : e never fail to let his brother accompany him whenever younger t
  decrypted : o uoaon meds ei soe ldr hnielon eiiipieus ldp alouoaon sipuaon e
  real plain: ndation for the next fiscal year specifically congress should co
--- iter tau=0.1664 ---
  cipher in : e name of this town i aint kidding you vince how could she she m
  decrypted : o uepo im eldr eiau d edue sdttdua sip aduio lia iipst rlo rlo p
  real plain: es which incorporated this hegelian abstraction and saw law dome
  cipher in : face without an expression in the world we didnt have time to sp
  decrypted : meio adelipe eu oiinorrdiu du elo ainst ao tdtue leao edpo ei ri
  real plain: r battens are glued and screwed to the flooring the exception is
--- iter tau=0.1664 ---
  cipher in : nvironment through the economy has been met to a degree through 
  decrypted : uadniupoue elnipal elo oiiuips ler hoou poe ei e toanoo elnipal 
  real plain: hout the land they say it helps them bring back into schools the
  cipher in :  gains of were posted for teleprompter and republic foil fairchi
  decrypted :  aedur im aono iireot min eosoinipieon eut noiphsdi mids mednild
  real plain: d rapidly at first but then baldy began to draw away somewhere i
--- iter tau=0.1664 ---
  cipher in : ed upon does not exceed per centum of the total amount paid purs
  decrypted : ot piiu tior uie oiioot ion iouepp im elo eiees epipue iedt ipnr
  real plain: re that none of the effects of this story were consciously emplo
  cipher in : se but this is not the spirit of selfreliant freedom of action f
  decrypted : ro hpe eldr dr uie elo ridnde im rosmnosdeue mnootip im eiediu m
  real plain:  of the stockholders of du pont and general motors and to consid
--- iter tau=0.1664 ---
  cipher in : istrator and the premier patrice lumumba a reasonable man twenty
  decrypted : dreneein eut elo inopdon ieendio spppphe e noeriuehso peu eaoues
  real plain: eat conductor can bring soloist orchestra and music to ultimate 
  cipher in : e canaverals achievements thunder forth from the radio televisio
  decrypted : o ieueaonesr eildoaopouer elputon minel mnip elo netdi eosoadrdi
  real plain: ent she was told by the manservant who opened the door that his 
--- iter tau=0.1664 ---
  cipher in : e moment he heard cries from behind him but he could make out no
  decrypted : o pipoue lo loent indor mnip holdut ldp hpe lo iipst peso ipe ui
  real plain: available to him your finger tips the happy one could never have
  cipher in : ddenly away there the truth is open to eyes that are willing to 
  decrypted : ttouss eaes elono elo enpel dr iiou ei osor elee eno adssdua ei 
  real plain: s late as in the bestselling novel so red the rose by stark youn
--- iter tau=0.1664 ---
  cipher in : k and illequipped the teacher was a pliant fool there were two l
  decrypted : s eut dssospdiiot elo eoeilon aer e isdeue miis elono aono eai s
  real plain:  because baker had sent him to the mexican border in to investig
  cipher in :  to worry about it for a long time he said ive adjusted the gaug
  decrypted :  ei ainns ehipe de min e siua edpo lo redt dao etipreot elo aepa
  real plain: ltiple and ambivalent identities of their passage from child to 
learning rate 0.0001000 -> 0.0001000
temperature tau = 0.1631
saving the model at the end of epoch 55, iters 2224640
End of epoch 55 / 80 	 Time Taken: 17 sec
--- iter tau=0.1631 ---
  cipher in : le today to honor parkers insurgence other than by getting down 
  decrypted : so eites ei liuin iensonr durpnaouio ielon eleu hs aoeedua tiau 
  real plain: nt have tended to dress their dancers in simple lines and solid 
  cipher in : at this was featherbedding in its ultimate form and that sympath
  decrypted : ee eldr aer moeelonhottdua du der psedpeeo minp eut elee rspieel
  real plain: in at am and end at pm in the auditorium of the library and fine
--- iter tau=0.1631 ---
  cipher in : lose to mrs cupply who drew back a step on her side of the gate 
  decrypted : siro ei pnr ipiiss ali tnoa heis e reoi iu lon rdto im elo aeeo 
  real plain: d and directed to cover into the yugoslav claims fund the sum of
  cipher in : s s approaches zero the square is inside c as s increases we con
  decrypted : r r eiinieilor uoni elo rspeno dr durdto i er r duinoeror ao iiu
  real plain: is unhappily uniqueingrownscrewedup breed their reading and thin
--- iter tau=0.1631 ---
  cipher in : egional offices help small business concerns to locate federal p
  decrypted : oadiues immdior losi rpess hprduorr iiuionur ei siieeo motones i
  real plain: ed analogy to say that this is what thomas did to poetry the spe
  cipher in : t important military targets it would seem that the b or b could
  decrypted : e dpiineeue pdsdeens eenaoer de aipst roop elee elo h in h iipst
  real plain: oots and will live for the blessing of generations to come miss 
--- iter tau=0.1631 ---
  cipher in :  studied alone lucys correspondence with brother winslow during 
  decrypted :  reptdot esiuo spisr iinnoriiutouio adel hnielon adursia tpndua 
  real plain: disillusionment turn somewhat as they do for the naive hero of d
  cipher in :  cards and invitations from gentlemen of mark on whom i had no s
  decrypted :  ientr eut duadeeediur mnip aouesopou im pens iu alip d let ui r
  real plain: rsty dictator of the dominican republic for years perhaps deserv
--- iter tau=0.1631 ---
  cipher in : een good and enduring literary works and the ephemeral mass cult
  decrypted : oou aiit eut outpndua sdeonens ainsr eut elo oilopones perr ipse
  real plain:  products research foundation to help bricklayers do better work
  cipher in : nthusiastic bulletins on new lines they always issued his lawyer
  decrypted : uelprderedi hpssoedur iu uoa sduor elos esaesr drrpot ldr season
  real plain:  might be said to be an upper or an uppermiddleclass bias but th
saving the latest model (epoch 56, total_iters 2240000)
--- iter tau=0.1631 ---
  cipher in : h miss langford her first name was evelyn was an attractive girl
  decrypted : l pdrr seuamint lon mdnre uepo aer oaossu aer eu eeeneiedao adns
  real plain: hose who recall easily the statues of bernini and the gigantic p
  cipher in : r breath one young man exhilarated to the point of insanity by l
  decrypted : n hnoeel iuo sipua peu oildseneeot ei elo iidue im dureudes hs s
  real plain: ty that would arrive by next ship this went faster than schedule
--- iter tau=0.1631 ---
  cipher in : d here but speaker sam rayburn after huddling in palm beach with
  decrypted : t lono hpe rioeson rep neshpnu emeon lpttsdua du iesp hoeil adel
  real plain: the estimate for eligible electors were made without the benefit
  cipher in : co roars and sneers sufficiently to intimidate not only one amer
  decrypted : ii nienr eut ruoonr rpmmdidouess ei duedpdteeo uie iuss iuo epon
  real plain: ard committee and dissembling discounted it inside if so i would
--- iter tau=0.1631 ---
  cipher in : ving room once martin went along they entered the bedroom and do
  decrypted : adua niip iuio penedu aoue esiua elos oueonot elo hotniip eut ti
  real plain: ni in new york to ask them for contributions to the graham memor
  cipher in : visiting aunt minnie with the house shut up but they still paid 
  decrypted : adrdedua epue pduudo adel elo lipro rlpe pi hpe elos redss iedt 
  real plain: iaison officer to critically important new york city walton who 
--- iter tau=0.1631 ---
  cipher in : lternatives their basis seems deeper than mere authority they ar
  decrypted : seonueedaor elodn herdr roopr tooion eleu pono epelindes elos en
  real plain: icate finally the forces of authoritarianism protrujillo and pro
  cipher in : our energies on the effort to promote the economic and social de
  decrypted : ipn ouonador iu elo ommine ei inipieo elo oiiuipdi eut riides to
  real plain:  humble their approach to life direct and unsophisticated whatev
--- iter tau=0.1631 ---
  cipher in : and post on arrival at headquarters he had however in king stani
  decrypted : eut iire iu enndaes ee loetspeneonr lo let liaoaon du sdua reeud
  real plain: ns require the inscription of each individual male or female adu
  cipher in : eland and the complex motivations that hold a large group of peo
  decrypted : oseut eut elo iipisoi piedaeediur elee list e senao anipi im ioi
  real plain: s was lying or insisting on a private definition of antisemitism
--- iter tau=0.1631 ---
  cipher in : n better in america than in france the consciousness it mirrors 
  decrypted : u hoeeon du epondie eleu du mneuio elo iiuridipruorr de pdnninr 
  real plain: tively admitted for next fall after state investigators question
  cipher in : could be readily observed that all felt freer to discuss things 
  decrypted : iipst ho noetdss ihronaot elee ess mose mnoon ei tdriprr elduar 
  real plain: te system of personal contacts and have experts constantly study
--- iter tau=0.1631 ---
  cipher in : arfare i have been loath to believe that any nation even our pre
  decrypted : enmeno d leao hoou sieel ei hosdoao elee eus ueediu oaou ipn ino
  real plain: freshing deep peep show the viewers of the deep peep show at th 
  cipher in : dy passed into the corridor their good lucks following him it wa
  decrypted : ts ierrot duei elo iinndtin elodn aiit spisr missiadua ldp de ae
  real plain: lish by dutton co of new york in the book was received by the pr
learning rate 0.0001000 -> 0.0001000
temperature tau = 0.1598
End of epoch 56 / 80 	 Time Taken: 17 sec
--- iter tau=0.1598 ---
  cipher in : the development of adjoining properties might impair the residen
  decrypted : elo toaosiipoue im etiidudua iniionedor pdale dpiedn elo nordtou
  real plain:  parents were doing quite well her mother was a good manager and
  cipher in : ek though the spread of this type of decoration in the aegean ha
  decrypted : os elipal elo rinoet im eldr esio im toiineediu du elo eoaoeu le
  real plain: than less of an individualist than any of his predecessors for h
--- iter tau=0.1598 ---
  cipher in : atement read to a large and friendly group of your fellow artist
  decrypted : eeopoue noet ei e senao eut mndoutss anipi im sipn mossia enedre
  real plain: s own hands have committed his guilty conscience projects itself
  cipher in : mployed professionals rather than as employees enthusiasm in a c
  decrypted : pisisot inimorrdiuesr neelon eleu er opisisoor ouelprderp du e i
  real plain: e let the germans do this i have sat many hours with this styka 
--- iter tau=0.1598 ---
  cipher in : s were openly sullen and morose missing muster without excuse ex
  decrypted : r aono iiouss rpssou eut piniro pdrrdua ppreon adelipe oiipro oi
  real plain: ct that the old roman was referring to change made under militar
  cipher in :  no time youll see myras settling down on the defensive he added
  decrypted :  ui edpo sipss roo psner roeesdua tiau iu elo tomourdao lo ettot
  real plain: ancers of bali on march hollywood a southeast library workshop w
--- iter tau=0.1598 ---
  cipher in :  myra had always put most of gregs money on her own back lucy su
  decrypted :  psne let esaesr ipe pire im anoar piuos iu lon iau heis spis rp
  real plain:  ceiling near it was a metal ladder on casters attached to the t
  cipher in : aires checking their references interviewing them asking them to
  decrypted : ednor iloisdua elodn nomonouior dueonadoadua elop ersdua elop ei
  real plain: ves breathes and thinks for the good of the people hughes asked 
--- iter tau=0.1598 ---
  cipher in :  any social director the job also covers a number of other items
  decrypted :  eus riides tdnoiein elo iih esri iiaonr e upphon im ielon deopr
  real plain: peech only hardy would say a grin of bitterness swept thereby li
  cipher in : at she would do anything prematurely or in bad taste any more th
  decrypted : ee rlo aipst ti euseldua inopeepnoss in du het eereo eus pino el
  real plain: st be attributed either to trace impurities or to variation in w
--- iter tau=0.1598 ---
  cipher in : ld probably have been true by now anyhow as usual gladdys bright
  decrypted : st inihehss leao hoou enpo hs uia euslia er prpes asettsr hndale
  real plain: ackle executive powers the final decision went to the executive 
  cipher in : reement or to the operation of arrangements carried out pursuant
  decrypted : noopoue in ei elo iioneediu im enneuaopouer ienndot ipe ipnrpeue
  real plain:  on the trot until december hitched to a breaking cart once arou
--- iter tau=0.1598 ---
  cipher in : ked and trusted ever got to see them two years ago thompson offe
  decrypted : sot eut enpreot oaon aie ei roo elop eai soenr eai elipiriu immo
  real plain: ect save one both were eccentrics of the purest ray serene alexa
  cipher in : an issue which may well reach the supreme court of the united st
  decrypted : eu drrpo aldil pes aoss noeil elo rpinopo iipne im elo pudeot re
  real plain:  already beginning to thin and recede at the sides and abel look
--- iter tau=0.1598 ---
  cipher in : at the time machine most approved by science fiction must travel
  decrypted : ee elo edpo peilduo pire eiiniaot hs ridouio mdiediu ppre eneaos
  real plain: in surprise then noticed that fred powell was clutching his ches
  cipher in : o the gray and vanished as if drawn by a wire the enemy flew int
  decrypted : i elo anes eut aeudrlot er dm tneau hs e adno elo ouops msoa due
  real plain: ly of the expenditures for the department of defense are for pro
--- iter tau=0.1598 ---
  cipher in :  on the subspace af this shows that the minimal polynomial for a
  decrypted :  iu elo rphrieio em eldr rliar elee elo pdudpes iissuipdes min e
  real plain: re of the war was not to be considered seriously true there had 
  cipher in : n the chromium its crystal structure is very simple and the unkn
  decrypted : u elo ilnipdpp der insrees renpiepno dr aons rdpiso eut elo pusu
  real plain:  the square takes its name was erected by the emperor marcus aur
--- iter tau=0.1598 ---
  cipher in :  is meeting the worlds need too since what the world most needs 
  decrypted :  dr pooedua elo ainstr uoot eii rduio alee elo ainst pire uootr 
  real plain: e networks for military communications are one of the best examp
  cipher in : vival of the family will depend largely on information received 
  decrypted : adaes im elo mepdss adss toiout senaoss iu duminpeediu noiodaot 
  real plain: ld one day discover but he was perpetually engaged in a battle t
--- iter tau=0.1598 ---
  cipher in : is just a supermachine and this would mean that we live in a mec
  decrypted : dr ipre e rpionpeilduo eut eldr aipst poeu elee ao sdao du e poi
  real plain:  the snake reaches its maturity it has already reached about its
  cipher in :  were compared with the accepted values associated with liquid h
  decrypted :  aono iipienot adel elo eiioieot aespor erriideeot adel sdspdt l
  real plain: f hands above a clothesline and the flutter of garments hung the
--- iter tau=0.1598 ---
  cipher in :  yellow wolf was there nephew of the young chief by an older bro
  decrypted :  sossia aism aer elono uoiloa im elo sipua ildom hs eu iston hni
  real plain:  after a fashion he envied in time he grew to depend upon her oc
  cipher in : yet the attitude that the fate of the presidency demands in such
  decrypted : soe elo eeedepto elee elo meeo im elo inordtouis topeutr du rpil
  real plain: imean war the american civil war and the franchise struggle trev
--- iter tau=0.1598 ---
  cipher in :  to the arrival and condition of commodities and the provisions 
  decrypted :  ei elo enndaes eut iiutdediu im iippitdedor eut elo iniadrdiur 
  real plain: aps of the seton harness over gregs shoulders but this goddamn c
  cipher in : xcitement run down the hall from the kitchen to the front door j
  decrypted : iideopoue npu tiau elo less mnip elo sdeilou ei elo mniue tiin i
  real plain: augural program with the slow and modest entrance of the maidens
learning rate 0.0001000 -> 0.0001000
temperature tau = 0.1565
End of epoch 57 / 80 	 Time Taken: 17 sec
--- iter tau=0.1565 ---
  cipher in : vited they betray an uneasy conscience whenever new england libe
  decrypted : adeot elos hoenes eu puoers iiuridouio alouoaon uoa ouaseut sdho
  real plain:  establishments overseas to finance private investment and to pr
  cipher in : to management was explained by thurman arnold in the folklore of
  decrypted : ei peueaopoue aer oiiseduot hs elpnpeu enuist du elo misssino im
  real plain:  not the utilities available nearby may provide a savings in the
--- iter tau=0.1565 ---
  cipher in : ore walked between two trees at random and headed in what she be
  decrypted : ino aessot hoeaoou eai enoor ee neutip eut loetot du alee rlo ho
  real plain: political campaign we have recourse to the scientificallytrained
  cipher in : asan reigned men had hidden high explosives booby traps and mine
  decrypted : ereu nodauot pou let ldttou ldal oiisirdaor hiihs eneir eut pduo
  real plain: y in spite of powerful opposition the draft act finally passed c
--- iter tau=0.1565 ---
  cipher in : his moment mando came hurrying up to announce that the problem w
  decrypted : ldr pipoue peuti iepo lpnnsdua pi ei euuipuio elee elo inihsop a
  real plain: t was with granny dying but they all agreed she wouldnt have wan
  cipher in : mpletely traditional but traditional in the right way it was don
  decrypted : pisoeoss enetdediues hpe enetdediues du elo ndale aes de aer tiu
  real plain:  plan for the capitals franklin d roosevelt memorial a circle of
--- iter tau=0.1565 ---
  cipher in : kapas declined to enter into any philanthropic arrangement on ma
  decrypted : seier toisduot ei oueon duei eus ildseuelniidi enneuaopoue iu pe
  real plain: nes of boston president kennedy couldnt stay away from his desk 
  cipher in : argument formally or informally artists simply do not talk to ea
  decrypted : enappoue minpesss in duminpesss enedrer rdpiss ti uie eess ei oe
  real plain: etty the inside of their place was full of new furniture five bu
--- iter tau=0.1565 ---
  cipher in : ith an equal number of american words the description of the sid
  decrypted : del eu ospes upphon im epondieu aintr elo torindiediu im elo rdt
  real plain:  products research foundation to help bricklayers do better work
  cipher in : menophobe the earliest and one of the most successful of my eigh
  decrypted : pouiiliho elo oensdore eut iuo im elo pire rpiiorrmps im ps odal
  real plain:  might be said to be an upper or an uppermiddleclass bias but th
saving the latest model (epoch 58, total_iters 2320000)
--- iter tau=0.1565 ---
  cipher in : may be necessary to represent the united states as to any claims
  decrypted : pes ho uoiorrens ei noinoroue elo pudeot reeeor er ei eus isedpr
  real plain: amous document that comes out of this dispute is perhaps sir phi
  cipher in : mented by ages and pressure yet it crumpled before the onslaught
  decrypted : poueot hs eaor eut inorrpno soe de inppisot homino elo iursepale
  real plain: he writing are all qualities which hold ones attention with the 
--- iter tau=0.1565 ---
  cipher in : on ranges from a sense of utter apathy to a feeling of desperate
  decrypted : iu neuaor mnip e rouro im peeon eieels ei e moosdua im torioneeo
  real plain:  judicious attitude that he read some of the books assigned to h
  cipher in : e new or at least not too familiar dolores hart is charming in a
  decrypted : o uoa in ee soere uie eii mepdsden tisinor lene dr ilenpdua du e
  real plain: ndation for the next fiscal year specifically congress should co
--- iter tau=0.1565 ---
  cipher in : from the heart of metropolitian atlanta and now the woman tired 
  decrypted : mnip elo loene im poeniiisdedeu eeseuee eut uia elo aipeu ednot 
  real plain: es which incorporated this hegelian abstraction and saw law dome
  cipher in :  at the time after all a guys gotta have a little ego therefore 
  decrypted :  ee elo edpo emeon ess e apsr aieee leao e sdeeso oai elonomino 
  real plain: r battens are glued and screwed to the flooring the exception is
--- iter tau=0.1565 ---
  cipher in :  made the chief syndic the following morning as john entered the
  decrypted :  peto elo ildom rsutdi elo missiadua pinudua er iilu oueonot elo
  real plain: hout the land they say it helps them bring back into schools the
  cipher in : has never been particularly popular the biography of lord grey i
  decrypted : ler uoaon hoou ienedipsenss iiipsen elo hdianeils im sint anos d
  real plain: d rapidly at first but then baldy began to draw away somewhere i
--- iter tau=0.1565 ---
  cipher in : fic aspects of this change as the urban and industrial impact fa
  decrypted : mdi erioier im eldr ileuao er elo pnheu eut dutprendes dpieie me
  real plain: re that none of the effects of this story were consciously emplo
  cipher in : ale anatomy but he had sketched the women of tuscany in their fi
  decrypted : eso eueeips hpe lo let rsoeilot elo aipou im eprieus du elodn md
  real plain:  of the stockholders of du pont and general motors and to consid
--- iter tau=0.1565 ---
  cipher in : with the bases loaded and in unprecedented style delivered conse
  decrypted : adel elo heror sietot eut du puinoiotoueot resso tosdaonot iiuro
  real plain: eat conductor can bring soloist orchestra and music to ultimate 
  cipher in : and therefore hold it on a week night prior to reception sunday 
  decrypted : eut elonomino list de iu e aoos udale indin ei noioiediu rputes 
  real plain: ent she was told by the manservant who opened the door that his 
--- iter tau=0.1565 ---
  cipher in : ll them she had become byrons mistress by odd coincidence on the
  decrypted : ss elop rlo let hoiipo hsniur pdrenorr hs itt iiduidtouio iu elo
  real plain: available to him your finger tips the happy one could never have
  cipher in : se to be set up as a barricade in front of the haberdashery stor
  decrypted : ro ei ho roe pi er e henndieto du mniue im elo lehonterlons rein
  real plain: s late as in the bestselling novel so red the rose by stark youn
--- iter tau=0.1565 ---
  cipher in : oon that he dropped the shorts on the floor now im not going to 
  decrypted : iiu elee lo tniiiot elo rliner iu elo msiin uia dp uie aidua ei 
  real plain: onal traveler from italy brought news of peter robert who was no
  cipher in : nal sin which may be committed in warming a wine is to force it 
  decrypted : ues rdu aldil pes ho iippdeeot du aenpdua e aduo dr ei minio de 
  real plain: dicks classmate jimmy from next door let the cat out of the bag 
learning rate 0.0001000 -> 0.0001000
temperature tau = 0.1534
End of epoch 58 / 80 	 Time Taken: 17 sec
--- iter tau=0.1534 ---
  cipher in :  said he stood there towering over them all gentle mighty determ
  decrypted :  redt lo reiit elono eiaondua iaon elop ess aoueso pdales toeonp
  real plain: nt have tended to dress their dancers in simple lines and solid 
  cipher in : at the westminster kc dog show in madison square garden new york
  decrypted : ee elo aorepdureon si tia rlia du petdriu rspeno aentou uoa sins
  real plain: in at am and end at pm in the auditorium of the library and fine
--- iter tau=0.1534 ---
  cipher in :  became a pit boss until the club found him crossroading he was 
  decrypted :  hoiepo e ide hirr pueds elo isph miput ldp inirrnietdua lo aer 
  real plain: d and directed to cover into the yugoslav claims fund the sum of
  cipher in : quirer the letter writer who suggested saving money by taking ki
  decrypted : spdnon elo soeeon andeon ali rpaaoreot readua piuos hs eesdua sd
  real plain: is unhappily uniqueingrownscrewedup breed their reading and thin
--- iter tau=0.1534 ---
  cipher in : ion of philosophical systems involving certain differences was u
  decrypted : diu im ildsiriildies rsreopr duaisadua ioneedu tdmmonouior aer p
  real plain: ed analogy to say that this is what thomas did to poetry the spe
  cipher in : ereas it is a matter of fact that smith cannot drive a car there
  decrypted : onoer de dr e peeeon im meie elee rpdel ieuuie tndao e ien elono
  real plain: oots and will live for the blessing of generations to come miss 
--- iter tau=0.1534 ---
  cipher in : omposers turn up on new imports from france bam is the unlikely 
  decrypted : ipiironr epnu pi iu uoa dpiiner mnip mneuio hep dr elo pusdsoss 
  real plain: peech only hardy would say a grin of bitterness swept thereby li
  cipher in : national bill for their support will grow larger than it otherwi
  decrypted : ueediues hdss min elodn rpiiine adss ania senaon eleu de ielonad
  real plain: st be attributed either to trace impurities or to variation in w
--- iter tau=0.1534 ---
  cipher in : la we get the equation af the compression ratio is to this metho
  decrypted : se ao aoe elo ospeediu em elo iipinorrdiu needi dr ei eldr poeli
  real plain:  gen taylor to make an inspection trip at this time communist gu
  cipher in : gs chemical name hydroxazine hydrochloride what it does improves
  decrypted : ar ilopdies uepo lstniieuduo lstniilsindto alee de tior dpiniaor
  real plain: and palm oil the colony was administered from brussels with neit
--- iter tau=0.1534 ---
  cipher in : lit by a vermilion streak his eyes were pools of white jagged re
  decrypted : sde hs e aonpdsdiu renoes ldr osor aono iiisr im aldeo ieaaot no
  real plain: hose who recall easily the statues of bernini and the gigantic p
  cipher in : and his whole attitude is improved over this time last year when
  decrypted : eut ldr aliso eeedepto dr dpiniaot iaon eldr edpo sere soen alou
  real plain: ty that would arrive by next ship this went faster than schedule
--- iter tau=0.1534 ---
  cipher in : eally been an official american catholic project certainly not i
  decrypted : oesss hoou eu immdides epondieu ieelisdi iniioie ioneeduss uie d
  real plain: the estimate for eligible electors were made without the benefit
  cipher in :  the world since interviewing is the basic therapeutic and diagn
  decrypted :  elo ainst rduio dueonadoadua dr elo herdi eloneiopedi eut tdeau
  real plain: ard committee and dissembling discounted it inside if so i would
--- iter tau=0.1534 ---
  cipher in : completion the lower portion utilizes the full complement of int
  decrypted : iipisoediu elo siaon iinediu pedsduor elo mpss iipisopoue im due
  real plain: ni in new york to ask them for contributions to the graham memor
  cipher in : ed in the departments recommendation upon return of the file to 
  decrypted : ot du elo toienepouer noiippouteediu piiu noepnu im elo mdso ei 
  real plain: iaison officer to critically important new york city walton who 
--- iter tau=0.1534 ---
  cipher in : e dive into the water striking below the waterline of individual
  decrypted : o tdao duei elo aeeon rendsdua hosia elo aeeonsduo im dutdadtpes
  real plain: icate finally the forces of authoritarianism protrujillo and pro
  cipher in :  alley cleaning is great he should put the police back to patrol
  decrypted :  essos isoeudua dr anoee lo rlipst ipe elo iisdio heis ei ieenis
  real plain:  humble their approach to life direct and unsophisticated whatev
--- iter tau=0.1534 ---
  cipher in : ditor edward weeks moderates a round table of four russian write
  decrypted : tdein otaent aoosr pitoneeor e niput eehso im mipn nprrdeu andeo
  real plain: ns require the inscription of each individual male or female adu
  cipher in : ersity should stand for recently colleges and universities have 
  decrypted : onrdes rlipst reeut min noiouess iissoaor eut pudaonrdedor leao 
  real plain: s was lying or insisting on a private definition of antisemitism
--- iter tau=0.1534 ---
  cipher in : ublicanism for partisan campaigns but that is part of the game h
  decrypted : phsdieudrp min ienedreu iepiedaur hpe elee dr iene im elo aepo l
  real plain: tively admitted for next fall after state investigators question
  cipher in : er to an actual jail taken with other details it could have refe
  decrypted : on ei eu eiepes ieds eesou adel ielon toeedsr de iipst leao nomo
  real plain: te system of personal contacts and have experts constantly study
--- iter tau=0.1534 ---
  cipher in : ing but sand and a ridge of rocks sloping jaggedly to the waters
  decrypted : dua hpe reut eut e ndtao im niisr rsiidua ieaaotss ei elo aeeonr
  real plain: aps of the seton harness over gregs shoulders but this goddamn c
  cipher in : her moses most attempts to develop any sympathy for brown and hi
  decrypted : lon piror pire eeeopier ei toaosii eus rspieels min hniau eut ld
  real plain: augural program with the slow and modest entrance of the maidens
learning rate 0.0001000 -> 0.0001000
temperature tau = 0.1503
End of epoch 59 / 80 	 Time Taken: 17 sec
--- iter tau=0.1503 ---
  cipher in : take the evidence the congressman tried hard but failed this was
  decrypted : eeso elo oadtouio elo iiuanorrpeu endot lent hpe medsot eldr aer
  real plain:  parents were doing quite well her mother was a good manager and
  cipher in : ning for him only emotionally they penetrated him not at all who
  decrypted : udua min ldp iuss opiediuesss elos iouoeneeot ldp uie ee ess ali
  real plain: than less of an individualist than any of his predecessors for h
--- iter tau=0.1503 ---
  cipher in : oughhewn irish the features of his face are distinct but not fin
  decrypted : ipalloau dndrl elo moeepnor im ldr meio eno tdreduie hpe uie mdu
  real plain: s own hands have committed his guilty conscience projects itself
  cipher in :  about the form stored at this location can be retrieved directl
  decrypted :  ehipe elo minp reinot ee eldr siieediu ieu ho noendoaot tdnoies
  real plain: e let the germans do this i have sat many hours with this styka 
--- iter tau=0.1503 ---
  cipher in : ial building fund the graham memorial would be the campus studen
  decrypted : des hpdstdua mput elo anelep popindes aipst ho elo iepipr reptou
  real plain: ct that the old roman was referring to change made under militar
  cipher in :  their compulsivity was not strong enough to cause them to build
  decrypted :  elodn iipipsrdades aer uie reniua ouipal ei iepro elop ei hpdst
  real plain: ancers of bali on march hollywood a southeast library workshop w
--- iter tau=0.1503 ---
  cipher in : rn has never had to look back at any of his most devastating fig
  decrypted : nu ler uoaon let ei siis heis ee eus im ldr pire toaereeedua mda
  real plain: nes of boston president kennedy couldnt stay away from his desk 
  cipher in :  close up and others farther back with the difference in placeme
  decrypted :  isiro pi eut ielonr menelon heis adel elo tdmmonouio du iseiopo
  real plain: etty the inside of their place was full of new furniture five bu
--- iter tau=0.1503 ---
  cipher in : nsen knows what its all about but not jeff lawrence when he was 
  decrypted : urou suiar alee der ess ehipe hpe uie iomm seanouio alou lo aer 
  real plain: e in them well walk up there later its perhaps a mile from here 
  cipher in : ons throughout the northwest these included oregon state fair fo
  decrypted : iur elnipalipe elo uinelaore eloro duisptot inoaiu reeeo medn mi
  real plain: hs indeed it was probably to mr morses advantage to have mr and 
[Rank 0] (epoch: 60, iters: 13568, time: 0.000, data: 0.001) , D_A: 1.145, G_A: -1.684, cycle_A: 0.008, D_B: 2.618, G_B: -2.906, cycle_B: 0.052

saving the latest model (epoch 60, total_iters 2400000)
--- iter tau=0.1503 ---
  cipher in : e as anything could be any free elections that were to be held i
  decrypted : o er euseldua iipst ho eus mnoo osoiediur elee aono ei ho lost d
  real plain: ackle executive powers the final decision went to the executive 
  cipher in : vious dream we have an instance of deja vue except for the fact 
  decrypted : adipr tnoep ao leao eu dureeuio im toie apo oiioie min elo meie 
  real plain:  on the trot until december hitched to a breaking cart once arou
--- iter tau=0.1503 ---
  cipher in : throats she tore open the back door it was dark inside the room 
  decrypted : elnieer rlo eino iiou elo heis tiin de aer tens durdto elo niip 
  real plain: ect save one both were eccentrics of the purest ray serene alexa
  cipher in :  members of the professions quit school at an early age and went
  decrypted :  pophonr im elo inimorrdiur spde riliis ee eu oenss eao eut aoue
  real plain:  already beginning to thin and recede at the sides and abel look
--- iter tau=0.1503 ---
  cipher in : t of ruling it not as a queen but a wise wife and mother bertha 
  decrypted : e im npsdua de uie er e spoou hpe e adro admo eut pielon honele 
  real plain: in surprise then noticed that fred powell was clutching his ches
  cipher in : e to be ironed eugenia said evadna mae evans said she didnt put 
  decrypted : o ei ho dniuot opaoude redt oaetue peo oaeur redt rlo tdtue ipe 
  real plain: ly of the expenditures for the department of defense are for pro
--- iter tau=0.1503 ---
  cipher in : n a school system does not have to be measured only in increased
  decrypted : u e riliis rsreop tior uie leao ei ho poerpnot iuss du duinoerot
  real plain: re of the war was not to be considered seriously true there had 
  cipher in : n in the adventures of ozzie and harriet there is more decadence
  decrypted : u du elo etaouepnor im iuudo eut lenndoe elono dr pino toietouio
  real plain:  the square takes its name was erected by the emperor marcus aur
--- iter tau=0.1503 ---
  cipher in :  few cities required permits and getting them seemed a lifes wor
  decrypted :  moa idedor nospdnot ionpder eut aoeedua elop roopot e sdmor ain
  real plain: e networks for military communications are one of the best examp
  cipher in : gram i will be teaching somewhere that much is guaranteed by the
  decrypted : anep d adss ho eoeildua ripoalono elee ppil dr apeneueoot hs elo
  real plain: ld one day discover but he was perpetually engaged in a battle t
--- iter tau=0.1503 ---
  cipher in : ticularly tenuous claims against the government neither reason s
  decrypted : edipsenss eoupipr isedpr eaedure elo aiaonupoue uodelon noeriu r
  real plain:  the snake reaches its maturity it has already reached about its
  cipher in : s were racing toward him susan and julia came from the door and 
  decrypted : r aono neidua eiaent ldp rpreu eut ipsde iepo mnip elo tiin eut 
  real plain: f hands above a clothesline and the flutter of garments hung the
--- iter tau=0.1503 ---
  cipher in :  each teacher has in his classroom a metal file equipped with a 
  decrypted :  oeil eoeilon ler du ldr iserrniip e poees mdso ospdiiot adel e 
  real plain: available to him your finger tips the happy one could never have
  cipher in :  heart rate change in diameter pressure and effective heart powe
  decrypted :  loene neeo ileuao du tdepoeon inorrpno eut ommoiedao loene iiao
  real plain: s late as in the bestselling novel so red the rose by stark youn
--- iter tau=0.1503 ---
  cipher in :  up no i said its a kindness to her you see shes on a diet shell
  decrypted :  pi ui d redt der e sdutuorr ei lon sip roo rlor iu e tdoe rloss
  real plain:  because baker had sent him to the mexican border in to investig
  cipher in : m memory he had also learned to dispute extempore remarkably wel
  decrypted : p popins lo let esri soenuot ei tdripeo oieopiino nopensehss aos
  real plain: ltiple and ambivalent identities of their passage from child to 
learning rate 0.0001000 -> 0.0000952
temperature tau = 0.1473
saving the model at the end of epoch 60, iters 2426880
End of epoch 60 / 80 	 Time Taken: 17 sec
--- iter tau=0.1473 ---
  cipher in : ellowship by likeness and mission by friendly contact form the i
  decrypted : ossiarldi hs sdsouorr eut pdrrdiu hs mndoutss iiueeie minp elo d
  real plain:  establishments overseas to finance private investment and to pr
  cipher in : elements war fire and floods as well as injuries incident to hea
  decrypted : osopouer aen mdno eut msiitr er aoss er duipndor duidtoue ei loe
  real plain:  not the utilities available nearby may provide a savings in the
--- iter tau=0.1473 ---
  cipher in : ounced another important fact the doctor shot down to the lavato
  decrypted : ipuiot euielon dpiineeue meie elo tiiein rlie tiau ei elo seaeei
  real plain: political campaign we have recourse to the scientificallytrained
  cipher in : y than it was before in the minds of the people i met was a stro
  decrypted : s eleu de aer homino du elo pdutr im elo ioiiso d poe aer e reni
  real plain: y in spite of powerful opposition the draft act finally passed c
--- iter tau=0.1473 ---
  cipher in : nt portion of my newsletter together with the text of the articl
  decrypted : ue iinediu im ps uoarsoeeon eiaoelon adel elo eoie im elo enedis
  real plain: ed analogy to say that this is what thomas did to poetry the spe
  cipher in : ew and projected training aids were conducted at the medical ser
  decrypted : oa eut iniioieot enedudua edtr aono iiutpieot ee elo potdies ron
  real plain: oots and will live for the blessing of generations to come miss 
--- iter tau=0.1473 ---
  cipher in : as easy enough to say it because of course we couldnt spare a ce
  decrypted : er oers ouipal ei res de hoiepro im iipnro ao iipstue rieno e io
  real plain: disillusionment turn somewhat as they do for the naive hero of d
  cipher in : he found out a woman itd be bad hans poured some in a tumbler yo
  decrypted : lo miput ipe e aipeu det ho het leur iipnot ripo du e epphson si
  real plain: rsty dictator of the dominican republic for years perhaps deserv
--- iter tau=0.1473 ---
  cipher in : that although the forms became more rational the substance remai
  decrypted : elee eselipal elo minpr hoiepo pino neediues elo rphreeuio noped
  real plain:  products research foundation to help bricklayers do better work
  cipher in : at the natives seemed to regard really filthy weather as a kind 
  decrypted : ee elo ueedaor roopot ei noaent noesss mdsels aoeelon er e sdut 
  real plain:  might be said to be an upper or an uppermiddleclass bias but th
--- iter tau=0.1473 ---
  cipher in : sales personnel much of it has been product rather than sales tr
  decrypted : resor ionriuuos ppil im de ler hoou initpie neelon eleu resor en
  real plain: amous document that comes out of this dispute is perhaps sir phi
  cipher in : f the book leaves a somewhat milder impression than the prepubli
  decrypted : m elo hiis soeaor e ripoalee pdston dpinorrdiu eleu elo inoiphsd
  real plain: he writing are all qualities which hold ones attention with the 
--- iter tau=0.1473 ---
  cipher in : in this way numerical values for the relative efficacy of variou
  decrypted : du eldr aes uppondies aespor min elo noseedao ommdieis im aendip
  real plain:  judicious attitude that he read some of the books assigned to h
  cipher in : es and in it determined to exclude from membership all who did n
  decrypted : or eut du de toeonpduot ei oiispto mnip pophonrldi ess ali tdt u
  real plain: ndation for the next fiscal year specifically congress should co
--- iter tau=0.1473 ---
  cipher in : ons a second scene flashed before his mind the interior of the g
  decrypted : iur e roiiut riouo mserlot homino ldr pdut elo dueondin im elo a
  real plain: es which incorporated this hegelian abstraction and saw law dome
  cipher in : ue to the next to sprinkle over coals if they are too hot and to
  decrypted : po ei elo uoie ei rindusso iaon iiesr dm elos eno eii lie eut ei
  real plain: r battens are glued and screwed to the flooring the exception is
--- iter tau=0.1473 ---
  cipher in : t is capable of raising the temperature of water at an eightinch
  decrypted : e dr ieiehso im nedrdua elo eopioneepno im aeeon ee eu odaleduil
  real plain: hout the land they say it helps them bring back into schools the
  cipher in : ssia from granting de facto recognition to east germany soviet r
  decrypted : rrde mnip aneuedua to meiei noiiaudediu ei oere aonpeus riadoe n
  real plain: d rapidly at first but then baldy began to draw away somewhere i
--- iter tau=0.1473 ---
  cipher in : f that group of people who in carlyles words are forever gazing 
  decrypted : m elee anipi im ioiiso ali du iensssor aintr eno minoaon aeudua 
  real plain: re that none of the effects of this story were consciously emplo
  cipher in : uns pronouns adjectives adverbs and conjunctions operated under 
  decrypted : pur iniuipur etioiedaor etaonhr eut iiuipuiediur iioneeot puton 
  real plain:  of the stockholders of du pont and general motors and to consid
--- iter tau=0.1473 ---
  cipher in :  happened there were mornings when stanley came in late afternoo
  decrypted :  leiiouot elono aono pinuduar alou reeusos iepo du seeo emeonuii
  real plain: tively admitted for next fall after state investigators question
  cipher in : ed as to turn into illusion itself at least an optical if not pr
  decrypted : ot er ei epnu duei dssprdiu derosm ee soere eu iiedies dm uie in
  real plain: te system of personal contacts and have experts constantly study
--- iter tau=0.1473 ---
  cipher in : e successfully applied for the first time by c sheer and coworke
  decrypted : o rpiiorrmpsss eiisdot min elo mdnre edpo hs i rloon eut iiainso
  real plain: freshing deep peep show the viewers of the deep peep show at th 
  cipher in : what a discussion can ensue when the title of this type of song 
  decrypted : alee e tdriprrdiu ieu ourpo alou elo edeso im eldr esio im riua 
  real plain: lish by dutton co of new york in the book was received by the pr
--- iter tau=0.1473 ---
  cipher in : n each school system the subjects for this study were randomly s
  decrypted : u oeil riliis rsreop elo rphioier min eldr repts aono neutipss r
  real plain: onal traveler from italy brought news of peter robert who was no
  cipher in : nes will form on the side from which the tooth has moved this mu
  decrypted : uor adss minp iu elo rdto mnip aldil elo eiiel ler piaot eldr pp
  real plain: dicks classmate jimmy from next door let the cat out of the bag 
learning rate 0.0000952 -> 0.0000905
temperature tau = 0.1443
End of epoch 61 / 80 	 Time Taken: 17 sec
--- iter tau=0.1443 ---
  cipher in : y are doing so they react in obedience to an instinct or urge wh
  decrypted : s eno tidua ri elos noeie du ihotdouio ei eu dureduie in pnao al
  real plain: nt have tended to dress their dancers in simple lines and solid 
  cipher in : brush be careful to keep the drive belt free of oil and grease b
  decrypted : hnprl ho ienomps ei sooi elo tndao hose mnoo im ids eut anoero h
  real plain: in at am and end at pm in the auditorium of the library and fine
--- iter tau=0.1443 ---
  cipher in : mes it was to skirt a gulley their gait is impossible to convey 
  decrypted : por de aer ei rsdne e apssos elodn aede dr dpiirrdhso ei iiuaos 
  real plain: ct that the old roman was referring to change made under militar
  cipher in : of knowledge except where he can justify his claim by exhibiting
  decrypted : im suiasotao oiioie alono lo ieu ipredms ldr isedp hs oildhdedua
  real plain: ancers of bali on march hollywood a southeast library workshop w
--- iter tau=0.1443 ---
  cipher in :  for maximum efficiency the basic state grant is thirty cents fo
  decrypted :  min peidppp ommdidouis elo herdi reeeo aneue dr eldnes iouer mi
  real plain:  ceiling near it was a metal ladder on casters attached to the t
  cipher in : lazing figure in golf over the past twelve months he won the mas
  decrypted : seudua mdapno du aism iaon elo iere eaosao piuelr lo aiu elo per
  real plain: ves breathes and thinks for the good of the people hughes asked 
--- iter tau=0.1443 ---
  cipher in : e up with is only a surface manifestation turned up by their ine
  decrypted : o pi adel dr iuss e rpnmeio peudmoreeediu epnuot pi hs elodn duo
  real plain: peech only hardy would say a grin of bitterness swept thereby li
  cipher in : s now been raised in the readers mind and in the following form 
  decrypted : r uia hoou nedrot du elo noetonr pdut eut du elo missiadua minp 
  real plain: st be attributed either to trace impurities or to variation in w
saving the latest model (epoch 62, total_iters 2480000)
--- iter tau=0.1443 ---
  cipher in : o supply players for the new minneapolis vikings and the problem
  decrypted : i rpiiss isesonr min elo uoa pduuoeiisdr adsduar eut elo inihsop
  real plain:  gen taylor to make an inspection trip at this time communist gu
  cipher in : le indicated that the index word or electronic switch was not av
  decrypted : so dutdieeot elee elo dutoi aint in osoieniudi radeil aer uie ea
  real plain: and palm oil the colony was administered from brussels with neit
--- iter tau=0.1443 ---
  cipher in : yhow it was high time the boy was salted jubal couldnt reconstru
  decrypted : slia de aer ldal edpo elo his aer reseot iphes iipstue noiiurenp
  real plain: hose who recall easily the statues of bernini and the gigantic p
  cipher in : h respect to items such as these the provisions of section c vie
  decrypted : l norioie ei deopr rpil er eloro elo iniadrdiur im roiediu i ado
  real plain: ty that would arrive by next ship this went faster than schedule
--- iter tau=0.1443 ---
  cipher in : e a paranoid womans largescale philosophizing in the session abo
  decrypted : o e ieneuidt aipeur senaorieso ildsiriildudua du elo rorrdiu ehi
  real plain: the estimate for eligible electors were made without the benefit
  cipher in :  meats such as fresh pork sausage and hamburger have a relativel
  decrypted :  poeer rpil er mnorl iins repreao eut lephpnaon leao e noseedaos
  real plain: ard committee and dissembling discounted it inside if so i would
--- iter tau=0.1443 ---
  cipher in : g with remarkable conviction jen nelson as thea his first wife m
  decrypted : a adel nopensehso iiuadiediu iou uosriu er eloe ldr mdnre admo p
  real plain: ni in new york to ask them for contributions to the graham memor
  cipher in :  so loaded down with the management of the pharmacy and lectures
  decrypted :  ri sietot tiau adel elo peueaopoue im elo ilenpeis eut soiepnor
  real plain: iaison officer to critically important new york city walton who 
--- iter tau=0.1443 ---
  cipher in : damage from destructive agencies below the level which would ser
  decrypted : tepeao mnip torenpiedao eaouidor hosia elo soaos aldil aipst ron
  real plain: icate finally the forces of authoritarianism protrujillo and pro
  cipher in :  before instead of isolating the literal flatness by specifying 
  decrypted :  homino dureoet im driseedua elo sdeones mseeuorr hs rioidmsdua 
  real plain:  humble their approach to life direct and unsophisticated whatev
--- iter tau=0.1443 ---
  cipher in : t food bill along with most of the tip money the automobile expe
  decrypted : e miit hdss esiua adel pire im elo edi piuos elo epeipihdso oiio
  real plain:  the snake reaches its maturity it has already reached about its
  cipher in : ched like this or made to flow you can enrich the body attitudes
  decrypted : ilot sdso eldr in peto ei msia sip ieu oundil elo hits eeedeptor
  real plain: f hands above a clothesline and the flutter of garments hung the
--- iter tau=0.1443 ---
  cipher in : foams may soon be molded on a production basis in lowcost molds 
  decrypted : miepr pes riiu ho pistot iu e initpiediu herdr du siaiire pistr 
  real plain:  after a fashion he envied in time he grew to depend upon her oc
  cipher in : and bigger monteros shot had caught him high in the chest there 
  decrypted : eut hdaaon piueonir rlie let iepale ldp ldal du elo ilore elono 
  real plain: imean war the american civil war and the franchise struggle trev
--- iter tau=0.1443 ---
  cipher in : zed ceramics company an organization that built very experimenta
  decrypted : uot ionepdir iipieus eu inaeudueediu elee hpdse aons oiiondpouee
  real plain: aps of the seton harness over gregs shoulders but this goddamn c
  cipher in :  new light strong easytooperate trailers which are built to acco
  decrypted :  uoa sdale reniua oerseiiioneeo enedsonr aldil eno hpdse ei eiii
  real plain: augural program with the slow and modest entrance of the maidens
learning rate 0.0000905 -> 0.0000857
temperature tau = 0.1414
End of epoch 62 / 80 	 Time Taken: 17 sec
--- iter tau=0.1414 ---
  cipher in : means at his disposal he would be instructing his students wrong
  decrypted : poeur ee ldr tdriires lo aipst ho durenpiedua ldr reptouer aniua
  real plain:  parents were doing quite well her mother was a good manager and
  cipher in : ion of copra the oilbearing flesh of the coconut was a little mo
  decrypted : diu im iiine elo idshoendua msorl im elo iiiiupe aer e sdeeso pi
  real plain: than less of an individualist than any of his predecessors for h
--- iter tau=0.1414 ---
  cipher in : tic decline in freight loading due principally to the severe slu
  decrypted : edi toisduo du mnodale sietdua tpo induidiesss ei elo roaono rsp
  real plain: political campaign we have recourse to the scientificallytrained
  cipher in : f those have had dynamic runups in price on the market in recent
  decrypted : m eliro leao let tsuepdi npupir du indio iu elo pensoe du noioue
  real plain: y in spite of powerful opposition the draft act finally passed c
--- iter tau=0.1414 ---
  cipher in : ution along with some guerrilla fighting in the desert for good 
  decrypted : pediu esiua adel ripo aponndsse mdaledua du elo torone min aiit 
  real plain: t was with granny dying but they all agreed she wouldnt have wan
  cipher in : linical interest and departments devoted to military medical new
  decrypted : sdudies dueonore eut toienepouer toaieot ei pdsdeens potdies uoa
  real plain:  plan for the capitals franklin d roosevelt memorial a circle of
--- iter tau=0.1414 ---
  cipher in : abel the name fell with lazy affectionate remembrance from her l
  decrypted : ehos elo uepo moss adel seus emmoiediueeo nopophneuio mnip lon s
  real plain: nes of boston president kennedy couldnt stay away from his desk 
  cipher in : lay her exuberant feelings such fascinating novelties in the sco
  decrypted : ses lon oiphoneue moosduar rpil meridueedua uiaosedor du elo rii
  real plain: etty the inside of their place was full of new furniture five bu
--- iter tau=0.1414 ---
  cipher in : xistent form of order once the activation of change has reached 
  decrypted : idreoue minp im inton iuio elo eiedaeediu im ileuao ler noeilot 
  real plain: e in them well walk up there later its perhaps a mile from here 
  cipher in : ter was established in july between burr and manleys store at ma
  decrypted : eon aer oreehsdrlot du ipss hoeaoou hpnn eut peusosr reino ee pe
  real plain: hs indeed it was probably to mr morses advantage to have mr and 
--- iter tau=0.1414 ---
  cipher in : istory to describe death as altogether the consequence of human 
  decrypted : dreins ei torindho toeel er eseiaoelon elo iiurospouio im lppeu 
  real plain: ackle executive powers the final decision went to the executive 
  cipher in : ntries it should be american policy not only to encourage effect
  decrypted : uendor de rlipst ho epondieu iisdis uie iuss ei ouiipneao ommoie
  real plain:  on the trot until december hitched to a breaking cart once arou
--- iter tau=0.1414 ---
  cipher in : at delightful quality in taste that has made it such a favorite 
  decrypted : ee tosdalemps spesdes du eereo elee ler peto de rpil e meaindeo 
  real plain: ect save one both were eccentrics of the purest ray serene alexa
  cipher in : o lord selkirk that he return to the atlantic coast by way of th
  decrypted : i sint rossdns elee lo noepnu ei elo eeseuedi iiere hs aes im el
  real plain:  already beginning to thin and recede at the sides and abel look
--- iter tau=0.1414 ---
  cipher in : l and disarmed germany it might well be advantageous for the ger
  decrypted : s eut tdrenpot aonpeus de pdale aoss ho etaeueeaoipr min elo aon
  real plain: in surprise then noticed that fred powell was clutching his ches
  cipher in : were flashes of the great stylist of yesteryear flashes even of 
  decrypted : aono mserlor im elo anoee ressdre im soreonsoen mserlor oaou im 
  real plain: ly of the expenditures for the department of defense are for pro
--- iter tau=0.1414 ---
  cipher in : ollowing the above heretoforeaccepted assumption in preparative 
  decrypted : issiadua elo ehiao lonoeiminoeiioieot errppiediu du inoieneedao 
  real plain: re of the war was not to be considered seriously true there had 
  cipher in : is the music that stands above the lyrics for this story of an a
  decrypted : dr elo pprdi elee reeutr ehiao elo ssndir min eldr reins im eu e
  real plain:  the square takes its name was erected by the emperor marcus aur
--- iter tau=0.1414 ---
  cipher in : tting properties of the transparent plastics there is much that 
  decrypted : eedua iniionedor im elo eneurienoue iseredir elono dr ppil elee 
  real plain: re that none of the effects of this story were consciously emplo
  cipher in : easons mentioned by onethird or more of the builders were resist
  decrypted : oeriur pouediuot hs iuoeldnt in pino im elo hpdstonr aono nordre
  real plain:  of the stockholders of du pont and general motors and to consid
--- iter tau=0.1414 ---
  cipher in : iend were agents for the california pure food and drug inspectio
  decrypted : dout aono eaouer min elo iesdminude ipno miit eut tnpa durioiedi
  real plain: eat conductor can bring soloist orchestra and music to ultimate 
  cipher in : ng a course straight for the house he was covering ground fast w
  decrypted : ua e iipnro renedale min elo lipro lo aer iiaondua aniput mere a
  real plain: ent she was told by the manservant who opened the door that his 
--- iter tau=0.1414 ---
  cipher in :  made by the children in the woods on the school grounds this an
  decrypted :  peto hs elo ildstnou du elo aiitr iu elo riliis aniputr eldr eu
  real plain: available to him your finger tips the happy one could never have
  cipher in : ed to the bartender to serve a round he had just returned my cha
  decrypted : ot ei elo heneouton ei ronao e niput lo let ipre noepnuot ps ile
  real plain: s late as in the bestselling novel so red the rose by stark youn
--- iter tau=0.1414 ---
  cipher in : n excuse for losing the steel strike lasted much longer than he 
  decrypted : u oiipro min sirdua elo reoos rendso sereot ppil siuaon eleu lo 
  real plain:  because baker had sent him to the mexican border in to investig
  cipher in : edged into its chairs along about just when it was getting to be
  decrypted : otaot duei der ilednr esiua ehipe ipre alou de aer aoeedua ei ho
  real plain: ltiple and ambivalent identities of their passage from child to 
learning rate 0.0000857 -> 0.0000810
temperature tau = 0.1385
End of epoch 63 / 80 	 Time Taken: 17 sec
--- iter tau=0.1385 ---
  cipher in : a is a respectable import aptly grave carefully written performe
  decrypted : e dr e norioieehso dpiine eiess aneao ienompsss andeeou ionminpo
  real plain: nt have tended to dress their dancers in simple lines and solid 
  cipher in :  and other managers who told the editors what to say and the pre
  decrypted :  eut ielon peueaonr ali eist elo otdeinr alee ei res eut elo ino
  real plain: in at am and end at pm in the auditorium of the library and fine
--- iter tau=0.1385 ---
  cipher in : t brannon said rising well ride out as soon as weve had chuck br
  decrypted : e hneuuiu redt ndrdua aoss ndto ipe er riiu er aoao let ilpis hn
  real plain: d and directed to cover into the yugoslav claims fund the sum of
  cipher in : d on a record against jazz background the poem consisted of only
  decrypted : t iu e noiint eaedure ieuu heisaniput elo iiop iiurdreot im iuss
  real plain: is unhappily uniqueingrownscrewedup breed their reading and thin
--- iter tau=0.1385 ---
  cipher in : f nations based solely on the negative spur of common danger are
  decrypted : m ueediur herot risoss iu elo uoaeedao ripn im iippiu teuaon eno
  real plain: ed analogy to say that this is what thomas did to poetry the spe
  cipher in : p of at the beginning of the period under study and twenty years
  decrypted : i im ee elo hoaduudua im elo iondit puton repts eut eaoues soenr
  real plain: oots and will live for the blessing of generations to come miss 
--- iter tau=0.1385 ---
  cipher in : ppointment rests with gen j m swing an eisenhower appointee as h
  decrypted : iiiduepoue norer adel aou i p radua eu odrouliaon eiiidueoo er l
  real plain: disillusionment turn somewhat as they do for the naive hero of d
  cipher in : an produced from his bottom desk drawer a brochure published by 
  decrypted : eu initpiot mnip ldr hieeip tors tneaon e hniilpno iphsdrlot hs 
  real plain: rsty dictator of the dominican republic for years perhaps deserv
saving the latest model (epoch 64, total_iters 2560000)
--- iter tau=0.1385 ---
  cipher in :  lewis carroll do you want to hear the paraphrase can i bear it 
  decrypted :  soadr ienniss ti sip aeue ei loen elo ieneilnero ieu d hoen de 
  real plain:  products research foundation to help bricklayers do better work
  cipher in : break even on our downtown operation and make money on our branc
  decrypted : hnoes oaou iu ipn tiaueiau iioneediu eut peso piuos iu ipn hneui
  real plain:  might be said to be an upper or an uppermiddleclass bias but th
--- iter tau=0.1385 ---
  cipher in : licia tragically contracts parkinsons disease and dies this brie
  decrypted : sdide eneadiesss iiueneier iensduriur tdroero eut tdor eldr hndo
  real plain: amous document that comes out of this dispute is perhaps sir phi
  cipher in : his blood that he has met the demands of gods justice and thus h
  decrypted : ldr hsiit elee lo ler poe elo topeutr im aitr ipredio eut elpr l
  real plain: he writing are all qualities which hold ones attention with the 
--- iter tau=0.1385 ---
  cipher in : ve fingers one of which he identifies with the finger of provide
  decrypted : ao mduaonr iuo im aldil lo dtouedmdor adel elo mduaon im iniadto
  real plain:  judicious attitude that he read some of the books assigned to h
  cipher in :  splendid in a waterfall and all that thats the last one we did 
  decrypted :  risoutdt du e aeeonmess eut ess elee eleer elo sere iuo ao tdt 
  real plain: ndation for the next fiscal year specifically congress should co
--- iter tau=0.1385 ---
  cipher in : g most convenient the line soon proved a good investment for the
  decrypted : a pire iiuaoudoue elo sduo riiu iniaot e aiit duaorepoue min elo
  real plain: es which incorporated this hegelian abstraction and saw law dome
  cipher in : re of what we do we can see others more clearly than we can see 
  decrypted : no im alee ao ti ao ieu roo ielonr pino isoenss eleu ao ieu roo 
  real plain: r battens are glued and screwed to the flooring the exception is
--- iter tau=0.1385 ---
  cipher in :  or failsafe points the spots on the map many miles from soviet 
  decrypted :  in medsremo iiduer elo riier iu elo pei peus pdsor mnip riadoe 
  real plain: icate finally the forces of authoritarianism protrujillo and pro
  cipher in : cing steins fees as a labor consultant under scrutiny two of the
  decrypted : idua reodur moor er e sehin iiurpseeue puton rinpedus eai im elo
  real plain:  humble their approach to life direct and unsophisticated whatev
--- iter tau=0.1385 ---
  cipher in : n and in addition for shortterm training and instruction the fir
  decrypted : u eut du ettdediu min rlineeonp enedudua eut durenpiediu elo mdn
  real plain: ns require the inscription of each individual male or female adu
  cipher in : d fist upon the table and a girl would hear him and come running
  decrypted : t mdre piiu elo eehso eut e adns aipst loen ldp eut iipo npuudua
  real plain: s was lying or insisting on a private definition of antisemitism
--- iter tau=0.1385 ---
  cipher in : to the provision of trained medical personnel of the officers we
  decrypted : ei elo iniadrdiu im eneduot potdies ionriuuos im elo immdionr ao
  real plain: tively admitted for next fall after state investigators question
  cipher in : enly crashed around the two officers not a bullet touched cook w
  decrypted : ouss inerlot eniput elo eai immdionr uie e hpssoe eipilot iiis a
  real plain: te system of personal contacts and have experts constantly study
--- iter tau=0.1385 ---
  cipher in : scellaneous soils which primarily include sticky substances and 
  decrypted : riosseuoipr ridsr aldil indpendss duispto rediss rphreeuior eut 
  real plain: freshing deep peep show the viewers of the deep peep show at th 
  cipher in : heir orbits but allows the wind to bend a blade of grass it is t
  decrypted : lodn inhder hpe essiar elo adut ei hout e hseto im anerr de dr e
  real plain: lish by dutton co of new york in the book was received by the pr
learning rate 0.0000810 -> 0.0000762
temperature tau = 0.1357
End of epoch 64 / 80 	 Time Taken: 17 sec
--- iter tau=0.1357 ---
  cipher in : s a cricket looking about at the huge stainlesssteel appointment
  decrypted : r e indisoe siisdua ehipe ee elo lpao reedusorrreoos eiiiduepoue
  real plain:  parents were doing quite well her mother was a good manager and
  cipher in : ey cats manners winston stacked miss adas thin pink dishes in th
  decrypted : os ieer peuuonr adureiu reeisot pdrr eter eldu idus tdrlor du el
  real plain: than less of an individualist than any of his predecessors for h
--- iter tau=0.1357 ---
  cipher in :  you where you stand but before i do im going to hear you admit 
  decrypted :  sip alono sip reeut hpe homino d ti dp aidua ei loen sip etpde 
  real plain: s own hands have committed his guilty conscience projects itself
  cipher in : is no evidence so far that thyroglobulin can be iodinated in vit
  decrypted : dr ui oadtouio ri men elee elsniasihpsdu ieu ho ditdueeot du ade
  real plain: e let the germans do this i have sat many hours with this styka 
--- iter tau=0.1357 ---
  cipher in : ance is now being traversed american immersion and involvement i
  decrypted : euio dr uia hodua eneaonrot epondieu dpponrdiu eut duaisaopoue d
  real plain: ct that the old roman was referring to change made under militar
  cipher in : grams per pounds body weight with a maximum of grams per animal 
  decrypted : anepr ion iiputr hits aodale adel e peidppp im anepr ion eudpes 
  real plain: ancers of bali on march hollywood a southeast library workshop w
--- iter tau=0.1357 ---
  cipher in : onger be living there for she would be notified in a few days th
  decrypted : iuaon ho sdadua elono min rlo aipst ho uiedmdot du e moa tesr el
  real plain:  ceiling near it was a metal ladder on casters attached to the t
  cipher in : at the spaciousness of the tudor cooking areas for example will 
  decrypted : ee elo rieidipruorr im elo eptin iiisdua enoer min oiepiso adss 
  real plain: ves breathes and thinks for the good of the people hughes asked 
--- iter tau=0.1357 ---
  cipher in : perhaps television these restrictions have disappeared and now a
  decrypted : ionleir eosoadrdiu eloro norendiediur leao tdreiioenot eut uia e
  real plain: peech only hardy would say a grin of bitterness swept thereby li
  cipher in : ed to his section consequently no one had remembered to introduc
  decrypted : ot ei ldr roiediu iiurospouess ui iuo let nopophonot ei duenitpi
  real plain: st be attributed either to trace impurities or to variation in w
--- iter tau=0.1357 ---
  cipher in :  this has become easy use slower and slower rhythms kicking high
  decrypted :  eldr ler hoiipo oers pro rsiaon eut rsiaon nlselpr sdisdua ldal
  real plain:  gen taylor to make an inspection trip at this time communist gu
  cipher in :  a choice between new benefits and their centsperhour cost in wa
  decrypted :  e ilidio hoeaoou uoa houomder eut elodn iouerionlipn iire du ae
  real plain: and palm oil the colony was administered from brussels with neit
--- iter tau=0.1357 ---
  cipher in : u want me to do kiss him he dumped me in solitary twice barton c
  decrypted : p aeue po ei ti sdrr ldp lo tppiot po du risdeens eadio heneiu i
  real plain: hose who recall easily the statues of bernini and the gigantic p
  cipher in :  painting or sculpture but rabbi melzi you dont object to others
  decrypted :  ieduedua in ripsiepno hpe nehhd posud sip tiue ihioie ei ielonr
  real plain: ty that would arrive by next ship this went faster than schedule
--- iter tau=0.1357 ---
  cipher in : erable smell after the rain that i have done little more than lo
  decrypted : onehso rposs emeon elo nedu elee d leao tiuo sdeeso pino eleu si
  real plain: the estimate for eligible electors were made without the benefit
  cipher in : e selfrealized mahayana saint possessed superhuman powers and ma
  decrypted : o rosmnoesduot peleseue redue iirrorrot rpionlppeu iiaonr eut pe
  real plain: ard committee and dissembling discounted it inside if so i would
--- iter tau=0.1357 ---
  cipher in : ance the only area in which american boys hold their own is the 
  decrypted : euio elo iuss enoe du aldil epondieu hisr list elodn iau dr elo 
  real plain: re of the war was not to be considered seriously true there had 
  cipher in : tions representing various levels of competence on the strictly 
  decrypted : ediur noinorouedua aendipr soaosr im iipioeouio iu elo rendiess 
  real plain:  the square takes its name was erected by the emperor marcus aur
--- iter tau=0.1357 ---
  cipher in : fficult for anybody not born in siddo the system of indicating g
  decrypted : mmdipse min eushits uie hinu du rdtti elo rsreop im dutdieedua a
  real plain: e networks for military communications are one of the best examp
  cipher in : drugs influence the cortical potentials in a characteristic mann
  decrypted : tnpar dumspouio elo iinedies iieouedesr du e ileneieondredi peuu
  real plain: ld one day discover but he was perpetually engaged in a battle t
--- iter tau=0.1357 ---
  cipher in : e people who believe and retell the legend have apparently never
  decrypted : o ioiiso ali hosdoao eut noeoss elo soaout leao eiienouess uoaon
  real plain:  the snake reaches its maturity it has already reached about its
  cipher in : aving lees office mrs shaefer hurried over to her family physici
  decrypted : eadua soor immdio pnr rleomon lpnndot iaon ei lon mepdss ilsrdid
  real plain: f hands above a clothesline and the flutter of garments hung the
--- iter tau=0.1357 ---
  cipher in : or humanistic men have joy in living life leads somewhere religi
  decrypted : in lppeudredi pou leao iis du sdadua sdmo soetr ripoalono nosdad
  real plain:  after a fashion he envied in time he grew to depend upon her oc
  cipher in : he first time i saw the famous tea ceremony at pm we went to the
  decrypted : lo mdnre edpo d rea elo mepipr eoe ionopius ee ip ao aoue ei elo
  real plain: imean war the american civil war and the franchise struggle trev
--- iter tau=0.1357 ---
  cipher in : llege his pianist was donald jenni a faculty member at depaul un
  decrypted : ssoao ldr ideudre aer tiuest iouud e meipses pophon ee toieps pu
  real plain: aps of the seton harness over gregs shoulders but this goddamn c
  cipher in : n of humor as a thing of simple unaffected humanness in his conc
  decrypted : u im lppin er e eldua im rdpiso puemmoieot lppeuuorr du ldr iiui
  real plain: augural program with the slow and modest entrance of the maidens
learning rate 0.0000762 -> 0.0000714
temperature tau = 0.1330
saving the model at the end of epoch 65, iters 2629120
End of epoch 65 / 80 	 Time Taken: 17 sec
--- iter tau=0.1330 ---
  cipher in : r cent under government aegis before losing itself in the sands 
  decrypted : n ioue puton aiaonupoue eoadr homino sirdua derosm du elo reutr 
  real plain:  establishments overseas to finance private investment and to pr
  cipher in :  first successful crossing of the atlantic under steam propulsio
  decrypted :  mdnre rpiiorrmps inirrdua im elo eeseuedi puton reoep iniipsrdi
  real plain:  not the utilities available nearby may provide a savings in the
--- iter tau=0.1330 ---
  cipher in : parrillo was given first aid at johnston hose thornton where he 
  decrypted : ienndssi aer adaou mdnre edt ee iilureiu liro elinueiu alono lo 
  real plain: political campaign we have recourse to the scientificallytrained
  cipher in : ccount the question of the best interests of the children the qu
  decrypted : iiipue elo sporediu im elo hore dueonorer im elo ildstnou elo sp
  real plain: y in spite of powerful opposition the draft act finally passed c
--- iter tau=0.1330 ---
  cipher in : he cautious thomas reexamined the note and then making up his mi
  decrypted : lo iepedipr eliper nooiepduot elo uieo eut elou pesdua pi ldr pd
  real plain: t was with granny dying but they all agreed she wouldnt have wan
  cipher in : is expanding field diversification plans we are interested in fu
  decrypted : dr oiieutdua mdost tdaonrdmdieediu iseur ao eno dueonoreot du mp
  real plain:  plan for the capitals franklin d roosevelt memorial a circle of
--- iter tau=0.1330 ---
  cipher in : e and things perceived by consciousness were poor substitutes in
  decrypted : o eut elduar ioniodaot hs iiuridipruorr aono iiin rphredepeor du
  real plain: nes of boston president kennedy couldnt stay away from his desk 
  cipher in :  in the road and disappear from sight much as they had to look f
  decrypted :  du elo niet eut tdreiioen mnip rdale ppil er elos let ei siis m
  real plain: etty the inside of their place was full of new furniture five bu
saving the latest model (epoch 66, total_iters 2640000)
--- iter tau=0.1330 ---
  cipher in : bition boxell did not have the chance to grow up graciously he h
  decrypted : hdediu hiioss tdt uie leao elo ileuio ei ania pi aneidiprss lo l
  real plain: e in them well walk up there later its perhaps a mile from here 
  cipher in : r so that he would not know what to expect new antagonists were 
  decrypted : n ri elee lo aipst uie suia alee ei oiioie uoa eueeaiudrer aono 
  real plain: hs indeed it was probably to mr morses advantage to have mr and 
--- iter tau=0.1330 ---
  cipher in : s and who never comes and the old blues chants of ma rainy and o
  decrypted : r eut ali uoaon iipor eut elo ist hspor ileuer im pe nedus eut i
  real plain: ackle executive powers the final decision went to the executive 
  cipher in : unists wield a power unknown to hitler and the leading issue tha
  decrypted : pudrer adost e iiaon pusuiau ei ldeson eut elo soetdua drrpo ele
  real plain:  on the trot until december hitched to a breaking cart once arou
--- iter tau=0.1330 ---
  cipher in : lieved on finding that the suffering had not occurred on the the
  decrypted : sdoaot iu mdutdua elee elo rpmmondua let uie iiipnnot iu elo elo
  real plain: ect save one both were eccentrics of the purest ray serene alexa
  cipher in : ome on off on off in less than five minutes alec was asleep he n
  decrypted : ipo iu imm iu imm du sorr eleu mdao pdupeor esoi aer ersooi lo u
  real plain:  already beginning to thin and recede at the sides and abel look
--- iter tau=0.1330 ---
  cipher in : n a blue ribbon barbara borland of tigard took top senior indivi
  decrypted : u e hspo ndhhiu henhene hinseut im edaent eiis eii roudin dutdad
  real plain: es which incorporated this hegelian abstraction and saw law dome
  cipher in : ented in tables and figure is a graph of the mean achievement sc
  decrypted : oueot du eehsor eut mdapno dr e aneil im elo poeu eildoaopoue ri
  real plain: r battens are glued and screwed to the flooring the exception is
--- iter tau=0.1330 ---
  cipher in : es an old shipwreck a high dam an old covered bridge a place to 
  decrypted : or eu ist rldianois e ldal tep eu ist iiaonot hndtao e iseio ei 
  real plain: hout the land they say it helps them bring back into schools the
  cipher in : is undergraduate activities testifies his other activities are n
  decrypted : dr putonanetpeeo eiedadedor eoredmdor ldr ielon eiedadedor eno u
  real plain: d rapidly at first but then baldy began to draw away somewhere i
--- iter tau=0.1330 ---
  cipher in : k of new ways to deal with the problem of fear these days it mus
  decrypted : s im uoa aesr ei toes adel elo inihsop im moen eloro tesr de ppr
  real plain: re that none of the effects of this story were consciously emplo
  cipher in : and his sweaty armpits cooled at the touch of the night air alth
  decrypted : eut ldr raoees enpider iiisot ee elo eipil im elo udale edn esel
  real plain:  of the stockholders of du pont and general motors and to consid
--- iter tau=0.1330 ---
  cipher in : above the rest thoroughly modern in treatment they are at the sa
  decrypted : ehiao elo nore elinipalss pitonu du enoeepoue elos eno ee elo re
  real plain: eat conductor can bring soloist orchestra and music to ultimate 
  cipher in : ion that it needs some elaboration here true a mason watercolor 
  decrypted : diu elee de uootr ripo osehineediu lono enpo e periu aeeoniisin 
  real plain: ent she was told by the manservant who opened the door that his 
--- iter tau=0.1330 ---
  cipher in : nd joined him asking who are we going to call on in the northeas
  decrypted : ut iiduot ldp ersdua ali eno ao aidua ei iess iu du elo uineloer
  real plain: available to him your finger tips the happy one could never have
  cipher in : ou were not drunkards she said thats all im sure of she helped h
  decrypted : ip aono uie tnpusentr rlo redt eleer ess dp rpno im rlo losiot l
  real plain: s late as in the bestselling novel so red the rose by stark youn
--- iter tau=0.1330 ---
  cipher in : ntil ten but she always got up to have breakfast with me it made
  decrypted : ueds eou hpe rlo esaesr aie pi ei leao hnoesmere adel po de peto
  real plain:  because baker had sent him to the mexican border in to investig
  cipher in : aper on the giant snakes he concluded that the anacondas maximum
  decrypted : eion iu elo adeue ruesor lo iiuisptot elee elo eueiiuter peidppp
  real plain: ltiple and ambivalent identities of their passage from child to 
learning rate 0.0000714 -> 0.0000667
temperature tau = 0.1303
End of epoch 66 / 80 	 Time Taken: 17 sec
--- iter tau=0.1303 ---
  cipher in : sevelt hotel at pm sunday blaine whipple executive secretary of 
  decrypted : roaose lieos ee ip rputes hseduo aldiiso oioipedao roinoeens im 
  real plain: nt have tended to dress their dancers in simple lines and solid 
  cipher in : w of a stratford glover thomas the elder married twice had seven
  decrypted : a im e reneemint asiaon eliper elo oston penndot eadio let roaou
  real plain: in at am and end at pm in the auditorium of the library and fine
--- iter tau=0.1303 ---
  cipher in : portance but it is interesting that parker following lester youn
  decrypted : iineeuio hpe de dr dueonoredua elee ienson missiadua soreon sipu
  real plain: d and directed to cover into the yugoslav claims fund the sum of
  cipher in : s and sanitation attracted industry and investment and raised th
  decrypted : r eut reudeeediu eeeneieot dutprens eut duaorepoue eut nedrot el
  real plain: is unhappily uniqueingrownscrewedup breed their reading and thin
--- iter tau=0.1303 ---
  cipher in :  much resembles the oysters rockefeller made famous by antoines 
  decrypted :  ppil norophsor elo isreonr niisomosson peto mepipr hs eueiduor 
  real plain: ed analogy to say that this is what thomas did to poetry the spe
  cipher in : even if he had been away so long mynheer sir francis the valley 
  decrypted : oaou dm lo let hoou eaes ri siua psuloon rdn mneuidr elo aessos 
  real plain: oots and will live for the blessing of generations to come miss 
--- iter tau=0.1303 ---
  cipher in :  of this act for transmission to the foreign government concerne
  decrypted :  im eldr eie min eneurpdrrdiu ei elo minodau aiaonupoue iiuionuo
  real plain: disillusionment turn somewhat as they do for the naive hero of d
  cipher in : originated that it was bad luck for a crew chief to watch his pl
  decrypted : indadueeot elee de aer het spis min e inoa ildom ei aeeil ldr is
  real plain: rsty dictator of the dominican republic for years perhaps deserv
--- iter tau=0.1303 ---
  cipher in : every time theres an increase in hospital rates your cost will g
  decrypted : oaons edpo elonor eu duinoero du liridees neeor sipn iire adss a
  real plain:  products research foundation to help bricklayers do better work
  cipher in : y this one is a tender chicken oui such delicate beauty such fin
  decrypted : s eldr iuo dr e eouton ildisou ipd rpil tosdieeo hoepes rpil mdu
  real plain:  might be said to be an upper or an uppermiddleclass bias but th
--- iter tau=0.1303 ---
  cipher in : de control in fact however both principles have always been nebu
  decrypted : to iiuenis du meie liaoaon hiel induidisor leao esaesr hoou uohp
  real plain: amous document that comes out of this dispute is perhaps sir phi
  cipher in :  heavy vehicle traffic on eddy street and tide conditions a twof
  decrypted :  loeas aoldiso enemmdi iu otts renooe eut edto iiutdediur e eaim
  real plain: he writing are all qualities which hold ones attention with the 
--- iter tau=0.1303 ---
  cipher in : that of evil evil barnaba the spy his wicked deeds were carried 
  decrypted : elee im oads oads henuehe elo ris ldr adisot tootr aono ienndot 
  real plain: the estimate for eligible electors were made without the benefit
  cipher in : elements war fire and floods as well as injuries incident to hea
  decrypted : osopouer aen mdno eut msiitr er aoss er duipndor duidtoue ei loe
  real plain: ard committee and dissembling discounted it inside if so i would
--- iter tau=0.1303 ---
  cipher in : rhode island should have been the very last of the fortyeight to
  decrypted : nlito drseut rlipst leao hoou elo aons sere im elo minesodale ei
  real plain: ni in new york to ask them for contributions to the graham memor
  cipher in : r charter commission within days he explained that by law the co
  decrypted : n ileneon iippdrrdiu adeldu tesr lo oiiseduot elee hs sea elo ii
  real plain: iaison officer to critically important new york city walton who 
--- iter tau=0.1303 ---
  cipher in : as a fine old knockdown fight with the brother and that there ar
  decrypted : er e mduo ist suiistiau mdale adel elo hnielon eut elee elono en
  real plain: icate finally the forces of authoritarianism protrujillo and pro
  cipher in : the primary movers they initiate campaigns so to speak even if t
  decrypted : elo indpens piaonr elos dudedeeo iepiedaur ri ei rioes oaou dm e
  real plain:  humble their approach to life direct and unsophisticated whatev
--- iter tau=0.1303 ---
  cipher in : nd murder over he could have left hidden the weapon in some vaca
  decrypted : ut ppnton iaon lo iipst leao some ldttou elo aoeiiu du ripo aeie
  real plain: ns require the inscription of each individual male or female adu
  cipher in : ed eyes of pile of clouds and those of early spring haunted and 
  decrypted : ot osor im idso im isiptr eut eliro im oenss rindua lepueot eut 
  real plain: s was lying or insisting on a private definition of antisemitism
--- iter tau=0.1303 ---
  cipher in : rces to invade and subjugate katanga that notion is fantasticall
  decrypted : nior ei duaeto eut rphipaeeo seeeuae elee uiediu dr meueerediess
  real plain: tively admitted for next fall after state investigators question
  cipher in : ediate mobilization of treatment plans as the essential dynamics
  decrypted : otdeeo pihdsdueediu im enoeepoue iseur er elo orrouedes tsuepdir
  real plain: te system of personal contacts and have experts constantly study
--- iter tau=0.1303 ---
  cipher in : fic and chinese and north korean communists in korea garryowen i
  decrypted : mdi eut ilduoro eut uinel sinoeu iipppudrer du sinoe aennsiaou d
  real plain: freshing deep peep show the viewers of the deep peep show at th 
  cipher in : the basis of intellectual and moral standards and other criteria
  decrypted : elo herdr im dueossoiepes eut pines reeutentr eut ielon indeonde
  real plain: lish by dutton co of new york in the book was received by the pr
learning rate 0.0000667 -> 0.0000619
temperature tau = 0.1277
End of epoch 67 / 80 	 Time Taken: 17 sec
--- iter tau=0.1277 ---
  cipher in : uited to what you have in mind the conversion will cost a fortun
  decrypted : pdeot ei alee sip leao du pdut elo iiuaonrdiu adss iire e minepu
  real plain:  parents were doing quite well her mother was a good manager and
  cipher in : in which she had chosen to sing no orchestra however could be ex
  decrypted : du aldil rlo let ilirou ei rdua ui inilorene liaoaon iipst ho oi
  real plain: than less of an individualist than any of his predecessors for h
--- iter tau=0.1277 ---
  cipher in : nior staff engineer one company instituted early in a vertical c
  decrypted : udin reemm ouaduoon iuo iipieus duredepeot oenss du e aonedies i
  real plain: s own hands have committed his guilty conscience projects itself
  cipher in : ice for all costs in excess of a patient community visiting nurs
  decrypted : dio min ess iirer du oiiorr im e ieedoue iipppudes adrdedua upnr
  real plain: e let the germans do this i have sat many hours with this styka 
--- iter tau=0.1277 ---
  cipher in : the heart her heart her maternal feeling in fact her being was t
  decrypted : elo loene lon loene lon peeonues moosdua du meie lon hodua aer e
  real plain: ct that the old roman was referring to change made under militar
  cipher in : cant run i cant throw suddenly my reflexes are gone just when it
  decrypted : ieue npu d ieue elnia rpttouss ps nomsoior eno aiuo ipre alou de
  real plain: ancers of bali on march hollywood a southeast library workshop w
--- iter tau=0.1277 ---
  cipher in :  ward co at the dalles in a national labor relations board elect
  decrypted :  aent ii ee elo tessor du e ueediues sehin noseediur hient osoie
  real plain:  ceiling near it was a metal ladder on casters attached to the t
  cipher in : eared to be a real danger that premier khrushchev might overreac
  decrypted : oenot ei ho e noes teuaon elee inopdon slnprliloa pdale iaonnoei
  real plain: ves breathes and thinks for the good of the people hughes asked 
saving the latest model (epoch 68, total_iters 2720000)
--- iter tau=0.1277 ---
  cipher in : r as i can see there is only one way out for the positivist he h
  decrypted : n er d ieu roo elono dr iuss iuo aes ipe min elo iirdedadre lo l
  real plain: peech only hardy would say a grin of bitterness swept thereby li
  cipher in : ey would not dare to face his scoffing pamela was glad jim was n
  decrypted : os aipst uie teno ei meio ldr riimmdua iepose aer aset idp aer u
  real plain: st be attributed either to trace impurities or to variation in w
--- iter tau=0.1277 ---
  cipher in : e in the qualified sense i have indicated without the prior defe
  decrypted : o du elo spesdmdot rouro d leao dutdieeot adelipe elo indin tomo
  real plain:  gen taylor to make an inspection trip at this time communist gu
  cipher in : lkesbarre how did you find out about this he waved his arm aroun
  decrypted : ssorhenno lia tdt sip mdut ipe ehipe eldr lo aeaot ldr enp enipu
  real plain: and palm oil the colony was administered from brussels with neit
--- iter tau=0.1277 ---
  cipher in : association of university professors in a recent report on the q
  decrypted : erriideediu im pudaonrdes inimorrinr du e noioue noiine iu elo s
  real plain: ect save one both were eccentrics of the purest ray serene alexa
  cipher in : nion a la mode doesnt mean with ice cream it just means in the l
  decrypted : udiu e se pito tiorue poeu adel dio inoep de ipre poeur du elo s
  real plain:  already beginning to thin and recede at the sides and abel look
--- iter tau=0.1277 ---
  cipher in : y but one can feel the generalized anger in wrights remarks to r
  decrypted : s hpe iuo ieu moos elo aouonesduot euaon du andaler nopensr ei n
  real plain: in surprise then noticed that fred powell was clutching his ches
  cipher in : ial single role in the drafting of the constitution and in secur
  decrypted : des rduaso niso du elo tnemedua im elo iiuredepediu eut du roipn
  real plain: ly of the expenditures for the department of defense are for pro
--- iter tau=0.1277 ---
  cipher in : pecificity of staining with af was established as follows af spe
  decrypted : ioidmdides im reedudua adel em aer oreehsdrlot er missiar em rio
  real plain: re of the war was not to be considered seriously true there had 
  cipher in : n the openly declared principles and intentions of russian leade
  decrypted : u elo iiouss toisenot induidisor eut dueouediur im nprrdeu soeto
  real plain:  the square takes its name was erected by the emperor marcus aur
--- iter tau=0.1277 ---
  cipher in : ainst watsons shoulder he was no heavier than a child watson pau
  decrypted : edure aeeriur rlipston lo aer ui loeadon eleu e ildst aeeriu iep
  real plain: e networks for military communications are one of the best examp
  cipher in : red to what needs to be done it behooves the hospital management
  decrypted : not ei alee uootr ei ho tiuo de holiiaor elo liridees peueaopoue
  real plain: ld one day discover but he was perpetually engaged in a battle t
--- iter tau=0.1277 ---
  cipher in : e conceives his mission to be as an educator in a set of case st
  decrypted : o iiuiodaor ldr pdrrdiu ei ho er eu otpieein du e roe im iero re
  real plain:  the snake reaches its maturity it has already reached about its
  cipher in : e new district boundaries actually will increase cdc membership 
  decrypted : o uoa tdrendie hiputendor eiepesss adss duinoero iti pophonrldi 
  real plain: f hands above a clothesline and the flutter of garments hung the
--- iter tau=0.1277 ---
  cipher in : istracted him yet there was no sound only tomblike silence then 
  decrypted : dreneieot ldp soe elono aer ui riput iuss eiphsdso rdsouio elou 
  real plain:  after a fashion he envied in time he grew to depend upon her oc
  cipher in : may have dictated their verse in the same fashion this explanati
  decrypted : pes leao tdieeeot elodn aonro du elo repo merldiu eldr oiiseueed
  real plain: imean war the american civil war and the franchise struggle trev
--- iter tau=0.1277 ---
  cipher in : rticle of the agreement the understanding of the government of t
  decrypted : nediso im elo eanoopoue elo putonreeutdua im elo aiaonupoue im e
  real plain: aps of the seton harness over gregs shoulders but this goddamn c
  cipher in : c nature of the zen belief scriptures are burned to make fire ac
  decrypted : i ueepno im elo uou hosdom rindiepnor eno hpnuot ei peso mdno ei
  real plain: augural program with the slow and modest entrance of the maidens
learning rate 0.0000619 -> 0.0000571
temperature tau = 0.1251
End of epoch 68 / 80 	 Time Taken: 17 sec
--- iter tau=0.1251 ---
  cipher in : e available supplies of food during the intervals between harves
  decrypted : o eaedsehso rpiisdor im miit tpndua elo dueonaesr hoeaoou lenaor
  real plain:  establishments overseas to finance private investment and to pr
  cipher in : bed for many years and they needed to say no more the things lef
  decrypted : hot min peus soenr eut elos uootot ei res ui pino elo elduar som
  real plain:  not the utilities available nearby may provide a savings in the
--- iter tau=0.1251 ---
  cipher in :  down you seen him yet benson said referring to the indian he wa
  decrypted :  tiau sip roou ldp soe houriu redt nomonndua ei elo dutdeu lo ae
  real plain: political campaign we have recourse to the scientificallytrained
  cipher in :  until you return in the fall so we can work out together the be
  decrypted :  pueds sip noepnu du elo mess ri ao ieu ains ipe eiaoelon elo ho
  real plain: y in spite of powerful opposition the draft act finally passed c
--- iter tau=0.1251 ---
  cipher in :  more terraces barely above the level of the river out of water 
  decrypted :  pino eonneior henoss ehiao elo soaos im elo ndaon ipe im aeeon 
  real plain: t was with granny dying but they all agreed she wouldnt have wan
  cipher in : s for the technical man the position of staff engineer which is 
  decrypted : r min elo eoiludies peu elo iirdediu im reemm ouaduoon aldil dr 
  real plain:  plan for the capitals franklin d roosevelt memorial a circle of
--- iter tau=0.1251 ---
  cipher in :  when the southern states exercised their right to secede they f
  decrypted :  alou elo ripelonu reeeor oionidrot elodn ndale ei roioto elos m
  real plain: nes of boston president kennedy couldnt stay away from his desk 
  cipher in : tion should they be forced to do so even if we marshal substanti
  decrypted : ediu rlipst elos ho miniot ei ti ri oaou dm ao penrles rphreeued
  real plain: etty the inside of their place was full of new furniture five bu
--- iter tau=0.1251 ---
  cipher in :  advanced ones such as india and pakistan have developed systema
  decrypted :  etaeuiot iuor rpil er dutde eut iesdreeu leao toaosiiot rsreope
  real plain: e in them well walk up there later its perhaps a mile from here 
  cipher in : e boys are natural brothers and were adopted as small children b
  decrypted : o hisr eno ueepnes hnielonr eut aono etiieot er rpess ildstnou h
  real plain: hs indeed it was probably to mr morses advantage to have mr and 
--- iter tau=0.1251 ---
  cipher in : reen hookers green cadmium yellow pale yellow ochre paynes gray 
  decrypted : noou liisonr anoou ietpdpp sossia ieso sossia iilno iesuor anes 
  real plain: amous document that comes out of this dispute is perhaps sir phi
  cipher in : he was the dormitory gapt when i went to college and thought i w
  decrypted : lo aer elo tinpdeins aeie alou d aoue ei iissoao eut elipale d a
  real plain: he writing are all qualities which hold ones attention with the 
--- iter tau=0.1251 ---
  cipher in : as shown earlier the highly anxious individual may be superior i
  decrypted : er rliau oensdon elo ldalss euidipr dutdadtpes pes ho rpiondin d
  real plain:  judicious attitude that he read some of the books assigned to h
  cipher in : k about antelope bobby joe was trying to get linda kay to say sh
  decrypted : s ehipe eueosiio hihhs iio aer ensdua ei aoe sdute ses ei res rl
  real plain: ndation for the next fiscal year specifically congress should co
--- iter tau=0.1251 ---
  cipher in : construction although it proved to be twice what was estimated i
  decrypted : iiurenpiediu eselipal de iniaot ei ho eadio alee aer oredpeeot d
  real plain: es which incorporated this hegelian abstraction and saw law dome
  cipher in : d be regarded as sacred and therefore as something that neither 
  decrypted : t ho noaentot er reinot eut elonomino er ripoeldua elee uodelon 
  real plain: r battens are glued and screwed to the flooring the exception is
--- iter tau=0.1251 ---
  cipher in :  a diagonalizable operator d on v and a nilpotent operator n in 
  decrypted :  e tdeaiuesduehso iioneein t iu a eut e udsiieoue iioneein u du 
  real plain: hout the land they say it helps them bring back into schools the
  cipher in : ns how and when should the peace corps be launched the peace cor
  decrypted : ur lia eut alou rlipst elo ioeio iinir ho sepuilot elo ioeio iin
  real plain: d rapidly at first but then baldy began to draw away somewhere i
--- iter tau=0.1251 ---
  cipher in : e size of the former rochdale and manchester locations in additi
  decrypted : o rduo im elo minpon niilteso eut peuiloreon siieediur du ettded
  real plain: re that none of the effects of this story were consciously emplo
  cipher in : ill be no more helpful the materials for compromise are at hand 
  decrypted : dss ho ui pino losimps elo peeondesr min iipinipdro eno ee leut 
  real plain:  of the stockholders of du pont and general motors and to consid
--- iter tau=0.1251 ---
  cipher in : e forever being formed to fill in the gaps left by the receding 
  decrypted : o minoaon hodua minpot ei mdss du elo aeir some hs elo noiotdua 
  real plain: eat conductor can bring soloist orchestra and music to ultimate 
  cipher in : s salt and pepper shakers elephants dogs dolls shells or shall w
  decrypted : r rese eut ioiion rlesonr osoileuer tiar tissr rlossr in rless a
  real plain: ent she was told by the manservant who opened the door that his 
--- iter tau=0.1251 ---
  cipher in : f two regiments of swiss mercenaries transported by great britai
  decrypted : m eai noadpouer im radrr poniouendor eneuriineot hs anoee hndeed
  real plain: available to him your finger tips the happy one could never have
  cipher in : e will of god when they fall by the wayside and fail to achieve 
  decrypted : o adss im ait alou elos mess hs elo aesrdto eut meds ei eildoao 
  real plain: s late as in the bestselling novel so red the rose by stark youn
--- iter tau=0.1251 ---
  cipher in : rks of the lord what desolations he hath made in the earth but a
  decrypted : nsr im elo sint alee toriseediur lo leel peto du elo oenel hpe e
  real plain:  because baker had sent him to the mexican border in to investig
  cipher in : ative cooler had been moved to grannys room and her door was kep
  decrypted : eedao iiison let hoou piaot ei aneuusr niip eut lon tiin aer soi
  real plain: ltiple and ambivalent identities of their passage from child to 
learning rate 0.0000571 -> 0.0000524
temperature tau = 0.1226
End of epoch 69 / 80 	 Time Taken: 17 sec
--- iter tau=0.1226 ---
  cipher in : y havent seen us greg yelled to himself over the engine noise th
  decrypted : s leaoue roou pr anoa sossot ei ldprosm iaon elo ouaduo uidro el
  real plain: nt have tended to dress their dancers in simple lines and solid 
  cipher in : ng the third of twelve visits they had reached the crisis peak e
  decrypted : ua elo eldnt im eaosao adrder elos let noeilot elo indrdr ioes o
  real plain: in at am and end at pm in the auditorium of the library and fine
--- iter tau=0.1226 ---
  cipher in : during the winter the external signs of his approach to it would
  decrypted : tpndua elo adueon elo oieonues rdaur im ldr eiinieil ei de aipst
  real plain: d and directed to cover into the yugoslav claims fund the sum of
  cipher in : kid theyve found some sort of new evidence a bundle of clothes o
  decrypted : sdt elosao miput ripo rine im uoa oadtouio e hputso im isielor i
  real plain: is unhappily uniqueingrownscrewedup breed their reading and thin
--- iter tau=0.1226 ---
  cipher in :  his nice lean face grave with honest concern but i couldnt help
  decrypted :  ldr udio soeu meio aneao adel liuore iiuionu hpe d iipstue losi
  real plain: ed analogy to say that this is what thomas did to poetry the spe
  cipher in : or him and he often slipped when one of the men in the hall behi
  decrypted : in ldp eut lo imeou rsdiiot alou iuo im elo pou du elo less hold
  real plain: oots and will live for the blessing of generations to come miss 
[Rank 0] (epoch: 70, iters: 9088, time: 0.000, data: 0.001) , D_A: 1.554, G_A: -1.820, cycle_A: 0.008, D_B: 2.264, G_B: -3.338, cycle_B: 0.052

saving the latest model (epoch 70, total_iters 2800000)
--- iter tau=0.1226 ---
  cipher in : ations by the midtwentieth century i leave it to the statisticia
  decrypted : eediur hs elo pdteaouedoel iouepns d soeao de ei elo reeedredide
  real plain: disillusionment turn somewhat as they do for the naive hero of d
  cipher in :  the concept of high fidelity became important some dozen years 
  decrypted :  elo iiuioie im ldal mdtosdes hoiepo dpiineeue ripo tiuou soenr 
  real plain: rsty dictator of the dominican republic for years perhaps deserv
--- iter tau=0.1226 ---
  cipher in :  more or less vigor in the news and a few even dared to dream of
  decrypted :  pino in sorr adain du elo uoar eut e moa oaou tenot ei tnoep im
  real plain:  gen taylor to make an inspection trip at this time communist gu
  cipher in : hed for comment in its ruling the state board of education uphel
  decrypted : lot min iippoue du der npsdua elo reeeo hient im otpieediu pilos
  real plain: and palm oil the colony was administered from brussels with neit
--- iter tau=0.1226 ---
  cipher in : in acceptable institutions the suggested course of the aid was b
  decrypted : du eiioieehso duredepediur elo rpaaoreot iipnro im elo edt aer h
  real plain: hose who recall easily the statues of bernini and the gigantic p
  cipher in : hing joking when suddenly the engine had failed no one had screa
  decrypted : ldua iisdua alou rpttouss elo ouaduo let medsot ui iuo let rinoe
  real plain: ty that would arrive by next ship this went faster than schedule
--- iter tau=0.1226 ---
  cipher in : ative cooler had been moved to grannys room and her door was kep
  decrypted : eedao iiison let hoou piaot ei aneuusr niip eut lon tiin aer soi
  real plain: the estimate for eligible electors were made without the benefit
  cipher in : kips around from jazz to blues to boogie accompanying himself on
  decrypted : sdir eniput mnip ieuu ei hspor ei hiiado eiiipieusdua ldprosm iu
  real plain: ard committee and dissembling discounted it inside if so i would
--- iter tau=0.1226 ---
  cipher in : rtly with decorations from their own trees it was a merry if som
  decrypted : ness adel toiineediur mnip elodn iau enoor de aer e ponns dm rip
  real plain: ni in new york to ask them for contributions to the graham memor
  cipher in : the case a man of vaulting ambition with one eye on the mayorshi
  decrypted : elo iero e peu im aepsedua ephdediu adel iuo oso iu elo pesinrld
  real plain: iaison officer to critically important new york city walton who 
--- iter tau=0.1226 ---
  cipher in : p either on top of someone else or onto a pool edge our pools al
  decrypted : i odelon iu eii im ripoiuo osro in iuei e iiis otao ipn iiisr es
  real plain: icate finally the forces of authoritarianism protrujillo and pro
  cipher in : r minds but didnt they get off too easy the slaves never shared 
  decrypted : n pdutr hpe tdtue elos aoe imm eii oers elo rseaor uoaon rlenot 
  real plain:  humble their approach to life direct and unsophisticated whatev
--- iter tau=0.1226 ---
  cipher in : ore than states on shooting preserves one of the newer phases of
  decrypted : ino eleu reeeor iu rliiedua inoronaor iuo im elo uoaon ileror im
  real plain: ns require the inscription of each individual male or female adu
  cipher in : rich in copper tin cobalt manganese zinc and uranium and cotton 
  decrypted : ndil du iiiion edu iihese peuaeuoro udui eut pneudpp eut iieeiu 
  real plain: s was lying or insisting on a private definition of antisemitism
--- iter tau=0.1226 ---
  cipher in : ds while neighbor women assumed some of the dead mothers duties 
  decrypted : tr aldso uodalhin aipou errppot ripo im elo toet pielonr tpedor 
  real plain: tively admitted for next fall after state investigators question
  cipher in : th magnitude covers the range of micrometeorites the approximate
  decrypted : el peaudepto iiaonr elo neuao im pdinipoeoindeor elo eiiniidpeeo
  real plain: te system of personal contacts and have experts constantly study
--- iter tau=0.1226 ---
  cipher in :  achievements flows from other qualities far more worthy and sub
  decrypted :  eildoaopouer msiar mnip ielon spesdedor men pino ainels eut rph
  real plain: freshing deep peep show the viewers of the deep peep show at th 
  cipher in : culties changes and tragedies facing them and other allies who i
  decrypted : ipsedor ileuaor eut eneaotdor meidua elop eut ielon essdor ali d
  real plain: lish by dutton co of new york in the book was received by the pr
learning rate 0.0000524 -> 0.0000476
temperature tau = 0.1201
saving the model at the end of epoch 70, iters 2831360
End of epoch 70 / 80 	 Time Taken: 17 sec
--- iter tau=0.1201 ---
  cipher in : he found out a woman itd be bad hans poured some in a tumbler yo
  decrypted : lo miput ipe e aipeu det ho het leur iipnot ripo du e epphson si
  real plain:  parents were doing quite well her mother was a good manager and
  cipher in : ns on which sacred occasion letch stole away with an unknown sta
  decrypted : ur iu aldil reinot iiierdiu soeil reiso eaes adel eu pusuiau ree
  real plain: than less of an individualist than any of his predecessors for h
--- iter tau=0.1201 ---
  cipher in : at gentilejewish relations will be harmonious or inharmonious to
  decrypted : ee aouedsoioadrl noseediur adss ho lenpiudipr in dulenpiudipr ei
  real plain: s own hands have committed his guilty conscience projects itself
  cipher in : liams debutante miss lady helen hardy will be feted at luncheon 
  decrypted : sdepr tohpeeueo pdrr sets losou lents adss ho moeot ee spuiloiu 
  real plain: e let the germans do this i have sat many hours with this styka 
--- iter tau=0.1201 ---
  cipher in : ine and air force units got braced to move southward on signal b
  decrypted : duo eut edn minio puder aie hneiot ei piao ripelaent iu rdaues h
  real plain: ct that the old roman was referring to change made under militar
  cipher in : t sitter must decide whether the statements are meaningful to hi
  decrypted : e rdeeon ppre toidto aloelon elo reeeopouer eno poeuduamps ei ld
  real plain: ancers of bali on march hollywood a southeast library workshop w
--- iter tau=0.1201 ---
  cipher in : xpect any issues to arise regarding benefit payments under the t
  decrypted : iioie eus drrpor ei endro noaentdua houomde iespouer puton elo e
  real plain:  ceiling near it was a metal ladder on casters attached to the t
  cipher in : assam past the khasi hills and into bengal past sirinjani and ma
  decrypted : errep iere elo slerd ldssr eut duei houaes iere rdnduieud eut pe
  real plain: ves breathes and thinks for the good of the people hughes asked 
--- iter tau=0.1201 ---
  cipher in : nyone try to find out how happy he is with his wife whether he p
  decrypted : usiuo ens ei mdut ipe lia leiis lo dr adel ldr admo aloelon lo i
  real plain: e in them well walk up there later its perhaps a mile from here 
  cipher in : with the religious community rather than the academic community 
  decrypted : adel elo nosdadipr iipppudes neelon eleu elo eietopdi iipppudes 
  real plain: hs indeed it was probably to mr morses advantage to have mr and 
--- iter tau=0.1201 ---
  cipher in : t troubled his conscience this was the greek word most often tra
  decrypted : e eniphsot ldr iiuridouio eldr aer elo anoos aint pire imeou ene
  real plain: ackle executive powers the final decision went to the executive 
  cipher in : ear warfare itself that dilemma is as much with us as ever the s
  decrypted : oen aenmeno derosm elee tdsoppe dr er ppil adel pr er oaon elo r
  real plain:  on the trot until december hitched to a breaking cart once arou
--- iter tau=0.1201 ---
  cipher in :  i let up on the accelerator only to gradually reach again the m
  decrypted :  d soe pi iu elo eiiosoneein iuss ei anetpesss noeil eaedu elo p
  real plain: ect save one both were eccentrics of the purest ray serene alexa
  cipher in : ially increased consumption might be possible if areas remote fr
  decrypted : desss duinoerot iiurppiediu pdale ho iirrdhso dm enoer nopieo mn
  real plain:  already beginning to thin and recede at the sides and abel look
--- iter tau=0.1201 ---
  cipher in :  new and modern techniques being developed for prevention for su
  decrypted :  uoa eut pitonu eoiludspor hodua toaosiiot min inoaouediu min rp
  real plain: in surprise then noticed that fred powell was clutching his ches
  cipher in : gging it back and forth and still wanted her own way but hope sa
  decrypted : aadua de heis eut minel eut redss aeueot lon iau aes hpe liio re
  real plain: ly of the expenditures for the department of defense are for pro
--- iter tau=0.1201 ---
  cipher in : een playing topnotch tournament golf for many years refused to l
  decrypted : oou isesdua eiiuieil eipnuepoue aism min peus soenr nomprot ei s
  real plain: re of the war was not to be considered seriously true there had 
  cipher in : long action about for the standard coltsman and for the custom v
  decrypted : siua eiediu ehipe min elo reeutent iiserpeu eut min elo ipreip a
  real plain:  the square takes its name was erected by the emperor marcus aur
--- iter tau=0.1201 ---
  cipher in :  to compress in a sentence or two the complicated and prodigious
  decrypted :  ei iipinorr du e roueouio in eai elo iipisdieeot eut initdadipr
  real plain: e networks for military communications are one of the best examp
  cipher in :  during the invasion of france combines the soul of an artist wi
  decrypted :  tpndua elo duaerdiu im mneuio iiphduor elo rips im eu enedre ad
  real plain: ld one day discover but he was perpetually engaged in a battle t
--- iter tau=0.1201 ---
  cipher in : ine holes in two strokes under par on this fifth and final day o
  decrypted : duo lisor du eai renisor puton ien iu eldr mdmel eut mdues tes i
  real plain:  the snake reaches its maturity it has already reached about its
  cipher in : is with a conversion chart charts for this purpose are available
  decrypted : dr adel e iiuaonrdiu ilene ilener min eldr ipniiro eno eaedsehso
  real plain: f hands above a clothesline and the flutter of garments hung the
--- iter tau=0.1201 ---
  cipher in : ight be playing without captain kenny boyer in tonights game at 
  decrypted : dale ho isesdua adelipe ieieedu souus hison du eiudaler aepo ee 
  real plain:  after a fashion he envied in time he grew to depend upon her oc
  cipher in : s his finechiseled features but shed known plenty of handsomer g
  decrypted : r ldr mduoildrosot moeepnor hpe rlot suiau isoues im leutripon a
  real plain: imean war the american civil war and the franchise struggle trev
--- iter tau=0.1201 ---
  cipher in : the light of this forward perspective the most urgent priorities
  decrypted : elo sdale im eldr minaent ionrioiedao elo pire pnaoue indindedor
  real plain:  because baker had sent him to the mexican border in to investig
  cipher in : nder formbys plan an appointee would be selected by a board comp
  decrypted : uton minphsr iseu eu eiiidueoo aipst ho rosoieot hs e hient iipi
  real plain: ltiple and ambivalent identities of their passage from child to 
learning rate 0.0000476 -> 0.0000429
temperature tau = 0.1177
End of epoch 71 / 80 	 Time Taken: 17 sec
--- iter tau=0.1177 ---
  cipher in : hed out and dropped jesss pistol back into the holster he retrea
  decrypted : lot ipe eut tniiiot iorrr idreis heis duei elo lisreon lo noenoe
  real plain:  establishments overseas to finance private investment and to pr
  cipher in : tric circuit this in turn sets off an alarm notifying the observ
  decrypted : endi idnipde eldr du epnu roer imm eu esenp uiedmsdua elo ihrona
  real plain:  not the utilities available nearby may provide a savings in the
--- iter tau=0.1177 ---
  cipher in : any uncle randolph had been riding out every evening on some sec
  decrypted : eus puiso neutisil let hoou ndtdua ipe oaons oaoudua iu ripo roi
  real plain: political campaign we have recourse to the scientificallytrained
  cipher in :  linda kay described them to herself a thick middleaged man and 
  decrypted :  sdute ses torindhot elop ei lonrosm e eldis pdttsoeaot peu eut 
  real plain: y in spite of powerful opposition the draft act finally passed c
--- iter tau=0.1177 ---
  cipher in : f state procedure was subsumed to federal judgemade law justices
  decrypted : m reeeo iniiotpno aer rphrppot ei motones iptaopeto sea ipredior
  real plain: t was with granny dying but they all agreed she wouldnt have wan
  cipher in : esults do avoid puncturing or cutting into meats to test them if
  decrypted : orpser ti eaidt ipuiepndua in ipeedua duei poeer ei eore elop dm
  real plain:  plan for the capitals franklin d roosevelt memorial a circle of
saving the latest model (epoch 72, total_iters 2880000)
--- iter tau=0.1177 ---
  cipher in :  in certain textiles that washington is exploring new ways of ha
  decrypted :  du ioneedu eoiedsor elee aerlduaeiu dr oiisindua uoa aesr im le
  real plain: disillusionment turn somewhat as they do for the naive hero of d
  cipher in : ombo gives forth with tingling jazz in percussive moods sp big b
  decrypted : iphi adaor minel adel eduasdua ieuu du ioniprrdao piitr ri hda h
  real plain: rsty dictator of the dominican republic for years perhaps deserv
--- iter tau=0.1177 ---
  cipher in : e dialogue i explained lets talk about books moreland said i am 
  decrypted : o tdesiapo d oiiseduot soer eess ehipe hiisr pinoseut redt d ep 
  real plain:  products research foundation to help bricklayers do better work
  cipher in : the events that were taking place at home the scots had found a 
  decrypted : elo oaouer elee aono eesdua iseio ee lipo elo riier let miput e 
  real plain:  might be said to be an upper or an uppermiddleclass bias but th
--- iter tau=0.1177 ---
  cipher in : iding wonderful beaches artists colonies and quaint townships fr
  decrypted : dtdua aiutonmps hoeilor enedrer iisiudor eut spedue eiaurldir mn
  real plain: amous document that comes out of this dispute is perhaps sir phi
  cipher in : ld sharply in two races on wednesday culmone gets first win gard
  decrypted : st rleniss du eai neior iu aotuortes ipspiuo aoer mdnre adu aent
  real plain: he writing are all qualities which hold ones attention with the 
--- iter tau=0.1177 ---
  cipher in : and have coordinated their tax collection year with it no change
  decrypted : eut leao iiintdueeot elodn eei iissoiediu soen adel de ui ileuao
  real plain:  judicious attitude that he read some of the books assigned to h
  cipher in : topher newman said to his adversaries however bad i may be youre
  decrypted : eiilon uoapeu redt ei ldr etaonrendor liaoaon het d pes ho sipno
  real plain: ndation for the next fiscal year specifically congress should co
--- iter tau=0.1177 ---
  cipher in : rans and cholelithiasis the hemoglobin was gm therapy included d
  decrypted : neur eut ilisosdelderdr elo lopiasihdu aer ap eloneis duisptot t
  real plain: es which incorporated this hegelian abstraction and saw law dome
  cipher in :  finding less approval among whites who themselves would never t
  decrypted :  mdutdua sorr eiiniaes epiua aldeor ali eloprosaor aipst uoaon e
  real plain: r battens are glued and screwed to the flooring the exception is
--- iter tau=0.1177 ---
  cipher in : n realigning teeth and jaws their young son was interested durin
  decrypted : u noesdaudua eooel eut iear elodn sipua riu aer dueonoreot tpndu
  real plain: hout the land they say it helps them bring back into schools the
  cipher in : ey general to act was eliminated should we nevertheless support 
  decrypted : os aouones ei eie aer osdpdueeot rlipst ao uoaonelosorr rpiiine 
  real plain: d rapidly at first but then baldy began to draw away somewhere i
--- iter tau=0.1177 ---
  cipher in :  are another interest fishing interest calls for a check of the 
  decrypted :  eno euielon dueonore mdrldua dueonore iessr min e ilois im elo 
  real plain: re that none of the effects of this story were consciously emplo
  cipher in : ean temperature of this region was approximated by the temperatu
  decrypted : oeu eopioneepno im eldr noadiu aer eiiniidpeeot hs elo eopioneep
  real plain:  of the stockholders of du pont and general motors and to consid
--- iter tau=0.1177 ---
  cipher in :  as ortega y gasset believes if the person in love betrays decis
  decrypted :  er ineoae s aerroe hosdoaor dm elo ionriu du siao hoenesr toidr
  real plain: eat conductor can bring soloist orchestra and music to ultimate 
  cipher in :  not afraid of sentiment so much for all that the english lady w
  decrypted :  uie emnedt im rouedpoue ri ppil min ess elee elo ouasdrl sets a
  real plain: ent she was told by the manservant who opened the door that his 
--- iter tau=0.1177 ---
  cipher in : rophils cultures taken from the jejunum yielded monilia albicans
  decrypted : niildsr ipsepnor eesou mnip elo ioipupp sdostot piudsde eshdieur
  real plain: freshing deep peep show the viewers of the deep peep show at th 
  cipher in : nd th precincts of the th ward the th precinct of the th ward an
  decrypted : ut el inoiduier im elo el aent elo el inoiduie im elo el aent eu
  real plain: lish by dutton co of new york in the book was received by the pr
--- iter tau=0.1177 ---
  cipher in : much even for morbidminded vienna he was obsessed by disease and
  decrypted : ppil oaou min pinhdtpdutot adouue lo aer ihrorrot hs tdroero eut
  real plain: onal traveler from italy brought news of peter robert who was no
  cipher in :  decorations for motion picture arts and television makes drawin
  decrypted :  toiineediur min piediu idiepno ener eut eosoadrdiu pesor tneadu
  real plain: dicks classmate jimmy from next door let the cat out of the bag 
learning rate 0.0000429 -> 0.0000381
temperature tau = 0.1153
End of epoch 72 / 80 	 Time Taken: 17 sec
--- iter tau=0.1153 ---
  cipher in :  than one passing through unrestricted logging or past an indust
  decrypted :  eleu iuo ierrdua elnipal punorendieot siaadua in iere eu dutpre
  real plain: nt have tended to dress their dancers in simple lines and solid 
  cipher in : e via capo di ferro will bring you to the palazzo spada built in
  decrypted : o ade ieii td monni adss hndua sip ei elo ieseiii riete hpdse du
  real plain: in at am and end at pm in the auditorium of the library and fine
--- iter tau=0.1153 ---
  cipher in : omeone elses painting rather than just be themselves in a succes
  decrypted : ipoiuo osror ieduedua neelon eleu ipre ho eloprosaor du e rpiior
  real plain: d and directed to cover into the yugoslav claims fund the sum of
  cipher in :  for af that the af bond in nickel dimethylglyoxime is symmetric
  decrypted :  min em elee elo em hiut du udisos tdpoelssassiidpo dr rsppoendi
  real plain: is unhappily uniqueingrownscrewedup breed their reading and thin
--- iter tau=0.1153 ---
  cipher in : en the two towns within a month calls were up seventy per cent e
  decrypted : ou elo eai eiaur adeldu e piuel iessr aono pi roaoues ion ioue o
  real plain:  ceiling near it was a metal ladder on casters attached to the t
  cipher in : ot constitute the only component in goals and aspirations for th
  decrypted : ie iiuredepeo elo iuss iipiiuoue du aiesr eut eridneediur min el
  real plain: ves breathes and thinks for the good of the people hughes asked 
--- iter tau=0.1153 ---
  cipher in : cal bones we have assembled by giving illustrations of roleplayi
  decrypted : ies hiuor ao leao errophsot hs adadua dsspreneediur im nisoisesd
  real plain: peech only hardy would say a grin of bitterness swept thereby li
  cipher in : claim that english catholicism is catholicism at its best i have
  decrypted : isedp elee ouasdrl ieelisdidrp dr ieelisdidrp ee der hore d leao
  real plain: st be attributed either to trace impurities or to variation in w
--- iter tau=0.1153 ---
  cipher in : mediate political future this is largely because of the unpredic
  decrypted : potdeeo iisdedies mpepno eldr dr senaoss hoiepro im elo puinotdi
  real plain:  gen taylor to make an inspection trip at this time communist gu
  cipher in : gain and rose he felt a good deal less shaky as he reached for t
  decrypted : aedu eut niro lo mose e aiit toes sorr rless er lo noeilot min e
  real plain: and palm oil the colony was administered from brussels with neit
--- iter tau=0.1153 ---
  cipher in :  indicates that it is irregularly distributed in the cytoplasm w
  decrypted :  dutdieeor elee de dr dnnoapsenss tdrendhpeot du elo iseiiserp a
  real plain: hose who recall easily the statues of bernini and the gigantic p
  cipher in : ted madonna sangallo studied the drawings and improvised a trest
  decrypted : eot petiuue reuaessi reptdot elo tneaduar eut dpiniadrot e enore
  real plain: ty that would arrive by next ship this went faster than schedule
--- iter tau=0.1153 ---
  cipher in :  ibrahim government the bulk of the preparation had of course pr
  decrypted :  dhneldp aiaonupoue elo hpss im elo inoieneediu let im iipnro in
  real plain: the estimate for eligible electors were made without the benefit
  cipher in : st part widely separated chronologically with the extensive age 
  decrypted : re iene adtoss roieneeot ilniuisiadiesss adel elo oieourdao eao 
  real plain: ard committee and dissembling discounted it inside if so i would
--- iter tau=0.1153 ---
  cipher in : unit prices to the state are considerably lower than to the gene
  decrypted : pude indior ei elo reeeo eno iiurdtonehss siaon eleu ei elo aouo
  real plain: ni in new york to ask them for contributions to the graham memor
  cipher in :  the early nineteenth century the painter was a giant in the wor
  decrypted :  elo oenss uduoeoouel iouepns elo iedueon aer e adeue du elo ain
  real plain: iaison officer to critically important new york city walton who 
--- iter tau=0.1153 ---
  cipher in : ilm while here visit theodore roosevelt national park for its sp
  decrypted : dsp aldso lono adrde eloitino niiroaose ueediues iens min der ri
  real plain: icate finally the forces of authoritarianism protrujillo and pro
  cipher in : ng force is af where yl is the shear strength of the coating and
  decrypted : ua minio dr em alono ss dr elo rloen renouael im elo iieedua eut
  real plain:  humble their approach to life direct and unsophisticated whatev
--- iter tau=0.1153 ---
  cipher in :  or more separate vocational or technical high schools in this r
  decrypted :  in pino roieneeo aiieediues in eoiludies ldal riliisr du eldr n
  real plain: ns require the inscription of each individual male or female adu
  cipher in : ion in the position of a solicitous father curiously this scene 
  decrypted : diu du elo iirdediu im e risdideipr meelon ipndiprss eldr riouo 
  real plain: s was lying or insisting on a private definition of antisemitism
--- iter tau=0.1153 ---
  cipher in : ural condition for the heavenly bodies is neither rest nor recti
  decrypted : pnes iiutdediu min elo loeaouss hitdor dr uodelon nore uin noied
  real plain:  after a fashion he envied in time he grew to depend upon her oc
  cipher in : ment translation from the original greek he had brought it along
  decrypted : poue eneurseediu mnip elo indadues anoos lo let hnipale de esiua
  real plain: imean war the american civil war and the franchise struggle trev
--- iter tau=0.1153 ---
  cipher in : he others before theyd take offense threaten to call the manager
  decrypted : lo ielonr homino elost eeso immouro elnoeeou ei iess elo peueaon
  real plain: aps of the seton harness over gregs shoulders but this goddamn c
  cipher in : re to ultraviolet light processing urethanes there are many ways
  decrypted : no ei pseneadisoe sdale iniiorrdua pnoeleuor elono eno peus aesr
  real plain: augural program with the slow and modest entrance of the maidens
learning rate 0.0000381 -> 0.0000333
temperature tau = 0.1130
End of epoch 73 / 80 	 Time Taken: 17 sec
--- iter tau=0.1130 ---
  cipher in : center because writers dislike provincialism and untruth krims t
  decrypted : ioueon hoiepro andeonr tdrsdso iniaduidesdrp eut puenpel sndpr e
  real plain:  parents were doing quite well her mother was a good manager and
  cipher in : r ethics and peace introduction of the dialogue principle proved
  decrypted : n oeldir eut ioeio duenitpiediu im elo tdesiapo induidiso iniaot
  real plain: than less of an individualist than any of his predecessors for h
--- iter tau=0.1130 ---
  cipher in : tings on the cover of one or another of the slick national magaz
  decrypted : eduar iu elo iiaon im iuo in euielon im elo rsdis ueediues peaei
  real plain: s own hands have committed his guilty conscience projects itself
  cipher in : the simplest grill pan type or inexpensive hibachi can make you 
  decrypted : elo rdpisore andss ieu esio in duoiiourdao ldheild ieu peso sip 
  real plain: e let the germans do this i have sat many hours with this styka 
--- iter tau=0.1130 ---
  cipher in : ard home he had to pull over to the curb and wait for a few minu
  decrypted : ent lipo lo let ei ipss iaon ei elo ipnh eut aede min e moa pdup
  real plain: t was with granny dying but they all agreed she wouldnt have wan
  cipher in : which was directed in part against the inability of political an
  decrypted : aldil aer tdnoieot du iene eaedure elo duehdsdes im iisdedies eu
  real plain:  plan for the capitals franklin d roosevelt memorial a circle of
saving the latest model (epoch 74, total_iters 2960000)
--- iter tau=0.1130 ---
  cipher in :  with his straightforward report on the state of the public scho
  decrypted :  adel ldr renedaleminaent noiine iu elo reeeo im elo iphsdi rili
  real plain: nes of boston president kennedy couldnt stay away from his desk 
  cipher in : ut drill four no and four no holes in the long a pieces locate t
  decrypted : pe tndss mipn ui eut mipn ui lisor du elo siua e idoior siieeo e
  real plain: etty the inside of their place was full of new furniture five bu
--- iter tau=0.1130 ---
  cipher in : pability one of the important and difficult decisions which had 
  decrypted : iehdsdes iuo im elo dpiineeue eut tdmmdipse toidrdiur aldil let 
  real plain: e in them well walk up there later its perhaps a mile from here 
  cipher in : ing liberal use of their guns bill doolins ambition it appeared 
  decrypted : dua sdhones pro im elodn apur hdss tiisdur ephdediu de eiioenot 
  real plain: hs indeed it was probably to mr morses advantage to have mr and 
--- iter tau=0.1130 ---
  cipher in :  for himself in order to appear a hercules in destroying them to
  decrypted :  min ldprosm du inton ei eiioen e lonipsor du torenisdua elop ei
  real plain: ackle executive powers the final decision went to the executive 
  cipher in : s and made a figure of fun by such leftist publications as the n
  decrypted : r eut peto e mdapno im mpu hs rpil somedre iphsdieediur er elo u
  real plain:  on the trot until december hitched to a breaking cart once arou
--- iter tau=0.1130 ---
  cipher in :  still ruled as they waited for supper they sat by the fire glas
  decrypted :  redss npsot er elos aedeot min rpiion elos ree hs elo mdno aser
  real plain: ect save one both were eccentrics of the purest ray serene alexa
  cipher in : at albany law school where they surely could not hear it someday
  decrypted : ee esheus sea riliis alono elos rpnoss iipst uie loen de ripotes
  real plain:  already beginning to thin and recede at the sides and abel look
--- iter tau=0.1130 ---
  cipher in :  date shortly before nine i drove my jalopy to the street facing
  decrypted :  teeo rliness homino uduo d tniao ps iesiis ei elo renooe meidua
  real plain: in surprise then noticed that fred powell was clutching his ches
  cipher in : itled they shall not have me published originally in helions eng
  decrypted : desot elos rless uie leao po iphsdrlot indaduesss du losdiur oua
  real plain: ly of the expenditures for the department of defense are for pro
--- iter tau=0.1130 ---
  cipher in :  deep conviction that the poets do have great power to influence
  decrypted :  tooi iiuadiediu elee elo iioer ti leao anoee iiaon ei dumspouio
  real plain: re of the war was not to be considered seriously true there had 
  cipher in : miliarity with literary or scientific language ie she must have 
  decrypted : pdsdendes adel sdeonens in ridouedmdi seuapeao do rlo ppre leao 
  real plain:  the square takes its name was erected by the emperor marcus aur
--- iter tau=0.1130 ---
  cipher in :  typical of his generations in any case who ever thought that ne
  decrypted :  esidies im ldr aouoneediur du eus iero ali oaon elipale elee uo
  real plain: e networks for military communications are one of the best examp
  cipher in :  the heart of the body politic hence the natural setting of trag
  decrypted :  elo loene im elo hits iisdedi louio elo ueepnes roeedua im enea
  real plain: ld one day discover but he was perpetually engaged in a battle t
--- iter tau=0.1130 ---
  cipher in : uld be so sharply scrutinized that membership would be equivalen
  decrypted : pst ho ri rleniss rinpedudiot elee pophonrldi aipst ho ospdaesou
  real plain: eat conductor can bring soloist orchestra and music to ultimate 
  cipher in : emma which faced him that he thought the exclusion of the antiso
  decrypted : oppe aldil meiot ldp elee lo elipale elo oiisprdiu im elo euedri
  real plain: ent she was told by the manservant who opened the door that his 
--- iter tau=0.1130 ---
  cipher in : effects of the wine but he pulls himself together when the need 
  decrypted : ommoier im elo aduo hpe lo ipssr ldprosm eiaoelon alou elo uoot 
  real plain: available to him your finger tips the happy one could never have
  cipher in : turally follows that the cost per kilometer for these models wil
  decrypted : epnesss missiar elee elo iire ion sdsipoeon min eloro pitosr ads
  real plain: s late as in the bestselling novel so red the rose by stark youn
--- iter tau=0.1130 ---
  cipher in : ng national policies were inaugurated and the traditions and pow
  decrypted : ua ueediues iisdidor aono duepapneeot eut elo enetdediur eut iia
  real plain:  because baker had sent him to the mexican border in to investig
  cipher in :  off all right let me set the record this time and let me get ba
  decrypted :  imm ess ndale soe po roe elo noiint eldr edpo eut soe po aoe he
  real plain: ltiple and ambivalent identities of their passage from child to 
learning rate 0.0000333 -> 0.0000286
temperature tau = 0.1107
End of epoch 74 / 80 	 Time Taken: 17 sec
--- iter tau=0.1107 ---
  cipher in : ere runchamber under the conditions described above at the end o
  decrypted : ono npuilephon puton elo iiutdediur torindhot ehiao ee elo out i
  real plain:  establishments overseas to finance private investment and to pr
  cipher in : as an outlying shopping area and tract houses he had the feeling
  decrypted : er eu ipessdua rliiidua enoe eut eneie lipror lo let elo moosdua
  real plain:  not the utilities available nearby may provide a savings in the
--- iter tau=0.1107 ---
  cipher in : ise or lower the tone the possibilities are few and the total nu
  decrypted : dro in siaon elo eiuo elo iirrdhdsdedor eno moa eut elo eiees up
  real plain: d and directed to cover into the yugoslav claims fund the sum of
  cipher in : t was signed on january and the exchequer paid quiney his expens
  decrypted : e aer rdauot iu ieupens eut elo oiilospon iedt spduos ldr oiiour
  real plain: is unhappily uniqueingrownscrewedup breed their reading and thin
--- iter tau=0.1107 ---
  cipher in : henticator another specific signal to convince the recipient tha
  decrypted : louedieein euielon rioidmdi rdaues ei iiuaduio elo noididoue ele
  real plain: ed analogy to say that this is what thomas did to poetry the spe
  cipher in : east to the west coast of the korean peninsula was a strip of la
  decrypted : oere ei elo aore iiere im elo sinoeu ioudurpse aer e rendi im se
  real plain: oots and will live for the blessing of generations to come miss 
--- iter tau=0.1107 ---
  cipher in :  a month after we moved at that time they had called on us after
  decrypted :  e piuel emeon ao piaot ee elee edpo elos let iessot iu pr emeon
  real plain: disillusionment turn somewhat as they do for the naive hero of d
  cipher in : ojects within categories a b and c under paragraph above which m
  decrypted : iioier adeldu ieeoaindor e h eut i puton ieneaneil ehiao aldil p
  real plain: rsty dictator of the dominican republic for years perhaps deserv
--- iter tau=0.1107 ---
  cipher in : loat on the surface a skimming device at the effluent weir preve
  decrypted : siee iu elo rpnmeio e rsdppdua toadio ee elo ommspoue aodn inoao
  real plain:  products research foundation to help bricklayers do better work
  cipher in :  against any surprises the novelist may have in store for him in
  decrypted :  eaedure eus rpnindror elo uiaosdre pes leao du reino min ldp du
  real plain:  might be said to be an upper or an uppermiddleclass bias but th
--- iter tau=0.1107 ---
  cipher in : atery messes for biscuits of a sort their jams and jellies had n
  decrypted : eeons porror min hdripder im e rine elodn iepr eut iossdor let u
  real plain: amous document that comes out of this dispute is perhaps sir phi
  cipher in : id they felt that they had the situation in hand they indicated 
  decrypted : dt elos mose elee elos let elo rdepeediu du leut elos dutdieeot 
  real plain: he writing are all qualities which hold ones attention with the 
--- iter tau=0.1107 ---
  cipher in : luded therefore the only conceivable alternatives are those repr
  decrypted : sptot elonomino elo iuss iiuiodaehso eseonueedaor eno eliro noin
  real plain:  judicious attitude that he read some of the books assigned to h
  cipher in : la we get the equation af the compression ratio is to this metho
  decrypted : se ao aoe elo ospeediu em elo iipinorrdiu needi dr ei eldr poeli
  real plain: ndation for the next fiscal year specifically congress should co
--- iter tau=0.1107 ---
  cipher in : an eventual development for white working people who were coming
  decrypted : eu oaouepes toaosiipoue min aldeo ainsdua ioiiso ali aono iipdua
  real plain: es which incorporated this hegelian abstraction and saw law dome
  cipher in : now that actors can learn to portray a wide variety of character
  decrypted : uia elee eieinr ieu soenu ei iinenes e adto aendoes im ileneieon
  real plain: r battens are glued and screwed to the flooring the exception is
--- iter tau=0.1107 ---
  cipher in :  a personal illustration in connection with another subject putt
  decrypted :  e ionriues dsspreneediu du iiuuoiediu adel euielon rphioie ipee
  real plain: hout the land they say it helps them bring back into schools the
  cipher in : e i consider it the center of the world and make it a point to b
  decrypted : o d iiurdton de elo ioueon im elo ainst eut peso de e iidue ei h
  real plain: d rapidly at first but then baldy began to draw away somewhere i
--- iter tau=0.1107 ---
  cipher in : strained and called then he astonished matsuo by pushing and dra
  decrypted : reneduot eut iessot elou lo ereiudrlot peerpi hs iprldua eut tne
  real plain: ns require the inscription of each individual male or female adu
  cipher in : e him in the desert that was a good bite maybe i will grow anoth
  decrypted : o ldp du elo torone elee aer e aiit hdeo pesho d adss ania euiel
  real plain: s was lying or insisting on a private definition of antisemitism
--- iter tau=0.1107 ---
  cipher in : s cumin dill fennel and angelica less common seeds used in cooki
  decrypted : r ippdu tdss mouuos eut euaosdie sorr iippiu rootr prot du iiisd
  real plain: tively admitted for next fall after state investigators question
  cipher in : omething that made him feel sad and sorry for her and was he afr
  decrypted : ipoeldua elee peto ldp moos ret eut rinns min lon eut aer lo emn
  real plain: te system of personal contacts and have experts constantly study
--- iter tau=0.1107 ---
  cipher in : winked back im general burnsides horse upside down arlene said s
  decrypted : adusot heis dp aouones hpnurdtor linro pirdto tiau ensouo redt r
  real plain: freshing deep peep show the viewers of the deep peep show at th 
  cipher in :  bed still the next morning now unable to keep from thinking abo
  decrypted :  hot redss elo uoie pinudua uia puehso ei sooi mnip eldusdua ehi
  real plain: lish by dutton co of new york in the book was received by the pr
--- iter tau=0.1107 ---
  cipher in : rst by his success in building up the faculty by supporting the 
  decrypted : nre hs ldr rpiiorr du hpdstdua pi elo meipses hs rpiiinedua elo 
  real plain: onal traveler from italy brought news of peter robert who was no
  cipher in :  biddies played by grace carney and sibly bowan who may be right
  decrypted :  hdttdor isesot hs aneio ienuos eut rdhss hiaeu ali pes ho ndale
  real plain: dicks classmate jimmy from next door let the cat out of the bag 
learning rate 0.0000286 -> 0.0000238
temperature tau = 0.1085
saving the model at the end of epoch 75, iters 3033600
End of epoch 75 / 80 	 Time Taken: 17 sec
--- iter tau=0.1085 ---
  cipher in : cult thing many of them have drifted into the cities and towns a
  decrypted : ipse eldua peus im elop leao tndmeot duei elo idedor eut eiaur e
  real plain: s own hands have committed his guilty conscience projects itself
  cipher in : oesnt grow on my face thats the fashion and fashion is the real 
  decrypted : iorue ania iu ps meio eleer elo merldiu eut merldiu dr elo noes 
  real plain: e let the germans do this i have sat many hours with this styka 
--- iter tau=0.1085 ---
  cipher in : at from bultmanns point of view are mythological one hundred yea
  decrypted : ee mnip hpsepeuur iidue im adoa eno pselisiadies iuo lputnot soe
  real plain: ct that the old roman was referring to change made under militar
  cipher in : e for this dive i will make him distributor for all of florida a
  decrypted : o min eldr tdao d adss peso ldp tdrendhpein min ess im msindte e
  real plain: ancers of bali on march hollywood a southeast library workshop w
saving the latest model (epoch 76, total_iters 3040000)
--- iter tau=0.1085 ---
  cipher in : fle and going back with his deputy to the ranch he would be shot
  decrypted : mso eut aidua heis adel ldr toipes ei elo neuil lo aipst ho rlie
  real plain:  ceiling near it was a metal ladder on casters attached to the t
  cipher in : in their profits while they did share in a very real sense in th
  decrypted : du elodn inimder aldso elos tdt rleno du e aons noes rouro du el
  real plain: ves breathes and thinks for the good of the people hughes asked 
--- iter tau=0.1085 ---
  cipher in : bly as in scriptures a still small voice would whisper it would 
  decrypted : hss er du rindiepnor e redss rpess aidio aipst aldrion de aipst 
  real plain: peech only hardy would say a grin of bitterness swept thereby li
  cipher in : s tagged with the loss his second against no victories while ray
  decrypted : r eeaaot adel elo sirr ldr roiiut eaedure ui adieindor aldso nes
  real plain: st be attributed either to trace impurities or to variation in w
--- iter tau=0.1085 ---
  cipher in : t down this way for meals for lodging for gas and oil and for ti
  decrypted : e tiau eldr aes min poesr min sitadua min aer eut ids eut min ed
  real plain:  gen taylor to make an inspection trip at this time communist gu
  cipher in : s of rich america the avantgarde paris of diaghileff stravinsky 
  decrypted : r im ndil epondie elo eaeueaento iendr im tdealdsomm reneadurss 
  real plain: and palm oil the colony was administered from brussels with neit
--- iter tau=0.1085 ---
  cipher in :  difficulty was overcome by making it clear that individual libr
  decrypted :  tdmmdipses aer iaoniipo hs pesdua de isoen elee dutdadtpes sdhn
  real plain: hose who recall easily the statues of bernini and the gigantic p
  cipher in :  said to her husband we sent them one last year but they didnt s
  decrypted :  redt ei lon lprheut ao roue elop iuo sere soen hpe elos tdtue r
  real plain: ty that would arrive by next ship this went faster than schedule
--- iter tau=0.1085 ---
  cipher in : erved as a border patrolman and was in the signal corps of the u
  decrypted : onaot er e hinton ieenispeu eut aer du elo rdaues iinir im elo p
  real plain: the estimate for eligible electors were made without the benefit
  cipher in : only large commercial company to impart instruction rca victor h
  decrypted : iuss senao iipponides iipieus ei dpiene durenpiediu nie adiein l
  real plain: ard committee and dissembling discounted it inside if so i would
--- iter tau=0.1085 ---
  cipher in : cept that the secretary general would probably order the list de
  decrypted : ioie elee elo roinoeens aouones aipst inihehss inton elo sdre to
  real plain: ni in new york to ask them for contributions to the graham memor
  cipher in : t also about what he feels is the only antidote a biblically str
  decrypted : e esri ehipe alee lo moosr dr elo iuss euedtieo e hdhsdiesss ren
  real plain: iaison officer to critically important new york city walton who 
--- iter tau=0.1085 ---
  cipher in : ce then lay still mickey found himself leaning against the desk 
  decrypted : io elou ses redss pdisos miput ldprosm soeudua eaedure elo tors 
  real plain: e networks for military communications are one of the best examp
  cipher in : taxpayers take the option of paying quarterly with the balance d
  decrypted : eeiiesonr eeso elo iiediu im iesdua speneonss adel elo heseuio t
  real plain: ld one day discover but he was perpetually engaged in a battle t
--- iter tau=0.1085 ---
  cipher in :  the senate of the united states recently defeated by a substant
  decrypted :  elo roueeo im elo pudeot reeeor noiouess tomoeeot hs e rphreeue
  real plain:  the snake reaches its maturity it has already reached about its
  cipher in :  does not match af the chain of information cells is extended fr
  decrypted :  tior uie peeil em elo iledu im duminpeediu iossr dr oieoutot mn
  real plain: f hands above a clothesline and the flutter of garments hung the
--- iter tau=0.1085 ---
  cipher in : y ready to laugh again and sure enough he pointed at her with hi
  decrypted : s noets ei sepal eaedu eut rpno ouipal lo iidueot ee lon adel ld
  real plain:  after a fashion he envied in time he grew to depend upon her oc
  cipher in : e sense ie both sexes agree that standards for men differ from s
  decrypted : o rouro do hiel roior eanoo elee reeutentr min pou tdmmon mnip r
  real plain: imean war the american civil war and the franchise struggle trev
--- iter tau=0.1085 ---
  cipher in : h these changes in the fibers there were striking alterations in
  decrypted : l eloro ileuaor du elo mdhonr elono aono rendsdua eseoneediur du
  real plain: aps of the seton harness over gregs shoulders but this goddamn c
  cipher in : zenship activities after making a short statement about human ri
  decrypted : iourldi eiedadedor emeon pesdua e rline reeeopoue ehipe lppeu nd
  real plain: augural program with the slow and modest entrance of the maidens
learning rate 0.0000238 -> 0.0000190
temperature tau = 0.1063
End of epoch 76 / 80 	 Time Taken: 17 sec
--- iter tau=0.1063 ---
  cipher in : e had to work hard long hours in a struggling family business wh
  decrypted : o let ei ains lent siua lipnr du e renpaasdua mepdss hprduorr al
  real plain:  establishments overseas to finance private investment and to pr
  cipher in : ic in this letter mr kennedy made it clear that he limited his c
  decrypted : di du eldr soeeon pn souuots peto de isoen elee lo sdpdeot ldr i
  real plain:  not the utilities available nearby may provide a savings in the
--- iter tau=0.1063 ---
  cipher in :  world of western man as were rocks and trees and stars in such 
  decrypted :  ainst im aoreonu peu er aono niisr eut enoor eut reenr du rpil 
  real plain: political campaign we have recourse to the scientificallytrained
  cipher in : have been the absent nephews she addressed consciously playing w
  decrypted : leao hoou elo ehroue uoiloar rlo ettnorrot iiuridiprss isesdua a
  real plain: y in spite of powerful opposition the draft act finally passed c
--- iter tau=0.1063 ---
  cipher in : uent was collected through two pipes and discharged to the blue 
  decrypted : poue aer iissoieot elnipal eai idior eut tdrilenaot ei elo hspo 
  real plain: t was with granny dying but they all agreed she wouldnt have wan
  cipher in : the particular states federal share by law this is for the virgi
  decrypted : elo ienedipsen reeeor motones rleno hs sea eldr dr min elo adnad
  real plain:  plan for the capitals franklin d roosevelt memorial a circle of
--- iter tau=0.1063 ---
  cipher in : guished sons and daughters of the island province miss murphy wa
  decrypted : apdrlot riur eut tepaleonr im elo drseut iniaduio pdrr ppnils ae
  real plain: nes of boston president kennedy couldnt stay away from his desk 
  cipher in : was soon asleep again outside the old man beyond all the curses 
  decrypted : aer riiu ersooi eaedu iperdto elo ist peu hosiut ess elo ipnror 
  real plain: etty the inside of their place was full of new furniture five bu
--- iter tau=0.1063 ---
  cipher in : sed the role of both church and university as sources of informa
  decrypted : rot elo niso im hiel ilpnil eut pudaonrdes er ripnior im duminpe
  real plain: e in them well walk up there later its perhaps a mile from here 
  cipher in : cial differences stems from the peculiar role of the new religio
  decrypted : ides tdmmonouior reopr mnip elo ioipsden niso im elo uoa nosdadi
  real plain: hs indeed it was probably to mr morses advantage to have mr and 
--- iter tau=0.1063 ---
  cipher in : eed for health care moreover he said many qualified young people
  decrypted : oot min loesel ieno pinoiaon lo redt peus spesdmdot sipua ioiiso
  real plain: ackle executive powers the final decision went to the executive 
  cipher in : agerial lines is yielding to the technically trained approach se
  decrypted : eaondes sduor dr sdostdua ei elo eoiludiesss eneduot eiinieil ro
  real plain:  on the trot until december hitched to a breaking cart once arou
--- iter tau=0.1063 ---
  cipher in : r lucretia to come with her guests she went into the living room
  decrypted : n spinoede ei iipo adel lon aporer rlo aoue duei elo sdadua niip
  real plain: ect save one both were eccentrics of the purest ray serene alexa
  cipher in : to the atmosphere as the russians and the fallout from the earli
  decrypted : ei elo eepirilono er elo nprrdeur eut elo messipe mnip elo oensd
  real plain:  already beginning to thin and recede at the sides and abel look
--- iter tau=0.1063 ---
  cipher in : believe in widespread secondary education much less in college i
  decrypted : hosdoao du adtorinoet roiiutens otpieediu ppil sorr du iissoao d
  real plain: in surprise then noticed that fred powell was clutching his ches
  cipher in : g tolleys going is my fault i drove him away you know it and ill
  decrypted : a eissosr aidua dr ps mepse d tniao ldp eaes sip suia de eut dss
  real plain: ly of the expenditures for the department of defense are for pro
--- iter tau=0.1063 ---
  cipher in : tion could only be controlled by priests and thus the invasions 
  decrypted : ediu iipst iuss ho iiuenissot hs indorer eut elpr elo duaerdiur 
  real plain: hout the land they say it helps them bring back into schools the
  cipher in : dly the south is not merely an embarrassingly backward region bu
  decrypted : tss elo ripel dr uie ponoss eu ophennerrduass heisaent noadiu hp
  real plain: d rapidly at first but then baldy began to draw away somewhere i
--- iter tau=0.1063 ---
  cipher in : ficers report and the original report of the federal bureau of i
  decrypted : mdionr noiine eut elo indadues noiine im elo motones hpnoep im d
  real plain: re that none of the effects of this story were consciously emplo
  cipher in : had dismissed his warning as alarmist even though it was known t
  decrypted : let tdrpdrrot ldr aenudua er esenpdre oaou elipal de aer suiau e
  real plain:  of the stockholders of du pont and general motors and to consid
--- iter tau=0.1063 ---
  cipher in : in the realm of contract law as we have seen the erie and york d
  decrypted : du elo noesp im iiueneie sea er ao leao roou elo ondo eut sins t
  real plain: eat conductor can bring soloist orchestra and music to ultimate 
  cipher in :  frankfurter and jackson dissented one state may cherish formali
  decrypted :  mneusmpneon eut ieisriu tdrroueot iuo reeeo pes ilondrl minpesd
  real plain: ent she was told by the manservant who opened the door that his 
--- iter tau=0.1063 ---
  cipher in : s were conducted in selected minor divisions circonscriptions co
  decrypted : r aono iiutpieot du rosoieot pduin tdadrdiur idniiurindiediur ii
  real plain: available to him your finger tips the happy one could never have
  cipher in : now was gone for the day almost immediately howard and his daugh
  decrypted : uia aer aiuo min elo tes espire dppotdeeoss liaent eut ldr tepal
  real plain: s late as in the bestselling novel so red the rose by stark youn
--- iter tau=0.1063 ---
  cipher in : i am not mistaken though no longer able to turn out his protopla
  decrypted : d ep uie pdreesou elipal ui siuaon ehso ei epnu ipe ldr inieiise
  real plain:  because baker had sent him to the mexican border in to investig
  cipher in : l will be to remove as far as possible whatever in the church to
  decrypted : s adss ho ei nopiao er men er iirrdhso aleeoaon du elo ilpnil ei
  real plain: ltiple and ambivalent identities of their passage from child to 
learning rate 0.0000190 -> 0.0000143
temperature tau = 0.1042
End of epoch 77 / 80 	 Time Taken: 17 sec
--- iter tau=0.1042 ---
  cipher in : ucretius has remarked the reason why all mortals are so gripped 
  decrypted : pinoedpr ler nopensot elo noeriu als ess pineesr eno ri andiiot 
  real plain: nt have tended to dress their dancers in simple lines and solid 
  cipher in :  the day of the deadline came and passed and the men who had sco
  decrypted :  elo tes im elo toetsduo iepo eut ierrot eut elo pou ali let rii
  real plain: in at am and end at pm in the auditorium of the library and fine
--- iter tau=0.1042 ---
  cipher in : his automatic extension showing that you were in alaska or were 
  decrypted : ldr epeipeedi oieourdiu rliadua elee sip aono du eserse in aono 
  real plain: d and directed to cover into the yugoslav claims fund the sum of
  cipher in : rousness of their proponents but will be discussed in the revers
  decrypted : nipruorr im elodn iniiiuouer hpe adss ho tdriprrot du elo noaonr
  real plain: is unhappily uniqueingrownscrewedup breed their reading and thin
saving the latest model (epoch 78, total_iters 3120000)
--- iter tau=0.1042 ---
  cipher in : is not really a new convert himself but merely a favorer of new 
  decrypted : dr uie noesss e uoa iiuaone ldprosm hpe ponoss e meainon im uoa 
  real plain: ed analogy to say that this is what thomas did to poetry the spe
  cipher in :  of us who recognized ourselves in the image by that selfconsumi
  decrypted :  im pr ali noiiaudiot ipnrosaor du elo dpeao hs elee rosmiiurppd
  real plain: oots and will live for the blessing of generations to come miss 
--- iter tau=0.1042 ---
  cipher in :  clark on p have spelled them out again and again a compromise w
  decrypted :  isens iu i leao riossot elop ipe eaedu eut eaedu e iipinipdro a
  real plain: disillusionment turn somewhat as they do for the naive hero of d
  cipher in :  couple the skopas people seemed to him of that breed of human b
  decrypted :  iipiso elo rsiier ioiiso roopot ei ldp im elee hnoot im lppeu h
  real plain: rsty dictator of the dominican republic for years perhaps deserv
--- iter tau=0.1042 ---
  cipher in : las and north texas is known worldwide as the manufacturing and 
  decrypted : ser eut uinel eoier dr suiau ainstadto er elo peupmeiepndua eut 
  real plain:  products research foundation to help bricklayers do better work
  cipher in : ators like j w buchanan of dumas eligio kika de la garza of miss
  decrypted : eeinr sdso i a hpileueu im tpper osdadi sdse to se aenie im pdrr
  real plain:  might be said to be an upper or an uppermiddleclass bias but th
--- iter tau=0.1042 ---
  cipher in : free from structural faults they should be as straight as possib
  decrypted : mnoo mnip renpiepnes mepser elos rlipst ho er renedale er iirrdh
  real plain: amous document that comes out of this dispute is perhaps sir phi
  cipher in : rgent mission to stage a mammoth inauguration eve entertainment 
  decrypted : naoue pdrrdiu ei reeao e peppiel duepapneediu oao oueoneedupoue 
  real plain: he writing are all qualities which hold ones attention with the 
--- iter tau=0.1042 ---
  cipher in : eet a lamp burned inside but brannon peering through the window 
  decrypted : ooe e sepi hpnuot durdto hpe hneuuiu ioondua elnipal elo adutia 
  real plain:  judicious attitude that he read some of the books assigned to h
  cipher in : illpath felt his position as acting captain plainly merited a sw
  decrypted : dssieel mose ldr iirdediu er eiedua ieieedu iseduss pondeot e ra
  real plain: ndation for the next fiscal year specifically congress should co
--- iter tau=0.1042 ---
  cipher in : rgo a reversible thermal phase transformation r v rice m d maser
  decrypted : nai e noaonrdhso elonpes ilero eneurminpeediu n a ndio p t peron
  real plain: ni in new york to ask them for contributions to the graham memor
  cipher in : its own basic phase of the progressive frequencies this theory m
  decrypted : der iau herdi ilero im elo inianorrdao mnospouidor eldr eloins p
  real plain: iaison officer to critically important new york city walton who 
--- iter tau=0.1042 ---
  cipher in :  view of the best public relations what remained lacked the orig
  decrypted :  adoa im elo hore iphsdi noseediur alee nopeduot seisot elo inda
  real plain: icate finally the forces of authoritarianism protrujillo and pro
  cipher in : ics identification of carl sandburg and the guitar is no happens
  decrypted : dir dtouedmdieediu im iens reuthpna eut elo apdeen dr ui leiiour
  real plain:  humble their approach to life direct and unsophisticated whatev
--- iter tau=0.1042 ---
  cipher in : der back and an oriental shoji flavor to bring warmth to the din
  decrypted : ton heis eut eu indouees rliid mseain ei hndua aenpel ei elo tdu
  real plain: ns require the inscription of each individual male or female adu
  cipher in : y harmed by the ants that crawled over them and the poppies i ha
  decrypted : s lenpot hs elo euer elee ineasot iaon elop eut elo iiiidor d le
  real plain: s was lying or insisting on a private definition of antisemitism
--- iter tau=0.1042 ---
  cipher in : walls of those fortresses into the mysterious core of intimacy b
  decrypted : aessr im eliro minenorror duei elo psreondipr iino im duedpeis h
  real plain: tively admitted for next fall after state investigators question
  cipher in : rization to give the micelles which have a degree of polymerizat
  decrypted : ndieediu ei adao elo pdiossor aldil leao e toanoo im iisspondiee
  real plain: te system of personal contacts and have experts constantly study
--- iter tau=0.1042 ---
  cipher in :  and contour it seems clear when one takes into consideration th
  decrypted :  eut iiueipn de roopr isoen alou iuo eesor duei iiurdtoneediu el
  real plain: freshing deep peep show the viewers of the deep peep show at th 
  cipher in : ive so fast what do i do now yes retirement seems to creep upon 
  decrypted : dao ri mere alee ti d ti uia sor noednopoue roopr ei inooi piiu 
  real plain: lish by dutton co of new york in the book was received by the pr
learning rate 0.0000143 -> 0.0000095
temperature tau = 0.1021
End of epoch 78 / 80 	 Time Taken: 17 sec
--- iter tau=0.1021 ---
  cipher in : n to a meal but add an avocado and you have something really spe
  decrypted : u ei e poes hpe ett eu eaiieti eut sip leao ripoeldua noesss rio
  real plain:  parents were doing quite well her mother was a good manager and
  cipher in :  up with this mechanization which has brought about new ways of 
  decrypted :  pi adel eldr poileudieediu aldil ler hnipale ehipe uoa aesr im 
  real plain: than less of an individualist than any of his predecessors for h
--- iter tau=0.1021 ---
  cipher in :  a longterm process the whole program must be conceived of as an
  decrypted :  e siuaeonp iniiorr elo aliso inianep ppre ho iiuiodaot im er eu
  real plain: s own hands have committed his guilty conscience projects itself
  cipher in : the primary movers they initiate campaigns so to speak even if t
  decrypted : elo indpens piaonr elos dudedeeo iepiedaur ri ei rioes oaou dm e
  real plain: e let the germans do this i have sat many hours with this styka 
--- iter tau=0.1021 ---
  cipher in : term technology is used to include any and all means which could
  decrypted : eonp eoiluisias dr prot ei duispto eus eut ess poeur aldil iipst
  real plain: ct that the old roman was referring to change made under militar
  cipher in : ad been conning the freights for a long long time now ever since
  decrypted : et hoou iiuudua elo mnodaler min e siua siua edpo uia oaon rduio
  real plain: ancers of bali on march hollywood a southeast library workshop w
--- iter tau=0.1021 ---
  cipher in : st learn from herbert pocket that the spoon is not generally use
  decrypted : re soenu mnip lonhone iiisoe elee elo riiiu dr uie aouonesss pro
  real plain:  ceiling near it was a metal ladder on casters attached to the t
  cipher in : that government prosecutors were attempting to connect stein and
  decrypted : elee aiaonupoue iniroipeinr aono eeeopiedua ei iiuuoie reodu eut
  real plain: ves breathes and thinks for the good of the people hughes asked 
--- iter tau=0.1021 ---
  cipher in : e dirty brownish ones of their auxiliaries captain androfski and
  decrypted : o tdnes hniaudrl iuor im elodn epidsdendor ieieedu eutnimrsd eut
  real plain: peech only hardy would say a grin of bitterness swept thereby li
  cipher in : mach berry said i figured he was sick john salvador a farmer fro
  decrypted : peil honns redt d mdapnot lo aer rdis iilu resaetin e menpon mni
  real plain: st be attributed either to trace impurities or to variation in w
--- iter tau=0.1021 ---
  cipher in :  a juniors ability to show a dog to overcome this unfair judging
  decrypted :  e ipudinr ehdsdes ei rlia e tia ei iaoniipo eldr pumedn iptadua
  real plain:  gen taylor to make an inspection trip at this time communist gu
  cipher in : tation accepts instead a special biblical hermeneutics or method
  decrypted : eeediu eiioier dureoet e rioides hdhsdies lonpouopedir in poelit
  real plain: and palm oil the colony was administered from brussels with neit
--- iter tau=0.1021 ---
  cipher in : rtmouth harvard yale wesleyan north carolina fisk texas universi
  decrypted : nepipel lenaent seso aorsoseu uinel ienisdue mdrs eoier pudaonrd
  real plain: hose who recall easily the statues of bernini and the gigantic p
  cipher in :  my way to see what they had planned we walked miles and saw var
  decrypted :  ps aes ei roo alee elos let iseuuot ao aessot pdsor eut rea aen
  real plain: ty that would arrive by next ship this went faster than schedule
--- iter tau=0.1021 ---
  cipher in : he greatest importance consequently air surface and submarine el
  decrypted : lo anoeeore dpiineeuio iiurospouess edn rpnmeio eut rphpenduo os
  real plain: in surprise then noticed that fred powell was clutching his ches
  cipher in : es would he allow the negroes to remain on the plantation with h
  decrypted : or aipst lo essia elo uoanior ei nopedu iu elo iseueeediu adel l
  real plain: ly of the expenditures for the department of defense are for pro
--- iter tau=0.1021 ---
  cipher in : s the president asks the support and cooperation of congress in 
  decrypted : r elo inordtoue ersr elo rpiiine eut iiiioneediu im iiuanorr du 
  real plain: re of the war was not to be considered seriously true there had 
  cipher in : re sought six radiomen told how twice on two days after the ring
  decrypted : no ripale rdi netdipou eist lia eadio iu eai tesr emeon elo ndua
  real plain:  the square takes its name was erected by the emperor marcus aur
--- iter tau=0.1021 ---
  cipher in :  to chatham hall even though headquarters actually have been mov
  decrypted :  ei ileelep less oaou elipal loetspeneonr eiepesss leao hoou pia
  real plain: e networks for military communications are one of the best examp
  cipher in :  and beverage companies are already on a highly planned basis th
  decrypted :  eut hoaoneao iipieudor eno esnoets iu e ldalss iseuuot herdr el
  real plain: ld one day discover but he was perpetually engaged in a battle t
--- iter tau=0.1021 ---
  cipher in : tered knees he arrived on crutches at the newspaper club with on
  decrypted : eonot suoor lo enndaot iu inpeilor ee elo uoarieion isph adel iu
  real plain:  the snake reaches its maturity it has already reached about its
  cipher in : that sardines hauled up in their nets during a tsunami have enor
  decrypted : elee rentduor lepsot pi du elodn uoer tpndua e erpuepd leao ouin
  real plain: f hands above a clothesline and the flutter of garments hung the
--- iter tau=0.1021 ---
  cipher in : k across the russian steppes as when the enterprising promoters 
  decrypted : s einirr elo nprrdeu reoiior er alou elo oueonindrdua inipieonr 
  real plain:  after a fashion he envied in time he grew to depend upon her oc
  cipher in : d not be tolerated until the cuban fiasco and the communist mili
  decrypted : t uie ho eisoneeot pueds elo ipheu mderii eut elo iipppudre pdsd
  real plain: imean war the american civil war and the franchise struggle trev
--- iter tau=0.1021 ---
  cipher in :  benefits to employees it is notorious for its callous disregard
  decrypted :  houomder ei opisisoor de dr uieindipr min der iessipr tdrnoaent
  real plain: aps of the seton harness over gregs shoulders but this goddamn c
  cipher in : ry as a wolf and my body felt lean and vital bon jour i said bri
  decrypted : ns er e aism eut ps hits mose soeu eut adees hiu iipn d redt hnd
  real plain: augural program with the slow and modest entrance of the maidens
learning rate 0.0000095 -> 0.0000048
temperature tau = 0.1000
End of epoch 79 / 80 	 Time Taken: 17 sec
--- iter tau=0.1000 ---
  cipher in : f suburban living huff who received a salary of a week from the 
  decrypted : m rphpnheu sdadua lpmm ali noiodaot e resens im e aoos mnip elo 
  real plain:  establishments overseas to finance private investment and to pr
  cipher in : ms ranging over several decades winter words spans sixtyone year
  decrypted : pr neuadua iaon roaones toietor adueon aintr rieur rdiesiuo soen
  real plain:  not the utilities available nearby may provide a savings in the
--- iter tau=0.1000 ---
  cipher in : d legal files have been able to find illuminating pieces of info
  decrypted : t soaes mdsor leao hoou ehso ei mdut dssppdueedua idoior im dumi
  real plain: political campaign we have recourse to the scientificallytrained
  cipher in :  results of direct economic action everywhere upon national chai
  decrypted :  norpser im tdnoie oiiuipdi eiediu oaonsalono piiu ueediues iled
  real plain: y in spite of powerful opposition the draft act finally passed c
[Rank 0] (epoch: 80, iters: 4608, time: 0.000, data: 0.001) , D_A: 1.789, G_A: -1.812, cycle_A: 0.007, D_B: 2.036, G_B: -3.490, cycle_B: 0.054

saving the latest model (epoch 80, total_iters 3200000)
--- iter tau=0.1000 ---
  cipher in : here suddenly kearton and ulyate had started the day together wh
  decrypted : lono rpttouss soeneiu eut psseeo let reeneot elo tes eiaoelon al
  real plain: t was with granny dying but they all agreed she wouldnt have wan
  cipher in :  in the walls or a change in the roof slope so the sun hits them
  decrypted :  du elo aessr in e ileuao du elo niim rsiio ri elo rpu lder elop
  real plain:  plan for the capitals franklin d roosevelt memorial a circle of
--- iter tau=0.1000 ---
  cipher in :  to one of our amusement parks and after he had seen it all he s
  decrypted :  ei iuo im ipn eppropoue iensr eut emeon lo let roou de ess lo r
  real plain: nes of boston president kennedy couldnt stay away from his desk 
  cipher in : y ready for penetration over a long period the signals to procee
  decrypted : s noets min iouoeneediu iaon e siua iondit elo rdauesr ei iniioo
  real plain: etty the inside of their place was full of new furniture five bu
--- iter tau=0.1000 ---
  cipher in : aerator routine determinations were made for dissolved oxygen in
  decrypted : eoneein nipeduo toeonpdueediur aono peto min tdrrisaot iisaou du
  real plain: e in them well walk up there later its perhaps a mile from here 
  cipher in : their antisemitism as an innocent dislike of jews as do others l
  decrypted : elodn euedropdedrp er eu duuiioue tdrsdso im ioar er ti ielonr s
  real plain: hs indeed it was probably to mr morses advantage to have mr and 
--- iter tau=0.1000 ---
  cipher in : e gnomelike mouth a pair of drummers blocky hands and a body tha
  decrypted : o auiposdso pipel e iedn im tnppponr hsiiss leutr eut e hits ele
  real plain: ackle executive powers the final decision went to the executive 
  cipher in : k of almost phosphorescent green in the mist come out come out i
  decrypted : s im espire ilirilinorioue anoou du elo pdre iipo ipe iipo ipe d
  real plain:  on the trot until december hitched to a breaking cart once arou
--- iter tau=0.1000 ---
  cipher in : ink a day or two should be enough to finish our business in to m
  decrypted : dus e tes in eai rlipst ho ouipal ei mdudrl ipn hprduorr du ei p
  real plain:  judicious attitude that he read some of the books assigned to h
  cipher in : roviso that surrender could be followed by the effective militar
  decrypted : niadri elee rpnnouton iipst ho missiaot hs elo ommoiedao pdsdeen
  real plain: ndation for the next fiscal year specifically congress should co
--- iter tau=0.1000 ---
  cipher in : e got as far as the hall almost out of sight then hurried after 
  decrypted : o aie er men er elo less espire ipe im rdale elou lpnndot emeon 
  real plain: es which incorporated this hegelian abstraction and saw law dome
  cipher in : s strange but this yes terrible step i am about to take is light
  decrypted : r reneuao hpe eldr sor eonndhso reoi d ep ehipe ei eeso dr sdale
  real plain: r battens are glued and screwed to the flooring the exception is
--- iter tau=0.1000 ---
  cipher in : dates down how subordinates play key roles and he makes many int
  decrypted : teeor tiau lia rphintdueeor ises sos nisor eut lo pesor peus due
  real plain: hout the land they say it helps them bring back into schools the
  cipher in : s of literary achievement may be distinguished from one another 
  decrypted : r im sdeonens eildoaopoue pes ho tdreduapdrlot mnip iuo euielon 
  real plain: d rapidly at first but then baldy began to draw away somewhere i
--- iter tau=0.1000 ---
  cipher in :  urea and guanidine the effects can be related to the structure 
  decrypted :  pnoe eut apeudtduo elo ommoier ieu ho noseeot ei elo renpiepno 
  real plain: re that none of the effects of this story were consciously emplo
  cipher in : d by the long pulsations of the phrase or strophe this is exactl
  decrypted : t hs elo siua ipsreediur im elo ilnero in reniilo eldr dr oieies
  real plain:  of the stockholders of du pont and general motors and to consid
--- iter tau=0.1000 ---
  cipher in : granted this might be so but found the result to be even more at
  decrypted : aneueot eldr pdale ho ri hpe miput elo norpse ei ho oaou pino ee
  real plain: eat conductor can bring soloist orchestra and music to ultimate 
  cipher in : tivity may or may not have irritated the kremlin but it has freq
  decrypted : edades pes in pes uie leao dnndeeeot elo snopsdu hpe de ler mnos
  real plain: ent she was told by the manservant who opened the door that his 
--- iter tau=0.1000 ---
  cipher in : the cold penetrated everything shivering people talked and argue
  decrypted : elo iist iouoeneeot oaonseldua rldaondua ioiiso eessot eut enapo
  real plain: available to him your finger tips the happy one could never have
  cipher in : two pleasant dinners and for information as to where to shop whi
  decrypted : eai isoereue tduuonr eut min duminpeediu er ei alono ei rlii ald
  real plain: s late as in the bestselling novel so red the rose by stark youn
--- iter tau=0.1000 ---
  cipher in : onsense part of which can be classed as pure slapstick kings hav
  decrypted : iurouro iene im aldil ieu ho iserrot er ipno rseiredis sduar lea
  real plain:  because baker had sent him to the mexican border in to investig
  cipher in : i can handle this yeah seems you have a nice package with all th
  decrypted : d ieu leutso eldr soel roopr sip leao e udio ieiseao adel ess el
  real plain: ltiple and ambivalent identities of their passage from child to 
learning rate 0.0000048 -> 0.0000000
temperature tau = 0.1000
saving the model at the end of epoch 80, iters 3235840
End of epoch 80 / 80 	 Time Taken: 17 sec
----------------- Options ---------------
             aspect_ratio: 1.0                           
               batch_size: 64                            
          checkpoints_dir: ./checkpoints                 
                crop_size: 256                           
                 dataroot: .                             	[default: None]
             dataset_mode: cipher                        
                direction: AtoB                          
               display_id: 0                             
          display_winsize: 256                           
                embed_dim: 24                            	[default: 64]
                    epoch: latest                        
                     eval: False                         
                 gan_mode: lsgan                         
                   gumbel: False                         
                init_gain: 0.02                          
                init_type: normal                        
                 input_nc: 3                             
                  isTrain: False                         	[default: None]
                 lambda_A: 10.0                          
                 lambda_B: 10.0                          
                lambda_gp: 10.0                          
          lambda_identity: 0.0                           
                load_iter: 0                             	[default: 0]
                load_size: 256                           
                       lr: 0.0002                        
         matched_softness: True                          	[default: False]
         max_dataset_size: inf                           
                    model: cipher_cycle_gan              	[default: test]
               n_blocks_G: 4                             
                 n_critic: 1                             
               n_layers_D: 1                             	[default: 3]
                     name: lam0.1_s2                     	[default: experiment_name]
                      ndf: 64                            	[default: 128]
                     netD: seq                           
                     netG: seq                           
                      ngf: 64                            	[default: 128]
               no_dropout: True                          
                  no_flip: True                          
                     norm: none                          	[default: instance]
                 npz_path: data/identity/dataset.npz     	[default: None]
                 num_test: 50                            
              num_threads: 4                             
                output_nc: 3                             
                pair_seed: 0                             
                    phase: test                          
              pointwise_G: True                          	[default: False]
               preprocess: none                          
         real_logit_scale: 5.0                           
              results_dir: ./results/                    
           serial_batches: False                         
                   suffix:                               
                  tau_end: 0.1                           
                tau_start: 1.0                           
                use_wandb: False                         
                  verbose: False                         
               vocab_size: -1                            
       wandb_project_name: CycleGAN-and-pix2pix          
----------------- End -------------------
[cipher] eval: A(cipher)=(8986, 64) B(plain)=(8986, 64) vocab=28 cipher=identity paired=True
dataset [CipherDataset] was created
Initialized with device cuda:0
initialize network with normal
Initialized with device cuda:0
initialize network with normal
model [CipherCycleGANModel] was created
Initialized with device cuda:0
initialize network with normal
loading the model from checkpoints/lam0.1_s2/latest_net_G_A.pth
Initialized with device cuda:0
initialize network with normal
loading the model from checkpoints/lam0.1_s2/latest_net_G_B.pth
---------- Networks initialized -------------
[Network G_A] Total number of parameters : 0.004 M
[Network G_B] Total number of parameters : 0.004 M
-----------------------------------------------

==============================================================
cipher              identity (key=0)
samples             8986 x 64
character accuracy  0.1747   (chance ~0.0370)
character error     0.8253
key recovery        0.0370   (coverage 1.000)
==============================================================
cipher in : olved upon second thought we were forced to realize that we have
decrypted : isaot piiu roiiut elipale ao aono miniot ei noesdio elee ao leao
truth     : olved upon second thought we were forced to realize that we have

wrote ./checkpoints/lam0.1_s2/eval_metrics.json
