=== task 0 : dataset=identity seed=3 ===
NVIDIA A100-SXM4-80GB
----------------- Options ---------------
               batch_size: 64                            
                    beta1: 0.0                           	[default: 0.5]
          checkpoints_dir: ./checkpoints                 
           continue_train: False                         
                crop_size: 256                           
               cycle_loss: ce                            
                 dataroot: .                             	[default: None]
             dataset_mode: cipher                        
                direction: AtoB                          
             display_freq: 20000                         	[default: 400]
               display_id: 0                             
          display_winsize: 256                           
                embed_dim: 256                           	[default: 64]
                    epoch: latest                        
              epoch_count: 1                             
                 gan_mode: lsgan                         
                   gumbel: False                         
                init_gain: 0.02                          
                init_type: normal                        
                 input_nc: 3                             
                  isTrain: True                          	[default: None]
                     kw_D: 15                            	[default: 4]
                 lambda_A: 1.0                           	[default: 10.0]
                 lambda_B: 1.0                           	[default: 10.0]
                lambda_gp: 1.0                           	[default: 10.0]
          lambda_identity: 0.0                           
                load_iter: 0                             	[default: 0]
                load_size: 286                           
                       lr: 0.0002                        
           lr_decay_iters: 50                            
                lr_policy: linear                        
         matched_softness: True                          	[default: False]
         max_dataset_size: inf                           
                    model: cipher_cycle_gan              	[default: cycle_gan]
               n_blocks_G: 5                             	[default: 4]
                 n_critic: 1                             
                 n_epochs: 40                            	[default: 100]
           n_epochs_decay: 10                            	[default: 100]
               n_layers_D: 5                             	[default: 3]
                     name: identity_s3_gp1               	[default: experiment_name]
                      ndf: 32                            	[default: 128]
                     netD: seq                           
                     netG: seq                           
                      ngf: 128                           
               no_dropout: True                          
                  no_flip: True                          
                  no_html: False                         
                     norm: layer                         	[default: instance]
                 npz_path: data/identity/dataset.npz     	[default: None]
              num_threads: 8                             	[default: 4]
                output_nc: 3                             
                pair_seed: 3                             	[default: 0]
                    phase: train                         
              pointwise_G: True                          	[default: False]
                pool_size: 50                            
               preprocess: none                          
               print_freq: 100                           
         real_logit_scale: 5.0                           
             save_by_iter: False                         
          save_epoch_freq: 50                            	[default: 5]
         save_latest_freq: 5000                          
           serial_batches: False                         
         straight_through: True                          	[default: False]
                   suffix:                               
                  tau_end: 0.1                           
                tau_start: 0.5                           	[default: 1.0]
         update_html_freq: 1000                          
                   use_gp: True                          	[default: False]
                use_wandb: False                         
                  verbose: False                         
               vocab_size: -1                            
       wandb_project_name: CycleGAN-and-pix2pix          
----------------- End -------------------
Initialized with device cuda:0
[cipher] train: A(cipher)=(40436, 64) B(plain)=(40436, 64) vocab=28 cipher=identity paired=False
dataset [CipherDataset] was created
The number of training images = 40436
Initialized with device cuda:0
initialize network with normal
Initialized with device cuda:0
initialize network with normal
Initialized with device cuda:0
initialize network with normal
Initialized with device cuda:0
initialize network with normal
model [CipherCycleGANModel] was created
Initialized with device cuda:0
initialize network with normal
Initialized with device cuda:0
initialize network with normal
Initialized with device cuda:0
initialize network with normal
Initialized with device cuda:0
initialize network with normal
---------- Networks initialized -------------
[Network G_A] Total number of parameters : 0.212 M
[Network G_B] Total number of parameters : 0.212 M
[Network D_A] Total number of parameters : 0.477 M
[Network D_B] Total number of parameters : 0.477 M
-----------------------------------------------
create web directory checkpoints/identity_s3_gp1/web...
[Rank 0] (epoch: 1, iters: 1600, time: 0.001, data: 0.113) , D_A: 0.714, G_A: 0.665, cycle_A: 1.689, D_B: 0.737, G_B: 0.245, cycle_B: 1.382, gp: 0.404

[Rank 0] (epoch: 1, iters: 3200, time: 0.001, data: 0.001) , D_A: 0.846, G_A: 1.208, cycle_A: 0.796, D_B: 0.799, G_B: 1.136, cycle_B: 0.570, gp: 0.397

[Rank 0] (epoch: 1, iters: 4800, time: 0.001, data: 0.001) , D_A: 0.667, G_A: 0.295, cycle_A: 0.638, D_B: 0.507, G_B: 0.623, cycle_B: 0.397, gp: 0.330

[Rank 0] (epoch: 1, iters: 6400, time: 0.001, data: 0.001) , D_A: 0.634, G_A: 0.738, cycle_A: 0.296, D_B: 0.625, G_B: 0.517, cycle_B: 0.207, gp: 0.478

[Rank 0] (epoch: 1, iters: 8000, time: 0.001, data: 0.001) , D_A: 0.509, G_A: 0.271, cycle_A: 0.294, D_B: 0.504, G_B: 0.803, cycle_B: 0.274, gp: 0.364

[Rank 0] (epoch: 1, iters: 9600, time: 0.001, data: 0.001) , D_A: 0.355, G_A: 1.036, cycle_A: 0.225, D_B: 0.341, G_B: 0.829, cycle_B: 0.245, gp: 0.274

[Rank 0] (epoch: 1, iters: 11200, time: 0.001, data: 0.001) , D_A: 0.542, G_A: 0.361, cycle_A: 0.278, D_B: 0.461, G_B: 1.230, cycle_B: 0.232, gp: 0.317

[Rank 0] (epoch: 1, iters: 12800, time: 0.001, data: 0.001) , D_A: 0.388, G_A: 0.988, cycle_A: 0.229, D_B: 0.455, G_B: 0.851, cycle_B: 0.176, gp: 0.372

[Rank 0] (epoch: 1, iters: 14400, time: 0.001, data: 0.001) , D_A: 0.377, G_A: 0.458, cycle_A: 0.181, D_B: 0.711, G_B: 1.577, cycle_B: 0.166, gp: 0.464

[Rank 0] (epoch: 1, iters: 16000, time: 0.001, data: 0.001) , D_A: 0.393, G_A: 1.037, cycle_A: 0.181, D_B: 0.431, G_B: 1.034, cycle_B: 0.152, gp: 0.357

[Rank 0] (epoch: 1, iters: 17600, time: 0.001, data: 0.001) , D_A: 0.433, G_A: 0.678, cycle_A: 0.203, D_B: 0.334, G_B: 0.675, cycle_B: 0.148, gp: 0.265

[Rank 0] (epoch: 1, iters: 19200, time: 0.001, data: 0.001) , D_A: 0.344, G_A: 1.104, cycle_A: 0.201, D_B: 0.405, G_B: 0.954, cycle_B: 0.142, gp: 0.314

[Rank 0] (epoch: 1, iters: 20800, time: 0.001, data: 0.001) , D_A: 0.510, G_A: 0.563, cycle_A: 0.238, D_B: 0.415, G_B: 1.117, cycle_B: 0.162, gp: 0.305

[Rank 0] (epoch: 1, iters: 22400, time: 0.001, data: 0.001) , D_A: 0.558, G_A: 0.315, cycle_A: 0.190, D_B: 0.405, G_B: 0.721, cycle_B: 0.146, gp: 0.360

[Rank 0] (epoch: 1, iters: 24000, time: 0.001, data: 0.001) , D_A: 0.312, G_A: 1.232, cycle_A: 0.173, D_B: 0.405, G_B: 1.285, cycle_B: 0.141, gp: 0.363

[Rank 0] (epoch: 1, iters: 25600, time: 0.001, data: 0.001) , D_A: 0.433, G_A: 0.959, cycle_A: 0.171, D_B: 0.419, G_B: 0.651, cycle_B: 0.147, gp: 0.335

[Rank 0] (epoch: 1, iters: 27200, time: 0.001, data: 0.001) , D_A: 0.386, G_A: 0.600, cycle_A: 0.185, D_B: 0.379, G_B: 1.224, cycle_B: 0.132, gp: 0.328

[Rank 0] (epoch: 1, iters: 28800, time: 0.001, data: 0.001) , D_A: 0.288, G_A: 0.995, cycle_A: 0.155, D_B: 0.431, G_B: 1.025, cycle_B: 0.184, gp: 0.385

[Rank 0] (epoch: 1, iters: 30400, time: 0.001, data: 0.001) , D_A: 0.373, G_A: 0.844, cycle_A: 0.158, D_B: 0.414, G_B: 1.038, cycle_B: 0.145, gp: 0.371

[Rank 0] (epoch: 1, iters: 32000, time: 0.001, data: 0.001) , D_A: 0.303, G_A: 0.872, cycle_A: 0.155, D_B: 0.445, G_B: 0.492, cycle_B: 0.152, gp: 0.309

[Rank 0] (epoch: 1, iters: 33600, time: 0.001, data: 0.001) , D_A: 0.299, G_A: 0.861, cycle_A: 0.222, D_B: 0.325, G_B: 0.894, cycle_B: 0.162, gp: 0.283

[Rank 0] (epoch: 1, iters: 35200, time: 0.001, data: 0.001) , D_A: 0.317, G_A: 0.780, cycle_A: 0.174, D_B: 0.393, G_B: 1.020, cycle_B: 0.155, gp: 0.320

[Rank 0] (epoch: 1, iters: 36800, time: 0.001, data: 0.001) , D_A: 0.263, G_A: 1.006, cycle_A: 0.158, D_B: 0.348, G_B: 0.906, cycle_B: 0.152, gp: 0.307

[Rank 0] (epoch: 1, iters: 38400, time: 0.001, data: 0.001) , D_A: 0.399, G_A: 0.809, cycle_A: 0.164, D_B: 0.398, G_B: 0.594, cycle_B: 0.142, gp: 0.312

--- iter tau=0.5000 ---
  cipher in :  piled on the floor and the pool of water by them and didnt make
  decrypted :  gifac mn ota rfmmh enc ota gmmf mr leoah pi otay enc cicno yeta
  real plain:  things like that and so i was really upset the first time i dis
  cipher in : ed long or solemnly on any subject at all but some of them worri
  decrypted : ac fmnd mh smfaynfi mn eni srptalo eo eff pro smya mr otay lmhhi
  real plain:  laughed linda kay felt that she was not exactly more comfortabl
[Rank 0] (epoch: 1, iters: 40000, time: 0.001, data: 0.001) , D_A: 0.307, G_A: 0.987, cycle_A: 0.253, D_B: 0.409, G_B: 0.678, cycle_B: 0.148, gp: 0.351

saving the latest model (epoch 1, total_iters 40000)
learning rate 0.0002000 -> 0.0002000
temperature tau = 0.4838
End of epoch 1 / 50 	 Time Taken: 37 sec
[Rank 0] (epoch: 2, iters: 1152, time: 0.001, data: 0.001) , D_A: 0.375, G_A: 1.158, cycle_A: 0.166, D_B: 0.470, G_B: 1.067, cycle_B: 0.144, gp: 0.403

[Rank 0] (epoch: 2, iters: 2752, time: 0.001, data: 0.001) , D_A: 0.361, G_A: 1.057, cycle_A: 0.179, D_B: 0.494, G_B: 1.125, cycle_B: 0.138, gp: 0.449

[Rank 0] (epoch: 2, iters: 4352, time: 0.001, data: 0.001) , D_A: 0.326, G_A: 0.945, cycle_A: 0.184, D_B: 0.281, G_B: 0.863, cycle_B: 0.141, gp: 0.251

[Rank 0] (epoch: 2, iters: 5952, time: 0.001, data: 0.001) , D_A: 0.315, G_A: 0.689, cycle_A: 0.270, D_B: 0.367, G_B: 0.873, cycle_B: 0.147, gp: 0.325

[Rank 0] (epoch: 2, iters: 7552, time: 0.001, data: 0.001) , D_A: 0.334, G_A: 1.103, cycle_A: 0.207, D_B: 0.380, G_B: 1.011, cycle_B: 0.144, gp: 0.331

[Rank 0] (epoch: 2, iters: 9152, time: 0.001, data: 0.001) , D_A: 0.323, G_A: 0.650, cycle_A: 0.158, D_B: 0.292, G_B: 1.189, cycle_B: 0.148, gp: 0.260

[Rank 0] (epoch: 2, iters: 10752, time: 0.001, data: 0.001) , D_A: 0.276, G_A: 1.014, cycle_A: 0.239, D_B: 0.628, G_B: 0.402, cycle_B: 0.129, gp: 0.314

[Rank 0] (epoch: 2, iters: 12352, time: 0.001, data: 0.001) , D_A: 0.339, G_A: 0.997, cycle_A: 0.159, D_B: 0.358, G_B: 0.945, cycle_B: 0.155, gp: 0.325

[Rank 0] (epoch: 2, iters: 13952, time: 0.001, data: 0.001) , D_A: 0.288, G_A: 0.845, cycle_A: 0.156, D_B: 0.320, G_B: 0.735, cycle_B: 0.153, gp: 0.283

[Rank 0] (epoch: 2, iters: 15552, time: 0.001, data: 0.001) , D_A: 0.276, G_A: 0.972, cycle_A: 0.170, D_B: 0.305, G_B: 0.976, cycle_B: 0.143, gp: 0.277

[Rank 0] (epoch: 2, iters: 17152, time: 0.001, data: 0.002) , D_A: 0.408, G_A: 0.285, cycle_A: 0.161, D_B: 0.734, G_B: 0.459, cycle_B: 0.136, gp: 0.285

[Rank 0] (epoch: 2, iters: 18752, time: 0.001, data: 0.001) , D_A: 0.369, G_A: 0.717, cycle_A: 0.218, D_B: 0.386, G_B: 0.985, cycle_B: 0.140, gp: 0.345

[Rank 0] (epoch: 2, iters: 20352, time: 0.001, data: 0.001) , D_A: 0.297, G_A: 0.773, cycle_A: 0.169, D_B: 0.348, G_B: 0.948, cycle_B: 0.146, gp: 0.321

[Rank 0] (epoch: 2, iters: 21952, time: 0.001, data: 0.001) , D_A: 0.242, G_A: 0.946, cycle_A: 0.139, D_B: 0.342, G_B: 1.032, cycle_B: 0.137, gp: 0.320

[Rank 0] (epoch: 2, iters: 23552, time: 0.001, data: 0.001) , D_A: 0.349, G_A: 1.095, cycle_A: 0.176, D_B: 0.401, G_B: 1.142, cycle_B: 0.144, gp: 0.352

[Rank 0] (epoch: 2, iters: 25152, time: 0.001, data: 0.001) , D_A: 0.298, G_A: 0.908, cycle_A: 0.151, D_B: 0.406, G_B: 1.034, cycle_B: 0.140, gp: 0.384

[Rank 0] (epoch: 2, iters: 26752, time: 0.001, data: 0.001) , D_A: 0.317, G_A: 0.873, cycle_A: 0.155, D_B: 0.316, G_B: 1.037, cycle_B: 0.150, gp: 0.288

[Rank 0] (epoch: 2, iters: 28352, time: 0.001, data: 0.001) , D_A: 0.482, G_A: 1.171, cycle_A: 0.168, D_B: 0.272, G_B: 0.896, cycle_B: 0.157, gp: 0.254

[Rank 0] (epoch: 2, iters: 29952, time: 0.001, data: 0.001) , D_A: 0.285, G_A: 0.928, cycle_A: 0.189, D_B: 0.415, G_B: 1.091, cycle_B: 0.153, gp: 0.376

[Rank 0] (epoch: 2, iters: 31552, time: 0.001, data: 0.001) , D_A: 0.271, G_A: 1.021, cycle_A: 0.208, D_B: 0.313, G_B: 1.046, cycle_B: 0.135, gp: 0.278

[Rank 0] (epoch: 2, iters: 33152, time: 0.001, data: 0.001) , D_A: 0.292, G_A: 1.001, cycle_A: 0.173, D_B: 0.239, G_B: 0.908, cycle_B: 0.138, gp: 0.209

[Rank 0] (epoch: 2, iters: 34752, time: 0.001, data: 0.001) , D_A: 0.297, G_A: 0.905, cycle_A: 0.169, D_B: 0.391, G_B: 0.740, cycle_B: 0.143, gp: 0.341

[Rank 0] (epoch: 2, iters: 36352, time: 0.001, data: 0.001) , D_A: 0.297, G_A: 1.029, cycle_A: 0.141, D_B: 0.251, G_B: 1.164, cycle_B: 0.143, gp: 0.211

[Rank 0] (epoch: 2, iters: 37952, time: 0.001, data: 0.001) , D_A: 0.283, G_A: 0.845, cycle_A: 0.155, D_B: 0.248, G_B: 0.984, cycle_B: 0.141, gp: 0.225

--- iter tau=0.4838 ---
  cipher in : ude is found in john a mccones letter to dr thomas lauritsen rep
  decrypted : rca is rmrnc in tmtn e yllmnas faooah om ch otmyes ferhiosan hag
  real plain:  thinner in the distance as thin as the seams on her stockings a
  cipher in : brought to the dock accused of murder or accident say they canno
  decrypted : phmrdto om ota cmlt ellrsac mr yrhcah mh ellicano sei otai lennm
  real plain: e shown a systematic change with local hour angle in the measure
[Rank 0] (epoch: 2, iters: 39552, time: 0.001, data: 0.001) , D_A: 0.219, G_A: 1.092, cycle_A: 0.157, D_B: 0.354, G_B: 1.095, cycle_B: 0.151, gp: 0.324

saving the latest model (epoch 2, total_iters 80000)
learning rate 0.0002000 -> 0.0002000
temperature tau = 0.4682
End of epoch 2 / 50 	 Time Taken: 39 sec
[Rank 0] (epoch: 3, iters: 704, time: 0.001, data: 0.001) , D_A: 0.248, G_A: 0.806, cycle_A: 0.147, D_B: 0.294, G_B: 0.990, cycle_B: 0.151, gp: 0.258

[Rank 0] (epoch: 3, iters: 2304, time: 0.001, data: 0.000) , D_A: 0.297, G_A: 0.810, cycle_A: 0.159, D_B: 0.416, G_B: 1.080, cycle_B: 0.163, gp: 0.398

[Rank 0] (epoch: 3, iters: 3904, time: 0.001, data: 0.001) , D_A: 0.321, G_A: 0.912, cycle_A: 0.159, D_B: 0.345, G_B: 0.885, cycle_B: 0.145, gp: 0.318

[Rank 0] (epoch: 3, iters: 5504, time: 0.001, data: 0.001) , D_A: 0.319, G_A: 0.988, cycle_A: 0.152, D_B: 0.379, G_B: 1.152, cycle_B: 0.144, gp: 0.332

[Rank 0] (epoch: 3, iters: 7104, time: 0.001, data: 0.001) , D_A: 0.326, G_A: 1.032, cycle_A: 0.170, D_B: 0.341, G_B: 0.766, cycle_B: 0.181, gp: 0.306

[Rank 0] (epoch: 3, iters: 8704, time: 0.001, data: 0.001) , D_A: 0.364, G_A: 0.949, cycle_A: 0.145, D_B: 0.298, G_B: 0.975, cycle_B: 0.144, gp: 0.281

[Rank 0] (epoch: 3, iters: 10304, time: 0.001, data: 0.001) , D_A: 0.309, G_A: 1.102, cycle_A: 0.165, D_B: 0.272, G_B: 0.915, cycle_B: 0.139, gp: 0.247

[Rank 0] (epoch: 3, iters: 11904, time: 0.001, data: 0.001) , D_A: 0.286, G_A: 0.927, cycle_A: 0.162, D_B: 0.232, G_B: 0.948, cycle_B: 0.148, gp: 0.211

[Rank 0] (epoch: 3, iters: 13504, time: 0.001, data: 0.002) , D_A: 0.290, G_A: 0.928, cycle_A: 0.152, D_B: 0.313, G_B: 1.032, cycle_B: 0.142, gp: 0.288

[Rank 0] (epoch: 3, iters: 15104, time: 0.001, data: 0.001) , D_A: 0.303, G_A: 1.135, cycle_A: 0.204, D_B: 0.333, G_B: 0.941, cycle_B: 0.150, gp: 0.309

[Rank 0] (epoch: 3, iters: 16704, time: 0.001, data: 0.001) , D_A: 0.371, G_A: 0.956, cycle_A: 0.162, D_B: 0.377, G_B: 0.933, cycle_B: 0.135, gp: 0.354

[Rank 0] (epoch: 3, iters: 18304, time: 0.001, data: 0.001) , D_A: 0.283, G_A: 0.919, cycle_A: 0.223, D_B: 0.326, G_B: 0.775, cycle_B: 0.144, gp: 0.291

[Rank 0] (epoch: 3, iters: 19904, time: 0.001, data: 0.003) , D_A: 0.301, G_A: 1.013, cycle_A: 0.162, D_B: 0.249, G_B: 0.989, cycle_B: 0.146, gp: 0.229

[Rank 0] (epoch: 3, iters: 21504, time: 0.001, data: 0.001) , D_A: 0.253, G_A: 1.003, cycle_A: 0.166, D_B: 0.275, G_B: 0.913, cycle_B: 0.142, gp: 0.253

[Rank 0] (epoch: 3, iters: 23104, time: 0.001, data: 0.001) , D_A: 0.290, G_A: 1.104, cycle_A: 0.166, D_B: 0.278, G_B: 0.970, cycle_B: 0.148, gp: 0.253

[Rank 0] (epoch: 3, iters: 24704, time: 0.001, data: 0.002) , D_A: 0.274, G_A: 0.977, cycle_A: 0.156, D_B: 0.373, G_B: 1.045, cycle_B: 0.142, gp: 0.354

[Rank 0] (epoch: 3, iters: 26304, time: 0.001, data: 0.001) , D_A: 0.324, G_A: 0.858, cycle_A: 0.146, D_B: 0.396, G_B: 1.190, cycle_B: 0.145, gp: 0.362

[Rank 0] (epoch: 3, iters: 27904, time: 0.001, data: 0.001) , D_A: 0.216, G_A: 0.882, cycle_A: 0.155, D_B: 0.409, G_B: 1.173, cycle_B: 0.133, gp: 0.339

[Rank 0] (epoch: 3, iters: 29504, time: 0.001, data: 0.001) , D_A: 0.300, G_A: 0.974, cycle_A: 0.170, D_B: 0.192, G_B: 1.011, cycle_B: 0.142, gp: 0.174

[Rank 0] (epoch: 3, iters: 31104, time: 0.001, data: 0.002) , D_A: 0.358, G_A: 0.830, cycle_A: 0.178, D_B: 0.300, G_B: 0.968, cycle_B: 0.142, gp: 0.281

[Rank 0] (epoch: 3, iters: 32704, time: 0.001, data: 0.001) , D_A: 0.247, G_A: 1.055, cycle_A: 0.151, D_B: 0.297, G_B: 0.975, cycle_B: 0.145, gp: 0.283

[Rank 0] (epoch: 3, iters: 34304, time: 0.001, data: 0.001) , D_A: 0.240, G_A: 0.995, cycle_A: 0.154, D_B: 0.313, G_B: 1.029, cycle_B: 0.129, gp: 0.290

[Rank 0] (epoch: 3, iters: 35904, time: 0.001, data: 0.001) , D_A: 0.308, G_A: 1.137, cycle_A: 0.161, D_B: 0.329, G_B: 1.074, cycle_B: 0.137, gp: 0.311

[Rank 0] (epoch: 3, iters: 37504, time: 0.001, data: 0.002) , D_A: 0.318, G_A: 1.077, cycle_A: 0.175, D_B: 0.250, G_B: 0.789, cycle_B: 0.132, gp: 0.225

--- iter tau=0.4682 ---
  cipher in : to learn more about the area they are in the historical sign tel
  decrypted : ou waehn yuha epuro ota ehae otai eha in ota tisouhilew sidn oaw
  real plain: hey i taught him dammit and ill teach you out you want me to dro
  cipher in : tute it is a sort of academic ringaroundarosy and you solve it t
  decrypted : oroa io is e suho ur elecayil hindehurncehusi enc iur suwpa io o
  real plain:  red russia to kamieniec thence he pushed farther south than he 
[Rank 0] (epoch: 3, iters: 39104, time: 0.001, data: 0.002) , D_A: 0.241, G_A: 0.977, cycle_A: 0.146, D_B: 0.358, G_B: 1.046, cycle_B: 0.145, gp: 0.343

saving the latest model (epoch 3, total_iters 120000)
learning rate 0.0002000 -> 0.0002000
temperature tau = 0.4531
End of epoch 3 / 50 	 Time Taken: 39 sec
[Rank 0] (epoch: 4, iters: 256, time: 0.001, data: 0.001) , D_A: 0.351, G_A: 0.839, cycle_A: 0.162, D_B: 0.373, G_B: 0.985, cycle_B: 0.140, gp: 0.358

[Rank 0] (epoch: 4, iters: 1856, time: 0.001, data: 0.005) , D_A: 0.304, G_A: 1.083, cycle_A: 0.165, D_B: 0.213, G_B: 0.990, cycle_B: 0.133, gp: 0.192

[Rank 0] (epoch: 4, iters: 3456, time: 0.001, data: 0.001) , D_A: 0.317, G_A: 0.865, cycle_A: 0.174, D_B: 0.344, G_B: 0.984, cycle_B: 0.134, gp: 0.325

[Rank 0] (epoch: 4, iters: 5056, time: 0.001, data: 0.001) , D_A: 0.299, G_A: 0.947, cycle_A: 0.156, D_B: 0.358, G_B: 1.022, cycle_B: 0.145, gp: 0.340

[Rank 0] (epoch: 4, iters: 6656, time: 0.001, data: 0.001) , D_A: 0.382, G_A: 0.906, cycle_A: 0.149, D_B: 0.286, G_B: 0.966, cycle_B: 0.136, gp: 0.272

[Rank 0] (epoch: 4, iters: 8256, time: 0.001, data: 0.002) , D_A: 0.260, G_A: 0.693, cycle_A: 0.140, D_B: 0.266, G_B: 0.955, cycle_B: 0.145, gp: 0.241

[Rank 0] (epoch: 4, iters: 9856, time: 0.001, data: 0.001) , D_A: 0.254, G_A: 1.021, cycle_A: 0.152, D_B: 0.214, G_B: 1.037, cycle_B: 0.133, gp: 0.194

[Rank 0] (epoch: 4, iters: 11456, time: 0.001, data: 0.001) , D_A: 0.341, G_A: 1.305, cycle_A: 0.165, D_B: 0.289, G_B: 1.008, cycle_B: 0.140, gp: 0.272

[Rank 0] (epoch: 4, iters: 13056, time: 0.001, data: 0.001) , D_A: 0.204, G_A: 0.951, cycle_A: 0.169, D_B: 0.310, G_B: 0.890, cycle_B: 0.165, gp: 0.280

[Rank 0] (epoch: 4, iters: 14656, time: 0.001, data: 0.001) , D_A: 0.477, G_A: 0.851, cycle_A: 2.091, D_B: 0.693, G_B: 0.397, cycle_B: 2.033, gp: 0.439

[Rank 0] (epoch: 4, iters: 16256, time: 0.001, data: 0.001) , D_A: 0.398, G_A: 1.321, cycle_A: 1.436, D_B: 0.579, G_B: 1.226, cycle_B: 1.217, gp: 0.384

[Rank 0] (epoch: 4, iters: 17856, time: 0.001, data: 0.001) , D_A: 0.374, G_A: 1.015, cycle_A: 0.331, D_B: 0.482, G_B: 0.592, cycle_B: 0.304, gp: 0.416

[Rank 0] (epoch: 4, iters: 19456, time: 0.001, data: 0.001) , D_A: 0.335, G_A: 1.237, cycle_A: 0.231, D_B: 0.346, G_B: 0.485, cycle_B: 0.264, gp: 0.277

[Rank 0] (epoch: 4, iters: 21056, time: 0.001, data: 0.002) , D_A: 0.383, G_A: 1.025, cycle_A: 0.256, D_B: 0.550, G_B: 1.170, cycle_B: 0.236, gp: 0.516

[Rank 0] (epoch: 4, iters: 22656, time: 0.001, data: 0.001) , D_A: 0.295, G_A: 1.050, cycle_A: 0.206, D_B: 0.486, G_B: 1.273, cycle_B: 0.229, gp: 0.448

[Rank 0] (epoch: 4, iters: 24256, time: 0.001, data: 0.001) , D_A: 0.266, G_A: 1.049, cycle_A: 0.217, D_B: 0.362, G_B: 0.845, cycle_B: 0.216, gp: 0.330

[Rank 0] (epoch: 4, iters: 25856, time: 0.001, data: 0.001) , D_A: 0.399, G_A: 0.215, cycle_A: 0.178, D_B: 0.361, G_B: 1.179, cycle_B: 0.206, gp: 0.335

[Rank 0] (epoch: 4, iters: 27456, time: 0.001, data: 0.001) , D_A: 0.230, G_A: 0.914, cycle_A: 0.188, D_B: 0.343, G_B: 1.018, cycle_B: 0.193, gp: 0.315

[Rank 0] (epoch: 4, iters: 29056, time: 0.001, data: 0.001) , D_A: 0.282, G_A: 1.008, cycle_A: 0.168, D_B: 0.345, G_B: 0.974, cycle_B: 0.200, gp: 0.327

[Rank 0] (epoch: 4, iters: 30656, time: 0.001, data: 0.001) , D_A: 0.307, G_A: 0.992, cycle_A: 0.185, D_B: 0.319, G_B: 1.021, cycle_B: 0.191, gp: 0.296

[Rank 0] (epoch: 4, iters: 32256, time: 0.001, data: 0.001) , D_A: 0.405, G_A: 0.788, cycle_A: 0.219, D_B: 0.318, G_B: 1.136, cycle_B: 0.171, gp: 0.291

[Rank 0] (epoch: 4, iters: 33856, time: 0.001, data: 0.001) , D_A: 0.250, G_A: 1.069, cycle_A: 0.203, D_B: 0.386, G_B: 1.097, cycle_B: 0.183, gp: 0.350

[Rank 0] (epoch: 4, iters: 35456, time: 0.001, data: 0.001) , D_A: 0.305, G_A: 1.146, cycle_A: 0.175, D_B: 0.392, G_B: 1.320, cycle_B: 0.205, gp: 0.322

[Rank 0] (epoch: 4, iters: 37056, time: 0.001, data: 0.002) , D_A: 0.296, G_A: 0.917, cycle_A: 0.171, D_B: 0.329, G_B: 0.829, cycle_B: 0.182, gp: 0.303

--- iter tau=0.4531 ---
  cipher in : ly part of the segregation strategy since the revenues from the 
  decrypted : wdagzloauraot as dl dzoiueasolzo ddasien aot al p er sarluyaot a
  real plain: e various types of protozoa it was found that the aerated lagoon
  cipher in : enting a human personality and thus establish sincere relationsh
  decrypted :  eoiedazatryzeag lsuezwiodazecaotrsa sozrwistasien l al wzoiuest
  real plain:  will never manage it to be fit one has to start early with youn
[Rank 0] (epoch: 4, iters: 38656, time: 0.001, data: 0.001) , D_A: 0.273, G_A: 1.006, cycle_A: 0.183, D_B: 0.280, G_B: 0.954, cycle_B: 0.195, gp: 0.253

saving the latest model (epoch 4, total_iters 160000)
[Rank 0] (epoch: 4, iters: 40256, time: 0.001, data: 0.001) , D_A: 0.292, G_A: 1.003, cycle_A: 0.166, D_B: 0.319, G_B: 1.034, cycle_B: 0.192, gp: 0.299

learning rate 0.0002000 -> 0.0002000
temperature tau = 0.4384
End of epoch 4 / 50 	 Time Taken: 38 sec
[Rank 0] (epoch: 5, iters: 1408, time: 0.001, data: 0.001) , D_A: 0.272, G_A: 0.986, cycle_A: 0.173, D_B: 0.330, G_B: 1.075, cycle_B: 0.173, gp: 0.305

[Rank 0] (epoch: 5, iters: 3008, time: 0.001, data: 0.001) , D_A: 0.286, G_A: 1.027, cycle_A: 0.167, D_B: 0.309, G_B: 0.945, cycle_B: 0.171, gp: 0.285

[Rank 0] (epoch: 5, iters: 4608, time: 0.001, data: 0.001) , D_A: 0.274, G_A: 1.021, cycle_A: 0.177, D_B: 0.312, G_B: 1.212, cycle_B: 0.181, gp: 0.273

[Rank 0] (epoch: 5, iters: 6208, time: 0.001, data: 0.001) , D_A: 0.266, G_A: 1.011, cycle_A: 0.214, D_B: 0.290, G_B: 0.966, cycle_B: 0.201, gp: 0.259

[Rank 0] (epoch: 5, iters: 7808, time: 0.001, data: 0.001) , D_A: 0.314, G_A: 1.301, cycle_A: 0.218, D_B: 0.263, G_B: 0.923, cycle_B: 0.189, gp: 0.232

[Rank 0] (epoch: 5, iters: 9408, time: 0.001, data: 0.001) , D_A: 0.181, G_A: 0.895, cycle_A: 0.178, D_B: 0.280, G_B: 0.959, cycle_B: 0.192, gp: 0.255

[Rank 0] (epoch: 5, iters: 11008, time: 0.001, data: 0.001) , D_A: 0.218, G_A: 1.075, cycle_A: 0.170, D_B: 0.307, G_B: 0.853, cycle_B: 0.183, gp: 0.281

[Rank 0] (epoch: 5, iters: 12608, time: 0.001, data: 0.001) , D_A: 0.295, G_A: 0.815, cycle_A: 0.163, D_B: 0.386, G_B: 1.360, cycle_B: 0.185, gp: 0.343

[Rank 0] (epoch: 5, iters: 14208, time: 0.001, data: 0.002) , D_A: 0.314, G_A: 0.873, cycle_A: 0.201, D_B: 0.325, G_B: 0.715, cycle_B: 0.194, gp: 0.287

[Rank 0] (epoch: 5, iters: 15808, time: 0.001, data: 0.001) , D_A: 0.278, G_A: 1.125, cycle_A: 0.184, D_B: 0.340, G_B: 1.055, cycle_B: 0.180, gp: 0.325

[Rank 0] (epoch: 5, iters: 17408, time: 0.001, data: 0.001) , D_A: 0.288, G_A: 1.056, cycle_A: 0.188, D_B: 0.277, G_B: 0.850, cycle_B: 0.170, gp: 0.253

[Rank 0] (epoch: 5, iters: 19008, time: 0.001, data: 0.001) , D_A: 0.234, G_A: 1.006, cycle_A: 0.172, D_B: 0.355, G_B: 0.907, cycle_B: 0.175, gp: 0.327

[Rank 0] (epoch: 5, iters: 20608, time: 0.001, data: 0.001) , D_A: 0.257, G_A: 1.133, cycle_A: 0.268, D_B: 0.226, G_B: 1.019, cycle_B: 0.192, gp: 0.206

[Rank 0] (epoch: 5, iters: 22208, time: 0.001, data: 0.001) , D_A: 0.207, G_A: 0.921, cycle_A: 0.165, D_B: 0.291, G_B: 0.997, cycle_B: 0.180, gp: 0.264

[Rank 0] (epoch: 5, iters: 23808, time: 0.001, data: 0.001) , D_A: 0.198, G_A: 0.986, cycle_A: 0.179, D_B: 0.304, G_B: 0.966, cycle_B: 0.183, gp: 0.286

[Rank 0] (epoch: 5, iters: 25408, time: 0.001, data: 0.001) , D_A: 0.233, G_A: 0.922, cycle_A: 0.173, D_B: 0.399, G_B: 1.067, cycle_B: 0.179, gp: 0.378

[Rank 0] (epoch: 5, iters: 27008, time: 0.001, data: 0.001) , D_A: 0.312, G_A: 1.170, cycle_A: 0.156, D_B: 0.342, G_B: 0.808, cycle_B: 0.172, gp: 0.319

[Rank 0] (epoch: 5, iters: 28608, time: 0.001, data: 0.001) , D_A: 0.172, G_A: 1.167, cycle_A: 0.199, D_B: 0.309, G_B: 0.947, cycle_B: 0.177, gp: 0.280

[Rank 0] (epoch: 5, iters: 30208, time: 0.001, data: 0.001) , D_A: 0.285, G_A: 0.873, cycle_A: 0.177, D_B: 0.350, G_B: 0.984, cycle_B: 0.182, gp: 0.332

[Rank 0] (epoch: 5, iters: 31808, time: 0.001, data: 0.001) , D_A: 0.225, G_A: 1.094, cycle_A: 0.186, D_B: 0.202, G_B: 0.914, cycle_B: 0.157, gp: 0.181

[Rank 0] (epoch: 5, iters: 33408, time: 0.001, data: 0.001) , D_A: 0.175, G_A: 1.031, cycle_A: 0.171, D_B: 0.243, G_B: 0.979, cycle_B: 0.179, gp: 0.228

[Rank 0] (epoch: 5, iters: 35008, time: 0.001, data: 0.001) , D_A: 0.277, G_A: 1.093, cycle_A: 0.176, D_B: 0.246, G_B: 0.984, cycle_B: 0.251, gp: 0.227

[Rank 0] (epoch: 5, iters: 36608, time: 0.001, data: 0.001) , D_A: 0.258, G_A: 0.896, cycle_A: 0.184, D_B: 0.240, G_B: 1.000, cycle_B: 0.192, gp: 0.218

--- iter tau=0.4384 ---
  cipher in : batted in of the game and his only ones of the year turk lown wa
  decrypted : rzoo caieauraot adzy azecatisauefdaue sauraot ad zlaorltafuoeaoz
  real plain: e is the tabula rasa of the mind in its place is a passionate co
  cipher in : tantive due process an amendment presumably designed to deal wit
  decrypted : ozeoip acr aglun ssazeazy ecy eoagl sryzrfdac side caouac zfaoio
  real plain: rism in an oral tradition is less a misdemeanor than the standar
[Rank 0] (epoch: 5, iters: 38208, time: 0.001, data: 0.001) , D_A: 0.254, G_A: 1.041, cycle_A: 0.156, D_B: 0.274, G_B: 1.101, cycle_B: 0.190, gp: 0.255

saving the latest model (epoch 5, total_iters 200000)
[Rank 0] (epoch: 5, iters: 39808, time: 0.001, data: 0.001) , D_A: 0.318, G_A: 1.073, cycle_A: 0.179, D_B: 0.253, G_B: 0.923, cycle_B: 0.193, gp: 0.240

learning rate 0.0002000 -> 0.0002000
temperature tau = 0.4243
End of epoch 5 / 50 	 Time Taken: 34 sec
[Rank 0] (epoch: 6, iters: 960, time: 0.001, data: 0.001) , D_A: 0.280, G_A: 1.034, cycle_A: 0.192, D_B: 0.463, G_B: 0.607, cycle_B: 0.202, gp: 0.425

[Rank 0] (epoch: 6, iters: 2560, time: 0.001, data: 0.001) , D_A: 0.346, G_A: 0.946, cycle_A: 0.169, D_B: 0.256, G_B: 0.973, cycle_B: 0.191, gp: 0.241

[Rank 0] (epoch: 6, iters: 4160, time: 0.001, data: 0.001) , D_A: 0.211, G_A: 1.089, cycle_A: 0.195, D_B: 0.281, G_B: 1.007, cycle_B: 0.174, gp: 0.259

[Rank 0] (epoch: 6, iters: 5760, time: 0.001, data: 0.001) , D_A: 0.226, G_A: 0.990, cycle_A: 0.156, D_B: 0.149, G_B: 0.957, cycle_B: 0.184, gp: 0.132

[Rank 0] (epoch: 6, iters: 7360, time: 0.001, data: 0.001) , D_A: 0.263, G_A: 0.700, cycle_A: 0.176, D_B: 0.176, G_B: 1.005, cycle_B: 0.189, gp: 0.164

[Rank 0] (epoch: 6, iters: 8960, time: 0.001, data: 0.001) , D_A: 0.252, G_A: 1.061, cycle_A: 0.167, D_B: 0.247, G_B: 0.961, cycle_B: 0.191, gp: 0.229

[Rank 0] (epoch: 6, iters: 10560, time: 0.001, data: 0.001) , D_A: 0.223, G_A: 0.947, cycle_A: 0.174, D_B: 0.258, G_B: 1.047, cycle_B: 0.188, gp: 0.246

[Rank 0] (epoch: 6, iters: 12160, time: 0.001, data: 0.001) , D_A: 0.215, G_A: 1.030, cycle_A: 0.188, D_B: 0.247, G_B: 1.143, cycle_B: 0.182, gp: 0.228

[Rank 0] (epoch: 6, iters: 13760, time: 0.001, data: 0.001) , D_A: 0.172, G_A: 1.126, cycle_A: 0.175, D_B: 0.311, G_B: 0.976, cycle_B: 0.194, gp: 0.296

[Rank 0] (epoch: 6, iters: 15360, time: 0.001, data: 0.001) , D_A: 0.228, G_A: 0.922, cycle_A: 0.162, D_B: 0.326, G_B: 0.990, cycle_B: 0.174, gp: 0.314

[Rank 0] (epoch: 6, iters: 16960, time: 0.001, data: 0.001) , D_A: 0.250, G_A: 0.960, cycle_A: 0.161, D_B: 0.278, G_B: 1.051, cycle_B: 0.169, gp: 0.251

[Rank 0] (epoch: 6, iters: 18560, time: 0.001, data: 0.001) , D_A: 0.247, G_A: 0.805, cycle_A: 0.170, D_B: 0.391, G_B: 0.892, cycle_B: 0.172, gp: 0.364

[Rank 0] (epoch: 6, iters: 20160, time: 0.001, data: 0.001) , D_A: 0.286, G_A: 1.053, cycle_A: 0.171, D_B: 0.245, G_B: 1.076, cycle_B: 0.183, gp: 0.231

[Rank 0] (epoch: 6, iters: 21760, time: 0.001, data: 0.001) , D_A: 0.216, G_A: 0.996, cycle_A: 0.179, D_B: 0.236, G_B: 0.909, cycle_B: 0.164, gp: 0.220

[Rank 0] (epoch: 6, iters: 23360, time: 0.001, data: 0.001) , D_A: 0.182, G_A: 1.024, cycle_A: 0.158, D_B: 0.210, G_B: 0.956, cycle_B: 0.172, gp: 0.197

[Rank 0] (epoch: 6, iters: 24960, time: 0.001, data: 0.001) , D_A: 0.210, G_A: 1.066, cycle_A: 0.161, D_B: 0.261, G_B: 0.917, cycle_B: 0.175, gp: 0.248

[Rank 0] (epoch: 6, iters: 26560, time: 0.001, data: 0.001) , D_A: 0.187, G_A: 1.090, cycle_A: 0.171, D_B: 0.231, G_B: 1.018, cycle_B: 0.179, gp: 0.218

[Rank 0] (epoch: 6, iters: 28160, time: 0.001, data: 0.001) , D_A: 0.196, G_A: 1.003, cycle_A: 0.190, D_B: 0.319, G_B: 0.888, cycle_B: 0.172, gp: 0.285

[Rank 0] (epoch: 6, iters: 29760, time: 0.001, data: 0.002) , D_A: 0.273, G_A: 0.991, cycle_A: 0.193, D_B: 0.347, G_B: 1.081, cycle_B: 0.173, gp: 0.333

[Rank 0] (epoch: 6, iters: 31360, time: 0.001, data: 0.001) , D_A: 0.196, G_A: 1.035, cycle_A: 0.214, D_B: 0.275, G_B: 0.625, cycle_B: 0.171, gp: 0.230

[Rank 0] (epoch: 6, iters: 32960, time: 0.001, data: 0.001) , D_A: 0.244, G_A: 1.043, cycle_A: 0.196, D_B: 0.162, G_B: 1.097, cycle_B: 0.177, gp: 0.149

[Rank 0] (epoch: 6, iters: 34560, time: 0.001, data: 0.001) , D_A: 0.197, G_A: 0.842, cycle_A: 0.177, D_B: 0.315, G_B: 0.944, cycle_B: 0.182, gp: 0.300

[Rank 0] (epoch: 6, iters: 36160, time: 0.001, data: 0.001) , D_A: 0.242, G_A: 1.101, cycle_A: 0.161, D_B: 0.236, G_B: 0.980, cycle_B: 0.181, gp: 0.224

--- iter tau=0.4243 ---
  cipher in : ogy is not to tyrannize but to clarify the principles of social 
  decrypted : uddaisaeuoaouaodhjeein arroaouanfjhirdaot aghienigf saurasunijfa
  real plain: was not libelous he claimed you made other slanderous allegation
  cipher in : ber at the center of the lo shu and the interrelation of all the
  decrypted : r hajoaot an eo hauraot afuastrajecaot aieo hh fjoiueaurajffaot 
  real plain: ty years younger than stanley taller than stanley prettier than 
[Rank 0] (epoch: 6, iters: 37760, time: 0.001, data: 0.001) , D_A: 0.151, G_A: 0.972, cycle_A: 0.180, D_B: 0.198, G_B: 0.958, cycle_B: 0.177, gp: 0.179

saving the latest model (epoch 6, total_iters 240000)
[Rank 0] (epoch: 6, iters: 39360, time: 0.001, data: 0.002) , D_A: 0.223, G_A: 0.869, cycle_A: 0.165, D_B: 0.161, G_B: 0.886, cycle_B: 0.192, gp: 0.135

learning rate 0.0002000 -> 0.0002000
temperature tau = 0.4106
End of epoch 6 / 50 	 Time Taken: 38 sec
[Rank 0] (epoch: 7, iters: 512, time: 0.001, data: 0.008) , D_A: 0.174, G_A: 1.010, cycle_A: 0.166, D_B: 0.247, G_B: 1.031, cycle_B: 0.182, gp: 0.232

[Rank 0] (epoch: 7, iters: 2112, time: 0.001, data: 0.000) , D_A: 0.174, G_A: 1.076, cycle_A: 0.171, D_B: 0.218, G_B: 0.974, cycle_B: 0.177, gp: 0.204

[Rank 0] (epoch: 7, iters: 3712, time: 0.001, data: 0.001) , D_A: 0.294, G_A: 0.920, cycle_A: 0.164, D_B: 0.253, G_B: 1.008, cycle_B: 0.174, gp: 0.243

[Rank 0] (epoch: 7, iters: 5312, time: 0.001, data: 0.001) , D_A: 0.198, G_A: 0.957, cycle_A: 0.166, D_B: 0.291, G_B: 0.953, cycle_B: 0.186, gp: 0.279

[Rank 0] (epoch: 7, iters: 6912, time: 0.001, data: 0.001) , D_A: 0.306, G_A: 1.074, cycle_A: 0.158, D_B: 0.291, G_B: 0.870, cycle_B: 0.186, gp: 0.277

[Rank 0] (epoch: 7, iters: 8512, time: 0.001, data: 0.001) , D_A: 0.342, G_A: 1.130, cycle_A: 0.191, D_B: 0.263, G_B: 1.120, cycle_B: 0.169, gp: 0.247

[Rank 0] (epoch: 7, iters: 10112, time: 0.001, data: 0.001) , D_A: 0.276, G_A: 0.973, cycle_A: 0.167, D_B: 0.199, G_B: 0.964, cycle_B: 0.179, gp: 0.190

[Rank 0] (epoch: 7, iters: 11712, time: 0.001, data: 0.001) , D_A: 0.231, G_A: 0.914, cycle_A: 0.174, D_B: 0.294, G_B: 0.967, cycle_B: 0.179, gp: 0.281

[Rank 0] (epoch: 7, iters: 13312, time: 0.001, data: 0.001) , D_A: 0.271, G_A: 1.009, cycle_A: 0.164, D_B: 0.286, G_B: 1.026, cycle_B: 0.171, gp: 0.267

[Rank 0] (epoch: 7, iters: 14912, time: 0.001, data: 0.001) , D_A: 0.229, G_A: 1.167, cycle_A: 0.169, D_B: 0.270, G_B: 0.982, cycle_B: 0.179, gp: 0.259

[Rank 0] (epoch: 7, iters: 16512, time: 0.001, data: 0.001) , D_A: 0.263, G_A: 0.936, cycle_A: 0.182, D_B: 0.301, G_B: 1.063, cycle_B: 0.170, gp: 0.286

[Rank 0] (epoch: 7, iters: 18112, time: 0.001, data: 0.001) , D_A: 0.153, G_A: 1.034, cycle_A: 0.188, D_B: 0.287, G_B: 0.968, cycle_B: 0.177, gp: 0.264

[Rank 0] (epoch: 7, iters: 19712, time: 0.001, data: 0.001) , D_A: 0.225, G_A: 0.972, cycle_A: 0.169, D_B: 0.198, G_B: 1.166, cycle_B: 0.176, gp: 0.177

[Rank 0] (epoch: 7, iters: 21312, time: 0.001, data: 0.001) , D_A: 0.326, G_A: 0.977, cycle_A: 0.170, D_B: 0.399, G_B: 1.142, cycle_B: 0.173, gp: 0.379

[Rank 0] (epoch: 7, iters: 22912, time: 0.001, data: 0.001) , D_A: 0.236, G_A: 1.102, cycle_A: 0.177, D_B: 0.311, G_B: 0.920, cycle_B: 0.176, gp: 0.298

[Rank 0] (epoch: 7, iters: 24512, time: 0.001, data: 0.001) , D_A: 0.300, G_A: 1.036, cycle_A: 0.178, D_B: 0.287, G_B: 0.983, cycle_B: 0.171, gp: 0.276

[Rank 0] (epoch: 7, iters: 26112, time: 0.001, data: 0.001) , D_A: 0.244, G_A: 1.003, cycle_A: 0.181, D_B: 0.165, G_B: 0.992, cycle_B: 0.176, gp: 0.156

[Rank 0] (epoch: 7, iters: 27712, time: 0.001, data: 0.001) , D_A: 0.257, G_A: 1.108, cycle_A: 0.186, D_B: 0.253, G_B: 1.094, cycle_B: 0.175, gp: 0.232

[Rank 0] (epoch: 7, iters: 29312, time: 0.001, data: 0.001) , D_A: 0.266, G_A: 1.067, cycle_A: 0.194, D_B: 0.249, G_B: 0.883, cycle_B: 0.176, gp: 0.237

[Rank 0] (epoch: 7, iters: 30912, time: 0.001, data: 0.001) , D_A: 0.217, G_A: 1.039, cycle_A: 0.215, D_B: 0.185, G_B: 0.895, cycle_B: 0.175, gp: 0.162

[Rank 0] (epoch: 7, iters: 32512, time: 0.001, data: 0.001) , D_A: 0.234, G_A: 1.111, cycle_A: 0.180, D_B: 0.313, G_B: 0.952, cycle_B: 0.181, gp: 0.304

[Rank 0] (epoch: 7, iters: 34112, time: 0.001, data: 0.001) , D_A: 0.304, G_A: 1.061, cycle_A: 0.186, D_B: 0.111, G_B: 0.921, cycle_B: 0.175, gp: 0.097

[Rank 0] (epoch: 7, iters: 35712, time: 0.001, data: 0.001) , D_A: 0.365, G_A: 1.512, cycle_A: 0.177, D_B: 0.359, G_B: 0.983, cycle_B: 0.184, gp: 0.347

--- iter tau=0.4106 ---
  cipher in : ughout the rest of the poetics aristotle continues to discuss th
  decrypted : rdtmroaot ah soamraot agm oinsabhisomof anmeoier saomacisnrssaot
  real plain: ment would ease their task diplomats conceded but no one was ove
  cipher in : onsultant basis only and be answerable directly to the administr
  decrypted : mesrfobeoarbsisamefdabecar abeso hbrf acih nofdaomaot abcyieisoh
  real plain: casion for virtues and vices on the heroic scale read the modera
[Rank 0] (epoch: 7, iters: 37312, time: 0.001, data: 0.001) , D_A: 0.238, G_A: 0.920, cycle_A: 0.169, D_B: 0.322, G_B: 0.790, cycle_B: 0.166, gp: 0.303

saving the latest model (epoch 7, total_iters 280000)
[Rank 0] (epoch: 7, iters: 38912, time: 0.001, data: 0.001) , D_A: 0.256, G_A: 0.993, cycle_A: 0.191, D_B: 0.178, G_B: 0.943, cycle_B: 0.184, gp: 0.168

learning rate 0.0002000 -> 0.0002000
temperature tau = 0.3973
End of epoch 7 / 50 	 Time Taken: 37 sec
[Rank 0] (epoch: 8, iters: 64, time: 0.001, data: 0.001) , D_A: 0.221, G_A: 0.920, cycle_A: 0.158, D_B: 0.298, G_B: 0.965, cycle_B: 0.188, gp: 0.289

[Rank 0] (epoch: 8, iters: 1664, time: 0.001, data: 0.000) , D_A: 0.263, G_A: 1.104, cycle_A: 0.173, D_B: 0.298, G_B: 1.082, cycle_B: 0.190, gp: 0.281

[Rank 0] (epoch: 8, iters: 3264, time: 0.001, data: 0.001) , D_A: 0.162, G_A: 0.871, cycle_A: 0.156, D_B: 0.231, G_B: 1.058, cycle_B: 0.188, gp: 0.222

[Rank 0] (epoch: 8, iters: 4864, time: 0.001, data: 0.001) , D_A: 0.267, G_A: 1.062, cycle_A: 0.165, D_B: 0.186, G_B: 0.991, cycle_B: 0.193, gp: 0.168

[Rank 0] (epoch: 8, iters: 6464, time: 0.001, data: 0.001) , D_A: 0.215, G_A: 1.046, cycle_A: 0.178, D_B: 0.194, G_B: 0.894, cycle_B: 0.185, gp: 0.183

[Rank 0] (epoch: 8, iters: 8064, time: 0.001, data: 0.001) , D_A: 0.230, G_A: 1.206, cycle_A: 0.188, D_B: 0.252, G_B: 1.038, cycle_B: 0.195, gp: 0.240

[Rank 0] (epoch: 8, iters: 9664, time: 0.001, data: 0.001) , D_A: 0.242, G_A: 0.908, cycle_A: 0.163, D_B: 0.194, G_B: 0.897, cycle_B: 0.194, gp: 0.180

[Rank 0] (epoch: 8, iters: 11264, time: 0.001, data: 0.001) , D_A: 0.183, G_A: 0.943, cycle_A: 0.173, D_B: 0.251, G_B: 1.014, cycle_B: 0.185, gp: 0.242

[Rank 0] (epoch: 8, iters: 12864, time: 0.001, data: 0.002) , D_A: 0.238, G_A: 0.965, cycle_A: 0.179, D_B: 0.327, G_B: 0.934, cycle_B: 0.175, gp: 0.311

[Rank 0] (epoch: 8, iters: 14464, time: 0.001, data: 0.001) , D_A: 0.264, G_A: 1.048, cycle_A: 0.160, D_B: 0.249, G_B: 0.861, cycle_B: 0.188, gp: 0.233

[Rank 0] (epoch: 8, iters: 16064, time: 0.001, data: 0.001) , D_A: 0.162, G_A: 1.017, cycle_A: 0.165, D_B: 0.314, G_B: 0.868, cycle_B: 0.179, gp: 0.299

[Rank 0] (epoch: 8, iters: 17664, time: 0.001, data: 0.001) , D_A: 0.238, G_A: 1.238, cycle_A: 0.167, D_B: 0.236, G_B: 1.017, cycle_B: 0.171, gp: 0.223

[Rank 0] (epoch: 8, iters: 19264, time: 0.001, data: 0.001) , D_A: 0.183, G_A: 0.962, cycle_A: 0.179, D_B: 0.288, G_B: 1.052, cycle_B: 0.170, gp: 0.275

[Rank 0] (epoch: 8, iters: 20864, time: 0.001, data: 0.001) , D_A: 0.187, G_A: 0.990, cycle_A: 0.168, D_B: 0.329, G_B: 1.012, cycle_B: 0.183, gp: 0.310

[Rank 0] (epoch: 8, iters: 22464, time: 0.001, data: 0.001) , D_A: 0.183, G_A: 0.991, cycle_A: 0.165, D_B: 0.287, G_B: 0.988, cycle_B: 0.176, gp: 0.276

[Rank 0] (epoch: 8, iters: 24064, time: 0.001, data: 0.001) , D_A: 0.140, G_A: 0.931, cycle_A: 0.170, D_B: 0.192, G_B: 0.980, cycle_B: 0.171, gp: 0.184

[Rank 0] (epoch: 8, iters: 25664, time: 0.001, data: 0.002) , D_A: 0.250, G_A: 1.064, cycle_A: 0.179, D_B: 0.231, G_B: 0.975, cycle_B: 0.176, gp: 0.219

[Rank 0] (epoch: 8, iters: 27264, time: 0.001, data: 0.001) , D_A: 0.238, G_A: 0.988, cycle_A: 0.166, D_B: 0.241, G_B: 0.994, cycle_B: 0.168, gp: 0.224

[Rank 0] (epoch: 8, iters: 28864, time: 0.001, data: 0.001) , D_A: 0.267, G_A: 1.040, cycle_A: 0.153, D_B: 0.243, G_B: 0.932, cycle_B: 0.177, gp: 0.232

[Rank 0] (epoch: 8, iters: 30464, time: 0.001, data: 0.002) , D_A: 0.289, G_A: 0.971, cycle_A: 0.174, D_B: 0.194, G_B: 1.066, cycle_B: 0.176, gp: 0.180

[Rank 0] (epoch: 8, iters: 32064, time: 0.001, data: 0.002) , D_A: 0.245, G_A: 0.906, cycle_A: 0.186, D_B: 0.304, G_B: 0.911, cycle_B: 0.157, gp: 0.293

[Rank 0] (epoch: 8, iters: 33664, time: 0.001, data: 0.001) , D_A: 0.221, G_A: 0.930, cycle_A: 0.188, D_B: 0.285, G_B: 1.362, cycle_B: 0.171, gp: 0.242

[Rank 0] (epoch: 8, iters: 35264, time: 0.001, data: 0.001) , D_A: 0.233, G_A: 1.042, cycle_A: 0.175, D_B: 0.332, G_B: 0.969, cycle_B: 0.182, gp: 0.319

--- iter tau=0.3973 ---
  cipher in : y had high school desegregation the action was a result of a cou
  decrypted : datbcatidtasntuuwac s dh dboiueaot abnoiueaobsabah srwoaurabanur
  real plain: ured by its per capita income the act further provides for a flo
  cipher in : saw her sisters rachel and sadie drawn outside their family circ
  decrypted : sboat hasiso hsahbnt wabecasbci achboeaurosic aot iharbyiwdanihn
  real plain: esnt want to make a spectacle of himself for instance socalled c
[Rank 0] (epoch: 8, iters: 36864, time: 0.001, data: 0.001) , D_A: 0.287, G_A: 0.929, cycle_A: 0.164, D_B: 0.319, G_B: 1.022, cycle_B: 0.184, gp: 0.311

saving the latest model (epoch 8, total_iters 320000)
[Rank 0] (epoch: 8, iters: 38464, time: 0.001, data: 0.001) , D_A: 0.265, G_A: 1.019, cycle_A: 0.174, D_B: 0.257, G_B: 1.045, cycle_B: 0.173, gp: 0.241

[Rank 0] (epoch: 8, iters: 40064, time: 0.001, data: 0.001) , D_A: 0.233, G_A: 0.986, cycle_A: 0.176, D_B: 0.225, G_B: 1.010, cycle_B: 0.180, gp: 0.212

learning rate 0.0002000 -> 0.0002000
temperature tau = 0.3845
End of epoch 8 / 50 	 Time Taken: 38 sec
[Rank 0] (epoch: 9, iters: 1216, time: 0.001, data: 0.001) , D_A: 0.216, G_A: 0.999, cycle_A: 0.169, D_B: 0.245, G_B: 0.991, cycle_B: 0.178, gp: 0.232

[Rank 0] (epoch: 9, iters: 2816, time: 0.001, data: 0.001) , D_A: 0.245, G_A: 1.038, cycle_A: 0.168, D_B: 0.257, G_B: 0.845, cycle_B: 0.169, gp: 0.241

[Rank 0] (epoch: 9, iters: 4416, time: 0.001, data: 0.001) , D_A: 0.352, G_A: 1.069, cycle_A: 0.161, D_B: 0.341, G_B: 0.932, cycle_B: 0.170, gp: 0.330

[Rank 0] (epoch: 9, iters: 6016, time: 0.001, data: 0.001) , D_A: 0.242, G_A: 1.108, cycle_A: 0.170, D_B: 0.272, G_B: 0.904, cycle_B: 0.182, gp: 0.258

[Rank 0] (epoch: 9, iters: 7616, time: 0.001, data: 0.002) , D_A: 0.227, G_A: 1.063, cycle_A: 0.192, D_B: 0.246, G_B: 0.953, cycle_B: 0.184, gp: 0.235

[Rank 0] (epoch: 9, iters: 9216, time: 0.001, data: 0.001) , D_A: 0.198, G_A: 1.122, cycle_A: 0.177, D_B: 0.277, G_B: 0.950, cycle_B: 0.177, gp: 0.268

[Rank 0] (epoch: 9, iters: 10816, time: 0.001, data: 0.001) , D_A: 0.252, G_A: 0.904, cycle_A: 0.170, D_B: 0.233, G_B: 1.056, cycle_B: 0.181, gp: 0.221

[Rank 0] (epoch: 9, iters: 12416, time: 0.001, data: 0.001) , D_A: 0.157, G_A: 1.001, cycle_A: 0.170, D_B: 0.230, G_B: 1.079, cycle_B: 0.183, gp: 0.219

[Rank 0] (epoch: 9, iters: 14016, time: 0.001, data: 0.001) , D_A: 0.341, G_A: 0.954, cycle_A: 0.165, D_B: 0.307, G_B: 0.920, cycle_B: 0.189, gp: 0.296

[Rank 0] (epoch: 9, iters: 15616, time: 0.001, data: 0.001) , D_A: 0.324, G_A: 0.951, cycle_A: 0.180, D_B: 0.351, G_B: 0.934, cycle_B: 0.180, gp: 0.339

[Rank 0] (epoch: 9, iters: 17216, time: 0.001, data: 0.001) , D_A: 0.210, G_A: 1.057, cycle_A: 0.174, D_B: 0.173, G_B: 1.088, cycle_B: 0.170, gp: 0.165

[Rank 0] (epoch: 9, iters: 18816, time: 0.001, data: 0.001) , D_A: 0.211, G_A: 0.975, cycle_A: 0.175, D_B: 0.200, G_B: 0.977, cycle_B: 0.172, gp: 0.189

[Rank 0] (epoch: 9, iters: 20416, time: 0.001, data: 0.001) , D_A: 0.224, G_A: 0.941, cycle_A: 0.151, D_B: 0.194, G_B: 0.978, cycle_B: 0.181, gp: 0.184

[Rank 0] (epoch: 9, iters: 22016, time: 0.001, data: 0.001) , D_A: 0.253, G_A: 1.068, cycle_A: 0.162, D_B: 0.282, G_B: 0.966, cycle_B: 0.164, gp: 0.271

[Rank 0] (epoch: 9, iters: 23616, time: 0.001, data: 0.001) , D_A: 0.214, G_A: 0.916, cycle_A: 0.159, D_B: 0.230, G_B: 0.924, cycle_B: 0.170, gp: 0.221

[Rank 0] (epoch: 9, iters: 25216, time: 0.001, data: 0.001) , D_A: 0.177, G_A: 1.009, cycle_A: 0.167, D_B: 0.248, G_B: 1.027, cycle_B: 0.174, gp: 0.238

[Rank 0] (epoch: 9, iters: 26816, time: 0.001, data: 0.003) , D_A: 0.214, G_A: 1.011, cycle_A: 0.172, D_B: 0.299, G_B: 1.082, cycle_B: 0.168, gp: 0.288

[Rank 0] (epoch: 9, iters: 28416, time: 0.001, data: 0.001) , D_A: 0.282, G_A: 1.101, cycle_A: 0.164, D_B: 0.254, G_B: 1.033, cycle_B: 0.175, gp: 0.237

[Rank 0] (epoch: 9, iters: 30016, time: 0.001, data: 0.001) , D_A: 0.115, G_A: 1.021, cycle_A: 0.175, D_B: 0.222, G_B: 1.047, cycle_B: 0.173, gp: 0.211

[Rank 0] (epoch: 9, iters: 31616, time: 0.001, data: 0.001) , D_A: 0.185, G_A: 0.959, cycle_A: 0.164, D_B: 0.285, G_B: 0.969, cycle_B: 0.169, gp: 0.271

[Rank 0] (epoch: 9, iters: 33216, time: 0.001, data: 0.001) , D_A: 0.202, G_A: 0.828, cycle_A: 0.178, D_B: 0.283, G_B: 0.968, cycle_B: 0.173, gp: 0.273

[Rank 0] (epoch: 9, iters: 34816, time: 0.001, data: 0.001) , D_A: 0.193, G_A: 0.744, cycle_A: 0.173, D_B: 0.247, G_B: 1.016, cycle_B: 0.183, gp: 0.238

--- iter tau=0.3845 ---
  cipher in : to breathe without fear for that reason any democratic reform an
  decrypted : ouarh bot aoioturoar bharuhaotboah bsueabedac yunhboinah ruhyabe
  real plain: ured by its per capita income the act further provides for a flo
  cipher in : known as jefferson arms kodiak has given this shot hammerless jo
  decrypted : teuoeabsat rr hsueabhysatucibtatbsadip eaotisastuoatbyy hw ssatu
  real plain: esnt want to make a spectacle of himself for instance socalled c
[Rank 0] (epoch: 9, iters: 36416, time: 0.001, data: 0.001) , D_A: 0.203, G_A: 0.801, cycle_A: 0.173, D_B: 0.269, G_B: 0.942, cycle_B: 0.184, gp: 0.255

saving the latest model (epoch 9, total_iters 360000)
[Rank 0] (epoch: 9, iters: 38016, time: 0.001, data: 0.001) , D_A: 0.210, G_A: 1.062, cycle_A: 0.172, D_B: 0.155, G_B: 1.090, cycle_B: 0.178, gp: 0.142

[Rank 0] (epoch: 9, iters: 39616, time: 0.001, data: 0.001) , D_A: 0.220, G_A: 1.061, cycle_A: 0.155, D_B: 0.278, G_B: 1.020, cycle_B: 0.186, gp: 0.266

learning rate 0.0002000 -> 0.0002000
temperature tau = 0.3720
End of epoch 9 / 50 	 Time Taken: 39 sec
[Rank 0] (epoch: 10, iters: 768, time: 0.001, data: 0.001) , D_A: 0.219, G_A: 0.920, cycle_A: 0.175, D_B: 0.277, G_B: 1.140, cycle_B: 0.185, gp: 0.261

[Rank 0] (epoch: 10, iters: 2368, time: 0.001, data: 0.000) , D_A: 0.224, G_A: 0.802, cycle_A: 0.171, D_B: 0.200, G_B: 1.074, cycle_B: 0.178, gp: 0.186

[Rank 0] (epoch: 10, iters: 3968, time: 0.001, data: 0.001) , D_A: 0.202, G_A: 0.987, cycle_A: 0.169, D_B: 0.275, G_B: 0.940, cycle_B: 0.170, gp: 0.269

[Rank 0] (epoch: 10, iters: 5568, time: 0.001, data: 0.001) , D_A: 0.249, G_A: 0.942, cycle_A: 0.164, D_B: 0.283, G_B: 1.041, cycle_B: 0.178, gp: 0.273

[Rank 0] (epoch: 10, iters: 7168, time: 0.001, data: 0.001) , D_A: 0.297, G_A: 0.973, cycle_A: 0.192, D_B: 0.152, G_B: 1.043, cycle_B: 0.182, gp: 0.142

[Rank 0] (epoch: 10, iters: 8768, time: 0.001, data: 0.001) , D_A: 0.213, G_A: 0.982, cycle_A: 0.149, D_B: 0.203, G_B: 1.075, cycle_B: 0.178, gp: 0.196

[Rank 0] (epoch: 10, iters: 10368, time: 0.001, data: 0.001) , D_A: 0.233, G_A: 0.907, cycle_A: 0.162, D_B: 0.224, G_B: 0.989, cycle_B: 0.181, gp: 0.212

[Rank 0] (epoch: 10, iters: 11968, time: 0.001, data: 0.001) , D_A: 0.138, G_A: 1.011, cycle_A: 0.165, D_B: 0.293, G_B: 0.940, cycle_B: 0.178, gp: 0.286

[Rank 0] (epoch: 10, iters: 13568, time: 0.001, data: 0.001) , D_A: 0.173, G_A: 1.032, cycle_A: 0.170, D_B: 0.279, G_B: 0.955, cycle_B: 0.175, gp: 0.269

[Rank 0] (epoch: 10, iters: 15168, time: 0.001, data: 0.001) , D_A: 0.266, G_A: 1.006, cycle_A: 0.176, D_B: 0.300, G_B: 0.936, cycle_B: 0.217, gp: 0.291

[Rank 0] (epoch: 10, iters: 16768, time: 0.001, data: 0.001) , D_A: 0.523, G_A: 0.236, cycle_A: 0.695, D_B: 0.602, G_B: 0.531, cycle_B: 0.710, gp: 0.414

[Rank 0] (epoch: 10, iters: 18368, time: 0.001, data: 0.001) , D_A: 0.348, G_A: 0.976, cycle_A: 0.367, D_B: 0.337, G_B: 0.997, cycle_B: 0.371, gp: 0.317

[Rank 0] (epoch: 10, iters: 19968, time: 0.001, data: 0.001) , D_A: 0.288, G_A: 1.111, cycle_A: 0.140, D_B: 0.302, G_B: 0.939, cycle_B: 0.146, gp: 0.288

[Rank 0] (epoch: 10, iters: 21568, time: 0.001, data: 0.001) , D_A: 0.273, G_A: 0.956, cycle_A: 0.180, D_B: 0.306, G_B: 1.022, cycle_B: 0.131, gp: 0.291

[Rank 0] (epoch: 10, iters: 23168, time: 0.001, data: 0.001) , D_A: 0.310, G_A: 1.021, cycle_A: 0.126, D_B: 0.393, G_B: 0.983, cycle_B: 0.118, gp: 0.370

[Rank 0] (epoch: 10, iters: 24768, time: 0.001, data: 0.001) , D_A: 0.424, G_A: 1.587, cycle_A: 0.167, D_B: 0.265, G_B: 0.926, cycle_B: 0.429, gp: 0.251

[Rank 0] (epoch: 10, iters: 26368, time: 0.001, data: 0.001) , D_A: 0.209, G_A: 0.991, cycle_A: 0.125, D_B: 0.350, G_B: 1.009, cycle_B: 0.118, gp: 0.336

[Rank 0] (epoch: 10, iters: 27968, time: 0.001, data: 0.002) , D_A: 0.328, G_A: 0.959, cycle_A: 0.134, D_B: 0.288, G_B: 0.913, cycle_B: 0.114, gp: 0.274

[Rank 0] (epoch: 10, iters: 29568, time: 0.001, data: 0.001) , D_A: 0.378, G_A: 1.069, cycle_A: 0.128, D_B: 0.268, G_B: 0.999, cycle_B: 0.121, gp: 0.259

[Rank 0] (epoch: 10, iters: 31168, time: 0.001, data: 0.001) , D_A: 0.242, G_A: 1.063, cycle_A: 0.142, D_B: 0.209, G_B: 0.994, cycle_B: 0.114, gp: 0.195

[Rank 0] (epoch: 10, iters: 32768, time: 0.001, data: 0.002) , D_A: 0.214, G_A: 1.031, cycle_A: 0.114, D_B: 0.314, G_B: 0.983, cycle_B: 0.124, gp: 0.302

[Rank 0] (epoch: 10, iters: 34368, time: 0.001, data: 0.002) , D_A: 0.315, G_A: 0.910, cycle_A: 0.124, D_B: 0.297, G_B: 1.004, cycle_B: 0.117, gp: 0.289

--- iter tau=0.3720 ---
  cipher in : ng as for food mrs henry louchheim chairman of this phase is a g
  decrypted : edalsarmharmmcayhsat ehdafmrntt iyantlihyleamraotisagtls aisalad
  real plain: passive to be human he believes is to seek ones own destruction 
  cipher in : s office of civil and defense mobilization the american red cros
  decrypted : samrrin amranipifalecac r es aymrifinloimeaot aly hinleah canhms
  real plain:  her way smarter than most gamblers she slipped away from the ca
[Rank 0] (epoch: 10, iters: 35968, time: 0.001, data: 0.001) , D_A: 0.236, G_A: 1.154, cycle_A: 0.120, D_B: 0.258, G_B: 1.070, cycle_B: 0.116, gp: 0.243

saving the latest model (epoch 10, total_iters 400000)
[Rank 0] (epoch: 10, iters: 37568, time: 0.001, data: 0.001) , D_A: 0.226, G_A: 0.974, cycle_A: 0.122, D_B: 0.271, G_B: 1.042, cycle_B: 0.109, gp: 0.260

[Rank 0] (epoch: 10, iters: 39168, time: 0.001, data: 0.001) , D_A: 0.242, G_A: 1.020, cycle_A: 0.125, D_B: 0.294, G_B: 1.042, cycle_B: 0.122, gp: 0.281

learning rate 0.0002000 -> 0.0002000
temperature tau = 0.3600
End of epoch 10 / 50 	 Time Taken: 39 sec
[Rank 0] (epoch: 11, iters: 320, time: 0.001, data: 0.002) , D_A: 0.251, G_A: 0.959, cycle_A: 0.123, D_B: 0.308, G_B: 0.888, cycle_B: 0.114, gp: 0.296

[Rank 0] (epoch: 11, iters: 1920, time: 0.001, data: 0.001) , D_A: 0.205, G_A: 0.998, cycle_A: 0.118, D_B: 0.256, G_B: 0.915, cycle_B: 0.114, gp: 0.243

[Rank 0] (epoch: 11, iters: 3520, time: 0.001, data: 0.001) , D_A: 0.233, G_A: 0.994, cycle_A: 0.130, D_B: 0.197, G_B: 1.017, cycle_B: 0.115, gp: 0.184

[Rank 0] (epoch: 11, iters: 5120, time: 0.001, data: 0.001) , D_A: 0.137, G_A: 0.983, cycle_A: 0.122, D_B: 0.334, G_B: 1.020, cycle_B: 0.123, gp: 0.322

[Rank 0] (epoch: 11, iters: 6720, time: 0.001, data: 0.001) , D_A: 0.165, G_A: 0.987, cycle_A: 0.128, D_B: 0.217, G_B: 1.047, cycle_B: 0.117, gp: 0.204

[Rank 0] (epoch: 11, iters: 8320, time: 0.001, data: 0.001) , D_A: 0.258, G_A: 1.032, cycle_A: 0.127, D_B: 0.247, G_B: 0.950, cycle_B: 0.109, gp: 0.237

[Rank 0] (epoch: 11, iters: 9920, time: 0.001, data: 0.001) , D_A: 0.136, G_A: 0.988, cycle_A: 0.126, D_B: 0.264, G_B: 1.056, cycle_B: 0.113, gp: 0.253

[Rank 0] (epoch: 11, iters: 11520, time: 0.001, data: 0.001) , D_A: 0.256, G_A: 0.975, cycle_A: 0.117, D_B: 0.295, G_B: 0.969, cycle_B: 0.117, gp: 0.285

[Rank 0] (epoch: 11, iters: 13120, time: 0.001, data: 0.001) , D_A: 0.251, G_A: 0.961, cycle_A: 0.130, D_B: 0.374, G_B: 0.882, cycle_B: 0.119, gp: 0.362

[Rank 0] (epoch: 11, iters: 14720, time: 0.001, data: 0.001) , D_A: 0.220, G_A: 0.963, cycle_A: 0.115, D_B: 0.222, G_B: 0.964, cycle_B: 0.129, gp: 0.209

[Rank 0] (epoch: 11, iters: 16320, time: 0.001, data: 0.001) , D_A: 0.194, G_A: 0.979, cycle_A: 0.120, D_B: 0.354, G_B: 1.365, cycle_B: 0.114, gp: 0.314

[Rank 0] (epoch: 11, iters: 17920, time: 0.001, data: 0.001) , D_A: 0.205, G_A: 1.028, cycle_A: 0.131, D_B: 0.275, G_B: 1.020, cycle_B: 0.116, gp: 0.261

[Rank 0] (epoch: 11, iters: 19520, time: 0.001, data: 0.001) , D_A: 0.162, G_A: 0.944, cycle_A: 0.121, D_B: 0.262, G_B: 1.015, cycle_B: 0.115, gp: 0.251

[Rank 0] (epoch: 11, iters: 21120, time: 0.001, data: 0.001) , D_A: 0.220, G_A: 1.007, cycle_A: 0.126, D_B: 0.225, G_B: 0.989, cycle_B: 0.117, gp: 0.212

[Rank 0] (epoch: 11, iters: 22720, time: 0.001, data: 0.001) , D_A: 0.287, G_A: 0.971, cycle_A: 0.144, D_B: 0.322, G_B: 1.066, cycle_B: 0.115, gp: 0.305

[Rank 0] (epoch: 11, iters: 24320, time: 0.001, data: 0.001) , D_A: 0.214, G_A: 1.017, cycle_A: 0.116, D_B: 0.338, G_B: 0.945, cycle_B: 0.113, gp: 0.327

[Rank 0] (epoch: 11, iters: 25920, time: 0.001, data: 0.000) , D_A: 0.176, G_A: 0.950, cycle_A: 0.123, D_B: 0.244, G_B: 0.984, cycle_B: 0.118, gp: 0.232

[Rank 0] (epoch: 11, iters: 27520, time: 0.001, data: 0.001) , D_A: 0.238, G_A: 0.984, cycle_A: 0.121, D_B: 0.303, G_B: 0.953, cycle_B: 0.103, gp: 0.288

[Rank 0] (epoch: 11, iters: 29120, time: 0.001, data: 0.001) , D_A: 0.240, G_A: 0.954, cycle_A: 0.121, D_B: 0.252, G_B: 0.919, cycle_B: 0.121, gp: 0.242

[Rank 0] (epoch: 11, iters: 30720, time: 0.001, data: 0.001) , D_A: 0.200, G_A: 1.034, cycle_A: 0.131, D_B: 0.217, G_B: 0.892, cycle_B: 0.111, gp: 0.205

[Rank 0] (epoch: 11, iters: 32320, time: 0.001, data: 0.001) , D_A: 0.259, G_A: 0.967, cycle_A: 0.160, D_B: 0.237, G_B: 1.003, cycle_B: 0.122, gp: 0.228

[Rank 0] (epoch: 11, iters: 33920, time: 0.001, data: 0.001) , D_A: 0.171, G_A: 1.013, cycle_A: 0.125, D_B: 0.273, G_B: 0.929, cycle_B: 0.108, gp: 0.263

--- iter tau=0.3600 ---
  cipher in : educed to a single philosophy or a single aesthetic theory isnt 
  decrypted :  crn caomalasiedf agtifmsmgtdamhalasiedf al sot oinaot mhdaiseoa
  real plain: he hangmans great hands illustrates the directness of this anger
  cipher in : skin to pitching again even blacks old crowbait began to snort a
  decrypted : stieaomagiontiedaldliea p earflntsamfcanhmvrlioar dleaomasemhoal
  real plain: vity to subtle differences both the extent to which this is true
[Rank 0] (epoch: 11, iters: 35520, time: 0.001, data: 0.001) , D_A: 0.197, G_A: 0.890, cycle_A: 0.133, D_B: 0.321, G_B: 1.047, cycle_B: 0.112, gp: 0.311

saving the latest model (epoch 11, total_iters 440000)
[Rank 0] (epoch: 11, iters: 37120, time: 0.001, data: 0.001) , D_A: 0.256, G_A: 0.962, cycle_A: 0.126, D_B: 0.309, G_B: 0.910, cycle_B: 0.114, gp: 0.298

[Rank 0] (epoch: 11, iters: 38720, time: 0.001, data: 0.001) , D_A: 0.313, G_A: 1.049, cycle_A: 0.127, D_B: 0.243, G_B: 0.818, cycle_B: 0.104, gp: 0.224

[Rank 0] (epoch: 11, iters: 40320, time: 0.001, data: 0.001) , D_A: 0.143, G_A: 0.980, cycle_A: 0.122, D_B: 0.258, G_B: 0.991, cycle_B: 0.114, gp: 0.249

learning rate 0.0002000 -> 0.0002000
temperature tau = 0.3484
End of epoch 11 / 50 	 Time Taken: 32 sec
[Rank 0] (epoch: 12, iters: 1472, time: 0.001, data: 0.000) , D_A: 0.138, G_A: 0.959, cycle_A: 0.124, D_B: 0.302, G_B: 0.832, cycle_B: 0.114, gp: 0.286

[Rank 0] (epoch: 12, iters: 3072, time: 0.001, data: 0.001) , D_A: 0.323, G_A: 1.049, cycle_A: 0.118, D_B: 0.128, G_B: 0.979, cycle_B: 0.115, gp: 0.123

[Rank 0] (epoch: 12, iters: 4672, time: 0.001, data: 0.001) , D_A: 0.242, G_A: 0.944, cycle_A: 0.115, D_B: 0.280, G_B: 1.104, cycle_B: 0.124, gp: 0.270

[Rank 0] (epoch: 12, iters: 6272, time: 0.001, data: 0.001) , D_A: 0.212, G_A: 1.020, cycle_A: 0.123, D_B: 0.249, G_B: 0.996, cycle_B: 0.109, gp: 0.242

[Rank 0] (epoch: 12, iters: 7872, time: 0.001, data: 0.001) , D_A: 0.184, G_A: 1.058, cycle_A: 0.122, D_B: 0.351, G_B: 1.029, cycle_B: 0.121, gp: 0.339

[Rank 0] (epoch: 12, iters: 9472, time: 0.001, data: 0.001) , D_A: 0.169, G_A: 1.011, cycle_A: 0.126, D_B: 0.262, G_B: 0.923, cycle_B: 0.116, gp: 0.250

[Rank 0] (epoch: 12, iters: 11072, time: 0.001, data: 0.001) , D_A: 0.190, G_A: 1.073, cycle_A: 0.124, D_B: 0.224, G_B: 1.057, cycle_B: 0.118, gp: 0.211

[Rank 0] (epoch: 12, iters: 12672, time: 0.001, data: 0.001) , D_A: 0.207, G_A: 1.006, cycle_A: 0.117, D_B: 0.332, G_B: 0.900, cycle_B: 0.125, gp: 0.322

[Rank 0] (epoch: 12, iters: 14272, time: 0.001, data: 0.001) , D_A: 0.198, G_A: 0.991, cycle_A: 0.117, D_B: 0.230, G_B: 1.018, cycle_B: 0.132, gp: 0.221

[Rank 0] (epoch: 12, iters: 15872, time: 0.001, data: 0.001) , D_A: 0.226, G_A: 0.959, cycle_A: 0.130, D_B: 0.334, G_B: 0.833, cycle_B: 0.114, gp: 0.317

[Rank 0] (epoch: 12, iters: 17472, time: 0.001, data: 0.001) , D_A: 0.228, G_A: 0.937, cycle_A: 0.114, D_B: 0.256, G_B: 0.952, cycle_B: 0.116, gp: 0.248

[Rank 0] (epoch: 12, iters: 19072, time: 0.001, data: 0.001) , D_A: 0.196, G_A: 0.972, cycle_A: 0.128, D_B: 0.235, G_B: 1.143, cycle_B: 0.115, gp: 0.215

[Rank 0] (epoch: 12, iters: 20672, time: 0.001, data: 0.001) , D_A: 0.141, G_A: 1.002, cycle_A: 0.141, D_B: 0.250, G_B: 1.076, cycle_B: 0.120, gp: 0.238

[Rank 0] (epoch: 12, iters: 22272, time: 0.001, data: 0.001) , D_A: 0.234, G_A: 0.999, cycle_A: 0.141, D_B: 0.277, G_B: 1.077, cycle_B: 0.113, gp: 0.265

[Rank 0] (epoch: 12, iters: 23872, time: 0.001, data: 0.001) , D_A: 0.149, G_A: 0.986, cycle_A: 0.119, D_B: 0.302, G_B: 1.035, cycle_B: 0.110, gp: 0.292

[Rank 0] (epoch: 12, iters: 25472, time: 0.001, data: 0.001) , D_A: 0.235, G_A: 1.064, cycle_A: 0.120, D_B: 0.277, G_B: 0.983, cycle_B: 0.112, gp: 0.269

[Rank 0] (epoch: 12, iters: 27072, time: 0.001, data: 0.001) , D_A: 0.131, G_A: 0.957, cycle_A: 0.120, D_B: 0.298, G_B: 1.136, cycle_B: 0.109, gp: 0.254

[Rank 0] (epoch: 12, iters: 28672, time: 0.001, data: 0.001) , D_A: 0.258, G_A: 1.037, cycle_A: 0.124, D_B: 0.220, G_B: 1.015, cycle_B: 0.112, gp: 0.213

[Rank 0] (epoch: 12, iters: 30272, time: 0.001, data: 0.001) , D_A: 0.184, G_A: 1.020, cycle_A: 0.123, D_B: 0.274, G_B: 0.883, cycle_B: 0.112, gp: 0.261

[Rank 0] (epoch: 12, iters: 31872, time: 0.001, data: 0.001) , D_A: 0.190, G_A: 0.983, cycle_A: 0.120, D_B: 0.275, G_B: 0.900, cycle_B: 0.105, gp: 0.257

[Rank 0] (epoch: 12, iters: 33472, time: 0.001, data: 0.001) , D_A: 0.179, G_A: 1.020, cycle_A: 0.120, D_B: 0.264, G_B: 0.991, cycle_B: 0.109, gp: 0.253

--- iter tau=0.3484 ---
  cipher in : s when he is sure hes right thats how he first won the masters i
  decrypted : savt eat aisasrh at sahidtoaotlosatmvat arihsoavmeaot aylso hsai
  real plain: no longer running he jumped up and turned around to see the meta
  cipher in : e inherent resolution of a cathodoluminescent phosphor screen de
  decrypted :  aiet h eoah smfroimeamralanlotmcmfryie sn eoagtmsgtmhasnh  eac 
  real plain:  operate for the benefit of society as a whole so we are faced w
[Rank 0] (epoch: 12, iters: 35072, time: 0.001, data: 0.001) , D_A: 0.230, G_A: 1.009, cycle_A: 0.123, D_B: 0.279, G_B: 1.022, cycle_B: 0.126, gp: 0.266

saving the latest model (epoch 12, total_iters 480000)
[Rank 0] (epoch: 12, iters: 36672, time: 0.001, data: 0.001) , D_A: 0.240, G_A: 0.912, cycle_A: 0.122, D_B: 0.280, G_B: 0.964, cycle_B: 0.117, gp: 0.267

[Rank 0] (epoch: 12, iters: 38272, time: 0.001, data: 0.001) , D_A: 0.175, G_A: 0.931, cycle_A: 0.126, D_B: 0.282, G_B: 0.972, cycle_B: 0.109, gp: 0.272

[Rank 0] (epoch: 12, iters: 39872, time: 0.001, data: 0.001) , D_A: 0.259, G_A: 0.970, cycle_A: 0.121, D_B: 0.180, G_B: 0.963, cycle_B: 0.128, gp: 0.171

learning rate 0.0002000 -> 0.0002000
temperature tau = 0.3371
End of epoch 12 / 50 	 Time Taken: 38 sec
[Rank 0] (epoch: 13, iters: 1024, time: 0.001, data: 0.001) , D_A: 0.208, G_A: 1.020, cycle_A: 0.127, D_B: 0.280, G_B: 1.013, cycle_B: 0.114, gp: 0.269

[Rank 0] (epoch: 13, iters: 2624, time: 0.001, data: 0.000) , D_A: 0.184, G_A: 1.047, cycle_A: 0.118, D_B: 0.249, G_B: 0.961, cycle_B: 0.121, gp: 0.238

[Rank 0] (epoch: 13, iters: 4224, time: 0.001, data: 0.001) , D_A: 0.175, G_A: 1.018, cycle_A: 0.135, D_B: 0.311, G_B: 0.896, cycle_B: 0.109, gp: 0.302

[Rank 0] (epoch: 13, iters: 5824, time: 0.001, data: 0.001) , D_A: 0.173, G_A: 1.013, cycle_A: 0.114, D_B: 0.283, G_B: 0.962, cycle_B: 0.120, gp: 0.275

[Rank 0] (epoch: 13, iters: 7424, time: 0.001, data: 0.001) , D_A: 0.205, G_A: 0.937, cycle_A: 0.121, D_B: 0.269, G_B: 1.032, cycle_B: 0.120, gp: 0.260

[Rank 0] (epoch: 13, iters: 9024, time: 0.001, data: 0.001) , D_A: 0.164, G_A: 0.895, cycle_A: 0.117, D_B: 0.287, G_B: 1.032, cycle_B: 0.120, gp: 0.278

[Rank 0] (epoch: 13, iters: 10624, time: 0.001, data: 0.001) , D_A: 0.275, G_A: 0.989, cycle_A: 0.124, D_B: 0.253, G_B: 0.981, cycle_B: 0.112, gp: 0.244

[Rank 0] (epoch: 13, iters: 12224, time: 0.001, data: 0.001) , D_A: 0.169, G_A: 1.014, cycle_A: 0.113, D_B: 0.299, G_B: 0.988, cycle_B: 0.123, gp: 0.290

[Rank 0] (epoch: 13, iters: 13824, time: 0.001, data: 0.001) , D_A: 0.190, G_A: 1.022, cycle_A: 0.132, D_B: 0.242, G_B: 1.097, cycle_B: 0.117, gp: 0.233

[Rank 0] (epoch: 13, iters: 15424, time: 0.001, data: 0.001) , D_A: 0.203, G_A: 1.007, cycle_A: 0.128, D_B: 0.322, G_B: 0.944, cycle_B: 0.116, gp: 0.311

[Rank 0] (epoch: 13, iters: 17024, time: 0.001, data: 0.001) , D_A: 0.231, G_A: 1.003, cycle_A: 0.114, D_B: 0.137, G_B: 0.991, cycle_B: 0.111, gp: 0.129

[Rank 0] (epoch: 13, iters: 18624, time: 0.001, data: 0.001) , D_A: 0.240, G_A: 0.978, cycle_A: 0.141, D_B: 0.302, G_B: 1.025, cycle_B: 0.107, gp: 0.287

[Rank 0] (epoch: 13, iters: 20224, time: 0.001, data: 0.001) , D_A: 0.168, G_A: 1.015, cycle_A: 0.118, D_B: 0.236, G_B: 1.021, cycle_B: 0.127, gp: 0.224

[Rank 0] (epoch: 13, iters: 21824, time: 0.001, data: 0.001) , D_A: 0.218, G_A: 1.005, cycle_A: 0.128, D_B: 0.184, G_B: 0.919, cycle_B: 0.113, gp: 0.172

[Rank 0] (epoch: 13, iters: 23424, time: 0.001, data: 0.001) , D_A: 0.244, G_A: 0.988, cycle_A: 0.119, D_B: 0.263, G_B: 1.028, cycle_B: 0.113, gp: 0.254

[Rank 0] (epoch: 13, iters: 25024, time: 0.001, data: 0.001) , D_A: 0.194, G_A: 1.058, cycle_A: 0.101, D_B: 0.236, G_B: 0.965, cycle_B: 0.118, gp: 0.229

[Rank 0] (epoch: 13, iters: 26624, time: 0.001, data: 0.001) , D_A: 0.198, G_A: 0.975, cycle_A: 0.112, D_B: 0.192, G_B: 0.972, cycle_B: 0.115, gp: 0.185

[Rank 0] (epoch: 13, iters: 28224, time: 0.001, data: 0.001) , D_A: 0.205, G_A: 0.891, cycle_A: 0.132, D_B: 0.256, G_B: 0.991, cycle_B: 0.114, gp: 0.248

[Rank 0] (epoch: 13, iters: 29824, time: 0.001, data: 0.001) , D_A: 0.164, G_A: 1.050, cycle_A: 0.122, D_B: 0.184, G_B: 0.943, cycle_B: 0.114, gp: 0.174

[Rank 0] (epoch: 13, iters: 31424, time: 0.001, data: 0.001) , D_A: 0.172, G_A: 0.987, cycle_A: 0.124, D_B: 0.253, G_B: 1.053, cycle_B: 0.107, gp: 0.243

[Rank 0] (epoch: 13, iters: 33024, time: 0.001, data: 0.001) , D_A: 0.188, G_A: 1.042, cycle_A: 0.130, D_B: 0.233, G_B: 1.000, cycle_B: 0.115, gp: 0.224

--- iter tau=0.3371 ---
  cipher in : vent it is obvious that the antitrust laws did not prevent the f
  decrypted : b eoaioaisaurbiursaotloaot aleoiohrsoawlvsacicaeuoagh b eoaot ar
  real plain: anns intention his point is not that mythology may not be used b
  cipher in : t xenophobia a slow and painful trend toward unification has tak
  decrypted : oar eugturilalaswuvalecaglierrwaoh ecaouvlhcareirinloiueatlsaolt
  real plain:  no man in the moon to me although his tender nights were not th
[Rank 0] (epoch: 13, iters: 34624, time: 0.001, data: 0.001) , D_A: 0.274, G_A: 1.048, cycle_A: 0.115, D_B: 0.251, G_B: 0.983, cycle_B: 0.116, gp: 0.242

saving the latest model (epoch 13, total_iters 520000)
[Rank 0] (epoch: 13, iters: 36224, time: 0.001, data: 0.001) , D_A: 0.283, G_A: 0.997, cycle_A: 0.130, D_B: 0.268, G_B: 1.007, cycle_B: 0.112, gp: 0.259

[Rank 0] (epoch: 13, iters: 37824, time: 0.001, data: 0.001) , D_A: 0.242, G_A: 0.950, cycle_A: 0.131, D_B: 0.150, G_B: 1.001, cycle_B: 0.108, gp: 0.141

[Rank 0] (epoch: 13, iters: 39424, time: 0.001, data: 0.001) , D_A: 0.202, G_A: 1.065, cycle_A: 0.130, D_B: 0.213, G_B: 0.935, cycle_B: 0.121, gp: 0.202

learning rate 0.0002000 -> 0.0002000
temperature tau = 0.3262
End of epoch 13 / 50 	 Time Taken: 33 sec
[Rank 0] (epoch: 14, iters: 576, time: 0.001, data: 0.001) , D_A: 0.270, G_A: 0.933, cycle_A: 0.127, D_B: 0.248, G_B: 1.110, cycle_B: 0.116, gp: 0.230

[Rank 0] (epoch: 14, iters: 2176, time: 0.001, data: 0.001) , D_A: 0.176, G_A: 1.028, cycle_A: 0.124, D_B: 0.246, G_B: 0.977, cycle_B: 0.120, gp: 0.236

[Rank 0] (epoch: 14, iters: 3776, time: 0.001, data: 0.001) , D_A: 0.263, G_A: 1.059, cycle_A: 0.120, D_B: 0.186, G_B: 0.941, cycle_B: 0.121, gp: 0.178

[Rank 0] (epoch: 14, iters: 5376, time: 0.001, data: 0.001) , D_A: 0.210, G_A: 1.077, cycle_A: 0.126, D_B: 0.133, G_B: 1.026, cycle_B: 0.114, gp: 0.124

[Rank 0] (epoch: 14, iters: 6976, time: 0.001, data: 0.001) , D_A: 0.265, G_A: 0.994, cycle_A: 0.128, D_B: 0.269, G_B: 0.948, cycle_B: 0.117, gp: 0.261

[Rank 0] (epoch: 14, iters: 8576, time: 0.001, data: 0.001) , D_A: 0.147, G_A: 0.975, cycle_A: 0.125, D_B: 0.303, G_B: 0.997, cycle_B: 0.108, gp: 0.297

[Rank 0] (epoch: 14, iters: 10176, time: 0.001, data: 0.001) , D_A: 0.122, G_A: 0.960, cycle_A: 0.120, D_B: 0.219, G_B: 0.976, cycle_B: 0.109, gp: 0.209

[Rank 0] (epoch: 14, iters: 11776, time: 0.001, data: 0.001) , D_A: 0.212, G_A: 0.979, cycle_A: 0.106, D_B: 0.265, G_B: 0.965, cycle_B: 0.114, gp: 0.258

[Rank 0] (epoch: 14, iters: 13376, time: 0.001, data: 0.001) , D_A: 0.162, G_A: 0.947, cycle_A: 0.125, D_B: 0.319, G_B: 1.043, cycle_B: 0.117, gp: 0.312

[Rank 0] (epoch: 14, iters: 14976, time: 0.001, data: 0.001) , D_A: 0.939, G_A: 0.026, cycle_A: 0.120, D_B: 0.248, G_B: 1.028, cycle_B: 0.119, gp: 0.241

[Rank 0] (epoch: 14, iters: 16576, time: 0.001, data: 0.001) , D_A: 0.131, G_A: 0.957, cycle_A: 0.118, D_B: 0.206, G_B: 0.965, cycle_B: 0.113, gp: 0.199

[Rank 0] (epoch: 14, iters: 18176, time: 0.001, data: 0.001) , D_A: 0.267, G_A: 1.010, cycle_A: 0.124, D_B: 0.267, G_B: 1.033, cycle_B: 0.121, gp: 0.255

[Rank 0] (epoch: 14, iters: 19776, time: 0.001, data: 0.001) , D_A: 0.146, G_A: 1.034, cycle_A: 0.117, D_B: 0.159, G_B: 1.033, cycle_B: 0.114, gp: 0.149

[Rank 0] (epoch: 14, iters: 21376, time: 0.001, data: 0.001) , D_A: 0.205, G_A: 0.960, cycle_A: 0.125, D_B: 0.298, G_B: 0.910, cycle_B: 0.114, gp: 0.281

[Rank 0] (epoch: 14, iters: 22976, time: 0.001, data: 0.001) , D_A: 0.197, G_A: 0.960, cycle_A: 0.131, D_B: 0.205, G_B: 0.906, cycle_B: 0.113, gp: 0.195

[Rank 0] (epoch: 14, iters: 24576, time: 0.001, data: 0.001) , D_A: 0.181, G_A: 0.972, cycle_A: 0.125, D_B: 0.243, G_B: 0.957, cycle_B: 0.112, gp: 0.233

[Rank 0] (epoch: 14, iters: 26176, time: 0.001, data: 0.001) , D_A: 0.233, G_A: 0.973, cycle_A: 0.124, D_B: 0.266, G_B: 0.974, cycle_B: 0.116, gp: 0.257

[Rank 0] (epoch: 14, iters: 27776, time: 0.001, data: 0.001) , D_A: 0.195, G_A: 0.966, cycle_A: 0.117, D_B: 0.248, G_B: 1.015, cycle_B: 0.111, gp: 0.240

[Rank 0] (epoch: 14, iters: 29376, time: 0.001, data: 0.001) , D_A: 0.181, G_A: 0.973, cycle_A: 0.117, D_B: 0.256, G_B: 0.902, cycle_B: 0.115, gp: 0.248

[Rank 0] (epoch: 14, iters: 30976, time: 0.001, data: 0.001) , D_A: 0.301, G_A: 0.977, cycle_A: 0.132, D_B: 0.240, G_B: 1.094, cycle_B: 0.114, gp: 0.225

[Rank 0] (epoch: 14, iters: 32576, time: 0.001, data: 0.001) , D_A: 0.203, G_A: 1.052, cycle_A: 0.110, D_B: 0.298, G_B: 1.096, cycle_B: 0.120, gp: 0.287

--- iter tau=0.3262 ---
  cipher in : ou for it please do put more pictures and articles in about libe
  decrypted : uraruhaioagw ls acuagroayuh aginorh salecalhoinw saiealruroawir 
  real plain: but it never seemed real never seemed as if it could happen to y
  cipher in :  together in prophetic parody professionally a lawyer that is to
  decrypted : aoud ot haieaghugt oinaglhucdaghur ssiuelwwdalawlvd haotloaisaou
  real plain: e shadow vanished someone had moved beyond the range of the ligh
[Rank 0] (epoch: 14, iters: 34176, time: 0.001, data: 0.001) , D_A: 0.256, G_A: 0.995, cycle_A: 0.116, D_B: 0.266, G_B: 0.953, cycle_B: 0.107, gp: 0.256

saving the latest model (epoch 14, total_iters 560000)
[Rank 0] (epoch: 14, iters: 35776, time: 0.001, data: 0.001) , D_A: 0.256, G_A: 0.901, cycle_A: 0.112, D_B: 0.179, G_B: 1.058, cycle_B: 0.112, gp: 0.172

[Rank 0] (epoch: 14, iters: 37376, time: 0.001, data: 0.001) , D_A: 0.197, G_A: 0.936, cycle_A: 0.113, D_B: 0.176, G_B: 0.933, cycle_B: 0.112, gp: 0.168

[Rank 0] (epoch: 14, iters: 38976, time: 0.001, data: 0.001) , D_A: 0.264, G_A: 0.984, cycle_A: 0.124, D_B: 0.277, G_B: 0.873, cycle_B: 0.122, gp: 0.265

learning rate 0.0002000 -> 0.0002000
temperature tau = 0.3157
End of epoch 14 / 50 	 Time Taken: 37 sec
[Rank 0] (epoch: 15, iters: 128, time: 0.001, data: 0.001) , D_A: 0.233, G_A: 0.942, cycle_A: 0.114, D_B: 0.304, G_B: 0.939, cycle_B: 0.114, gp: 0.298

[Rank 0] (epoch: 15, iters: 1728, time: 0.001, data: 0.001) , D_A: 0.256, G_A: 0.992, cycle_A: 0.121, D_B: 0.269, G_B: 1.002, cycle_B: 0.112, gp: 0.262

[Rank 0] (epoch: 15, iters: 3328, time: 0.001, data: 0.001) , D_A: 0.298, G_A: 0.995, cycle_A: 0.126, D_B: 0.256, G_B: 0.975, cycle_B: 0.112, gp: 0.246

[Rank 0] (epoch: 15, iters: 4928, time: 0.001, data: 0.001) , D_A: 0.178, G_A: 0.943, cycle_A: 0.123, D_B: 0.275, G_B: 1.010, cycle_B: 0.123, gp: 0.267

[Rank 0] (epoch: 15, iters: 6528, time: 0.001, data: 0.001) , D_A: 0.222, G_A: 1.053, cycle_A: 0.119, D_B: 0.334, G_B: 1.038, cycle_B: 0.108, gp: 0.327

[Rank 0] (epoch: 15, iters: 8128, time: 0.001, data: 0.001) , D_A: 0.199, G_A: 1.012, cycle_A: 0.120, D_B: 0.262, G_B: 1.007, cycle_B: 0.119, gp: 0.255

[Rank 0] (epoch: 15, iters: 9728, time: 0.001, data: 0.002) , D_A: 0.157, G_A: 1.023, cycle_A: 0.116, D_B: 0.245, G_B: 0.984, cycle_B: 0.117, gp: 0.238

[Rank 0] (epoch: 15, iters: 11328, time: 0.001, data: 0.002) , D_A: 0.151, G_A: 1.131, cycle_A: 0.124, D_B: 0.295, G_B: 1.037, cycle_B: 0.114, gp: 0.282

[Rank 0] (epoch: 15, iters: 12928, time: 0.001, data: 0.002) , D_A: 0.145, G_A: 0.919, cycle_A: 0.118, D_B: 0.316, G_B: 1.004, cycle_B: 0.118, gp: 0.309

[Rank 0] (epoch: 15, iters: 14528, time: 0.001, data: 0.002) , D_A: 0.170, G_A: 0.975, cycle_A: 0.126, D_B: 0.333, G_B: 0.925, cycle_B: 0.124, gp: 0.324

[Rank 0] (epoch: 15, iters: 16128, time: 0.001, data: 0.001) , D_A: 0.204, G_A: 1.004, cycle_A: 0.130, D_B: 0.278, G_B: 1.003, cycle_B: 0.113, gp: 0.271

[Rank 0] (epoch: 15, iters: 17728, time: 0.001, data: 0.001) , D_A: 0.243, G_A: 0.954, cycle_A: 0.113, D_B: 0.168, G_B: 0.984, cycle_B: 0.117, gp: 0.160

[Rank 0] (epoch: 15, iters: 19328, time: 0.001, data: 0.001) , D_A: 0.184, G_A: 1.048, cycle_A: 0.152, D_B: 0.317, G_B: 1.028, cycle_B: 0.115, gp: 0.302

[Rank 0] (epoch: 15, iters: 20928, time: 0.001, data: 0.001) , D_A: 0.256, G_A: 1.052, cycle_A: 0.129, D_B: 0.288, G_B: 0.968, cycle_B: 0.121, gp: 0.277

[Rank 0] (epoch: 15, iters: 22528, time: 0.001, data: 0.001) , D_A: 0.206, G_A: 0.981, cycle_A: 0.132, D_B: 0.282, G_B: 0.929, cycle_B: 0.112, gp: 0.274

[Rank 0] (epoch: 15, iters: 24128, time: 0.001, data: 0.001) , D_A: 0.221, G_A: 0.933, cycle_A: 0.120, D_B: 0.331, G_B: 1.029, cycle_B: 0.113, gp: 0.322

[Rank 0] (epoch: 15, iters: 25728, time: 0.001, data: 0.001) , D_A: 0.197, G_A: 1.017, cycle_A: 0.120, D_B: 0.193, G_B: 0.960, cycle_B: 0.118, gp: 0.185

[Rank 0] (epoch: 15, iters: 27328, time: 0.001, data: 0.002) , D_A: 0.163, G_A: 0.994, cycle_A: 0.120, D_B: 0.275, G_B: 0.984, cycle_B: 0.103, gp: 0.264

[Rank 0] (epoch: 15, iters: 28928, time: 0.001, data: 0.001) , D_A: 0.159, G_A: 0.946, cycle_A: 0.130, D_B: 0.176, G_B: 0.926, cycle_B: 0.122, gp: 0.168

[Rank 0] (epoch: 15, iters: 30528, time: 0.001, data: 0.001) , D_A: 0.224, G_A: 0.956, cycle_A: 0.113, D_B: 0.205, G_B: 0.980, cycle_B: 0.110, gp: 0.199

[Rank 0] (epoch: 15, iters: 32128, time: 0.001, data: 0.001) , D_A: 0.270, G_A: 0.971, cycle_A: 0.119, D_B: 0.309, G_B: 1.005, cycle_B: 0.105, gp: 0.299

--- iter tau=0.3157 ---
  cipher in : porarily of his patronage in the heat of the anticolmer drive la
  decrypted : guhlhifdauratisaglohueld aieaot at loauraot aleoinufy hachip afl
  real plain: ed near him again that august morning after a bullet landed at h
  cipher in :  fulfillment and pleasure nature intended for her and she begins
  decrypted : arrfriffy eoalecagf lsrh aelorh aieo ec caruhat halecast ar dies
  real plain: at the powdery gray dust that settled over everything the evapor
[Rank 0] (epoch: 15, iters: 33728, time: 0.001, data: 0.001) , D_A: 0.207, G_A: 1.014, cycle_A: 0.118, D_B: 0.221, G_B: 0.963, cycle_B: 0.108, gp: 0.216

saving the latest model (epoch 15, total_iters 600000)
[Rank 0] (epoch: 15, iters: 35328, time: 0.001, data: 0.001) , D_A: 0.162, G_A: 0.964, cycle_A: 0.120, D_B: 0.223, G_B: 0.969, cycle_B: 0.125, gp: 0.217

[Rank 0] (epoch: 15, iters: 36928, time: 0.001, data: 0.001) , D_A: 0.317, G_A: 1.010, cycle_A: 0.119, D_B: 0.214, G_B: 1.011, cycle_B: 0.113, gp: 0.204

[Rank 0] (epoch: 15, iters: 38528, time: 0.001, data: 0.001) , D_A: 0.183, G_A: 0.983, cycle_A: 0.122, D_B: 0.228, G_B: 0.987, cycle_B: 0.104, gp: 0.221

[Rank 0] (epoch: 15, iters: 40128, time: 0.001, data: 0.001) , D_A: 0.239, G_A: 1.014, cycle_A: 0.127, D_B: 0.218, G_B: 1.068, cycle_B: 0.115, gp: 0.212

learning rate 0.0002000 -> 0.0002000
temperature tau = 0.3055
End of epoch 15 / 50 	 Time Taken: 39 sec
[Rank 0] (epoch: 16, iters: 1280, time: 0.001, data: 0.001) , D_A: 0.209, G_A: 1.047, cycle_A: 0.121, D_B: 0.230, G_B: 0.973, cycle_B: 0.115, gp: 0.218

[Rank 0] (epoch: 16, iters: 2880, time: 0.001, data: 0.001) , D_A: 0.147, G_A: 0.995, cycle_A: 0.123, D_B: 0.298, G_B: 0.945, cycle_B: 0.115, gp: 0.289

[Rank 0] (epoch: 16, iters: 4480, time: 0.001, data: 0.001) , D_A: 0.128, G_A: 0.981, cycle_A: 0.121, D_B: 0.210, G_B: 1.006, cycle_B: 0.109, gp: 0.205

[Rank 0] (epoch: 16, iters: 6080, time: 0.001, data: 0.001) , D_A: 0.144, G_A: 0.953, cycle_A: 0.120, D_B: 0.263, G_B: 0.977, cycle_B: 0.117, gp: 0.258

[Rank 0] (epoch: 16, iters: 7680, time: 0.001, data: 0.001) , D_A: 0.236, G_A: 0.881, cycle_A: 0.121, D_B: 0.347, G_B: 1.076, cycle_B: 0.119, gp: 0.340

[Rank 0] (epoch: 16, iters: 9280, time: 0.001, data: 0.001) , D_A: 0.286, G_A: 0.907, cycle_A: 0.128, D_B: 0.272, G_B: 1.091, cycle_B: 0.116, gp: 0.264

[Rank 0] (epoch: 16, iters: 10880, time: 0.001, data: 0.001) , D_A: 0.159, G_A: 0.904, cycle_A: 0.131, D_B: 0.286, G_B: 0.975, cycle_B: 0.119, gp: 0.277

[Rank 0] (epoch: 16, iters: 12480, time: 0.001, data: 0.001) , D_A: 0.251, G_A: 0.994, cycle_A: 0.131, D_B: 0.323, G_B: 1.014, cycle_B: 0.126, gp: 0.313

[Rank 0] (epoch: 16, iters: 14080, time: 0.001, data: 0.001) , D_A: 0.153, G_A: 0.992, cycle_A: 0.139, D_B: 0.303, G_B: 1.020, cycle_B: 0.133, gp: 0.297

[Rank 0] (epoch: 16, iters: 15680, time: 0.001, data: 0.001) , D_A: 0.154, G_A: 1.024, cycle_A: 0.125, D_B: 0.297, G_B: 0.921, cycle_B: 0.114, gp: 0.288

[Rank 0] (epoch: 16, iters: 17280, time: 0.001, data: 0.002) , D_A: 0.244, G_A: 0.960, cycle_A: 0.113, D_B: 0.337, G_B: 0.993, cycle_B: 0.109, gp: 0.331

[Rank 0] (epoch: 16, iters: 18880, time: 0.001, data: 0.001) , D_A: 0.192, G_A: 0.930, cycle_A: 0.129, D_B: 0.239, G_B: 0.841, cycle_B: 0.109, gp: 0.218

[Rank 0] (epoch: 16, iters: 20480, time: 0.001, data: 0.001) , D_A: 0.236, G_A: 1.003, cycle_A: 0.116, D_B: 0.169, G_B: 0.947, cycle_B: 0.126, gp: 0.162

[Rank 0] (epoch: 16, iters: 22080, time: 0.001, data: 0.001) , D_A: 0.215, G_A: 0.980, cycle_A: 0.115, D_B: 0.250, G_B: 1.039, cycle_B: 0.111, gp: 0.242

[Rank 0] (epoch: 16, iters: 23680, time: 0.001, data: 0.001) , D_A: 0.233, G_A: 0.989, cycle_A: 0.122, D_B: 0.304, G_B: 0.874, cycle_B: 0.111, gp: 0.292

[Rank 0] (epoch: 16, iters: 25280, time: 0.001, data: 0.001) , D_A: 0.152, G_A: 1.050, cycle_A: 0.122, D_B: 0.310, G_B: 1.032, cycle_B: 0.112, gp: 0.302

[Rank 0] (epoch: 16, iters: 26880, time: 0.001, data: 0.001) , D_A: 0.124, G_A: 1.010, cycle_A: 0.120, D_B: 0.197, G_B: 0.995, cycle_B: 0.110, gp: 0.189

[Rank 0] (epoch: 16, iters: 28480, time: 0.001, data: 0.002) , D_A: 0.170, G_A: 0.995, cycle_A: 0.124, D_B: 0.221, G_B: 0.977, cycle_B: 0.113, gp: 0.214

[Rank 0] (epoch: 16, iters: 30080, time: 0.001, data: 0.002) , D_A: 0.179, G_A: 1.010, cycle_A: 0.118, D_B: 0.275, G_B: 1.002, cycle_B: 0.114, gp: 0.270

[Rank 0] (epoch: 16, iters: 31680, time: 0.001, data: 0.001) , D_A: 0.243, G_A: 0.962, cycle_A: 0.118, D_B: 0.321, G_B: 0.872, cycle_B: 0.108, gp: 0.306

--- iter tau=0.3055 ---
  cipher in : d maintains his supremacy yet even in these marriages psychologi
  decrypted : caylieoliesatisasrgh ylndad oa b eaieaot s aylhhild sagsdntufudi
  real plain: machines of war they also furnish proof that in modern war messa
  cipher in : hildhood then he thought me more perverse than ever i left the p
  decrypted : tifctuucaot eat aoturdtoay ayuh ag hb hs aotlea b haiaf roaot ag
  real plain: res to the cooling you get by melting a ton of ice by accepted d
[Rank 0] (epoch: 16, iters: 33280, time: 0.001, data: 0.002) , D_A: 0.157, G_A: 1.065, cycle_A: 0.129, D_B: 0.215, G_B: 1.123, cycle_B: 0.114, gp: 0.198

saving the latest model (epoch 16, total_iters 640000)
[Rank 0] (epoch: 16, iters: 34880, time: 0.001, data: 0.001) , D_A: 0.184, G_A: 0.934, cycle_A: 0.131, D_B: 0.205, G_B: 0.885, cycle_B: 0.127, gp: 0.185

[Rank 0] (epoch: 16, iters: 36480, time: 0.001, data: 0.001) , D_A: 0.135, G_A: 1.001, cycle_A: 0.114, D_B: 0.170, G_B: 0.959, cycle_B: 0.117, gp: 0.164

[Rank 0] (epoch: 16, iters: 38080, time: 0.001, data: 0.001) , D_A: 0.169, G_A: 1.039, cycle_A: 0.121, D_B: 0.247, G_B: 0.978, cycle_B: 0.111, gp: 0.241

[Rank 0] (epoch: 16, iters: 39680, time: 0.001, data: 0.001) , D_A: 0.151, G_A: 1.020, cycle_A: 0.114, D_B: 0.180, G_B: 1.049, cycle_B: 0.129, gp: 0.170

learning rate 0.0002000 -> 0.0002000
temperature tau = 0.2956
End of epoch 16 / 50 	 Time Taken: 40 sec
[Rank 0] (epoch: 17, iters: 832, time: 0.001, data: 0.001) , D_A: 0.186, G_A: 0.930, cycle_A: 0.133, D_B: 0.350, G_B: 1.271, cycle_B: 0.113, gp: 0.329

[Rank 0] (epoch: 17, iters: 2432, time: 0.001, data: 0.000) , D_A: 0.264, G_A: 0.887, cycle_A: 0.115, D_B: 0.204, G_B: 0.965, cycle_B: 0.121, gp: 0.197

[Rank 0] (epoch: 17, iters: 4032, time: 0.001, data: 0.001) , D_A: 0.156, G_A: 0.955, cycle_A: 0.122, D_B: 0.169, G_B: 0.964, cycle_B: 0.120, gp: 0.159

[Rank 0] (epoch: 17, iters: 5632, time: 0.001, data: 0.001) , D_A: 0.208, G_A: 0.978, cycle_A: 0.123, D_B: 0.174, G_B: 1.060, cycle_B: 0.112, gp: 0.167

[Rank 0] (epoch: 17, iters: 7232, time: 0.001, data: 0.001) , D_A: 0.166, G_A: 1.040, cycle_A: 0.119, D_B: 0.243, G_B: 1.034, cycle_B: 0.120, gp: 0.237

[Rank 0] (epoch: 17, iters: 8832, time: 0.001, data: 0.001) , D_A: 0.189, G_A: 0.963, cycle_A: 0.121, D_B: 0.234, G_B: 0.984, cycle_B: 0.120, gp: 0.228

[Rank 0] (epoch: 17, iters: 10432, time: 0.001, data: 0.001) , D_A: 0.137, G_A: 1.025, cycle_A: 0.125, D_B: 0.303, G_B: 0.985, cycle_B: 0.111, gp: 0.296

[Rank 0] (epoch: 17, iters: 12032, time: 0.001, data: 0.001) , D_A: 0.181, G_A: 0.976, cycle_A: 0.121, D_B: 0.221, G_B: 1.014, cycle_B: 0.125, gp: 0.214

[Rank 0] (epoch: 17, iters: 13632, time: 0.001, data: 0.001) , D_A: 0.146, G_A: 1.049, cycle_A: 0.128, D_B: 0.351, G_B: 1.008, cycle_B: 0.116, gp: 0.346

[Rank 0] (epoch: 17, iters: 15232, time: 0.001, data: 0.001) , D_A: 0.252, G_A: 1.150, cycle_A: 0.126, D_B: 0.267, G_B: 0.981, cycle_B: 0.115, gp: 0.261

[Rank 0] (epoch: 17, iters: 16832, time: 0.001, data: 0.001) , D_A: 0.198, G_A: 0.996, cycle_A: 0.116, D_B: 0.237, G_B: 0.969, cycle_B: 0.112, gp: 0.232

[Rank 0] (epoch: 17, iters: 18432, time: 0.001, data: 0.001) , D_A: 0.170, G_A: 0.955, cycle_A: 0.125, D_B: 0.313, G_B: 0.974, cycle_B: 0.120, gp: 0.305

[Rank 0] (epoch: 17, iters: 20032, time: 0.001, data: 0.001) , D_A: 0.144, G_A: 1.055, cycle_A: 0.118, D_B: 0.204, G_B: 0.999, cycle_B: 0.129, gp: 0.196

[Rank 0] (epoch: 17, iters: 21632, time: 0.001, data: 0.001) , D_A: 0.232, G_A: 1.076, cycle_A: 0.127, D_B: 0.209, G_B: 1.062, cycle_B: 0.117, gp: 0.197

[Rank 0] (epoch: 17, iters: 23232, time: 0.001, data: 0.001) , D_A: 0.237, G_A: 0.989, cycle_A: 0.119, D_B: 0.225, G_B: 0.936, cycle_B: 0.111, gp: 0.218

[Rank 0] (epoch: 17, iters: 24832, time: 0.001, data: 0.001) , D_A: 0.150, G_A: 0.991, cycle_A: 0.110, D_B: 0.226, G_B: 0.973, cycle_B: 0.118, gp: 0.220

[Rank 0] (epoch: 17, iters: 26432, time: 0.001, data: 0.001) , D_A: 0.205, G_A: 0.940, cycle_A: 0.120, D_B: 0.165, G_B: 0.967, cycle_B: 0.115, gp: 0.159

[Rank 0] (epoch: 17, iters: 28032, time: 0.001, data: 0.001) , D_A: 0.207, G_A: 1.002, cycle_A: 0.127, D_B: 0.264, G_B: 1.054, cycle_B: 0.111, gp: 0.254

[Rank 0] (epoch: 17, iters: 29632, time: 0.001, data: 0.001) , D_A: 0.114, G_A: 1.016, cycle_A: 0.113, D_B: 0.288, G_B: 1.016, cycle_B: 0.115, gp: 0.282

[Rank 0] (epoch: 17, iters: 31232, time: 0.001, data: 0.001) , D_A: 0.164, G_A: 1.063, cycle_A: 0.121, D_B: 0.195, G_B: 1.034, cycle_B: 0.109, gp: 0.186

--- iter tau=0.2956 ---
  cipher in : creamed so harshly for attention he could undertake the things w
  decrypted : nh ly casmatlhstwdarmhaloo eoimeat anmrwcarec holt aot aotiedsav
  real plain: machines of war they also furnish proof that in modern war messa
  cipher in : oon back at work giving his secret employers their moneys worth 
  decrypted : mmearlntaloavmhtadibiedatisas nh oa ygwmd hsaot ihayme dsavmhota
  real plain: res to the cooling you get by melting a ton of ice by accepted d
[Rank 0] (epoch: 17, iters: 32832, time: 0.001, data: 0.001) , D_A: 0.167, G_A: 0.961, cycle_A: 0.126, D_B: 0.243, G_B: 0.998, cycle_B: 0.116, gp: 0.237

saving the latest model (epoch 17, total_iters 680000)
[Rank 0] (epoch: 17, iters: 34432, time: 0.001, data: 0.001) , D_A: 0.180, G_A: 1.042, cycle_A: 0.130, D_B: 0.187, G_B: 1.022, cycle_B: 0.115, gp: 0.181

[Rank 0] (epoch: 17, iters: 36032, time: 0.001, data: 0.001) , D_A: 0.209, G_A: 0.914, cycle_A: 0.125, D_B: 0.146, G_B: 1.045, cycle_B: 0.112, gp: 0.140

[Rank 0] (epoch: 17, iters: 37632, time: 0.001, data: 0.001) , D_A: 0.170, G_A: 1.009, cycle_A: 0.114, D_B: 0.168, G_B: 0.971, cycle_B: 0.108, gp: 0.160

[Rank 0] (epoch: 17, iters: 39232, time: 0.001, data: 0.001) , D_A: 0.129, G_A: 1.024, cycle_A: 0.123, D_B: 0.265, G_B: 0.980, cycle_B: 0.123, gp: 0.260

learning rate 0.0002000 -> 0.0002000
temperature tau = 0.2861
End of epoch 17 / 50 	 Time Taken: 33 sec
[Rank 0] (epoch: 18, iters: 384, time: 0.001, data: 0.001) , D_A: 0.219, G_A: 1.001, cycle_A: 0.113, D_B: 0.259, G_B: 0.967, cycle_B: 0.113, gp: 0.254

[Rank 0] (epoch: 18, iters: 1984, time: 0.001, data: 0.006) , D_A: 0.192, G_A: 0.897, cycle_A: 0.109, D_B: 0.234, G_B: 0.945, cycle_B: 0.112, gp: 0.228

[Rank 0] (epoch: 18, iters: 3584, time: 0.001, data: 0.001) , D_A: 0.148, G_A: 0.995, cycle_A: 0.120, D_B: 0.241, G_B: 0.959, cycle_B: 0.112, gp: 0.232

[Rank 0] (epoch: 18, iters: 5184, time: 0.001, data: 0.001) , D_A: 0.316, G_A: 1.027, cycle_A: 0.123, D_B: 0.235, G_B: 0.997, cycle_B: 0.131, gp: 0.230

[Rank 0] (epoch: 18, iters: 6784, time: 0.001, data: 0.001) , D_A: 0.229, G_A: 0.899, cycle_A: 0.118, D_B: 0.270, G_B: 0.969, cycle_B: 0.120, gp: 0.267

[Rank 0] (epoch: 18, iters: 8384, time: 0.001, data: 0.001) , D_A: 0.198, G_A: 0.876, cycle_A: 0.125, D_B: 0.279, G_B: 0.932, cycle_B: 0.108, gp: 0.272

[Rank 0] (epoch: 18, iters: 9984, time: 0.001, data: 0.001) , D_A: 0.110, G_A: 1.118, cycle_A: 0.125, D_B: 0.236, G_B: 0.980, cycle_B: 0.109, gp: 0.230

[Rank 0] (epoch: 18, iters: 11584, time: 0.001, data: 0.001) , D_A: 0.225, G_A: 1.014, cycle_A: 0.123, D_B: 0.339, G_B: 0.898, cycle_B: 0.114, gp: 0.331

[Rank 0] (epoch: 18, iters: 13184, time: 0.001, data: 0.001) , D_A: 0.094, G_A: 0.875, cycle_A: 0.125, D_B: 0.248, G_B: 0.959, cycle_B: 0.115, gp: 0.241

[Rank 0] (epoch: 18, iters: 14784, time: 0.001, data: 0.001) , D_A: 0.242, G_A: 0.907, cycle_A: 0.116, D_B: 0.272, G_B: 1.157, cycle_B: 0.125, gp: 0.258

[Rank 0] (epoch: 18, iters: 16384, time: 0.001, data: 0.001) , D_A: 0.175, G_A: 0.916, cycle_A: 0.128, D_B: 0.289, G_B: 1.035, cycle_B: 0.112, gp: 0.281

[Rank 0] (epoch: 18, iters: 17984, time: 0.001, data: 0.003) , D_A: 0.273, G_A: 0.984, cycle_A: 0.121, D_B: 0.250, G_B: 1.000, cycle_B: 0.121, gp: 0.246

[Rank 0] (epoch: 18, iters: 19584, time: 0.001, data: 0.001) , D_A: 0.202, G_A: 0.933, cycle_A: 0.122, D_B: 0.297, G_B: 0.901, cycle_B: 0.113, gp: 0.281

[Rank 0] (epoch: 18, iters: 21184, time: 0.001, data: 0.001) , D_A: 0.165, G_A: 0.956, cycle_A: 0.120, D_B: 0.223, G_B: 0.960, cycle_B: 0.113, gp: 0.215

[Rank 0] (epoch: 18, iters: 22784, time: 0.001, data: 0.001) , D_A: 0.149, G_A: 0.975, cycle_A: 0.123, D_B: 0.277, G_B: 0.947, cycle_B: 0.113, gp: 0.270

[Rank 0] (epoch: 18, iters: 24384, time: 0.001, data: 0.001) , D_A: 0.211, G_A: 1.001, cycle_A: 0.126, D_B: 0.217, G_B: 0.994, cycle_B: 0.112, gp: 0.210

[Rank 0] (epoch: 18, iters: 25984, time: 0.001, data: 0.001) , D_A: 0.163, G_A: 0.994, cycle_A: 0.116, D_B: 0.165, G_B: 1.010, cycle_B: 0.117, gp: 0.157

[Rank 0] (epoch: 18, iters: 27584, time: 0.001, data: 0.001) , D_A: 0.165, G_A: 0.970, cycle_A: 0.115, D_B: 0.208, G_B: 1.003, cycle_B: 0.101, gp: 0.198

[Rank 0] (epoch: 18, iters: 29184, time: 0.001, data: 0.001) , D_A: 0.189, G_A: 1.004, cycle_A: 0.111, D_B: 0.224, G_B: 0.977, cycle_B: 0.121, gp: 0.216

[Rank 0] (epoch: 18, iters: 30784, time: 0.001, data: 0.001) , D_A: 0.268, G_A: 0.990, cycle_A: 0.127, D_B: 0.165, G_B: 0.994, cycle_B: 0.113, gp: 0.159

--- iter tau=0.2861 ---
  cipher in : r i have known some men and women who said that the selves they 
  decrypted : haiatlp ateuveasuy ay ealecavuy eavtuaslicaotloaot as fp saot da
  real plain: a automobile race of if this was in fact mr remarques intention 
  cipher in : rk debut three years ago played a return engagement last night i
  decrypted : htac rroaoth  ad lhsalduagfld calah orhea edld y eoaflsoaeidtoai
  real plain: eave a friend sweltering and dusty and well at least i wouldnt h
[Rank 0] (epoch: 18, iters: 32384, time: 0.001, data: 0.001) , D_A: 0.153, G_A: 1.046, cycle_A: 0.124, D_B: 0.201, G_B: 0.932, cycle_B: 0.121, gp: 0.194

saving the latest model (epoch 18, total_iters 720000)
[Rank 0] (epoch: 18, iters: 33984, time: 0.001, data: 0.001) , D_A: 0.154, G_A: 1.071, cycle_A: 0.124, D_B: 0.302, G_B: 1.043, cycle_B: 0.109, gp: 0.292

[Rank 0] (epoch: 18, iters: 35584, time: 0.001, data: 0.001) , D_A: 0.094, G_A: 1.042, cycle_A: 0.126, D_B: 0.341, G_B: 0.982, cycle_B: 0.112, gp: 0.335

[Rank 0] (epoch: 18, iters: 37184, time: 0.001, data: 0.001) , D_A: 0.172, G_A: 1.047, cycle_A: 0.118, D_B: 0.270, G_B: 1.061, cycle_B: 0.111, gp: 0.264

[Rank 0] (epoch: 18, iters: 38784, time: 0.001, data: 0.001) , D_A: 0.174, G_A: 0.929, cycle_A: 0.112, D_B: 0.250, G_B: 1.036, cycle_B: 0.104, gp: 0.243

[Rank 0] (epoch: 18, iters: 40384, time: 0.001, data: 0.001) , D_A: 0.125, G_A: 0.976, cycle_A: 0.137, D_B: 0.277, G_B: 1.007, cycle_B: 0.117, gp: 0.272

learning rate 0.0002000 -> 0.0002000
temperature tau = 0.2768
End of epoch 18 / 50 	 Time Taken: 38 sec
[Rank 0] (epoch: 19, iters: 1536, time: 0.001, data: 0.001) , D_A: 0.272, G_A: 1.043, cycle_A: 0.133, D_B: 0.174, G_B: 0.976, cycle_B: 0.114, gp: 0.168

[Rank 0] (epoch: 19, iters: 3136, time: 0.001, data: 0.001) , D_A: 0.206, G_A: 0.906, cycle_A: 0.118, D_B: 0.138, G_B: 1.002, cycle_B: 0.114, gp: 0.131

[Rank 0] (epoch: 19, iters: 4736, time: 0.001, data: 0.001) , D_A: 0.150, G_A: 0.887, cycle_A: 0.121, D_B: 0.276, G_B: 0.943, cycle_B: 0.123, gp: 0.267

[Rank 0] (epoch: 19, iters: 6336, time: 0.001, data: 0.001) , D_A: 0.128, G_A: 1.020, cycle_A: 0.119, D_B: 0.241, G_B: 0.989, cycle_B: 0.109, gp: 0.235

[Rank 0] (epoch: 19, iters: 7936, time: 0.001, data: 0.001) , D_A: 0.214, G_A: 0.966, cycle_A: 0.123, D_B: 0.256, G_B: 0.963, cycle_B: 0.120, gp: 0.248

[Rank 0] (epoch: 19, iters: 9536, time: 0.001, data: 0.001) , D_A: 0.136, G_A: 1.004, cycle_A: 0.120, D_B: 0.218, G_B: 0.929, cycle_B: 0.116, gp: 0.211

[Rank 0] (epoch: 19, iters: 11136, time: 0.001, data: 0.001) , D_A: 0.255, G_A: 1.005, cycle_A: 0.119, D_B: 0.302, G_B: 0.942, cycle_B: 0.118, gp: 0.296

[Rank 0] (epoch: 19, iters: 12736, time: 0.001, data: 0.001) , D_A: 0.205, G_A: 0.927, cycle_A: 0.123, D_B: 0.350, G_B: 1.060, cycle_B: 0.125, gp: 0.344

[Rank 0] (epoch: 19, iters: 14336, time: 0.001, data: 0.001) , D_A: 0.171, G_A: 1.001, cycle_A: 0.129, D_B: 0.192, G_B: 0.916, cycle_B: 0.131, gp: 0.185

[Rank 0] (epoch: 19, iters: 15936, time: 0.001, data: 0.001) , D_A: 0.294, G_A: 1.056, cycle_A: 0.121, D_B: 0.238, G_B: 1.000, cycle_B: 0.115, gp: 0.232

[Rank 0] (epoch: 19, iters: 17536, time: 0.001, data: 0.001) , D_A: 0.211, G_A: 0.973, cycle_A: 0.113, D_B: 0.202, G_B: 1.036, cycle_B: 0.116, gp: 0.194

[Rank 0] (epoch: 19, iters: 19136, time: 0.001, data: 0.001) , D_A: 0.204, G_A: 0.939, cycle_A: 0.128, D_B: 0.224, G_B: 0.979, cycle_B: 0.115, gp: 0.218

[Rank 0] (epoch: 19, iters: 20736, time: 0.001, data: 0.001) , D_A: 0.183, G_A: 0.959, cycle_A: 0.128, D_B: 0.209, G_B: 1.053, cycle_B: 0.123, gp: 0.202

[Rank 0] (epoch: 19, iters: 22336, time: 0.001, data: 0.001) , D_A: 0.265, G_A: 0.974, cycle_A: 0.131, D_B: 0.260, G_B: 0.971, cycle_B: 0.113, gp: 0.249

[Rank 0] (epoch: 19, iters: 23936, time: 0.001, data: 0.001) , D_A: 0.175, G_A: 0.976, cycle_A: 0.129, D_B: 0.255, G_B: 0.960, cycle_B: 0.110, gp: 0.251

[Rank 0] (epoch: 19, iters: 25536, time: 0.001, data: 0.001) , D_A: 0.184, G_A: 1.052, cycle_A: 0.119, D_B: 0.279, G_B: 0.990, cycle_B: 0.111, gp: 0.274

[Rank 0] (epoch: 19, iters: 27136, time: 0.001, data: 0.001) , D_A: 0.184, G_A: 1.012, cycle_A: 0.114, D_B: 0.155, G_B: 0.958, cycle_B: 0.109, gp: 0.146

[Rank 0] (epoch: 19, iters: 28736, time: 0.001, data: 0.001) , D_A: 0.224, G_A: 0.972, cycle_A: 0.116, D_B: 0.233, G_B: 1.030, cycle_B: 0.122, gp: 0.225

[Rank 0] (epoch: 19, iters: 30336, time: 0.001, data: 0.001) , D_A: 0.206, G_A: 0.947, cycle_A: 0.129, D_B: 0.153, G_B: 0.967, cycle_B: 0.110, gp: 0.148

--- iter tau=0.2768 ---
  cipher in :  program the rev mr brandt suggested the vision of new assemblie
  decrypted : aghmdhlyaot ah payharhlecoasrdd so caot apisimeamrae valss yrwi 
  real plain: do criticize them at no time did i attempt to seek approval or c
  cipher in : ne cannot begin to understand the lo shu without knowing somethi
  decrypted : e anleemoar dieaomarec hsolecaot awmastraviotmroatemviedasmy oti
  real plain: orm is looked up in the textform list by the same method used to
[Rank 0] (epoch: 19, iters: 31936, time: 0.001, data: 0.001) , D_A: 0.214, G_A: 0.968, cycle_A: 0.136, D_B: 0.198, G_B: 0.943, cycle_B: 0.105, gp: 0.191

saving the latest model (epoch 19, total_iters 760000)
[Rank 0] (epoch: 19, iters: 33536, time: 0.001, data: 0.001) , D_A: 0.261, G_A: 0.964, cycle_A: 0.126, D_B: 0.354, G_B: 1.131, cycle_B: 0.109, gp: 0.345

[Rank 0] (epoch: 19, iters: 35136, time: 0.001, data: 0.001) , D_A: 0.261, G_A: 1.040, cycle_A: 0.128, D_B: 0.236, G_B: 0.951, cycle_B: 0.126, gp: 0.230

[Rank 0] (epoch: 19, iters: 36736, time: 0.001, data: 0.001) , D_A: 0.119, G_A: 1.001, cycle_A: 0.117, D_B: 0.201, G_B: 1.015, cycle_B: 0.116, gp: 0.195

[Rank 0] (epoch: 19, iters: 38336, time: 0.001, data: 0.001) , D_A: 0.232, G_A: 1.120, cycle_A: 0.117, D_B: 0.135, G_B: 0.919, cycle_B: 0.111, gp: 0.128

[Rank 0] (epoch: 19, iters: 39936, time: 0.001, data: 0.001) , D_A: 0.154, G_A: 1.094, cycle_A: 0.112, D_B: 0.220, G_B: 0.937, cycle_B: 0.129, gp: 0.215

learning rate 0.0002000 -> 0.0002000
temperature tau = 0.2679
End of epoch 19 / 50 	 Time Taken: 39 sec
[Rank 0] (epoch: 20, iters: 1088, time: 0.001, data: 0.001) , D_A: 0.243, G_A: 0.996, cycle_A: 0.132, D_B: 0.222, G_B: 0.984, cycle_B: 0.115, gp: 0.211

[Rank 0] (epoch: 20, iters: 2688, time: 0.001, data: 0.001) , D_A: 0.149, G_A: 0.955, cycle_A: 0.121, D_B: 0.239, G_B: 0.979, cycle_B: 0.117, gp: 0.234

[Rank 0] (epoch: 20, iters: 4288, time: 0.001, data: 0.001) , D_A: 0.178, G_A: 1.106, cycle_A: 0.131, D_B: 0.227, G_B: 1.014, cycle_B: 0.108, gp: 0.219

[Rank 0] (epoch: 20, iters: 5888, time: 0.001, data: 0.001) , D_A: 0.142, G_A: 0.933, cycle_A: 0.119, D_B: 0.270, G_B: 0.958, cycle_B: 0.119, gp: 0.263

[Rank 0] (epoch: 20, iters: 7488, time: 0.001, data: 0.002) , D_A: 0.143, G_A: 1.036, cycle_A: 0.135, D_B: 0.271, G_B: 0.951, cycle_B: 0.119, gp: 0.264

[Rank 0] (epoch: 20, iters: 9088, time: 0.001, data: 0.001) , D_A: 0.208, G_A: 0.972, cycle_A: 0.125, D_B: 0.377, G_B: 0.799, cycle_B: 0.121, gp: 0.364

[Rank 0] (epoch: 20, iters: 10688, time: 0.001, data: 0.001) , D_A: 0.279, G_A: 1.051, cycle_A: 0.114, D_B: 0.206, G_B: 0.993, cycle_B: 0.111, gp: 0.202

[Rank 0] (epoch: 20, iters: 12288, time: 0.001, data: 0.001) , D_A: 0.206, G_A: 0.947, cycle_A: 0.108, D_B: 0.331, G_B: 0.931, cycle_B: 0.123, gp: 0.328

[Rank 0] (epoch: 20, iters: 13888, time: 0.001, data: 0.001) , D_A: 0.166, G_A: 1.061, cycle_A: 0.121, D_B: 0.249, G_B: 0.999, cycle_B: 0.133, gp: 0.240

[Rank 0] (epoch: 20, iters: 15488, time: 0.001, data: 0.001) , D_A: 0.181, G_A: 1.013, cycle_A: 0.134, D_B: 0.278, G_B: 0.900, cycle_B: 0.114, gp: 0.269

[Rank 0] (epoch: 20, iters: 17088, time: 0.001, data: 0.001) , D_A: 0.314, G_A: 1.104, cycle_A: 0.112, D_B: 0.228, G_B: 0.963, cycle_B: 0.110, gp: 0.222

[Rank 0] (epoch: 20, iters: 18688, time: 0.001, data: 0.001) , D_A: 0.161, G_A: 1.146, cycle_A: 0.118, D_B: 0.188, G_B: 0.933, cycle_B: 0.108, gp: 0.180

[Rank 0] (epoch: 20, iters: 20288, time: 0.001, data: 0.001) , D_A: 0.182, G_A: 1.031, cycle_A: 0.120, D_B: 0.222, G_B: 0.993, cycle_B: 0.127, gp: 0.218

[Rank 0] (epoch: 20, iters: 21888, time: 0.001, data: 0.001) , D_A: 0.155, G_A: 1.092, cycle_A: 0.110, D_B: 0.203, G_B: 0.987, cycle_B: 0.112, gp: 0.199

[Rank 0] (epoch: 20, iters: 23488, time: 0.001, data: 0.001) , D_A: 0.220, G_A: 1.038, cycle_A: 0.121, D_B: 0.323, G_B: 0.841, cycle_B: 0.111, gp: 0.313

[Rank 0] (epoch: 20, iters: 25088, time: 0.001, data: 0.001) , D_A: 0.118, G_A: 1.029, cycle_A: 0.135, D_B: 0.197, G_B: 0.984, cycle_B: 0.118, gp: 0.190

[Rank 0] (epoch: 20, iters: 26688, time: 0.001, data: 0.001) , D_A: 0.181, G_A: 1.039, cycle_A: 0.111, D_B: 0.236, G_B: 1.050, cycle_B: 0.110, gp: 0.231

[Rank 0] (epoch: 20, iters: 28288, time: 0.001, data: 0.002) , D_A: 0.130, G_A: 1.027, cycle_A: 0.121, D_B: 0.241, G_B: 0.933, cycle_B: 0.112, gp: 0.232

[Rank 0] (epoch: 20, iters: 29888, time: 0.001, data: 0.001) , D_A: 0.152, G_A: 1.044, cycle_A: 0.115, D_B: 0.282, G_B: 0.939, cycle_B: 0.113, gp: 0.273

--- iter tau=0.2679 ---
  cipher in : chinese did more definite evidence will have to turn up from the
  decrypted : ntie s acicayuh ac rieio a pic en aviffatlp aouaorheargarhuyaot 
  real plain: mselves committed to avoid the rationale for this avoidance was 
  cipher in : s obligation pertains only to countries which are honestly seeki
  decrypted : saurfidloiueag holiesauefdaouanureohi savtintalh atue sofdas  ti
  real plain: istory was order and that the order so discovered was as much su
[Rank 0] (epoch: 20, iters: 31488, time: 0.001, data: 0.001) , D_A: 0.174, G_A: 0.898, cycle_A: 0.119, D_B: 0.171, G_B: 0.995, cycle_B: 0.107, gp: 0.165

saving the latest model (epoch 20, total_iters 800000)
[Rank 0] (epoch: 20, iters: 33088, time: 0.001, data: 0.001) , D_A: 0.277, G_A: 1.144, cycle_A: 0.133, D_B: 0.223, G_B: 1.048, cycle_B: 0.113, gp: 0.216

[Rank 0] (epoch: 20, iters: 34688, time: 0.001, data: 0.001) , D_A: 0.117, G_A: 0.977, cycle_A: 0.132, D_B: 0.202, G_B: 0.973, cycle_B: 0.114, gp: 0.197

[Rank 0] (epoch: 20, iters: 36288, time: 0.001, data: 0.001) , D_A: 0.159, G_A: 1.024, cycle_A: 0.121, D_B: 0.187, G_B: 0.994, cycle_B: 0.112, gp: 0.183

[Rank 0] (epoch: 20, iters: 37888, time: 0.001, data: 0.001) , D_A: 0.211, G_A: 1.116, cycle_A: 0.111, D_B: 0.205, G_B: 0.946, cycle_B: 0.108, gp: 0.200

[Rank 0] (epoch: 20, iters: 39488, time: 0.001, data: 0.001) , D_A: 0.183, G_A: 0.901, cycle_A: 0.124, D_B: 0.138, G_B: 0.997, cycle_B: 0.132, gp: 0.133

learning rate 0.0002000 -> 0.0002000
temperature tau = 0.2592
End of epoch 20 / 50 	 Time Taken: 38 sec
[Rank 0] (epoch: 21, iters: 640, time: 0.001, data: 0.001) , D_A: 0.236, G_A: 1.094, cycle_A: 0.122, D_B: 0.266, G_B: 1.127, cycle_B: 0.114, gp: 0.253

[Rank 0] (epoch: 21, iters: 2240, time: 0.001, data: 0.000) , D_A: 0.143, G_A: 1.029, cycle_A: 0.105, D_B: 0.218, G_B: 0.969, cycle_B: 0.120, gp: 0.213

[Rank 0] (epoch: 21, iters: 3840, time: 0.001, data: 0.001) , D_A: 0.161, G_A: 1.055, cycle_A: 0.115, D_B: 0.222, G_B: 1.090, cycle_B: 0.121, gp: 0.216

[Rank 0] (epoch: 21, iters: 5440, time: 0.001, data: 0.001) , D_A: 0.158, G_A: 1.010, cycle_A: 0.118, D_B: 0.182, G_B: 0.901, cycle_B: 0.111, gp: 0.177

[Rank 0] (epoch: 21, iters: 7040, time: 0.001, data: 0.001) , D_A: 0.201, G_A: 1.043, cycle_A: 0.119, D_B: 0.271, G_B: 0.951, cycle_B: 0.116, gp: 0.266

[Rank 0] (epoch: 21, iters: 8640, time: 0.001, data: 0.001) , D_A: 0.225, G_A: 0.993, cycle_A: 0.128, D_B: 0.263, G_B: 0.967, cycle_B: 0.107, gp: 0.258

[Rank 0] (epoch: 21, iters: 10240, time: 0.001, data: 0.001) , D_A: 0.096, G_A: 0.978, cycle_A: 0.113, D_B: 0.231, G_B: 1.004, cycle_B: 0.109, gp: 0.227

[Rank 0] (epoch: 21, iters: 11840, time: 0.001, data: 0.001) , D_A: 0.103, G_A: 0.999, cycle_A: 0.121, D_B: 0.201, G_B: 0.986, cycle_B: 0.123, gp: 0.195

[Rank 0] (epoch: 21, iters: 13440, time: 0.001, data: 0.001) , D_A: 0.235, G_A: 0.936, cycle_A: 0.118, D_B: 0.192, G_B: 0.952, cycle_B: 0.118, gp: 0.188

[Rank 0] (epoch: 21, iters: 15040, time: 0.001, data: 0.001) , D_A: 0.170, G_A: 0.970, cycle_A: 0.119, D_B: 0.236, G_B: 0.997, cycle_B: 0.115, gp: 0.232

[Rank 0] (epoch: 21, iters: 16640, time: 0.001, data: 0.001) , D_A: 0.169, G_A: 1.026, cycle_A: 0.123, D_B: 0.270, G_B: 1.025, cycle_B: 0.111, gp: 0.264

[Rank 0] (epoch: 21, iters: 18240, time: 0.001, data: 0.001) , D_A: 0.212, G_A: 1.054, cycle_A: 0.122, D_B: 0.179, G_B: 1.007, cycle_B: 0.120, gp: 0.174

[Rank 0] (epoch: 21, iters: 19840, time: 0.001, data: 0.001) , D_A: 0.201, G_A: 0.957, cycle_A: 0.107, D_B: 0.187, G_B: 1.016, cycle_B: 0.113, gp: 0.183

[Rank 0] (epoch: 21, iters: 21440, time: 0.001, data: 0.001) , D_A: 0.191, G_A: 1.023, cycle_A: 0.127, D_B: 0.175, G_B: 0.923, cycle_B: 0.113, gp: 0.170

[Rank 0] (epoch: 21, iters: 23040, time: 0.001, data: 0.001) , D_A: 0.171, G_A: 0.914, cycle_A: 0.128, D_B: 0.296, G_B: 0.956, cycle_B: 0.113, gp: 0.290

[Rank 0] (epoch: 21, iters: 24640, time: 0.001, data: 0.001) , D_A: 0.170, G_A: 0.890, cycle_A: 0.118, D_B: 0.222, G_B: 1.044, cycle_B: 0.119, gp: 0.215

[Rank 0] (epoch: 21, iters: 26240, time: 0.001, data: 0.001) , D_A: 0.153, G_A: 1.084, cycle_A: 0.113, D_B: 0.182, G_B: 0.983, cycle_B: 0.115, gp: 0.176

[Rank 0] (epoch: 21, iters: 27840, time: 0.001, data: 0.001) , D_A: 0.123, G_A: 0.990, cycle_A: 0.128, D_B: 0.173, G_B: 0.985, cycle_B: 0.112, gp: 0.166

[Rank 0] (epoch: 21, iters: 29440, time: 0.001, data: 0.001) , D_A: 0.176, G_A: 0.681, cycle_A: 0.120, D_B: 0.231, G_B: 1.021, cycle_B: 0.114, gp: 0.226

--- iter tau=0.2592 ---
  cipher in : manic as a man i woke up this morning moreland said paraphrasing
  decrypted : yleinalsalayleaiavmt argaotisaymheiedaymh flecaslicaglhlgthlsied
  real plain: tes can provide strong incentives to prepare for the concerted e
  cipher in : ithout experienced leadership and lacked the general support of 
  decrypted : iotmroa rg hi en caf lc hstigalecaflnt caot ad e hlfasrggmhoamra
  real plain: inese especially after khrushchevs humiliating surrender to the 
[Rank 0] (epoch: 21, iters: 31040, time: 0.001, data: 0.001) , D_A: 0.153, G_A: 0.964, cycle_A: 0.132, D_B: 0.221, G_B: 0.960, cycle_B: 0.109, gp: 0.217

saving the latest model (epoch 21, total_iters 840000)
[Rank 0] (epoch: 21, iters: 32640, time: 0.001, data: 0.001) , D_A: 0.162, G_A: 1.039, cycle_A: 0.117, D_B: 0.377, G_B: 0.889, cycle_B: 0.119, gp: 0.372

[Rank 0] (epoch: 21, iters: 34240, time: 0.001, data: 0.001) , D_A: 0.174, G_A: 0.957, cycle_A: 0.125, D_B: 0.200, G_B: 0.977, cycle_B: 0.107, gp: 0.195

[Rank 0] (epoch: 21, iters: 35840, time: 0.001, data: 0.001) , D_A: 0.230, G_A: 1.085, cycle_A: 0.111, D_B: 0.322, G_B: 0.983, cycle_B: 0.111, gp: 0.317

[Rank 0] (epoch: 21, iters: 37440, time: 0.001, data: 0.001) , D_A: 0.162, G_A: 0.908, cycle_A: 0.113, D_B: 0.240, G_B: 0.984, cycle_B: 0.112, gp: 0.237

[Rank 0] (epoch: 21, iters: 39040, time: 0.001, data: 0.001) , D_A: 0.191, G_A: 1.010, cycle_A: 0.114, D_B: 0.148, G_B: 1.124, cycle_B: 0.122, gp: 0.135

learning rate 0.0002000 -> 0.0002000
temperature tau = 0.2508
End of epoch 21 / 50 	 Time Taken: 34 sec
[Rank 0] (epoch: 22, iters: 192, time: 0.001, data: 0.001) , D_A: 0.146, G_A: 0.977, cycle_A: 0.119, D_B: 0.175, G_B: 0.915, cycle_B: 0.113, gp: 0.170

[Rank 0] (epoch: 22, iters: 1792, time: 0.001, data: 0.001) , D_A: 0.127, G_A: 0.947, cycle_A: 0.129, D_B: 0.158, G_B: 0.923, cycle_B: 0.111, gp: 0.152

[Rank 0] (epoch: 22, iters: 3392, time: 0.001, data: 0.001) , D_A: 0.167, G_A: 1.046, cycle_A: 0.113, D_B: 0.195, G_B: 0.931, cycle_B: 0.113, gp: 0.187

[Rank 0] (epoch: 22, iters: 4992, time: 0.001, data: 0.001) , D_A: 0.101, G_A: 1.052, cycle_A: 0.120, D_B: 0.261, G_B: 0.987, cycle_B: 0.122, gp: 0.257

[Rank 0] (epoch: 22, iters: 6592, time: 0.001, data: 0.001) , D_A: 0.129, G_A: 0.914, cycle_A: 0.125, D_B: 0.281, G_B: 0.867, cycle_B: 0.108, gp: 0.268

[Rank 0] (epoch: 22, iters: 8192, time: 0.001, data: 0.001) , D_A: 0.260, G_A: 0.972, cycle_A: 0.123, D_B: 0.207, G_B: 1.007, cycle_B: 0.119, gp: 0.202

[Rank 0] (epoch: 22, iters: 9792, time: 0.001, data: 0.001) , D_A: 0.185, G_A: 1.009, cycle_A: 0.131, D_B: 0.167, G_B: 0.924, cycle_B: 0.110, gp: 0.162

[Rank 0] (epoch: 22, iters: 11392, time: 0.001, data: 0.001) , D_A: 0.158, G_A: 1.006, cycle_A: 0.111, D_B: 0.293, G_B: 0.885, cycle_B: 0.115, gp: 0.284

[Rank 0] (epoch: 22, iters: 12992, time: 0.001, data: 0.001) , D_A: 0.158, G_A: 0.979, cycle_A: 0.123, D_B: 0.301, G_B: 1.049, cycle_B: 0.114, gp: 0.294

[Rank 0] (epoch: 22, iters: 14592, time: 0.001, data: 0.001) , D_A: 0.149, G_A: 1.054, cycle_A: 0.129, D_B: 0.133, G_B: 1.016, cycle_B: 0.124, gp: 0.127

[Rank 0] (epoch: 22, iters: 16192, time: 0.001, data: 0.001) , D_A: 0.128, G_A: 0.984, cycle_A: 0.132, D_B: 0.272, G_B: 0.965, cycle_B: 0.112, gp: 0.267

[Rank 0] (epoch: 22, iters: 17792, time: 0.001, data: 0.001) , D_A: 0.196, G_A: 1.055, cycle_A: 0.113, D_B: 0.121, G_B: 0.969, cycle_B: 0.116, gp: 0.117

[Rank 0] (epoch: 22, iters: 19392, time: 0.001, data: 0.001) , D_A: 0.159, G_A: 1.010, cycle_A: 0.118, D_B: 0.173, G_B: 1.007, cycle_B: 0.114, gp: 0.167

[Rank 0] (epoch: 22, iters: 20992, time: 0.001, data: 0.001) , D_A: 0.222, G_A: 0.942, cycle_A: 0.128, D_B: 0.279, G_B: 0.931, cycle_B: 0.120, gp: 0.252

[Rank 0] (epoch: 22, iters: 22592, time: 0.001, data: 0.001) , D_A: 0.182, G_A: 0.913, cycle_A: 0.115, D_B: 0.189, G_B: 0.969, cycle_B: 0.114, gp: 0.183

[Rank 0] (epoch: 22, iters: 24192, time: 0.001, data: 0.001) , D_A: 0.149, G_A: 1.010, cycle_A: 0.117, D_B: 0.258, G_B: 0.950, cycle_B: 0.113, gp: 0.252

[Rank 0] (epoch: 22, iters: 25792, time: 0.001, data: 0.001) , D_A: 0.181, G_A: 1.005, cycle_A: 0.117, D_B: 0.175, G_B: 0.979, cycle_B: 0.118, gp: 0.169

[Rank 0] (epoch: 22, iters: 27392, time: 0.001, data: 0.001) , D_A: 0.197, G_A: 0.976, cycle_A: 0.119, D_B: 0.228, G_B: 0.954, cycle_B: 0.101, gp: 0.222

[Rank 0] (epoch: 22, iters: 28992, time: 0.001, data: 0.002) , D_A: 0.803, G_A: 0.300, cycle_A: 0.655, D_B: 0.487, G_B: 0.165, cycle_B: 0.984, gp: 0.325

--- iter tau=0.2508 ---
  cipher in :  a value of ab for its part the hudsons bay company was troubled
  decrypted : alaplwr amralrarmhaiosatlhoaop aprcsmesarldanmytledaglsaohmrrw c
  real plain: his religious faith makes possible fortitude equanimity and cons
  cipher in : fic aspects of this change as the urban and industrial impact fa
  decrypted : rinalst nosamraopisanpled alsaop arhrlealecaiecrsohilwaiytlnoarl
  real plain: re in the movies they meet would we want a futureday gibbon or m
[Rank 0] (epoch: 22, iters: 30592, time: 0.001, data: 0.001) , D_A: 0.329, G_A: 0.798, cycle_A: 0.192, D_B: 0.294, G_B: 0.936, cycle_B: 0.174, gp: 0.287

saving the latest model (epoch 22, total_iters 880000)
[Rank 0] (epoch: 22, iters: 32192, time: 0.001, data: 0.001) , D_A: 0.222, G_A: 0.981, cycle_A: 0.149, D_B: 0.267, G_B: 0.994, cycle_B: 0.127, gp: 0.256

[Rank 0] (epoch: 22, iters: 33792, time: 0.001, data: 0.001) , D_A: 0.224, G_A: 0.961, cycle_A: 0.133, D_B: 0.362, G_B: 0.926, cycle_B: 0.116, gp: 0.352

[Rank 0] (epoch: 22, iters: 35392, time: 0.001, data: 0.001) , D_A: 0.299, G_A: 0.868, cycle_A: 0.147, D_B: 0.261, G_B: 1.021, cycle_B: 0.112, gp: 0.248

[Rank 0] (epoch: 22, iters: 36992, time: 0.001, data: 0.001) , D_A: 0.267, G_A: 1.044, cycle_A: 0.140, D_B: 0.288, G_B: 1.015, cycle_B: 0.109, gp: 0.281

[Rank 0] (epoch: 22, iters: 38592, time: 0.001, data: 0.002) , D_A: 0.220, G_A: 1.031, cycle_A: 0.137, D_B: 0.260, G_B: 1.021, cycle_B: 0.104, gp: 0.251

[Rank 0] (epoch: 22, iters: 40192, time: 0.001, data: 0.001) , D_A: 0.287, G_A: 1.024, cycle_A: 0.141, D_B: 0.221, G_B: 0.884, cycle_B: 0.112, gp: 0.216

learning rate 0.0002000 -> 0.0002000
temperature tau = 0.2427
End of epoch 22 / 50 	 Time Taken: 38 sec
[Rank 0] (epoch: 23, iters: 1344, time: 0.001, data: 0.001) , D_A: 0.264, G_A: 0.937, cycle_A: 0.151, D_B: 0.348, G_B: 0.889, cycle_B: 0.107, gp: 0.338

[Rank 0] (epoch: 23, iters: 2944, time: 0.001, data: 0.001) , D_A: 0.234, G_A: 1.006, cycle_A: 0.138, D_B: 0.164, G_B: 0.968, cycle_B: 0.109, gp: 0.160

[Rank 0] (epoch: 23, iters: 4544, time: 0.001, data: 0.001) , D_A: 0.171, G_A: 1.005, cycle_A: 0.150, D_B: 0.247, G_B: 0.962, cycle_B: 0.105, gp: 0.242

[Rank 0] (epoch: 23, iters: 6144, time: 0.001, data: 0.001) , D_A: 0.338, G_A: 0.962, cycle_A: 0.144, D_B: 0.186, G_B: 1.022, cycle_B: 0.116, gp: 0.181

[Rank 0] (epoch: 23, iters: 7744, time: 0.001, data: 0.001) , D_A: 0.239, G_A: 0.925, cycle_A: 0.134, D_B: 0.301, G_B: 0.993, cycle_B: 0.114, gp: 0.293

[Rank 0] (epoch: 23, iters: 9344, time: 0.001, data: 0.001) , D_A: 0.282, G_A: 0.966, cycle_A: 0.141, D_B: 0.313, G_B: 0.985, cycle_B: 0.114, gp: 0.309

[Rank 0] (epoch: 23, iters: 10944, time: 0.001, data: 0.001) , D_A: 0.159, G_A: 0.930, cycle_A: 0.131, D_B: 0.294, G_B: 1.011, cycle_B: 0.111, gp: 0.288

[Rank 0] (epoch: 23, iters: 12544, time: 0.001, data: 0.001) , D_A: 0.246, G_A: 0.988, cycle_A: 0.137, D_B: 0.210, G_B: 1.007, cycle_B: 0.121, gp: 0.205

[Rank 0] (epoch: 23, iters: 14144, time: 0.001, data: 0.001) , D_A: 0.258, G_A: 0.966, cycle_A: 0.131, D_B: 0.182, G_B: 0.989, cycle_B: 0.126, gp: 0.176

[Rank 0] (epoch: 23, iters: 15744, time: 0.001, data: 0.001) , D_A: 0.192, G_A: 0.934, cycle_A: 0.151, D_B: 0.357, G_B: 1.003, cycle_B: 0.109, gp: 0.350

[Rank 0] (epoch: 23, iters: 17344, time: 0.001, data: 0.001) , D_A: 0.191, G_A: 1.025, cycle_A: 0.131, D_B: 0.150, G_B: 0.962, cycle_B: 0.106, gp: 0.146

[Rank 0] (epoch: 23, iters: 18944, time: 0.001, data: 0.001) , D_A: 0.202, G_A: 0.914, cycle_A: 0.143, D_B: 0.272, G_B: 0.951, cycle_B: 0.106, gp: 0.266

[Rank 0] (epoch: 23, iters: 20544, time: 0.001, data: 0.001) , D_A: 0.346, G_A: 0.983, cycle_A: 0.141, D_B: 0.192, G_B: 0.994, cycle_B: 0.116, gp: 0.187

[Rank 0] (epoch: 23, iters: 22144, time: 0.001, data: 0.001) , D_A: 0.248, G_A: 0.980, cycle_A: 0.132, D_B: 0.231, G_B: 0.980, cycle_B: 0.109, gp: 0.227

[Rank 0] (epoch: 23, iters: 23744, time: 0.001, data: 0.001) , D_A: 0.266, G_A: 1.009, cycle_A: 0.143, D_B: 0.412, G_B: 1.086, cycle_B: 0.103, gp: 0.403

[Rank 0] (epoch: 23, iters: 25344, time: 0.001, data: 0.001) , D_A: 0.240, G_A: 1.015, cycle_A: 0.136, D_B: 0.209, G_B: 1.013, cycle_B: 0.109, gp: 0.203

[Rank 0] (epoch: 23, iters: 26944, time: 0.001, data: 0.001) , D_A: 0.128, G_A: 0.998, cycle_A: 0.143, D_B: 0.327, G_B: 0.961, cycle_B: 0.103, gp: 0.323

[Rank 0] (epoch: 23, iters: 28544, time: 0.001, data: 0.001) , D_A: 0.224, G_A: 0.930, cycle_A: 0.138, D_B: 0.229, G_B: 0.930, cycle_B: 0.108, gp: 0.224

--- iter tau=0.2427 ---
  cipher in : ems to have gone directly back to the score discounting traditio
  decrypted :  ysaouaplp adue acih nofdarlnlaouaop asnuh acisnureoiedaohlcioiu
  real plain: n country at a time when sibyllas domain is overrun by the armie
  cipher in : limination of federal jurisdiction to enjoin state public utilit
  decrypted : fiyieloiueaurar c hlfatrhiscinoiueaoua etuieasolo atrrfinaroifio
  real plain:  the sardines or the bitters or the condensed milk or the statio
[Rank 0] (epoch: 23, iters: 30144, time: 0.001, data: 0.001) , D_A: 0.179, G_A: 0.995, cycle_A: 0.129, D_B: 0.276, G_B: 0.969, cycle_B: 0.107, gp: 0.272

saving the latest model (epoch 23, total_iters 920000)
[Rank 0] (epoch: 23, iters: 31744, time: 0.001, data: 0.001) , D_A: 0.201, G_A: 0.963, cycle_A: 0.141, D_B: 0.181, G_B: 0.999, cycle_B: 0.103, gp: 0.176

[Rank 0] (epoch: 23, iters: 33344, time: 0.001, data: 0.001) , D_A: 0.205, G_A: 0.944, cycle_A: 0.134, D_B: 0.211, G_B: 1.040, cycle_B: 0.109, gp: 0.203

[Rank 0] (epoch: 23, iters: 34944, time: 0.001, data: 0.001) , D_A: 0.272, G_A: 0.982, cycle_A: 0.128, D_B: 0.215, G_B: 0.992, cycle_B: 0.117, gp: 0.210

[Rank 0] (epoch: 23, iters: 36544, time: 0.001, data: 0.002) , D_A: 0.203, G_A: 1.030, cycle_A: 0.137, D_B: 0.188, G_B: 0.998, cycle_B: 0.114, gp: 0.184

[Rank 0] (epoch: 23, iters: 38144, time: 0.001, data: 0.001) , D_A: 0.167, G_A: 1.002, cycle_A: 0.134, D_B: 0.203, G_B: 0.970, cycle_B: 0.110, gp: 0.197

[Rank 0] (epoch: 23, iters: 39744, time: 0.001, data: 0.001) , D_A: 0.236, G_A: 0.981, cycle_A: 0.141, D_B: 0.233, G_B: 0.973, cycle_B: 0.123, gp: 0.229

learning rate 0.0002000 -> 0.0002000
temperature tau = 0.2349
End of epoch 23 / 50 	 Time Taken: 36 sec
[Rank 0] (epoch: 24, iters: 896, time: 0.001, data: 0.001) , D_A: 0.249, G_A: 0.957, cycle_A: 0.146, D_B: 0.224, G_B: 1.001, cycle_B: 0.107, gp: 0.219

[Rank 0] (epoch: 24, iters: 2496, time: 0.001, data: 0.000) , D_A: 0.223, G_A: 1.026, cycle_A: 0.145, D_B: 0.258, G_B: 0.967, cycle_B: 0.116, gp: 0.250

[Rank 0] (epoch: 24, iters: 4096, time: 0.001, data: 0.001) , D_A: 0.198, G_A: 1.026, cycle_A: 0.144, D_B: 0.263, G_B: 0.940, cycle_B: 0.112, gp: 0.258

[Rank 0] (epoch: 24, iters: 5696, time: 0.001, data: 0.001) , D_A: 0.191, G_A: 1.001, cycle_A: 0.139, D_B: 0.257, G_B: 0.937, cycle_B: 0.117, gp: 0.248

[Rank 0] (epoch: 24, iters: 7296, time: 0.001, data: 0.001) , D_A: 0.101, G_A: 0.996, cycle_A: 0.142, D_B: 0.132, G_B: 0.995, cycle_B: 0.117, gp: 0.129

[Rank 0] (epoch: 24, iters: 8896, time: 0.001, data: 0.001) , D_A: 0.222, G_A: 0.950, cycle_A: 0.130, D_B: 0.166, G_B: 0.969, cycle_B: 0.110, gp: 0.163

[Rank 0] (epoch: 24, iters: 10496, time: 0.001, data: 0.002) , D_A: 0.182, G_A: 0.982, cycle_A: 0.146, D_B: 0.210, G_B: 1.005, cycle_B: 0.102, gp: 0.205

[Rank 0] (epoch: 24, iters: 12096, time: 0.001, data: 0.001) , D_A: 0.204, G_A: 0.983, cycle_A: 0.133, D_B: 0.196, G_B: 0.966, cycle_B: 0.115, gp: 0.191

[Rank 0] (epoch: 24, iters: 13696, time: 0.001, data: 0.001) , D_A: 0.202, G_A: 1.051, cycle_A: 0.144, D_B: 0.263, G_B: 1.055, cycle_B: 0.111, gp: 0.256

[Rank 0] (epoch: 24, iters: 15296, time: 0.001, data: 0.001) , D_A: 0.203, G_A: 0.960, cycle_A: 0.150, D_B: 0.252, G_B: 0.806, cycle_B: 0.112, gp: 0.245

[Rank 0] (epoch: 24, iters: 16896, time: 0.001, data: 0.001) , D_A: 0.242, G_A: 1.036, cycle_A: 0.135, D_B: 0.272, G_B: 0.964, cycle_B: 0.106, gp: 0.269

[Rank 0] (epoch: 24, iters: 18496, time: 0.001, data: 0.001) , D_A: 0.204, G_A: 1.007, cycle_A: 0.141, D_B: 0.233, G_B: 0.922, cycle_B: 0.106, gp: 0.227

[Rank 0] (epoch: 24, iters: 20096, time: 0.001, data: 0.001) , D_A: 0.168, G_A: 1.006, cycle_A: 0.138, D_B: 0.169, G_B: 1.008, cycle_B: 0.116, gp: 0.165

[Rank 0] (epoch: 24, iters: 21696, time: 0.001, data: 0.001) , D_A: 0.216, G_A: 1.065, cycle_A: 0.139, D_B: 0.220, G_B: 1.004, cycle_B: 0.106, gp: 0.215

[Rank 0] (epoch: 24, iters: 23296, time: 0.001, data: 0.001) , D_A: 0.191, G_A: 0.972, cycle_A: 0.152, D_B: 0.203, G_B: 1.005, cycle_B: 0.108, gp: 0.200

[Rank 0] (epoch: 24, iters: 24896, time: 0.001, data: 0.001) , D_A: 0.155, G_A: 0.995, cycle_A: 0.143, D_B: 0.180, G_B: 0.982, cycle_B: 0.108, gp: 0.177

[Rank 0] (epoch: 24, iters: 26496, time: 0.001, data: 0.001) , D_A: 0.239, G_A: 1.013, cycle_A: 0.125, D_B: 0.195, G_B: 1.006, cycle_B: 0.113, gp: 0.190

[Rank 0] (epoch: 24, iters: 28096, time: 0.001, data: 0.001) , D_A: 0.188, G_A: 1.029, cycle_A: 0.141, D_B: 0.185, G_B: 0.964, cycle_B: 0.108, gp: 0.181

--- iter tau=0.2349 ---
  cipher in :  million dollars with our current per hundred tax rate it is saf
  decrypted : ayiffimeacmfflhsagiopamrhanrhh eoat haprech caoltahlo aioaisaslr
  real plain: exploits in richmond petersburg washington or nashville but thes
  cipher in : s were openly sullen and morose missing muster without excuse ex
  decrypted : sag h amt efdasrff ealecaymhms ayissiedayrso hagiopmroa tnrs a t
  real plain: re represented are really closer to chamber suites than to conce
[Rank 0] (epoch: 24, iters: 29696, time: 0.001, data: 0.001) , D_A: 0.207, G_A: 1.074, cycle_A: 0.142, D_B: 0.300, G_B: 0.951, cycle_B: 0.106, gp: 0.296

saving the latest model (epoch 24, total_iters 960000)
[Rank 0] (epoch: 24, iters: 31296, time: 0.001, data: 0.001) , D_A: 0.222, G_A: 1.100, cycle_A: 0.153, D_B: 0.286, G_B: 0.956, cycle_B: 0.103, gp: 0.281

[Rank 0] (epoch: 24, iters: 32896, time: 0.001, data: 0.001) , D_A: 0.088, G_A: 1.022, cycle_A: 0.131, D_B: 0.257, G_B: 1.006, cycle_B: 0.108, gp: 0.253

[Rank 0] (epoch: 24, iters: 34496, time: 0.001, data: 0.001) , D_A: 0.169, G_A: 0.991, cycle_A: 0.129, D_B: 0.244, G_B: 1.004, cycle_B: 0.122, gp: 0.240

[Rank 0] (epoch: 24, iters: 36096, time: 0.001, data: 0.001) , D_A: 0.242, G_A: 0.896, cycle_A: 0.138, D_B: 0.270, G_B: 0.997, cycle_B: 0.107, gp: 0.266

[Rank 0] (epoch: 24, iters: 37696, time: 0.001, data: 0.001) , D_A: 0.230, G_A: 0.980, cycle_A: 0.128, D_B: 0.217, G_B: 1.013, cycle_B: 0.103, gp: 0.214

[Rank 0] (epoch: 24, iters: 39296, time: 0.001, data: 0.001) , D_A: 0.210, G_A: 0.939, cycle_A: 0.139, D_B: 0.187, G_B: 1.046, cycle_B: 0.121, gp: 0.183

learning rate 0.0002000 -> 0.0002000
temperature tau = 0.2273
End of epoch 24 / 50 	 Time Taken: 37 sec
[Rank 0] (epoch: 25, iters: 448, time: 0.001, data: 0.001) , D_A: 0.207, G_A: 0.997, cycle_A: 0.138, D_B: 0.150, G_B: 0.960, cycle_B: 0.111, gp: 0.146

[Rank 0] (epoch: 25, iters: 2048, time: 0.001, data: 0.005) , D_A: 0.103, G_A: 0.958, cycle_A: 0.145, D_B: 0.257, G_B: 1.076, cycle_B: 0.106, gp: 0.248

[Rank 0] (epoch: 25, iters: 3648, time: 0.001, data: 0.001) , D_A: 0.159, G_A: 1.000, cycle_A: 0.140, D_B: 0.155, G_B: 0.972, cycle_B: 0.113, gp: 0.150

[Rank 0] (epoch: 25, iters: 5248, time: 0.001, data: 0.001) , D_A: 0.157, G_A: 1.013, cycle_A: 0.134, D_B: 0.217, G_B: 1.000, cycle_B: 0.110, gp: 0.213

[Rank 0] (epoch: 25, iters: 6848, time: 0.001, data: 0.001) , D_A: 0.162, G_A: 0.967, cycle_A: 0.139, D_B: 0.185, G_B: 0.948, cycle_B: 0.110, gp: 0.181

[Rank 0] (epoch: 25, iters: 8448, time: 0.001, data: 0.001) , D_A: 0.244, G_A: 0.941, cycle_A: 0.136, D_B: 0.235, G_B: 0.951, cycle_B: 0.105, gp: 0.232

[Rank 0] (epoch: 25, iters: 10048, time: 0.001, data: 0.001) , D_A: 0.131, G_A: 1.003, cycle_A: 0.137, D_B: 0.162, G_B: 0.959, cycle_B: 0.102, gp: 0.158

[Rank 0] (epoch: 25, iters: 11648, time: 0.001, data: 0.003) , D_A: 0.187, G_A: 1.030, cycle_A: 0.140, D_B: 0.213, G_B: 1.036, cycle_B: 0.108, gp: 0.208

[Rank 0] (epoch: 25, iters: 13248, time: 0.001, data: 0.001) , D_A: 0.151, G_A: 1.001, cycle_A: 0.147, D_B: 0.277, G_B: 0.954, cycle_B: 0.111, gp: 0.273

[Rank 0] (epoch: 25, iters: 14848, time: 0.001, data: 0.001) , D_A: 0.205, G_A: 1.023, cycle_A: 0.137, D_B: 0.196, G_B: 1.029, cycle_B: 0.119, gp: 0.189

[Rank 0] (epoch: 25, iters: 16448, time: 0.001, data: 0.001) , D_A: 0.215, G_A: 0.990, cycle_A: 0.150, D_B: 0.389, G_B: 1.045, cycle_B: 0.108, gp: 0.384

[Rank 0] (epoch: 25, iters: 18048, time: 0.001, data: 0.001) , D_A: 0.216, G_A: 0.986, cycle_A: 0.139, D_B: 0.134, G_B: 0.965, cycle_B: 0.113, gp: 0.129

[Rank 0] (epoch: 25, iters: 19648, time: 0.001, data: 0.002) , D_A: 0.207, G_A: 0.948, cycle_A: 0.132, D_B: 0.133, G_B: 1.008, cycle_B: 0.109, gp: 0.129

[Rank 0] (epoch: 25, iters: 21248, time: 0.001, data: 0.001) , D_A: 0.170, G_A: 0.981, cycle_A: 0.146, D_B: 0.235, G_B: 0.934, cycle_B: 0.108, gp: 0.223

[Rank 0] (epoch: 25, iters: 22848, time: 0.001, data: 0.001) , D_A: 0.221, G_A: 0.895, cycle_A: 0.144, D_B: 0.249, G_B: 0.887, cycle_B: 0.106, gp: 0.234

[Rank 0] (epoch: 25, iters: 24448, time: 0.001, data: 0.001) , D_A: 0.204, G_A: 1.044, cycle_A: 0.128, D_B: 0.245, G_B: 0.965, cycle_B: 0.109, gp: 0.241

[Rank 0] (epoch: 25, iters: 26048, time: 0.001, data: 0.001) , D_A: 0.248, G_A: 0.981, cycle_A: 0.147, D_B: 0.174, G_B: 0.998, cycle_B: 0.110, gp: 0.168

[Rank 0] (epoch: 25, iters: 27648, time: 0.001, data: 0.001) , D_A: 0.176, G_A: 1.140, cycle_A: 0.150, D_B: 0.198, G_B: 0.999, cycle_B: 0.098, gp: 0.192

--- iter tau=0.2273 ---
  cipher in : elp herself that the panic arose in her unwanted but he hadnt un
  decrypted :  wtap hs wraoploaop atleinalhus aieap harevleo carroap aplceoare
  real plain: exploits in richmond petersburg washington or nashville but thes
  cipher in : ld feel the hair stand up on the back of my neck like a dogs tha
  decrypted : wcar  waop aplihasolecartaueaop arlnlauraydae nlawil alacudsaopl
  real plain: re represented are really closer to chamber suites than to conce
[Rank 0] (epoch: 25, iters: 29248, time: 0.001, data: 0.001) , D_A: 0.189, G_A: 0.951, cycle_A: 0.133, D_B: 0.213, G_B: 0.972, cycle_B: 0.109, gp: 0.210

saving the latest model (epoch 25, total_iters 1000000)
[Rank 0] (epoch: 25, iters: 30848, time: 0.001, data: 0.001) , D_A: 0.221, G_A: 1.117, cycle_A: 0.136, D_B: 0.181, G_B: 1.024, cycle_B: 0.107, gp: 0.176

[Rank 0] (epoch: 25, iters: 32448, time: 0.001, data: 0.002) , D_A: 0.200, G_A: 0.991, cycle_A: 0.146, D_B: 0.218, G_B: 0.973, cycle_B: 0.115, gp: 0.214

[Rank 0] (epoch: 25, iters: 34048, time: 0.001, data: 0.001) , D_A: 0.216, G_A: 0.943, cycle_A: 0.137, D_B: 0.391, G_B: 0.985, cycle_B: 0.102, gp: 0.385

[Rank 0] (epoch: 25, iters: 35648, time: 0.001, data: 0.001) , D_A: 0.172, G_A: 0.966, cycle_A: 0.147, D_B: 0.219, G_B: 0.988, cycle_B: 0.107, gp: 0.212

[Rank 0] (epoch: 25, iters: 37248, time: 0.001, data: 0.001) , D_A: 0.154, G_A: 1.012, cycle_A: 0.127, D_B: 0.149, G_B: 0.961, cycle_B: 0.105, gp: 0.145

[Rank 0] (epoch: 25, iters: 38848, time: 0.001, data: 0.001) , D_A: 0.169, G_A: 0.968, cycle_A: 0.135, D_B: 0.191, G_B: 0.976, cycle_B: 0.106, gp: 0.187

[Rank 0] (epoch: 25, iters: 40448, time: 0.001, data: 0.001) , D_A: 0.152, G_A: 1.041, cycle_A: 0.146, D_B: 0.173, G_B: 1.025, cycle_B: 0.114, gp: 0.170

learning rate 0.0002000 -> 0.0002000
temperature tau = 0.2200
End of epoch 25 / 50 	 Time Taken: 39 sec
[Rank 0] (epoch: 26, iters: 1600, time: 0.001, data: 0.083) , D_A: 0.170, G_A: 1.004, cycle_A: 0.149, D_B: 0.213, G_B: 1.018, cycle_B: 0.108, gp: 0.205

[Rank 0] (epoch: 26, iters: 3200, time: 0.001, data: 0.001) , D_A: 0.182, G_A: 1.000, cycle_A: 0.142, D_B: 0.206, G_B: 0.933, cycle_B: 0.102, gp: 0.200

[Rank 0] (epoch: 26, iters: 4800, time: 0.001, data: 0.001) , D_A: 0.115, G_A: 1.037, cycle_A: 0.131, D_B: 0.209, G_B: 0.964, cycle_B: 0.119, gp: 0.204

[Rank 0] (epoch: 26, iters: 6400, time: 0.001, data: 0.001) , D_A: 0.163, G_A: 0.977, cycle_A: 0.142, D_B: 0.115, G_B: 0.943, cycle_B: 0.107, gp: 0.111

[Rank 0] (epoch: 26, iters: 8000, time: 0.001, data: 0.001) , D_A: 0.150, G_A: 0.939, cycle_A: 0.139, D_B: 0.266, G_B: 0.887, cycle_B: 0.113, gp: 0.256

[Rank 0] (epoch: 26, iters: 9600, time: 0.001, data: 0.001) , D_A: 0.219, G_A: 0.962, cycle_A: 0.135, D_B: 0.201, G_B: 1.029, cycle_B: 0.113, gp: 0.196

[Rank 0] (epoch: 26, iters: 11200, time: 0.001, data: 0.001) , D_A: 0.166, G_A: 0.963, cycle_A: 0.137, D_B: 0.288, G_B: 1.018, cycle_B: 0.112, gp: 0.282

[Rank 0] (epoch: 26, iters: 12800, time: 0.001, data: 0.001) , D_A: 0.159, G_A: 0.969, cycle_A: 0.137, D_B: 0.260, G_B: 1.006, cycle_B: 0.122, gp: 0.257

[Rank 0] (epoch: 26, iters: 14400, time: 0.001, data: 0.001) , D_A: 0.184, G_A: 0.945, cycle_A: 0.133, D_B: 0.194, G_B: 0.913, cycle_B: 0.120, gp: 0.190

[Rank 0] (epoch: 26, iters: 16000, time: 0.001, data: 0.001) , D_A: 0.192, G_A: 0.971, cycle_A: 0.142, D_B: 0.220, G_B: 0.898, cycle_B: 0.108, gp: 0.213

[Rank 0] (epoch: 26, iters: 17600, time: 0.001, data: 0.001) , D_A: 0.214, G_A: 1.033, cycle_A: 0.145, D_B: 0.171, G_B: 0.979, cycle_B: 0.110, gp: 0.167

[Rank 0] (epoch: 26, iters: 19200, time: 0.001, data: 0.001) , D_A: 0.315, G_A: 0.871, cycle_A: 0.145, D_B: 0.213, G_B: 1.027, cycle_B: 0.106, gp: 0.207

[Rank 0] (epoch: 26, iters: 20800, time: 0.001, data: 0.001) , D_A: 0.195, G_A: 0.988, cycle_A: 0.131, D_B: 0.155, G_B: 0.948, cycle_B: 0.115, gp: 0.150

[Rank 0] (epoch: 26, iters: 22400, time: 0.001, data: 0.002) , D_A: 0.185, G_A: 1.003, cycle_A: 0.145, D_B: 0.266, G_B: 0.997, cycle_B: 0.108, gp: 0.261

[Rank 0] (epoch: 26, iters: 24000, time: 0.001, data: 0.001) , D_A: 0.196, G_A: 1.030, cycle_A: 0.136, D_B: 0.422, G_B: 0.940, cycle_B: 0.103, gp: 0.418

[Rank 0] (epoch: 26, iters: 25600, time: 0.001, data: 0.001) , D_A: 0.196, G_A: 0.962, cycle_A: 0.138, D_B: 0.220, G_B: 1.045, cycle_B: 0.109, gp: 0.216

[Rank 0] (epoch: 26, iters: 27200, time: 0.001, data: 0.001) , D_A: 0.267, G_A: 0.959, cycle_A: 0.132, D_B: 0.145, G_B: 0.979, cycle_B: 0.101, gp: 0.142

--- iter tau=0.2200 ---
  cipher in : ines of ephesus gorton replied with blasts that scandalized the 
  decrypted : ie samra tp srsadmhomeah tfi cagioparflsosaoploasnleclfit caop a
  real plain: le as two feet from trough to crest usually it is only when they
  cipher in : holmes he is not an eccentric but rather an outcast with rex sto
  decrypted : pmfy sap aisaemoalea nn eohinarroahlop haleamronlsoagiopah tasom
  real plain: ust be devised for representing the public interest a secret con
[Rank 0] (epoch: 26, iters: 28800, time: 0.001, data: 0.001) , D_A: 0.289, G_A: 0.926, cycle_A: 0.138, D_B: 0.193, G_B: 1.013, cycle_B: 0.119, gp: 0.190

saving the latest model (epoch 26, total_iters 1040000)
[Rank 0] (epoch: 26, iters: 30400, time: 0.001, data: 0.001) , D_A: 0.168, G_A: 0.904, cycle_A: 0.147, D_B: 0.129, G_B: 0.981, cycle_B: 0.109, gp: 0.125

[Rank 0] (epoch: 26, iters: 32000, time: 0.001, data: 0.001) , D_A: 0.165, G_A: 0.975, cycle_A: 0.126, D_B: 0.226, G_B: 0.964, cycle_B: 0.100, gp: 0.223

[Rank 0] (epoch: 26, iters: 33600, time: 0.001, data: 0.001) , D_A: 0.181, G_A: 0.997, cycle_A: 0.140, D_B: 0.293, G_B: 0.990, cycle_B: 0.108, gp: 0.289

[Rank 0] (epoch: 26, iters: 35200, time: 0.001, data: 0.001) , D_A: 0.100, G_A: 0.999, cycle_A: 0.145, D_B: 0.169, G_B: 1.019, cycle_B: 0.116, gp: 0.165

[Rank 0] (epoch: 26, iters: 36800, time: 0.001, data: 0.001) , D_A: 0.264, G_A: 1.016, cycle_A: 0.137, D_B: 0.146, G_B: 1.016, cycle_B: 0.113, gp: 0.143

[Rank 0] (epoch: 26, iters: 38400, time: 0.001, data: 0.001) , D_A: 0.166, G_A: 1.019, cycle_A: 0.132, D_B: 0.181, G_B: 0.974, cycle_B: 0.113, gp: 0.175

[Rank 0] (epoch: 26, iters: 40000, time: 0.001, data: 0.001) , D_A: 0.178, G_A: 0.994, cycle_A: 0.131, D_B: 0.168, G_B: 0.996, cycle_B: 0.114, gp: 0.164

learning rate 0.0002000 -> 0.0002000
temperature tau = 0.2129
End of epoch 26 / 50 	 Time Taken: 38 sec
[Rank 0] (epoch: 27, iters: 1152, time: 0.001, data: 0.001) , D_A: 0.160, G_A: 0.997, cycle_A: 0.148, D_B: 0.225, G_B: 0.985, cycle_B: 0.107, gp: 0.220

[Rank 0] (epoch: 27, iters: 2752, time: 0.001, data: 0.001) , D_A: 0.111, G_A: 0.933, cycle_A: 0.131, D_B: 0.147, G_B: 0.972, cycle_B: 0.112, gp: 0.142

[Rank 0] (epoch: 27, iters: 4352, time: 0.001, data: 0.001) , D_A: 0.180, G_A: 0.973, cycle_A: 0.128, D_B: 0.214, G_B: 0.957, cycle_B: 0.104, gp: 0.210

[Rank 0] (epoch: 27, iters: 5952, time: 0.001, data: 0.001) , D_A: 0.231, G_A: 0.951, cycle_A: 0.132, D_B: 0.247, G_B: 0.957, cycle_B: 0.117, gp: 0.243

[Rank 0] (epoch: 27, iters: 7552, time: 0.001, data: 0.001) , D_A: 0.204, G_A: 0.957, cycle_A: 0.140, D_B: 0.349, G_B: 0.934, cycle_B: 0.116, gp: 0.346

[Rank 0] (epoch: 27, iters: 9152, time: 0.001, data: 0.001) , D_A: 0.119, G_A: 1.025, cycle_A: 0.139, D_B: 0.203, G_B: 0.918, cycle_B: 0.110, gp: 0.198

[Rank 0] (epoch: 27, iters: 10752, time: 0.001, data: 0.001) , D_A: 0.206, G_A: 0.968, cycle_A: 0.134, D_B: 0.232, G_B: 1.003, cycle_B: 0.102, gp: 0.229

[Rank 0] (epoch: 27, iters: 12352, time: 0.001, data: 0.001) , D_A: 0.126, G_A: 1.008, cycle_A: 0.133, D_B: 0.229, G_B: 1.036, cycle_B: 0.123, gp: 0.225

[Rank 0] (epoch: 27, iters: 13952, time: 0.001, data: 0.001) , D_A: 0.264, G_A: 1.038, cycle_A: 0.133, D_B: 0.300, G_B: 0.918, cycle_B: 0.126, gp: 0.286

[Rank 0] (epoch: 27, iters: 15552, time: 0.001, data: 0.001) , D_A: 0.216, G_A: 1.002, cycle_A: 0.135, D_B: 0.255, G_B: 0.991, cycle_B: 0.109, gp: 0.251

[Rank 0] (epoch: 27, iters: 17152, time: 0.001, data: 0.001) , D_A: 0.270, G_A: 0.968, cycle_A: 0.144, D_B: 0.243, G_B: 0.938, cycle_B: 0.105, gp: 0.239

[Rank 0] (epoch: 27, iters: 18752, time: 0.001, data: 0.001) , D_A: 0.119, G_A: 0.983, cycle_A: 0.138, D_B: 0.195, G_B: 0.913, cycle_B: 0.105, gp: 0.189

[Rank 0] (epoch: 27, iters: 20352, time: 0.001, data: 0.001) , D_A: 0.169, G_A: 0.998, cycle_A: 0.134, D_B: 0.327, G_B: 1.097, cycle_B: 0.115, gp: 0.318

[Rank 0] (epoch: 27, iters: 21952, time: 0.001, data: 0.001) , D_A: 0.205, G_A: 0.935, cycle_A: 0.135, D_B: 0.212, G_B: 0.963, cycle_B: 0.105, gp: 0.207

[Rank 0] (epoch: 27, iters: 23552, time: 0.001, data: 0.001) , D_A: 0.182, G_A: 1.051, cycle_A: 0.148, D_B: 0.303, G_B: 0.940, cycle_B: 0.107, gp: 0.293

[Rank 0] (epoch: 27, iters: 25152, time: 0.001, data: 0.001) , D_A: 0.139, G_A: 0.938, cycle_A: 0.141, D_B: 0.325, G_B: 1.052, cycle_B: 0.110, gp: 0.319

[Rank 0] (epoch: 27, iters: 26752, time: 0.001, data: 0.001) , D_A: 0.115, G_A: 1.001, cycle_A: 0.130, D_B: 0.235, G_B: 1.043, cycle_B: 0.108, gp: 0.229

--- iter tau=0.2129 ---
  cipher in : e possible by use of a new technique which replaces visible ligh
  decrypted :  atussirf ardars auralae gao npeibr agpinpah tfln sapisirf afidp
  real plain:  conscious of the classic tradition of liberalism because it is 
  cipher in : ase in expense allowances pelham said sunday night there was res
  decrypted : ls aiea tt es alffuglen sat fplyaslicasrecldaeidpoaop h aglsah s
  real plain: honemics the phonemic systems which must support these morphopho
[Rank 0] (epoch: 27, iters: 28352, time: 0.001, data: 0.001) , D_A: 0.200, G_A: 1.038, cycle_A: 0.138, D_B: 0.167, G_B: 0.979, cycle_B: 0.108, gp: 0.163

saving the latest model (epoch 27, total_iters 1080000)
[Rank 0] (epoch: 27, iters: 29952, time: 0.001, data: 0.001) , D_A: 0.207, G_A: 0.955, cycle_A: 0.136, D_B: 0.246, G_B: 0.981, cycle_B: 0.107, gp: 0.241

[Rank 0] (epoch: 27, iters: 31552, time: 0.001, data: 0.001) , D_A: 0.218, G_A: 1.045, cycle_A: 0.138, D_B: 0.237, G_B: 1.005, cycle_B: 0.104, gp: 0.233

[Rank 0] (epoch: 27, iters: 33152, time: 0.001, data: 0.001) , D_A: 0.184, G_A: 0.981, cycle_A: 0.136, D_B: 0.325, G_B: 0.983, cycle_B: 0.107, gp: 0.318

[Rank 0] (epoch: 27, iters: 34752, time: 0.001, data: 0.001) , D_A: 0.107, G_A: 1.029, cycle_A: 0.136, D_B: 0.192, G_B: 1.033, cycle_B: 0.112, gp: 0.189

[Rank 0] (epoch: 27, iters: 36352, time: 0.001, data: 0.001) , D_A: 0.209, G_A: 0.998, cycle_A: 0.137, D_B: 0.275, G_B: 0.974, cycle_B: 0.110, gp: 0.272

[Rank 0] (epoch: 27, iters: 37952, time: 0.001, data: 0.002) , D_A: 0.204, G_A: 0.968, cycle_A: 0.132, D_B: 0.147, G_B: 0.997, cycle_B: 0.115, gp: 0.142

[Rank 0] (epoch: 27, iters: 39552, time: 0.001, data: 0.002) , D_A: 0.238, G_A: 1.024, cycle_A: 0.139, D_B: 0.179, G_B: 0.971, cycle_B: 0.123, gp: 0.175

learning rate 0.0002000 -> 0.0002000
temperature tau = 0.2060
End of epoch 27 / 50 	 Time Taken: 40 sec
[Rank 0] (epoch: 28, iters: 704, time: 0.001, data: 0.001) , D_A: 0.170, G_A: 0.920, cycle_A: 0.146, D_B: 0.191, G_B: 0.956, cycle_B: 0.107, gp: 0.186

[Rank 0] (epoch: 28, iters: 2304, time: 0.001, data: 0.000) , D_A: 0.219, G_A: 0.964, cycle_A: 0.134, D_B: 0.182, G_B: 1.001, cycle_B: 0.116, gp: 0.179

[Rank 0] (epoch: 28, iters: 3904, time: 0.001, data: 0.001) , D_A: 0.176, G_A: 0.934, cycle_A: 0.137, D_B: 0.278, G_B: 0.965, cycle_B: 0.112, gp: 0.274

[Rank 0] (epoch: 28, iters: 5504, time: 0.001, data: 0.001) , D_A: 0.183, G_A: 0.982, cycle_A: 0.142, D_B: 0.167, G_B: 0.966, cycle_B: 0.108, gp: 0.164

[Rank 0] (epoch: 28, iters: 7104, time: 0.001, data: 0.001) , D_A: 0.225, G_A: 0.998, cycle_A: 0.131, D_B: 0.158, G_B: 1.004, cycle_B: 0.110, gp: 0.153

[Rank 0] (epoch: 28, iters: 8704, time: 0.001, data: 0.001) , D_A: 0.158, G_A: 0.970, cycle_A: 0.134, D_B: 0.157, G_B: 0.939, cycle_B: 0.104, gp: 0.151

[Rank 0] (epoch: 28, iters: 10304, time: 0.001, data: 0.001) , D_A: 0.204, G_A: 1.060, cycle_A: 0.131, D_B: 0.171, G_B: 1.007, cycle_B: 0.102, gp: 0.168

[Rank 0] (epoch: 28, iters: 11904, time: 0.001, data: 0.001) , D_A: 0.192, G_A: 0.973, cycle_A: 0.127, D_B: 0.275, G_B: 1.015, cycle_B: 0.115, gp: 0.271

[Rank 0] (epoch: 28, iters: 13504, time: 0.001, data: 0.003) , D_A: 0.214, G_A: 1.091, cycle_A: 0.144, D_B: 0.340, G_B: 1.003, cycle_B: 0.111, gp: 0.337

[Rank 0] (epoch: 28, iters: 15104, time: 0.001, data: 0.002) , D_A: 0.176, G_A: 0.976, cycle_A: 0.144, D_B: 0.216, G_B: 0.999, cycle_B: 0.112, gp: 0.211

[Rank 0] (epoch: 28, iters: 16704, time: 0.001, data: 0.001) , D_A: 0.158, G_A: 0.951, cycle_A: 0.141, D_B: 0.273, G_B: 0.896, cycle_B: 0.109, gp: 0.269

[Rank 0] (epoch: 28, iters: 18304, time: 0.001, data: 0.001) , D_A: 0.224, G_A: 0.973, cycle_A: 0.134, D_B: 0.160, G_B: 0.947, cycle_B: 0.112, gp: 0.156

[Rank 0] (epoch: 28, iters: 19904, time: 0.001, data: 0.001) , D_A: 0.246, G_A: 0.955, cycle_A: 0.131, D_B: 0.278, G_B: 1.009, cycle_B: 0.107, gp: 0.275

[Rank 0] (epoch: 28, iters: 21504, time: 0.001, data: 0.001) , D_A: 0.149, G_A: 0.932, cycle_A: 0.137, D_B: 0.204, G_B: 0.936, cycle_B: 0.108, gp: 0.198

[Rank 0] (epoch: 28, iters: 23104, time: 0.001, data: 0.001) , D_A: 0.240, G_A: 0.947, cycle_A: 0.146, D_B: 0.237, G_B: 1.017, cycle_B: 0.109, gp: 0.231

[Rank 0] (epoch: 28, iters: 24704, time: 0.001, data: 0.002) , D_A: 0.145, G_A: 0.978, cycle_A: 0.134, D_B: 0.214, G_B: 1.013, cycle_B: 0.108, gp: 0.210

[Rank 0] (epoch: 28, iters: 26304, time: 0.001, data: 0.001) , D_A: 0.215, G_A: 0.954, cycle_A: 0.138, D_B: 0.213, G_B: 1.003, cycle_B: 0.115, gp: 0.210

--- iter tau=0.2060 ---
  cipher in : ished the liquor in the bottom of his glass about halfway back p
  decrypted : isp caop afibruhaieaop aruoouyaurapisadflssalruroaplfrgldarlnlat
  real plain: but one thing led to another i got a girl in trouble and we had 
  cipher in : such industries to which the model of this paper is applicable t
  decrypted : srnpaiecrsohi saouagpinpaop ayuc fauraopisatlt haisalttfinlrf ao
  real plain: ttempt to bring supplies from st louis or prairie du chien at gr
[Rank 0] (epoch: 28, iters: 27904, time: 0.001, data: 0.001) , D_A: 0.226, G_A: 0.985, cycle_A: 0.135, D_B: 0.237, G_B: 1.020, cycle_B: 0.107, gp: 0.234

saving the latest model (epoch 28, total_iters 1120000)
[Rank 0] (epoch: 28, iters: 29504, time: 0.001, data: 0.002) , D_A: 0.272, G_A: 1.004, cycle_A: 0.135, D_B: 0.288, G_B: 0.999, cycle_B: 0.106, gp: 0.284

[Rank 0] (epoch: 28, iters: 31104, time: 0.001, data: 0.001) , D_A: 0.249, G_A: 0.901, cycle_A: 0.138, D_B: 0.210, G_B: 1.008, cycle_B: 0.106, gp: 0.206

[Rank 0] (epoch: 28, iters: 32704, time: 0.001, data: 0.001) , D_A: 0.237, G_A: 0.937, cycle_A: 0.135, D_B: 0.387, G_B: 0.955, cycle_B: 0.114, gp: 0.382

[Rank 0] (epoch: 28, iters: 34304, time: 0.001, data: 0.001) , D_A: 0.274, G_A: 0.977, cycle_A: 0.143, D_B: 0.253, G_B: 0.961, cycle_B: 0.102, gp: 0.248

[Rank 0] (epoch: 28, iters: 35904, time: 0.001, data: 0.001) , D_A: 0.142, G_A: 0.969, cycle_A: 0.141, D_B: 0.276, G_B: 0.993, cycle_B: 0.108, gp: 0.271

[Rank 0] (epoch: 28, iters: 37504, time: 0.001, data: 0.002) , D_A: 0.152, G_A: 1.009, cycle_A: 0.131, D_B: 0.160, G_B: 1.005, cycle_B: 0.102, gp: 0.156

[Rank 0] (epoch: 28, iters: 39104, time: 0.001, data: 0.001) , D_A: 0.225, G_A: 1.432, cycle_A: 0.130, D_B: 0.195, G_B: 0.985, cycle_B: 0.130, gp: 0.191

learning rate 0.0002000 -> 0.0002000
temperature tau = 0.1993
End of epoch 28 / 50 	 Time Taken: 38 sec
[Rank 0] (epoch: 29, iters: 256, time: 0.001, data: 0.001) , D_A: 0.180, G_A: 0.979, cycle_A: 0.134, D_B: 0.172, G_B: 1.026, cycle_B: 0.111, gp: 0.169

[Rank 0] (epoch: 29, iters: 1856, time: 0.001, data: 0.003) , D_A: 0.213, G_A: 0.979, cycle_A: 0.131, D_B: 0.214, G_B: 0.962, cycle_B: 0.106, gp: 0.209

[Rank 0] (epoch: 29, iters: 3456, time: 0.001, data: 0.001) , D_A: 0.164, G_A: 0.970, cycle_A: 0.140, D_B: 0.086, G_B: 0.978, cycle_B: 0.102, gp: 0.082

[Rank 0] (epoch: 29, iters: 5056, time: 0.001, data: 0.001) , D_A: 0.281, G_A: 0.971, cycle_A: 0.144, D_B: 0.190, G_B: 0.980, cycle_B: 0.118, gp: 0.188

[Rank 0] (epoch: 29, iters: 6656, time: 0.001, data: 0.001) , D_A: 0.194, G_A: 0.997, cycle_A: 0.135, D_B: 0.223, G_B: 1.019, cycle_B: 0.104, gp: 0.220

[Rank 0] (epoch: 29, iters: 8256, time: 0.001, data: 0.001) , D_A: 0.194, G_A: 0.977, cycle_A: 0.129, D_B: 0.221, G_B: 1.018, cycle_B: 0.105, gp: 0.218

[Rank 0] (epoch: 29, iters: 9856, time: 0.001, data: 0.001) , D_A: 0.270, G_A: 0.965, cycle_A: 0.143, D_B: 0.226, G_B: 1.006, cycle_B: 0.107, gp: 0.223

[Rank 0] (epoch: 29, iters: 11456, time: 0.001, data: 0.001) , D_A: 0.143, G_A: 0.993, cycle_A: 0.136, D_B: 0.265, G_B: 1.067, cycle_B: 0.111, gp: 0.261

[Rank 0] (epoch: 29, iters: 13056, time: 0.001, data: 0.001) , D_A: 0.101, G_A: 0.965, cycle_A: 0.139, D_B: 0.208, G_B: 0.966, cycle_B: 0.111, gp: 0.205

[Rank 0] (epoch: 29, iters: 14656, time: 0.001, data: 0.001) , D_A: 0.270, G_A: 0.976, cycle_A: 0.138, D_B: 0.241, G_B: 1.040, cycle_B: 0.119, gp: 0.238

[Rank 0] (epoch: 29, iters: 16256, time: 0.001, data: 0.001) , D_A: 0.140, G_A: 0.948, cycle_A: 0.140, D_B: 0.300, G_B: 0.983, cycle_B: 0.106, gp: 0.295

[Rank 0] (epoch: 29, iters: 17856, time: 0.001, data: 0.001) , D_A: 0.130, G_A: 0.997, cycle_A: 0.136, D_B: 0.269, G_B: 0.981, cycle_B: 0.113, gp: 0.266

[Rank 0] (epoch: 29, iters: 19456, time: 0.001, data: 0.001) , D_A: 0.130, G_A: 0.966, cycle_A: 0.128, D_B: 0.199, G_B: 1.064, cycle_B: 0.111, gp: 0.190

[Rank 0] (epoch: 29, iters: 21056, time: 0.001, data: 0.001) , D_A: 0.159, G_A: 0.919, cycle_A: 0.138, D_B: 0.344, G_B: 1.094, cycle_B: 0.109, gp: 0.335

[Rank 0] (epoch: 29, iters: 22656, time: 0.001, data: 0.001) , D_A: 0.130, G_A: 0.976, cycle_A: 0.152, D_B: 0.353, G_B: 1.105, cycle_B: 0.107, gp: 0.334

[Rank 0] (epoch: 29, iters: 24256, time: 0.001, data: 0.001) , D_A: 0.232, G_A: 1.028, cycle_A: 0.144, D_B: 0.337, G_B: 0.929, cycle_B: 0.109, gp: 0.333

[Rank 0] (epoch: 29, iters: 25856, time: 0.001, data: 0.001) , D_A: 0.110, G_A: 0.953, cycle_A: 0.135, D_B: 0.156, G_B: 1.003, cycle_B: 0.110, gp: 0.153

--- iter tau=0.1993 ---
  cipher in : cience and i submitted to its conditions according to christs in
  decrypted : ni en alecaiasrryioo caouaiosanuecioiuesalnnuhciedaouanphisosaie
  real plain: r limbs and leaves intertwined in a coarse curtain against the s
  cipher in : ke of continuing his stickyfingered career in arkansas with the 
  decrypted : l auranueoieriedapisasoinldried h canlh  haiealhlleslsagiopaop a
  real plain: ersities colleges and preparatory schools of the united states w
[Rank 0] (epoch: 29, iters: 27456, time: 0.001, data: 0.001) , D_A: 0.141, G_A: 0.962, cycle_A: 0.137, D_B: 0.179, G_B: 0.996, cycle_B: 0.098, gp: 0.175

saving the latest model (epoch 29, total_iters 1160000)
[Rank 0] (epoch: 29, iters: 29056, time: 0.001, data: 0.001) , D_A: 0.176, G_A: 1.001, cycle_A: 0.149, D_B: 0.235, G_B: 0.991, cycle_B: 0.117, gp: 0.232

[Rank 0] (epoch: 29, iters: 30656, time: 0.001, data: 0.001) , D_A: 0.089, G_A: 1.045, cycle_A: 0.143, D_B: 0.198, G_B: 0.947, cycle_B: 0.109, gp: 0.194

[Rank 0] (epoch: 29, iters: 32256, time: 0.001, data: 0.001) , D_A: 0.128, G_A: 0.983, cycle_A: 0.143, D_B: 0.198, G_B: 1.010, cycle_B: 0.099, gp: 0.194

[Rank 0] (epoch: 29, iters: 33856, time: 0.001, data: 0.001) , D_A: 0.107, G_A: 0.968, cycle_A: 0.133, D_B: 0.331, G_B: 0.925, cycle_B: 0.103, gp: 0.326

[Rank 0] (epoch: 29, iters: 35456, time: 0.001, data: 0.001) , D_A: 0.190, G_A: 1.024, cycle_A: 0.142, D_B: 0.201, G_B: 1.008, cycle_B: 0.107, gp: 0.196

[Rank 0] (epoch: 29, iters: 37056, time: 0.001, data: 0.001) , D_A: 0.204, G_A: 1.027, cycle_A: 0.131, D_B: 0.162, G_B: 0.991, cycle_B: 0.105, gp: 0.156

[Rank 0] (epoch: 29, iters: 38656, time: 0.001, data: 0.001) , D_A: 0.145, G_A: 1.037, cycle_A: 0.138, D_B: 0.220, G_B: 1.024, cycle_B: 0.103, gp: 0.216

[Rank 0] (epoch: 29, iters: 40256, time: 0.001, data: 0.001) , D_A: 0.112, G_A: 1.002, cycle_A: 0.137, D_B: 0.185, G_B: 1.053, cycle_B: 0.112, gp: 0.182

learning rate 0.0002000 -> 0.0002000
temperature tau = 0.1929
End of epoch 29 / 50 	 Time Taken: 39 sec
[Rank 0] (epoch: 30, iters: 1408, time: 0.001, data: 0.001) , D_A: 0.173, G_A: 0.998, cycle_A: 0.140, D_B: 0.210, G_B: 0.985, cycle_B: 0.106, gp: 0.205

[Rank 0] (epoch: 30, iters: 3008, time: 0.001, data: 0.001) , D_A: 0.269, G_A: 1.010, cycle_A: 0.137, D_B: 0.222, G_B: 1.023, cycle_B: 0.108, gp: 0.217

[Rank 0] (epoch: 30, iters: 4608, time: 0.001, data: 0.001) , D_A: 0.206, G_A: 0.960, cycle_A: 0.134, D_B: 0.313, G_B: 1.016, cycle_B: 0.102, gp: 0.310

[Rank 0] (epoch: 30, iters: 6208, time: 0.001, data: 0.001) , D_A: 0.256, G_A: 0.987, cycle_A: 0.147, D_B: 0.142, G_B: 0.955, cycle_B: 0.108, gp: 0.138

[Rank 0] (epoch: 30, iters: 7808, time: 0.001, data: 0.001) , D_A: 0.072, G_A: 0.992, cycle_A: 0.145, D_B: 0.291, G_B: 0.974, cycle_B: 0.115, gp: 0.287

[Rank 0] (epoch: 30, iters: 9408, time: 0.001, data: 0.001) , D_A: 0.204, G_A: 1.011, cycle_A: 0.136, D_B: 0.246, G_B: 0.983, cycle_B: 0.112, gp: 0.241

[Rank 0] (epoch: 30, iters: 11008, time: 0.001, data: 0.001) , D_A: 0.178, G_A: 0.984, cycle_A: 0.141, D_B: 0.223, G_B: 0.940, cycle_B: 0.113, gp: 0.219

[Rank 0] (epoch: 30, iters: 12608, time: 0.001, data: 0.001) , D_A: 0.200, G_A: 1.008, cycle_A: 0.137, D_B: 0.247, G_B: 1.000, cycle_B: 0.120, gp: 0.237

[Rank 0] (epoch: 30, iters: 14208, time: 0.001, data: 0.001) , D_A: 0.139, G_A: 0.998, cycle_A: 0.141, D_B: 0.204, G_B: 1.016, cycle_B: 0.125, gp: 0.199

[Rank 0] (epoch: 30, iters: 15808, time: 0.001, data: 0.001) , D_A: 0.225, G_A: 0.994, cycle_A: 0.150, D_B: 0.302, G_B: 0.882, cycle_B: 0.108, gp: 0.290

[Rank 0] (epoch: 30, iters: 17408, time: 0.001, data: 0.001) , D_A: 0.114, G_A: 1.008, cycle_A: 0.137, D_B: 0.155, G_B: 0.925, cycle_B: 0.105, gp: 0.152

[Rank 0] (epoch: 30, iters: 19008, time: 0.001, data: 0.002) , D_A: 0.180, G_A: 0.922, cycle_A: 0.133, D_B: 0.249, G_B: 1.054, cycle_B: 0.107, gp: 0.244

[Rank 0] (epoch: 30, iters: 20608, time: 0.001, data: 0.001) , D_A: 0.213, G_A: 0.961, cycle_A: 0.141, D_B: 0.309, G_B: 1.089, cycle_B: 0.115, gp: 0.300

[Rank 0] (epoch: 30, iters: 22208, time: 0.001, data: 0.001) , D_A: 0.177, G_A: 0.944, cycle_A: 0.133, D_B: 0.294, G_B: 0.986, cycle_B: 0.108, gp: 0.288

[Rank 0] (epoch: 30, iters: 23808, time: 0.001, data: 0.001) , D_A: 0.206, G_A: 1.011, cycle_A: 0.134, D_B: 0.329, G_B: 1.039, cycle_B: 0.105, gp: 0.324

[Rank 0] (epoch: 30, iters: 25408, time: 0.001, data: 0.001) , D_A: 0.174, G_A: 0.968, cycle_A: 0.141, D_B: 0.231, G_B: 1.008, cycle_B: 0.109, gp: 0.226

--- iter tau=0.1929 ---
  cipher in : templation of the sea i am innocent captain cromwell said again 
  decrypted : o ytfloiueauraop as laialyaieeun eoanltolieanhuyg ffaslicaldliea
  real plain: ng civilization is the fall in the value of women in mens eyes i
  cipher in : st cases these soils are taken up as liquids through capillary a
  decrypted : soanls saop s asuifsalh aoll eartalsafibricsaophurdpanltifflhdal
  real plain: e in the spirit of montaigne and produced in the end a formidabl
[Rank 0] (epoch: 30, iters: 27008, time: 0.001, data: 0.002) , D_A: 0.172, G_A: 1.008, cycle_A: 0.143, D_B: 0.300, G_B: 0.972, cycle_B: 0.103, gp: 0.296

saving the latest model (epoch 30, total_iters 1200000)
[Rank 0] (epoch: 30, iters: 28608, time: 0.001, data: 0.001) , D_A: 0.220, G_A: 0.976, cycle_A: 0.139, D_B: 0.202, G_B: 0.985, cycle_B: 0.107, gp: 0.199

[Rank 0] (epoch: 30, iters: 30208, time: 0.001, data: 0.001) , D_A: 0.122, G_A: 1.007, cycle_A: 0.134, D_B: 0.264, G_B: 1.016, cycle_B: 0.107, gp: 0.261

[Rank 0] (epoch: 30, iters: 31808, time: 0.001, data: 0.001) , D_A: 0.185, G_A: 0.976, cycle_A: 0.126, D_B: 0.219, G_B: 0.980, cycle_B: 0.101, gp: 0.212

[Rank 0] (epoch: 30, iters: 33408, time: 0.001, data: 0.001) , D_A: 0.226, G_A: 0.984, cycle_A: 0.136, D_B: 0.205, G_B: 1.030, cycle_B: 0.109, gp: 0.201

[Rank 0] (epoch: 30, iters: 35008, time: 0.001, data: 0.001) , D_A: 0.265, G_A: 0.810, cycle_A: 0.128, D_B: 0.154, G_B: 0.977, cycle_B: 0.117, gp: 0.152

[Rank 0] (epoch: 30, iters: 36608, time: 0.001, data: 0.001) , D_A: 0.231, G_A: 0.977, cycle_A: 0.135, D_B: 0.181, G_B: 1.032, cycle_B: 0.113, gp: 0.177

[Rank 0] (epoch: 30, iters: 38208, time: 0.001, data: 0.001) , D_A: 0.166, G_A: 1.014, cycle_A: 0.135, D_B: 0.237, G_B: 1.043, cycle_B: 0.113, gp: 0.233

[Rank 0] (epoch: 30, iters: 39808, time: 0.001, data: 0.001) , D_A: 0.192, G_A: 0.888, cycle_A: 0.129, D_B: 0.157, G_B: 0.918, cycle_B: 0.125, gp: 0.152

learning rate 0.0002000 -> 0.0002000
temperature tau = 0.1867
End of epoch 30 / 50 	 Time Taken: 38 sec
[Rank 0] (epoch: 31, iters: 960, time: 0.001, data: 0.001) , D_A: 0.173, G_A: 0.931, cycle_A: 0.144, D_B: 0.179, G_B: 0.924, cycle_B: 0.107, gp: 0.176

[Rank 0] (epoch: 31, iters: 2560, time: 0.001, data: 0.001) , D_A: 0.150, G_A: 1.009, cycle_A: 0.136, D_B: 0.242, G_B: 1.036, cycle_B: 0.116, gp: 0.238

[Rank 0] (epoch: 31, iters: 4160, time: 0.001, data: 0.001) , D_A: 0.210, G_A: 1.020, cycle_A: 0.149, D_B: 0.269, G_B: 0.927, cycle_B: 0.105, gp: 0.264

[Rank 0] (epoch: 31, iters: 5760, time: 0.001, data: 0.001) , D_A: 0.139, G_A: 1.012, cycle_A: 0.143, D_B: 0.196, G_B: 1.009, cycle_B: 0.117, gp: 0.191

[Rank 0] (epoch: 31, iters: 7360, time: 0.001, data: 0.001) , D_A: 0.183, G_A: 0.989, cycle_A: 0.145, D_B: 0.342, G_B: 0.995, cycle_B: 0.119, gp: 0.339

[Rank 0] (epoch: 31, iters: 8960, time: 0.001, data: 0.001) , D_A: 0.192, G_A: 0.895, cycle_A: 0.132, D_B: 0.193, G_B: 0.943, cycle_B: 0.110, gp: 0.190

[Rank 0] (epoch: 31, iters: 10560, time: 0.001, data: 0.001) , D_A: 0.173, G_A: 0.935, cycle_A: 0.137, D_B: 0.226, G_B: 1.010, cycle_B: 0.102, gp: 0.223

[Rank 0] (epoch: 31, iters: 12160, time: 0.001, data: 0.001) , D_A: 0.174, G_A: 0.994, cycle_A: 0.129, D_B: 0.308, G_B: 0.995, cycle_B: 0.114, gp: 0.304

[Rank 0] (epoch: 31, iters: 13760, time: 0.001, data: 0.001) , D_A: 0.132, G_A: 1.001, cycle_A: 0.137, D_B: 0.208, G_B: 0.971, cycle_B: 0.112, gp: 0.205

[Rank 0] (epoch: 31, iters: 15360, time: 0.001, data: 0.001) , D_A: 0.143, G_A: 0.965, cycle_A: 0.150, D_B: 0.363, G_B: 1.045, cycle_B: 0.112, gp: 0.358

[Rank 0] (epoch: 31, iters: 16960, time: 0.001, data: 0.001) , D_A: 0.156, G_A: 1.025, cycle_A: 0.145, D_B: 0.214, G_B: 1.009, cycle_B: 0.106, gp: 0.211

[Rank 0] (epoch: 31, iters: 18560, time: 0.001, data: 0.001) , D_A: 0.169, G_A: 0.973, cycle_A: 0.128, D_B: 0.175, G_B: 0.942, cycle_B: 0.106, gp: 0.169

[Rank 0] (epoch: 31, iters: 20160, time: 0.001, data: 0.001) , D_A: 0.118, G_A: 0.936, cycle_A: 0.135, D_B: 0.289, G_B: 0.984, cycle_B: 0.115, gp: 0.286

[Rank 0] (epoch: 31, iters: 21760, time: 0.001, data: 0.001) , D_A: 0.178, G_A: 0.887, cycle_A: 0.152, D_B: 0.236, G_B: 1.028, cycle_B: 0.105, gp: 0.232

[Rank 0] (epoch: 31, iters: 23360, time: 0.001, data: 0.001) , D_A: 0.175, G_A: 0.970, cycle_A: 0.138, D_B: 0.371, G_B: 1.048, cycle_B: 0.107, gp: 0.367

[Rank 0] (epoch: 31, iters: 24960, time: 0.001, data: 0.001) , D_A: 0.104, G_A: 1.006, cycle_A: 0.129, D_B: 0.163, G_B: 0.964, cycle_B: 0.108, gp: 0.159

--- iter tau=0.1867 ---
  cipher in :  in the early life support the assumption that during this perio
  decrypted : aieaop a lhfdafir asrttmhoaop alssrytoimeaoploacrhiedaopisat him
  real plain:  out of your heads somewhat daunted the two american missionarie
  cipher in :  would not easily be hypnotized by a septuagenarians dreamy irre
  decrypted : agmrfcaemoa lsifdar apdtemoit cardalas torld elhilesach lydaihh 
  real plain:  examined under dark field illumination in a zeiss fluorescence 
[Rank 0] (epoch: 31, iters: 26560, time: 0.001, data: 0.001) , D_A: 0.204, G_A: 0.969, cycle_A: 0.145, D_B: 0.174, G_B: 1.002, cycle_B: 0.111, gp: 0.170

saving the latest model (epoch 31, total_iters 1240000)
[Rank 0] (epoch: 31, iters: 28160, time: 0.001, data: 0.001) , D_A: 0.116, G_A: 0.988, cycle_A: 0.127, D_B: 0.191, G_B: 0.986, cycle_B: 0.107, gp: 0.187

[Rank 0] (epoch: 31, iters: 29760, time: 0.001, data: 0.001) , D_A: 0.123, G_A: 0.934, cycle_A: 0.145, D_B: 0.353, G_B: 0.960, cycle_B: 0.107, gp: 0.349

[Rank 0] (epoch: 31, iters: 31360, time: 0.001, data: 0.001) , D_A: 0.225, G_A: 0.915, cycle_A: 0.135, D_B: 0.198, G_B: 0.990, cycle_B: 0.103, gp: 0.194

[Rank 0] (epoch: 31, iters: 32960, time: 0.001, data: 0.001) , D_A: 0.180, G_A: 1.019, cycle_A: 0.135, D_B: 0.258, G_B: 1.084, cycle_B: 0.107, gp: 0.249

[Rank 0] (epoch: 31, iters: 34560, time: 0.001, data: 0.001) , D_A: 0.148, G_A: 1.015, cycle_A: 0.136, D_B: 0.215, G_B: 1.022, cycle_B: 0.112, gp: 0.210

[Rank 0] (epoch: 31, iters: 36160, time: 0.001, data: 0.001) , D_A: 0.219, G_A: 1.078, cycle_A: 0.147, D_B: 0.293, G_B: 1.006, cycle_B: 0.110, gp: 0.290

[Rank 0] (epoch: 31, iters: 37760, time: 0.001, data: 0.001) , D_A: 0.194, G_A: 1.022, cycle_A: 0.144, D_B: 0.174, G_B: 0.985, cycle_B: 0.101, gp: 0.171

[Rank 0] (epoch: 31, iters: 39360, time: 0.001, data: 0.001) , D_A: 0.211, G_A: 0.901, cycle_A: 0.132, D_B: 0.153, G_B: 0.942, cycle_B: 0.118, gp: 0.149

learning rate 0.0002000 -> 0.0002000
temperature tau = 0.1806
End of epoch 31 / 50 	 Time Taken: 35 sec
[Rank 0] (epoch: 32, iters: 512, time: 0.001, data: 0.013) , D_A: 0.196, G_A: 1.228, cycle_A: 0.147, D_B: 0.157, G_B: 0.990, cycle_B: 0.117, gp: 0.153

[Rank 0] (epoch: 32, iters: 2112, time: 0.001, data: 0.001) , D_A: 0.204, G_A: 1.040, cycle_A: 0.138, D_B: 0.223, G_B: 1.005, cycle_B: 0.116, gp: 0.218

[Rank 0] (epoch: 32, iters: 3712, time: 0.001, data: 0.001) , D_A: 0.064, G_A: 0.934, cycle_A: 0.143, D_B: 0.156, G_B: 1.013, cycle_B: 0.112, gp: 0.152

[Rank 0] (epoch: 32, iters: 5312, time: 0.001, data: 0.001) , D_A: 0.125, G_A: 1.014, cycle_A: 0.145, D_B: 0.122, G_B: 0.962, cycle_B: 0.109, gp: 0.119

[Rank 0] (epoch: 32, iters: 6912, time: 0.001, data: 0.001) , D_A: 0.134, G_A: 0.988, cycle_A: 0.141, D_B: 0.228, G_B: 0.995, cycle_B: 0.110, gp: 0.226

[Rank 0] (epoch: 32, iters: 8512, time: 0.001, data: 0.001) , D_A: 0.149, G_A: 0.957, cycle_A: 0.145, D_B: 0.213, G_B: 1.001, cycle_B: 0.105, gp: 0.208

[Rank 0] (epoch: 32, iters: 10112, time: 0.001, data: 0.001) , D_A: 0.182, G_A: 1.015, cycle_A: 0.139, D_B: 0.190, G_B: 1.009, cycle_B: 0.102, gp: 0.187

[Rank 0] (epoch: 32, iters: 11712, time: 0.001, data: 0.001) , D_A: 0.202, G_A: 0.926, cycle_A: 0.140, D_B: 0.229, G_B: 0.978, cycle_B: 0.108, gp: 0.226

[Rank 0] (epoch: 32, iters: 13312, time: 0.001, data: 0.001) , D_A: 0.153, G_A: 1.026, cycle_A: 0.133, D_B: 0.229, G_B: 0.947, cycle_B: 0.111, gp: 0.225

[Rank 0] (epoch: 32, iters: 14912, time: 0.001, data: 0.001) , D_A: 0.115, G_A: 1.032, cycle_A: 0.138, D_B: 0.255, G_B: 0.950, cycle_B: 0.114, gp: 0.252

[Rank 0] (epoch: 32, iters: 16512, time: 0.001, data: 0.001) , D_A: 0.185, G_A: 0.972, cycle_A: 0.141, D_B: 0.276, G_B: 1.019, cycle_B: 0.107, gp: 0.271

[Rank 0] (epoch: 32, iters: 18112, time: 0.001, data: 0.001) , D_A: 0.135, G_A: 0.958, cycle_A: 0.135, D_B: 0.151, G_B: 0.952, cycle_B: 0.113, gp: 0.144

[Rank 0] (epoch: 32, iters: 19712, time: 0.001, data: 0.001) , D_A: 0.148, G_A: 1.041, cycle_A: 0.138, D_B: 0.246, G_B: 0.992, cycle_B: 0.107, gp: 0.243

[Rank 0] (epoch: 32, iters: 21312, time: 0.001, data: 0.001) , D_A: 0.417, G_A: 1.086, cycle_A: 0.140, D_B: 0.244, G_B: 0.956, cycle_B: 0.108, gp: 0.239

[Rank 0] (epoch: 32, iters: 22912, time: 0.001, data: 0.001) , D_A: 0.142, G_A: 0.994, cycle_A: 0.130, D_B: 0.181, G_B: 1.016, cycle_B: 0.107, gp: 0.177

[Rank 0] (epoch: 32, iters: 24512, time: 0.001, data: 0.001) , D_A: 0.102, G_A: 0.989, cycle_A: 0.133, D_B: 0.157, G_B: 1.005, cycle_B: 0.108, gp: 0.153

--- iter tau=0.1806 ---
  cipher in : t practice to be adopted the rhode island public expenditure cou
  decrypted : oathlnoin aouar alcuto caop ahpuc aiswlecatrrwina tt eciorh anur
  real plain: erent opinions as to the essential functions of religion neverth
  cipher in : anic activity is halfway between the magnetic form and the elect
  decrypted : leinalnoipiodaisaplwrvldar ov  eaop aylde oinaruhyalecaop a w no
  real plain: umstances he pontificates that one of the first signs of advanci
[Rank 0] (epoch: 32, iters: 26112, time: 0.001, data: 0.001) , D_A: 0.152, G_A: 0.976, cycle_A: 0.126, D_B: 0.205, G_B: 0.988, cycle_B: 0.114, gp: 0.202

saving the latest model (epoch 32, total_iters 1280000)
[Rank 0] (epoch: 32, iters: 27712, time: 0.001, data: 0.001) , D_A: 0.192, G_A: 0.966, cycle_A: 0.137, D_B: 0.217, G_B: 0.988, cycle_B: 0.108, gp: 0.214

[Rank 0] (epoch: 32, iters: 29312, time: 0.001, data: 0.001) , D_A: 0.125, G_A: 0.988, cycle_A: 0.127, D_B: 0.193, G_B: 1.000, cycle_B: 0.106, gp: 0.188

[Rank 0] (epoch: 32, iters: 30912, time: 0.001, data: 0.001) , D_A: 0.160, G_A: 0.970, cycle_A: 0.133, D_B: 0.167, G_B: 0.934, cycle_B: 0.106, gp: 0.163

[Rank 0] (epoch: 32, iters: 32512, time: 0.001, data: 0.001) , D_A: 0.217, G_A: 1.007, cycle_A: 0.133, D_B: 0.158, G_B: 0.960, cycle_B: 0.114, gp: 0.155

[Rank 0] (epoch: 32, iters: 34112, time: 0.001, data: 0.001) , D_A: 0.101, G_A: 0.959, cycle_A: 0.148, D_B: 0.196, G_B: 1.029, cycle_B: 0.102, gp: 0.192

[Rank 0] (epoch: 32, iters: 35712, time: 0.001, data: 0.001) , D_A: 0.266, G_A: 1.010, cycle_A: 0.138, D_B: 0.178, G_B: 0.990, cycle_B: 0.106, gp: 0.173

[Rank 0] (epoch: 32, iters: 37312, time: 0.001, data: 0.001) , D_A: 0.142, G_A: 0.983, cycle_A: 0.135, D_B: 0.195, G_B: 0.967, cycle_B: 0.105, gp: 0.192

[Rank 0] (epoch: 32, iters: 38912, time: 0.001, data: 0.001) , D_A: 0.146, G_A: 0.866, cycle_A: 0.131, D_B: 0.174, G_B: 0.971, cycle_B: 0.110, gp: 0.170

learning rate 0.0002000 -> 0.0002000
temperature tau = 0.1748
End of epoch 32 / 50 	 Time Taken: 32 sec
[Rank 0] (epoch: 33, iters: 64, time: 0.001, data: 0.001) , D_A: 0.188, G_A: 0.990, cycle_A: 0.136, D_B: 0.112, G_B: 0.992, cycle_B: 0.114, gp: 0.109

[Rank 0] (epoch: 33, iters: 1664, time: 0.001, data: 0.001) , D_A: 0.222, G_A: 0.994, cycle_A: 0.135, D_B: 0.205, G_B: 0.984, cycle_B: 0.107, gp: 0.199

[Rank 0] (epoch: 33, iters: 3264, time: 0.001, data: 0.001) , D_A: 0.160, G_A: 0.915, cycle_A: 0.136, D_B: 0.224, G_B: 0.975, cycle_B: 0.103, gp: 0.221

[Rank 0] (epoch: 33, iters: 4864, time: 0.001, data: 0.001) , D_A: 0.150, G_A: 0.852, cycle_A: 0.134, D_B: 0.177, G_B: 1.004, cycle_B: 0.119, gp: 0.173

[Rank 0] (epoch: 33, iters: 6464, time: 0.001, data: 0.001) , D_A: 0.154, G_A: 0.982, cycle_A: 0.133, D_B: 0.167, G_B: 1.012, cycle_B: 0.104, gp: 0.165

[Rank 0] (epoch: 33, iters: 8064, time: 0.001, data: 0.001) , D_A: 0.126, G_A: 0.972, cycle_A: 0.141, D_B: 0.341, G_B: 0.987, cycle_B: 0.113, gp: 0.338

[Rank 0] (epoch: 33, iters: 9664, time: 0.001, data: 0.001) , D_A: 0.188, G_A: 1.021, cycle_A: 0.142, D_B: 0.183, G_B: 0.964, cycle_B: 0.112, gp: 0.178

[Rank 0] (epoch: 33, iters: 11264, time: 0.001, data: 0.001) , D_A: 0.159, G_A: 1.014, cycle_A: 0.133, D_B: 0.246, G_B: 0.969, cycle_B: 0.110, gp: 0.242

[Rank 0] (epoch: 33, iters: 12864, time: 0.001, data: 0.002) , D_A: 0.197, G_A: 0.962, cycle_A: 0.129, D_B: 0.382, G_B: 1.093, cycle_B: 0.113, gp: 0.376

[Rank 0] (epoch: 33, iters: 14464, time: 0.001, data: 0.001) , D_A: 0.186, G_A: 1.119, cycle_A: 0.139, D_B: 0.190, G_B: 0.993, cycle_B: 0.119, gp: 0.187

[Rank 0] (epoch: 33, iters: 16064, time: 0.001, data: 0.001) , D_A: 0.183, G_A: 0.985, cycle_A: 0.133, D_B: 0.258, G_B: 0.961, cycle_B: 0.105, gp: 0.255

[Rank 0] (epoch: 33, iters: 17664, time: 0.001, data: 0.001) , D_A: 0.176, G_A: 1.053, cycle_A: 0.131, D_B: 0.219, G_B: 0.976, cycle_B: 0.110, gp: 0.215

[Rank 0] (epoch: 33, iters: 19264, time: 0.001, data: 0.001) , D_A: 0.061, G_A: 0.998, cycle_A: 0.140, D_B: 0.129, G_B: 0.984, cycle_B: 0.106, gp: 0.123

[Rank 0] (epoch: 33, iters: 20864, time: 0.001, data: 0.001) , D_A: 0.156, G_A: 0.977, cycle_A: 0.136, D_B: 0.295, G_B: 1.073, cycle_B: 0.115, gp: 0.289

[Rank 0] (epoch: 33, iters: 22464, time: 0.001, data: 0.001) , D_A: 0.202, G_A: 0.958, cycle_A: 0.137, D_B: 0.324, G_B: 0.962, cycle_B: 0.108, gp: 0.320

[Rank 0] (epoch: 33, iters: 24064, time: 0.001, data: 0.001) , D_A: 0.148, G_A: 0.998, cycle_A: 0.138, D_B: 0.345, G_B: 1.016, cycle_B: 0.106, gp: 0.340

--- iter tau=0.1748 ---
  cipher in : der the couch looked at his watch and realized he had an engagem
  decrypted : c haop anurnpafuul caloapisaglonpalecah lfit cap aplcalea edld y
  real plain: erent opinions as to the essential functions of religion neverth
  cipher in : ed than too big heres why reducing humidity is often as importan
  decrypted :  caopleaouuaridap h sagpdah crniedapryiciodaisauro ealsaiytuhole
  real plain: umstances he pontificates that one of the first signs of advanci
[Rank 0] (epoch: 33, iters: 25664, time: 0.001, data: 0.001) , D_A: 0.117, G_A: 0.953, cycle_A: 0.148, D_B: 0.270, G_B: 0.998, cycle_B: 0.111, gp: 0.267

saving the latest model (epoch 33, total_iters 1320000)
[Rank 0] (epoch: 33, iters: 27264, time: 0.001, data: 0.001) , D_A: 0.134, G_A: 0.995, cycle_A: 0.135, D_B: 0.135, G_B: 1.052, cycle_B: 0.099, gp: 0.132

[Rank 0] (epoch: 33, iters: 28864, time: 0.001, data: 0.001) , D_A: 0.167, G_A: 0.969, cycle_A: 0.129, D_B: 0.177, G_B: 0.942, cycle_B: 0.117, gp: 0.175

[Rank 0] (epoch: 33, iters: 30464, time: 0.001, data: 0.002) , D_A: 0.150, G_A: 1.000, cycle_A: 0.137, D_B: 0.125, G_B: 0.966, cycle_B: 0.109, gp: 0.121

[Rank 0] (epoch: 33, iters: 32064, time: 0.001, data: 0.001) , D_A: 0.195, G_A: 0.980, cycle_A: 0.134, D_B: 0.203, G_B: 0.972, cycle_B: 0.100, gp: 0.200

[Rank 0] (epoch: 33, iters: 33664, time: 0.001, data: 0.001) , D_A: 0.205, G_A: 0.938, cycle_A: 0.142, D_B: 0.292, G_B: 1.074, cycle_B: 0.109, gp: 0.289

[Rank 0] (epoch: 33, iters: 35264, time: 0.001, data: 0.001) , D_A: 0.130, G_A: 0.979, cycle_A: 0.140, D_B: 0.224, G_B: 0.934, cycle_B: 0.116, gp: 0.222

[Rank 0] (epoch: 33, iters: 36864, time: 0.001, data: 0.001) , D_A: 0.166, G_A: 0.970, cycle_A: 0.135, D_B: 0.367, G_B: 0.901, cycle_B: 0.113, gp: 0.361

[Rank 0] (epoch: 33, iters: 38464, time: 0.001, data: 0.001) , D_A: 0.197, G_A: 0.961, cycle_A: 0.146, D_B: 0.138, G_B: 1.030, cycle_B: 0.106, gp: 0.135

[Rank 0] (epoch: 33, iters: 40064, time: 0.001, data: 0.001) , D_A: 0.158, G_A: 0.973, cycle_A: 0.128, D_B: 0.229, G_B: 0.964, cycle_B: 0.112, gp: 0.226

learning rate 0.0002000 -> 0.0002000
temperature tau = 0.1691
End of epoch 33 / 50 	 Time Taken: 39 sec
[Rank 0] (epoch: 34, iters: 1216, time: 0.001, data: 0.001) , D_A: 0.193, G_A: 1.030, cycle_A: 0.134, D_B: 0.189, G_B: 0.974, cycle_B: 0.106, gp: 0.185

[Rank 0] (epoch: 34, iters: 2816, time: 0.001, data: 0.001) , D_A: 0.171, G_A: 0.972, cycle_A: 0.128, D_B: 0.169, G_B: 0.989, cycle_B: 0.108, gp: 0.166

[Rank 0] (epoch: 34, iters: 4416, time: 0.001, data: 0.003) , D_A: 0.165, G_A: 0.992, cycle_A: 0.151, D_B: 0.194, G_B: 0.969, cycle_B: 0.102, gp: 0.190

[Rank 0] (epoch: 34, iters: 6016, time: 0.001, data: 0.001) , D_A: 0.179, G_A: 0.976, cycle_A: 0.129, D_B: 0.184, G_B: 1.042, cycle_B: 0.116, gp: 0.181

[Rank 0] (epoch: 34, iters: 7616, time: 0.001, data: 0.001) , D_A: 0.184, G_A: 1.000, cycle_A: 0.138, D_B: 0.357, G_B: 1.219, cycle_B: 0.115, gp: 0.344

[Rank 0] (epoch: 34, iters: 9216, time: 0.001, data: 0.001) , D_A: 0.216, G_A: 0.978, cycle_A: 0.145, D_B: 0.277, G_B: 0.972, cycle_B: 0.110, gp: 0.273

[Rank 0] (epoch: 34, iters: 10816, time: 0.001, data: 0.001) , D_A: 0.188, G_A: 1.016, cycle_A: 0.132, D_B: 0.193, G_B: 0.886, cycle_B: 0.114, gp: 0.190

[Rank 0] (epoch: 34, iters: 12416, time: 0.001, data: 0.001) , D_A: 0.172, G_A: 1.017, cycle_A: 0.145, D_B: 0.264, G_B: 0.962, cycle_B: 0.121, gp: 0.260

[Rank 0] (epoch: 34, iters: 14016, time: 0.001, data: 0.001) , D_A: 0.213, G_A: 0.990, cycle_A: 0.133, D_B: 0.249, G_B: 0.966, cycle_B: 0.125, gp: 0.245

[Rank 0] (epoch: 34, iters: 15616, time: 0.001, data: 0.001) , D_A: 0.136, G_A: 0.919, cycle_A: 0.149, D_B: 0.243, G_B: 1.000, cycle_B: 0.108, gp: 0.239

[Rank 0] (epoch: 34, iters: 17216, time: 0.001, data: 0.001) , D_A: 0.098, G_A: 0.941, cycle_A: 0.133, D_B: 0.171, G_B: 0.961, cycle_B: 0.105, gp: 0.168

[Rank 0] (epoch: 34, iters: 18816, time: 0.001, data: 0.001) , D_A: 0.123, G_A: 0.982, cycle_A: 0.145, D_B: 0.169, G_B: 0.990, cycle_B: 0.105, gp: 0.166

[Rank 0] (epoch: 34, iters: 20416, time: 0.001, data: 0.002) , D_A: 0.194, G_A: 0.927, cycle_A: 0.136, D_B: 0.386, G_B: 1.007, cycle_B: 0.115, gp: 0.381

[Rank 0] (epoch: 34, iters: 22016, time: 0.001, data: 0.001) , D_A: 0.157, G_A: 0.940, cycle_A: 0.145, D_B: 0.378, G_B: 0.989, cycle_B: 0.105, gp: 0.369

[Rank 0] (epoch: 34, iters: 23616, time: 0.001, data: 0.001) , D_A: 0.121, G_A: 1.023, cycle_A: 0.140, D_B: 0.432, G_B: 1.010, cycle_B: 0.103, gp: 0.428

--- iter tau=0.1691 ---
  cipher in : l iron worker whod never gouged a cent off a fellow worker in my
  decrypted : waihueaguhl hagpucae p hadurd calan eoaurralar wwugaguhl haieayd
  real plain:  level for or days drugs chemical name dried rumen bacteria what
  cipher in : with razorback hogs and night riders on this trip to the south h
  decrypted : giopahltuhrlnlapudsalecaeidpoahic hsaueaopisaohitaouaop asuropap
  real plain: ottleneck and counting noses they seemed to have the votes to wo
[Rank 0] (epoch: 34, iters: 25216, time: 0.001, data: 0.001) , D_A: 0.117, G_A: 0.955, cycle_A: 0.148, D_B: 0.234, G_B: 0.978, cycle_B: 0.109, gp: 0.230

saving the latest model (epoch 34, total_iters 1360000)
[Rank 0] (epoch: 34, iters: 26816, time: 0.001, data: 0.002) , D_A: 0.138, G_A: 1.015, cycle_A: 0.130, D_B: 0.241, G_B: 0.976, cycle_B: 0.104, gp: 0.236

[Rank 0] (epoch: 34, iters: 28416, time: 0.001, data: 0.001) , D_A: 0.220, G_A: 1.000, cycle_A: 0.149, D_B: 0.206, G_B: 1.019, cycle_B: 0.108, gp: 0.203

[Rank 0] (epoch: 34, iters: 30016, time: 0.001, data: 0.001) , D_A: 0.146, G_A: 1.003, cycle_A: 0.145, D_B: 0.184, G_B: 0.964, cycle_B: 0.107, gp: 0.181

[Rank 0] (epoch: 34, iters: 31616, time: 0.001, data: 0.001) , D_A: 0.211, G_A: 1.017, cycle_A: 0.137, D_B: 0.216, G_B: 0.990, cycle_B: 0.103, gp: 0.213

[Rank 0] (epoch: 34, iters: 33216, time: 0.001, data: 0.001) , D_A: 0.176, G_A: 1.031, cycle_A: 0.129, D_B: 0.245, G_B: 0.891, cycle_B: 0.107, gp: 0.238

[Rank 0] (epoch: 34, iters: 34816, time: 0.001, data: 0.001) , D_A: 0.102, G_A: 1.038, cycle_A: 0.132, D_B: 0.182, G_B: 0.958, cycle_B: 0.113, gp: 0.180

[Rank 0] (epoch: 34, iters: 36416, time: 0.001, data: 0.001) , D_A: 0.130, G_A: 1.018, cycle_A: 0.130, D_B: 0.206, G_B: 0.918, cycle_B: 0.114, gp: 0.201

[Rank 0] (epoch: 34, iters: 38016, time: 0.001, data: 0.001) , D_A: 0.108, G_A: 0.876, cycle_A: 0.133, D_B: 0.139, G_B: 0.945, cycle_B: 0.109, gp: 0.136

[Rank 0] (epoch: 34, iters: 39616, time: 0.001, data: 0.001) , D_A: 0.121, G_A: 1.010, cycle_A: 0.125, D_B: 0.207, G_B: 0.935, cycle_B: 0.123, gp: 0.204

learning rate 0.0002000 -> 0.0002000
temperature tau = 0.1637
End of epoch 34 / 50 	 Time Taken: 39 sec
[Rank 0] (epoch: 35, iters: 768, time: 0.001, data: 0.001) , D_A: 0.211, G_A: 1.001, cycle_A: 0.146, D_B: 0.208, G_B: 0.951, cycle_B: 0.107, gp: 0.204

[Rank 0] (epoch: 35, iters: 2368, time: 0.001, data: 0.000) , D_A: 0.147, G_A: 0.965, cycle_A: 0.145, D_B: 0.246, G_B: 1.016, cycle_B: 0.116, gp: 0.242

[Rank 0] (epoch: 35, iters: 3968, time: 0.001, data: 0.001) , D_A: 0.199, G_A: 0.974, cycle_A: 0.136, D_B: 0.217, G_B: 0.997, cycle_B: 0.112, gp: 0.215

[Rank 0] (epoch: 35, iters: 5568, time: 0.001, data: 0.001) , D_A: 0.164, G_A: 0.974, cycle_A: 0.132, D_B: 0.150, G_B: 0.934, cycle_B: 0.108, gp: 0.146

[Rank 0] (epoch: 35, iters: 7168, time: 0.001, data: 0.001) , D_A: 0.161, G_A: 0.932, cycle_A: 0.133, D_B: 0.271, G_B: 0.969, cycle_B: 0.111, gp: 0.268

[Rank 0] (epoch: 35, iters: 8768, time: 0.001, data: 0.001) , D_A: 0.228, G_A: 0.976, cycle_A: 0.134, D_B: 0.232, G_B: 0.958, cycle_B: 0.111, gp: 0.228

[Rank 0] (epoch: 35, iters: 10368, time: 0.001, data: 0.001) , D_A: 0.192, G_A: 1.244, cycle_A: 0.132, D_B: 0.172, G_B: 1.006, cycle_B: 0.102, gp: 0.169

[Rank 0] (epoch: 35, iters: 11968, time: 0.001, data: 0.002) , D_A: 0.197, G_A: 1.028, cycle_A: 0.134, D_B: 0.207, G_B: 0.978, cycle_B: 0.114, gp: 0.205

[Rank 0] (epoch: 35, iters: 13568, time: 0.001, data: 0.001) , D_A: 0.098, G_A: 0.928, cycle_A: 0.137, D_B: 0.131, G_B: 0.998, cycle_B: 0.111, gp: 0.129

[Rank 0] (epoch: 35, iters: 15168, time: 0.001, data: 0.001) , D_A: 0.109, G_A: 0.965, cycle_A: 0.138, D_B: 0.280, G_B: 0.996, cycle_B: 0.112, gp: 0.278

[Rank 0] (epoch: 35, iters: 16768, time: 0.001, data: 0.001) , D_A: 0.111, G_A: 0.962, cycle_A: 0.130, D_B: 0.235, G_B: 1.009, cycle_B: 0.111, gp: 0.232

[Rank 0] (epoch: 35, iters: 18368, time: 0.001, data: 0.001) , D_A: 0.150, G_A: 0.998, cycle_A: 0.140, D_B: 0.223, G_B: 0.961, cycle_B: 0.112, gp: 0.217

[Rank 0] (epoch: 35, iters: 19968, time: 0.001, data: 0.001) , D_A: 0.176, G_A: 0.993, cycle_A: 0.131, D_B: 0.215, G_B: 0.982, cycle_B: 0.107, gp: 0.212

[Rank 0] (epoch: 35, iters: 21568, time: 0.001, data: 0.001) , D_A: 0.157, G_A: 0.982, cycle_A: 0.137, D_B: 0.205, G_B: 0.953, cycle_B: 0.106, gp: 0.200

[Rank 0] (epoch: 35, iters: 23168, time: 0.001, data: 0.001) , D_A: 0.140, G_A: 0.973, cycle_A: 0.134, D_B: 0.237, G_B: 0.954, cycle_B: 0.108, gp: 0.234

--- iter tau=0.1637 ---
  cipher in : ch so that it is safe to say that all international law is now i
  decrypted : npasuaoploaioaisaslr aouasldaoploalwwaieo heloiuelwawlgaisaeugai
  real plain: hington post office was stacked to the ceiling general crowder p
  cipher in : that a dancer who is told to lie prone one second and to leap wi
  decrypted : oploalaclen hagpuaisaouwcaouawi athue aue as nuecalecaouaw ltagi
  real plain: you or not you go with him in your heart you feel him every mile
[Rank 0] (epoch: 35, iters: 24768, time: 0.001, data: 0.001) , D_A: 0.182, G_A: 1.071, cycle_A: 0.129, D_B: 0.139, G_B: 1.010, cycle_B: 0.108, gp: 0.136

saving the latest model (epoch 35, total_iters 1400000)
[Rank 0] (epoch: 35, iters: 26368, time: 0.001, data: 0.001) , D_A: 0.109, G_A: 0.919, cycle_A: 0.131, D_B: 0.151, G_B: 0.971, cycle_B: 0.111, gp: 0.147

[Rank 0] (epoch: 35, iters: 27968, time: 0.001, data: 0.001) , D_A: 0.099, G_A: 1.019, cycle_A: 0.139, D_B: 0.250, G_B: 0.999, cycle_B: 0.108, gp: 0.246

[Rank 0] (epoch: 35, iters: 29568, time: 0.001, data: 0.002) , D_A: 0.185, G_A: 1.072, cycle_A: 0.143, D_B: 0.187, G_B: 1.001, cycle_B: 0.106, gp: 0.185

[Rank 0] (epoch: 35, iters: 31168, time: 0.001, data: 0.001) , D_A: 0.196, G_A: 0.953, cycle_A: 0.137, D_B: 0.123, G_B: 0.911, cycle_B: 0.105, gp: 0.121

[Rank 0] (epoch: 35, iters: 32768, time: 0.001, data: 0.001) , D_A: 0.084, G_A: 0.991, cycle_A: 0.136, D_B: 0.338, G_B: 1.024, cycle_B: 0.114, gp: 0.334

[Rank 0] (epoch: 35, iters: 34368, time: 0.001, data: 0.001) , D_A: 0.157, G_A: 1.023, cycle_A: 0.142, D_B: 0.269, G_B: 0.975, cycle_B: 0.116, gp: 0.266

[Rank 0] (epoch: 35, iters: 35968, time: 0.001, data: 0.001) , D_A: 0.207, G_A: 1.011, cycle_A: 0.137, D_B: 0.220, G_B: 0.963, cycle_B: 0.107, gp: 0.217

[Rank 0] (epoch: 35, iters: 37568, time: 0.001, data: 0.001) , D_A: 0.197, G_A: 0.990, cycle_A: 0.150, D_B: 0.229, G_B: 0.989, cycle_B: 0.101, gp: 0.226

[Rank 0] (epoch: 35, iters: 39168, time: 0.001, data: 0.001) , D_A: 0.220, G_A: 0.971, cycle_A: 0.133, D_B: 0.132, G_B: 1.025, cycle_B: 0.117, gp: 0.129

learning rate 0.0002000 -> 0.0002000
temperature tau = 0.1584
End of epoch 35 / 50 	 Time Taken: 39 sec
[Rank 0] (epoch: 36, iters: 320, time: 0.001, data: 0.001) , D_A: 0.113, G_A: 1.011, cycle_A: 0.137, D_B: 0.216, G_B: 0.981, cycle_B: 0.111, gp: 0.213

[Rank 0] (epoch: 36, iters: 1920, time: 0.001, data: 0.000) , D_A: 0.115, G_A: 0.978, cycle_A: 0.132, D_B: 0.183, G_B: 0.997, cycle_B: 0.107, gp: 0.180

[Rank 0] (epoch: 36, iters: 3520, time: 0.001, data: 0.001) , D_A: 0.172, G_A: 0.979, cycle_A: 0.134, D_B: 0.268, G_B: 0.959, cycle_B: 0.102, gp: 0.263

[Rank 0] (epoch: 36, iters: 5120, time: 0.001, data: 0.001) , D_A: 0.132, G_A: 1.019, cycle_A: 0.137, D_B: 0.222, G_B: 0.906, cycle_B: 0.124, gp: 0.217

[Rank 0] (epoch: 36, iters: 6720, time: 0.001, data: 0.001) , D_A: 0.242, G_A: 1.039, cycle_A: 0.139, D_B: 0.210, G_B: 0.985, cycle_B: 0.112, gp: 0.207

[Rank 0] (epoch: 36, iters: 8320, time: 0.001, data: 0.001) , D_A: 0.190, G_A: 0.966, cycle_A: 0.134, D_B: 0.228, G_B: 1.046, cycle_B: 0.105, gp: 0.223

[Rank 0] (epoch: 36, iters: 9920, time: 0.001, data: 0.001) , D_A: 0.178, G_A: 0.785, cycle_A: 0.139, D_B: 0.202, G_B: 0.995, cycle_B: 0.102, gp: 0.199

[Rank 0] (epoch: 36, iters: 11520, time: 0.001, data: 0.001) , D_A: 0.188, G_A: 1.018, cycle_A: 0.137, D_B: 0.315, G_B: 1.086, cycle_B: 0.108, gp: 0.308

[Rank 0] (epoch: 36, iters: 13120, time: 0.001, data: 0.001) , D_A: 0.132, G_A: 0.934, cycle_A: 0.132, D_B: 0.317, G_B: 0.980, cycle_B: 0.111, gp: 0.314

[Rank 0] (epoch: 36, iters: 14720, time: 0.001, data: 0.001) , D_A: 0.259, G_A: 0.933, cycle_A: 0.178, D_B: 0.230, G_B: 0.915, cycle_B: 0.205, gp: 0.224

[Rank 0] (epoch: 36, iters: 16320, time: 0.001, data: 0.001) , D_A: 0.241, G_A: 0.922, cycle_A: 0.201, D_B: 0.347, G_B: 1.099, cycle_B: 0.172, gp: 0.340

[Rank 0] (epoch: 36, iters: 17920, time: 0.001, data: 0.001) , D_A: 0.290, G_A: 1.057, cycle_A: 0.177, D_B: 0.225, G_B: 0.944, cycle_B: 0.176, gp: 0.217

[Rank 0] (epoch: 36, iters: 19520, time: 0.001, data: 0.001) , D_A: 0.126, G_A: 1.016, cycle_A: 0.158, D_B: 0.267, G_B: 0.903, cycle_B: 0.115, gp: 0.258

[Rank 0] (epoch: 36, iters: 21120, time: 0.001, data: 0.001) , D_A: 0.309, G_A: 1.021, cycle_A: 0.154, D_B: 0.328, G_B: 0.924, cycle_B: 0.109, gp: 0.314

[Rank 0] (epoch: 36, iters: 22720, time: 0.001, data: 0.001) , D_A: 0.158, G_A: 0.986, cycle_A: 0.159, D_B: 0.376, G_B: 0.936, cycle_B: 0.108, gp: 0.363

--- iter tau=0.1584 ---
  cipher in : o complex of invariant lines and with a complex of singular line
  decrypted : uanuynw tauraiepthiteoawie satecagiopatanuynw taurasiedrwthawie 
  real plain: ards away from the barn he dodged inside a barbers shop and came
  cipher in : ely similar to the findings with the adult scale although the ta
  decrypted :  wdasiyiwthaouaop arieciedsagiopaop atcrwoasntw atwopurdpaop aot
  real plain: baltimore and tried to explain rather than defend her to the gan
[Rank 0] (epoch: 36, iters: 24320, time: 0.001, data: 0.001) , D_A: 0.191, G_A: 0.962, cycle_A: 0.149, D_B: 0.274, G_B: 0.954, cycle_B: 0.110, gp: 0.264

saving the latest model (epoch 36, total_iters 1440000)
[Rank 0] (epoch: 36, iters: 25920, time: 0.001, data: 0.001) , D_A: 0.223, G_A: 1.048, cycle_A: 0.157, D_B: 0.215, G_B: 1.001, cycle_B: 0.111, gp: 0.210

[Rank 0] (epoch: 36, iters: 27520, time: 0.001, data: 0.001) , D_A: 0.210, G_A: 0.975, cycle_A: 0.161, D_B: 0.248, G_B: 1.000, cycle_B: 0.098, gp: 0.242

[Rank 0] (epoch: 36, iters: 29120, time: 0.001, data: 0.001) , D_A: 0.101, G_A: 0.956, cycle_A: 0.145, D_B: 0.278, G_B: 0.999, cycle_B: 0.118, gp: 0.273

[Rank 0] (epoch: 36, iters: 30720, time: 0.001, data: 0.001) , D_A: 0.136, G_A: 0.983, cycle_A: 0.142, D_B: 0.223, G_B: 0.979, cycle_B: 0.109, gp: 0.221

[Rank 0] (epoch: 36, iters: 32320, time: 0.001, data: 0.001) , D_A: 0.239, G_A: 0.898, cycle_A: 0.128, D_B: 0.361, G_B: 0.962, cycle_B: 0.112, gp: 0.357

[Rank 0] (epoch: 36, iters: 33920, time: 0.001, data: 0.001) , D_A: 0.228, G_A: 0.961, cycle_A: 0.140, D_B: 0.357, G_B: 1.015, cycle_B: 0.097, gp: 0.352

[Rank 0] (epoch: 36, iters: 35520, time: 0.001, data: 0.001) , D_A: 0.199, G_A: 0.941, cycle_A: 0.132, D_B: 0.240, G_B: 0.932, cycle_B: 0.104, gp: 0.233

[Rank 0] (epoch: 36, iters: 37120, time: 0.001, data: 0.001) , D_A: 0.183, G_A: 0.918, cycle_A: 0.119, D_B: 0.173, G_B: 0.957, cycle_B: 0.101, gp: 0.167

[Rank 0] (epoch: 36, iters: 38720, time: 0.001, data: 0.001) , D_A: 0.194, G_A: 0.976, cycle_A: 0.118, D_B: 0.179, G_B: 0.966, cycle_B: 0.097, gp: 0.176

[Rank 0] (epoch: 36, iters: 40320, time: 0.001, data: 0.001) , D_A: 0.285, G_A: 0.993, cycle_A: 0.118, D_B: 0.250, G_B: 0.992, cycle_B: 0.103, gp: 0.247

learning rate 0.0002000 -> 0.0002000
temperature tau = 0.1533
End of epoch 36 / 50 	 Time Taken: 37 sec
[Rank 0] (epoch: 37, iters: 1472, time: 0.001, data: 0.001) , D_A: 0.172, G_A: 0.960, cycle_A: 0.120, D_B: 0.290, G_B: 0.985, cycle_B: 0.103, gp: 0.284

[Rank 0] (epoch: 37, iters: 3072, time: 0.001, data: 0.001) , D_A: 0.167, G_A: 0.962, cycle_A: 0.128, D_B: 0.218, G_B: 0.981, cycle_B: 0.105, gp: 0.212

[Rank 0] (epoch: 37, iters: 4672, time: 0.001, data: 0.001) , D_A: 0.239, G_A: 1.006, cycle_A: 0.128, D_B: 0.239, G_B: 1.010, cycle_B: 0.119, gp: 0.235

[Rank 0] (epoch: 37, iters: 6272, time: 0.001, data: 0.001) , D_A: 0.243, G_A: 1.000, cycle_A: 0.119, D_B: 0.156, G_B: 0.945, cycle_B: 0.100, gp: 0.152

[Rank 0] (epoch: 37, iters: 7872, time: 0.001, data: 0.001) , D_A: 0.108, G_A: 1.013, cycle_A: 0.127, D_B: 0.282, G_B: 0.964, cycle_B: 0.115, gp: 0.277

[Rank 0] (epoch: 37, iters: 9472, time: 0.001, data: 0.001) , D_A: 0.122, G_A: 0.974, cycle_A: 0.115, D_B: 0.270, G_B: 0.986, cycle_B: 0.109, gp: 0.265

[Rank 0] (epoch: 37, iters: 11072, time: 0.001, data: 0.001) , D_A: 0.161, G_A: 1.028, cycle_A: 0.123, D_B: 0.363, G_B: 0.985, cycle_B: 0.106, gp: 0.359

[Rank 0] (epoch: 37, iters: 12672, time: 0.001, data: 0.001) , D_A: 0.124, G_A: 0.950, cycle_A: 0.118, D_B: 0.250, G_B: 0.926, cycle_B: 0.109, gp: 0.247

[Rank 0] (epoch: 37, iters: 14272, time: 0.001, data: 0.001) , D_A: 0.185, G_A: 1.002, cycle_A: 0.123, D_B: 0.142, G_B: 0.993, cycle_B: 0.119, gp: 0.139

[Rank 0] (epoch: 37, iters: 15872, time: 0.001, data: 0.001) , D_A: 0.168, G_A: 1.007, cycle_A: 0.127, D_B: 0.234, G_B: 0.977, cycle_B: 0.103, gp: 0.230

[Rank 0] (epoch: 37, iters: 17472, time: 0.001, data: 0.001) , D_A: 0.266, G_A: 0.917, cycle_A: 0.119, D_B: 0.191, G_B: 1.003, cycle_B: 0.106, gp: 0.187

[Rank 0] (epoch: 37, iters: 19072, time: 0.001, data: 0.001) , D_A: 0.121, G_A: 0.954, cycle_A: 0.122, D_B: 0.178, G_B: 0.938, cycle_B: 0.101, gp: 0.174

[Rank 0] (epoch: 37, iters: 20672, time: 0.001, data: 0.001) , D_A: 0.238, G_A: 1.001, cycle_A: 0.124, D_B: 0.302, G_B: 1.118, cycle_B: 0.109, gp: 0.292

[Rank 0] (epoch: 37, iters: 22272, time: 0.001, data: 0.001) , D_A: 0.187, G_A: 0.945, cycle_A: 0.127, D_B: 0.289, G_B: 0.933, cycle_B: 0.100, gp: 0.284

--- iter tau=0.1533 ---
  cipher in : o on committing murder for ten years and not get caught at it ev
  decrypted : uaueajuyyiooiedayrhc haruhao ead thsatecaeuoad oajtrdpoatoaioa p
  real plain: dow looking out in what he hoped was a pitiable manner while the
  cipher in : s so much of its diplomatic energy on congress when the russians
  decrypted : sasuayrjpauraiosacinfuytoija e hddaueajuedh ssagp eaop ahrssites
  real plain: the point of coherent thinking dimly he heard laughter hoots of 
[Rank 0] (epoch: 37, iters: 23872, time: 0.001, data: 0.001) , D_A: 0.125, G_A: 1.011, cycle_A: 0.118, D_B: 0.341, G_B: 0.869, cycle_B: 0.101, gp: 0.336

saving the latest model (epoch 37, total_iters 1480000)
[Rank 0] (epoch: 37, iters: 25472, time: 0.001, data: 0.001) , D_A: 0.175, G_A: 0.987, cycle_A: 0.123, D_B: 0.179, G_B: 0.986, cycle_B: 0.102, gp: 0.175

[Rank 0] (epoch: 37, iters: 27072, time: 0.001, data: 0.001) , D_A: 0.219, G_A: 0.985, cycle_A: 0.121, D_B: 0.172, G_B: 0.970, cycle_B: 0.099, gp: 0.168

[Rank 0] (epoch: 37, iters: 28672, time: 0.001, data: 0.001) , D_A: 0.201, G_A: 0.974, cycle_A: 0.117, D_B: 0.240, G_B: 0.993, cycle_B: 0.104, gp: 0.237

[Rank 0] (epoch: 37, iters: 30272, time: 0.001, data: 0.001) , D_A: 0.243, G_A: 0.915, cycle_A: 0.131, D_B: 0.219, G_B: 0.979, cycle_B: 0.108, gp: 0.216

[Rank 0] (epoch: 37, iters: 31872, time: 0.001, data: 0.001) , D_A: 0.173, G_A: 0.987, cycle_A: 0.130, D_B: 0.229, G_B: 1.003, cycle_B: 0.093, gp: 0.225

[Rank 0] (epoch: 37, iters: 33472, time: 0.001, data: 0.001) , D_A: 0.236, G_A: 0.994, cycle_A: 0.118, D_B: 0.277, G_B: 0.965, cycle_B: 0.104, gp: 0.273

[Rank 0] (epoch: 37, iters: 35072, time: 0.001, data: 0.001) , D_A: 0.188, G_A: 1.040, cycle_A: 0.115, D_B: 0.200, G_B: 1.020, cycle_B: 0.108, gp: 0.196

[Rank 0] (epoch: 37, iters: 36672, time: 0.001, data: 0.001) , D_A: 0.179, G_A: 1.004, cycle_A: 0.120, D_B: 0.130, G_B: 0.976, cycle_B: 0.106, gp: 0.127

[Rank 0] (epoch: 37, iters: 38272, time: 0.001, data: 0.001) , D_A: 0.168, G_A: 1.018, cycle_A: 0.113, D_B: 0.222, G_B: 0.975, cycle_B: 0.103, gp: 0.219

[Rank 0] (epoch: 37, iters: 39872, time: 0.001, data: 0.001) , D_A: 0.173, G_A: 0.968, cycle_A: 0.117, D_B: 0.196, G_B: 0.989, cycle_B: 0.116, gp: 0.193

learning rate 0.0002000 -> 0.0002000
temperature tau = 0.1483
End of epoch 37 / 50 	 Time Taken: 39 sec
[Rank 0] (epoch: 38, iters: 1024, time: 0.001, data: 0.001) , D_A: 0.098, G_A: 0.964, cycle_A: 0.125, D_B: 0.268, G_B: 0.966, cycle_B: 0.108, gp: 0.263

[Rank 0] (epoch: 38, iters: 2624, time: 0.001, data: 0.000) , D_A: 0.066, G_A: 0.993, cycle_A: 0.117, D_B: 0.304, G_B: 0.983, cycle_B: 0.109, gp: 0.299

[Rank 0] (epoch: 38, iters: 4224, time: 0.001, data: 0.001) , D_A: 0.181, G_A: 1.030, cycle_A: 0.117, D_B: 0.240, G_B: 0.988, cycle_B: 0.101, gp: 0.237

[Rank 0] (epoch: 38, iters: 5824, time: 0.001, data: 0.001) , D_A: 0.173, G_A: 0.953, cycle_A: 0.121, D_B: 0.284, G_B: 1.003, cycle_B: 0.110, gp: 0.281

[Rank 0] (epoch: 38, iters: 7424, time: 0.001, data: 0.001) , D_A: 0.138, G_A: 0.954, cycle_A: 0.119, D_B: 0.196, G_B: 0.973, cycle_B: 0.110, gp: 0.192

[Rank 0] (epoch: 38, iters: 9024, time: 0.001, data: 0.001) , D_A: 0.224, G_A: 1.027, cycle_A: 0.123, D_B: 0.139, G_B: 1.012, cycle_B: 0.103, gp: 0.136

[Rank 0] (epoch: 38, iters: 10624, time: 0.001, data: 0.001) , D_A: 0.191, G_A: 0.971, cycle_A: 0.116, D_B: 0.182, G_B: 1.021, cycle_B: 0.098, gp: 0.180

[Rank 0] (epoch: 38, iters: 12224, time: 0.001, data: 0.001) , D_A: 0.218, G_A: 0.932, cycle_A: 0.118, D_B: 0.324, G_B: 0.986, cycle_B: 0.106, gp: 0.320

[Rank 0] (epoch: 38, iters: 13824, time: 0.001, data: 0.001) , D_A: 0.239, G_A: 0.997, cycle_A: 0.124, D_B: 0.282, G_B: 0.974, cycle_B: 0.102, gp: 0.279

[Rank 0] (epoch: 38, iters: 15424, time: 0.001, data: 0.001) , D_A: 0.131, G_A: 0.945, cycle_A: 0.122, D_B: 0.216, G_B: 0.969, cycle_B: 0.106, gp: 0.214

[Rank 0] (epoch: 38, iters: 17024, time: 0.001, data: 0.001) , D_A: 0.116, G_A: 0.958, cycle_A: 0.118, D_B: 0.222, G_B: 0.928, cycle_B: 0.101, gp: 0.219

[Rank 0] (epoch: 38, iters: 18624, time: 0.001, data: 0.001) , D_A: 0.152, G_A: 0.987, cycle_A: 0.112, D_B: 0.213, G_B: 0.936, cycle_B: 0.102, gp: 0.210

[Rank 0] (epoch: 38, iters: 20224, time: 0.001, data: 0.001) , D_A: 0.158, G_A: 0.973, cycle_A: 0.120, D_B: 0.294, G_B: 0.974, cycle_B: 0.108, gp: 0.289

[Rank 0] (epoch: 38, iters: 21824, time: 0.001, data: 0.001) , D_A: 0.211, G_A: 0.942, cycle_A: 0.126, D_B: 0.365, G_B: 0.941, cycle_B: 0.098, gp: 0.361

--- iter tau=0.1483 ---
  cipher in : onks of a monastery in the fishing village grigorss at seventeen
  decrypted : melsamrataymetso hdaieaop arispiedapifftd adhidmhssatoas p eo  e
  real plain: ore l and aab or r from the point of view of word formation real
  cipher in : y were married over the weekend though he was easily sixty and s
  decrypted : dag h aythhi camp haop ag  l ecaopmrdpap agtsa tsifdasitodatecas
  real plain: tegration the congregation is first and foremost an economic pee
[Rank 0] (epoch: 38, iters: 23424, time: 0.001, data: 0.001) , D_A: 0.131, G_A: 0.971, cycle_A: 0.127, D_B: 0.290, G_B: 0.920, cycle_B: 0.104, gp: 0.286

saving the latest model (epoch 38, total_iters 1520000)
[Rank 0] (epoch: 38, iters: 25024, time: 0.001, data: 0.002) , D_A: 0.178, G_A: 1.054, cycle_A: 0.136, D_B: 0.264, G_B: 0.986, cycle_B: 0.102, gp: 0.261

[Rank 0] (epoch: 38, iters: 26624, time: 0.001, data: 0.001) , D_A: 0.143, G_A: 0.980, cycle_A: 0.118, D_B: 0.270, G_B: 0.982, cycle_B: 0.105, gp: 0.268

[Rank 0] (epoch: 38, iters: 28224, time: 0.001, data: 0.001) , D_A: 0.118, G_A: 0.980, cycle_A: 0.118, D_B: 0.250, G_B: 0.982, cycle_B: 0.105, gp: 0.247

[Rank 0] (epoch: 38, iters: 29824, time: 0.001, data: 0.001) , D_A: 0.115, G_A: 0.984, cycle_A: 0.124, D_B: 0.283, G_B: 0.986, cycle_B: 0.101, gp: 0.280

[Rank 0] (epoch: 38, iters: 31424, time: 0.001, data: 0.001) , D_A: 0.161, G_A: 1.040, cycle_A: 0.119, D_B: 0.185, G_B: 0.974, cycle_B: 0.099, gp: 0.182

[Rank 0] (epoch: 38, iters: 33024, time: 0.001, data: 0.001) , D_A: 0.133, G_A: 1.002, cycle_A: 0.129, D_B: 0.339, G_B: 0.984, cycle_B: 0.105, gp: 0.332

[Rank 0] (epoch: 38, iters: 34624, time: 0.001, data: 0.001) , D_A: 0.163, G_A: 0.954, cycle_A: 0.122, D_B: 0.209, G_B: 0.999, cycle_B: 0.103, gp: 0.206

[Rank 0] (epoch: 38, iters: 36224, time: 0.001, data: 0.001) , D_A: 0.114, G_A: 1.007, cycle_A: 0.121, D_B: 0.294, G_B: 0.952, cycle_B: 0.100, gp: 0.291

[Rank 0] (epoch: 38, iters: 37824, time: 0.001, data: 0.002) , D_A: 0.204, G_A: 0.953, cycle_A: 0.125, D_B: 0.166, G_B: 0.971, cycle_B: 0.094, gp: 0.163

[Rank 0] (epoch: 38, iters: 39424, time: 0.001, data: 0.001) , D_A: 0.139, G_A: 0.966, cycle_A: 0.115, D_B: 0.194, G_B: 1.034, cycle_B: 0.114, gp: 0.190

learning rate 0.0002000 -> 0.0002000
temperature tau = 0.1435
End of epoch 38 / 50 	 Time Taken: 36 sec
[Rank 0] (epoch: 39, iters: 576, time: 0.001, data: 0.001) , D_A: 0.183, G_A: 0.941, cycle_A: 0.129, D_B: 0.225, G_B: 1.013, cycle_B: 0.104, gp: 0.221

[Rank 0] (epoch: 39, iters: 2176, time: 0.001, data: 0.000) , D_A: 0.271, G_A: 0.984, cycle_A: 0.122, D_B: 0.242, G_B: 0.939, cycle_B: 0.111, gp: 0.238

[Rank 0] (epoch: 39, iters: 3776, time: 0.001, data: 0.001) , D_A: 0.192, G_A: 0.941, cycle_A: 0.119, D_B: 0.167, G_B: 0.990, cycle_B: 0.105, gp: 0.164

[Rank 0] (epoch: 39, iters: 5376, time: 0.001, data: 0.001) , D_A: 0.208, G_A: 1.018, cycle_A: 0.116, D_B: 0.193, G_B: 0.999, cycle_B: 0.099, gp: 0.190

[Rank 0] (epoch: 39, iters: 6976, time: 0.001, data: 0.001) , D_A: 0.146, G_A: 0.967, cycle_A: 0.115, D_B: 0.244, G_B: 0.940, cycle_B: 0.106, gp: 0.241

[Rank 0] (epoch: 39, iters: 8576, time: 0.001, data: 0.001) , D_A: 0.143, G_A: 1.000, cycle_A: 0.108, D_B: 0.225, G_B: 0.959, cycle_B: 0.099, gp: 0.222

[Rank 0] (epoch: 39, iters: 10176, time: 0.001, data: 0.001) , D_A: 0.134, G_A: 0.998, cycle_A: 0.116, D_B: 0.251, G_B: 0.954, cycle_B: 0.097, gp: 0.244

[Rank 0] (epoch: 39, iters: 11776, time: 0.001, data: 0.001) , D_A: 0.226, G_A: 1.004, cycle_A: 0.116, D_B: 0.246, G_B: 1.017, cycle_B: 0.100, gp: 0.242

[Rank 0] (epoch: 39, iters: 13376, time: 0.001, data: 0.001) , D_A: 0.202, G_A: 0.972, cycle_A: 0.118, D_B: 0.211, G_B: 1.021, cycle_B: 0.103, gp: 0.208

[Rank 0] (epoch: 39, iters: 14976, time: 0.001, data: 0.001) , D_A: 0.179, G_A: 0.984, cycle_A: 0.109, D_B: 0.110, G_B: 1.011, cycle_B: 0.106, gp: 0.108

[Rank 0] (epoch: 39, iters: 16576, time: 0.001, data: 0.001) , D_A: 0.151, G_A: 0.988, cycle_A: 0.124, D_B: 0.292, G_B: 0.987, cycle_B: 0.104, gp: 0.288

[Rank 0] (epoch: 39, iters: 18176, time: 0.001, data: 0.001) , D_A: 0.128, G_A: 0.973, cycle_A: 0.121, D_B: 0.212, G_B: 0.982, cycle_B: 0.107, gp: 0.208

[Rank 0] (epoch: 39, iters: 19776, time: 0.001, data: 0.001) , D_A: 0.125, G_A: 1.066, cycle_A: 0.122, D_B: 0.164, G_B: 0.978, cycle_B: 0.101, gp: 0.162

[Rank 0] (epoch: 39, iters: 21376, time: 0.001, data: 0.001) , D_A: 0.160, G_A: 0.962, cycle_A: 0.128, D_B: 0.259, G_B: 1.008, cycle_B: 0.103, gp: 0.254

--- iter tau=0.1435 ---
  cipher in :  service georgias department of agriculture is intensifying its 
  decrypted : as hpij ad uhditsac nthoy eoauratdhijrforh aisaieo esirdiedaiosa
  real plain: fference typically in a lowermiddle class jewish family a son wi
  cipher in : they do demonstrate the presence of large normal pressures in th
  decrypted : op dacuac yuesohto aop anh s ej aurafthd aeuhytfanh ssrh saieaop
  real plain:  fastidious in its growth requirements as to make production on 
[Rank 0] (epoch: 39, iters: 22976, time: 0.001, data: 0.001) , D_A: 0.116, G_A: 0.981, cycle_A: 0.128, D_B: 0.297, G_B: 1.005, cycle_B: 0.100, gp: 0.292

saving the latest model (epoch 39, total_iters 1560000)
[Rank 0] (epoch: 39, iters: 24576, time: 0.001, data: 0.001) , D_A: 0.154, G_A: 0.831, cycle_A: 0.133, D_B: 0.107, G_B: 0.988, cycle_B: 0.105, gp: 0.104

[Rank 0] (epoch: 39, iters: 26176, time: 0.001, data: 0.001) , D_A: 0.170, G_A: 0.994, cycle_A: 0.123, D_B: 0.070, G_B: 0.994, cycle_B: 0.107, gp: 0.067

[Rank 0] (epoch: 39, iters: 27776, time: 0.001, data: 0.001) , D_A: 0.192, G_A: 0.954, cycle_A: 0.132, D_B: 0.243, G_B: 1.008, cycle_B: 0.103, gp: 0.240

[Rank 0] (epoch: 39, iters: 29376, time: 0.001, data: 0.001) , D_A: 0.122, G_A: 1.188, cycle_A: 0.118, D_B: 0.224, G_B: 0.973, cycle_B: 0.099, gp: 0.221

[Rank 0] (epoch: 39, iters: 30976, time: 0.001, data: 0.001) , D_A: 0.239, G_A: 0.984, cycle_A: 0.113, D_B: 0.104, G_B: 0.987, cycle_B: 0.100, gp: 0.100

[Rank 0] (epoch: 39, iters: 32576, time: 0.001, data: 0.001) , D_A: 0.195, G_A: 1.005, cycle_A: 0.127, D_B: 0.270, G_B: 0.940, cycle_B: 0.108, gp: 0.267

[Rank 0] (epoch: 39, iters: 34176, time: 0.001, data: 0.001) , D_A: 0.114, G_A: 1.035, cycle_A: 0.114, D_B: 0.173, G_B: 0.997, cycle_B: 0.096, gp: 0.169

[Rank 0] (epoch: 39, iters: 35776, time: 0.001, data: 0.001) , D_A: 0.205, G_A: 1.030, cycle_A: 0.124, D_B: 0.185, G_B: 0.982, cycle_B: 0.103, gp: 0.181

[Rank 0] (epoch: 39, iters: 37376, time: 0.001, data: 0.001) , D_A: 0.154, G_A: 0.986, cycle_A: 0.118, D_B: 0.147, G_B: 1.023, cycle_B: 0.100, gp: 0.145

[Rank 0] (epoch: 39, iters: 38976, time: 0.001, data: 0.001) , D_A: 0.175, G_A: 1.044, cycle_A: 0.122, D_B: 0.171, G_B: 0.959, cycle_B: 0.116, gp: 0.169

learning rate 0.0002000 -> 0.0002000
temperature tau = 0.1389
End of epoch 39 / 50 	 Time Taken: 37 sec
[Rank 0] (epoch: 40, iters: 128, time: 0.001, data: 0.001) , D_A: 0.154, G_A: 0.964, cycle_A: 0.109, D_B: 0.197, G_B: 0.978, cycle_B: 0.113, gp: 0.192

[Rank 0] (epoch: 40, iters: 1728, time: 0.001, data: 0.000) , D_A: 0.254, G_A: 1.035, cycle_A: 0.129, D_B: 0.211, G_B: 0.935, cycle_B: 0.101, gp: 0.203

[Rank 0] (epoch: 40, iters: 3328, time: 0.001, data: 0.002) , D_A: 0.137, G_A: 0.994, cycle_A: 0.113, D_B: 0.147, G_B: 0.972, cycle_B: 0.099, gp: 0.143

[Rank 0] (epoch: 40, iters: 4928, time: 0.001, data: 0.001) , D_A: 0.195, G_A: 0.916, cycle_A: 0.129, D_B: 0.171, G_B: 0.905, cycle_B: 0.115, gp: 0.169

[Rank 0] (epoch: 40, iters: 6528, time: 0.001, data: 0.001) , D_A: 0.177, G_A: 0.990, cycle_A: 0.113, D_B: 0.236, G_B: 0.973, cycle_B: 0.100, gp: 0.233

[Rank 0] (epoch: 40, iters: 8128, time: 0.001, data: 0.001) , D_A: 0.094, G_A: 1.027, cycle_A: 0.120, D_B: 0.249, G_B: 0.905, cycle_B: 0.108, gp: 0.247

[Rank 0] (epoch: 40, iters: 9728, time: 0.001, data: 0.001) , D_A: 0.110, G_A: 0.985, cycle_A: 0.116, D_B: 0.151, G_B: 1.003, cycle_B: 0.108, gp: 0.148

[Rank 0] (epoch: 40, iters: 11328, time: 0.001, data: 0.001) , D_A: 0.162, G_A: 1.023, cycle_A: 0.122, D_B: 0.247, G_B: 1.012, cycle_B: 0.101, gp: 0.242

[Rank 0] (epoch: 40, iters: 12928, time: 0.001, data: 0.002) , D_A: 0.195, G_A: 0.969, cycle_A: 0.127, D_B: 0.284, G_B: 1.002, cycle_B: 0.107, gp: 0.280

[Rank 0] (epoch: 40, iters: 14528, time: 0.001, data: 0.001) , D_A: 0.181, G_A: 0.902, cycle_A: 0.125, D_B: 0.257, G_B: 0.965, cycle_B: 0.113, gp: 0.254

[Rank 0] (epoch: 40, iters: 16128, time: 0.001, data: 0.001) , D_A: 0.208, G_A: 0.951, cycle_A: 0.122, D_B: 0.213, G_B: 0.842, cycle_B: 0.103, gp: 0.209

[Rank 0] (epoch: 40, iters: 17728, time: 0.001, data: 0.001) , D_A: 0.171, G_A: 0.996, cycle_A: 0.122, D_B: 0.218, G_B: 0.961, cycle_B: 0.106, gp: 0.214

[Rank 0] (epoch: 40, iters: 19328, time: 0.001, data: 0.001) , D_A: 0.210, G_A: 1.068, cycle_A: 0.115, D_B: 0.130, G_B: 0.992, cycle_B: 0.100, gp: 0.126

[Rank 0] (epoch: 40, iters: 20928, time: 0.001, data: 0.001) , D_A: 0.185, G_A: 1.008, cycle_A: 0.115, D_B: 0.169, G_B: 0.972, cycle_B: 0.110, gp: 0.167

--- iter tau=0.1389 ---
  cipher in : ces between tones however any such suggestion accounts for only 
  decrypted : j sar og  eaome sapmg p hatedasrjpasrdd soimeatjjmreosarmhamefda
  real plain: led shortly by president kennedy chief aims of the proposed conf
  cipher in :  and showed titers of in albumin and by the indirect coombs test
  decrypted : atecaspmg caoio hsamraieatfrryieatecardaop aiecih joajmmyrsao so
  real plain: were shattered many small bones protruded crazily from the shred
[Rank 0] (epoch: 40, iters: 22528, time: 0.001, data: 0.001) , D_A: 0.195, G_A: 0.996, cycle_A: 0.127, D_B: 0.320, G_B: 0.949, cycle_B: 0.100, gp: 0.316

saving the latest model (epoch 40, total_iters 1600000)
[Rank 0] (epoch: 40, iters: 24128, time: 0.001, data: 0.001) , D_A: 0.121, G_A: 0.973, cycle_A: 0.116, D_B: 0.283, G_B: 0.971, cycle_B: 0.105, gp: 0.280

[Rank 0] (epoch: 40, iters: 25728, time: 0.001, data: 0.001) , D_A: 0.189, G_A: 0.959, cycle_A: 0.116, D_B: 0.136, G_B: 0.983, cycle_B: 0.107, gp: 0.133

[Rank 0] (epoch: 40, iters: 27328, time: 0.001, data: 0.001) , D_A: 0.118, G_A: 0.931, cycle_A: 0.123, D_B: 0.217, G_B: 1.003, cycle_B: 0.096, gp: 0.215

[Rank 0] (epoch: 40, iters: 28928, time: 0.001, data: 0.001) , D_A: 0.128, G_A: 1.018, cycle_A: 0.119, D_B: 0.252, G_B: 0.935, cycle_B: 0.107, gp: 0.248

[Rank 0] (epoch: 40, iters: 30528, time: 0.001, data: 0.001) , D_A: 0.165, G_A: 1.007, cycle_A: 0.123, D_B: 0.200, G_B: 0.966, cycle_B: 0.107, gp: 0.196

[Rank 0] (epoch: 40, iters: 32128, time: 0.001, data: 0.001) , D_A: 0.087, G_A: 0.897, cycle_A: 0.125, D_B: 0.299, G_B: 0.967, cycle_B: 0.092, gp: 0.297

[Rank 0] (epoch: 40, iters: 33728, time: 0.001, data: 0.001) , D_A: 0.139, G_A: 1.055, cycle_A: 0.114, D_B: 0.350, G_B: 0.975, cycle_B: 0.104, gp: 0.348

[Rank 0] (epoch: 40, iters: 35328, time: 0.001, data: 0.001) , D_A: 0.163, G_A: 0.982, cycle_A: 0.121, D_B: 0.117, G_B: 0.984, cycle_B: 0.108, gp: 0.114

[Rank 0] (epoch: 40, iters: 36928, time: 0.001, data: 0.001) , D_A: 0.143, G_A: 1.002, cycle_A: 0.124, D_B: 0.206, G_B: 1.023, cycle_B: 0.102, gp: 0.203

[Rank 0] (epoch: 40, iters: 38528, time: 0.001, data: 0.002) , D_A: 0.157, G_A: 0.980, cycle_A: 0.119, D_B: 0.218, G_B: 0.864, cycle_B: 0.099, gp: 0.212

[Rank 0] (epoch: 40, iters: 40128, time: 0.001, data: 0.001) , D_A: 0.189, G_A: 1.010, cycle_A: 0.124, D_B: 0.167, G_B: 1.011, cycle_B: 0.104, gp: 0.162

learning rate 0.0002000 -> 0.0001818
temperature tau = 0.1344
End of epoch 40 / 50 	 Time Taken: 39 sec
[Rank 0] (epoch: 41, iters: 1280, time: 0.001, data: 0.001) , D_A: 0.176, G_A: 0.974, cycle_A: 0.111, D_B: 0.336, G_B: 0.909, cycle_B: 0.103, gp: 0.332

[Rank 0] (epoch: 41, iters: 2880, time: 0.001, data: 0.002) , D_A: 0.142, G_A: 1.011, cycle_A: 0.125, D_B: 0.222, G_B: 0.986, cycle_B: 0.105, gp: 0.219

[Rank 0] (epoch: 41, iters: 4480, time: 0.001, data: 0.001) , D_A: 0.137, G_A: 0.962, cycle_A: 0.121, D_B: 0.196, G_B: 0.969, cycle_B: 0.100, gp: 0.193

[Rank 0] (epoch: 41, iters: 6080, time: 0.001, data: 0.001) , D_A: 0.168, G_A: 1.021, cycle_A: 0.117, D_B: 0.179, G_B: 0.943, cycle_B: 0.109, gp: 0.175

[Rank 0] (epoch: 41, iters: 7680, time: 0.001, data: 0.001) , D_A: 0.125, G_A: 0.930, cycle_A: 0.121, D_B: 0.274, G_B: 0.991, cycle_B: 0.119, gp: 0.271

[Rank 0] (epoch: 41, iters: 9280, time: 0.001, data: 0.001) , D_A: 0.137, G_A: 1.021, cycle_A: 0.120, D_B: 0.169, G_B: 0.999, cycle_B: 0.109, gp: 0.164

[Rank 0] (epoch: 41, iters: 10880, time: 0.001, data: 0.001) , D_A: 0.172, G_A: 0.944, cycle_A: 0.124, D_B: 0.150, G_B: 0.974, cycle_B: 0.105, gp: 0.146

[Rank 0] (epoch: 41, iters: 12480, time: 0.001, data: 0.001) , D_A: 0.206, G_A: 0.891, cycle_A: 0.127, D_B: 0.294, G_B: 0.987, cycle_B: 0.109, gp: 0.291

[Rank 0] (epoch: 41, iters: 14080, time: 0.001, data: 0.001) , D_A: 0.112, G_A: 1.016, cycle_A: 0.130, D_B: 0.227, G_B: 0.971, cycle_B: 0.119, gp: 0.223

[Rank 0] (epoch: 41, iters: 15680, time: 0.001, data: 0.001) , D_A: 0.178, G_A: 0.998, cycle_A: 0.117, D_B: 0.249, G_B: 0.946, cycle_B: 0.104, gp: 0.247

[Rank 0] (epoch: 41, iters: 17280, time: 0.001, data: 0.001) , D_A: 0.201, G_A: 0.969, cycle_A: 0.122, D_B: 0.237, G_B: 0.983, cycle_B: 0.101, gp: 0.235

[Rank 0] (epoch: 41, iters: 18880, time: 0.001, data: 0.001) , D_A: 0.167, G_A: 0.954, cycle_A: 0.115, D_B: 0.140, G_B: 1.025, cycle_B: 0.102, gp: 0.137

[Rank 0] (epoch: 41, iters: 20480, time: 0.001, data: 0.001) , D_A: 0.112, G_A: 0.975, cycle_A: 0.121, D_B: 0.300, G_B: 1.041, cycle_B: 0.108, gp: 0.295

--- iter tau=0.1344 ---
  cipher in : ary science and tactics than any other desk officer he managed t
  decrypted : thdasji ej atecaotjoijsaopteatedamop hac slamrrij hap aytetd cao
  real plain: led shortly by president kennedy chief aims of the proposed conf
  cipher in : s a proposal that justice now be served by means other than thos
  decrypted : satanhmnmstwaoptoarrsoij aemgar as hp carday tesamop haopteaopms
  real plain: were shattered many small bones protruded crazily from the shred
[Rank 0] (epoch: 41, iters: 22080, time: 0.001, data: 0.001) , D_A: 0.212, G_A: 0.997, cycle_A: 0.117, D_B: 0.351, G_B: 0.933, cycle_B: 0.100, gp: 0.344

saving the latest model (epoch 41, total_iters 1640000)
[Rank 0] (epoch: 41, iters: 23680, time: 0.001, data: 0.001) , D_A: 0.111, G_A: 1.036, cycle_A: 0.132, D_B: 0.329, G_B: 0.999, cycle_B: 0.101, gp: 0.325

[Rank 0] (epoch: 41, iters: 25280, time: 0.001, data: 0.001) , D_A: 0.258, G_A: 1.001, cycle_A: 0.126, D_B: 0.205, G_B: 0.946, cycle_B: 0.102, gp: 0.202

[Rank 0] (epoch: 41, iters: 26880, time: 0.001, data: 0.001) , D_A: 0.184, G_A: 1.018, cycle_A: 0.122, D_B: 0.317, G_B: 0.973, cycle_B: 0.099, gp: 0.314

[Rank 0] (epoch: 41, iters: 28480, time: 0.001, data: 0.001) , D_A: 0.209, G_A: 1.010, cycle_A: 0.119, D_B: 0.149, G_B: 0.989, cycle_B: 0.104, gp: 0.147

[Rank 0] (epoch: 41, iters: 30080, time: 0.001, data: 0.001) , D_A: 0.162, G_A: 1.050, cycle_A: 0.122, D_B: 0.118, G_B: 0.985, cycle_B: 0.101, gp: 0.116

[Rank 0] (epoch: 41, iters: 31680, time: 0.001, data: 0.001) , D_A: 0.272, G_A: 1.014, cycle_A: 0.109, D_B: 0.238, G_B: 0.964, cycle_B: 0.099, gp: 0.235

[Rank 0] (epoch: 41, iters: 33280, time: 0.001, data: 0.001) , D_A: 0.201, G_A: 1.011, cycle_A: 0.128, D_B: 0.191, G_B: 0.988, cycle_B: 0.104, gp: 0.187

[Rank 0] (epoch: 41, iters: 34880, time: 0.001, data: 0.001) , D_A: 0.093, G_A: 0.906, cycle_A: 0.116, D_B: 0.207, G_B: 0.977, cycle_B: 0.110, gp: 0.204

[Rank 0] (epoch: 41, iters: 36480, time: 0.001, data: 0.001) , D_A: 0.160, G_A: 1.030, cycle_A: 0.125, D_B: 0.272, G_B: 0.956, cycle_B: 0.106, gp: 0.268

[Rank 0] (epoch: 41, iters: 38080, time: 0.001, data: 0.003) , D_A: 0.111, G_A: 0.993, cycle_A: 0.117, D_B: 0.262, G_B: 0.975, cycle_B: 0.105, gp: 0.258

[Rank 0] (epoch: 41, iters: 39680, time: 0.001, data: 0.001) , D_A: 0.251, G_A: 0.981, cycle_A: 0.116, D_B: 0.190, G_B: 1.018, cycle_B: 0.115, gp: 0.186

learning rate 0.0001818 -> 0.0001636
temperature tau = 0.1301
End of epoch 41 / 50 	 Time Taken: 39 sec
[Rank 0] (epoch: 42, iters: 832, time: 0.001, data: 0.001) , D_A: 0.223, G_A: 0.993, cycle_A: 0.123, D_B: 0.206, G_B: 0.975, cycle_B: 0.100, gp: 0.203

[Rank 0] (epoch: 42, iters: 2432, time: 0.001, data: 0.000) , D_A: 0.185, G_A: 1.022, cycle_A: 0.114, D_B: 0.246, G_B: 0.973, cycle_B: 0.110, gp: 0.242

[Rank 0] (epoch: 42, iters: 4032, time: 0.001, data: 0.001) , D_A: 0.162, G_A: 0.986, cycle_A: 0.113, D_B: 0.146, G_B: 0.983, cycle_B: 0.105, gp: 0.144

[Rank 0] (epoch: 42, iters: 5632, time: 0.001, data: 0.001) , D_A: 0.147, G_A: 1.015, cycle_A: 0.114, D_B: 0.238, G_B: 0.919, cycle_B: 0.099, gp: 0.234

[Rank 0] (epoch: 42, iters: 7232, time: 0.001, data: 0.001) , D_A: 0.086, G_A: 0.922, cycle_A: 0.117, D_B: 0.265, G_B: 0.960, cycle_B: 0.111, gp: 0.262

[Rank 0] (epoch: 42, iters: 8832, time: 0.001, data: 0.001) , D_A: 0.105, G_A: 1.012, cycle_A: 0.126, D_B: 0.155, G_B: 0.985, cycle_B: 0.103, gp: 0.151

[Rank 0] (epoch: 42, iters: 10432, time: 0.001, data: 0.001) , D_A: 0.208, G_A: 0.990, cycle_A: 0.119, D_B: 0.318, G_B: 0.964, cycle_B: 0.097, gp: 0.315

[Rank 0] (epoch: 42, iters: 12032, time: 0.001, data: 0.001) , D_A: 0.165, G_A: 0.984, cycle_A: 0.118, D_B: 0.274, G_B: 0.987, cycle_B: 0.106, gp: 0.269

[Rank 0] (epoch: 42, iters: 13632, time: 0.001, data: 0.001) , D_A: 0.185, G_A: 0.996, cycle_A: 0.115, D_B: 0.186, G_B: 0.998, cycle_B: 0.103, gp: 0.184

[Rank 0] (epoch: 42, iters: 15232, time: 0.001, data: 0.001) , D_A: 0.122, G_A: 0.988, cycle_A: 0.117, D_B: 0.228, G_B: 0.962, cycle_B: 0.106, gp: 0.226

[Rank 0] (epoch: 42, iters: 16832, time: 0.001, data: 0.001) , D_A: 0.177, G_A: 0.977, cycle_A: 0.123, D_B: 0.222, G_B: 0.979, cycle_B: 0.104, gp: 0.219

[Rank 0] (epoch: 42, iters: 18432, time: 0.001, data: 0.001) , D_A: 0.135, G_A: 0.971, cycle_A: 0.124, D_B: 0.161, G_B: 0.981, cycle_B: 0.106, gp: 0.158

[Rank 0] (epoch: 42, iters: 20032, time: 0.001, data: 0.001) , D_A: 0.142, G_A: 0.954, cycle_A: 0.113, D_B: 0.198, G_B: 0.996, cycle_B: 0.109, gp: 0.194

--- iter tau=0.1301 ---
  cipher in : elasco theater over which many people had grown sentimental was 
  decrypted :  ftsjmaop to hamp hagpijpaytedan mnf aptcadhmgeas eoiy eotfagtsa
  real plain: ace from which she came gorton said they were preparing to depor
  cipher in : s on the pope nogaret is hardly an impartial witness and even he
  decrypted : sameaop anmn aemdth oaisapthcfdateaiynthoitfagioe ssateca p eap 
  real plain: thorized representatives of the united states to observe and rev
[Rank 0] (epoch: 42, iters: 21632, time: 0.001, data: 0.001) , D_A: 0.137, G_A: 0.916, cycle_A: 0.133, D_B: 0.317, G_B: 0.991, cycle_B: 0.099, gp: 0.312

saving the latest model (epoch 42, total_iters 1680000)
[Rank 0] (epoch: 42, iters: 23232, time: 0.001, data: 0.002) , D_A: 0.116, G_A: 1.002, cycle_A: 0.125, D_B: 0.212, G_B: 0.980, cycle_B: 0.105, gp: 0.208

[Rank 0] (epoch: 42, iters: 24832, time: 0.001, data: 0.001) , D_A: 0.164, G_A: 0.950, cycle_A: 0.115, D_B: 0.161, G_B: 0.947, cycle_B: 0.102, gp: 0.159

[Rank 0] (epoch: 42, iters: 26432, time: 0.001, data: 0.001) , D_A: 0.162, G_A: 1.045, cycle_A: 0.121, D_B: 0.250, G_B: 0.901, cycle_B: 0.106, gp: 0.248

[Rank 0] (epoch: 42, iters: 28032, time: 0.001, data: 0.001) , D_A: 0.252, G_A: 1.006, cycle_A: 0.114, D_B: 0.218, G_B: 0.942, cycle_B: 0.104, gp: 0.213

[Rank 0] (epoch: 42, iters: 29632, time: 0.001, data: 0.001) , D_A: 0.166, G_A: 1.030, cycle_A: 0.127, D_B: 0.186, G_B: 0.906, cycle_B: 0.099, gp: 0.184

[Rank 0] (epoch: 42, iters: 31232, time: 0.001, data: 0.001) , D_A: 0.130, G_A: 0.921, cycle_A: 0.115, D_B: 0.155, G_B: 0.994, cycle_B: 0.100, gp: 0.153

[Rank 0] (epoch: 42, iters: 32832, time: 0.001, data: 0.001) , D_A: 0.212, G_A: 0.998, cycle_A: 0.129, D_B: 0.214, G_B: 0.995, cycle_B: 0.106, gp: 0.211

[Rank 0] (epoch: 42, iters: 34432, time: 0.001, data: 0.001) , D_A: 0.205, G_A: 0.831, cycle_A: 0.122, D_B: 0.212, G_B: 0.966, cycle_B: 0.104, gp: 0.209

[Rank 0] (epoch: 42, iters: 36032, time: 0.001, data: 0.001) , D_A: 0.138, G_A: 0.987, cycle_A: 0.117, D_B: 0.217, G_B: 0.959, cycle_B: 0.101, gp: 0.214

[Rank 0] (epoch: 42, iters: 37632, time: 0.001, data: 0.001) , D_A: 0.168, G_A: 0.962, cycle_A: 0.106, D_B: 0.141, G_B: 0.936, cycle_B: 0.094, gp: 0.138

[Rank 0] (epoch: 42, iters: 39232, time: 0.001, data: 0.001) , D_A: 0.133, G_A: 0.978, cycle_A: 0.113, D_B: 0.212, G_B: 1.001, cycle_B: 0.110, gp: 0.208

learning rate 0.0001636 -> 0.0001455
temperature tau = 0.1258
End of epoch 42 / 50 	 Time Taken: 35 sec
[Rank 0] (epoch: 43, iters: 384, time: 0.001, data: 0.001) , D_A: 0.140, G_A: 1.010, cycle_A: 0.107, D_B: 0.255, G_B: 0.994, cycle_B: 0.105, gp: 0.253

[Rank 0] (epoch: 43, iters: 1984, time: 0.001, data: 0.001) , D_A: 0.116, G_A: 0.967, cycle_A: 0.126, D_B: 0.270, G_B: 0.980, cycle_B: 0.099, gp: 0.267

[Rank 0] (epoch: 43, iters: 3584, time: 0.001, data: 0.001) , D_A: 0.246, G_A: 1.028, cycle_A: 0.110, D_B: 0.194, G_B: 0.995, cycle_B: 0.099, gp: 0.192

[Rank 0] (epoch: 43, iters: 5184, time: 0.001, data: 0.001) , D_A: 0.220, G_A: 0.984, cycle_A: 0.121, D_B: 0.280, G_B: 0.980, cycle_B: 0.101, gp: 0.278

[Rank 0] (epoch: 43, iters: 6784, time: 0.001, data: 0.001) , D_A: 0.178, G_A: 1.005, cycle_A: 0.110, D_B: 0.120, G_B: 0.956, cycle_B: 0.107, gp: 0.117

[Rank 0] (epoch: 43, iters: 8384, time: 0.001, data: 0.001) , D_A: 0.229, G_A: 0.990, cycle_A: 0.136, D_B: 0.249, G_B: 1.039, cycle_B: 0.099, gp: 0.242

[Rank 0] (epoch: 43, iters: 9984, time: 0.001, data: 0.001) , D_A: 0.171, G_A: 0.989, cycle_A: 0.117, D_B: 0.198, G_B: 0.985, cycle_B: 0.100, gp: 0.195

[Rank 0] (epoch: 43, iters: 11584, time: 0.001, data: 0.001) , D_A: 0.212, G_A: 0.949, cycle_A: 0.124, D_B: 0.316, G_B: 0.962, cycle_B: 0.103, gp: 0.312

[Rank 0] (epoch: 43, iters: 13184, time: 0.001, data: 0.001) , D_A: 0.233, G_A: 0.990, cycle_A: 0.130, D_B: 0.269, G_B: 0.939, cycle_B: 0.106, gp: 0.261

[Rank 0] (epoch: 43, iters: 14784, time: 0.001, data: 0.001) , D_A: 0.086, G_A: 0.992, cycle_A: 0.125, D_B: 0.160, G_B: 0.945, cycle_B: 0.113, gp: 0.156

[Rank 0] (epoch: 43, iters: 16384, time: 0.001, data: 0.001) , D_A: 0.183, G_A: 0.993, cycle_A: 0.123, D_B: 0.268, G_B: 1.002, cycle_B: 0.103, gp: 0.264

[Rank 0] (epoch: 43, iters: 17984, time: 0.001, data: 0.001) , D_A: 0.162, G_A: 1.011, cycle_A: 0.115, D_B: 0.229, G_B: 0.978, cycle_B: 0.107, gp: 0.227

[Rank 0] (epoch: 43, iters: 19584, time: 0.001, data: 0.001) , D_A: 0.200, G_A: 1.000, cycle_A: 0.124, D_B: 0.222, G_B: 0.954, cycle_B: 0.102, gp: 0.217

--- iter tau=0.1258 ---
  cipher in : any the waspish man stepped forward line line but there is no li
  decrypted : tedaop agtsnispayteaso nn caruhgthcafie afie arroaop h aisaeuafi
  real plain: ur only chance now try to find these feds the rest of us can for
  cipher in : just came out here to know it dallas as the south begins another
  decrypted : rrsoajty auroap h aoualeugaioactfftsatsaop asuropar diesateuop h
  real plain: tead he rammed into the catcher both fell heavily to the ground 
[Rank 0] (epoch: 43, iters: 21184, time: 0.001, data: 0.001) , D_A: 0.181, G_A: 0.994, cycle_A: 0.123, D_B: 0.288, G_B: 1.001, cycle_B: 0.103, gp: 0.283

saving the latest model (epoch 43, total_iters 1720000)
[Rank 0] (epoch: 43, iters: 22784, time: 0.001, data: 0.001) , D_A: 0.186, G_A: 0.979, cycle_A: 0.123, D_B: 0.283, G_B: 1.012, cycle_B: 0.100, gp: 0.279

[Rank 0] (epoch: 43, iters: 24384, time: 0.001, data: 0.001) , D_A: 0.182, G_A: 0.988, cycle_A: 0.112, D_B: 0.313, G_B: 0.932, cycle_B: 0.105, gp: 0.308

[Rank 0] (epoch: 43, iters: 25984, time: 0.001, data: 0.001) , D_A: 0.198, G_A: 0.917, cycle_A: 0.116, D_B: 0.180, G_B: 0.987, cycle_B: 0.106, gp: 0.178

[Rank 0] (epoch: 43, iters: 27584, time: 0.001, data: 0.001) , D_A: 0.160, G_A: 0.967, cycle_A: 0.139, D_B: 0.136, G_B: 0.986, cycle_B: 0.096, gp: 0.134

[Rank 0] (epoch: 43, iters: 29184, time: 0.001, data: 0.001) , D_A: 0.159, G_A: 0.984, cycle_A: 0.119, D_B: 0.179, G_B: 0.971, cycle_B: 0.107, gp: 0.176

[Rank 0] (epoch: 43, iters: 30784, time: 0.001, data: 0.002) , D_A: 0.129, G_A: 0.937, cycle_A: 0.115, D_B: 0.189, G_B: 1.000, cycle_B: 0.101, gp: 0.187

[Rank 0] (epoch: 43, iters: 32384, time: 0.001, data: 0.001) , D_A: 0.165, G_A: 1.019, cycle_A: 0.120, D_B: 0.244, G_B: 1.001, cycle_B: 0.108, gp: 0.241

[Rank 0] (epoch: 43, iters: 33984, time: 0.001, data: 0.001) , D_A: 0.161, G_A: 1.027, cycle_A: 0.120, D_B: 0.365, G_B: 0.988, cycle_B: 0.097, gp: 0.361

[Rank 0] (epoch: 43, iters: 35584, time: 0.001, data: 0.001) , D_A: 0.199, G_A: 0.963, cycle_A: 0.131, D_B: 0.126, G_B: 0.989, cycle_B: 0.103, gp: 0.123

[Rank 0] (epoch: 43, iters: 37184, time: 0.001, data: 0.001) , D_A: 0.217, G_A: 0.974, cycle_A: 0.124, D_B: 0.232, G_B: 0.966, cycle_B: 0.101, gp: 0.229

[Rank 0] (epoch: 43, iters: 38784, time: 0.001, data: 0.001) , D_A: 0.196, G_A: 1.012, cycle_A: 0.112, D_B: 0.218, G_B: 0.966, cycle_B: 0.097, gp: 0.215

[Rank 0] (epoch: 43, iters: 40384, time: 0.001, data: 0.001) , D_A: 0.189, G_A: 0.957, cycle_A: 0.118, D_B: 0.179, G_B: 0.974, cycle_B: 0.103, gp: 0.177

learning rate 0.0001455 -> 0.0001273
temperature tau = 0.1218
End of epoch 43 / 50 	 Time Taken: 38 sec
[Rank 0] (epoch: 44, iters: 1536, time: 0.001, data: 0.001) , D_A: 0.165, G_A: 0.998, cycle_A: 0.125, D_B: 0.338, G_B: 0.974, cycle_B: 0.103, gp: 0.335

[Rank 0] (epoch: 44, iters: 3136, time: 0.001, data: 0.001) , D_A: 0.191, G_A: 0.953, cycle_A: 0.117, D_B: 0.226, G_B: 0.988, cycle_B: 0.100, gp: 0.224

[Rank 0] (epoch: 44, iters: 4736, time: 0.001, data: 0.001) , D_A: 0.167, G_A: 0.983, cycle_A: 0.115, D_B: 0.163, G_B: 1.012, cycle_B: 0.116, gp: 0.161

[Rank 0] (epoch: 44, iters: 6336, time: 0.001, data: 0.001) , D_A: 0.197, G_A: 0.930, cycle_A: 0.123, D_B: 0.218, G_B: 0.978, cycle_B: 0.100, gp: 0.214

[Rank 0] (epoch: 44, iters: 7936, time: 0.001, data: 0.001) , D_A: 0.159, G_A: 1.019, cycle_A: 0.121, D_B: 0.303, G_B: 0.961, cycle_B: 0.108, gp: 0.299

[Rank 0] (epoch: 44, iters: 9536, time: 0.001, data: 0.001) , D_A: 0.204, G_A: 0.933, cycle_A: 0.121, D_B: 0.251, G_B: 1.009, cycle_B: 0.109, gp: 0.247

[Rank 0] (epoch: 44, iters: 11136, time: 0.001, data: 0.001) , D_A: 0.097, G_A: 1.029, cycle_A: 0.118, D_B: 0.265, G_B: 1.024, cycle_B: 0.105, gp: 0.262

[Rank 0] (epoch: 44, iters: 12736, time: 0.001, data: 0.001) , D_A: 0.213, G_A: 0.996, cycle_A: 0.117, D_B: 0.266, G_B: 0.964, cycle_B: 0.109, gp: 0.261

[Rank 0] (epoch: 44, iters: 14336, time: 0.001, data: 0.003) , D_A: 0.105, G_A: 0.977, cycle_A: 0.118, D_B: 0.193, G_B: 0.969, cycle_B: 0.119, gp: 0.191

[Rank 0] (epoch: 44, iters: 15936, time: 0.001, data: 0.001) , D_A: 0.109, G_A: 0.955, cycle_A: 0.130, D_B: 0.266, G_B: 1.000, cycle_B: 0.105, gp: 0.263

[Rank 0] (epoch: 44, iters: 17536, time: 0.001, data: 0.001) , D_A: 0.234, G_A: 0.933, cycle_A: 0.126, D_B: 0.172, G_B: 1.004, cycle_B: 0.106, gp: 0.169

[Rank 0] (epoch: 44, iters: 19136, time: 0.001, data: 0.001) , D_A: 0.268, G_A: 0.950, cycle_A: 0.118, D_B: 0.152, G_B: 0.937, cycle_B: 0.102, gp: 0.146

--- iter tau=0.1218 ---
  cipher in : and and labrador the furious overfall later it was to be called 
  decrypted : tecatecaftrhtcmhaop arrhimrsamp hrtffafto haioagtsaomar ajtff ca
  real plain:  of lowcost saline water conversion projects and k cooperate wit
  cipher in : that government prosecutors were attempting to connect stein and
  decrypted : optoadmp hey eoanhms jromhsag h atoo ynoiedaomajmee joaso ieatec
  real plain: aded silesia the home province of his affianced he at once cance
[Rank 0] (epoch: 44, iters: 20736, time: 0.001, data: 0.001) , D_A: 0.130, G_A: 1.026, cycle_A: 0.128, D_B: 0.285, G_B: 0.944, cycle_B: 0.109, gp: 0.282

saving the latest model (epoch 44, total_iters 1760000)
[Rank 0] (epoch: 44, iters: 22336, time: 0.001, data: 0.001) , D_A: 0.132, G_A: 0.933, cycle_A: 0.118, D_B: 0.164, G_B: 0.969, cycle_B: 0.100, gp: 0.160

[Rank 0] (epoch: 44, iters: 23936, time: 0.001, data: 0.001) , D_A: 0.174, G_A: 1.001, cycle_A: 0.116, D_B: 0.331, G_B: 0.998, cycle_B: 0.101, gp: 0.329

[Rank 0] (epoch: 44, iters: 25536, time: 0.001, data: 0.001) , D_A: 0.213, G_A: 1.001, cycle_A: 0.124, D_B: 0.262, G_B: 0.972, cycle_B: 0.102, gp: 0.260

[Rank 0] (epoch: 44, iters: 27136, time: 0.001, data: 0.002) , D_A: 0.228, G_A: 0.974, cycle_A: 0.114, D_B: 0.228, G_B: 0.958, cycle_B: 0.099, gp: 0.224

[Rank 0] (epoch: 44, iters: 28736, time: 0.001, data: 0.001) , D_A: 0.135, G_A: 0.918, cycle_A: 0.119, D_B: 0.190, G_B: 0.985, cycle_B: 0.107, gp: 0.188

[Rank 0] (epoch: 44, iters: 30336, time: 0.001, data: 0.001) , D_A: 0.156, G_A: 0.989, cycle_A: 0.125, D_B: 0.135, G_B: 0.975, cycle_B: 0.107, gp: 0.132

[Rank 0] (epoch: 44, iters: 31936, time: 0.001, data: 0.002) , D_A: 0.207, G_A: 1.011, cycle_A: 0.116, D_B: 0.154, G_B: 1.013, cycle_B: 0.096, gp: 0.152

[Rank 0] (epoch: 44, iters: 33536, time: 0.001, data: 0.001) , D_A: 0.138, G_A: 0.996, cycle_A: 0.127, D_B: 0.275, G_B: 0.907, cycle_B: 0.104, gp: 0.272

[Rank 0] (epoch: 44, iters: 35136, time: 0.001, data: 0.001) , D_A: 0.100, G_A: 0.956, cycle_A: 0.121, D_B: 0.164, G_B: 0.978, cycle_B: 0.108, gp: 0.161

[Rank 0] (epoch: 44, iters: 36736, time: 0.001, data: 0.001) , D_A: 0.217, G_A: 0.996, cycle_A: 0.133, D_B: 0.287, G_B: 1.009, cycle_B: 0.106, gp: 0.280

[Rank 0] (epoch: 44, iters: 38336, time: 0.001, data: 0.001) , D_A: 0.241, G_A: 1.018, cycle_A: 0.117, D_B: 0.191, G_B: 0.978, cycle_B: 0.104, gp: 0.188

[Rank 0] (epoch: 44, iters: 39936, time: 0.001, data: 0.001) , D_A: 0.121, G_A: 0.882, cycle_A: 0.111, D_B: 0.309, G_B: 0.981, cycle_B: 0.115, gp: 0.307

learning rate 0.0001273 -> 0.0001091
temperature tau = 0.1178
End of epoch 44 / 50 	 Time Taken: 37 sec
[Rank 0] (epoch: 45, iters: 1088, time: 0.001, data: 0.001) , D_A: 0.139, G_A: 0.961, cycle_A: 0.123, D_B: 0.260, G_B: 0.971, cycle_B: 0.105, gp: 0.258

[Rank 0] (epoch: 45, iters: 2688, time: 0.001, data: 0.001) , D_A: 0.239, G_A: 0.951, cycle_A: 0.119, D_B: 0.236, G_B: 0.994, cycle_B: 0.108, gp: 0.232

[Rank 0] (epoch: 45, iters: 4288, time: 0.001, data: 0.001) , D_A: 0.138, G_A: 1.006, cycle_A: 0.114, D_B: 0.182, G_B: 0.992, cycle_B: 0.101, gp: 0.180

[Rank 0] (epoch: 45, iters: 5888, time: 0.001, data: 0.001) , D_A: 0.103, G_A: 0.978, cycle_A: 0.122, D_B: 0.149, G_B: 0.963, cycle_B: 0.110, gp: 0.147

[Rank 0] (epoch: 45, iters: 7488, time: 0.001, data: 0.001) , D_A: 0.146, G_A: 0.962, cycle_A: 0.120, D_B: 0.306, G_B: 0.991, cycle_B: 0.111, gp: 0.304

[Rank 0] (epoch: 45, iters: 9088, time: 0.001, data: 0.001) , D_A: 0.165, G_A: 0.997, cycle_A: 0.127, D_B: 0.212, G_B: 0.949, cycle_B: 0.103, gp: 0.209

[Rank 0] (epoch: 45, iters: 10688, time: 0.001, data: 0.001) , D_A: 0.192, G_A: 0.978, cycle_A: 0.131, D_B: 0.172, G_B: 0.981, cycle_B: 0.097, gp: 0.170

[Rank 0] (epoch: 45, iters: 12288, time: 0.001, data: 0.001) , D_A: 0.135, G_A: 0.989, cycle_A: 0.116, D_B: 0.223, G_B: 0.978, cycle_B: 0.105, gp: 0.221

[Rank 0] (epoch: 45, iters: 13888, time: 0.001, data: 0.001) , D_A: 0.148, G_A: 1.022, cycle_A: 0.111, D_B: 0.186, G_B: 0.999, cycle_B: 0.121, gp: 0.183

[Rank 0] (epoch: 45, iters: 15488, time: 0.001, data: 0.002) , D_A: 0.213, G_A: 0.974, cycle_A: 0.120, D_B: 0.211, G_B: 0.964, cycle_B: 0.105, gp: 0.208

[Rank 0] (epoch: 45, iters: 17088, time: 0.001, data: 0.001) , D_A: 0.148, G_A: 0.994, cycle_A: 0.129, D_B: 0.200, G_B: 0.990, cycle_B: 0.101, gp: 0.197

[Rank 0] (epoch: 45, iters: 18688, time: 0.001, data: 0.001) , D_A: 0.177, G_A: 0.995, cycle_A: 0.110, D_B: 0.182, G_B: 0.981, cycle_B: 0.102, gp: 0.179

--- iter tau=0.1178 ---
  cipher in : euvering for the shot had placed him near the overcast almost in
  decrypted :  rp hiedaruhaop aspuoaptcanftj capiyae thaop aup hjtsoatfyusoaie
  real plain: of his achievements among the virginia belles they thout i was a
  cipher in :  reward at the end of a long meaningful search for truth this wa
  decrypted : ah gthcatoaop a ecauratafueday teiedrrfas thjparuhaohropaopisagt
  real plain: inese especially after khrushchevs humiliating surrender to the 
[Rank 0] (epoch: 45, iters: 20288, time: 0.001, data: 0.002) , D_A: 0.217, G_A: 0.978, cycle_A: 0.121, D_B: 0.226, G_B: 0.983, cycle_B: 0.108, gp: 0.223

saving the latest model (epoch 45, total_iters 1800000)
[Rank 0] (epoch: 45, iters: 21888, time: 0.001, data: 0.001) , D_A: 0.103, G_A: 0.996, cycle_A: 0.119, D_B: 0.185, G_B: 0.967, cycle_B: 0.099, gp: 0.181

[Rank 0] (epoch: 45, iters: 23488, time: 0.001, data: 0.001) , D_A: 0.170, G_A: 1.011, cycle_A: 0.121, D_B: 0.167, G_B: 0.916, cycle_B: 0.105, gp: 0.163

[Rank 0] (epoch: 45, iters: 25088, time: 0.001, data: 0.001) , D_A: 0.216, G_A: 0.957, cycle_A: 0.122, D_B: 0.202, G_B: 0.973, cycle_B: 0.102, gp: 0.200

[Rank 0] (epoch: 45, iters: 26688, time: 0.001, data: 0.001) , D_A: 0.194, G_A: 0.921, cycle_A: 0.115, D_B: 0.243, G_B: 0.989, cycle_B: 0.100, gp: 0.241

[Rank 0] (epoch: 45, iters: 28288, time: 0.001, data: 0.001) , D_A: 0.118, G_A: 0.956, cycle_A: 0.123, D_B: 0.213, G_B: 0.982, cycle_B: 0.104, gp: 0.210

[Rank 0] (epoch: 45, iters: 29888, time: 0.001, data: 0.001) , D_A: 0.176, G_A: 0.996, cycle_A: 0.120, D_B: 0.168, G_B: 0.980, cycle_B: 0.101, gp: 0.166

[Rank 0] (epoch: 45, iters: 31488, time: 0.001, data: 0.001) , D_A: 0.113, G_A: 1.004, cycle_A: 0.121, D_B: 0.250, G_B: 0.968, cycle_B: 0.099, gp: 0.247

[Rank 0] (epoch: 45, iters: 33088, time: 0.001, data: 0.001) , D_A: 0.117, G_A: 1.007, cycle_A: 0.119, D_B: 0.311, G_B: 0.946, cycle_B: 0.105, gp: 0.308

[Rank 0] (epoch: 45, iters: 34688, time: 0.001, data: 0.001) , D_A: 0.166, G_A: 0.915, cycle_A: 0.126, D_B: 0.159, G_B: 0.989, cycle_B: 0.103, gp: 0.157

[Rank 0] (epoch: 45, iters: 36288, time: 0.001, data: 0.001) , D_A: 0.145, G_A: 1.000, cycle_A: 0.109, D_B: 0.188, G_B: 0.983, cycle_B: 0.100, gp: 0.185

[Rank 0] (epoch: 45, iters: 37888, time: 0.001, data: 0.001) , D_A: 0.203, G_A: 0.981, cycle_A: 0.122, D_B: 0.275, G_B: 0.979, cycle_B: 0.094, gp: 0.273

[Rank 0] (epoch: 45, iters: 39488, time: 0.001, data: 0.001) , D_A: 0.196, G_A: 1.002, cycle_A: 0.118, D_B: 0.199, G_B: 0.993, cycle_B: 0.116, gp: 0.197

learning rate 0.0001091 -> 0.0000909
temperature tau = 0.1140
End of epoch 45 / 50 	 Time Taken: 39 sec
[Rank 0] (epoch: 46, iters: 640, time: 0.001, data: 0.001) , D_A: 0.209, G_A: 0.990, cycle_A: 0.120, D_B: 0.170, G_B: 0.995, cycle_B: 0.104, gp: 0.168

[Rank 0] (epoch: 46, iters: 2240, time: 0.001, data: 0.000) , D_A: 0.194, G_A: 0.979, cycle_A: 0.114, D_B: 0.258, G_B: 0.988, cycle_B: 0.111, gp: 0.254

[Rank 0] (epoch: 46, iters: 3840, time: 0.001, data: 0.001) , D_A: 0.139, G_A: 0.993, cycle_A: 0.123, D_B: 0.142, G_B: 0.962, cycle_B: 0.105, gp: 0.140

[Rank 0] (epoch: 46, iters: 5440, time: 0.001, data: 0.001) , D_A: 0.176, G_A: 0.971, cycle_A: 0.126, D_B: 0.258, G_B: 1.008, cycle_B: 0.099, gp: 0.257

[Rank 0] (epoch: 46, iters: 7040, time: 0.001, data: 0.001) , D_A: 0.152, G_A: 0.983, cycle_A: 0.124, D_B: 0.199, G_B: 0.968, cycle_B: 0.106, gp: 0.196

[Rank 0] (epoch: 46, iters: 8640, time: 0.001, data: 0.001) , D_A: 0.226, G_A: 0.905, cycle_A: 0.119, D_B: 0.201, G_B: 0.987, cycle_B: 0.100, gp: 0.199

[Rank 0] (epoch: 46, iters: 10240, time: 0.001, data: 0.001) , D_A: 0.160, G_A: 0.957, cycle_A: 0.117, D_B: 0.203, G_B: 0.937, cycle_B: 0.098, gp: 0.201

[Rank 0] (epoch: 46, iters: 11840, time: 0.001, data: 0.001) , D_A: 0.126, G_A: 0.980, cycle_A: 0.128, D_B: 0.212, G_B: 0.974, cycle_B: 0.108, gp: 0.209

[Rank 0] (epoch: 46, iters: 13440, time: 0.001, data: 0.001) , D_A: 0.141, G_A: 0.931, cycle_A: 0.109, D_B: 0.257, G_B: 0.997, cycle_B: 0.105, gp: 0.255

[Rank 0] (epoch: 46, iters: 15040, time: 0.001, data: 0.002) , D_A: 0.199, G_A: 0.967, cycle_A: 0.131, D_B: 0.166, G_B: 0.991, cycle_B: 0.106, gp: 0.164

[Rank 0] (epoch: 46, iters: 16640, time: 0.001, data: 0.001) , D_A: 0.204, G_A: 0.929, cycle_A: 0.118, D_B: 0.361, G_B: 0.976, cycle_B: 0.104, gp: 0.357

[Rank 0] (epoch: 46, iters: 18240, time: 0.001, data: 0.001) , D_A: 0.124, G_A: 0.985, cycle_A: 0.128, D_B: 0.133, G_B: 0.971, cycle_B: 0.106, gp: 0.130

--- iter tau=0.1140 ---
  cipher in : alleries that looked down on the maelstrom of vehicles below ver
  decrypted : tww hi saoptoawuul cacugeaueaop ayt wsohuyaurap pijw sar wugap h
  real plain: d loved perhaps even of his own children he knows that he certai
  cipher in : o the window again a gnawing and gnashing within him the snow wa
  decrypted : uaop agiecugatdtieatadetgiedatecadetspiedagiopieapiyaop aseugagt
  real plain: ngle statewide assessing unit would eliminate the differences an
[Rank 0] (epoch: 46, iters: 19840, time: 0.001, data: 0.001) , D_A: 0.212, G_A: 0.986, cycle_A: 0.107, D_B: 0.236, G_B: 0.946, cycle_B: 0.101, gp: 0.234

saving the latest model (epoch 46, total_iters 1840000)
[Rank 0] (epoch: 46, iters: 21440, time: 0.001, data: 0.001) , D_A: 0.175, G_A: 0.969, cycle_A: 0.127, D_B: 0.307, G_B: 0.963, cycle_B: 0.102, gp: 0.302

[Rank 0] (epoch: 46, iters: 23040, time: 0.001, data: 0.001) , D_A: 0.165, G_A: 0.979, cycle_A: 0.117, D_B: 0.305, G_B: 0.975, cycle_B: 0.100, gp: 0.302

[Rank 0] (epoch: 46, iters: 24640, time: 0.001, data: 0.001) , D_A: 0.171, G_A: 0.996, cycle_A: 0.126, D_B: 0.180, G_B: 0.976, cycle_B: 0.103, gp: 0.176

[Rank 0] (epoch: 46, iters: 26240, time: 0.001, data: 0.001) , D_A: 0.158, G_A: 1.029, cycle_A: 0.119, D_B: 0.219, G_B: 0.962, cycle_B: 0.106, gp: 0.215

[Rank 0] (epoch: 46, iters: 27840, time: 0.001, data: 0.002) , D_A: 0.115, G_A: 0.983, cycle_A: 0.129, D_B: 0.146, G_B: 0.967, cycle_B: 0.104, gp: 0.144

[Rank 0] (epoch: 46, iters: 29440, time: 0.001, data: 0.001) , D_A: 0.125, G_A: 0.944, cycle_A: 0.122, D_B: 0.235, G_B: 0.981, cycle_B: 0.099, gp: 0.232

[Rank 0] (epoch: 46, iters: 31040, time: 0.001, data: 0.001) , D_A: 0.046, G_A: 0.957, cycle_A: 0.126, D_B: 0.160, G_B: 0.991, cycle_B: 0.100, gp: 0.158

[Rank 0] (epoch: 46, iters: 32640, time: 0.001, data: 0.001) , D_A: 0.166, G_A: 1.010, cycle_A: 0.117, D_B: 0.232, G_B: 0.965, cycle_B: 0.108, gp: 0.230

[Rank 0] (epoch: 46, iters: 34240, time: 0.001, data: 0.001) , D_A: 0.286, G_A: 0.995, cycle_A: 0.121, D_B: 0.168, G_B: 0.999, cycle_B: 0.096, gp: 0.165

[Rank 0] (epoch: 46, iters: 35840, time: 0.001, data: 0.001) , D_A: 0.165, G_A: 0.955, cycle_A: 0.121, D_B: 0.172, G_B: 0.976, cycle_B: 0.103, gp: 0.169

[Rank 0] (epoch: 46, iters: 37440, time: 0.001, data: 0.001) , D_A: 0.110, G_A: 0.960, cycle_A: 0.119, D_B: 0.189, G_B: 0.983, cycle_B: 0.094, gp: 0.187

[Rank 0] (epoch: 46, iters: 39040, time: 0.001, data: 0.001) , D_A: 0.122, G_A: 0.957, cycle_A: 0.109, D_B: 0.167, G_B: 0.994, cycle_B: 0.111, gp: 0.165

learning rate 0.0000909 -> 0.0000727
temperature tau = 0.1104
End of epoch 46 / 50 	 Time Taken: 39 sec
[Rank 0] (epoch: 47, iters: 192, time: 0.001, data: 0.001) , D_A: 0.154, G_A: 0.974, cycle_A: 0.124, D_B: 0.177, G_B: 0.984, cycle_B: 0.105, gp: 0.174

[Rank 0] (epoch: 47, iters: 1792, time: 0.001, data: 0.006) , D_A: 0.195, G_A: 0.902, cycle_A: 0.114, D_B: 0.197, G_B: 0.947, cycle_B: 0.099, gp: 0.194

[Rank 0] (epoch: 47, iters: 3392, time: 0.001, data: 0.001) , D_A: 0.199, G_A: 0.984, cycle_A: 0.118, D_B: 0.155, G_B: 0.978, cycle_B: 0.099, gp: 0.152

[Rank 0] (epoch: 47, iters: 4992, time: 0.001, data: 0.001) , D_A: 0.249, G_A: 0.959, cycle_A: 0.116, D_B: 0.153, G_B: 0.962, cycle_B: 0.116, gp: 0.150

[Rank 0] (epoch: 47, iters: 6592, time: 0.001, data: 0.001) , D_A: 0.234, G_A: 0.976, cycle_A: 0.114, D_B: 0.166, G_B: 0.985, cycle_B: 0.100, gp: 0.163

[Rank 0] (epoch: 47, iters: 8192, time: 0.001, data: 0.001) , D_A: 0.132, G_A: 0.970, cycle_A: 0.119, D_B: 0.211, G_B: 0.955, cycle_B: 0.108, gp: 0.209

[Rank 0] (epoch: 47, iters: 9792, time: 0.001, data: 0.001) , D_A: 0.141, G_A: 0.959, cycle_A: 0.115, D_B: 0.126, G_B: 0.967, cycle_B: 0.098, gp: 0.123

[Rank 0] (epoch: 47, iters: 11392, time: 0.001, data: 0.001) , D_A: 0.106, G_A: 0.989, cycle_A: 0.114, D_B: 0.291, G_B: 0.955, cycle_B: 0.103, gp: 0.289

[Rank 0] (epoch: 47, iters: 12992, time: 0.001, data: 0.001) , D_A: 0.119, G_A: 0.955, cycle_A: 0.122, D_B: 0.195, G_B: 0.975, cycle_B: 0.110, gp: 0.193

[Rank 0] (epoch: 47, iters: 14592, time: 0.001, data: 0.002) , D_A: 0.132, G_A: 0.977, cycle_A: 0.113, D_B: 0.081, G_B: 0.977, cycle_B: 0.116, gp: 0.079

[Rank 0] (epoch: 47, iters: 16192, time: 0.001, data: 0.001) , D_A: 0.155, G_A: 0.913, cycle_A: 0.121, D_B: 0.298, G_B: 0.984, cycle_B: 0.104, gp: 0.294

[Rank 0] (epoch: 47, iters: 17792, time: 0.001, data: 0.001) , D_A: 0.109, G_A: 0.980, cycle_A: 0.111, D_B: 0.174, G_B: 0.964, cycle_B: 0.108, gp: 0.170

--- iter tau=0.1104 ---
  cipher in : stential completion he needs that is to move in the direction of
  decrypted : so eoitwajmynw oimeap ae  csaoptoaisaomaymp aieaop acih joimeamr
  real plain: ns education in the schools not simply a brief program when the 
  cipher in : tic to the sides of beef that hung silently from his hooks lilly
  decrypted : oijaomaop asic samrar  raoptoapredasiw eowdarhmyapisapmmlsawiwwd
  real plain: dary relationship thus in mary wrote an account of the trip firs
[Rank 0] (epoch: 47, iters: 19392, time: 0.001, data: 0.001) , D_A: 0.135, G_A: 0.965, cycle_A: 0.113, D_B: 0.193, G_B: 0.972, cycle_B: 0.104, gp: 0.190

saving the latest model (epoch 47, total_iters 1880000)
[Rank 0] (epoch: 47, iters: 20992, time: 0.001, data: 0.001) , D_A: 0.175, G_A: 0.998, cycle_A: 0.119, D_B: 0.201, G_B: 0.976, cycle_B: 0.111, gp: 0.198

[Rank 0] (epoch: 47, iters: 22592, time: 0.001, data: 0.001) , D_A: 0.159, G_A: 0.968, cycle_A: 0.109, D_B: 0.319, G_B: 0.984, cycle_B: 0.101, gp: 0.316

[Rank 0] (epoch: 47, iters: 24192, time: 0.001, data: 0.001) , D_A: 0.132, G_A: 0.997, cycle_A: 0.116, D_B: 0.244, G_B: 0.966, cycle_B: 0.105, gp: 0.240

[Rank 0] (epoch: 47, iters: 25792, time: 0.001, data: 0.001) , D_A: 0.142, G_A: 0.986, cycle_A: 0.119, D_B: 0.266, G_B: 0.983, cycle_B: 0.107, gp: 0.263

[Rank 0] (epoch: 47, iters: 27392, time: 0.001, data: 0.001) , D_A: 0.242, G_A: 0.952, cycle_A: 0.110, D_B: 0.128, G_B: 0.973, cycle_B: 0.096, gp: 0.126

[Rank 0] (epoch: 47, iters: 28992, time: 0.001, data: 0.001) , D_A: 0.176, G_A: 0.963, cycle_A: 0.118, D_B: 0.148, G_B: 0.946, cycle_B: 0.106, gp: 0.144

[Rank 0] (epoch: 47, iters: 30592, time: 0.001, data: 0.001) , D_A: 0.146, G_A: 1.029, cycle_A: 0.116, D_B: 0.225, G_B: 0.983, cycle_B: 0.107, gp: 0.222

[Rank 0] (epoch: 47, iters: 32192, time: 0.001, data: 0.001) , D_A: 0.153, G_A: 1.001, cycle_A: 0.118, D_B: 0.148, G_B: 0.966, cycle_B: 0.093, gp: 0.146

[Rank 0] (epoch: 47, iters: 33792, time: 0.001, data: 0.001) , D_A: 0.102, G_A: 0.934, cycle_A: 0.119, D_B: 0.238, G_B: 0.969, cycle_B: 0.104, gp: 0.235

[Rank 0] (epoch: 47, iters: 35392, time: 0.001, data: 0.001) , D_A: 0.098, G_A: 0.986, cycle_A: 0.122, D_B: 0.215, G_B: 0.984, cycle_B: 0.103, gp: 0.212

[Rank 0] (epoch: 47, iters: 36992, time: 0.001, data: 0.001) , D_A: 0.149, G_A: 1.014, cycle_A: 0.121, D_B: 0.255, G_B: 0.966, cycle_B: 0.101, gp: 0.253

[Rank 0] (epoch: 47, iters: 38592, time: 0.001, data: 0.001) , D_A: 0.119, G_A: 0.931, cycle_A: 0.124, D_B: 0.195, G_B: 0.951, cycle_B: 0.097, gp: 0.192

[Rank 0] (epoch: 47, iters: 40192, time: 0.001, data: 0.001) , D_A: 0.145, G_A: 0.969, cycle_A: 0.110, D_B: 0.166, G_B: 0.967, cycle_B: 0.104, gp: 0.163

learning rate 0.0000727 -> 0.0000545
temperature tau = 0.1068
End of epoch 47 / 50 	 Time Taken: 38 sec
[Rank 0] (epoch: 48, iters: 1344, time: 0.001, data: 0.001) , D_A: 0.241, G_A: 0.997, cycle_A: 0.121, D_B: 0.195, G_B: 0.955, cycle_B: 0.103, gp: 0.193

[Rank 0] (epoch: 48, iters: 2944, time: 0.001, data: 0.001) , D_A: 0.209, G_A: 0.978, cycle_A: 0.116, D_B: 0.116, G_B: 0.995, cycle_B: 0.105, gp: 0.113

[Rank 0] (epoch: 48, iters: 4544, time: 0.001, data: 0.001) , D_A: 0.131, G_A: 1.001, cycle_A: 0.132, D_B: 0.240, G_B: 0.954, cycle_B: 0.101, gp: 0.238

[Rank 0] (epoch: 48, iters: 6144, time: 0.001, data: 0.001) , D_A: 0.212, G_A: 0.990, cycle_A: 0.127, D_B: 0.194, G_B: 0.969, cycle_B: 0.110, gp: 0.191

[Rank 0] (epoch: 48, iters: 7744, time: 0.001, data: 0.001) , D_A: 0.110, G_A: 0.932, cycle_A: 0.126, D_B: 0.195, G_B: 0.969, cycle_B: 0.108, gp: 0.191

[Rank 0] (epoch: 48, iters: 9344, time: 0.001, data: 0.001) , D_A: 0.112, G_A: 0.967, cycle_A: 0.112, D_B: 0.169, G_B: 0.993, cycle_B: 0.109, gp: 0.167

[Rank 0] (epoch: 48, iters: 10944, time: 0.001, data: 0.001) , D_A: 0.157, G_A: 0.961, cycle_A: 0.118, D_B: 0.211, G_B: 0.942, cycle_B: 0.105, gp: 0.208

[Rank 0] (epoch: 48, iters: 12544, time: 0.001, data: 0.001) , D_A: 0.153, G_A: 0.974, cycle_A: 0.123, D_B: 0.179, G_B: 0.972, cycle_B: 0.110, gp: 0.177

[Rank 0] (epoch: 48, iters: 14144, time: 0.001, data: 0.001) , D_A: 0.170, G_A: 0.971, cycle_A: 0.116, D_B: 0.214, G_B: 0.985, cycle_B: 0.119, gp: 0.212

[Rank 0] (epoch: 48, iters: 15744, time: 0.001, data: 0.001) , D_A: 0.073, G_A: 0.959, cycle_A: 0.133, D_B: 0.257, G_B: 0.978, cycle_B: 0.104, gp: 0.255

[Rank 0] (epoch: 48, iters: 17344, time: 0.001, data: 0.001) , D_A: 0.148, G_A: 0.974, cycle_A: 0.130, D_B: 0.149, G_B: 0.961, cycle_B: 0.101, gp: 0.146

--- iter tau=0.1068 ---
  cipher in : ersity should stand for recently colleges and universities have 
  decrypted :  hsiodaspurwcasotecaruhah j eowdajuww d satecareip hsioi saptp a
  real plain:  town platted in and named for the patron of father galtiers mis
  cipher in : n of himself and indeed with one so favored flattery could hardl
  decrypted : eaurapiys wratecaiec  cagiopaue asuartpuh carwtoo hdajurwcapthcw
  real plain:  was lb boddayacre on a surface loading basis it seems that the 
[Rank 0] (epoch: 48, iters: 18944, time: 0.001, data: 0.001) , D_A: 0.157, G_A: 0.977, cycle_A: 0.128, D_B: 0.178, G_B: 0.964, cycle_B: 0.102, gp: 0.176

saving the latest model (epoch 48, total_iters 1920000)
[Rank 0] (epoch: 48, iters: 20544, time: 0.001, data: 0.001) , D_A: 0.184, G_A: 0.992, cycle_A: 0.127, D_B: 0.207, G_B: 0.968, cycle_B: 0.109, gp: 0.204

[Rank 0] (epoch: 48, iters: 22144, time: 0.001, data: 0.001) , D_A: 0.150, G_A: 0.973, cycle_A: 0.123, D_B: 0.236, G_B: 0.960, cycle_B: 0.100, gp: 0.233

[Rank 0] (epoch: 48, iters: 23744, time: 0.001, data: 0.001) , D_A: 0.122, G_A: 0.990, cycle_A: 0.121, D_B: 0.298, G_B: 0.951, cycle_B: 0.101, gp: 0.293

[Rank 0] (epoch: 48, iters: 25344, time: 0.001, data: 0.001) , D_A: 0.083, G_A: 0.983, cycle_A: 0.121, D_B: 0.175, G_B: 0.951, cycle_B: 0.102, gp: 0.171

[Rank 0] (epoch: 48, iters: 26944, time: 0.001, data: 0.001) , D_A: 0.140, G_A: 0.981, cycle_A: 0.110, D_B: 0.195, G_B: 0.963, cycle_B: 0.099, gp: 0.193

[Rank 0] (epoch: 48, iters: 28544, time: 0.001, data: 0.001) , D_A: 0.241, G_A: 0.979, cycle_A: 0.121, D_B: 0.144, G_B: 0.972, cycle_B: 0.104, gp: 0.142

[Rank 0] (epoch: 48, iters: 30144, time: 0.001, data: 0.001) , D_A: 0.151, G_A: 0.986, cycle_A: 0.130, D_B: 0.267, G_B: 0.965, cycle_B: 0.101, gp: 0.263

[Rank 0] (epoch: 48, iters: 31744, time: 0.001, data: 0.001) , D_A: 0.177, G_A: 0.974, cycle_A: 0.110, D_B: 0.113, G_B: 0.945, cycle_B: 0.099, gp: 0.109

[Rank 0] (epoch: 48, iters: 33344, time: 0.001, data: 0.001) , D_A: 0.148, G_A: 0.960, cycle_A: 0.118, D_B: 0.249, G_B: 0.991, cycle_B: 0.104, gp: 0.245

[Rank 0] (epoch: 48, iters: 34944, time: 0.001, data: 0.001) , D_A: 0.208, G_A: 0.932, cycle_A: 0.121, D_B: 0.181, G_B: 0.933, cycle_B: 0.109, gp: 0.174

[Rank 0] (epoch: 48, iters: 36544, time: 0.001, data: 0.001) , D_A: 0.163, G_A: 0.935, cycle_A: 0.125, D_B: 0.221, G_B: 0.961, cycle_B: 0.106, gp: 0.219

[Rank 0] (epoch: 48, iters: 38144, time: 0.001, data: 0.001) , D_A: 0.146, G_A: 0.985, cycle_A: 0.128, D_B: 0.106, G_B: 0.981, cycle_B: 0.103, gp: 0.103

[Rank 0] (epoch: 48, iters: 39744, time: 0.001, data: 0.001) , D_A: 0.200, G_A: 0.947, cycle_A: 0.119, D_B: 0.164, G_B: 0.968, cycle_B: 0.115, gp: 0.161

learning rate 0.0000545 -> 0.0000364
temperature tau = 0.1033
End of epoch 48 / 50 	 Time Taken: 36 sec
[Rank 0] (epoch: 49, iters: 896, time: 0.001, data: 0.001) , D_A: 0.194, G_A: 0.971, cycle_A: 0.138, D_B: 0.258, G_B: 0.972, cycle_B: 0.100, gp: 0.256

[Rank 0] (epoch: 49, iters: 2496, time: 0.001, data: 0.000) , D_A: 0.136, G_A: 0.985, cycle_A: 0.120, D_B: 0.216, G_B: 0.983, cycle_B: 0.110, gp: 0.212

[Rank 0] (epoch: 49, iters: 4096, time: 0.001, data: 0.001) , D_A: 0.195, G_A: 0.983, cycle_A: 0.118, D_B: 0.154, G_B: 0.961, cycle_B: 0.105, gp: 0.152

[Rank 0] (epoch: 49, iters: 5696, time: 0.001, data: 0.001) , D_A: 0.102, G_A: 0.980, cycle_A: 0.115, D_B: 0.199, G_B: 0.978, cycle_B: 0.110, gp: 0.196

[Rank 0] (epoch: 49, iters: 7296, time: 0.001, data: 0.001) , D_A: 0.198, G_A: 0.963, cycle_A: 0.117, D_B: 0.181, G_B: 0.975, cycle_B: 0.111, gp: 0.179

[Rank 0] (epoch: 49, iters: 8896, time: 0.001, data: 0.001) , D_A: 0.206, G_A: 0.975, cycle_A: 0.122, D_B: 0.220, G_B: 0.934, cycle_B: 0.103, gp: 0.216

[Rank 0] (epoch: 49, iters: 10496, time: 0.001, data: 0.001) , D_A: 0.175, G_A: 0.959, cycle_A: 0.119, D_B: 0.144, G_B: 0.976, cycle_B: 0.097, gp: 0.142

[Rank 0] (epoch: 49, iters: 12096, time: 0.001, data: 0.001) , D_A: 0.101, G_A: 0.985, cycle_A: 0.113, D_B: 0.155, G_B: 0.957, cycle_B: 0.108, gp: 0.152

[Rank 0] (epoch: 49, iters: 13696, time: 0.001, data: 0.001) , D_A: 0.180, G_A: 0.972, cycle_A: 0.131, D_B: 0.241, G_B: 0.980, cycle_B: 0.106, gp: 0.239

[Rank 0] (epoch: 49, iters: 15296, time: 0.001, data: 0.001) , D_A: 0.111, G_A: 0.971, cycle_A: 0.113, D_B: 0.191, G_B: 0.966, cycle_B: 0.109, gp: 0.188

[Rank 0] (epoch: 49, iters: 16896, time: 0.001, data: 0.001) , D_A: 0.183, G_A: 0.987, cycle_A: 0.115, D_B: 0.210, G_B: 0.959, cycle_B: 0.107, gp: 0.208

--- iter tau=0.1033 ---
  cipher in : throats she tore open the back door it was dark inside the room 
  decrypted : ophutosasp aouh aun eaop artjlacuuhaioavtsacthlaiesic aop ahuuya
  real plain:  town platted in and named for the patron of father galtiers mis
  cipher in : s affaires indigenes et de la maindoeuvre aimo af direction af d
  decrypted : satrrtih saiecid e sa oac awtaytiecu rph atiyuatracih joiueatrac
  real plain:  was lb boddayacre on a surface loading basis it seems that the 
[Rank 0] (epoch: 49, iters: 18496, time: 0.001, data: 0.001) , D_A: 0.090, G_A: 0.957, cycle_A: 0.122, D_B: 0.250, G_B: 0.962, cycle_B: 0.103, gp: 0.248

saving the latest model (epoch 49, total_iters 1960000)
[Rank 0] (epoch: 49, iters: 20096, time: 0.001, data: 0.001) , D_A: 0.135, G_A: 0.971, cycle_A: 0.123, D_B: 0.185, G_B: 0.977, cycle_B: 0.111, gp: 0.183

[Rank 0] (epoch: 49, iters: 21696, time: 0.001, data: 0.001) , D_A: 0.204, G_A: 0.970, cycle_A: 0.113, D_B: 0.148, G_B: 0.961, cycle_B: 0.102, gp: 0.145

[Rank 0] (epoch: 49, iters: 23296, time: 0.001, data: 0.001) , D_A: 0.125, G_A: 0.969, cycle_A: 0.120, D_B: 0.106, G_B: 0.988, cycle_B: 0.108, gp: 0.104

[Rank 0] (epoch: 49, iters: 24896, time: 0.001, data: 0.001) , D_A: 0.163, G_A: 0.990, cycle_A: 0.120, D_B: 0.186, G_B: 0.946, cycle_B: 0.103, gp: 0.183

[Rank 0] (epoch: 49, iters: 26496, time: 0.001, data: 0.001) , D_A: 0.099, G_A: 0.941, cycle_A: 0.123, D_B: 0.198, G_B: 0.986, cycle_B: 0.107, gp: 0.195

[Rank 0] (epoch: 49, iters: 28096, time: 0.001, data: 0.002) , D_A: 0.174, G_A: 0.963, cycle_A: 0.116, D_B: 0.233, G_B: 0.956, cycle_B: 0.104, gp: 0.229

[Rank 0] (epoch: 49, iters: 29696, time: 0.001, data: 0.001) , D_A: 0.137, G_A: 0.979, cycle_A: 0.122, D_B: 0.152, G_B: 0.971, cycle_B: 0.099, gp: 0.150

[Rank 0] (epoch: 49, iters: 31296, time: 0.001, data: 0.001) , D_A: 0.084, G_A: 0.978, cycle_A: 0.122, D_B: 0.143, G_B: 0.987, cycle_B: 0.099, gp: 0.142

[Rank 0] (epoch: 49, iters: 32896, time: 0.001, data: 0.001) , D_A: 0.162, G_A: 0.951, cycle_A: 0.121, D_B: 0.169, G_B: 0.971, cycle_B: 0.105, gp: 0.167

[Rank 0] (epoch: 49, iters: 34496, time: 0.001, data: 0.001) , D_A: 0.196, G_A: 0.948, cycle_A: 0.117, D_B: 0.204, G_B: 0.952, cycle_B: 0.104, gp: 0.200

[Rank 0] (epoch: 49, iters: 36096, time: 0.001, data: 0.001) , D_A: 0.145, G_A: 0.993, cycle_A: 0.116, D_B: 0.158, G_B: 0.965, cycle_B: 0.101, gp: 0.154

[Rank 0] (epoch: 49, iters: 37696, time: 0.001, data: 0.001) , D_A: 0.109, G_A: 0.992, cycle_A: 0.120, D_B: 0.190, G_B: 0.951, cycle_B: 0.094, gp: 0.188

[Rank 0] (epoch: 49, iters: 39296, time: 0.001, data: 0.001) , D_A: 0.119, G_A: 0.986, cycle_A: 0.118, D_B: 0.140, G_B: 0.945, cycle_B: 0.111, gp: 0.136

learning rate 0.0000364 -> 0.0000182
temperature tau = 0.1000
End of epoch 49 / 50 	 Time Taken: 35 sec
[Rank 0] (epoch: 50, iters: 448, time: 0.001, data: 0.001) , D_A: 0.148, G_A: 0.951, cycle_A: 0.122, D_B: 0.150, G_B: 0.972, cycle_B: 0.105, gp: 0.147

[Rank 0] (epoch: 50, iters: 2048, time: 0.001, data: 0.000) , D_A: 0.122, G_A: 0.966, cycle_A: 0.116, D_B: 0.147, G_B: 0.971, cycle_B: 0.099, gp: 0.145

[Rank 0] (epoch: 50, iters: 3648, time: 0.001, data: 0.001) , D_A: 0.228, G_A: 0.963, cycle_A: 0.117, D_B: 0.134, G_B: 0.962, cycle_B: 0.106, gp: 0.132

[Rank 0] (epoch: 50, iters: 5248, time: 0.001, data: 0.001) , D_A: 0.160, G_A: 0.976, cycle_A: 0.115, D_B: 0.199, G_B: 0.978, cycle_B: 0.100, gp: 0.196

[Rank 0] (epoch: 50, iters: 6848, time: 0.001, data: 0.001) , D_A: 0.092, G_A: 0.988, cycle_A: 0.116, D_B: 0.264, G_B: 0.942, cycle_B: 0.107, gp: 0.262

[Rank 0] (epoch: 50, iters: 8448, time: 0.001, data: 0.001) , D_A: 0.197, G_A: 0.955, cycle_A: 0.117, D_B: 0.208, G_B: 0.972, cycle_B: 0.100, gp: 0.207

[Rank 0] (epoch: 50, iters: 10048, time: 0.001, data: 0.001) , D_A: 0.195, G_A: 0.997, cycle_A: 0.122, D_B: 0.250, G_B: 0.971, cycle_B: 0.097, gp: 0.248

[Rank 0] (epoch: 50, iters: 11648, time: 0.001, data: 0.001) , D_A: 0.148, G_A: 0.968, cycle_A: 0.121, D_B: 0.198, G_B: 0.957, cycle_B: 0.101, gp: 0.196

[Rank 0] (epoch: 50, iters: 13248, time: 0.001, data: 0.001) , D_A: 0.140, G_A: 0.948, cycle_A: 0.112, D_B: 0.170, G_B: 0.959, cycle_B: 0.106, gp: 0.168

[Rank 0] (epoch: 50, iters: 14848, time: 0.001, data: 0.001) , D_A: 0.148, G_A: 0.974, cycle_A: 0.120, D_B: 0.195, G_B: 0.970, cycle_B: 0.113, gp: 0.192

[Rank 0] (epoch: 50, iters: 16448, time: 0.001, data: 0.001) , D_A: 0.179, G_A: 0.979, cycle_A: 0.121, D_B: 0.110, G_B: 0.966, cycle_B: 0.104, gp: 0.107

--- iter tau=0.1000 ---
  cipher in : tection or stole square miles of wilderness in central africa th
  decrypted : o joimeamhasomf asbrth ayif samragifc he ssaieaj eohtfatrhijtaop
  real plain:  cater to smaller type boats such as outboards regardless of nom
  cipher in : ghtest light the middle tone and the darkest dark by reducing th
  decrypted : dpo soafidpoaop ayiccf aome atecaop acthl soacthlardah crjiedaop
  real plain:  a little thing but the right twist for the action that counted 
[Rank 0] (epoch: 50, iters: 18048, time: 0.001, data: 0.001) , D_A: 0.218, G_A: 0.960, cycle_A: 0.126, D_B: 0.100, G_B: 0.983, cycle_B: 0.107, gp: 0.097

saving the latest model (epoch 50, total_iters 2000000)
[Rank 0] (epoch: 50, iters: 19648, time: 0.001, data: 0.001) , D_A: 0.115, G_A: 0.972, cycle_A: 0.118, D_B: 0.259, G_B: 0.984, cycle_B: 0.101, gp: 0.256

[Rank 0] (epoch: 50, iters: 21248, time: 0.001, data: 0.001) , D_A: 0.207, G_A: 0.947, cycle_A: 0.119, D_B: 0.253, G_B: 0.982, cycle_B: 0.103, gp: 0.251

[Rank 0] (epoch: 50, iters: 22848, time: 0.001, data: 0.001) , D_A: 0.220, G_A: 0.966, cycle_A: 0.111, D_B: 0.225, G_B: 0.965, cycle_B: 0.100, gp: 0.222

[Rank 0] (epoch: 50, iters: 24448, time: 0.001, data: 0.001) , D_A: 0.199, G_A: 0.978, cycle_A: 0.124, D_B: 0.244, G_B: 0.961, cycle_B: 0.105, gp: 0.240

[Rank 0] (epoch: 50, iters: 26048, time: 0.001, data: 0.001) , D_A: 0.150, G_A: 0.947, cycle_A: 0.118, D_B: 0.171, G_B: 0.961, cycle_B: 0.107, gp: 0.169

[Rank 0] (epoch: 50, iters: 27648, time: 0.001, data: 0.001) , D_A: 0.149, G_A: 0.990, cycle_A: 0.123, D_B: 0.162, G_B: 0.960, cycle_B: 0.096, gp: 0.159

[Rank 0] (epoch: 50, iters: 29248, time: 0.001, data: 0.001) , D_A: 0.124, G_A: 0.978, cycle_A: 0.125, D_B: 0.289, G_B: 0.975, cycle_B: 0.099, gp: 0.287

[Rank 0] (epoch: 50, iters: 30848, time: 0.001, data: 0.001) , D_A: 0.152, G_A: 0.967, cycle_A: 0.130, D_B: 0.194, G_B: 0.973, cycle_B: 0.100, gp: 0.192

[Rank 0] (epoch: 50, iters: 32448, time: 0.001, data: 0.001) , D_A: 0.118, G_A: 0.978, cycle_A: 0.122, D_B: 0.218, G_B: 0.957, cycle_B: 0.108, gp: 0.215

[Rank 0] (epoch: 50, iters: 34048, time: 0.001, data: 0.001) , D_A: 0.093, G_A: 0.978, cycle_A: 0.117, D_B: 0.225, G_B: 0.982, cycle_B: 0.097, gp: 0.223

[Rank 0] (epoch: 50, iters: 35648, time: 0.001, data: 0.001) , D_A: 0.171, G_A: 0.965, cycle_A: 0.119, D_B: 0.184, G_B: 0.969, cycle_B: 0.103, gp: 0.182

[Rank 0] (epoch: 50, iters: 37248, time: 0.001, data: 0.001) , D_A: 0.175, G_A: 0.985, cycle_A: 0.120, D_B: 0.192, G_B: 0.954, cycle_B: 0.101, gp: 0.189

[Rank 0] (epoch: 50, iters: 38848, time: 0.001, data: 0.001) , D_A: 0.183, G_A: 0.992, cycle_A: 0.111, D_B: 0.138, G_B: 0.975, cycle_B: 0.097, gp: 0.136

[Rank 0] (epoch: 50, iters: 40448, time: 0.001, data: 0.001) , D_A: 0.297, G_A: 0.988, cycle_A: 0.113, D_B: 0.190, G_B: 0.966, cycle_B: 0.105, gp: 0.189

learning rate 0.0000182 -> 0.0000000
temperature tau = 0.1000
saving the model at the end of epoch 50, iters 2022400
End of epoch 50 / 50 	 Time Taken: 36 sec
----------------- Options ---------------
             aspect_ratio: 1.0                           
               batch_size: 64                            
          checkpoints_dir: ./checkpoints                 
                crop_size: 256                           
                 dataroot: .                             	[default: None]
             dataset_mode: cipher                        
                direction: AtoB                          
               display_id: 0                             
          display_winsize: 256                           
                embed_dim: 256                           	[default: 64]
                    epoch: latest                        
                     eval: False                         
                 gan_mode: lsgan                         
                   gumbel: False                         
                init_gain: 0.02                          
                init_type: normal                        
                 input_nc: 3                             
                  isTrain: False                         	[default: None]
                     kw_D: 15                            	[default: 4]
                 lambda_A: 10.0                          
                 lambda_B: 10.0                          
                lambda_gp: 10.0                          
          lambda_identity: 0.0                           
                load_iter: 0                             	[default: 0]
                load_size: 256                           
                       lr: 0.0002                        
         matched_softness: True                          	[default: False]
         max_dataset_size: inf                           
                    model: cipher_cycle_gan              	[default: test]
               n_blocks_G: 5                             	[default: 4]
                 n_critic: 1                             
               n_layers_D: 5                             	[default: 3]
                     name: identity_s3_gp1               	[default: experiment_name]
                      ndf: 32                            	[default: 128]
                     netD: seq                           
                     netG: seq                           
                      ngf: 128                           
               no_dropout: True                          
                  no_flip: True                          
                     norm: layer                         	[default: instance]
                 npz_path: data/identity/dataset.npz     	[default: None]
                 num_test: 50                            
              num_threads: 4                             
                output_nc: 3                             
                pair_seed: 0                             
                    phase: test                          
              pointwise_G: True                          	[default: False]
               preprocess: none                          
         real_logit_scale: 5.0                           
              results_dir: ./results/                    
           serial_batches: False                         
         straight_through: True                          	[default: False]
                   suffix:                               
                  tau_end: 0.1                           
                tau_start: 1.0                           
                   use_gp: False                         
                use_wandb: False                         
                  verbose: False                         
               vocab_size: -1                            
       wandb_project_name: CycleGAN-and-pix2pix          
----------------- End -------------------
[cipher] eval: A(cipher)=(8986, 64) B(plain)=(8986, 64) vocab=28 cipher=identity paired=True
dataset [CipherDataset] was created
Initialized with device cuda:0
initialize network with normal
Initialized with device cuda:0
initialize network with normal
model [CipherCycleGANModel] was created
Initialized with device cuda:0
initialize network with normal
loading the model from checkpoints/identity_s3_gp1/latest_net_G_A.pth
Initialized with device cuda:0
initialize network with normal
loading the model from checkpoints/identity_s3_gp1/latest_net_G_B.pth
---------- Networks initialized -------------
[Network G_A] Total number of parameters : 0.212 M
[Network G_B] Total number of parameters : 0.212 M
-----------------------------------------------

==============================================================
cipher              identity (key=0)
samples             8986 x 64
character accuracy  0.1144   (chance ~0.0370)
character error     0.8856
key recovery        0.0741   (coverage 1.000)
==============================================================
cipher in : olved upon second thought we were forced to realize that we have
decrypted : mwp carnmeas jmecaopmrdpoag ag h armhj caomah twin aoptoag aptp 
truth     : olved upon second thought we were forced to realize that we have

wrote ./checkpoints/identity_s3_gp1/eval_metrics.json
wrote ./checkpoints/identity_s3_gp1/curves_identity_s3_gp1.png

loss             first      last       min       max
D_A              0.714     0.297     0.046     0.939
G_A              0.665     0.988     0.026     1.587
cycle_A          1.689     0.113     0.101     2.091
D_B              0.737     0.190     0.070     0.799
G_B              0.245     0.966     0.165     1.577
cycle_B          1.382     0.105     0.092     2.033
gp               0.404     0.189     0.067     0.516

D_A over the final window: 0.169
  -> neither collapsed nor at equilibrium; inspect the shape.
