=== task 0 : dataset=identity seed=6 ===
NVIDIA A100-SXM4-80GB
----------------- Options ---------------
               batch_size: 64                            
                    beta1: 0.0                           	[default: 0.5]
          checkpoints_dir: ./checkpoints                 
           continue_train: False                         
                crop_size: 256                           
               cycle_loss: ce                            
                 dataroot: .                             	[default: None]
             dataset_mode: cipher                        
                direction: AtoB                          
             display_freq: 20000                         	[default: 400]
               display_id: 0                             
          display_winsize: 256                           
                embed_dim: 256                           	[default: 64]
                    epoch: latest                        
              epoch_count: 1                             
                 gan_mode: lsgan                         
                   gumbel: False                         
                init_gain: 0.02                          
                init_type: normal                        
                 input_nc: 3                             
                  isTrain: True                          	[default: None]
                     kw_D: 15                            	[default: 4]
                 lambda_A: 1.0                           	[default: 10.0]
                 lambda_B: 1.0                           	[default: 10.0]
                lambda_gp: 1.0                           	[default: 10.0]
          lambda_identity: 0.0                           
                load_iter: 0                             	[default: 0]
                load_size: 286                           
                       lr: 0.0002                        
           lr_decay_iters: 50                            
                lr_policy: linear                        
         matched_softness: True                          	[default: False]
         max_dataset_size: inf                           
                    model: cipher_cycle_gan              	[default: cycle_gan]
               n_blocks_G: 5                             	[default: 4]
                 n_critic: 1                             
                 n_epochs: 40                            	[default: 100]
           n_epochs_decay: 10                            	[default: 100]
               n_layers_D: 5                             	[default: 3]
                     name: identity_s6_gp1               	[default: experiment_name]
                      ndf: 32                            	[default: 128]
                     netD: seq                           
                     netG: seq                           
                      ngf: 128                           
               no_dropout: True                          
                  no_flip: True                          
                  no_html: False                         
                     norm: layer                         	[default: instance]
                 npz_path: data/identity/dataset.npz     	[default: None]
              num_threads: 8                             	[default: 4]
                output_nc: 3                             
                pair_seed: 6                             	[default: 0]
                    phase: train                         
              pointwise_G: True                          	[default: False]
                pool_size: 50                            
               preprocess: none                          
               print_freq: 100                           
         real_logit_scale: 5.0                           
             save_by_iter: False                         
          save_epoch_freq: 50                            	[default: 5]
         save_latest_freq: 5000                          
           serial_batches: False                         
         straight_through: True                          	[default: False]
                   suffix:                               
                  tau_end: 0.1                           
                tau_start: 0.5                           	[default: 1.0]
         update_html_freq: 1000                          
                   use_gp: True                          	[default: False]
                use_wandb: False                         
                  verbose: False                         
               vocab_size: -1                            
       wandb_project_name: CycleGAN-and-pix2pix          
----------------- End -------------------
Initialized with device cuda:0
[cipher] train: A(cipher)=(40436, 64) B(plain)=(40436, 64) vocab=28 cipher=identity paired=False
dataset [CipherDataset] was created
The number of training images = 40436
Initialized with device cuda:0
initialize network with normal
Initialized with device cuda:0
initialize network with normal
Initialized with device cuda:0
initialize network with normal
Initialized with device cuda:0
initialize network with normal
model [CipherCycleGANModel] was created
Initialized with device cuda:0
initialize network with normal
Initialized with device cuda:0
initialize network with normal
Initialized with device cuda:0
initialize network with normal
Initialized with device cuda:0
initialize network with normal
---------- Networks initialized -------------
[Network G_A] Total number of parameters : 0.212 M
[Network G_B] Total number of parameters : 0.212 M
[Network D_A] Total number of parameters : 0.477 M
[Network D_B] Total number of parameters : 0.477 M
-----------------------------------------------
create web directory checkpoints/identity_s6_gp1/web...
[Rank 0] (epoch: 1, iters: 1600, time: 0.001, data: 0.075) , D_A: 0.871, G_A: 0.210, cycle_A: 1.032, D_B: 0.839, G_B: 0.171, cycle_B: 1.072, gp: 0.406

[Rank 0] (epoch: 1, iters: 3200, time: 0.001, data: 0.001) , D_A: 0.718, G_A: 0.789, cycle_A: 0.396, D_B: 0.722, G_B: 0.454, cycle_B: 0.433, gp: 0.439

[Rank 0] (epoch: 1, iters: 4800, time: 0.001, data: 0.001) , D_A: 0.596, G_A: 0.419, cycle_A: 0.238, D_B: 0.673, G_B: 0.282, cycle_B: 0.251, gp: 0.445

[Rank 0] (epoch: 1, iters: 6400, time: 0.001, data: 0.001) , D_A: 0.628, G_A: 0.878, cycle_A: 0.263, D_B: 0.538, G_B: 0.480, cycle_B: 0.273, gp: 0.335

[Rank 0] (epoch: 1, iters: 8000, time: 0.001, data: 0.001) , D_A: 0.534, G_A: 0.526, cycle_A: 0.222, D_B: 0.480, G_B: 0.402, cycle_B: 0.232, gp: 0.291

[Rank 0] (epoch: 1, iters: 9600, time: 0.001, data: 0.001) , D_A: 0.438, G_A: 1.068, cycle_A: 0.204, D_B: 0.898, G_B: 1.354, cycle_B: 0.290, gp: 0.493

[Rank 0] (epoch: 1, iters: 11200, time: 0.001, data: 0.001) , D_A: 0.633, G_A: 0.392, cycle_A: 0.267, D_B: 0.507, G_B: 0.373, cycle_B: 0.193, gp: 0.411

[Rank 0] (epoch: 1, iters: 12800, time: 0.001, data: 0.001) , D_A: 0.531, G_A: 1.349, cycle_A: 0.198, D_B: 0.584, G_B: 1.420, cycle_B: 0.184, gp: 0.343

[Rank 0] (epoch: 1, iters: 14400, time: 0.001, data: 0.001) , D_A: 0.481, G_A: 0.486, cycle_A: 0.197, D_B: 0.507, G_B: 1.115, cycle_B: 0.220, gp: 0.356

[Rank 0] (epoch: 1, iters: 16000, time: 0.001, data: 0.001) , D_A: 0.542, G_A: 1.288, cycle_A: 0.181, D_B: 0.380, G_B: 0.586, cycle_B: 0.305, gp: 0.279

[Rank 0] (epoch: 1, iters: 17600, time: 0.001, data: 0.001) , D_A: 0.455, G_A: 1.028, cycle_A: 0.179, D_B: 0.442, G_B: 1.045, cycle_B: 0.255, gp: 0.364

[Rank 0] (epoch: 1, iters: 19200, time: 0.001, data: 0.001) , D_A: 0.521, G_A: 0.085, cycle_A: 0.217, D_B: 0.539, G_B: 0.327, cycle_B: 0.226, gp: 0.375

[Rank 0] (epoch: 1, iters: 20800, time: 0.001, data: 0.001) , D_A: 0.393, G_A: 0.716, cycle_A: 0.192, D_B: 0.351, G_B: 0.855, cycle_B: 0.221, gp: 0.313

[Rank 0] (epoch: 1, iters: 22400, time: 0.001, data: 0.001) , D_A: 0.465, G_A: 0.970, cycle_A: 0.190, D_B: 0.544, G_B: 1.730, cycle_B: 0.203, gp: 0.340

[Rank 0] (epoch: 1, iters: 24000, time: 0.001, data: 0.001) , D_A: 0.332, G_A: 0.898, cycle_A: 0.197, D_B: 0.292, G_B: 0.758, cycle_B: 0.162, gp: 0.241

[Rank 0] (epoch: 1, iters: 25600, time: 0.001, data: 0.001) , D_A: 0.379, G_A: 0.472, cycle_A: 0.192, D_B: 0.380, G_B: 0.691, cycle_B: 0.209, gp: 0.327

[Rank 0] (epoch: 1, iters: 27200, time: 0.001, data: 0.001) , D_A: 0.689, G_A: 0.768, cycle_A: 0.196, D_B: 0.411, G_B: 0.797, cycle_B: 0.185, gp: 0.361

[Rank 0] (epoch: 1, iters: 28800, time: 0.001, data: 0.001) , D_A: 0.400, G_A: 1.381, cycle_A: 0.203, D_B: 0.358, G_B: 1.176, cycle_B: 0.217, gp: 0.313

[Rank 0] (epoch: 1, iters: 30400, time: 0.001, data: 0.001) , D_A: 0.387, G_A: 0.868, cycle_A: 0.173, D_B: 0.310, G_B: 0.924, cycle_B: 0.190, gp: 0.269

[Rank 0] (epoch: 1, iters: 32000, time: 0.001, data: 0.001) , D_A: 0.354, G_A: 1.274, cycle_A: 0.197, D_B: 0.322, G_B: 0.598, cycle_B: 0.188, gp: 0.269

[Rank 0] (epoch: 1, iters: 33600, time: 0.001, data: 0.001) , D_A: 0.493, G_A: 0.613, cycle_A: 0.188, D_B: 0.341, G_B: 0.714, cycle_B: 0.191, gp: 0.300

[Rank 0] (epoch: 1, iters: 35200, time: 0.001, data: 0.001) , D_A: 0.380, G_A: 1.448, cycle_A: 0.165, D_B: 0.284, G_B: 0.923, cycle_B: 0.160, gp: 0.256

[Rank 0] (epoch: 1, iters: 36800, time: 0.001, data: 0.001) , D_A: 0.418, G_A: 0.817, cycle_A: 0.161, D_B: 0.355, G_B: 1.142, cycle_B: 0.152, gp: 0.270

[Rank 0] (epoch: 1, iters: 38400, time: 0.001, data: 0.001) , D_A: 0.397, G_A: 1.120, cycle_A: 0.170, D_B: 0.342, G_B: 1.026, cycle_B: 0.165, gp: 0.315

--- iter tau=0.5000 ---
  cipher in :  have you been mrs pastern asked sadly when he came in its after
  decrypted :  atne hsh deeg ncr ytriecg trfel rtlmh daeg ae ntne og oir tuiec
  real plain: ess hardship and danger the man whose reactions and conclusions 
  cipher in : hort of their total passing yardage in when they made on complet
  decrypted : asci su iaeoc isitm ytrrogh htclthe og daeg iaeh ntle sg nsnymei
  real plain:  conference room where the president explained the difficulty he
[Rank 0] (epoch: 1, iters: 40000, time: 0.001, data: 0.001) , D_A: 0.340, G_A: 0.955, cycle_A: 0.192, D_B: 0.408, G_B: 0.717, cycle_B: 0.141, gp: 0.347

saving the latest model (epoch 1, total_iters 40000)
learning rate 0.0002000 -> 0.0002000
temperature tau = 0.4838
End of epoch 1 / 50 	 Time Taken: 36 sec
[Rank 0] (epoch: 2, iters: 1152, time: 0.001, data: 0.001) , D_A: 0.555, G_A: 0.833, cycle_A: 0.185, D_B: 0.308, G_B: 1.122, cycle_B: 0.158, gp: 0.276

[Rank 0] (epoch: 2, iters: 2752, time: 0.001, data: 0.001) , D_A: 0.309, G_A: 0.880, cycle_A: 0.173, D_B: 0.343, G_B: 1.028, cycle_B: 0.150, gp: 0.297

[Rank 0] (epoch: 2, iters: 4352, time: 0.001, data: 0.001) , D_A: 0.533, G_A: 0.536, cycle_A: 0.180, D_B: 0.365, G_B: 0.851, cycle_B: 0.164, gp: 0.325

[Rank 0] (epoch: 2, iters: 5952, time: 0.001, data: 0.001) , D_A: 0.314, G_A: 0.892, cycle_A: 0.164, D_B: 0.216, G_B: 1.047, cycle_B: 0.157, gp: 0.190

[Rank 0] (epoch: 2, iters: 7552, time: 0.001, data: 0.001) , D_A: 0.350, G_A: 0.984, cycle_A: 0.173, D_B: 0.321, G_B: 1.003, cycle_B: 0.155, gp: 0.295

[Rank 0] (epoch: 2, iters: 9152, time: 0.001, data: 0.001) , D_A: 0.272, G_A: 0.707, cycle_A: 0.160, D_B: 0.305, G_B: 0.940, cycle_B: 0.156, gp: 0.285

[Rank 0] (epoch: 2, iters: 10752, time: 0.001, data: 0.001) , D_A: 0.356, G_A: 0.799, cycle_A: 0.179, D_B: 0.416, G_B: 0.978, cycle_B: 0.169, gp: 0.389

[Rank 0] (epoch: 2, iters: 12352, time: 0.001, data: 0.001) , D_A: 0.329, G_A: 1.210, cycle_A: 0.175, D_B: 0.343, G_B: 0.932, cycle_B: 0.163, gp: 0.323

[Rank 0] (epoch: 2, iters: 13952, time: 0.001, data: 0.001) , D_A: 0.345, G_A: 1.131, cycle_A: 0.176, D_B: 0.556, G_B: 0.497, cycle_B: 0.157, gp: 0.296

[Rank 0] (epoch: 2, iters: 15552, time: 0.001, data: 0.001) , D_A: 0.448, G_A: 0.571, cycle_A: 0.180, D_B: 0.335, G_B: 1.028, cycle_B: 0.160, gp: 0.309

[Rank 0] (epoch: 2, iters: 17152, time: 0.001, data: 0.001) , D_A: 0.337, G_A: 1.169, cycle_A: 0.200, D_B: 0.295, G_B: 1.143, cycle_B: 0.160, gp: 0.264

[Rank 0] (epoch: 2, iters: 18752, time: 0.001, data: 0.001) , D_A: 0.339, G_A: 1.051, cycle_A: 0.187, D_B: 0.296, G_B: 0.807, cycle_B: 0.146, gp: 0.269

[Rank 0] (epoch: 2, iters: 20352, time: 0.001, data: 0.001) , D_A: 0.410, G_A: 1.194, cycle_A: 0.177, D_B: 0.328, G_B: 1.208, cycle_B: 0.156, gp: 0.294

[Rank 0] (epoch: 2, iters: 21952, time: 0.001, data: 0.001) , D_A: 0.339, G_A: 0.862, cycle_A: 0.175, D_B: 0.297, G_B: 1.018, cycle_B: 0.158, gp: 0.267

[Rank 0] (epoch: 2, iters: 23552, time: 0.001, data: 0.002) , D_A: 0.359, G_A: 1.014, cycle_A: 0.159, D_B: 0.254, G_B: 0.844, cycle_B: 0.169, gp: 0.237

[Rank 0] (epoch: 2, iters: 25152, time: 0.001, data: 0.001) , D_A: 0.384, G_A: 0.694, cycle_A: 0.190, D_B: 0.368, G_B: 1.223, cycle_B: 0.180, gp: 0.329

[Rank 0] (epoch: 2, iters: 26752, time: 0.001, data: 0.001) , D_A: 0.307, G_A: 0.976, cycle_A: 0.173, D_B: 0.370, G_B: 0.971, cycle_B: 0.171, gp: 0.346

[Rank 0] (epoch: 2, iters: 28352, time: 0.001, data: 0.001) , D_A: 0.306, G_A: 1.008, cycle_A: 0.168, D_B: 0.298, G_B: 1.062, cycle_B: 0.153, gp: 0.274

[Rank 0] (epoch: 2, iters: 29952, time: 0.001, data: 0.001) , D_A: 0.281, G_A: 0.954, cycle_A: 0.156, D_B: 0.259, G_B: 0.985, cycle_B: 0.161, gp: 0.243

[Rank 0] (epoch: 2, iters: 31552, time: 0.001, data: 0.001) , D_A: 0.719, G_A: 0.308, cycle_A: 0.197, D_B: 0.235, G_B: 0.916, cycle_B: 0.159, gp: 0.216

[Rank 0] (epoch: 2, iters: 33152, time: 0.001, data: 0.001) , D_A: 0.369, G_A: 1.296, cycle_A: 0.185, D_B: 0.389, G_B: 1.130, cycle_B: 0.159, gp: 0.372

[Rank 0] (epoch: 2, iters: 34752, time: 0.001, data: 0.001) , D_A: 0.369, G_A: 0.990, cycle_A: 0.193, D_B: 0.282, G_B: 0.869, cycle_B: 0.156, gp: 0.255

[Rank 0] (epoch: 2, iters: 36352, time: 0.001, data: 0.001) , D_A: 0.254, G_A: 0.933, cycle_A: 0.183, D_B: 0.215, G_B: 1.075, cycle_B: 0.154, gp: 0.199

[Rank 0] (epoch: 2, iters: 37952, time: 0.001, data: 0.001) , D_A: 0.653, G_A: 0.393, cycle_A: 1.091, D_B: 0.416, G_B: 1.001, cycle_B: 1.540, gp: 0.388

--- iter tau=0.4838 ---
  cipher in :  was arthritis and way in the distance could be seen the slate r
  decrypted :  dtd tciacoiod tgb dtd og iae boditgie ishtb te deeg iae dttie c
  real plain: tor lyndon b johnson adlai e stevenson and mr kennedy and two re
  cipher in : some by the fact that the customers have come to expect certain 
  decrypted : dste td iae utii iati iae ihdistecd atte iste is eareii iecitog 
  real plain: ncing a program of paternalism unmatched in the history of colon
[Rank 0] (epoch: 2, iters: 39552, time: 0.001, data: 0.002) , D_A: 0.433, G_A: 0.782, cycle_A: 0.515, D_B: 0.386, G_B: 1.163, cycle_B: 0.561, gp: 0.353

saving the latest model (epoch 2, total_iters 80000)
learning rate 0.0002000 -> 0.0002000
temperature tau = 0.4682
End of epoch 2 / 50 	 Time Taken: 37 sec
[Rank 0] (epoch: 3, iters: 704, time: 0.001, data: 0.001) , D_A: 0.452, G_A: 0.786, cycle_A: 0.369, D_B: 0.399, G_B: 0.945, cycle_B: 0.341, gp: 0.372

[Rank 0] (epoch: 3, iters: 2304, time: 0.001, data: 0.000) , D_A: 0.353, G_A: 0.921, cycle_A: 0.340, D_B: 0.431, G_B: 0.885, cycle_B: 0.248, gp: 0.405

[Rank 0] (epoch: 3, iters: 3904, time: 0.001, data: 0.001) , D_A: 0.401, G_A: 0.795, cycle_A: 0.326, D_B: 0.354, G_B: 0.802, cycle_B: 0.262, gp: 0.326

[Rank 0] (epoch: 3, iters: 5504, time: 0.001, data: 0.001) , D_A: 0.334, G_A: 1.114, cycle_A: 0.390, D_B: 0.412, G_B: 1.128, cycle_B: 0.259, gp: 0.374

[Rank 0] (epoch: 3, iters: 7104, time: 0.001, data: 0.001) , D_A: 0.335, G_A: 1.313, cycle_A: 0.335, D_B: 0.406, G_B: 0.945, cycle_B: 0.340, gp: 0.387

[Rank 0] (epoch: 3, iters: 8704, time: 0.001, data: 0.001) , D_A: 0.357, G_A: 1.291, cycle_A: 0.319, D_B: 0.280, G_B: 1.101, cycle_B: 0.273, gp: 0.256

[Rank 0] (epoch: 3, iters: 10304, time: 0.001, data: 0.001) , D_A: 0.399, G_A: 0.595, cycle_A: 0.339, D_B: 0.213, G_B: 0.990, cycle_B: 0.257, gp: 0.198

[Rank 0] (epoch: 3, iters: 11904, time: 0.001, data: 0.001) , D_A: 0.373, G_A: 1.082, cycle_A: 0.327, D_B: 0.285, G_B: 0.902, cycle_B: 0.258, gp: 0.269

[Rank 0] (epoch: 3, iters: 13504, time: 0.001, data: 0.001) , D_A: 0.435, G_A: 1.126, cycle_A: 0.370, D_B: 0.227, G_B: 1.030, cycle_B: 0.233, gp: 0.209

[Rank 0] (epoch: 3, iters: 15104, time: 0.001, data: 0.001) , D_A: 0.394, G_A: 1.010, cycle_A: 0.346, D_B: 0.326, G_B: 0.886, cycle_B: 0.300, gp: 0.304

[Rank 0] (epoch: 3, iters: 16704, time: 0.001, data: 0.001) , D_A: 0.420, G_A: 1.151, cycle_A: 0.618, D_B: 0.321, G_B: 1.468, cycle_B: 2.027, gp: 0.246

[Rank 0] (epoch: 3, iters: 18304, time: 0.001, data: 0.001) , D_A: 0.277, G_A: 0.730, cycle_A: 0.288, D_B: 0.370, G_B: 0.963, cycle_B: 0.266, gp: 0.348

[Rank 0] (epoch: 3, iters: 19904, time: 0.001, data: 0.001) , D_A: 0.324, G_A: 0.991, cycle_A: 0.272, D_B: 0.210, G_B: 1.050, cycle_B: 0.240, gp: 0.198

[Rank 0] (epoch: 3, iters: 21504, time: 0.001, data: 0.001) , D_A: 0.281, G_A: 1.063, cycle_A: 0.278, D_B: 0.202, G_B: 0.904, cycle_B: 0.222, gp: 0.187

[Rank 0] (epoch: 3, iters: 23104, time: 0.001, data: 0.001) , D_A: 0.358, G_A: 0.714, cycle_A: 0.265, D_B: 0.316, G_B: 0.795, cycle_B: 0.244, gp: 0.297

[Rank 0] (epoch: 3, iters: 24704, time: 0.001, data: 0.001) , D_A: 0.305, G_A: 1.053, cycle_A: 0.266, D_B: 0.310, G_B: 1.013, cycle_B: 0.237, gp: 0.298

[Rank 0] (epoch: 3, iters: 26304, time: 0.001, data: 0.001) , D_A: 0.315, G_A: 0.641, cycle_A: 0.290, D_B: 0.322, G_B: 0.962, cycle_B: 0.238, gp: 0.306

[Rank 0] (epoch: 3, iters: 27904, time: 0.001, data: 0.001) , D_A: 0.278, G_A: 1.323, cycle_A: 0.299, D_B: 0.206, G_B: 0.891, cycle_B: 0.238, gp: 0.194

[Rank 0] (epoch: 3, iters: 29504, time: 0.001, data: 0.001) , D_A: 0.523, G_A: 0.325, cycle_A: 0.254, D_B: 0.240, G_B: 0.916, cycle_B: 0.259, gp: 0.227

[Rank 0] (epoch: 3, iters: 31104, time: 0.001, data: 0.001) , D_A: 0.517, G_A: 0.618, cycle_A: 0.266, D_B: 0.270, G_B: 0.954, cycle_B: 0.226, gp: 0.256

[Rank 0] (epoch: 3, iters: 32704, time: 0.001, data: 0.001) , D_A: 0.400, G_A: 0.735, cycle_A: 0.302, D_B: 0.210, G_B: 1.032, cycle_B: 0.268, gp: 0.197

[Rank 0] (epoch: 3, iters: 34304, time: 0.001, data: 0.001) , D_A: 0.391, G_A: 1.155, cycle_A: 0.298, D_B: 0.232, G_B: 0.909, cycle_B: 0.227, gp: 0.217

[Rank 0] (epoch: 3, iters: 35904, time: 0.001, data: 0.001) , D_A: 0.389, G_A: 1.286, cycle_A: 0.264, D_B: 0.237, G_B: 0.968, cycle_B: 0.222, gp: 0.225

[Rank 0] (epoch: 3, iters: 37504, time: 0.001, data: 0.001) , D_A: 0.347, G_A: 1.064, cycle_A: 0.276, D_B: 0.212, G_B: 0.991, cycle_B: 0.233, gp: 0.200

--- iter tau=0.4682 ---
  cipher in : uzzle blasts whites arm went up and warren raised his own the pa
  decrypted : hffte ttndid daoied nct depi hr npl dnccep cnodel aod sdp iae rn
  real plain:  may have to yield before it this seems like an attitude favorin
  cipher in : ly for an instant at a time the look which always surprised her 
  decrypted : td usc np opdinpi ni n iote iae tssf daoia ntdndd dhcrcodel aec 
  real plain: f is or about six times less than that of the two fiber plates g
[Rank 0] (epoch: 3, iters: 39104, time: 0.001, data: 0.001) , D_A: 0.364, G_A: 0.995, cycle_A: 0.270, D_B: 0.282, G_B: 0.896, cycle_B: 0.236, gp: 0.267

saving the latest model (epoch 3, total_iters 120000)
learning rate 0.0002000 -> 0.0002000
temperature tau = 0.4531
End of epoch 3 / 50 	 Time Taken: 37 sec
[Rank 0] (epoch: 4, iters: 256, time: 0.001, data: 0.001) , D_A: 0.461, G_A: 1.215, cycle_A: 0.297, D_B: 0.203, G_B: 0.983, cycle_B: 0.215, gp: 0.193

[Rank 0] (epoch: 4, iters: 1856, time: 0.001, data: 0.002) , D_A: 0.293, G_A: 1.134, cycle_A: 0.268, D_B: 0.226, G_B: 1.041, cycle_B: 0.221, gp: 0.215

[Rank 0] (epoch: 4, iters: 3456, time: 0.001, data: 0.001) , D_A: 0.287, G_A: 1.055, cycle_A: 0.263, D_B: 0.213, G_B: 1.016, cycle_B: 0.218, gp: 0.201

[Rank 0] (epoch: 4, iters: 5056, time: 0.001, data: 0.001) , D_A: 0.324, G_A: 1.063, cycle_A: 0.274, D_B: 0.194, G_B: 1.022, cycle_B: 0.224, gp: 0.184

[Rank 0] (epoch: 4, iters: 6656, time: 0.001, data: 0.001) , D_A: 0.361, G_A: 0.897, cycle_A: 0.426, D_B: 0.260, G_B: 0.931, cycle_B: 0.224, gp: 0.241

[Rank 0] (epoch: 4, iters: 8256, time: 0.001, data: 0.001) , D_A: 0.317, G_A: 1.098, cycle_A: 0.283, D_B: 0.256, G_B: 1.042, cycle_B: 0.233, gp: 0.247

[Rank 0] (epoch: 4, iters: 9856, time: 0.001, data: 0.001) , D_A: 0.358, G_A: 0.907, cycle_A: 0.258, D_B: 0.221, G_B: 0.911, cycle_B: 0.227, gp: 0.205

[Rank 0] (epoch: 4, iters: 11456, time: 0.001, data: 0.001) , D_A: 0.418, G_A: 1.114, cycle_A: 0.286, D_B: 0.231, G_B: 1.045, cycle_B: 0.398, gp: 0.218

[Rank 0] (epoch: 4, iters: 13056, time: 0.001, data: 0.001) , D_A: 0.288, G_A: 1.021, cycle_A: 0.271, D_B: 0.239, G_B: 1.027, cycle_B: 0.244, gp: 0.228

[Rank 0] (epoch: 4, iters: 14656, time: 0.001, data: 0.001) , D_A: 0.301, G_A: 1.038, cycle_A: 0.269, D_B: 0.236, G_B: 0.999, cycle_B: 0.256, gp: 0.225

[Rank 0] (epoch: 4, iters: 16256, time: 0.001, data: 0.001) , D_A: 0.264, G_A: 0.896, cycle_A: 0.287, D_B: 0.150, G_B: 1.002, cycle_B: 0.212, gp: 0.136

[Rank 0] (epoch: 4, iters: 17856, time: 0.001, data: 0.001) , D_A: 0.293, G_A: 0.986, cycle_A: 0.285, D_B: 0.200, G_B: 0.894, cycle_B: 0.213, gp: 0.188

[Rank 0] (epoch: 4, iters: 19456, time: 0.001, data: 0.001) , D_A: 0.320, G_A: 0.759, cycle_A: 0.287, D_B: 0.203, G_B: 0.934, cycle_B: 0.241, gp: 0.192

[Rank 0] (epoch: 4, iters: 21056, time: 0.001, data: 0.001) , D_A: 0.460, G_A: 1.400, cycle_A: 0.293, D_B: 0.221, G_B: 1.091, cycle_B: 0.225, gp: 0.202

[Rank 0] (epoch: 4, iters: 22656, time: 0.001, data: 0.001) , D_A: 0.421, G_A: 0.561, cycle_A: 0.245, D_B: 0.216, G_B: 0.958, cycle_B: 0.271, gp: 0.209

[Rank 0] (epoch: 4, iters: 24256, time: 0.001, data: 0.001) , D_A: 0.301, G_A: 1.235, cycle_A: 0.228, D_B: 0.574, G_B: 0.695, cycle_B: 0.235, gp: 0.409

[Rank 0] (epoch: 4, iters: 25856, time: 0.001, data: 0.001) , D_A: 0.320, G_A: 0.882, cycle_A: 0.271, D_B: 0.156, G_B: 0.959, cycle_B: 0.271, gp: 0.148

[Rank 0] (epoch: 4, iters: 27456, time: 0.001, data: 0.001) , D_A: 0.399, G_A: 0.902, cycle_A: 0.288, D_B: 0.243, G_B: 0.979, cycle_B: 0.248, gp: 0.234

[Rank 0] (epoch: 4, iters: 29056, time: 0.001, data: 0.001) , D_A: 0.281, G_A: 0.950, cycle_A: 0.225, D_B: 0.165, G_B: 0.958, cycle_B: 0.247, gp: 0.158

[Rank 0] (epoch: 4, iters: 30656, time: 0.001, data: 0.001) , D_A: 0.191, G_A: 1.063, cycle_A: 0.240, D_B: 0.190, G_B: 0.969, cycle_B: 0.215, gp: 0.181

[Rank 0] (epoch: 4, iters: 32256, time: 0.001, data: 0.001) , D_A: 0.298, G_A: 0.939, cycle_A: 0.253, D_B: 0.310, G_B: 1.139, cycle_B: 0.220, gp: 0.284

[Rank 0] (epoch: 4, iters: 33856, time: 0.001, data: 0.001) , D_A: 0.303, G_A: 0.798, cycle_A: 0.246, D_B: 0.208, G_B: 1.006, cycle_B: 0.222, gp: 0.197

[Rank 0] (epoch: 4, iters: 35456, time: 0.001, data: 0.001) , D_A: 0.294, G_A: 0.969, cycle_A: 0.258, D_B: 0.205, G_B: 1.018, cycle_B: 0.234, gp: 0.198

[Rank 0] (epoch: 4, iters: 37056, time: 0.001, data: 0.001) , D_A: 0.242, G_A: 0.968, cycle_A: 0.222, D_B: 0.275, G_B: 1.008, cycle_B: 0.227, gp: 0.268

--- iter tau=0.4531 ---
  cipher in :  step in training for all other sports because it provides train
  decrypted :  dier ow icnowowf usc ntt siaec drscid zeinhde oi rcsooled icnow
  real plain: rehead and a great head of brown hair that fell to her shoulders
  cipher in : k or cloves in each frank ham fashion make a paste of brown suga
  decrypted : f sc itsoed ow enia ucnwf ant undaosw tnfe n rndie su zcsdw dhfn
  real plain: lf but all the reports of this first embassy show that the two s
[Rank 0] (epoch: 4, iters: 38656, time: 0.001, data: 0.001) , D_A: 0.354, G_A: 1.025, cycle_A: 0.257, D_B: 0.204, G_B: 1.024, cycle_B: 0.206, gp: 0.195

saving the latest model (epoch 4, total_iters 160000)
[Rank 0] (epoch: 4, iters: 40256, time: 0.001, data: 0.001) , D_A: 0.301, G_A: 0.719, cycle_A: 0.239, D_B: 0.118, G_B: 1.050, cycle_B: 0.207, gp: 0.108

learning rate 0.0002000 -> 0.0002000
temperature tau = 0.4384
End of epoch 4 / 50 	 Time Taken: 37 sec
[Rank 0] (epoch: 5, iters: 1408, time: 0.001, data: 0.001) , D_A: 0.281, G_A: 1.022, cycle_A: 0.263, D_B: 0.224, G_B: 0.995, cycle_B: 0.204, gp: 0.215

[Rank 0] (epoch: 5, iters: 3008, time: 0.001, data: 0.001) , D_A: 0.316, G_A: 0.763, cycle_A: 0.226, D_B: 0.270, G_B: 0.940, cycle_B: 0.204, gp: 0.260

[Rank 0] (epoch: 5, iters: 4608, time: 0.001, data: 0.001) , D_A: 1.265, G_A: 0.303, cycle_A: 0.258, D_B: 0.204, G_B: 0.963, cycle_B: 0.232, gp: 0.196

[Rank 0] (epoch: 5, iters: 6208, time: 0.001, data: 0.001) , D_A: 0.288, G_A: 0.777, cycle_A: 0.249, D_B: 0.206, G_B: 0.975, cycle_B: 0.250, gp: 0.200

[Rank 0] (epoch: 5, iters: 7808, time: 0.001, data: 0.001) , D_A: 0.372, G_A: 1.178, cycle_A: 0.237, D_B: 0.203, G_B: 1.026, cycle_B: 0.260, gp: 0.195

[Rank 0] (epoch: 5, iters: 9408, time: 0.001, data: 0.001) , D_A: 0.580, G_A: 0.344, cycle_A: 0.255, D_B: 0.238, G_B: 0.780, cycle_B: 0.239, gp: 0.225

[Rank 0] (epoch: 5, iters: 11008, time: 0.001, data: 0.001) , D_A: 0.485, G_A: 1.396, cycle_A: 0.254, D_B: 0.249, G_B: 0.983, cycle_B: 0.268, gp: 0.242

[Rank 0] (epoch: 5, iters: 12608, time: 0.001, data: 0.001) , D_A: 0.221, G_A: 1.014, cycle_A: 0.229, D_B: 0.258, G_B: 0.868, cycle_B: 0.216, gp: 0.248

[Rank 0] (epoch: 5, iters: 14208, time: 0.001, data: 0.001) , D_A: 0.355, G_A: 1.355, cycle_A: 0.242, D_B: 0.305, G_B: 1.018, cycle_B: 0.221, gp: 0.296

[Rank 0] (epoch: 5, iters: 15808, time: 0.001, data: 0.001) , D_A: 0.287, G_A: 0.765, cycle_A: 0.220, D_B: 0.150, G_B: 0.953, cycle_B: 0.222, gp: 0.145

[Rank 0] (epoch: 5, iters: 17408, time: 0.001, data: 0.001) , D_A: 0.249, G_A: 1.161, cycle_A: 0.232, D_B: 0.187, G_B: 0.970, cycle_B: 0.217, gp: 0.181

[Rank 0] (epoch: 5, iters: 19008, time: 0.001, data: 0.001) , D_A: 0.342, G_A: 0.976, cycle_A: 0.239, D_B: 0.167, G_B: 0.986, cycle_B: 0.231, gp: 0.162

[Rank 0] (epoch: 5, iters: 20608, time: 0.001, data: 0.001) , D_A: 0.200, G_A: 1.030, cycle_A: 0.230, D_B: 0.219, G_B: 1.012, cycle_B: 0.221, gp: 0.213

[Rank 0] (epoch: 5, iters: 22208, time: 0.001, data: 0.001) , D_A: 0.419, G_A: 1.007, cycle_A: 0.245, D_B: 0.221, G_B: 0.974, cycle_B: 0.216, gp: 0.213

[Rank 0] (epoch: 5, iters: 23808, time: 0.001, data: 0.001) , D_A: 0.311, G_A: 1.023, cycle_A: 0.256, D_B: 0.197, G_B: 1.011, cycle_B: 0.207, gp: 0.190

[Rank 0] (epoch: 5, iters: 25408, time: 0.001, data: 0.001) , D_A: 0.254, G_A: 0.940, cycle_A: 0.245, D_B: 0.245, G_B: 0.944, cycle_B: 0.226, gp: 0.239

[Rank 0] (epoch: 5, iters: 27008, time: 0.001, data: 0.001) , D_A: 0.265, G_A: 0.939, cycle_A: 0.234, D_B: 0.299, G_B: 0.938, cycle_B: 0.223, gp: 0.292

[Rank 0] (epoch: 5, iters: 28608, time: 0.001, data: 0.001) , D_A: 0.333, G_A: 1.114, cycle_A: 0.240, D_B: 0.198, G_B: 0.989, cycle_B: 0.217, gp: 0.192

[Rank 0] (epoch: 5, iters: 30208, time: 0.001, data: 0.001) , D_A: 0.204, G_A: 0.869, cycle_A: 0.247, D_B: 0.205, G_B: 0.972, cycle_B: 0.222, gp: 0.197

[Rank 0] (epoch: 5, iters: 31808, time: 0.001, data: 0.001) , D_A: 0.275, G_A: 1.082, cycle_A: 0.233, D_B: 0.293, G_B: 1.066, cycle_B: 0.216, gp: 0.282

[Rank 0] (epoch: 5, iters: 33408, time: 0.001, data: 0.001) , D_A: 0.238, G_A: 0.933, cycle_A: 0.229, D_B: 0.171, G_B: 1.058, cycle_B: 0.206, gp: 0.164

[Rank 0] (epoch: 5, iters: 35008, time: 0.001, data: 0.001) , D_A: 0.277, G_A: 1.124, cycle_A: 0.269, D_B: 0.201, G_B: 0.998, cycle_B: 0.207, gp: 0.196

[Rank 0] (epoch: 5, iters: 36608, time: 0.001, data: 0.001) , D_A: 0.371, G_A: 0.794, cycle_A: 0.248, D_B: 0.252, G_B: 0.988, cycle_B: 0.234, gp: 0.246

--- iter tau=0.4384 ---
  cipher in : mber reading somewhere that abyssinians had large litters and su
  decrypted : tzec cenbopf dstedaece iani nzdddoponpd anb tncfe toiiecd npb dh
  real plain: he new outlook for turnpikes investors who bought tollroad bonds
  cipher in : infonica siciliana in palermo and the orchestra of radio cologne
  decrypted : opuspoin doiotonpn op rntects npb iae sciaedicn su cnbos istsfpe
  real plain: ds some of former president trumans offthecuff discourses have b
[Rank 0] (epoch: 5, iters: 38208, time: 0.001, data: 0.001) , D_A: 0.277, G_A: 1.264, cycle_A: 0.236, D_B: 0.228, G_B: 0.967, cycle_B: 0.259, gp: 0.223

saving the latest model (epoch 5, total_iters 200000)
[Rank 0] (epoch: 5, iters: 39808, time: 0.001, data: 0.001) , D_A: 0.381, G_A: 1.256, cycle_A: 0.234, D_B: 0.172, G_B: 1.033, cycle_B: 0.293, gp: 0.167

learning rate 0.0002000 -> 0.0002000
temperature tau = 0.4243
End of epoch 5 / 50 	 Time Taken: 37 sec
[Rank 0] (epoch: 6, iters: 960, time: 0.001, data: 0.001) , D_A: 0.308, G_A: 1.067, cycle_A: 0.224, D_B: 0.232, G_B: 0.981, cycle_B: 0.243, gp: 0.225

[Rank 0] (epoch: 6, iters: 2560, time: 0.001, data: 0.000) , D_A: 0.242, G_A: 1.036, cycle_A: 0.269, D_B: 0.237, G_B: 0.946, cycle_B: 0.235, gp: 0.231

[Rank 0] (epoch: 6, iters: 4160, time: 0.001, data: 0.001) , D_A: 0.306, G_A: 1.079, cycle_A: 0.263, D_B: 0.210, G_B: 0.989, cycle_B: 0.230, gp: 0.204

[Rank 0] (epoch: 6, iters: 5760, time: 0.001, data: 0.002) , D_A: 0.301, G_A: 1.047, cycle_A: 0.242, D_B: 0.233, G_B: 1.025, cycle_B: 0.220, gp: 0.228

[Rank 0] (epoch: 6, iters: 7360, time: 0.001, data: 0.001) , D_A: 0.338, G_A: 0.950, cycle_A: 0.224, D_B: 0.210, G_B: 0.993, cycle_B: 0.200, gp: 0.204

[Rank 0] (epoch: 6, iters: 8960, time: 0.001, data: 0.003) , D_A: 0.277, G_A: 0.813, cycle_A: 0.243, D_B: 0.229, G_B: 1.008, cycle_B: 0.218, gp: 0.220

[Rank 0] (epoch: 6, iters: 10560, time: 0.001, data: 0.002) , D_A: 0.261, G_A: 0.946, cycle_A: 0.257, D_B: 0.149, G_B: 0.991, cycle_B: 0.212, gp: 0.143

[Rank 0] (epoch: 6, iters: 12160, time: 0.001, data: 0.001) , D_A: 0.317, G_A: 0.964, cycle_A: 0.250, D_B: 0.187, G_B: 1.035, cycle_B: 0.208, gp: 0.181

[Rank 0] (epoch: 6, iters: 13760, time: 0.001, data: 0.001) , D_A: 0.231, G_A: 1.017, cycle_A: 0.267, D_B: 0.139, G_B: 0.967, cycle_B: 0.210, gp: 0.134

[Rank 0] (epoch: 6, iters: 15360, time: 0.001, data: 0.001) , D_A: 0.209, G_A: 1.030, cycle_A: 0.235, D_B: 0.289, G_B: 0.978, cycle_B: 0.207, gp: 0.285

[Rank 0] (epoch: 6, iters: 16960, time: 0.001, data: 0.001) , D_A: 0.347, G_A: 1.191, cycle_A: 0.238, D_B: 0.204, G_B: 0.986, cycle_B: 0.232, gp: 0.198

[Rank 0] (epoch: 6, iters: 18560, time: 0.001, data: 0.001) , D_A: 0.222, G_A: 1.080, cycle_A: 0.233, D_B: 0.155, G_B: 0.978, cycle_B: 0.227, gp: 0.150

[Rank 0] (epoch: 6, iters: 20160, time: 0.001, data: 0.001) , D_A: 0.338, G_A: 0.956, cycle_A: 0.234, D_B: 0.178, G_B: 1.005, cycle_B: 0.224, gp: 0.173

[Rank 0] (epoch: 6, iters: 21760, time: 0.001, data: 0.001) , D_A: 0.203, G_A: 0.901, cycle_A: 0.220, D_B: 0.214, G_B: 0.997, cycle_B: 0.215, gp: 0.208

[Rank 0] (epoch: 6, iters: 23360, time: 0.001, data: 0.001) , D_A: 0.332, G_A: 0.719, cycle_A: 0.222, D_B: 0.152, G_B: 1.005, cycle_B: 0.237, gp: 0.147

[Rank 0] (epoch: 6, iters: 24960, time: 0.001, data: 0.002) , D_A: 0.211, G_A: 1.143, cycle_A: 0.235, D_B: 0.288, G_B: 0.971, cycle_B: 0.254, gp: 0.282

[Rank 0] (epoch: 6, iters: 26560, time: 0.001, data: 0.001) , D_A: 0.343, G_A: 1.310, cycle_A: 0.239, D_B: 0.187, G_B: 0.992, cycle_B: 0.243, gp: 0.181

[Rank 0] (epoch: 6, iters: 28160, time: 0.001, data: 0.002) , D_A: 0.200, G_A: 0.878, cycle_A: 0.251, D_B: 0.227, G_B: 0.932, cycle_B: 0.224, gp: 0.223

[Rank 0] (epoch: 6, iters: 29760, time: 0.001, data: 0.001) , D_A: 0.300, G_A: 1.104, cycle_A: 0.242, D_B: 0.176, G_B: 0.999, cycle_B: 0.227, gp: 0.171

[Rank 0] (epoch: 6, iters: 31360, time: 0.001, data: 0.002) , D_A: 0.275, G_A: 0.764, cycle_A: 0.272, D_B: 0.223, G_B: 0.967, cycle_B: 0.205, gp: 0.218

[Rank 0] (epoch: 6, iters: 32960, time: 0.001, data: 0.001) , D_A: 0.234, G_A: 0.972, cycle_A: 0.266, D_B: 0.188, G_B: 0.982, cycle_B: 0.206, gp: 0.180

[Rank 0] (epoch: 6, iters: 34560, time: 0.001, data: 0.002) , D_A: 0.293, G_A: 1.253, cycle_A: 0.232, D_B: 0.315, G_B: 0.999, cycle_B: 0.236, gp: 0.309

[Rank 0] (epoch: 6, iters: 36160, time: 0.001, data: 0.001) , D_A: 0.239, G_A: 1.007, cycle_A: 0.222, D_B: 0.250, G_B: 1.018, cycle_B: 0.226, gp: 0.244

--- iter tau=0.4243 ---
  cipher in : efifth of the nations expenditures for vocational education the 
  decrypted : euouia su iae pniospd eareploihced usc osiniospnt elhiniosp iae 
  real plain: equel the st basils scene opens with little groups of beggars mi
  cipher in : extent to which such entities are valid the mere exploration of 
  decrypted : eaiepi is daoia dhia epioioed nce ontol iae tece eartscniosp su 
  real plain: ildren so many times i have wondered why veterinarians do not wi
[Rank 0] (epoch: 6, iters: 37760, time: 0.001, data: 0.001) , D_A: 0.154, G_A: 0.985, cycle_A: 0.242, D_B: 0.267, G_B: 1.006, cycle_B: 0.208, gp: 0.259

saving the latest model (epoch 6, total_iters 240000)
[Rank 0] (epoch: 6, iters: 39360, time: 0.001, data: 0.001) , D_A: 0.222, G_A: 0.870, cycle_A: 0.237, D_B: 0.180, G_B: 0.973, cycle_B: 0.218, gp: 0.174

learning rate 0.0002000 -> 0.0002000
temperature tau = 0.4106
End of epoch 6 / 50 	 Time Taken: 38 sec
[Rank 0] (epoch: 7, iters: 512, time: 0.001, data: 0.008) , D_A: 0.358, G_A: 1.083, cycle_A: 0.247, D_B: 0.201, G_B: 1.025, cycle_B: 0.225, gp: 0.197

[Rank 0] (epoch: 7, iters: 2112, time: 0.001, data: 0.000) , D_A: 0.215, G_A: 0.941, cycle_A: 0.261, D_B: 0.156, G_B: 0.981, cycle_B: 0.232, gp: 0.151

[Rank 0] (epoch: 7, iters: 3712, time: 0.001, data: 0.001) , D_A: 0.243, G_A: 1.060, cycle_A: 0.223, D_B: 0.187, G_B: 0.939, cycle_B: 0.234, gp: 0.183

[Rank 0] (epoch: 7, iters: 5312, time: 0.001, data: 0.001) , D_A: 0.218, G_A: 0.909, cycle_A: 0.229, D_B: 0.251, G_B: 1.073, cycle_B: 0.219, gp: 0.244

[Rank 0] (epoch: 7, iters: 6912, time: 0.001, data: 0.001) , D_A: 0.237, G_A: 0.927, cycle_A: 0.241, D_B: 0.277, G_B: 1.017, cycle_B: 0.215, gp: 0.273

[Rank 0] (epoch: 7, iters: 8512, time: 0.001, data: 0.002) , D_A: 0.241, G_A: 1.066, cycle_A: 0.237, D_B: 0.173, G_B: 0.988, cycle_B: 0.211, gp: 0.169

[Rank 0] (epoch: 7, iters: 10112, time: 0.001, data: 0.001) , D_A: 0.323, G_A: 0.957, cycle_A: 0.237, D_B: 0.241, G_B: 1.053, cycle_B: 0.227, gp: 0.233

[Rank 0] (epoch: 7, iters: 11712, time: 0.001, data: 0.001) , D_A: 0.285, G_A: 1.018, cycle_A: 0.250, D_B: 0.295, G_B: 1.021, cycle_B: 0.229, gp: 0.288

[Rank 0] (epoch: 7, iters: 13312, time: 0.001, data: 0.001) , D_A: 0.278, G_A: 1.002, cycle_A: 0.268, D_B: 0.252, G_B: 0.970, cycle_B: 0.225, gp: 0.247

[Rank 0] (epoch: 7, iters: 14912, time: 0.001, data: 0.001) , D_A: 0.246, G_A: 0.966, cycle_A: 0.221, D_B: 0.272, G_B: 0.993, cycle_B: 0.204, gp: 0.268

[Rank 0] (epoch: 7, iters: 16512, time: 0.001, data: 0.001) , D_A: 0.202, G_A: 0.969, cycle_A: 0.228, D_B: 0.193, G_B: 0.982, cycle_B: 0.214, gp: 0.185

[Rank 0] (epoch: 7, iters: 18112, time: 0.001, data: 0.001) , D_A: 0.160, G_A: 1.079, cycle_A: 0.232, D_B: 0.158, G_B: 0.962, cycle_B: 0.237, gp: 0.154

[Rank 0] (epoch: 7, iters: 19712, time: 0.001, data: 0.001) , D_A: 0.185, G_A: 0.970, cycle_A: 0.237, D_B: 0.186, G_B: 0.952, cycle_B: 0.224, gp: 0.180

[Rank 0] (epoch: 7, iters: 21312, time: 0.001, data: 0.001) , D_A: 0.321, G_A: 0.929, cycle_A: 0.218, D_B: 0.205, G_B: 1.020, cycle_B: 0.199, gp: 0.196

[Rank 0] (epoch: 7, iters: 22912, time: 0.001, data: 0.001) , D_A: 0.257, G_A: 0.940, cycle_A: 0.245, D_B: 0.225, G_B: 0.991, cycle_B: 0.213, gp: 0.218

[Rank 0] (epoch: 7, iters: 24512, time: 0.001, data: 0.001) , D_A: 0.204, G_A: 1.011, cycle_A: 0.219, D_B: 0.275, G_B: 0.973, cycle_B: 0.214, gp: 0.270

[Rank 0] (epoch: 7, iters: 26112, time: 0.001, data: 0.001) , D_A: 0.191, G_A: 1.023, cycle_A: 0.234, D_B: 0.152, G_B: 0.983, cycle_B: 0.223, gp: 0.148

[Rank 0] (epoch: 7, iters: 27712, time: 0.001, data: 0.001) , D_A: 0.270, G_A: 0.897, cycle_A: 0.273, D_B: 0.191, G_B: 0.998, cycle_B: 0.232, gp: 0.187

[Rank 0] (epoch: 7, iters: 29312, time: 0.001, data: 0.001) , D_A: 0.176, G_A: 0.996, cycle_A: 0.219, D_B: 0.270, G_B: 1.010, cycle_B: 0.223, gp: 0.266

[Rank 0] (epoch: 7, iters: 30912, time: 0.001, data: 0.001) , D_A: 0.175, G_A: 0.962, cycle_A: 0.233, D_B: 0.242, G_B: 0.908, cycle_B: 0.225, gp: 0.235

[Rank 0] (epoch: 7, iters: 32512, time: 0.001, data: 0.001) , D_A: 0.372, G_A: 1.043, cycle_A: 0.240, D_B: 0.253, G_B: 0.951, cycle_B: 0.227, gp: 0.248

[Rank 0] (epoch: 7, iters: 34112, time: 0.001, data: 0.001) , D_A: 0.225, G_A: 0.939, cycle_A: 0.228, D_B: 0.164, G_B: 0.991, cycle_B: 0.208, gp: 0.158

[Rank 0] (epoch: 7, iters: 35712, time: 0.001, data: 0.001) , D_A: 0.180, G_A: 0.946, cycle_A: 0.225, D_B: 0.103, G_B: 0.957, cycle_B: 0.224, gp: 0.097

--- iter tau=0.4106 ---
  cipher in :  rights the knights and bishops must never forget the woolworker
  decrypted :  cofaid iae fpofaid npl zodasrd thdi peoec uscfei iae dsstdscfec
  real plain: she came to a little hollow in the rocky ground with a big stone
  cipher in :  was to get the protection of his musclemen sposato needed a fro
  decrypted :  dnd is fei iae rcsieiiosp su aod thditetep drsdnis peelel n ucs
  real plain: use of power means more than inflicting a barely intolerable pre
[Rank 0] (epoch: 7, iters: 37312, time: 0.001, data: 0.001) , D_A: 0.174, G_A: 0.978, cycle_A: 0.228, D_B: 0.189, G_B: 0.994, cycle_B: 0.218, gp: 0.184

saving the latest model (epoch 7, total_iters 280000)
[Rank 0] (epoch: 7, iters: 38912, time: 0.001, data: 0.001) , D_A: 0.326, G_A: 1.235, cycle_A: 0.245, D_B: 0.190, G_B: 0.926, cycle_B: 0.218, gp: 0.185

learning rate 0.0002000 -> 0.0002000
temperature tau = 0.3973
End of epoch 7 / 50 	 Time Taken: 37 sec
[Rank 0] (epoch: 8, iters: 64, time: 0.001, data: 0.001) , D_A: 0.257, G_A: 0.918, cycle_A: 0.232, D_B: 0.230, G_B: 1.023, cycle_B: 0.208, gp: 0.223

[Rank 0] (epoch: 8, iters: 1664, time: 0.001, data: 0.000) , D_A: 0.296, G_A: 0.969, cycle_A: 0.245, D_B: 0.285, G_B: 1.041, cycle_B: 0.202, gp: 0.281

[Rank 0] (epoch: 8, iters: 3264, time: 0.001, data: 0.001) , D_A: 0.249, G_A: 1.000, cycle_A: 0.226, D_B: 0.236, G_B: 1.032, cycle_B: 0.203, gp: 0.231

[Rank 0] (epoch: 8, iters: 4864, time: 0.001, data: 0.001) , D_A: 0.250, G_A: 0.985, cycle_A: 0.254, D_B: 0.218, G_B: 0.938, cycle_B: 0.204, gp: 0.213

[Rank 0] (epoch: 8, iters: 6464, time: 0.001, data: 0.001) , D_A: 0.277, G_A: 1.145, cycle_A: 0.216, D_B: 0.346, G_B: 0.850, cycle_B: 0.239, gp: 0.268

[Rank 0] (epoch: 8, iters: 8064, time: 0.001, data: 0.001) , D_A: 0.319, G_A: 0.958, cycle_A: 0.251, D_B: 0.286, G_B: 1.048, cycle_B: 0.217, gp: 0.281

[Rank 0] (epoch: 8, iters: 9664, time: 0.001, data: 0.001) , D_A: 0.297, G_A: 1.024, cycle_A: 0.230, D_B: 0.333, G_B: 0.950, cycle_B: 0.213, gp: 0.328

[Rank 0] (epoch: 8, iters: 11264, time: 0.001, data: 0.001) , D_A: 0.302, G_A: 0.982, cycle_A: 0.262, D_B: 0.203, G_B: 0.986, cycle_B: 0.203, gp: 0.197

[Rank 0] (epoch: 8, iters: 12864, time: 0.001, data: 0.001) , D_A: 0.236, G_A: 1.019, cycle_A: 0.262, D_B: 0.174, G_B: 1.003, cycle_B: 0.227, gp: 0.167

[Rank 0] (epoch: 8, iters: 14464, time: 0.001, data: 0.001) , D_A: 0.250, G_A: 1.090, cycle_A: 0.243, D_B: 0.248, G_B: 0.982, cycle_B: 0.247, gp: 0.244

[Rank 0] (epoch: 8, iters: 16064, time: 0.001, data: 0.001) , D_A: 0.260, G_A: 1.067, cycle_A: 0.232, D_B: 0.237, G_B: 1.002, cycle_B: 0.227, gp: 0.232

[Rank 0] (epoch: 8, iters: 17664, time: 0.001, data: 0.001) , D_A: 0.248, G_A: 0.934, cycle_A: 0.250, D_B: 0.183, G_B: 0.958, cycle_B: 0.217, gp: 0.177

[Rank 0] (epoch: 8, iters: 19264, time: 0.001, data: 0.001) , D_A: 0.245, G_A: 0.947, cycle_A: 0.243, D_B: 0.198, G_B: 1.025, cycle_B: 0.230, gp: 0.194

[Rank 0] (epoch: 8, iters: 20864, time: 0.001, data: 0.001) , D_A: 0.237, G_A: 1.083, cycle_A: 0.229, D_B: 0.243, G_B: 0.986, cycle_B: 0.210, gp: 0.239

[Rank 0] (epoch: 8, iters: 22464, time: 0.001, data: 0.001) , D_A: 0.194, G_A: 1.034, cycle_A: 0.245, D_B: 0.274, G_B: 0.990, cycle_B: 0.216, gp: 0.268

[Rank 0] (epoch: 8, iters: 24064, time: 0.001, data: 0.001) , D_A: 0.141, G_A: 0.966, cycle_A: 0.238, D_B: 0.208, G_B: 0.988, cycle_B: 0.219, gp: 0.205

[Rank 0] (epoch: 8, iters: 25664, time: 0.001, data: 0.001) , D_A: 0.239, G_A: 0.627, cycle_A: 0.239, D_B: 0.189, G_B: 0.967, cycle_B: 0.232, gp: 0.186

[Rank 0] (epoch: 8, iters: 27264, time: 0.001, data: 0.001) , D_A: 0.200, G_A: 0.981, cycle_A: 0.221, D_B: 0.191, G_B: 0.990, cycle_B: 0.223, gp: 0.188

[Rank 0] (epoch: 8, iters: 28864, time: 0.001, data: 0.001) , D_A: 0.214, G_A: 1.012, cycle_A: 0.260, D_B: 0.152, G_B: 1.028, cycle_B: 0.213, gp: 0.145

[Rank 0] (epoch: 8, iters: 30464, time: 0.001, data: 0.001) , D_A: 0.169, G_A: 1.075, cycle_A: 0.235, D_B: 0.223, G_B: 0.978, cycle_B: 0.211, gp: 0.219

[Rank 0] (epoch: 8, iters: 32064, time: 0.001, data: 0.001) , D_A: 0.213, G_A: 0.986, cycle_A: 0.225, D_B: 0.243, G_B: 0.933, cycle_B: 0.218, gp: 0.237

[Rank 0] (epoch: 8, iters: 33664, time: 0.001, data: 0.001) , D_A: 0.239, G_A: 1.156, cycle_A: 0.241, D_B: 0.221, G_B: 1.031, cycle_B: 0.232, gp: 0.215

[Rank 0] (epoch: 8, iters: 35264, time: 0.001, data: 0.001) , D_A: 0.190, G_A: 0.992, cycle_A: 0.255, D_B: 0.227, G_B: 0.989, cycle_B: 0.216, gp: 0.223

--- iter tau=0.3973 ---
  cipher in : ld a minister in boston trust himself to his heart should he spe
  decrypted : tl n togodiec og zsdisg ichdi aotdetu is aod aenci dashtl ae dre
  real plain: rses and distracted her and she ran off a short distance and jum
  cipher in : at does it all add up to indications are that khrushchev and wit
  decrypted : ni lsed oi ntt nll hr is ogloiniosgd nce iani fachdaiaeo ngl doi
  real plain: gladden has been an outspoken critic of the present city adminis
[Rank 0] (epoch: 8, iters: 36864, time: 0.001, data: 0.001) , D_A: 0.188, G_A: 1.013, cycle_A: 0.220, D_B: 0.152, G_B: 0.926, cycle_B: 0.208, gp: 0.146

saving the latest model (epoch 8, total_iters 320000)
[Rank 0] (epoch: 8, iters: 38464, time: 0.001, data: 0.001) , D_A: 0.413, G_A: 0.848, cycle_A: 0.235, D_B: 0.249, G_B: 0.990, cycle_B: 0.240, gp: 0.243

[Rank 0] (epoch: 8, iters: 40064, time: 0.001, data: 0.001) , D_A: 0.277, G_A: 0.983, cycle_A: 0.225, D_B: 0.241, G_B: 1.016, cycle_B: 0.209, gp: 0.236

learning rate 0.0002000 -> 0.0002000
temperature tau = 0.3845
End of epoch 8 / 50 	 Time Taken: 37 sec
[Rank 0] (epoch: 9, iters: 1216, time: 0.001, data: 0.001) , D_A: 0.214, G_A: 0.938, cycle_A: 0.247, D_B: 0.240, G_B: 0.973, cycle_B: 0.200, gp: 0.235

[Rank 0] (epoch: 9, iters: 2816, time: 0.001, data: 0.001) , D_A: 0.206, G_A: 1.140, cycle_A: 0.242, D_B: 0.159, G_B: 0.954, cycle_B: 0.204, gp: 0.154

[Rank 0] (epoch: 9, iters: 4416, time: 0.001, data: 0.001) , D_A: 0.157, G_A: 1.024, cycle_A: 0.237, D_B: 0.217, G_B: 1.053, cycle_B: 0.208, gp: 0.211

[Rank 0] (epoch: 9, iters: 6016, time: 0.001, data: 0.001) , D_A: 0.285, G_A: 1.036, cycle_A: 0.272, D_B: 0.244, G_B: 0.971, cycle_B: 0.213, gp: 0.237

[Rank 0] (epoch: 9, iters: 7616, time: 0.001, data: 0.001) , D_A: 0.225, G_A: 1.054, cycle_A: 0.243, D_B: 0.176, G_B: 1.019, cycle_B: 0.209, gp: 0.172

[Rank 0] (epoch: 9, iters: 9216, time: 0.001, data: 0.001) , D_A: 0.310, G_A: 1.093, cycle_A: 0.225, D_B: 0.239, G_B: 0.947, cycle_B: 0.229, gp: 0.233

[Rank 0] (epoch: 9, iters: 10816, time: 0.001, data: 0.001) , D_A: 0.261, G_A: 1.000, cycle_A: 0.241, D_B: 0.153, G_B: 0.980, cycle_B: 0.208, gp: 0.150

[Rank 0] (epoch: 9, iters: 12416, time: 0.001, data: 0.001) , D_A: 0.198, G_A: 1.017, cycle_A: 0.244, D_B: 0.252, G_B: 1.011, cycle_B: 0.227, gp: 0.247

[Rank 0] (epoch: 9, iters: 14016, time: 0.001, data: 0.001) , D_A: 0.167, G_A: 1.012, cycle_A: 0.243, D_B: 0.198, G_B: 0.893, cycle_B: 0.214, gp: 0.191

[Rank 0] (epoch: 9, iters: 15616, time: 0.001, data: 0.001) , D_A: 0.268, G_A: 0.688, cycle_A: 0.230, D_B: 0.246, G_B: 0.976, cycle_B: 0.222, gp: 0.242

[Rank 0] (epoch: 9, iters: 17216, time: 0.001, data: 0.001) , D_A: 0.230, G_A: 0.994, cycle_A: 0.238, D_B: 0.157, G_B: 0.996, cycle_B: 0.207, gp: 0.154

[Rank 0] (epoch: 9, iters: 18816, time: 0.001, data: 0.001) , D_A: 0.257, G_A: 0.983, cycle_A: 0.234, D_B: 0.268, G_B: 0.903, cycle_B: 0.202, gp: 0.261

[Rank 0] (epoch: 9, iters: 20416, time: 0.001, data: 0.001) , D_A: 0.217, G_A: 0.972, cycle_A: 0.215, D_B: 0.197, G_B: 0.990, cycle_B: 0.212, gp: 0.195

[Rank 0] (epoch: 9, iters: 22016, time: 0.001, data: 0.001) , D_A: 0.243, G_A: 1.005, cycle_A: 0.210, D_B: 0.184, G_B: 1.077, cycle_B: 0.215, gp: 0.176

[Rank 0] (epoch: 9, iters: 23616, time: 0.001, data: 0.001) , D_A: 0.178, G_A: 0.956, cycle_A: 0.251, D_B: 0.205, G_B: 1.033, cycle_B: 0.202, gp: 0.200

[Rank 0] (epoch: 9, iters: 25216, time: 0.001, data: 0.001) , D_A: 0.221, G_A: 1.154, cycle_A: 0.236, D_B: 0.224, G_B: 0.993, cycle_B: 0.231, gp: 0.221

[Rank 0] (epoch: 9, iters: 26816, time: 0.001, data: 0.001) , D_A: 0.241, G_A: 1.023, cycle_A: 0.225, D_B: 0.221, G_B: 0.988, cycle_B: 0.217, gp: 0.217

[Rank 0] (epoch: 9, iters: 28416, time: 0.001, data: 0.001) , D_A: 0.215, G_A: 1.074, cycle_A: 0.232, D_B: 0.246, G_B: 0.987, cycle_B: 0.212, gp: 0.242

[Rank 0] (epoch: 9, iters: 30016, time: 0.001, data: 0.001) , D_A: 0.207, G_A: 0.875, cycle_A: 0.241, D_B: 0.177, G_B: 1.003, cycle_B: 0.215, gp: 0.172

[Rank 0] (epoch: 9, iters: 31616, time: 0.001, data: 0.001) , D_A: 0.204, G_A: 0.943, cycle_A: 0.246, D_B: 0.231, G_B: 0.986, cycle_B: 0.232, gp: 0.228

[Rank 0] (epoch: 9, iters: 33216, time: 0.001, data: 0.001) , D_A: 0.237, G_A: 0.986, cycle_A: 0.254, D_B: 0.216, G_B: 0.970, cycle_B: 0.201, gp: 0.214

[Rank 0] (epoch: 9, iters: 34816, time: 0.001, data: 0.001) , D_A: 0.231, G_A: 0.998, cycle_A: 0.252, D_B: 0.263, G_B: 1.033, cycle_B: 0.204, gp: 0.255

--- iter tau=0.3845 ---
  cipher in : one oclock in the morning the whole stubblefield family had been
  decrypted : spe sitsif op iae tscpopf iae daste dihzzteuoetl untotd anl zeep
  real plain: rses and distracted her and she ran off a short distance and jum
  cipher in :  been found in varying trace amounts none of these values is des
  decrypted :  zeep ushpl op oncdopf icnie ntshpid pspe su iaede onthed od led
  real plain: gladden has been an outspoken critic of the present city adminis
[Rank 0] (epoch: 9, iters: 36416, time: 0.001, data: 0.001) , D_A: 0.145, G_A: 0.919, cycle_A: 0.234, D_B: 0.138, G_B: 0.963, cycle_B: 0.210, gp: 0.134

saving the latest model (epoch 9, total_iters 360000)
[Rank 0] (epoch: 9, iters: 38016, time: 0.001, data: 0.001) , D_A: 0.191, G_A: 0.968, cycle_A: 0.238, D_B: 0.162, G_B: 0.920, cycle_B: 0.239, gp: 0.157

[Rank 0] (epoch: 9, iters: 39616, time: 0.001, data: 0.001) , D_A: 0.232, G_A: 0.976, cycle_A: 0.237, D_B: 0.131, G_B: 0.951, cycle_B: 0.230, gp: 0.128

learning rate 0.0002000 -> 0.0002000
temperature tau = 0.3720
End of epoch 9 / 50 	 Time Taken: 37 sec
[Rank 0] (epoch: 10, iters: 768, time: 0.001, data: 0.001) , D_A: 0.188, G_A: 1.022, cycle_A: 0.224, D_B: 0.133, G_B: 1.071, cycle_B: 0.219, gp: 0.127

[Rank 0] (epoch: 10, iters: 2368, time: 0.001, data: 0.000) , D_A: 0.239, G_A: 0.987, cycle_A: 0.250, D_B: 0.223, G_B: 0.809, cycle_B: 0.213, gp: 0.210

[Rank 0] (epoch: 10, iters: 3968, time: 0.001, data: 0.001) , D_A: 0.294, G_A: 0.901, cycle_A: 0.233, D_B: 0.241, G_B: 0.969, cycle_B: 0.228, gp: 0.238

[Rank 0] (epoch: 10, iters: 5568, time: 0.001, data: 0.001) , D_A: 0.343, G_A: 1.072, cycle_A: 0.245, D_B: 0.213, G_B: 1.032, cycle_B: 0.231, gp: 0.209

[Rank 0] (epoch: 10, iters: 7168, time: 0.001, data: 0.001) , D_A: 0.217, G_A: 0.843, cycle_A: 0.266, D_B: 0.226, G_B: 0.978, cycle_B: 0.214, gp: 0.222

[Rank 0] (epoch: 10, iters: 8768, time: 0.001, data: 0.001) , D_A: 0.283, G_A: 1.034, cycle_A: 0.223, D_B: 0.481, G_B: 0.252, cycle_B: 0.219, gp: 0.253

[Rank 0] (epoch: 10, iters: 10368, time: 0.001, data: 0.001) , D_A: 0.195, G_A: 0.994, cycle_A: 0.219, D_B: 0.191, G_B: 1.005, cycle_B: 0.204, gp: 0.188

[Rank 0] (epoch: 10, iters: 11968, time: 0.001, data: 0.001) , D_A: 0.189, G_A: 0.931, cycle_A: 0.224, D_B: 0.265, G_B: 1.003, cycle_B: 0.215, gp: 0.261

[Rank 0] (epoch: 10, iters: 13568, time: 0.001, data: 0.001) , D_A: 0.182, G_A: 0.969, cycle_A: 0.251, D_B: 0.238, G_B: 1.008, cycle_B: 0.205, gp: 0.232

[Rank 0] (epoch: 10, iters: 15168, time: 0.001, data: 0.001) , D_A: 0.198, G_A: 0.970, cycle_A: 0.239, D_B: 0.141, G_B: 0.967, cycle_B: 0.203, gp: 0.137

[Rank 0] (epoch: 10, iters: 16768, time: 0.001, data: 0.001) , D_A: 0.213, G_A: 0.939, cycle_A: 0.219, D_B: 0.220, G_B: 0.986, cycle_B: 0.208, gp: 0.216

[Rank 0] (epoch: 10, iters: 18368, time: 0.001, data: 0.001) , D_A: 0.205, G_A: 0.889, cycle_A: 0.238, D_B: 0.244, G_B: 0.979, cycle_B: 0.213, gp: 0.240

[Rank 0] (epoch: 10, iters: 19968, time: 0.001, data: 0.001) , D_A: 0.178, G_A: 1.093, cycle_A: 0.240, D_B: 0.243, G_B: 0.967, cycle_B: 0.202, gp: 0.240

[Rank 0] (epoch: 10, iters: 21568, time: 0.001, data: 0.001) , D_A: 0.200, G_A: 0.986, cycle_A: 0.228, D_B: 0.203, G_B: 0.975, cycle_B: 0.201, gp: 0.197

[Rank 0] (epoch: 10, iters: 23168, time: 0.001, data: 0.001) , D_A: 0.248, G_A: 1.006, cycle_A: 0.228, D_B: 0.160, G_B: 1.033, cycle_B: 0.222, gp: 0.157

[Rank 0] (epoch: 10, iters: 24768, time: 0.001, data: 0.001) , D_A: 0.164, G_A: 0.951, cycle_A: 0.218, D_B: 0.178, G_B: 0.964, cycle_B: 0.230, gp: 0.174

[Rank 0] (epoch: 10, iters: 26368, time: 0.001, data: 0.001) , D_A: 0.228, G_A: 1.142, cycle_A: 0.214, D_B: 0.166, G_B: 1.010, cycle_B: 0.227, gp: 0.162

[Rank 0] (epoch: 10, iters: 27968, time: 0.001, data: 0.001) , D_A: 0.174, G_A: 1.030, cycle_A: 0.224, D_B: 0.178, G_B: 0.974, cycle_B: 0.198, gp: 0.175

[Rank 0] (epoch: 10, iters: 29568, time: 0.001, data: 0.001) , D_A: 0.210, G_A: 1.009, cycle_A: 0.246, D_B: 0.234, G_B: 0.985, cycle_B: 0.235, gp: 0.231

[Rank 0] (epoch: 10, iters: 31168, time: 0.001, data: 0.001) , D_A: 0.336, G_A: 1.059, cycle_A: 0.252, D_B: 0.128, G_B: 0.990, cycle_B: 0.216, gp: 0.125

[Rank 0] (epoch: 10, iters: 32768, time: 0.001, data: 0.001) , D_A: 0.214, G_A: 1.106, cycle_A: 0.241, D_B: 0.265, G_B: 0.958, cycle_B: 0.214, gp: 0.262

[Rank 0] (epoch: 10, iters: 34368, time: 0.001, data: 0.001) , D_A: 0.214, G_A: 1.005, cycle_A: 0.264, D_B: 0.138, G_B: 0.927, cycle_B: 0.207, gp: 0.134

--- iter tau=0.3720 ---
  cipher in :  bank of new york said tuesday there is no present need for farr
  decrypted :  znpf su ped dscf dnol ihedlnd iaece od ps rcedepi peel usc uncc
  real plain: the farm value of seeds produced in this country for all purpose
  cipher in :  harder to bear her child here in such pleasant surroundings tha
  decrypted :  anclec is zenc aec iaotl aece op dhia rtendnpi dhccshplopfd ian
  real plain: in providence and the drills to drill them were being handfiled 
[Rank 0] (epoch: 10, iters: 35968, time: 0.001, data: 0.001) , D_A: 0.258, G_A: 0.574, cycle_A: 0.218, D_B: 0.160, G_B: 1.001, cycle_B: 0.209, gp: 0.158

saving the latest model (epoch 10, total_iters 400000)
[Rank 0] (epoch: 10, iters: 37568, time: 0.001, data: 0.001) , D_A: 0.253, G_A: 0.991, cycle_A: 0.253, D_B: 0.201, G_B: 0.982, cycle_B: 0.217, gp: 0.198

[Rank 0] (epoch: 10, iters: 39168, time: 0.001, data: 0.001) , D_A: 0.211, G_A: 1.022, cycle_A: 0.242, D_B: 0.242, G_B: 1.006, cycle_B: 0.213, gp: 0.238

learning rate 0.0002000 -> 0.0002000
temperature tau = 0.3600
End of epoch 10 / 50 	 Time Taken: 36 sec
[Rank 0] (epoch: 11, iters: 320, time: 0.001, data: 0.001) , D_A: 0.171, G_A: 1.045, cycle_A: 0.231, D_B: 0.175, G_B: 0.978, cycle_B: 0.202, gp: 0.172

[Rank 0] (epoch: 11, iters: 1920, time: 0.001, data: 0.000) , D_A: 0.157, G_A: 1.005, cycle_A: 0.244, D_B: 0.276, G_B: 0.977, cycle_B: 0.203, gp: 0.274

[Rank 0] (epoch: 11, iters: 3520, time: 0.001, data: 0.001) , D_A: 0.205, G_A: 0.996, cycle_A: 0.228, D_B: 0.263, G_B: 0.987, cycle_B: 0.208, gp: 0.260

[Rank 0] (epoch: 11, iters: 5120, time: 0.001, data: 0.001) , D_A: 0.302, G_A: 1.040, cycle_A: 0.223, D_B: 0.193, G_B: 1.033, cycle_B: 0.207, gp: 0.188

[Rank 0] (epoch: 11, iters: 6720, time: 0.001, data: 0.001) , D_A: 0.284, G_A: 0.971, cycle_A: 0.232, D_B: 0.311, G_B: 0.989, cycle_B: 0.228, gp: 0.308

[Rank 0] (epoch: 11, iters: 8320, time: 0.001, data: 0.001) , D_A: 0.428, G_A: 0.983, cycle_A: 0.231, D_B: 0.200, G_B: 1.025, cycle_B: 0.247, gp: 0.195

[Rank 0] (epoch: 11, iters: 9920, time: 0.001, data: 0.001) , D_A: 0.246, G_A: 0.909, cycle_A: 0.218, D_B: 0.258, G_B: 1.059, cycle_B: 0.255, gp: 0.251

[Rank 0] (epoch: 11, iters: 11520, time: 0.001, data: 0.001) , D_A: 0.213, G_A: 0.986, cycle_A: 0.227, D_B: 0.238, G_B: 1.017, cycle_B: 0.217, gp: 0.236

[Rank 0] (epoch: 11, iters: 13120, time: 0.001, data: 0.001) , D_A: 0.215, G_A: 1.018, cycle_A: 0.253, D_B: 0.222, G_B: 0.969, cycle_B: 0.214, gp: 0.219

[Rank 0] (epoch: 11, iters: 14720, time: 0.001, data: 0.001) , D_A: 0.267, G_A: 0.932, cycle_A: 0.241, D_B: 0.248, G_B: 0.981, cycle_B: 0.213, gp: 0.245

[Rank 0] (epoch: 11, iters: 16320, time: 0.001, data: 0.001) , D_A: 0.254, G_A: 1.015, cycle_A: 0.231, D_B: 0.182, G_B: 0.953, cycle_B: 0.204, gp: 0.179

[Rank 0] (epoch: 11, iters: 17920, time: 0.001, data: 0.001) , D_A: 0.224, G_A: 0.958, cycle_A: 0.241, D_B: 0.250, G_B: 0.829, cycle_B: 0.208, gp: 0.239

[Rank 0] (epoch: 11, iters: 19520, time: 0.001, data: 0.001) , D_A: 0.302, G_A: 1.100, cycle_A: 0.237, D_B: 0.231, G_B: 1.003, cycle_B: 0.243, gp: 0.228

[Rank 0] (epoch: 11, iters: 21120, time: 0.001, data: 0.001) , D_A: 0.303, G_A: 1.209, cycle_A: 0.233, D_B: 0.225, G_B: 0.998, cycle_B: 0.220, gp: 0.222

[Rank 0] (epoch: 11, iters: 22720, time: 0.001, data: 0.001) , D_A: 0.254, G_A: 1.066, cycle_A: 0.242, D_B: 0.180, G_B: 0.973, cycle_B: 0.223, gp: 0.175

[Rank 0] (epoch: 11, iters: 24320, time: 0.001, data: 0.001) , D_A: 0.313, G_A: 1.348, cycle_A: 0.229, D_B: 0.232, G_B: 0.977, cycle_B: 0.252, gp: 0.229

[Rank 0] (epoch: 11, iters: 25920, time: 0.001, data: 0.001) , D_A: 0.228, G_A: 1.096, cycle_A: 0.235, D_B: 0.186, G_B: 0.959, cycle_B: 0.227, gp: 0.182

[Rank 0] (epoch: 11, iters: 27520, time: 0.001, data: 0.001) , D_A: 0.332, G_A: 1.157, cycle_A: 0.235, D_B: 0.208, G_B: 0.791, cycle_B: 0.204, gp: 0.195

[Rank 0] (epoch: 11, iters: 29120, time: 0.001, data: 0.001) , D_A: 0.277, G_A: 1.026, cycle_A: 0.241, D_B: 0.238, G_B: 0.972, cycle_B: 0.214, gp: 0.236

[Rank 0] (epoch: 11, iters: 30720, time: 0.001, data: 0.001) , D_A: 0.267, G_A: 1.067, cycle_A: 0.246, D_B: 0.210, G_B: 0.958, cycle_B: 0.202, gp: 0.206

[Rank 0] (epoch: 11, iters: 32320, time: 0.001, data: 0.001) , D_A: 0.203, G_A: 1.029, cycle_A: 0.213, D_B: 0.182, G_B: 0.923, cycle_B: 0.199, gp: 0.179

[Rank 0] (epoch: 11, iters: 33920, time: 0.001, data: 0.001) , D_A: 0.164, G_A: 0.875, cycle_A: 0.229, D_B: 0.176, G_B: 0.977, cycle_B: 0.204, gp: 0.173

--- iter tau=0.3600 ---
  cipher in : to eyeundeceiving contrivances to reinforce and sometimes to rep
  decrypted : is edehwleieooowf iswicoomwied is ceowuscie mwl dsteioted is cer
  real plain: nly that the marriage had been in the spring he started to plod 
  cipher in : ng times and then dividing the product by this part of the equat
  decrypted : wf ioted mwl iaew looolowf iae rcslhii zd iaod rmci su iae e hmi
  real plain:  displacement of state law by federal law in state courts in all
[Rank 0] (epoch: 11, iters: 35520, time: 0.001, data: 0.001) , D_A: 0.177, G_A: 1.033, cycle_A: 0.224, D_B: 0.198, G_B: 0.999, cycle_B: 0.244, gp: 0.195

saving the latest model (epoch 11, total_iters 440000)
[Rank 0] (epoch: 11, iters: 37120, time: 0.001, data: 0.001) , D_A: 0.168, G_A: 1.006, cycle_A: 0.224, D_B: 0.160, G_B: 0.998, cycle_B: 0.232, gp: 0.158

[Rank 0] (epoch: 11, iters: 38720, time: 0.001, data: 0.001) , D_A: 0.205, G_A: 1.044, cycle_A: 0.229, D_B: 0.305, G_B: 1.058, cycle_B: 0.211, gp: 0.301

[Rank 0] (epoch: 11, iters: 40320, time: 0.001, data: 0.001) , D_A: 0.262, G_A: 1.023, cycle_A: 0.214, D_B: 0.214, G_B: 0.964, cycle_B: 0.217, gp: 0.211

learning rate 0.0002000 -> 0.0002000
temperature tau = 0.3484
End of epoch 11 / 50 	 Time Taken: 36 sec
[Rank 0] (epoch: 12, iters: 1472, time: 0.001, data: 0.000) , D_A: 0.146, G_A: 1.137, cycle_A: 0.218, D_B: 0.339, G_B: 0.547, cycle_B: 0.208, gp: 0.223

[Rank 0] (epoch: 12, iters: 3072, time: 0.001, data: 0.001) , D_A: 0.241, G_A: 1.174, cycle_A: 0.217, D_B: 0.317, G_B: 0.987, cycle_B: 0.210, gp: 0.309

[Rank 0] (epoch: 12, iters: 4672, time: 0.001, data: 0.001) , D_A: 0.292, G_A: 0.980, cycle_A: 0.253, D_B: 0.309, G_B: 1.029, cycle_B: 0.206, gp: 0.302

[Rank 0] (epoch: 12, iters: 6272, time: 0.001, data: 0.001) , D_A: 0.151, G_A: 1.015, cycle_A: 0.267, D_B: 0.212, G_B: 0.992, cycle_B: 0.207, gp: 0.208

[Rank 0] (epoch: 12, iters: 7872, time: 0.001, data: 0.001) , D_A: 0.291, G_A: 1.016, cycle_A: 0.257, D_B: 0.186, G_B: 1.053, cycle_B: 0.205, gp: 0.180

[Rank 0] (epoch: 12, iters: 9472, time: 0.001, data: 0.001) , D_A: 0.229, G_A: 1.051, cycle_A: 0.215, D_B: 0.232, G_B: 1.016, cycle_B: 0.202, gp: 0.228

[Rank 0] (epoch: 12, iters: 11072, time: 0.001, data: 0.001) , D_A: 0.154, G_A: 1.000, cycle_A: 0.237, D_B: 0.220, G_B: 1.006, cycle_B: 0.208, gp: 0.217

[Rank 0] (epoch: 12, iters: 12672, time: 0.001, data: 0.001) , D_A: 0.347, G_A: 0.915, cycle_A: 0.234, D_B: 0.227, G_B: 0.995, cycle_B: 0.207, gp: 0.224

[Rank 0] (epoch: 12, iters: 14272, time: 0.001, data: 0.001) , D_A: 0.204, G_A: 1.111, cycle_A: 0.224, D_B: 0.242, G_B: 0.987, cycle_B: 0.211, gp: 0.239

[Rank 0] (epoch: 12, iters: 15872, time: 0.001, data: 0.001) , D_A: 0.176, G_A: 0.888, cycle_A: 0.227, D_B: 0.256, G_B: 0.967, cycle_B: 0.211, gp: 0.253

[Rank 0] (epoch: 12, iters: 17472, time: 0.001, data: 0.001) , D_A: 0.244, G_A: 1.062, cycle_A: 0.231, D_B: 0.197, G_B: 0.988, cycle_B: 0.203, gp: 0.195

[Rank 0] (epoch: 12, iters: 19072, time: 0.001, data: 0.001) , D_A: 0.188, G_A: 1.050, cycle_A: 0.234, D_B: 0.176, G_B: 0.977, cycle_B: 0.219, gp: 0.172

[Rank 0] (epoch: 12, iters: 20672, time: 0.001, data: 0.001) , D_A: 0.114, G_A: 1.093, cycle_A: 0.243, D_B: 0.212, G_B: 1.004, cycle_B: 0.223, gp: 0.208

[Rank 0] (epoch: 12, iters: 22272, time: 0.001, data: 0.001) , D_A: 0.200, G_A: 1.099, cycle_A: 0.223, D_B: 0.232, G_B: 0.982, cycle_B: 0.255, gp: 0.229

[Rank 0] (epoch: 12, iters: 23872, time: 0.001, data: 0.001) , D_A: 0.206, G_A: 1.009, cycle_A: 0.230, D_B: 0.241, G_B: 1.008, cycle_B: 0.214, gp: 0.237

[Rank 0] (epoch: 12, iters: 25472, time: 0.001, data: 0.001) , D_A: 0.622, G_A: 0.899, cycle_A: 0.232, D_B: 0.178, G_B: 0.948, cycle_B: 0.223, gp: 0.176

[Rank 0] (epoch: 12, iters: 27072, time: 0.001, data: 0.001) , D_A: 0.172, G_A: 0.996, cycle_A: 0.224, D_B: 0.220, G_B: 1.015, cycle_B: 0.219, gp: 0.217

[Rank 0] (epoch: 12, iters: 28672, time: 0.001, data: 0.001) , D_A: 0.225, G_A: 1.042, cycle_A: 0.237, D_B: 0.178, G_B: 0.995, cycle_B: 0.212, gp: 0.175

[Rank 0] (epoch: 12, iters: 30272, time: 0.001, data: 0.001) , D_A: 0.239, G_A: 1.107, cycle_A: 0.234, D_B: 0.167, G_B: 0.964, cycle_B: 0.219, gp: 0.163

[Rank 0] (epoch: 12, iters: 31872, time: 0.001, data: 0.001) , D_A: 0.246, G_A: 1.014, cycle_A: 0.219, D_B: 0.210, G_B: 1.034, cycle_B: 0.229, gp: 0.206

[Rank 0] (epoch: 12, iters: 33472, time: 0.001, data: 0.001) , D_A: 0.264, G_A: 1.101, cycle_A: 0.231, D_B: 0.179, G_B: 0.988, cycle_B: 0.208, gp: 0.176

--- iter tau=0.3484 ---
  cipher in : nism is both doctrinally and in practice antithetical to these c
  decrypted : godt od zsia bsiicognttd ngb og rcniioie ngioiaeioint is iaede i
  real plain: ut as he remarks in his preface to the walnut trees a novel can 
  cipher in : who will live at gaston after a wedding trip to new orleans la t
  decrypted : das dott tooe ni fndisg nuiec n debbogf icor is ged sctengd tn i
  real plain: ding at the spring session of the state legislature this might b
[Rank 0] (epoch: 12, iters: 35072, time: 0.001, data: 0.001) , D_A: 0.295, G_A: 0.771, cycle_A: 0.226, D_B: 0.171, G_B: 0.959, cycle_B: 0.225, gp: 0.168

saving the latest model (epoch 12, total_iters 480000)
[Rank 0] (epoch: 12, iters: 36672, time: 0.001, data: 0.001) , D_A: 0.188, G_A: 0.968, cycle_A: 0.224, D_B: 0.181, G_B: 0.953, cycle_B: 0.223, gp: 0.177

[Rank 0] (epoch: 12, iters: 38272, time: 0.001, data: 0.001) , D_A: 0.291, G_A: 1.072, cycle_A: 0.243, D_B: 0.228, G_B: 1.012, cycle_B: 0.223, gp: 0.225

[Rank 0] (epoch: 12, iters: 39872, time: 0.001, data: 0.001) , D_A: 0.182, G_A: 0.920, cycle_A: 0.230, D_B: 0.211, G_B: 0.975, cycle_B: 0.218, gp: 0.209

learning rate 0.0002000 -> 0.0002000
temperature tau = 0.3371
End of epoch 12 / 50 	 Time Taken: 33 sec
[Rank 0] (epoch: 13, iters: 1024, time: 0.001, data: 0.001) , D_A: 0.180, G_A: 1.138, cycle_A: 0.231, D_B: 0.176, G_B: 0.959, cycle_B: 0.245, gp: 0.174

[Rank 0] (epoch: 13, iters: 2624, time: 0.001, data: 0.001) , D_A: 0.281, G_A: 1.099, cycle_A: 0.233, D_B: 0.133, G_B: 1.005, cycle_B: 0.215, gp: 0.131

[Rank 0] (epoch: 13, iters: 4224, time: 0.001, data: 0.001) , D_A: 0.116, G_A: 1.022, cycle_A: 0.250, D_B: 0.233, G_B: 1.009, cycle_B: 0.211, gp: 0.231

[Rank 0] (epoch: 13, iters: 5824, time: 0.001, data: 0.001) , D_A: 0.231, G_A: 1.018, cycle_A: 0.235, D_B: 0.243, G_B: 0.952, cycle_B: 0.211, gp: 0.239

[Rank 0] (epoch: 13, iters: 7424, time: 0.001, data: 0.001) , D_A: 0.155, G_A: 1.066, cycle_A: 0.233, D_B: 0.232, G_B: 0.972, cycle_B: 0.208, gp: 0.229

[Rank 0] (epoch: 13, iters: 9024, time: 0.001, data: 0.001) , D_A: 0.177, G_A: 1.044, cycle_A: 0.218, D_B: 0.239, G_B: 0.955, cycle_B: 0.213, gp: 0.236

[Rank 0] (epoch: 13, iters: 10624, time: 0.001, data: 0.001) , D_A: 0.239, G_A: 0.867, cycle_A: 0.235, D_B: 0.223, G_B: 0.967, cycle_B: 0.207, gp: 0.220

[Rank 0] (epoch: 13, iters: 12224, time: 0.001, data: 0.001) , D_A: 0.207, G_A: 1.128, cycle_A: 0.239, D_B: 0.233, G_B: 0.960, cycle_B: 0.203, gp: 0.231

[Rank 0] (epoch: 13, iters: 13824, time: 0.001, data: 0.001) , D_A: 0.217, G_A: 1.012, cycle_A: 0.242, D_B: 0.315, G_B: 0.872, cycle_B: 0.208, gp: 0.275

[Rank 0] (epoch: 13, iters: 15424, time: 0.001, data: 0.001) , D_A: 0.164, G_A: 0.966, cycle_A: 0.233, D_B: 0.259, G_B: 0.965, cycle_B: 0.209, gp: 0.255

[Rank 0] (epoch: 13, iters: 17024, time: 0.001, data: 0.001) , D_A: 0.286, G_A: 0.928, cycle_A: 0.231, D_B: 0.129, G_B: 1.001, cycle_B: 0.206, gp: 0.124

[Rank 0] (epoch: 13, iters: 18624, time: 0.001, data: 0.001) , D_A: 0.183, G_A: 0.960, cycle_A: 0.218, D_B: 0.161, G_B: 0.988, cycle_B: 0.215, gp: 0.159

[Rank 0] (epoch: 13, iters: 20224, time: 0.001, data: 0.001) , D_A: 0.230, G_A: 1.024, cycle_A: 0.252, D_B: 0.138, G_B: 0.993, cycle_B: 0.214, gp: 0.136

[Rank 0] (epoch: 13, iters: 21824, time: 0.001, data: 0.001) , D_A: 0.162, G_A: 0.964, cycle_A: 0.220, D_B: 0.187, G_B: 1.002, cycle_B: 0.206, gp: 0.185

[Rank 0] (epoch: 13, iters: 23424, time: 0.001, data: 0.001) , D_A: 0.124, G_A: 0.935, cycle_A: 0.219, D_B: 0.208, G_B: 0.993, cycle_B: 0.218, gp: 0.204

[Rank 0] (epoch: 13, iters: 25024, time: 0.001, data: 0.001) , D_A: 0.117, G_A: 1.024, cycle_A: 0.223, D_B: 0.207, G_B: 0.976, cycle_B: 0.221, gp: 0.204

[Rank 0] (epoch: 13, iters: 26624, time: 0.001, data: 0.001) , D_A: 0.187, G_A: 0.892, cycle_A: 0.239, D_B: 0.174, G_B: 0.957, cycle_B: 0.204, gp: 0.172

[Rank 0] (epoch: 13, iters: 28224, time: 0.001, data: 0.001) , D_A: 0.218, G_A: 1.089, cycle_A: 0.227, D_B: 0.265, G_B: 0.955, cycle_B: 0.212, gp: 0.262

[Rank 0] (epoch: 13, iters: 29824, time: 0.001, data: 0.001) , D_A: 0.229, G_A: 0.956, cycle_A: 0.239, D_B: 0.172, G_B: 1.000, cycle_B: 0.213, gp: 0.168

[Rank 0] (epoch: 13, iters: 31424, time: 0.001, data: 0.001) , D_A: 0.223, G_A: 0.963, cycle_A: 0.219, D_B: 0.318, G_B: 1.042, cycle_B: 0.206, gp: 0.315

[Rank 0] (epoch: 13, iters: 33024, time: 0.001, data: 0.001) , D_A: 0.123, G_A: 1.054, cycle_A: 0.232, D_B: 0.198, G_B: 1.013, cycle_B: 0.231, gp: 0.195

--- iter tau=0.3371 ---
  cipher in : der one always wakes up even from ones own dreams the clammy air
  decrypted : bec sge ntdndd dnfed hr eoeg ucst sged sdg bcentd iae itnttd noc
  real plain: ct here from technological progress and assume that prices of al
  cipher in : has assumed as its primary commitment a dedication to excellence
  decrypted : and nddhteb nd oid rcotncd isttoitegi n beboiniosg is eaiettegie
  real plain: e study of ideas in literature would be woefully incomplete with
[Rank 0] (epoch: 13, iters: 34624, time: 0.001, data: 0.001) , D_A: 0.172, G_A: 1.011, cycle_A: 0.246, D_B: 0.088, G_B: 1.000, cycle_B: 0.214, gp: 0.085

saving the latest model (epoch 13, total_iters 520000)
[Rank 0] (epoch: 13, iters: 36224, time: 0.001, data: 0.001) , D_A: 0.266, G_A: 1.026, cycle_A: 0.229, D_B: 0.188, G_B: 0.958, cycle_B: 0.210, gp: 0.186

[Rank 0] (epoch: 13, iters: 37824, time: 0.001, data: 0.001) , D_A: 0.117, G_A: 1.054, cycle_A: 0.241, D_B: 0.235, G_B: 0.962, cycle_B: 0.206, gp: 0.232

[Rank 0] (epoch: 13, iters: 39424, time: 0.001, data: 0.001) , D_A: 0.182, G_A: 0.938, cycle_A: 0.221, D_B: 0.298, G_B: 0.991, cycle_B: 0.219, gp: 0.295

learning rate 0.0002000 -> 0.0002000
temperature tau = 0.3262
End of epoch 13 / 50 	 Time Taken: 34 sec
[Rank 0] (epoch: 14, iters: 576, time: 0.001, data: 0.001) , D_A: 0.206, G_A: 1.015, cycle_A: 0.224, D_B: 0.190, G_B: 0.995, cycle_B: 0.215, gp: 0.187

[Rank 0] (epoch: 14, iters: 2176, time: 0.001, data: 0.000) , D_A: 0.238, G_A: 1.048, cycle_A: 0.234, D_B: 0.161, G_B: 0.995, cycle_B: 0.209, gp: 0.159

[Rank 0] (epoch: 14, iters: 3776, time: 0.001, data: 0.001) , D_A: 0.210, G_A: 0.948, cycle_A: 0.220, D_B: 0.257, G_B: 0.986, cycle_B: 0.225, gp: 0.254

[Rank 0] (epoch: 14, iters: 5376, time: 0.001, data: 0.001) , D_A: 0.183, G_A: 1.172, cycle_A: 0.245, D_B: 0.306, G_B: 1.006, cycle_B: 0.238, gp: 0.302

[Rank 0] (epoch: 14, iters: 6976, time: 0.001, data: 0.001) , D_A: 0.201, G_A: 0.969, cycle_A: 0.236, D_B: 0.222, G_B: 1.029, cycle_B: 0.214, gp: 0.220

[Rank 0] (epoch: 14, iters: 8576, time: 0.001, data: 0.001) , D_A: 0.192, G_A: 1.031, cycle_A: 0.240, D_B: 0.261, G_B: 0.987, cycle_B: 0.229, gp: 0.258

[Rank 0] (epoch: 14, iters: 10176, time: 0.001, data: 0.001) , D_A: 0.234, G_A: 1.011, cycle_A: 0.239, D_B: 0.230, G_B: 0.967, cycle_B: 0.203, gp: 0.228

[Rank 0] (epoch: 14, iters: 11776, time: 0.001, data: 0.001) , D_A: 0.212, G_A: 0.970, cycle_A: 0.237, D_B: 0.319, G_B: 1.040, cycle_B: 0.206, gp: 0.317

[Rank 0] (epoch: 14, iters: 13376, time: 0.001, data: 0.001) , D_A: 0.504, G_A: 0.813, cycle_A: 1.499, D_B: 0.353, G_B: 0.342, cycle_B: 1.397, gp: 0.293

[Rank 0] (epoch: 14, iters: 14976, time: 0.001, data: 0.001) , D_A: 0.267, G_A: 1.067, cycle_A: 0.553, D_B: 0.277, G_B: 0.939, cycle_B: 0.441, gp: 0.268

[Rank 0] (epoch: 14, iters: 16576, time: 0.001, data: 0.001) , D_A: 0.324, G_A: 0.883, cycle_A: 0.291, D_B: 0.358, G_B: 0.891, cycle_B: 0.238, gp: 0.348

[Rank 0] (epoch: 14, iters: 18176, time: 0.001, data: 0.001) , D_A: 0.366, G_A: 0.850, cycle_A: 0.143, D_B: 0.237, G_B: 0.970, cycle_B: 0.196, gp: 0.231

[Rank 0] (epoch: 14, iters: 19776, time: 0.001, data: 0.001) , D_A: 0.331, G_A: 1.025, cycle_A: 0.128, D_B: 0.274, G_B: 1.004, cycle_B: 0.170, gp: 0.270

[Rank 0] (epoch: 14, iters: 21376, time: 0.001, data: 0.001) , D_A: 0.261, G_A: 1.129, cycle_A: 0.124, D_B: 0.298, G_B: 0.975, cycle_B: 0.164, gp: 0.292

[Rank 0] (epoch: 14, iters: 22976, time: 0.001, data: 0.001) , D_A: 0.312, G_A: 0.951, cycle_A: 0.119, D_B: 0.313, G_B: 1.003, cycle_B: 0.162, gp: 0.305

[Rank 0] (epoch: 14, iters: 24576, time: 0.001, data: 0.001) , D_A: 0.322, G_A: 1.141, cycle_A: 0.116, D_B: 0.249, G_B: 0.963, cycle_B: 0.185, gp: 0.245

[Rank 0] (epoch: 14, iters: 26176, time: 0.001, data: 0.001) , D_A: 0.239, G_A: 0.934, cycle_A: 0.202, D_B: 0.245, G_B: 0.983, cycle_B: 0.244, gp: 0.235

[Rank 0] (epoch: 14, iters: 27776, time: 0.001, data: 0.001) , D_A: 0.306, G_A: 0.968, cycle_A: 0.124, D_B: 0.329, G_B: 0.960, cycle_B: 0.126, gp: 0.325

[Rank 0] (epoch: 14, iters: 29376, time: 0.001, data: 0.001) , D_A: 0.257, G_A: 0.978, cycle_A: 0.113, D_B: 0.270, G_B: 0.969, cycle_B: 0.105, gp: 0.265

[Rank 0] (epoch: 14, iters: 30976, time: 0.001, data: 0.001) , D_A: 0.257, G_A: 1.030, cycle_A: 0.118, D_B: 0.349, G_B: 0.987, cycle_B: 0.113, gp: 0.342

[Rank 0] (epoch: 14, iters: 32576, time: 0.001, data: 0.001) , D_A: 0.301, G_A: 0.980, cycle_A: 0.117, D_B: 0.315, G_B: 0.991, cycle_B: 0.115, gp: 0.310

--- iter tau=0.3262 ---
  cipher in :  of the word rustler was as a synonym for hustler becomin an est
  decrypted :  su iae tscl cvdibec tnd nd n dkpspkb usc avdibec tehsbop np edi
  real plain:  examine the three types of change from the point of view of the
  cipher in :  well why dont you say something penny would not rise to his moo
  decrypted :  tebb tak lspi ksv dnk dsbeiaopf reppk tsvbl psi code is aod bss
  real plain: ment for as yet undisclosed sins we were almost the same age she
[Rank 0] (epoch: 14, iters: 34176, time: 0.001, data: 0.001) , D_A: 0.314, G_A: 0.942, cycle_A: 0.116, D_B: 0.298, G_B: 1.002, cycle_B: 0.105, gp: 0.294

saving the latest model (epoch 14, total_iters 560000)
[Rank 0] (epoch: 14, iters: 35776, time: 0.001, data: 0.001) , D_A: 0.263, G_A: 0.858, cycle_A: 0.107, D_B: 0.333, G_B: 0.977, cycle_B: 0.112, gp: 0.330

[Rank 0] (epoch: 14, iters: 37376, time: 0.001, data: 0.001) , D_A: 0.246, G_A: 1.030, cycle_A: 0.111, D_B: 0.285, G_B: 0.991, cycle_B: 0.109, gp: 0.281

[Rank 0] (epoch: 14, iters: 38976, time: 0.001, data: 0.001) , D_A: 0.258, G_A: 0.938, cycle_A: 0.115, D_B: 0.309, G_B: 0.965, cycle_B: 0.105, gp: 0.305

learning rate 0.0002000 -> 0.0002000
temperature tau = 0.3157
End of epoch 14 / 50 	 Time Taken: 37 sec
[Rank 0] (epoch: 15, iters: 128, time: 0.001, data: 0.001) , D_A: 0.206, G_A: 1.017, cycle_A: 0.119, D_B: 0.350, G_B: 0.995, cycle_B: 0.118, gp: 0.345

[Rank 0] (epoch: 15, iters: 1728, time: 0.001, data: 0.002) , D_A: 0.197, G_A: 0.973, cycle_A: 0.127, D_B: 0.232, G_B: 0.960, cycle_B: 0.109, gp: 0.227

[Rank 0] (epoch: 15, iters: 3328, time: 0.001, data: 0.001) , D_A: 0.202, G_A: 0.963, cycle_A: 0.119, D_B: 0.243, G_B: 0.990, cycle_B: 0.107, gp: 0.240

[Rank 0] (epoch: 15, iters: 4928, time: 0.001, data: 0.001) , D_A: 0.221, G_A: 1.025, cycle_A: 0.118, D_B: 0.333, G_B: 1.095, cycle_B: 0.108, gp: 0.326

[Rank 0] (epoch: 15, iters: 6528, time: 0.001, data: 0.001) , D_A: 0.219, G_A: 0.966, cycle_A: 0.105, D_B: 0.340, G_B: 0.977, cycle_B: 0.103, gp: 0.336

[Rank 0] (epoch: 15, iters: 8128, time: 0.001, data: 0.001) , D_A: 0.216, G_A: 0.989, cycle_A: 0.125, D_B: 0.315, G_B: 1.000, cycle_B: 0.094, gp: 0.309

[Rank 0] (epoch: 15, iters: 9728, time: 0.001, data: 0.001) , D_A: 0.159, G_A: 1.000, cycle_A: 0.121, D_B: 0.368, G_B: 1.014, cycle_B: 0.104, gp: 0.365

[Rank 0] (epoch: 15, iters: 11328, time: 0.001, data: 0.001) , D_A: 0.217, G_A: 0.931, cycle_A: 0.104, D_B: 0.348, G_B: 1.004, cycle_B: 0.110, gp: 0.344

[Rank 0] (epoch: 15, iters: 12928, time: 0.001, data: 0.001) , D_A: 0.239, G_A: 0.966, cycle_A: 0.126, D_B: 0.272, G_B: 1.009, cycle_B: 0.107, gp: 0.267

[Rank 0] (epoch: 15, iters: 14528, time: 0.001, data: 0.001) , D_A: 0.175, G_A: 0.979, cycle_A: 0.118, D_B: 0.279, G_B: 1.015, cycle_B: 0.110, gp: 0.274

[Rank 0] (epoch: 15, iters: 16128, time: 0.001, data: 0.001) , D_A: 0.218, G_A: 1.057, cycle_A: 0.111, D_B: 0.302, G_B: 1.010, cycle_B: 0.102, gp: 0.294

[Rank 0] (epoch: 15, iters: 17728, time: 0.001, data: 0.001) , D_A: 0.302, G_A: 0.885, cycle_A: 0.113, D_B: 0.193, G_B: 0.989, cycle_B: 0.103, gp: 0.190

[Rank 0] (epoch: 15, iters: 19328, time: 0.001, data: 0.001) , D_A: 0.240, G_A: 1.106, cycle_A: 0.128, D_B: 0.238, G_B: 0.975, cycle_B: 0.106, gp: 0.233

[Rank 0] (epoch: 15, iters: 20928, time: 0.001, data: 0.001) , D_A: 0.172, G_A: 0.986, cycle_A: 0.121, D_B: 0.250, G_B: 1.015, cycle_B: 0.109, gp: 0.246

[Rank 0] (epoch: 15, iters: 22528, time: 0.001, data: 0.001) , D_A: 0.250, G_A: 0.958, cycle_A: 0.123, D_B: 0.321, G_B: 1.004, cycle_B: 0.102, gp: 0.316

[Rank 0] (epoch: 15, iters: 24128, time: 0.001, data: 0.001) , D_A: 0.197, G_A: 0.974, cycle_A: 0.117, D_B: 0.293, G_B: 0.979, cycle_B: 0.105, gp: 0.289

[Rank 0] (epoch: 15, iters: 25728, time: 0.001, data: 0.002) , D_A: 0.151, G_A: 1.006, cycle_A: 0.126, D_B: 0.322, G_B: 0.962, cycle_B: 0.104, gp: 0.319

[Rank 0] (epoch: 15, iters: 27328, time: 0.001, data: 0.001) , D_A: 0.243, G_A: 0.549, cycle_A: 0.124, D_B: 0.161, G_B: 1.018, cycle_B: 0.106, gp: 0.157

[Rank 0] (epoch: 15, iters: 28928, time: 0.001, data: 0.001) , D_A: 0.222, G_A: 1.002, cycle_A: 0.126, D_B: 0.229, G_B: 0.992, cycle_B: 0.109, gp: 0.226

[Rank 0] (epoch: 15, iters: 30528, time: 0.001, data: 0.001) , D_A: 0.241, G_A: 0.987, cycle_A: 0.114, D_B: 0.313, G_B: 0.995, cycle_B: 0.102, gp: 0.309

[Rank 0] (epoch: 15, iters: 32128, time: 0.001, data: 0.001) , D_A: 0.225, G_A: 0.963, cycle_A: 0.117, D_B: 0.244, G_B: 0.971, cycle_B: 0.108, gp: 0.240

--- iter tau=0.3157 ---
  cipher in : originated that it was bad luck for a crew chief to watch his pl
  decrypted : scofogniel iani oi tnd tnl bjhf usc n hcet haoeu is tniha aod rb
  real plain: iberalism was above all a liberalism of the spirit a deep feelin
  cipher in : s who are serious about their work are likely to know the intere
  decrypted : d tas nce decosjd ntsji iaeoc tscf nce bofebk is fgst iae ogiece
  real plain: an they do in looking for the criminal frequently enough the pol
[Rank 0] (epoch: 15, iters: 33728, time: 0.001, data: 0.001) , D_A: 0.133, G_A: 1.067, cycle_A: 0.110, D_B: 0.304, G_B: 1.002, cycle_B: 0.103, gp: 0.299

saving the latest model (epoch 15, total_iters 600000)
[Rank 0] (epoch: 15, iters: 35328, time: 0.001, data: 0.001) , D_A: 0.236, G_A: 1.010, cycle_A: 0.109, D_B: 0.312, G_B: 1.000, cycle_B: 0.108, gp: 0.309

[Rank 0] (epoch: 15, iters: 36928, time: 0.001, data: 0.001) , D_A: 0.153, G_A: 1.063, cycle_A: 0.121, D_B: 0.266, G_B: 0.999, cycle_B: 0.113, gp: 0.263

[Rank 0] (epoch: 15, iters: 38528, time: 0.001, data: 0.001) , D_A: 0.272, G_A: 0.924, cycle_A: 0.116, D_B: 0.300, G_B: 0.981, cycle_B: 0.112, gp: 0.296

[Rank 0] (epoch: 15, iters: 40128, time: 0.001, data: 0.001) , D_A: 0.149, G_A: 0.954, cycle_A: 0.107, D_B: 0.269, G_B: 0.992, cycle_B: 0.097, gp: 0.265

learning rate 0.0002000 -> 0.0002000
temperature tau = 0.3055
End of epoch 15 / 50 	 Time Taken: 37 sec
[Rank 0] (epoch: 16, iters: 1280, time: 0.001, data: 0.001) , D_A: 0.213, G_A: 0.935, cycle_A: 0.111, D_B: 0.381, G_B: 1.024, cycle_B: 0.102, gp: 0.376

[Rank 0] (epoch: 16, iters: 2880, time: 0.001, data: 0.001) , D_A: 0.250, G_A: 0.864, cycle_A: 0.107, D_B: 0.262, G_B: 0.990, cycle_B: 0.110, gp: 0.259

[Rank 0] (epoch: 16, iters: 4480, time: 0.001, data: 0.001) , D_A: 0.189, G_A: 1.075, cycle_A: 0.115, D_B: 0.326, G_B: 1.047, cycle_B: 0.111, gp: 0.321

[Rank 0] (epoch: 16, iters: 6080, time: 0.001, data: 0.001) , D_A: 0.196, G_A: 1.038, cycle_A: 0.114, D_B: 0.233, G_B: 0.975, cycle_B: 0.104, gp: 0.229

[Rank 0] (epoch: 16, iters: 7680, time: 0.001, data: 0.001) , D_A: 0.227, G_A: 0.927, cycle_A: 0.123, D_B: 0.325, G_B: 1.027, cycle_B: 0.106, gp: 0.320

[Rank 0] (epoch: 16, iters: 9280, time: 0.001, data: 0.001) , D_A: 0.150, G_A: 1.003, cycle_A: 0.129, D_B: 0.200, G_B: 1.002, cycle_B: 0.110, gp: 0.197

[Rank 0] (epoch: 16, iters: 10880, time: 0.001, data: 0.001) , D_A: 0.213, G_A: 1.000, cycle_A: 0.118, D_B: 0.327, G_B: 0.936, cycle_B: 0.106, gp: 0.324

[Rank 0] (epoch: 16, iters: 12480, time: 0.001, data: 0.001) , D_A: 0.177, G_A: 0.956, cycle_A: 0.118, D_B: 0.254, G_B: 1.014, cycle_B: 0.095, gp: 0.251

[Rank 0] (epoch: 16, iters: 14080, time: 0.001, data: 0.001) , D_A: 0.268, G_A: 0.963, cycle_A: 0.110, D_B: 0.200, G_B: 1.028, cycle_B: 0.106, gp: 0.195

[Rank 0] (epoch: 16, iters: 15680, time: 0.001, data: 0.001) , D_A: 0.188, G_A: 0.959, cycle_A: 0.104, D_B: 0.413, G_B: 0.940, cycle_B: 0.102, gp: 0.409

[Rank 0] (epoch: 16, iters: 17280, time: 0.001, data: 0.001) , D_A: 0.211, G_A: 0.963, cycle_A: 0.106, D_B: 0.222, G_B: 0.976, cycle_B: 0.098, gp: 0.220

[Rank 0] (epoch: 16, iters: 18880, time: 0.001, data: 0.001) , D_A: 0.188, G_A: 0.920, cycle_A: 0.107, D_B: 0.152, G_B: 0.973, cycle_B: 0.094, gp: 0.149

[Rank 0] (epoch: 16, iters: 20480, time: 0.001, data: 0.001) , D_A: 0.189, G_A: 0.985, cycle_A: 0.120, D_B: 0.277, G_B: 0.998, cycle_B: 0.110, gp: 0.273

[Rank 0] (epoch: 16, iters: 22080, time: 0.001, data: 0.001) , D_A: 0.255, G_A: 0.953, cycle_A: 0.127, D_B: 0.225, G_B: 0.972, cycle_B: 0.102, gp: 0.222

[Rank 0] (epoch: 16, iters: 23680, time: 0.001, data: 0.001) , D_A: 0.171, G_A: 1.032, cycle_A: 0.107, D_B: 0.257, G_B: 0.996, cycle_B: 0.100, gp: 0.253

[Rank 0] (epoch: 16, iters: 25280, time: 0.001, data: 0.001) , D_A: 0.261, G_A: 1.002, cycle_A: 0.110, D_B: 0.279, G_B: 0.969, cycle_B: 0.128, gp: 0.276

[Rank 0] (epoch: 16, iters: 26880, time: 0.001, data: 0.001) , D_A: 0.254, G_A: 0.891, cycle_A: 0.111, D_B: 0.232, G_B: 1.028, cycle_B: 0.109, gp: 0.228

[Rank 0] (epoch: 16, iters: 28480, time: 0.001, data: 0.001) , D_A: 0.202, G_A: 1.025, cycle_A: 0.117, D_B: 0.319, G_B: 1.016, cycle_B: 0.107, gp: 0.316

[Rank 0] (epoch: 16, iters: 30080, time: 0.001, data: 0.001) , D_A: 0.188, G_A: 1.024, cycle_A: 0.125, D_B: 0.295, G_B: 1.026, cycle_B: 0.107, gp: 0.290

[Rank 0] (epoch: 16, iters: 31680, time: 0.001, data: 0.001) , D_A: 0.215, G_A: 0.952, cycle_A: 0.116, D_B: 0.278, G_B: 1.023, cycle_B: 0.101, gp: 0.275

--- iter tau=0.3055 ---
  cipher in : daining the gloom they saw in the faces around them they came ou
  decrypted : lnogogf iae fbssb iaek dnt og iae unhed ncsvgl iaeb iaek hnbe sv
  real plain: er generation of clerks like hotham and they were working for an
  cipher in : icials it was not necessary to conduct the elections so as to pr
  decrypted : ohonbd oi tnd gsi geheddnck is hsglvhi iae ebehiosgd ds nd is rc
  real plain: hing to me as long as i had no measure of comparison i had for s
[Rank 0] (epoch: 16, iters: 33280, time: 0.001, data: 0.001) , D_A: 0.225, G_A: 1.015, cycle_A: 0.118, D_B: 0.389, G_B: 1.031, cycle_B: 0.096, gp: 0.386

saving the latest model (epoch 16, total_iters 640000)
[Rank 0] (epoch: 16, iters: 34880, time: 0.001, data: 0.001) , D_A: 0.315, G_A: 1.042, cycle_A: 0.103, D_B: 0.225, G_B: 0.965, cycle_B: 0.108, gp: 0.222

[Rank 0] (epoch: 16, iters: 36480, time: 0.001, data: 0.001) , D_A: 0.197, G_A: 1.149, cycle_A: 0.115, D_B: 0.286, G_B: 1.008, cycle_B: 0.117, gp: 0.282

[Rank 0] (epoch: 16, iters: 38080, time: 0.001, data: 0.001) , D_A: 0.263, G_A: 1.110, cycle_A: 0.106, D_B: 0.207, G_B: 1.012, cycle_B: 0.110, gp: 0.204

[Rank 0] (epoch: 16, iters: 39680, time: 0.001, data: 0.001) , D_A: 0.191, G_A: 0.989, cycle_A: 0.115, D_B: 0.331, G_B: 0.998, cycle_B: 0.105, gp: 0.328

learning rate 0.0002000 -> 0.0002000
temperature tau = 0.2956
End of epoch 16 / 50 	 Time Taken: 32 sec
[Rank 0] (epoch: 17, iters: 832, time: 0.001, data: 0.000) , D_A: 0.147, G_A: 1.051, cycle_A: 0.106, D_B: 0.355, G_B: 0.977, cycle_B: 0.100, gp: 0.352

[Rank 0] (epoch: 17, iters: 2432, time: 0.001, data: 0.000) , D_A: 0.329, G_A: 0.991, cycle_A: 0.110, D_B: 0.218, G_B: 0.975, cycle_B: 0.108, gp: 0.214

[Rank 0] (epoch: 17, iters: 4032, time: 0.001, data: 0.001) , D_A: 0.236, G_A: 1.032, cycle_A: 0.126, D_B: 0.260, G_B: 0.987, cycle_B: 0.110, gp: 0.257

[Rank 0] (epoch: 17, iters: 5632, time: 0.001, data: 0.001) , D_A: 0.197, G_A: 1.019, cycle_A: 0.113, D_B: 0.294, G_B: 1.020, cycle_B: 0.113, gp: 0.291

[Rank 0] (epoch: 17, iters: 7232, time: 0.001, data: 0.001) , D_A: 0.211, G_A: 0.936, cycle_A: 0.115, D_B: 0.364, G_B: 0.989, cycle_B: 0.108, gp: 0.361

[Rank 0] (epoch: 17, iters: 8832, time: 0.001, data: 0.001) , D_A: 0.305, G_A: 1.012, cycle_A: 0.108, D_B: 0.225, G_B: 0.991, cycle_B: 0.112, gp: 0.222

[Rank 0] (epoch: 17, iters: 10432, time: 0.001, data: 0.001) , D_A: 0.291, G_A: 0.979, cycle_A: 0.123, D_B: 0.233, G_B: 1.026, cycle_B: 0.098, gp: 0.230

[Rank 0] (epoch: 17, iters: 12032, time: 0.001, data: 0.001) , D_A: 0.191, G_A: 1.019, cycle_A: 0.120, D_B: 0.245, G_B: 0.964, cycle_B: 0.099, gp: 0.242

[Rank 0] (epoch: 17, iters: 13632, time: 0.001, data: 0.001) , D_A: 0.225, G_A: 1.005, cycle_A: 0.121, D_B: 0.202, G_B: 0.969, cycle_B: 0.105, gp: 0.198

[Rank 0] (epoch: 17, iters: 15232, time: 0.001, data: 0.001) , D_A: 0.204, G_A: 1.049, cycle_A: 0.130, D_B: 0.222, G_B: 0.996, cycle_B: 0.106, gp: 0.218

[Rank 0] (epoch: 17, iters: 16832, time: 0.001, data: 0.001) , D_A: 0.187, G_A: 0.940, cycle_A: 0.114, D_B: 0.172, G_B: 0.962, cycle_B: 0.103, gp: 0.167

[Rank 0] (epoch: 17, iters: 18432, time: 0.001, data: 0.001) , D_A: 0.257, G_A: 1.067, cycle_A: 0.107, D_B: 0.267, G_B: 0.994, cycle_B: 0.095, gp: 0.264

[Rank 0] (epoch: 17, iters: 20032, time: 0.001, data: 0.001) , D_A: 0.255, G_A: 1.002, cycle_A: 0.114, D_B: 0.238, G_B: 1.024, cycle_B: 0.113, gp: 0.235

[Rank 0] (epoch: 17, iters: 21632, time: 0.001, data: 0.001) , D_A: 0.125, G_A: 0.911, cycle_A: 0.114, D_B: 0.182, G_B: 1.003, cycle_B: 0.108, gp: 0.178

[Rank 0] (epoch: 17, iters: 23232, time: 0.001, data: 0.001) , D_A: 0.167, G_A: 1.038, cycle_A: 0.123, D_B: 0.190, G_B: 0.985, cycle_B: 0.109, gp: 0.187

[Rank 0] (epoch: 17, iters: 24832, time: 0.001, data: 0.001) , D_A: 0.153, G_A: 0.974, cycle_A: 0.108, D_B: 0.165, G_B: 0.952, cycle_B: 0.110, gp: 0.162

[Rank 0] (epoch: 17, iters: 26432, time: 0.001, data: 0.001) , D_A: 0.209, G_A: 1.059, cycle_A: 0.114, D_B: 0.301, G_B: 1.068, cycle_B: 0.104, gp: 0.292

[Rank 0] (epoch: 17, iters: 28032, time: 0.001, data: 0.001) , D_A: 0.180, G_A: 0.895, cycle_A: 0.122, D_B: 0.257, G_B: 1.005, cycle_B: 0.109, gp: 0.254

[Rank 0] (epoch: 17, iters: 29632, time: 0.001, data: 0.001) , D_A: 0.213, G_A: 1.042, cycle_A: 0.114, D_B: 0.229, G_B: 1.039, cycle_B: 0.103, gp: 0.226

[Rank 0] (epoch: 17, iters: 31232, time: 0.001, data: 0.001) , D_A: 0.073, G_A: 1.027, cycle_A: 0.117, D_B: 0.345, G_B: 1.014, cycle_B: 0.116, gp: 0.341

--- iter tau=0.2956 ---
  cipher in : r the system however when labor disputes arise its provisions co
  decrypted : y iae dkdieb asteoey taeg bntsy lodrjied nyode oid rysoodosgd hs
  real plain: er generation of clerks like hotham and they were working for an
  cipher in : ncessions in assigning work for older or disabled employees medi
  decrypted : gheddosgd og nddofgogf tsyf usy sbley sy lodntbel ebrbskeed belo
  real plain: hing to me as long as i had no measure of comparison i had for s
[Rank 0] (epoch: 17, iters: 32832, time: 0.001, data: 0.001) , D_A: 0.281, G_A: 0.787, cycle_A: 0.119, D_B: 0.210, G_B: 0.971, cycle_B: 0.104, gp: 0.206

saving the latest model (epoch 17, total_iters 680000)
[Rank 0] (epoch: 17, iters: 34432, time: 0.001, data: 0.001) , D_A: 0.209, G_A: 1.086, cycle_A: 0.119, D_B: 0.247, G_B: 0.977, cycle_B: 0.106, gp: 0.245

[Rank 0] (epoch: 17, iters: 36032, time: 0.001, data: 0.001) , D_A: 0.126, G_A: 0.978, cycle_A: 0.109, D_B: 0.271, G_B: 1.004, cycle_B: 0.114, gp: 0.268

[Rank 0] (epoch: 17, iters: 37632, time: 0.001, data: 0.001) , D_A: 0.224, G_A: 0.915, cycle_A: 0.107, D_B: 0.319, G_B: 0.973, cycle_B: 0.110, gp: 0.316

[Rank 0] (epoch: 17, iters: 39232, time: 0.001, data: 0.001) , D_A: 0.190, G_A: 0.982, cycle_A: 0.113, D_B: 0.178, G_B: 1.075, cycle_B: 0.105, gp: 0.171

learning rate 0.0002000 -> 0.0002000
temperature tau = 0.2861
End of epoch 17 / 50 	 Time Taken: 33 sec
[Rank 0] (epoch: 18, iters: 384, time: 0.001, data: 0.001) , D_A: 0.158, G_A: 0.995, cycle_A: 0.111, D_B: 0.219, G_B: 0.986, cycle_B: 0.107, gp: 0.216

[Rank 0] (epoch: 18, iters: 1984, time: 0.001, data: 0.001) , D_A: 0.156, G_A: 0.980, cycle_A: 0.506, D_B: 0.298, G_B: 1.271, cycle_B: 0.116, gp: 0.265

[Rank 0] (epoch: 18, iters: 3584, time: 0.001, data: 0.001) , D_A: 0.196, G_A: 1.072, cycle_A: 0.114, D_B: 0.177, G_B: 1.012, cycle_B: 0.110, gp: 0.174

[Rank 0] (epoch: 18, iters: 5184, time: 0.001, data: 0.001) , D_A: 0.245, G_A: 0.949, cycle_A: 0.113, D_B: 0.284, G_B: 1.001, cycle_B: 0.108, gp: 0.280

[Rank 0] (epoch: 18, iters: 6784, time: 0.001, data: 0.001) , D_A: 0.211, G_A: 0.926, cycle_A: 0.114, D_B: 0.259, G_B: 1.040, cycle_B: 0.120, gp: 0.255

[Rank 0] (epoch: 18, iters: 8384, time: 0.001, data: 0.001) , D_A: 0.197, G_A: 0.988, cycle_A: 0.116, D_B: 0.232, G_B: 0.996, cycle_B: 0.108, gp: 0.227

[Rank 0] (epoch: 18, iters: 9984, time: 0.001, data: 0.001) , D_A: 0.185, G_A: 1.073, cycle_A: 0.112, D_B: 0.352, G_B: 0.964, cycle_B: 0.112, gp: 0.348

[Rank 0] (epoch: 18, iters: 11584, time: 0.001, data: 0.001) , D_A: 0.200, G_A: 1.001, cycle_A: 0.124, D_B: 0.238, G_B: 0.982, cycle_B: 0.098, gp: 0.236

[Rank 0] (epoch: 18, iters: 13184, time: 0.001, data: 0.001) , D_A: 0.216, G_A: 1.002, cycle_A: 0.118, D_B: 0.245, G_B: 0.993, cycle_B: 0.102, gp: 0.242

[Rank 0] (epoch: 18, iters: 14784, time: 0.001, data: 0.001) , D_A: 0.236, G_A: 0.966, cycle_A: 0.104, D_B: 0.178, G_B: 0.979, cycle_B: 0.114, gp: 0.173

[Rank 0] (epoch: 18, iters: 16384, time: 0.001, data: 0.001) , D_A: 0.202, G_A: 0.926, cycle_A: 0.109, D_B: 0.247, G_B: 1.007, cycle_B: 0.106, gp: 0.244

[Rank 0] (epoch: 18, iters: 17984, time: 0.001, data: 0.001) , D_A: 0.209, G_A: 1.025, cycle_A: 0.115, D_B: 0.330, G_B: 0.958, cycle_B: 0.100, gp: 0.326

[Rank 0] (epoch: 18, iters: 19584, time: 0.001, data: 0.001) , D_A: 0.209, G_A: 0.995, cycle_A: 0.109, D_B: 0.178, G_B: 0.999, cycle_B: 0.107, gp: 0.175

[Rank 0] (epoch: 18, iters: 21184, time: 0.001, data: 0.001) , D_A: 0.184, G_A: 1.051, cycle_A: 0.115, D_B: 0.372, G_B: 0.999, cycle_B: 0.112, gp: 0.368

[Rank 0] (epoch: 18, iters: 22784, time: 0.001, data: 0.001) , D_A: 0.192, G_A: 0.975, cycle_A: 0.112, D_B: 0.356, G_B: 1.095, cycle_B: 0.110, gp: 0.349

[Rank 0] (epoch: 18, iters: 24384, time: 0.001, data: 0.001) , D_A: 0.156, G_A: 0.982, cycle_A: 0.114, D_B: 0.322, G_B: 1.012, cycle_B: 0.102, gp: 0.318

[Rank 0] (epoch: 18, iters: 25984, time: 0.001, data: 0.001) , D_A: 0.175, G_A: 0.895, cycle_A: 0.106, D_B: 0.234, G_B: 1.016, cycle_B: 0.105, gp: 0.231

[Rank 0] (epoch: 18, iters: 27584, time: 0.001, data: 0.001) , D_A: 0.268, G_A: 1.006, cycle_A: 0.126, D_B: 0.295, G_B: 0.998, cycle_B: 0.105, gp: 0.292

[Rank 0] (epoch: 18, iters: 29184, time: 0.001, data: 0.001) , D_A: 0.165, G_A: 1.054, cycle_A: 0.118, D_B: 0.237, G_B: 0.997, cycle_B: 0.112, gp: 0.234

[Rank 0] (epoch: 18, iters: 30784, time: 0.001, data: 0.001) , D_A: 0.282, G_A: 0.956, cycle_A: 0.109, D_B: 0.350, G_B: 1.003, cycle_B: 0.114, gp: 0.346

--- iter tau=0.2861 ---
  cipher in : gripped him again the fence his only refuge when the metal death
  decrypted : fcorrel aob nfnog iae ueghe aod sgbk ceujfe taeg iae beinb lenia
  real plain: and more boats move overland on wheels million trailers are now 
  cipher in : ld be a skeleton he made his way back to the jeep he had started
  decrypted : bl te n dfebeisg ae bnle aod tnk tnhf is iae leer ae anl dinciel
  real plain:  lead jessica through an evening of dancing and handsome descrip
[Rank 0] (epoch: 18, iters: 32384, time: 0.001, data: 0.001) , D_A: 0.256, G_A: 1.091, cycle_A: 0.115, D_B: 0.260, G_B: 1.014, cycle_B: 0.114, gp: 0.255

saving the latest model (epoch 18, total_iters 720000)
[Rank 0] (epoch: 18, iters: 33984, time: 0.001, data: 0.001) , D_A: 0.256, G_A: 0.952, cycle_A: 0.116, D_B: 0.216, G_B: 1.043, cycle_B: 0.108, gp: 0.212

[Rank 0] (epoch: 18, iters: 35584, time: 0.001, data: 0.001) , D_A: 0.222, G_A: 0.936, cycle_A: 0.106, D_B: 0.225, G_B: 1.022, cycle_B: 0.113, gp: 0.222

[Rank 0] (epoch: 18, iters: 37184, time: 0.001, data: 0.001) , D_A: 0.201, G_A: 1.197, cycle_A: 0.122, D_B: 0.243, G_B: 0.994, cycle_B: 0.117, gp: 0.238

[Rank 0] (epoch: 18, iters: 38784, time: 0.001, data: 0.001) , D_A: 0.153, G_A: 0.969, cycle_A: 0.127, D_B: 0.310, G_B: 0.974, cycle_B: 0.110, gp: 0.304

[Rank 0] (epoch: 18, iters: 40384, time: 0.001, data: 0.001) , D_A: 0.196, G_A: 0.939, cycle_A: 0.109, D_B: 0.155, G_B: 0.979, cycle_B: 0.098, gp: 0.152

learning rate 0.0002000 -> 0.0002000
temperature tau = 0.2768
End of epoch 18 / 50 	 Time Taken: 32 sec
[Rank 0] (epoch: 19, iters: 1536, time: 0.001, data: 0.001) , D_A: 0.159, G_A: 1.000, cycle_A: 0.117, D_B: 0.397, G_B: 0.959, cycle_B: 0.103, gp: 0.393

[Rank 0] (epoch: 19, iters: 3136, time: 0.001, data: 0.001) , D_A: 0.209, G_A: 0.884, cycle_A: 0.126, D_B: 0.284, G_B: 0.973, cycle_B: 0.111, gp: 0.281

[Rank 0] (epoch: 19, iters: 4736, time: 0.001, data: 0.001) , D_A: 0.151, G_A: 1.018, cycle_A: 0.116, D_B: 0.263, G_B: 0.956, cycle_B: 0.105, gp: 0.259

[Rank 0] (epoch: 19, iters: 6336, time: 0.001, data: 0.001) , D_A: 0.204, G_A: 1.051, cycle_A: 0.119, D_B: 0.301, G_B: 1.020, cycle_B: 0.104, gp: 0.298

[Rank 0] (epoch: 19, iters: 7936, time: 0.001, data: 0.001) , D_A: 0.144, G_A: 0.996, cycle_A: 0.114, D_B: 0.328, G_B: 0.983, cycle_B: 0.095, gp: 0.324

[Rank 0] (epoch: 19, iters: 9536, time: 0.001, data: 0.001) , D_A: 0.275, G_A: 0.951, cycle_A: 0.116, D_B: 0.240, G_B: 0.965, cycle_B: 0.114, gp: 0.237

[Rank 0] (epoch: 19, iters: 11136, time: 0.001, data: 0.001) , D_A: 0.174, G_A: 0.987, cycle_A: 0.122, D_B: 0.274, G_B: 1.005, cycle_B: 0.107, gp: 0.270

[Rank 0] (epoch: 19, iters: 12736, time: 0.001, data: 0.001) , D_A: 0.145, G_A: 0.908, cycle_A: 0.125, D_B: 0.224, G_B: 1.030, cycle_B: 0.097, gp: 0.221

[Rank 0] (epoch: 19, iters: 14336, time: 0.001, data: 0.001) , D_A: 0.165, G_A: 0.980, cycle_A: 0.121, D_B: 0.295, G_B: 0.939, cycle_B: 0.108, gp: 0.291

[Rank 0] (epoch: 19, iters: 15936, time: 0.001, data: 0.001) , D_A: 0.163, G_A: 0.994, cycle_A: 0.117, D_B: 0.245, G_B: 1.077, cycle_B: 0.108, gp: 0.225

[Rank 0] (epoch: 19, iters: 17536, time: 0.001, data: 0.001) , D_A: 0.141, G_A: 1.054, cycle_A: 0.114, D_B: 0.252, G_B: 1.008, cycle_B: 0.108, gp: 0.250

[Rank 0] (epoch: 19, iters: 19136, time: 0.001, data: 0.001) , D_A: 0.238, G_A: 0.896, cycle_A: 0.110, D_B: 0.215, G_B: 0.997, cycle_B: 0.113, gp: 0.212

[Rank 0] (epoch: 19, iters: 20736, time: 0.001, data: 0.001) , D_A: 0.222, G_A: 1.005, cycle_A: 0.115, D_B: 0.288, G_B: 0.984, cycle_B: 0.115, gp: 0.285

[Rank 0] (epoch: 19, iters: 22336, time: 0.001, data: 0.001) , D_A: 0.238, G_A: 0.985, cycle_A: 0.116, D_B: 0.396, G_B: 0.952, cycle_B: 0.105, gp: 0.392

[Rank 0] (epoch: 19, iters: 23936, time: 0.001, data: 0.001) , D_A: 0.183, G_A: 1.083, cycle_A: 0.110, D_B: 0.266, G_B: 0.986, cycle_B: 0.100, gp: 0.264

[Rank 0] (epoch: 19, iters: 25536, time: 0.001, data: 0.001) , D_A: 0.164, G_A: 1.062, cycle_A: 0.114, D_B: 0.263, G_B: 0.995, cycle_B: 0.114, gp: 0.260

[Rank 0] (epoch: 19, iters: 27136, time: 0.001, data: 0.001) , D_A: 0.185, G_A: 1.080, cycle_A: 0.118, D_B: 0.278, G_B: 1.010, cycle_B: 0.112, gp: 0.275

[Rank 0] (epoch: 19, iters: 28736, time: 0.001, data: 0.001) , D_A: 0.148, G_A: 0.964, cycle_A: 0.132, D_B: 0.172, G_B: 1.002, cycle_B: 0.110, gp: 0.168

[Rank 0] (epoch: 19, iters: 30336, time: 0.001, data: 0.001) , D_A: 0.311, G_A: 1.067, cycle_A: 0.124, D_B: 0.290, G_B: 0.994, cycle_B: 0.105, gp: 0.287

--- iter tau=0.2768 ---
  cipher in : els in the deep mud and dill found a cigar in his breast pocket 
  decrypted : ebd op iae leer bvl npl lobb usvpl n hofnc op aod tcendi rshfei 
  real plain: saying it in front of me my folks and my faith protected me from
  cipher in : ion was then carried out in a spinco model l ultracentrifuge at 
  decrypted : osp tnd iaep hnccoel svi op n drophs bsleb b vbicnhepicouvfe ni 
  real plain: found sooner he might not be found for days even weeks otherwise
[Rank 0] (epoch: 19, iters: 31936, time: 0.001, data: 0.001) , D_A: 0.168, G_A: 1.021, cycle_A: 0.114, D_B: 0.333, G_B: 0.961, cycle_B: 0.108, gp: 0.330

saving the latest model (epoch 19, total_iters 760000)
[Rank 0] (epoch: 19, iters: 33536, time: 0.001, data: 0.001) , D_A: 0.264, G_A: 1.052, cycle_A: 0.110, D_B: 0.228, G_B: 0.955, cycle_B: 0.092, gp: 0.223

[Rank 0] (epoch: 19, iters: 35136, time: 0.001, data: 0.001) , D_A: 0.222, G_A: 1.016, cycle_A: 0.117, D_B: 0.201, G_B: 1.024, cycle_B: 0.109, gp: 0.199

[Rank 0] (epoch: 19, iters: 36736, time: 0.001, data: 0.001) , D_A: 0.179, G_A: 1.143, cycle_A: 0.110, D_B: 0.168, G_B: 1.003, cycle_B: 0.116, gp: 0.165

[Rank 0] (epoch: 19, iters: 38336, time: 0.001, data: 0.001) , D_A: 0.184, G_A: 0.962, cycle_A: 0.117, D_B: 0.198, G_B: 0.965, cycle_B: 0.112, gp: 0.193

[Rank 0] (epoch: 19, iters: 39936, time: 0.001, data: 0.001) , D_A: 0.157, G_A: 1.041, cycle_A: 0.107, D_B: 0.147, G_B: 0.998, cycle_B: 0.108, gp: 0.144

learning rate 0.0002000 -> 0.0002000
temperature tau = 0.2679
End of epoch 19 / 50 	 Time Taken: 37 sec
[Rank 0] (epoch: 20, iters: 1088, time: 0.001, data: 0.001) , D_A: 0.221, G_A: 0.940, cycle_A: 0.120, D_B: 0.258, G_B: 1.019, cycle_B: 0.103, gp: 0.255

[Rank 0] (epoch: 20, iters: 2688, time: 0.001, data: 0.001) , D_A: 0.201, G_A: 1.005, cycle_A: 0.110, D_B: 0.164, G_B: 0.897, cycle_B: 0.111, gp: 0.158

[Rank 0] (epoch: 20, iters: 4288, time: 0.001, data: 0.001) , D_A: 0.142, G_A: 1.002, cycle_A: 0.108, D_B: 0.304, G_B: 0.978, cycle_B: 0.108, gp: 0.301

[Rank 0] (epoch: 20, iters: 5888, time: 0.001, data: 0.001) , D_A: 0.180, G_A: 1.012, cycle_A: 0.111, D_B: 0.230, G_B: 1.003, cycle_B: 0.106, gp: 0.227

[Rank 0] (epoch: 20, iters: 7488, time: 0.001, data: 0.001) , D_A: 0.216, G_A: 1.005, cycle_A: 0.127, D_B: 0.321, G_B: 0.968, cycle_B: 0.110, gp: 0.318

[Rank 0] (epoch: 20, iters: 9088, time: 0.001, data: 0.001) , D_A: 0.196, G_A: 1.042, cycle_A: 0.110, D_B: 0.259, G_B: 0.987, cycle_B: 0.115, gp: 0.256

[Rank 0] (epoch: 20, iters: 10688, time: 0.001, data: 0.001) , D_A: 0.276, G_A: 0.989, cycle_A: 0.112, D_B: 0.140, G_B: 1.002, cycle_B: 0.098, gp: 0.137

[Rank 0] (epoch: 20, iters: 12288, time: 0.001, data: 0.001) , D_A: 0.242, G_A: 0.955, cycle_A: 0.114, D_B: 0.222, G_B: 0.988, cycle_B: 0.093, gp: 0.219

[Rank 0] (epoch: 20, iters: 13888, time: 0.001, data: 0.001) , D_A: 0.188, G_A: 0.882, cycle_A: 0.114, D_B: 0.232, G_B: 0.993, cycle_B: 0.102, gp: 0.229

[Rank 0] (epoch: 20, iters: 15488, time: 0.001, data: 0.001) , D_A: 0.165, G_A: 1.037, cycle_A: 0.112, D_B: 0.384, G_B: 0.965, cycle_B: 0.095, gp: 0.380

[Rank 0] (epoch: 20, iters: 17088, time: 0.001, data: 0.001) , D_A: 0.099, G_A: 1.018, cycle_A: 0.110, D_B: 0.179, G_B: 0.958, cycle_B: 0.093, gp: 0.175

[Rank 0] (epoch: 20, iters: 18688, time: 0.001, data: 0.001) , D_A: 0.219, G_A: 0.971, cycle_A: 0.105, D_B: 0.163, G_B: 1.031, cycle_B: 0.090, gp: 0.159

[Rank 0] (epoch: 20, iters: 20288, time: 0.001, data: 0.001) , D_A: 0.154, G_A: 1.004, cycle_A: 0.100, D_B: 0.270, G_B: 0.976, cycle_B: 0.105, gp: 0.267

[Rank 0] (epoch: 20, iters: 21888, time: 0.001, data: 0.001) , D_A: 0.424, G_A: 1.227, cycle_A: 0.109, D_B: 0.188, G_B: 0.969, cycle_B: 0.141, gp: 0.184

[Rank 0] (epoch: 20, iters: 23488, time: 0.001, data: 0.001) , D_A: 0.243, G_A: 0.930, cycle_A: 0.112, D_B: 0.269, G_B: 1.027, cycle_B: 0.114, gp: 0.263

[Rank 0] (epoch: 20, iters: 25088, time: 0.001, data: 0.001) , D_A: 0.173, G_A: 1.032, cycle_A: 0.105, D_B: 0.243, G_B: 0.988, cycle_B: 0.116, gp: 0.240

[Rank 0] (epoch: 20, iters: 26688, time: 0.001, data: 0.001) , D_A: 0.153, G_A: 0.926, cycle_A: 0.107, D_B: 0.187, G_B: 0.952, cycle_B: 0.108, gp: 0.184

[Rank 0] (epoch: 20, iters: 28288, time: 0.001, data: 0.001) , D_A: 0.227, G_A: 1.034, cycle_A: 0.111, D_B: 0.274, G_B: 0.992, cycle_B: 0.102, gp: 0.271

[Rank 0] (epoch: 20, iters: 29888, time: 0.001, data: 0.001) , D_A: 0.134, G_A: 0.956, cycle_A: 0.108, D_B: 0.229, G_B: 0.964, cycle_B: 0.102, gp: 0.224

--- iter tau=0.2679 ---
  cipher in :  af then f is uniquely expressible in the form af where af satis
  decrypted :  nu iaep u od vpotvebk exrceddotbe op iae uscb nu taece nu dniod
  real plain: nterlocking silhouettes whose legibility and placement created a
  cipher in : ural organizations of reality and in these organizations certain
  decrypted : vcnb scfnpomniospd su cenboik npl op iaede scfnpomniospd hecinop
  real plain: lly coded to permit use of dataprocessing equipment the codes we
[Rank 0] (epoch: 20, iters: 31488, time: 0.001, data: 0.001) , D_A: 0.138, G_A: 0.900, cycle_A: 0.108, D_B: 0.332, G_B: 1.061, cycle_B: 0.097, gp: 0.328

saving the latest model (epoch 20, total_iters 800000)
[Rank 0] (epoch: 20, iters: 33088, time: 0.001, data: 0.001) , D_A: 0.163, G_A: 1.014, cycle_A: 0.111, D_B: 0.349, G_B: 1.035, cycle_B: 0.091, gp: 0.343

[Rank 0] (epoch: 20, iters: 34688, time: 0.001, data: 0.001) , D_A: 0.186, G_A: 1.021, cycle_A: 0.109, D_B: 0.316, G_B: 1.001, cycle_B: 0.098, gp: 0.313

[Rank 0] (epoch: 20, iters: 36288, time: 0.001, data: 0.001) , D_A: 0.250, G_A: 0.909, cycle_A: 0.107, D_B: 0.198, G_B: 0.987, cycle_B: 0.106, gp: 0.196

[Rank 0] (epoch: 20, iters: 37888, time: 0.001, data: 0.001) , D_A: 0.202, G_A: 1.119, cycle_A: 0.110, D_B: 0.321, G_B: 1.007, cycle_B: 0.101, gp: 0.316

[Rank 0] (epoch: 20, iters: 39488, time: 0.001, data: 0.001) , D_A: 0.162, G_A: 0.969, cycle_A: 0.110, D_B: 0.187, G_B: 1.096, cycle_B: 0.102, gp: 0.175

learning rate 0.0002000 -> 0.0002000
temperature tau = 0.2592
End of epoch 20 / 50 	 Time Taken: 33 sec
[Rank 0] (epoch: 21, iters: 640, time: 0.001, data: 0.000) , D_A: 0.187, G_A: 0.985, cycle_A: 0.103, D_B: 0.216, G_B: 0.927, cycle_B: 0.094, gp: 0.213

[Rank 0] (epoch: 21, iters: 2240, time: 0.001, data: 0.000) , D_A: 0.158, G_A: 0.926, cycle_A: 0.112, D_B: 0.215, G_B: 0.994, cycle_B: 0.106, gp: 0.212

[Rank 0] (epoch: 21, iters: 3840, time: 0.001, data: 0.001) , D_A: 0.200, G_A: 0.962, cycle_A: 0.111, D_B: 0.306, G_B: 1.027, cycle_B: 0.098, gp: 0.302

[Rank 0] (epoch: 21, iters: 5440, time: 0.001, data: 0.001) , D_A: 0.270, G_A: 0.955, cycle_A: 0.104, D_B: 0.238, G_B: 0.998, cycle_B: 0.101, gp: 0.234

[Rank 0] (epoch: 21, iters: 7040, time: 0.001, data: 0.001) , D_A: 0.196, G_A: 1.021, cycle_A: 0.106, D_B: 0.263, G_B: 0.940, cycle_B: 0.105, gp: 0.260

[Rank 0] (epoch: 21, iters: 8640, time: 0.001, data: 0.001) , D_A: 0.169, G_A: 1.014, cycle_A: 0.107, D_B: 0.245, G_B: 1.026, cycle_B: 0.098, gp: 0.242

[Rank 0] (epoch: 21, iters: 10240, time: 0.001, data: 0.001) , D_A: 0.190, G_A: 1.001, cycle_A: 0.101, D_B: 0.225, G_B: 0.957, cycle_B: 0.108, gp: 0.221

[Rank 0] (epoch: 21, iters: 11840, time: 0.001, data: 0.001) , D_A: 0.216, G_A: 0.927, cycle_A: 0.112, D_B: 0.251, G_B: 1.002, cycle_B: 0.095, gp: 0.248

[Rank 0] (epoch: 21, iters: 13440, time: 0.001, data: 0.001) , D_A: 0.119, G_A: 1.045, cycle_A: 0.124, D_B: 0.255, G_B: 1.062, cycle_B: 0.099, gp: 0.248

[Rank 0] (epoch: 21, iters: 15040, time: 0.001, data: 0.001) , D_A: 0.173, G_A: 1.036, cycle_A: 0.112, D_B: 0.370, G_B: 1.001, cycle_B: 0.099, gp: 0.367

[Rank 0] (epoch: 21, iters: 16640, time: 0.001, data: 0.001) , D_A: 0.203, G_A: 0.998, cycle_A: 0.107, D_B: 0.124, G_B: 0.982, cycle_B: 0.106, gp: 0.122

[Rank 0] (epoch: 21, iters: 18240, time: 0.001, data: 0.001) , D_A: 0.275, G_A: 1.012, cycle_A: 0.103, D_B: 0.267, G_B: 1.048, cycle_B: 0.097, gp: 0.263

[Rank 0] (epoch: 21, iters: 19840, time: 0.001, data: 0.001) , D_A: 0.273, G_A: 0.975, cycle_A: 0.109, D_B: 0.243, G_B: 1.041, cycle_B: 0.100, gp: 0.240

[Rank 0] (epoch: 21, iters: 21440, time: 0.001, data: 0.001) , D_A: 0.136, G_A: 0.954, cycle_A: 0.105, D_B: 0.172, G_B: 1.101, cycle_B: 0.102, gp: 0.158

[Rank 0] (epoch: 21, iters: 23040, time: 0.001, data: 0.001) , D_A: 0.152, G_A: 0.831, cycle_A: 0.115, D_B: 0.337, G_B: 1.003, cycle_B: 0.104, gp: 0.333

[Rank 0] (epoch: 21, iters: 24640, time: 0.001, data: 0.001) , D_A: 0.124, G_A: 0.962, cycle_A: 0.103, D_B: 0.329, G_B: 1.030, cycle_B: 0.106, gp: 0.324

[Rank 0] (epoch: 21, iters: 26240, time: 0.001, data: 0.001) , D_A: 0.167, G_A: 1.014, cycle_A: 0.118, D_B: 0.319, G_B: 0.925, cycle_B: 0.098, gp: 0.314

[Rank 0] (epoch: 21, iters: 27840, time: 0.001, data: 0.001) , D_A: 0.090, G_A: 1.099, cycle_A: 0.110, D_B: 0.247, G_B: 1.052, cycle_B: 0.105, gp: 0.241

[Rank 0] (epoch: 21, iters: 29440, time: 0.001, data: 0.001) , D_A: 0.166, G_A: 0.954, cycle_A: 0.103, D_B: 0.297, G_B: 0.973, cycle_B: 0.098, gp: 0.295

--- iter tau=0.2592 ---
  cipher in : urch and a native of atlanta funeral services will be at pm tues
  decrypted : vcha npl n pniooe su nibnpin uvpecnb decoohed tobb te ni rb ived
  real plain: rsonnel officer for the kansas city medical depot when he decide
  cipher in : tion of one group of components in the food with others or with 
  decrypted : iosp su spe fcsvr su hsbrspepid op iae ussl toia siaecd sc toia 
  real plain: of mechanics and electrodynamics and therefore the atom was real
[Rank 0] (epoch: 21, iters: 31040, time: 0.001, data: 0.001) , D_A: 0.114, G_A: 0.977, cycle_A: 0.109, D_B: 0.300, G_B: 0.948, cycle_B: 0.101, gp: 0.295

saving the latest model (epoch 21, total_iters 840000)
[Rank 0] (epoch: 21, iters: 32640, time: 0.001, data: 0.001) , D_A: 0.253, G_A: 0.944, cycle_A: 0.103, D_B: 0.266, G_B: 0.999, cycle_B: 0.100, gp: 0.264

[Rank 0] (epoch: 21, iters: 34240, time: 0.001, data: 0.001) , D_A: 0.179, G_A: 0.978, cycle_A: 0.107, D_B: 0.232, G_B: 1.013, cycle_B: 0.097, gp: 0.230

[Rank 0] (epoch: 21, iters: 35840, time: 0.001, data: 0.001) , D_A: 0.130, G_A: 1.039, cycle_A: 0.108, D_B: 0.247, G_B: 1.001, cycle_B: 0.107, gp: 0.244

[Rank 0] (epoch: 21, iters: 37440, time: 0.001, data: 0.001) , D_A: 0.177, G_A: 0.926, cycle_A: 0.100, D_B: 0.281, G_B: 0.996, cycle_B: 0.102, gp: 0.277

[Rank 0] (epoch: 21, iters: 39040, time: 0.001, data: 0.001) , D_A: 0.245, G_A: 0.980, cycle_A: 0.098, D_B: 0.380, G_B: 0.925, cycle_B: 0.097, gp: 0.371

learning rate 0.0002000 -> 0.0002000
temperature tau = 0.2508
End of epoch 21 / 50 	 Time Taken: 37 sec
[Rank 0] (epoch: 22, iters: 192, time: 0.001, data: 0.001) , D_A: 0.214, G_A: 0.948, cycle_A: 0.110, D_B: 0.294, G_B: 0.946, cycle_B: 0.096, gp: 0.290

[Rank 0] (epoch: 22, iters: 1792, time: 0.001, data: 0.008) , D_A: 0.187, G_A: 0.955, cycle_A: 0.111, D_B: 0.355, G_B: 0.957, cycle_B: 0.098, gp: 0.352

[Rank 0] (epoch: 22, iters: 3392, time: 0.001, data: 0.002) , D_A: 0.185, G_A: 0.966, cycle_A: 0.109, D_B: 0.268, G_B: 0.979, cycle_B: 0.104, gp: 0.264

[Rank 0] (epoch: 22, iters: 4992, time: 0.001, data: 0.004) , D_A: 0.095, G_A: 0.959, cycle_A: 0.110, D_B: 0.289, G_B: 1.000, cycle_B: 0.098, gp: 0.286

[Rank 0] (epoch: 22, iters: 6592, time: 0.001, data: 0.001) , D_A: 0.174, G_A: 1.038, cycle_A: 0.111, D_B: 0.360, G_B: 0.980, cycle_B: 0.096, gp: 0.357

[Rank 0] (epoch: 22, iters: 8192, time: 0.001, data: 0.002) , D_A: 0.111, G_A: 1.018, cycle_A: 0.097, D_B: 0.264, G_B: 0.995, cycle_B: 0.091, gp: 0.261

[Rank 0] (epoch: 22, iters: 9792, time: 0.001, data: 0.002) , D_A: 0.177, G_A: 1.013, cycle_A: 0.115, D_B: 0.248, G_B: 0.973, cycle_B: 0.107, gp: 0.245

[Rank 0] (epoch: 22, iters: 11392, time: 0.001, data: 0.001) , D_A: 0.120, G_A: 0.946, cycle_A: 0.106, D_B: 0.225, G_B: 0.996, cycle_B: 0.092, gp: 0.220

[Rank 0] (epoch: 22, iters: 12992, time: 0.001, data: 0.001) , D_A: 0.154, G_A: 0.982, cycle_A: 0.120, D_B: 0.261, G_B: 1.030, cycle_B: 0.100, gp: 0.258

[Rank 0] (epoch: 22, iters: 14592, time: 0.001, data: 0.001) , D_A: 0.165, G_A: 0.911, cycle_A: 0.107, D_B: 0.136, G_B: 1.013, cycle_B: 0.103, gp: 0.133

[Rank 0] (epoch: 22, iters: 16192, time: 0.001, data: 0.001) , D_A: 0.201, G_A: 0.928, cycle_A: 0.098, D_B: 0.178, G_B: 1.004, cycle_B: 0.098, gp: 0.174

[Rank 0] (epoch: 22, iters: 17792, time: 0.001, data: 0.001) , D_A: 0.144, G_A: 0.984, cycle_A: 0.102, D_B: 0.115, G_B: 1.010, cycle_B: 0.093, gp: 0.112

[Rank 0] (epoch: 22, iters: 19392, time: 0.001, data: 0.001) , D_A: 0.169, G_A: 0.909, cycle_A: 0.114, D_B: 0.164, G_B: 1.044, cycle_B: 0.098, gp: 0.158

[Rank 0] (epoch: 22, iters: 20992, time: 0.001, data: 0.001) , D_A: 0.168, G_A: 1.059, cycle_A: 0.114, D_B: 0.316, G_B: 1.031, cycle_B: 0.105, gp: 0.313

[Rank 0] (epoch: 22, iters: 22592, time: 0.001, data: 0.001) , D_A: 0.203, G_A: 1.007, cycle_A: 0.111, D_B: 0.271, G_B: 1.137, cycle_B: 0.104, gp: 0.264

[Rank 0] (epoch: 22, iters: 24192, time: 0.001, data: 0.002) , D_A: 0.139, G_A: 0.995, cycle_A: 0.104, D_B: 0.237, G_B: 1.007, cycle_B: 0.100, gp: 0.235

[Rank 0] (epoch: 22, iters: 25792, time: 0.001, data: 0.002) , D_A: 0.210, G_A: 0.982, cycle_A: 0.099, D_B: 0.208, G_B: 0.964, cycle_B: 0.098, gp: 0.205

[Rank 0] (epoch: 22, iters: 27392, time: 0.001, data: 0.001) , D_A: 0.163, G_A: 0.935, cycle_A: 0.101, D_B: 0.254, G_B: 1.000, cycle_B: 0.100, gp: 0.249

[Rank 0] (epoch: 22, iters: 28992, time: 0.001, data: 0.001) , D_A: 0.180, G_A: 0.992, cycle_A: 0.112, D_B: 0.272, G_B: 1.007, cycle_B: 0.104, gp: 0.270

--- iter tau=0.2508 ---
  cipher in :  of the years lights leaves were burning somewhere and the smoke
  decrypted :  su iae kencd bofaid benoed tece tvcpopf dsbetaece npl iae dbsfe
  real plain: t russia some time this summer because i have marveled at your g
  cipher in : ons of the assessors are of significance in indicating what thei
  decrypted : spd su iae nddeddscd nce su dofpouohnphe op oplohniopf tani iaeo
  real plain: ist approximately four years ago we initiated a dual ladder of a
[Rank 0] (epoch: 22, iters: 30592, time: 0.001, data: 0.001) , D_A: 0.180, G_A: 0.915, cycle_A: 0.110, D_B: 0.214, G_B: 0.957, cycle_B: 0.094, gp: 0.211

saving the latest model (epoch 22, total_iters 880000)
[Rank 0] (epoch: 22, iters: 32192, time: 0.001, data: 0.001) , D_A: 0.169, G_A: 0.995, cycle_A: 0.114, D_B: 0.238, G_B: 0.950, cycle_B: 0.102, gp: 0.234

[Rank 0] (epoch: 22, iters: 33792, time: 0.001, data: 0.001) , D_A: 0.218, G_A: 1.114, cycle_A: 0.110, D_B: 0.191, G_B: 1.006, cycle_B: 0.088, gp: 0.188

[Rank 0] (epoch: 22, iters: 35392, time: 0.001, data: 0.001) , D_A: 0.104, G_A: 0.957, cycle_A: 0.111, D_B: 0.217, G_B: 0.968, cycle_B: 0.105, gp: 0.214

[Rank 0] (epoch: 22, iters: 36992, time: 0.001, data: 0.001) , D_A: 0.242, G_A: 0.960, cycle_A: 0.103, D_B: 0.188, G_B: 1.015, cycle_B: 0.100, gp: 0.185

[Rank 0] (epoch: 22, iters: 38592, time: 0.001, data: 0.001) , D_A: 0.123, G_A: 1.049, cycle_A: 0.107, D_B: 0.230, G_B: 1.012, cycle_B: 0.101, gp: 0.227

[Rank 0] (epoch: 22, iters: 40192, time: 0.001, data: 0.001) , D_A: 0.129, G_A: 0.957, cycle_A: 0.106, D_B: 0.258, G_B: 0.949, cycle_B: 0.093, gp: 0.255

learning rate 0.0002000 -> 0.0002000
temperature tau = 0.2427
End of epoch 22 / 50 	 Time Taken: 38 sec
[Rank 0] (epoch: 23, iters: 1344, time: 0.001, data: 0.001) , D_A: 0.152, G_A: 0.952, cycle_A: 0.105, D_B: 0.396, G_B: 0.956, cycle_B: 0.098, gp: 0.393

[Rank 0] (epoch: 23, iters: 2944, time: 0.001, data: 0.001) , D_A: 0.134, G_A: 0.905, cycle_A: 0.107, D_B: 0.262, G_B: 1.000, cycle_B: 0.105, gp: 0.260

[Rank 0] (epoch: 23, iters: 4544, time: 0.001, data: 0.001) , D_A: 0.182, G_A: 1.070, cycle_A: 0.103, D_B: 0.315, G_B: 1.046, cycle_B: 0.102, gp: 0.309

[Rank 0] (epoch: 23, iters: 6144, time: 0.001, data: 0.001) , D_A: 0.182, G_A: 1.031, cycle_A: 0.106, D_B: 0.191, G_B: 0.930, cycle_B: 0.095, gp: 0.187

[Rank 0] (epoch: 23, iters: 7744, time: 0.001, data: 0.001) , D_A: 0.161, G_A: 0.936, cycle_A: 0.104, D_B: 0.265, G_B: 1.056, cycle_B: 0.091, gp: 0.261

[Rank 0] (epoch: 23, iters: 9344, time: 0.001, data: 0.001) , D_A: 0.169, G_A: 1.026, cycle_A: 0.107, D_B: 0.332, G_B: 0.912, cycle_B: 0.104, gp: 0.322

[Rank 0] (epoch: 23, iters: 10944, time: 0.001, data: 0.001) , D_A: 0.153, G_A: 1.011, cycle_A: 0.099, D_B: 0.285, G_B: 0.980, cycle_B: 0.102, gp: 0.281

[Rank 0] (epoch: 23, iters: 12544, time: 0.001, data: 0.005) , D_A: 0.174, G_A: 1.021, cycle_A: 0.125, D_B: 0.258, G_B: 1.003, cycle_B: 0.089, gp: 0.255

[Rank 0] (epoch: 23, iters: 14144, time: 0.001, data: 0.002) , D_A: 0.138, G_A: 0.969, cycle_A: 0.114, D_B: 0.249, G_B: 0.982, cycle_B: 0.101, gp: 0.247

[Rank 0] (epoch: 23, iters: 15744, time: 0.001, data: 0.001) , D_A: 0.183, G_A: 0.950, cycle_A: 0.113, D_B: 0.277, G_B: 0.988, cycle_B: 0.100, gp: 0.273

[Rank 0] (epoch: 23, iters: 17344, time: 0.001, data: 0.001) , D_A: 0.185, G_A: 1.006, cycle_A: 0.108, D_B: 0.172, G_B: 0.982, cycle_B: 0.097, gp: 0.170

[Rank 0] (epoch: 23, iters: 18944, time: 0.001, data: 0.001) , D_A: 0.167, G_A: 0.985, cycle_A: 0.113, D_B: 0.190, G_B: 1.011, cycle_B: 0.090, gp: 0.188

[Rank 0] (epoch: 23, iters: 20544, time: 0.001, data: 0.001) , D_A: 0.113, G_A: 0.948, cycle_A: 0.104, D_B: 0.197, G_B: 0.992, cycle_B: 0.105, gp: 0.194

[Rank 0] (epoch: 23, iters: 22144, time: 0.001, data: 0.001) , D_A: 0.225, G_A: 0.922, cycle_A: 0.098, D_B: 0.234, G_B: 0.974, cycle_B: 0.094, gp: 0.231

[Rank 0] (epoch: 23, iters: 23744, time: 0.001, data: 0.001) , D_A: 0.184, G_A: 0.953, cycle_A: 0.105, D_B: 0.251, G_B: 0.980, cycle_B: 0.094, gp: 0.247

[Rank 0] (epoch: 23, iters: 25344, time: 0.001, data: 0.001) , D_A: 0.211, G_A: 1.035, cycle_A: 0.103, D_B: 0.158, G_B: 1.001, cycle_B: 0.101, gp: 0.155

[Rank 0] (epoch: 23, iters: 26944, time: 0.001, data: 0.003) , D_A: 0.161, G_A: 0.918, cycle_A: 0.114, D_B: 0.286, G_B: 0.956, cycle_B: 0.106, gp: 0.283

[Rank 0] (epoch: 23, iters: 28544, time: 0.001, data: 0.001) , D_A: 0.171, G_A: 1.009, cycle_A: 0.098, D_B: 0.358, G_B: 1.056, cycle_B: 0.101, gp: 0.354

--- iter tau=0.2427 ---
  cipher in : rpret the popes motives it is possible that othon and his compan
  decrypted : yryei iae rsred bsiooed oi od rsddotbe iani siasp npl aod hsbrnp
  real plain: ing dominance in the us this gave her an opportunity to ring dow
  cipher in : ird year and for the weeks following it tom did not know whether
  decrypted : oyl keny npl usy iae teefd usbbstopf oi isb lol psi fpst taeiaey
  real plain: r both weekend games the famed yankee clipper now retired has be
[Rank 0] (epoch: 23, iters: 30144, time: 0.001, data: 0.001) , D_A: 0.221, G_A: 1.021, cycle_A: 0.117, D_B: 0.231, G_B: 1.002, cycle_B: 0.101, gp: 0.226

saving the latest model (epoch 23, total_iters 920000)
[Rank 0] (epoch: 23, iters: 31744, time: 0.001, data: 0.001) , D_A: 0.222, G_A: 1.003, cycle_A: 0.106, D_B: 0.321, G_B: 0.975, cycle_B: 0.100, gp: 0.316

[Rank 0] (epoch: 23, iters: 33344, time: 0.001, data: 0.001) , D_A: 0.171, G_A: 0.948, cycle_A: 0.114, D_B: 0.333, G_B: 1.013, cycle_B: 0.097, gp: 0.330

[Rank 0] (epoch: 23, iters: 34944, time: 0.001, data: 0.001) , D_A: 0.201, G_A: 1.006, cycle_A: 0.114, D_B: 0.203, G_B: 1.001, cycle_B: 0.102, gp: 0.201

[Rank 0] (epoch: 23, iters: 36544, time: 0.001, data: 0.001) , D_A: 0.251, G_A: 0.945, cycle_A: 0.099, D_B: 0.152, G_B: 1.034, cycle_B: 0.118, gp: 0.150

[Rank 0] (epoch: 23, iters: 38144, time: 0.001, data: 0.001) , D_A: 0.111, G_A: 0.979, cycle_A: 0.113, D_B: 0.311, G_B: 1.002, cycle_B: 0.107, gp: 0.307

[Rank 0] (epoch: 23, iters: 39744, time: 0.001, data: 0.001) , D_A: 0.168, G_A: 0.983, cycle_A: 0.102, D_B: 0.181, G_B: 0.989, cycle_B: 0.102, gp: 0.178

learning rate 0.0002000 -> 0.0002000
temperature tau = 0.2349
End of epoch 23 / 50 	 Time Taken: 37 sec
[Rank 0] (epoch: 24, iters: 896, time: 0.001, data: 0.001) , D_A: 0.216, G_A: 0.978, cycle_A: 0.105, D_B: 0.224, G_B: 1.006, cycle_B: 0.094, gp: 0.221

[Rank 0] (epoch: 24, iters: 2496, time: 0.001, data: 0.000) , D_A: 0.226, G_A: 1.004, cycle_A: 0.114, D_B: 0.242, G_B: 1.006, cycle_B: 0.103, gp: 0.239

[Rank 0] (epoch: 24, iters: 4096, time: 0.001, data: 0.001) , D_A: 0.241, G_A: 0.958, cycle_A: 0.119, D_B: 0.348, G_B: 0.969, cycle_B: 0.099, gp: 0.342

[Rank 0] (epoch: 24, iters: 5696, time: 0.001, data: 0.001) , D_A: 0.140, G_A: 0.974, cycle_A: 0.112, D_B: 0.226, G_B: 1.045, cycle_B: 0.097, gp: 0.223

[Rank 0] (epoch: 24, iters: 7296, time: 0.001, data: 0.001) , D_A: 0.219, G_A: 1.040, cycle_A: 0.104, D_B: 0.366, G_B: 0.988, cycle_B: 0.102, gp: 0.361

[Rank 0] (epoch: 24, iters: 8896, time: 0.001, data: 0.001) , D_A: 0.166, G_A: 1.057, cycle_A: 0.103, D_B: 0.293, G_B: 0.983, cycle_B: 0.107, gp: 0.289

[Rank 0] (epoch: 24, iters: 10496, time: 0.001, data: 0.001) , D_A: 0.265, G_A: 0.968, cycle_A: 0.099, D_B: 0.063, G_B: 1.006, cycle_B: 0.099, gp: 0.061

[Rank 0] (epoch: 24, iters: 12096, time: 0.001, data: 0.001) , D_A: 0.109, G_A: 0.926, cycle_A: 0.104, D_B: 0.255, G_B: 0.968, cycle_B: 0.095, gp: 0.252

[Rank 0] (epoch: 24, iters: 13696, time: 0.001, data: 0.001) , D_A: 0.206, G_A: 0.944, cycle_A: 0.104, D_B: 0.273, G_B: 0.984, cycle_B: 0.098, gp: 0.269

[Rank 0] (epoch: 24, iters: 15296, time: 0.001, data: 0.001) , D_A: 0.176, G_A: 0.917, cycle_A: 0.107, D_B: 0.304, G_B: 0.980, cycle_B: 0.099, gp: 0.302

[Rank 0] (epoch: 24, iters: 16896, time: 0.001, data: 0.001) , D_A: 0.192, G_A: 0.973, cycle_A: 0.094, D_B: 0.201, G_B: 0.989, cycle_B: 0.096, gp: 0.199

[Rank 0] (epoch: 24, iters: 18496, time: 0.001, data: 0.001) , D_A: 0.203, G_A: 0.976, cycle_A: 0.111, D_B: 0.207, G_B: 1.024, cycle_B: 0.091, gp: 0.204

[Rank 0] (epoch: 24, iters: 20096, time: 0.001, data: 0.001) , D_A: 0.094, G_A: 0.957, cycle_A: 0.103, D_B: 0.174, G_B: 0.928, cycle_B: 0.105, gp: 0.171

[Rank 0] (epoch: 24, iters: 21696, time: 0.001, data: 0.001) , D_A: 0.152, G_A: 0.886, cycle_A: 0.103, D_B: 0.256, G_B: 1.025, cycle_B: 0.103, gp: 0.253

[Rank 0] (epoch: 24, iters: 23296, time: 0.001, data: 0.001) , D_A: 0.136, G_A: 0.996, cycle_A: 0.113, D_B: 0.249, G_B: 0.963, cycle_B: 0.103, gp: 0.247

[Rank 0] (epoch: 24, iters: 24896, time: 0.001, data: 0.001) , D_A: 0.191, G_A: 0.970, cycle_A: 0.104, D_B: 0.236, G_B: 1.029, cycle_B: 0.106, gp: 0.231

[Rank 0] (epoch: 24, iters: 26496, time: 0.001, data: 0.001) , D_A: 0.167, G_A: 1.074, cycle_A: 0.106, D_B: 0.259, G_B: 1.031, cycle_B: 0.099, gp: 0.253

[Rank 0] (epoch: 24, iters: 28096, time: 0.001, data: 0.001) , D_A: 0.187, G_A: 0.952, cycle_A: 0.119, D_B: 0.342, G_B: 0.988, cycle_B: 0.103, gp: 0.338

--- iter tau=0.2349 ---
  cipher in :  in the days of the spanish armadas threats isaac newton at the 
  decrypted :  op iae lnkd su iae drnpoda ncbnlnd iacenid odnnh petisp ni iae 
  real plain: ver and must not be going to high school to attend these classes
  cipher in : ad early poems are bad shakespeare or bad swinburne the bad late
  decrypted : nl encbk rsebd nce tnl danfedrence sc tnl dtoptvcpe iae tnl bnie
  real plain: aved nine president roosevelts illstarred but in effect victorio
[Rank 0] (epoch: 24, iters: 29696, time: 0.001, data: 0.001) , D_A: 0.195, G_A: 0.981, cycle_A: 0.104, D_B: 0.246, G_B: 1.003, cycle_B: 0.097, gp: 0.243

saving the latest model (epoch 24, total_iters 960000)
[Rank 0] (epoch: 24, iters: 31296, time: 0.001, data: 0.001) , D_A: 0.178, G_A: 1.026, cycle_A: 0.105, D_B: 0.371, G_B: 0.966, cycle_B: 0.098, gp: 0.368

[Rank 0] (epoch: 24, iters: 32896, time: 0.001, data: 0.001) , D_A: 0.211, G_A: 0.892, cycle_A: 0.095, D_B: 0.416, G_B: 0.992, cycle_B: 0.091, gp: 0.413

[Rank 0] (epoch: 24, iters: 34496, time: 0.001, data: 0.001) , D_A: 0.182, G_A: 1.043, cycle_A: 0.101, D_B: 0.211, G_B: 0.990, cycle_B: 0.098, gp: 0.209

[Rank 0] (epoch: 24, iters: 36096, time: 0.001, data: 0.001) , D_A: 0.128, G_A: 1.029, cycle_A: 0.111, D_B: 0.224, G_B: 0.996, cycle_B: 0.106, gp: 0.221

[Rank 0] (epoch: 24, iters: 37696, time: 0.001, data: 0.001) , D_A: 0.149, G_A: 1.030, cycle_A: 0.103, D_B: 0.274, G_B: 0.923, cycle_B: 0.101, gp: 0.271

[Rank 0] (epoch: 24, iters: 39296, time: 0.001, data: 0.001) , D_A: 0.196, G_A: 1.021, cycle_A: 0.105, D_B: 0.235, G_B: 0.927, cycle_B: 0.097, gp: 0.229

learning rate 0.0002000 -> 0.0002000
temperature tau = 0.2273
End of epoch 24 / 50 	 Time Taken: 36 sec
[Rank 0] (epoch: 25, iters: 448, time: 0.001, data: 0.001) , D_A: 0.173, G_A: 1.009, cycle_A: 0.102, D_B: 0.154, G_B: 0.977, cycle_B: 0.100, gp: 0.151

[Rank 0] (epoch: 25, iters: 2048, time: 0.001, data: 0.003) , D_A: 0.137, G_A: 0.939, cycle_A: 0.105, D_B: 0.332, G_B: 1.007, cycle_B: 0.099, gp: 0.329

[Rank 0] (epoch: 25, iters: 3648, time: 0.001, data: 0.002) , D_A: 0.146, G_A: 1.044, cycle_A: 0.104, D_B: 0.158, G_B: 1.012, cycle_B: 0.099, gp: 0.156

[Rank 0] (epoch: 25, iters: 5248, time: 0.001, data: 0.001) , D_A: 0.155, G_A: 1.006, cycle_A: 0.115, D_B: 0.231, G_B: 0.937, cycle_B: 0.102, gp: 0.223

[Rank 0] (epoch: 25, iters: 6848, time: 0.001, data: 0.001) , D_A: 0.190, G_A: 1.022, cycle_A: 0.615, D_B: 0.292, G_B: 0.970, cycle_B: 1.240, gp: 0.289

[Rank 0] (epoch: 25, iters: 8448, time: 0.001, data: 0.001) , D_A: 0.327, G_A: 0.719, cycle_A: 0.305, D_B: 0.332, G_B: 1.003, cycle_B: 0.198, gp: 0.326

[Rank 0] (epoch: 25, iters: 10048, time: 0.001, data: 0.001) , D_A: 0.260, G_A: 0.939, cycle_A: 0.188, D_B: 0.470, G_B: 0.958, cycle_B: 0.122, gp: 0.465

[Rank 0] (epoch: 25, iters: 11648, time: 0.001, data: 0.001) , D_A: 0.289, G_A: 0.683, cycle_A: 0.170, D_B: 0.330, G_B: 0.997, cycle_B: 0.180, gp: 0.326

[Rank 0] (epoch: 25, iters: 13248, time: 0.001, data: 0.001) , D_A: 0.253, G_A: 0.990, cycle_A: 0.180, D_B: 0.287, G_B: 0.998, cycle_B: 0.155, gp: 0.283

[Rank 0] (epoch: 25, iters: 14848, time: 0.001, data: 0.001) , D_A: 0.226, G_A: 0.946, cycle_A: 0.152, D_B: 0.266, G_B: 0.994, cycle_B: 0.186, gp: 0.261

[Rank 0] (epoch: 25, iters: 16448, time: 0.001, data: 0.001) , D_A: 0.181, G_A: 0.957, cycle_A: 0.142, D_B: 0.203, G_B: 1.023, cycle_B: 0.103, gp: 0.199

[Rank 0] (epoch: 25, iters: 18048, time: 0.001, data: 0.001) , D_A: 0.267, G_A: 0.983, cycle_A: 0.125, D_B: 0.295, G_B: 1.008, cycle_B: 0.100, gp: 0.293

[Rank 0] (epoch: 25, iters: 19648, time: 0.001, data: 0.001) , D_A: 0.176, G_A: 1.053, cycle_A: 0.146, D_B: 0.268, G_B: 0.966, cycle_B: 0.103, gp: 0.263

[Rank 0] (epoch: 25, iters: 21248, time: 0.001, data: 0.001) , D_A: 0.164, G_A: 0.780, cycle_A: 0.127, D_B: 0.275, G_B: 0.971, cycle_B: 0.100, gp: 0.270

[Rank 0] (epoch: 25, iters: 22848, time: 0.001, data: 0.001) , D_A: 0.182, G_A: 0.994, cycle_A: 0.131, D_B: 0.270, G_B: 0.973, cycle_B: 0.110, gp: 0.265

[Rank 0] (epoch: 25, iters: 24448, time: 0.001, data: 0.006) , D_A: 0.155, G_A: 0.974, cycle_A: 0.135, D_B: 0.378, G_B: 0.948, cycle_B: 0.101, gp: 0.372

[Rank 0] (epoch: 25, iters: 26048, time: 0.001, data: 0.001) , D_A: 0.082, G_A: 0.990, cycle_A: 0.132, D_B: 0.207, G_B: 1.001, cycle_B: 0.104, gp: 0.204

[Rank 0] (epoch: 25, iters: 27648, time: 0.001, data: 0.001) , D_A: 0.131, G_A: 0.904, cycle_A: 0.128, D_B: 0.226, G_B: 1.008, cycle_B: 0.102, gp: 0.222

--- iter tau=0.2273 ---
  cipher in :  of the various global danger points and setbacks for the west t
  decrypted :  su iae oncoshd fhstnh lnpfec rsopid npl deitnwmd usc iae tedi i
  real plain: ver and must not be going to high school to attend these classes
  cipher in : ll them she had become byrons mistress by odd coincidence on the
  decrypted : hh iaeb dae anl tewsbe trcspd bodicedd tr sll wsopwolepwe sp iae
  real plain: aved nine president roosevelts illstarred but in effect victorio
[Rank 0] (epoch: 25, iters: 29248, time: 0.001, data: 0.001) , D_A: 0.162, G_A: 1.040, cycle_A: 0.139, D_B: 0.346, G_B: 0.975, cycle_B: 0.105, gp: 0.341

saving the latest model (epoch 25, total_iters 1000000)
[Rank 0] (epoch: 25, iters: 30848, time: 0.001, data: 0.001) , D_A: 0.115, G_A: 0.969, cycle_A: 0.151, D_B: 0.210, G_B: 0.940, cycle_B: 0.112, gp: 0.205

[Rank 0] (epoch: 25, iters: 32448, time: 0.001, data: 0.001) , D_A: 0.163, G_A: 0.988, cycle_A: 0.136, D_B: 0.284, G_B: 1.000, cycle_B: 0.096, gp: 0.281

[Rank 0] (epoch: 25, iters: 34048, time: 0.001, data: 0.001) , D_A: 0.199, G_A: 0.985, cycle_A: 0.129, D_B: 0.208, G_B: 0.994, cycle_B: 0.113, gp: 0.204

[Rank 0] (epoch: 25, iters: 35648, time: 0.001, data: 0.001) , D_A: 0.208, G_A: 0.966, cycle_A: 0.127, D_B: 0.374, G_B: 0.963, cycle_B: 0.115, gp: 0.368

[Rank 0] (epoch: 25, iters: 37248, time: 0.001, data: 0.001) , D_A: 0.192, G_A: 0.984, cycle_A: 0.116, D_B: 0.200, G_B: 0.964, cycle_B: 0.108, gp: 0.196

[Rank 0] (epoch: 25, iters: 38848, time: 0.001, data: 0.001) , D_A: 0.213, G_A: 1.052, cycle_A: 0.128, D_B: 0.258, G_B: 1.019, cycle_B: 0.107, gp: 0.255

[Rank 0] (epoch: 25, iters: 40448, time: 0.001, data: 0.001) , D_A: 0.178, G_A: 0.999, cycle_A: 0.141, D_B: 0.246, G_B: 0.974, cycle_B: 0.103, gp: 0.244

learning rate 0.0002000 -> 0.0002000
temperature tau = 0.2200
End of epoch 25 / 50 	 Time Taken: 37 sec
[Rank 0] (epoch: 26, iters: 1600, time: 0.001, data: 0.127) , D_A: 0.136, G_A: 1.047, cycle_A: 0.136, D_B: 0.281, G_B: 1.006, cycle_B: 0.103, gp: 0.279

[Rank 0] (epoch: 26, iters: 3200, time: 0.001, data: 0.001) , D_A: 0.259, G_A: 0.856, cycle_A: 0.132, D_B: 0.179, G_B: 0.980, cycle_B: 0.102, gp: 0.177

[Rank 0] (epoch: 26, iters: 4800, time: 0.001, data: 0.001) , D_A: 0.255, G_A: 0.917, cycle_A: 0.139, D_B: 0.338, G_B: 0.995, cycle_B: 0.103, gp: 0.334

[Rank 0] (epoch: 26, iters: 6400, time: 0.001, data: 0.001) , D_A: 0.155, G_A: 1.048, cycle_A: 0.131, D_B: 0.258, G_B: 0.971, cycle_B: 0.103, gp: 0.254

[Rank 0] (epoch: 26, iters: 8000, time: 0.001, data: 0.001) , D_A: 0.221, G_A: 0.940, cycle_A: 0.138, D_B: 0.223, G_B: 0.950, cycle_B: 0.093, gp: 0.219

[Rank 0] (epoch: 26, iters: 9600, time: 0.001, data: 0.001) , D_A: 0.217, G_A: 0.961, cycle_A: 0.128, D_B: 0.210, G_B: 0.974, cycle_B: 0.108, gp: 0.207

[Rank 0] (epoch: 26, iters: 11200, time: 0.001, data: 0.001) , D_A: 0.183, G_A: 0.988, cycle_A: 0.127, D_B: 0.209, G_B: 0.988, cycle_B: 0.100, gp: 0.206

[Rank 0] (epoch: 26, iters: 12800, time: 0.001, data: 0.001) , D_A: 0.252, G_A: 0.963, cycle_A: 0.118, D_B: 0.199, G_B: 0.916, cycle_B: 0.115, gp: 0.196

[Rank 0] (epoch: 26, iters: 14400, time: 0.001, data: 0.001) , D_A: 0.220, G_A: 0.912, cycle_A: 0.134, D_B: 0.281, G_B: 0.965, cycle_B: 0.107, gp: 0.277

[Rank 0] (epoch: 26, iters: 16000, time: 0.001, data: 0.001) , D_A: 0.151, G_A: 0.994, cycle_A: 0.134, D_B: 0.390, G_B: 0.976, cycle_B: 0.109, gp: 0.386

[Rank 0] (epoch: 26, iters: 17600, time: 0.001, data: 0.001) , D_A: 0.188, G_A: 0.958, cycle_A: 0.134, D_B: 0.276, G_B: 0.990, cycle_B: 0.098, gp: 0.273

[Rank 0] (epoch: 26, iters: 19200, time: 0.001, data: 0.001) , D_A: 0.147, G_A: 1.003, cycle_A: 0.127, D_B: 0.192, G_B: 0.963, cycle_B: 0.115, gp: 0.189

[Rank 0] (epoch: 26, iters: 20800, time: 0.001, data: 0.001) , D_A: 0.194, G_A: 0.973, cycle_A: 0.117, D_B: 0.240, G_B: 0.961, cycle_B: 0.106, gp: 0.237

[Rank 0] (epoch: 26, iters: 22400, time: 0.001, data: 0.001) , D_A: 0.206, G_A: 0.943, cycle_A: 0.122, D_B: 0.281, G_B: 0.925, cycle_B: 0.111, gp: 0.278

[Rank 0] (epoch: 26, iters: 24000, time: 0.001, data: 0.001) , D_A: 0.178, G_A: 1.033, cycle_A: 0.120, D_B: 0.239, G_B: 0.991, cycle_B: 0.102, gp: 0.237

[Rank 0] (epoch: 26, iters: 25600, time: 0.001, data: 0.001) , D_A: 0.132, G_A: 0.841, cycle_A: 0.130, D_B: 0.186, G_B: 0.980, cycle_B: 0.119, gp: 0.184

[Rank 0] (epoch: 26, iters: 27200, time: 0.001, data: 0.001) , D_A: 0.172, G_A: 0.944, cycle_A: 0.125, D_B: 0.187, G_B: 1.010, cycle_B: 0.103, gp: 0.184

--- iter tau=0.2200 ---
  cipher in : lf for now it is clear that we were in the wrong you may reclaim
  decrypted : hu usc pst oi od whenc iani te tece op iae tcspf rsh bnr cewhnob
  real plain: d with it the alam pool was a haven from the infringement action
  cipher in : who favored nearbalkanization a loose federalism having a centra
  decrypted : tas unoscel penctnhmnpomniosp n hssde uelecnhodb anoopf n wepicn
  real plain: ity had now become widely divergent from the means of representa
[Rank 0] (epoch: 26, iters: 28800, time: 0.001, data: 0.001) , D_A: 0.168, G_A: 1.047, cycle_A: 0.130, D_B: 0.235, G_B: 0.995, cycle_B: 0.106, gp: 0.233

saving the latest model (epoch 26, total_iters 1040000)
[Rank 0] (epoch: 26, iters: 30400, time: 0.001, data: 0.001) , D_A: 0.222, G_A: 0.919, cycle_A: 0.136, D_B: 0.236, G_B: 1.023, cycle_B: 0.107, gp: 0.232

[Rank 0] (epoch: 26, iters: 32000, time: 0.001, data: 0.001) , D_A: 0.287, G_A: 0.991, cycle_A: 0.127, D_B: 0.344, G_B: 0.974, cycle_B: 0.105, gp: 0.341

[Rank 0] (epoch: 26, iters: 33600, time: 0.001, data: 0.001) , D_A: 0.178, G_A: 0.980, cycle_A: 0.131, D_B: 0.219, G_B: 0.989, cycle_B: 0.094, gp: 0.216

[Rank 0] (epoch: 26, iters: 35200, time: 0.001, data: 0.001) , D_A: 0.217, G_A: 1.004, cycle_A: 0.133, D_B: 0.187, G_B: 0.998, cycle_B: 0.104, gp: 0.184

[Rank 0] (epoch: 26, iters: 36800, time: 0.001, data: 0.001) , D_A: 0.166, G_A: 0.924, cycle_A: 0.128, D_B: 0.189, G_B: 0.993, cycle_B: 0.109, gp: 0.187

[Rank 0] (epoch: 26, iters: 38400, time: 0.001, data: 0.001) , D_A: 0.226, G_A: 0.942, cycle_A: 0.128, D_B: 0.267, G_B: 1.040, cycle_B: 0.108, gp: 0.261

[Rank 0] (epoch: 26, iters: 40000, time: 0.001, data: 0.001) , D_A: 0.219, G_A: 0.995, cycle_A: 0.142, D_B: 0.197, G_B: 0.986, cycle_B: 0.099, gp: 0.194

learning rate 0.0002000 -> 0.0002000
temperature tau = 0.2129
End of epoch 26 / 50 	 Time Taken: 33 sec
[Rank 0] (epoch: 27, iters: 1152, time: 0.001, data: 0.001) , D_A: 0.201, G_A: 1.012, cycle_A: 0.134, D_B: 0.212, G_B: 0.972, cycle_B: 0.102, gp: 0.210

[Rank 0] (epoch: 27, iters: 2752, time: 0.001, data: 0.001) , D_A: 0.194, G_A: 0.970, cycle_A: 0.118, D_B: 0.128, G_B: 0.980, cycle_B: 0.099, gp: 0.126

[Rank 0] (epoch: 27, iters: 4352, time: 0.001, data: 0.001) , D_A: 0.160, G_A: 1.234, cycle_A: 0.133, D_B: 0.281, G_B: 0.993, cycle_B: 0.115, gp: 0.279

[Rank 0] (epoch: 27, iters: 5952, time: 0.001, data: 0.001) , D_A: 0.206, G_A: 0.938, cycle_A: 0.130, D_B: 0.206, G_B: 0.975, cycle_B: 0.102, gp: 0.205

[Rank 0] (epoch: 27, iters: 7552, time: 0.001, data: 0.001) , D_A: 0.263, G_A: 1.016, cycle_A: 0.134, D_B: 0.158, G_B: 1.053, cycle_B: 0.096, gp: 0.154

[Rank 0] (epoch: 27, iters: 9152, time: 0.001, data: 0.001) , D_A: 0.199, G_A: 0.953, cycle_A: 0.128, D_B: 0.330, G_B: 1.002, cycle_B: 0.109, gp: 0.327

[Rank 0] (epoch: 27, iters: 10752, time: 0.001, data: 0.001) , D_A: 0.213, G_A: 0.967, cycle_A: 0.125, D_B: 0.225, G_B: 0.961, cycle_B: 0.105, gp: 0.221

[Rank 0] (epoch: 27, iters: 12352, time: 0.001, data: 0.001) , D_A: 0.183, G_A: 0.918, cycle_A: 0.126, D_B: 0.228, G_B: 0.969, cycle_B: 0.107, gp: 0.225

[Rank 0] (epoch: 27, iters: 13952, time: 0.001, data: 0.001) , D_A: 0.187, G_A: 0.924, cycle_A: 0.139, D_B: 0.260, G_B: 0.998, cycle_B: 0.112, gp: 0.257

[Rank 0] (epoch: 27, iters: 15552, time: 0.001, data: 0.001) , D_A: 0.124, G_A: 1.024, cycle_A: 0.131, D_B: 0.338, G_B: 0.956, cycle_B: 0.108, gp: 0.334

[Rank 0] (epoch: 27, iters: 17152, time: 0.001, data: 0.001) , D_A: 0.200, G_A: 0.956, cycle_A: 0.126, D_B: 0.171, G_B: 0.984, cycle_B: 0.108, gp: 0.169

[Rank 0] (epoch: 27, iters: 18752, time: 0.001, data: 0.001) , D_A: 0.203, G_A: 0.979, cycle_A: 0.125, D_B: 0.109, G_B: 0.986, cycle_B: 0.094, gp: 0.106

[Rank 0] (epoch: 27, iters: 20352, time: 0.001, data: 0.001) , D_A: 0.260, G_A: 1.019, cycle_A: 0.123, D_B: 0.232, G_B: 1.018, cycle_B: 0.106, gp: 0.229

[Rank 0] (epoch: 27, iters: 21952, time: 0.001, data: 0.001) , D_A: 0.205, G_A: 0.963, cycle_A: 0.119, D_B: 0.262, G_B: 0.977, cycle_B: 0.109, gp: 0.259

[Rank 0] (epoch: 27, iters: 23552, time: 0.001, data: 0.001) , D_A: 0.157, G_A: 1.036, cycle_A: 0.137, D_B: 0.213, G_B: 1.002, cycle_B: 0.113, gp: 0.211

[Rank 0] (epoch: 27, iters: 25152, time: 0.001, data: 0.001) , D_A: 0.103, G_A: 1.054, cycle_A: 0.132, D_B: 0.126, G_B: 1.039, cycle_B: 0.118, gp: 0.124

[Rank 0] (epoch: 27, iters: 26752, time: 0.001, data: 0.001) , D_A: 0.136, G_A: 0.922, cycle_A: 0.131, D_B: 0.201, G_B: 1.002, cycle_B: 0.107, gp: 0.198

--- iter tau=0.2129 ---
  cipher in : ters the united states open and a record in prize money he was h
  decrypted : iecd iae hgoiel dinied sreg ngl n cewscl og rcome bsger ae tnd a
  real plain:  added i hope so he said ive got this cold thought id bake it ou
  cipher in : ll right i put my arm carefully around him hans had his fingers 
  decrypted : hh cofai o rhi br ncb wnceuhhhr ncshgl aob angd anl aod uogfecd 
  real plain: is mind which stayed sane through happiness and pain made him wo
[Rank 0] (epoch: 27, iters: 28352, time: 0.001, data: 0.001) , D_A: 0.206, G_A: 1.029, cycle_A: 0.126, D_B: 0.216, G_B: 0.941, cycle_B: 0.105, gp: 0.214

saving the latest model (epoch 27, total_iters 1080000)
[Rank 0] (epoch: 27, iters: 29952, time: 0.001, data: 0.001) , D_A: 0.249, G_A: 1.022, cycle_A: 0.122, D_B: 0.329, G_B: 0.986, cycle_B: 0.108, gp: 0.325

[Rank 0] (epoch: 27, iters: 31552, time: 0.001, data: 0.001) , D_A: 0.194, G_A: 0.948, cycle_A: 0.132, D_B: 0.264, G_B: 0.997, cycle_B: 0.101, gp: 0.262

[Rank 0] (epoch: 27, iters: 33152, time: 0.001, data: 0.001) , D_A: 0.223, G_A: 1.019, cycle_A: 0.127, D_B: 0.339, G_B: 1.021, cycle_B: 0.096, gp: 0.336

[Rank 0] (epoch: 27, iters: 34752, time: 0.001, data: 0.001) , D_A: 0.154, G_A: 1.024, cycle_A: 0.118, D_B: 0.229, G_B: 1.002, cycle_B: 0.099, gp: 0.226

[Rank 0] (epoch: 27, iters: 36352, time: 0.001, data: 0.001) , D_A: 0.209, G_A: 1.045, cycle_A: 0.133, D_B: 0.198, G_B: 1.032, cycle_B: 0.102, gp: 0.195

[Rank 0] (epoch: 27, iters: 37952, time: 0.001, data: 0.001) , D_A: 0.234, G_A: 0.712, cycle_A: 0.125, D_B: 0.245, G_B: 0.949, cycle_B: 0.103, gp: 0.241

[Rank 0] (epoch: 27, iters: 39552, time: 0.001, data: 0.001) , D_A: 0.209, G_A: 0.997, cycle_A: 0.123, D_B: 0.226, G_B: 0.999, cycle_B: 0.103, gp: 0.225

learning rate 0.0002000 -> 0.0002000
temperature tau = 0.2060
End of epoch 27 / 50 	 Time Taken: 33 sec
[Rank 0] (epoch: 28, iters: 704, time: 0.001, data: 0.001) , D_A: 0.111, G_A: 0.995, cycle_A: 0.117, D_B: 0.233, G_B: 0.976, cycle_B: 0.102, gp: 0.231

[Rank 0] (epoch: 28, iters: 2304, time: 0.001, data: 0.000) , D_A: 0.247, G_A: 0.987, cycle_A: 0.113, D_B: 0.314, G_B: 1.047, cycle_B: 0.101, gp: 0.312

[Rank 0] (epoch: 28, iters: 3904, time: 0.001, data: 0.001) , D_A: 0.166, G_A: 0.965, cycle_A: 0.118, D_B: 0.201, G_B: 1.006, cycle_B: 0.104, gp: 0.199

[Rank 0] (epoch: 28, iters: 5504, time: 0.001, data: 0.002) , D_A: 0.237, G_A: 0.988, cycle_A: 0.121, D_B: 0.182, G_B: 1.013, cycle_B: 0.101, gp: 0.180

[Rank 0] (epoch: 28, iters: 7104, time: 0.001, data: 0.001) , D_A: 0.235, G_A: 0.846, cycle_A: 0.121, D_B: 0.188, G_B: 1.002, cycle_B: 0.104, gp: 0.186

[Rank 0] (epoch: 28, iters: 8704, time: 0.001, data: 0.001) , D_A: 0.113, G_A: 1.002, cycle_A: 0.115, D_B: 0.173, G_B: 1.025, cycle_B: 0.106, gp: 0.171

[Rank 0] (epoch: 28, iters: 10304, time: 0.001, data: 0.001) , D_A: 0.188, G_A: 1.011, cycle_A: 0.119, D_B: 0.153, G_B: 0.960, cycle_B: 0.106, gp: 0.148

[Rank 0] (epoch: 28, iters: 11904, time: 0.001, data: 0.001) , D_A: 0.217, G_A: 1.017, cycle_A: 0.122, D_B: 0.146, G_B: 0.921, cycle_B: 0.094, gp: 0.144

[Rank 0] (epoch: 28, iters: 13504, time: 0.001, data: 0.001) , D_A: 0.199, G_A: 1.052, cycle_A: 0.130, D_B: 0.314, G_B: 1.059, cycle_B: 0.097, gp: 0.305

[Rank 0] (epoch: 28, iters: 15104, time: 0.001, data: 0.001) , D_A: 0.195, G_A: 0.965, cycle_A: 0.126, D_B: 0.324, G_B: 0.976, cycle_B: 0.094, gp: 0.322

[Rank 0] (epoch: 28, iters: 16704, time: 0.001, data: 0.001) , D_A: 0.189, G_A: 1.019, cycle_A: 0.116, D_B: 0.162, G_B: 0.963, cycle_B: 0.093, gp: 0.160

[Rank 0] (epoch: 28, iters: 18304, time: 0.001, data: 0.001) , D_A: 0.097, G_A: 1.011, cycle_A: 0.123, D_B: 0.130, G_B: 1.000, cycle_B: 0.086, gp: 0.128

[Rank 0] (epoch: 28, iters: 19904, time: 0.001, data: 0.001) , D_A: 0.178, G_A: 0.836, cycle_A: 0.119, D_B: 0.266, G_B: 0.994, cycle_B: 0.095, gp: 0.263

[Rank 0] (epoch: 28, iters: 21504, time: 0.001, data: 0.002) , D_A: 0.260, G_A: 0.903, cycle_A: 0.119, D_B: 0.187, G_B: 0.999, cycle_B: 0.090, gp: 0.185

[Rank 0] (epoch: 28, iters: 23104, time: 0.001, data: 0.001) , D_A: 0.260, G_A: 0.997, cycle_A: 0.110, D_B: 0.245, G_B: 1.014, cycle_B: 0.106, gp: 0.240

[Rank 0] (epoch: 28, iters: 24704, time: 0.001, data: 0.001) , D_A: 0.184, G_A: 0.944, cycle_A: 0.120, D_B: 0.135, G_B: 0.999, cycle_B: 0.108, gp: 0.133

[Rank 0] (epoch: 28, iters: 26304, time: 0.001, data: 0.001) , D_A: 0.187, G_A: 0.974, cycle_A: 0.121, D_B: 0.220, G_B: 0.907, cycle_B: 0.096, gp: 0.218

--- iter tau=0.2060 ---
  cipher in :  leave he knew how to spread himself against the borders of the 
  decrypted :  henoe ae mget ast is drcenl aobdehu nfnogdi iae tsclecd su iae 
  real plain: r and he wandered around the yard in a pair of sweaty old cordur
  cipher in :  was taken on it by the town the town meeting directed town auth
  decrypted :  tnd inmeg sg oi tr iae istg iae istg beeiogf locewiel istg nhia
  real plain: hose who disagree with them why is it so different in regard to 
[Rank 0] (epoch: 28, iters: 27904, time: 0.001, data: 0.001) , D_A: 0.219, G_A: 0.884, cycle_A: 0.120, D_B: 0.133, G_B: 0.983, cycle_B: 0.098, gp: 0.130

saving the latest model (epoch 28, total_iters 1120000)
[Rank 0] (epoch: 28, iters: 29504, time: 0.001, data: 0.001) , D_A: 0.209, G_A: 0.964, cycle_A: 0.134, D_B: 0.344, G_B: 0.989, cycle_B: 0.099, gp: 0.341

[Rank 0] (epoch: 28, iters: 31104, time: 0.001, data: 0.001) , D_A: 0.138, G_A: 0.983, cycle_A: 0.123, D_B: 0.161, G_B: 1.013, cycle_B: 0.100, gp: 0.159

[Rank 0] (epoch: 28, iters: 32704, time: 0.001, data: 0.001) , D_A: 0.234, G_A: 1.017, cycle_A: 0.132, D_B: 0.244, G_B: 1.021, cycle_B: 0.090, gp: 0.242

[Rank 0] (epoch: 28, iters: 34304, time: 0.001, data: 0.001) , D_A: 0.167, G_A: 0.959, cycle_A: 0.115, D_B: 0.125, G_B: 1.012, cycle_B: 0.100, gp: 0.123

[Rank 0] (epoch: 28, iters: 35904, time: 0.001, data: 0.002) , D_A: 0.182, G_A: 1.017, cycle_A: 0.111, D_B: 0.185, G_B: 1.017, cycle_B: 0.103, gp: 0.183

[Rank 0] (epoch: 28, iters: 37504, time: 0.001, data: 0.001) , D_A: 0.126, G_A: 1.014, cycle_A: 0.116, D_B: 0.314, G_B: 0.962, cycle_B: 0.096, gp: 0.312

[Rank 0] (epoch: 28, iters: 39104, time: 0.001, data: 0.001) , D_A: 0.234, G_A: 1.024, cycle_A: 0.120, D_B: 0.199, G_B: 0.925, cycle_B: 0.099, gp: 0.195

learning rate 0.0002000 -> 0.0002000
temperature tau = 0.1993
End of epoch 28 / 50 	 Time Taken: 36 sec
[Rank 0] (epoch: 29, iters: 256, time: 0.001, data: 0.001) , D_A: 0.381, G_A: 0.260, cycle_A: 0.112, D_B: 0.184, G_B: 0.984, cycle_B: 0.091, gp: 0.181

[Rank 0] (epoch: 29, iters: 1856, time: 0.001, data: 0.000) , D_A: 0.223, G_A: 0.874, cycle_A: 0.117, D_B: 0.324, G_B: 1.016, cycle_B: 0.092, gp: 0.321

[Rank 0] (epoch: 29, iters: 3456, time: 0.001, data: 0.001) , D_A: 0.216, G_A: 0.963, cycle_A: 0.126, D_B: 0.146, G_B: 0.987, cycle_B: 0.098, gp: 0.145

[Rank 0] (epoch: 29, iters: 5056, time: 0.001, data: 0.001) , D_A: 0.227, G_A: 1.004, cycle_A: 0.121, D_B: 0.155, G_B: 0.969, cycle_B: 0.094, gp: 0.154

[Rank 0] (epoch: 29, iters: 6656, time: 0.001, data: 0.001) , D_A: 0.190, G_A: 1.036, cycle_A: 0.124, D_B: 0.248, G_B: 0.990, cycle_B: 0.096, gp: 0.247

[Rank 0] (epoch: 29, iters: 8256, time: 0.001, data: 0.001) , D_A: 0.220, G_A: 1.026, cycle_A: 0.130, D_B: 0.217, G_B: 0.934, cycle_B: 0.101, gp: 0.213

[Rank 0] (epoch: 29, iters: 9856, time: 0.001, data: 0.001) , D_A: 0.271, G_A: 0.979, cycle_A: 0.136, D_B: 0.106, G_B: 0.980, cycle_B: 0.101, gp: 0.104

[Rank 0] (epoch: 29, iters: 11456, time: 0.001, data: 0.001) , D_A: 0.198, G_A: 0.983, cycle_A: 0.124, D_B: 0.229, G_B: 1.008, cycle_B: 0.095, gp: 0.228

[Rank 0] (epoch: 29, iters: 13056, time: 0.001, data: 0.001) , D_A: 0.189, G_A: 0.899, cycle_A: 0.123, D_B: 0.234, G_B: 0.958, cycle_B: 0.097, gp: 0.230

[Rank 0] (epoch: 29, iters: 14656, time: 0.001, data: 0.001) , D_A: 0.144, G_A: 1.020, cycle_A: 0.112, D_B: 0.222, G_B: 1.027, cycle_B: 0.108, gp: 0.217

[Rank 0] (epoch: 29, iters: 16256, time: 0.001, data: 0.001) , D_A: 0.296, G_A: 0.991, cycle_A: 0.118, D_B: 0.358, G_B: 1.002, cycle_B: 0.111, gp: 0.355

[Rank 0] (epoch: 29, iters: 17856, time: 0.001, data: 0.001) , D_A: 0.208, G_A: 1.039, cycle_A: 0.121, D_B: 0.227, G_B: 0.997, cycle_B: 0.103, gp: 0.225

[Rank 0] (epoch: 29, iters: 19456, time: 0.001, data: 0.001) , D_A: 0.167, G_A: 0.918, cycle_A: 0.113, D_B: 0.174, G_B: 0.979, cycle_B: 0.104, gp: 0.171

[Rank 0] (epoch: 29, iters: 21056, time: 0.001, data: 0.001) , D_A: 0.238, G_A: 0.958, cycle_A: 0.124, D_B: 0.250, G_B: 1.029, cycle_B: 0.090, gp: 0.247

[Rank 0] (epoch: 29, iters: 22656, time: 0.001, data: 0.001) , D_A: 0.241, G_A: 1.008, cycle_A: 0.119, D_B: 0.262, G_B: 0.957, cycle_B: 0.102, gp: 0.259

[Rank 0] (epoch: 29, iters: 24256, time: 0.001, data: 0.001) , D_A: 0.107, G_A: 1.018, cycle_A: 0.122, D_B: 0.232, G_B: 0.976, cycle_B: 0.097, gp: 0.229

[Rank 0] (epoch: 29, iters: 25856, time: 0.001, data: 0.001) , D_A: 0.193, G_A: 1.105, cycle_A: 0.121, D_B: 0.148, G_B: 0.912, cycle_B: 0.097, gp: 0.145

--- iter tau=0.1993 ---
  cipher in : rst time in russian history her land forces enjoyed absolute uni
  decrypted : cdi iobe op chddonp aodiscr aec hnpl uscwed eplsrel ntdshhie hpo
  real plain: ke the order received by the sergeant of an army motor pool four
  cipher in : tury that his moods even in his early years are those of his peo
  decrypted : ihcr iani aod bssld eoep op aod enchr rencd nce iasde su aod res
  real plain: orth no actress can be expected to do her best work when her for
[Rank 0] (epoch: 29, iters: 27456, time: 0.001, data: 0.001) , D_A: 0.171, G_A: 0.943, cycle_A: 0.113, D_B: 0.134, G_B: 0.984, cycle_B: 0.097, gp: 0.131

saving the latest model (epoch 29, total_iters 1160000)
[Rank 0] (epoch: 29, iters: 29056, time: 0.001, data: 0.001) , D_A: 0.209, G_A: 0.982, cycle_A: 0.126, D_B: 0.200, G_B: 0.985, cycle_B: 0.099, gp: 0.198

[Rank 0] (epoch: 29, iters: 30656, time: 0.001, data: 0.001) , D_A: 0.185, G_A: 1.000, cycle_A: 0.123, D_B: 0.326, G_B: 0.952, cycle_B: 0.097, gp: 0.322

[Rank 0] (epoch: 29, iters: 32256, time: 0.001, data: 0.001) , D_A: 0.142, G_A: 1.007, cycle_A: 0.120, D_B: 0.291, G_B: 0.962, cycle_B: 0.096, gp: 0.286

[Rank 0] (epoch: 29, iters: 33856, time: 0.001, data: 0.001) , D_A: 0.101, G_A: 0.977, cycle_A: 0.124, D_B: 0.178, G_B: 0.982, cycle_B: 0.102, gp: 0.176

[Rank 0] (epoch: 29, iters: 35456, time: 0.001, data: 0.001) , D_A: 0.201, G_A: 0.957, cycle_A: 0.109, D_B: 0.235, G_B: 1.007, cycle_B: 0.107, gp: 0.233

[Rank 0] (epoch: 29, iters: 37056, time: 0.001, data: 0.001) , D_A: 0.200, G_A: 1.007, cycle_A: 0.129, D_B: 0.238, G_B: 1.020, cycle_B: 0.098, gp: 0.236

[Rank 0] (epoch: 29, iters: 38656, time: 0.001, data: 0.001) , D_A: 0.167, G_A: 0.910, cycle_A: 0.121, D_B: 0.234, G_B: 0.993, cycle_B: 0.099, gp: 0.232

[Rank 0] (epoch: 29, iters: 40256, time: 0.001, data: 0.001) , D_A: 0.175, G_A: 0.954, cycle_A: 0.117, D_B: 0.173, G_B: 0.991, cycle_B: 0.098, gp: 0.170

learning rate 0.0002000 -> 0.0002000
temperature tau = 0.1929
End of epoch 29 / 50 	 Time Taken: 36 sec
[Rank 0] (epoch: 30, iters: 1408, time: 0.001, data: 0.000) , D_A: 0.151, G_A: 0.955, cycle_A: 0.122, D_B: 0.244, G_B: 1.012, cycle_B: 0.098, gp: 0.239

[Rank 0] (epoch: 30, iters: 3008, time: 0.001, data: 0.001) , D_A: 0.216, G_A: 1.094, cycle_A: 0.126, D_B: 0.134, G_B: 0.965, cycle_B: 0.094, gp: 0.131

[Rank 0] (epoch: 30, iters: 4608, time: 0.001, data: 0.001) , D_A: 0.283, G_A: 1.108, cycle_A: 0.111, D_B: 0.198, G_B: 0.994, cycle_B: 0.109, gp: 0.196

[Rank 0] (epoch: 30, iters: 6208, time: 0.001, data: 0.001) , D_A: 0.118, G_A: 1.039, cycle_A: 0.129, D_B: 0.163, G_B: 0.984, cycle_B: 0.103, gp: 0.161

[Rank 0] (epoch: 30, iters: 7808, time: 0.001, data: 0.002) , D_A: 0.241, G_A: 0.930, cycle_A: 0.125, D_B: 0.276, G_B: 0.981, cycle_B: 0.090, gp: 0.274

[Rank 0] (epoch: 30, iters: 9408, time: 0.001, data: 0.001) , D_A: 0.237, G_A: 1.033, cycle_A: 0.121, D_B: 0.257, G_B: 0.969, cycle_B: 0.101, gp: 0.255

[Rank 0] (epoch: 30, iters: 11008, time: 0.001, data: 0.001) , D_A: 0.175, G_A: 0.873, cycle_A: 0.120, D_B: 0.200, G_B: 1.035, cycle_B: 0.096, gp: 0.198

[Rank 0] (epoch: 30, iters: 12608, time: 0.001, data: 0.001) , D_A: 0.143, G_A: 1.020, cycle_A: 0.116, D_B: 0.188, G_B: 1.053, cycle_B: 0.098, gp: 0.182

[Rank 0] (epoch: 30, iters: 14208, time: 0.001, data: 0.001) , D_A: 0.155, G_A: 0.976, cycle_A: 0.125, D_B: 0.385, G_B: 0.822, cycle_B: 0.102, gp: 0.382

[Rank 0] (epoch: 30, iters: 15808, time: 0.001, data: 0.001) , D_A: 0.130, G_A: 0.972, cycle_A: 0.118, D_B: 0.153, G_B: 1.097, cycle_B: 0.097, gp: 0.150

[Rank 0] (epoch: 30, iters: 17408, time: 0.001, data: 0.001) , D_A: 0.191, G_A: 0.984, cycle_A: 0.117, D_B: 0.238, G_B: 0.987, cycle_B: 0.098, gp: 0.236

[Rank 0] (epoch: 30, iters: 19008, time: 0.001, data: 0.001) , D_A: 0.152, G_A: 1.066, cycle_A: 0.124, D_B: 0.249, G_B: 0.966, cycle_B: 0.105, gp: 0.247

[Rank 0] (epoch: 30, iters: 20608, time: 0.001, data: 0.001) , D_A: 0.163, G_A: 1.030, cycle_A: 0.119, D_B: 0.183, G_B: 0.988, cycle_B: 0.101, gp: 0.181

[Rank 0] (epoch: 30, iters: 22208, time: 0.001, data: 0.001) , D_A: 0.184, G_A: 0.932, cycle_A: 0.126, D_B: 0.290, G_B: 1.036, cycle_B: 0.100, gp: 0.285

[Rank 0] (epoch: 30, iters: 23808, time: 0.001, data: 0.001) , D_A: 0.324, G_A: 1.065, cycle_A: 0.117, D_B: 0.179, G_B: 1.036, cycle_B: 0.095, gp: 0.177

[Rank 0] (epoch: 30, iters: 25408, time: 0.001, data: 0.001) , D_A: 0.249, G_A: 0.959, cycle_A: 0.111, D_B: 0.166, G_B: 0.962, cycle_B: 0.115, gp: 0.163

--- iter tau=0.1929 ---
  cipher in : l children the student will certainly want to explore more deepl
  decrypted : h waohlcev iae dihlevi tohh wecinovhr tnvi is exrhsce bsce leerh
  real plain: sheet ask each member to write a statement on such topics as wha
  cipher in : s dont eat the cereal right away but within a short time they ar
  decrypted : d lsvi eni iae wecenh cofai ntnr thi toiaov n dasci iobe iaer nc
  real plain: essing and marketing farm products purchasing farm supplies or f
[Rank 0] (epoch: 30, iters: 27008, time: 0.001, data: 0.001) , D_A: 0.265, G_A: 0.964, cycle_A: 0.125, D_B: 0.200, G_B: 0.977, cycle_B: 0.122, gp: 0.199

saving the latest model (epoch 30, total_iters 1200000)
[Rank 0] (epoch: 30, iters: 28608, time: 0.001, data: 0.001) , D_A: 0.193, G_A: 0.989, cycle_A: 0.123, D_B: 0.222, G_B: 0.994, cycle_B: 0.107, gp: 0.220

[Rank 0] (epoch: 30, iters: 30208, time: 0.001, data: 0.001) , D_A: 0.167, G_A: 0.936, cycle_A: 0.126, D_B: 0.388, G_B: 1.151, cycle_B: 0.108, gp: 0.378

[Rank 0] (epoch: 30, iters: 31808, time: 0.001, data: 0.001) , D_A: 0.155, G_A: 1.005, cycle_A: 0.115, D_B: 0.258, G_B: 0.999, cycle_B: 0.109, gp: 0.256

[Rank 0] (epoch: 30, iters: 33408, time: 0.001, data: 0.001) , D_A: 0.241, G_A: 1.025, cycle_A: 0.125, D_B: 0.253, G_B: 0.974, cycle_B: 0.091, gp: 0.251

[Rank 0] (epoch: 30, iters: 35008, time: 0.001, data: 0.001) , D_A: 0.185, G_A: 0.977, cycle_A: 0.127, D_B: 0.180, G_B: 1.018, cycle_B: 0.095, gp: 0.178

[Rank 0] (epoch: 30, iters: 36608, time: 0.001, data: 0.001) , D_A: 0.161, G_A: 1.003, cycle_A: 0.124, D_B: 0.153, G_B: 0.973, cycle_B: 0.103, gp: 0.151

[Rank 0] (epoch: 30, iters: 38208, time: 0.001, data: 0.001) , D_A: 0.241, G_A: 0.927, cycle_A: 0.116, D_B: 0.229, G_B: 0.967, cycle_B: 0.103, gp: 0.226

[Rank 0] (epoch: 30, iters: 39808, time: 0.001, data: 0.001) , D_A: 0.119, G_A: 0.985, cycle_A: 0.126, D_B: 0.200, G_B: 1.011, cycle_B: 0.103, gp: 0.198

learning rate 0.0002000 -> 0.0002000
temperature tau = 0.1867
End of epoch 30 / 50 	 Time Taken: 35 sec
[Rank 0] (epoch: 31, iters: 960, time: 0.001, data: 0.001) , D_A: 0.167, G_A: 0.961, cycle_A: 0.125, D_B: 0.140, G_B: 1.011, cycle_B: 0.100, gp: 0.138

[Rank 0] (epoch: 31, iters: 2560, time: 0.001, data: 0.001) , D_A: 0.208, G_A: 0.899, cycle_A: 0.117, D_B: 0.251, G_B: 0.973, cycle_B: 0.100, gp: 0.250

[Rank 0] (epoch: 31, iters: 4160, time: 0.001, data: 0.001) , D_A: 0.106, G_A: 1.030, cycle_A: 0.122, D_B: 0.253, G_B: 1.002, cycle_B: 0.099, gp: 0.251

[Rank 0] (epoch: 31, iters: 5760, time: 0.001, data: 0.001) , D_A: 0.116, G_A: 0.964, cycle_A: 0.121, D_B: 0.197, G_B: 1.012, cycle_B: 0.093, gp: 0.194

[Rank 0] (epoch: 31, iters: 7360, time: 0.001, data: 0.001) , D_A: 0.231, G_A: 1.012, cycle_A: 0.124, D_B: 0.230, G_B: 1.040, cycle_B: 0.082, gp: 0.228

[Rank 0] (epoch: 31, iters: 8960, time: 0.001, data: 0.001) , D_A: 0.243, G_A: 0.963, cycle_A: 0.127, D_B: 0.212, G_B: 1.006, cycle_B: 0.091, gp: 0.210

[Rank 0] (epoch: 31, iters: 10560, time: 0.001, data: 0.001) , D_A: 0.189, G_A: 0.901, cycle_A: 0.126, D_B: 0.212, G_B: 1.034, cycle_B: 0.088, gp: 0.210

[Rank 0] (epoch: 31, iters: 12160, time: 0.001, data: 0.001) , D_A: 0.140, G_A: 0.980, cycle_A: 0.111, D_B: 0.219, G_B: 1.064, cycle_B: 0.078, gp: 0.216

[Rank 0] (epoch: 31, iters: 13760, time: 0.001, data: 0.001) , D_A: 0.098, G_A: 1.042, cycle_A: 0.114, D_B: 0.187, G_B: 0.999, cycle_B: 0.084, gp: 0.185

[Rank 0] (epoch: 31, iters: 15360, time: 0.001, data: 0.001) , D_A: 0.175, G_A: 0.974, cycle_A: 0.122, D_B: 0.304, G_B: 0.834, cycle_B: 0.083, gp: 0.298

[Rank 0] (epoch: 31, iters: 16960, time: 0.001, data: 0.001) , D_A: 0.182, G_A: 1.031, cycle_A: 0.120, D_B: 0.177, G_B: 0.996, cycle_B: 0.090, gp: 0.174

[Rank 0] (epoch: 31, iters: 18560, time: 0.001, data: 0.001) , D_A: 0.079, G_A: 0.979, cycle_A: 0.120, D_B: 0.219, G_B: 0.982, cycle_B: 0.079, gp: 0.216

[Rank 0] (epoch: 31, iters: 20160, time: 0.001, data: 0.001) , D_A: 0.216, G_A: 0.866, cycle_A: 0.117, D_B: 0.145, G_B: 0.998, cycle_B: 0.082, gp: 0.143

[Rank 0] (epoch: 31, iters: 21760, time: 0.001, data: 0.001) , D_A: 0.181, G_A: 0.939, cycle_A: 0.122, D_B: 0.158, G_B: 1.004, cycle_B: 0.081, gp: 0.156

[Rank 0] (epoch: 31, iters: 23360, time: 0.001, data: 0.001) , D_A: 0.252, G_A: 1.056, cycle_A: 0.112, D_B: 0.125, G_B: 1.019, cycle_B: 0.085, gp: 0.123

[Rank 0] (epoch: 31, iters: 24960, time: 0.001, data: 0.001) , D_A: 0.219, G_A: 0.730, cycle_A: 0.127, D_B: 0.278, G_B: 1.043, cycle_B: 0.092, gp: 0.273

--- iter tau=0.1867 ---
  cipher in : g but winter when i returned i got there on a saturday evening i
  decrypted : f thi togiec taeg o ceihcgel o fsi iaece sg n dnihclnr eoegogf o
  real plain: little real resistance to wage demands the contribution of this 
  cipher in : and anthony told me you were here two anabaptists caroli and ben
  decrypted : ngl ngiasgr ishl be rsh tece aece its ngntnriodid wncsho ngl teg
  real plain: s we didnt get many at fairview and they were never pretty sight
[Rank 0] (epoch: 31, iters: 26560, time: 0.001, data: 0.001) , D_A: 0.142, G_A: 0.988, cycle_A: 0.123, D_B: 0.206, G_B: 0.974, cycle_B: 0.085, gp: 0.205

saving the latest model (epoch 31, total_iters 1240000)
[Rank 0] (epoch: 31, iters: 28160, time: 0.001, data: 0.001) , D_A: 0.132, G_A: 0.973, cycle_A: 0.110, D_B: 0.121, G_B: 1.034, cycle_B: 0.086, gp: 0.119

[Rank 0] (epoch: 31, iters: 29760, time: 0.001, data: 0.001) , D_A: 0.263, G_A: 1.030, cycle_A: 0.118, D_B: 0.359, G_B: 1.005, cycle_B: 0.086, gp: 0.356

[Rank 0] (epoch: 31, iters: 31360, time: 0.001, data: 0.001) , D_A: 0.169, G_A: 0.958, cycle_A: 0.121, D_B: 0.269, G_B: 0.962, cycle_B: 0.082, gp: 0.265

[Rank 0] (epoch: 31, iters: 32960, time: 0.001, data: 0.001) , D_A: 0.193, G_A: 0.937, cycle_A: 0.121, D_B: 0.178, G_B: 0.964, cycle_B: 0.074, gp: 0.176

[Rank 0] (epoch: 31, iters: 34560, time: 0.001, data: 0.001) , D_A: 0.187, G_A: 1.041, cycle_A: 0.108, D_B: 0.254, G_B: 0.900, cycle_B: 0.082, gp: 0.251

[Rank 0] (epoch: 31, iters: 36160, time: 0.001, data: 0.001) , D_A: 0.164, G_A: 0.953, cycle_A: 0.108, D_B: 0.216, G_B: 1.019, cycle_B: 0.100, gp: 0.214

[Rank 0] (epoch: 31, iters: 37760, time: 0.001, data: 0.001) , D_A: 0.219, G_A: 0.941, cycle_A: 0.111, D_B: 0.218, G_B: 1.054, cycle_B: 0.098, gp: 0.214

[Rank 0] (epoch: 31, iters: 39360, time: 0.001, data: 0.001) , D_A: 0.156, G_A: 0.973, cycle_A: 0.119, D_B: 0.201, G_B: 1.017, cycle_B: 0.092, gp: 0.199

learning rate 0.0002000 -> 0.0002000
temperature tau = 0.1806
End of epoch 31 / 50 	 Time Taken: 33 sec
[Rank 0] (epoch: 32, iters: 512, time: 0.001, data: 0.013) , D_A: 0.229, G_A: 1.065, cycle_A: 0.123, D_B: 0.205, G_B: 0.840, cycle_B: 0.086, gp: 0.193

[Rank 0] (epoch: 32, iters: 2112, time: 0.001, data: 0.000) , D_A: 0.184, G_A: 0.983, cycle_A: 0.120, D_B: 0.179, G_B: 0.995, cycle_B: 0.092, gp: 0.177

[Rank 0] (epoch: 32, iters: 3712, time: 0.001, data: 0.001) , D_A: 0.160, G_A: 1.018, cycle_A: 0.126, D_B: 0.209, G_B: 0.996, cycle_B: 0.086, gp: 0.206

[Rank 0] (epoch: 32, iters: 5312, time: 0.001, data: 0.001) , D_A: 0.150, G_A: 0.955, cycle_A: 0.120, D_B: 0.186, G_B: 1.036, cycle_B: 0.084, gp: 0.184

[Rank 0] (epoch: 32, iters: 6912, time: 0.001, data: 0.001) , D_A: 0.155, G_A: 0.830, cycle_A: 0.111, D_B: 0.085, G_B: 0.973, cycle_B: 0.082, gp: 0.084

[Rank 0] (epoch: 32, iters: 8512, time: 0.001, data: 0.001) , D_A: 0.098, G_A: 0.969, cycle_A: 0.115, D_B: 0.179, G_B: 1.002, cycle_B: 0.089, gp: 0.177

[Rank 0] (epoch: 32, iters: 10112, time: 0.001, data: 0.001) , D_A: 0.167, G_A: 0.935, cycle_A: 0.122, D_B: 0.184, G_B: 0.988, cycle_B: 0.087, gp: 0.182

[Rank 0] (epoch: 32, iters: 11712, time: 0.001, data: 0.001) , D_A: 0.122, G_A: 0.975, cycle_A: 0.105, D_B: 0.201, G_B: 0.977, cycle_B: 0.082, gp: 0.199

[Rank 0] (epoch: 32, iters: 13312, time: 0.001, data: 0.001) , D_A: 0.148, G_A: 1.045, cycle_A: 0.119, D_B: 0.185, G_B: 0.905, cycle_B: 0.083, gp: 0.181

[Rank 0] (epoch: 32, iters: 14912, time: 0.001, data: 0.001) , D_A: 0.139, G_A: 0.989, cycle_A: 0.117, D_B: 0.224, G_B: 1.011, cycle_B: 0.085, gp: 0.221

[Rank 0] (epoch: 32, iters: 16512, time: 0.001, data: 0.001) , D_A: 0.196, G_A: 1.038, cycle_A: 0.118, D_B: 0.175, G_B: 1.011, cycle_B: 0.080, gp: 0.173

[Rank 0] (epoch: 32, iters: 18112, time: 0.001, data: 0.001) , D_A: 0.145, G_A: 1.015, cycle_A: 0.115, D_B: 0.188, G_B: 1.017, cycle_B: 0.072, gp: 0.186

[Rank 0] (epoch: 32, iters: 19712, time: 0.001, data: 0.001) , D_A: 0.206, G_A: 0.907, cycle_A: 0.125, D_B: 0.106, G_B: 0.990, cycle_B: 0.085, gp: 0.103

[Rank 0] (epoch: 32, iters: 21312, time: 0.001, data: 0.001) , D_A: 0.166, G_A: 1.097, cycle_A: 0.132, D_B: 0.164, G_B: 0.987, cycle_B: 0.077, gp: 0.162

[Rank 0] (epoch: 32, iters: 22912, time: 0.001, data: 0.001) , D_A: 0.121, G_A: 1.004, cycle_A: 0.118, D_B: 0.265, G_B: 1.029, cycle_B: 0.084, gp: 0.263

[Rank 0] (epoch: 32, iters: 24512, time: 0.001, data: 0.001) , D_A: 0.200, G_A: 1.064, cycle_A: 0.101, D_B: 0.203, G_B: 0.953, cycle_B: 0.081, gp: 0.201

--- iter tau=0.1806 ---
  cipher in : d themselves in the limbo of the forgotten only when the newest 
  decrypted : l iaebdehoed og iae hobts su iae uscfsiieg sghr taeg iae getedi 
  real plain:  taxation rather than by a levy only on those states afflicted w
  cipher in : ty can either be that of war to destruction or that of diplomati
  decrypted : ir wng eoiaec te iani su tnc is ledichwiosg sc iani su lorhsbnio
  real plain: ell her about being scared but victoria began yodeling just then
[Rank 0] (epoch: 32, iters: 26112, time: 0.001, data: 0.001) , D_A: 0.139, G_A: 0.969, cycle_A: 0.118, D_B: 0.143, G_B: 0.970, cycle_B: 0.086, gp: 0.141

saving the latest model (epoch 32, total_iters 1280000)
[Rank 0] (epoch: 32, iters: 27712, time: 0.001, data: 0.001) , D_A: 0.162, G_A: 1.011, cycle_A: 0.127, D_B: 0.136, G_B: 1.020, cycle_B: 0.086, gp: 0.134

[Rank 0] (epoch: 32, iters: 29312, time: 0.001, data: 0.001) , D_A: 0.168, G_A: 1.060, cycle_A: 0.129, D_B: 0.310, G_B: 1.031, cycle_B: 0.084, gp: 0.307

[Rank 0] (epoch: 32, iters: 30912, time: 0.001, data: 0.001) , D_A: 0.201, G_A: 1.021, cycle_A: 0.117, D_B: 0.339, G_B: 0.674, cycle_B: 0.086, gp: 0.268

[Rank 0] (epoch: 32, iters: 32512, time: 0.001, data: 0.001) , D_A: 0.117, G_A: 0.962, cycle_A: 0.120, D_B: 0.234, G_B: 0.863, cycle_B: 0.079, gp: 0.227

[Rank 0] (epoch: 32, iters: 34112, time: 0.001, data: 0.002) , D_A: 0.146, G_A: 1.006, cycle_A: 0.114, D_B: 0.336, G_B: 0.981, cycle_B: 0.084, gp: 0.332

[Rank 0] (epoch: 32, iters: 35712, time: 0.001, data: 0.001) , D_A: 0.168, G_A: 1.006, cycle_A: 0.117, D_B: 0.250, G_B: 0.979, cycle_B: 0.095, gp: 0.247

[Rank 0] (epoch: 32, iters: 37312, time: 0.001, data: 0.001) , D_A: 0.234, G_A: 1.074, cycle_A: 0.116, D_B: 0.235, G_B: 0.904, cycle_B: 0.084, gp: 0.233

[Rank 0] (epoch: 32, iters: 38912, time: 0.001, data: 0.001) , D_A: 0.181, G_A: 0.966, cycle_A: 0.113, D_B: 0.144, G_B: 1.008, cycle_B: 0.086, gp: 0.140

learning rate 0.0002000 -> 0.0002000
temperature tau = 0.1748
End of epoch 32 / 50 	 Time Taken: 37 sec
[Rank 0] (epoch: 33, iters: 64, time: 0.001, data: 0.001) , D_A: 0.076, G_A: 0.952, cycle_A: 0.115, D_B: 0.160, G_B: 0.953, cycle_B: 0.080, gp: 0.158

[Rank 0] (epoch: 33, iters: 1664, time: 0.001, data: 0.001) , D_A: 0.212, G_A: 1.031, cycle_A: 0.120, D_B: 0.261, G_B: 0.974, cycle_B: 0.086, gp: 0.259

[Rank 0] (epoch: 33, iters: 3264, time: 0.001, data: 0.001) , D_A: 0.157, G_A: 1.017, cycle_A: 0.110, D_B: 0.128, G_B: 0.944, cycle_B: 0.084, gp: 0.126

[Rank 0] (epoch: 33, iters: 4864, time: 0.001, data: 0.001) , D_A: 0.099, G_A: 1.031, cycle_A: 0.118, D_B: 0.158, G_B: 1.001, cycle_B: 0.083, gp: 0.156

[Rank 0] (epoch: 33, iters: 6464, time: 0.001, data: 0.001) , D_A: 0.189, G_A: 1.008, cycle_A: 0.114, D_B: 0.163, G_B: 1.001, cycle_B: 0.081, gp: 0.160

[Rank 0] (epoch: 33, iters: 8064, time: 0.001, data: 0.001) , D_A: 0.179, G_A: 0.986, cycle_A: 0.125, D_B: 0.238, G_B: 0.951, cycle_B: 0.081, gp: 0.235

[Rank 0] (epoch: 33, iters: 9664, time: 0.001, data: 0.001) , D_A: 0.271, G_A: 1.033, cycle_A: 0.118, D_B: 0.234, G_B: 0.952, cycle_B: 0.095, gp: 0.232

[Rank 0] (epoch: 33, iters: 11264, time: 0.001, data: 0.001) , D_A: 0.154, G_A: 1.022, cycle_A: 0.121, D_B: 0.272, G_B: 1.015, cycle_B: 0.080, gp: 0.269

[Rank 0] (epoch: 33, iters: 12864, time: 0.001, data: 0.001) , D_A: 0.151, G_A: 0.997, cycle_A: 0.113, D_B: 0.256, G_B: 0.964, cycle_B: 0.084, gp: 0.252

[Rank 0] (epoch: 33, iters: 14464, time: 0.001, data: 0.001) , D_A: 0.206, G_A: 1.002, cycle_A: 0.130, D_B: 0.383, G_B: 0.978, cycle_B: 0.086, gp: 0.380

[Rank 0] (epoch: 33, iters: 16064, time: 0.001, data: 0.001) , D_A: 0.188, G_A: 0.999, cycle_A: 0.113, D_B: 0.302, G_B: 0.947, cycle_B: 0.090, gp: 0.298

[Rank 0] (epoch: 33, iters: 17664, time: 0.001, data: 0.001) , D_A: 0.173, G_A: 1.013, cycle_A: 0.120, D_B: 0.189, G_B: 0.959, cycle_B: 0.075, gp: 0.188

[Rank 0] (epoch: 33, iters: 19264, time: 0.001, data: 0.001) , D_A: 0.121, G_A: 1.051, cycle_A: 0.116, D_B: 0.235, G_B: 1.015, cycle_B: 0.089, gp: 0.234

[Rank 0] (epoch: 33, iters: 20864, time: 0.001, data: 0.001) , D_A: 0.150, G_A: 0.925, cycle_A: 0.106, D_B: 0.265, G_B: 0.994, cycle_B: 0.088, gp: 0.263

[Rank 0] (epoch: 33, iters: 22464, time: 0.001, data: 0.001) , D_A: 0.194, G_A: 0.967, cycle_A: 0.120, D_B: 0.268, G_B: 0.941, cycle_B: 0.085, gp: 0.266

[Rank 0] (epoch: 33, iters: 24064, time: 0.001, data: 0.001) , D_A: 0.107, G_A: 1.007, cycle_A: 0.114, D_B: 0.154, G_B: 0.997, cycle_B: 0.083, gp: 0.152

--- iter tau=0.1748 ---
  cipher in : erous and distant resonances from the entire body of manns work 
  decrypted : ecshd npl lodinpi cedspnpwed ucsb iae epioce tslr su bnppd tscm 
  real plain:  taxation rather than by a levy only on those states afflicted w
  cipher in : it to nothing with the sole of his heavy shoe now he looked at h
  decrypted : oi is psiaopf toia iae dshe su aod aenor dase pst ae hssmel ni a
  real plain: ell her about being scared but victoria began yodeling just then
[Rank 0] (epoch: 33, iters: 25664, time: 0.001, data: 0.001) , D_A: 0.125, G_A: 1.053, cycle_A: 0.123, D_B: 0.133, G_B: 0.927, cycle_B: 0.085, gp: 0.131

saving the latest model (epoch 33, total_iters 1320000)
[Rank 0] (epoch: 33, iters: 27264, time: 0.001, data: 0.001) , D_A: 0.118, G_A: 1.054, cycle_A: 0.123, D_B: 0.266, G_B: 0.968, cycle_B: 0.083, gp: 0.264

[Rank 0] (epoch: 33, iters: 28864, time: 0.001, data: 0.001) , D_A: 0.217, G_A: 0.931, cycle_A: 0.125, D_B: 0.207, G_B: 0.985, cycle_B: 0.081, gp: 0.205

[Rank 0] (epoch: 33, iters: 30464, time: 0.001, data: 0.001) , D_A: 0.188, G_A: 1.005, cycle_A: 0.130, D_B: 0.183, G_B: 1.000, cycle_B: 0.084, gp: 0.181

[Rank 0] (epoch: 33, iters: 32064, time: 0.001, data: 0.001) , D_A: 0.184, G_A: 0.941, cycle_A: 0.118, D_B: 0.156, G_B: 0.984, cycle_B: 0.085, gp: 0.154

[Rank 0] (epoch: 33, iters: 33664, time: 0.001, data: 0.001) , D_A: 0.124, G_A: 0.977, cycle_A: 0.117, D_B: 0.144, G_B: 1.010, cycle_B: 0.082, gp: 0.143

[Rank 0] (epoch: 33, iters: 35264, time: 0.001, data: 0.001) , D_A: 0.140, G_A: 0.987, cycle_A: 0.117, D_B: 0.217, G_B: 1.000, cycle_B: 0.083, gp: 0.215

[Rank 0] (epoch: 33, iters: 36864, time: 0.001, data: 0.001) , D_A: 0.203, G_A: 0.892, cycle_A: 0.113, D_B: 0.155, G_B: 1.000, cycle_B: 0.088, gp: 0.153

[Rank 0] (epoch: 33, iters: 38464, time: 0.001, data: 0.001) , D_A: 0.249, G_A: 1.004, cycle_A: 0.109, D_B: 0.250, G_B: 0.986, cycle_B: 0.091, gp: 0.249

[Rank 0] (epoch: 33, iters: 40064, time: 0.001, data: 0.001) , D_A: 0.189, G_A: 0.986, cycle_A: 0.114, D_B: 0.342, G_B: 1.113, cycle_B: 0.082, gp: 0.333

learning rate 0.0002000 -> 0.0002000
temperature tau = 0.1691
End of epoch 33 / 50 	 Time Taken: 33 sec
[Rank 0] (epoch: 34, iters: 1216, time: 0.001, data: 0.001) , D_A: 0.205, G_A: 0.974, cycle_A: 0.107, D_B: 0.216, G_B: 0.995, cycle_B: 0.084, gp: 0.214

[Rank 0] (epoch: 34, iters: 2816, time: 0.001, data: 0.001) , D_A: 0.195, G_A: 1.014, cycle_A: 0.112, D_B: 0.124, G_B: 1.004, cycle_B: 0.080, gp: 0.123

[Rank 0] (epoch: 34, iters: 4416, time: 0.001, data: 0.001) , D_A: 0.197, G_A: 1.006, cycle_A: 0.118, D_B: 0.166, G_B: 1.013, cycle_B: 0.081, gp: 0.164

[Rank 0] (epoch: 34, iters: 6016, time: 0.001, data: 0.001) , D_A: 0.192, G_A: 0.986, cycle_A: 0.119, D_B: 0.146, G_B: 0.979, cycle_B: 0.081, gp: 0.143

[Rank 0] (epoch: 34, iters: 7616, time: 0.001, data: 0.001) , D_A: 0.233, G_A: 0.966, cycle_A: 0.114, D_B: 0.298, G_B: 0.950, cycle_B: 0.083, gp: 0.290

[Rank 0] (epoch: 34, iters: 9216, time: 0.001, data: 0.001) , D_A: 0.196, G_A: 0.992, cycle_A: 0.096, D_B: 0.297, G_B: 0.986, cycle_B: 0.088, gp: 0.294

[Rank 0] (epoch: 34, iters: 10816, time: 0.001, data: 0.001) , D_A: 0.158, G_A: 0.990, cycle_A: 0.105, D_B: 0.301, G_B: 0.971, cycle_B: 0.078, gp: 0.298

[Rank 0] (epoch: 34, iters: 12416, time: 0.001, data: 0.001) , D_A: 0.192, G_A: 0.994, cycle_A: 0.105, D_B: 0.260, G_B: 0.989, cycle_B: 0.080, gp: 0.258

[Rank 0] (epoch: 34, iters: 14016, time: 0.001, data: 0.001) , D_A: 0.229, G_A: 0.937, cycle_A: 0.094, D_B: 0.350, G_B: 0.985, cycle_B: 0.085, gp: 0.347

[Rank 0] (epoch: 34, iters: 15616, time: 0.001, data: 0.001) , D_A: 0.310, G_A: 0.970, cycle_A: 0.106, D_B: 0.306, G_B: 1.015, cycle_B: 0.085, gp: 0.302

[Rank 0] (epoch: 34, iters: 17216, time: 0.001, data: 0.001) , D_A: 0.335, G_A: 0.988, cycle_A: 0.101, D_B: 0.275, G_B: 1.005, cycle_B: 0.092, gp: 0.272

[Rank 0] (epoch: 34, iters: 18816, time: 0.001, data: 0.001) , D_A: 0.284, G_A: 1.009, cycle_A: 0.100, D_B: 0.147, G_B: 1.010, cycle_B: 0.071, gp: 0.145

[Rank 0] (epoch: 34, iters: 20416, time: 0.001, data: 0.001) , D_A: 0.163, G_A: 1.041, cycle_A: 0.088, D_B: 0.235, G_B: 0.960, cycle_B: 0.080, gp: 0.232

[Rank 0] (epoch: 34, iters: 22016, time: 0.001, data: 0.001) , D_A: 0.150, G_A: 0.917, cycle_A: 0.091, D_B: 0.324, G_B: 1.013, cycle_B: 0.081, gp: 0.321

[Rank 0] (epoch: 34, iters: 23616, time: 0.001, data: 0.001) , D_A: 0.237, G_A: 0.969, cycle_A: 0.093, D_B: 0.197, G_B: 0.949, cycle_B: 0.078, gp: 0.194

--- iter tau=0.1691 ---
  cipher in : plus a new one called lingo a pidgin whose vocabulary was derive
  decrypted : rhhd n get sge wnhhel hogfs n rolfog tasde oswnqhhncr tnd lecooe
  real plain: d mosaiclike paintings of gustav klimt then the dean of austrian
  cipher in : erribly funny though it would be hard to explain why one of them
  decrypted : eccoqhr uhggr iashfa oi tshhl qe ancl is exrhnog tar sge su iaeb
  real plain: und that this precocious grownup boy of deserved to be taught th
[Rank 0] (epoch: 34, iters: 25216, time: 0.001, data: 0.001) , D_A: 0.146, G_A: 0.985, cycle_A: 0.098, D_B: 0.287, G_B: 0.957, cycle_B: 0.085, gp: 0.284

saving the latest model (epoch 34, total_iters 1360000)
[Rank 0] (epoch: 34, iters: 26816, time: 0.001, data: 0.001) , D_A: 0.225, G_A: 0.945, cycle_A: 0.109, D_B: 0.262, G_B: 0.999, cycle_B: 0.082, gp: 0.260

[Rank 0] (epoch: 34, iters: 28416, time: 0.001, data: 0.001) , D_A: 0.143, G_A: 1.016, cycle_A: 0.094, D_B: 0.242, G_B: 1.000, cycle_B: 0.081, gp: 0.240

[Rank 0] (epoch: 34, iters: 30016, time: 0.001, data: 0.001) , D_A: 0.170, G_A: 0.978, cycle_A: 0.093, D_B: 0.357, G_B: 0.955, cycle_B: 0.079, gp: 0.355

[Rank 0] (epoch: 34, iters: 31616, time: 0.001, data: 0.001) , D_A: 0.244, G_A: 0.947, cycle_A: 0.089, D_B: 0.206, G_B: 0.990, cycle_B: 0.080, gp: 0.204

[Rank 0] (epoch: 34, iters: 33216, time: 0.001, data: 0.001) , D_A: 0.149, G_A: 0.991, cycle_A: 0.093, D_B: 0.257, G_B: 0.994, cycle_B: 0.073, gp: 0.255

[Rank 0] (epoch: 34, iters: 34816, time: 0.001, data: 0.001) , D_A: 0.173, G_A: 0.958, cycle_A: 0.099, D_B: 0.122, G_B: 1.012, cycle_B: 0.079, gp: 0.120

[Rank 0] (epoch: 34, iters: 36416, time: 0.001, data: 0.001) , D_A: 0.225, G_A: 0.974, cycle_A: 0.099, D_B: 0.145, G_B: 0.950, cycle_B: 0.086, gp: 0.144

[Rank 0] (epoch: 34, iters: 38016, time: 0.001, data: 0.001) , D_A: 0.114, G_A: 1.021, cycle_A: 0.097, D_B: 0.187, G_B: 1.009, cycle_B: 0.082, gp: 0.184

[Rank 0] (epoch: 34, iters: 39616, time: 0.001, data: 0.001) , D_A: 0.245, G_A: 0.986, cycle_A: 0.102, D_B: 0.258, G_B: 1.006, cycle_B: 0.094, gp: 0.255

learning rate 0.0002000 -> 0.0002000
temperature tau = 0.1637
End of epoch 34 / 50 	 Time Taken: 37 sec
[Rank 0] (epoch: 35, iters: 768, time: 0.001, data: 0.001) , D_A: 0.179, G_A: 1.019, cycle_A: 0.094, D_B: 0.362, G_B: 0.945, cycle_B: 0.089, gp: 0.358

[Rank 0] (epoch: 35, iters: 2368, time: 0.001, data: 0.000) , D_A: 0.164, G_A: 0.964, cycle_A: 0.094, D_B: 0.264, G_B: 0.997, cycle_B: 0.091, gp: 0.260

[Rank 0] (epoch: 35, iters: 3968, time: 0.001, data: 0.001) , D_A: 0.173, G_A: 1.010, cycle_A: 0.101, D_B: 0.216, G_B: 0.998, cycle_B: 0.089, gp: 0.214

[Rank 0] (epoch: 35, iters: 5568, time: 0.001, data: 0.001) , D_A: 0.207, G_A: 0.957, cycle_A: 0.097, D_B: 0.200, G_B: 0.995, cycle_B: 0.080, gp: 0.198

[Rank 0] (epoch: 35, iters: 7168, time: 0.001, data: 0.001) , D_A: 0.185, G_A: 0.929, cycle_A: 0.098, D_B: 0.178, G_B: 0.980, cycle_B: 0.076, gp: 0.176

[Rank 0] (epoch: 35, iters: 8768, time: 0.001, data: 0.001) , D_A: 0.162, G_A: 0.970, cycle_A: 0.096, D_B: 0.191, G_B: 1.027, cycle_B: 0.082, gp: 0.190

[Rank 0] (epoch: 35, iters: 10368, time: 0.001, data: 0.001) , D_A: 0.203, G_A: 0.987, cycle_A: 0.108, D_B: 0.297, G_B: 1.006, cycle_B: 0.082, gp: 0.294

[Rank 0] (epoch: 35, iters: 11968, time: 0.001, data: 0.001) , D_A: 0.216, G_A: 0.937, cycle_A: 0.105, D_B: 0.111, G_B: 1.012, cycle_B: 0.074, gp: 0.110

[Rank 0] (epoch: 35, iters: 13568, time: 0.001, data: 0.001) , D_A: 0.186, G_A: 1.055, cycle_A: 0.104, D_B: 0.179, G_B: 1.036, cycle_B: 0.077, gp: 0.175

[Rank 0] (epoch: 35, iters: 15168, time: 0.001, data: 0.002) , D_A: 0.171, G_A: 0.967, cycle_A: 0.104, D_B: 0.202, G_B: 0.998, cycle_B: 0.081, gp: 0.200

[Rank 0] (epoch: 35, iters: 16768, time: 0.001, data: 0.001) , D_A: 0.228, G_A: 0.959, cycle_A: 0.094, D_B: 0.211, G_B: 0.997, cycle_B: 0.079, gp: 0.209

[Rank 0] (epoch: 35, iters: 18368, time: 0.001, data: 0.001) , D_A: 0.151, G_A: 0.977, cycle_A: 0.094, D_B: 0.222, G_B: 1.005, cycle_B: 0.068, gp: 0.220

[Rank 0] (epoch: 35, iters: 19968, time: 0.001, data: 0.001) , D_A: 0.097, G_A: 1.027, cycle_A: 0.097, D_B: 0.190, G_B: 1.005, cycle_B: 0.075, gp: 0.189

[Rank 0] (epoch: 35, iters: 21568, time: 0.001, data: 0.001) , D_A: 0.273, G_A: 1.022, cycle_A: 0.093, D_B: 0.385, G_B: 0.918, cycle_B: 0.083, gp: 0.378

[Rank 0] (epoch: 35, iters: 23168, time: 0.001, data: 0.001) , D_A: 0.157, G_A: 0.938, cycle_A: 0.087, D_B: 0.341, G_B: 0.998, cycle_B: 0.082, gp: 0.339

--- iter tau=0.1637 ---
  cipher in : e has always been most characteristic and most helpful on septem
  decrypted : e and nhtnrd qeeg bsdi wancnwiecodiow ngl bsdi aehruhh sg derieb
  real plain: d match him calm dignified composed superbly eloquent mr kennedy
  cipher in : ractical and outofstep with the wishes of the general public i b
  decrypted : cnwiownh ngl shisudier toia iae todaed su iae fegecnh rhqhow o q
  real plain: jective control voluntary as the kohnstammpositive subjects perc
[Rank 0] (epoch: 35, iters: 24768, time: 0.001, data: 0.001) , D_A: 0.154, G_A: 1.027, cycle_A: 0.094, D_B: 0.248, G_B: 0.968, cycle_B: 0.084, gp: 0.246

saving the latest model (epoch 35, total_iters 1400000)
[Rank 0] (epoch: 35, iters: 26368, time: 0.001, data: 0.001) , D_A: 0.128, G_A: 0.997, cycle_A: 0.088, D_B: 0.260, G_B: 0.994, cycle_B: 0.084, gp: 0.256

[Rank 0] (epoch: 35, iters: 27968, time: 0.001, data: 0.001) , D_A: 0.190, G_A: 1.004, cycle_A: 0.089, D_B: 0.239, G_B: 0.974, cycle_B: 0.084, gp: 0.236

[Rank 0] (epoch: 35, iters: 29568, time: 0.001, data: 0.001) , D_A: 0.315, G_A: 1.006, cycle_A: 0.099, D_B: 0.306, G_B: 1.024, cycle_B: 0.079, gp: 0.303

[Rank 0] (epoch: 35, iters: 31168, time: 0.001, data: 0.001) , D_A: 0.165, G_A: 0.990, cycle_A: 0.099, D_B: 0.077, G_B: 0.990, cycle_B: 0.080, gp: 0.075

[Rank 0] (epoch: 35, iters: 32768, time: 0.001, data: 0.001) , D_A: 0.120, G_A: 0.912, cycle_A: 0.097, D_B: 0.215, G_B: 1.110, cycle_B: 0.074, gp: 0.211

[Rank 0] (epoch: 35, iters: 34368, time: 0.001, data: 0.001) , D_A: 0.211, G_A: 0.956, cycle_A: 0.091, D_B: 0.343, G_B: 0.958, cycle_B: 0.080, gp: 0.340

[Rank 0] (epoch: 35, iters: 35968, time: 0.001, data: 0.001) , D_A: 0.251, G_A: 0.977, cycle_A: 0.104, D_B: 0.299, G_B: 0.970, cycle_B: 0.085, gp: 0.297

[Rank 0] (epoch: 35, iters: 37568, time: 0.001, data: 0.001) , D_A: 0.211, G_A: 0.978, cycle_A: 0.096, D_B: 0.252, G_B: 0.998, cycle_B: 0.080, gp: 0.250

[Rank 0] (epoch: 35, iters: 39168, time: 0.001, data: 0.001) , D_A: 0.154, G_A: 0.990, cycle_A: 0.089, D_B: 0.415, G_B: 0.967, cycle_B: 0.082, gp: 0.410

learning rate 0.0002000 -> 0.0002000
temperature tau = 0.1584
End of epoch 35 / 50 	 Time Taken: 36 sec
[Rank 0] (epoch: 36, iters: 320, time: 0.001, data: 0.001) , D_A: 0.123, G_A: 0.991, cycle_A: 0.103, D_B: 0.238, G_B: 0.999, cycle_B: 0.076, gp: 0.236

[Rank 0] (epoch: 36, iters: 1920, time: 0.001, data: 0.002) , D_A: 0.153, G_A: 1.033, cycle_A: 0.102, D_B: 0.157, G_B: 0.974, cycle_B: 0.075, gp: 0.154

[Rank 0] (epoch: 36, iters: 3520, time: 0.001, data: 0.001) , D_A: 0.085, G_A: 0.973, cycle_A: 0.101, D_B: 0.250, G_B: 0.951, cycle_B: 0.078, gp: 0.248

[Rank 0] (epoch: 36, iters: 5120, time: 0.001, data: 0.001) , D_A: 0.230, G_A: 0.946, cycle_A: 0.093, D_B: 0.163, G_B: 1.000, cycle_B: 0.080, gp: 0.161

[Rank 0] (epoch: 36, iters: 6720, time: 0.001, data: 0.001) , D_A: 0.149, G_A: 0.983, cycle_A: 0.104, D_B: 0.228, G_B: 1.031, cycle_B: 0.078, gp: 0.226

[Rank 0] (epoch: 36, iters: 8320, time: 0.001, data: 0.001) , D_A: 0.131, G_A: 0.930, cycle_A: 0.115, D_B: 0.196, G_B: 0.968, cycle_B: 0.088, gp: 0.194

[Rank 0] (epoch: 36, iters: 9920, time: 0.001, data: 0.001) , D_A: 0.206, G_A: 0.996, cycle_A: 0.095, D_B: 0.267, G_B: 0.993, cycle_B: 0.082, gp: 0.264

[Rank 0] (epoch: 36, iters: 11520, time: 0.001, data: 0.001) , D_A: 0.145, G_A: 0.948, cycle_A: 0.090, D_B: 0.243, G_B: 0.966, cycle_B: 0.078, gp: 0.240

[Rank 0] (epoch: 36, iters: 13120, time: 0.001, data: 0.001) , D_A: 0.085, G_A: 1.012, cycle_A: 0.095, D_B: 0.237, G_B: 0.970, cycle_B: 0.080, gp: 0.234

[Rank 0] (epoch: 36, iters: 14720, time: 0.001, data: 0.001) , D_A: 0.147, G_A: 0.877, cycle_A: 0.094, D_B: 0.319, G_B: 0.978, cycle_B: 0.082, gp: 0.317

[Rank 0] (epoch: 36, iters: 16320, time: 0.001, data: 0.001) , D_A: 0.186, G_A: 1.033, cycle_A: 0.098, D_B: 0.213, G_B: 0.990, cycle_B: 0.086, gp: 0.210

[Rank 0] (epoch: 36, iters: 17920, time: 0.001, data: 0.001) , D_A: 0.151, G_A: 0.992, cycle_A: 0.096, D_B: 0.136, G_B: 0.974, cycle_B: 0.073, gp: 0.134

[Rank 0] (epoch: 36, iters: 19520, time: 0.001, data: 0.001) , D_A: 0.197, G_A: 0.948, cycle_A: 0.098, D_B: 0.289, G_B: 1.009, cycle_B: 0.074, gp: 0.287

[Rank 0] (epoch: 36, iters: 21120, time: 0.001, data: 0.001) , D_A: 0.175, G_A: 0.917, cycle_A: 0.095, D_B: 0.213, G_B: 0.972, cycle_B: 0.076, gp: 0.211

[Rank 0] (epoch: 36, iters: 22720, time: 0.001, data: 0.001) , D_A: 0.165, G_A: 0.870, cycle_A: 0.090, D_B: 0.257, G_B: 0.968, cycle_B: 0.091, gp: 0.252

--- iter tau=0.1584 ---
  cipher in : lva had seen unshelled people she took this experience calmly an
  decrypted : hon anl deeg hgdaehhel resrhe dae issm iaod exreyoegwe wnhbhr ng
  real plain: now acey and his friends were returning to seek him out the stat
  cipher in : s ago len lesourd is my executive editor today many of you are f
  decrypted : d nfs heg hedshyl od br exewhiooe eloisy islnr bngr su rsh nye u
  real plain: e music folk songs and melodies and gospel programs furthermore 
[Rank 0] (epoch: 36, iters: 24320, time: 0.001, data: 0.001) , D_A: 0.226, G_A: 1.049, cycle_A: 0.102, D_B: 0.188, G_B: 0.980, cycle_B: 0.076, gp: 0.186

saving the latest model (epoch 36, total_iters 1440000)
[Rank 0] (epoch: 36, iters: 25920, time: 0.001, data: 0.001) , D_A: 0.122, G_A: 0.965, cycle_A: 0.100, D_B: 0.164, G_B: 0.985, cycle_B: 0.079, gp: 0.162

[Rank 0] (epoch: 36, iters: 27520, time: 0.001, data: 0.001) , D_A: 0.168, G_A: 0.955, cycle_A: 0.101, D_B: 0.374, G_B: 0.967, cycle_B: 0.079, gp: 0.371

[Rank 0] (epoch: 36, iters: 29120, time: 0.001, data: 0.001) , D_A: 0.168, G_A: 1.006, cycle_A: 0.096, D_B: 0.342, G_B: 0.934, cycle_B: 0.081, gp: 0.338

[Rank 0] (epoch: 36, iters: 30720, time: 0.001, data: 0.001) , D_A: 0.230, G_A: 1.012, cycle_A: 0.094, D_B: 0.150, G_B: 0.996, cycle_B: 0.082, gp: 0.148

[Rank 0] (epoch: 36, iters: 32320, time: 0.001, data: 0.001) , D_A: 0.140, G_A: 0.992, cycle_A: 0.083, D_B: 0.331, G_B: 1.000, cycle_B: 0.075, gp: 0.329

[Rank 0] (epoch: 36, iters: 33920, time: 0.001, data: 0.001) , D_A: 0.165, G_A: 1.032, cycle_A: 0.094, D_B: 0.145, G_B: 1.005, cycle_B: 0.085, gp: 0.143

[Rank 0] (epoch: 36, iters: 35520, time: 0.001, data: 0.001) , D_A: 0.212, G_A: 0.946, cycle_A: 0.104, D_B: 0.312, G_B: 1.050, cycle_B: 0.093, gp: 0.310

[Rank 0] (epoch: 36, iters: 37120, time: 0.001, data: 0.001) , D_A: 0.112, G_A: 0.989, cycle_A: 0.093, D_B: 0.322, G_B: 1.012, cycle_B: 0.081, gp: 0.320

[Rank 0] (epoch: 36, iters: 38720, time: 0.001, data: 0.001) , D_A: 0.144, G_A: 0.973, cycle_A: 0.093, D_B: 0.268, G_B: 0.982, cycle_B: 0.082, gp: 0.266

[Rank 0] (epoch: 36, iters: 40320, time: 0.001, data: 0.001) , D_A: 0.217, G_A: 0.987, cycle_A: 0.103, D_B: 0.182, G_B: 1.000, cycle_B: 0.077, gp: 0.180

learning rate 0.0002000 -> 0.0002000
temperature tau = 0.1533
End of epoch 36 / 50 	 Time Taken: 33 sec
[Rank 0] (epoch: 37, iters: 1472, time: 0.001, data: 0.001) , D_A: 0.196, G_A: 0.914, cycle_A: 0.105, D_B: 0.279, G_B: 1.116, cycle_B: 0.092, gp: 0.274

[Rank 0] (epoch: 37, iters: 3072, time: 0.001, data: 0.001) , D_A: 0.193, G_A: 0.987, cycle_A: 0.085, D_B: 0.149, G_B: 0.932, cycle_B: 0.077, gp: 0.147

[Rank 0] (epoch: 37, iters: 4672, time: 0.001, data: 0.001) , D_A: 0.154, G_A: 1.030, cycle_A: 0.097, D_B: 0.143, G_B: 0.985, cycle_B: 0.079, gp: 0.141

[Rank 0] (epoch: 37, iters: 6272, time: 0.001, data: 0.001) , D_A: 0.159, G_A: 0.993, cycle_A: 0.100, D_B: 0.287, G_B: 0.965, cycle_B: 0.078, gp: 0.284

[Rank 0] (epoch: 37, iters: 7872, time: 0.001, data: 0.001) , D_A: 0.190, G_A: 0.934, cycle_A: 0.100, D_B: 0.296, G_B: 1.049, cycle_B: 0.073, gp: 0.295

[Rank 0] (epoch: 37, iters: 9472, time: 0.001, data: 0.001) , D_A: 0.142, G_A: 1.015, cycle_A: 0.084, D_B: 0.295, G_B: 0.991, cycle_B: 0.082, gp: 0.291

[Rank 0] (epoch: 37, iters: 11072, time: 0.001, data: 0.001) , D_A: 0.154, G_A: 1.007, cycle_A: 0.096, D_B: 0.207, G_B: 1.065, cycle_B: 0.076, gp: 0.203

[Rank 0] (epoch: 37, iters: 12672, time: 0.001, data: 0.001) , D_A: 0.290, G_A: 0.946, cycle_A: 0.104, D_B: 0.294, G_B: 1.001, cycle_B: 0.079, gp: 0.292

[Rank 0] (epoch: 37, iters: 14272, time: 0.001, data: 0.001) , D_A: 0.125, G_A: 0.888, cycle_A: 0.087, D_B: 0.398, G_B: 1.013, cycle_B: 0.085, gp: 0.395

[Rank 0] (epoch: 37, iters: 15872, time: 0.001, data: 0.001) , D_A: 0.173, G_A: 0.990, cycle_A: 0.098, D_B: 0.309, G_B: 0.967, cycle_B: 0.079, gp: 0.306

[Rank 0] (epoch: 37, iters: 17472, time: 0.001, data: 0.001) , D_A: 0.138, G_A: 0.959, cycle_A: 0.095, D_B: 0.396, G_B: 0.976, cycle_B: 0.075, gp: 0.393

[Rank 0] (epoch: 37, iters: 19072, time: 0.001, data: 0.001) , D_A: 0.194, G_A: 1.027, cycle_A: 0.096, D_B: 0.234, G_B: 1.015, cycle_B: 0.085, gp: 0.232

[Rank 0] (epoch: 37, iters: 20672, time: 0.001, data: 0.001) , D_A: 0.230, G_A: 1.002, cycle_A: 0.089, D_B: 0.266, G_B: 0.957, cycle_B: 0.080, gp: 0.264

[Rank 0] (epoch: 37, iters: 22272, time: 0.001, data: 0.001) , D_A: 0.219, G_A: 0.908, cycle_A: 0.099, D_B: 0.364, G_B: 0.953, cycle_B: 0.082, gp: 0.361

--- iter tau=0.1533 ---
  cipher in : ed by barbs of graying beard his small mean eyes regarded marty 
  decrypted : el qr qncqd su fcnrogf qencl aod dbnhh beng ered cefnclel bncir 
  real plain:  the functions and future of poetry suggests this one of the thi
  cipher in : om and a molecular susceptibility of af where af for exactly thr
  decrypted : sb ngl n bshewhhnc dhdwerioqohoir su nu taece nu usc exnwihr iac
  real plain: ally it gives sanctity more than human legitimacy and even throu
[Rank 0] (epoch: 37, iters: 23872, time: 0.001, data: 0.001) , D_A: 0.121, G_A: 0.998, cycle_A: 0.085, D_B: 0.184, G_B: 1.018, cycle_B: 0.077, gp: 0.182

saving the latest model (epoch 37, total_iters 1480000)
[Rank 0] (epoch: 37, iters: 25472, time: 0.001, data: 0.001) , D_A: 0.114, G_A: 1.009, cycle_A: 0.097, D_B: 0.161, G_B: 1.002, cycle_B: 0.087, gp: 0.159

[Rank 0] (epoch: 37, iters: 27072, time: 0.001, data: 0.001) , D_A: 0.173, G_A: 0.880, cycle_A: 0.092, D_B: 0.344, G_B: 0.951, cycle_B: 0.082, gp: 0.342

[Rank 0] (epoch: 37, iters: 28672, time: 0.001, data: 0.001) , D_A: 0.109, G_A: 1.047, cycle_A: 0.088, D_B: 0.179, G_B: 0.978, cycle_B: 0.077, gp: 0.177

[Rank 0] (epoch: 37, iters: 30272, time: 0.001, data: 0.001) , D_A: 0.126, G_A: 1.039, cycle_A: 0.103, D_B: 0.398, G_B: 0.944, cycle_B: 0.078, gp: 0.395

[Rank 0] (epoch: 37, iters: 31872, time: 0.001, data: 0.001) , D_A: 0.213, G_A: 1.057, cycle_A: 0.101, D_B: 0.151, G_B: 1.009, cycle_B: 0.082, gp: 0.150

[Rank 0] (epoch: 37, iters: 33472, time: 0.001, data: 0.001) , D_A: 0.135, G_A: 1.019, cycle_A: 0.098, D_B: 0.256, G_B: 0.980, cycle_B: 0.075, gp: 0.254

[Rank 0] (epoch: 37, iters: 35072, time: 0.001, data: 0.001) , D_A: 0.203, G_A: 1.055, cycle_A: 0.090, D_B: 0.192, G_B: 0.984, cycle_B: 0.071, gp: 0.191

[Rank 0] (epoch: 37, iters: 36672, time: 0.001, data: 0.001) , D_A: 0.208, G_A: 1.003, cycle_A: 0.085, D_B: 0.258, G_B: 0.990, cycle_B: 0.083, gp: 0.255

[Rank 0] (epoch: 37, iters: 38272, time: 0.001, data: 0.001) , D_A: 0.238, G_A: 0.761, cycle_A: 0.103, D_B: 0.197, G_B: 0.980, cycle_B: 0.079, gp: 0.196

[Rank 0] (epoch: 37, iters: 39872, time: 0.001, data: 0.001) , D_A: 0.102, G_A: 0.995, cycle_A: 0.089, D_B: 0.474, G_B: 0.986, cycle_B: 0.078, gp: 0.471

learning rate 0.0002000 -> 0.0002000
temperature tau = 0.1483
End of epoch 37 / 50 	 Time Taken: 37 sec
[Rank 0] (epoch: 38, iters: 1024, time: 0.001, data: 0.001) , D_A: 0.140, G_A: 1.053, cycle_A: 0.071, D_B: 0.354, G_B: 0.911, cycle_B: 0.076, gp: 0.351

[Rank 0] (epoch: 38, iters: 2624, time: 0.001, data: 0.001) , D_A: 0.140, G_A: 0.976, cycle_A: 0.073, D_B: 0.261, G_B: 0.937, cycle_B: 0.073, gp: 0.258

[Rank 0] (epoch: 38, iters: 4224, time: 0.001, data: 0.001) , D_A: 0.135, G_A: 0.921, cycle_A: 0.068, D_B: 0.366, G_B: 0.978, cycle_B: 0.072, gp: 0.364

[Rank 0] (epoch: 38, iters: 5824, time: 0.001, data: 0.001) , D_A: 0.175, G_A: 0.925, cycle_A: 0.075, D_B: 0.194, G_B: 1.024, cycle_B: 0.077, gp: 0.192

[Rank 0] (epoch: 38, iters: 7424, time: 0.001, data: 0.001) , D_A: 0.092, G_A: 0.961, cycle_A: 0.074, D_B: 0.213, G_B: 1.003, cycle_B: 0.076, gp: 0.211

[Rank 0] (epoch: 38, iters: 9024, time: 0.001, data: 0.001) , D_A: 0.192, G_A: 0.862, cycle_A: 0.070, D_B: 0.314, G_B: 1.045, cycle_B: 0.078, gp: 0.311

[Rank 0] (epoch: 38, iters: 10624, time: 0.001, data: 0.001) , D_A: 0.199, G_A: 0.990, cycle_A: 0.074, D_B: 0.362, G_B: 1.005, cycle_B: 0.078, gp: 0.360

[Rank 0] (epoch: 38, iters: 12224, time: 0.001, data: 0.001) , D_A: 0.245, G_A: 0.959, cycle_A: 0.076, D_B: 0.224, G_B: 1.102, cycle_B: 0.072, gp: 0.221

[Rank 0] (epoch: 38, iters: 13824, time: 0.001, data: 0.001) , D_A: 0.215, G_A: 1.052, cycle_A: 0.076, D_B: 0.167, G_B: 0.999, cycle_B: 0.074, gp: 0.164

[Rank 0] (epoch: 38, iters: 15424, time: 0.001, data: 0.001) , D_A: 0.147, G_A: 0.929, cycle_A: 0.072, D_B: 0.409, G_B: 1.024, cycle_B: 0.074, gp: 0.405

[Rank 0] (epoch: 38, iters: 17024, time: 0.001, data: 0.001) , D_A: 0.253, G_A: 1.002, cycle_A: 0.071, D_B: 0.384, G_B: 0.973, cycle_B: 0.081, gp: 0.382

[Rank 0] (epoch: 38, iters: 18624, time: 0.001, data: 0.001) , D_A: 0.173, G_A: 0.982, cycle_A: 0.073, D_B: 0.393, G_B: 0.982, cycle_B: 0.072, gp: 0.390

[Rank 0] (epoch: 38, iters: 20224, time: 0.001, data: 0.001) , D_A: 0.238, G_A: 0.998, cycle_A: 0.075, D_B: 0.333, G_B: 0.990, cycle_B: 0.075, gp: 0.331

[Rank 0] (epoch: 38, iters: 21824, time: 0.001, data: 0.001) , D_A: 0.159, G_A: 0.963, cycle_A: 0.078, D_B: 0.427, G_B: 0.953, cycle_B: 0.076, gp: 0.424

--- iter tau=0.1483 ---
  cipher in : tereo lso that has some entertaining moments although it is scar
  decrypted : ieces hds iani and dsbe epiecinopopf bsbepid nhiashfa oi od dwnc
  real plain: door and peered in the orderly room seemed to be deserted a lant
  cipher in : t his leaden arms were flailing at nothing but the air he hated 
  decrypted : i aod henlep ncbd tece uhnohopf ni psiaopf qhi iae noc ae aniel 
  real plain: e spanish inquisition of drove many jews into rome here for the 
[Rank 0] (epoch: 38, iters: 23424, time: 0.001, data: 0.001) , D_A: 0.224, G_A: 1.005, cycle_A: 0.074, D_B: 0.387, G_B: 1.051, cycle_B: 0.076, gp: 0.384

saving the latest model (epoch 38, total_iters 1520000)
[Rank 0] (epoch: 38, iters: 25024, time: 0.001, data: 0.001) , D_A: 0.158, G_A: 1.034, cycle_A: 0.072, D_B: 0.337, G_B: 0.946, cycle_B: 0.082, gp: 0.334

[Rank 0] (epoch: 38, iters: 26624, time: 0.001, data: 0.001) , D_A: 0.113, G_A: 1.015, cycle_A: 0.074, D_B: 0.238, G_B: 0.959, cycle_B: 0.078, gp: 0.236

[Rank 0] (epoch: 38, iters: 28224, time: 0.001, data: 0.001) , D_A: 0.210, G_A: 1.087, cycle_A: 0.076, D_B: 0.308, G_B: 0.980, cycle_B: 0.076, gp: 0.306

[Rank 0] (epoch: 38, iters: 29824, time: 0.001, data: 0.001) , D_A: 0.141, G_A: 0.926, cycle_A: 0.067, D_B: 0.321, G_B: 0.986, cycle_B: 0.078, gp: 0.319

[Rank 0] (epoch: 38, iters: 31424, time: 0.001, data: 0.001) , D_A: 0.173, G_A: 1.029, cycle_A: 0.075, D_B: 0.202, G_B: 0.928, cycle_B: 0.077, gp: 0.200

[Rank 0] (epoch: 38, iters: 33024, time: 0.001, data: 0.001) , D_A: 0.154, G_A: 1.005, cycle_A: 0.071, D_B: 0.324, G_B: 1.030, cycle_B: 0.075, gp: 0.322

[Rank 0] (epoch: 38, iters: 34624, time: 0.001, data: 0.001) , D_A: 0.120, G_A: 1.003, cycle_A: 0.066, D_B: 0.379, G_B: 0.974, cycle_B: 0.076, gp: 0.377

[Rank 0] (epoch: 38, iters: 36224, time: 0.001, data: 0.001) , D_A: 0.103, G_A: 0.974, cycle_A: 0.071, D_B: 0.370, G_B: 1.006, cycle_B: 0.079, gp: 0.368

[Rank 0] (epoch: 38, iters: 37824, time: 0.001, data: 0.001) , D_A: 0.110, G_A: 0.996, cycle_A: 0.066, D_B: 0.291, G_B: 0.943, cycle_B: 0.075, gp: 0.284

[Rank 0] (epoch: 38, iters: 39424, time: 0.001, data: 0.001) , D_A: 0.142, G_A: 0.976, cycle_A: 0.072, D_B: 0.449, G_B: 0.955, cycle_B: 0.076, gp: 0.446

learning rate 0.0002000 -> 0.0002000
temperature tau = 0.1435
End of epoch 38 / 50 	 Time Taken: 36 sec
[Rank 0] (epoch: 39, iters: 576, time: 0.001, data: 0.001) , D_A: 0.223, G_A: 0.899, cycle_A: 0.072, D_B: 0.369, G_B: 0.917, cycle_B: 0.076, gp: 0.366

[Rank 0] (epoch: 39, iters: 2176, time: 0.001, data: 0.000) , D_A: 0.198, G_A: 0.970, cycle_A: 0.076, D_B: 0.616, G_B: 1.008, cycle_B: 0.083, gp: 0.613

[Rank 0] (epoch: 39, iters: 3776, time: 0.001, data: 0.001) , D_A: 0.239, G_A: 1.048, cycle_A: 0.076, D_B: 0.441, G_B: 0.940, cycle_B: 0.086, gp: 0.439

[Rank 0] (epoch: 39, iters: 5376, time: 0.001, data: 0.001) , D_A: 0.137, G_A: 0.918, cycle_A: 0.080, D_B: 0.276, G_B: 0.969, cycle_B: 0.084, gp: 0.272

[Rank 0] (epoch: 39, iters: 6976, time: 0.001, data: 0.001) , D_A: 0.202, G_A: 1.032, cycle_A: 0.066, D_B: 0.296, G_B: 0.967, cycle_B: 0.077, gp: 0.294

[Rank 0] (epoch: 39, iters: 8576, time: 0.001, data: 0.001) , D_A: 0.194, G_A: 0.965, cycle_A: 0.065, D_B: 0.366, G_B: 1.020, cycle_B: 0.091, gp: 0.364

[Rank 0] (epoch: 39, iters: 10176, time: 0.001, data: 0.001) , D_A: 0.193, G_A: 0.969, cycle_A: 0.062, D_B: 0.444, G_B: 0.954, cycle_B: 0.085, gp: 0.440

[Rank 0] (epoch: 39, iters: 11776, time: 0.001, data: 0.001) , D_A: 0.195, G_A: 0.938, cycle_A: 0.066, D_B: 0.347, G_B: 0.969, cycle_B: 0.077, gp: 0.344

[Rank 0] (epoch: 39, iters: 13376, time: 0.001, data: 0.001) , D_A: 0.230, G_A: 1.017, cycle_A: 0.072, D_B: 0.215, G_B: 0.981, cycle_B: 0.074, gp: 0.212

[Rank 0] (epoch: 39, iters: 14976, time: 0.001, data: 0.001) , D_A: 0.095, G_A: 0.990, cycle_A: 0.074, D_B: 0.421, G_B: 0.973, cycle_B: 0.077, gp: 0.418

[Rank 0] (epoch: 39, iters: 16576, time: 0.001, data: 0.001) , D_A: 0.136, G_A: 1.014, cycle_A: 0.079, D_B: 0.275, G_B: 1.018, cycle_B: 0.075, gp: 0.273

[Rank 0] (epoch: 39, iters: 18176, time: 0.001, data: 0.001) , D_A: 0.188, G_A: 1.009, cycle_A: 0.074, D_B: 0.227, G_B: 0.999, cycle_B: 0.064, gp: 0.226

[Rank 0] (epoch: 39, iters: 19776, time: 0.001, data: 0.001) , D_A: 0.137, G_A: 1.014, cycle_A: 0.078, D_B: 0.260, G_B: 0.993, cycle_B: 0.069, gp: 0.258

[Rank 0] (epoch: 39, iters: 21376, time: 0.001, data: 0.001) , D_A: 0.155, G_A: 0.950, cycle_A: 0.078, D_B: 0.460, G_B: 1.019, cycle_B: 0.072, gp: 0.457

--- iter tau=0.1435 ---
  cipher in : nnot be cleared generally these locks on turnouts are called fac
  decrypted : ppsi qe whencel fepecnhhz iaede hswmd sp ihcpshid nce wnhhel unw
  real plain: nery investment down by buying good secondhand machinery by shar
  cipher in : ing bust of homer brought at auction the other night both aristo
  decrypted : opf qhdi su asbec qcshfai ni nhwiosp iae siaec pofai qsia ncodis
  real plain: eet and she had the kind of crossed eyes that shocked it was une
[Rank 0] (epoch: 39, iters: 22976, time: 0.001, data: 0.001) , D_A: 0.114, G_A: 1.022, cycle_A: 0.068, D_B: 0.444, G_B: 0.991, cycle_B: 0.076, gp: 0.440

saving the latest model (epoch 39, total_iters 1560000)
[Rank 0] (epoch: 39, iters: 24576, time: 0.001, data: 0.001) , D_A: 0.193, G_A: 0.955, cycle_A: 0.074, D_B: 0.348, G_B: 0.990, cycle_B: 0.071, gp: 0.346

[Rank 0] (epoch: 39, iters: 26176, time: 0.001, data: 0.001) , D_A: 0.151, G_A: 0.999, cycle_A: 0.080, D_B: 0.316, G_B: 1.035, cycle_B: 0.078, gp: 0.314

[Rank 0] (epoch: 39, iters: 27776, time: 0.001, data: 0.001) , D_A: 0.172, G_A: 1.007, cycle_A: 0.068, D_B: 0.280, G_B: 0.949, cycle_B: 0.077, gp: 0.278

[Rank 0] (epoch: 39, iters: 29376, time: 0.001, data: 0.001) , D_A: 0.167, G_A: 0.989, cycle_A: 0.072, D_B: 0.293, G_B: 1.005, cycle_B: 0.076, gp: 0.291

[Rank 0] (epoch: 39, iters: 30976, time: 0.001, data: 0.001) , D_A: 0.307, G_A: 0.975, cycle_A: 0.066, D_B: 0.284, G_B: 0.993, cycle_B: 0.075, gp: 0.280

[Rank 0] (epoch: 39, iters: 32576, time: 0.001, data: 0.001) , D_A: 0.140, G_A: 1.007, cycle_A: 0.079, D_B: 0.182, G_B: 0.993, cycle_B: 0.071, gp: 0.180

[Rank 0] (epoch: 39, iters: 34176, time: 0.001, data: 0.001) , D_A: 0.140, G_A: 0.988, cycle_A: 0.075, D_B: 0.234, G_B: 0.974, cycle_B: 0.079, gp: 0.231

[Rank 0] (epoch: 39, iters: 35776, time: 0.001, data: 0.001) , D_A: 0.143, G_A: 0.920, cycle_A: 0.072, D_B: 0.180, G_B: 1.007, cycle_B: 0.091, gp: 0.178

[Rank 0] (epoch: 39, iters: 37376, time: 0.001, data: 0.001) , D_A: 0.136, G_A: 0.943, cycle_A: 0.077, D_B: 0.332, G_B: 1.003, cycle_B: 0.077, gp: 0.330

[Rank 0] (epoch: 39, iters: 38976, time: 0.001, data: 0.001) , D_A: 0.148, G_A: 0.956, cycle_A: 0.072, D_B: 0.370, G_B: 0.892, cycle_B: 0.077, gp: 0.366

learning rate 0.0002000 -> 0.0002000
temperature tau = 0.1389
End of epoch 39 / 50 	 Time Taken: 33 sec
[Rank 0] (epoch: 40, iters: 128, time: 0.001, data: 0.001) , D_A: 0.205, G_A: 0.997, cycle_A: 0.077, D_B: 0.477, G_B: 0.979, cycle_B: 0.073, gp: 0.474

[Rank 0] (epoch: 40, iters: 1728, time: 0.001, data: 0.001) , D_A: 0.129, G_A: 0.994, cycle_A: 0.075, D_B: 0.473, G_B: 0.991, cycle_B: 0.069, gp: 0.470

[Rank 0] (epoch: 40, iters: 3328, time: 0.001, data: 0.001) , D_A: 0.242, G_A: 0.930, cycle_A: 0.069, D_B: 0.280, G_B: 0.970, cycle_B: 0.073, gp: 0.279

[Rank 0] (epoch: 40, iters: 4928, time: 0.001, data: 0.002) , D_A: 0.173, G_A: 0.974, cycle_A: 0.066, D_B: 0.331, G_B: 0.958, cycle_B: 0.077, gp: 0.330

[Rank 0] (epoch: 40, iters: 6528, time: 0.001, data: 0.001) , D_A: 0.168, G_A: 0.996, cycle_A: 0.076, D_B: 0.305, G_B: 0.999, cycle_B: 0.073, gp: 0.303

[Rank 0] (epoch: 40, iters: 8128, time: 0.001, data: 0.001) , D_A: 0.199, G_A: 0.939, cycle_A: 0.075, D_B: 0.290, G_B: 0.926, cycle_B: 0.068, gp: 0.287

[Rank 0] (epoch: 40, iters: 9728, time: 0.001, data: 0.001) , D_A: 0.206, G_A: 0.947, cycle_A: 0.074, D_B: 0.285, G_B: 0.994, cycle_B: 0.072, gp: 0.283

[Rank 0] (epoch: 40, iters: 11328, time: 0.001, data: 0.001) , D_A: 0.177, G_A: 0.996, cycle_A: 0.066, D_B: 0.288, G_B: 1.029, cycle_B: 0.077, gp: 0.286

[Rank 0] (epoch: 40, iters: 12928, time: 0.001, data: 0.001) , D_A: 0.126, G_A: 0.925, cycle_A: 0.077, D_B: 0.395, G_B: 0.930, cycle_B: 0.074, gp: 0.393

[Rank 0] (epoch: 40, iters: 14528, time: 0.001, data: 0.001) , D_A: 0.162, G_A: 0.996, cycle_A: 0.073, D_B: 0.425, G_B: 1.032, cycle_B: 0.079, gp: 0.422

[Rank 0] (epoch: 40, iters: 16128, time: 0.001, data: 0.001) , D_A: 0.133, G_A: 0.950, cycle_A: 0.077, D_B: 0.341, G_B: 0.943, cycle_B: 0.081, gp: 0.338

[Rank 0] (epoch: 40, iters: 17728, time: 0.001, data: 0.001) , D_A: 0.153, G_A: 0.976, cycle_A: 0.068, D_B: 0.504, G_B: 1.059, cycle_B: 0.071, gp: 0.501

[Rank 0] (epoch: 40, iters: 19328, time: 0.001, data: 0.001) , D_A: 0.119, G_A: 0.956, cycle_A: 0.073, D_B: 0.240, G_B: 0.983, cycle_B: 0.083, gp: 0.237

[Rank 0] (epoch: 40, iters: 20928, time: 0.001, data: 0.001) , D_A: 0.160, G_A: 1.022, cycle_A: 0.076, D_B: 0.396, G_B: 0.985, cycle_B: 0.076, gp: 0.394

--- iter tau=0.1389 ---
  cipher in : ference in the way in which supposedly similar opinions are held
  decrypted : uecegwe og iae tnz og taowa dhrrsdelhz dobohnc srogosgd nce aehl
  real plain: eshmen women on our campus never become sophomores many of them 
  cipher in :  resisting the wage pressures of a powerful union requesting tar
  decrypted :  cedodiogf iae tnfe rceddhced su n rstecuhh hgosg cethediogf inc
  real plain: ion cries out for economic analysis yet after the interrelations
[Rank 0] (epoch: 40, iters: 22528, time: 0.001, data: 0.001) , D_A: 0.107, G_A: 0.985, cycle_A: 0.081, D_B: 0.344, G_B: 0.936, cycle_B: 0.078, gp: 0.343

saving the latest model (epoch 40, total_iters 1600000)
[Rank 0] (epoch: 40, iters: 24128, time: 0.001, data: 0.001) , D_A: 0.167, G_A: 0.878, cycle_A: 0.081, D_B: 0.265, G_B: 0.981, cycle_B: 0.070, gp: 0.263

[Rank 0] (epoch: 40, iters: 25728, time: 0.001, data: 0.001) , D_A: 0.111, G_A: 0.969, cycle_A: 0.075, D_B: 0.449, G_B: 1.031, cycle_B: 0.077, gp: 0.446

[Rank 0] (epoch: 40, iters: 27328, time: 0.001, data: 0.001) , D_A: 0.240, G_A: 0.993, cycle_A: 0.081, D_B: 0.412, G_B: 0.966, cycle_B: 0.078, gp: 0.408

[Rank 0] (epoch: 40, iters: 28928, time: 0.001, data: 0.001) , D_A: 0.155, G_A: 0.956, cycle_A: 0.071, D_B: 0.271, G_B: 0.895, cycle_B: 0.077, gp: 0.268

[Rank 0] (epoch: 40, iters: 30528, time: 0.001, data: 0.001) , D_A: 0.116, G_A: 0.992, cycle_A: 0.075, D_B: 0.372, G_B: 0.992, cycle_B: 0.077, gp: 0.369

[Rank 0] (epoch: 40, iters: 32128, time: 0.001, data: 0.001) , D_A: 0.123, G_A: 0.995, cycle_A: 0.071, D_B: 0.381, G_B: 0.986, cycle_B: 0.082, gp: 0.380

[Rank 0] (epoch: 40, iters: 33728, time: 0.001, data: 0.001) , D_A: 0.118, G_A: 1.000, cycle_A: 0.078, D_B: 0.270, G_B: 1.046, cycle_B: 0.075, gp: 0.269

[Rank 0] (epoch: 40, iters: 35328, time: 0.001, data: 0.001) , D_A: 0.136, G_A: 0.995, cycle_A: 0.075, D_B: 0.352, G_B: 1.002, cycle_B: 0.072, gp: 0.349

[Rank 0] (epoch: 40, iters: 36928, time: 0.001, data: 0.001) , D_A: 0.155, G_A: 0.968, cycle_A: 0.069, D_B: 0.228, G_B: 0.995, cycle_B: 0.078, gp: 0.226

[Rank 0] (epoch: 40, iters: 38528, time: 0.001, data: 0.001) , D_A: 0.275, G_A: 0.943, cycle_A: 0.077, D_B: 0.152, G_B: 0.966, cycle_B: 0.078, gp: 0.150

[Rank 0] (epoch: 40, iters: 40128, time: 0.001, data: 0.001) , D_A: 0.210, G_A: 1.011, cycle_A: 0.073, D_B: 0.332, G_B: 0.979, cycle_B: 0.081, gp: 0.330

learning rate 0.0002000 -> 0.0001818
temperature tau = 0.1344
End of epoch 40 / 50 	 Time Taken: 37 sec
[Rank 0] (epoch: 41, iters: 1280, time: 0.001, data: 0.001) , D_A: 0.259, G_A: 1.008, cycle_A: 0.081, D_B: 0.215, G_B: 1.018, cycle_B: 0.087, gp: 0.213

[Rank 0] (epoch: 41, iters: 2880, time: 0.001, data: 0.001) , D_A: 0.193, G_A: 0.953, cycle_A: 0.069, D_B: 0.127, G_B: 0.984, cycle_B: 0.080, gp: 0.124

[Rank 0] (epoch: 41, iters: 4480, time: 0.001, data: 0.001) , D_A: 0.244, G_A: 1.010, cycle_A: 0.065, D_B: 0.228, G_B: 0.941, cycle_B: 0.079, gp: 0.227

[Rank 0] (epoch: 41, iters: 6080, time: 0.001, data: 0.001) , D_A: 0.206, G_A: 1.003, cycle_A: 0.079, D_B: 0.322, G_B: 0.986, cycle_B: 0.077, gp: 0.320

[Rank 0] (epoch: 41, iters: 7680, time: 0.001, data: 0.001) , D_A: 0.164, G_A: 1.018, cycle_A: 0.077, D_B: 0.178, G_B: 0.985, cycle_B: 0.076, gp: 0.176

[Rank 0] (epoch: 41, iters: 9280, time: 0.001, data: 0.001) , D_A: 0.157, G_A: 1.066, cycle_A: 0.073, D_B: 0.543, G_B: 0.957, cycle_B: 0.074, gp: 0.537

[Rank 0] (epoch: 41, iters: 10880, time: 0.001, data: 0.001) , D_A: 0.095, G_A: 0.989, cycle_A: 0.080, D_B: 0.353, G_B: 0.962, cycle_B: 0.072, gp: 0.350

[Rank 0] (epoch: 41, iters: 12480, time: 0.001, data: 0.001) , D_A: 0.147, G_A: 0.981, cycle_A: 0.076, D_B: 0.272, G_B: 1.006, cycle_B: 0.078, gp: 0.269

[Rank 0] (epoch: 41, iters: 14080, time: 0.001, data: 0.001) , D_A: 0.172, G_A: 0.963, cycle_A: 0.077, D_B: 0.338, G_B: 0.964, cycle_B: 0.080, gp: 0.336

[Rank 0] (epoch: 41, iters: 15680, time: 0.001, data: 0.001) , D_A: 0.168, G_A: 0.929, cycle_A: 0.075, D_B: 0.304, G_B: 1.033, cycle_B: 0.074, gp: 0.301

[Rank 0] (epoch: 41, iters: 17280, time: 0.001, data: 0.001) , D_A: 0.156, G_A: 0.995, cycle_A: 0.064, D_B: 0.473, G_B: 0.982, cycle_B: 0.080, gp: 0.470

[Rank 0] (epoch: 41, iters: 18880, time: 0.001, data: 0.001) , D_A: 0.156, G_A: 1.034, cycle_A: 0.071, D_B: 0.328, G_B: 1.038, cycle_B: 0.070, gp: 0.326

[Rank 0] (epoch: 41, iters: 20480, time: 0.001, data: 0.001) , D_A: 0.089, G_A: 1.001, cycle_A: 0.073, D_B: 0.338, G_B: 0.976, cycle_B: 0.075, gp: 0.336

--- iter tau=0.1344 ---
  cipher in : ncrease should be shared the existence of conflict and of vigoro
  decrypted : gwcende dashhl qe dancel iae exodiegwe su wsguhowi ngl su oofscs
  real plain: eshmen women on our campus never become sophomores many of them 
  cipher in : ve never done this before they always said shaking their dresses
  decrypted : oe geoec lsge iaod qeusce iaez nhtnzd dnol danmogf iaeoc lcedded
  real plain: ion cries out for economic analysis yet after the interrelations
[Rank 0] (epoch: 41, iters: 22080, time: 0.001, data: 0.001) , D_A: 0.169, G_A: 1.009, cycle_A: 0.070, D_B: 0.547, G_B: 0.993, cycle_B: 0.080, gp: 0.545

saving the latest model (epoch 41, total_iters 1640000)
[Rank 0] (epoch: 41, iters: 23680, time: 0.001, data: 0.001) , D_A: 0.140, G_A: 0.938, cycle_A: 0.071, D_B: 0.319, G_B: 0.998, cycle_B: 0.076, gp: 0.316

[Rank 0] (epoch: 41, iters: 25280, time: 0.001, data: 0.001) , D_A: 0.155, G_A: 0.940, cycle_A: 0.069, D_B: 0.449, G_B: 1.045, cycle_B: 0.084, gp: 0.447

[Rank 0] (epoch: 41, iters: 26880, time: 0.001, data: 0.001) , D_A: 0.152, G_A: 1.057, cycle_A: 0.079, D_B: 0.413, G_B: 0.987, cycle_B: 0.083, gp: 0.411

[Rank 0] (epoch: 41, iters: 28480, time: 0.001, data: 0.001) , D_A: 0.208, G_A: 1.004, cycle_A: 0.066, D_B: 0.336, G_B: 0.956, cycle_B: 0.077, gp: 0.334

[Rank 0] (epoch: 41, iters: 30080, time: 0.001, data: 0.001) , D_A: 0.185, G_A: 0.993, cycle_A: 0.063, D_B: 0.429, G_B: 1.034, cycle_B: 0.077, gp: 0.426

[Rank 0] (epoch: 41, iters: 31680, time: 0.001, data: 0.001) , D_A: 0.157, G_A: 1.035, cycle_A: 0.072, D_B: 0.235, G_B: 1.000, cycle_B: 0.074, gp: 0.232

[Rank 0] (epoch: 41, iters: 33280, time: 0.001, data: 0.001) , D_A: 0.171, G_A: 1.003, cycle_A: 0.066, D_B: 0.163, G_B: 0.977, cycle_B: 0.072, gp: 0.161

[Rank 0] (epoch: 41, iters: 34880, time: 0.001, data: 0.001) , D_A: 0.123, G_A: 0.936, cycle_A: 0.075, D_B: 0.328, G_B: 1.023, cycle_B: 0.071, gp: 0.325

[Rank 0] (epoch: 41, iters: 36480, time: 0.001, data: 0.001) , D_A: 0.172, G_A: 0.923, cycle_A: 0.073, D_B: 0.442, G_B: 0.989, cycle_B: 0.080, gp: 0.440

[Rank 0] (epoch: 41, iters: 38080, time: 0.001, data: 0.001) , D_A: 0.153, G_A: 1.001, cycle_A: 0.072, D_B: 0.154, G_B: 1.012, cycle_B: 0.078, gp: 0.152

[Rank 0] (epoch: 41, iters: 39680, time: 0.001, data: 0.001) , D_A: 0.132, G_A: 0.997, cycle_A: 0.077, D_B: 0.341, G_B: 0.999, cycle_B: 0.078, gp: 0.339

learning rate 0.0001818 -> 0.0001636
temperature tau = 0.1301
End of epoch 41 / 50 	 Time Taken: 37 sec
[Rank 0] (epoch: 42, iters: 832, time: 0.001, data: 0.001) , D_A: 0.184, G_A: 0.997, cycle_A: 0.074, D_B: 0.267, G_B: 0.984, cycle_B: 0.076, gp: 0.265

[Rank 0] (epoch: 42, iters: 2432, time: 0.001, data: 0.000) , D_A: 0.223, G_A: 0.987, cycle_A: 0.072, D_B: 0.264, G_B: 0.976, cycle_B: 0.082, gp: 0.262

[Rank 0] (epoch: 42, iters: 4032, time: 0.001, data: 0.001) , D_A: 0.152, G_A: 1.031, cycle_A: 0.076, D_B: 0.130, G_B: 0.982, cycle_B: 0.082, gp: 0.128

[Rank 0] (epoch: 42, iters: 5632, time: 0.001, data: 0.001) , D_A: 0.151, G_A: 0.944, cycle_A: 0.074, D_B: 0.241, G_B: 0.995, cycle_B: 0.078, gp: 0.239

[Rank 0] (epoch: 42, iters: 7232, time: 0.001, data: 0.001) , D_A: 0.127, G_A: 0.908, cycle_A: 0.075, D_B: 0.227, G_B: 0.960, cycle_B: 0.076, gp: 0.224

[Rank 0] (epoch: 42, iters: 8832, time: 0.001, data: 0.001) , D_A: 0.105, G_A: 1.106, cycle_A: 0.070, D_B: 0.466, G_B: 0.986, cycle_B: 0.079, gp: 0.463

[Rank 0] (epoch: 42, iters: 10432, time: 0.001, data: 0.001) , D_A: 0.114, G_A: 0.978, cycle_A: 0.070, D_B: 0.369, G_B: 1.027, cycle_B: 0.078, gp: 0.367

[Rank 0] (epoch: 42, iters: 12032, time: 0.001, data: 0.001) , D_A: 0.168, G_A: 0.994, cycle_A: 0.064, D_B: 0.269, G_B: 0.986, cycle_B: 0.070, gp: 0.267

[Rank 0] (epoch: 42, iters: 13632, time: 0.001, data: 0.001) , D_A: 0.200, G_A: 0.959, cycle_A: 0.082, D_B: 0.134, G_B: 0.997, cycle_B: 0.074, gp: 0.132

[Rank 0] (epoch: 42, iters: 15232, time: 0.001, data: 0.001) , D_A: 0.165, G_A: 0.973, cycle_A: 0.077, D_B: 0.430, G_B: 1.005, cycle_B: 0.077, gp: 0.428

[Rank 0] (epoch: 42, iters: 16832, time: 0.001, data: 0.001) , D_A: 0.091, G_A: 0.959, cycle_A: 0.084, D_B: 0.385, G_B: 0.987, cycle_B: 0.075, gp: 0.383

[Rank 0] (epoch: 42, iters: 18432, time: 0.001, data: 0.001) , D_A: 0.174, G_A: 1.031, cycle_A: 0.067, D_B: 0.463, G_B: 0.965, cycle_B: 0.064, gp: 0.460

[Rank 0] (epoch: 42, iters: 20032, time: 0.001, data: 0.001) , D_A: 0.163, G_A: 1.004, cycle_A: 0.070, D_B: 0.163, G_B: 0.968, cycle_B: 0.076, gp: 0.160

--- iter tau=0.1301 ---
  cipher in : singly vivid and jubilant it speaks of the end of that dominatio
  decrypted : dopfhz ooool npl lhqohnpi oi drenmd su iae epl su iani lsbopnios
  real plain: f being carried high on this charge he composes magical poetry t
  cipher in : ades several years ago i was his pastor one night at the close o
  decrypted : nled deoecnh zencd nfs o tnd aod rndisc spe pofai ni iae whsde s
  real plain: ould see it was a big room empty except for a few things of pops
[Rank 0] (epoch: 42, iters: 21632, time: 0.001, data: 0.001) , D_A: 0.172, G_A: 0.960, cycle_A: 0.078, D_B: 0.317, G_B: 1.008, cycle_B: 0.076, gp: 0.314

saving the latest model (epoch 42, total_iters 1680000)
[Rank 0] (epoch: 42, iters: 23232, time: 0.001, data: 0.001) , D_A: 0.248, G_A: 0.918, cycle_A: 0.080, D_B: 0.271, G_B: 0.939, cycle_B: 0.076, gp: 0.267

[Rank 0] (epoch: 42, iters: 24832, time: 0.001, data: 0.001) , D_A: 0.195, G_A: 0.965, cycle_A: 0.071, D_B: 0.437, G_B: 0.943, cycle_B: 0.084, gp: 0.434

[Rank 0] (epoch: 42, iters: 26432, time: 0.001, data: 0.002) , D_A: 0.129, G_A: 0.953, cycle_A: 0.071, D_B: 0.334, G_B: 0.996, cycle_B: 0.078, gp: 0.332

[Rank 0] (epoch: 42, iters: 28032, time: 0.001, data: 0.001) , D_A: 0.073, G_A: 1.013, cycle_A: 0.074, D_B: 0.358, G_B: 0.976, cycle_B: 0.077, gp: 0.357

[Rank 0] (epoch: 42, iters: 29632, time: 0.001, data: 0.001) , D_A: 0.134, G_A: 0.983, cycle_A: 0.074, D_B: 0.403, G_B: 0.976, cycle_B: 0.076, gp: 0.400

[Rank 0] (epoch: 42, iters: 31232, time: 0.001, data: 0.001) , D_A: 0.153, G_A: 1.004, cycle_A: 0.078, D_B: 0.181, G_B: 1.000, cycle_B: 0.075, gp: 0.179

[Rank 0] (epoch: 42, iters: 32832, time: 0.001, data: 0.001) , D_A: 0.159, G_A: 0.977, cycle_A: 0.074, D_B: 0.118, G_B: 1.009, cycle_B: 0.071, gp: 0.116

[Rank 0] (epoch: 42, iters: 34432, time: 0.001, data: 0.001) , D_A: 0.130, G_A: 0.970, cycle_A: 0.085, D_B: 0.233, G_B: 0.963, cycle_B: 0.075, gp: 0.230

[Rank 0] (epoch: 42, iters: 36032, time: 0.001, data: 0.001) , D_A: 0.153, G_A: 0.923, cycle_A: 0.072, D_B: 0.279, G_B: 0.989, cycle_B: 0.079, gp: 0.276

[Rank 0] (epoch: 42, iters: 37632, time: 0.001, data: 0.001) , D_A: 0.156, G_A: 1.001, cycle_A: 0.076, D_B: 0.249, G_B: 0.996, cycle_B: 0.075, gp: 0.247

[Rank 0] (epoch: 42, iters: 39232, time: 0.001, data: 0.001) , D_A: 0.152, G_A: 0.986, cycle_A: 0.073, D_B: 0.342, G_B: 0.969, cycle_B: 0.076, gp: 0.340

learning rate 0.0001636 -> 0.0001455
temperature tau = 0.1258
End of epoch 42 / 50 	 Time Taken: 36 sec
[Rank 0] (epoch: 43, iters: 384, time: 0.001, data: 0.001) , D_A: 0.105, G_A: 0.966, cycle_A: 0.081, D_B: 0.242, G_B: 0.973, cycle_B: 0.073, gp: 0.240

[Rank 0] (epoch: 43, iters: 1984, time: 0.001, data: 0.005) , D_A: 0.123, G_A: 1.004, cycle_A: 0.082, D_B: 0.413, G_B: 0.938, cycle_B: 0.069, gp: 0.411

[Rank 0] (epoch: 43, iters: 3584, time: 0.001, data: 0.001) , D_A: 0.187, G_A: 0.983, cycle_A: 0.076, D_B: 0.277, G_B: 0.989, cycle_B: 0.072, gp: 0.276

[Rank 0] (epoch: 43, iters: 5184, time: 0.001, data: 0.001) , D_A: 0.158, G_A: 0.933, cycle_A: 0.077, D_B: 0.165, G_B: 0.989, cycle_B: 0.075, gp: 0.164

[Rank 0] (epoch: 43, iters: 6784, time: 0.001, data: 0.001) , D_A: 0.146, G_A: 0.974, cycle_A: 0.075, D_B: 0.168, G_B: 0.987, cycle_B: 0.071, gp: 0.164

[Rank 0] (epoch: 43, iters: 8384, time: 0.001, data: 0.001) , D_A: 0.158, G_A: 0.958, cycle_A: 0.066, D_B: 0.398, G_B: 1.004, cycle_B: 0.082, gp: 0.396

[Rank 0] (epoch: 43, iters: 9984, time: 0.001, data: 0.001) , D_A: 0.190, G_A: 0.955, cycle_A: 0.066, D_B: 0.450, G_B: 1.009, cycle_B: 0.075, gp: 0.447

[Rank 0] (epoch: 43, iters: 11584, time: 0.001, data: 0.001) , D_A: 0.094, G_A: 0.977, cycle_A: 0.079, D_B: 0.322, G_B: 0.955, cycle_B: 0.076, gp: 0.321

[Rank 0] (epoch: 43, iters: 13184, time: 0.001, data: 0.001) , D_A: 0.122, G_A: 0.973, cycle_A: 0.072, D_B: 0.182, G_B: 1.018, cycle_B: 0.074, gp: 0.180

[Rank 0] (epoch: 43, iters: 14784, time: 0.001, data: 0.001) , D_A: 0.129, G_A: 1.011, cycle_A: 0.076, D_B: 0.351, G_B: 0.915, cycle_B: 0.076, gp: 0.348

[Rank 0] (epoch: 43, iters: 16384, time: 0.001, data: 0.001) , D_A: 0.145, G_A: 0.972, cycle_A: 0.074, D_B: 0.300, G_B: 1.019, cycle_B: 0.080, gp: 0.299

[Rank 0] (epoch: 43, iters: 17984, time: 0.001, data: 0.001) , D_A: 0.139, G_A: 0.961, cycle_A: 0.074, D_B: 0.287, G_B: 0.983, cycle_B: 0.064, gp: 0.285

[Rank 0] (epoch: 43, iters: 19584, time: 0.001, data: 0.001) , D_A: 0.147, G_A: 1.001, cycle_A: 0.067, D_B: 0.227, G_B: 0.944, cycle_B: 0.070, gp: 0.224

--- iter tau=0.1258 ---
  cipher in : the patriot encampment here the pennsylvania militia skirmished 
  decrypted : iae rnicosi epwnbrbepi aece iae reppdzhonpon bohoion dmocbodael 
  real plain:  units in rockribbed democratic territory paradoxically the coun
  cipher in : hat act as have all other states by enacting into our code secti
  decrypted : ani nwi nd anoe nhh siaec dinied qz epnwiopf opis shc wsle dewio
  real plain: was possible to make estimates of the quantum yield by observing
[Rank 0] (epoch: 43, iters: 21184, time: 0.001, data: 0.001) , D_A: 0.160, G_A: 0.980, cycle_A: 0.074, D_B: 0.458, G_B: 0.921, cycle_B: 0.072, gp: 0.455

saving the latest model (epoch 43, total_iters 1720000)
[Rank 0] (epoch: 43, iters: 22784, time: 0.001, data: 0.001) , D_A: 0.118, G_A: 1.007, cycle_A: 0.080, D_B: 0.458, G_B: 0.953, cycle_B: 0.076, gp: 0.455

[Rank 0] (epoch: 43, iters: 24384, time: 0.001, data: 0.001) , D_A: 0.138, G_A: 0.982, cycle_A: 0.066, D_B: 0.480, G_B: 0.998, cycle_B: 0.070, gp: 0.478

[Rank 0] (epoch: 43, iters: 25984, time: 0.001, data: 0.001) , D_A: 0.085, G_A: 0.997, cycle_A: 0.067, D_B: 0.310, G_B: 1.001, cycle_B: 0.077, gp: 0.308

[Rank 0] (epoch: 43, iters: 27584, time: 0.001, data: 0.001) , D_A: 0.143, G_A: 1.002, cycle_A: 0.076, D_B: 0.366, G_B: 0.988, cycle_B: 0.074, gp: 0.363

[Rank 0] (epoch: 43, iters: 29184, time: 0.001, data: 0.001) , D_A: 0.158, G_A: 1.037, cycle_A: 0.073, D_B: 0.402, G_B: 0.968, cycle_B: 0.077, gp: 0.399

[Rank 0] (epoch: 43, iters: 30784, time: 0.001, data: 0.001) , D_A: 0.223, G_A: 0.989, cycle_A: 0.063, D_B: 0.362, G_B: 0.971, cycle_B: 0.075, gp: 0.360

[Rank 0] (epoch: 43, iters: 32384, time: 0.001, data: 0.001) , D_A: 0.152, G_A: 0.978, cycle_A: 0.077, D_B: 0.329, G_B: 0.963, cycle_B: 0.070, gp: 0.327

[Rank 0] (epoch: 43, iters: 33984, time: 0.001, data: 0.001) , D_A: 0.204, G_A: 1.007, cycle_A: 0.074, D_B: 0.232, G_B: 0.952, cycle_B: 0.079, gp: 0.231

[Rank 0] (epoch: 43, iters: 35584, time: 0.001, data: 0.001) , D_A: 0.182, G_A: 0.976, cycle_A: 0.074, D_B: 0.429, G_B: 1.007, cycle_B: 0.091, gp: 0.427

[Rank 0] (epoch: 43, iters: 37184, time: 0.001, data: 0.001) , D_A: 0.181, G_A: 1.010, cycle_A: 0.074, D_B: 0.236, G_B: 0.959, cycle_B: 0.077, gp: 0.233

[Rank 0] (epoch: 43, iters: 38784, time: 0.001, data: 0.001) , D_A: 0.160, G_A: 0.967, cycle_A: 0.070, D_B: 0.259, G_B: 0.980, cycle_B: 0.076, gp: 0.258

[Rank 0] (epoch: 43, iters: 40384, time: 0.001, data: 0.001) , D_A: 0.231, G_A: 0.994, cycle_A: 0.077, D_B: 0.323, G_B: 0.974, cycle_B: 0.072, gp: 0.321

learning rate 0.0001455 -> 0.0001273
temperature tau = 0.1218
End of epoch 43 / 50 	 Time Taken: 36 sec
[Rank 0] (epoch: 44, iters: 1536, time: 0.001, data: 0.001) , D_A: 0.216, G_A: 1.005, cycle_A: 0.079, D_B: 0.205, G_B: 1.008, cycle_B: 0.078, gp: 0.202

[Rank 0] (epoch: 44, iters: 3136, time: 0.001, data: 0.001) , D_A: 0.109, G_A: 0.993, cycle_A: 0.070, D_B: 0.225, G_B: 1.002, cycle_B: 0.072, gp: 0.223

[Rank 0] (epoch: 44, iters: 4736, time: 0.001, data: 0.001) , D_A: 0.231, G_A: 0.999, cycle_A: 0.076, D_B: 0.391, G_B: 0.984, cycle_B: 0.077, gp: 0.388

[Rank 0] (epoch: 44, iters: 6336, time: 0.001, data: 0.001) , D_A: 0.131, G_A: 0.949, cycle_A: 0.069, D_B: 0.330, G_B: 0.997, cycle_B: 0.073, gp: 0.328

[Rank 0] (epoch: 44, iters: 7936, time: 0.001, data: 0.001) , D_A: 0.199, G_A: 0.942, cycle_A: 0.063, D_B: 0.235, G_B: 0.987, cycle_B: 0.068, gp: 0.234

[Rank 0] (epoch: 44, iters: 9536, time: 0.001, data: 0.001) , D_A: 0.125, G_A: 0.960, cycle_A: 0.065, D_B: 0.480, G_B: 0.962, cycle_B: 0.073, gp: 0.478

[Rank 0] (epoch: 44, iters: 11136, time: 0.001, data: 0.001) , D_A: 0.173, G_A: 0.992, cycle_A: 0.074, D_B: 0.393, G_B: 1.008, cycle_B: 0.072, gp: 0.390

[Rank 0] (epoch: 44, iters: 12736, time: 0.001, data: 0.001) , D_A: 0.094, G_A: 0.963, cycle_A: 0.069, D_B: 0.264, G_B: 0.961, cycle_B: 0.077, gp: 0.263

[Rank 0] (epoch: 44, iters: 14336, time: 0.001, data: 0.001) , D_A: 0.148, G_A: 0.922, cycle_A: 0.080, D_B: 0.465, G_B: 0.986, cycle_B: 0.079, gp: 0.463

[Rank 0] (epoch: 44, iters: 15936, time: 0.001, data: 0.001) , D_A: 0.135, G_A: 1.009, cycle_A: 0.068, D_B: 0.380, G_B: 1.014, cycle_B: 0.081, gp: 0.377

[Rank 0] (epoch: 44, iters: 17536, time: 0.001, data: 0.001) , D_A: 0.130, G_A: 0.979, cycle_A: 0.072, D_B: 0.365, G_B: 0.968, cycle_B: 0.071, gp: 0.363

[Rank 0] (epoch: 44, iters: 19136, time: 0.001, data: 0.001) , D_A: 0.139, G_A: 0.985, cycle_A: 0.066, D_B: 0.357, G_B: 0.981, cycle_B: 0.083, gp: 0.356

--- iter tau=0.1218 ---
  cipher in : went to have his company to master attorney after returning stra
  decrypted : tegi is anoe aod wsbrngz is bndiec niiscgez nuiec ceihcgogf dicn
  real plain: the full life promised for they and their children must first su
  cipher in : nment printing office washington dc loans to small business sba 
  decrypted : gbegi rcogiogf suuowe tndaogfisg lw hsngd is dbnhh qhdogedd dqn 
  real plain: ng of the garrick gaieties an impressive forecast of the wit and
[Rank 0] (epoch: 44, iters: 20736, time: 0.001, data: 0.001) , D_A: 0.180, G_A: 0.965, cycle_A: 0.069, D_B: 0.367, G_B: 0.973, cycle_B: 0.076, gp: 0.365

saving the latest model (epoch 44, total_iters 1760000)
[Rank 0] (epoch: 44, iters: 22336, time: 0.001, data: 0.001) , D_A: 0.173, G_A: 0.981, cycle_A: 0.065, D_B: 0.449, G_B: 0.950, cycle_B: 0.078, gp: 0.447

[Rank 0] (epoch: 44, iters: 23936, time: 0.001, data: 0.002) , D_A: 0.146, G_A: 1.001, cycle_A: 0.064, D_B: 0.393, G_B: 0.987, cycle_B: 0.076, gp: 0.391

[Rank 0] (epoch: 44, iters: 25536, time: 0.001, data: 0.001) , D_A: 0.125, G_A: 1.000, cycle_A: 0.074, D_B: 0.370, G_B: 0.985, cycle_B: 0.082, gp: 0.367

[Rank 0] (epoch: 44, iters: 27136, time: 0.001, data: 0.001) , D_A: 0.138, G_A: 1.019, cycle_A: 0.079, D_B: 0.478, G_B: 0.988, cycle_B: 0.081, gp: 0.476

[Rank 0] (epoch: 44, iters: 28736, time: 0.001, data: 0.001) , D_A: 0.181, G_A: 0.981, cycle_A: 0.067, D_B: 0.376, G_B: 1.008, cycle_B: 0.077, gp: 0.375

[Rank 0] (epoch: 44, iters: 30336, time: 0.001, data: 0.001) , D_A: 0.155, G_A: 1.003, cycle_A: 0.070, D_B: 0.450, G_B: 0.952, cycle_B: 0.077, gp: 0.448

[Rank 0] (epoch: 44, iters: 31936, time: 0.001, data: 0.001) , D_A: 0.091, G_A: 0.944, cycle_A: 0.075, D_B: 0.297, G_B: 0.973, cycle_B: 0.081, gp: 0.295

[Rank 0] (epoch: 44, iters: 33536, time: 0.001, data: 0.001) , D_A: 0.235, G_A: 0.922, cycle_A: 0.069, D_B: 0.221, G_B: 1.039, cycle_B: 0.074, gp: 0.219

[Rank 0] (epoch: 44, iters: 35136, time: 0.001, data: 0.001) , D_A: 0.184, G_A: 0.972, cycle_A: 0.075, D_B: 0.290, G_B: 0.979, cycle_B: 0.071, gp: 0.288

[Rank 0] (epoch: 44, iters: 36736, time: 0.001, data: 0.001) , D_A: 0.105, G_A: 0.955, cycle_A: 0.074, D_B: 0.354, G_B: 0.987, cycle_B: 0.080, gp: 0.351

[Rank 0] (epoch: 44, iters: 38336, time: 0.001, data: 0.001) , D_A: 0.189, G_A: 0.946, cycle_A: 0.071, D_B: 0.189, G_B: 0.976, cycle_B: 0.078, gp: 0.186

[Rank 0] (epoch: 44, iters: 39936, time: 0.001, data: 0.001) , D_A: 0.210, G_A: 0.970, cycle_A: 0.069, D_B: 0.523, G_B: 0.998, cycle_B: 0.077, gp: 0.522

learning rate 0.0001273 -> 0.0001091
temperature tau = 0.1178
End of epoch 44 / 50 	 Time Taken: 38 sec
[Rank 0] (epoch: 45, iters: 1088, time: 0.001, data: 0.001) , D_A: 0.093, G_A: 0.963, cycle_A: 0.070, D_B: 0.516, G_B: 0.978, cycle_B: 0.078, gp: 0.513

[Rank 0] (epoch: 45, iters: 2688, time: 0.001, data: 0.001) , D_A: 0.368, G_A: 1.042, cycle_A: 0.070, D_B: 0.407, G_B: 0.991, cycle_B: 0.080, gp: 0.405

[Rank 0] (epoch: 45, iters: 4288, time: 0.001, data: 0.001) , D_A: 0.472, G_A: 0.951, cycle_A: 0.068, D_B: 0.410, G_B: 0.960, cycle_B: 0.080, gp: 0.408

[Rank 0] (epoch: 45, iters: 5888, time: 0.001, data: 0.001) , D_A: 0.436, G_A: 0.938, cycle_A: 0.068, D_B: 0.223, G_B: 1.046, cycle_B: 0.086, gp: 0.221

[Rank 0] (epoch: 45, iters: 7488, time: 0.001, data: 0.001) , D_A: 0.359, G_A: 1.003, cycle_A: 0.081, D_B: 0.158, G_B: 0.979, cycle_B: 0.081, gp: 0.157

[Rank 0] (epoch: 45, iters: 9088, time: 0.001, data: 0.001) , D_A: 0.371, G_A: 0.961, cycle_A: 0.070, D_B: 0.431, G_B: 0.977, cycle_B: 0.084, gp: 0.429

[Rank 0] (epoch: 45, iters: 10688, time: 0.001, data: 0.001) , D_A: 0.401, G_A: 0.973, cycle_A: 0.070, D_B: 0.450, G_B: 0.981, cycle_B: 0.086, gp: 0.449

[Rank 0] (epoch: 45, iters: 12288, time: 0.001, data: 0.001) , D_A: 0.514, G_A: 1.054, cycle_A: 0.071, D_B: 0.174, G_B: 1.003, cycle_B: 0.081, gp: 0.173

[Rank 0] (epoch: 45, iters: 13888, time: 0.001, data: 0.001) , D_A: 0.432, G_A: 0.948, cycle_A: 0.064, D_B: 0.177, G_B: 0.978, cycle_B: 0.083, gp: 0.176

[Rank 0] (epoch: 45, iters: 15488, time: 0.001, data: 0.001) , D_A: 0.342, G_A: 0.979, cycle_A: 0.084, D_B: 0.254, G_B: 0.973, cycle_B: 0.082, gp: 0.252

[Rank 0] (epoch: 45, iters: 17088, time: 0.001, data: 0.001) , D_A: 0.481, G_A: 0.953, cycle_A: 0.068, D_B: 0.412, G_B: 0.980, cycle_B: 0.087, gp: 0.409

[Rank 0] (epoch: 45, iters: 18688, time: 0.001, data: 0.001) , D_A: 0.465, G_A: 0.932, cycle_A: 0.068, D_B: 0.401, G_B: 0.961, cycle_B: 0.075, gp: 0.399

--- iter tau=0.1178 ---
  cipher in : ain that his brother would meet her at the border of that countr
  decrypted : nov iani aod qcsiaec tshhl beei aec ni iae qsclec su iani wshvic
  real plain:  life usually fall into two classes those who invent new ideas o
  cipher in : e breaks theres nothing little by little during the week chris a
  decrypted : e qcenmd iaeced vsiaovf hoiihe qz hoiihe lhcovf iae teem wacod n
  real plain: eers retained and called in on certain problems the only fellows
[Rank 0] (epoch: 45, iters: 20288, time: 0.001, data: 0.001) , D_A: 0.378, G_A: 0.948, cycle_A: 0.071, D_B: 0.266, G_B: 1.010, cycle_B: 0.080, gp: 0.265

saving the latest model (epoch 45, total_iters 1800000)
[Rank 0] (epoch: 45, iters: 21888, time: 0.001, data: 0.001) , D_A: 0.380, G_A: 0.988, cycle_A: 0.076, D_B: 0.451, G_B: 0.962, cycle_B: 0.084, gp: 0.449

[Rank 0] (epoch: 45, iters: 23488, time: 0.001, data: 0.001) , D_A: 0.322, G_A: 0.894, cycle_A: 0.071, D_B: 0.481, G_B: 0.960, cycle_B: 0.081, gp: 0.478

[Rank 0] (epoch: 45, iters: 25088, time: 0.001, data: 0.001) , D_A: 0.418, G_A: 0.997, cycle_A: 0.071, D_B: 0.424, G_B: 0.994, cycle_B: 0.089, gp: 0.422

[Rank 0] (epoch: 45, iters: 26688, time: 0.001, data: 0.001) , D_A: 0.307, G_A: 1.002, cycle_A: 0.077, D_B: 0.374, G_B: 1.011, cycle_B: 0.090, gp: 0.372

[Rank 0] (epoch: 45, iters: 28288, time: 0.001, data: 0.001) , D_A: 0.242, G_A: 0.934, cycle_A: 0.064, D_B: 0.324, G_B: 0.997, cycle_B: 0.084, gp: 0.322

[Rank 0] (epoch: 45, iters: 29888, time: 0.001, data: 0.001) , D_A: 0.230, G_A: 1.000, cycle_A: 0.081, D_B: 0.425, G_B: 1.000, cycle_B: 0.084, gp: 0.423

[Rank 0] (epoch: 45, iters: 31488, time: 0.001, data: 0.001) , D_A: 0.216, G_A: 0.968, cycle_A: 0.069, D_B: 0.142, G_B: 0.982, cycle_B: 0.082, gp: 0.139

[Rank 0] (epoch: 45, iters: 33088, time: 0.001, data: 0.001) , D_A: 0.281, G_A: 0.902, cycle_A: 0.074, D_B: 0.225, G_B: 1.018, cycle_B: 0.077, gp: 0.224

[Rank 0] (epoch: 45, iters: 34688, time: 0.001, data: 0.001) , D_A: 0.154, G_A: 0.929, cycle_A: 0.072, D_B: 0.231, G_B: 0.971, cycle_B: 0.074, gp: 0.229

[Rank 0] (epoch: 45, iters: 36288, time: 0.001, data: 0.001) , D_A: 0.154, G_A: 0.978, cycle_A: 0.068, D_B: 0.311, G_B: 0.965, cycle_B: 0.079, gp: 0.309

[Rank 0] (epoch: 45, iters: 37888, time: 0.001, data: 0.001) , D_A: 0.168, G_A: 0.947, cycle_A: 0.069, D_B: 0.153, G_B: 0.982, cycle_B: 0.075, gp: 0.151

[Rank 0] (epoch: 45, iters: 39488, time: 0.001, data: 0.001) , D_A: 0.102, G_A: 0.990, cycle_A: 0.081, D_B: 0.282, G_B: 0.981, cycle_B: 0.081, gp: 0.280

learning rate 0.0001091 -> 0.0000909
temperature tau = 0.1140
End of epoch 45 / 50 	 Time Taken: 33 sec
[Rank 0] (epoch: 46, iters: 640, time: 0.001, data: 0.001) , D_A: 0.182, G_A: 0.980, cycle_A: 0.081, D_B: 0.196, G_B: 0.994, cycle_B: 0.078, gp: 0.194

[Rank 0] (epoch: 46, iters: 2240, time: 0.001, data: 0.000) , D_A: 0.129, G_A: 0.966, cycle_A: 0.081, D_B: 0.297, G_B: 0.980, cycle_B: 0.083, gp: 0.294

[Rank 0] (epoch: 46, iters: 3840, time: 0.001, data: 0.001) , D_A: 0.148, G_A: 0.972, cycle_A: 0.079, D_B: 0.243, G_B: 0.985, cycle_B: 0.080, gp: 0.242

[Rank 0] (epoch: 46, iters: 5440, time: 0.001, data: 0.001) , D_A: 0.129, G_A: 0.998, cycle_A: 0.067, D_B: 0.304, G_B: 0.991, cycle_B: 0.075, gp: 0.302

[Rank 0] (epoch: 46, iters: 7040, time: 0.001, data: 0.001) , D_A: 0.175, G_A: 0.991, cycle_A: 0.078, D_B: 0.178, G_B: 0.969, cycle_B: 0.070, gp: 0.176

[Rank 0] (epoch: 46, iters: 8640, time: 0.001, data: 0.001) , D_A: 0.143, G_A: 1.013, cycle_A: 0.072, D_B: 0.288, G_B: 0.949, cycle_B: 0.082, gp: 0.287

[Rank 0] (epoch: 46, iters: 10240, time: 0.001, data: 0.001) , D_A: 0.155, G_A: 0.989, cycle_A: 0.071, D_B: 0.293, G_B: 0.920, cycle_B: 0.075, gp: 0.291

[Rank 0] (epoch: 46, iters: 11840, time: 0.001, data: 0.001) , D_A: 0.214, G_A: 0.973, cycle_A: 0.078, D_B: 0.190, G_B: 1.025, cycle_B: 0.070, gp: 0.189

[Rank 0] (epoch: 46, iters: 13440, time: 0.001, data: 0.001) , D_A: 0.126, G_A: 0.989, cycle_A: 0.064, D_B: 0.156, G_B: 0.990, cycle_B: 0.074, gp: 0.155

[Rank 0] (epoch: 46, iters: 15040, time: 0.001, data: 0.001) , D_A: 0.176, G_A: 0.981, cycle_A: 0.071, D_B: 0.533, G_B: 0.948, cycle_B: 0.077, gp: 0.531

[Rank 0] (epoch: 46, iters: 16640, time: 0.001, data: 0.001) , D_A: 0.109, G_A: 0.974, cycle_A: 0.081, D_B: 0.350, G_B: 0.996, cycle_B: 0.075, gp: 0.348

[Rank 0] (epoch: 46, iters: 18240, time: 0.001, data: 0.001) , D_A: 0.165, G_A: 0.949, cycle_A: 0.068, D_B: 0.428, G_B: 0.966, cycle_B: 0.064, gp: 0.426

--- iter tau=0.1140 ---
  cipher in : he outstanding player in the world series graham will be recogni
  decrypted : ae shidinglogf rhnzec og iae tschl decoed fcnanb tohh qe cewsfgo
  real plain: he approval did not arise from an expectation of farreaching agr
  cipher in : there was an understanding from the beginning that they would be
  decrypted : iaece tnd ng hglecdinglogf ucsb iae qefoggogf iani iaez tshhl qe
  real plain:  the issues should be in the campaign state aid to schools the c
[Rank 0] (epoch: 46, iters: 19840, time: 0.001, data: 0.001) , D_A: 0.182, G_A: 0.933, cycle_A: 0.074, D_B: 0.417, G_B: 0.982, cycle_B: 0.070, gp: 0.414

saving the latest model (epoch 46, total_iters 1840000)
[Rank 0] (epoch: 46, iters: 21440, time: 0.001, data: 0.001) , D_A: 0.154, G_A: 0.980, cycle_A: 0.063, D_B: 0.443, G_B: 0.991, cycle_B: 0.072, gp: 0.441

[Rank 0] (epoch: 46, iters: 23040, time: 0.001, data: 0.001) , D_A: 0.258, G_A: 0.977, cycle_A: 0.080, D_B: 0.416, G_B: 0.966, cycle_B: 0.075, gp: 0.413

[Rank 0] (epoch: 46, iters: 24640, time: 0.001, data: 0.001) , D_A: 0.151, G_A: 1.005, cycle_A: 0.079, D_B: 0.500, G_B: 0.986, cycle_B: 0.081, gp: 0.498

[Rank 0] (epoch: 46, iters: 26240, time: 0.001, data: 0.001) , D_A: 0.210, G_A: 0.937, cycle_A: 0.074, D_B: 0.297, G_B: 1.001, cycle_B: 0.078, gp: 0.294

[Rank 0] (epoch: 46, iters: 27840, time: 0.001, data: 0.001) , D_A: 0.077, G_A: 0.987, cycle_A: 0.068, D_B: 0.478, G_B: 0.980, cycle_B: 0.077, gp: 0.476

[Rank 0] (epoch: 46, iters: 29440, time: 0.001, data: 0.001) , D_A: 0.175, G_A: 0.935, cycle_A: 0.072, D_B: 0.406, G_B: 0.988, cycle_B: 0.076, gp: 0.405

[Rank 0] (epoch: 46, iters: 31040, time: 0.001, data: 0.001) , D_A: 0.173, G_A: 1.026, cycle_A: 0.075, D_B: 0.415, G_B: 0.982, cycle_B: 0.075, gp: 0.413

[Rank 0] (epoch: 46, iters: 32640, time: 0.001, data: 0.001) , D_A: 0.168, G_A: 0.923, cycle_A: 0.071, D_B: 0.315, G_B: 0.983, cycle_B: 0.070, gp: 0.314

[Rank 0] (epoch: 46, iters: 34240, time: 0.001, data: 0.001) , D_A: 0.197, G_A: 1.037, cycle_A: 0.061, D_B: 0.254, G_B: 0.977, cycle_B: 0.078, gp: 0.253

[Rank 0] (epoch: 46, iters: 35840, time: 0.001, data: 0.001) , D_A: 0.181, G_A: 1.018, cycle_A: 0.070, D_B: 0.287, G_B: 0.947, cycle_B: 0.091, gp: 0.285

[Rank 0] (epoch: 46, iters: 37440, time: 0.001, data: 0.001) , D_A: 0.199, G_A: 0.926, cycle_A: 0.078, D_B: 0.205, G_B: 0.996, cycle_B: 0.075, gp: 0.203

[Rank 0] (epoch: 46, iters: 39040, time: 0.001, data: 0.001) , D_A: 0.254, G_A: 0.989, cycle_A: 0.068, D_B: 0.391, G_B: 0.979, cycle_B: 0.077, gp: 0.390

learning rate 0.0000909 -> 0.0000727
temperature tau = 0.1104
End of epoch 46 / 50 	 Time Taken: 36 sec
[Rank 0] (epoch: 47, iters: 192, time: 0.001, data: 0.001) , D_A: 0.220, G_A: 0.992, cycle_A: 0.067, D_B: 0.533, G_B: 0.950, cycle_B: 0.075, gp: 0.530

[Rank 0] (epoch: 47, iters: 1792, time: 0.001, data: 0.000) , D_A: 0.152, G_A: 0.999, cycle_A: 0.074, D_B: 0.515, G_B: 0.979, cycle_B: 0.071, gp: 0.513

[Rank 0] (epoch: 47, iters: 3392, time: 0.001, data: 0.001) , D_A: 0.193, G_A: 0.932, cycle_A: 0.078, D_B: 0.393, G_B: 0.983, cycle_B: 0.075, gp: 0.391

[Rank 0] (epoch: 47, iters: 4992, time: 0.001, data: 0.001) , D_A: 0.092, G_A: 0.925, cycle_A: 0.078, D_B: 0.391, G_B: 0.974, cycle_B: 0.077, gp: 0.388

[Rank 0] (epoch: 47, iters: 6592, time: 0.001, data: 0.001) , D_A: 0.126, G_A: 1.001, cycle_A: 0.069, D_B: 0.201, G_B: 0.984, cycle_B: 0.073, gp: 0.199

[Rank 0] (epoch: 47, iters: 8192, time: 0.001, data: 0.002) , D_A: 0.102, G_A: 0.996, cycle_A: 0.077, D_B: 0.265, G_B: 0.945, cycle_B: 0.069, gp: 0.263

[Rank 0] (epoch: 47, iters: 9792, time: 0.001, data: 0.001) , D_A: 0.112, G_A: 0.993, cycle_A: 0.072, D_B: 0.232, G_B: 0.996, cycle_B: 0.075, gp: 0.230

[Rank 0] (epoch: 47, iters: 11392, time: 0.001, data: 0.001) , D_A: 0.176, G_A: 0.977, cycle_A: 0.069, D_B: 0.190, G_B: 0.999, cycle_B: 0.076, gp: 0.189

[Rank 0] (epoch: 47, iters: 12992, time: 0.001, data: 0.001) , D_A: 0.155, G_A: 0.984, cycle_A: 0.069, D_B: 0.261, G_B: 0.926, cycle_B: 0.074, gp: 0.258

[Rank 0] (epoch: 47, iters: 14592, time: 0.001, data: 0.001) , D_A: 0.155, G_A: 0.992, cycle_A: 0.075, D_B: 0.501, G_B: 0.942, cycle_B: 0.077, gp: 0.498

[Rank 0] (epoch: 47, iters: 16192, time: 0.001, data: 0.001) , D_A: 0.116, G_A: 0.951, cycle_A: 0.071, D_B: 0.375, G_B: 0.995, cycle_B: 0.081, gp: 0.373

[Rank 0] (epoch: 47, iters: 17792, time: 0.001, data: 0.001) , D_A: 0.173, G_A: 0.990, cycle_A: 0.068, D_B: 0.457, G_B: 0.948, cycle_B: 0.071, gp: 0.455

--- iter tau=0.1104 ---
  cipher in : the duration and other circumstances of the selden case made it 
  decrypted : iae lhcniosg ngl siaec wocwhbdingwed su iae dehleg wnde bnle oi 
  real plain: city two years ago have strikingly similar backgrounds both were
  cipher in : ailure to file timely returns or make estimated tax payments whe
  decrypted : nohhce is uohe iobehz ceihcgd sc bnme ediobniel inx rnzbegid tae
  real plain: and then there are lots of kids around here scotty looked at the
[Rank 0] (epoch: 47, iters: 19392, time: 0.001, data: 0.001) , D_A: 0.184, G_A: 0.985, cycle_A: 0.072, D_B: 0.373, G_B: 0.987, cycle_B: 0.083, gp: 0.371

saving the latest model (epoch 47, total_iters 1880000)
[Rank 0] (epoch: 47, iters: 20992, time: 0.001, data: 0.001) , D_A: 0.189, G_A: 0.952, cycle_A: 0.067, D_B: 0.309, G_B: 1.000, cycle_B: 0.076, gp: 0.308

[Rank 0] (epoch: 47, iters: 22592, time: 0.001, data: 0.001) , D_A: 0.167, G_A: 0.986, cycle_A: 0.077, D_B: 0.549, G_B: 0.964, cycle_B: 0.076, gp: 0.547

[Rank 0] (epoch: 47, iters: 24192, time: 0.001, data: 0.001) , D_A: 0.089, G_A: 1.009, cycle_A: 0.071, D_B: 0.385, G_B: 0.971, cycle_B: 0.070, gp: 0.383

[Rank 0] (epoch: 47, iters: 25792, time: 0.001, data: 0.002) , D_A: 0.148, G_A: 0.937, cycle_A: 0.077, D_B: 0.440, G_B: 0.994, cycle_B: 0.077, gp: 0.437

[Rank 0] (epoch: 47, iters: 27392, time: 0.001, data: 0.001) , D_A: 0.158, G_A: 1.018, cycle_A: 0.080, D_B: 0.440, G_B: 0.937, cycle_B: 0.074, gp: 0.436

[Rank 0] (epoch: 47, iters: 28992, time: 0.001, data: 0.001) , D_A: 0.136, G_A: 1.000, cycle_A: 0.073, D_B: 0.490, G_B: 0.961, cycle_B: 0.077, gp: 0.488

[Rank 0] (epoch: 47, iters: 30592, time: 0.001, data: 0.001) , D_A: 0.137, G_A: 0.956, cycle_A: 0.072, D_B: 0.413, G_B: 1.000, cycle_B: 0.077, gp: 0.411

[Rank 0] (epoch: 47, iters: 32192, time: 0.001, data: 0.002) , D_A: 0.169, G_A: 0.963, cycle_A: 0.069, D_B: 0.440, G_B: 0.979, cycle_B: 0.081, gp: 0.438

[Rank 0] (epoch: 47, iters: 33792, time: 0.001, data: 0.003) , D_A: 0.207, G_A: 0.990, cycle_A: 0.073, D_B: 0.236, G_B: 0.973, cycle_B: 0.074, gp: 0.233

[Rank 0] (epoch: 47, iters: 35392, time: 0.001, data: 0.001) , D_A: 0.226, G_A: 0.955, cycle_A: 0.078, D_B: 0.208, G_B: 0.986, cycle_B: 0.092, gp: 0.206

[Rank 0] (epoch: 47, iters: 36992, time: 0.001, data: 0.001) , D_A: 0.157, G_A: 0.944, cycle_A: 0.063, D_B: 0.291, G_B: 0.982, cycle_B: 0.077, gp: 0.290

[Rank 0] (epoch: 47, iters: 38592, time: 0.001, data: 0.002) , D_A: 0.160, G_A: 1.023, cycle_A: 0.069, D_B: 0.178, G_B: 0.980, cycle_B: 0.076, gp: 0.177

[Rank 0] (epoch: 47, iters: 40192, time: 0.001, data: 0.001) , D_A: 0.254, G_A: 0.964, cycle_A: 0.070, D_B: 0.437, G_B: 0.956, cycle_B: 0.073, gp: 0.435

learning rate 0.0000727 -> 0.0000545
temperature tau = 0.1068
End of epoch 47 / 50 	 Time Taken: 36 sec
[Rank 0] (epoch: 48, iters: 1344, time: 0.001, data: 0.001) , D_A: 0.205, G_A: 0.984, cycle_A: 0.069, D_B: 0.460, G_B: 0.979, cycle_B: 0.082, gp: 0.458

[Rank 0] (epoch: 48, iters: 2944, time: 0.001, data: 0.001) , D_A: 0.227, G_A: 0.982, cycle_A: 0.079, D_B: 0.458, G_B: 0.988, cycle_B: 0.075, gp: 0.456

[Rank 0] (epoch: 48, iters: 4544, time: 0.001, data: 0.001) , D_A: 0.198, G_A: 0.960, cycle_A: 0.066, D_B: 0.414, G_B: 0.999, cycle_B: 0.074, gp: 0.412

[Rank 0] (epoch: 48, iters: 6144, time: 0.001, data: 0.001) , D_A: 0.123, G_A: 0.960, cycle_A: 0.070, D_B: 0.343, G_B: 0.981, cycle_B: 0.080, gp: 0.341

[Rank 0] (epoch: 48, iters: 7744, time: 0.001, data: 0.001) , D_A: 0.211, G_A: 1.006, cycle_A: 0.079, D_B: 0.121, G_B: 1.024, cycle_B: 0.072, gp: 0.118

[Rank 0] (epoch: 48, iters: 9344, time: 0.001, data: 0.001) , D_A: 0.122, G_A: 1.004, cycle_A: 0.075, D_B: 0.362, G_B: 0.978, cycle_B: 0.075, gp: 0.360

[Rank 0] (epoch: 48, iters: 10944, time: 0.001, data: 0.001) , D_A: 0.150, G_A: 0.938, cycle_A: 0.073, D_B: 0.242, G_B: 0.991, cycle_B: 0.073, gp: 0.240

[Rank 0] (epoch: 48, iters: 12544, time: 0.001, data: 0.001) , D_A: 0.186, G_A: 1.020, cycle_A: 0.072, D_B: 0.275, G_B: 1.003, cycle_B: 0.078, gp: 0.273

[Rank 0] (epoch: 48, iters: 14144, time: 0.001, data: 0.001) , D_A: 0.082, G_A: 0.977, cycle_A: 0.070, D_B: 0.251, G_B: 0.968, cycle_B: 0.079, gp: 0.249

[Rank 0] (epoch: 48, iters: 15744, time: 0.001, data: 0.001) , D_A: 0.141, G_A: 1.004, cycle_A: 0.075, D_B: 0.481, G_B: 0.956, cycle_B: 0.074, gp: 0.480

[Rank 0] (epoch: 48, iters: 17344, time: 0.001, data: 0.001) , D_A: 0.131, G_A: 1.008, cycle_A: 0.066, D_B: 0.486, G_B: 0.976, cycle_B: 0.079, gp: 0.484

--- iter tau=0.1068 ---
  cipher in : hwhile the series of boorish rustic happenings we have had to wa
  decrypted : ataohe iae decoed su qsscoda chdiow anrrepopfd te anoe anl is tn
  real plain:  what works best for him often these exercises work well for som
  cipher in : ons have not been able to do they survive only when they can rec
  decrypted : spd anoe psi qeep nqhe is ls iaez dhcoooe sphz taep iaez wnp cew
  real plain: dog plopped on the sand quint couldnt blame maggie for disbeliev
[Rank 0] (epoch: 48, iters: 18944, time: 0.001, data: 0.001) , D_A: 0.173, G_A: 0.943, cycle_A: 0.072, D_B: 0.459, G_B: 0.985, cycle_B: 0.070, gp: 0.458

saving the latest model (epoch 48, total_iters 1920000)
[Rank 0] (epoch: 48, iters: 20544, time: 0.001, data: 0.001) , D_A: 0.121, G_A: 0.965, cycle_A: 0.064, D_B: 0.340, G_B: 0.987, cycle_B: 0.076, gp: 0.338

[Rank 0] (epoch: 48, iters: 22144, time: 0.001, data: 0.001) , D_A: 0.143, G_A: 0.941, cycle_A: 0.074, D_B: 0.449, G_B: 0.985, cycle_B: 0.078, gp: 0.448

[Rank 0] (epoch: 48, iters: 23744, time: 0.001, data: 0.001) , D_A: 0.163, G_A: 0.973, cycle_A: 0.066, D_B: 0.447, G_B: 0.964, cycle_B: 0.075, gp: 0.445

[Rank 0] (epoch: 48, iters: 25344, time: 0.001, data: 0.001) , D_A: 0.112, G_A: 0.969, cycle_A: 0.070, D_B: 0.543, G_B: 0.989, cycle_B: 0.082, gp: 0.541

[Rank 0] (epoch: 48, iters: 26944, time: 0.001, data: 0.001) , D_A: 0.215, G_A: 0.967, cycle_A: 0.078, D_B: 0.520, G_B: 0.944, cycle_B: 0.081, gp: 0.518

[Rank 0] (epoch: 48, iters: 28544, time: 0.001, data: 0.001) , D_A: 0.112, G_A: 0.997, cycle_A: 0.081, D_B: 0.388, G_B: 0.988, cycle_B: 0.075, gp: 0.386

[Rank 0] (epoch: 48, iters: 30144, time: 0.001, data: 0.001) , D_A: 0.102, G_A: 0.983, cycle_A: 0.077, D_B: 0.381, G_B: 0.970, cycle_B: 0.077, gp: 0.379

[Rank 0] (epoch: 48, iters: 31744, time: 0.001, data: 0.001) , D_A: 0.177, G_A: 0.980, cycle_A: 0.071, D_B: 0.290, G_B: 0.988, cycle_B: 0.073, gp: 0.289

[Rank 0] (epoch: 48, iters: 33344, time: 0.001, data: 0.001) , D_A: 0.157, G_A: 0.970, cycle_A: 0.080, D_B: 0.414, G_B: 1.008, cycle_B: 0.074, gp: 0.412

[Rank 0] (epoch: 48, iters: 34944, time: 0.001, data: 0.001) , D_A: 0.191, G_A: 0.922, cycle_A: 0.075, D_B: 0.325, G_B: 0.972, cycle_B: 0.071, gp: 0.322

[Rank 0] (epoch: 48, iters: 36544, time: 0.001, data: 0.001) , D_A: 0.210, G_A: 0.960, cycle_A: 0.071, D_B: 0.387, G_B: 0.979, cycle_B: 0.080, gp: 0.385

[Rank 0] (epoch: 48, iters: 38144, time: 0.001, data: 0.001) , D_A: 0.172, G_A: 0.956, cycle_A: 0.078, D_B: 0.182, G_B: 0.995, cycle_B: 0.078, gp: 0.179

[Rank 0] (epoch: 48, iters: 39744, time: 0.001, data: 0.001) , D_A: 0.101, G_A: 1.004, cycle_A: 0.073, D_B: 0.505, G_B: 0.952, cycle_B: 0.077, gp: 0.503

learning rate 0.0000545 -> 0.0000364
temperature tau = 0.1033
End of epoch 48 / 50 	 Time Taken: 36 sec
[Rank 0] (epoch: 49, iters: 896, time: 0.001, data: 0.001) , D_A: 0.155, G_A: 0.983, cycle_A: 0.078, D_B: 0.508, G_B: 0.948, cycle_B: 0.075, gp: 0.506

[Rank 0] (epoch: 49, iters: 2496, time: 0.001, data: 0.000) , D_A: 0.196, G_A: 0.971, cycle_A: 0.070, D_B: 0.457, G_B: 0.963, cycle_B: 0.082, gp: 0.455

[Rank 0] (epoch: 49, iters: 4096, time: 0.001, data: 0.001) , D_A: 0.176, G_A: 0.962, cycle_A: 0.070, D_B: 0.469, G_B: 0.966, cycle_B: 0.079, gp: 0.466

[Rank 0] (epoch: 49, iters: 5696, time: 0.001, data: 0.001) , D_A: 0.172, G_A: 0.933, cycle_A: 0.076, D_B: 0.437, G_B: 0.984, cycle_B: 0.077, gp: 0.435

[Rank 0] (epoch: 49, iters: 7296, time: 0.001, data: 0.001) , D_A: 0.162, G_A: 0.982, cycle_A: 0.063, D_B: 0.387, G_B: 0.958, cycle_B: 0.075, gp: 0.386

[Rank 0] (epoch: 49, iters: 8896, time: 0.001, data: 0.001) , D_A: 0.147, G_A: 0.950, cycle_A: 0.062, D_B: 0.427, G_B: 0.971, cycle_B: 0.078, gp: 0.425

[Rank 0] (epoch: 49, iters: 10496, time: 0.001, data: 0.001) , D_A: 0.110, G_A: 0.971, cycle_A: 0.070, D_B: 0.460, G_B: 0.986, cycle_B: 0.078, gp: 0.458

[Rank 0] (epoch: 49, iters: 12096, time: 0.001, data: 0.001) , D_A: 0.115, G_A: 0.972, cycle_A: 0.073, D_B: 0.432, G_B: 0.963, cycle_B: 0.069, gp: 0.430

[Rank 0] (epoch: 49, iters: 13696, time: 0.001, data: 0.001) , D_A: 0.134, G_A: 0.966, cycle_A: 0.070, D_B: 0.403, G_B: 0.987, cycle_B: 0.074, gp: 0.402

[Rank 0] (epoch: 49, iters: 15296, time: 0.001, data: 0.001) , D_A: 0.169, G_A: 0.954, cycle_A: 0.076, D_B: 0.514, G_B: 0.961, cycle_B: 0.077, gp: 0.512

[Rank 0] (epoch: 49, iters: 16896, time: 0.001, data: 0.001) , D_A: 0.182, G_A: 0.992, cycle_A: 0.078, D_B: 0.465, G_B: 0.994, cycle_B: 0.075, gp: 0.463

--- iter tau=0.1033 ---
  cipher in : basic chemistry urethane foams are basically reaction products o
  decrypted : qndow waebodicz hceiange usnbd nce qndownhhz cenwiosg rcslhwid s
  real plain:  what works best for him often these exercises work well for som
  cipher in :  aim is to enable the reader to get beneath his own defenses his
  decrypted :  nob od is egnqhe iae cenlec is fei qegenia aod stg leuegded aod
  real plain: dog plopped on the sand quint couldnt blame maggie for disbeliev
[Rank 0] (epoch: 49, iters: 18496, time: 0.001, data: 0.002) , D_A: 0.103, G_A: 0.994, cycle_A: 0.060, D_B: 0.452, G_B: 0.999, cycle_B: 0.070, gp: 0.451

saving the latest model (epoch 49, total_iters 1960000)
[Rank 0] (epoch: 49, iters: 20096, time: 0.001, data: 0.001) , D_A: 0.142, G_A: 0.990, cycle_A: 0.070, D_B: 0.388, G_B: 0.966, cycle_B: 0.075, gp: 0.386

[Rank 0] (epoch: 49, iters: 21696, time: 0.001, data: 0.001) , D_A: 0.144, G_A: 0.961, cycle_A: 0.072, D_B: 0.451, G_B: 0.979, cycle_B: 0.075, gp: 0.450

[Rank 0] (epoch: 49, iters: 23296, time: 0.001, data: 0.001) , D_A: 0.147, G_A: 0.969, cycle_A: 0.081, D_B: 0.452, G_B: 0.969, cycle_B: 0.076, gp: 0.450

[Rank 0] (epoch: 49, iters: 24896, time: 0.001, data: 0.001) , D_A: 0.131, G_A: 0.966, cycle_A: 0.070, D_B: 0.554, G_B: 0.963, cycle_B: 0.081, gp: 0.552

[Rank 0] (epoch: 49, iters: 26496, time: 0.001, data: 0.001) , D_A: 0.134, G_A: 0.960, cycle_A: 0.073, D_B: 0.435, G_B: 0.988, cycle_B: 0.078, gp: 0.433

[Rank 0] (epoch: 49, iters: 28096, time: 0.001, data: 0.001) , D_A: 0.094, G_A: 0.981, cycle_A: 0.080, D_B: 0.389, G_B: 0.980, cycle_B: 0.077, gp: 0.388

[Rank 0] (epoch: 49, iters: 29696, time: 0.001, data: 0.001) , D_A: 0.173, G_A: 0.941, cycle_A: 0.075, D_B: 0.422, G_B: 0.946, cycle_B: 0.076, gp: 0.419

[Rank 0] (epoch: 49, iters: 31296, time: 0.001, data: 0.001) , D_A: 0.099, G_A: 0.967, cycle_A: 0.071, D_B: 0.406, G_B: 0.971, cycle_B: 0.073, gp: 0.404

[Rank 0] (epoch: 49, iters: 32896, time: 0.001, data: 0.001) , D_A: 0.148, G_A: 0.969, cycle_A: 0.069, D_B: 0.400, G_B: 0.979, cycle_B: 0.071, gp: 0.398

[Rank 0] (epoch: 49, iters: 34496, time: 0.001, data: 0.001) , D_A: 0.179, G_A: 0.948, cycle_A: 0.081, D_B: 0.477, G_B: 0.992, cycle_B: 0.074, gp: 0.475

[Rank 0] (epoch: 49, iters: 36096, time: 0.001, data: 0.001) , D_A: 0.111, G_A: 0.953, cycle_A: 0.077, D_B: 0.426, G_B: 0.972, cycle_B: 0.079, gp: 0.424

[Rank 0] (epoch: 49, iters: 37696, time: 0.001, data: 0.001) , D_A: 0.119, G_A: 0.936, cycle_A: 0.084, D_B: 0.214, G_B: 0.993, cycle_B: 0.075, gp: 0.212

[Rank 0] (epoch: 49, iters: 39296, time: 0.001, data: 0.001) , D_A: 0.196, G_A: 0.961, cycle_A: 0.073, D_B: 0.293, G_B: 0.964, cycle_B: 0.077, gp: 0.291

learning rate 0.0000364 -> 0.0000182
temperature tau = 0.1000
End of epoch 49 / 50 	 Time Taken: 36 sec
[Rank 0] (epoch: 50, iters: 448, time: 0.001, data: 0.001) , D_A: 0.154, G_A: 0.975, cycle_A: 0.085, D_B: 0.420, G_B: 0.944, cycle_B: 0.073, gp: 0.417

[Rank 0] (epoch: 50, iters: 2048, time: 0.001, data: 0.000) , D_A: 0.142, G_A: 0.957, cycle_A: 0.077, D_B: 0.405, G_B: 0.991, cycle_B: 0.069, gp: 0.402

[Rank 0] (epoch: 50, iters: 3648, time: 0.001, data: 0.001) , D_A: 0.167, G_A: 0.982, cycle_A: 0.075, D_B: 0.142, G_B: 0.986, cycle_B: 0.079, gp: 0.140

[Rank 0] (epoch: 50, iters: 5248, time: 0.001, data: 0.001) , D_A: 0.066, G_A: 0.969, cycle_A: 0.081, D_B: 0.199, G_B: 1.003, cycle_B: 0.074, gp: 0.196

[Rank 0] (epoch: 50, iters: 6848, time: 0.001, data: 0.001) , D_A: 0.215, G_A: 0.936, cycle_A: 0.075, D_B: 0.161, G_B: 1.002, cycle_B: 0.071, gp: 0.159

[Rank 0] (epoch: 50, iters: 8448, time: 0.001, data: 0.001) , D_A: 0.130, G_A: 0.961, cycle_A: 0.078, D_B: 0.173, G_B: 0.974, cycle_B: 0.082, gp: 0.171

[Rank 0] (epoch: 50, iters: 10048, time: 0.001, data: 0.002) , D_A: 0.160, G_A: 0.976, cycle_A: 0.080, D_B: 0.190, G_B: 0.960, cycle_B: 0.075, gp: 0.188

[Rank 0] (epoch: 50, iters: 11648, time: 0.001, data: 0.001) , D_A: 0.195, G_A: 0.982, cycle_A: 0.077, D_B: 0.207, G_B: 0.988, cycle_B: 0.076, gp: 0.206

[Rank 0] (epoch: 50, iters: 13248, time: 0.001, data: 0.003) , D_A: 0.138, G_A: 0.975, cycle_A: 0.078, D_B: 0.176, G_B: 0.974, cycle_B: 0.074, gp: 0.174

[Rank 0] (epoch: 50, iters: 14848, time: 0.001, data: 0.001) , D_A: 0.138, G_A: 0.950, cycle_A: 0.070, D_B: 0.357, G_B: 0.979, cycle_B: 0.077, gp: 0.354

[Rank 0] (epoch: 50, iters: 16448, time: 0.001, data: 0.003) , D_A: 0.168, G_A: 0.967, cycle_A: 0.074, D_B: 0.317, G_B: 0.983, cycle_B: 0.075, gp: 0.316

--- iter tau=0.1000 ---
  cipher in : new sources of supply to meet its present and future water needs
  decrypted : get dshcwed su dhrrhz is beei oid rcedegi ngl uhihce tniec geeld
  real plain: at littlepage got his first good look at the ordinary russian so
  cipher in : k a detailed search of old coroners reports fails to substantiat
  decrypted : m n leinohel dencwa su shl wscsgecd cerscid unohd is dhqdingioni
  real plain: have been engrossing but it could hardly be called worldshatteri
[Rank 0] (epoch: 50, iters: 18048, time: 0.001, data: 0.001) , D_A: 0.219, G_A: 0.958, cycle_A: 0.077, D_B: 0.383, G_B: 0.967, cycle_B: 0.064, gp: 0.382

saving the latest model (epoch 50, total_iters 2000000)
[Rank 0] (epoch: 50, iters: 19648, time: 0.001, data: 0.001) , D_A: 0.142, G_A: 0.989, cycle_A: 0.070, D_B: 0.365, G_B: 0.979, cycle_B: 0.070, gp: 0.364

[Rank 0] (epoch: 50, iters: 21248, time: 0.001, data: 0.001) , D_A: 0.169, G_A: 0.987, cycle_A: 0.074, D_B: 0.442, G_B: 0.962, cycle_B: 0.072, gp: 0.440

[Rank 0] (epoch: 50, iters: 22848, time: 0.001, data: 0.001) , D_A: 0.127, G_A: 0.933, cycle_A: 0.074, D_B: 0.403, G_B: 0.964, cycle_B: 0.076, gp: 0.401

[Rank 0] (epoch: 50, iters: 24448, time: 0.001, data: 0.001) , D_A: 0.098, G_A: 0.954, cycle_A: 0.068, D_B: 0.432, G_B: 0.979, cycle_B: 0.070, gp: 0.430

[Rank 0] (epoch: 50, iters: 26048, time: 0.001, data: 0.001) , D_A: 0.135, G_A: 0.959, cycle_A: 0.072, D_B: 0.461, G_B: 0.971, cycle_B: 0.077, gp: 0.460

[Rank 0] (epoch: 50, iters: 27648, time: 0.001, data: 0.001) , D_A: 0.171, G_A: 0.937, cycle_A: 0.071, D_B: 0.404, G_B: 0.969, cycle_B: 0.074, gp: 0.402

[Rank 0] (epoch: 50, iters: 29248, time: 0.001, data: 0.001) , D_A: 0.152, G_A: 0.974, cycle_A: 0.066, D_B: 0.487, G_B: 0.966, cycle_B: 0.077, gp: 0.485

[Rank 0] (epoch: 50, iters: 30848, time: 0.001, data: 0.001) , D_A: 0.118, G_A: 0.948, cycle_A: 0.068, D_B: 0.423, G_B: 0.976, cycle_B: 0.075, gp: 0.421

[Rank 0] (epoch: 50, iters: 32448, time: 0.001, data: 0.001) , D_A: 0.195, G_A: 0.992, cycle_A: 0.074, D_B: 0.464, G_B: 0.972, cycle_B: 0.070, gp: 0.462

[Rank 0] (epoch: 50, iters: 34048, time: 0.001, data: 0.001) , D_A: 0.184, G_A: 0.979, cycle_A: 0.065, D_B: 0.376, G_B: 0.983, cycle_B: 0.079, gp: 0.374

[Rank 0] (epoch: 50, iters: 35648, time: 0.001, data: 0.001) , D_A: 0.156, G_A: 0.960, cycle_A: 0.074, D_B: 0.333, G_B: 0.985, cycle_B: 0.092, gp: 0.331

[Rank 0] (epoch: 50, iters: 37248, time: 0.001, data: 0.001) , D_A: 0.080, G_A: 0.968, cycle_A: 0.068, D_B: 0.305, G_B: 0.969, cycle_B: 0.077, gp: 0.304

[Rank 0] (epoch: 50, iters: 38848, time: 0.001, data: 0.001) , D_A: 0.129, G_A: 0.940, cycle_A: 0.079, D_B: 0.350, G_B: 1.006, cycle_B: 0.076, gp: 0.348

[Rank 0] (epoch: 50, iters: 40448, time: 0.001, data: 0.001) , D_A: 0.136, G_A: 0.948, cycle_A: 0.077, D_B: 0.472, G_B: 0.988, cycle_B: 0.074, gp: 0.471

learning rate 0.0000182 -> 0.0000000
temperature tau = 0.1000
saving the model at the end of epoch 50, iters 2022400
End of epoch 50 / 50 	 Time Taken: 38 sec
----------------- Options ---------------
             aspect_ratio: 1.0                           
               batch_size: 64                            
          checkpoints_dir: ./checkpoints                 
                crop_size: 256                           
                 dataroot: .                             	[default: None]
             dataset_mode: cipher                        
                direction: AtoB                          
               display_id: 0                             
          display_winsize: 256                           
                embed_dim: 256                           	[default: 64]
                    epoch: latest                        
                     eval: False                         
                 gan_mode: lsgan                         
                   gumbel: False                         
                init_gain: 0.02                          
                init_type: normal                        
                 input_nc: 3                             
                  isTrain: False                         	[default: None]
                     kw_D: 15                            	[default: 4]
                 lambda_A: 10.0                          
                 lambda_B: 10.0                          
                lambda_gp: 10.0                          
          lambda_identity: 0.0                           
                load_iter: 0                             	[default: 0]
                load_size: 256                           
                       lr: 0.0002                        
         matched_softness: True                          	[default: False]
         max_dataset_size: inf                           
                    model: cipher_cycle_gan              	[default: test]
               n_blocks_G: 5                             	[default: 4]
                 n_critic: 1                             
               n_layers_D: 5                             	[default: 3]
                     name: identity_s6_gp1               	[default: experiment_name]
                      ndf: 32                            	[default: 128]
                     netD: seq                           
                     netG: seq                           
                      ngf: 128                           
               no_dropout: True                          
                  no_flip: True                          
                     norm: layer                         	[default: instance]
                 npz_path: data/identity/dataset.npz     	[default: None]
                 num_test: 50                            
              num_threads: 4                             
                output_nc: 3                             
                pair_seed: 0                             
                    phase: test                          
              pointwise_G: True                          	[default: False]
               preprocess: none                          
         real_logit_scale: 5.0                           
              results_dir: ./results/                    
           serial_batches: False                         
         straight_through: True                          	[default: False]
                   suffix:                               
                  tau_end: 0.1                           
                tau_start: 1.0                           
                   use_gp: False                         
                use_wandb: False                         
                  verbose: False                         
               vocab_size: -1                            
       wandb_project_name: CycleGAN-and-pix2pix          
----------------- End -------------------
[cipher] eval: A(cipher)=(8986, 64) B(plain)=(8986, 64) vocab=28 cipher=identity paired=True
dataset [CipherDataset] was created
Initialized with device cuda:0
initialize network with normal
Initialized with device cuda:0
initialize network with normal
model [CipherCycleGANModel] was created
Initialized with device cuda:0
initialize network with normal
loading the model from checkpoints/identity_s6_gp1/latest_net_G_A.pth
Initialized with device cuda:0
initialize network with normal
loading the model from checkpoints/identity_s6_gp1/latest_net_G_B.pth
---------- Networks initialized -------------
[Network G_A] Total number of parameters : 0.212 M
[Network G_B] Total number of parameters : 0.212 M
-----------------------------------------------

==============================================================
cipher              identity (key=0)
samples             8986 x 64
character accuracy  0.2799   (chance ~0.0370)
character error     0.7201
key recovery        0.1111   (coverage 1.000)
==============================================================
cipher in : olved upon second thought we were forced to realize that we have
decrypted : shoel hrsp dewspl iashfai te tece uscwel is cenhoke iani te anoe
truth     : olved upon second thought we were forced to realize that we have

wrote ./checkpoints/identity_s6_gp1/eval_metrics.json
wrote ./checkpoints/identity_s6_gp1/curves_identity_s6_gp1.png

loss             first      last       min       max
D_A              0.871     0.136     0.066     1.265
G_A              0.210     0.948     0.085     1.448
cycle_A          1.032     0.077     0.060     1.499
D_B              0.839     0.472     0.063     0.898
G_B              0.171     0.988     0.171     1.730
cycle_B          1.072     0.074     0.064     2.027
gp               0.406     0.471     0.061     0.613

D_A over the final window: 0.151
  -> neither collapsed nor at equilibrium; inspect the shape.
