=== task 0 : dataset=identity seed=9 ===
NVIDIA A100-SXM4-80GB
----------------- Options ---------------
               batch_size: 64                            
                    beta1: 0.0                           	[default: 0.5]
          checkpoints_dir: ./checkpoints                 
           continue_train: False                         
                crop_size: 256                           
               cycle_loss: ce                            
                 dataroot: .                             	[default: None]
             dataset_mode: cipher                        
                direction: AtoB                          
             display_freq: 20000                         	[default: 400]
               display_id: 0                             
          display_winsize: 256                           
                embed_dim: 256                           	[default: 64]
                    epoch: latest                        
              epoch_count: 1                             
                 gan_mode: lsgan                         
                   gumbel: False                         
                init_gain: 0.02                          
                init_type: normal                        
                 input_nc: 3                             
                  isTrain: True                          	[default: None]
                     kw_D: 15                            	[default: 4]
                 lambda_A: 1.0                           	[default: 10.0]
                 lambda_B: 1.0                           	[default: 10.0]
                lambda_gp: 1.0                           	[default: 10.0]
          lambda_identity: 0.0                           
                load_iter: 0                             	[default: 0]
                load_size: 286                           
                       lr: 0.0002                        
           lr_decay_iters: 50                            
                lr_policy: linear                        
         matched_softness: True                          	[default: False]
         max_dataset_size: inf                           
                    model: cipher_cycle_gan              	[default: cycle_gan]
               n_blocks_G: 5                             	[default: 4]
                 n_critic: 1                             
                 n_epochs: 40                            	[default: 100]
           n_epochs_decay: 10                            	[default: 100]
               n_layers_D: 5                             	[default: 3]
                     name: identity_s9_gp1               	[default: experiment_name]
                      ndf: 32                            	[default: 128]
                     netD: seq                           
                     netG: seq                           
                      ngf: 128                           
               no_dropout: True                          
                  no_flip: True                          
                  no_html: False                         
                     norm: layer                         	[default: instance]
                 npz_path: data/identity/dataset.npz     	[default: None]
              num_threads: 8                             	[default: 4]
                output_nc: 3                             
                pair_seed: 9                             	[default: 0]
                    phase: train                         
              pointwise_G: True                          	[default: False]
                pool_size: 50                            
               preprocess: none                          
               print_freq: 100                           
         real_logit_scale: 5.0                           
             save_by_iter: False                         
          save_epoch_freq: 50                            	[default: 5]
         save_latest_freq: 5000                          
           serial_batches: False                         
         straight_through: True                          	[default: False]
                   suffix:                               
                  tau_end: 0.1                           
                tau_start: 0.5                           	[default: 1.0]
         update_html_freq: 1000                          
                   use_gp: True                          	[default: False]
                use_wandb: False                         
                  verbose: False                         
               vocab_size: -1                            
       wandb_project_name: CycleGAN-and-pix2pix          
----------------- End -------------------
Initialized with device cuda:0
[cipher] train: A(cipher)=(40436, 64) B(plain)=(40436, 64) vocab=28 cipher=identity paired=False
dataset [CipherDataset] was created
The number of training images = 40436
Initialized with device cuda:0
initialize network with normal
Initialized with device cuda:0
initialize network with normal
Initialized with device cuda:0
initialize network with normal
Initialized with device cuda:0
initialize network with normal
model [CipherCycleGANModel] was created
Initialized with device cuda:0
initialize network with normal
Initialized with device cuda:0
initialize network with normal
Initialized with device cuda:0
initialize network with normal
Initialized with device cuda:0
initialize network with normal
---------- Networks initialized -------------
[Network G_A] Total number of parameters : 0.212 M
[Network G_B] Total number of parameters : 0.212 M
[Network D_A] Total number of parameters : 0.477 M
[Network D_B] Total number of parameters : 0.477 M
-----------------------------------------------
create web directory checkpoints/identity_s9_gp1/web...
[Rank 0] (epoch: 1, iters: 1600, time: 0.001, data: 0.114) , D_A: 0.861, G_A: 0.069, cycle_A: 1.208, D_B: 0.683, G_B: 1.278, cycle_B: 1.189, gp: 0.364

[Rank 0] (epoch: 1, iters: 3200, time: 0.001, data: 0.001) , D_A: 0.630, G_A: 0.993, cycle_A: 0.505, D_B: 0.568, G_B: 0.530, cycle_B: 0.510, gp: 0.323

[Rank 0] (epoch: 1, iters: 4800, time: 0.001, data: 0.001) , D_A: 0.566, G_A: 0.391, cycle_A: 0.370, D_B: 0.574, G_B: 0.459, cycle_B: 0.375, gp: 0.366

[Rank 0] (epoch: 1, iters: 6400, time: 0.001, data: 0.001) , D_A: 0.461, G_A: 1.738, cycle_A: 0.500, D_B: 0.610, G_B: 0.928, cycle_B: 0.390, gp: 0.423

[Rank 0] (epoch: 1, iters: 8000, time: 0.001, data: 0.001) , D_A: 0.471, G_A: 0.754, cycle_A: 0.449, D_B: 0.476, G_B: 0.344, cycle_B: 0.364, gp: 0.366

[Rank 0] (epoch: 1, iters: 9600, time: 0.001, data: 0.001) , D_A: 0.379, G_A: 0.356, cycle_A: 0.445, D_B: 0.521, G_B: 1.046, cycle_B: 0.511, gp: 0.386

[Rank 0] (epoch: 1, iters: 11200, time: 0.001, data: 0.001) , D_A: 0.336, G_A: 1.391, cycle_A: 0.417, D_B: 0.356, G_B: 1.127, cycle_B: 0.480, gp: 0.291

[Rank 0] (epoch: 1, iters: 12800, time: 0.001, data: 0.001) , D_A: 0.327, G_A: 1.078, cycle_A: 0.361, D_B: 0.302, G_B: 0.888, cycle_B: 0.355, gp: 0.241

[Rank 0] (epoch: 1, iters: 14400, time: 0.001, data: 0.001) , D_A: 0.323, G_A: 0.813, cycle_A: 0.380, D_B: 0.437, G_B: 1.348, cycle_B: 0.346, gp: 0.336

[Rank 0] (epoch: 1, iters: 16000, time: 0.001, data: 0.001) , D_A: 0.372, G_A: 1.122, cycle_A: 0.345, D_B: 0.318, G_B: 0.631, cycle_B: 0.342, gp: 0.238

[Rank 0] (epoch: 1, iters: 17600, time: 0.001, data: 0.001) , D_A: 0.314, G_A: 0.956, cycle_A: 0.349, D_B: 0.380, G_B: 0.965, cycle_B: 0.344, gp: 0.320

[Rank 0] (epoch: 1, iters: 19200, time: 0.001, data: 0.001) , D_A: 0.344, G_A: 1.298, cycle_A: 0.363, D_B: 0.447, G_B: 1.291, cycle_B: 0.335, gp: 0.337

[Rank 0] (epoch: 1, iters: 20800, time: 0.001, data: 0.001) , D_A: 0.272, G_A: 1.074, cycle_A: 0.352, D_B: 0.375, G_B: 1.270, cycle_B: 0.329, gp: 0.256

[Rank 0] (epoch: 1, iters: 22400, time: 0.001, data: 0.001) , D_A: 0.331, G_A: 1.025, cycle_A: 0.372, D_B: 0.540, G_B: 0.425, cycle_B: 0.330, gp: 0.266

[Rank 0] (epoch: 1, iters: 24000, time: 0.001, data: 0.001) , D_A: 0.394, G_A: 0.678, cycle_A: 0.359, D_B: 0.429, G_B: 0.913, cycle_B: 0.322, gp: 0.383

[Rank 0] (epoch: 1, iters: 25600, time: 0.001, data: 0.001) , D_A: 0.293, G_A: 0.618, cycle_A: 0.336, D_B: 0.430, G_B: 0.451, cycle_B: 0.326, gp: 0.304

[Rank 0] (epoch: 1, iters: 27200, time: 0.001, data: 0.001) , D_A: 0.339, G_A: 0.597, cycle_A: 0.345, D_B: 0.430, G_B: 1.476, cycle_B: 0.317, gp: 0.348

[Rank 0] (epoch: 1, iters: 28800, time: 0.001, data: 0.001) , D_A: 0.407, G_A: 0.624, cycle_A: 0.360, D_B: 0.314, G_B: 1.130, cycle_B: 0.335, gp: 0.270

[Rank 0] (epoch: 1, iters: 30400, time: 0.001, data: 0.001) , D_A: 0.218, G_A: 0.769, cycle_A: 0.379, D_B: 0.527, G_B: 0.353, cycle_B: 0.308, gp: 0.296

[Rank 0] (epoch: 1, iters: 32000, time: 0.001, data: 0.001) , D_A: 0.283, G_A: 1.129, cycle_A: 0.339, D_B: 0.460, G_B: 1.265, cycle_B: 0.324, gp: 0.387

[Rank 0] (epoch: 1, iters: 33600, time: 0.001, data: 0.001) , D_A: 0.352, G_A: 0.915, cycle_A: 0.350, D_B: 0.301, G_B: 0.944, cycle_B: 0.351, gp: 0.274

[Rank 0] (epoch: 1, iters: 35200, time: 0.001, data: 0.001) , D_A: 0.198, G_A: 1.272, cycle_A: 0.391, D_B: 0.287, G_B: 1.339, cycle_B: 0.329, gp: 0.244

[Rank 0] (epoch: 1, iters: 36800, time: 0.001, data: 0.001) , D_A: 0.293, G_A: 1.009, cycle_A: 0.341, D_B: 0.296, G_B: 1.169, cycle_B: 0.307, gp: 0.258

[Rank 0] (epoch: 1, iters: 38400, time: 0.001, data: 0.001) , D_A: 0.413, G_A: 2.083, cycle_A: 0.331, D_B: 0.435, G_B: 1.310, cycle_B: 0.316, gp: 0.346

--- iter tau=0.5000 ---
  cipher in : could and washing it down with red wine i stared i didnt know a 
  decrypted : cbc inerindeasfrdnftnibdrndftsnl indfr nfnatel infnifirtndrbdnen
  real plain: gs of the narrator whose full name is never given as he becomes 
  cipher in : greek epic survived he further reasoned that frequent formulas i
  decrypted : dl  dn pfcnaclefe ins neclts lnl eabr intsetnel  c rtneblkc eanf
  real plain: s in a public hearing before the house committee on revenue and 
[Rank 0] (epoch: 1, iters: 40000, time: 0.001, data: 0.001) , D_A: 0.273, G_A: 0.895, cycle_A: 0.347, D_B: 0.234, G_B: 1.045, cycle_B: 0.329, gp: 0.209

saving the latest model (epoch 1, total_iters 40000)
learning rate 0.0002000 -> 0.0002000
temperature tau = 0.4838
End of epoch 1 / 50 	 Time Taken: 34 sec
[Rank 0] (epoch: 2, iters: 1152, time: 0.001, data: 0.001) , D_A: 0.221, G_A: 1.143, cycle_A: 0.378, D_B: 0.395, G_B: 1.290, cycle_B: 0.339, gp: 0.329

[Rank 0] (epoch: 2, iters: 2752, time: 0.001, data: 0.001) , D_A: 0.236, G_A: 0.839, cycle_A: 0.311, D_B: 0.386, G_B: 0.691, cycle_B: 0.328, gp: 0.330

[Rank 0] (epoch: 2, iters: 4352, time: 0.001, data: 0.001) , D_A: 0.250, G_A: 1.196, cycle_A: 0.357, D_B: 0.347, G_B: 1.555, cycle_B: 0.318, gp: 0.232

[Rank 0] (epoch: 2, iters: 5952, time: 0.001, data: 0.001) , D_A: 0.327, G_A: 1.346, cycle_A: 0.339, D_B: 0.231, G_B: 0.915, cycle_B: 0.338, gp: 0.208

[Rank 0] (epoch: 2, iters: 7552, time: 0.001, data: 0.001) , D_A: 0.330, G_A: 0.733, cycle_A: 0.341, D_B: 0.269, G_B: 0.915, cycle_B: 0.313, gp: 0.247

[Rank 0] (epoch: 2, iters: 9152, time: 0.001, data: 0.001) , D_A: 0.274, G_A: 0.998, cycle_A: 0.305, D_B: 0.302, G_B: 0.341, cycle_B: 0.329, gp: 0.216

[Rank 0] (epoch: 2, iters: 10752, time: 0.001, data: 0.001) , D_A: 0.240, G_A: 1.045, cycle_A: 0.338, D_B: 0.273, G_B: 1.004, cycle_B: 0.336, gp: 0.253

[Rank 0] (epoch: 2, iters: 12352, time: 0.001, data: 0.001) , D_A: 0.228, G_A: 0.883, cycle_A: 0.368, D_B: 0.277, G_B: 0.981, cycle_B: 0.320, gp: 0.260

[Rank 0] (epoch: 2, iters: 13952, time: 0.001, data: 0.001) , D_A: 0.492, G_A: 2.697, cycle_A: 3.050, D_B: 0.398, G_B: 0.859, cycle_B: 2.234, gp: 0.323

[Rank 0] (epoch: 2, iters: 15552, time: 0.001, data: 0.001) , D_A: 0.430, G_A: 1.512, cycle_A: 1.327, D_B: 0.445, G_B: 0.494, cycle_B: 0.604, gp: 0.356

[Rank 0] (epoch: 2, iters: 17152, time: 0.001, data: 0.001) , D_A: 0.450, G_A: 0.504, cycle_A: 0.415, D_B: 0.396, G_B: 0.681, cycle_B: 0.395, gp: 0.342

[Rank 0] (epoch: 2, iters: 18752, time: 0.001, data: 0.001) , D_A: 0.315, G_A: 1.016, cycle_A: 0.323, D_B: 0.163, G_B: 0.883, cycle_B: 0.354, gp: 0.132

[Rank 0] (epoch: 2, iters: 20352, time: 0.001, data: 0.001) , D_A: 0.257, G_A: 0.989, cycle_A: 0.307, D_B: 0.319, G_B: 1.027, cycle_B: 0.352, gp: 0.299

[Rank 0] (epoch: 2, iters: 21952, time: 0.001, data: 0.001) , D_A: 0.246, G_A: 0.989, cycle_A: 0.297, D_B: 0.341, G_B: 1.128, cycle_B: 0.344, gp: 0.308

[Rank 0] (epoch: 2, iters: 23552, time: 0.001, data: 0.001) , D_A: 0.231, G_A: 1.046, cycle_A: 0.311, D_B: 0.206, G_B: 0.970, cycle_B: 0.334, gp: 0.179

[Rank 0] (epoch: 2, iters: 25152, time: 0.001, data: 0.001) , D_A: 0.380, G_A: 0.775, cycle_A: 0.309, D_B: 0.282, G_B: 0.979, cycle_B: 0.329, gp: 0.262

[Rank 0] (epoch: 2, iters: 26752, time: 0.001, data: 0.001) , D_A: 0.225, G_A: 0.975, cycle_A: 0.273, D_B: 0.241, G_B: 0.927, cycle_B: 0.342, gp: 0.223

[Rank 0] (epoch: 2, iters: 28352, time: 0.001, data: 0.001) , D_A: 0.242, G_A: 1.007, cycle_A: 0.312, D_B: 0.302, G_B: 1.327, cycle_B: 0.327, gp: 0.259

[Rank 0] (epoch: 2, iters: 29952, time: 0.001, data: 0.001) , D_A: 0.293, G_A: 1.029, cycle_A: 0.291, D_B: 0.241, G_B: 0.808, cycle_B: 0.325, gp: 0.214

[Rank 0] (epoch: 2, iters: 31552, time: 0.001, data: 0.001) , D_A: 0.223, G_A: 0.850, cycle_A: 0.303, D_B: 0.207, G_B: 1.120, cycle_B: 0.334, gp: 0.178

[Rank 0] (epoch: 2, iters: 33152, time: 0.001, data: 0.001) , D_A: 0.195, G_A: 1.220, cycle_A: 0.298, D_B: 0.218, G_B: 0.925, cycle_B: 0.339, gp: 0.206

[Rank 0] (epoch: 2, iters: 34752, time: 0.001, data: 0.001) , D_A: 0.211, G_A: 0.991, cycle_A: 0.313, D_B: 0.227, G_B: 1.033, cycle_B: 0.349, gp: 0.215

[Rank 0] (epoch: 2, iters: 36352, time: 0.001, data: 0.001) , D_A: 0.288, G_A: 0.979, cycle_A: 0.314, D_B: 0.158, G_B: 0.939, cycle_B: 0.325, gp: 0.140

[Rank 0] (epoch: 2, iters: 37952, time: 0.001, data: 0.001) , D_A: 0.198, G_A: 1.000, cycle_A: 0.300, D_B: 0.234, G_B: 1.384, cycle_B: 0.336, gp: 0.194

--- iter tau=0.4838 ---
  cipher in : ymptoms laughter laughter which now makes one feel scorned or ha
  decrypted : gvptbvan eudyt ln eudyt lndyfcynrbdnved anbr ne   nacblr inblnye
  real plain: her to produce a cumulative effect for this does not account for
  cipher in : nking from a container he performed the act twice more and the b
  decrypted : rdfrdnelbvnencbrtefr lny np leblv inty nectntdfc nvbl nerinty n 
  real plain:  gives a rate of shear of af this however can only be considered
[Rank 0] (epoch: 2, iters: 39552, time: 0.001, data: 0.001) , D_A: 0.221, G_A: 1.125, cycle_A: 0.308, D_B: 0.208, G_B: 0.978, cycle_B: 0.327, gp: 0.194

saving the latest model (epoch 2, total_iters 80000)
learning rate 0.0002000 -> 0.0002000
temperature tau = 0.4682
End of epoch 2 / 50 	 Time Taken: 33 sec
[Rank 0] (epoch: 3, iters: 704, time: 0.001, data: 0.001) , D_A: 0.312, G_A: 1.230, cycle_A: 0.333, D_B: 0.237, G_B: 0.937, cycle_B: 0.315, gp: 0.212

[Rank 0] (epoch: 3, iters: 2304, time: 0.001, data: 0.000) , D_A: 0.339, G_A: 1.305, cycle_A: 0.285, D_B: 0.208, G_B: 0.982, cycle_B: 0.334, gp: 0.194

[Rank 0] (epoch: 3, iters: 3904, time: 0.001, data: 0.001) , D_A: 0.197, G_A: 1.003, cycle_A: 0.294, D_B: 0.218, G_B: 0.921, cycle_B: 0.320, gp: 0.204

[Rank 0] (epoch: 3, iters: 5504, time: 0.001, data: 0.001) , D_A: 0.282, G_A: 1.061, cycle_A: 0.285, D_B: 0.249, G_B: 0.947, cycle_B: 0.329, gp: 0.237

[Rank 0] (epoch: 3, iters: 7104, time: 0.001, data: 0.001) , D_A: 0.241, G_A: 1.021, cycle_A: 0.298, D_B: 0.243, G_B: 1.015, cycle_B: 0.308, gp: 0.232

[Rank 0] (epoch: 3, iters: 8704, time: 0.001, data: 0.001) , D_A: 0.241, G_A: 0.906, cycle_A: 0.281, D_B: 0.220, G_B: 1.043, cycle_B: 0.330, gp: 0.206

[Rank 0] (epoch: 3, iters: 10304, time: 0.001, data: 0.001) , D_A: 0.223, G_A: 0.803, cycle_A: 0.297, D_B: 0.286, G_B: 0.987, cycle_B: 0.324, gp: 0.276

[Rank 0] (epoch: 3, iters: 11904, time: 0.001, data: 0.001) , D_A: 0.278, G_A: 0.984, cycle_A: 0.292, D_B: 0.299, G_B: 0.875, cycle_B: 0.326, gp: 0.285

[Rank 0] (epoch: 3, iters: 13504, time: 0.001, data: 0.001) , D_A: 0.185, G_A: 0.895, cycle_A: 0.320, D_B: 0.207, G_B: 0.894, cycle_B: 0.314, gp: 0.193

[Rank 0] (epoch: 3, iters: 15104, time: 0.001, data: 0.001) , D_A: 0.205, G_A: 1.129, cycle_A: 0.286, D_B: 0.303, G_B: 0.675, cycle_B: 0.319, gp: 0.280

[Rank 0] (epoch: 3, iters: 16704, time: 0.001, data: 0.001) , D_A: 0.254, G_A: 0.863, cycle_A: 0.305, D_B: 0.255, G_B: 1.066, cycle_B: 0.321, gp: 0.237

[Rank 0] (epoch: 3, iters: 18304, time: 0.001, data: 0.001) , D_A: 0.194, G_A: 0.965, cycle_A: 0.281, D_B: 0.256, G_B: 1.054, cycle_B: 0.303, gp: 0.244

[Rank 0] (epoch: 3, iters: 19904, time: 0.001, data: 0.001) , D_A: 0.195, G_A: 0.855, cycle_A: 0.291, D_B: 0.165, G_B: 1.089, cycle_B: 0.316, gp: 0.149

[Rank 0] (epoch: 3, iters: 21504, time: 0.001, data: 0.001) , D_A: 0.254, G_A: 0.963, cycle_A: 0.333, D_B: 0.305, G_B: 0.854, cycle_B: 0.323, gp: 0.292

[Rank 0] (epoch: 3, iters: 23104, time: 0.001, data: 0.001) , D_A: 1.119, G_A: 0.610, cycle_A: 0.283, D_B: 0.168, G_B: 0.917, cycle_B: 0.319, gp: 0.156

[Rank 0] (epoch: 3, iters: 24704, time: 0.001, data: 0.001) , D_A: 0.303, G_A: 1.055, cycle_A: 0.301, D_B: 0.285, G_B: 0.902, cycle_B: 0.347, gp: 0.252

[Rank 0] (epoch: 3, iters: 26304, time: 0.001, data: 0.001) , D_A: 0.147, G_A: 1.002, cycle_A: 0.314, D_B: 0.210, G_B: 0.946, cycle_B: 0.325, gp: 0.196

[Rank 0] (epoch: 3, iters: 27904, time: 0.001, data: 0.001) , D_A: 0.162, G_A: 0.948, cycle_A: 0.300, D_B: 0.282, G_B: 0.959, cycle_B: 0.313, gp: 0.268

[Rank 0] (epoch: 3, iters: 29504, time: 0.001, data: 0.001) , D_A: 0.159, G_A: 0.968, cycle_A: 0.303, D_B: 0.233, G_B: 1.037, cycle_B: 0.320, gp: 0.223

[Rank 0] (epoch: 3, iters: 31104, time: 0.001, data: 0.001) , D_A: 0.238, G_A: 1.020, cycle_A: 0.353, D_B: 0.212, G_B: 0.938, cycle_B: 0.330, gp: 0.193

[Rank 0] (epoch: 3, iters: 32704, time: 0.001, data: 0.001) , D_A: 0.262, G_A: 1.086, cycle_A: 0.316, D_B: 0.227, G_B: 1.270, cycle_B: 0.322, gp: 0.197

[Rank 0] (epoch: 3, iters: 34304, time: 0.001, data: 0.001) , D_A: 0.287, G_A: 1.023, cycle_A: 0.306, D_B: 0.260, G_B: 1.011, cycle_B: 0.321, gp: 0.250

[Rank 0] (epoch: 3, iters: 35904, time: 0.001, data: 0.001) , D_A: 0.226, G_A: 0.848, cycle_A: 0.279, D_B: 0.264, G_B: 0.994, cycle_B: 0.313, gp: 0.253

[Rank 0] (epoch: 3, iters: 37504, time: 0.001, data: 0.001) , D_A: 0.216, G_A: 0.999, cycle_A: 0.297, D_B: 0.269, G_B: 1.020, cycle_B: 0.318, gp: 0.258

--- iter tau=0.4682 ---
  cipher in :  of the abovewater land can develop their property without the p
  decrypted : obeoty oe be det lo erioceroi e  bpoty floplbp ltgodftybutoty op
  real plain: ffice but later when the war was over her fathers entire estate 
  cipher in : lds have worked from to bonnie wick gene abbescotch mary has gon
  decrypted :  iaoyee odbld ioelbvotbo brrf odfcdod r oe   acbtcyovelgoyeaodbr
  real plain: r at the edge of the presidential box sic semper tyrannis it sai
[Rank 0] (epoch: 3, iters: 39104, time: 0.001, data: 0.001) , D_A: 0.243, G_A: 0.902, cycle_A: 0.293, D_B: 0.190, G_B: 1.052, cycle_B: 0.336, gp: 0.176

saving the latest model (epoch 3, total_iters 120000)
learning rate 0.0002000 -> 0.0002000
temperature tau = 0.4531
End of epoch 3 / 50 	 Time Taken: 33 sec
[Rank 0] (epoch: 4, iters: 256, time: 0.001, data: 0.001) , D_A: 0.301, G_A: 1.399, cycle_A: 0.290, D_B: 0.244, G_B: 0.947, cycle_B: 0.318, gp: 0.233

[Rank 0] (epoch: 4, iters: 1856, time: 0.001, data: 0.000) , D_A: 0.161, G_A: 1.006, cycle_A: 0.279, D_B: 0.163, G_B: 0.964, cycle_B: 0.335, gp: 0.152

[Rank 0] (epoch: 4, iters: 3456, time: 0.001, data: 0.001) , D_A: 0.296, G_A: 0.998, cycle_A: 0.290, D_B: 0.188, G_B: 0.937, cycle_B: 0.322, gp: 0.176

[Rank 0] (epoch: 4, iters: 5056, time: 0.001, data: 0.001) , D_A: 0.201, G_A: 0.848, cycle_A: 0.298, D_B: 0.237, G_B: 1.197, cycle_B: 0.336, gp: 0.212

[Rank 0] (epoch: 4, iters: 6656, time: 0.001, data: 0.001) , D_A: 0.277, G_A: 1.036, cycle_A: 0.327, D_B: 0.197, G_B: 1.237, cycle_B: 0.327, gp: 0.178

[Rank 0] (epoch: 4, iters: 8256, time: 0.001, data: 0.001) , D_A: 0.212, G_A: 1.197, cycle_A: 0.300, D_B: 0.216, G_B: 1.056, cycle_B: 0.324, gp: 0.204

[Rank 0] (epoch: 4, iters: 9856, time: 0.001, data: 0.001) , D_A: 0.159, G_A: 1.088, cycle_A: 0.296, D_B: 0.194, G_B: 0.968, cycle_B: 0.314, gp: 0.181

[Rank 0] (epoch: 4, iters: 11456, time: 0.001, data: 0.001) , D_A: 0.228, G_A: 1.027, cycle_A: 0.308, D_B: 0.195, G_B: 0.941, cycle_B: 0.314, gp: 0.187

[Rank 0] (epoch: 4, iters: 13056, time: 0.001, data: 0.001) , D_A: 0.219, G_A: 0.934, cycle_A: 0.306, D_B: 0.250, G_B: 0.978, cycle_B: 0.323, gp: 0.243

[Rank 0] (epoch: 4, iters: 14656, time: 0.001, data: 0.001) , D_A: 0.243, G_A: 0.931, cycle_A: 0.285, D_B: 0.265, G_B: 1.014, cycle_B: 0.309, gp: 0.257

[Rank 0] (epoch: 4, iters: 16256, time: 0.001, data: 0.001) , D_A: 0.231, G_A: 0.864, cycle_A: 0.307, D_B: 0.247, G_B: 1.025, cycle_B: 0.313, gp: 0.241

[Rank 0] (epoch: 4, iters: 17856, time: 0.001, data: 0.001) , D_A: 0.240, G_A: 1.186, cycle_A: 0.278, D_B: 0.142, G_B: 0.998, cycle_B: 0.321, gp: 0.133

[Rank 0] (epoch: 4, iters: 19456, time: 0.001, data: 0.001) , D_A: 0.198, G_A: 0.947, cycle_A: 0.297, D_B: 0.203, G_B: 0.958, cycle_B: 0.322, gp: 0.189

[Rank 0] (epoch: 4, iters: 21056, time: 0.001, data: 0.001) , D_A: 0.254, G_A: 0.975, cycle_A: 0.289, D_B: 0.211, G_B: 1.018, cycle_B: 0.322, gp: 0.202

[Rank 0] (epoch: 4, iters: 22656, time: 0.001, data: 0.001) , D_A: 0.224, G_A: 1.162, cycle_A: 0.305, D_B: 0.213, G_B: 0.995, cycle_B: 0.324, gp: 0.204

[Rank 0] (epoch: 4, iters: 24256, time: 0.001, data: 0.001) , D_A: 0.220, G_A: 1.054, cycle_A: 0.304, D_B: 0.186, G_B: 0.886, cycle_B: 0.308, gp: 0.178

[Rank 0] (epoch: 4, iters: 25856, time: 0.001, data: 0.001) , D_A: 0.208, G_A: 1.039, cycle_A: 0.296, D_B: 0.235, G_B: 0.958, cycle_B: 0.325, gp: 0.228

[Rank 0] (epoch: 4, iters: 27456, time: 0.001, data: 0.001) , D_A: 0.275, G_A: 1.076, cycle_A: 0.275, D_B: 0.231, G_B: 1.016, cycle_B: 0.313, gp: 0.225

[Rank 0] (epoch: 4, iters: 29056, time: 0.001, data: 0.001) , D_A: 0.220, G_A: 0.900, cycle_A: 0.276, D_B: 0.207, G_B: 1.084, cycle_B: 0.331, gp: 0.198

[Rank 0] (epoch: 4, iters: 30656, time: 0.001, data: 0.001) , D_A: 0.209, G_A: 1.000, cycle_A: 0.288, D_B: 0.214, G_B: 1.050, cycle_B: 0.307, gp: 0.207

[Rank 0] (epoch: 4, iters: 32256, time: 0.001, data: 0.001) , D_A: 0.246, G_A: 1.023, cycle_A: 0.320, D_B: 0.685, G_B: 0.816, cycle_B: 0.302, gp: 0.533

[Rank 0] (epoch: 4, iters: 33856, time: 0.001, data: 0.001) , D_A: 0.471, G_A: 0.548, cycle_A: 0.304, D_B: 0.340, G_B: 1.016, cycle_B: 0.317, gp: 0.333

[Rank 0] (epoch: 4, iters: 35456, time: 0.001, data: 0.001) , D_A: 0.353, G_A: 0.809, cycle_A: 0.282, D_B: 0.275, G_B: 0.980, cycle_B: 0.325, gp: 0.268

[Rank 0] (epoch: 4, iters: 37056, time: 0.001, data: 0.001) , D_A: 0.234, G_A: 0.984, cycle_A: 0.289, D_B: 0.156, G_B: 1.019, cycle_B: 0.334, gp: 0.146

--- iter tau=0.4531 ---
  cipher in : storm cattle which died from them winter storms were referred to
  decrypted : atblvocett  odyhcyoih ioelbvoty vodhrt loatblvaod l ol e ll iotb
  real plain: e mass distribution outlets and chain stores have insisted on hi
  cipher in :  one man is appointed by himself or the others or by a signal fr
  decrypted : obr overohaoeppbhrt io goyhva  eobloty obty laoblo goeoahdre oel
  real plain: r own prospects for orderly development as a nation we feel an o
[Rank 0] (epoch: 4, iters: 38656, time: 0.001, data: 0.001) , D_A: 0.246, G_A: 0.969, cycle_A: 0.300, D_B: 0.260, G_B: 1.031, cycle_B: 0.312, gp: 0.254

saving the latest model (epoch 4, total_iters 160000)
[Rank 0] (epoch: 4, iters: 40256, time: 0.001, data: 0.001) , D_A: 0.224, G_A: 0.940, cycle_A: 0.281, D_B: 0.187, G_B: 0.948, cycle_B: 0.321, gp: 0.181

learning rate 0.0002000 -> 0.0002000
temperature tau = 0.4384
End of epoch 4 / 50 	 Time Taken: 33 sec
[Rank 0] (epoch: 5, iters: 1408, time: 0.001, data: 0.001) , D_A: 0.273, G_A: 1.016, cycle_A: 0.296, D_B: 0.147, G_B: 0.901, cycle_B: 0.319, gp: 0.137

[Rank 0] (epoch: 5, iters: 3008, time: 0.001, data: 0.001) , D_A: 0.254, G_A: 0.964, cycle_A: 0.293, D_B: 0.186, G_B: 0.997, cycle_B: 0.317, gp: 0.180

[Rank 0] (epoch: 5, iters: 4608, time: 0.001, data: 0.001) , D_A: 0.278, G_A: 1.050, cycle_A: 0.287, D_B: 0.297, G_B: 0.501, cycle_B: 0.314, gp: 0.265

[Rank 0] (epoch: 5, iters: 6208, time: 0.001, data: 0.001) , D_A: 0.240, G_A: 0.986, cycle_A: 0.302, D_B: 0.259, G_B: 1.081, cycle_B: 0.325, gp: 0.252

[Rank 0] (epoch: 5, iters: 7808, time: 0.001, data: 0.001) , D_A: 0.159, G_A: 0.966, cycle_A: 0.287, D_B: 0.185, G_B: 0.972, cycle_B: 0.311, gp: 0.180

[Rank 0] (epoch: 5, iters: 9408, time: 0.001, data: 0.001) , D_A: 0.177, G_A: 0.975, cycle_A: 0.288, D_B: 0.157, G_B: 0.985, cycle_B: 0.330, gp: 0.152

[Rank 0] (epoch: 5, iters: 11008, time: 0.001, data: 0.001) , D_A: 0.157, G_A: 1.043, cycle_A: 0.279, D_B: 0.345, G_B: 0.820, cycle_B: 0.316, gp: 0.336

[Rank 0] (epoch: 5, iters: 12608, time: 0.001, data: 0.001) , D_A: 0.246, G_A: 1.002, cycle_A: 0.318, D_B: 0.242, G_B: 1.016, cycle_B: 0.317, gp: 0.233

[Rank 0] (epoch: 5, iters: 14208, time: 0.001, data: 0.001) , D_A: 0.273, G_A: 0.936, cycle_A: 0.277, D_B: 0.136, G_B: 1.021, cycle_B: 0.321, gp: 0.130

[Rank 0] (epoch: 5, iters: 15808, time: 0.001, data: 0.001) , D_A: 0.244, G_A: 0.983, cycle_A: 0.306, D_B: 0.182, G_B: 1.020, cycle_B: 0.324, gp: 0.175

[Rank 0] (epoch: 5, iters: 17408, time: 0.001, data: 0.001) , D_A: 0.253, G_A: 0.986, cycle_A: 0.296, D_B: 0.247, G_B: 1.074, cycle_B: 0.323, gp: 0.240

[Rank 0] (epoch: 5, iters: 19008, time: 0.001, data: 0.001) , D_A: 0.138, G_A: 0.987, cycle_A: 0.291, D_B: 0.236, G_B: 0.930, cycle_B: 0.322, gp: 0.230

[Rank 0] (epoch: 5, iters: 20608, time: 0.001, data: 0.001) , D_A: 0.257, G_A: 1.157, cycle_A: 0.302, D_B: 0.163, G_B: 1.036, cycle_B: 0.324, gp: 0.157

[Rank 0] (epoch: 5, iters: 22208, time: 0.001, data: 0.001) , D_A: 0.295, G_A: 0.881, cycle_A: 0.308, D_B: 0.243, G_B: 0.869, cycle_B: 0.327, gp: 0.229

[Rank 0] (epoch: 5, iters: 23808, time: 0.001, data: 0.001) , D_A: 0.183, G_A: 1.027, cycle_A: 0.286, D_B: 0.202, G_B: 0.936, cycle_B: 0.322, gp: 0.195

[Rank 0] (epoch: 5, iters: 25408, time: 0.001, data: 0.001) , D_A: 0.241, G_A: 0.957, cycle_A: 0.294, D_B: 0.262, G_B: 1.007, cycle_B: 0.320, gp: 0.256

[Rank 0] (epoch: 5, iters: 27008, time: 0.001, data: 0.001) , D_A: 0.224, G_A: 1.024, cycle_A: 0.273, D_B: 0.168, G_B: 0.921, cycle_B: 0.328, gp: 0.161

[Rank 0] (epoch: 5, iters: 28608, time: 0.001, data: 0.001) , D_A: 0.097, G_A: 0.984, cycle_A: 0.316, D_B: 0.293, G_B: 1.301, cycle_B: 0.309, gp: 0.272

[Rank 0] (epoch: 5, iters: 30208, time: 0.001, data: 0.001) , D_A: 0.251, G_A: 0.917, cycle_A: 0.291, D_B: 0.257, G_B: 0.981, cycle_B: 0.310, gp: 0.248

[Rank 0] (epoch: 5, iters: 31808, time: 0.001, data: 0.001) , D_A: 0.156, G_A: 1.076, cycle_A: 0.287, D_B: 0.230, G_B: 0.937, cycle_B: 0.304, gp: 0.224

[Rank 0] (epoch: 5, iters: 33408, time: 0.001, data: 0.001) , D_A: 0.257, G_A: 0.932, cycle_A: 0.274, D_B: 0.236, G_B: 1.002, cycle_B: 0.320, gp: 0.230

[Rank 0] (epoch: 5, iters: 35008, time: 0.001, data: 0.001) , D_A: 0.242, G_A: 1.100, cycle_A: 0.283, D_B: 0.251, G_B: 1.027, cycle_B: 0.318, gp: 0.244

[Rank 0] (epoch: 5, iters: 36608, time: 0.001, data: 0.001) , D_A: 0.246, G_A: 0.947, cycle_A: 0.284, D_B: 0.218, G_B: 0.950, cycle_B: 0.306, gp: 0.210

--- iter tau=0.4384 ---
  cipher in : to the conventional arms buildup and in aid and welfare measures
  decrypted : tmsty scmre rthmre selkas uh iupserishrsehiserisd  eel sk eaul a
  real plain: vement can be measured by the lessening distance between toes an
  cipher in :  life of his country past or present that can be shown to be his
  decrypted : s he smesyhascmurtlgspeatsmlspl a rtstyetscers  saymdrstms  syha
  real plain: of the action of course is also important especially where it is
[Rank 0] (epoch: 5, iters: 38208, time: 0.001, data: 0.001) , D_A: 0.160, G_A: 0.938, cycle_A: 0.270, D_B: 0.187, G_B: 0.961, cycle_B: 0.321, gp: 0.180

saving the latest model (epoch 5, total_iters 200000)
[Rank 0] (epoch: 5, iters: 39808, time: 0.001, data: 0.001) , D_A: 0.336, G_A: 0.992, cycle_A: 0.275, D_B: 0.227, G_B: 1.023, cycle_B: 0.316, gp: 0.222

learning rate 0.0002000 -> 0.0002000
temperature tau = 0.4243
End of epoch 5 / 50 	 Time Taken: 33 sec
[Rank 0] (epoch: 6, iters: 960, time: 0.001, data: 0.000) , D_A: 0.225, G_A: 0.963, cycle_A: 0.283, D_B: 0.279, G_B: 0.022, cycle_B: 0.311, gp: 0.213

[Rank 0] (epoch: 6, iters: 2560, time: 0.001, data: 0.000) , D_A: 0.240, G_A: 0.986, cycle_A: 0.302, D_B: 0.182, G_B: 0.940, cycle_B: 0.326, gp: 0.173

[Rank 0] (epoch: 6, iters: 4160, time: 0.001, data: 0.001) , D_A: 0.133, G_A: 1.098, cycle_A: 0.317, D_B: 0.226, G_B: 1.020, cycle_B: 0.315, gp: 0.217

[Rank 0] (epoch: 6, iters: 5760, time: 0.001, data: 0.001) , D_A: 0.164, G_A: 0.975, cycle_A: 0.291, D_B: 0.264, G_B: 0.963, cycle_B: 0.321, gp: 0.256

[Rank 0] (epoch: 6, iters: 7360, time: 0.001, data: 0.001) , D_A: 0.268, G_A: 0.899, cycle_A: 0.290, D_B: 0.203, G_B: 1.058, cycle_B: 0.305, gp: 0.193

[Rank 0] (epoch: 6, iters: 8960, time: 0.001, data: 0.001) , D_A: 0.206, G_A: 0.989, cycle_A: 0.289, D_B: 0.268, G_B: 0.964, cycle_B: 0.333, gp: 0.262

[Rank 0] (epoch: 6, iters: 10560, time: 0.001, data: 0.001) , D_A: 0.245, G_A: 1.044, cycle_A: 0.280, D_B: 0.249, G_B: 1.008, cycle_B: 0.324, gp: 0.244

[Rank 0] (epoch: 6, iters: 12160, time: 0.001, data: 0.001) , D_A: 0.311, G_A: 0.847, cycle_A: 0.293, D_B: 0.214, G_B: 1.013, cycle_B: 0.321, gp: 0.208

[Rank 0] (epoch: 6, iters: 13760, time: 0.001, data: 0.001) , D_A: 0.264, G_A: 0.948, cycle_A: 0.280, D_B: 0.183, G_B: 0.965, cycle_B: 0.322, gp: 0.176

[Rank 0] (epoch: 6, iters: 15360, time: 0.001, data: 0.001) , D_A: 0.157, G_A: 0.978, cycle_A: 0.311, D_B: 0.223, G_B: 1.214, cycle_B: 0.319, gp: 0.209

[Rank 0] (epoch: 6, iters: 16960, time: 0.001, data: 0.001) , D_A: 0.171, G_A: 0.998, cycle_A: 0.306, D_B: 0.142, G_B: 1.001, cycle_B: 0.332, gp: 0.136

[Rank 0] (epoch: 6, iters: 18560, time: 0.001, data: 0.001) , D_A: 0.209, G_A: 0.984, cycle_A: 0.290, D_B: 0.152, G_B: 1.041, cycle_B: 0.321, gp: 0.145

[Rank 0] (epoch: 6, iters: 20160, time: 0.001, data: 0.001) , D_A: 0.101, G_A: 1.013, cycle_A: 0.283, D_B: 0.139, G_B: 1.001, cycle_B: 0.327, gp: 0.133

[Rank 0] (epoch: 6, iters: 21760, time: 0.001, data: 0.001) , D_A: 0.300, G_A: 1.026, cycle_A: 0.306, D_B: 0.191, G_B: 0.944, cycle_B: 0.317, gp: 0.183

[Rank 0] (epoch: 6, iters: 23360, time: 0.001, data: 0.001) , D_A: 0.165, G_A: 1.067, cycle_A: 0.303, D_B: 0.190, G_B: 1.075, cycle_B: 0.320, gp: 0.182

[Rank 0] (epoch: 6, iters: 24960, time: 0.001, data: 0.001) , D_A: 0.265, G_A: 1.111, cycle_A: 0.284, D_B: 0.302, G_B: 1.006, cycle_B: 0.324, gp: 0.296

[Rank 0] (epoch: 6, iters: 26560, time: 0.001, data: 0.001) , D_A: 0.295, G_A: 0.999, cycle_A: 0.268, D_B: 0.144, G_B: 0.971, cycle_B: 0.316, gp: 0.139

[Rank 0] (epoch: 6, iters: 28160, time: 0.001, data: 0.001) , D_A: 0.250, G_A: 1.029, cycle_A: 0.292, D_B: 0.216, G_B: 0.967, cycle_B: 0.314, gp: 0.211

[Rank 0] (epoch: 6, iters: 29760, time: 0.001, data: 0.001) , D_A: 0.183, G_A: 1.026, cycle_A: 0.286, D_B: 0.236, G_B: 1.002, cycle_B: 0.312, gp: 0.230

[Rank 0] (epoch: 6, iters: 31360, time: 0.001, data: 0.001) , D_A: 0.314, G_A: 0.990, cycle_A: 0.281, D_B: 0.252, G_B: 1.018, cycle_B: 0.326, gp: 0.246

[Rank 0] (epoch: 6, iters: 32960, time: 0.001, data: 0.001) , D_A: 0.269, G_A: 0.983, cycle_A: 0.263, D_B: 0.158, G_B: 1.009, cycle_B: 0.328, gp: 0.153

[Rank 0] (epoch: 6, iters: 34560, time: 0.001, data: 0.001) , D_A: 0.202, G_A: 0.991, cycle_A: 0.290, D_B: 0.172, G_B: 1.018, cycle_B: 0.322, gp: 0.167

[Rank 0] (epoch: 6, iters: 36160, time: 0.001, data: 0.001) , D_A: 0.115, G_A: 0.995, cycle_A: 0.281, D_B: 0.155, G_B: 0.967, cycle_B: 0.312, gp: 0.149

--- iter tau=0.4243 ---
  cipher in : pho and ergotropic systems furthermore a functional antagonism e
  decrypted : pybseris ldbtlbphcsagat vaseulty lvbl seseurcthbre sertedbrhavs 
  real plain: worship but because billy tilghman remained strictly on the side
  cipher in : england the holy sacrifice of the mass with commentary has been 
  decrypted :  rd eristy syb gsaeclhehc sbesty sveaasdhtyscbvv rtelgsyeas   rs
  real plain: wo parts a fastopening part and a fastclosing part using edgerto
[Rank 0] (epoch: 6, iters: 37760, time: 0.001, data: 0.001) , D_A: 0.248, G_A: 1.029, cycle_A: 0.283, D_B: 0.259, G_B: 0.993, cycle_B: 0.313, gp: 0.253

saving the latest model (epoch 6, total_iters 240000)
[Rank 0] (epoch: 6, iters: 39360, time: 0.001, data: 0.001) , D_A: 0.229, G_A: 1.009, cycle_A: 0.318, D_B: 0.234, G_B: 1.665, cycle_B: 0.332, gp: 0.180

learning rate 0.0002000 -> 0.0002000
temperature tau = 0.4106
End of epoch 6 / 50 	 Time Taken: 33 sec
[Rank 0] (epoch: 7, iters: 512, time: 0.001, data: 0.007) , D_A: 0.237, G_A: 0.672, cycle_A: 0.280, D_B: 0.213, G_B: 0.993, cycle_B: 0.318, gp: 0.203

[Rank 0] (epoch: 7, iters: 2112, time: 0.001, data: 0.000) , D_A: 0.185, G_A: 1.016, cycle_A: 0.269, D_B: 0.240, G_B: 0.966, cycle_B: 0.326, gp: 0.233

[Rank 0] (epoch: 7, iters: 3712, time: 0.001, data: 0.001) , D_A: 0.182, G_A: 0.951, cycle_A: 0.280, D_B: 0.215, G_B: 1.000, cycle_B: 0.321, gp: 0.210

[Rank 0] (epoch: 7, iters: 5312, time: 0.001, data: 0.001) , D_A: 0.214, G_A: 1.231, cycle_A: 0.268, D_B: 0.225, G_B: 1.014, cycle_B: 0.325, gp: 0.220

[Rank 0] (epoch: 7, iters: 6912, time: 0.001, data: 0.001) , D_A: 0.275, G_A: 0.963, cycle_A: 0.268, D_B: 0.171, G_B: 0.989, cycle_B: 0.307, gp: 0.167

[Rank 0] (epoch: 7, iters: 8512, time: 0.001, data: 0.001) , D_A: 0.279, G_A: 0.920, cycle_A: 0.270, D_B: 0.169, G_B: 0.956, cycle_B: 0.323, gp: 0.163

[Rank 0] (epoch: 7, iters: 10112, time: 0.001, data: 0.001) , D_A: 0.215, G_A: 1.045, cycle_A: 0.286, D_B: 0.217, G_B: 0.967, cycle_B: 0.315, gp: 0.210

[Rank 0] (epoch: 7, iters: 11712, time: 0.001, data: 0.001) , D_A: 0.204, G_A: 0.967, cycle_A: 0.306, D_B: 0.147, G_B: 0.985, cycle_B: 0.314, gp: 0.143

[Rank 0] (epoch: 7, iters: 13312, time: 0.001, data: 0.001) , D_A: 0.187, G_A: 1.004, cycle_A: 0.320, D_B: 0.238, G_B: 1.012, cycle_B: 0.321, gp: 0.231

[Rank 0] (epoch: 7, iters: 14912, time: 0.001, data: 0.001) , D_A: 0.198, G_A: 0.940, cycle_A: 0.292, D_B: 0.222, G_B: 1.028, cycle_B: 0.314, gp: 0.218

[Rank 0] (epoch: 7, iters: 16512, time: 0.001, data: 0.001) , D_A: 0.184, G_A: 0.945, cycle_A: 0.315, D_B: 0.156, G_B: 0.958, cycle_B: 0.318, gp: 0.151

[Rank 0] (epoch: 7, iters: 18112, time: 0.001, data: 0.001) , D_A: 0.190, G_A: 1.029, cycle_A: 0.291, D_B: 0.237, G_B: 0.938, cycle_B: 0.300, gp: 0.231

[Rank 0] (epoch: 7, iters: 19712, time: 0.001, data: 0.000) , D_A: 0.140, G_A: 1.143, cycle_A: 0.275, D_B: 0.273, G_B: 1.002, cycle_B: 0.316, gp: 0.269

[Rank 0] (epoch: 7, iters: 21312, time: 0.001, data: 0.001) , D_A: 0.230, G_A: 0.762, cycle_A: 0.278, D_B: 0.244, G_B: 1.008, cycle_B: 0.322, gp: 0.239

[Rank 0] (epoch: 7, iters: 22912, time: 0.001, data: 0.001) , D_A: 0.269, G_A: 0.978, cycle_A: 0.286, D_B: 0.214, G_B: 1.024, cycle_B: 0.322, gp: 0.210

[Rank 0] (epoch: 7, iters: 24512, time: 0.001, data: 0.001) , D_A: 0.266, G_A: 0.991, cycle_A: 0.277, D_B: 0.132, G_B: 0.986, cycle_B: 0.309, gp: 0.127

[Rank 0] (epoch: 7, iters: 26112, time: 0.001, data: 0.001) , D_A: 0.164, G_A: 1.028, cycle_A: 0.304, D_B: 0.163, G_B: 0.956, cycle_B: 0.322, gp: 0.159

[Rank 0] (epoch: 7, iters: 27712, time: 0.001, data: 0.001) , D_A: 0.148, G_A: 0.988, cycle_A: 0.282, D_B: 0.199, G_B: 0.990, cycle_B: 0.313, gp: 0.195

[Rank 0] (epoch: 7, iters: 29312, time: 0.001, data: 0.001) , D_A: 0.210, G_A: 0.929, cycle_A: 0.273, D_B: 0.174, G_B: 1.046, cycle_B: 0.317, gp: 0.170

[Rank 0] (epoch: 7, iters: 30912, time: 0.001, data: 0.001) , D_A: 0.138, G_A: 1.024, cycle_A: 0.277, D_B: 0.195, G_B: 1.012, cycle_B: 0.328, gp: 0.190

[Rank 0] (epoch: 7, iters: 32512, time: 0.001, data: 0.001) , D_A: 0.131, G_A: 0.943, cycle_A: 0.274, D_B: 0.210, G_B: 0.989, cycle_B: 0.322, gp: 0.206

[Rank 0] (epoch: 7, iters: 34112, time: 0.001, data: 0.001) , D_A: 0.185, G_A: 0.992, cycle_A: 0.266, D_B: 0.192, G_B: 0.948, cycle_B: 0.326, gp: 0.187

[Rank 0] (epoch: 7, iters: 35712, time: 0.001, data: 0.001) , D_A: 0.177, G_A: 1.012, cycle_A: 0.276, D_B: 0.227, G_B: 1.003, cycle_B: 0.315, gp: 0.223

--- iter tau=0.4106 ---
  cipher in : at afternoon it seemed he had fallen off the roof while on some 
  decrypted : etseet lrbbrshtsa  k isy syeisee   rsbeesty slbbesdyh  sbrsabk s
  real plain: to evaluate dimensional changes after repeated launderings table
  cipher in :  equitably and with full regard for the disruptions which it ine
  decrypted : s euhte  gserisdhtyseu  sl deliseblsty sihalupthbrasdyhcyshtshr 
  real plain: ssed themselves after a fashion i was saved from making the deci
[Rank 0] (epoch: 7, iters: 37312, time: 0.001, data: 0.001) , D_A: 0.222, G_A: 1.022, cycle_A: 0.296, D_B: 0.260, G_B: 0.982, cycle_B: 0.331, gp: 0.256

saving the latest model (epoch 7, total_iters 280000)
[Rank 0] (epoch: 7, iters: 38912, time: 0.001, data: 0.001) , D_A: 0.190, G_A: 1.009, cycle_A: 0.272, D_B: 0.210, G_B: 0.988, cycle_B: 0.312, gp: 0.206

learning rate 0.0002000 -> 0.0002000
temperature tau = 0.3973
End of epoch 7 / 50 	 Time Taken: 33 sec
[Rank 0] (epoch: 8, iters: 64, time: 0.001, data: 0.001) , D_A: 0.250, G_A: 0.977, cycle_A: 0.278, D_B: 0.227, G_B: 1.002, cycle_B: 0.316, gp: 0.222

[Rank 0] (epoch: 8, iters: 1664, time: 0.001, data: 0.001) , D_A: 0.185, G_A: 1.048, cycle_A: 0.270, D_B: 0.249, G_B: 0.906, cycle_B: 0.331, gp: 0.244

[Rank 0] (epoch: 8, iters: 3264, time: 0.001, data: 0.001) , D_A: 0.234, G_A: 1.008, cycle_A: 0.282, D_B: 0.229, G_B: 0.633, cycle_B: 0.328, gp: 0.215

[Rank 0] (epoch: 8, iters: 4864, time: 0.001, data: 0.001) , D_A: 0.179, G_A: 0.980, cycle_A: 0.269, D_B: 0.190, G_B: 0.944, cycle_B: 0.334, gp: 0.186

[Rank 0] (epoch: 8, iters: 6464, time: 0.001, data: 0.001) , D_A: 0.285, G_A: 1.003, cycle_A: 0.263, D_B: 0.238, G_B: 0.985, cycle_B: 0.325, gp: 0.233

[Rank 0] (epoch: 8, iters: 8064, time: 0.001, data: 0.001) , D_A: 0.172, G_A: 1.060, cycle_A: 0.299, D_B: 0.178, G_B: 1.072, cycle_B: 0.310, gp: 0.169

[Rank 0] (epoch: 8, iters: 9664, time: 0.001, data: 0.001) , D_A: 0.263, G_A: 1.008, cycle_A: 0.293, D_B: 0.189, G_B: 0.987, cycle_B: 0.328, gp: 0.186

[Rank 0] (epoch: 8, iters: 11264, time: 0.001, data: 0.001) , D_A: 0.895, G_A: 0.273, cycle_A: 0.305, D_B: 0.207, G_B: 1.010, cycle_B: 0.310, gp: 0.203

[Rank 0] (epoch: 8, iters: 12864, time: 0.001, data: 0.001) , D_A: 0.336, G_A: 1.725, cycle_A: 0.308, D_B: 0.154, G_B: 1.000, cycle_B: 0.321, gp: 0.146

[Rank 0] (epoch: 8, iters: 14464, time: 0.001, data: 0.001) , D_A: 0.199, G_A: 1.112, cycle_A: 0.285, D_B: 0.242, G_B: 0.996, cycle_B: 0.311, gp: 0.238

[Rank 0] (epoch: 8, iters: 16064, time: 0.001, data: 0.001) , D_A: 0.110, G_A: 0.992, cycle_A: 0.278, D_B: 0.216, G_B: 1.016, cycle_B: 0.324, gp: 0.211

[Rank 0] (epoch: 8, iters: 17664, time: 0.001, data: 0.001) , D_A: 0.151, G_A: 0.994, cycle_A: 0.287, D_B: 0.201, G_B: 0.985, cycle_B: 0.325, gp: 0.196

[Rank 0] (epoch: 8, iters: 19264, time: 0.001, data: 0.001) , D_A: 0.234, G_A: 1.001, cycle_A: 0.280, D_B: 0.107, G_B: 0.979, cycle_B: 0.327, gp: 0.102

[Rank 0] (epoch: 8, iters: 20864, time: 0.001, data: 0.001) , D_A: 0.225, G_A: 0.994, cycle_A: 0.266, D_B: 0.215, G_B: 1.039, cycle_B: 0.323, gp: 0.210

[Rank 0] (epoch: 8, iters: 22464, time: 0.001, data: 0.001) , D_A: 0.192, G_A: 0.960, cycle_A: 0.268, D_B: 0.137, G_B: 1.016, cycle_B: 0.329, gp: 0.132

[Rank 0] (epoch: 8, iters: 24064, time: 0.001, data: 0.001) , D_A: 0.213, G_A: 0.983, cycle_A: 0.278, D_B: 0.217, G_B: 1.008, cycle_B: 0.327, gp: 0.214

[Rank 0] (epoch: 8, iters: 25664, time: 0.001, data: 0.001) , D_A: 0.248, G_A: 1.239, cycle_A: 0.275, D_B: 0.193, G_B: 0.902, cycle_B: 0.325, gp: 0.187

[Rank 0] (epoch: 8, iters: 27264, time: 0.001, data: 0.001) , D_A: 0.224, G_A: 1.053, cycle_A: 0.270, D_B: 0.111, G_B: 0.984, cycle_B: 0.316, gp: 0.107

[Rank 0] (epoch: 8, iters: 28864, time: 0.001, data: 0.001) , D_A: 0.207, G_A: 0.970, cycle_A: 0.298, D_B: 0.182, G_B: 1.015, cycle_B: 0.333, gp: 0.176

[Rank 0] (epoch: 8, iters: 30464, time: 0.001, data: 0.001) , D_A: 0.145, G_A: 1.000, cycle_A: 0.273, D_B: 0.213, G_B: 0.961, cycle_B: 0.305, gp: 0.209

[Rank 0] (epoch: 8, iters: 32064, time: 0.001, data: 0.001) , D_A: 0.156, G_A: 1.006, cycle_A: 0.279, D_B: 0.250, G_B: 0.930, cycle_B: 0.302, gp: 0.245

[Rank 0] (epoch: 8, iters: 33664, time: 0.001, data: 0.001) , D_A: 0.203, G_A: 1.025, cycle_A: 0.295, D_B: 0.195, G_B: 0.458, cycle_B: 0.320, gp: 0.168

[Rank 0] (epoch: 8, iters: 35264, time: 0.001, data: 0.001) , D_A: 0.264, G_A: 0.999, cycle_A: 0.272, D_B: 0.230, G_B: 0.957, cycle_B: 0.316, gp: 0.227

--- iter tau=0.3973 ---
  cipher in : nia paper that advertised house for rent view takes in five coun
  decrypted : rhespep lstyetseie ltha isywua sewlsl rtseh dsted ashrsehe scwur
  real plain: e home in august to get cousin emmas house ready before the teac
  cipher in : reason for the value of this procedure was simply that the appli
  decrypted : l eawrsewlsty see u swestyhasplwc iul sdeasahvp gstyetsty sepp h
  real plain: ged where castroism and antiamericanism does not prevent the gov
[Rank 0] (epoch: 8, iters: 36864, time: 0.001, data: 0.001) , D_A: 0.118, G_A: 1.034, cycle_A: 0.272, D_B: 0.230, G_B: 1.035, cycle_B: 0.307, gp: 0.225

saving the latest model (epoch 8, total_iters 320000)
[Rank 0] (epoch: 8, iters: 38464, time: 0.001, data: 0.001) , D_A: 0.207, G_A: 0.939, cycle_A: 0.284, D_B: 0.197, G_B: 1.115, cycle_B: 0.311, gp: 0.186

[Rank 0] (epoch: 8, iters: 40064, time: 0.001, data: 0.001) , D_A: 0.308, G_A: 0.956, cycle_A: 0.277, D_B: 0.251, G_B: 0.916, cycle_B: 0.321, gp: 0.245

learning rate 0.0002000 -> 0.0002000
temperature tau = 0.3845
End of epoch 8 / 50 	 Time Taken: 33 sec
[Rank 0] (epoch: 9, iters: 1216, time: 0.001, data: 0.001) , D_A: 0.271, G_A: 0.965, cycle_A: 0.267, D_B: 0.229, G_B: 1.048, cycle_B: 0.320, gp: 0.224

[Rank 0] (epoch: 9, iters: 2816, time: 0.001, data: 0.001) , D_A: 0.187, G_A: 1.049, cycle_A: 0.263, D_B: 0.153, G_B: 0.988, cycle_B: 0.318, gp: 0.148

[Rank 0] (epoch: 9, iters: 4416, time: 0.001, data: 0.001) , D_A: 0.214, G_A: 0.955, cycle_A: 0.260, D_B: 0.235, G_B: 1.040, cycle_B: 0.323, gp: 0.231

[Rank 0] (epoch: 9, iters: 6016, time: 0.001, data: 0.001) , D_A: 0.197, G_A: 1.006, cycle_A: 0.276, D_B: 0.213, G_B: 0.821, cycle_B: 0.324, gp: 0.204

[Rank 0] (epoch: 9, iters: 7616, time: 0.001, data: 0.001) , D_A: 0.304, G_A: 0.985, cycle_A: 0.291, D_B: 0.139, G_B: 0.847, cycle_B: 0.308, gp: 0.132

[Rank 0] (epoch: 9, iters: 9216, time: 0.001, data: 0.001) , D_A: 0.226, G_A: 0.971, cycle_A: 0.258, D_B: 0.211, G_B: 0.934, cycle_B: 0.333, gp: 0.207

[Rank 0] (epoch: 9, iters: 10816, time: 0.001, data: 0.001) , D_A: 0.270, G_A: 0.971, cycle_A: 0.276, D_B: 0.248, G_B: 0.963, cycle_B: 0.320, gp: 0.244

[Rank 0] (epoch: 9, iters: 12416, time: 0.001, data: 0.001) , D_A: 0.186, G_A: 1.010, cycle_A: 0.313, D_B: 0.157, G_B: 1.019, cycle_B: 0.311, gp: 0.151

[Rank 0] (epoch: 9, iters: 14016, time: 0.001, data: 0.001) , D_A: 0.200, G_A: 1.002, cycle_A: 0.303, D_B: 0.271, G_B: 0.934, cycle_B: 0.320, gp: 0.257

[Rank 0] (epoch: 9, iters: 15616, time: 0.001, data: 0.001) , D_A: 0.165, G_A: 1.013, cycle_A: 0.276, D_B: 0.199, G_B: 0.984, cycle_B: 0.327, gp: 0.195

[Rank 0] (epoch: 9, iters: 17216, time: 0.001, data: 0.001) , D_A: 0.467, G_A: 0.775, cycle_A: 4.003, D_B: 0.492, G_B: 0.855, cycle_B: 2.581, gp: 0.444

[Rank 0] (epoch: 9, iters: 18816, time: 0.001, data: 0.001) , D_A: 0.390, G_A: 1.020, cycle_A: 0.480, D_B: 0.339, G_B: 0.939, cycle_B: 0.530, gp: 0.324

[Rank 0] (epoch: 9, iters: 20416, time: 0.001, data: 0.001) , D_A: 0.165, G_A: 1.058, cycle_A: 0.467, D_B: 0.265, G_B: 1.003, cycle_B: 0.435, gp: 0.253

[Rank 0] (epoch: 9, iters: 22016, time: 0.001, data: 0.001) , D_A: 0.253, G_A: 1.021, cycle_A: 0.536, D_B: 0.191, G_B: 1.059, cycle_B: 0.382, gp: 0.178

[Rank 0] (epoch: 9, iters: 23616, time: 0.001, data: 0.001) , D_A: 0.344, G_A: 0.943, cycle_A: 0.410, D_B: 0.232, G_B: 0.973, cycle_B: 0.379, gp: 0.225

[Rank 0] (epoch: 9, iters: 25216, time: 0.001, data: 0.001) , D_A: 0.263, G_A: 0.986, cycle_A: 0.385, D_B: 0.241, G_B: 0.958, cycle_B: 0.387, gp: 0.232

[Rank 0] (epoch: 9, iters: 26816, time: 0.001, data: 0.001) , D_A: 0.196, G_A: 0.998, cycle_A: 0.402, D_B: 0.189, G_B: 1.080, cycle_B: 0.379, gp: 0.179

[Rank 0] (epoch: 9, iters: 28416, time: 0.001, data: 0.001) , D_A: 0.200, G_A: 1.054, cycle_A: 0.400, D_B: 0.214, G_B: 0.972, cycle_B: 0.386, gp: 0.206

[Rank 0] (epoch: 9, iters: 30016, time: 0.001, data: 0.001) , D_A: 0.185, G_A: 1.002, cycle_A: 0.397, D_B: 0.193, G_B: 0.983, cycle_B: 0.367, gp: 0.187

[Rank 0] (epoch: 9, iters: 31616, time: 0.001, data: 0.001) , D_A: 0.142, G_A: 1.011, cycle_A: 0.386, D_B: 0.244, G_B: 0.953, cycle_B: 0.371, gp: 0.235

[Rank 0] (epoch: 9, iters: 33216, time: 0.001, data: 0.001) , D_A: 0.196, G_A: 1.017, cycle_A: 0.383, D_B: 0.332, G_B: 1.099, cycle_B: 0.371, gp: 0.322

[Rank 0] (epoch: 9, iters: 34816, time: 0.001, data: 0.001) , D_A: 0.283, G_A: 1.029, cycle_A: 0.399, D_B: 0.305, G_B: 1.007, cycle_B: 0.393, gp: 0.299

--- iter tau=0.3845 ---
  cipher in :  him good intelligence too for on the rd of may he told morgan t
  decrypted : sahvsdmmishrt   hd r  stmmsamlsmrsta slismasvegsa stm isvmlderst
  real plain: e home in august to get cousin emmas house ready before the teac
  cipher in :  of long service in government spoke with rich background and ex
  decrypted : smas mrdsa leh  shrsdme lrv rtsapmd sdhtaslh asfe ddlmuriseris o
  real plain: ged where castroism and antiamericanism does not prevent the gov
[Rank 0] (epoch: 9, iters: 36416, time: 0.001, data: 0.001) , D_A: 0.210, G_A: 0.994, cycle_A: 0.387, D_B: 0.184, G_B: 0.997, cycle_B: 0.353, gp: 0.176

saving the latest model (epoch 9, total_iters 360000)
[Rank 0] (epoch: 9, iters: 38016, time: 0.001, data: 0.001) , D_A: 0.207, G_A: 0.990, cycle_A: 0.380, D_B: 0.259, G_B: 1.001, cycle_B: 0.368, gp: 0.252

[Rank 0] (epoch: 9, iters: 39616, time: 0.001, data: 0.001) , D_A: 0.251, G_A: 1.006, cycle_A: 0.377, D_B: 0.174, G_B: 1.058, cycle_B: 0.371, gp: 0.163

learning rate 0.0002000 -> 0.0002000
temperature tau = 0.3720
End of epoch 9 / 50 	 Time Taken: 33 sec
[Rank 0] (epoch: 10, iters: 768, time: 0.001, data: 0.000) , D_A: 0.279, G_A: 0.926, cycle_A: 0.376, D_B: 0.138, G_B: 0.987, cycle_B: 0.360, gp: 0.134

[Rank 0] (epoch: 10, iters: 2368, time: 0.001, data: 0.000) , D_A: 0.284, G_A: 0.971, cycle_A: 0.380, D_B: 0.266, G_B: 0.829, cycle_B: 0.391, gp: 0.251

[Rank 0] (epoch: 10, iters: 3968, time: 0.001, data: 0.002) , D_A: 0.186, G_A: 0.984, cycle_A: 0.382, D_B: 0.227, G_B: 1.024, cycle_B: 0.366, gp: 0.219

[Rank 0] (epoch: 10, iters: 5568, time: 0.001, data: 0.002) , D_A: 0.231, G_A: 0.889, cycle_A: 0.374, D_B: 0.140, G_B: 0.973, cycle_B: 0.386, gp: 0.135

[Rank 0] (epoch: 10, iters: 7168, time: 0.001, data: 0.001) , D_A: 0.329, G_A: 0.996, cycle_A: 0.367, D_B: 0.133, G_B: 1.023, cycle_B: 0.351, gp: 0.129

[Rank 0] (epoch: 10, iters: 8768, time: 0.001, data: 0.001) , D_A: 0.181, G_A: 0.991, cycle_A: 0.365, D_B: 0.159, G_B: 0.962, cycle_B: 0.382, gp: 0.154

[Rank 0] (epoch: 10, iters: 10368, time: 0.001, data: 0.001) , D_A: 0.226, G_A: 0.925, cycle_A: 0.398, D_B: 0.266, G_B: 1.042, cycle_B: 0.378, gp: 0.258

[Rank 0] (epoch: 10, iters: 11968, time: 0.001, data: 0.001) , D_A: 0.284, G_A: 0.992, cycle_A: 0.362, D_B: 0.231, G_B: 1.000, cycle_B: 0.368, gp: 0.225

[Rank 0] (epoch: 10, iters: 13568, time: 0.001, data: 0.001) , D_A: 0.202, G_A: 1.013, cycle_A: 0.384, D_B: 0.230, G_B: 0.974, cycle_B: 0.369, gp: 0.226

[Rank 0] (epoch: 10, iters: 15168, time: 0.001, data: 0.001) , D_A: 0.352, G_A: 0.993, cycle_A: 0.383, D_B: 0.258, G_B: 0.995, cycle_B: 0.360, gp: 0.253

[Rank 0] (epoch: 10, iters: 16768, time: 0.001, data: 0.001) , D_A: 0.151, G_A: 0.921, cycle_A: 0.395, D_B: 0.210, G_B: 1.004, cycle_B: 0.366, gp: 0.204

[Rank 0] (epoch: 10, iters: 18368, time: 0.001, data: 0.001) , D_A: 0.202, G_A: 0.997, cycle_A: 0.388, D_B: 0.190, G_B: 0.871, cycle_B: 0.350, gp: 0.179

[Rank 0] (epoch: 10, iters: 19968, time: 0.001, data: 0.001) , D_A: 0.284, G_A: 1.009, cycle_A: 0.425, D_B: 0.405, G_B: 0.699, cycle_B: 0.363, gp: 0.364

[Rank 0] (epoch: 10, iters: 21568, time: 0.001, data: 0.001) , D_A: 0.180, G_A: 1.004, cycle_A: 0.383, D_B: 0.236, G_B: 1.016, cycle_B: 0.368, gp: 0.231

[Rank 0] (epoch: 10, iters: 23168, time: 0.001, data: 0.001) , D_A: 0.202, G_A: 0.938, cycle_A: 0.379, D_B: 0.215, G_B: 0.990, cycle_B: 0.370, gp: 0.210

[Rank 0] (epoch: 10, iters: 24768, time: 0.001, data: 0.001) , D_A: 0.157, G_A: 1.015, cycle_A: 0.368, D_B: 0.166, G_B: 0.977, cycle_B: 0.372, gp: 0.161

[Rank 0] (epoch: 10, iters: 26368, time: 0.001, data: 0.001) , D_A: 0.175, G_A: 1.033, cycle_A: 0.367, D_B: 0.190, G_B: 0.996, cycle_B: 0.373, gp: 0.185

[Rank 0] (epoch: 10, iters: 27968, time: 0.001, data: 0.001) , D_A: 0.169, G_A: 0.993, cycle_A: 0.384, D_B: 0.253, G_B: 0.984, cycle_B: 0.360, gp: 0.248

[Rank 0] (epoch: 10, iters: 29568, time: 0.001, data: 0.001) , D_A: 0.196, G_A: 1.003, cycle_A: 0.378, D_B: 0.233, G_B: 0.931, cycle_B: 0.370, gp: 0.228

[Rank 0] (epoch: 10, iters: 31168, time: 0.001, data: 0.001) , D_A: 0.222, G_A: 0.986, cycle_A: 0.376, D_B: 0.211, G_B: 1.033, cycle_B: 0.375, gp: 0.206

[Rank 0] (epoch: 10, iters: 32768, time: 0.001, data: 0.001) , D_A: 0.213, G_A: 1.205, cycle_A: 0.372, D_B: 0.181, G_B: 0.955, cycle_B: 0.387, gp: 0.176

[Rank 0] (epoch: 10, iters: 34368, time: 0.001, data: 0.001) , D_A: 0.143, G_A: 1.070, cycle_A: 0.369, D_B: 0.298, G_B: 1.009, cycle_B: 0.385, gp: 0.294

--- iter tau=0.3720 ---
  cipher in :  life of his country past or present that can be shown to be his
  decrypted : o ha omaoahao muctlgopeatomlopl a ctotaeto ecof oaamdcotmof oaha
  real plain:  abruptly into depth and the broad opaque shapes of pasted paper
  cipher in : n as a continuing fundraiser others assisting mrs jerome blum an
  decrypted : coeaoeo mcthcuhcdoaucileha lomta laoeaahathcdoklaoe lmk of ukoec
  real plain: he supreme sacrifice each made served to maintain a still more f
[Rank 0] (epoch: 10, iters: 35968, time: 0.001, data: 0.001) , D_A: 0.200, G_A: 1.025, cycle_A: 0.398, D_B: 0.215, G_B: 1.012, cycle_B: 0.380, gp: 0.209

saving the latest model (epoch 10, total_iters 400000)
[Rank 0] (epoch: 10, iters: 37568, time: 0.001, data: 0.001) , D_A: 0.260, G_A: 0.997, cycle_A: 0.372, D_B: 0.186, G_B: 0.956, cycle_B: 0.354, gp: 0.180

[Rank 0] (epoch: 10, iters: 39168, time: 0.001, data: 0.001) , D_A: 0.478, G_A: 0.050, cycle_A: 0.372, D_B: 0.187, G_B: 1.011, cycle_B: 0.379, gp: 0.181

learning rate 0.0002000 -> 0.0002000
temperature tau = 0.3600
End of epoch 10 / 50 	 Time Taken: 35 sec
[Rank 0] (epoch: 11, iters: 320, time: 0.001, data: 0.001) , D_A: 0.251, G_A: 0.935, cycle_A: 0.375, D_B: 0.309, G_B: 0.965, cycle_B: 0.384, gp: 0.304

[Rank 0] (epoch: 11, iters: 1920, time: 0.001, data: 0.000) , D_A: 0.252, G_A: 1.000, cycle_A: 0.382, D_B: 0.189, G_B: 0.980, cycle_B: 0.363, gp: 0.186

[Rank 0] (epoch: 11, iters: 3520, time: 0.001, data: 0.003) , D_A: 0.150, G_A: 0.993, cycle_A: 0.392, D_B: 0.190, G_B: 1.012, cycle_B: 0.383, gp: 0.185

[Rank 0] (epoch: 11, iters: 5120, time: 0.001, data: 0.001) , D_A: 0.187, G_A: 1.016, cycle_A: 0.397, D_B: 0.243, G_B: 1.093, cycle_B: 0.406, gp: 0.231

[Rank 0] (epoch: 11, iters: 6720, time: 0.001, data: 0.001) , D_A: 0.240, G_A: 0.999, cycle_A: 0.371, D_B: 0.155, G_B: 1.115, cycle_B: 0.352, gp: 0.146

[Rank 0] (epoch: 11, iters: 8320, time: 0.001, data: 0.001) , D_A: 0.163, G_A: 0.962, cycle_A: 0.384, D_B: 0.159, G_B: 1.006, cycle_B: 0.363, gp: 0.155

[Rank 0] (epoch: 11, iters: 9920, time: 0.001, data: 0.001) , D_A: 0.241, G_A: 1.013, cycle_A: 0.378, D_B: 0.175, G_B: 0.944, cycle_B: 0.367, gp: 0.170

[Rank 0] (epoch: 11, iters: 11520, time: 0.001, data: 0.001) , D_A: 0.139, G_A: 1.072, cycle_A: 0.395, D_B: 0.198, G_B: 0.998, cycle_B: 0.370, gp: 0.193

[Rank 0] (epoch: 11, iters: 13120, time: 0.001, data: 0.001) , D_A: 0.196, G_A: 0.974, cycle_A: 0.407, D_B: 0.205, G_B: 1.135, cycle_B: 0.373, gp: 0.196

[Rank 0] (epoch: 11, iters: 14720, time: 0.001, data: 0.001) , D_A: 0.200, G_A: 1.000, cycle_A: 0.372, D_B: 0.218, G_B: 0.980, cycle_B: 0.365, gp: 0.213

[Rank 0] (epoch: 11, iters: 16320, time: 0.001, data: 0.001) , D_A: 0.269, G_A: 0.990, cycle_A: 0.385, D_B: 0.194, G_B: 0.892, cycle_B: 0.363, gp: 0.183

[Rank 0] (epoch: 11, iters: 17920, time: 0.001, data: 0.001) , D_A: 0.152, G_A: 1.005, cycle_A: 0.374, D_B: 0.272, G_B: 0.993, cycle_B: 0.365, gp: 0.268

[Rank 0] (epoch: 11, iters: 19520, time: 0.001, data: 0.001) , D_A: 0.122, G_A: 0.929, cycle_A: 0.387, D_B: 1.059, G_B: 1.201, cycle_B: 0.379, gp: 0.305

[Rank 0] (epoch: 11, iters: 21120, time: 0.001, data: 0.001) , D_A: 0.208, G_A: 0.988, cycle_A: 0.383, D_B: 0.211, G_B: 1.018, cycle_B: 0.368, gp: 0.206

[Rank 0] (epoch: 11, iters: 22720, time: 0.001, data: 0.001) , D_A: 0.263, G_A: 1.030, cycle_A: 0.391, D_B: 0.285, G_B: 0.981, cycle_B: 0.365, gp: 0.280

[Rank 0] (epoch: 11, iters: 24320, time: 0.001, data: 0.001) , D_A: 0.156, G_A: 1.001, cycle_A: 0.379, D_B: 0.152, G_B: 0.954, cycle_B: 0.370, gp: 0.147

[Rank 0] (epoch: 11, iters: 25920, time: 0.001, data: 0.001) , D_A: 0.232, G_A: 0.996, cycle_A: 0.379, D_B: 0.240, G_B: 1.012, cycle_B: 0.363, gp: 0.237

[Rank 0] (epoch: 11, iters: 27520, time: 0.001, data: 0.001) , D_A: 0.247, G_A: 0.999, cycle_A: 0.396, D_B: 0.256, G_B: 1.007, cycle_B: 0.358, gp: 0.250

[Rank 0] (epoch: 11, iters: 29120, time: 0.001, data: 0.001) , D_A: 0.199, G_A: 0.706, cycle_A: 0.376, D_B: 0.118, G_B: 0.991, cycle_B: 0.385, gp: 0.114

[Rank 0] (epoch: 11, iters: 30720, time: 0.001, data: 0.001) , D_A: 0.195, G_A: 1.002, cycle_A: 0.414, D_B: 0.269, G_B: 1.036, cycle_B: 0.360, gp: 0.261

[Rank 0] (epoch: 11, iters: 32320, time: 0.001, data: 0.001) , D_A: 0.196, G_A: 0.956, cycle_A: 0.387, D_B: 0.175, G_B: 1.034, cycle_B: 0.376, gp: 0.171

[Rank 0] (epoch: 11, iters: 33920, time: 0.001, data: 0.001) , D_A: 0.155, G_A: 1.000, cycle_A: 0.391, D_B: 0.125, G_B: 0.974, cycle_B: 0.371, gp: 0.121

--- iter tau=0.3600 ---
  cipher in : ud better hurry oh you can count on that she smiled slightly sof
  decrypted : uisf tt lsaullgsmasgmus ers murtsmrstaetsaa savh  isa hdat gsama
  real plain:  page had been appointed to the administration second in number 
  cipher in : y too slow telegraphing her fear nick sensed it so did poet spri
  decrypted : gstmmsa mdst   dlepahrdsa lsa elsrh dsa ra ishtsamsihispm tsaplh
  real plain: l recognition are often the most reluctant to accept it we have 
[Rank 0] (epoch: 11, iters: 35520, time: 0.001, data: 0.001) , D_A: 0.220, G_A: 0.975, cycle_A: 0.397, D_B: 0.196, G_B: 0.977, cycle_B: 0.346, gp: 0.190

saving the latest model (epoch 11, total_iters 440000)
[Rank 0] (epoch: 11, iters: 37120, time: 0.001, data: 0.001) , D_A: 0.193, G_A: 1.049, cycle_A: 0.398, D_B: 0.211, G_B: 0.940, cycle_B: 0.380, gp: 0.206

[Rank 0] (epoch: 11, iters: 38720, time: 0.001, data: 0.001) , D_A: 0.223, G_A: 0.930, cycle_A: 0.406, D_B: 0.172, G_B: 0.993, cycle_B: 0.361, gp: 0.168

[Rank 0] (epoch: 11, iters: 40320, time: 0.001, data: 0.001) , D_A: 0.293, G_A: 1.055, cycle_A: 0.416, D_B: 0.278, G_B: 0.951, cycle_B: 0.375, gp: 0.274

learning rate 0.0002000 -> 0.0002000
temperature tau = 0.3484
End of epoch 11 / 50 	 Time Taken: 37 sec
[Rank 0] (epoch: 12, iters: 1472, time: 0.001, data: 0.000) , D_A: 0.271, G_A: 1.473, cycle_A: 0.410, D_B: 0.285, G_B: 1.043, cycle_B: 0.383, gp: 0.277

[Rank 0] (epoch: 12, iters: 3072, time: 0.001, data: 0.001) , D_A: 0.196, G_A: 0.969, cycle_A: 0.371, D_B: 0.308, G_B: 0.998, cycle_B: 0.370, gp: 0.303

[Rank 0] (epoch: 12, iters: 4672, time: 0.001, data: 0.001) , D_A: 0.221, G_A: 1.003, cycle_A: 0.368, D_B: 0.222, G_B: 1.017, cycle_B: 0.400, gp: 0.218

[Rank 0] (epoch: 12, iters: 6272, time: 0.001, data: 0.001) , D_A: 0.162, G_A: 0.934, cycle_A: 0.402, D_B: 0.239, G_B: 1.044, cycle_B: 0.379, gp: 0.232

[Rank 0] (epoch: 12, iters: 7872, time: 0.001, data: 0.001) , D_A: 0.183, G_A: 0.963, cycle_A: 0.400, D_B: 0.197, G_B: 0.991, cycle_B: 0.359, gp: 0.193

[Rank 0] (epoch: 12, iters: 9472, time: 0.001, data: 0.001) , D_A: 0.186, G_A: 0.954, cycle_A: 0.364, D_B: 0.245, G_B: 0.965, cycle_B: 0.376, gp: 0.240

[Rank 0] (epoch: 12, iters: 11072, time: 0.001, data: 0.001) , D_A: 0.187, G_A: 1.023, cycle_A: 0.374, D_B: 0.176, G_B: 1.035, cycle_B: 0.363, gp: 0.172

[Rank 0] (epoch: 12, iters: 12672, time: 0.001, data: 0.001) , D_A: 0.260, G_A: 1.023, cycle_A: 0.391, D_B: 0.082, G_B: 1.039, cycle_B: 0.367, gp: 0.078

[Rank 0] (epoch: 12, iters: 14272, time: 0.001, data: 0.001) , D_A: 0.205, G_A: 1.053, cycle_A: 0.398, D_B: 0.223, G_B: 0.993, cycle_B: 0.375, gp: 0.219

[Rank 0] (epoch: 12, iters: 15872, time: 0.001, data: 0.001) , D_A: 0.162, G_A: 1.013, cycle_A: 0.404, D_B: 0.217, G_B: 1.024, cycle_B: 0.385, gp: 0.213

[Rank 0] (epoch: 12, iters: 17472, time: 0.001, data: 0.001) , D_A: 0.332, G_A: 0.873, cycle_A: 0.397, D_B: 0.219, G_B: 0.986, cycle_B: 0.371, gp: 0.215

[Rank 0] (epoch: 12, iters: 19072, time: 0.001, data: 0.001) , D_A: 0.279, G_A: 1.025, cycle_A: 0.404, D_B: 0.183, G_B: 1.001, cycle_B: 0.362, gp: 0.179

[Rank 0] (epoch: 12, iters: 20672, time: 0.001, data: 0.001) , D_A: 0.279, G_A: 0.947, cycle_A: 0.388, D_B: 0.201, G_B: 0.988, cycle_B: 0.383, gp: 0.197

[Rank 0] (epoch: 12, iters: 22272, time: 0.001, data: 0.001) , D_A: 0.163, G_A: 0.918, cycle_A: 0.390, D_B: 0.180, G_B: 1.076, cycle_B: 0.370, gp: 0.171

[Rank 0] (epoch: 12, iters: 23872, time: 0.001, data: 0.001) , D_A: 0.202, G_A: 1.100, cycle_A: 0.390, D_B: 0.252, G_B: 1.055, cycle_B: 0.369, gp: 0.248

[Rank 0] (epoch: 12, iters: 25472, time: 0.001, data: 0.001) , D_A: 0.189, G_A: 1.009, cycle_A: 0.371, D_B: 0.158, G_B: 1.013, cycle_B: 0.367, gp: 0.155

[Rank 0] (epoch: 12, iters: 27072, time: 0.001, data: 0.001) , D_A: 0.255, G_A: 1.036, cycle_A: 0.376, D_B: 0.196, G_B: 0.954, cycle_B: 0.372, gp: 0.192

[Rank 0] (epoch: 12, iters: 28672, time: 0.001, data: 0.001) , D_A: 0.183, G_A: 1.007, cycle_A: 0.395, D_B: 0.219, G_B: 0.999, cycle_B: 0.361, gp: 0.215

[Rank 0] (epoch: 12, iters: 30272, time: 0.001, data: 0.001) , D_A: 0.221, G_A: 0.962, cycle_A: 0.372, D_B: 0.167, G_B: 0.983, cycle_B: 0.352, gp: 0.163

[Rank 0] (epoch: 12, iters: 31872, time: 0.001, data: 0.001) , D_A: 0.234, G_A: 1.057, cycle_A: 0.384, D_B: 0.232, G_B: 1.011, cycle_B: 0.340, gp: 0.229

[Rank 0] (epoch: 12, iters: 33472, time: 0.001, data: 0.001) , D_A: 0.313, G_A: 0.915, cycle_A: 0.384, D_B: 0.157, G_B: 0.956, cycle_B: 0.388, gp: 0.152

--- iter tau=0.3484 ---
  cipher in : er any of the four standardized conditions used in this experime
  decrypted :  lsecgsbasta sabulsatecieliha is bcihthbcasua ishcstahas op lhk 
  real plain: e so preoccupied that youve let your faith grow dim what do you 
  cipher in : time the score was and it really didnt matter the yankee triumph
  decrypted : thk sta sa bl sdeasecishtsl e  gsihictskett lsta sgecd  stlhukpa
  real plain: e to our ears may or may not indicate that he was less of an ori
[Rank 0] (epoch: 12, iters: 35072, time: 0.001, data: 0.001) , D_A: 0.196, G_A: 0.982, cycle_A: 0.383, D_B: 0.171, G_B: 0.964, cycle_B: 0.374, gp: 0.168

saving the latest model (epoch 12, total_iters 480000)
[Rank 0] (epoch: 12, iters: 36672, time: 0.001, data: 0.001) , D_A: 0.193, G_A: 1.007, cycle_A: 0.391, D_B: 0.303, G_B: 1.026, cycle_B: 0.354, gp: 0.299

[Rank 0] (epoch: 12, iters: 38272, time: 0.001, data: 0.001) , D_A: 0.202, G_A: 0.984, cycle_A: 0.394, D_B: 0.227, G_B: 0.972, cycle_B: 0.370, gp: 0.222

[Rank 0] (epoch: 12, iters: 39872, time: 0.001, data: 0.001) , D_A: 0.146, G_A: 0.999, cycle_A: 0.385, D_B: 0.235, G_B: 0.995, cycle_B: 0.376, gp: 0.231

learning rate 0.0002000 -> 0.0002000
temperature tau = 0.3371
End of epoch 12 / 50 	 Time Taken: 33 sec
[Rank 0] (epoch: 13, iters: 1024, time: 0.001, data: 0.001) , D_A: 0.151, G_A: 0.999, cycle_A: 0.385, D_B: 0.119, G_B: 0.948, cycle_B: 0.365, gp: 0.114

[Rank 0] (epoch: 13, iters: 2624, time: 0.001, data: 0.000) , D_A: 0.224, G_A: 1.003, cycle_A: 0.402, D_B: 0.230, G_B: 1.036, cycle_B: 0.374, gp: 0.226

[Rank 0] (epoch: 13, iters: 4224, time: 0.001, data: 0.001) , D_A: 0.188, G_A: 0.979, cycle_A: 0.377, D_B: 0.232, G_B: 1.012, cycle_B: 0.357, gp: 0.228

[Rank 0] (epoch: 13, iters: 5824, time: 0.001, data: 0.001) , D_A: 0.301, G_A: 1.022, cycle_A: 0.374, D_B: 0.149, G_B: 1.040, cycle_B: 0.365, gp: 0.144

[Rank 0] (epoch: 13, iters: 7424, time: 0.001, data: 0.001) , D_A: 0.166, G_A: 1.020, cycle_A: 0.396, D_B: 0.166, G_B: 0.999, cycle_B: 0.358, gp: 0.161

[Rank 0] (epoch: 13, iters: 9024, time: 0.001, data: 0.001) , D_A: 0.190, G_A: 0.977, cycle_A: 0.408, D_B: 0.180, G_B: 1.016, cycle_B: 0.375, gp: 0.176

[Rank 0] (epoch: 13, iters: 10624, time: 0.001, data: 0.001) , D_A: 0.124, G_A: 1.005, cycle_A: 0.387, D_B: 0.166, G_B: 1.021, cycle_B: 0.372, gp: 0.164

[Rank 0] (epoch: 13, iters: 12224, time: 0.001, data: 0.001) , D_A: 0.187, G_A: 1.029, cycle_A: 0.383, D_B: 0.242, G_B: 0.895, cycle_B: 0.365, gp: 0.234

[Rank 0] (epoch: 13, iters: 13824, time: 0.001, data: 0.001) , D_A: 0.166, G_A: 0.977, cycle_A: 0.389, D_B: 0.173, G_B: 1.029, cycle_B: 0.368, gp: 0.170

[Rank 0] (epoch: 13, iters: 15424, time: 0.001, data: 0.001) , D_A: 0.170, G_A: 0.963, cycle_A: 0.381, D_B: 0.208, G_B: 1.004, cycle_B: 0.373, gp: 0.205

[Rank 0] (epoch: 13, iters: 17024, time: 0.001, data: 0.001) , D_A: 0.284, G_A: 0.974, cycle_A: 0.384, D_B: 0.205, G_B: 1.031, cycle_B: 0.366, gp: 0.201

[Rank 0] (epoch: 13, iters: 18624, time: 0.001, data: 0.001) , D_A: 0.122, G_A: 0.967, cycle_A: 0.382, D_B: 0.183, G_B: 1.004, cycle_B: 0.354, gp: 0.180

[Rank 0] (epoch: 13, iters: 20224, time: 0.001, data: 0.001) , D_A: 0.188, G_A: 0.975, cycle_A: 0.390, D_B: 0.223, G_B: 0.959, cycle_B: 0.371, gp: 0.217

[Rank 0] (epoch: 13, iters: 21824, time: 0.001, data: 0.001) , D_A: 0.152, G_A: 1.019, cycle_A: 0.421, D_B: 0.190, G_B: 1.254, cycle_B: 0.358, gp: 0.160

[Rank 0] (epoch: 13, iters: 23424, time: 0.001, data: 0.001) , D_A: 0.131, G_A: 0.855, cycle_A: 0.382, D_B: 0.237, G_B: 0.952, cycle_B: 0.378, gp: 0.232

[Rank 0] (epoch: 13, iters: 25024, time: 0.001, data: 0.001) , D_A: 0.253, G_A: 0.998, cycle_A: 0.403, D_B: 0.164, G_B: 0.988, cycle_B: 0.369, gp: 0.159

[Rank 0] (epoch: 13, iters: 26624, time: 0.001, data: 0.001) , D_A: 0.213, G_A: 0.991, cycle_A: 0.389, D_B: 0.140, G_B: 0.996, cycle_B: 0.366, gp: 0.136

[Rank 0] (epoch: 13, iters: 28224, time: 0.001, data: 0.001) , D_A: 0.160, G_A: 1.005, cycle_A: 0.368, D_B: 0.213, G_B: 0.991, cycle_B: 0.360, gp: 0.210

[Rank 0] (epoch: 13, iters: 29824, time: 0.001, data: 0.001) , D_A: 0.226, G_A: 1.012, cycle_A: 0.378, D_B: 0.248, G_B: 0.988, cycle_B: 0.360, gp: 0.245

[Rank 0] (epoch: 13, iters: 31424, time: 0.001, data: 0.001) , D_A: 0.217, G_A: 0.991, cycle_A: 0.370, D_B: 0.284, G_B: 0.973, cycle_B: 0.368, gp: 0.279

[Rank 0] (epoch: 13, iters: 33024, time: 0.001, data: 0.001) , D_A: 0.202, G_A: 0.978, cycle_A: 0.387, D_B: 0.189, G_B: 0.996, cycle_B: 0.371, gp: 0.186

--- iter tau=0.3371 ---
  cipher in : the window and would guide him forward and then step to one side
  decrypted : ta sdhriydserisdyu isduhi sahksayldeliserista rsat pstysyr sahi 
  real plain: n swadeshs second glottochronological list which aims at elimina
  cipher in : ed she feels among the vast army of the nonobservant the older t
  decrypted :  isaa sa   asekyrdsta seeatselkgsyasta sryryfa leertsta sy i lst
  real plain: sidewalk cafe overlooking the intersection of two broad busy unp
[Rank 0] (epoch: 13, iters: 34624, time: 0.001, data: 0.001) , D_A: 0.172, G_A: 1.093, cycle_A: 0.378, D_B: 0.269, G_B: 1.014, cycle_B: 0.386, gp: 0.265

saving the latest model (epoch 13, total_iters 520000)
[Rank 0] (epoch: 13, iters: 36224, time: 0.001, data: 0.001) , D_A: 0.296, G_A: 0.943, cycle_A: 0.400, D_B: 0.263, G_B: 0.991, cycle_B: 0.374, gp: 0.258

[Rank 0] (epoch: 13, iters: 37824, time: 0.001, data: 0.001) , D_A: 0.292, G_A: 1.022, cycle_A: 0.389, D_B: 0.258, G_B: 1.017, cycle_B: 0.357, gp: 0.254

[Rank 0] (epoch: 13, iters: 39424, time: 0.001, data: 0.001) , D_A: 0.177, G_A: 0.964, cycle_A: 0.384, D_B: 0.268, G_B: 0.995, cycle_B: 0.385, gp: 0.264

learning rate 0.0002000 -> 0.0002000
temperature tau = 0.3262
End of epoch 13 / 50 	 Time Taken: 33 sec
[Rank 0] (epoch: 14, iters: 576, time: 0.001, data: 0.001) , D_A: 0.213, G_A: 1.022, cycle_A: 0.404, D_B: 0.197, G_B: 0.998, cycle_B: 0.359, gp: 0.194

[Rank 0] (epoch: 14, iters: 2176, time: 0.001, data: 0.000) , D_A: 0.218, G_A: 1.008, cycle_A: 0.373, D_B: 0.142, G_B: 0.973, cycle_B: 0.388, gp: 0.139

[Rank 0] (epoch: 14, iters: 3776, time: 0.001, data: 0.001) , D_A: 0.155, G_A: 0.989, cycle_A: 0.382, D_B: 0.197, G_B: 1.037, cycle_B: 0.365, gp: 0.193

[Rank 0] (epoch: 14, iters: 5376, time: 0.001, data: 0.001) , D_A: 0.221, G_A: 0.992, cycle_A: 0.389, D_B: 0.171, G_B: 1.011, cycle_B: 0.378, gp: 0.167

[Rank 0] (epoch: 14, iters: 6976, time: 0.001, data: 0.001) , D_A: 0.170, G_A: 0.970, cycle_A: 0.400, D_B: 0.173, G_B: 1.015, cycle_B: 0.349, gp: 0.170

[Rank 0] (epoch: 14, iters: 8576, time: 0.001, data: 0.001) , D_A: 0.177, G_A: 1.052, cycle_A: 0.402, D_B: 0.283, G_B: 1.044, cycle_B: 0.375, gp: 0.280

[Rank 0] (epoch: 14, iters: 10176, time: 0.001, data: 0.001) , D_A: 0.185, G_A: 1.002, cycle_A: 0.381, D_B: 0.194, G_B: 1.022, cycle_B: 0.366, gp: 0.191

[Rank 0] (epoch: 14, iters: 11776, time: 0.001, data: 0.001) , D_A: 0.152, G_A: 0.904, cycle_A: 0.370, D_B: 0.228, G_B: 0.964, cycle_B: 0.369, gp: 0.223

[Rank 0] (epoch: 14, iters: 13376, time: 0.001, data: 0.001) , D_A: 0.262, G_A: 0.959, cycle_A: 0.408, D_B: 0.184, G_B: 1.050, cycle_B: 0.365, gp: 0.180

[Rank 0] (epoch: 14, iters: 14976, time: 0.001, data: 0.001) , D_A: 0.140, G_A: 0.965, cycle_A: 0.384, D_B: 0.185, G_B: 0.995, cycle_B: 0.359, gp: 0.181

[Rank 0] (epoch: 14, iters: 16576, time: 0.001, data: 0.001) , D_A: 0.096, G_A: 1.005, cycle_A: 0.372, D_B: 0.144, G_B: 0.966, cycle_B: 0.365, gp: 0.141

[Rank 0] (epoch: 14, iters: 18176, time: 0.001, data: 0.001) , D_A: 0.173, G_A: 0.997, cycle_A: 0.395, D_B: 0.190, G_B: 0.984, cycle_B: 0.344, gp: 0.186

[Rank 0] (epoch: 14, iters: 19776, time: 0.001, data: 0.001) , D_A: 0.169, G_A: 0.955, cycle_A: 0.407, D_B: 0.260, G_B: 0.936, cycle_B: 0.370, gp: 0.255

[Rank 0] (epoch: 14, iters: 21376, time: 0.001, data: 0.001) , D_A: 0.202, G_A: 0.972, cycle_A: 0.375, D_B: 0.140, G_B: 0.946, cycle_B: 0.370, gp: 0.136

[Rank 0] (epoch: 14, iters: 22976, time: 0.001, data: 0.001) , D_A: 0.192, G_A: 0.952, cycle_A: 0.401, D_B: 0.140, G_B: 1.003, cycle_B: 0.364, gp: 0.136

[Rank 0] (epoch: 14, iters: 24576, time: 0.001, data: 0.001) , D_A: 0.175, G_A: 0.996, cycle_A: 0.386, D_B: 0.285, G_B: 0.941, cycle_B: 0.358, gp: 0.281

[Rank 0] (epoch: 14, iters: 26176, time: 0.001, data: 0.001) , D_A: 0.207, G_A: 0.991, cycle_A: 0.380, D_B: 0.247, G_B: 1.011, cycle_B: 0.367, gp: 0.244

[Rank 0] (epoch: 14, iters: 27776, time: 0.001, data: 0.001) , D_A: 0.137, G_A: 1.008, cycle_A: 0.393, D_B: 0.183, G_B: 1.003, cycle_B: 0.364, gp: 0.179

[Rank 0] (epoch: 14, iters: 29376, time: 0.001, data: 0.001) , D_A: 1.216, G_A: 0.195, cycle_A: 0.385, D_B: 0.202, G_B: 0.986, cycle_B: 0.358, gp: 0.199

[Rank 0] (epoch: 14, iters: 30976, time: 0.001, data: 0.001) , D_A: 0.460, G_A: 0.486, cycle_A: 0.388, D_B: 0.202, G_B: 0.973, cycle_B: 0.407, gp: 0.200

[Rank 0] (epoch: 14, iters: 32576, time: 0.001, data: 0.001) , D_A: 0.223, G_A: 0.890, cycle_A: 0.389, D_B: 0.223, G_B: 1.031, cycle_B: 0.426, gp: 0.220

--- iter tau=0.3262 ---
  cipher in : harcoal in broiler is reaching glowing coal stage mustard cream 
  decrypted : ael be shcsflbh  lshasl e ahcdsd bdhcds be sated skuatelis l eks
  real plain: d be allowed to operate only where the public has a great stake 
  cipher in : was to carve out his name with bullets alongside those of jesse 
  decrypted : deastbs ele sbutsahascek sdhtasfu   tase bcdahi staba sbase aa s
  real plain: gshot of joyce entering the suds then bursting above the pools s
[Rank 0] (epoch: 14, iters: 34176, time: 0.001, data: 0.001) , D_A: 0.219, G_A: 0.970, cycle_A: 0.379, D_B: 0.276, G_B: 1.003, cycle_B: 0.392, gp: 0.272

saving the latest model (epoch 14, total_iters 560000)
[Rank 0] (epoch: 14, iters: 35776, time: 0.001, data: 0.001) , D_A: 0.165, G_A: 0.948, cycle_A: 0.377, D_B: 0.243, G_B: 0.992, cycle_B: 0.365, gp: 0.240

[Rank 0] (epoch: 14, iters: 37376, time: 0.001, data: 0.001) , D_A: 0.201, G_A: 1.008, cycle_A: 0.385, D_B: 0.263, G_B: 0.957, cycle_B: 0.384, gp: 0.260

[Rank 0] (epoch: 14, iters: 38976, time: 0.001, data: 0.001) , D_A: 0.205, G_A: 0.954, cycle_A: 0.430, D_B: 0.195, G_B: 0.917, cycle_B: 0.387, gp: 0.188

learning rate 0.0002000 -> 0.0002000
temperature tau = 0.3157
End of epoch 14 / 50 	 Time Taken: 33 sec
[Rank 0] (epoch: 15, iters: 128, time: 0.001, data: 0.001) , D_A: 0.241, G_A: 1.006, cycle_A: 0.411, D_B: 0.240, G_B: 0.951, cycle_B: 0.365, gp: 0.235

[Rank 0] (epoch: 15, iters: 1728, time: 0.001, data: 0.001) , D_A: 0.134, G_A: 0.950, cycle_A: 0.393, D_B: 0.136, G_B: 1.032, cycle_B: 0.373, gp: 0.132

[Rank 0] (epoch: 15, iters: 3328, time: 0.001, data: 0.001) , D_A: 0.178, G_A: 0.987, cycle_A: 0.385, D_B: 0.153, G_B: 1.020, cycle_B: 0.380, gp: 0.150

[Rank 0] (epoch: 15, iters: 4928, time: 0.001, data: 0.001) , D_A: 0.268, G_A: 1.008, cycle_A: 0.406, D_B: 0.143, G_B: 1.043, cycle_B: 0.395, gp: 0.138

[Rank 0] (epoch: 15, iters: 6528, time: 0.001, data: 0.001) , D_A: 0.168, G_A: 1.010, cycle_A: 0.371, D_B: 0.157, G_B: 0.945, cycle_B: 0.377, gp: 0.152

[Rank 0] (epoch: 15, iters: 8128, time: 0.001, data: 0.001) , D_A: 0.204, G_A: 1.021, cycle_A: 0.396, D_B: 0.212, G_B: 1.016, cycle_B: 0.357, gp: 0.209

[Rank 0] (epoch: 15, iters: 9728, time: 0.001, data: 0.001) , D_A: 0.282, G_A: 1.014, cycle_A: 0.387, D_B: 0.197, G_B: 1.054, cycle_B: 0.378, gp: 0.194

[Rank 0] (epoch: 15, iters: 11328, time: 0.001, data: 0.001) , D_A: 0.144, G_A: 1.000, cycle_A: 0.387, D_B: 0.209, G_B: 0.962, cycle_B: 0.372, gp: 0.206

[Rank 0] (epoch: 15, iters: 12928, time: 0.001, data: 0.001) , D_A: 0.190, G_A: 0.943, cycle_A: 0.375, D_B: 0.224, G_B: 1.036, cycle_B: 0.379, gp: 0.220

[Rank 0] (epoch: 15, iters: 14528, time: 0.001, data: 0.001) , D_A: 0.174, G_A: 0.982, cycle_A: 0.381, D_B: 0.165, G_B: 0.999, cycle_B: 0.366, gp: 0.160

[Rank 0] (epoch: 15, iters: 16128, time: 0.001, data: 0.001) , D_A: 0.094, G_A: 0.984, cycle_A: 0.405, D_B: 0.147, G_B: 1.001, cycle_B: 0.363, gp: 0.143

[Rank 0] (epoch: 15, iters: 17728, time: 0.001, data: 0.001) , D_A: 0.197, G_A: 0.976, cycle_A: 0.399, D_B: 0.195, G_B: 0.961, cycle_B: 0.365, gp: 0.192

[Rank 0] (epoch: 15, iters: 19328, time: 0.001, data: 0.001) , D_A: 0.163, G_A: 0.986, cycle_A: 0.394, D_B: 0.222, G_B: 0.962, cycle_B: 0.360, gp: 0.219

[Rank 0] (epoch: 15, iters: 20928, time: 0.001, data: 0.001) , D_A: 0.209, G_A: 1.034, cycle_A: 0.376, D_B: 0.169, G_B: 0.965, cycle_B: 0.374, gp: 0.167

[Rank 0] (epoch: 15, iters: 22528, time: 0.001, data: 0.001) , D_A: 0.171, G_A: 0.953, cycle_A: 0.403, D_B: 0.152, G_B: 0.976, cycle_B: 0.369, gp: 0.148

[Rank 0] (epoch: 15, iters: 24128, time: 0.001, data: 0.001) , D_A: 0.123, G_A: 1.027, cycle_A: 0.407, D_B: 0.222, G_B: 1.012, cycle_B: 0.361, gp: 0.218

[Rank 0] (epoch: 15, iters: 25728, time: 0.001, data: 0.001) , D_A: 0.227, G_A: 1.001, cycle_A: 0.415, D_B: 0.131, G_B: 1.091, cycle_B: 0.370, gp: 0.124

[Rank 0] (epoch: 15, iters: 27328, time: 0.001, data: 0.001) , D_A: 0.223, G_A: 0.971, cycle_A: 0.401, D_B: 0.136, G_B: 1.003, cycle_B: 0.359, gp: 0.132

[Rank 0] (epoch: 15, iters: 28928, time: 0.001, data: 0.001) , D_A: 0.141, G_A: 0.941, cycle_A: 0.386, D_B: 0.201, G_B: 0.937, cycle_B: 0.391, gp: 0.197

[Rank 0] (epoch: 15, iters: 30528, time: 0.001, data: 0.001) , D_A: 0.252, G_A: 0.972, cycle_A: 0.394, D_B: 0.236, G_B: 1.004, cycle_B: 0.349, gp: 0.233

[Rank 0] (epoch: 15, iters: 32128, time: 0.001, data: 0.001) , D_A: 0.194, G_A: 0.976, cycle_A: 0.376, D_B: 0.186, G_B: 0.988, cycle_B: 0.340, gp: 0.183

--- iter tau=0.3157 ---
  cipher in : licy erupts for the first time there is little optimism here tha
  decrypted :  h go luptaoablota oahlatothk ota l ohao htt  obpthkhakoa l otae
  real plain: the following thesis the only tenable alternative to bultmanns p
  cipher in : e canaverals achievements thunder forth from the radio televisio
  decrypted :  o eree le aoe ah e k rtaotauri loabltaoalbkota oleihbot   ehahb
  real plain: gan to rise in alexs well exercised breast the doctor was wearin
[Rank 0] (epoch: 15, iters: 33728, time: 0.001, data: 0.001) , D_A: 0.193, G_A: 0.977, cycle_A: 0.395, D_B: 0.090, G_B: 0.952, cycle_B: 0.361, gp: 0.088

saving the latest model (epoch 15, total_iters 600000)
[Rank 0] (epoch: 15, iters: 35328, time: 0.001, data: 0.001) , D_A: 0.189, G_A: 0.988, cycle_A: 0.388, D_B: 0.235, G_B: 1.026, cycle_B: 0.359, gp: 0.231

[Rank 0] (epoch: 15, iters: 36928, time: 0.001, data: 0.001) , D_A: 0.142, G_A: 1.009, cycle_A: 0.392, D_B: 0.192, G_B: 1.026, cycle_B: 0.382, gp: 0.190

[Rank 0] (epoch: 15, iters: 38528, time: 0.001, data: 0.001) , D_A: 0.184, G_A: 1.032, cycle_A: 0.381, D_B: 0.219, G_B: 0.969, cycle_B: 0.361, gp: 0.214

[Rank 0] (epoch: 15, iters: 40128, time: 0.001, data: 0.001) , D_A: 0.149, G_A: 0.995, cycle_A: 0.398, D_B: 0.187, G_B: 1.003, cycle_B: 0.372, gp: 0.183

learning rate 0.0002000 -> 0.0002000
temperature tau = 0.3055
End of epoch 15 / 50 	 Time Taken: 33 sec
[Rank 0] (epoch: 16, iters: 1280, time: 0.001, data: 0.001) , D_A: 0.122, G_A: 0.986, cycle_A: 0.398, D_B: 0.306, G_B: 0.882, cycle_B: 0.368, gp: 0.297

[Rank 0] (epoch: 16, iters: 2880, time: 0.001, data: 0.001) , D_A: 0.241, G_A: 1.015, cycle_A: 0.373, D_B: 0.181, G_B: 0.981, cycle_B: 0.369, gp: 0.176

[Rank 0] (epoch: 16, iters: 4480, time: 0.001, data: 0.001) , D_A: 0.203, G_A: 1.016, cycle_A: 0.360, D_B: 0.137, G_B: 1.000, cycle_B: 0.354, gp: 0.134

[Rank 0] (epoch: 16, iters: 6080, time: 0.001, data: 0.001) , D_A: 0.178, G_A: 0.957, cycle_A: 0.378, D_B: 0.149, G_B: 0.991, cycle_B: 0.366, gp: 0.145

[Rank 0] (epoch: 16, iters: 7680, time: 0.001, data: 0.001) , D_A: 0.169, G_A: 0.992, cycle_A: 0.390, D_B: 0.257, G_B: 0.986, cycle_B: 0.354, gp: 0.254

[Rank 0] (epoch: 16, iters: 9280, time: 0.001, data: 0.001) , D_A: 0.184, G_A: 1.041, cycle_A: 0.419, D_B: 0.259, G_B: 0.983, cycle_B: 0.377, gp: 0.255

[Rank 0] (epoch: 16, iters: 10880, time: 0.001, data: 0.001) , D_A: 0.219, G_A: 1.045, cycle_A: 0.415, D_B: 0.191, G_B: 1.020, cycle_B: 0.362, gp: 0.188

[Rank 0] (epoch: 16, iters: 12480, time: 0.001, data: 0.001) , D_A: 0.249, G_A: 0.932, cycle_A: 0.381, D_B: 0.173, G_B: 0.963, cycle_B: 0.367, gp: 0.169

[Rank 0] (epoch: 16, iters: 14080, time: 0.001, data: 0.001) , D_A: 0.262, G_A: 0.956, cycle_A: 0.394, D_B: 0.224, G_B: 1.001, cycle_B: 0.370, gp: 0.220

[Rank 0] (epoch: 16, iters: 15680, time: 0.001, data: 0.001) , D_A: 0.139, G_A: 1.004, cycle_A: 0.384, D_B: 0.140, G_B: 1.006, cycle_B: 0.372, gp: 0.138

[Rank 0] (epoch: 16, iters: 17280, time: 0.001, data: 0.001) , D_A: 0.263, G_A: 1.032, cycle_A: 0.389, D_B: 0.175, G_B: 1.003, cycle_B: 0.368, gp: 0.173

[Rank 0] (epoch: 16, iters: 18880, time: 0.001, data: 0.001) , D_A: 0.212, G_A: 0.998, cycle_A: 0.380, D_B: 0.148, G_B: 0.989, cycle_B: 0.353, gp: 0.146

[Rank 0] (epoch: 16, iters: 20480, time: 0.001, data: 0.001) , D_A: 0.176, G_A: 1.003, cycle_A: 0.392, D_B: 0.219, G_B: 0.971, cycle_B: 0.364, gp: 0.216

[Rank 0] (epoch: 16, iters: 22080, time: 0.001, data: 0.001) , D_A: 0.251, G_A: 1.056, cycle_A: 0.395, D_B: 0.184, G_B: 0.973, cycle_B: 0.369, gp: 0.182

[Rank 0] (epoch: 16, iters: 23680, time: 0.001, data: 0.001) , D_A: 0.257, G_A: 0.997, cycle_A: 0.384, D_B: 0.202, G_B: 0.994, cycle_B: 0.366, gp: 0.199

[Rank 0] (epoch: 16, iters: 25280, time: 0.001, data: 0.001) , D_A: 0.163, G_A: 1.128, cycle_A: 0.400, D_B: 0.213, G_B: 1.002, cycle_B: 0.389, gp: 0.209

[Rank 0] (epoch: 16, iters: 26880, time: 0.001, data: 0.001) , D_A: 0.226, G_A: 0.933, cycle_A: 0.377, D_B: 0.177, G_B: 0.988, cycle_B: 0.372, gp: 0.174

[Rank 0] (epoch: 16, iters: 28480, time: 0.001, data: 0.001) , D_A: 0.194, G_A: 0.991, cycle_A: 0.389, D_B: 0.222, G_B: 0.956, cycle_B: 0.361, gp: 0.219

[Rank 0] (epoch: 16, iters: 30080, time: 0.001, data: 0.001) , D_A: 0.189, G_A: 1.024, cycle_A: 0.381, D_B: 0.162, G_B: 1.003, cycle_B: 0.362, gp: 0.158

[Rank 0] (epoch: 16, iters: 31680, time: 0.001, data: 0.001) , D_A: 0.332, G_A: 0.980, cycle_A: 0.409, D_B: 0.177, G_B: 1.016, cycle_B: 0.367, gp: 0.174

--- iter tau=0.3055 ---
  cipher in : however there is a crucial difference between the two histories 
  decrypted : amd e lsta l shases lu he sihaa l r  sf td  rsta stdmsahatmlh as
  real plain: nemics is much more confusing to the beginning analyst than cons
  cipher in :  our species promises coexistence and the next day it threatens 
  decrypted : smulsap  h asplmkha as m ohat r  serista sr otsiegshtstal et ras
  real plain:  other hand a similar attack might have been made on city b whos
[Rank 0] (epoch: 16, iters: 33280, time: 0.001, data: 0.001) , D_A: 0.222, G_A: 1.001, cycle_A: 0.397, D_B: 0.195, G_B: 1.014, cycle_B: 0.370, gp: 0.192

saving the latest model (epoch 16, total_iters 640000)
[Rank 0] (epoch: 16, iters: 34880, time: 0.001, data: 0.001) , D_A: 0.225, G_A: 0.998, cycle_A: 0.384, D_B: 0.184, G_B: 0.981, cycle_B: 0.361, gp: 0.180

[Rank 0] (epoch: 16, iters: 36480, time: 0.001, data: 0.001) , D_A: 0.190, G_A: 1.003, cycle_A: 0.397, D_B: 0.215, G_B: 0.992, cycle_B: 0.354, gp: 0.212

[Rank 0] (epoch: 16, iters: 38080, time: 0.001, data: 0.001) , D_A: 0.082, G_A: 1.006, cycle_A: 0.386, D_B: 0.206, G_B: 0.983, cycle_B: 0.366, gp: 0.202

[Rank 0] (epoch: 16, iters: 39680, time: 0.001, data: 0.001) , D_A: 0.174, G_A: 0.996, cycle_A: 0.388, D_B: 0.183, G_B: 0.997, cycle_B: 0.368, gp: 0.180

learning rate 0.0002000 -> 0.0002000
temperature tau = 0.2956
End of epoch 16 / 50 	 Time Taken: 33 sec
[Rank 0] (epoch: 17, iters: 832, time: 0.001, data: 0.001) , D_A: 0.191, G_A: 0.984, cycle_A: 0.393, D_B: 0.181, G_B: 0.981, cycle_B: 0.355, gp: 0.177

[Rank 0] (epoch: 17, iters: 2432, time: 0.001, data: 0.000) , D_A: 0.235, G_A: 0.980, cycle_A: 0.375, D_B: 0.130, G_B: 0.994, cycle_B: 0.388, gp: 0.126

[Rank 0] (epoch: 17, iters: 4032, time: 0.001, data: 0.001) , D_A: 0.187, G_A: 0.911, cycle_A: 0.375, D_B: 0.147, G_B: 1.001, cycle_B: 0.366, gp: 0.145

[Rank 0] (epoch: 17, iters: 5632, time: 0.001, data: 0.001) , D_A: 0.184, G_A: 0.994, cycle_A: 0.393, D_B: 0.200, G_B: 0.989, cycle_B: 0.377, gp: 0.198

[Rank 0] (epoch: 17, iters: 7232, time: 0.001, data: 0.001) , D_A: 0.183, G_A: 1.022, cycle_A: 0.390, D_B: 0.202, G_B: 1.018, cycle_B: 0.357, gp: 0.199

[Rank 0] (epoch: 17, iters: 8832, time: 0.001, data: 0.001) , D_A: 0.174, G_A: 1.018, cycle_A: 0.396, D_B: 0.202, G_B: 1.023, cycle_B: 0.384, gp: 0.199

[Rank 0] (epoch: 17, iters: 10432, time: 0.001, data: 0.001) , D_A: 0.195, G_A: 1.001, cycle_A: 0.387, D_B: 0.187, G_B: 1.031, cycle_B: 0.368, gp: 0.184

[Rank 0] (epoch: 17, iters: 12032, time: 0.001, data: 0.001) , D_A: 0.152, G_A: 0.959, cycle_A: 0.397, D_B: 0.147, G_B: 0.970, cycle_B: 0.380, gp: 0.144

[Rank 0] (epoch: 17, iters: 13632, time: 0.001, data: 0.001) , D_A: 0.220, G_A: 0.969, cycle_A: 0.406, D_B: 0.250, G_B: 0.923, cycle_B: 0.362, gp: 0.246

[Rank 0] (epoch: 17, iters: 15232, time: 0.001, data: 0.001) , D_A: 0.295, G_A: 0.942, cycle_A: 0.398, D_B: 0.222, G_B: 0.888, cycle_B: 0.357, gp: 0.218

[Rank 0] (epoch: 17, iters: 16832, time: 0.001, data: 0.001) , D_A: 0.192, G_A: 0.995, cycle_A: 0.386, D_B: 0.227, G_B: 0.869, cycle_B: 0.369, gp: 0.222

[Rank 0] (epoch: 17, iters: 18432, time: 0.001, data: 0.001) , D_A: 0.157, G_A: 1.013, cycle_A: 0.382, D_B: 0.196, G_B: 1.029, cycle_B: 0.342, gp: 0.193

[Rank 0] (epoch: 17, iters: 20032, time: 0.001, data: 0.001) , D_A: 0.126, G_A: 1.005, cycle_A: 0.394, D_B: 0.139, G_B: 1.008, cycle_B: 0.367, gp: 0.136

[Rank 0] (epoch: 17, iters: 21632, time: 0.001, data: 0.001) , D_A: 0.251, G_A: 0.995, cycle_A: 0.383, D_B: 0.264, G_B: 0.998, cycle_B: 0.358, gp: 0.261

[Rank 0] (epoch: 17, iters: 23232, time: 0.001, data: 0.001) , D_A: 0.153, G_A: 0.971, cycle_A: 0.375, D_B: 0.125, G_B: 0.985, cycle_B: 0.368, gp: 0.123

[Rank 0] (epoch: 17, iters: 24832, time: 0.001, data: 0.001) , D_A: 0.164, G_A: 0.998, cycle_A: 0.411, D_B: 0.127, G_B: 1.141, cycle_B: 0.364, gp: 0.118

[Rank 0] (epoch: 17, iters: 26432, time: 0.001, data: 0.001) , D_A: 0.159, G_A: 0.980, cycle_A: 0.404, D_B: 0.203, G_B: 0.983, cycle_B: 0.373, gp: 0.200

[Rank 0] (epoch: 17, iters: 28032, time: 0.001, data: 0.001) , D_A: 0.130, G_A: 0.970, cycle_A: 0.392, D_B: 0.207, G_B: 0.977, cycle_B: 0.363, gp: 0.204

[Rank 0] (epoch: 17, iters: 29632, time: 0.001, data: 0.001) , D_A: 0.213, G_A: 0.967, cycle_A: 0.377, D_B: 0.155, G_B: 0.923, cycle_B: 0.368, gp: 0.151

[Rank 0] (epoch: 17, iters: 31232, time: 0.001, data: 0.001) , D_A: 0.228, G_A: 0.965, cycle_A: 0.405, D_B: 0.236, G_B: 1.010, cycle_B: 0.372, gp: 0.234

--- iter tau=0.2956 ---
  cipher in : picture has been commented upon often enough it would seem to re
  decrypted : ph tul oaeaof  ro yvv rt ioupyroyat ro ryudaohtodyu ioa  votyol 
  real plain: nemics is much more confusing to the beginning analyst than cons
  cipher in : uses i myself have identified about sixty sites from the old map
  decrypted : ua aohovga  aoaee ohi rthah ioefyutoahotgoaht aoalyvota oy iovep
  real plain:  other hand a similar attack might have been made on city b whos
[Rank 0] (epoch: 17, iters: 32832, time: 0.001, data: 0.001) , D_A: 0.223, G_A: 1.011, cycle_A: 0.388, D_B: 0.224, G_B: 1.025, cycle_B: 0.370, gp: 0.220

saving the latest model (epoch 17, total_iters 680000)
[Rank 0] (epoch: 17, iters: 34432, time: 0.001, data: 0.001) , D_A: 0.330, G_A: 1.019, cycle_A: 0.367, D_B: 0.146, G_B: 0.994, cycle_B: 0.386, gp: 0.143

[Rank 0] (epoch: 17, iters: 36032, time: 0.001, data: 0.001) , D_A: 0.174, G_A: 0.977, cycle_A: 0.403, D_B: 0.133, G_B: 0.984, cycle_B: 0.364, gp: 0.130

[Rank 0] (epoch: 17, iters: 37632, time: 0.001, data: 0.001) , D_A: 0.188, G_A: 1.046, cycle_A: 0.401, D_B: 0.223, G_B: 1.015, cycle_B: 0.356, gp: 0.221

[Rank 0] (epoch: 17, iters: 39232, time: 0.001, data: 0.001) , D_A: 0.164, G_A: 1.093, cycle_A: 0.381, D_B: 0.261, G_B: 0.981, cycle_B: 0.386, gp: 0.258

learning rate 0.0002000 -> 0.0002000
temperature tau = 0.2861
End of epoch 17 / 50 	 Time Taken: 33 sec
[Rank 0] (epoch: 18, iters: 384, time: 0.001, data: 0.001) , D_A: 0.200, G_A: 1.026, cycle_A: 0.395, D_B: 0.160, G_B: 1.003, cycle_B: 0.365, gp: 0.155

[Rank 0] (epoch: 18, iters: 1984, time: 0.001, data: 0.002) , D_A: 0.195, G_A: 0.793, cycle_A: 0.401, D_B: 0.219, G_B: 1.014, cycle_B: 0.374, gp: 0.216

[Rank 0] (epoch: 18, iters: 3584, time: 0.001, data: 0.001) , D_A: 0.129, G_A: 0.971, cycle_A: 0.381, D_B: 0.224, G_B: 0.977, cycle_B: 0.377, gp: 0.221

[Rank 0] (epoch: 18, iters: 5184, time: 0.001, data: 0.001) , D_A: 0.163, G_A: 1.043, cycle_A: 0.404, D_B: 0.130, G_B: 0.998, cycle_B: 0.377, gp: 0.127

[Rank 0] (epoch: 18, iters: 6784, time: 0.001, data: 0.001) , D_A: 0.187, G_A: 0.984, cycle_A: 0.384, D_B: 0.200, G_B: 1.006, cycle_B: 0.347, gp: 0.198

[Rank 0] (epoch: 18, iters: 8384, time: 0.001, data: 0.001) , D_A: 0.196, G_A: 1.060, cycle_A: 0.372, D_B: 0.145, G_B: 1.023, cycle_B: 0.365, gp: 0.143

[Rank 0] (epoch: 18, iters: 9984, time: 0.001, data: 0.001) , D_A: 0.174, G_A: 0.982, cycle_A: 0.396, D_B: 0.157, G_B: 0.933, cycle_B: 0.365, gp: 0.154

[Rank 0] (epoch: 18, iters: 11584, time: 0.001, data: 0.001) , D_A: 0.194, G_A: 0.914, cycle_A: 0.378, D_B: 0.130, G_B: 0.962, cycle_B: 0.371, gp: 0.127

[Rank 0] (epoch: 18, iters: 13184, time: 0.001, data: 0.001) , D_A: 0.171, G_A: 0.947, cycle_A: 0.390, D_B: 0.168, G_B: 0.962, cycle_B: 0.373, gp: 0.165

[Rank 0] (epoch: 18, iters: 14784, time: 0.001, data: 0.001) , D_A: 0.149, G_A: 0.993, cycle_A: 0.380, D_B: 0.145, G_B: 1.028, cycle_B: 0.362, gp: 0.143

[Rank 0] (epoch: 18, iters: 16384, time: 0.001, data: 0.001) , D_A: 0.236, G_A: 1.071, cycle_A: 0.379, D_B: 0.155, G_B: 1.003, cycle_B: 0.359, gp: 0.153

[Rank 0] (epoch: 18, iters: 17984, time: 0.001, data: 0.001) , D_A: 0.141, G_A: 1.045, cycle_A: 0.379, D_B: 0.230, G_B: 0.971, cycle_B: 0.349, gp: 0.227

[Rank 0] (epoch: 18, iters: 19584, time: 0.001, data: 0.001) , D_A: 0.100, G_A: 1.082, cycle_A: 0.389, D_B: 0.288, G_B: 1.007, cycle_B: 0.361, gp: 0.285

[Rank 0] (epoch: 18, iters: 21184, time: 0.001, data: 0.001) , D_A: 0.143, G_A: 1.015, cycle_A: 0.390, D_B: 0.260, G_B: 1.034, cycle_B: 0.360, gp: 0.256

[Rank 0] (epoch: 18, iters: 22784, time: 0.001, data: 0.001) , D_A: 0.237, G_A: 1.030, cycle_A: 0.387, D_B: 0.173, G_B: 1.013, cycle_B: 0.365, gp: 0.170

[Rank 0] (epoch: 18, iters: 24384, time: 0.001, data: 0.001) , D_A: 0.151, G_A: 0.975, cycle_A: 0.387, D_B: 0.219, G_B: 1.031, cycle_B: 0.358, gp: 0.216

[Rank 0] (epoch: 18, iters: 25984, time: 0.001, data: 0.001) , D_A: 0.154, G_A: 1.030, cycle_A: 0.385, D_B: 0.236, G_B: 0.984, cycle_B: 0.364, gp: 0.233

[Rank 0] (epoch: 18, iters: 27584, time: 0.001, data: 0.001) , D_A: 0.261, G_A: 1.002, cycle_A: 0.383, D_B: 0.254, G_B: 0.630, cycle_B: 0.355, gp: 0.234

[Rank 0] (epoch: 18, iters: 29184, time: 0.001, data: 0.001) , D_A: 0.792, G_A: 0.187, cycle_A: 0.381, D_B: 0.174, G_B: 1.037, cycle_B: 0.386, gp: 0.172

[Rank 0] (epoch: 18, iters: 30784, time: 0.001, data: 0.001) , D_A: 0.434, G_A: 1.139, cycle_A: 0.725, D_B: 0.323, G_B: 1.053, cycle_B: 1.090, gp: 0.314

--- iter tau=0.2861 ---
  cipher in :  than two decades after that england had no legitimate public dr
  decrypted : staecstabsi  ei aseot lstaets cd ecisaeiscbs  dotoket spug o sil
  real plain: a common workshop tool also owes much to j r brown although mr b
  cipher in :  these are a great aid for planning use back at the office for s
  decrypted : sta a sel sesdl etseoisoblsp eccocdsua sge dsetsta sbooo  soblsa
  real plain: ent in the present felix proclaimed for the future is there any 
[Rank 0] (epoch: 18, iters: 32384, time: 0.001, data: 0.001) , D_A: 0.293, G_A: 1.008, cycle_A: 0.487, D_B: 0.215, G_B: 0.894, cycle_B: 0.563, gp: 0.205

saving the latest model (epoch 18, total_iters 720000)
[Rank 0] (epoch: 18, iters: 33984, time: 0.001, data: 0.001) , D_A: 0.240, G_A: 0.937, cycle_A: 0.478, D_B: 0.199, G_B: 0.912, cycle_B: 0.356, gp: 0.192

[Rank 0] (epoch: 18, iters: 35584, time: 0.001, data: 0.001) , D_A: 0.413, G_A: 0.887, cycle_A: 0.437, D_B: 0.237, G_B: 1.005, cycle_B: 0.294, gp: 0.234

[Rank 0] (epoch: 18, iters: 37184, time: 0.001, data: 0.001) , D_A: 0.164, G_A: 1.022, cycle_A: 0.430, D_B: 0.151, G_B: 0.979, cycle_B: 0.280, gp: 0.147

[Rank 0] (epoch: 18, iters: 38784, time: 0.001, data: 0.001) , D_A: 0.312, G_A: 1.091, cycle_A: 0.424, D_B: 0.233, G_B: 0.990, cycle_B: 0.292, gp: 0.230

[Rank 0] (epoch: 18, iters: 40384, time: 0.001, data: 0.001) , D_A: 0.266, G_A: 0.931, cycle_A: 0.441, D_B: 0.218, G_B: 0.933, cycle_B: 0.307, gp: 0.216

learning rate 0.0002000 -> 0.0002000
temperature tau = 0.2768
End of epoch 18 / 50 	 Time Taken: 33 sec
[Rank 0] (epoch: 19, iters: 1536, time: 0.001, data: 0.000) , D_A: 0.280, G_A: 0.938, cycle_A: 0.432, D_B: 0.167, G_B: 0.962, cycle_B: 0.285, gp: 0.163

[Rank 0] (epoch: 19, iters: 3136, time: 0.001, data: 0.001) , D_A: 0.303, G_A: 0.923, cycle_A: 0.426, D_B: 0.159, G_B: 0.954, cycle_B: 0.282, gp: 0.154

[Rank 0] (epoch: 19, iters: 4736, time: 0.001, data: 0.001) , D_A: 0.218, G_A: 1.025, cycle_A: 0.426, D_B: 0.315, G_B: 0.974, cycle_B: 0.285, gp: 0.311

[Rank 0] (epoch: 19, iters: 6336, time: 0.001, data: 0.001) , D_A: 0.239, G_A: 0.944, cycle_A: 0.437, D_B: 0.163, G_B: 1.029, cycle_B: 0.280, gp: 0.161

[Rank 0] (epoch: 19, iters: 7936, time: 0.001, data: 0.001) , D_A: 0.203, G_A: 1.006, cycle_A: 0.420, D_B: 0.222, G_B: 0.974, cycle_B: 0.278, gp: 0.219

[Rank 0] (epoch: 19, iters: 9536, time: 0.001, data: 0.001) , D_A: 0.290, G_A: 0.972, cycle_A: 0.418, D_B: 0.221, G_B: 0.990, cycle_B: 0.281, gp: 0.219

[Rank 0] (epoch: 19, iters: 11136, time: 0.001, data: 0.001) , D_A: 0.180, G_A: 0.982, cycle_A: 0.427, D_B: 0.219, G_B: 1.042, cycle_B: 0.274, gp: 0.215

[Rank 0] (epoch: 19, iters: 12736, time: 0.001, data: 0.001) , D_A: 0.201, G_A: 0.984, cycle_A: 0.438, D_B: 0.256, G_B: 0.810, cycle_B: 0.268, gp: 0.249

[Rank 0] (epoch: 19, iters: 14336, time: 0.001, data: 0.001) , D_A: 0.144, G_A: 0.967, cycle_A: 0.447, D_B: 0.208, G_B: 1.015, cycle_B: 0.284, gp: 0.205

[Rank 0] (epoch: 19, iters: 15936, time: 0.001, data: 0.001) , D_A: 0.190, G_A: 0.987, cycle_A: 0.432, D_B: 0.209, G_B: 1.027, cycle_B: 0.283, gp: 0.205

[Rank 0] (epoch: 19, iters: 17536, time: 0.001, data: 0.001) , D_A: 0.205, G_A: 0.999, cycle_A: 0.422, D_B: 0.188, G_B: 0.975, cycle_B: 0.274, gp: 0.185

[Rank 0] (epoch: 19, iters: 19136, time: 0.001, data: 0.001) , D_A: 0.144, G_A: 0.971, cycle_A: 0.442, D_B: 0.173, G_B: 1.004, cycle_B: 0.272, gp: 0.171

[Rank 0] (epoch: 19, iters: 20736, time: 0.001, data: 0.001) , D_A: 0.220, G_A: 0.974, cycle_A: 0.414, D_B: 0.150, G_B: 1.067, cycle_B: 0.268, gp: 0.147

[Rank 0] (epoch: 19, iters: 22336, time: 0.001, data: 0.001) , D_A: 0.315, G_A: 0.915, cycle_A: 0.430, D_B: 0.164, G_B: 0.909, cycle_B: 0.276, gp: 0.162

[Rank 0] (epoch: 19, iters: 23936, time: 0.001, data: 0.001) , D_A: 0.271, G_A: 0.851, cycle_A: 0.436, D_B: 0.268, G_B: 1.003, cycle_B: 0.263, gp: 0.265

[Rank 0] (epoch: 19, iters: 25536, time: 0.001, data: 0.001) , D_A: 0.227, G_A: 0.965, cycle_A: 0.430, D_B: 0.144, G_B: 0.989, cycle_B: 0.275, gp: 0.141

[Rank 0] (epoch: 19, iters: 27136, time: 0.001, data: 0.001) , D_A: 0.169, G_A: 1.007, cycle_A: 0.446, D_B: 0.271, G_B: 0.971, cycle_B: 0.274, gp: 0.269

[Rank 0] (epoch: 19, iters: 28736, time: 0.001, data: 0.001) , D_A: 0.209, G_A: 0.961, cycle_A: 0.433, D_B: 0.182, G_B: 0.995, cycle_B: 0.279, gp: 0.179

[Rank 0] (epoch: 19, iters: 30336, time: 0.001, data: 0.001) , D_A: 0.175, G_A: 0.943, cycle_A: 0.440, D_B: 0.201, G_B: 0.978, cycle_B: 0.268, gp: 0.198

--- iter tau=0.2768 ---
  cipher in :  shaping up nicely in his mind the young pioneer as of old altru
  decrypted : saaepordsupsro   osorsaoaskorista somurdspomr  lseasmosm ise tlu
  real plain: barbed wire trip wires to thwart a cavalry charge which presaged
  cipher in :  and we even owe on them and well be poor and have to live in a 
  decrypted : serisa s e rsma smrsta kserisa   sh spmmlserisaee stms oe sorses
  real plain: aware is the bel canto of love and although i have always liked 
[Rank 0] (epoch: 19, iters: 31936, time: 0.001, data: 0.001) , D_A: 0.169, G_A: 0.977, cycle_A: 0.443, D_B: 0.155, G_B: 0.994, cycle_B: 0.257, gp: 0.152

saving the latest model (epoch 19, total_iters 760000)
[Rank 0] (epoch: 19, iters: 33536, time: 0.001, data: 0.001) , D_A: 0.238, G_A: 1.005, cycle_A: 0.426, D_B: 0.158, G_B: 1.005, cycle_B: 0.276, gp: 0.155

[Rank 0] (epoch: 19, iters: 35136, time: 0.001, data: 0.001) , D_A: 0.220, G_A: 0.986, cycle_A: 0.430, D_B: 0.209, G_B: 1.049, cycle_B: 0.274, gp: 0.206

[Rank 0] (epoch: 19, iters: 36736, time: 0.001, data: 0.001) , D_A: 0.186, G_A: 0.998, cycle_A: 0.438, D_B: 0.160, G_B: 0.958, cycle_B: 0.275, gp: 0.157

[Rank 0] (epoch: 19, iters: 38336, time: 0.001, data: 0.001) , D_A: 0.259, G_A: 0.971, cycle_A: 0.423, D_B: 0.096, G_B: 0.985, cycle_B: 0.277, gp: 0.094

[Rank 0] (epoch: 19, iters: 39936, time: 0.001, data: 0.001) , D_A: 0.229, G_A: 0.960, cycle_A: 0.414, D_B: 0.252, G_B: 0.978, cycle_B: 0.278, gp: 0.250

learning rate 0.0002000 -> 0.0002000
temperature tau = 0.2679
End of epoch 19 / 50 	 Time Taken: 33 sec
[Rank 0] (epoch: 20, iters: 1088, time: 0.001, data: 0.001) , D_A: 0.205, G_A: 1.009, cycle_A: 0.429, D_B: 0.227, G_B: 0.980, cycle_B: 0.285, gp: 0.225

[Rank 0] (epoch: 20, iters: 2688, time: 0.001, data: 0.001) , D_A: 0.190, G_A: 0.978, cycle_A: 0.431, D_B: 0.128, G_B: 1.013, cycle_B: 0.270, gp: 0.126

[Rank 0] (epoch: 20, iters: 4288, time: 0.001, data: 0.001) , D_A: 0.270, G_A: 0.914, cycle_A: 0.426, D_B: 0.186, G_B: 0.974, cycle_B: 0.254, gp: 0.183

[Rank 0] (epoch: 20, iters: 5888, time: 0.001, data: 0.001) , D_A: 0.180, G_A: 0.927, cycle_A: 0.420, D_B: 0.173, G_B: 1.020, cycle_B: 0.267, gp: 0.169

[Rank 0] (epoch: 20, iters: 7488, time: 0.001, data: 0.001) , D_A: 0.196, G_A: 0.970, cycle_A: 0.443, D_B: 0.205, G_B: 0.917, cycle_B: 0.262, gp: 0.202

[Rank 0] (epoch: 20, iters: 9088, time: 0.001, data: 0.001) , D_A: 0.219, G_A: 0.966, cycle_A: 0.425, D_B: 0.223, G_B: 0.939, cycle_B: 0.274, gp: 0.221

[Rank 0] (epoch: 20, iters: 10688, time: 0.001, data: 0.001) , D_A: 0.144, G_A: 0.968, cycle_A: 0.531, D_B: 0.187, G_B: 1.024, cycle_B: 0.282, gp: 0.183

[Rank 0] (epoch: 20, iters: 12288, time: 0.001, data: 0.001) , D_A: 0.139, G_A: 1.049, cycle_A: 0.415, D_B: 0.205, G_B: 1.025, cycle_B: 0.279, gp: 0.203

[Rank 0] (epoch: 20, iters: 13888, time: 0.001, data: 0.001) , D_A: 0.202, G_A: 0.950, cycle_A: 0.438, D_B: 0.169, G_B: 1.039, cycle_B: 0.275, gp: 0.166

[Rank 0] (epoch: 20, iters: 15488, time: 0.001, data: 0.001) , D_A: 0.218, G_A: 0.972, cycle_A: 0.422, D_B: 0.306, G_B: 0.949, cycle_B: 0.272, gp: 0.304

[Rank 0] (epoch: 20, iters: 17088, time: 0.001, data: 0.001) , D_A: 0.303, G_A: 0.987, cycle_A: 0.410, D_B: 0.234, G_B: 0.988, cycle_B: 0.432, gp: 0.232

[Rank 0] (epoch: 20, iters: 18688, time: 0.001, data: 0.001) , D_A: 0.262, G_A: 0.959, cycle_A: 0.363, D_B: 0.175, G_B: 0.989, cycle_B: 0.298, gp: 0.173

[Rank 0] (epoch: 20, iters: 20288, time: 0.001, data: 0.001) , D_A: 0.259, G_A: 1.048, cycle_A: 0.372, D_B: 0.172, G_B: 0.983, cycle_B: 0.283, gp: 0.170

[Rank 0] (epoch: 20, iters: 21888, time: 0.001, data: 0.001) , D_A: 0.200, G_A: 0.996, cycle_A: 0.370, D_B: 0.257, G_B: 0.942, cycle_B: 0.291, gp: 0.254

[Rank 0] (epoch: 20, iters: 23488, time: 0.001, data: 0.001) , D_A: 0.251, G_A: 1.038, cycle_A: 0.319, D_B: 0.188, G_B: 1.148, cycle_B: 0.246, gp: 0.182

[Rank 0] (epoch: 20, iters: 25088, time: 0.001, data: 0.001) , D_A: 0.250, G_A: 0.969, cycle_A: 0.325, D_B: 0.180, G_B: 0.992, cycle_B: 0.247, gp: 0.177

[Rank 0] (epoch: 20, iters: 26688, time: 0.001, data: 0.001) , D_A: 0.113, G_A: 0.981, cycle_A: 0.329, D_B: 0.211, G_B: 0.988, cycle_B: 0.261, gp: 0.209

[Rank 0] (epoch: 20, iters: 28288, time: 0.001, data: 0.001) , D_A: 0.203, G_A: 0.992, cycle_A: 0.330, D_B: 0.165, G_B: 1.016, cycle_B: 0.246, gp: 0.163

[Rank 0] (epoch: 20, iters: 29888, time: 0.001, data: 0.001) , D_A: 0.169, G_A: 0.988, cycle_A: 0.318, D_B: 0.205, G_B: 1.042, cycle_B: 0.236, gp: 0.202

--- iter tau=0.2679 ---
  cipher in : most brought it back all the way except for sophomore center mik
  decrypted : kmatshlmudatsotshe dse  sta sdegs g  ptsymlsampamkml s  rt lskod
  real plain: e thanks anyhow a faint crease appeared between the mans eyebrow
  cipher in :  verbal attack on an enemy all western europe would hear and lis
  decrypted : se lhe sette dsmrsers r kgse  sd at lrs ulmp sdmu isa elseris oa
  real plain:  huge tablets engraved with his speeches and promptly dubbed by 
[Rank 0] (epoch: 20, iters: 31488, time: 0.001, data: 0.001) , D_A: 0.179, G_A: 0.986, cycle_A: 0.338, D_B: 0.107, G_B: 1.031, cycle_B: 0.255, gp: 0.105

saving the latest model (epoch 20, total_iters 800000)
[Rank 0] (epoch: 20, iters: 33088, time: 0.001, data: 0.001) , D_A: 0.156, G_A: 0.985, cycle_A: 0.328, D_B: 0.156, G_B: 1.005, cycle_B: 0.257, gp: 0.153

[Rank 0] (epoch: 20, iters: 34688, time: 0.001, data: 0.001) , D_A: 0.181, G_A: 0.975, cycle_A: 0.330, D_B: 0.291, G_B: 1.013, cycle_B: 0.259, gp: 0.288

[Rank 0] (epoch: 20, iters: 36288, time: 0.001, data: 0.001) , D_A: 0.243, G_A: 0.996, cycle_A: 0.325, D_B: 0.179, G_B: 0.944, cycle_B: 0.251, gp: 0.176

[Rank 0] (epoch: 20, iters: 37888, time: 0.001, data: 0.001) , D_A: 0.168, G_A: 1.022, cycle_A: 0.324, D_B: 0.123, G_B: 1.015, cycle_B: 0.242, gp: 0.119

[Rank 0] (epoch: 20, iters: 39488, time: 0.001, data: 0.001) , D_A: 0.186, G_A: 1.008, cycle_A: 0.335, D_B: 0.171, G_B: 1.030, cycle_B: 0.251, gp: 0.167

learning rate 0.0002000 -> 0.0002000
temperature tau = 0.2592
End of epoch 20 / 50 	 Time Taken: 33 sec
[Rank 0] (epoch: 21, iters: 640, time: 0.001, data: 0.001) , D_A: 0.261, G_A: 0.957, cycle_A: 0.314, D_B: 0.123, G_B: 1.046, cycle_B: 0.239, gp: 0.120

[Rank 0] (epoch: 21, iters: 2240, time: 0.001, data: 0.000) , D_A: 0.205, G_A: 0.926, cycle_A: 0.328, D_B: 0.079, G_B: 1.019, cycle_B: 0.252, gp: 0.076

[Rank 0] (epoch: 21, iters: 3840, time: 0.001, data: 0.001) , D_A: 0.233, G_A: 0.998, cycle_A: 0.324, D_B: 0.117, G_B: 0.999, cycle_B: 0.251, gp: 0.114

[Rank 0] (epoch: 21, iters: 5440, time: 0.001, data: 0.001) , D_A: 0.153, G_A: 1.004, cycle_A: 0.329, D_B: 0.182, G_B: 1.017, cycle_B: 0.259, gp: 0.179

[Rank 0] (epoch: 21, iters: 7040, time: 0.001, data: 0.001) , D_A: 0.185, G_A: 0.959, cycle_A: 0.323, D_B: 0.151, G_B: 0.986, cycle_B: 0.230, gp: 0.150

[Rank 0] (epoch: 21, iters: 8640, time: 0.001, data: 0.001) , D_A: 0.143, G_A: 0.946, cycle_A: 0.345, D_B: 0.210, G_B: 0.988, cycle_B: 0.251, gp: 0.207

[Rank 0] (epoch: 21, iters: 10240, time: 0.001, data: 0.001) , D_A: 0.241, G_A: 0.980, cycle_A: 0.314, D_B: 0.189, G_B: 1.000, cycle_B: 0.254, gp: 0.187

[Rank 0] (epoch: 21, iters: 11840, time: 0.001, data: 0.001) , D_A: 0.141, G_A: 1.027, cycle_A: 0.335, D_B: 0.317, G_B: 0.966, cycle_B: 0.250, gp: 0.314

[Rank 0] (epoch: 21, iters: 13440, time: 0.001, data: 0.001) , D_A: 0.181, G_A: 0.983, cycle_A: 0.338, D_B: 0.214, G_B: 0.971, cycle_B: 0.252, gp: 0.211

[Rank 0] (epoch: 21, iters: 15040, time: 0.001, data: 0.001) , D_A: 0.236, G_A: 0.913, cycle_A: 0.315, D_B: 0.216, G_B: 0.960, cycle_B: 0.239, gp: 0.213

[Rank 0] (epoch: 21, iters: 16640, time: 0.001, data: 0.001) , D_A: 0.156, G_A: 1.018, cycle_A: 0.328, D_B: 0.182, G_B: 0.998, cycle_B: 0.247, gp: 0.179

[Rank 0] (epoch: 21, iters: 18240, time: 0.001, data: 0.001) , D_A: 0.192, G_A: 0.980, cycle_A: 0.345, D_B: 0.166, G_B: 1.004, cycle_B: 0.241, gp: 0.164

[Rank 0] (epoch: 21, iters: 19840, time: 0.001, data: 0.001) , D_A: 0.221, G_A: 1.023, cycle_A: 0.315, D_B: 0.188, G_B: 0.956, cycle_B: 0.242, gp: 0.186

[Rank 0] (epoch: 21, iters: 21440, time: 0.001, data: 0.001) , D_A: 0.178, G_A: 0.993, cycle_A: 0.336, D_B: 0.282, G_B: 0.954, cycle_B: 0.249, gp: 0.278

[Rank 0] (epoch: 21, iters: 23040, time: 0.001, data: 0.001) , D_A: 0.144, G_A: 1.044, cycle_A: 0.321, D_B: 0.145, G_B: 0.948, cycle_B: 0.257, gp: 0.143

[Rank 0] (epoch: 21, iters: 24640, time: 0.001, data: 0.001) , D_A: 0.122, G_A: 0.991, cycle_A: 0.329, D_B: 0.161, G_B: 0.972, cycle_B: 0.257, gp: 0.158

[Rank 0] (epoch: 21, iters: 26240, time: 0.001, data: 0.001) , D_A: 0.185, G_A: 1.011, cycle_A: 0.332, D_B: 0.176, G_B: 0.963, cycle_B: 0.254, gp: 0.174

[Rank 0] (epoch: 21, iters: 27840, time: 0.001, data: 0.001) , D_A: 0.186, G_A: 0.991, cycle_A: 0.338, D_B: 0.204, G_B: 0.924, cycle_B: 0.248, gp: 0.198

[Rank 0] (epoch: 21, iters: 29440, time: 0.001, data: 0.001) , D_A: 0.117, G_A: 1.000, cycle_A: 0.321, D_B: 0.110, G_B: 0.960, cycle_B: 0.250, gp: 0.108

--- iter tau=0.2592 ---
  cipher in : as wine in the pot roast or that the chicken had been marinated 
  decrypted : easdor sorsta spmtslmeatsmlstaetsta s ao d rsaeish  rsveloret is
  real plain:  just such a situation that the profundity of bultmanns argument
  cipher in : in laos the picture was almost equally bad u s willingness to ac
  decrypted : ors emasta spo tul sdease vmats  ue  gsheisusasdo  ordr aastmse 
  real plain:  desires of american men could be satisfied when fosdick showed 
[Rank 0] (epoch: 21, iters: 31040, time: 0.001, data: 0.001) , D_A: 0.058, G_A: 0.978, cycle_A: 0.326, D_B: 0.131, G_B: 1.011, cycle_B: 0.253, gp: 0.127

saving the latest model (epoch 21, total_iters 840000)
[Rank 0] (epoch: 21, iters: 32640, time: 0.001, data: 0.001) , D_A: 0.141, G_A: 1.148, cycle_A: 0.325, D_B: 0.126, G_B: 0.998, cycle_B: 0.255, gp: 0.123

[Rank 0] (epoch: 21, iters: 34240, time: 0.001, data: 0.001) , D_A: 0.250, G_A: 0.975, cycle_A: 0.320, D_B: 0.210, G_B: 1.037, cycle_B: 0.249, gp: 0.208

[Rank 0] (epoch: 21, iters: 35840, time: 0.001, data: 0.001) , D_A: 0.179, G_A: 0.967, cycle_A: 0.327, D_B: 0.167, G_B: 1.021, cycle_B: 0.249, gp: 0.164

[Rank 0] (epoch: 21, iters: 37440, time: 0.001, data: 0.001) , D_A: 0.180, G_A: 1.007, cycle_A: 0.327, D_B: 0.137, G_B: 0.947, cycle_B: 0.242, gp: 0.135

[Rank 0] (epoch: 21, iters: 39040, time: 0.001, data: 0.001) , D_A: 0.169, G_A: 0.992, cycle_A: 0.332, D_B: 0.084, G_B: 1.000, cycle_B: 0.256, gp: 0.081

learning rate 0.0002000 -> 0.0002000
temperature tau = 0.2508
End of epoch 21 / 50 	 Time Taken: 32 sec
[Rank 0] (epoch: 22, iters: 192, time: 0.001, data: 0.001) , D_A: 0.107, G_A: 1.002, cycle_A: 0.328, D_B: 0.137, G_B: 0.975, cycle_B: 0.249, gp: 0.135

[Rank 0] (epoch: 22, iters: 1792, time: 0.001, data: 0.001) , D_A: 0.201, G_A: 0.998, cycle_A: 0.332, D_B: 0.133, G_B: 0.982, cycle_B: 0.254, gp: 0.131

[Rank 0] (epoch: 22, iters: 3392, time: 0.001, data: 0.001) , D_A: 0.198, G_A: 0.964, cycle_A: 0.323, D_B: 0.190, G_B: 0.979, cycle_B: 0.252, gp: 0.188

[Rank 0] (epoch: 22, iters: 4992, time: 0.001, data: 0.001) , D_A: 0.242, G_A: 1.125, cycle_A: 0.328, D_B: 0.181, G_B: 0.999, cycle_B: 0.274, gp: 0.179

[Rank 0] (epoch: 22, iters: 6592, time: 0.001, data: 0.001) , D_A: 0.106, G_A: 0.984, cycle_A: 0.313, D_B: 0.122, G_B: 1.026, cycle_B: 0.247, gp: 0.120

[Rank 0] (epoch: 22, iters: 8192, time: 0.001, data: 0.001) , D_A: 0.182, G_A: 0.964, cycle_A: 0.314, D_B: 0.161, G_B: 1.041, cycle_B: 0.255, gp: 0.158

[Rank 0] (epoch: 22, iters: 9792, time: 0.001, data: 0.001) , D_A: 0.176, G_A: 0.977, cycle_A: 0.317, D_B: 0.246, G_B: 1.046, cycle_B: 0.252, gp: 0.242

[Rank 0] (epoch: 22, iters: 11392, time: 0.001, data: 0.001) , D_A: 0.207, G_A: 0.960, cycle_A: 0.321, D_B: 0.125, G_B: 1.039, cycle_B: 0.244, gp: 0.122

[Rank 0] (epoch: 22, iters: 12992, time: 0.001, data: 0.001) , D_A: 0.158, G_A: 0.938, cycle_A: 0.334, D_B: 0.262, G_B: 1.022, cycle_B: 0.249, gp: 0.259

[Rank 0] (epoch: 22, iters: 14592, time: 0.001, data: 0.001) , D_A: 0.179, G_A: 1.017, cycle_A: 0.324, D_B: 0.228, G_B: 1.008, cycle_B: 0.244, gp: 0.225

[Rank 0] (epoch: 22, iters: 16192, time: 0.001, data: 0.001) , D_A: 0.218, G_A: 0.950, cycle_A: 0.326, D_B: 0.205, G_B: 1.004, cycle_B: 0.247, gp: 0.203

[Rank 0] (epoch: 22, iters: 17792, time: 0.001, data: 0.001) , D_A: 0.256, G_A: 1.180, cycle_A: 0.334, D_B: 0.140, G_B: 1.042, cycle_B: 0.264, gp: 0.134

[Rank 0] (epoch: 22, iters: 19392, time: 0.001, data: 0.001) , D_A: 0.236, G_A: 1.022, cycle_A: 0.317, D_B: 0.169, G_B: 0.946, cycle_B: 0.245, gp: 0.165

[Rank 0] (epoch: 22, iters: 20992, time: 0.001, data: 0.001) , D_A: 0.214, G_A: 1.019, cycle_A: 0.327, D_B: 0.203, G_B: 0.975, cycle_B: 0.249, gp: 0.201

[Rank 0] (epoch: 22, iters: 22592, time: 0.001, data: 0.001) , D_A: 0.209, G_A: 1.009, cycle_A: 0.341, D_B: 0.186, G_B: 1.030, cycle_B: 0.245, gp: 0.183

[Rank 0] (epoch: 22, iters: 24192, time: 0.001, data: 0.001) , D_A: 0.161, G_A: 0.988, cycle_A: 0.323, D_B: 0.243, G_B: 0.935, cycle_B: 0.249, gp: 0.240

[Rank 0] (epoch: 22, iters: 25792, time: 0.001, data: 0.001) , D_A: 0.242, G_A: 0.980, cycle_A: 0.321, D_B: 0.195, G_B: 1.018, cycle_B: 0.243, gp: 0.192

[Rank 0] (epoch: 22, iters: 27392, time: 0.001, data: 0.001) , D_A: 0.149, G_A: 0.993, cycle_A: 0.318, D_B: 0.208, G_B: 1.037, cycle_B: 0.249, gp: 0.203

[Rank 0] (epoch: 22, iters: 28992, time: 0.001, data: 0.001) , D_A: 0.082, G_A: 0.998, cycle_A: 0.327, D_B: 0.179, G_B: 0.994, cycle_B: 0.259, gp: 0.177

--- iter tau=0.2508 ---
  cipher in : you maybe she will then come to you after all you want the senor
  decrypted : gmusvegh saa sdo  sta rs mv stmsgmuseyt lse  sgmusdertsta sa rml
  real plain: n its making dramatic in its endurance and now doubly dramatic i
  cipher in : on as long as the bar prefers to adduce evidence by written depo
  decrypted : mrseas mrdseasta shelspl y lastmseiiu  s eoi r  shgsdlott rsi pm
  real plain: houlder holster somewhat impeded by the steering wheel shayne lo
[Rank 0] (epoch: 22, iters: 30592, time: 0.001, data: 0.001) , D_A: 0.181, G_A: 0.967, cycle_A: 0.324, D_B: 0.133, G_B: 1.032, cycle_B: 0.236, gp: 0.131

saving the latest model (epoch 22, total_iters 880000)
[Rank 0] (epoch: 22, iters: 32192, time: 0.001, data: 0.001) , D_A: 0.209, G_A: 0.997, cycle_A: 0.316, D_B: 0.216, G_B: 0.971, cycle_B: 0.236, gp: 0.212

[Rank 0] (epoch: 22, iters: 33792, time: 0.001, data: 0.001) , D_A: 0.124, G_A: 1.033, cycle_A: 0.323, D_B: 0.196, G_B: 0.973, cycle_B: 0.245, gp: 0.194

[Rank 0] (epoch: 22, iters: 35392, time: 0.001, data: 0.001) , D_A: 0.182, G_A: 0.909, cycle_A: 0.326, D_B: 0.201, G_B: 1.070, cycle_B: 0.248, gp: 0.197

[Rank 0] (epoch: 22, iters: 36992, time: 0.001, data: 0.001) , D_A: 0.149, G_A: 0.958, cycle_A: 0.326, D_B: 0.192, G_B: 0.959, cycle_B: 0.255, gp: 0.190

[Rank 0] (epoch: 22, iters: 38592, time: 0.001, data: 0.001) , D_A: 0.198, G_A: 0.996, cycle_A: 0.332, D_B: 0.257, G_B: 0.999, cycle_B: 0.245, gp: 0.254

[Rank 0] (epoch: 22, iters: 40192, time: 0.001, data: 0.001) , D_A: 0.114, G_A: 0.994, cycle_A: 0.324, D_B: 0.146, G_B: 1.036, cycle_B: 0.254, gp: 0.143

learning rate 0.0002000 -> 0.0002000
temperature tau = 0.2427
End of epoch 22 / 50 	 Time Taken: 33 sec
[Rank 0] (epoch: 23, iters: 1344, time: 0.001, data: 0.000) , D_A: 0.106, G_A: 1.009, cycle_A: 0.322, D_B: 0.236, G_B: 1.014, cycle_B: 0.259, gp: 0.234

[Rank 0] (epoch: 23, iters: 2944, time: 0.001, data: 0.001) , D_A: 0.286, G_A: 0.947, cycle_A: 0.332, D_B: 0.147, G_B: 1.045, cycle_B: 0.252, gp: 0.145

[Rank 0] (epoch: 23, iters: 4544, time: 0.001, data: 0.001) , D_A: 0.829, G_A: 0.243, cycle_A: 0.321, D_B: 0.168, G_B: 1.030, cycle_B: 0.234, gp: 0.165

[Rank 0] (epoch: 23, iters: 6144, time: 0.001, data: 0.001) , D_A: 0.162, G_A: 0.995, cycle_A: 0.326, D_B: 0.131, G_B: 0.904, cycle_B: 0.262, gp: 0.127

[Rank 0] (epoch: 23, iters: 7744, time: 0.001, data: 0.001) , D_A: 0.161, G_A: 0.951, cycle_A: 0.325, D_B: 0.148, G_B: 0.997, cycle_B: 0.253, gp: 0.145

[Rank 0] (epoch: 23, iters: 9344, time: 0.001, data: 0.001) , D_A: 0.252, G_A: 1.009, cycle_A: 0.333, D_B: 0.105, G_B: 0.986, cycle_B: 0.256, gp: 0.103

[Rank 0] (epoch: 23, iters: 10944, time: 0.001, data: 0.001) , D_A: 0.261, G_A: 1.010, cycle_A: 0.316, D_B: 0.112, G_B: 1.004, cycle_B: 0.246, gp: 0.110

[Rank 0] (epoch: 23, iters: 12544, time: 0.001, data: 0.001) , D_A: 0.208, G_A: 0.995, cycle_A: 0.315, D_B: 0.160, G_B: 1.004, cycle_B: 0.246, gp: 0.157

[Rank 0] (epoch: 23, iters: 14144, time: 0.001, data: 0.001) , D_A: 0.186, G_A: 1.018, cycle_A: 0.320, D_B: 0.151, G_B: 0.995, cycle_B: 0.252, gp: 0.149

[Rank 0] (epoch: 23, iters: 15744, time: 0.001, data: 0.001) , D_A: 0.134, G_A: 1.040, cycle_A: 0.326, D_B: 0.206, G_B: 0.914, cycle_B: 0.262, gp: 0.197

[Rank 0] (epoch: 23, iters: 17344, time: 0.001, data: 0.001) , D_A: 0.141, G_A: 0.996, cycle_A: 0.331, D_B: 0.239, G_B: 1.002, cycle_B: 0.247, gp: 0.237

[Rank 0] (epoch: 23, iters: 18944, time: 0.001, data: 0.001) , D_A: 0.165, G_A: 0.995, cycle_A: 0.319, D_B: 0.165, G_B: 0.983, cycle_B: 0.246, gp: 0.163

[Rank 0] (epoch: 23, iters: 20544, time: 0.001, data: 0.001) , D_A: 0.176, G_A: 0.968, cycle_A: 0.325, D_B: 0.195, G_B: 0.978, cycle_B: 0.252, gp: 0.192

[Rank 0] (epoch: 23, iters: 22144, time: 0.001, data: 0.001) , D_A: 0.135, G_A: 1.008, cycle_A: 0.342, D_B: 0.150, G_B: 0.954, cycle_B: 0.262, gp: 0.147

[Rank 0] (epoch: 23, iters: 23744, time: 0.001, data: 0.001) , D_A: 0.198, G_A: 0.973, cycle_A: 0.329, D_B: 0.167, G_B: 1.004, cycle_B: 0.246, gp: 0.161

[Rank 0] (epoch: 23, iters: 25344, time: 0.001, data: 0.001) , D_A: 0.236, G_A: 1.004, cycle_A: 0.303, D_B: 0.218, G_B: 0.954, cycle_B: 0.256, gp: 0.208

[Rank 0] (epoch: 23, iters: 26944, time: 0.001, data: 0.001) , D_A: 0.180, G_A: 0.993, cycle_A: 0.324, D_B: 0.276, G_B: 1.021, cycle_B: 0.248, gp: 0.272

[Rank 0] (epoch: 23, iters: 28544, time: 0.001, data: 0.001) , D_A: 0.214, G_A: 0.987, cycle_A: 0.302, D_B: 0.098, G_B: 0.963, cycle_B: 0.245, gp: 0.094

--- iter tau=0.2427 ---
  cipher in : manship champion in poultry judging blues were won by john nyber
  decrypted : veraaops aevpomrsorspmu tlgsjuidordsh u asd l sdmrshgsjmarsrgh l
  real plain: y wieland wagner who is doing all the operas this time and condu
  cipher in :  states new feeling of optimism and assurance and are definitely
  decrypted : satet asr dsy   ordsmysmptovoavseriseaauler  serisel si yorot  g
  real plain: the hot dog and paved the way for creation of a catering empire 
[Rank 0] (epoch: 23, iters: 30144, time: 0.001, data: 0.001) , D_A: 0.227, G_A: 0.979, cycle_A: 0.298, D_B: 0.193, G_B: 0.987, cycle_B: 0.235, gp: 0.189

saving the latest model (epoch 23, total_iters 920000)
[Rank 0] (epoch: 23, iters: 31744, time: 0.001, data: 0.001) , D_A: 0.215, G_A: 1.001, cycle_A: 0.321, D_B: 0.160, G_B: 0.985, cycle_B: 0.254, gp: 0.157

[Rank 0] (epoch: 23, iters: 33344, time: 0.001, data: 0.001) , D_A: 0.078, G_A: 1.006, cycle_A: 0.296, D_B: 0.275, G_B: 1.144, cycle_B: 0.245, gp: 0.267

[Rank 0] (epoch: 23, iters: 34944, time: 0.001, data: 0.001) , D_A: 0.183, G_A: 0.919, cycle_A: 0.285, D_B: 0.358, G_B: 0.926, cycle_B: 0.253, gp: 0.351

[Rank 0] (epoch: 23, iters: 36544, time: 0.001, data: 0.001) , D_A: 0.173, G_A: 1.012, cycle_A: 0.306, D_B: 0.213, G_B: 0.981, cycle_B: 0.242, gp: 0.208

[Rank 0] (epoch: 23, iters: 38144, time: 0.001, data: 0.001) , D_A: 0.159, G_A: 1.022, cycle_A: 0.355, D_B: 0.243, G_B: 1.013, cycle_B: 0.252, gp: 0.238

[Rank 0] (epoch: 23, iters: 39744, time: 0.001, data: 0.001) , D_A: 0.182, G_A: 1.013, cycle_A: 0.328, D_B: 0.210, G_B: 0.965, cycle_B: 0.249, gp: 0.206

learning rate 0.0002000 -> 0.0002000
temperature tau = 0.2349
End of epoch 23 / 50 	 Time Taken: 33 sec
[Rank 0] (epoch: 24, iters: 896, time: 0.001, data: 0.000) , D_A: 0.163, G_A: 1.087, cycle_A: 0.334, D_B: 0.148, G_B: 0.962, cycle_B: 0.246, gp: 0.145

[Rank 0] (epoch: 24, iters: 2496, time: 0.001, data: 0.000) , D_A: 0.262, G_A: 1.033, cycle_A: 0.329, D_B: 0.180, G_B: 1.010, cycle_B: 0.249, gp: 0.178

[Rank 0] (epoch: 24, iters: 4096, time: 0.001, data: 0.001) , D_A: 0.237, G_A: 0.998, cycle_A: 0.321, D_B: 0.093, G_B: 0.997, cycle_B: 0.259, gp: 0.091

[Rank 0] (epoch: 24, iters: 5696, time: 0.001, data: 0.001) , D_A: 0.134, G_A: 1.022, cycle_A: 0.327, D_B: 0.153, G_B: 0.996, cycle_B: 0.249, gp: 0.149

[Rank 0] (epoch: 24, iters: 7296, time: 0.001, data: 0.001) , D_A: 0.107, G_A: 0.977, cycle_A: 0.339, D_B: 0.119, G_B: 0.981, cycle_B: 0.254, gp: 0.117

[Rank 0] (epoch: 24, iters: 8896, time: 0.001, data: 0.001) , D_A: 0.201, G_A: 1.020, cycle_A: 0.333, D_B: 0.269, G_B: 0.990, cycle_B: 0.256, gp: 0.267

[Rank 0] (epoch: 24, iters: 10496, time: 0.001, data: 0.001) , D_A: 0.224, G_A: 1.015, cycle_A: 0.331, D_B: 0.198, G_B: 0.990, cycle_B: 0.251, gp: 0.196

[Rank 0] (epoch: 24, iters: 12096, time: 0.001, data: 0.001) , D_A: 0.169, G_A: 0.972, cycle_A: 0.322, D_B: 0.184, G_B: 1.000, cycle_B: 0.253, gp: 0.182

[Rank 0] (epoch: 24, iters: 13696, time: 0.001, data: 0.001) , D_A: 0.187, G_A: 0.977, cycle_A: 0.308, D_B: 0.099, G_B: 1.009, cycle_B: 0.239, gp: 0.097

[Rank 0] (epoch: 24, iters: 15296, time: 0.001, data: 0.001) , D_A: 0.162, G_A: 1.011, cycle_A: 0.330, D_B: 0.178, G_B: 1.002, cycle_B: 0.238, gp: 0.176

[Rank 0] (epoch: 24, iters: 16896, time: 0.001, data: 0.001) , D_A: 0.152, G_A: 0.974, cycle_A: 0.337, D_B: 0.189, G_B: 0.999, cycle_B: 0.248, gp: 0.187

[Rank 0] (epoch: 24, iters: 18496, time: 0.001, data: 0.001) , D_A: 0.156, G_A: 0.948, cycle_A: 0.309, D_B: 0.140, G_B: 0.988, cycle_B: 0.251, gp: 0.138

[Rank 0] (epoch: 24, iters: 20096, time: 0.001, data: 0.001) , D_A: 0.201, G_A: 1.023, cycle_A: 0.325, D_B: 0.179, G_B: 0.995, cycle_B: 0.252, gp: 0.176

[Rank 0] (epoch: 24, iters: 21696, time: 0.001, data: 0.001) , D_A: 0.144, G_A: 0.986, cycle_A: 0.331, D_B: 0.130, G_B: 1.006, cycle_B: 0.250, gp: 0.127

[Rank 0] (epoch: 24, iters: 23296, time: 0.001, data: 0.001) , D_A: 0.177, G_A: 0.973, cycle_A: 0.842, D_B: 0.200, G_B: 1.009, cycle_B: 0.933, gp: 0.197

[Rank 0] (epoch: 24, iters: 24896, time: 0.001, data: 0.001) , D_A: 0.221, G_A: 0.914, cycle_A: 0.281, D_B: 0.243, G_B: 0.956, cycle_B: 0.268, gp: 0.237

[Rank 0] (epoch: 24, iters: 26496, time: 0.001, data: 0.001) , D_A: 0.307, G_A: 1.009, cycle_A: 0.337, D_B: 0.266, G_B: 0.953, cycle_B: 0.280, gp: 0.263

[Rank 0] (epoch: 24, iters: 28096, time: 0.001, data: 0.001) , D_A: 0.297, G_A: 0.976, cycle_A: 0.310, D_B: 0.218, G_B: 0.988, cycle_B: 0.214, gp: 0.216

--- iter tau=0.2349 ---
  cipher in : f employment agency deceit a halfdozen other stations in the new
  decrypted : ys kp bgk rtsed r gsi   otsesae yibg rsbta lsatetobrasorsta sr n
  real plain: ent by the two governments in the event that agreement is not re
  cipher in : cted a cherished theory the sources were denounced as faulty suc
  decrypted :  t ises a loaa ista blgsta sabul  asn l si rbur  iseasyeu tgsau 
  real plain: t zero during the days the cold settled like a tangible pall ove
[Rank 0] (epoch: 24, iters: 29696, time: 0.001, data: 0.001) , D_A: 0.267, G_A: 0.961, cycle_A: 0.315, D_B: 0.266, G_B: 1.039, cycle_B: 0.196, gp: 0.262

saving the latest model (epoch 24, total_iters 960000)
[Rank 0] (epoch: 24, iters: 31296, time: 0.001, data: 0.001) , D_A: 0.240, G_A: 0.983, cycle_A: 0.333, D_B: 0.278, G_B: 1.010, cycle_B: 0.256, gp: 0.275

[Rank 0] (epoch: 24, iters: 32896, time: 0.001, data: 0.001) , D_A: 0.163, G_A: 0.997, cycle_A: 0.385, D_B: 0.116, G_B: 0.978, cycle_B: 0.261, gp: 0.113

[Rank 0] (epoch: 24, iters: 34496, time: 0.001, data: 0.001) , D_A: 0.231, G_A: 0.989, cycle_A: 0.271, D_B: 0.217, G_B: 1.005, cycle_B: 0.248, gp: 0.214

[Rank 0] (epoch: 24, iters: 36096, time: 0.001, data: 0.001) , D_A: 0.146, G_A: 0.961, cycle_A: 0.252, D_B: 0.290, G_B: 0.995, cycle_B: 0.242, gp: 0.288

[Rank 0] (epoch: 24, iters: 37696, time: 0.001, data: 0.001) , D_A: 0.246, G_A: 0.992, cycle_A: 0.239, D_B: 0.199, G_B: 1.004, cycle_B: 0.191, gp: 0.197

[Rank 0] (epoch: 24, iters: 39296, time: 0.001, data: 0.001) , D_A: 0.195, G_A: 0.980, cycle_A: 0.242, D_B: 0.205, G_B: 0.980, cycle_B: 0.214, gp: 0.203

learning rate 0.0002000 -> 0.0002000
temperature tau = 0.2273
End of epoch 24 / 50 	 Time Taken: 33 sec
[Rank 0] (epoch: 25, iters: 448, time: 0.001, data: 0.001) , D_A: 0.234, G_A: 0.992, cycle_A: 0.260, D_B: 0.186, G_B: 0.987, cycle_B: 0.233, gp: 0.184

[Rank 0] (epoch: 25, iters: 2048, time: 0.001, data: 0.001) , D_A: 0.144, G_A: 0.990, cycle_A: 0.308, D_B: 0.123, G_B: 0.984, cycle_B: 0.251, gp: 0.121

[Rank 0] (epoch: 25, iters: 3648, time: 0.001, data: 0.001) , D_A: 0.209, G_A: 0.942, cycle_A: 0.259, D_B: 0.216, G_B: 0.976, cycle_B: 0.249, gp: 0.214

[Rank 0] (epoch: 25, iters: 5248, time: 0.001, data: 0.001) , D_A: 0.258, G_A: 0.944, cycle_A: 0.242, D_B: 0.151, G_B: 0.976, cycle_B: 0.241, gp: 0.147

[Rank 0] (epoch: 25, iters: 6848, time: 0.001, data: 0.001) , D_A: 0.174, G_A: 0.985, cycle_A: 0.228, D_B: 0.166, G_B: 0.994, cycle_B: 0.187, gp: 0.164

[Rank 0] (epoch: 25, iters: 8448, time: 0.001, data: 0.001) , D_A: 0.162, G_A: 1.018, cycle_A: 0.228, D_B: 0.162, G_B: 0.987, cycle_B: 0.203, gp: 0.160

[Rank 0] (epoch: 25, iters: 10048, time: 0.001, data: 0.001) , D_A: 0.271, G_A: 0.984, cycle_A: 0.247, D_B: 0.089, G_B: 0.993, cycle_B: 0.170, gp: 0.088

[Rank 0] (epoch: 25, iters: 11648, time: 0.001, data: 0.001) , D_A: 0.291, G_A: 0.930, cycle_A: 0.229, D_B: 0.287, G_B: 0.999, cycle_B: 0.164, gp: 0.286

[Rank 0] (epoch: 25, iters: 13248, time: 0.001, data: 0.001) , D_A: 0.231, G_A: 0.964, cycle_A: 0.224, D_B: 0.289, G_B: 0.990, cycle_B: 0.162, gp: 0.287

[Rank 0] (epoch: 25, iters: 14848, time: 0.001, data: 0.001) , D_A: 0.257, G_A: 0.996, cycle_A: 0.236, D_B: 0.119, G_B: 1.022, cycle_B: 0.160, gp: 0.117

[Rank 0] (epoch: 25, iters: 16448, time: 0.001, data: 0.001) , D_A: 0.283, G_A: 0.927, cycle_A: 0.232, D_B: 0.167, G_B: 0.989, cycle_B: 0.167, gp: 0.166

[Rank 0] (epoch: 25, iters: 18048, time: 0.001, data: 0.001) , D_A: 0.328, G_A: 0.962, cycle_A: 0.220, D_B: 0.267, G_B: 0.988, cycle_B: 0.181, gp: 0.266

[Rank 0] (epoch: 25, iters: 19648, time: 0.001, data: 0.001) , D_A: 0.310, G_A: 1.049, cycle_A: 0.235, D_B: 0.168, G_B: 1.003, cycle_B: 0.163, gp: 0.166

[Rank 0] (epoch: 25, iters: 21248, time: 0.001, data: 0.001) , D_A: 0.249, G_A: 0.913, cycle_A: 0.220, D_B: 0.215, G_B: 0.972, cycle_B: 0.161, gp: 0.213

[Rank 0] (epoch: 25, iters: 22848, time: 0.001, data: 0.001) , D_A: 0.198, G_A: 0.968, cycle_A: 0.228, D_B: 0.175, G_B: 1.042, cycle_B: 0.158, gp: 0.173

[Rank 0] (epoch: 25, iters: 24448, time: 0.001, data: 0.001) , D_A: 0.214, G_A: 0.925, cycle_A: 0.231, D_B: 0.138, G_B: 1.007, cycle_B: 0.155, gp: 0.136

[Rank 0] (epoch: 25, iters: 26048, time: 0.001, data: 0.001) , D_A: 0.271, G_A: 1.003, cycle_A: 0.234, D_B: 0.111, G_B: 0.992, cycle_B: 0.165, gp: 0.110

[Rank 0] (epoch: 25, iters: 27648, time: 0.001, data: 0.001) , D_A: 0.273, G_A: 1.001, cycle_A: 0.232, D_B: 0.142, G_B: 1.007, cycle_B: 0.155, gp: 0.141

--- iter tau=0.2273 ---
  cipher in : helicopter with its two steel skids churned offshore and nick ra
  decrypted : a  o wpt lsnotasotxstnwsxt   sxdoixs aulr iswyyxawl serisro dsle
  real plain: ent by the two governments in the event that agreement is not re
  cipher in : t hesitates to suggest precise graphic devices to effect these c
  decrypted : tsa xotet xstwsxudd xtspl  ox sdlepao si eo  xstws yy  tsta x s 
  real plain: t zero during the days the cold settled like a tangible pall ove
[Rank 0] (epoch: 25, iters: 29248, time: 0.001, data: 0.001) , D_A: 0.187, G_A: 0.990, cycle_A: 0.242, D_B: 0.130, G_B: 0.984, cycle_B: 0.166, gp: 0.128

saving the latest model (epoch 25, total_iters 1000000)
[Rank 0] (epoch: 25, iters: 30848, time: 0.001, data: 0.001) , D_A: 0.222, G_A: 1.002, cycle_A: 0.231, D_B: 0.187, G_B: 0.996, cycle_B: 0.169, gp: 0.185

[Rank 0] (epoch: 25, iters: 32448, time: 0.001, data: 0.001) , D_A: 0.193, G_A: 0.999, cycle_A: 0.235, D_B: 0.177, G_B: 1.013, cycle_B: 0.166, gp: 0.176

[Rank 0] (epoch: 25, iters: 34048, time: 0.001, data: 0.001) , D_A: 0.173, G_A: 1.000, cycle_A: 0.242, D_B: 0.151, G_B: 1.024, cycle_B: 0.155, gp: 0.149

[Rank 0] (epoch: 25, iters: 35648, time: 0.001, data: 0.001) , D_A: 0.166, G_A: 1.014, cycle_A: 0.238, D_B: 0.137, G_B: 1.033, cycle_B: 0.159, gp: 0.134

[Rank 0] (epoch: 25, iters: 37248, time: 0.001, data: 0.001) , D_A: 0.254, G_A: 0.995, cycle_A: 0.238, D_B: 0.163, G_B: 1.005, cycle_B: 0.172, gp: 0.161

[Rank 0] (epoch: 25, iters: 38848, time: 0.001, data: 0.001) , D_A: 0.191, G_A: 0.977, cycle_A: 0.226, D_B: 0.143, G_B: 0.980, cycle_B: 0.166, gp: 0.142

[Rank 0] (epoch: 25, iters: 40448, time: 0.001, data: 0.001) , D_A: 0.164, G_A: 0.975, cycle_A: 0.227, D_B: 0.194, G_B: 1.015, cycle_B: 0.158, gp: 0.192

learning rate 0.0002000 -> 0.0002000
temperature tau = 0.2200
End of epoch 25 / 50 	 Time Taken: 33 sec
[Rank 0] (epoch: 26, iters: 1600, time: 0.001, data: 0.093) , D_A: 0.183, G_A: 0.955, cycle_A: 0.224, D_B: 0.177, G_B: 0.993, cycle_B: 0.166, gp: 0.175

[Rank 0] (epoch: 26, iters: 3200, time: 0.001, data: 0.001) , D_A: 0.195, G_A: 1.024, cycle_A: 0.238, D_B: 0.140, G_B: 0.980, cycle_B: 0.163, gp: 0.138

[Rank 0] (epoch: 26, iters: 4800, time: 0.001, data: 0.001) , D_A: 0.184, G_A: 1.009, cycle_A: 0.237, D_B: 0.186, G_B: 0.998, cycle_B: 0.168, gp: 0.184

[Rank 0] (epoch: 26, iters: 6400, time: 0.001, data: 0.001) , D_A: 0.264, G_A: 1.054, cycle_A: 0.236, D_B: 0.160, G_B: 0.979, cycle_B: 0.152, gp: 0.159

[Rank 0] (epoch: 26, iters: 8000, time: 0.001, data: 0.001) , D_A: 0.249, G_A: 1.037, cycle_A: 0.250, D_B: 0.187, G_B: 1.014, cycle_B: 0.157, gp: 0.185

[Rank 0] (epoch: 26, iters: 9600, time: 0.001, data: 0.001) , D_A: 0.272, G_A: 1.024, cycle_A: 0.234, D_B: 0.086, G_B: 0.940, cycle_B: 0.163, gp: 0.083

[Rank 0] (epoch: 26, iters: 11200, time: 0.001, data: 0.001) , D_A: 0.245, G_A: 1.015, cycle_A: 0.223, D_B: 0.191, G_B: 0.983, cycle_B: 0.172, gp: 0.190

[Rank 0] (epoch: 26, iters: 12800, time: 0.001, data: 0.001) , D_A: 0.235, G_A: 0.950, cycle_A: 0.225, D_B: 0.162, G_B: 0.990, cycle_B: 0.157, gp: 0.159

[Rank 0] (epoch: 26, iters: 14400, time: 0.001, data: 0.001) , D_A: 0.247, G_A: 0.997, cycle_A: 0.231, D_B: 0.096, G_B: 1.008, cycle_B: 0.160, gp: 0.094

[Rank 0] (epoch: 26, iters: 16000, time: 0.001, data: 0.001) , D_A: 0.202, G_A: 0.995, cycle_A: 0.224, D_B: 0.169, G_B: 0.978, cycle_B: 0.155, gp: 0.168

[Rank 0] (epoch: 26, iters: 17600, time: 0.001, data: 0.001) , D_A: 0.194, G_A: 0.987, cycle_A: 0.233, D_B: 0.181, G_B: 1.009, cycle_B: 0.166, gp: 0.179

[Rank 0] (epoch: 26, iters: 19200, time: 0.001, data: 0.001) , D_A: 0.177, G_A: 1.005, cycle_A: 0.234, D_B: 0.245, G_B: 0.984, cycle_B: 0.160, gp: 0.243

[Rank 0] (epoch: 26, iters: 20800, time: 0.001, data: 0.001) , D_A: 0.176, G_A: 0.959, cycle_A: 0.231, D_B: 0.154, G_B: 1.010, cycle_B: 0.162, gp: 0.152

[Rank 0] (epoch: 26, iters: 22400, time: 0.001, data: 0.001) , D_A: 0.210, G_A: 1.018, cycle_A: 0.231, D_B: 0.157, G_B: 0.974, cycle_B: 0.159, gp: 0.156

[Rank 0] (epoch: 26, iters: 24000, time: 0.001, data: 0.001) , D_A: 0.203, G_A: 0.929, cycle_A: 0.213, D_B: 0.240, G_B: 0.989, cycle_B: 0.152, gp: 0.238

[Rank 0] (epoch: 26, iters: 25600, time: 0.001, data: 0.001) , D_A: 0.145, G_A: 0.993, cycle_A: 0.220, D_B: 0.192, G_B: 0.993, cycle_B: 0.154, gp: 0.190

[Rank 0] (epoch: 26, iters: 27200, time: 0.001, data: 0.001) , D_A: 0.254, G_A: 0.967, cycle_A: 0.230, D_B: 0.226, G_B: 1.031, cycle_B: 0.160, gp: 0.224

--- iter tau=0.2200 ---
  cipher in :  three out of five skilled workers and one out of five technicia
  decrypted : stal  smutsmysyoe sxqo   isnmlq lxserismr smutsmysyoe st  aro oe
  real plain: tes sucking in air and squinting and blinking his eyes to clear 
  cipher in :  xgyro input axis is parallel to the eastwest direction and the 
  decrypted : sgdglmsorputsegoxsoxspele    stmsta s extn xtsiol  tomrserista s
  real plain: wickshire in this parliament which ended its session on february
[Rank 0] (epoch: 26, iters: 28800, time: 0.001, data: 0.001) , D_A: 0.160, G_A: 1.022, cycle_A: 0.234, D_B: 0.134, G_B: 1.027, cycle_B: 0.152, gp: 0.132

saving the latest model (epoch 26, total_iters 1040000)
[Rank 0] (epoch: 26, iters: 30400, time: 0.001, data: 0.001) , D_A: 0.312, G_A: 1.027, cycle_A: 0.210, D_B: 0.228, G_B: 1.018, cycle_B: 0.156, gp: 0.224

[Rank 0] (epoch: 26, iters: 32000, time: 0.001, data: 0.001) , D_A: 0.170, G_A: 0.943, cycle_A: 0.225, D_B: 0.141, G_B: 0.973, cycle_B: 0.153, gp: 0.140

[Rank 0] (epoch: 26, iters: 33600, time: 0.001, data: 0.001) , D_A: 0.207, G_A: 1.043, cycle_A: 0.228, D_B: 0.144, G_B: 0.985, cycle_B: 0.149, gp: 0.142

[Rank 0] (epoch: 26, iters: 35200, time: 0.001, data: 0.001) , D_A: 0.178, G_A: 0.962, cycle_A: 0.226, D_B: 0.148, G_B: 0.996, cycle_B: 0.159, gp: 0.146

[Rank 0] (epoch: 26, iters: 36800, time: 0.001, data: 0.001) , D_A: 0.229, G_A: 0.976, cycle_A: 0.217, D_B: 0.216, G_B: 0.988, cycle_B: 0.153, gp: 0.215

[Rank 0] (epoch: 26, iters: 38400, time: 0.001, data: 0.001) , D_A: 0.185, G_A: 0.973, cycle_A: 0.219, D_B: 0.153, G_B: 1.001, cycle_B: 0.166, gp: 0.151

[Rank 0] (epoch: 26, iters: 40000, time: 0.001, data: 0.001) , D_A: 0.185, G_A: 0.985, cycle_A: 0.222, D_B: 0.127, G_B: 0.951, cycle_B: 0.154, gp: 0.125

learning rate 0.0002000 -> 0.0002000
temperature tau = 0.2129
End of epoch 26 / 50 	 Time Taken: 33 sec
[Rank 0] (epoch: 27, iters: 1152, time: 0.001, data: 0.000) , D_A: 0.135, G_A: 0.965, cycle_A: 0.230, D_B: 0.195, G_B: 1.000, cycle_B: 0.170, gp: 0.191

[Rank 0] (epoch: 27, iters: 2752, time: 0.001, data: 0.001) , D_A: 0.204, G_A: 0.995, cycle_A: 0.219, D_B: 0.097, G_B: 0.960, cycle_B: 0.147, gp: 0.094

[Rank 0] (epoch: 27, iters: 4352, time: 0.001, data: 0.001) , D_A: 0.211, G_A: 1.003, cycle_A: 0.218, D_B: 0.148, G_B: 1.080, cycle_B: 0.149, gp: 0.145

[Rank 0] (epoch: 27, iters: 5952, time: 0.001, data: 0.001) , D_A: 0.301, G_A: 0.943, cycle_A: 0.221, D_B: 0.156, G_B: 0.980, cycle_B: 0.154, gp: 0.155

[Rank 0] (epoch: 27, iters: 7552, time: 0.001, data: 0.001) , D_A: 0.246, G_A: 0.981, cycle_A: 0.224, D_B: 0.138, G_B: 0.997, cycle_B: 0.152, gp: 0.136

[Rank 0] (epoch: 27, iters: 9152, time: 0.001, data: 0.001) , D_A: 0.208, G_A: 0.988, cycle_A: 0.221, D_B: 0.122, G_B: 0.961, cycle_B: 0.163, gp: 0.120

[Rank 0] (epoch: 27, iters: 10752, time: 0.001, data: 0.001) , D_A: 0.196, G_A: 0.910, cycle_A: 0.228, D_B: 0.089, G_B: 0.954, cycle_B: 0.155, gp: 0.088

[Rank 0] (epoch: 27, iters: 12352, time: 0.001, data: 0.002) , D_A: 0.274, G_A: 0.991, cycle_A: 0.215, D_B: 0.348, G_B: 0.905, cycle_B: 0.161, gp: 0.344

[Rank 0] (epoch: 27, iters: 13952, time: 0.001, data: 0.001) , D_A: 0.189, G_A: 1.032, cycle_A: 0.213, D_B: 0.142, G_B: 1.007, cycle_B: 0.162, gp: 0.141

[Rank 0] (epoch: 27, iters: 15552, time: 0.001, data: 0.001) , D_A: 0.243, G_A: 1.000, cycle_A: 0.237, D_B: 0.202, G_B: 1.014, cycle_B: 0.161, gp: 0.200

[Rank 0] (epoch: 27, iters: 17152, time: 0.001, data: 0.001) , D_A: 0.203, G_A: 0.986, cycle_A: 0.232, D_B: 0.185, G_B: 1.051, cycle_B: 0.150, gp: 0.183

[Rank 0] (epoch: 27, iters: 18752, time: 0.001, data: 0.001) , D_A: 0.258, G_A: 1.033, cycle_A: 0.224, D_B: 0.121, G_B: 1.005, cycle_B: 0.161, gp: 0.119

[Rank 0] (epoch: 27, iters: 20352, time: 0.001, data: 0.001) , D_A: 0.272, G_A: 0.917, cycle_A: 0.227, D_B: 0.091, G_B: 1.019, cycle_B: 0.155, gp: 0.089

[Rank 0] (epoch: 27, iters: 21952, time: 0.001, data: 0.001) , D_A: 0.272, G_A: 0.958, cycle_A: 0.223, D_B: 0.194, G_B: 1.017, cycle_B: 0.160, gp: 0.191

[Rank 0] (epoch: 27, iters: 23552, time: 0.001, data: 0.001) , D_A: 0.190, G_A: 0.997, cycle_A: 0.228, D_B: 0.101, G_B: 0.980, cycle_B: 0.166, gp: 0.099

[Rank 0] (epoch: 27, iters: 25152, time: 0.001, data: 0.001) , D_A: 0.206, G_A: 0.966, cycle_A: 0.222, D_B: 0.179, G_B: 1.043, cycle_B: 0.151, gp: 0.177

[Rank 0] (epoch: 27, iters: 26752, time: 0.001, data: 0.001) , D_A: 0.326, G_A: 1.023, cycle_A: 0.202, D_B: 0.170, G_B: 0.983, cycle_B: 0.159, gp: 0.168

--- iter tau=0.2129 ---
  cipher in : l other products change proportionately the form of the industry
  decrypted :  smta lsplmiu txs aerd splmpmltomret  gsta symlvsmysta soriuxtlg
  real plain: munity the idea of community and the idea of spirit are two dist
  cipher in : theory that we live in an electric universe and this theory star
  decrypted : ta mlgstaetsn s oe sorsers    tlo suroe lx seristaoxsta mlgsxtel
  real plain: estival which during two weeks had sampled most compositional ca
[Rank 0] (epoch: 27, iters: 28352, time: 0.001, data: 0.001) , D_A: 0.292, G_A: 0.969, cycle_A: 0.214, D_B: 0.195, G_B: 1.007, cycle_B: 0.161, gp: 0.193

saving the latest model (epoch 27, total_iters 1080000)
[Rank 0] (epoch: 27, iters: 29952, time: 0.001, data: 0.001) , D_A: 0.244, G_A: 0.958, cycle_A: 0.222, D_B: 0.174, G_B: 0.988, cycle_B: 0.152, gp: 0.173

[Rank 0] (epoch: 27, iters: 31552, time: 0.001, data: 0.001) , D_A: 0.179, G_A: 0.956, cycle_A: 0.207, D_B: 0.166, G_B: 0.998, cycle_B: 0.155, gp: 0.164

[Rank 0] (epoch: 27, iters: 33152, time: 0.001, data: 0.001) , D_A: 0.236, G_A: 0.966, cycle_A: 0.225, D_B: 0.149, G_B: 0.977, cycle_B: 0.163, gp: 0.147

[Rank 0] (epoch: 27, iters: 34752, time: 0.001, data: 0.001) , D_A: 0.242, G_A: 0.982, cycle_A: 0.227, D_B: 0.173, G_B: 1.015, cycle_B: 0.159, gp: 0.171

[Rank 0] (epoch: 27, iters: 36352, time: 0.001, data: 0.001) , D_A: 0.212, G_A: 1.009, cycle_A: 0.228, D_B: 0.155, G_B: 0.982, cycle_B: 0.160, gp: 0.154

[Rank 0] (epoch: 27, iters: 37952, time: 0.001, data: 0.001) , D_A: 0.125, G_A: 0.980, cycle_A: 0.218, D_B: 0.166, G_B: 1.006, cycle_B: 0.166, gp: 0.164

[Rank 0] (epoch: 27, iters: 39552, time: 0.001, data: 0.002) , D_A: 0.154, G_A: 0.978, cycle_A: 0.216, D_B: 0.122, G_B: 1.007, cycle_B: 0.165, gp: 0.120

learning rate 0.0002000 -> 0.0002000
temperature tau = 0.2060
End of epoch 27 / 50 	 Time Taken: 37 sec
[Rank 0] (epoch: 28, iters: 704, time: 0.001, data: 0.000) , D_A: 0.229, G_A: 0.983, cycle_A: 0.219, D_B: 0.066, G_B: 0.981, cycle_B: 0.163, gp: 0.064

[Rank 0] (epoch: 28, iters: 2304, time: 0.001, data: 0.000) , D_A: 0.326, G_A: 1.089, cycle_A: 0.221, D_B: 0.206, G_B: 1.035, cycle_B: 0.159, gp: 0.204

[Rank 0] (epoch: 28, iters: 3904, time: 0.001, data: 0.001) , D_A: 0.287, G_A: 1.073, cycle_A: 0.213, D_B: 0.145, G_B: 0.960, cycle_B: 0.162, gp: 0.142

[Rank 0] (epoch: 28, iters: 5504, time: 0.001, data: 0.001) , D_A: 0.226, G_A: 1.010, cycle_A: 0.209, D_B: 0.193, G_B: 0.991, cycle_B: 0.153, gp: 0.192

[Rank 0] (epoch: 28, iters: 7104, time: 0.001, data: 0.001) , D_A: 0.276, G_A: 0.983, cycle_A: 0.224, D_B: 0.151, G_B: 1.010, cycle_B: 0.157, gp: 0.150

[Rank 0] (epoch: 28, iters: 8704, time: 0.001, data: 0.001) , D_A: 0.204, G_A: 0.953, cycle_A: 0.205, D_B: 0.232, G_B: 1.030, cycle_B: 0.156, gp: 0.231

[Rank 0] (epoch: 28, iters: 10304, time: 0.001, data: 0.001) , D_A: 0.205, G_A: 0.956, cycle_A: 0.218, D_B: 0.159, G_B: 0.973, cycle_B: 0.152, gp: 0.157

[Rank 0] (epoch: 28, iters: 11904, time: 0.001, data: 0.001) , D_A: 0.248, G_A: 1.013, cycle_A: 0.234, D_B: 0.232, G_B: 1.000, cycle_B: 0.156, gp: 0.230

[Rank 0] (epoch: 28, iters: 13504, time: 0.001, data: 0.001) , D_A: 0.332, G_A: 0.906, cycle_A: 0.208, D_B: 0.148, G_B: 1.039, cycle_B: 0.149, gp: 0.147

[Rank 0] (epoch: 28, iters: 15104, time: 0.001, data: 0.001) , D_A: 0.399, G_A: 1.110, cycle_A: 0.216, D_B: 0.174, G_B: 0.992, cycle_B: 0.150, gp: 0.172

[Rank 0] (epoch: 28, iters: 16704, time: 0.001, data: 0.001) , D_A: 0.295, G_A: 1.031, cycle_A: 0.193, D_B: 0.204, G_B: 0.963, cycle_B: 0.155, gp: 0.202

[Rank 0] (epoch: 28, iters: 18304, time: 0.001, data: 0.001) , D_A: 0.300, G_A: 0.945, cycle_A: 0.217, D_B: 0.237, G_B: 0.978, cycle_B: 0.150, gp: 0.235

[Rank 0] (epoch: 28, iters: 19904, time: 0.001, data: 0.001) , D_A: 0.281, G_A: 0.975, cycle_A: 0.220, D_B: 0.189, G_B: 0.957, cycle_B: 0.157, gp: 0.187

[Rank 0] (epoch: 28, iters: 21504, time: 0.001, data: 0.001) , D_A: 0.389, G_A: 0.967, cycle_A: 0.223, D_B: 0.138, G_B: 0.978, cycle_B: 0.156, gp: 0.136

[Rank 0] (epoch: 28, iters: 23104, time: 0.001, data: 0.001) , D_A: 0.277, G_A: 1.052, cycle_A: 0.213, D_B: 0.134, G_B: 1.003, cycle_B: 0.153, gp: 0.132

[Rank 0] (epoch: 28, iters: 24704, time: 0.001, data: 0.001) , D_A: 0.215, G_A: 0.972, cycle_A: 0.221, D_B: 0.095, G_B: 0.955, cycle_B: 0.166, gp: 0.093

[Rank 0] (epoch: 28, iters: 26304, time: 0.001, data: 0.001) , D_A: 0.242, G_A: 1.003, cycle_A: 0.211, D_B: 0.193, G_B: 1.025, cycle_B: 0.154, gp: 0.191

--- iter tau=0.2060 ---
  cipher in : known scientists regarding the destructive power of the newest n
  decrypted : qrmnrsx o rtoxtxsl deliordsta si xtlu toe spmn lsmysta sr n xtsr
  real plain: ntries themselves external aid can only be marginal although the
  cipher in : hey would lie in suspended animation for many years some time la
  decrypted : a gsnmu is o sorsxuxp ri iserovetomrsymlsvergsg elxsxmv stov s e
  real plain: le governmental specialist to contrive directives or program a s
[Rank 0] (epoch: 28, iters: 27904, time: 0.001, data: 0.001) , D_A: 0.152, G_A: 1.014, cycle_A: 0.213, D_B: 0.177, G_B: 1.038, cycle_B: 0.161, gp: 0.174

saving the latest model (epoch 28, total_iters 1120000)
[Rank 0] (epoch: 28, iters: 29504, time: 0.001, data: 0.001) , D_A: 0.299, G_A: 0.994, cycle_A: 0.216, D_B: 0.137, G_B: 1.013, cycle_B: 0.155, gp: 0.135

[Rank 0] (epoch: 28, iters: 31104, time: 0.001, data: 0.001) , D_A: 0.331, G_A: 0.985, cycle_A: 0.217, D_B: 0.175, G_B: 0.961, cycle_B: 0.164, gp: 0.172

[Rank 0] (epoch: 28, iters: 32704, time: 0.001, data: 0.001) , D_A: 0.256, G_A: 0.966, cycle_A: 0.229, D_B: 0.202, G_B: 0.993, cycle_B: 0.161, gp: 0.200

[Rank 0] (epoch: 28, iters: 34304, time: 0.001, data: 0.001) , D_A: 0.362, G_A: 1.001, cycle_A: 0.209, D_B: 0.202, G_B: 1.031, cycle_B: 0.151, gp: 0.199

[Rank 0] (epoch: 28, iters: 35904, time: 0.001, data: 0.001) , D_A: 0.163, G_A: 0.997, cycle_A: 0.220, D_B: 0.205, G_B: 0.965, cycle_B: 0.160, gp: 0.203

[Rank 0] (epoch: 28, iters: 37504, time: 0.001, data: 0.001) , D_A: 0.255, G_A: 0.885, cycle_A: 0.233, D_B: 0.126, G_B: 0.987, cycle_B: 0.148, gp: 0.123

[Rank 0] (epoch: 28, iters: 39104, time: 0.001, data: 0.001) , D_A: 0.308, G_A: 1.005, cycle_A: 0.219, D_B: 0.170, G_B: 0.979, cycle_B: 0.160, gp: 0.168

learning rate 0.0002000 -> 0.0002000
temperature tau = 0.1993
End of epoch 28 / 50 	 Time Taken: 33 sec
[Rank 0] (epoch: 29, iters: 256, time: 0.001, data: 0.001) , D_A: 0.224, G_A: 0.987, cycle_A: 0.210, D_B: 0.182, G_B: 1.016, cycle_B: 0.148, gp: 0.181

[Rank 0] (epoch: 29, iters: 1856, time: 0.001, data: 0.000) , D_A: 0.192, G_A: 0.989, cycle_A: 0.227, D_B: 0.116, G_B: 0.986, cycle_B: 0.159, gp: 0.115

[Rank 0] (epoch: 29, iters: 3456, time: 0.001, data: 0.001) , D_A: 0.252, G_A: 1.003, cycle_A: 0.216, D_B: 0.150, G_B: 1.089, cycle_B: 0.159, gp: 0.147

[Rank 0] (epoch: 29, iters: 5056, time: 0.001, data: 0.002) , D_A: 0.189, G_A: 1.087, cycle_A: 0.214, D_B: 0.078, G_B: 0.993, cycle_B: 0.161, gp: 0.077

[Rank 0] (epoch: 29, iters: 6656, time: 0.001, data: 0.001) , D_A: 0.275, G_A: 1.021, cycle_A: 0.207, D_B: 0.063, G_B: 0.975, cycle_B: 0.147, gp: 0.061

[Rank 0] (epoch: 29, iters: 8256, time: 0.001, data: 0.001) , D_A: 0.326, G_A: 0.968, cycle_A: 0.215, D_B: 0.081, G_B: 1.086, cycle_B: 0.158, gp: 0.077

[Rank 0] (epoch: 29, iters: 9856, time: 0.001, data: 0.001) , D_A: 0.169, G_A: 0.976, cycle_A: 0.215, D_B: 0.143, G_B: 1.007, cycle_B: 0.162, gp: 0.142

[Rank 0] (epoch: 29, iters: 11456, time: 0.001, data: 0.001) , D_A: 0.228, G_A: 1.044, cycle_A: 0.221, D_B: 0.116, G_B: 0.957, cycle_B: 0.157, gp: 0.113

[Rank 0] (epoch: 29, iters: 13056, time: 0.001, data: 0.001) , D_A: 0.366, G_A: 1.000, cycle_A: 0.203, D_B: 0.120, G_B: 0.941, cycle_B: 0.156, gp: 0.117

[Rank 0] (epoch: 29, iters: 14656, time: 0.001, data: 0.001) , D_A: 0.337, G_A: 1.013, cycle_A: 0.216, D_B: 0.124, G_B: 0.980, cycle_B: 0.157, gp: 0.123

[Rank 0] (epoch: 29, iters: 16256, time: 0.001, data: 0.002) , D_A: 0.262, G_A: 1.082, cycle_A: 0.202, D_B: 0.184, G_B: 0.977, cycle_B: 0.150, gp: 0.182

[Rank 0] (epoch: 29, iters: 17856, time: 0.001, data: 0.001) , D_A: 0.168, G_A: 0.995, cycle_A: 0.219, D_B: 0.187, G_B: 0.969, cycle_B: 0.155, gp: 0.186

[Rank 0] (epoch: 29, iters: 19456, time: 0.001, data: 0.001) , D_A: 0.225, G_A: 0.992, cycle_A: 0.225, D_B: 0.214, G_B: 0.993, cycle_B: 0.162, gp: 0.213

[Rank 0] (epoch: 29, iters: 21056, time: 0.001, data: 0.001) , D_A: 0.213, G_A: 0.929, cycle_A: 0.226, D_B: 0.157, G_B: 0.989, cycle_B: 0.156, gp: 0.155

[Rank 0] (epoch: 29, iters: 22656, time: 0.001, data: 0.001) , D_A: 0.177, G_A: 0.998, cycle_A: 0.229, D_B: 0.113, G_B: 0.977, cycle_B: 0.153, gp: 0.111

[Rank 0] (epoch: 29, iters: 24256, time: 0.001, data: 0.001) , D_A: 0.168, G_A: 0.999, cycle_A: 0.227, D_B: 0.171, G_B: 0.989, cycle_B: 0.149, gp: 0.170

[Rank 0] (epoch: 29, iters: 25856, time: 0.001, data: 0.002) , D_A: 0.227, G_A: 1.001, cycle_A: 0.220, D_B: 0.129, G_B: 0.986, cycle_B: 0.149, gp: 0.128

--- iter tau=0.1993 ---
  cipher in : t by other southern authors while remaining faithful to the esse
  decrypted : tshgsmta lsxmuta lrseutamlxsnao  sl veorordsyeotayu stmsta s xx 
  real plain: ooked after immediately in fact he intimated clearly that that w
  cipher in : cence but the farther out he moves the thinner will be his hold 
  decrypted :   r  shutsta syelta lsmutsa svme xsta staorr lsno  sh saoxsam is
  real plain: they would cry mama tried to talk to them and keep them quiet wh
[Rank 0] (epoch: 29, iters: 27456, time: 0.001, data: 0.001) , D_A: 0.223, G_A: 0.985, cycle_A: 0.219, D_B: 0.137, G_B: 0.961, cycle_B: 0.154, gp: 0.135

saving the latest model (epoch 29, total_iters 1160000)
[Rank 0] (epoch: 29, iters: 29056, time: 0.001, data: 0.002) , D_A: 0.258, G_A: 1.014, cycle_A: 0.222, D_B: 0.186, G_B: 0.943, cycle_B: 0.152, gp: 0.184

[Rank 0] (epoch: 29, iters: 30656, time: 0.001, data: 0.001) , D_A: 0.329, G_A: 0.985, cycle_A: 0.218, D_B: 0.169, G_B: 0.987, cycle_B: 0.153, gp: 0.168

[Rank 0] (epoch: 29, iters: 32256, time: 0.001, data: 0.001) , D_A: 0.302, G_A: 0.955, cycle_A: 0.232, D_B: 0.127, G_B: 0.957, cycle_B: 0.153, gp: 0.125

[Rank 0] (epoch: 29, iters: 33856, time: 0.001, data: 0.001) , D_A: 0.206, G_A: 1.000, cycle_A: 0.223, D_B: 0.177, G_B: 1.023, cycle_B: 0.150, gp: 0.174

[Rank 0] (epoch: 29, iters: 35456, time: 0.001, data: 0.001) , D_A: 0.125, G_A: 1.000, cycle_A: 0.220, D_B: 0.118, G_B: 1.012, cycle_B: 0.158, gp: 0.117

[Rank 0] (epoch: 29, iters: 37056, time: 0.001, data: 0.001) , D_A: 0.266, G_A: 1.066, cycle_A: 0.208, D_B: 0.205, G_B: 0.966, cycle_B: 0.163, gp: 0.203

[Rank 0] (epoch: 29, iters: 38656, time: 0.001, data: 0.001) , D_A: 0.226, G_A: 0.913, cycle_A: 0.203, D_B: 0.229, G_B: 1.000, cycle_B: 0.165, gp: 0.228

[Rank 0] (epoch: 29, iters: 40256, time: 0.001, data: 0.001) , D_A: 0.201, G_A: 0.999, cycle_A: 0.208, D_B: 0.129, G_B: 0.981, cycle_B: 0.157, gp: 0.128

learning rate 0.0002000 -> 0.0002000
temperature tau = 0.1929
End of epoch 29 / 50 	 Time Taken: 37 sec
[Rank 0] (epoch: 30, iters: 1408, time: 0.001, data: 0.001) , D_A: 0.198, G_A: 1.039, cycle_A: 0.212, D_B: 0.121, G_B: 1.007, cycle_B: 0.162, gp: 0.119

[Rank 0] (epoch: 30, iters: 3008, time: 0.001, data: 0.001) , D_A: 0.166, G_A: 0.980, cycle_A: 0.222, D_B: 0.141, G_B: 0.945, cycle_B: 0.145, gp: 0.139

[Rank 0] (epoch: 30, iters: 4608, time: 0.001, data: 0.001) , D_A: 0.148, G_A: 0.995, cycle_A: 0.225, D_B: 0.156, G_B: 0.972, cycle_B: 0.145, gp: 0.155

[Rank 0] (epoch: 30, iters: 6208, time: 0.001, data: 0.001) , D_A: 0.091, G_A: 0.997, cycle_A: 0.230, D_B: 0.194, G_B: 1.019, cycle_B: 0.150, gp: 0.192

[Rank 0] (epoch: 30, iters: 7808, time: 0.001, data: 0.001) , D_A: 0.196, G_A: 1.068, cycle_A: 0.224, D_B: 0.163, G_B: 1.012, cycle_B: 0.153, gp: 0.161

[Rank 0] (epoch: 30, iters: 9408, time: 0.001, data: 0.001) , D_A: 0.326, G_A: 0.951, cycle_A: 0.219, D_B: 0.093, G_B: 0.950, cycle_B: 0.159, gp: 0.092

[Rank 0] (epoch: 30, iters: 11008, time: 0.001, data: 0.001) , D_A: 0.201, G_A: 1.089, cycle_A: 0.209, D_B: 0.121, G_B: 1.036, cycle_B: 0.158, gp: 0.119

[Rank 0] (epoch: 30, iters: 12608, time: 0.001, data: 0.001) , D_A: 0.235, G_A: 1.013, cycle_A: 0.205, D_B: 0.146, G_B: 0.866, cycle_B: 0.147, gp: 0.140

[Rank 0] (epoch: 30, iters: 14208, time: 0.001, data: 0.001) , D_A: 0.403, G_A: 1.003, cycle_A: 0.211, D_B: 0.120, G_B: 1.023, cycle_B: 0.161, gp: 0.118

[Rank 0] (epoch: 30, iters: 15808, time: 0.001, data: 0.001) , D_A: 0.250, G_A: 0.985, cycle_A: 0.203, D_B: 0.216, G_B: 0.970, cycle_B: 0.159, gp: 0.214

[Rank 0] (epoch: 30, iters: 17408, time: 0.001, data: 0.001) , D_A: 0.266, G_A: 0.960, cycle_A: 0.202, D_B: 0.136, G_B: 0.990, cycle_B: 0.148, gp: 0.134

[Rank 0] (epoch: 30, iters: 19008, time: 0.001, data: 0.001) , D_A: 0.311, G_A: 0.951, cycle_A: 0.223, D_B: 0.154, G_B: 0.976, cycle_B: 0.156, gp: 0.152

[Rank 0] (epoch: 30, iters: 20608, time: 0.001, data: 0.001) , D_A: 0.366, G_A: 1.033, cycle_A: 0.213, D_B: 0.173, G_B: 0.989, cycle_B: 0.156, gp: 0.170

[Rank 0] (epoch: 30, iters: 22208, time: 0.001, data: 0.001) , D_A: 0.223, G_A: 0.987, cycle_A: 0.209, D_B: 0.120, G_B: 0.948, cycle_B: 0.160, gp: 0.118

[Rank 0] (epoch: 30, iters: 23808, time: 0.001, data: 0.001) , D_A: 0.431, G_A: 0.880, cycle_A: 0.217, D_B: 0.124, G_B: 0.962, cycle_B: 0.149, gp: 0.122

[Rank 0] (epoch: 30, iters: 25408, time: 0.001, data: 0.001) , D_A: 0.336, G_A: 0.981, cycle_A: 0.203, D_B: 0.124, G_B: 0.929, cycle_B: 0.151, gp: 0.119

--- iter tau=0.1929 ---
  cipher in :  injured at midnight friday when the car they were riding slid i
  decrypted : sorjul isetsvoirodatsyloiegsna rsta s elsta gsn l sloiordsx oiso
  real plain: in washington dc lucy upton held positions in the us census offi
  cipher in : ous system provides a body of ultimate ends for the society whic
  decrypted : muxsxgxt vsplmeoi xseshmigsmysu tovet s rixsymlsta sxm o tgsnao 
  real plain:  found as he had suspected a general consensus that perhaps over
[Rank 0] (epoch: 30, iters: 27008, time: 0.001, data: 0.001) , D_A: 0.206, G_A: 0.983, cycle_A: 0.229, D_B: 0.159, G_B: 0.943, cycle_B: 0.157, gp: 0.157

saving the latest model (epoch 30, total_iters 1200000)
[Rank 0] (epoch: 30, iters: 28608, time: 0.001, data: 0.001) , D_A: 0.316, G_A: 0.922, cycle_A: 0.205, D_B: 0.136, G_B: 0.994, cycle_B: 0.160, gp: 0.135

[Rank 0] (epoch: 30, iters: 30208, time: 0.001, data: 0.001) , D_A: 0.321, G_A: 0.951, cycle_A: 0.219, D_B: 0.247, G_B: 1.017, cycle_B: 0.152, gp: 0.246

[Rank 0] (epoch: 30, iters: 31808, time: 0.001, data: 0.001) , D_A: 0.295, G_A: 0.916, cycle_A: 0.214, D_B: 0.140, G_B: 0.967, cycle_B: 0.153, gp: 0.137

[Rank 0] (epoch: 30, iters: 33408, time: 0.001, data: 0.001) , D_A: 0.321, G_A: 0.940, cycle_A: 0.212, D_B: 0.181, G_B: 0.999, cycle_B: 0.152, gp: 0.180

[Rank 0] (epoch: 30, iters: 35008, time: 0.001, data: 0.001) , D_A: 0.260, G_A: 0.967, cycle_A: 0.214, D_B: 0.083, G_B: 0.999, cycle_B: 0.160, gp: 0.081

[Rank 0] (epoch: 30, iters: 36608, time: 0.001, data: 0.001) , D_A: 0.206, G_A: 1.016, cycle_A: 0.210, D_B: 0.181, G_B: 1.015, cycle_B: 0.153, gp: 0.180

[Rank 0] (epoch: 30, iters: 38208, time: 0.001, data: 0.001) , D_A: 0.265, G_A: 0.958, cycle_A: 0.216, D_B: 0.143, G_B: 1.031, cycle_B: 0.169, gp: 0.141

[Rank 0] (epoch: 30, iters: 39808, time: 0.001, data: 0.001) , D_A: 0.324, G_A: 0.930, cycle_A: 0.211, D_B: 0.158, G_B: 0.975, cycle_B: 0.157, gp: 0.157

learning rate 0.0002000 -> 0.0002000
temperature tau = 0.1867
End of epoch 30 / 50 	 Time Taken: 33 sec
[Rank 0] (epoch: 31, iters: 960, time: 0.001, data: 0.001) , D_A: 0.278, G_A: 0.948, cycle_A: 0.223, D_B: 0.190, G_B: 1.038, cycle_B: 0.158, gp: 0.189

[Rank 0] (epoch: 31, iters: 2560, time: 0.001, data: 0.001) , D_A: 0.286, G_A: 0.965, cycle_A: 0.211, D_B: 0.140, G_B: 1.013, cycle_B: 0.160, gp: 0.138

[Rank 0] (epoch: 31, iters: 4160, time: 0.001, data: 0.001) , D_A: 0.269, G_A: 1.080, cycle_A: 0.214, D_B: 0.142, G_B: 0.977, cycle_B: 0.151, gp: 0.140

[Rank 0] (epoch: 31, iters: 5760, time: 0.001, data: 0.001) , D_A: 0.210, G_A: 1.008, cycle_A: 0.221, D_B: 0.174, G_B: 0.969, cycle_B: 0.152, gp: 0.172

[Rank 0] (epoch: 31, iters: 7360, time: 0.001, data: 0.001) , D_A: 0.275, G_A: 1.023, cycle_A: 0.222, D_B: 0.212, G_B: 0.975, cycle_B: 0.153, gp: 0.211

[Rank 0] (epoch: 31, iters: 8960, time: 0.001, data: 0.001) , D_A: 0.153, G_A: 1.014, cycle_A: 0.210, D_B: 0.195, G_B: 0.987, cycle_B: 0.172, gp: 0.194

[Rank 0] (epoch: 31, iters: 10560, time: 0.001, data: 0.001) , D_A: 0.154, G_A: 0.989, cycle_A: 0.214, D_B: 0.232, G_B: 0.890, cycle_B: 0.151, gp: 0.230

[Rank 0] (epoch: 31, iters: 12160, time: 0.001, data: 0.001) , D_A: 0.345, G_A: 0.869, cycle_A: 0.222, D_B: 0.150, G_B: 1.009, cycle_B: 0.155, gp: 0.148

[Rank 0] (epoch: 31, iters: 13760, time: 0.001, data: 0.001) , D_A: 0.325, G_A: 0.980, cycle_A: 0.206, D_B: 0.138, G_B: 0.980, cycle_B: 0.148, gp: 0.136

[Rank 0] (epoch: 31, iters: 15360, time: 0.001, data: 0.001) , D_A: 0.346, G_A: 0.974, cycle_A: 0.217, D_B: 0.186, G_B: 0.988, cycle_B: 0.149, gp: 0.185

[Rank 0] (epoch: 31, iters: 16960, time: 0.001, data: 0.001) , D_A: 0.301, G_A: 0.914, cycle_A: 0.208, D_B: 0.167, G_B: 1.019, cycle_B: 0.147, gp: 0.166

[Rank 0] (epoch: 31, iters: 18560, time: 0.001, data: 0.001) , D_A: 0.314, G_A: 1.046, cycle_A: 0.210, D_B: 0.104, G_B: 1.000, cycle_B: 0.159, gp: 0.103

[Rank 0] (epoch: 31, iters: 20160, time: 0.001, data: 0.001) , D_A: 0.326, G_A: 1.011, cycle_A: 0.234, D_B: 0.176, G_B: 1.015, cycle_B: 0.154, gp: 0.175

[Rank 0] (epoch: 31, iters: 21760, time: 0.001, data: 0.001) , D_A: 0.224, G_A: 0.952, cycle_A: 0.229, D_B: 0.224, G_B: 0.993, cycle_B: 0.172, gp: 0.223

[Rank 0] (epoch: 31, iters: 23360, time: 0.001, data: 0.001) , D_A: 0.216, G_A: 0.935, cycle_A: 0.211, D_B: 0.200, G_B: 1.026, cycle_B: 0.167, gp: 0.198

[Rank 0] (epoch: 31, iters: 24960, time: 0.001, data: 0.001) , D_A: 0.280, G_A: 0.975, cycle_A: 0.213, D_B: 0.094, G_B: 1.033, cycle_B: 0.156, gp: 0.092

--- iter tau=0.1867 ---
  cipher in : iciently neutral that the puppets could be changed without disha
  decrypted : o o rt gsr utle staetsta spupp txs mu ish s aerd isnotamutsioxae
  real plain: ificant ambivalence in the selfimages held by most realtors with
  cipher in :  to be fought let the best sex win but his resolution hardly see
  decrypted : stmsh symudats  tsta sh xtsx gsnorshutsaoxsl xm utomrsaeli gsx  
  real plain: a sound of despair deep in his throat it was embarrassing to see
[Rank 0] (epoch: 31, iters: 26560, time: 0.001, data: 0.001) , D_A: 0.248, G_A: 0.919, cycle_A: 0.218, D_B: 0.151, G_B: 1.025, cycle_B: 0.155, gp: 0.150

saving the latest model (epoch 31, total_iters 1240000)
[Rank 0] (epoch: 31, iters: 28160, time: 0.001, data: 0.001) , D_A: 0.247, G_A: 1.038, cycle_A: 0.217, D_B: 0.195, G_B: 1.080, cycle_B: 0.166, gp: 0.193

[Rank 0] (epoch: 31, iters: 29760, time: 0.001, data: 0.001) , D_A: 0.205, G_A: 1.031, cycle_A: 0.224, D_B: 0.167, G_B: 0.981, cycle_B: 0.152, gp: 0.165

[Rank 0] (epoch: 31, iters: 31360, time: 0.001, data: 0.001) , D_A: 0.164, G_A: 0.960, cycle_A: 0.226, D_B: 0.202, G_B: 1.054, cycle_B: 0.156, gp: 0.200

[Rank 0] (epoch: 31, iters: 32960, time: 0.001, data: 0.001) , D_A: 0.203, G_A: 1.043, cycle_A: 0.221, D_B: 0.187, G_B: 0.939, cycle_B: 0.164, gp: 0.186

[Rank 0] (epoch: 31, iters: 34560, time: 0.001, data: 0.001) , D_A: 0.236, G_A: 1.016, cycle_A: 0.204, D_B: 0.113, G_B: 0.928, cycle_B: 0.157, gp: 0.110

[Rank 0] (epoch: 31, iters: 36160, time: 0.001, data: 0.001) , D_A: 0.162, G_A: 0.955, cycle_A: 0.223, D_B: 0.202, G_B: 0.995, cycle_B: 0.160, gp: 0.201

[Rank 0] (epoch: 31, iters: 37760, time: 0.001, data: 0.001) , D_A: 0.314, G_A: 1.032, cycle_A: 0.227, D_B: 0.158, G_B: 0.999, cycle_B: 0.148, gp: 0.157

[Rank 0] (epoch: 31, iters: 39360, time: 0.001, data: 0.001) , D_A: 0.280, G_A: 0.943, cycle_A: 0.208, D_B: 0.103, G_B: 0.967, cycle_B: 0.160, gp: 0.102

learning rate 0.0002000 -> 0.0002000
temperature tau = 0.1806
End of epoch 31 / 50 	 Time Taken: 32 sec
[Rank 0] (epoch: 32, iters: 512, time: 0.001, data: 0.007) , D_A: 0.367, G_A: 0.985, cycle_A: 0.205, D_B: 0.110, G_B: 1.002, cycle_B: 0.148, gp: 0.109

[Rank 0] (epoch: 32, iters: 2112, time: 0.001, data: 0.000) , D_A: 0.327, G_A: 0.969, cycle_A: 0.230, D_B: 0.268, G_B: 1.007, cycle_B: 0.159, gp: 0.267

[Rank 0] (epoch: 32, iters: 3712, time: 0.001, data: 0.001) , D_A: 0.292, G_A: 0.960, cycle_A: 0.208, D_B: 0.188, G_B: 1.018, cycle_B: 0.162, gp: 0.186

[Rank 0] (epoch: 32, iters: 5312, time: 0.001, data: 0.001) , D_A: 0.293, G_A: 1.021, cycle_A: 0.207, D_B: 0.139, G_B: 1.155, cycle_B: 0.154, gp: 0.128

[Rank 0] (epoch: 32, iters: 6912, time: 0.001, data: 0.001) , D_A: 0.286, G_A: 0.986, cycle_A: 0.221, D_B: 0.200, G_B: 1.012, cycle_B: 0.156, gp: 0.199

[Rank 0] (epoch: 32, iters: 8512, time: 0.001, data: 0.001) , D_A: 0.305, G_A: 0.979, cycle_A: 0.225, D_B: 0.161, G_B: 1.037, cycle_B: 0.157, gp: 0.160

[Rank 0] (epoch: 32, iters: 10112, time: 0.001, data: 0.001) , D_A: 0.231, G_A: 1.015, cycle_A: 0.223, D_B: 0.167, G_B: 0.980, cycle_B: 0.162, gp: 0.166

[Rank 0] (epoch: 32, iters: 11712, time: 0.001, data: 0.001) , D_A: 0.258, G_A: 1.000, cycle_A: 0.216, D_B: 0.200, G_B: 0.995, cycle_B: 0.156, gp: 0.198

[Rank 0] (epoch: 32, iters: 13312, time: 0.001, data: 0.001) , D_A: 0.281, G_A: 0.954, cycle_A: 0.221, D_B: 0.126, G_B: 0.984, cycle_B: 0.158, gp: 0.124

[Rank 0] (epoch: 32, iters: 14912, time: 0.001, data: 0.001) , D_A: 0.247, G_A: 0.990, cycle_A: 0.224, D_B: 0.180, G_B: 1.002, cycle_B: 0.151, gp: 0.178

[Rank 0] (epoch: 32, iters: 16512, time: 0.001, data: 0.001) , D_A: 0.199, G_A: 0.923, cycle_A: 0.223, D_B: 0.189, G_B: 1.023, cycle_B: 0.156, gp: 0.188

[Rank 0] (epoch: 32, iters: 18112, time: 0.001, data: 0.001) , D_A: 0.249, G_A: 0.983, cycle_A: 0.203, D_B: 0.118, G_B: 1.002, cycle_B: 0.151, gp: 0.117

[Rank 0] (epoch: 32, iters: 19712, time: 0.001, data: 0.001) , D_A: 0.226, G_A: 0.976, cycle_A: 0.234, D_B: 0.134, G_B: 1.029, cycle_B: 0.156, gp: 0.133

[Rank 0] (epoch: 32, iters: 21312, time: 0.001, data: 0.001) , D_A: 0.274, G_A: 1.017, cycle_A: 0.221, D_B: 0.166, G_B: 1.007, cycle_B: 0.156, gp: 0.164

[Rank 0] (epoch: 32, iters: 22912, time: 0.001, data: 0.001) , D_A: 0.192, G_A: 1.022, cycle_A: 0.224, D_B: 0.103, G_B: 0.994, cycle_B: 0.152, gp: 0.101

[Rank 0] (epoch: 32, iters: 24512, time: 0.001, data: 0.001) , D_A: 0.224, G_A: 0.976, cycle_A: 0.216, D_B: 0.127, G_B: 1.012, cycle_B: 0.149, gp: 0.126

--- iter tau=0.1806 ---
  cipher in : rs sorrow maj anderson of fort sumter is home and recruiting vol
  decrypted : lxsxmllmnsvejseri lxmrsmysymltsxuvt lsoxsamv serisl  luotordsem 
  real plain: that if it were a dream it was one from which she might never aw
  cipher in : hers i wouldnt even be surprised she said unhappily if myra trie
  decrypted : a lxsosnmu irts e rsh sxulplox isxa sxeoisuraeppo gsoysvglestlo 
  real plain: ot all of them have taken organized form in later years the actu
[Rank 0] (epoch: 32, iters: 26112, time: 0.001, data: 0.001) , D_A: 0.198, G_A: 1.000, cycle_A: 0.215, D_B: 0.123, G_B: 0.996, cycle_B: 0.149, gp: 0.122

saving the latest model (epoch 32, total_iters 1280000)
[Rank 0] (epoch: 32, iters: 27712, time: 0.001, data: 0.001) , D_A: 0.291, G_A: 0.971, cycle_A: 0.225, D_B: 0.128, G_B: 1.030, cycle_B: 0.161, gp: 0.127

[Rank 0] (epoch: 32, iters: 29312, time: 0.001, data: 0.001) , D_A: 0.157, G_A: 0.989, cycle_A: 0.221, D_B: 0.128, G_B: 0.999, cycle_B: 0.163, gp: 0.127

[Rank 0] (epoch: 32, iters: 30912, time: 0.001, data: 0.001) , D_A: 0.235, G_A: 1.004, cycle_A: 0.216, D_B: 0.076, G_B: 1.033, cycle_B: 0.162, gp: 0.074

[Rank 0] (epoch: 32, iters: 32512, time: 0.001, data: 0.001) , D_A: 0.285, G_A: 0.983, cycle_A: 0.221, D_B: 0.161, G_B: 0.985, cycle_B: 0.162, gp: 0.159

[Rank 0] (epoch: 32, iters: 34112, time: 0.001, data: 0.001) , D_A: 0.215, G_A: 1.004, cycle_A: 0.220, D_B: 0.228, G_B: 0.981, cycle_B: 0.151, gp: 0.227

[Rank 0] (epoch: 32, iters: 35712, time: 0.001, data: 0.001) , D_A: 0.129, G_A: 0.925, cycle_A: 0.219, D_B: 0.166, G_B: 0.985, cycle_B: 0.153, gp: 0.164

[Rank 0] (epoch: 32, iters: 37312, time: 0.001, data: 0.001) , D_A: 0.231, G_A: 1.028, cycle_A: 0.224, D_B: 0.117, G_B: 1.000, cycle_B: 0.157, gp: 0.115

[Rank 0] (epoch: 32, iters: 38912, time: 0.001, data: 0.001) , D_A: 0.271, G_A: 1.015, cycle_A: 0.218, D_B: 0.200, G_B: 0.972, cycle_B: 0.155, gp: 0.199

learning rate 0.0002000 -> 0.0002000
temperature tau = 0.1748
End of epoch 32 / 50 	 Time Taken: 33 sec
[Rank 0] (epoch: 33, iters: 64, time: 0.001, data: 0.001) , D_A: 0.203, G_A: 0.970, cycle_A: 0.215, D_B: 0.104, G_B: 0.985, cycle_B: 0.149, gp: 0.102

[Rank 0] (epoch: 33, iters: 1664, time: 0.001, data: 0.001) , D_A: 0.337, G_A: 0.876, cycle_A: 0.216, D_B: 0.040, G_B: 0.996, cycle_B: 0.160, gp: 0.038

[Rank 0] (epoch: 33, iters: 3264, time: 0.001, data: 0.001) , D_A: 0.367, G_A: 0.965, cycle_A: 0.230, D_B: 0.118, G_B: 0.986, cycle_B: 0.160, gp: 0.116

[Rank 0] (epoch: 33, iters: 4864, time: 0.001, data: 0.001) , D_A: 0.255, G_A: 0.951, cycle_A: 0.213, D_B: 0.108, G_B: 0.954, cycle_B: 0.161, gp: 0.106

[Rank 0] (epoch: 33, iters: 6464, time: 0.001, data: 0.001) , D_A: 0.317, G_A: 0.951, cycle_A: 0.215, D_B: 0.220, G_B: 0.982, cycle_B: 0.147, gp: 0.218

[Rank 0] (epoch: 33, iters: 8064, time: 0.001, data: 0.001) , D_A: 0.213, G_A: 0.972, cycle_A: 0.214, D_B: 0.092, G_B: 0.949, cycle_B: 0.153, gp: 0.090

[Rank 0] (epoch: 33, iters: 9664, time: 0.001, data: 0.001) , D_A: 0.266, G_A: 0.932, cycle_A: 0.212, D_B: 0.203, G_B: 1.017, cycle_B: 0.158, gp: 0.202

[Rank 0] (epoch: 33, iters: 11264, time: 0.001, data: 0.001) , D_A: 0.279, G_A: 0.923, cycle_A: 0.218, D_B: 0.148, G_B: 1.002, cycle_B: 0.157, gp: 0.147

[Rank 0] (epoch: 33, iters: 12864, time: 0.001, data: 0.001) , D_A: 0.235, G_A: 0.972, cycle_A: 0.210, D_B: 0.141, G_B: 1.002, cycle_B: 0.156, gp: 0.139

[Rank 0] (epoch: 33, iters: 14464, time: 0.001, data: 0.001) , D_A: 0.281, G_A: 1.084, cycle_A: 0.219, D_B: 0.136, G_B: 0.987, cycle_B: 0.157, gp: 0.135

[Rank 0] (epoch: 33, iters: 16064, time: 0.001, data: 0.001) , D_A: 0.174, G_A: 1.011, cycle_A: 0.217, D_B: 0.124, G_B: 1.033, cycle_B: 0.151, gp: 0.122

[Rank 0] (epoch: 33, iters: 17664, time: 0.001, data: 0.001) , D_A: 0.180, G_A: 0.951, cycle_A: 0.231, D_B: 0.179, G_B: 0.950, cycle_B: 0.155, gp: 0.177

[Rank 0] (epoch: 33, iters: 19264, time: 0.001, data: 0.001) , D_A: 0.209, G_A: 0.982, cycle_A: 0.210, D_B: 0.106, G_B: 0.989, cycle_B: 0.154, gp: 0.104

[Rank 0] (epoch: 33, iters: 20864, time: 0.001, data: 0.001) , D_A: 0.159, G_A: 0.996, cycle_A: 0.221, D_B: 0.147, G_B: 1.009, cycle_B: 0.156, gp: 0.146

[Rank 0] (epoch: 33, iters: 22464, time: 0.001, data: 0.001) , D_A: 0.241, G_A: 0.975, cycle_A: 0.220, D_B: 0.222, G_B: 0.975, cycle_B: 0.158, gp: 0.221

[Rank 0] (epoch: 33, iters: 24064, time: 0.001, data: 0.001) , D_A: 0.228, G_A: 1.049, cycle_A: 0.204, D_B: 0.176, G_B: 0.925, cycle_B: 0.149, gp: 0.173

--- iter tau=0.1748 ---
  cipher in : acture from which you can choose from the very small austin citr
  decrypted : e tul sylmvsnao asgmus ers ammx sylmvsta se lgsxve  seuxtors otl
  real plain: that if it were a dream it was one from which she might never aw
  cipher in :  washington indulged in a game of wickets with some children his
  decrypted : snexaordtmrsoriu d isorsesdev smysno q txsnotasxmv s ao il rsaox
  real plain: ot all of them have taken organized form in later years the actu
[Rank 0] (epoch: 33, iters: 25664, time: 0.001, data: 0.001) , D_A: 0.153, G_A: 0.994, cycle_A: 0.223, D_B: 0.199, G_B: 0.977, cycle_B: 0.152, gp: 0.198

saving the latest model (epoch 33, total_iters 1320000)
[Rank 0] (epoch: 33, iters: 27264, time: 0.001, data: 0.001) , D_A: 0.216, G_A: 0.931, cycle_A: 0.214, D_B: 0.114, G_B: 0.956, cycle_B: 0.153, gp: 0.113

[Rank 0] (epoch: 33, iters: 28864, time: 0.001, data: 0.001) , D_A: 0.234, G_A: 1.082, cycle_A: 0.211, D_B: 0.167, G_B: 0.965, cycle_B: 0.151, gp: 0.165

[Rank 0] (epoch: 33, iters: 30464, time: 0.001, data: 0.001) , D_A: 0.150, G_A: 0.961, cycle_A: 0.228, D_B: 0.187, G_B: 1.023, cycle_B: 0.153, gp: 0.185

[Rank 0] (epoch: 33, iters: 32064, time: 0.001, data: 0.001) , D_A: 0.210, G_A: 1.007, cycle_A: 0.223, D_B: 0.180, G_B: 0.999, cycle_B: 0.154, gp: 0.178

[Rank 0] (epoch: 33, iters: 33664, time: 0.001, data: 0.001) , D_A: 0.197, G_A: 0.946, cycle_A: 0.213, D_B: 0.124, G_B: 0.941, cycle_B: 0.150, gp: 0.123

[Rank 0] (epoch: 33, iters: 35264, time: 0.001, data: 0.001) , D_A: 0.273, G_A: 0.966, cycle_A: 0.219, D_B: 0.120, G_B: 0.997, cycle_B: 0.158, gp: 0.118

[Rank 0] (epoch: 33, iters: 36864, time: 0.001, data: 0.001) , D_A: 0.322, G_A: 0.965, cycle_A: 0.220, D_B: 0.114, G_B: 0.973, cycle_B: 0.155, gp: 0.113

[Rank 0] (epoch: 33, iters: 38464, time: 0.001, data: 0.001) , D_A: 0.191, G_A: 0.955, cycle_A: 0.210, D_B: 0.110, G_B: 0.961, cycle_B: 0.156, gp: 0.108

[Rank 0] (epoch: 33, iters: 40064, time: 0.001, data: 0.001) , D_A: 0.132, G_A: 1.060, cycle_A: 0.210, D_B: 0.200, G_B: 0.966, cycle_B: 0.154, gp: 0.199

learning rate 0.0002000 -> 0.0002000
temperature tau = 0.1691
End of epoch 33 / 50 	 Time Taken: 33 sec
[Rank 0] (epoch: 34, iters: 1216, time: 0.001, data: 0.000) , D_A: 0.263, G_A: 0.986, cycle_A: 0.205, D_B: 0.142, G_B: 1.043, cycle_B: 0.163, gp: 0.139

[Rank 0] (epoch: 34, iters: 2816, time: 0.001, data: 0.001) , D_A: 0.287, G_A: 1.005, cycle_A: 0.208, D_B: 0.116, G_B: 0.925, cycle_B: 0.146, gp: 0.111

[Rank 0] (epoch: 34, iters: 4416, time: 0.001, data: 0.001) , D_A: 0.160, G_A: 0.936, cycle_A: 0.215, D_B: 0.149, G_B: 1.007, cycle_B: 0.145, gp: 0.148

[Rank 0] (epoch: 34, iters: 6016, time: 0.001, data: 0.001) , D_A: 0.212, G_A: 0.976, cycle_A: 0.214, D_B: 0.123, G_B: 0.953, cycle_B: 0.151, gp: 0.121

[Rank 0] (epoch: 34, iters: 7616, time: 0.001, data: 0.001) , D_A: 0.294, G_A: 0.988, cycle_A: 0.221, D_B: 0.117, G_B: 1.043, cycle_B: 0.152, gp: 0.116

[Rank 0] (epoch: 34, iters: 9216, time: 0.001, data: 0.001) , D_A: 0.265, G_A: 0.987, cycle_A: 0.218, D_B: 0.145, G_B: 1.005, cycle_B: 0.162, gp: 0.144

[Rank 0] (epoch: 34, iters: 10816, time: 0.001, data: 0.001) , D_A: 0.236, G_A: 0.951, cycle_A: 0.223, D_B: 0.221, G_B: 0.971, cycle_B: 0.158, gp: 0.219

[Rank 0] (epoch: 34, iters: 12416, time: 0.001, data: 0.001) , D_A: 0.221, G_A: 1.065, cycle_A: 0.222, D_B: 0.102, G_B: 0.978, cycle_B: 0.154, gp: 0.101

[Rank 0] (epoch: 34, iters: 14016, time: 0.001, data: 0.001) , D_A: 0.160, G_A: 0.966, cycle_A: 0.207, D_B: 0.163, G_B: 1.050, cycle_B: 0.161, gp: 0.161

[Rank 0] (epoch: 34, iters: 15616, time: 0.001, data: 0.001) , D_A: 0.329, G_A: 0.955, cycle_A: 0.206, D_B: 0.169, G_B: 1.018, cycle_B: 0.159, gp: 0.168

[Rank 0] (epoch: 34, iters: 17216, time: 0.001, data: 0.001) , D_A: 0.280, G_A: 0.999, cycle_A: 0.225, D_B: 0.132, G_B: 1.005, cycle_B: 0.146, gp: 0.130

[Rank 0] (epoch: 34, iters: 18816, time: 0.001, data: 0.001) , D_A: 0.130, G_A: 0.961, cycle_A: 0.221, D_B: 0.243, G_B: 1.026, cycle_B: 0.157, gp: 0.241

[Rank 0] (epoch: 34, iters: 20416, time: 0.001, data: 0.001) , D_A: 0.191, G_A: 1.021, cycle_A: 0.207, D_B: 0.107, G_B: 0.970, cycle_B: 0.153, gp: 0.106

[Rank 0] (epoch: 34, iters: 22016, time: 0.001, data: 0.001) , D_A: 0.104, G_A: 0.941, cycle_A: 0.207, D_B: 0.190, G_B: 1.036, cycle_B: 0.156, gp: 0.189

[Rank 0] (epoch: 34, iters: 23616, time: 0.001, data: 0.001) , D_A: 0.306, G_A: 1.005, cycle_A: 0.232, D_B: 0.170, G_B: 0.987, cycle_B: 0.151, gp: 0.169

--- iter tau=0.1691 ---
  cipher in : ke that used in the skipjack with the machinery went a complete 
  decrypted : q staetsux isorsta sxqopje qsnotasta sve aor lgsn rtses mvp  t s
  real plain: vities could presumably bring long periods of flood or drought o
  cipher in : ermine the attitude of the new members toward the church it can 
  decrypted :  lvor sta settotui smysta sr nsv vh lxstmnelista s aul asots ers
  real plain: lly mobile since effective area coverage appears fairly remote t
[Rank 0] (epoch: 34, iters: 25216, time: 0.001, data: 0.001) , D_A: 0.225, G_A: 0.996, cycle_A: 0.224, D_B: 0.131, G_B: 0.963, cycle_B: 0.150, gp: 0.130

saving the latest model (epoch 34, total_iters 1360000)
[Rank 0] (epoch: 34, iters: 26816, time: 0.001, data: 0.001) , D_A: 0.234, G_A: 1.084, cycle_A: 0.235, D_B: 0.185, G_B: 0.972, cycle_B: 0.169, gp: 0.184

[Rank 0] (epoch: 34, iters: 28416, time: 0.001, data: 0.001) , D_A: 0.172, G_A: 0.971, cycle_A: 0.228, D_B: 0.095, G_B: 0.963, cycle_B: 0.160, gp: 0.092

[Rank 0] (epoch: 34, iters: 30016, time: 0.001, data: 0.001) , D_A: 0.194, G_A: 1.019, cycle_A: 0.219, D_B: 0.097, G_B: 1.008, cycle_B: 0.151, gp: 0.096

[Rank 0] (epoch: 34, iters: 31616, time: 0.001, data: 0.001) , D_A: 0.131, G_A: 1.008, cycle_A: 0.203, D_B: 0.121, G_B: 1.006, cycle_B: 0.155, gp: 0.119

[Rank 0] (epoch: 34, iters: 33216, time: 0.001, data: 0.001) , D_A: 0.184, G_A: 0.946, cycle_A: 0.216, D_B: 0.103, G_B: 0.990, cycle_B: 0.162, gp: 0.102

[Rank 0] (epoch: 34, iters: 34816, time: 0.001, data: 0.001) , D_A: 0.173, G_A: 0.979, cycle_A: 0.212, D_B: 0.109, G_B: 0.991, cycle_B: 0.157, gp: 0.108

[Rank 0] (epoch: 34, iters: 36416, time: 0.001, data: 0.001) , D_A: 0.219, G_A: 1.085, cycle_A: 0.211, D_B: 0.166, G_B: 1.006, cycle_B: 0.154, gp: 0.165

[Rank 0] (epoch: 34, iters: 38016, time: 0.001, data: 0.001) , D_A: 0.206, G_A: 1.002, cycle_A: 0.218, D_B: 0.117, G_B: 1.155, cycle_B: 0.166, gp: 0.112

[Rank 0] (epoch: 34, iters: 39616, time: 0.001, data: 0.001) , D_A: 0.231, G_A: 0.948, cycle_A: 0.233, D_B: 0.174, G_B: 0.994, cycle_B: 0.154, gp: 0.173

learning rate 0.0002000 -> 0.0002000
temperature tau = 0.1637
End of epoch 34 / 50 	 Time Taken: 33 sec
[Rank 0] (epoch: 35, iters: 768, time: 0.001, data: 0.000) , D_A: 0.227, G_A: 0.988, cycle_A: 0.230, D_B: 0.141, G_B: 0.979, cycle_B: 0.154, gp: 0.139

[Rank 0] (epoch: 35, iters: 2368, time: 0.001, data: 0.000) , D_A: 0.317, G_A: 1.009, cycle_A: 0.220, D_B: 0.154, G_B: 0.952, cycle_B: 0.158, gp: 0.153

[Rank 0] (epoch: 35, iters: 3968, time: 0.001, data: 0.001) , D_A: 0.170, G_A: 0.996, cycle_A: 0.224, D_B: 0.052, G_B: 1.028, cycle_B: 0.161, gp: 0.051

[Rank 0] (epoch: 35, iters: 5568, time: 0.001, data: 0.001) , D_A: 0.200, G_A: 1.093, cycle_A: 0.218, D_B: 0.129, G_B: 1.037, cycle_B: 0.154, gp: 0.127

[Rank 0] (epoch: 35, iters: 7168, time: 0.001, data: 0.001) , D_A: 0.316, G_A: 1.018, cycle_A: 0.224, D_B: 0.177, G_B: 0.992, cycle_B: 0.156, gp: 0.176

[Rank 0] (epoch: 35, iters: 8768, time: 0.001, data: 0.001) , D_A: 0.255, G_A: 1.036, cycle_A: 0.213, D_B: 0.090, G_B: 0.998, cycle_B: 0.163, gp: 0.088

[Rank 0] (epoch: 35, iters: 10368, time: 0.001, data: 0.001) , D_A: 0.181, G_A: 1.027, cycle_A: 0.221, D_B: 0.236, G_B: 1.020, cycle_B: 0.151, gp: 0.234

[Rank 0] (epoch: 35, iters: 11968, time: 0.001, data: 0.001) , D_A: 0.226, G_A: 1.001, cycle_A: 0.200, D_B: 0.163, G_B: 1.002, cycle_B: 0.154, gp: 0.162

[Rank 0] (epoch: 35, iters: 13568, time: 0.001, data: 0.001) , D_A: 0.235, G_A: 1.023, cycle_A: 0.225, D_B: 0.069, G_B: 0.944, cycle_B: 0.147, gp: 0.067

[Rank 0] (epoch: 35, iters: 15168, time: 0.001, data: 0.001) , D_A: 0.295, G_A: 1.000, cycle_A: 0.215, D_B: 0.113, G_B: 0.993, cycle_B: 0.153, gp: 0.112

[Rank 0] (epoch: 35, iters: 16768, time: 0.001, data: 0.001) , D_A: 0.328, G_A: 0.919, cycle_A: 0.233, D_B: 0.179, G_B: 0.970, cycle_B: 0.155, gp: 0.178

[Rank 0] (epoch: 35, iters: 18368, time: 0.001, data: 0.001) , D_A: 0.307, G_A: 0.981, cycle_A: 0.223, D_B: 0.176, G_B: 0.971, cycle_B: 0.150, gp: 0.175

[Rank 0] (epoch: 35, iters: 19968, time: 0.001, data: 0.001) , D_A: 0.189, G_A: 1.024, cycle_A: 0.222, D_B: 0.173, G_B: 0.986, cycle_B: 0.155, gp: 0.172

[Rank 0] (epoch: 35, iters: 21568, time: 0.001, data: 0.001) , D_A: 0.183, G_A: 1.037, cycle_A: 0.232, D_B: 0.161, G_B: 1.015, cycle_B: 0.157, gp: 0.160

[Rank 0] (epoch: 35, iters: 23168, time: 0.001, data: 0.001) , D_A: 0.206, G_A: 1.012, cycle_A: 0.211, D_B: 0.136, G_B: 0.996, cycle_B: 0.151, gp: 0.135

--- iter tau=0.1637 ---
  cipher in : as easy enough to say it because of course we couldnt spare a ce
  decrypted : exs exgs cmudastmsxegsotsh  eux smys mulx sn s mu ictsxpel ses  
  real plain: ise the dancer out of his personal pedestrian self mr nikolais h
  cipher in : quent pioneer difficulty caused by wearing rough and heavy shoes
  decrypted :  u ctspomc  lsioyyo u tgs eux ishgsn elocdslmudasecisa eegsxam x
  real plain:  plains won grand champion honors of the h sheep showman contest
[Rank 0] (epoch: 35, iters: 24768, time: 0.001, data: 0.001) , D_A: 0.169, G_A: 0.948, cycle_A: 0.220, D_B: 0.097, G_B: 0.934, cycle_B: 0.162, gp: 0.093

saving the latest model (epoch 35, total_iters 1400000)
[Rank 0] (epoch: 35, iters: 26368, time: 0.001, data: 0.001) , D_A: 0.212, G_A: 0.981, cycle_A: 0.210, D_B: 0.097, G_B: 1.014, cycle_B: 0.154, gp: 0.096

[Rank 0] (epoch: 35, iters: 27968, time: 0.001, data: 0.001) , D_A: 0.232, G_A: 1.064, cycle_A: 0.214, D_B: 0.150, G_B: 0.974, cycle_B: 0.161, gp: 0.148

[Rank 0] (epoch: 35, iters: 29568, time: 0.001, data: 0.001) , D_A: 0.214, G_A: 1.019, cycle_A: 0.227, D_B: 0.170, G_B: 1.018, cycle_B: 0.159, gp: 0.169

[Rank 0] (epoch: 35, iters: 31168, time: 0.001, data: 0.001) , D_A: 0.169, G_A: 0.954, cycle_A: 0.219, D_B: 0.150, G_B: 1.003, cycle_B: 0.163, gp: 0.149

[Rank 0] (epoch: 35, iters: 32768, time: 0.001, data: 0.001) , D_A: 0.264, G_A: 1.010, cycle_A: 0.213, D_B: 0.140, G_B: 0.997, cycle_B: 0.159, gp: 0.138

[Rank 0] (epoch: 35, iters: 34368, time: 0.001, data: 0.001) , D_A: 0.231, G_A: 0.983, cycle_A: 0.220, D_B: 0.152, G_B: 1.007, cycle_B: 0.158, gp: 0.150

[Rank 0] (epoch: 35, iters: 35968, time: 0.001, data: 0.001) , D_A: 0.235, G_A: 0.941, cycle_A: 0.209, D_B: 0.136, G_B: 0.959, cycle_B: 0.160, gp: 0.135

[Rank 0] (epoch: 35, iters: 37568, time: 0.001, data: 0.001) , D_A: 0.400, G_A: 1.037, cycle_A: 0.208, D_B: 0.150, G_B: 1.006, cycle_B: 0.149, gp: 0.149

[Rank 0] (epoch: 35, iters: 39168, time: 0.001, data: 0.001) , D_A: 0.246, G_A: 1.010, cycle_A: 0.209, D_B: 0.156, G_B: 0.986, cycle_B: 0.167, gp: 0.154

learning rate 0.0002000 -> 0.0002000
temperature tau = 0.1584
End of epoch 35 / 50 	 Time Taken: 33 sec
[Rank 0] (epoch: 36, iters: 320, time: 0.001, data: 0.001) , D_A: 0.346, G_A: 0.974, cycle_A: 0.213, D_B: 0.193, G_B: 1.007, cycle_B: 0.148, gp: 0.192

[Rank 0] (epoch: 36, iters: 1920, time: 0.001, data: 0.001) , D_A: 0.282, G_A: 1.013, cycle_A: 0.231, D_B: 0.096, G_B: 0.999, cycle_B: 0.159, gp: 0.094

[Rank 0] (epoch: 36, iters: 3520, time: 0.001, data: 0.001) , D_A: 0.375, G_A: 0.979, cycle_A: 0.211, D_B: 0.129, G_B: 1.052, cycle_B: 0.158, gp: 0.128

[Rank 0] (epoch: 36, iters: 5120, time: 0.001, data: 0.001) , D_A: 0.334, G_A: 1.068, cycle_A: 0.211, D_B: 0.196, G_B: 0.979, cycle_B: 0.161, gp: 0.195

[Rank 0] (epoch: 36, iters: 6720, time: 0.001, data: 0.001) , D_A: 0.245, G_A: 0.991, cycle_A: 0.221, D_B: 0.167, G_B: 0.931, cycle_B: 0.157, gp: 0.162

[Rank 0] (epoch: 36, iters: 8320, time: 0.001, data: 0.001) , D_A: 0.218, G_A: 1.010, cycle_A: 0.211, D_B: 0.163, G_B: 0.987, cycle_B: 0.156, gp: 0.162

[Rank 0] (epoch: 36, iters: 9920, time: 0.001, data: 0.001) , D_A: 0.128, G_A: 0.958, cycle_A: 0.211, D_B: 0.118, G_B: 0.917, cycle_B: 0.162, gp: 0.115

[Rank 0] (epoch: 36, iters: 11520, time: 0.001, data: 0.001) , D_A: 0.173, G_A: 0.968, cycle_A: 0.211, D_B: 0.184, G_B: 0.983, cycle_B: 0.165, gp: 0.183

[Rank 0] (epoch: 36, iters: 13120, time: 0.001, data: 0.001) , D_A: 0.161, G_A: 0.969, cycle_A: 0.212, D_B: 0.215, G_B: 0.988, cycle_B: 0.157, gp: 0.213

[Rank 0] (epoch: 36, iters: 14720, time: 0.001, data: 0.001) , D_A: 0.143, G_A: 1.000, cycle_A: 0.228, D_B: 0.063, G_B: 0.996, cycle_B: 0.157, gp: 0.062

[Rank 0] (epoch: 36, iters: 16320, time: 0.001, data: 0.001) , D_A: 0.222, G_A: 0.968, cycle_A: 0.220, D_B: 0.191, G_B: 0.991, cycle_B: 0.152, gp: 0.191

[Rank 0] (epoch: 36, iters: 17920, time: 0.001, data: 0.001) , D_A: 0.171, G_A: 1.000, cycle_A: 0.219, D_B: 0.191, G_B: 0.983, cycle_B: 0.154, gp: 0.190

[Rank 0] (epoch: 36, iters: 19520, time: 0.001, data: 0.001) , D_A: 0.242, G_A: 0.946, cycle_A: 0.227, D_B: 0.127, G_B: 0.971, cycle_B: 0.155, gp: 0.126

[Rank 0] (epoch: 36, iters: 21120, time: 0.001, data: 0.001) , D_A: 0.281, G_A: 0.989, cycle_A: 0.217, D_B: 0.197, G_B: 0.967, cycle_B: 0.155, gp: 0.196

[Rank 0] (epoch: 36, iters: 22720, time: 0.001, data: 0.001) , D_A: 0.258, G_A: 0.949, cycle_A: 0.227, D_B: 0.076, G_B: 1.010, cycle_B: 0.153, gp: 0.075

--- iter tau=0.1584 ---
  cipher in : trointestinal tract are planned for future experiments sonar in 
  decrypted : tlmort xtore stle tsel sp err isymlsyutul s gp lov rtxsxmrelsors
  real plain: ftly rev looked up and saw her lolotte looked up and stiffened g
  cipher in : ohn cooper even more attractive at fortyseven than he had been t
  decrypted : mars mmp ls e rsvml settle toe setsymltgx e rstaersa saeish  rst
  real plain:  obviously greater than the cohesive strength of the coating and
[Rank 0] (epoch: 36, iters: 24320, time: 0.001, data: 0.001) , D_A: 0.206, G_A: 0.982, cycle_A: 0.233, D_B: 0.151, G_B: 0.903, cycle_B: 0.149, gp: 0.150

saving the latest model (epoch 36, total_iters 1440000)
[Rank 0] (epoch: 36, iters: 25920, time: 0.001, data: 0.001) , D_A: 0.194, G_A: 1.010, cycle_A: 0.202, D_B: 0.150, G_B: 0.924, cycle_B: 0.162, gp: 0.148

[Rank 0] (epoch: 36, iters: 27520, time: 0.001, data: 0.001) , D_A: 0.128, G_A: 0.962, cycle_A: 0.225, D_B: 0.216, G_B: 0.973, cycle_B: 0.157, gp: 0.215

[Rank 0] (epoch: 36, iters: 29120, time: 0.001, data: 0.001) , D_A: 0.250, G_A: 1.010, cycle_A: 0.209, D_B: 0.248, G_B: 0.983, cycle_B: 0.151, gp: 0.247

[Rank 0] (epoch: 36, iters: 30720, time: 0.001, data: 0.001) , D_A: 0.215, G_A: 0.975, cycle_A: 0.187, D_B: 0.183, G_B: 1.017, cycle_B: 0.152, gp: 0.182

[Rank 0] (epoch: 36, iters: 32320, time: 0.001, data: 0.001) , D_A: 0.276, G_A: 0.946, cycle_A: 0.460, D_B: 0.237, G_B: 0.961, cycle_B: 0.388, gp: 0.232

[Rank 0] (epoch: 36, iters: 33920, time: 0.001, data: 0.001) , D_A: 0.318, G_A: 0.955, cycle_A: 0.284, D_B: 0.337, G_B: 0.988, cycle_B: 0.242, gp: 0.333

[Rank 0] (epoch: 36, iters: 35520, time: 0.001, data: 0.001) , D_A: 0.396, G_A: 0.979, cycle_A: 0.202, D_B: 0.538, G_B: 0.958, cycle_B: 0.138, gp: 0.533

[Rank 0] (epoch: 36, iters: 37120, time: 0.001, data: 0.001) , D_A: 0.429, G_A: 0.988, cycle_A: 0.196, D_B: 0.501, G_B: 0.970, cycle_B: 0.145, gp: 0.493

[Rank 0] (epoch: 36, iters: 38720, time: 0.001, data: 0.001) , D_A: 0.327, G_A: 1.007, cycle_A: 0.178, D_B: 0.444, G_B: 1.099, cycle_B: 0.133, gp: 0.439

[Rank 0] (epoch: 36, iters: 40320, time: 0.001, data: 0.001) , D_A: 0.397, G_A: 1.007, cycle_A: 0.180, D_B: 0.520, G_B: 0.859, cycle_B: 0.140, gp: 0.508

learning rate 0.0002000 -> 0.0002000
temperature tau = 0.1533
End of epoch 36 / 50 	 Time Taken: 33 sec
[Rank 0] (epoch: 37, iters: 1472, time: 0.001, data: 0.001) , D_A: 0.290, G_A: 0.934, cycle_A: 0.188, D_B: 0.470, G_B: 0.974, cycle_B: 0.139, gp: 0.465

[Rank 0] (epoch: 37, iters: 3072, time: 0.001, data: 0.001) , D_A: 0.357, G_A: 0.942, cycle_A: 0.193, D_B: 0.430, G_B: 1.045, cycle_B: 0.121, gp: 0.427

[Rank 0] (epoch: 37, iters: 4672, time: 0.001, data: 0.001) , D_A: 0.502, G_A: 0.911, cycle_A: 0.176, D_B: 0.411, G_B: 0.985, cycle_B: 0.137, gp: 0.406

[Rank 0] (epoch: 37, iters: 6272, time: 0.001, data: 0.001) , D_A: 0.434, G_A: 0.842, cycle_A: 0.192, D_B: 0.450, G_B: 0.944, cycle_B: 0.126, gp: 0.445

[Rank 0] (epoch: 37, iters: 7872, time: 0.001, data: 0.001) , D_A: 0.281, G_A: 0.978, cycle_A: 0.179, D_B: 0.510, G_B: 0.954, cycle_B: 0.132, gp: 0.505

[Rank 0] (epoch: 37, iters: 9472, time: 0.001, data: 0.001) , D_A: 0.342, G_A: 0.995, cycle_A: 0.195, D_B: 0.523, G_B: 0.934, cycle_B: 0.128, gp: 0.517

[Rank 0] (epoch: 37, iters: 11072, time: 0.001, data: 0.001) , D_A: 0.259, G_A: 0.996, cycle_A: 0.197, D_B: 0.410, G_B: 1.056, cycle_B: 0.130, gp: 0.406

[Rank 0] (epoch: 37, iters: 12672, time: 0.001, data: 0.001) , D_A: 0.313, G_A: 0.968, cycle_A: 0.177, D_B: 0.516, G_B: 1.003, cycle_B: 0.125, gp: 0.513

[Rank 0] (epoch: 37, iters: 14272, time: 0.001, data: 0.001) , D_A: 0.300, G_A: 0.947, cycle_A: 0.179, D_B: 0.482, G_B: 0.893, cycle_B: 0.136, gp: 0.477

[Rank 0] (epoch: 37, iters: 15872, time: 0.001, data: 0.001) , D_A: 0.347, G_A: 0.971, cycle_A: 0.186, D_B: 0.517, G_B: 1.055, cycle_B: 0.133, gp: 0.512

[Rank 0] (epoch: 37, iters: 17472, time: 0.001, data: 0.001) , D_A: 0.442, G_A: 0.922, cycle_A: 0.165, D_B: 0.431, G_B: 1.030, cycle_B: 0.138, gp: 0.426

[Rank 0] (epoch: 37, iters: 19072, time: 0.001, data: 0.001) , D_A: 0.490, G_A: 0.970, cycle_A: 0.163, D_B: 0.391, G_B: 0.977, cycle_B: 0.124, gp: 0.388

[Rank 0] (epoch: 37, iters: 20672, time: 0.001, data: 0.001) , D_A: 0.438, G_A: 1.010, cycle_A: 0.169, D_B: 0.619, G_B: 1.007, cycle_B: 0.113, gp: 0.608

[Rank 0] (epoch: 37, iters: 22272, time: 0.001, data: 0.001) , D_A: 0.240, G_A: 0.946, cycle_A: 0.160, D_B: 0.523, G_B: 1.049, cycle_B: 0.114, gp: 0.517

--- iter tau=0.1533 ---
  cipher in : has noted the individuals failure to develop preliminary identit
  decrypted : aexsrbt ista soriowoiue xsyeo ul stbsi w  bpspl  ovorelgsoi rtot
  real plain: s whose names never knew scandal the equation was simple wealth 
  cipher in : ivergent approaches when in the course of one afternoon and even
  decrypted : ow ld rtsepplbe a xsna rsorsta s bulx sbysbr seyt lrbbrseris w r
  real plain: uring an automobile ride from memphis to hattiesburg in town aft
[Rank 0] (epoch: 37, iters: 23872, time: 0.001, data: 0.001) , D_A: 0.332, G_A: 0.955, cycle_A: 0.165, D_B: 0.497, G_B: 0.985, cycle_B: 0.105, gp: 0.493

saving the latest model (epoch 37, total_iters 1480000)
[Rank 0] (epoch: 37, iters: 25472, time: 0.001, data: 0.001) , D_A: 0.303, G_A: 0.972, cycle_A: 0.156, D_B: 0.530, G_B: 0.946, cycle_B: 0.119, gp: 0.527

[Rank 0] (epoch: 37, iters: 27072, time: 0.001, data: 0.001) , D_A: 0.353, G_A: 1.024, cycle_A: 0.154, D_B: 0.537, G_B: 1.069, cycle_B: 0.107, gp: 0.532

[Rank 0] (epoch: 37, iters: 28672, time: 0.001, data: 0.001) , D_A: 0.329, G_A: 0.953, cycle_A: 0.166, D_B: 0.476, G_B: 0.916, cycle_B: 0.110, gp: 0.468

[Rank 0] (epoch: 37, iters: 30272, time: 0.001, data: 0.001) , D_A: 0.196, G_A: 0.967, cycle_A: 0.165, D_B: 0.593, G_B: 0.941, cycle_B: 0.116, gp: 0.589

[Rank 0] (epoch: 37, iters: 31872, time: 0.001, data: 0.001) , D_A: 0.364, G_A: 1.018, cycle_A: 0.158, D_B: 0.486, G_B: 0.990, cycle_B: 0.100, gp: 0.482

[Rank 0] (epoch: 37, iters: 33472, time: 0.001, data: 0.001) , D_A: 0.400, G_A: 0.968, cycle_A: 0.156, D_B: 0.450, G_B: 0.998, cycle_B: 0.102, gp: 0.447

[Rank 0] (epoch: 37, iters: 35072, time: 0.001, data: 0.001) , D_A: 0.374, G_A: 0.980, cycle_A: 0.161, D_B: 0.457, G_B: 1.034, cycle_B: 0.118, gp: 0.454

[Rank 0] (epoch: 37, iters: 36672, time: 0.001, data: 0.001) , D_A: 0.320, G_A: 1.060, cycle_A: 0.146, D_B: 0.477, G_B: 0.909, cycle_B: 0.116, gp: 0.469

[Rank 0] (epoch: 37, iters: 38272, time: 0.001, data: 0.001) , D_A: 0.192, G_A: 0.956, cycle_A: 0.169, D_B: 0.483, G_B: 0.942, cycle_B: 0.116, gp: 0.479

[Rank 0] (epoch: 37, iters: 39872, time: 0.001, data: 0.001) , D_A: 0.211, G_A: 1.010, cycle_A: 0.158, D_B: 0.568, G_B: 1.018, cycle_B: 0.112, gp: 0.564

learning rate 0.0002000 -> 0.0002000
temperature tau = 0.1483
End of epoch 37 / 50 	 Time Taken: 33 sec
[Rank 0] (epoch: 38, iters: 1024, time: 0.001, data: 0.000) , D_A: 0.409, G_A: 0.992, cycle_A: 0.160, D_B: 0.535, G_B: 0.960, cycle_B: 0.108, gp: 0.532

[Rank 0] (epoch: 38, iters: 2624, time: 0.001, data: 0.000) , D_A: 0.440, G_A: 0.982, cycle_A: 0.163, D_B: 0.426, G_B: 0.985, cycle_B: 0.096, gp: 0.423

[Rank 0] (epoch: 38, iters: 4224, time: 0.001, data: 0.001) , D_A: 0.421, G_A: 0.993, cycle_A: 0.160, D_B: 0.434, G_B: 0.980, cycle_B: 0.099, gp: 0.431

[Rank 0] (epoch: 38, iters: 5824, time: 0.001, data: 0.001) , D_A: 0.364, G_A: 0.988, cycle_A: 0.162, D_B: 0.419, G_B: 1.020, cycle_B: 0.106, gp: 0.416

[Rank 0] (epoch: 38, iters: 7424, time: 0.001, data: 0.001) , D_A: 0.384, G_A: 0.968, cycle_A: 0.172, D_B: 0.523, G_B: 0.991, cycle_B: 0.106, gp: 0.519

[Rank 0] (epoch: 38, iters: 9024, time: 0.001, data: 0.001) , D_A: 0.359, G_A: 0.948, cycle_A: 0.154, D_B: 0.518, G_B: 0.995, cycle_B: 0.110, gp: 0.516

[Rank 0] (epoch: 38, iters: 10624, time: 0.001, data: 0.001) , D_A: 0.337, G_A: 0.986, cycle_A: 0.162, D_B: 0.467, G_B: 0.966, cycle_B: 0.103, gp: 0.463

[Rank 0] (epoch: 38, iters: 12224, time: 0.001, data: 0.001) , D_A: 0.273, G_A: 0.980, cycle_A: 0.163, D_B: 0.544, G_B: 1.029, cycle_B: 0.109, gp: 0.541

[Rank 0] (epoch: 38, iters: 13824, time: 0.001, data: 0.001) , D_A: 0.280, G_A: 0.995, cycle_A: 0.157, D_B: 0.399, G_B: 1.034, cycle_B: 0.103, gp: 0.396

[Rank 0] (epoch: 38, iters: 15424, time: 0.001, data: 0.001) , D_A: 0.400, G_A: 1.017, cycle_A: 0.153, D_B: 0.432, G_B: 0.932, cycle_B: 0.105, gp: 0.429

[Rank 0] (epoch: 38, iters: 17024, time: 0.001, data: 0.001) , D_A: 0.401, G_A: 1.009, cycle_A: 0.157, D_B: 0.555, G_B: 1.022, cycle_B: 0.099, gp: 0.551

[Rank 0] (epoch: 38, iters: 18624, time: 0.001, data: 0.001) , D_A: 0.425, G_A: 1.035, cycle_A: 0.154, D_B: 0.563, G_B: 0.957, cycle_B: 0.104, gp: 0.560

[Rank 0] (epoch: 38, iters: 20224, time: 0.001, data: 0.001) , D_A: 0.369, G_A: 1.002, cycle_A: 0.172, D_B: 0.528, G_B: 1.014, cycle_B: 0.100, gp: 0.526

[Rank 0] (epoch: 38, iters: 21824, time: 0.001, data: 0.001) , D_A: 0.478, G_A: 1.007, cycle_A: 0.162, D_B: 0.559, G_B: 0.928, cycle_B: 0.102, gp: 0.554

--- iter tau=0.1483 ---
  cipher in : ned to ignite the cold war and workable solutions were beginning
  decrypted : r istbsodrot sta s b isnelserisnblmeh  sxb utobrxsn l sh dorrord
  real plain: dering putting in rebellious requests for duty at san diego brem
  cipher in : ing assistance and to move toward longterm support in cooperatio
  decrypted : ordsexxoxter  seristbsvbw stbnelis brdt lvsxuppbltsors bbp letob
  real plain: romotion is a very real problem to be faced in the sixties it is
[Rank 0] (epoch: 38, iters: 23424, time: 0.001, data: 0.001) , D_A: 0.434, G_A: 0.986, cycle_A: 0.169, D_B: 0.617, G_B: 1.012, cycle_B: 0.100, gp: 0.614

saving the latest model (epoch 38, total_iters 1520000)
[Rank 0] (epoch: 38, iters: 25024, time: 0.001, data: 0.001) , D_A: 0.335, G_A: 0.973, cycle_A: 0.162, D_B: 0.529, G_B: 0.930, cycle_B: 0.110, gp: 0.526

[Rank 0] (epoch: 38, iters: 26624, time: 0.001, data: 0.001) , D_A: 0.348, G_A: 0.987, cycle_A: 0.163, D_B: 0.504, G_B: 1.008, cycle_B: 0.102, gp: 0.501

[Rank 0] (epoch: 38, iters: 28224, time: 0.001, data: 0.001) , D_A: 0.363, G_A: 0.959, cycle_A: 0.154, D_B: 0.488, G_B: 0.963, cycle_B: 0.111, gp: 0.485

[Rank 0] (epoch: 38, iters: 29824, time: 0.001, data: 0.001) , D_A: 0.427, G_A: 0.986, cycle_A: 0.169, D_B: 0.519, G_B: 0.998, cycle_B: 0.102, gp: 0.516

[Rank 0] (epoch: 38, iters: 31424, time: 0.001, data: 0.001) , D_A: 0.455, G_A: 0.914, cycle_A: 0.159, D_B: 0.471, G_B: 0.981, cycle_B: 0.108, gp: 0.467

[Rank 0] (epoch: 38, iters: 33024, time: 0.001, data: 0.001) , D_A: 0.332, G_A: 0.971, cycle_A: 0.166, D_B: 0.533, G_B: 1.048, cycle_B: 0.113, gp: 0.529

[Rank 0] (epoch: 38, iters: 34624, time: 0.001, data: 0.001) , D_A: 0.453, G_A: 1.013, cycle_A: 0.167, D_B: 0.540, G_B: 1.074, cycle_B: 0.098, gp: 0.536

[Rank 0] (epoch: 38, iters: 36224, time: 0.001, data: 0.001) , D_A: 0.384, G_A: 1.032, cycle_A: 0.154, D_B: 0.531, G_B: 1.000, cycle_B: 0.112, gp: 0.528

[Rank 0] (epoch: 38, iters: 37824, time: 0.001, data: 0.001) , D_A: 0.369, G_A: 0.939, cycle_A: 0.159, D_B: 0.569, G_B: 0.990, cycle_B: 0.096, gp: 0.566

[Rank 0] (epoch: 38, iters: 39424, time: 0.001, data: 0.001) , D_A: 0.370, G_A: 0.919, cycle_A: 0.171, D_B: 0.476, G_B: 0.983, cycle_B: 0.107, gp: 0.472

learning rate 0.0002000 -> 0.0002000
temperature tau = 0.1435
End of epoch 38 / 50 	 Time Taken: 33 sec
[Rank 0] (epoch: 39, iters: 576, time: 0.001, data: 0.001) , D_A: 0.329, G_A: 0.953, cycle_A: 0.152, D_B: 0.560, G_B: 0.942, cycle_B: 0.120, gp: 0.556

[Rank 0] (epoch: 39, iters: 2176, time: 0.001, data: 0.000) , D_A: 0.293, G_A: 0.929, cycle_A: 0.170, D_B: 0.547, G_B: 1.049, cycle_B: 0.117, gp: 0.544

[Rank 0] (epoch: 39, iters: 3776, time: 0.001, data: 0.001) , D_A: 0.314, G_A: 1.016, cycle_A: 0.151, D_B: 0.471, G_B: 1.000, cycle_B: 0.121, gp: 0.469

[Rank 0] (epoch: 39, iters: 5376, time: 0.001, data: 0.001) , D_A: 0.343, G_A: 1.014, cycle_A: 0.164, D_B: 0.517, G_B: 1.011, cycle_B: 0.118, gp: 0.513

[Rank 0] (epoch: 39, iters: 6976, time: 0.001, data: 0.001) , D_A: 0.367, G_A: 0.985, cycle_A: 0.152, D_B: 0.542, G_B: 1.014, cycle_B: 0.104, gp: 0.540

[Rank 0] (epoch: 39, iters: 8576, time: 0.001, data: 0.001) , D_A: 0.451, G_A: 1.020, cycle_A: 0.161, D_B: 0.490, G_B: 0.980, cycle_B: 0.105, gp: 0.488

[Rank 0] (epoch: 39, iters: 10176, time: 0.001, data: 0.001) , D_A: 0.413, G_A: 1.007, cycle_A: 0.163, D_B: 0.561, G_B: 0.962, cycle_B: 0.108, gp: 0.558

[Rank 0] (epoch: 39, iters: 11776, time: 0.001, data: 0.001) , D_A: 0.351, G_A: 0.977, cycle_A: 0.168, D_B: 0.472, G_B: 0.939, cycle_B: 0.108, gp: 0.469

[Rank 0] (epoch: 39, iters: 13376, time: 0.001, data: 0.001) , D_A: 0.447, G_A: 0.940, cycle_A: 0.155, D_B: 0.491, G_B: 0.967, cycle_B: 0.104, gp: 0.488

[Rank 0] (epoch: 39, iters: 14976, time: 0.001, data: 0.001) , D_A: 0.520, G_A: 0.911, cycle_A: 0.160, D_B: 0.469, G_B: 0.946, cycle_B: 0.097, gp: 0.464

[Rank 0] (epoch: 39, iters: 16576, time: 0.001, data: 0.001) , D_A: 0.485, G_A: 0.984, cycle_A: 0.166, D_B: 0.462, G_B: 0.977, cycle_B: 0.106, gp: 0.459

[Rank 0] (epoch: 39, iters: 18176, time: 0.001, data: 0.001) , D_A: 0.467, G_A: 0.974, cycle_A: 0.164, D_B: 0.495, G_B: 1.018, cycle_B: 0.101, gp: 0.492

[Rank 0] (epoch: 39, iters: 19776, time: 0.001, data: 0.001) , D_A: 0.463, G_A: 1.025, cycle_A: 0.160, D_B: 0.461, G_B: 1.004, cycle_B: 0.099, gp: 0.459

[Rank 0] (epoch: 39, iters: 21376, time: 0.001, data: 0.001) , D_A: 0.443, G_A: 0.998, cycle_A: 0.165, D_B: 0.614, G_B: 1.011, cycle_B: 0.113, gp: 0.611

--- iter tau=0.1435 ---
  cipher in : nterference from the west and with the use only of east german a
  decrypted : rt ly l r  sylbvsta sn xtserisnotasta sux sbr gsbys extsd lverse
  real plain: oes not keep the range from coming under the federal manufacture
  cipher in :  good for the old man to get out again the next day he seemed to
  decrypted : sdbbisyblsta sb isverstbsd tsbutsedeorsta sr gtsiegsa sx  v istb
  real plain: hings that were and they are outside of time once then for how m
[Rank 0] (epoch: 39, iters: 22976, time: 0.001, data: 0.001) , D_A: 0.413, G_A: 0.968, cycle_A: 0.167, D_B: 0.643, G_B: 1.025, cycle_B: 0.108, gp: 0.639

saving the latest model (epoch 39, total_iters 1560000)
[Rank 0] (epoch: 39, iters: 24576, time: 0.001, data: 0.001) , D_A: 0.374, G_A: 0.944, cycle_A: 0.155, D_B: 0.573, G_B: 0.962, cycle_B: 0.107, gp: 0.571

[Rank 0] (epoch: 39, iters: 26176, time: 0.001, data: 0.001) , D_A: 0.368, G_A: 0.961, cycle_A: 0.170, D_B: 0.562, G_B: 1.035, cycle_B: 0.103, gp: 0.557

[Rank 0] (epoch: 39, iters: 27776, time: 0.001, data: 0.001) , D_A: 0.435, G_A: 1.009, cycle_A: 0.168, D_B: 0.511, G_B: 0.950, cycle_B: 0.112, gp: 0.503

[Rank 0] (epoch: 39, iters: 29376, time: 0.001, data: 0.001) , D_A: 0.456, G_A: 0.901, cycle_A: 0.162, D_B: 0.542, G_B: 0.992, cycle_B: 0.100, gp: 0.540

[Rank 0] (epoch: 39, iters: 30976, time: 0.001, data: 0.001) , D_A: 0.452, G_A: 0.969, cycle_A: 0.160, D_B: 0.548, G_B: 1.034, cycle_B: 0.108, gp: 0.545

[Rank 0] (epoch: 39, iters: 32576, time: 0.001, data: 0.001) , D_A: 0.415, G_A: 0.992, cycle_A: 0.156, D_B: 0.519, G_B: 0.968, cycle_B: 0.111, gp: 0.516

[Rank 0] (epoch: 39, iters: 34176, time: 0.001, data: 0.001) , D_A: 0.440, G_A: 1.024, cycle_A: 0.161, D_B: 0.524, G_B: 0.973, cycle_B: 0.101, gp: 0.522

[Rank 0] (epoch: 39, iters: 35776, time: 0.001, data: 0.001) , D_A: 0.448, G_A: 1.007, cycle_A: 0.164, D_B: 0.542, G_B: 1.021, cycle_B: 0.099, gp: 0.540

[Rank 0] (epoch: 39, iters: 37376, time: 0.001, data: 0.001) , D_A: 0.361, G_A: 0.949, cycle_A: 0.158, D_B: 0.511, G_B: 1.003, cycle_B: 0.107, gp: 0.509

[Rank 0] (epoch: 39, iters: 38976, time: 0.001, data: 0.001) , D_A: 0.433, G_A: 0.949, cycle_A: 0.151, D_B: 0.581, G_B: 1.018, cycle_B: 0.108, gp: 0.578

learning rate 0.0002000 -> 0.0002000
temperature tau = 0.1389
End of epoch 39 / 50 	 Time Taken: 33 sec
[Rank 0] (epoch: 40, iters: 128, time: 0.001, data: 0.001) , D_A: 0.388, G_A: 0.959, cycle_A: 0.155, D_B: 0.600, G_B: 0.950, cycle_B: 0.099, gp: 0.596

[Rank 0] (epoch: 40, iters: 1728, time: 0.001, data: 0.002) , D_A: 0.289, G_A: 1.034, cycle_A: 0.164, D_B: 0.572, G_B: 0.960, cycle_B: 0.109, gp: 0.567

[Rank 0] (epoch: 40, iters: 3328, time: 0.001, data: 0.001) , D_A: 0.319, G_A: 0.961, cycle_A: 0.166, D_B: 0.613, G_B: 0.999, cycle_B: 0.106, gp: 0.610

[Rank 0] (epoch: 40, iters: 4928, time: 0.001, data: 0.001) , D_A: 0.383, G_A: 1.030, cycle_A: 0.160, D_B: 0.538, G_B: 0.997, cycle_B: 0.107, gp: 0.536

[Rank 0] (epoch: 40, iters: 6528, time: 0.001, data: 0.001) , D_A: 0.487, G_A: 0.976, cycle_A: 0.170, D_B: 0.480, G_B: 1.013, cycle_B: 0.101, gp: 0.478

[Rank 0] (epoch: 40, iters: 8128, time: 0.001, data: 0.001) , D_A: 0.342, G_A: 0.995, cycle_A: 0.159, D_B: 0.457, G_B: 0.973, cycle_B: 0.109, gp: 0.455

[Rank 0] (epoch: 40, iters: 9728, time: 0.001, data: 0.001) , D_A: 0.345, G_A: 0.900, cycle_A: 0.150, D_B: 0.603, G_B: 0.950, cycle_B: 0.100, gp: 0.599

[Rank 0] (epoch: 40, iters: 11328, time: 0.001, data: 0.001) , D_A: 0.243, G_A: 0.990, cycle_A: 0.164, D_B: 0.525, G_B: 0.980, cycle_B: 0.118, gp: 0.521

[Rank 0] (epoch: 40, iters: 12928, time: 0.001, data: 0.001) , D_A: 0.307, G_A: 0.954, cycle_A: 0.163, D_B: 0.545, G_B: 0.982, cycle_B: 0.110, gp: 0.542

[Rank 0] (epoch: 40, iters: 14528, time: 0.001, data: 0.001) , D_A: 0.414, G_A: 0.910, cycle_A: 0.156, D_B: 0.589, G_B: 0.958, cycle_B: 0.104, gp: 0.586

[Rank 0] (epoch: 40, iters: 16128, time: 0.001, data: 0.001) , D_A: 0.331, G_A: 0.962, cycle_A: 0.156, D_B: 0.585, G_B: 0.986, cycle_B: 0.111, gp: 0.581

[Rank 0] (epoch: 40, iters: 17728, time: 0.001, data: 0.001) , D_A: 0.323, G_A: 0.959, cycle_A: 0.155, D_B: 0.547, G_B: 0.995, cycle_B: 0.111, gp: 0.545

[Rank 0] (epoch: 40, iters: 19328, time: 0.001, data: 0.001) , D_A: 0.413, G_A: 1.001, cycle_A: 0.165, D_B: 0.618, G_B: 0.987, cycle_B: 0.108, gp: 0.615

[Rank 0] (epoch: 40, iters: 20928, time: 0.001, data: 0.001) , D_A: 0.395, G_A: 0.963, cycle_A: 0.167, D_B: 0.567, G_B: 0.950, cycle_B: 0.104, gp: 0.564

--- iter tau=0.1389 ---
  cipher in : rge dollar and thus far mr freeman has offered very little relie
  decrypted : ld sib  elseristauxsyelsvlsyl  versaexsbyy l isw lgs ott  sl  o 
  real plain: ed of an animal nature and being left carnal he will be an imper
  cipher in : for a starting half an hour behind player in company with britis
  decrypted : yblsesxteltordsae ysersabulsh aorisp eg lsors bvpergsnotashlotox
  real plain: ight where it had been stowed got into his own car and backed it
[Rank 0] (epoch: 40, iters: 22528, time: 0.001, data: 0.001) , D_A: 0.426, G_A: 0.951, cycle_A: 0.160, D_B: 0.571, G_B: 1.026, cycle_B: 0.108, gp: 0.569

saving the latest model (epoch 40, total_iters 1600000)
[Rank 0] (epoch: 40, iters: 24128, time: 0.001, data: 0.001) , D_A: 0.421, G_A: 0.981, cycle_A: 0.161, D_B: 0.503, G_B: 0.962, cycle_B: 0.107, gp: 0.499

[Rank 0] (epoch: 40, iters: 25728, time: 0.001, data: 0.001) , D_A: 0.482, G_A: 0.994, cycle_A: 0.157, D_B: 0.509, G_B: 0.996, cycle_B: 0.096, gp: 0.506

[Rank 0] (epoch: 40, iters: 27328, time: 0.001, data: 0.001) , D_A: 0.452, G_A: 0.960, cycle_A: 0.164, D_B: 0.571, G_B: 0.977, cycle_B: 0.109, gp: 0.568

[Rank 0] (epoch: 40, iters: 28928, time: 0.001, data: 0.001) , D_A: 0.402, G_A: 0.968, cycle_A: 0.168, D_B: 0.499, G_B: 0.923, cycle_B: 0.103, gp: 0.496

[Rank 0] (epoch: 40, iters: 30528, time: 0.001, data: 0.001) , D_A: 0.462, G_A: 0.963, cycle_A: 0.167, D_B: 0.543, G_B: 0.968, cycle_B: 0.109, gp: 0.538

[Rank 0] (epoch: 40, iters: 32128, time: 0.001, data: 0.001) , D_A: 0.376, G_A: 0.992, cycle_A: 0.156, D_B: 0.527, G_B: 0.962, cycle_B: 0.100, gp: 0.523

[Rank 0] (epoch: 40, iters: 33728, time: 0.001, data: 0.001) , D_A: 0.413, G_A: 1.023, cycle_A: 0.163, D_B: 0.583, G_B: 1.003, cycle_B: 0.101, gp: 0.579

[Rank 0] (epoch: 40, iters: 35328, time: 0.001, data: 0.001) , D_A: 0.171, G_A: 0.973, cycle_A: 0.157, D_B: 0.573, G_B: 1.026, cycle_B: 0.119, gp: 0.571

[Rank 0] (epoch: 40, iters: 36928, time: 0.001, data: 0.001) , D_A: 0.512, G_A: 0.969, cycle_A: 0.151, D_B: 0.447, G_B: 0.934, cycle_B: 0.107, gp: 0.444

[Rank 0] (epoch: 40, iters: 38528, time: 0.001, data: 0.001) , D_A: 0.336, G_A: 1.019, cycle_A: 0.162, D_B: 0.513, G_B: 1.004, cycle_B: 0.107, gp: 0.511

[Rank 0] (epoch: 40, iters: 40128, time: 0.001, data: 0.001) , D_A: 0.280, G_A: 1.015, cycle_A: 0.155, D_B: 0.582, G_B: 1.019, cycle_B: 0.112, gp: 0.580

learning rate 0.0002000 -> 0.0001818
temperature tau = 0.1344
End of epoch 40 / 50 	 Time Taken: 33 sec
[Rank 0] (epoch: 41, iters: 1280, time: 0.001, data: 0.000) , D_A: 0.419, G_A: 0.966, cycle_A: 0.167, D_B: 0.588, G_B: 0.987, cycle_B: 0.112, gp: 0.586

[Rank 0] (epoch: 41, iters: 2880, time: 0.001, data: 0.001) , D_A: 0.322, G_A: 0.977, cycle_A: 0.172, D_B: 0.589, G_B: 0.982, cycle_B: 0.096, gp: 0.587

[Rank 0] (epoch: 41, iters: 4480, time: 0.001, data: 0.002) , D_A: 0.502, G_A: 1.012, cycle_A: 0.159, D_B: 0.610, G_B: 0.996, cycle_B: 0.099, gp: 0.607

[Rank 0] (epoch: 41, iters: 6080, time: 0.001, data: 0.002) , D_A: 0.471, G_A: 1.018, cycle_A: 0.161, D_B: 0.637, G_B: 0.980, cycle_B: 0.106, gp: 0.634

[Rank 0] (epoch: 41, iters: 7680, time: 0.001, data: 0.001) , D_A: 0.343, G_A: 0.983, cycle_A: 0.169, D_B: 0.567, G_B: 1.015, cycle_B: 0.106, gp: 0.563

[Rank 0] (epoch: 41, iters: 9280, time: 0.001, data: 0.001) , D_A: 0.442, G_A: 0.983, cycle_A: 0.162, D_B: 0.547, G_B: 0.973, cycle_B: 0.100, gp: 0.544

[Rank 0] (epoch: 41, iters: 10880, time: 0.001, data: 0.001) , D_A: 0.453, G_A: 0.968, cycle_A: 0.155, D_B: 0.503, G_B: 0.972, cycle_B: 0.107, gp: 0.501

[Rank 0] (epoch: 41, iters: 12480, time: 0.001, data: 0.001) , D_A: 0.334, G_A: 0.957, cycle_A: 0.162, D_B: 0.562, G_B: 0.979, cycle_B: 0.105, gp: 0.560

[Rank 0] (epoch: 41, iters: 14080, time: 0.001, data: 0.001) , D_A: 0.500, G_A: 1.024, cycle_A: 0.158, D_B: 0.546, G_B: 0.960, cycle_B: 0.110, gp: 0.543

[Rank 0] (epoch: 41, iters: 15680, time: 0.001, data: 0.001) , D_A: 0.477, G_A: 0.984, cycle_A: 0.162, D_B: 0.422, G_B: 0.987, cycle_B: 0.105, gp: 0.420

[Rank 0] (epoch: 41, iters: 17280, time: 0.001, data: 0.001) , D_A: 0.458, G_A: 0.948, cycle_A: 0.167, D_B: 0.501, G_B: 1.005, cycle_B: 0.098, gp: 0.498

[Rank 0] (epoch: 41, iters: 18880, time: 0.001, data: 0.001) , D_A: 0.429, G_A: 0.959, cycle_A: 0.167, D_B: 0.530, G_B: 0.968, cycle_B: 0.104, gp: 0.528

[Rank 0] (epoch: 41, iters: 20480, time: 0.001, data: 0.001) , D_A: 0.386, G_A: 1.010, cycle_A: 0.153, D_B: 0.629, G_B: 0.931, cycle_B: 0.100, gp: 0.627

--- iter tau=0.1344 ---
  cipher in : er while there may still be many faulknerian lucas beauchamps sc
  decrypted :  lsnao  sta l svegsxto  sh svergsyeu mr loers u exsh eu aevpxsx 
  real plain: ed of an animal nature and being left carnal he will be an imper
  cipher in : rely exploratory in an informationseeking sense in this relation
  decrypted : l  gs gp bletblgsorsersoryblvetobrx  mordsx rx sorstaoxsl  etobr
  real plain: ight where it had been stowed got into his own car and backed it
[Rank 0] (epoch: 41, iters: 22080, time: 0.001, data: 0.001) , D_A: 0.478, G_A: 0.938, cycle_A: 0.172, D_B: 0.611, G_B: 0.989, cycle_B: 0.109, gp: 0.609

saving the latest model (epoch 41, total_iters 1640000)
[Rank 0] (epoch: 41, iters: 23680, time: 0.001, data: 0.001) , D_A: 0.490, G_A: 1.042, cycle_A: 0.167, D_B: 0.591, G_B: 1.054, cycle_B: 0.103, gp: 0.585

[Rank 0] (epoch: 41, iters: 25280, time: 0.001, data: 0.001) , D_A: 0.357, G_A: 0.959, cycle_A: 0.169, D_B: 0.602, G_B: 0.967, cycle_B: 0.107, gp: 0.596

[Rank 0] (epoch: 41, iters: 26880, time: 0.001, data: 0.001) , D_A: 0.489, G_A: 0.934, cycle_A: 0.149, D_B: 0.576, G_B: 0.971, cycle_B: 0.104, gp: 0.574

[Rank 0] (epoch: 41, iters: 28480, time: 0.001, data: 0.001) , D_A: 0.363, G_A: 0.892, cycle_A: 0.148, D_B: 0.607, G_B: 0.965, cycle_B: 0.110, gp: 0.605

[Rank 0] (epoch: 41, iters: 30080, time: 0.001, data: 0.001) , D_A: 0.439, G_A: 1.028, cycle_A: 0.165, D_B: 0.554, G_B: 1.014, cycle_B: 0.108, gp: 0.552

[Rank 0] (epoch: 41, iters: 31680, time: 0.001, data: 0.001) , D_A: 0.392, G_A: 1.039, cycle_A: 0.160, D_B: 0.578, G_B: 0.975, cycle_B: 0.107, gp: 0.575

[Rank 0] (epoch: 41, iters: 33280, time: 0.001, data: 0.001) , D_A: 0.373, G_A: 0.977, cycle_A: 0.167, D_B: 0.532, G_B: 0.951, cycle_B: 0.113, gp: 0.528

[Rank 0] (epoch: 41, iters: 34880, time: 0.001, data: 0.001) , D_A: 0.381, G_A: 0.985, cycle_A: 0.159, D_B: 0.612, G_B: 1.033, cycle_B: 0.120, gp: 0.609

[Rank 0] (epoch: 41, iters: 36480, time: 0.001, data: 0.001) , D_A: 0.401, G_A: 0.984, cycle_A: 0.162, D_B: 0.614, G_B: 0.968, cycle_B: 0.105, gp: 0.612

[Rank 0] (epoch: 41, iters: 38080, time: 0.001, data: 0.001) , D_A: 0.254, G_A: 0.953, cycle_A: 0.148, D_B: 0.629, G_B: 0.962, cycle_B: 0.116, gp: 0.627

[Rank 0] (epoch: 41, iters: 39680, time: 0.001, data: 0.001) , D_A: 0.253, G_A: 0.935, cycle_A: 0.168, D_B: 0.506, G_B: 0.974, cycle_B: 0.111, gp: 0.503

learning rate 0.0001818 -> 0.0001636
temperature tau = 0.1301
End of epoch 41 / 50 	 Time Taken: 35 sec
[Rank 0] (epoch: 42, iters: 832, time: 0.001, data: 0.001) , D_A: 0.475, G_A: 0.965, cycle_A: 0.165, D_B: 0.573, G_B: 0.988, cycle_B: 0.108, gp: 0.571

[Rank 0] (epoch: 42, iters: 2432, time: 0.001, data: 0.000) , D_A: 0.358, G_A: 0.945, cycle_A: 0.166, D_B: 0.531, G_B: 0.964, cycle_B: 0.105, gp: 0.529

[Rank 0] (epoch: 42, iters: 4032, time: 0.001, data: 0.001) , D_A: 0.411, G_A: 0.987, cycle_A: 0.171, D_B: 0.543, G_B: 0.968, cycle_B: 0.110, gp: 0.540

[Rank 0] (epoch: 42, iters: 5632, time: 0.001, data: 0.001) , D_A: 0.374, G_A: 0.993, cycle_A: 0.169, D_B: 0.628, G_B: 1.028, cycle_B: 0.105, gp: 0.626

[Rank 0] (epoch: 42, iters: 7232, time: 0.001, data: 0.001) , D_A: 0.496, G_A: 0.978, cycle_A: 0.151, D_B: 0.540, G_B: 0.996, cycle_B: 0.107, gp: 0.538

[Rank 0] (epoch: 42, iters: 8832, time: 0.001, data: 0.001) , D_A: 0.381, G_A: 1.003, cycle_A: 0.156, D_B: 0.647, G_B: 0.986, cycle_B: 0.110, gp: 0.644

[Rank 0] (epoch: 42, iters: 10432, time: 0.001, data: 0.001) , D_A: 0.374, G_A: 0.980, cycle_A: 0.156, D_B: 0.590, G_B: 1.001, cycle_B: 0.102, gp: 0.588

[Rank 0] (epoch: 42, iters: 12032, time: 0.001, data: 0.001) , D_A: 0.299, G_A: 0.991, cycle_A: 0.161, D_B: 0.527, G_B: 0.982, cycle_B: 0.110, gp: 0.525

[Rank 0] (epoch: 42, iters: 13632, time: 0.001, data: 0.001) , D_A: 0.457, G_A: 1.009, cycle_A: 0.155, D_B: 0.631, G_B: 0.989, cycle_B: 0.103, gp: 0.629

[Rank 0] (epoch: 42, iters: 15232, time: 0.001, data: 0.001) , D_A: 0.275, G_A: 0.865, cycle_A: 0.146, D_B: 0.545, G_B: 0.956, cycle_B: 0.101, gp: 0.542

[Rank 0] (epoch: 42, iters: 16832, time: 0.001, data: 0.001) , D_A: 0.370, G_A: 0.970, cycle_A: 0.162, D_B: 0.536, G_B: 0.988, cycle_B: 0.106, gp: 0.535

[Rank 0] (epoch: 42, iters: 18432, time: 0.001, data: 0.001) , D_A: 0.351, G_A: 0.973, cycle_A: 0.167, D_B: 0.565, G_B: 0.985, cycle_B: 0.100, gp: 0.562

[Rank 0] (epoch: 42, iters: 20032, time: 0.001, data: 0.001) , D_A: 0.508, G_A: 0.998, cycle_A: 0.166, D_B: 0.594, G_B: 0.962, cycle_B: 0.100, gp: 0.591

--- iter tau=0.1301 ---
  cipher in : nnedy advisers and members of his staff were doing on the addres
  decrypted : rr igseiwox lxserisv vh lxsbysaoxsxteyysn l sibordsbrsta seiil x
  real plain: r those who like poetry but never get around to reading it the l
  cipher in : on like about half of the poems it is a sonnet on a conventional
  decrypted : brs om sehbutsae ysbysta spb vxsotsoxsesxbrr tsbrses brw rtobre 
  real plain: quire imagination and reminding himself that now he can be deman
[Rank 0] (epoch: 42, iters: 21632, time: 0.001, data: 0.001) , D_A: 0.401, G_A: 0.999, cycle_A: 0.147, D_B: 0.529, G_B: 0.980, cycle_B: 0.102, gp: 0.527

saving the latest model (epoch 42, total_iters 1680000)
[Rank 0] (epoch: 42, iters: 23232, time: 0.001, data: 0.001) , D_A: 0.451, G_A: 0.983, cycle_A: 0.153, D_B: 0.571, G_B: 0.976, cycle_B: 0.100, gp: 0.569

[Rank 0] (epoch: 42, iters: 24832, time: 0.001, data: 0.001) , D_A: 0.430, G_A: 0.966, cycle_A: 0.161, D_B: 0.538, G_B: 0.987, cycle_B: 0.110, gp: 0.535

[Rank 0] (epoch: 42, iters: 26432, time: 0.001, data: 0.001) , D_A: 0.439, G_A: 1.008, cycle_A: 0.161, D_B: 0.585, G_B: 1.032, cycle_B: 0.102, gp: 0.582

[Rank 0] (epoch: 42, iters: 28032, time: 0.001, data: 0.001) , D_A: 0.403, G_A: 0.961, cycle_A: 0.158, D_B: 0.608, G_B: 0.937, cycle_B: 0.112, gp: 0.605

[Rank 0] (epoch: 42, iters: 29632, time: 0.001, data: 0.001) , D_A: 0.374, G_A: 0.999, cycle_A: 0.154, D_B: 0.604, G_B: 0.990, cycle_B: 0.100, gp: 0.602

[Rank 0] (epoch: 42, iters: 31232, time: 0.001, data: 0.001) , D_A: 0.302, G_A: 0.942, cycle_A: 0.167, D_B: 0.561, G_B: 0.964, cycle_B: 0.108, gp: 0.560

[Rank 0] (epoch: 42, iters: 32832, time: 0.001, data: 0.001) , D_A: 0.229, G_A: 1.000, cycle_A: 0.145, D_B: 0.712, G_B: 0.964, cycle_B: 0.118, gp: 0.710

[Rank 0] (epoch: 42, iters: 34432, time: 0.001, data: 0.001) , D_A: 0.367, G_A: 1.000, cycle_A: 0.154, D_B: 0.616, G_B: 0.971, cycle_B: 0.098, gp: 0.614

[Rank 0] (epoch: 42, iters: 36032, time: 0.001, data: 0.001) , D_A: 0.382, G_A: 0.969, cycle_A: 0.153, D_B: 0.600, G_B: 1.033, cycle_B: 0.112, gp: 0.598

[Rank 0] (epoch: 42, iters: 37632, time: 0.001, data: 0.001) , D_A: 0.485, G_A: 0.941, cycle_A: 0.179, D_B: 0.536, G_B: 0.969, cycle_B: 0.095, gp: 0.534

[Rank 0] (epoch: 42, iters: 39232, time: 0.001, data: 0.001) , D_A: 0.418, G_A: 0.996, cycle_A: 0.164, D_B: 0.577, G_B: 1.005, cycle_B: 0.107, gp: 0.575

learning rate 0.0001636 -> 0.0001455
temperature tau = 0.1258
End of epoch 42 / 50 	 Time Taken: 33 sec
[Rank 0] (epoch: 43, iters: 384, time: 0.001, data: 0.001) , D_A: 0.370, G_A: 1.022, cycle_A: 0.150, D_B: 0.652, G_B: 0.974, cycle_B: 0.098, gp: 0.648

[Rank 0] (epoch: 43, iters: 1984, time: 0.001, data: 0.001) , D_A: 0.422, G_A: 0.978, cycle_A: 0.166, D_B: 0.593, G_B: 0.985, cycle_B: 0.108, gp: 0.591

[Rank 0] (epoch: 43, iters: 3584, time: 0.001, data: 0.001) , D_A: 0.375, G_A: 1.009, cycle_A: 0.164, D_B: 0.549, G_B: 1.004, cycle_B: 0.106, gp: 0.547

[Rank 0] (epoch: 43, iters: 5184, time: 0.001, data: 0.001) , D_A: 0.521, G_A: 1.012, cycle_A: 0.171, D_B: 0.604, G_B: 0.982, cycle_B: 0.106, gp: 0.603

[Rank 0] (epoch: 43, iters: 6784, time: 0.001, data: 0.001) , D_A: 0.496, G_A: 0.958, cycle_A: 0.164, D_B: 0.570, G_B: 0.949, cycle_B: 0.104, gp: 0.568

[Rank 0] (epoch: 43, iters: 8384, time: 0.001, data: 0.001) , D_A: 0.415, G_A: 0.995, cycle_A: 0.163, D_B: 0.529, G_B: 0.960, cycle_B: 0.105, gp: 0.527

[Rank 0] (epoch: 43, iters: 9984, time: 0.001, data: 0.001) , D_A: 0.486, G_A: 0.962, cycle_A: 0.154, D_B: 0.599, G_B: 1.014, cycle_B: 0.108, gp: 0.598

[Rank 0] (epoch: 43, iters: 11584, time: 0.001, data: 0.001) , D_A: 0.436, G_A: 1.023, cycle_A: 0.171, D_B: 0.525, G_B: 0.977, cycle_B: 0.108, gp: 0.523

[Rank 0] (epoch: 43, iters: 13184, time: 0.001, data: 0.001) , D_A: 0.496, G_A: 0.996, cycle_A: 0.153, D_B: 0.640, G_B: 1.009, cycle_B: 0.108, gp: 0.638

[Rank 0] (epoch: 43, iters: 14784, time: 0.001, data: 0.001) , D_A: 0.429, G_A: 0.982, cycle_A: 0.162, D_B: 0.591, G_B: 1.017, cycle_B: 0.103, gp: 0.589

[Rank 0] (epoch: 43, iters: 16384, time: 0.001, data: 0.001) , D_A: 0.442, G_A: 0.955, cycle_A: 0.172, D_B: 0.633, G_B: 0.951, cycle_B: 0.109, gp: 0.630

[Rank 0] (epoch: 43, iters: 17984, time: 0.001, data: 0.001) , D_A: 0.402, G_A: 0.998, cycle_A: 0.157, D_B: 0.628, G_B: 0.979, cycle_B: 0.103, gp: 0.624

[Rank 0] (epoch: 43, iters: 19584, time: 0.001, data: 0.001) , D_A: 0.288, G_A: 0.949, cycle_A: 0.166, D_B: 0.609, G_B: 1.030, cycle_B: 0.099, gp: 0.607

--- iter tau=0.1258 ---
  cipher in : more time i could have loosened a small burr or cotter pin sudde
  decrypted : vbl stov sos bu isaew s bbx r isesxve  shullsbls btt lsporsxuii 
  real plain:  the result of devoted hours in the tiled kitchen she would hove
  cipher in : his eye he could see his fathers wheels beginning to turn before
  decrypted : aoxs g sa s bu isx  saoxsyeta lxsna   xsh dorrordstbstulrsh ybl 
  real plain: ples and which are accepted by moderate men in both parties the 
[Rank 0] (epoch: 43, iters: 21184, time: 0.001, data: 0.001) , D_A: 0.387, G_A: 0.985, cycle_A: 0.171, D_B: 0.567, G_B: 0.947, cycle_B: 0.113, gp: 0.566

saving the latest model (epoch 43, total_iters 1720000)
[Rank 0] (epoch: 43, iters: 22784, time: 0.001, data: 0.001) , D_A: 0.438, G_A: 0.980, cycle_A: 0.158, D_B: 0.562, G_B: 1.008, cycle_B: 0.108, gp: 0.561

[Rank 0] (epoch: 43, iters: 24384, time: 0.001, data: 0.001) , D_A: 0.384, G_A: 0.993, cycle_A: 0.149, D_B: 0.579, G_B: 0.937, cycle_B: 0.106, gp: 0.577

[Rank 0] (epoch: 43, iters: 25984, time: 0.001, data: 0.001) , D_A: 0.439, G_A: 0.951, cycle_A: 0.154, D_B: 0.542, G_B: 0.960, cycle_B: 0.095, gp: 0.537

[Rank 0] (epoch: 43, iters: 27584, time: 0.001, data: 0.001) , D_A: 0.396, G_A: 0.991, cycle_A: 0.161, D_B: 0.601, G_B: 0.962, cycle_B: 0.108, gp: 0.599

[Rank 0] (epoch: 43, iters: 29184, time: 0.001, data: 0.001) , D_A: 0.293, G_A: 0.994, cycle_A: 0.168, D_B: 0.529, G_B: 0.992, cycle_B: 0.112, gp: 0.527

[Rank 0] (epoch: 43, iters: 30784, time: 0.001, data: 0.001) , D_A: 0.281, G_A: 0.975, cycle_A: 0.155, D_B: 0.609, G_B: 0.940, cycle_B: 0.115, gp: 0.607

[Rank 0] (epoch: 43, iters: 32384, time: 0.001, data: 0.001) , D_A: 0.483, G_A: 1.001, cycle_A: 0.161, D_B: 0.591, G_B: 1.017, cycle_B: 0.111, gp: 0.588

[Rank 0] (epoch: 43, iters: 33984, time: 0.001, data: 0.001) , D_A: 0.357, G_A: 1.004, cycle_A: 0.166, D_B: 0.555, G_B: 1.005, cycle_B: 0.101, gp: 0.554

[Rank 0] (epoch: 43, iters: 35584, time: 0.001, data: 0.001) , D_A: 0.382, G_A: 0.965, cycle_A: 0.162, D_B: 0.543, G_B: 0.975, cycle_B: 0.099, gp: 0.541

[Rank 0] (epoch: 43, iters: 37184, time: 0.001, data: 0.001) , D_A: 0.403, G_A: 1.002, cycle_A: 0.151, D_B: 0.577, G_B: 1.052, cycle_B: 0.107, gp: 0.574

[Rank 0] (epoch: 43, iters: 38784, time: 0.001, data: 0.002) , D_A: 0.449, G_A: 0.973, cycle_A: 0.166, D_B: 0.612, G_B: 0.979, cycle_B: 0.107, gp: 0.610

[Rank 0] (epoch: 43, iters: 40384, time: 0.001, data: 0.001) , D_A: 0.302, G_A: 0.988, cycle_A: 0.154, D_B: 0.586, G_B: 1.034, cycle_B: 0.104, gp: 0.583

learning rate 0.0001455 -> 0.0001273
temperature tau = 0.1218
End of epoch 43 / 50 	 Time Taken: 35 sec
[Rank 0] (epoch: 44, iters: 1536, time: 0.001, data: 0.001) , D_A: 0.464, G_A: 0.994, cycle_A: 0.157, D_B: 0.599, G_B: 1.002, cycle_B: 0.112, gp: 0.595

[Rank 0] (epoch: 44, iters: 3136, time: 0.001, data: 0.001) , D_A: 0.425, G_A: 0.967, cycle_A: 0.169, D_B: 0.451, G_B: 1.026, cycle_B: 0.109, gp: 0.450

[Rank 0] (epoch: 44, iters: 4736, time: 0.001, data: 0.001) , D_A: 0.466, G_A: 0.962, cycle_A: 0.173, D_B: 0.521, G_B: 0.983, cycle_B: 0.108, gp: 0.519

[Rank 0] (epoch: 44, iters: 6336, time: 0.001, data: 0.001) , D_A: 0.409, G_A: 0.961, cycle_A: 0.162, D_B: 0.497, G_B: 1.004, cycle_B: 0.101, gp: 0.494

[Rank 0] (epoch: 44, iters: 7936, time: 0.001, data: 0.001) , D_A: 0.360, G_A: 0.980, cycle_A: 0.177, D_B: 0.573, G_B: 0.983, cycle_B: 0.109, gp: 0.571

[Rank 0] (epoch: 44, iters: 9536, time: 0.001, data: 0.001) , D_A: 0.440, G_A: 1.001, cycle_A: 0.164, D_B: 0.704, G_B: 0.983, cycle_B: 0.100, gp: 0.702

[Rank 0] (epoch: 44, iters: 11136, time: 0.001, data: 0.001) , D_A: 0.397, G_A: 1.014, cycle_A: 0.169, D_B: 0.519, G_B: 0.963, cycle_B: 0.106, gp: 0.517

[Rank 0] (epoch: 44, iters: 12736, time: 0.001, data: 0.001) , D_A: 0.376, G_A: 0.967, cycle_A: 0.163, D_B: 0.566, G_B: 0.983, cycle_B: 0.103, gp: 0.564

[Rank 0] (epoch: 44, iters: 14336, time: 0.001, data: 0.001) , D_A: 0.473, G_A: 0.961, cycle_A: 0.158, D_B: 0.582, G_B: 0.956, cycle_B: 0.110, gp: 0.580

[Rank 0] (epoch: 44, iters: 15936, time: 0.001, data: 0.001) , D_A: 0.384, G_A: 1.001, cycle_A: 0.163, D_B: 0.589, G_B: 1.002, cycle_B: 0.110, gp: 0.587

[Rank 0] (epoch: 44, iters: 17536, time: 0.001, data: 0.001) , D_A: 0.414, G_A: 0.969, cycle_A: 0.162, D_B: 0.578, G_B: 1.011, cycle_B: 0.111, gp: 0.576

[Rank 0] (epoch: 44, iters: 19136, time: 0.001, data: 0.001) , D_A: 0.362, G_A: 0.972, cycle_A: 0.171, D_B: 0.643, G_B: 0.977, cycle_B: 0.108, gp: 0.641

--- iter tau=0.1218 ---
  cipher in : preachersinger and hannah dean gospelsinger while oscar brown jr
  decrypted : pl e a lxord lserisaerreasi ersdbxp  xord lsnao  sbx elshlbnrsjl
  real plain: er had one sensational triplecrown season when he batted and als
  cipher in : ure startled he jumped up to pull hen and case out of view and a
  decrypted : ul sxtelt  isa sjuvp isupstbspu  sa rseris ex sbutsbyswo nserise
  real plain: e balance sheet must be set some disappointment that the united 
[Rank 0] (epoch: 44, iters: 20736, time: 0.001, data: 0.001) , D_A: 0.533, G_A: 0.989, cycle_A: 0.168, D_B: 0.750, G_B: 0.784, cycle_B: 0.104, gp: 0.747

saving the latest model (epoch 44, total_iters 1760000)
[Rank 0] (epoch: 44, iters: 22336, time: 0.001, data: 0.001) , D_A: 0.447, G_A: 0.997, cycle_A: 0.172, D_B: 0.508, G_B: 0.971, cycle_B: 0.108, gp: 0.506

[Rank 0] (epoch: 44, iters: 23936, time: 0.001, data: 0.001) , D_A: 0.508, G_A: 0.997, cycle_A: 0.179, D_B: 0.592, G_B: 0.976, cycle_B: 0.103, gp: 0.590

[Rank 0] (epoch: 44, iters: 25536, time: 0.001, data: 0.001) , D_A: 0.523, G_A: 0.954, cycle_A: 0.166, D_B: 0.606, G_B: 0.999, cycle_B: 0.107, gp: 0.601

[Rank 0] (epoch: 44, iters: 27136, time: 0.001, data: 0.001) , D_A: 0.502, G_A: 1.020, cycle_A: 0.158, D_B: 0.561, G_B: 0.997, cycle_B: 0.104, gp: 0.560

[Rank 0] (epoch: 44, iters: 28736, time: 0.001, data: 0.001) , D_A: 0.355, G_A: 0.979, cycle_A: 0.166, D_B: 0.574, G_B: 0.966, cycle_B: 0.104, gp: 0.572

[Rank 0] (epoch: 44, iters: 30336, time: 0.001, data: 0.001) , D_A: 0.328, G_A: 0.992, cycle_A: 0.154, D_B: 0.718, G_B: 0.990, cycle_B: 0.109, gp: 0.716

[Rank 0] (epoch: 44, iters: 31936, time: 0.001, data: 0.001) , D_A: 0.375, G_A: 0.976, cycle_A: 0.144, D_B: 0.607, G_B: 0.980, cycle_B: 0.100, gp: 0.604

[Rank 0] (epoch: 44, iters: 33536, time: 0.001, data: 0.001) , D_A: 0.415, G_A: 0.938, cycle_A: 0.160, D_B: 0.645, G_B: 0.969, cycle_B: 0.101, gp: 0.642

[Rank 0] (epoch: 44, iters: 35136, time: 0.001, data: 0.001) , D_A: 0.442, G_A: 0.976, cycle_A: 0.160, D_B: 0.609, G_B: 0.963, cycle_B: 0.117, gp: 0.607

[Rank 0] (epoch: 44, iters: 36736, time: 0.001, data: 0.001) , D_A: 0.373, G_A: 0.953, cycle_A: 0.157, D_B: 0.543, G_B: 0.986, cycle_B: 0.103, gp: 0.541

[Rank 0] (epoch: 44, iters: 38336, time: 0.001, data: 0.001) , D_A: 0.444, G_A: 1.004, cycle_A: 0.158, D_B: 0.634, G_B: 0.996, cycle_B: 0.115, gp: 0.633

[Rank 0] (epoch: 44, iters: 39936, time: 0.001, data: 0.001) , D_A: 0.372, G_A: 0.972, cycle_A: 0.158, D_B: 0.617, G_B: 0.968, cycle_B: 0.111, gp: 0.614

learning rate 0.0001273 -> 0.0001091
temperature tau = 0.1178
End of epoch 44 / 50 	 Time Taken: 33 sec
[Rank 0] (epoch: 45, iters: 1088, time: 0.001, data: 0.001) , D_A: 0.303, G_A: 0.957, cycle_A: 0.161, D_B: 0.538, G_B: 0.979, cycle_B: 0.113, gp: 0.536

[Rank 0] (epoch: 45, iters: 2688, time: 0.001, data: 0.001) , D_A: 0.477, G_A: 0.959, cycle_A: 0.163, D_B: 0.614, G_B: 0.987, cycle_B: 0.096, gp: 0.612

[Rank 0] (epoch: 45, iters: 4288, time: 0.001, data: 0.001) , D_A: 0.514, G_A: 0.966, cycle_A: 0.160, D_B: 0.389, G_B: 1.014, cycle_B: 0.099, gp: 0.388

[Rank 0] (epoch: 45, iters: 5888, time: 0.001, data: 0.001) , D_A: 0.465, G_A: 0.962, cycle_A: 0.163, D_B: 0.634, G_B: 0.988, cycle_B: 0.106, gp: 0.631

[Rank 0] (epoch: 45, iters: 7488, time: 0.001, data: 0.001) , D_A: 0.509, G_A: 0.984, cycle_A: 0.161, D_B: 0.659, G_B: 0.960, cycle_B: 0.106, gp: 0.656

[Rank 0] (epoch: 45, iters: 9088, time: 0.001, data: 0.001) , D_A: 0.451, G_A: 0.971, cycle_A: 0.146, D_B: 0.551, G_B: 1.018, cycle_B: 0.110, gp: 0.549

[Rank 0] (epoch: 45, iters: 10688, time: 0.001, data: 0.001) , D_A: 0.537, G_A: 0.978, cycle_A: 0.166, D_B: 0.551, G_B: 0.955, cycle_B: 0.102, gp: 0.548

[Rank 0] (epoch: 45, iters: 12288, time: 0.001, data: 0.001) , D_A: 0.292, G_A: 0.973, cycle_A: 0.167, D_B: 0.591, G_B: 0.951, cycle_B: 0.110, gp: 0.589

[Rank 0] (epoch: 45, iters: 13888, time: 0.001, data: 0.001) , D_A: 0.365, G_A: 0.969, cycle_A: 0.166, D_B: 0.582, G_B: 0.962, cycle_B: 0.111, gp: 0.580

[Rank 0] (epoch: 45, iters: 15488, time: 0.001, data: 0.001) , D_A: 0.387, G_A: 0.976, cycle_A: 0.180, D_B: 0.670, G_B: 0.975, cycle_B: 0.105, gp: 0.668

[Rank 0] (epoch: 45, iters: 17088, time: 0.001, data: 0.001) , D_A: 0.461, G_A: 0.956, cycle_A: 0.157, D_B: 0.660, G_B: 1.010, cycle_B: 0.098, gp: 0.658

[Rank 0] (epoch: 45, iters: 18688, time: 0.001, data: 0.001) , D_A: 0.422, G_A: 0.978, cycle_A: 0.159, D_B: 0.635, G_B: 0.931, cycle_B: 0.104, gp: 0.634

--- iter tau=0.1178 ---
  cipher in : way from making a cake building a chicken coop or producing a bo
  decrypted : negsylbvsvemordses em shuo iordses ao m rs bbpsblsplbiu ordseshb
  real plain: l we now have is more than adequate to fulfill any military obje
  cipher in : of pyhrric victory over the tourists fine day after tomorrow she
  decrypted : byspgallo swo tblgsbw lsta stbuloxtxsyor siegseyt lstbvbllbnsxa 
  real plain: acing them and their members often equate a government career wi
[Rank 0] (epoch: 45, iters: 20288, time: 0.001, data: 0.001) , D_A: 0.428, G_A: 0.970, cycle_A: 0.160, D_B: 0.621, G_B: 0.952, cycle_B: 0.100, gp: 0.619

saving the latest model (epoch 45, total_iters 1800000)
[Rank 0] (epoch: 45, iters: 21888, time: 0.001, data: 0.001) , D_A: 0.407, G_A: 0.992, cycle_A: 0.151, D_B: 0.521, G_B: 1.011, cycle_B: 0.102, gp: 0.519

[Rank 0] (epoch: 45, iters: 23488, time: 0.001, data: 0.001) , D_A: 0.408, G_A: 0.970, cycle_A: 0.154, D_B: 0.594, G_B: 0.938, cycle_B: 0.100, gp: 0.590

[Rank 0] (epoch: 45, iters: 25088, time: 0.001, data: 0.001) , D_A: 0.470, G_A: 0.990, cycle_A: 0.162, D_B: 0.673, G_B: 0.962, cycle_B: 0.110, gp: 0.670

[Rank 0] (epoch: 45, iters: 26688, time: 0.001, data: 0.001) , D_A: 0.483, G_A: 0.983, cycle_A: 0.165, D_B: 0.685, G_B: 1.014, cycle_B: 0.105, gp: 0.683

[Rank 0] (epoch: 45, iters: 28288, time: 0.001, data: 0.001) , D_A: 0.436, G_A: 0.989, cycle_A: 0.160, D_B: 0.652, G_B: 0.989, cycle_B: 0.110, gp: 0.650

[Rank 0] (epoch: 45, iters: 29888, time: 0.001, data: 0.001) , D_A: 0.438, G_A: 0.976, cycle_A: 0.167, D_B: 0.530, G_B: 0.928, cycle_B: 0.101, gp: 0.527

[Rank 0] (epoch: 45, iters: 31488, time: 0.001, data: 0.001) , D_A: 0.414, G_A: 0.970, cycle_A: 0.151, D_B: 0.558, G_B: 1.022, cycle_B: 0.108, gp: 0.556

[Rank 0] (epoch: 45, iters: 33088, time: 0.001, data: 0.001) , D_A: 0.461, G_A: 0.940, cycle_A: 0.163, D_B: 0.572, G_B: 0.957, cycle_B: 0.113, gp: 0.570

[Rank 0] (epoch: 45, iters: 34688, time: 0.001, data: 0.001) , D_A: 0.399, G_A: 0.962, cycle_A: 0.162, D_B: 0.585, G_B: 0.976, cycle_B: 0.098, gp: 0.583

[Rank 0] (epoch: 45, iters: 36288, time: 0.001, data: 0.001) , D_A: 0.421, G_A: 0.981, cycle_A: 0.167, D_B: 0.603, G_B: 0.965, cycle_B: 0.112, gp: 0.601

[Rank 0] (epoch: 45, iters: 37888, time: 0.001, data: 0.001) , D_A: 0.400, G_A: 0.959, cycle_A: 0.160, D_B: 0.558, G_B: 1.018, cycle_B: 0.095, gp: 0.557

[Rank 0] (epoch: 45, iters: 39488, time: 0.001, data: 0.001) , D_A: 0.473, G_A: 1.007, cycle_A: 0.159, D_B: 0.623, G_B: 0.967, cycle_B: 0.113, gp: 0.622

learning rate 0.0001091 -> 0.0000909
temperature tau = 0.1140
End of epoch 45 / 50 	 Time Taken: 33 sec
[Rank 0] (epoch: 46, iters: 640, time: 0.001, data: 0.001) , D_A: 0.425, G_A: 0.970, cycle_A: 0.166, D_B: 0.625, G_B: 0.912, cycle_B: 0.108, gp: 0.623

[Rank 0] (epoch: 46, iters: 2240, time: 0.001, data: 0.000) , D_A: 0.415, G_A: 0.987, cycle_A: 0.157, D_B: 0.759, G_B: 0.983, cycle_B: 0.105, gp: 0.757

[Rank 0] (epoch: 46, iters: 3840, time: 0.001, data: 0.001) , D_A: 0.527, G_A: 0.966, cycle_A: 0.161, D_B: 0.615, G_B: 0.969, cycle_B: 0.110, gp: 0.613

[Rank 0] (epoch: 46, iters: 5440, time: 0.001, data: 0.001) , D_A: 0.484, G_A: 1.014, cycle_A: 0.155, D_B: 0.521, G_B: 0.999, cycle_B: 0.105, gp: 0.520

[Rank 0] (epoch: 46, iters: 7040, time: 0.001, data: 0.001) , D_A: 0.522, G_A: 0.980, cycle_A: 0.155, D_B: 0.519, G_B: 1.008, cycle_B: 0.103, gp: 0.517

[Rank 0] (epoch: 46, iters: 8640, time: 0.001, data: 0.001) , D_A: 0.455, G_A: 0.948, cycle_A: 0.165, D_B: 0.689, G_B: 0.991, cycle_B: 0.105, gp: 0.687

[Rank 0] (epoch: 46, iters: 10240, time: 0.001, data: 0.001) , D_A: 0.451, G_A: 0.982, cycle_A: 0.153, D_B: 0.628, G_B: 0.988, cycle_B: 0.108, gp: 0.627

[Rank 0] (epoch: 46, iters: 11840, time: 0.001, data: 0.001) , D_A: 0.421, G_A: 1.018, cycle_A: 0.171, D_B: 0.625, G_B: 0.996, cycle_B: 0.111, gp: 0.623

[Rank 0] (epoch: 46, iters: 13440, time: 0.001, data: 0.001) , D_A: 0.396, G_A: 0.955, cycle_A: 0.171, D_B: 0.575, G_B: 0.975, cycle_B: 0.103, gp: 0.573

[Rank 0] (epoch: 46, iters: 15040, time: 0.001, data: 0.001) , D_A: 0.376, G_A: 0.981, cycle_A: 0.160, D_B: 0.651, G_B: 0.983, cycle_B: 0.096, gp: 0.649

[Rank 0] (epoch: 46, iters: 16640, time: 0.001, data: 0.001) , D_A: 0.441, G_A: 0.993, cycle_A: 0.156, D_B: 0.635, G_B: 0.962, cycle_B: 0.106, gp: 0.633

[Rank 0] (epoch: 46, iters: 18240, time: 0.001, data: 0.001) , D_A: 0.432, G_A: 0.964, cycle_A: 0.150, D_B: 0.690, G_B: 0.960, cycle_B: 0.100, gp: 0.688

--- iter tau=0.1140 ---
  cipher in : iness can benefit the rural farm community and above all how pro
  decrypted : or xxs ersh r yotsta slule syelvs bvvurotgserisehbw se  sabnsplb
  real plain: sed reason the cannery loses yearly but dekalb citizens those wh
  cipher in : y where this approach becomes critical the industry can be expec
  decrypted : gsna l staoxsepplbe ash  bv xs loto e sta soriuxtlgs ersh s gp  
  real plain: mmunities and small business enterprises d the level of salvage 
[Rank 0] (epoch: 46, iters: 19840, time: 0.001, data: 0.001) , D_A: 0.410, G_A: 0.957, cycle_A: 0.163, D_B: 0.671, G_B: 0.990, cycle_B: 0.099, gp: 0.669

saving the latest model (epoch 46, total_iters 1840000)
[Rank 0] (epoch: 46, iters: 21440, time: 0.001, data: 0.001) , D_A: 0.491, G_A: 0.979, cycle_A: 0.163, D_B: 0.663, G_B: 0.979, cycle_B: 0.113, gp: 0.661

[Rank 0] (epoch: 46, iters: 23040, time: 0.001, data: 0.001) , D_A: 0.472, G_A: 0.915, cycle_A: 0.161, D_B: 0.677, G_B: 0.980, cycle_B: 0.108, gp: 0.675

[Rank 0] (epoch: 46, iters: 24640, time: 0.001, data: 0.001) , D_A: 0.592, G_A: 0.988, cycle_A: 0.149, D_B: 0.683, G_B: 0.996, cycle_B: 0.110, gp: 0.681

[Rank 0] (epoch: 46, iters: 26240, time: 0.001, data: 0.001) , D_A: 0.597, G_A: 0.974, cycle_A: 0.164, D_B: 0.543, G_B: 1.004, cycle_B: 0.102, gp: 0.542

[Rank 0] (epoch: 46, iters: 27840, time: 0.001, data: 0.001) , D_A: 0.464, G_A: 0.960, cycle_A: 0.161, D_B: 0.695, G_B: 0.975, cycle_B: 0.112, gp: 0.692

[Rank 0] (epoch: 46, iters: 29440, time: 0.001, data: 0.001) , D_A: 0.451, G_A: 1.012, cycle_A: 0.156, D_B: 0.633, G_B: 0.985, cycle_B: 0.101, gp: 0.631

[Rank 0] (epoch: 46, iters: 31040, time: 0.001, data: 0.001) , D_A: 0.503, G_A: 1.004, cycle_A: 0.158, D_B: 0.664, G_B: 0.943, cycle_B: 0.108, gp: 0.663

[Rank 0] (epoch: 46, iters: 32640, time: 0.001, data: 0.001) , D_A: 0.466, G_A: 0.977, cycle_A: 0.164, D_B: 0.664, G_B: 0.985, cycle_B: 0.111, gp: 0.661

[Rank 0] (epoch: 46, iters: 34240, time: 0.001, data: 0.001) , D_A: 0.548, G_A: 1.002, cycle_A: 0.169, D_B: 0.665, G_B: 0.991, cycle_B: 0.101, gp: 0.663

[Rank 0] (epoch: 46, iters: 35840, time: 0.001, data: 0.001) , D_A: 0.433, G_A: 0.969, cycle_A: 0.156, D_B: 0.547, G_B: 1.004, cycle_B: 0.099, gp: 0.545

[Rank 0] (epoch: 46, iters: 37440, time: 0.001, data: 0.001) , D_A: 0.375, G_A: 0.968, cycle_A: 0.150, D_B: 0.725, G_B: 0.982, cycle_B: 0.096, gp: 0.724

[Rank 0] (epoch: 46, iters: 39040, time: 0.001, data: 0.001) , D_A: 0.424, G_A: 0.980, cycle_A: 0.165, D_B: 0.590, G_B: 0.978, cycle_B: 0.107, gp: 0.588

learning rate 0.0000909 -> 0.0000727
temperature tau = 0.1104
End of epoch 46 / 50 	 Time Taken: 33 sec
[Rank 0] (epoch: 47, iters: 192, time: 0.001, data: 0.001) , D_A: 0.386, G_A: 1.016, cycle_A: 0.161, D_B: 0.712, G_B: 0.984, cycle_B: 0.099, gp: 0.711

[Rank 0] (epoch: 47, iters: 1792, time: 0.001, data: 0.000) , D_A: 0.455, G_A: 0.957, cycle_A: 0.157, D_B: 0.599, G_B: 0.977, cycle_B: 0.108, gp: 0.596

[Rank 0] (epoch: 47, iters: 3392, time: 0.001, data: 0.001) , D_A: 0.466, G_A: 1.002, cycle_A: 0.168, D_B: 0.626, G_B: 0.998, cycle_B: 0.106, gp: 0.624

[Rank 0] (epoch: 47, iters: 4992, time: 0.001, data: 0.001) , D_A: 0.538, G_A: 0.935, cycle_A: 0.160, D_B: 0.652, G_B: 0.996, cycle_B: 0.107, gp: 0.651

[Rank 0] (epoch: 47, iters: 6592, time: 0.001, data: 0.001) , D_A: 0.501, G_A: 0.990, cycle_A: 0.162, D_B: 0.565, G_B: 0.947, cycle_B: 0.101, gp: 0.563

[Rank 0] (epoch: 47, iters: 8192, time: 0.001, data: 0.001) , D_A: 0.407, G_A: 0.958, cycle_A: 0.156, D_B: 0.667, G_B: 0.999, cycle_B: 0.109, gp: 0.664

[Rank 0] (epoch: 47, iters: 9792, time: 0.001, data: 0.001) , D_A: 0.445, G_A: 0.970, cycle_A: 0.159, D_B: 0.697, G_B: 0.954, cycle_B: 0.109, gp: 0.694

[Rank 0] (epoch: 47, iters: 11392, time: 0.001, data: 0.001) , D_A: 0.481, G_A: 0.974, cycle_A: 0.172, D_B: 0.598, G_B: 0.958, cycle_B: 0.109, gp: 0.595

[Rank 0] (epoch: 47, iters: 12992, time: 0.001, data: 0.001) , D_A: 0.541, G_A: 1.002, cycle_A: 0.157, D_B: 0.655, G_B: 0.981, cycle_B: 0.108, gp: 0.653

[Rank 0] (epoch: 47, iters: 14592, time: 0.001, data: 0.001) , D_A: 0.458, G_A: 0.980, cycle_A: 0.164, D_B: 0.633, G_B: 0.937, cycle_B: 0.103, gp: 0.631

[Rank 0] (epoch: 47, iters: 16192, time: 0.001, data: 0.001) , D_A: 0.532, G_A: 0.970, cycle_A: 0.158, D_B: 0.577, G_B: 0.986, cycle_B: 0.109, gp: 0.575

[Rank 0] (epoch: 47, iters: 17792, time: 0.001, data: 0.001) , D_A: 0.539, G_A: 0.980, cycle_A: 0.163, D_B: 0.595, G_B: 0.976, cycle_B: 0.111, gp: 0.593

--- iter tau=0.1104 ---
  cipher in : us style in middleclass life where the congregation is a vehicle
  decrypted : uxsxtg  sorsvoii    exxs oy sna l sta s brdl detobrsoxsesw ao   
  real plain: ted deerstalker under is a new rifle action in a caliber that up
  cipher in : too proud to pick up the phone said a house democratic leader on
  decrypted : tbbsplbuistbspo msupsta spabr sxeoisesabux si vb leto s  ei lsbr
  real plain: in washington dc lucy upton held positions in the us census offi
[Rank 0] (epoch: 47, iters: 19392, time: 0.001, data: 0.001) , D_A: 0.502, G_A: 0.945, cycle_A: 0.165, D_B: 0.629, G_B: 0.961, cycle_B: 0.108, gp: 0.627

saving the latest model (epoch 47, total_iters 1880000)
[Rank 0] (epoch: 47, iters: 20992, time: 0.001, data: 0.001) , D_A: 0.487, G_A: 0.972, cycle_A: 0.161, D_B: 0.653, G_B: 0.996, cycle_B: 0.104, gp: 0.651

[Rank 0] (epoch: 47, iters: 22592, time: 0.001, data: 0.001) , D_A: 0.479, G_A: 0.987, cycle_A: 0.162, D_B: 0.582, G_B: 0.999, cycle_B: 0.108, gp: 0.579

[Rank 0] (epoch: 47, iters: 24192, time: 0.001, data: 0.001) , D_A: 0.438, G_A: 0.957, cycle_A: 0.169, D_B: 0.695, G_B: 0.941, cycle_B: 0.107, gp: 0.692

[Rank 0] (epoch: 47, iters: 25792, time: 0.001, data: 0.001) , D_A: 0.449, G_A: 0.976, cycle_A: 0.157, D_B: 0.518, G_B: 0.966, cycle_B: 0.095, gp: 0.516

[Rank 0] (epoch: 47, iters: 27392, time: 0.001, data: 0.001) , D_A: 0.519, G_A: 0.981, cycle_A: 0.163, D_B: 0.693, G_B: 0.980, cycle_B: 0.108, gp: 0.689

[Rank 0] (epoch: 47, iters: 28992, time: 0.001, data: 0.001) , D_A: 0.444, G_A: 0.981, cycle_A: 0.159, D_B: 0.652, G_B: 0.989, cycle_B: 0.103, gp: 0.649

[Rank 0] (epoch: 47, iters: 30592, time: 0.001, data: 0.001) , D_A: 0.447, G_A: 0.975, cycle_A: 0.170, D_B: 0.692, G_B: 0.956, cycle_B: 0.109, gp: 0.689

[Rank 0] (epoch: 47, iters: 32192, time: 0.001, data: 0.001) , D_A: 0.391, G_A: 0.982, cycle_A: 0.160, D_B: 0.590, G_B: 0.952, cycle_B: 0.100, gp: 0.587

[Rank 0] (epoch: 47, iters: 33792, time: 0.001, data: 0.001) , D_A: 0.350, G_A: 0.967, cycle_A: 0.153, D_B: 0.552, G_B: 0.955, cycle_B: 0.101, gp: 0.550

[Rank 0] (epoch: 47, iters: 35392, time: 0.001, data: 0.001) , D_A: 0.374, G_A: 0.970, cycle_A: 0.164, D_B: 0.592, G_B: 0.984, cycle_B: 0.100, gp: 0.590

[Rank 0] (epoch: 47, iters: 36992, time: 0.001, data: 0.001) , D_A: 0.453, G_A: 0.985, cycle_A: 0.146, D_B: 0.619, G_B: 0.964, cycle_B: 0.107, gp: 0.617

[Rank 0] (epoch: 47, iters: 38592, time: 0.001, data: 0.001) , D_A: 0.486, G_A: 0.969, cycle_A: 0.164, D_B: 0.695, G_B: 0.990, cycle_B: 0.107, gp: 0.693

[Rank 0] (epoch: 47, iters: 40192, time: 0.001, data: 0.001) , D_A: 0.472, G_A: 0.976, cycle_A: 0.169, D_B: 0.627, G_B: 0.995, cycle_B: 0.103, gp: 0.625

learning rate 0.0000727 -> 0.0000545
temperature tau = 0.1068
End of epoch 47 / 50 	 Time Taken: 33 sec
[Rank 0] (epoch: 48, iters: 1344, time: 0.001, data: 0.000) , D_A: 0.532, G_A: 0.973, cycle_A: 0.154, D_B: 0.583, G_B: 0.950, cycle_B: 0.112, gp: 0.580

[Rank 0] (epoch: 48, iters: 2944, time: 0.001, data: 0.001) , D_A: 0.496, G_A: 0.983, cycle_A: 0.175, D_B: 0.628, G_B: 0.990, cycle_B: 0.096, gp: 0.626

[Rank 0] (epoch: 48, iters: 4544, time: 0.001, data: 0.001) , D_A: 0.495, G_A: 0.973, cycle_A: 0.164, D_B: 0.729, G_B: 0.964, cycle_B: 0.099, gp: 0.727

[Rank 0] (epoch: 48, iters: 6144, time: 0.001, data: 0.001) , D_A: 0.488, G_A: 0.950, cycle_A: 0.157, D_B: 0.576, G_B: 0.966, cycle_B: 0.106, gp: 0.574

[Rank 0] (epoch: 48, iters: 7744, time: 0.001, data: 0.001) , D_A: 0.358, G_A: 0.977, cycle_A: 0.159, D_B: 0.541, G_B: 0.984, cycle_B: 0.109, gp: 0.539

[Rank 0] (epoch: 48, iters: 9344, time: 0.001, data: 0.001) , D_A: 0.426, G_A: 0.975, cycle_A: 0.174, D_B: 0.683, G_B: 0.994, cycle_B: 0.100, gp: 0.681

[Rank 0] (epoch: 48, iters: 10944, time: 0.001, data: 0.001) , D_A: 0.426, G_A: 0.988, cycle_A: 0.165, D_B: 0.537, G_B: 0.955, cycle_B: 0.107, gp: 0.536

[Rank 0] (epoch: 48, iters: 12544, time: 0.001, data: 0.001) , D_A: 0.393, G_A: 0.972, cycle_A: 0.161, D_B: 0.643, G_B: 0.997, cycle_B: 0.104, gp: 0.641

[Rank 0] (epoch: 48, iters: 14144, time: 0.001, data: 0.001) , D_A: 0.466, G_A: 0.983, cycle_A: 0.169, D_B: 0.635, G_B: 0.954, cycle_B: 0.110, gp: 0.633

[Rank 0] (epoch: 48, iters: 15744, time: 0.001, data: 0.001) , D_A: 0.508, G_A: 0.940, cycle_A: 0.166, D_B: 0.757, G_B: 0.987, cycle_B: 0.105, gp: 0.755

[Rank 0] (epoch: 48, iters: 17344, time: 0.001, data: 0.001) , D_A: 0.443, G_A: 0.973, cycle_A: 0.166, D_B: 0.692, G_B: 0.979, cycle_B: 0.098, gp: 0.690

--- iter tau=0.1068 ---
  cipher in : be big also there are housed here some priceless historical trea
  decrypted : h shodse xbsta l sel sabux isa l sxbv splo    xxsaoxtblo e stl e
  real plain:  own land after an absence of eighteen years he finds it in utte
  cipher in : ful of apricot preserve or jam a pinch each of clove and nutmeg 
  decrypted : yu sbyseplo btspl x lw sblsjevsespor as e asbys  bw serisrutv ds
  real plain:  punch redoubled him and then there was a numbing blow to the he
[Rank 0] (epoch: 48, iters: 18944, time: 0.001, data: 0.001) , D_A: 0.446, G_A: 0.989, cycle_A: 0.163, D_B: 0.998, G_B: 0.909, cycle_B: 0.104, gp: 0.995

saving the latest model (epoch 48, total_iters 1920000)
[Rank 0] (epoch: 48, iters: 20544, time: 0.001, data: 0.001) , D_A: 0.486, G_A: 0.953, cycle_A: 0.163, D_B: 0.593, G_B: 0.996, cycle_B: 0.105, gp: 0.591

[Rank 0] (epoch: 48, iters: 22144, time: 0.001, data: 0.001) , D_A: 0.427, G_A: 0.981, cycle_A: 0.169, D_B: 0.650, G_B: 0.972, cycle_B: 0.108, gp: 0.647

[Rank 0] (epoch: 48, iters: 23744, time: 0.001, data: 0.001) , D_A: 0.495, G_A: 0.977, cycle_A: 0.162, D_B: 0.660, G_B: 0.951, cycle_B: 0.103, gp: 0.658

[Rank 0] (epoch: 48, iters: 25344, time: 0.001, data: 0.001) , D_A: 0.504, G_A: 0.979, cycle_A: 0.165, D_B: 0.686, G_B: 0.965, cycle_B: 0.107, gp: 0.685

[Rank 0] (epoch: 48, iters: 26944, time: 0.001, data: 0.001) , D_A: 0.505, G_A: 0.998, cycle_A: 0.158, D_B: 0.658, G_B: 0.981, cycle_B: 0.104, gp: 0.656

[Rank 0] (epoch: 48, iters: 28544, time: 0.001, data: 0.001) , D_A: 0.427, G_A: 0.974, cycle_A: 0.167, D_B: 0.670, G_B: 0.986, cycle_B: 0.110, gp: 0.668

[Rank 0] (epoch: 48, iters: 30144, time: 0.001, data: 0.001) , D_A: 0.519, G_A: 0.981, cycle_A: 0.166, D_B: 0.552, G_B: 0.968, cycle_B: 0.100, gp: 0.550

[Rank 0] (epoch: 48, iters: 31744, time: 0.001, data: 0.001) , D_A: 0.429, G_A: 0.966, cycle_A: 0.165, D_B: 0.734, G_B: 0.988, cycle_B: 0.107, gp: 0.732

[Rank 0] (epoch: 48, iters: 33344, time: 0.001, data: 0.001) , D_A: 0.473, G_A: 0.962, cycle_A: 0.167, D_B: 0.645, G_B: 0.985, cycle_B: 0.102, gp: 0.643

[Rank 0] (epoch: 48, iters: 34944, time: 0.001, data: 0.001) , D_A: 0.469, G_A: 0.978, cycle_A: 0.161, D_B: 0.683, G_B: 0.999, cycle_B: 0.118, gp: 0.681

[Rank 0] (epoch: 48, iters: 36544, time: 0.001, data: 0.001) , D_A: 0.391, G_A: 0.954, cycle_A: 0.169, D_B: 0.566, G_B: 0.982, cycle_B: 0.104, gp: 0.564

[Rank 0] (epoch: 48, iters: 38144, time: 0.001, data: 0.001) , D_A: 0.478, G_A: 0.957, cycle_A: 0.164, D_B: 0.607, G_B: 0.975, cycle_B: 0.115, gp: 0.605

[Rank 0] (epoch: 48, iters: 39744, time: 0.001, data: 0.001) , D_A: 0.403, G_A: 0.981, cycle_A: 0.164, D_B: 0.637, G_B: 0.998, cycle_B: 0.112, gp: 0.635

learning rate 0.0000545 -> 0.0000364
temperature tau = 0.1033
End of epoch 48 / 50 	 Time Taken: 33 sec
[Rank 0] (epoch: 49, iters: 896, time: 0.001, data: 0.001) , D_A: 0.478, G_A: 0.973, cycle_A: 0.175, D_B: 0.621, G_B: 0.998, cycle_B: 0.108, gp: 0.619

[Rank 0] (epoch: 49, iters: 2496, time: 0.001, data: 0.000) , D_A: 0.442, G_A: 0.984, cycle_A: 0.154, D_B: 0.694, G_B: 0.958, cycle_B: 0.105, gp: 0.692

[Rank 0] (epoch: 49, iters: 4096, time: 0.001, data: 0.001) , D_A: 0.443, G_A: 0.941, cycle_A: 0.158, D_B: 0.684, G_B: 0.972, cycle_B: 0.110, gp: 0.683

[Rank 0] (epoch: 49, iters: 5696, time: 0.001, data: 0.001) , D_A: 0.555, G_A: 0.998, cycle_A: 0.154, D_B: 0.655, G_B: 0.983, cycle_B: 0.107, gp: 0.653

[Rank 0] (epoch: 49, iters: 7296, time: 0.001, data: 0.001) , D_A: 0.473, G_A: 0.962, cycle_A: 0.173, D_B: 0.647, G_B: 0.970, cycle_B: 0.106, gp: 0.645

[Rank 0] (epoch: 49, iters: 8896, time: 0.001, data: 0.001) , D_A: 0.480, G_A: 0.991, cycle_A: 0.151, D_B: 0.654, G_B: 0.982, cycle_B: 0.110, gp: 0.653

[Rank 0] (epoch: 49, iters: 10496, time: 0.001, data: 0.001) , D_A: 0.477, G_A: 0.968, cycle_A: 0.159, D_B: 0.862, G_B: 0.967, cycle_B: 0.102, gp: 0.860

[Rank 0] (epoch: 49, iters: 12096, time: 0.001, data: 0.001) , D_A: 0.464, G_A: 0.948, cycle_A: 0.168, D_B: 0.646, G_B: 0.970, cycle_B: 0.110, gp: 0.644

[Rank 0] (epoch: 49, iters: 13696, time: 0.001, data: 0.001) , D_A: 0.366, G_A: 0.957, cycle_A: 0.153, D_B: 0.605, G_B: 0.991, cycle_B: 0.103, gp: 0.603

[Rank 0] (epoch: 49, iters: 15296, time: 0.001, data: 0.001) , D_A: 0.504, G_A: 0.965, cycle_A: 0.151, D_B: 0.680, G_B: 0.972, cycle_B: 0.096, gp: 0.678

[Rank 0] (epoch: 49, iters: 16896, time: 0.001, data: 0.001) , D_A: 0.503, G_A: 0.975, cycle_A: 0.153, D_B: 0.616, G_B: 0.968, cycle_B: 0.106, gp: 0.614

--- iter tau=0.1033 ---
  cipher in : racterize these countries may make them particularly prone to di
  decrypted : le t log sta x s burtlo xsvegsvem sta vspelto u el gsplbr stbsio
  real plain:  own land after an absence of eighteen years he finds it in utte
  cipher in : e a week then gradually converted to hot freshground cereal ever
  decrypted :  sesn  msta rsdleiue  gs brw lt istbsabtsyl xadlburis  l e s w l
  real plain:  punch redoubled him and then there was a numbing blow to the he
[Rank 0] (epoch: 49, iters: 18496, time: 0.001, data: 0.001) , D_A: 0.457, G_A: 0.958, cycle_A: 0.163, D_B: 0.660, G_B: 0.955, cycle_B: 0.105, gp: 0.658

saving the latest model (epoch 49, total_iters 1960000)
[Rank 0] (epoch: 49, iters: 20096, time: 0.001, data: 0.001) , D_A: 0.532, G_A: 0.967, cycle_A: 0.165, D_B: 0.642, G_B: 0.980, cycle_B: 0.100, gp: 0.640

[Rank 0] (epoch: 49, iters: 21696, time: 0.001, data: 0.001) , D_A: 0.467, G_A: 0.981, cycle_A: 0.157, D_B: 0.658, G_B: 0.980, cycle_B: 0.102, gp: 0.657

[Rank 0] (epoch: 49, iters: 23296, time: 0.001, data: 0.001) , D_A: 0.477, G_A: 0.967, cycle_A: 0.152, D_B: 0.623, G_B: 0.974, cycle_B: 0.100, gp: 0.622

[Rank 0] (epoch: 49, iters: 24896, time: 0.001, data: 0.000) , D_A: 0.494, G_A: 0.980, cycle_A: 0.164, D_B: 0.608, G_B: 0.959, cycle_B: 0.110, gp: 0.607

[Rank 0] (epoch: 49, iters: 26496, time: 0.001, data: 0.001) , D_A: 0.485, G_A: 0.970, cycle_A: 0.171, D_B: 0.631, G_B: 0.977, cycle_B: 0.102, gp: 0.629

[Rank 0] (epoch: 49, iters: 28096, time: 0.001, data: 0.001) , D_A: 0.523, G_A: 0.984, cycle_A: 0.152, D_B: 0.615, G_B: 0.968, cycle_B: 0.112, gp: 0.613

[Rank 0] (epoch: 49, iters: 29696, time: 0.001, data: 0.001) , D_A: 0.399, G_A: 0.984, cycle_A: 0.162, D_B: 0.657, G_B: 0.954, cycle_B: 0.101, gp: 0.656

[Rank 0] (epoch: 49, iters: 31296, time: 0.001, data: 0.001) , D_A: 0.423, G_A: 0.989, cycle_A: 0.153, D_B: 0.699, G_B: 0.989, cycle_B: 0.108, gp: 0.697

[Rank 0] (epoch: 49, iters: 32896, time: 0.001, data: 0.001) , D_A: 0.446, G_A: 0.961, cycle_A: 0.187, D_B: 0.664, G_B: 0.998, cycle_B: 0.113, gp: 0.662

[Rank 0] (epoch: 49, iters: 34496, time: 0.001, data: 0.001) , D_A: 0.450, G_A: 0.959, cycle_A: 0.166, D_B: 0.551, G_B: 0.953, cycle_B: 0.098, gp: 0.548

[Rank 0] (epoch: 49, iters: 36096, time: 0.001, data: 0.001) , D_A: 0.517, G_A: 0.992, cycle_A: 0.144, D_B: 0.708, G_B: 0.962, cycle_B: 0.112, gp: 0.706

[Rank 0] (epoch: 49, iters: 37696, time: 0.001, data: 0.001) , D_A: 0.532, G_A: 0.982, cycle_A: 0.164, D_B: 0.654, G_B: 0.984, cycle_B: 0.096, gp: 0.653

[Rank 0] (epoch: 49, iters: 39296, time: 0.001, data: 0.001) , D_A: 0.484, G_A: 0.961, cycle_A: 0.165, D_B: 0.746, G_B: 0.979, cycle_B: 0.107, gp: 0.745

learning rate 0.0000364 -> 0.0000182
temperature tau = 0.1000
End of epoch 49 / 50 	 Time Taken: 33 sec
[Rank 0] (epoch: 50, iters: 448, time: 0.001, data: 0.001) , D_A: 0.520, G_A: 0.959, cycle_A: 0.163, D_B: 0.667, G_B: 0.986, cycle_B: 0.098, gp: 0.665

[Rank 0] (epoch: 50, iters: 2048, time: 0.001, data: 0.001) , D_A: 0.484, G_A: 0.966, cycle_A: 0.151, D_B: 0.709, G_B: 0.970, cycle_B: 0.109, gp: 0.706

[Rank 0] (epoch: 50, iters: 3648, time: 0.001, data: 0.001) , D_A: 0.482, G_A: 0.958, cycle_A: 0.179, D_B: 0.667, G_B: 0.958, cycle_B: 0.111, gp: 0.665

[Rank 0] (epoch: 50, iters: 5248, time: 0.001, data: 0.001) , D_A: 0.537, G_A: 0.988, cycle_A: 0.158, D_B: 0.645, G_B: 0.967, cycle_B: 0.105, gp: 0.643

[Rank 0] (epoch: 50, iters: 6848, time: 0.001, data: 0.001) , D_A: 0.571, G_A: 0.955, cycle_A: 0.156, D_B: 0.660, G_B: 0.972, cycle_B: 0.104, gp: 0.658

[Rank 0] (epoch: 50, iters: 8448, time: 0.001, data: 0.001) , D_A: 0.481, G_A: 0.964, cycle_A: 0.156, D_B: 0.692, G_B: 0.981, cycle_B: 0.105, gp: 0.690

[Rank 0] (epoch: 50, iters: 10048, time: 0.001, data: 0.001) , D_A: 0.425, G_A: 0.957, cycle_A: 0.161, D_B: 0.630, G_B: 0.957, cycle_B: 0.108, gp: 0.627

[Rank 0] (epoch: 50, iters: 11648, time: 0.001, data: 0.001) , D_A: 0.453, G_A: 0.969, cycle_A: 0.155, D_B: 0.682, G_B: 0.988, cycle_B: 0.109, gp: 0.680

[Rank 0] (epoch: 50, iters: 13248, time: 0.001, data: 0.001) , D_A: 0.497, G_A: 0.966, cycle_A: 0.165, D_B: 0.717, G_B: 0.986, cycle_B: 0.108, gp: 0.714

[Rank 0] (epoch: 50, iters: 14848, time: 0.001, data: 0.001) , D_A: 0.354, G_A: 0.975, cycle_A: 0.159, D_B: 0.656, G_B: 0.980, cycle_B: 0.103, gp: 0.654

[Rank 0] (epoch: 50, iters: 16448, time: 0.001, data: 0.001) , D_A: 0.476, G_A: 0.982, cycle_A: 0.157, D_B: 0.703, G_B: 0.947, cycle_B: 0.107, gp: 0.700

--- iter tau=0.1000 ---
  cipher in : ast encrusted within a sphere of marbleized pink skin stared unf
  decrypted : exts r luxt isnotaorsesxpa l sbysvelh  og ispormsxmorsxtel isury
  real plain: rt a mental image subconsciously impressing us from beneath its 
  cipher in : ow about that much said mr skyros and you know angelo pretty he 
  decrypted : bnsehbutstaetsvu asxeoisvlsxmglbxserisgbusmrbnserd  bspl ttgsa s
  real plain:  miss packard in washington turned her attention to spelman here
[Rank 0] (epoch: 50, iters: 18048, time: 0.001, data: 0.001) , D_A: 0.443, G_A: 0.969, cycle_A: 0.160, D_B: 0.700, G_B: 0.983, cycle_B: 0.102, gp: 0.698

saving the latest model (epoch 50, total_iters 2000000)
[Rank 0] (epoch: 50, iters: 19648, time: 0.001, data: 0.001) , D_A: 0.529, G_A: 0.982, cycle_A: 0.148, D_B: 0.671, G_B: 0.994, cycle_B: 0.099, gp: 0.669

[Rank 0] (epoch: 50, iters: 21248, time: 0.001, data: 0.001) , D_A: 0.523, G_A: 0.956, cycle_A: 0.162, D_B: 0.686, G_B: 0.965, cycle_B: 0.113, gp: 0.684

[Rank 0] (epoch: 50, iters: 22848, time: 0.001, data: 0.001) , D_A: 0.578, G_A: 0.972, cycle_A: 0.154, D_B: 0.728, G_B: 0.988, cycle_B: 0.108, gp: 0.727

[Rank 0] (epoch: 50, iters: 24448, time: 0.001, data: 0.001) , D_A: 0.478, G_A: 0.963, cycle_A: 0.157, D_B: 0.679, G_B: 0.978, cycle_B: 0.107, gp: 0.678

[Rank 0] (epoch: 50, iters: 26048, time: 0.001, data: 0.001) , D_A: 0.425, G_A: 0.972, cycle_A: 0.174, D_B: 0.657, G_B: 0.980, cycle_B: 0.095, gp: 0.655

[Rank 0] (epoch: 50, iters: 27648, time: 0.001, data: 0.001) , D_A: 0.522, G_A: 0.933, cycle_A: 0.171, D_B: 0.653, G_B: 0.954, cycle_B: 0.108, gp: 0.651

[Rank 0] (epoch: 50, iters: 29248, time: 0.001, data: 0.001) , D_A: 0.478, G_A: 0.958, cycle_A: 0.162, D_B: 0.750, G_B: 0.932, cycle_B: 0.101, gp: 0.748

[Rank 0] (epoch: 50, iters: 30848, time: 0.001, data: 0.001) , D_A: 0.464, G_A: 0.977, cycle_A: 0.153, D_B: 0.707, G_B: 0.943, cycle_B: 0.108, gp: 0.705

[Rank 0] (epoch: 50, iters: 32448, time: 0.001, data: 0.001) , D_A: 0.473, G_A: 0.976, cycle_A: 0.169, D_B: 0.716, G_B: 0.979, cycle_B: 0.111, gp: 0.714

[Rank 0] (epoch: 50, iters: 34048, time: 0.001, data: 0.001) , D_A: 0.448, G_A: 0.961, cycle_A: 0.170, D_B: 0.700, G_B: 0.954, cycle_B: 0.101, gp: 0.697

[Rank 0] (epoch: 50, iters: 35648, time: 0.001, data: 0.001) , D_A: 0.473, G_A: 0.957, cycle_A: 0.167, D_B: 0.701, G_B: 0.975, cycle_B: 0.099, gp: 0.699

[Rank 0] (epoch: 50, iters: 37248, time: 0.001, data: 0.001) , D_A: 0.430, G_A: 0.974, cycle_A: 0.173, D_B: 0.620, G_B: 0.978, cycle_B: 0.107, gp: 0.618

[Rank 0] (epoch: 50, iters: 38848, time: 0.001, data: 0.001) , D_A: 0.506, G_A: 0.954, cycle_A: 0.165, D_B: 0.699, G_B: 0.984, cycle_B: 0.107, gp: 0.697

[Rank 0] (epoch: 50, iters: 40448, time: 0.001, data: 0.001) , D_A: 0.484, G_A: 0.969, cycle_A: 0.162, D_B: 0.670, G_B: 0.968, cycle_B: 0.102, gp: 0.668

learning rate 0.0000182 -> 0.0000000
temperature tau = 0.1000
saving the model at the end of epoch 50, iters 2022400
End of epoch 50 / 50 	 Time Taken: 34 sec
----------------- Options ---------------
             aspect_ratio: 1.0                           
               batch_size: 64                            
          checkpoints_dir: ./checkpoints                 
                crop_size: 256                           
                 dataroot: .                             	[default: None]
             dataset_mode: cipher                        
                direction: AtoB                          
               display_id: 0                             
          display_winsize: 256                           
                embed_dim: 256                           	[default: 64]
                    epoch: latest                        
                     eval: False                         
                 gan_mode: lsgan                         
                   gumbel: False                         
                init_gain: 0.02                          
                init_type: normal                        
                 input_nc: 3                             
                  isTrain: False                         	[default: None]
                     kw_D: 15                            	[default: 4]
                 lambda_A: 10.0                          
                 lambda_B: 10.0                          
                lambda_gp: 10.0                          
          lambda_identity: 0.0                           
                load_iter: 0                             	[default: 0]
                load_size: 256                           
                       lr: 0.0002                        
         matched_softness: True                          	[default: False]
         max_dataset_size: inf                           
                    model: cipher_cycle_gan              	[default: test]
               n_blocks_G: 5                             	[default: 4]
                 n_critic: 1                             
               n_layers_D: 5                             	[default: 3]
                     name: identity_s9_gp1               	[default: experiment_name]
                      ndf: 32                            	[default: 128]
                     netD: seq                           
                     netG: seq                           
                      ngf: 128                           
               no_dropout: True                          
                  no_flip: True                          
                     norm: layer                         	[default: instance]
                 npz_path: data/identity/dataset.npz     	[default: None]
                 num_test: 50                            
              num_threads: 4                             
                output_nc: 3                             
                pair_seed: 0                             
                    phase: test                          
              pointwise_G: True                          	[default: False]
               preprocess: none                          
         real_logit_scale: 5.0                           
              results_dir: ./results/                    
           serial_batches: False                         
         straight_through: True                          	[default: False]
                   suffix:                               
                  tau_end: 0.1                           
                tau_start: 1.0                           
                   use_gp: False                         
                use_wandb: False                         
                  verbose: False                         
               vocab_size: -1                            
       wandb_project_name: CycleGAN-and-pix2pix          
----------------- End -------------------
[cipher] eval: A(cipher)=(8986, 64) B(plain)=(8986, 64) vocab=28 cipher=identity paired=True
dataset [CipherDataset] was created
Initialized with device cuda:0
initialize network with normal
Initialized with device cuda:0
initialize network with normal
model [CipherCycleGANModel] was created
Initialized with device cuda:0
initialize network with normal
loading the model from checkpoints/identity_s9_gp1/latest_net_G_A.pth
Initialized with device cuda:0
initialize network with normal
loading the model from checkpoints/identity_s9_gp1/latest_net_G_B.pth
---------- Networks initialized -------------
[Network G_A] Total number of parameters : 0.212 M
[Network G_B] Total number of parameters : 0.212 M
-----------------------------------------------

==============================================================
cipher              identity (key=0)
samples             8986 x 64
character accuracy  0.1160   (chance ~0.0370)
character error     0.8840
key recovery        0.1481   (coverage 1.000)
==============================================================
cipher in : olved upon second thought we were forced to realize that we have
decrypted : b w isupbrsx  bristabudatsn sn l sybl  istbsl e og staetsn saew 
truth     : olved upon second thought we were forced to realize that we have

wrote ./checkpoints/identity_s9_gp1/eval_metrics.json
wrote ./checkpoints/identity_s9_gp1/curves_identity_s9_gp1.png

loss             first      last       min       max
D_A              0.861     0.484     0.058     1.216
G_A              0.069     0.969     0.050     2.697
cycle_A          1.208     0.162     0.144     4.003
D_B              0.683     0.670     0.040     1.059
G_B              1.278     0.968     0.022     1.665
cycle_B          1.189     0.102     0.095     2.581
gp               0.364     0.668     0.038     0.995

D_A over the final window: 0.473
  -> neither collapsed nor at equilibrium; inspect the shape.
